dvfs_mode,state,submission_time,start_time,finish_time,nodes,job_id,terminated
base,active,0.0,0.0,132.0,0 1 2 3,34036.0,False
base,active,,0.0,256.0,4,-1.0,
base,active,,0.0,297.0,5 6 7 8,-1.0,
base,active,,0.0,328.0,9,-1.0,
base,active,,0.0,455.0,10,-1.0,
base,active,,0.0,490.0,11 12 13 14 15 16 17 18 19 20 21 22 23 24 25 26,-1.0,
base,active,,0.0,494.0,27 28 29 30 31 32 33 34 35 36 37 38 39 40 41 42 43 44 45 46 47 48 49 50 51 52 53 54 55 56 57 58,-1.0,
base,active,,0.0,576.0,59 60 61 62 63 64 65 66,-1.0,
base,active,,0.0,871.0,67 68 69 70 71 72 73 74,-1.0,
base,active,,0.0,1200.0,75 76 77 78 79 80 81 82 83 84 85 86 87 88 89 90 91 92 93 94 95 96 97 98 99 100 101 102 103 104 105 106 107 108 109 110 111 112 113 114 115 116 117 118 119 120 121 122 123 124 125 126 127,-1.0,
base,active,,132.0,1300.0,0 1 2 3,-1.0,
base,active,256.0,256.0,367.0,4,34039.0,False
base,active,297.0,297.0,321.0,5 6 7 8,34040.0,False
base,active,,321.0,1307.0,5,-1.0,
base,active,,321.0,1316.0,6 7 8,-1.0,
base,active,328.0,328.0,337.0,9,34041.0,False
base,active,,337.0,1316.0,9,-1.0,
base,active,,367.0,1316.0,4,-1.0,
base,active,455.0,455.0,571.0,10,34042.0,False
base,active,490.0,490.0,1611.0,11 12 13 14 15 16 17 18 19 20 21 22 23 24 25 26,34043.0,False
base,active,494.0,494.0,1249.0,27 28 29 30 31 32 33 34 35 36 37 38 39 40 41 42 43 44 45 46 47 48 49 50 51 52 53 54 55 56 57 58,34044.0,False
base,active,,571.0,1316.0,10,-1.0,
base,active,576.0,576.0,729.0,59 60 61 62 63 64 65 66,34045.0,False
base,active,,729.0,1316.0,59 60 61 62 63 64 65 66,-1.0,
base,active,871.0,871.0,1016.0,67 68 69 70 71 72 73 74,34047.0,False
base,active,,1016.0,1316.0,67 68,-1.0,
base,active,,1016.0,1326.0,69,-1.0,
base,active,,1016.0,1343.0,70 71,-1.0,
base,active,,1016.0,1535.0,72 73 74,-1.0,
base,switching_off,,1200.0,3000.0,75 76 77 78 79 80 81 82 83 84 85 86 87 88 89 90 91 92 93 94 95 96 97 98 99 100 101 102 103 104 105 106 107 108 109 110 111 112 113 114 115 116 117 118 119 120 121 122 123 124 125 126 127,-2.0,
base,active,,1249.0,1535.0,27 28 29 30 31 32 33 34 35 36 37 38 39 40 41 42 43 44 45 46 47 48 49 50 51 52 53 54 55,-1.0,
base,active,,1249.0,1651.0,56 57 58,-1.0,
base,active,1300.0,1300.0,1500.0,0 1 2 3,34048.0,False
base,active,1307.0,1307.0,1375.0,5,34049.0,False
base,active,1316.0,1316.0,1506.0,4 6 7 8 9 10 59 60 61 62 63 64 65 66 67 68,34050.0,False
base,active,1326.0,1326.0,1360.0,69,34051.0,False
base,active,1343.0,1343.0,1681.0,70 71,34052.0,False
base,active,,1360.0,1651.0,69,-1.0,
base,active,,1375.0,1651.0,5,-1.0,
base,active,,1500.0,1651.0,0 1 2 3,-1.0,
base,active,,1506.0,1651.0,4 6 7 8 9 10 59 60 61 62 63 64 65 66 67 68,-1.0,
base,active,1535.0,1535.0,1875.0,27 28 29 30 31 32 33 34 35 36 37 38 39 40 41 42 43 44 45 46 47 48 49 50 51 52 53 54 55 72 73 74,34056.0,False
base,active,,1611.0,1651.0,11 12 13 14 15 16 17,-1.0,
base,active,,1611.0,1795.0,18 19 20 21,-1.0,
base,active,,1611.0,1817.0,22 23,-1.0,
base,active,,1611.0,1906.0,24 25 26,-1.0,
base,active,1651.0,1651.0,5104.0,0 1 2 3 4 5 6 7 8 9 10 11 12 13 14 15 16 17 56 57 58 59 60 61 62 63 64 65 66 67 68 69,34058.0,False
base,active,,1681.0,1906.0,70,-1.0,
base,active,,1681.0,1924.0,71,-1.0,
base,active,1795.0,1795.0,1833.0,18 19 20 21,34060.0,False
base,active,1817.0,1817.0,1845.0,22 23,34061.0,False
base,active,,1833.0,1924.0,18 19 20 21,-1.0,
base,active,,1845.0,1924.0,22 23,-1.0,
base,active,,1875.0,1924.0,27 28 29 30 31 32 33 34 35 36 37 38 39 40 41 42 43 44 45 46 47 48 49 50 51,-1.0,
base,active,,1875.0,1927.0,52 53,-1.0,
base,active,,1875.0,2030.0,54,-1.0,
base,active,,1875.0,2349.0,55,-1.0,
base,active,,1875.0,2800.0,72 73 74,-1.0,
base,active,1906.0,1906.0,2934.0,24 25 26 70,34062.0,False
base,active,1924.0,1924.0,2316.0,18 19 20 21 22 23 27 28 29 30 31 32 33 34 35 36 37 38 39 40 41 42 43 44 45 46 47 48 49 50 51 71,34063.0,False
base,active,1927.0,1927.0,2938.0,52 53,34064.0,False
base,active,2030.0,2030.0,2184.0,54,34065.0,False
base,active,,2184.0,2800.0,54,-1.0,
base,active,,2316.0,2800.0,18 19 20 21 22 23 27 28 29 30 31 32 33 34 35 36 37 38 39 40 41 42 43 44 45 46 47 48,-1.0,
base,active,,2316.0,2934.0,49 50 51 71,-1.0,
base,active,2349.0,2349.0,2426.0,55,34070.0,False
base,active,,2426.0,2934.0,55,-1.0,
base,active,2800.0,2800.0,5107.0,18 19 20 21 22 23 27 28 29 30 31 32 33 34 35 36 37 38 39 40 41 42 43 44 45 46 47 48 54 72 73 74,34072.0,False
base,active,,2934.0,3000.0,70,-1.0,
base,active,2846.0,2934.0,5201.0,24 25 26 49 50 51 55 71,34073.0,False
base,active,,2938.0,4138.0,52 53,-1.0,
base,active,2953.0,3000.0,3019.0,70,34075.0,False
base,sleeping,,3000.0,5104.0,107 108 109 110 111 112 113 114 115 116 117 118 119 120 121 122,-4.0,
base,sleeping,,3000.0,5107.0,123 124,-4.0,
base,sleeping,,3000.0,5193.0,125 126 127,-4.0,
base,switching_on,,3000.0,5700.0,75 76 77 78 79 80 81 82 83 84 85 86 87 88 89 90 91 92 93 94 95 96 97 98 99 100 101 102 103 104 105 106,-3.0,
base,active,,3019.0,4219.0,70,-1.0,
base,switching_off,,4138.0,5938.0,52 53,-2.0,
base,switching_off,,4219.0,6019.0,70,-2.0,
base,active,3239.0,5104.0,5812.0,0 1 2 3 4 5 6 7 8 9 10 11 12 13 14 15 16 17 56 57 58 59 60 61 62 63 64 65 66 67 68 69,34078.0,False
base,switching_on,,5104.0,7804.0,107 108 109 110 111 112 113 114 115 116 117 118 119 120 121 122,-3.0,
base,active,3968.0,5107.0,5193.0,37 38 39 40 41 42 43 44 45 46 47 48 54 72 73 74,34086.0,False
base,active,3267.0,5107.0,6233.0,18 19 20 21 22 23 27 28 29 30 31 32 33 34 35 36,34080.0,False
base,switching_on,,5107.0,7807.0,123 124,-3.0,
base,active,5175.0,5193.0,5271.0,38 39 40 41 42 43 44 45,34104.0,False
base,active,,5193.0,5274.0,46 47 48 54 72 73 74,-1.0,
base,active,,5193.0,7893.0,37,-1.0,
base,switching_on,,5193.0,7893.0,125 126 127,-3.0,
base,active,,5201.0,5274.0,24,-1.0,
base,active,,5201.0,5450.0,25 26 49 50 51 55 71,-1.0,
base,active,,5271.0,5450.0,38,-1.0,
base,active,,5271.0,5587.0,39 40 41 42 43 44 45,-1.0,
base,active,5274.0,5274.0,5350.0,24 46 47 48 54 72 73 74,34105.0,False
base,active,,5350.0,5587.0,24,-1.0,
base,active,,5350.0,5731.0,46 47 48 54 72 73 74,-1.0,
base,active,5450.0,5450.0,5519.0,25 26 38 49 50 51 55 71,34106.0,False
base,active,,5519.0,5731.0,25,-1.0,
base,active,,5519.0,5812.0,26 38 49 50 51 55 71,-1.0,
base,active,5587.0,5587.0,5629.0,24 39 40 41 42 43 44 45,34109.0,False
base,active,,5629.0,5812.0,24 39 40 41 42 43 44 45,-1.0,
base,active,2889.0,5700.0,5979.0,75 76 77 78 79 80 81 82 83 84 85 86 87 88 89 90 91 92 93 94 95 96 97 98 99 100 101 102 103 104 105 106,34074.0,False
base,active,5731.0,5731.0,5818.0,25 46 47 48 54 72 73 74,34111.0,False
base,active,,5812.0,5979.0,17 56 57 58 59 60 61 62 63 64 65 66 67 68 69,-1.0,
base,active,4161.0,5812.0,6688.0,0 1 2 3 4 5 6 7 8 9 10 11 12 13 14 15 16 24 26 38 39 40 41 42 43 44 45 49 50 51 55 71,34089.0,False
base,active,,5818.0,5979.0,25 46 47 48 54 72 73 74,-1.0,
base,sleeping,,5938.0,6193.0,52 53,-4.0,
base,active,5044.0,5979.0,6205.0,17 25 46 47 48 54 56 57 58 59 60 61 62 63 64 65 66 67 68 69 72 73 74 75 76 77 78 79 80 81 82 83,34101.0,False
base,active,,5979.0,6205.0,85 86 87 88 89 90 91 92 93 94 95 96 97 98 99 100 101 102 103 104 105 106,-1.0,
base,active,,5979.0,8893.0,84,-1.0,
base,sleeping,,6019.0,6193.0,70,-4.0,
base,switching_on,,6193.0,8893.0,52 53 70,-3.0,
base,active,,6205.0,6233.0,60 61 62 63 64 65 66 67 68 69 72 73 74 75 76 77 78 79 80 81 82 83,-1.0,
base,active,5114.0,6205.0,9742.0,17 25 46 47 48 54 56 57 58 59 85 86 87 88 89 90 91 92 93 94 95 96 97 98 99 100 101 102 103 104 105 106,34103.0,False
base,active,5815.0,6233.0,6459.0,18 19 20 21 22 23 27 28 29 30 60 61 62 63 64 65 66 67 68 69 72 73 74 75 76 77 78 79 80 81 82 83,34112.0,False
base,active,,6233.0,6675.0,31 32 33 34 35 36,-1.0,
base,active,,6459.0,6675.0,18 19 20 21 22 23 27 28 29 30 60 61 62 63 64 65 66 67 68 69 72 73 74 75 76 77,-1.0,
base,active,,6459.0,6928.0,78 79 80 81 82 83,-1.0,
base,active,6675.0,6675.0,6791.0,18 19 20 21 22 23 27 28 29 30 31 32 33 34 35 36 60 61 62 63 64 65 66 67 68 69 72 73 74 75 76 77,34121.0,False
base,active,,6688.0,6928.0,0 1,-1.0,
base,active,,6688.0,6935.0,2 3 4 5 6 7 8 9 10 11 12 13 14 15 16 24 26 38 39 40 41 42 43 44 45 49 50 51 55 71,-1.0,
base,active,,6791.0,6935.0,18 19,-1.0,
base,active,,6791.0,7007.0,20 21 22 23 27 28 29 30,-1.0,
base,active,,6791.0,7067.0,31 32 33 34 35 36 60 61,-1.0,
base,active,,6791.0,7196.0,62 63 64 65 66 67 68 69 72 73 74 75 76 77,-1.0,
base,active,6928.0,6928.0,7014.0,0 1 78 79 80 81 82 83,34123.0,False
base,active,6935.0,6935.0,7217.0,2 3 4 5 6 7 8 9 10 11 12 13 14 15 16 18 19 24 26 38 39 40 41 42 43 44 45 49 50 51 55 71,34124.0,False
base,active,7007.0,7007.0,7099.0,20 21 22 23 27 28 29 30,34125.0,False
base,active,,7014.0,7196.0,0 1 78 79 80 81 82 83,-1.0,
base,active,7067.0,7067.0,7196.0,31 32 33 34 35 36 60 61,34127.0,False
base,active,,7099.0,7196.0,20 21 22 23 27 28 29 30,-1.0,
base,active,,7196.0,7217.0,33 34 35 36 60 61,-1.0,
base,active,7125.0,7196.0,18203.0,0 1 20 21 22 23 27 28 29 30 31 32 62 63 64 65 66 67 68 69 72 73 74 75 76 77 78 79 80 81 82 83,34128.0,False
base,active,,7217.0,7224.0,12 13 14 15 16 18 19 24,-1.0,
base,active,,7217.0,7267.0,26 38 39 40 41 42 43 44,-1.0,
base,active,7161.0,7217.0,7290.0,2 3 33 34 35 36 60 61,34130.0,False
base,active,,7217.0,7385.0,45 49 50 51 55 71,-1.0,
base,active,7168.0,7217.0,18184.0,4 5 6 7 8 9 10 11,34131.0,False
base,active,7224.0,7224.0,7321.0,12 13 14 15 16 18 19 24,34132.0,False
base,active,7267.0,7267.0,7326.0,26 38 39 40 41 42 43 44,34133.0,False
base,active,,7290.0,7385.0,2 3,-1.0,
base,active,,7290.0,7388.0,33 34 35 36 60 61,-1.0,
base,active,,7321.0,7388.0,12 13,-1.0,
base,active,,7321.0,7451.0,14 15 16 18 19 24,-1.0,
base,active,,7326.0,7451.0,26 38,-1.0,
base,active,,7326.0,7556.0,39 40 41 42 43 44,-1.0,
base,active,7385.0,7385.0,7475.0,2 3 45 49 50 51 55 71,34135.0,False
base,active,7388.0,7388.0,7404.0,12 13 33 34 35 36 60 61,34136.0,False
base,active,,7404.0,7556.0,12 13,-1.0,
base,active,,7404.0,7558.0,33 34 35 36 60 61,-1.0,
base,active,7451.0,7451.0,7503.0,14 15 16 18 19 24 26 38,34137.0,False
base,active,,7475.0,7558.0,2 3,-1.0,
base,active,,7475.0,7698.0,45 49 50 51 55 71,-1.0,
base,active,,7503.0,7698.0,14 15,-1.0,
base,active,,7503.0,7822.0,16,-1.0,
base,active,,7503.0,7892.0,18,-1.0,
base,active,,7503.0,7923.0,19 24 26 38,-1.0,
base,active,7556.0,7556.0,7664.0,12 13 39 40 41 42 43 44,34138.0,False
base,active,7558.0,7558.0,7619.0,2 3 33 34 35 36 60 61,34139.0,False
base,active,,7619.0,7945.0,2 3,-1.0,
base,active,,7619.0,8010.0,33,-1.0,
base,active,,7619.0,8466.0,34 35 36 60 61,-1.0,
base,active,,7664.0,8466.0,12 13 39,-1.0,
base,active,,7664.0,8772.0,40 41 42 43,-1.0,
base,active,,7664.0,8795.0,44,-1.0,
base,active,7698.0,7698.0,7797.0,14 15 45 49 50 51 55 71,34141.0,False
base,active,,7797.0,8795.0,14,-1.0,
base,active,,7797.0,8831.0,15 45 49 50,-1.0,
base,active,,7797.0,8852.0,51 55,-1.0,
base,active,,7797.0,8997.0,71,-1.0,
base,active,3252.0,7804.0,7812.0,107 108 109 110 111 112 113 114 115 116 117 118 119 120 121 122,34079.0,False
base,active,4150.0,7807.0,7832.0,123 124,34088.0,False
base,active,,7812.0,9003.0,107 108,-1.0,
base,active,,7812.0,9012.0,109 110 111 112 113 114 115 116 117 118 119 120 121 122,-1.0,
base,active,7822.0,7822.0,7877.0,16,34144.0,False
base,active,,7832.0,9032.0,123 124,-1.0,
base,active,,7877.0,9047.0,16,-1.0,
base,active,7892.0,7892.0,7917.0,18,34146.0,False
base,active,4297.0,7893.0,7934.0,37 125 126 127,34092.0,False
base,active,,7917.0,9047.0,18,-1.0,
base,active,7923.0,7923.0,8045.0,19 24 26 38,34148.0,False
base,active,,7934.0,9047.0,37 125,-1.0,
base,active,,7934.0,9098.0,126 127,-1.0,
base,active,7945.0,7945.0,8047.0,2 3,34149.0,False
base,active,8010.0,8010.0,8013.0,33,34151.0,False
base,active,,8013.0,9098.0,33,-1.0,
base,active,,8045.0,9098.0,19,-1.0,
base,active,,8045.0,9121.0,24 26,-1.0,
base,active,,8045.0,9137.0,38,-1.0,
base,active,,8047.0,9137.0,2 3,-1.0,
base,active,8466.0,8466.0,8549.0,12 13 34 35 36 39 60 61,34154.0,False
base,active,,8549.0,9137.0,12 13 34 35 36,-1.0,
base,active,,8549.0,9196.0,39 60,-1.0,
base,active,,8549.0,9208.0,61,-1.0,
base,active,8772.0,8772.0,8811.0,40 41 42 43,34158.0,False
base,active,8795.0,8795.0,8811.0,14 44,34159.0,False
base,active,,8811.0,9208.0,14 40 41,-1.0,
base,active,,8811.0,9233.0,42 43,-1.0,
base,active,,8811.0,9240.0,44,-1.0,
base,active,8831.0,8831.0,8928.0,15 45 49 50,34160.0,False
base,active,8852.0,8852.0,8928.0,51 55,34161.0,False
base,active,6193.0,8893.0,8938.0,52 53 70 84,34115.0,False
base,active,,8928.0,9240.0,15 45 49 50 51 55,-1.0,
base,active,,8938.0,9240.0,52,-1.0,
base,active,,8938.0,9381.0,53 70 84,-1.0,
base,switching_off,,8997.0,10797.0,71,-2.0,
base,active,9003.0,9003.0,9023.0,107 108,34163.0,False
base,switching_off,,9012.0,10812.0,109 110 111 112 113 114 115 116 117 118 119 120 121 122,-2.0,
base,active,,9023.0,9381.0,107 108,-1.0,
base,switching_off,,9032.0,10832.0,123 124,-2.0,
base,active,9047.0,9047.0,9085.0,16 18 37 125,34164.0,False
base,active,,9085.0,9381.0,16 18 37,-1.0,
base,active,,9085.0,9451.0,125,-1.0,
base,active,9098.0,9098.0,9144.0,19 33 126 127,34166.0,False
base,active,9121.0,9121.0,9144.0,24 26,34168.0,False
base,active,9137.0,9137.0,9182.0,2 3 12 13 34 35 36 38,34169.0,False
base,active,,9144.0,9451.0,19 24 26 33 126 127,-1.0,
base,active,,9182.0,9451.0,2,-1.0,
base,active,,9182.0,9541.0,3,-1.0,
base,active,,9182.0,9565.0,12 13 34 35 36 38,-1.0,
base,active,9196.0,9196.0,9265.0,39 60,34172.0,False
base,active,9208.0,9208.0,9581.0,14 40 41 61,34173.0,False
base,active,9233.0,9233.0,9588.0,42 43,34174.0,False
base,active,9240.0,9240.0,9327.0,15 44 45 49 50 51 52 55,34175.0,False
base,active,,9265.0,9565.0,39 60,-1.0,
base,active,,9327.0,9569.0,15 44 45 49 50 51 52 55,-1.0,
base,active,9381.0,9381.0,9421.0,16 18 37 53 70 84 107 108,34177.0,False
base,active,,9421.0,9569.0,16 18 37 53 70 84 107 108,-1.0,
base,active,9451.0,9451.0,9530.0,2 19 24 26 33 125 126 127,34178.0,False
base,active,,9530.0,9572.0,2,-1.0,
base,active,,9530.0,9594.0,19 24 26 33,-1.0,
base,active,,9530.0,9632.0,125 126,-1.0,
base,active,,9530.0,9750.0,127,-1.0,
base,active,9541.0,9541.0,9545.0,3,34179.0,False
base,active,,9545.0,9750.0,3,-1.0,
base,active,9565.0,9565.0,9668.0,12 13 34 35 36 38 39 60,34180.0,False
base,active,9569.0,9569.0,9819.0,15 16 18 37 44 45 49 50 51 52 53 55 70 84 107 108,34181.0,False
base,active,9572.0,9572.0,9614.0,2,34182.0,False
base,active,,9581.0,9750.0,14 40,-1.0,
base,active,,9581.0,9758.0,41,-1.0,
base,active,,9581.0,9780.0,61,-1.0,
base,active,,9588.0,9780.0,42,-1.0,
base,active,,9588.0,9892.0,43,-1.0,
base,active,9594.0,9594.0,9636.0,19 24 26 33,34183.0,False
base,active,,9614.0,9892.0,2,-1.0,
base,active,9632.0,9632.0,9661.0,125 126,34185.0,False
base,active,,9636.0,9892.0,19 24 26 33,-1.0,
base,active,,9661.0,9892.0,125 126,-1.0,
base,active,,9668.0,9899.0,12 13 34 35 36 38 39 60,-1.0,
base,active,,9742.0,9899.0,17 25 46 47 48 54 56 57,-1.0,
base,active,,9742.0,10146.0,58 59 85 86 87 88 89 90,-1.0,
base,active,,9742.0,10175.0,91,-1.0,
base,active,,9742.0,10231.0,92,-1.0,
base,active,,9742.0,10265.0,93 94 95 96,-1.0,
base,active,,9742.0,10290.0,97 98,-1.0,
base,active,,9742.0,10369.0,99 100 101 102 103 104 105 106,-1.0,
base,active,9750.0,9750.0,9887.0,3 14 40 127,34188.0,False
base,active,9758.0,9758.0,9775.0,41,34189.0,False
base,active,,9775.0,10509.0,41,-1.0,
base,active,9780.0,9780.0,9897.0,42 61,34190.0,False
base,active,,9819.0,10509.0,15 16 18 37 44 45 49,-1.0,
base,active,,9819.0,10826.0,50 51 52 53,-1.0,
base,active,,9819.0,10847.0,55 70,-1.0,
base,active,,9819.0,11019.0,84 107 108,-1.0,
base,active,,9887.0,11028.0,3 14 40 127,-1.0,
base,active,9892.0,9892.0,9897.0,2 19 24 26 33 43 125 126,34192.0,False
base,active,,9897.0,11050.0,2 19,-1.0,
base,active,,9897.0,11097.0,24 26 33 42 43 61 125 126,-1.0,
base,active,9899.0,9899.0,9995.0,12 13 17 25 34 35 36 38 39 46 47 48 54 56 57 60,34193.0,False
base,active,,9995.0,11136.0,12 13 17 25 34 35 36 38,-1.0,
base,active,,9995.0,11195.0,39 46 47 48 54 56 57 60,-1.0,
base,active,10146.0,10146.0,10227.0,58 59 85 86 87 88 89 90,34195.0,False
base,active,10175.0,10175.0,10216.0,91,34196.0,False
base,active,,10216.0,11327.0,91,-1.0,
base,active,,10227.0,11327.0,58 59 85,-1.0,
base,active,,10227.0,11427.0,86 87 88 89 90,-1.0,
base,active,10231.0,10231.0,10255.0,92,34197.0,False
base,active,,10255.0,11441.0,92,-1.0,
base,active,10265.0,10265.0,10368.0,93 94 95 96,34198.0,False
base,active,10290.0,10290.0,10367.0,97 98,34200.0,False
base,active,,10367.0,11441.0,97,-1.0,
base,active,,10367.0,11479.0,98,-1.0,
base,active,,10368.0,11479.0,93 94 95,-1.0,
base,active,,10368.0,11536.0,96,-1.0,
base,active,10369.0,10369.0,10462.0,99 100 101 102 103 104 105 106,34202.0,False
base,active,,10462.0,11536.0,99 100 101 102 103 104 105,-1.0,
base,active,,10462.0,11598.0,106,-1.0,
base,active,10509.0,10509.0,10593.0,15 16 18 37 41 44 45 49,34205.0,False
base,active,,10593.0,11598.0,15 16 18 37 41 44 45 49,-1.0,
base,sleeping,,10797.0,12674.0,71,-4.0,
base,sleeping,,10812.0,12674.0,109 110 111 112 113 114 115 116 117 118 119 120 121 122,-4.0,
base,active,10826.0,10826.0,10951.0,50 51 52 53,34207.0,False
base,sleeping,,10832.0,12674.0,123 124,-4.0,
base,active,10847.0,10847.0,10951.0,55 70,34208.0,False
base,active,,10951.0,11598.0,50 51 52 53 55 70,-1.0,
base,switching_off,,11019.0,12819.0,84 107 108,-2.0,
base,active,11028.0,11028.0,12010.0,3 14 40 127,34211.0,False
base,active,11050.0,11050.0,12010.0,2 19,34213.0,False
base,switching_off,,11097.0,12897.0,24 26 33 42 43 61 125 126,-2.0,
base,active,11136.0,11136.0,11555.0,12 13 17 25 34 35 36 38,34215.0,False
base,switching_off,,11195.0,12995.0,39 46 47 48 54 56 57 60,-2.0,
base,active,11327.0,11327.0,11376.0,58 59 85 91,34217.0,False
base,active,,11376.0,11598.0,58,-1.0,
base,active,,11376.0,11692.0,59 85 91,-1.0,
base,switching_off,,11427.0,13227.0,86 87 88 89 90,-2.0,
base,active,11441.0,11441.0,11458.0,92 97,34218.0,False
base,active,,11458.0,11692.0,92 97,-1.0,
base,active,11479.0,11479.0,11516.0,93 94 95 98,34219.0,False
base,active,,11516.0,11692.0,93 94 95 98,-1.0,
base,active,11536.0,11536.0,11579.0,96 99 100 101 102 103 104 105,34220.0,False
base,active,,11555.0,11692.0,12 13 17 25 34 35 36 38,-1.0,
base,active,,11579.0,11692.0,96 99 100 101 102 103 104 105,-1.0,
base,active,11598.0,11598.0,11660.0,15 16 18 37 41 44 45 49 50 51 52 53 55 58 70 106,34222.0,False
base,active,,11660.0,11692.0,15 16 18 37 41 44 45,-1.0,
base,active,,11660.0,11842.0,49 50 51 52 53 55 58 70 106,-1.0,
base,active,11692.0,11692.0,11842.0,12 13 15 16 17 18 25 34 35 36 37 38 41 44 45 59 85 91 92 93 94 95 96 97 98 99 100 101 102 103 104 105,34224.0,False
base,active,,11842.0,11883.0,97 98 99 100,-1.0,
base,active,11739.0,11842.0,11965.0,12 13 15 16 17 18 25 34 35 36 37 38 41 44 45 49 50 51 52 53 55 58 59 70 85 91 92 93 94 95 96 106,34226.0,False
base,active,,11842.0,12110.0,101 102 103 104,-1.0,
base,active,,11842.0,12135.0,105,-1.0,
base,active,11883.0,11883.0,11938.0,97 98 99 100,34228.0,False
base,active,,11938.0,12135.0,97,-1.0,
base,active,,11938.0,12208.0,98 99 100,-1.0,
base,active,,11965.0,12208.0,12 13 15 16 17 18 25 34 35 36 37 38 41 44 45 49 50 51 52 53 55 58 59 70 85 91 92 93 94,-1.0,
base,active,,11965.0,15374.0,95 96 106,-1.0,
base,active,,12010.0,15374.0,2 3 14 19 40 127,-1.0,
base,active,12110.0,12110.0,12673.0,101 102 103 104,34230.0,False
base,active,12135.0,12135.0,12674.0,97 105,34231.0,False
base,active,12208.0,12208.0,12258.0,12 13 15 16 17 18 25 34 35 36 37 38 41 44 45 49 50 51 52 53 55 58 59 70 85 91 92 93 94 98 99 100,34232.0,False
base,active,,12258.0,15374.0,12 13 15 16 17 18 25 34 35 36 37 38 41 44 45 49 50 51 52 53 55 58 59 70 85 91 92 93 94 98 99 100,-1.0,
base,active,,12673.0,15374.0,101 102 103 104,-1.0,
base,active,,12674.0,15374.0,97 105,-1.0,
base,switching_on,,12674.0,15374.0,71 109 110 111 112 113 114 115 116 117 118 119 120 121 122 123 124,-3.0,
base,switching_on,,12819.0,15519.0,84,-3.0,
base,sleeping,,12819.0,15894.0,107,-4.0,
base,sleeping,,12819.0,15962.0,108,-4.0,
base,sleeping,,12897.0,12908.0,24,-4.0,
base,sleeping,,12897.0,12983.0,26,-4.0,
base,sleeping,,12897.0,13009.0,33 42 43,-4.0,
base,sleeping,,12897.0,13548.0,61,-4.0,
base,sleeping,,12897.0,16684.0,125 126,-4.0,
base,switching_on,,12908.0,15608.0,24,-3.0,
base,switching_on,,12983.0,15683.0,26,-3.0,
base,sleeping,,12995.0,13009.0,39,-4.0,
base,sleeping,,12995.0,13032.0,46 47,-4.0,
base,sleeping,,12995.0,13548.0,48 54 56 57 60,-4.0,
base,switching_on,,13009.0,15709.0,33 39 42 43,-3.0,
base,switching_on,,13032.0,15732.0,46 47,-3.0,
base,sleeping,,13227.0,13548.0,86 87,-4.0,
base,sleeping,,13227.0,15445.0,88 89,-4.0,
base,sleeping,,13227.0,15894.0,90,-4.0,
base,switching_on,,13548.0,16248.0,48 54 56 57 60 61 86 87,-3.0,
base,active,12277.0,15374.0,15432.0,2 3 12 13 14 15 16 17 18 19 25 34 35 36 37 38 40 41 44 45 49 50 51 52 53 55 58 59 70 71 85 91 92 93 94 95 96 97 98 99 100 101 102 103 104 105 106 109 110 111 112 113 114 115 116 117 118 119 120 121 122 123 124 127,34234.0,False
base,active,14639.0,15432.0,15437.0,49 50,34266.0,False
base,active,14687.0,15432.0,15492.0,51 52,34267.0,False
base,active,15273.0,15432.0,15493.0,100 101,34274.0,False
base,active,14392.0,15432.0,15531.0,44 45,34261.0,False
base,active,,15432.0,15596.0,110 111 112 113 114 115 116 117 118 119 120 121 122 123 124 127,-1.0,
base,active,14129.0,15432.0,15610.0,40 41,34257.0,False
base,active,,15432.0,15610.0,102 103 104 105 106 109,-1.0,
base,active,15235.0,15432.0,16378.0,53 55 58 59 70 71 85 91 92 93 94 95 96 97 98 99,34273.0,False
base,active,13947.0,15432.0,16645.0,2 3 12 13 14 15 16 17 18 19 25 34 35 36 37 38,34256.0,False
base,active,,15437.0,15610.0,49 50,-1.0,
base,switching_on,,15445.0,18145.0,88 89,-3.0,
base,active,,15492.0,15610.0,51 52,-1.0,
base,active,,15493.0,15610.0,100 101,-1.0,
base,active,12554.0,15519.0,15522.0,84,34239.0,False
base,active,,15522.0,15610.0,84,-1.0,
base,active,,15531.0,15610.0,44 45,-1.0,
base,active,15596.0,15596.0,15607.0,110 111 112 113 114 115 116 117 118 119 120 121 122 123 124 127,34282.0,False
base,active,,15607.0,15610.0,110 111 112 113 114 115 116 117 118 119 120 121 122 123 124 127,-1.0,
base,active,12908.0,15608.0,15665.0,24,34243.0,False
base,active,15528.0,15610.0,15617.0,41 44 45 49 50 51 52 84 100 101 102 103 104 105 106 109 110 111 112 113 114 115 116 117 118 119 120 121 122 123 124 127,34279.0,False
base,active,,15610.0,16645.0,40,-1.0,
base,active,15572.0,15617.0,15627.0,41 44 45 49 50 51 52 84 100 101 102 103 104 105 106 109 110 111 112 113 114 115 116 117 118 119 120 121 122 123 124 127,34280.0,False
base,active,,15627.0,15920.0,110 111 112 113 114 115 116 117 118 119 120 121 122 123 124 127,-1.0,
base,active,,15627.0,16645.0,41 44 45 49 50 51 52 84 100 101 102 103 104 105 106 109,-1.0,
base,active,,15665.0,16645.0,24,-1.0,
base,active,12983.0,15683.0,15701.0,26,34245.0,False
base,active,,15701.0,16645.0,26,-1.0,
base,active,13009.0,15709.0,16672.0,33 39 42 43,34246.0,False
base,active,13032.0,15732.0,16675.0,46 47,34248.0,False
base,switching_on,,15894.0,18594.0,90 107,-3.0,
base,active,15920.0,15920.0,15933.0,110 111 112 113 114 115 116 117 118 119 120 121 122 123 124 127,34288.0,False
base,active,,15933.0,16645.0,110 111 112 113 114 115 116 117 118 119 120 121 122 123 124 127,-1.0,
base,switching_on,,15962.0,18662.0,108,-3.0,
base,active,13548.0,16248.0,16632.0,48 54 56 57 60 61 86 87,34250.0,False
base,active,,16378.0,16645.0,53 55 58 59 70 71 85 91 92 93 94 95 96 97 98 99,-1.0,
base,active,,16632.0,16645.0,48 54 56 57 60 61 86 87,-1.0,
base,active,15281.0,16645.0,16670.0,2 3 12 13 14 24 26 40 41 44 45 48 49 50 51 52 53 54 55 56 57 58 59 60 61 70 71 84 85 86 87 91 92 93 94 95 96 97 98 99 100 101 102 103 104 105 106 109 110 111 112 113 114 115 116 117 118 119 120 121 122 123 124 127,34275.0,False
base,active,,16645.0,16670.0,15 16 17 18 19 25 34 35 36 37 38,-1.0,
base,active,15356.0,16670.0,16687.0,2 3 12 13 14 15 16 17 18 19 24 25 26 34 35 36 37 38 40 41 44 45 48 49 50 51 52 53 54 55 56 57 58 59 60 61 70 71 84 85 86 87 91 92 93 94 95 96 97 98 99 100 101 102 103 104 105 106 109 110 111 112 113 114,34276.0,False
base,active,,16670.0,16687.0,115 116 117 118 119 120 121 122 123 124 127,-1.0,
base,active,,16672.0,16687.0,33 39 42 43,-1.0,
base,active,,16675.0,16687.0,46 47,-1.0,
base,switching_on,,16684.0,19384.0,125 126,-3.0,
base,active,15500.0,16687.0,16699.0,2 3 12 13 14 15 16 17 18 19 24 25 26 33 34 35 36 37 38 39 40 41 42 43 44 45 46 47 48 49 50 51 52 53 54 55 56 57 58 59 60 61 70 71 84 85 86 87 91 92 93 94 95 115 116 117 118 119 120 121 122 123 124 127,34278.0,False
base,active,,16687.0,16699.0,96 97 98 99 100 101 102 103 104 105 106 109 110 111 112 113 114,-1.0,
base,active,15948.0,16699.0,16718.0,2 3 12 13 14 15 16 17 18 19 24 25 26 33 34 35 36 37 38 39 40 41 42 43 44 45 46 47 48 49 50 51 52 53 54 55 56 57 58 59 60 61 70 71 84 85 86 96 97 98 99 100 101 102 103 104 105 106 109 110 111 112 113 114,34289.0,False
base,active,,16699.0,16718.0,87 91 92 93 94 95 115 116 117 118 119 120 121 122 123 124 127,-1.0,
base,active,,16718.0,16798.0,35,-1.0,
base,active,,16718.0,16961.0,36 37 38 39 40 41 42 43 44 45 46 47 48 49 50 51 52 53 54 55 56 57 58 59 60 61 70 71 84 85 86 96,-1.0,
base,active,16626.0,16718.0,16970.0,2 3 12 13 14 15 16 17 18 19 24 25 26 33 34 87 91 92 93 94 95 115 116 117 118 119 120 121 122 123 124 127,34296.0,False
base,active,,16718.0,16985.0,97 98,-1.0,
base,active,,16718.0,17070.0,99 100 101 102 103 104 105 106 109 110 111 112 113 114,-1.0,
base,active,16798.0,16798.0,16828.0,35,34298.0,False
base,active,,16828.0,17070.0,35,-1.0,
base,active,16961.0,16961.0,17204.0,36 37 38 39 40 41 42 43 44 45 46 47 48 49 50 51 52 53 54 55 56 57 58 59 60 61 70 71 84 85 86 96,34302.0,False
base,active,,16970.0,17070.0,2,-1.0,
base,active,,16970.0,17083.0,3 12 13 14 15 16 17 18 19 24 25 26 33 34 87 91,-1.0,
base,active,,16970.0,17256.0,92 93 94 95 115 116 117 118 119 120 121 122 123 124 127,-1.0,
base,active,16985.0,16985.0,17160.0,97 98,34303.0,False
base,active,17070.0,17070.0,17124.0,2 35 99 100 101 102 103 104 105 106 109 110 111 112 113 114,34305.0,False
base,active,17083.0,17083.0,17240.0,3 12 13 14 15 16 17 18 19 24 25 26 33 34 87 91,34306.0,False
base,active,,17124.0,17256.0,2 35 99 100 101 102 103 104 105 106 109 110 111 112 113 114,-1.0,
base,active,,17160.0,17256.0,97,-1.0,
base,active,,17160.0,17276.0,98,-1.0,
base,active,,17204.0,17276.0,36 37 38 39 40 41 42 43 44 45 46 47 48 49 50,-1.0,
base,active,,17204.0,17538.0,51 52 53 54 55 56 57 58 59 60 61 70 71 84 85 86,-1.0,
base,active,,17204.0,17575.0,96,-1.0,
base,active,,17240.0,17575.0,3,-1.0,
base,active,,17240.0,17834.0,12 13,-1.0,
base,active,,17240.0,17972.0,14 15 16 17 18 19 24 25 26 33 34 87 91,-1.0,
base,active,17256.0,17256.0,20719.0,2 35 92 93 94 95 97 99 100 101 102 103 104 105 106 109 110 111 112 113 114 115 116 117 118 119 120 121 122 123 124 127,34308.0,False
base,active,17276.0,17276.0,17549.0,36 37 38 39 40 41 42 43 44 45 46 47 48 49 50 98,34309.0,False
base,active,17538.0,17538.0,18466.0,51 52 53 54 55 56 57 58 59 60 61 70 71 84 85 86,34311.0,False
base,active,,17549.0,17972.0,36 37 38,-1.0,
base,active,,17549.0,18115.0,39 40 41 42 43 44 45 46 47 48 49 50 98,-1.0,
base,active,17575.0,17575.0,17773.0,3 96,34313.0,False
base,active,,17773.0,18115.0,3 96,-1.0,
base,active,17834.0,17834.0,17893.0,12 13,34317.0,False
base,active,,17893.0,18115.0,12,-1.0,
base,active,,17893.0,18394.0,13,-1.0,
base,active,17972.0,17972.0,18272.0,14 15 16 17 18 19 24 25 26 33 34 36 37 38 87 91,34318.0,False
base,active,18115.0,18115.0,18302.0,3 12 39 40 41 42 43 44 45 46 47 48 49 50 96 98,34319.0,False
base,active,15445.0,18145.0,18206.0,88 89,34277.0,False
base,active,,18184.0,18394.0,4 5 6 7 8 9 10 11,-1.0,
base,active,,18203.0,18394.0,0 1 20 21 22 23 27 28 29 30 31 32 62 63 64 65 66 67 68 69 72 73 74,-1.0,
base,active,,18203.0,18542.0,75 76 77 78 79 80 81 82 83,-1.0,
base,active,,18206.0,18542.0,88 89,-1.0,
base,active,,18272.0,18542.0,14 15 16 17 18,-1.0,
base,active,,18272.0,18547.0,19 24 25 26 33 34 36 37 38 87 91,-1.0,
base,active,,18302.0,18547.0,3 12 39 40 41,-1.0,
base,active,,18302.0,18681.0,42 43 44 45 46 47 48 49 50 96 98,-1.0,
base,active,18394.0,18394.0,18588.0,0 1 4 5 6 7 8 9 10 11 13 20 21 22 23 27 28 29 30 31 32 62 63 64 65 66 67 68 69 72 73 74,34324.0,False
base,active,,18466.0,18681.0,51 52 53 54 55 56 57 58 59 60 61 70 71 84 85 86,-1.0,
base,active,18542.0,18542.0,18714.0,14 15 16 17 18 75 76 77 78 79 80 81 82 83 88 89,34326.0,False
base,active,18547.0,18547.0,19347.0,3 12 19 24 25 26 33 34 36 37 38 39 40 41 87 91,34327.0,False
base,active,,18588.0,18681.0,0 1 4 5 6,-1.0,
base,active,,18588.0,18736.0,7 8 9 10 11 13 20 21 22 23 27 28 29 30 31 32,-1.0,
base,active,,18588.0,18742.0,62 63 64 65 66 67 68 69,-1.0,
base,active,,18588.0,18846.0,72 73 74,-1.0,
base,active,15894.0,18594.0,18655.0,90 107,34287.0,False
base,active,,18655.0,18846.0,90 107,-1.0,
base,active,15962.0,18662.0,18680.0,108,34290.0,False
base,active,,18680.0,18846.0,108,-1.0,
base,active,18681.0,18681.0,18936.0,0 1 4 5 6 42 43 44 45 46 47 48 49 50 51 52 53 54 55 56 57 58 59 60 61 70 71 84 85 86 96 98,34328.0,False
base,active,,18714.0,18846.0,14 15 16 17 18 75 76 77 78 79,-1.0,
base,active,,18714.0,18872.0,80 81 82 83 88 89,-1.0,
base,active,18736.0,18736.0,19104.0,7 8 9 10 11 13 20 21 22 23 27 28 29 30 31 32,34329.0,False
base,active,18742.0,18742.0,18823.0,62 63 64 65 66 67 68 69,34330.0,False
base,active,,18823.0,18872.0,62 63 64 65 66 67 68 69,-1.0,
base,active,18846.0,18846.0,18866.0,14 15 16 17 18 72 73 74 75 76 77 78 79 90 107 108,34331.0,False
base,active,,18866.0,18872.0,14 15,-1.0,
base,active,,18866.0,18944.0,16,-1.0,
base,active,,18866.0,18950.0,17,-1.0,
base,active,,18866.0,19241.0,18,-1.0,
base,active,,18866.0,19252.0,72 73 74 75 76 77 78 79 90 107 108,-1.0,
base,active,18872.0,18872.0,19069.0,14 15 62 63 64 65 66 67 68 69 80 81 82 83 88 89,34332.0,False
base,active,,18936.0,19252.0,0 1 4 5 6 42 43 44 45 46 47 48 49 50 51 52 53 54 55 56 57,-1.0,
base,active,,18936.0,19293.0,58 59 60 61 70 71 84 85,-1.0,
base,active,,18936.0,19419.0,86,-1.0,
base,active,,18936.0,19530.0,96 98,-1.0,
base,active,18944.0,18944.0,18980.0,16,34334.0,False
base,active,18950.0,18950.0,18964.0,17,34335.0,False
base,active,,18964.0,19530.0,17,-1.0,
base,active,,18980.0,19530.0,16,-1.0,
base,active,,19069.0,19530.0,14 15 62 63 64 65 66 67 68 69 80 81,-1.0,
base,active,,19069.0,19578.0,82 83 88 89,-1.0,
base,active,,19104.0,19578.0,7 8 9 10 11 13 20 21 22 23 27 28,-1.0,
base,active,,19104.0,19657.0,29,-1.0,
base,active,,19104.0,19684.0,30,-1.0,
base,active,,19104.0,19766.0,31 32,-1.0,
base,active,19241.0,19241.0,19249.0,18,34340.0,False
base,active,,19249.0,19766.0,18,-1.0,
base,active,19252.0,19252.0,21008.0,0 1 4 5 6 42 43 44 45 46 47 48 49 50 51 52 53 54 55 56 57 72 73 74 75 76 77 78 79 90 107 108,34341.0,False
base,active,19293.0,19293.0,21008.0,58 59 60 61 70 71 84 85,34342.0,False
base,active,,19347.0,19766.0,3,-1.0,
base,active,,19347.0,19788.0,12 19,-1.0,
base,active,,19347.0,19802.0,24 25 26 33 34 36 37 38 39 40 41 87 91,-1.0,
base,active,16684.0,19384.0,19469.0,125 126,34297.0,False
base,active,19419.0,19419.0,19438.0,86,34343.0,False
base,active,,19438.0,19802.0,86,-1.0,
base,active,,19469.0,19802.0,125 126,-1.0,
base,active,19530.0,19530.0,19748.0,14 15 16 17 62 63 64 65 66 67 68 69 80 81 96 98,34345.0,False
base,active,19578.0,19578.0,19901.0,7 8 9 10 11 13 20 21 22 23 27 28 82 83 88 89,34346.0,False
base,active,19657.0,19657.0,19743.0,29,34348.0,False
base,active,19684.0,19684.0,19761.0,30,34349.0,False
base,active,,19743.0,19895.0,29,-1.0,
base,active,,19748.0,19895.0,14,-1.0,
base,active,,19748.0,19961.0,15 16 17 62 63 64 65 66,-1.0,
base,active,,19748.0,19996.0,67,-1.0,
base,active,,19748.0,20108.0,68 69 80 81 96 98,-1.0,
base,active,,19761.0,20108.0,30,-1.0,
base,active,19766.0,19766.0,21008.0,3 18 31 32,34352.0,False
base,active,19788.0,19788.0,21008.0,12 19,34353.0,False
base,active,19802.0,19802.0,20011.0,24 25 26 33 34 36 37 38 39 40 41 86 87 91 125 126,34354.0,False
base,active,19895.0,19895.0,19918.0,14 29,34356.0,False
base,active,,19901.0,20108.0,7,-1.0,
base,active,,19901.0,20128.0,8 9 10 11 13 20 21 22 23 27 28 82 83 88 89,-1.0,
base,active,,19918.0,20128.0,14 29,-1.0,
base,active,19961.0,19961.0,20005.0,15 16 17 62 63 64 65 66,34357.0,False
base,active,19996.0,19996.0,20017.0,67,34358.0,False
base,active,,20005.0,20128.0,15 16 17 62 63 64 65 66,-1.0,
base,active,,20011.0,20128.0,24 25 26 33 34 36 37,-1.0,
base,active,,20011.0,20174.0,38 39 40 41 86 87 91 125 126,-1.0,
base,active,,20017.0,20174.0,67,-1.0,
base,active,20108.0,20108.0,20151.0,7 30 68 69 80 81 96 98,34359.0,False
base,active,20128.0,20128.0,20335.0,8 9 10 11 13 14 15 16 17 20 21 22 23 24 25 26 27 28 29 33 34 36 37 62 63 64 65 66 82 83 88 89,34360.0,False
base,active,,20151.0,20174.0,7 30 68 69 80 81,-1.0,
base,active,,20151.0,20386.0,96 98,-1.0,
base,active,20174.0,20174.0,20240.0,7 30 38 39 40 41 67 68 69 80 81 86 87 91 125 126,34361.0,False
base,active,,20240.0,20386.0,7 30 38 39 40 41 67 68 69 80 81 86 87 91,-1.0,
base,active,,20240.0,20467.0,125 126,-1.0,
base,active,,20335.0,20467.0,8 9 10 11 13 14 15 16 17 20 21 22 23 24 25 26 27 28 29 33 34 36 37 62 63 64 65 66 82 83,-1.0,
base,active,,20335.0,20481.0,88 89,-1.0,
base,active,20386.0,20386.0,20452.0,7 30 38 39 40 41 67 68 69 80 81 86 87 91 96 98,34365.0,False
base,active,,20452.0,20556.0,7 30 38 39 40 41 67 68 69 80 81 86 87 91 96 98,-1.0,
base,active,20467.0,20467.0,20773.0,8 9 10 11 13 14 15 16 17 20 21 22 23 24 25 26 27 28 29 33 34 36 37 62 63 64 65 66 82 83 125 126,34367.0,False
base,active,20481.0,20481.0,20560.0,88 89,34368.0,False
base,active,20556.0,20556.0,20577.0,7 30 38 39 40 41 67 68 69 80 81 86 87 91 96 98,34370.0,False
base,active,,20560.0,20883.0,88 89,-1.0,
base,active,,20577.0,20883.0,7 30 38 39 40 41,-1.0,
base,active,,20577.0,20895.0,67 68 69 80,-1.0,
base,active,,20577.0,21777.0,81 86 87 91 96 98,-1.0,
base,active,,20719.0,21919.0,2 35 92 93 94 95 97 99 100 101 102 103 104 105 106 109 110 111 112 113 114 115 116 117 118 119 120 121 122 123 124 127,-1.0,
base,active,,20773.0,21973.0,8 9 10 11 13 14 15 16 17 20 21 22 23 24 25 26 27 28 29 33 34 36 37 62 63 64 65 66 82 83 125 126,-1.0,
base,active,20883.0,20883.0,21008.0,7 30 38 39 40 41 88 89,34371.0,False
base,active,20895.0,20895.0,20945.0,67 68 69 80,34372.0,False
base,active,,20945.0,22088.0,67,-1.0,
base,active,,20945.0,22101.0,68 69 80,-1.0,
base,active,,21008.0,22101.0,0 1 3 4 5 6 7 12 18 19 30 31 32 38 39 40 41 42 43 44 45 46 47 48 49 50 51 52 53,-1.0,
base,active,,21008.0,22151.0,54,-1.0,
base,active,,21008.0,22208.0,55 56 57 58 59 60 61 70 71 72 73 74 75 76 77 78 79 84 85 88 89 90 107 108,-1.0,
base,switching_off,,21777.0,23577.0,81 86 87 91 96 98,-2.0,
base,switching_off,,21919.0,23719.0,2 35 92 93 94 95 97 99 100 101 102 103 104 105 106 109 110 111 112 113 114 115 116 117 118 119 120 121 122 123 124 127,-2.0,
base,switching_off,,21973.0,23773.0,8 9 10 11 13 14 15 16 17 20 21 22 23 24 25 26 27 28 29 33 34 36 37 62 63 64 65 66 82 83 125 126,-2.0,
base,active,22088.0,22088.0,22136.0,67,34374.0,False
base,active,22101.0,22101.0,22324.0,0 1 3 4 5 6 7 12 18 19 30 31 32 38 39 40 41 42 43 44 45 46 47 48 49 50 51 52 53 68 69 80,34375.0,False
base,active,,22136.0,22324.0,67,-1.0,
base,active,22151.0,22151.0,22211.0,54,34376.0,False
base,switching_off,,22208.0,24008.0,55 56 57 58 59 60 61 70 71 72 73 74 75 76 77 78 79 84 85 88 89 90 107 108,-2.0,
base,active,,22211.0,22324.0,54,-1.0,
base,active,,22324.0,22327.0,5,-1.0,
base,active,22238.0,22324.0,22443.0,3 4,34378.0,False
base,active,22216.0,22324.0,22456.0,0 1 54 67,34377.0,False
base,active,,22324.0,22456.0,6 7 12 18 19 30 31 32 38 39 40 41 42 43 44 45 46 47 48 49 50 51 52 53 68 69 80,-1.0,
base,active,22327.0,22327.0,22396.0,5,34379.0,False
base,active,,22396.0,22456.0,5,-1.0,
base,active,,22443.0,22456.0,3 4,-1.0,
base,active,22413.0,22456.0,22538.0,54 67,34381.0,False
base,active,22374.0,22456.0,22631.0,0 1 3 4 5 6 7 12 18 19 30 31 32 38 39 40 41 42 43 44 45 46 47 48 49 50 51 52 53 68 69 80,34380.0,False
base,active,22503.0,22538.0,22544.0,54,34382.0,False
base,active,,22538.0,22557.0,67,-1.0,
base,active,,22544.0,22557.0,54,-1.0,
base,active,22554.0,22557.0,22571.0,67,34384.0,False
base,active,22557.0,22557.0,22587.0,54,34385.0,False
base,active,,22571.0,22631.0,67,-1.0,
base,active,,22587.0,22631.0,54,-1.0,
base,active,22626.0,22631.0,22694.0,7,34387.0,False
base,active,,22631.0,22703.0,12 18 19 30 31 32 38 39,-1.0,
base,active,22515.0,22631.0,22709.0,0 1 3 4 5 6 54 67,34383.0,False
base,active,,22631.0,22724.0,40 41,-1.0,
base,active,,22631.0,22763.0,42,-1.0,
base,active,,22631.0,23295.0,80,-1.0,
base,active,,22631.0,23499.0,43 44 45 46 47 48 49 50 51 52 53 68 69,-1.0,
base,active,,22694.0,23499.0,7,-1.0,
base,active,22703.0,22703.0,23499.0,12 18 19 30 31 32 38 39,34388.0,False
base,active,,22709.0,22886.0,0,-1.0,
base,active,,22709.0,22908.0,1 3,-1.0,
base,active,,22709.0,23499.0,4 5 6 54 67,-1.0,
base,active,22724.0,22724.0,22821.0,40 41,34389.0,False
base,active,22763.0,22763.0,22835.0,42,34390.0,False
base,active,,22821.0,23499.0,40 41,-1.0,
base,active,,22835.0,23499.0,42,-1.0,
base,active,22857.0,22886.0,22910.0,0,34392.0,False
base,active,22908.0,22908.0,25967.0,1 3,34394.0,False
base,active,,22910.0,23499.0,0,-1.0,
base,active,23295.0,23295.0,23356.0,80,34398.0,False
base,active,,23356.0,23499.0,80,-1.0,
base,active,22840.0,23499.0,23650.0,0 4 5 6 7 12 18 19 30 31 32 38 39 40 41 42 43 44 45 46 47 48 49 50 51 52 53 54 67 68 69 80,34391.0,False
base,sleeping,,23577.0,23719.0,96 98,-4.0,
base,switching_on,,23577.0,26277.0,81 86 87 91,-3.0,
base,active,23067.0,23650.0,23721.0,0 4 5 6 7 12 18 19 30 31 32 38 39 40 41 42 43 44 45 46 47 48 49 50 51 52 53 54 67 68 69 80,34396.0,False
base,sleeping,,23719.0,24089.0,127,-4.0,
base,switching_on,,23719.0,26419.0,2 35 92 93 94 95 96 97 98 99 100 101 102 103 104 105 106 109 110 111 112 113 114 115 116 117 118 119 120 121 122 123 124,-3.0,
base,active,23573.0,23721.0,23841.0,30,34404.0,False
base,active,,23721.0,23865.0,31 32 38 39 40 41 42 43,-1.0,
base,active,23521.0,23721.0,24057.0,0 4 5 6 7 12 18 19,34402.0,False
base,active,,23721.0,24921.0,51 52 53 54 67 68 69 80,-1.0,
base,active,,23721.0,26789.0,44 45 46 47 48 49 50,-1.0,
base,sleeping,,23773.0,24089.0,8 9 10 11 13 14 15 16 17 20 21 22 23 24 25 26 27 28 29 33 34 36 37 62 63 64 65 66 82 83 125 126,-4.0,
base,active,,23841.0,25041.0,30,-1.0,
base,active,23865.0,23865.0,23946.0,31 32 38 39 40 41 42 43,34407.0,False
base,active,,23946.0,25146.0,31 32 38 39 40 41 42 43,-1.0,
base,sleeping,,24008.0,24089.0,55 56 57 58 59 60 61 70 71 72 73 74 75 76 77 78 79 84 85 88 89 90 107 108,-4.0,
base,active,,24057.0,24822.0,0,-1.0,
base,active,,24057.0,25257.0,4 5 6 7 12 18 19,-1.0,
base,switching_on,,24089.0,26789.0,8 9 10 11 13 14 15 16 17 20 21 22 23 24 25 26 27 28 29 33 34 36 37 55 56 57 58 59 60 61 62 63 64 65 66 70 71 72 73 74 75 76 77 78 79 82 83 84 85 88 89 90 107 108 125 126 127,-3.0,
base,active,24822.0,24822.0,24835.0,0,34413.0,False
base,active,,24835.0,25808.0,0,-1.0,
base,switching_off,,24921.0,26721.0,51 52 53 54 67 68 69 80,-2.0,
base,switching_off,,25041.0,26841.0,30,-2.0,
base,switching_off,,25146.0,26946.0,31 32 38 39 40 41 42 43,-2.0,
base,switching_off,,25257.0,27057.0,4 5 6 7 12 18 19,-2.0,
base,active,25808.0,25808.0,25826.0,0,34424.0,False
base,active,,25826.0,26817.0,0,-1.0,
base,active,,25967.0,26817.0,1 3,-1.0,
base,active,22886.0,26277.0,29354.0,81 86 87 91,34393.0,False
base,active,23429.0,26419.0,26507.0,124,34400.0,False
base,active,23194.0,26419.0,26738.0,2 35 92 93 94 95 96 97 98 99 100 101 102 103 104 105 106 109 110 111 112 113 114 115 116 117 118 119 120 121 122 123,34397.0,False
base,active,,26507.0,26738.0,124,-1.0,
base,sleeping,,26721.0,32354.0,51 52 53 54 67 68 69 80,-4.0,
base,active,24954.0,26738.0,26779.0,35 92 93 94 95 96 97 98 99 100 101 102 103 104 105 106 109 110 111 112 113 114 115 116 117 118 119 120 121 122 123 124,34415.0,False
base,active,,26738.0,26817.0,2,-1.0,
base,active,,26779.0,26817.0,35 92 93 94 95 96 97 98 99 100 101 102 103 104 105 106 109 110 111 112 113 114 115 116 117 118 119 120 121 122 123 124,-1.0,
base,active,24089.0,26789.0,26817.0,8 9 10 11 13 14 15 16 17 20 21 22 23 24 25 26 27 28 29 33 34 36 37 44 45 46 47 48 49 50 55 56 57 58 59 60 61 62 63 64 65 66 70 71 72 73 74 75 76 77 78 79 82 83 84 85 88 89 90 107 108 125 126 127,34408.0,False
base,active,24194.0,26817.0,27012.0,0 1 2 3 8 9 10 11 13 14 15 16 17 20 21 22 23 24 25 26 27 28 29 33 34 35 36 37 44 45 46 47 48 92 93 94 95 96 97 98 99 100 101 102 103 104 105 106 109 110 111 112 113 114 115 116 117 118 119 120 121 122 123 124,34410.0,False
base,active,,26817.0,27012.0,108 125 126 127,-1.0,
base,active,24535.0,26817.0,27029.0,49 50 55 56 57 58 59 60 61 62 63 64 65 66 70 71 72 73 74 75 76 77 78 79 82 83 84 85 88 89 90 107,34411.0,False
base,sleeping,,26841.0,32354.0,30,-4.0,
base,sleeping,,26946.0,32354.0,31 32 38 39 40 41 42 43,-4.0,
base,active,,27012.0,27029.0,121 122 123 124,-1.0,
base,active,25095.0,27012.0,27052.0,0 1 2 3 8 9 10 11 13 14 15 16 17 20 21 22 23 24 25 26 27 28 29 33 34 35 36 37 108 125 126 127,34419.0,False
base,active,25250.0,27012.0,27108.0,44 45 46 47 48 92 93 94 95 96 97 98 99 100 101 102 103 104 105 106 109 110 111 112 113 114 115 116 117 118 119 120,34421.0,False
base,active,25424.0,27029.0,27307.0,49 50 55 56 57 58 59 60 61 62 63 64 65 66 70 71 72 73 74 75 76 77 78 79 82 83 84 85 121 122 123 124,34422.0,False
base,active,,27029.0,27599.0,107,-1.0,
base,active,,27029.0,28229.0,88 89 90,-1.0,
base,active,,27052.0,27374.0,125 126 127,-1.0,
base,active,,27052.0,27599.0,108,-1.0,
base,active,,27052.0,28252.0,0 1 2 3 8 9 10 11 13 14 15 16 17 20 21 22 23 24 25 26 27 28 29 33 34 35 36 37,-1.0,
base,sleeping,,27057.0,32354.0,4 5 6 7 12 18 19,-4.0,
base,active,,27108.0,27599.0,92 93 94 95 96 97 98 99 100 101 102 103 104 105 106 109 110 111 112 113 114 115 116 117 118 119 120,-1.0,
base,active,,27108.0,28308.0,44 45 46 47 48,-1.0,
base,active,,27307.0,27374.0,124,-1.0,
base,active,,27307.0,27599.0,121 122 123,-1.0,
base,active,,27307.0,28507.0,49 50 55 56 57 58 59 60 61 62 63 64 65 66 70 71 72 73 74 75 76 77 78 79 82 83 84 85,-1.0,
base,active,27374.0,27374.0,27393.0,124 125,34430.0,False
base,active,27102.0,27374.0,27397.0,126 127,34428.0,False
base,active,,27393.0,27527.0,124 125,-1.0,
base,active,,27397.0,27527.0,126 127,-1.0,
base,active,27447.0,27527.0,27546.0,126 127,34431.0,False
base,active,27527.0,27527.0,27548.0,124 125,34432.0,False
base,active,,27546.0,27599.0,126 127,-1.0,
base,active,,27548.0,27599.0,124 125,-1.0,
base,active,27555.0,27599.0,27622.0,124 125 126 127,34433.0,False
base,active,27599.0,27599.0,27703.0,92 93 94 95 96 97 98 99 100 101 102 103 104 105 106 107 108 109 110 111 112 113 114 115 116 117 118 119 120 121 122 123,34434.0,False
base,active,,27622.0,28822.0,124 125 126 127,-1.0,
base,active,,27703.0,28903.0,92 93 94 95 96 97 98 99 100 101 102 103 104 105 106 107 108 109 110 111 112 113 114 115 116 117 118 119 120 121 122 123,-1.0,
base,switching_off,,28229.0,30029.0,88 89 90,-2.0,
base,switching_off,,28252.0,30052.0,0 1 2 3 8 9 10 11 13 14 15 16 17 20 21 22 23 24 25 26 27 28 29 33 34 35 36 37,-2.0,
base,switching_off,,28308.0,30108.0,44 45 46 47 48,-2.0,
base,switching_off,,28507.0,30307.0,49 50 55 56 57 58 59 60 61 62 63 64 65 66 70 71 72 73 74 75 76 77 78 79 82 83 84 85,-2.0,
base,switching_off,,28822.0,30622.0,124 125 126 127,-2.0,
base,switching_off,,28903.0,30703.0,92 93 94 95 96 97 98 99 100 101 102 103 104 105 106 107 108 109 110 111 112 113 114 115 116 117 118 119 120 121 122 123,-2.0,
base,active,,29354.0,30554.0,81 86 87 91,-1.0,
base,sleeping,,30029.0,32354.0,88 89 90,-4.0,
base,sleeping,,30052.0,32354.0,0 1 2 3 8 9 10 11 13 14 15 16 17 20 21 22 23 24 25 26 27 28 29 33 34 35 36 37,-4.0,
base,sleeping,,30108.0,32354.0,44 45 46 47 48,-4.0,
base,sleeping,,30307.0,32354.0,49 50 55 56 57 58 59 60 61 62 63 64 65 66 70 71 72 73 74 75 76 77 78 79 82 83 84 85,-4.0,
base,switching_off,,30554.0,32354.0,81 86 87 91,-2.0,
base,sleeping,,30622.0,32354.0,124 125 126 127,-4.0,
base,sleeping,,30703.0,32354.0,92 93 94 95 96 97 98 99 100 101 102 103 104 105 106 107 108 109 110 111 112 113 114 115 116 117 118 119 120 121 122 123,-4.0,
base,switching_on,,32354.0,35054.0,0 1 2 3 4 5 6 7 8 9 10 11 12 13 14 15 16 17 18 19 20 21 22 23 24 25 26 27 28 29 30 31 32 33 34 35 36 37 38 39 40 41 42 43 44 45 46 47 48 49 50 51 52 53 54 55 56 57 58 59 60 61 62 63 64 65 66 67 68 69 70 71 72 73 74 75 76 77 78 79 80 81 82 83 84 85 86 87 88 89 90 91 92 93 94 95 96 97 98 99 100 101 102 103 104 105 106 107 108 109 110 111 112 113 114 115 116 117 118 119 120 121 122 123 124 125 126 127,-3.0,
base,active,26092.0,35054.0,35500.0,0 1 2 3 4 5 6 7 8 9 10 11 12 13 14 15 16 17 18 19 20 21 22 23 24 25 26 27 28 29 30 31 32 33 34 35 36 37 38 39 40 41 42 43 44 45 46 47 48 49 50 51 52 53 54 55 56 57 58 59 60 61 62 63 64 65 66 67 68 69 70 71 72 73 74 75 76 77 78 79 80 81 82 83 84 85 86 87 88 89 90 91 92 93 94 95 96 97 98 99 100 101 102 103 104 105 106 107 108 109 110 111 112 113 114 115 116 117 118 119 120 121 122 123 124 125 126 127,34426.0,False
base,active,27750.0,35500.0,35960.0,0 1 2 3 4 5 6 7 8 9 10 11 12 13 14 15 16 17 18 19 20 21 22 23 24 25 26 27 28 29 30 31 32 33 34 35 36 37 38 39 40 41 42 43 44 45 46 47 48 49 50 51 52 53 54 55 56 57 58 59 60 61 62 63 64 65 66 67 68 69 70 71 72 73 74 75 76 77 78 79 80 81 82 83 84 85 86 87 88 89 90 91 92 93 94 95 96 97 98 99 100 101 102 103 104 105 106 107 108 109 110 111 112 113 114 115 116 117 118 119 120 121 122 123 124 125 126 127,34436.0,False
base,active,28356.0,35960.0,36429.0,0 1 2 3 4 5 6 7 8 9 10 11 12 13 14 15 16 17 18 19 20 21 22 23 24 25 26 27 28 29 30 31 32 33 34 35 36 37 38 39 40 41 42 43 44 45 46 47 48 49 50 51 52 53 54 55 56 57 58 59 60 61 62 63 64 65 66 67 68 69 70 71 72 73 74 75 76 77 78 79 80 81 82 83 84 85 86 87 88 89 90 91 92 93 94 95 96 97 98 99 100 101 102 103 104 105 106 107 108 109 110 111 112 113 114 115 116 117 118 119 120 121 122 123 124 125 126 127,34438.0,False
base,active,30568.0,36429.0,36648.0,0 1 2 3 4 5 6 7 8 9 10 11 12 13 14 15 16 17 18 19 20 21 22 23 24 25 26 27 28 29 30 31,34446.0,False
base,active,,36429.0,36648.0,32 33 34 35 36 37 38 39 40 41 42 43 44 45 46 47 48 49 50 51 52 53 54 55 56 57 58 59 60 61 62 63 64 65 66 67 68 69 70 71 72 73 74 75 76 77 78 79 80 81 82 83 84 85 86 87 88 89 90 91 92 93 94 95 96 97 98 99 100 101 102 103 104 105 106 107 108 109 110 111 112 113 114 115 116 117 118 119 120 121 122 123 124 125 126 127,-1.0,
base,active,31727.0,36648.0,47574.0,0 1 2 3 4 5 6 7 8 9 10 11 12 13 14 15 16 17 18 19 20 21 22 23 24 25 26 27 28 29 30 31 32 33 34 35 36 37 38 39 40 41 42 43 44 45 46 47 48 49 50 51 52 53 54 55 56 57 58 59 60 61 62 63 64 65 66 67 68 69 70 71 72 73 74 75 76 77 78 79 80 81 82 83 84 85 86 87 88 89 90 91 92 93 94 95 96 97 98 99 100 101 102 103 104 105 106 107 108 109 110 111 112 113 114 115 116 117 118 119 120 121 122 123 124 125 126 127,34454.0,False
base,active,42658.0,47574.0,47659.0,0 1 2 3 4 5 6 7 8 9 10 11 12 13 14 15 16 17 18 19 20 21 22 23 24 25 26 27 28 29 30 31 32 33 34 35 36 37 38 39 40 41 42 43 44 45 46 47 48 49 50 51 52 53 54 55 56 57 58 59 60 61 62 63 64 65 66 67 68 69 70 71 72 73 74 75 76 77 78 79 80 81 82 83 84 85 86 87 88 89 90 91 92 93 94 95 96 97 98 99 100 101 102 103 104 105 106 107 108 109 110 111 112 113 114 115 116 117 118 119 120 121 122 123 124 125 126 127,34455.0,False
base,active,44124.0,47659.0,47683.0,0,34463.0,False
base,active,,47659.0,47990.0,1,-1.0,
base,active,,47659.0,48084.0,2 3 4 5 6 7 8 9 10 11 12 13 14 15 16 17 18 19 20 21 22 23 24 25 26 27 28 29 30 31 32 33 34 35 36 37 38 39 40 41 42 43 44 45 46 47 48 49 50 51 52 53 54 55 56 57 58 59 60 61 62 63 64 65 66 67 68 69 70 71 72 73 74 75 76 77 78 79 80 81 82 83 84 85 86 87 88 89 90 91 92 93 94 95 96 97 98 99 100 101 102 103 104 105 106 107 108 109 110 111 112 113 114 115 116 117 118 119 120 121 122 123 124 125 126 127,-1.0,
base,active,,47683.0,48084.0,0,-1.0,
base,active,47990.0,47990.0,48073.0,1,34473.0,False
base,active,,48073.0,48084.0,1,-1.0,
base,active,48084.0,48084.0,48440.0,0 1 2 3 4 5 6 7 8 9 10 11 12 13 14 15 16 17 18 19 20 21 22 23 24 25 26 27 28 29 30 31 32 33 34 35 36 37 38 39 40 41 42 43 44 45 46 47 48 49 50 51 52 53 54 55 56 57 58 59 60 61 62 63 64 65 66 67 68 69 70 71 72 73 74 75 76 77 78 79 80 81 82 83 84 85 86 87 88 89 90 91 92 93 94 95 96 97 98 99 100 101 102 103 104 105 106 107 108 109 110 111 112 113 114 115 116 117 118 119 120 121 122 123 124 125 126 127,34474.0,False
base,active,,48440.0,48441.0,0,-1.0,
base,active,,48440.0,48659.0,1,-1.0,
base,active,,48440.0,48784.0,2 3 4 5 6 7 8 9 10 11 12 13 14 15 16 17 18 19 20 21 22 23 24 25 26 27 28 29 30 31 32 33 34 35 36 37 38 39 40 41 42 43 44 45 46 47 48 49 50 51 52 53 54 55 56 57 58 59 60 61 62 63 64 65 66 67 68 69 70 71 72 73 74 75 76 77 78 79 80 81 82 83 84 85 86 87 88 89 90 91 92 93 94 95 96 97 98 99 100 101 102 103 104 105 106 107 108 109 110 111 112 113 114 115 116 117 118 119 120 121 122 123 124 125 126 127,-1.0,
base,active,48441.0,48441.0,48489.0,0,34475.0,False
base,active,,48489.0,48784.0,0,-1.0,
base,active,48659.0,48659.0,48776.0,1,34476.0,False
base,active,,48776.0,48784.0,1,-1.0,
base,active,48784.0,48784.0,48874.0,0 1 2 3 4 5 6 7 8 9 10 11 12 13 14 15 16 17 18 19 20 21 22 23 24 25 26 27 28 29 30 31 32 33 34 35 36 37 38 39 40 41 42 43 44 45 46 47 48 49 50 51 52 53 54 55 56 57 58 59 60 61 62 63 64 65 66 67 68 69 70 71 72 73 74 75 76 77 78 79 80 81 82 83 84 85 86 87 88 89 90 91 92 93 94 95 96 97 98 99 100 101 102 103 104 105 106 107 108 109 110 111 112 113 114 115 116 117 118 119 120 121 122 123 124 125 126 127,34478.0,False
base,active,,48874.0,48923.0,0 1 2 3,-1.0,
base,active,,48874.0,50074.0,4 5 6 7 8 9 10 11 12 13 14 15 16 17 18 19 20 21 22 23 24 25 26 27 28 29 30 31 32 33 34 35 36 37 38 39 40 41 42 43 44 45 46 47 48 49 50 51 52 53 54 55 56 57 58 59 60 61 62 63 64 65 66 67 68 69 70 71 72 73 74 75 76 77 78 79 80 81 82 83 84 85 86 87 88 89 90 91 92 93 94 95 96 97 98 99 100 101 102 103 104 105 106 107 108 109 110 111 112 113 114 115 116 117 118 119 120 121 122 123 124 125 126 127,-1.0,
base,active,48923.0,48923.0,48940.0,0 1 2 3,34480.0,False
base,active,,48940.0,50140.0,0 1 2 3,-1.0,
base,switching_off,,50074.0,51874.0,4 5 6 7 8 9 10 11 12 13 14 15 16 17 18 19 20 21 22 23 24 25 26 27 28 29 30 31 32 33 34 35 36 37 38 39 40 41 42 43 44 45 46 47 48 49 50 51 52 53 54 55 56 57 58 59 60 61 62 63 64 65 66 67 68 69 70 71 72 73 74 75 76 77 78 79 80 81 82 83 84 85 86 87 88 89 90 91 92 93 94 95 96 97 98 99 100 101 102 103 104 105 106 107 108 109 110 111 112 113 114 115 116 117 118 119 120 121 122 123 124 125 126 127,-2.0,
base,switching_off,,50140.0,51940.0,0 1 2 3,-2.0,
base,switching_on,,51874.0,54574.0,4,-3.0,
base,sleeping,,51874.0,70340.0,5,-4.0,
base,sleeping,,51874.0,70430.0,6 7,-4.0,
base,sleeping,,51874.0,70831.0,8 9,-4.0,
base,sleeping,,51874.0,71099.0,10 11,-4.0,
base,sleeping,,51874.0,71444.0,12 13,-4.0,
base,sleeping,,51874.0,71846.0,14 15,-4.0,
base,sleeping,,51874.0,71941.0,16,-4.0,
base,sleeping,,51874.0,71964.0,17 18,-4.0,
base,sleeping,,51874.0,71972.0,19 20,-4.0,
base,sleeping,,51874.0,72033.0,21,-4.0,
base,sleeping,,51874.0,72062.0,22 23,-4.0,
base,sleeping,,51874.0,72106.0,24 25,-4.0,
base,sleeping,,51874.0,72143.0,26 27 28 29 30 31 32 33,-4.0,
base,sleeping,,51874.0,72201.0,34 35 36 37 38 39 40 41 42 43 44 45 46 47 48 49 50 51 52 53 54 55 56 57 58 59 60 61 62 63 64 65,-4.0,
base,sleeping,,51874.0,72369.0,66 67,-4.0,
base,sleeping,,51874.0,72437.0,68 69 70 71 72 73 74 75 76 77 78 79 80 81 82 83 84 85 86 87 88 89 90 91 92 93 94 95 96 97 98 99,-4.0,
base,sleeping,,51874.0,72852.0,100 101 102 103,-4.0,
base,sleeping,,51874.0,73706.0,104 105 106 107 108 109 110 111 112 113 114 115 116 117 118 119 120 121 122 123 124 125 126 127,-4.0,
base,sleeping,,51940.0,52303.0,0,-4.0,
base,sleeping,,51940.0,53039.0,1,-4.0,
base,sleeping,,51940.0,53376.0,2,-4.0,
base,sleeping,,51940.0,54553.0,3,-4.0,
base,switching_on,,52303.0,55003.0,0,-3.0,
base,switching_on,,53039.0,55739.0,1,-3.0,
base,switching_on,,53376.0,56076.0,2,-3.0,
base,switching_on,,54553.0,57253.0,3,-3.0,
base,active,51180.0,54574.0,54745.0,4,34489.0,False
base,active,,54745.0,54927.0,4,-1.0,
base,active,54927.0,54927.0,55179.0,4,34514.0,False
base,active,52303.0,55003.0,55289.0,0,34496.0,False
base,active,,55179.0,55952.0,4,-1.0,
base,active,,55289.0,56489.0,0,-1.0,
base,active,53039.0,55739.0,55860.0,1,34499.0,False
base,active,,55860.0,57060.0,1,-1.0,
base,active,55952.0,55952.0,57869.0,4,34517.0,False
base,active,53376.0,56076.0,56216.0,2,34505.0,False
base,active,,56216.0,57416.0,2,-1.0,
base,switching_off,,56489.0,58289.0,0,-2.0,
base,switching_off,,57060.0,58860.0,1,-2.0,
base,active,54553.0,57253.0,57537.0,3,34508.0,False
base,switching_off,,57416.0,59216.0,2,-2.0,
base,active,,57537.0,57895.0,3,-1.0,
base,active,,57869.0,58847.0,4,-1.0,
base,active,57895.0,57895.0,58838.0,3,34530.0,False
base,sleeping,,58289.0,70008.0,0,-4.0,
base,active,,58838.0,59631.0,3,-1.0,
base,active,58847.0,58847.0,59575.0,4,34533.0,False
base,sleeping,,58860.0,70008.0,1,-4.0,
base,sleeping,,59216.0,70141.0,2,-4.0,
base,active,,59575.0,60245.0,4,-1.0,
base,active,59631.0,59631.0,59758.0,3,34539.0,False
base,active,,59758.0,60663.0,3,-1.0,
base,active,60245.0,60245.0,60655.0,4,34542.0,False
base,active,,60655.0,60778.0,4,-1.0,
base,active,60663.0,60663.0,60766.0,3,34546.0,False
base,active,,60766.0,61128.0,3,-1.0,
base,active,60778.0,60778.0,60892.0,4,34548.0,False
base,active,,60892.0,61376.0,4,-1.0,
base,active,61128.0,61128.0,61251.0,3,34550.0,False
base,active,,61251.0,61592.0,3,-1.0,
base,active,61376.0,61376.0,61464.0,4,34552.0,False
base,active,,61464.0,62489.0,4,-1.0,
base,active,61592.0,61592.0,61718.0,3,34553.0,False
base,active,,61718.0,62765.0,3,-1.0,
base,active,62489.0,62489.0,62605.0,4,34560.0,False
base,active,,62605.0,63805.0,4,-1.0,
base,active,62765.0,62765.0,62877.0,3,34562.0,False
base,active,,62877.0,63954.0,3,-1.0,
base,switching_off,,63805.0,65605.0,4,-2.0,
base,active,63954.0,63954.0,64170.0,3,34569.0,False
base,active,,64170.0,64245.0,3,-1.0,
base,active,64245.0,64245.0,64368.0,3,34571.0,False
base,active,,64368.0,64403.0,3,-1.0,
base,active,64403.0,64403.0,64510.0,3,34572.0,False
base,active,,64510.0,64559.0,3,-1.0,
base,active,64559.0,64559.0,64679.0,3,34573.0,False
base,active,,64679.0,65879.0,3,-1.0,
base,sleeping,,65605.0,70340.0,4,-4.0,
base,switching_off,,65879.0,67679.0,3,-2.0,
base,sleeping,,67679.0,70141.0,3,-4.0,
base,switching_on,,70008.0,72708.0,0 1,-3.0,
base,switching_on,,70141.0,72841.0,2 3,-3.0,
base,switching_on,,70340.0,73040.0,4 5,-3.0,
base,switching_on,,70430.0,73130.0,6 7,-3.0,
base,switching_on,,70831.0,73531.0,8 9,-3.0,
base,switching_on,,71099.0,73799.0,10 11,-3.0,
base,switching_on,,71444.0,74144.0,12 13,-3.0,
base,switching_on,,71846.0,74546.0,14 15,-3.0,
base,switching_on,,71941.0,74641.0,16,-3.0,
base,switching_on,,71964.0,74664.0,17 18,-3.0,
base,switching_on,,71972.0,74672.0,19 20,-3.0,
base,switching_on,,72033.0,74733.0,21,-3.0,
base,switching_on,,72062.0,74762.0,22 23,-3.0,
base,switching_on,,72106.0,74806.0,24 25,-3.0,
base,switching_on,,72143.0,74843.0,26 27 28 29 30 31 32 33,-3.0,
base,switching_on,,72201.0,74901.0,34 35 36 37 38 39 40 41 42 43 44 45 46 47 48 49 50 51 52 53 54 55 56 57 58 59 60 61 62 63 64 65,-3.0,
base,switching_on,,72369.0,75069.0,66 67,-3.0,
base,switching_on,,72437.0,75137.0,68 69 70 71 72 73 74 75 76 77 78 79 80 81 82 83 84 85 86 87 88 89 90 91 92 93 94 95 96 97 98 99,-3.0,
base,active,70008.0,72708.0,72729.0,0 1,34602.0,False
base,active,,72729.0,72949.0,0 1,-1.0,
base,active,70141.0,72841.0,72861.0,2 3,34603.0,False
base,switching_on,,72852.0,75552.0,100 101 102 103,-3.0,
base,active,,72861.0,73129.0,2 3,-1.0,
base,active,72949.0,72949.0,73034.0,0 1,34634.0,False
base,active,,73034.0,73129.0,0 1,-1.0,
base,active,70340.0,73040.0,73080.0,4 5,34604.0,False
base,active,,73080.0,73234.0,4 5,-1.0,
base,active,73129.0,73129.0,73170.0,0 1 2 3,34636.0,False
base,active,70430.0,73130.0,73184.0,6 7,34605.0,False
base,active,,73170.0,73234.0,0 1,-1.0,
base,active,,73170.0,73308.0,2 3,-1.0,
base,active,,73184.0,73308.0,6 7,-1.0,
base,active,73234.0,73234.0,73275.0,0 1 4 5,34637.0,False
base,active,,73275.0,73328.0,0 1,-1.0,
base,active,,73275.0,76406.0,4 5,-1.0,
base,active,73308.0,73308.0,73377.0,2 3 6 7,34638.0,False
base,active,73328.0,73328.0,73448.0,0 1,34639.0,False
base,active,,73377.0,76406.0,2 3 6 7,-1.0,
base,active,,73448.0,76406.0,0 1,-1.0,
base,active,70831.0,73531.0,73593.0,8 9,34608.0,False
base,active,,73593.0,74793.0,8 9,-1.0,
base,switching_on,,73706.0,76406.0,104 105 106 107 108 109 110 111 112 113 114 115 116 117 118 119 120 121 122 123 124 125 126 127,-3.0,
base,active,71099.0,73799.0,73945.0,10 11,34613.0,False
base,active,,73945.0,74031.0,10 11,-1.0,
base,active,73921.0,74031.0,74132.0,10 11,34645.0,False
base,active,,74132.0,74998.0,10 11,-1.0,
base,active,71444.0,74144.0,74209.0,12 13,34614.0,False
base,active,,74209.0,74239.0,12 13,-1.0,
base,active,74239.0,74239.0,74322.0,12 13,34649.0,False
base,active,,74322.0,74998.0,12 13,-1.0,
base,active,71846.0,74546.0,74616.0,14 15,34616.0,False
base,active,,74616.0,74690.0,15,-1.0,
base,active,,74616.0,74998.0,14,-1.0,
base,active,71941.0,74641.0,74658.0,16,34617.0,False
base,active,,74658.0,74690.0,16,-1.0,
base,active,71964.0,74664.0,74747.0,17 18,34618.0,False
base,active,71972.0,74672.0,74717.0,19 20,34619.0,False
base,active,74690.0,74690.0,74830.0,15 16,34650.0,False
base,active,,74717.0,74998.0,19 20,-1.0,
base,active,72033.0,74733.0,74753.0,21,34621.0,False
base,active,,74747.0,74998.0,17 18,-1.0,
base,active,,74753.0,74998.0,21,-1.0,
base,active,72062.0,74762.0,74778.0,22 23,34622.0,False
base,active,,74778.0,74998.0,22 23,-1.0,
base,switching_off,,74793.0,76593.0,8 9,-2.0,
base,active,72106.0,74806.0,74829.0,24 25,34623.0,False
base,active,,74829.0,74998.0,24 25,-1.0,
base,active,,74830.0,74998.0,15 16,-1.0,
base,active,72143.0,74843.0,74881.0,26 27 28 29 30 31 32 33,34624.0,False
base,active,,74881.0,74998.0,26 27 28 29 30 31 32 33,-1.0,
base,active,72201.0,74901.0,74998.0,34 35 36 37 38 39 40 41 42 43 44 45 46 47 48 49 50 51 52 53 54 55 56 57 58 59 60 61 62 63 64 65,34625.0,False
base,active,73858.0,74998.0,75135.0,10 11 12 13 14 15 16 17 18 19 20 21 22 23 24 25 26 27 28 29 30 31 32 33 34 35 36 37 38 39 40 41,34643.0,False
base,active,,74998.0,75135.0,42 43 44 45 46 47 48 49 50 51 52 53 54 55 56 57 58 59 60 61 62 63 64 65,-1.0,
base,active,72369.0,75069.0,75235.0,66 67,34627.0,False
base,active,74929.0,75135.0,75212.0,18 19,34651.0,False
base,active,74031.0,75135.0,75227.0,10 11 12 13 14 15 16 17 42 43 44 45 46 47 48 49 50 51 52 53 54 55 56 57 58 59 60 61 62 63 64 65,34648.0,False
base,active,,75135.0,75254.0,20 21,-1.0,
base,active,,75135.0,75540.0,22 23,-1.0,
base,active,,75135.0,76254.0,24 25,-1.0,
base,active,,75135.0,76323.0,26,-1.0,
base,active,,75135.0,76335.0,27 28 29 30 31 32 33 34 35 36 37 38 39 40 41,-1.0,
base,active,72437.0,75137.0,75254.0,68 69 70 71 72 73 74 75 76 77 78 79 80 81 82 83 84 85 86 87 88 89 90 91 92 93 94 95 96 97 98 99,34629.0,False
base,active,,75212.0,76412.0,18 19,-1.0,
base,active,,75227.0,76427.0,10 11 12 13 14 15 16 17 42 43 44 45 46 47 48 49 50 51 52 53 54 55 56 57 58 59 60 61 62 63 64 65,-1.0,
base,active,,75235.0,76435.0,66 67,-1.0,
base,active,75254.0,75254.0,75332.0,20 21,34652.0,False
base,active,,75254.0,76454.0,68 69 70 71 72 73 74 75 76 77 78 79 80 81 82 83 84 85 86 87 88 89 90 91 92 93 94 95 96 97 98 99,-1.0,
base,active,,75332.0,76532.0,20 21,-1.0,
base,active,75540.0,75540.0,75683.0,22 23,34653.0,False
base,active,72852.0,75552.0,75587.0,100 101 102 103,34633.0,False
base,active,,75587.0,76559.0,100 101 102 103,-1.0,
base,active,,75683.0,76559.0,22 23,-1.0,
base,active,76254.0,76254.0,76387.0,24 25,34654.0,False
base,active,76323.0,76323.0,76340.0,26,34655.0,False
base,switching_off,,76335.0,78135.0,27 28 29 30 31 32 33 34 35 36 37 38 39 40 41,-2.0,
base,active,,76340.0,76559.0,26,-1.0,
base,active,,76387.0,76559.0,24 25,-1.0,
base,active,73706.0,76406.0,76509.0,0 1 2 3 4 5 6 7 104 105 106 107 108 109 110 111 112 113 114 115 116 117 118 119 120 121 122 123 124 125 126 127,34641.0,False
base,switching_off,,76412.0,78212.0,18 19,-2.0,
base,switching_off,,76427.0,78227.0,10 11 12 13 14 15 16 17 42 43 44 45 46 47 48 49 50 51 52 53 54 55 56 57 58 59 60 61 62 63 64 65,-2.0,
base,switching_off,,76435.0,78235.0,66 67,-2.0,
base,switching_off,,76454.0,78254.0,68 69 70 71 72 73 74 75 76 77 78 79 80 81 82 83 84 85 86 87 88 89 90 91 92 93 94 95 96 97 98 99,-2.0,
base,active,,76509.0,76559.0,7 104 105 106 107 108 109 110 111 112 113 114 115 116 117 118 119 120 121 122 123 124 125 126 127,-1.0,
base,active,,76509.0,77709.0,0 1 2 3 4 5 6,-1.0,
base,switching_off,,76532.0,78332.0,20 21,-2.0,
base,active,76559.0,76559.0,76639.0,7 22,34658.0,False
base,active,76546.0,76559.0,76780.0,23 24 25 26 100 101 102 103 104 105 106 107 108 109 110 111 112 113 114 115 116 117 118 119 120 121 122 123 124 125 126 127,34657.0,False
base,sleeping,,76593.0,80288.0,8 9,-4.0,
base,active,,76639.0,77839.0,7 22,-1.0,
base,active,,76780.0,76892.0,126 127,-1.0,
base,active,,76780.0,77980.0,23 24 25 26 100 101 102 103 104 105 106 107 108 109 110 111 112 113 114 115 116 117 118 119 120 121 122 123 124 125,-1.0,
base,active,76892.0,76892.0,76961.0,126 127,34660.0,False
base,active,,76961.0,77147.0,126 127,-1.0,
base,active,77147.0,77147.0,77288.0,126 127,34661.0,False
base,active,,77288.0,78488.0,126 127,-1.0,
base,switching_off,,77709.0,79509.0,0 1 2 3 4 5 6,-2.0,
base,switching_off,,77839.0,79639.0,7 22,-2.0,
base,switching_off,,77980.0,79780.0,23 24 25 26 100 101 102 103 104 105 106 107 108 109 110 111 112 113 114 115 116 117 118 119 120 121 122 123 124 125,-2.0,
base,sleeping,,78135.0,80288.0,27 28 29 30 31 32 33 34 35 36 37 38 39 40 41,-4.0,
base,sleeping,,78212.0,80288.0,18 19,-4.0,
base,sleeping,,78227.0,80288.0,10 11 12 13 14 15 16 17 42 43 44 45 46 47 48 49 50 51 52 53 54 55 56 57 58 59 60 61 62 63 64 65,-4.0,
base,sleeping,,78235.0,80288.0,66 67,-4.0,
base,sleeping,,78254.0,80288.0,68 69 70 71 72 73 74 75 76 77 78 79 80 81 82 83 84 85 86 87 88 89 90 91 92 93 94 95 96 97 98 99,-4.0,
base,sleeping,,78332.0,80288.0,20 21,-4.0,
base,switching_off,,78488.0,80288.0,126 127,-2.0,
base,sleeping,,79509.0,80288.0,0 1 2 3 4 5 6,-4.0,
base,sleeping,,79639.0,80288.0,7 22,-4.0,
base,sleeping,,79780.0,80288.0,23 24 25 26 100 101 102 103 104 105 106 107 108 109 110 111 112 113 114 115 116 117 118 119 120 121 122 123 124 125,-4.0,
base,switching_on,,80288.0,82988.0,0 1 2 3 4 5 6 7 8 9 10 11 12 13 14 15 16 17 18 19 20 21 22 23 24 25 26 27 28 29 30 31 32 33 34 35 36 37 38 39 40 41 42 43 44 45 46 47 48 49 50 51 52 53 54 55 56 57 58 59 60 61 62 63 64 65 66 67 68 69 70 71 72 73 74 75 76 77 78 79 80 81 82 83 84 85 86 87 88 89 90 91 92 93 94 95 96 97 98 99 100 101 102 103 104 105 106 107 108 109 110 111 112 113 114 115 116 117 118 119 120 121 122 123 124 125 126 127,-3.0,
base,active,76444.0,82988.0,83085.0,0 1 2 3 4 5 6 7 8 9 10 11 12 13 14 15 16 17 18 19 20 21 22 23 24 25 26 27 28 29 30 31 32 33 34 35 36 37 38 39 40 41 42 43 44 45 46 47 48 49 50 51 52 53 54 55 56 57 58 59 60 61 62 63 64 65 66 67 68 69 70 71 72 73 74 75 76 77 78 79 80 81 82 83 84 85 86 87 88 89 90 91 92 93 94 95 96 97 98 99 100 101 102 103 104 105 106 107 108 109 110 111 112 113 114 115 116 117 118 119 120 121 122 123 124 125 126 127,34656.0,False
base,active,76771.0,83085.0,83179.0,0 1 2 3 4 5 6 7 8 9 10 11 12 13 14 15 16 17 18 19 20 21 22 23 24 25 26 27 28 29 30 31 32 33 34 35 36 37 38 39 40 41 42 43 44 45 46 47 48 49 50 51 52 53 54 55 56 57 58 59 60 61 62 63 64 65 66 67 68 69 70 71 72 73 74 75 76 77 78 79 80 81 82 83 84 85 86 87 88 89 90 91 92 93 94 95 96 97 98 99 100 101 102 103 104 105 106 107 108 109 110 111 112 113 114 115 116 117 118 119 120 121 122 123 124 125 126 127,34659.0,False
base,active,78824.0,83179.0,83192.0,2,34665.0,False
base,active,81884.0,83179.0,83197.0,16,34687.0,False
base,active,81836.0,83179.0,83214.0,15,34686.0,False
base,active,78949.0,83179.0,83273.0,3 4,34666.0,False
base,active,78558.0,83179.0,83288.0,0 1,34663.0,False
base,active,80827.0,83179.0,83322.0,13 14,34679.0,False
base,active,79476.0,83179.0,83329.0,7 8,34669.0,False
base,active,80531.0,83179.0,83337.0,11 12,34677.0,False
base,active,79279.0,83179.0,83356.0,5 6,34668.0,False
base,active,80027.0,83179.0,83657.0,9 10,34675.0,False
base,active,,83179.0,84379.0,23 24 25 26 27 28 29 30 31 32 33 34 35 36 37 38 39 40 41 42 43 44 45 46 47 48 49 50 51 52 53 54 55 56 57 58 59 60 61 62 63 64 65 66 67 68 69 70 71 72 73 74 75 76 77 78 79 80 81 82 83 84 85 86 87 88 89 90 91 92 93 94 95 96 97 98 99 100 101 102 103 104 105 106 107 108 109 110 111 112 113 114 115 116 117 118 119 120 121 122 123 124 125 126 127,-1.0,
base,active,81929.0,83179.0,85177.0,21 22,34689.0,False
base,active,81907.0,83179.0,85196.0,17 18 19 20,34688.0,False
base,active,,83192.0,84392.0,2,-1.0,
base,active,,83197.0,84397.0,16,-1.0,
base,active,,83214.0,84414.0,15,-1.0,
base,active,,83273.0,84473.0,3 4,-1.0,
base,active,,83288.0,84488.0,0 1,-1.0,
base,active,,83322.0,84522.0,13 14,-1.0,
base,active,,83329.0,84529.0,7 8,-1.0,
base,active,,83337.0,84537.0,11 12,-1.0,
base,active,,83356.0,84556.0,5 6,-1.0,
base,active,,83657.0,84857.0,9 10,-1.0,
base,switching_off,,84379.0,86179.0,23 24 25 26 27 28 29 30 31 32 33 34 35 36 37 38 39 40 41 42 43 44 45 46 47 48 49 50 51 52 53 54 55 56 57 58 59 60 61 62 63 64 65 66 67 68 69 70 71 72 73 74 75 76 77 78 79 80 81 82 83 84 85 86 87 88 89 90 91 92 93 94 95 96 97 98 99 100 101 102 103 104 105 106 107 108 109 110 111 112 113 114 115 116 117 118 119 120 121 122 123 124 125 126 127,-2.0,
base,switching_off,,84392.0,86192.0,2,-2.0,
base,switching_off,,84397.0,86197.0,16,-2.0,
base,switching_off,,84414.0,86214.0,15,-2.0,
base,switching_off,,84473.0,86273.0,3 4,-2.0,
base,switching_off,,84488.0,86288.0,0 1,-2.0,
base,switching_off,,84522.0,86322.0,13 14,-2.0,
base,switching_off,,84529.0,86329.0,7 8,-2.0,
base,switching_off,,84537.0,86337.0,11 12,-2.0,
base,switching_off,,84556.0,86356.0,5 6,-2.0,
base,switching_off,,84857.0,86657.0,9 10,-2.0,
base,active,,85177.0,86377.0,21 22,-1.0,
base,active,,85196.0,86396.0,17 18 19 20,-1.0,
base,sleeping,,86179.0,89123.0,23 24 25 26 27 28 29 30 31 32 33,-4.0,
base,sleeping,,86179.0,89458.0,34 35 36 37 38 39 40 41 42 43 44 45 46 47 48 49 50 51 52 53 54 55 56 57 58 59 60 61 62 63 64 65,-4.0,
base,sleeping,,86179.0,89766.0,66 67 68 69 70 71 72 73 74 75 76 77 78 79 80 81 82 83 84 85 86 87 88 89 90 91 92 93 94 95 96 97,-4.0,
base,sleeping,,86179.0,91793.0,98 99 100 101 102 103 104 105 106 107 108 109 110 111 112 113 114 115 116 117 118 119 120 121 122 123 124 125 126 127,-4.0,
base,sleeping,,86192.0,89123.0,2,-4.0,
base,sleeping,,86197.0,89123.0,16,-4.0,
base,sleeping,,86214.0,89123.0,15,-4.0,
base,sleeping,,86273.0,89123.0,3 4,-4.0,
base,sleeping,,86288.0,88999.0,0 1,-4.0,
base,sleeping,,86322.0,89123.0,13 14,-4.0,
base,sleeping,,86329.0,89123.0,7 8,-4.0,
base,sleeping,,86337.0,89123.0,11 12,-4.0,
base,sleeping,,86356.0,89123.0,5 6,-4.0,
base,switching_off,,86377.0,88177.0,21 22,-2.0,
base,switching_off,,86396.0,88196.0,17 18 19 20,-2.0,
base,sleeping,,86657.0,89123.0,9 10,-4.0,
base,sleeping,,88177.0,89123.0,21 22,-4.0,
base,sleeping,,88196.0,89123.0,17 18 19 20,-4.0,
base,switching_on,,88999.0,91699.0,0 1,-3.0,
base,switching_on,,89123.0,91823.0,2 3 4 5 6 7 8 9 10 11 12 13 14 15 16 17 18 19 20 21 22 23 24 25 26 27 28 29 30 31 32 33,-3.0,
base,switching_on,,89458.0,92158.0,34 35 36 37 38 39 40 41 42 43 44 45 46 47 48 49 50 51 52 53 54 55 56 57 58 59 60 61 62 63 64 65,-3.0,
base,switching_on,,89766.0,92466.0,66 67 68 69 70 71 72 73 74 75 76 77 78 79 80 81 82 83 84 85 86 87 88 89 90 91 92 93 94 95 96 97,-3.0,
base,active,88999.0,91699.0,91793.0,0 1,34724.0,False
base,active,,91793.0,94493.0,0 1,-1.0,
base,switching_on,,91793.0,94493.0,98 99 100 101 102 103 104 105 106 107 108 109 110 111 112 113 114 115 116 117 118 119 120 121 122 123 124 125 126 127,-3.0,
base,active,89123.0,91823.0,91906.0,2 3 4 5 6 7 8 9 10 11 12 13 14 15 16 17 18 19 20 21 22 23 24 25 26 27 28 29 30 31 32 33,34726.0,False
base,active,90780.0,91906.0,91973.0,2 3 4 5 6 7 8 9 10 11 12 13 14 15 16 17 18 19 20 21 22 23 24 25 26 27 28 29 30 31 32 33,34737.0,False
base,active,91111.0,91973.0,92013.0,2 3,34739.0,False
base,active,,91973.0,92013.0,4 5 6 7 8 9 10 11 12 13 14 15 16 17 18 19 20 21 22 23 24 25 26 27 28 29 30 31 32 33,-1.0,
base,active,91393.0,92013.0,92177.0,2 3 4 5 6 7 8 9 10 11 12 13 14 15 16 17 18 19 20 21 22 23 24 25 26 27 28 29 30 31 32 33,34740.0,False
base,active,89458.0,92158.0,93088.0,34 35 36 37 38 39 40 41 42 43 44 45 46 47 48 49 50 51 52 53 54 55 56 57 58 59 60 61 62 63 64 65,34727.0,False
base,active,91682.0,92177.0,92358.0,2 3 4 5 6 7 8 9 10 11 12 13 14 15 16 17 18 19 20 21 22 23 24 25 26 27 28 29 30 31 32 33,34745.0,False
base,active,91713.0,92358.0,92423.0,2 3,34747.0,False
base,active,92227.0,92358.0,92435.0,4 5,34749.0,False
base,active,,92358.0,92435.0,6 7 8 9 10 11 12 13 14 15 16 17 18 19 20 21 22 23 24 25 26 27 28 29 30 31 32 33,-1.0,
base,active,,92423.0,92435.0,2 3,-1.0,
base,active,92393.0,92435.0,92638.0,2 3 4 5 6 7 8 9 10 11 12 13 14 15 16 17 18 19 20 21 22 23 24 25 26 27 28 29 30 31 32 33,34750.0,False
base,active,89766.0,92466.0,92672.0,66 67 68 69 70 71 72 73 74 75 76 77 78 79 80 81 82 83 84 85 86 87 88 89 90 91 92 93 94 95 96 97,34729.0,False
base,active,92446.0,92638.0,92762.0,2 3,34751.0,False
base,active,,92638.0,92776.0,4 5,-1.0,
base,active,,92638.0,93231.0,6 7,-1.0,
base,active,,92638.0,93363.0,8 9,-1.0,
base,active,,92638.0,93446.0,10 11,-1.0,
base,active,,92638.0,93491.0,12 13 14 15 16 17 18 19 20 21 22 23 24 25 26 27 28 29 30 31 32 33,-1.0,
base,active,,92672.0,93491.0,66 67 68 69 70 71 72 73 74 75,-1.0,
base,active,,92672.0,93630.0,76 77,-1.0,
base,active,,92672.0,93687.0,78 79,-1.0,
base,active,,92672.0,93768.0,80 81,-1.0,
base,active,,92672.0,93808.0,82 83,-1.0,
base,active,,92672.0,93848.0,84 85,-1.0,
base,active,,92672.0,93872.0,86 87 88 89 90 91 92 93 94 95 96 97,-1.0,
base,active,,92762.0,93961.0,2 3,-1.0,
base,active,92776.0,92776.0,92879.0,4 5,34753.0,False
base,active,,92879.0,94049.0,4 5,-1.0,
base,active,,93088.0,94215.0,34 35,-1.0,
base,active,,93088.0,94288.0,36 37 38 39 40 41 42 43 44 45 46 47 48 49 50 51 52 53 54 55 56 57 58 59 60 61 62 63 64 65,-1.0,
base,active,93231.0,93231.0,93272.0,6 7,34758.0,False
base,active,,93272.0,94315.0,6 7,-1.0,
base,active,93363.0,93363.0,93403.0,8 9,34760.0,False
base,active,,93403.0,94343.0,8 9,-1.0,
base,active,93446.0,93446.0,93487.0,10 11,34761.0,False
base,active,,93487.0,94687.0,10 11,-1.0,
base,active,93491.0,93491.0,94077.0,12 13 14 15 16 17 18 19 20 21 22 23 24 25 26 27 28 29 30 31 32 33 66 67 68 69 70 71 72 73 74 75,34762.0,False
base,active,93630.0,93630.0,93679.0,76 77,34763.0,False
base,active,,93679.0,94879.0,76 77,-1.0,
base,active,93687.0,93687.0,93718.0,78 79,34764.0,False
base,active,,93718.0,94918.0,78 79,-1.0,
base,active,93768.0,93768.0,93793.0,80 81,34767.0,False
base,active,,93793.0,94993.0,80 81,-1.0,
base,active,93808.0,93808.0,93842.0,82 83,34769.0,False
base,active,,93842.0,95042.0,82 83,-1.0,
base,active,93848.0,93848.0,93877.0,84 85,34771.0,False
base,switching_off,,93872.0,95672.0,86 87 88 89 90 91 92 93 94 95 96 97,-2.0,
base,active,,93877.0,95070.0,84,-1.0,
base,active,,93877.0,95077.0,85,-1.0,
base,active,93961.0,93961.0,93997.0,2 3,34772.0,False
base,active,,93997.0,95079.0,2 3,-1.0,
base,active,94049.0,94049.0,94107.0,4 5,34773.0,False
base,active,,94077.0,95079.0,12 13 14 15 16 17 18 19 20 21 22 23 24 25,-1.0,
base,active,,94077.0,95142.0,26 27 28 29 30 31 32 33 66 67 68 69 70 71 72 73 74 75,-1.0,
base,active,,94107.0,95142.0,4 5,-1.0,
base,active,94215.0,94215.0,94299.0,34 35,34776.0,False
base,active,94288.0,94288.0,94290.0,36,34777.0,False
base,switching_off,,94288.0,96088.0,37 38 39 40 41 42 43 44 45 46 47 48 49 50 51 52 53 54 55 56 57 58 59 60 61 62 63 64 65,-2.0,
base,active,,94290.0,95142.0,36,-1.0,
base,active,,94299.0,95142.0,34 35,-1.0,
base,active,94315.0,94315.0,94335.0,6 7,34778.0,False
base,active,,94335.0,95142.0,6 7,-1.0,
base,active,94343.0,94343.0,94378.0,8 9,34779.0,False
base,active,,94378.0,95142.0,8 9,-1.0,
base,active,90544.0,94493.0,94651.0,0 1 98 99 100 101 102 103 104 105 106 107 108 109 110 111 112 113 114 115 116 117 118 119 120 121 122 123 124 125 126 127,34735.0,False
base,active,,94651.0,95142.0,0 1 98 99 100,-1.0,
base,active,,94651.0,95335.0,101 102,-1.0,
base,active,,94651.0,95427.0,103 104,-1.0,
base,active,,94651.0,95462.0,105 106,-1.0,
base,active,,94651.0,95509.0,107 108,-1.0,
base,active,,94651.0,95570.0,109 110,-1.0,
base,active,,94651.0,95601.0,111 112,-1.0,
base,active,,94651.0,95851.0,113 114 115 116 117 118 119 120 121 122 123 124 125 126 127,-1.0,
base,switching_off,,94687.0,96487.0,10 11,-2.0,
base,switching_off,,94879.0,96679.0,76 77,-2.0,
base,switching_off,,94918.0,96718.0,78 79,-2.0,
base,switching_off,,94993.0,96793.0,80 81,-2.0,
base,switching_off,,95042.0,96842.0,82 83,-2.0,
base,active,95070.0,95070.0,95074.0,84,34781.0,False
base,active,,95074.0,95936.0,84,-1.0,
base,switching_off,,95077.0,96877.0,85,-2.0,
base,active,95079.0,95079.0,95089.0,2 3 12 13 14 15 16 17 18 19 20 21 22 23 24 25,34782.0,False
base,active,,95089.0,95936.0,2,-1.0,
base,active,,95089.0,95995.0,3 12,-1.0,
base,active,,95089.0,96101.0,13,-1.0,
base,active,,95089.0,96289.0,14 15 16 17 18 19 20 21 22 23 24 25,-1.0,
base,active,95142.0,95142.0,95304.0,0 1 4 5 6 7 8 9 26 27 28 29 30 31 32 33 34 35 36 66 67 68 69 70 71 72 73 74 75 98 99 100,34784.0,False
base,active,,95304.0,96504.0,0 1 4 5 6 7 8 9 26 27 28 29 30 31 32 33 34 35 36 66 67 68 69 70 71 72 73 74 75 98 99 100,-1.0,
base,active,95335.0,95335.0,95366.0,101 102,34787.0,False
base,active,,95366.0,96566.0,101 102,-1.0,
base,active,95427.0,95427.0,95457.0,103 104,34788.0,False
base,active,,95457.0,96657.0,103 104,-1.0,
base,active,95462.0,95462.0,95494.0,105 106,34789.0,False
base,active,,95494.0,96694.0,105 106,-1.0,
base,active,95509.0,95509.0,95855.0,107 108,34790.0,False
base,active,95570.0,95570.0,95595.0,109 110,34791.0,False
base,active,,95595.0,96242.0,109 110,-1.0,
base,active,95601.0,95601.0,95633.0,111 112,34792.0,False
base,active,,95633.0,96242.0,111 112,-1.0,
base,sleeping,,95672.0,100983.0,86 87 88 89 90 91 92 93 94 95 96 97,-4.0,
base,switching_off,,95851.0,97651.0,113 114 115 116 117 118 119 120 121 122 123 124 125 126 127,-2.0,
base,active,,95855.0,96242.0,108,-1.0,
base,active,,95855.0,96333.0,107,-1.0,
base,active,95936.0,95936.0,95951.0,2 84,34794.0,False
base,active,,95951.0,97151.0,2 84,-1.0,
base,active,95995.0,95995.0,96016.0,3 12,34795.0,False
base,active,,96016.0,97216.0,3 12,-1.0,
base,sleeping,,96088.0,100983.0,37 38 39 40 41 42 43 44 45 46 47 48 49 50 51 52 53 54 55 56 57 58 59 60 61 62 63 64 65,-4.0,
base,active,96101.0,96101.0,96107.0,13,34796.0,False
base,active,,96107.0,97307.0,13,-1.0,
base,active,96242.0,96242.0,96245.0,108 109 110 111,34800.0,False
base,active,96187.0,96242.0,96256.0,112,34799.0,False
base,active,,96245.0,96333.0,108 109 110 111,-1.0,
base,active,,96256.0,96333.0,112,-1.0,
base,switching_off,,96289.0,98089.0,14 15 16 17 18 19 20 21 22 23 24 25,-2.0,
base,active,96302.0,96333.0,96336.0,109 110 111 112,34801.0,False
base,active,96333.0,96333.0,96336.0,107 108,34802.0,False
base,active,,96336.0,96548.0,111 112,-1.0,
base,active,,96336.0,97536.0,107 108 109 110,-1.0,
base,sleeping,,96487.0,100983.0,10 11,-4.0,
base,switching_off,,96504.0,98304.0,0 1 4 5 6 7 8 9 26 27 28 29 30 31 32 33 34 35 36 66 67 68 69 70 71 72 73 74 75 98 99 100,-2.0,
base,active,96451.0,96548.0,96551.0,111 112,34803.0,False
base,active,,96551.0,96610.0,111 112,-1.0,
base,switching_off,,96566.0,98366.0,101 102,-2.0,
base,active,96610.0,96610.0,96613.0,111 112,34810.0,False
base,active,,96613.0,96805.0,112,-1.0,
base,active,,96613.0,97813.0,111,-1.0,
base,switching_off,,96657.0,98457.0,103 104,-2.0,
base,sleeping,,96679.0,100983.0,76 77,-4.0,
base,switching_off,,96694.0,98494.0,105 106,-2.0,
base,sleeping,,96718.0,100983.0,78 79,-4.0,
base,sleeping,,96793.0,100983.0,80 81,-4.0,
base,active,96805.0,96805.0,96808.0,112,34812.0,False
base,active,,96808.0,96865.0,112,-1.0,
base,sleeping,,96842.0,100983.0,82 83,-4.0,
base,active,96865.0,96865.0,96868.0,112,34814.0,False
base,active,,96868.0,97533.0,112,-1.0,
base,sleeping,,96877.0,100983.0,85,-4.0,
base,switching_off,,97151.0,98951.0,2 84,-2.0,
base,switching_off,,97216.0,99016.0,3 12,-2.0,
base,switching_off,,97307.0,99107.0,13,-2.0,
base,active,97533.0,97533.0,97537.0,112,34816.0,False
base,switching_off,,97536.0,99336.0,107 108 109 110,-2.0,
base,active,,97537.0,97978.0,112,-1.0,
base,sleeping,,97651.0,100983.0,113 114 115 116 117 118 119 120 121 122 123 124 125 126 127,-4.0,
base,switching_off,,97813.0,99613.0,111,-2.0,
base,active,97978.0,97978.0,97983.0,112,34819.0,False
base,active,,97983.0,99183.0,112,-1.0,
base,sleeping,,98089.0,100983.0,14 15 16 17 18 19 20 21 22 23 24 25,-4.0,
base,sleeping,,98304.0,100983.0,0 1 4 5 6 7 8 9 26 27 28 29 30 31 32 33 34 35 36 66 67 68 69 70 71 72 73 74 75 98 99 100,-4.0,
base,sleeping,,98366.0,100983.0,101 102,-4.0,
base,sleeping,,98457.0,100983.0,103 104,-4.0,
base,sleeping,,98494.0,100983.0,105 106,-4.0,
base,sleeping,,98951.0,100983.0,2 84,-4.0,
base,sleeping,,99016.0,100983.0,3 12,-4.0,
base,sleeping,,99107.0,100983.0,13,-4.0,
base,switching_off,,99183.0,100983.0,112,-2.0,
base,sleeping,,99336.0,100983.0,107 108 109 110,-4.0,
base,sleeping,,99613.0,100983.0,111,-4.0,
base,switching_on,,100983.0,103683.0,0 1 2 3 4 5 6 7 8 9 10 11 12 13 14 15 16 17 18 19 20 21 22 23 24 25 26 27 28 29 30 31 32 33 34 35 36 37 38 39 40 41 42 43 44 45 46 47 48 49 50 51 52 53 54 55 56 57 58 59 60 61 62 63 64 65 66 67 68 69 70 71 72 73 74 75 76 77 78 79 80 81 82 83 84 85 86 87 88 89 90 91 92 93 94 95 96 97 98 99 100 101 102 103 104 105 106 107 108 109 110 111 112 113 114 115 116 117 118 119 120 121 122 123 124 125 126 127,-3.0,
base,active,96116.0,103683.0,103688.0,0 1 2 3 4 5 6 7 8 9 10 11 12 13 14 15 16 17 18 19 20 21 22 23 24 25 26 27 28 29 30 31 32 33 34 35 36 37 38 39 40 41 42 43 44 45 46 47 48 49 50 51 52 53 54 55 56 57 58 59 60 61 62 63 64 65 66 67 68 69 70 71 72 73 74 75 76 77 78 79 80 81 82 83 84 85 86 87 88 89 90 91 92 93 94 95 96 97 98 99 100 101 102 103 104 105 106 107 108 109 110 111 112 113 114 115 116 117 118 119 120 121 122 123 124 125 126 127,34797.0,False
base,active,96548.0,103688.0,103691.0,0 1 2 3 4 5 6 7 8 9 10 11 12 13 14 15,34807.0,False
base,active,,103688.0,103691.0,16 17 18 19 20 21 22 23 24 25 26 27 28 29 30 31 32 33 34 35 36 37 38 39 40 41 42 43 44 45 46 47 48 49 50 51 52 53 54 55 56 57 58 59 60 61 62 63 64 65 66 67 68 69 70 71 72 73 74 75 76 77 78 79 80 81 82 83 84 85 86 87 88 89 90 91 92 93 94 95 96 97 98 99 100 101 102 103 104 105 106 107 108 109 110 111 112 113 114 115 116 117 118 119 120 121 122 123 124 125 126 127,-1.0,
base,active,97626.0,103691.0,104015.0,0 1 2 3 4 5 6 7 8 9 10 11 12 13 14 15 16 17 18 19 20 21 22 23 24 25 26 27 28 29 30 31 32 33 34 35 36 37 38 39 40 41 42 43 44 45 46 47 48 49 50 51 52 53 54 55 56 57 58 59 60 61 62 63 64 65 66 67 68 69 70 71 72 73 74 75 76 77 78 79 80 81 82 83 84 85 86 87 88 89 90 91 92 93 94 95 96 97 98 99 100 101 102 103 104 105 106 107 108 109 110 111 112 113 114 115 116 117 118 119 120 121 122 123 124 125 126 127,34818.0,False
base,active,98012.0,104015.0,104209.0,0 1 2 3 4 5 6 7 8 9 10 11 12 13 14 15 16 17 18 19 20 21 22 23 24 25 26 27 28 29 30 31 32 33 34 35 36 37 38 39 40 41 42 43 44 45 46 47 48 49 50 51 52 53 54 55 56 57 58 59 60 61 62 63 64 65 66 67 68 69 70 71 72 73 74 75 76 77 78 79 80 81 82 83 84 85 86 87 88 89 90 91 92 93 94 95 96 97 98 99 100 101 102 103 104 105 106 107 108 109 110 111 112 113 114 115 116 117 118 119 120 121 122 123 124 125 126 127,34820.0,False
base,active,99464.0,104209.0,104216.0,111 112 113 114 115 116 117 118 119 120 121 122 123 124 125 126,34829.0,False
base,active,102192.0,104209.0,104218.0,106,34850.0,False
base,active,100102.0,104209.0,104223.0,109,34834.0,False
base,active,101644.0,104209.0,104226.0,108,34844.0,False
base,active,99324.0,104209.0,104232.0,127,34826.0,False
base,active,99717.0,104209.0,104233.0,110,34830.0,False
base,active,102189.0,104209.0,104233.0,107,34849.0,False
base,active,102678.0,104209.0,104289.0,105,34853.0,False
base,active,103229.0,104209.0,104295.0,103,34857.0,False
base,active,103428.0,104209.0,104335.0,102,34861.0,False
base,active,98516.0,104209.0,104338.0,32 33 34 35 36 37 38 39 40 41 42 43 44 45 46 47 48 49 50 51 52 53 54 55 56 57 58 59 60 61 62 63,34823.0,False
base,active,104033.0,104209.0,104387.0,70 71 72 73 74 75 76 77 78 79 80 81 82 83 84 85 86 87 88 89 90 91 92 93 94 95 96 97 98 99 100 101,34865.0,False
base,active,102958.0,104209.0,104459.0,104,34855.0,False
base,active,98239.0,104209.0,104474.0,0 1 2 3 4 5 6 7 8 9 10 11 12 13 14 15 16 17 18 19 20 21 22 23 24 25 26 27 28 29 30 31,34821.0,False
base,active,,104209.0,104474.0,64 65 66 67 68 69,-1.0,
base,active,,104216.0,104474.0,111 112 113 114 115 116 117 118 119 120 121 122 123 124 125 126,-1.0,
base,active,,104218.0,104474.0,106,-1.0,
base,active,,104223.0,104474.0,109,-1.0,
base,active,,104226.0,104474.0,108,-1.0,
base,active,,104232.0,104474.0,127,-1.0,
base,active,,104233.0,104474.0,107 110,-1.0,
base,active,,104289.0,104474.0,105,-1.0,
base,active,,104295.0,104474.0,103,-1.0,
base,active,,104335.0,104474.0,102,-1.0,
base,active,,104338.0,104474.0,32 33 34 35 36 37 38 39 40 41 42 43 44 45 46 47 48 49 50 51 52 53 54 55 56 57 58 59 60 61 62 63,-1.0,
base,active,,104387.0,104474.0,70 71 72 73 74 75 76 77 78 79 80 81 82 83 84 85 86 87 88 89 90 91 92 93 94 95 96 97 98 99 100 101,-1.0,
base,active,,104459.0,104474.0,104,-1.0,
base,active,98749.0,104474.0,104712.0,0 1 2 3 4 5 6 7 8 9 10 11 12 13 14 15 16 17 18 19 20 21 22 23 24 25 26 27 28 29 30 31 32 33 34 35 36 37 38 39 40 41 42 43 44 45 46 47 48 49 50 51 52 53 54 55 56 57 58 59 60 61 62 63 64 65 66 67 68 69 70 71 72 73 74 75 76 77 78 79 80 81 82 83 84 85 86 87 88 89 90 91 92 93 94 95 96 97 98 99 100 101 102 103 104 105 106 107 108 109 110 111 112 113 114 115 116 117 118 119 120 121 122 123 124 125 126 127,34824.0,False
base,active,102047.0,104712.0,104993.0,96 97 98 99 100 101 102 103 104 105 106 107 108 109 110 111 112 113 114 115 116 117 118 119 120 121 122 123 124 125 126 127,34848.0,False
base,active,98992.0,104712.0,105023.0,0 1 2 3 4 5 6 7 8 9 10 11 12 13 14 15 16 17 18 19 20 21 22 23 24 25 26 27 28 29 30 31,34825.0,False
base,active,99744.0,104712.0,105069.0,64 65 66 67 68 69 70 71 72 73 74 75 76 77 78 79 80 81 82 83 84 85 86 87 88 89 90 91 92 93 94 95,34831.0,False
base,active,99345.0,104712.0,105081.0,32 33 34 35 36 37 38 39 40 41 42 43 44 45 46 47 48 49 50 51 52 53 54 55 56 57 58 59 60 61 62 63,34827.0,False
base,active,104692.0,104993.0,105000.0,126,34869.0,False
base,active,104688.0,104993.0,105012.0,127,34868.0,False
base,active,,104993.0,105081.0,96 97 98 99 100 101 102 103 104 105 106 107 108 109 110 111 112 113 114 115 116 117 118 119 120 121 122 123 124 125,-1.0,
base,active,,105000.0,105081.0,126,-1.0,
base,active,,105012.0,105081.0,127,-1.0,
base,active,,105023.0,105081.0,0 1 2 3 4 5 6 7 8 9 10 11 12 13 14 15 16 17 18 19 20 21 22 23 24 25 26 27 28 29 30 31,-1.0,
base,active,,105069.0,105081.0,64 65 66 67 68 69 70 71 72 73 74 75 76 77 78 79 80 81 82 83 84 85 86 87 88 89 90 91 92 93 94 95,-1.0,
base,active,100231.0,105081.0,105248.0,0 1 2 3 4 5 6 7 8 9 10 11 12 13 14 15 16 17 18 19 20 21 22 23 24 25 26 27 28 29 30 31 32 33 34 35 36 37 38 39 40 41 42 43 44 45 46 47 48 49 50 51 52 53 54 55 56 57 58 59 60 61 62 63 64 65 66 67 68 69 70 71 72 73 74 75 76 77 78 79 80 81 82 83 84 85 86 87 88 89 90 91 92 93 94 95 96 97 98 99 100 101 102 103 104 105 106 107 108 109 110 111 112 113 114 115 116 117 118 119 120 121 122 123 124 125 126 127,34835.0,False
base,active,105062.0,105248.0,105635.0,97,34876.0,False
base,active,,105248.0,105678.0,98,-1.0,
base,active,101690.0,105248.0,105743.0,64 65 66 67 68 69 70 71 72 73 74 75 76 77 78 79 80 81 82 83 84 85 86 87 88 89 90 91 92 93 94 95,34845.0,False
base,active,,105248.0,105743.0,99 100 101 102 103 104 105 106 107 108 109 110 111 112 113 114 115 116 117 118 119 120 121 122 123 124 125 126 127,-1.0,
base,active,100461.0,105248.0,105794.0,0 1 2 3 4 5 6 7 8 9 10 11 12 13 14 15 16 17 18 19 20 21 22 23 24 25 26 27 28 29 30 31,34836.0,False
base,active,101060.0,105248.0,105831.0,32 33 34 35 36 37 38 39 40 41 42 43 44 45 46 47 48 49 50 51 52 53 54 55 56 57 58 59 60 61 62 63,34838.0,False
base,active,103956.0,105248.0,105921.0,96,34864.0,False
base,active,,105635.0,105743.0,97,-1.0,
base,active,105678.0,105678.0,105851.0,98,34878.0,False
base,active,,105743.0,105794.0,66 67 68 69 70 71 72 73 74 75 76 77 78 79 80 81 82 83 84 85 86 87 88 89 90 91 92 93 94 95,-1.0,
base,active,104250.0,105743.0,106179.0,64 65 97 99 100 101 102 103 104 105 106 107 108 109 110 111 112 113 114 115 116 117 118 119 120 121 122 123 124 125 126 127,34866.0,False
base,active,,105794.0,105831.0,2 3 4 5 6 7 8 9 10 11 12 13 14 15 16 17 18 19 20 21 22 23 24 25 26 27 28 29 30 31,-1.0,
base,active,104794.0,105794.0,106761.0,0 1 66 67 68 69 70 71 72 73 74 75 76 77 78 79 80 81 82 83 84 85 86 87 88 89 90 91 92 93 94 95,34871.0,False
base,active,105812.0,105831.0,106002.0,2 3 4 5 6 7 8 9 10 11 12 13 14 15 16 17 18 19 20 21 22 23 24 25 26 27 28 29 30 31 32 33,34879.0,False
base,active,,105831.0,106054.0,34,-1.0,
base,active,,105831.0,106310.0,35 36 37 38 39 40 41 42 43 44 45 46 47 48 49 50 51 52 53 54 55 56 57 58 59 60 61 62 63,-1.0,
base,active,,105851.0,106310.0,98,-1.0,
base,active,,105921.0,106310.0,96,-1.0,
base,active,,106002.0,106310.0,2,-1.0,
base,active,,106002.0,106499.0,3,-1.0,
base,active,,106002.0,106820.0,4,-1.0,
base,active,,106002.0,106987.0,5,-1.0,
base,active,,106002.0,107013.0,6,-1.0,
base,active,,106002.0,107024.0,7,-1.0,
base,active,,106002.0,107202.0,8 9 10 11 12 13 14 15 16 17 18 19 20 21 22 23 24 25 26 27 28 29 30 31 32 33,-1.0,
base,active,106054.0,106054.0,106197.0,34,34881.0,False
base,active,,106179.0,107379.0,64 65 97 99 100 101 102 103 104 105 106 107 108 109 110 111 112 113 114 115 116 117 118 119 120 121 122 123 124 125 126 127,-1.0,
base,active,,106197.0,107397.0,34,-1.0,
base,active,106310.0,106310.0,106982.0,2 35 36 37 38 39 40 41 42 43 44 45 46 47 48 49 50 51 52 53 54 55 56 57 58 59 60 61 62 63 96 98,34883.0,False
base,active,106499.0,106499.0,106644.0,3,34887.0,False
base,active,,106644.0,107503.0,3,-1.0,
base,active,,106761.0,107503.0,0 1 66 67 68 69 70 71 72 73 74 75 76 77 78 79 80 81 82 83 84 85 86 87 88 89 90 91 92 93 94,-1.0,
base,active,,106761.0,107961.0,95,-1.0,
base,active,106820.0,106820.0,107015.0,4,34889.0,False
base,active,,106982.0,107979.0,2,-1.0,
base,active,,106982.0,108061.0,35 36 37 38 39 40 41 42 43 44 45 46 47 48 49 50 51 52 53 54 55 56 57 58 59 60 61 62 63 96 98,-1.0,
base,active,106987.0,106987.0,107009.0,5,34891.0,False
base,active,,107009.0,108061.0,5,-1.0,
base,active,107013.0,107013.0,107018.0,6,34892.0,False
base,active,,107015.0,108215.0,4,-1.0,
base,active,,107018.0,108218.0,6,-1.0,
base,active,107024.0,107024.0,107031.0,7,34893.0,False
base,active,,107031.0,108231.0,7,-1.0,
base,switching_off,,107202.0,109002.0,8 9 10 11 12 13 14 15 16 17 18 19 20 21 22 23 24 25 26 27 28 29 30 31 32 33,-2.0,
base,switching_off,,107379.0,109179.0,64 65 97 99 100 101 102 103 104 105 106 107 108 109 110 111 112 113 114 115 116 117 118 119 120 121 122 123 124 125 126 127,-2.0,
base,switching_off,,107397.0,109197.0,34,-2.0,
base,active,107503.0,107503.0,107701.0,0 1 3 66 67 68 69 70 71 72 73 74 75 76 77 78 79 80 81 82 83 84 85 86 87 88 89 90 91 92 93 94,34895.0,False
base,active,,107701.0,108580.0,0,-1.0,
base,active,,107701.0,108588.0,1,-1.0,
base,active,,107701.0,108597.0,3,-1.0,
base,active,,107701.0,108628.0,66,-1.0,
base,active,,107701.0,108716.0,67 68 69 70 71 72 73 74 75 76 77 78 79 80 81 82 83 84 85 86 87 88 89 90 91 92 93 94,-1.0,
base,switching_off,,107961.0,109761.0,95,-2.0,
base,active,107979.0,107979.0,108218.0,2,34901.0,False
base,active,108061.0,108061.0,108578.0,5 35 36 37 38 39 40 41 42 43 44 45 46 47 48 49 50 51 52 53 54 55 56 57 58 59 60 61 62 63 96 98,34902.0,False
base,switching_off,,108215.0,110015.0,4,-2.0,
base,active,,108218.0,108716.0,2,-1.0,
base,switching_off,,108218.0,110018.0,6,-2.0,
base,switching_off,,108231.0,110031.0,7,-2.0,
base,active,,108578.0,108716.0,5 35 36 37 38 39 40 41 42 43 44 45 46 47 48 49 50 51 52 53 54 55 56 57 58 59 60 61 62 63 96 98,-1.0,
base,active,108580.0,108580.0,108602.0,0,34904.0,False
base,active,108588.0,108588.0,108594.0,1,34905.0,False
base,active,,108594.0,108716.0,1,-1.0,
base,active,108597.0,108597.0,108606.0,3,34906.0,False
base,active,,108602.0,108716.0,0,-1.0,
base,active,,108606.0,108716.0,3,-1.0,
base,active,108628.0,108628.0,108889.0,66,34907.0,False
base,active,108716.0,108716.0,109171.0,0 1 2 3 5 35 36 37 38 39 40 41 42 43 44 45 46 47 48 49 50 51 52 53 54 55 56 57 58 59 60 61 62 63 67 68 69 70 71 72 73 74 75 76 77 78 79 80 81 82 83 84 85 86 87 88 89 90 91 92 93 94 96 98,34908.0,False
base,active,,108889.0,109171.0,66,-1.0,
base,sleeping,,109002.0,109337.0,8 9 10 11 12 13 14 15 16 17 18 19 20 21 22 23 24 25 26 27 28 29 30 31 32 33,-4.0,
base,active,108870.0,109171.0,109403.0,0 1 2 3 5 35 36 37 38 39 40 41 42 43 44 45 46 47 48 49 50 51 52 53 54 55 56 57 58 59 60 66,34909.0,False
base,active,,109171.0,109566.0,69,-1.0,
base,active,,109171.0,112037.0,61 62 63 67 68,-1.0,
base,active,,109171.0,112731.0,70 71 72 73 74 75 76 77 78 79 80 81 82 83 84 85 86 87 88 89 90 91 92 93 94 96 98,-1.0,
base,sleeping,,109179.0,109337.0,64 65 97 99 100 101 102 103 104 105 106 107 108 109 110 111 112 113 114 115 116 117 118 119 120 121 122 123 124 125 126 127,-4.0,
base,sleeping,,109197.0,109337.0,34,-4.0,
base,switching_on,,109337.0,112037.0,8 9 10 11 12 13 14 15 16 17 18 19 20 21 22 23 24 25 26 27 28 29 30 31 32 33 34 64 65 97 99 100 101 102 103 104 105 106 107 108 109 110 111 112 113 114 115 116 117 118 119 120 121 122 123 124 125 126 127,-3.0,
base,active,,109403.0,112731.0,0 1 2 3 5 35 36 37 38 39 40 41 42 43 44 45 46 47 48 49 50 51 52 53 54 55 56 57 58 59 60 66,-1.0,
base,active,109566.0,109566.0,109668.0,69,34917.0,False
base,active,,109668.0,112731.0,69,-1.0,
base,sleeping,,109761.0,110031.0,95,-4.0,
base,sleeping,,110015.0,110031.0,4,-4.0,
base,sleeping,,110018.0,110031.0,6,-4.0,
base,switching_on,,110031.0,112731.0,4 6 7 95,-3.0,
base,active,109337.0,112037.0,112320.0,8 9 10 11 12 13 14 15 16 17 18 19 20 21 22 23 24 25 26 27 28 29 30 31 32 33 34 61 62 63 64 65 67 68 97 99 100 101 102 103 104 105 106 107 108 109 110 111 112 113 114 115 116 117 118 119 120 121 122 123 124 125 126 127,34913.0,False
base,active,110725.0,112320.0,112738.0,8 9 10 11 12 13 14 15 16 17 18 19 20 21 22 23 24 25 26 27 28 29 30 31 32 33 34 61 62 63 64 65 67 68 97 99 100 101 102 103 104 105 106 107 108 109 110 111 112 113 114 115 116 117 118 119 120 121 122 123 124 125 126 127,34921.0,False
base,active,109815.0,112731.0,113191.0,0 1 2 3 4 5 6 7 35 36 37 38 39 40 41 42 43 44 45 46 47 48 49 50 51 52 53 54 55 56 57 58 59 60 66 69 70 71 72 73 74 75 76 77 78 79 80 81 82 83 84 85 86 87 88 89 90 91 92 93 94 95 96 98,34918.0,False
base,active,111224.0,112738.0,112756.0,8,34927.0,False
base,active,112418.0,112738.0,112798.0,10,34936.0,False
base,active,111550.0,112738.0,112875.0,9,34930.0,False
base,active,,112738.0,112875.0,11 12 13 14 15 16 17 18 19 20 21 22 23 24 25 26 27 28 29 30 31 32 33 34 61 62 63 64 65 67 68 97 99 100 101 102 103 104 105 106 107 108 109 110 111 112 113 114 115 116 117 118 119 120 121 122 123 124 125 126 127,-1.0,
base,active,,112756.0,112875.0,8,-1.0,
base,active,,112798.0,112875.0,10,-1.0,
base,active,111235.0,112875.0,113076.0,8 9 10 11 12 13 14 15 16 17 18 19 20 21 22 23 24 25 26 27 28 29 30 31 32 33 34 61 62 63 64 65 67 68 97 99 100 101 102 103 104 105 106 107 108 109 110 111 112 113 114 115 116 117 118 119 120 121 122 123 124 125 126 127,34928.0,False
base,active,112766.0,113076.0,113169.0,8 9,34938.0,False
base,active,113036.0,113076.0,113293.0,10 11 12 13 14 15 16 17 18 19 20 21 22 23 24 25 26 27 28 29 30 31 32 33 34 61 62 63 64 65 67 68,34940.0,False
base,active,,113076.0,113447.0,97 99 100 101 102 103 104 105 106 107 108 109 110 111 112 113 114 115 116 117 118 119 120 121 122 123 124 125 126 127,-1.0,
base,active,,113169.0,113447.0,8 9,-1.0,
base,active,,113191.0,114391.0,0 1 2 3 4 5 6 7 35 36 37 38 39 40 41 42 43 44 45 46 47 48 49 50 51 52 53 54 55 56 57 58 59 60 66 69 70 71 72 73 74 75 76 77 78 79 80 81 82 83 84 85 86 87 88 89 90 91 92 93 94 95 96 98,-1.0,
base,active,,113293.0,114493.0,10 11 12 13 14 15 16 17 18 19 20 21 22 23 24 25 26 27 28 29 30 31 32 33 34 61 62 63 64 65 67 68,-1.0,
base,active,113447.0,113447.0,113855.0,8 9 97 99 100 101 102 103 104 105 106 107 108 109 110 111 112 113 114 115 116 117 118 119 120 121 122 123 124 125 126 127,34942.0,False
base,active,,113855.0,115055.0,8 9 97 99 100 101 102 103 104 105 106 107 108 109 110 111 112 113 114 115 116 117 118 119 120 121 122 123 124 125 126 127,-1.0,
base,switching_off,,114391.0,116191.0,0 1 2 3 4 5 6 7 35 36 37 38 39 40 41 42 43 44 45 46 47 48 49 50 51 52 53 54 55 56 57 58 59 60 66 69 70 71 72 73 74 75 76 77 78 79 80 81 82 83 84 85 86 87 88 89 90 91 92 93 94 95 96 98,-2.0,
base,switching_off,,114493.0,116293.0,10 11 12 13 14 15 16 17 18 19 20 21 22 23 24 25 26 27 28 29 30 31 32 33 34 61 62 63 64 65 67 68,-2.0,
base,switching_off,,115055.0,116855.0,8 9 97 99 100 101 102 103 104 105 106 107 108 109 110 111 112 113 114 115 116 117 118 119 120 121 122 123 124 125 126 127,-2.0,
base,sleeping,,116191.0,116855.0,0 1 2 3 4 5 6 7 35 36 37 38 39 40 41 42 43 44 45 46 47 48 49 50 51 52 53 54 55 56 57 58 59 60 66 69 70 71 72 73 74 75 76 77 78 79 80 81 82 83 84 85 86 87 88 89 90 91 92 93 94 95 96 98,-4.0,
base,sleeping,,116293.0,116855.0,10 11 12 13 14 15 16 17 18 19 20 21 22 23 24 25 26 27 28 29 30 31 32 33 34 61 62 63 64 65 67 68,-4.0,
base,switching_on,,116855.0,119555.0,0 1 2 3 4 5 6 7 8 9 10 11 12 13 14 15 16 17 18 19 20 21 22 23 24 25 26 27 28 29 30 31 32 33 34 35 36 37 38 39 40 41 42 43 44 45 46 47 48 49 50 51 52 53 54 55 56 57 58 59 60 61 62 63 64 65 66 67 68 69 70 71 72 73 74 75 76 77 78 79 80 81 82 83 84 85 86 87 88 89 90 91 92 93 94 95 96 97 98 99 100 101 102 103 104 105 106 107 108 109 110 111 112 113 114 115 116 117 118 119 120 121 122 123 124 125 126 127,-3.0,
base,active,115330.0,119555.0,119611.0,0 1 2 3 4 5 6 7 8 9 10 11 12 13 14 15 16 17 18 19 20 21 22 23 24 25 26 27 28 29 30 31 32 33 34 35 36 37 38 39 40 41 42 43 44 45 46 47 48 49 50 51 52 53 54 55 56 57 58 59 60 61 62 63 64 65 66 67 68 69 70 71 72 73 74 75 76 77 78 79 80 81 82 83 84 85 86 87 88 89 90 91 92 93 94 95 96 97 98 99 100 101 102 103 104 105 106 107 108 109 110 111 112 113 114 115 116 117 118 119 120 121 122 123 124 125 126 127,34954.0,False
base,active,115454.0,119611.0,120378.0,0 1 2 3 4 5 6 7 8 9 10 11 12 13 14 15 16 17 18 19 20 21 22 23 24 25 26 27 28 29 30 31 32 33 34 35 36 37 38 39 40 41 42 43 44 45 46 47 48 49 50 51 52 53 54 55 56 57 58 59 60 61 62 63 64 65 66 67 68 69 70 71 72 73 74 75 76 77 78 79 80 81 82 83 84 85 86 87 88 89 90 91 92 93 94 95 96 97 98 99 100 101 102 103 104 105 106 107 108 109 110 111 112 113 114 115 116 117 118 119 120 121 122 123 124 125 126 127,34955.0,False
base,active,116555.0,120378.0,120650.0,0 1 2 3 4 5 6 7 8 9 10 11 12 13 14 15 16 17 18 19 20 21 22 23 24 25 26 27 28 29 30 31 32 33 34 35 36 37 38 39 40 41 42 43 44 45 46 47 48 49 50 51 52 53 54 55 56 57 58 59 60 61 62 63,34957.0,False
base,active,116876.0,120378.0,120769.0,64 65 66 67 68 69 70 71 72 73 74 75 76 77 78 79 80 81 82 83 84 85 86 87 88 89 90 91 92 93 94 95 96 97 98 99 100 101 102 103 104 105 106 107 108 109 110 111 112 113 114 115 116 117 118 119 120 121 122 123 124 125 126 127,34959.0,False
base,active,117269.0,120650.0,120658.0,0,34961.0,False
base,active,118066.0,120650.0,120666.0,63,34970.0,False
base,active,117663.0,120650.0,120669.0,33,34966.0,False
base,active,,120650.0,120669.0,34 35 36 37 38 39 40 41 42 43 44 45 46 47 48 49 50 51 52 53 54 55 56 57 58 59 60 61 62,-1.0,
base,active,117474.0,120650.0,120739.0,1 2 3 4 5 6 7 8 9 10 11 12 13 14 15 16 17 18 19 20 21 22 23 24 25 26 27 28 29 30 31 32,34962.0,False
base,active,,120658.0,120669.0,0,-1.0,
base,active,,120666.0,120669.0,63,-1.0,
base,active,117950.0,120669.0,120673.0,0 33 34 35 36 37 38 39 40 41 42 43 44 45 46 47 48 49 50 51 52 53 54 55 56 57 58 59 60 61 62 63,34969.0,False
base,active,118127.0,120673.0,121187.0,0 33 34 35 36 37 38 39 40 41 42 43 44 45 46 47 48 49 50 51 52 53 54 55 56 57 58 59 60 61 62 63,34971.0,False
base,active,,120739.0,120769.0,1 2 3 4 5 6 7 8 9 10 11 12 13 14 15 16 17 18 19 20 21 22 23 24 25 26 27 28 29 30 31 32,-1.0,
base,active,119151.0,120769.0,121162.0,96 97 98 99 100 101 102 103 104 105 106 107 108 109 110 111 112 113 114 115 116 117 118 119 120 121 122 123 124 125 126 127,34979.0,False
base,active,118130.0,120769.0,129965.0,1 2 3 4 5 6 7 8 9 10 11 12 13 14 15 16 17 18 19 20 21 22 23 24 25 26 27 28 29 30 31 32 64 65 66 67 68 69 70 71 72 73 74 75 76 77 78 79 80 81 82 83 84 85 86 87 88 89 90 91 92 93 94 95,34972.0,False
base,active,,121162.0,122362.0,96 97 98 99 100 101 102 103 104 105 106 107 108 109 110 111 112 113 114 115 116 117 118 119 120 121 122 123 124 125 126 127,-1.0,
base,active,,121187.0,122387.0,0 33 34 35 36 37 38 39 40 41 42 43 44 45 46 47 48 49 50 51 52 53 54 55 56 57 58 59 60 61 62 63,-1.0,
base,switching_off,,122362.0,124162.0,96 97 98 99 100 101 102 103 104 105 106 107 108 109 110 111 112 113 114 115 116 117 118 119 120 121 122 123 124 125 126 127,-2.0,
base,switching_off,,122387.0,124187.0,0 33 34 35 36 37 38 39 40 41 42 43 44 45 46 47 48 49 50 51 52 53 54 55 56 57 58 59 60 61 62 63,-2.0,
base,sleeping,,124162.0,130032.0,96 97 98 99 100 101 102 103 104 105 106 107 108 109 110 111 112 113 114 115 116 117 118 119 120 121 122 123 124 125 126 127,-4.0,
base,sleeping,,124187.0,126975.0,0,-4.0,
base,sleeping,,124187.0,127058.0,33 34 35 36 37 38 39 40,-4.0,
base,sleeping,,124187.0,130032.0,41 42 43 44 45 46 47 48 49 50 51 52 53 54 55 56 57 58 59 60 61 62 63,-4.0,
base,switching_on,,126975.0,129675.0,0,-3.0,
base,switching_on,,127058.0,129758.0,33 34 35 36 37 38 39 40,-3.0,
base,active,126975.0,129675.0,129725.0,0,35017.0,False
base,active,,129725.0,132732.0,0,-1.0,
base,active,127058.0,129758.0,130032.0,33 34 35 36 37 38 39 40,35018.0,False
base,active,,129965.0,132732.0,1 2 3 4 5 6 7 8 9 10 11 12 13 14 15 16 17 18 19 20 21 22 23 24 25 26 27 28 29 30 31 32 64 65 66 67 68 69 70 71 72 73 74 75 76 77 78 79 80 81 82 83 84 85 86 87 88 89 90 91 92 93 94 95,-1.0,
base,active,,130032.0,132732.0,33 34 35 36 37 38 39 40,-1.0,
base,switching_on,,130032.0,132732.0,41 42 43 44 45 46 47 48 49 50 51 52 53 54 55 56 57 58 59 60 61 62 63 96 97 98 99 100 101 102 103 104 105 106 107 108 109 110 111 112 113 114 115 116 117 118 119 120 121 122 123 124 125 126 127,-3.0,
base,active,127339.0,132732.0,143662.0,0 1 2 3 4 5 6 7 8 9 10 11 12 13 14 15 16 17 18 19 20 21 22 23 24 25 26 27 28 29 30 31 32 33 34 35 36 37 38 39 40 41 42 43 44 45 46 47 48 49 50 51 52 53 54 55 56 57 58 59 60 61 62 63 64 65 66 67 68 69 70 71 72 73 74 75 76 77 78 79 80 81 82 83 84 85 86 87 88 89 90 91 92 93 94 95 96 97 98 99 100 101 102 103 104 105 106 107 108 109 110 111 112 113 114 115 116 117 118 119 120 121 122 123 124 125 126 127,35019.0,False
base,active,,143662.0,144862.0,64 65 66 67 68 69 70 71 72 73 74 75 76 77 78 79 80 81 82 83 84 85 86 87 88 89 90 91 92 93 94 95 96 97 98 99 100 101 102 103 104 105 106 107 108 109 110 111 112 113 114 115 116 117 118 119 120 121 122 123 124 125 126 127,-1.0,
base,active,138273.0,143662.0,154586.0,0 1 2 3 4 5 6 7 8 9 10 11 12 13 14 15 16 17 18 19 20 21 22 23 24 25 26 27 28 29 30 31 32 33 34 35 36 37 38 39 40 41 42 43 44 45 46 47 48 49 50 51 52 53 54 55 56 57 58 59 60 61 62 63,35020.0,False
base,switching_off,,144862.0,146662.0,64 65 66 67 68 69 70 71 72 73 74 75 76 77 78 79 80 81 82 83 84 85 86 87 88 89 90 91 92 93 94 95 96 97 98 99 100 101 102 103 104 105 106 107 108 109 110 111 112 113 114 115 116 117 118 119 120 121 122 123 124 125 126 127,-2.0,
base,sleeping,,146662.0,150853.0,64 65 66 67 68 69 70 71 72 73 74 75 76 77 78 79,-4.0,
base,sleeping,,146662.0,151501.0,80 81 82 83 84 85 86 87 88 89 90 91 92 93 94 95,-4.0,
base,sleeping,,146662.0,152781.0,96 97 98 99 100 101 102 103 104 105 106 107 108 109 110 111,-4.0,
base,sleeping,,146662.0,153105.0,112 113 114 115 116 117 118 119 120 121 122 123 124 125 126 127,-4.0,
base,switching_on,,150853.0,153553.0,64 65 66 67 68 69 70 71 72 73 74 75 76 77 78 79,-3.0,
base,switching_on,,151501.0,154201.0,80 81 82 83 84 85 86 87 88 89 90 91 92 93 94 95,-3.0,
base,switching_on,,152781.0,155481.0,96 97 98 99 100 101 102 103 104 105 106 107 108 109 110 111,-3.0,
base,switching_on,,153105.0,155805.0,112 113 114 115 116 117 118 119 120 121 122 123 124 125 126 127,-3.0,
base,active,150853.0,153553.0,153739.0,64 65 66 67 68 69 70 71 72 73 74 75 76 77 78 79,35068.0,False
base,active,153425.0,153739.0,153864.0,64 65 66 67 68 69 70 71 72 73 74 75 76 77 78 79,35072.0,False
base,active,,153864.0,154165.0,64 65 66 67 68 69 70 71 72 73 74 75 76 77 78 79,-1.0,
base,active,154165.0,154165.0,154371.0,64 65 66 67 68 69 70 71 72 73 74 75 76 77 78 79,35073.0,False
base,active,151501.0,154201.0,154268.0,80 81 82 83 84 85 86 87 88 89 90 91 92 93 94 95,35069.0,False
base,active,,154268.0,154608.0,80 81 82 83 84 85 86 87 88 89 90 91 92 93 94 95,-1.0,
base,active,,154371.0,155047.0,64 65 66 67 68 69 70 71 72 73 74 75 76 77 78 79,-1.0,
base,active,,154586.0,155047.0,0 1 2 3 4 5 6 7 8 9 10 11 12 13 14 15,-1.0,
base,active,,154586.0,155786.0,16 17 18 19 20 21 22 23 24 25 26 27 28 29 30 31 32 33 34 35 36 37 38 39 40 41 42 43 44 45 46 47 48 49 50 51 52 53 54 55 56 57 58 59 60 61 62 63,-1.0,
base,active,154608.0,154608.0,154781.0,80 81 82 83 84 85 86 87 88 89 90 91 92 93 94 95,35074.0,False
base,active,,154781.0,155981.0,80 81 82 83 84 85 86 87 88 89 90 91 92 93 94 95,-1.0,
base,active,155047.0,155047.0,155443.0,0 1 2 3 4 5 6 7 8 9 10 11 12 13 14 15 64 65 66 67 68 69 70 71 72 73 74 75 76 77 78 79,35075.0,False
base,active,,155443.0,156643.0,0 1 2 3 4 5 6 7 8 9 10 11 12 13 14 15 64 65 66 67 68 69 70 71 72 73 74 75 76 77 78 79,-1.0,
base,active,152781.0,155481.0,155678.0,96 97 98 99 100 101 102 103 104 105 106 107 108 109 110 111,35070.0,False
base,active,,155678.0,156878.0,96 97 98 99 100 101 102 103 104 105 106 107 108 109 110 111,-1.0,
base,switching_off,,155786.0,157586.0,16 17 18 19 20 21 22 23 24 25 26 27 28 29 30 31 32 33 34 35 36 37 38 39 40 41 42 43 44 45 46 47 48 49 50 51 52 53 54 55 56 57 58 59 60 61 62 63,-2.0,
base,active,153105.0,155805.0,156027.0,112 113 114 115 116 117 118 119 120 121 122 123 124 125 126 127,35071.0,False
base,switching_off,,155981.0,157781.0,80 81 82 83 84 85 86 87 88 89 90 91 92 93 94 95,-2.0,
base,active,,156027.0,157227.0,112 113 114 115 116 117 118 119 120 121 122 123 124 125 126 127,-1.0,
base,switching_off,,156643.0,158443.0,0 1 2 3 4 5 6 7 8 9 10 11 12 13 14 15 64 65 66 67 68 69 70 71 72 73 74 75 76 77 78 79,-2.0,
base,switching_off,,156878.0,158678.0,96 97 98 99 100 101 102 103 104 105 106 107 108 109 110 111,-2.0,
base,switching_off,,157227.0,159027.0,112 113 114 115 116 117 118 119 120 121 122 123 124 125 126 127,-2.0,
base,sleeping,,157586.0,157831.0,16 17 18 19 20 21 22 23 24 25 26 27 28 29 30 31 32 33 34 35 36 37 38 39 40 41 42 43 44 45 46 47,-4.0,
base,sleeping,,157586.0,158950.0,48 49 50 51 52 53 54 55 56 57 58 59 60 61 62 63,-4.0,
base,sleeping,,157781.0,158950.0,80 81 82 83 84 85 86 87 88 89 90 91 92 93 94 95,-4.0,
base,switching_on,,157831.0,160531.0,16 17 18 19 20 21 22 23 24 25 26 27 28 29 30 31 32 33 34 35 36 37 38 39 40 41 42 43 44 45 46 47,-3.0,
base,sleeping,,158443.0,158950.0,0 1 2 3 4 5 6 7 8 9 10 11 12 13 14 15 64 65 66 67 68 69 70 71 72 73 74 75 76 77 78 79,-4.0,
base,sleeping,,158678.0,162773.0,96 97 98 99 100 101 102 103 104 105 106 107 108 109 110 111,-4.0,
base,switching_on,,158950.0,161650.0,0 1 2 3 4 5 6 7 8 9 10 11 12 13 14 15 48 49 50 51 52 53 54 55 56 57 58 59 60 61 62 63 64 65 66 67 68 69 70 71 72 73 74 75 76 77 78 79 80 81 82 83 84 85 86 87 88 89 90 91 92 93 94 95,-3.0,
base,sleeping,,159027.0,162773.0,112 113 114 115 116 117 118 119 120 121 122 123 124 125 126 127,-4.0,
base,active,157831.0,160531.0,160951.0,16 17 18 19 20 21 22 23 24 25 26 27 28 29 30 31 32 33 34 35 36 37 38 39 40 41 42 43 44 45 46 47,35076.0,False
base,active,,160951.0,161478.0,16 17 18 19 20 21 22 23 24 25 26 27 28 29 30 31 32 33 34 35 36 37 38 39 40 41 42 43 44 45 46 47,-1.0,
base,active,161478.0,161478.0,161575.0,16 17 18 19 20 21 22 23 24 25 26 27 28 29 30 31 32 33 34 35 36 37 38 39 40 41 42 43 44 45 46 47,35088.0,False
base,active,,161575.0,161850.0,16 17 18 19 20 21 22 23 24 25 26 27 28 29 30 31,-1.0,
base,active,,161575.0,162011.0,32 33 34 35 36 37 38 39 40 41 42 43 44 45 46 47,-1.0,
base,active,158950.0,161650.0,166628.0,0 1 2 3 4 5 6 7 8 9 10 11 12 13 14 15 48 49 50 51 52 53 54 55 56 57 58 59 60 61 62 63 64 65 66 67 68 69 70 71 72 73 74 75 76 77 78 79 80 81 82 83 84 85 86 87 88 89 90 91 92 93 94 95,35077.0,False
base,active,161850.0,161850.0,161927.0,16 17 18 19 20 21 22 23 24 25 26 27 28 29 30 31,35089.0,False
base,active,,161927.0,162089.0,16,-1.0,
base,active,,161927.0,162665.0,17 18 19 20 21 22 23 24 25 26 27 28 29 30 31,-1.0,
base,active,162011.0,162011.0,162482.0,32 33 34 35 36 37 38 39 40 41 42 43 44 45 46 47,35091.0,False
base,active,162089.0,162089.0,162107.0,16,35092.0,False
base,active,,162107.0,162665.0,16,-1.0,
base,active,,162482.0,163265.0,32 33 34 35 36 37 38 39 40 41 42 43 44 45 46 47,-1.0,
base,active,162665.0,162665.0,163118.0,16 17 18 19 20 21 22 23 24 25 26 27 28 29 30 31,35098.0,False
base,switching_on,,162773.0,165473.0,96 97 98 99 100 101 102 103 104 105 106 107 108 109 110 111 112 113 114 115 116 117 118 119 120 121 122 123 124 125 126 127,-3.0,
base,active,,163118.0,163448.0,16,-1.0,
base,active,,163118.0,163648.0,17 18 19 20 21 22 23 24 25 26 27 28 29 30 31,-1.0,
base,active,163265.0,163265.0,163503.0,32 33 34 35 36 37 38 39 40 41 42 43 44 45 46 47,35101.0,False
base,active,163448.0,163448.0,163469.0,16,35103.0,False
base,active,,163469.0,163648.0,16,-1.0,
base,active,,163503.0,163648.0,32 33 34 35 36 37 38 39 40 41 42 43 44 45 46 47,-1.0,
base,active,163648.0,163648.0,164002.0,16 17 18 19 20 21 22 23 24 25 26 27 28 29 30 31 32 33 34 35 36 37 38 39 40 41 42 43 44 45 46 47,35104.0,False
base,active,163980.0,164002.0,164010.0,17,35111.0,False
base,active,163931.0,164002.0,164015.0,16,35110.0,False
base,active,,164002.0,164169.0,18 19 20 21 22 23 24 25 26 27 28 29 30 31 32 33 34 35 36 37 38 39 40 41 42 43 44 45 46 47,-1.0,
base,active,,164010.0,164169.0,17,-1.0,
base,active,,164015.0,164169.0,16,-1.0,
base,active,164169.0,164169.0,164562.0,16 17 18 19 20 21 22 23 24 25 26 27 28 29 30 31 32 33 34 35 36 37 38 39 40 41 42 43 44 45 46 47,35112.0,False
base,active,,164562.0,164750.0,46 47,-1.0,
base,active,,164562.0,165692.0,16 17 18 19 20 21 22 23 24 25 26 27 28 29 30 31 32 33 34 35 36 37 38 39 40 41 42 43 44 45,-1.0,
base,active,164743.0,164750.0,164765.0,47,35115.0,False
base,active,164750.0,164750.0,164773.0,46,35116.0,False
base,active,,164765.0,165180.0,47,-1.0,
base,active,,164773.0,165692.0,46,-1.0,
base,active,165180.0,165180.0,165200.0,47,35121.0,False
base,active,,165200.0,165208.0,47,-1.0,
base,active,165208.0,165208.0,165220.0,47,35122.0,False
base,active,,165220.0,165226.0,47,-1.0,
base,active,165226.0,165226.0,165243.0,47,35123.0,False
base,active,,165243.0,165692.0,47,-1.0,
base,active,162773.0,165473.0,165692.0,96 97 98 99 100 101 102 103 104 105 106 107 108 109 110 111 112 113 114 115 116 117 118 119 120 121 122 123 124 125 126 127,35099.0,False
base,active,164460.0,165692.0,165978.0,16 17 18 19 20 21 22 23 24 25 26 27 28 29 30 31 32 33 34 35 36 37 38 39 40 41 42 43 44 45 46 47 96 97 98 99 100 101 102 103 104 105 106 107 108 109 110 111 112 113 114 115 116 117 118 119 120 121 122 123 124 125 126 127,35114.0,False
base,active,164903.0,165978.0,166253.0,16 17 18 19 20 21 22 23 24 25 26 27 28 29 30 31 32 33 34 35 36 37 38 39 40 41 42 43 44 45 46 47 96 97 98 99 100 101 102 103 104 105 106 107 108 109 110 111 112 113 114 115 116 117 118 119 120 121 122 123 124 125 126 127,35118.0,False
base,active,165285.0,166253.0,166460.0,16 17 18 19 20 21 22 23 24 25 26 27 28 29 30 31 32 33 34 35 36 37 38 39 40 41 42 43 44 45 46 47 96 97 98 99 100 101 102 103 104 105 106 107 108 109 110 111 112 113 114 115 116 117 118 119 120 121 122 123 124 125 126 127,35125.0,False
base,active,,166460.0,167660.0,16 17 18 19 20 21 22 23 24 25 26 27 28 29 30 31 32 33 34 35 36 37 38 39 40 41 42 43 44 45 46 47 96 97 98 99 100 101 102 103 104 105 106 107 108 109 110 111 112 113 114 115 116 117 118 119 120 121 122 123 124 125 126 127,-1.0,
base,active,,166628.0,167828.0,0 1 2 3 4 5 6 7 8 9 10 11 12 13 14 15 48 49 50 51 52 53 54 55 56 57 58 59 60 61 62 63 64 65 66 67 68 69 70 71 72 73 74 75 76 77 78 79 80 81 82 83 84 85 86 87 88 89 90 91 92 93 94 95,-1.0,
base,switching_off,,167660.0,169460.0,16 17 18 19 20 21 22 23 24 25 26 27 28 29 30 31 32 33 34 35 36 37 38 39 40 41 42 43 44 45 46 47 96 97 98 99 100 101 102 103 104 105 106 107 108 109 110 111 112 113 114 115 116 117 118 119 120 121 122 123 124 125 126 127,-2.0,
base,switching_off,,167828.0,169628.0,0 1 2 3 4 5 6 7 8 9 10 11 12 13 14 15 48 49 50 51 52 53 54 55 56 57 58 59 60 61 62 63 64 65 66 67 68 69 70 71 72 73 74 75 76 77 78 79 80 81 82 83 84 85 86 87 88 89 90 91 92 93 94 95,-2.0,
base,switching_on,,169460.0,172160.0,16 17 18 19 20 21 22 23 24 25 26 27 28 29 30 31 32 33 34 35 36 37 38 39 40 41 42 43 44 45 46 47 96 97 98 99 100 101 102 103 104 105 106 107 108 109 110 111 112 113 114 115 116 117 118 119 120 121 122 123 124 125 126 127,-3.0,
base,switching_on,,169628.0,172328.0,0 1 2 3 4 5 6 7 8 9 10 11 12 13 14 15 48 49 50 51 52 53 54 55 56 57 58 59 60 61 62 63 64 65 66 67 68 69 70 71 72 73 74 75 76 77 78 79 80 81 82 83 84 85 86 87 88 89 90 91 92 93 94 95,-3.0,
base,active,167845.0,172160.0,172369.0,16 17 18 19 20 21 22 23 24 25 26 27 28 29 30 31 32 33 34 35 36 37 38 39 40 41 42 43 44 45 46 47 96 97 98 99 100 101 102 103 104 105 106 107 108 109 110 111 112 113 114 115 116 117 118 119 120 121 122 123 124 125 126 127,35137.0,False
base,active,168077.0,172328.0,172626.0,0 1 2 3 4 5 6 7 8 9 10 11 12 13 14 15 48 49 50 51 52 53 54 55 56 57 58 59 60 61 62 63 64 65 66 67 68 69 70 71 72 73 74 75 76 77 78 79 80 81 82 83 84 85 86 87 88 89 90 91 92 93 94 95,35140.0,False
base,active,169941.0,172369.0,172380.0,127,35157.0,False
base,active,168372.0,172369.0,172381.0,16,35144.0,False
base,active,168377.0,172369.0,172384.0,17,35145.0,False
base,active,,172369.0,172384.0,18 19 20 21 22 23 24 25 26 27 28 29 30 31 32 33 34 35 36 37 38 39 40 41 42 43 44 45 46 47 96 97 98 99 100 101 102 103 104 105 106 107 108 109 110 111 112 113 114 115 116 117 118 119 120 121 122 123 124 125 126,-1.0,
base,active,,172380.0,172384.0,127,-1.0,
base,active,,172381.0,172384.0,16,-1.0,
base,active,168432.0,172384.0,172671.0,16 17 18 19 20 21 22 23 24 25 26 27 28 29 30 31 32 33 34 35 36 37 38 39 40 41 42 43 44 45 46 47 96 97 98 99 100 101 102 103 104 105 106 107 108 109 110 111 112 113 114 115 116 117 118 119 120 121 122 123 124 125 126 127,35146.0,False
base,active,168856.0,172626.0,173171.0,0 1 2 3 4 5 6 7 8 9 10 11 12 13 14 15 48 49 50 51 52 53 54 55 56 57 58 59 60 61 62 63 64 65 66 67 68 69 70 71 72 73 74 75 76 77 78 79 80 81 82 83 84 85 86 87 88 89 90 91 92 93 94 95,35148.0,False
base,active,169536.0,172671.0,173079.0,16 17 18 19 20 21 22 23 24 25 26 27 28 29 30 31 32 33 34 35 36 37 38 39 40 41 42 43 44 45 46 47 96 97 98 99 100 101 102 103 104 105 106 107 108 109 110 111 112 113 114 115 116 117 118 119 120 121 122 123 124 125 126 127,35153.0,False
base,active,169945.0,173079.0,173101.0,96,35158.0,False
base,active,171852.0,173079.0,173102.0,97,35173.0,False
base,active,,173079.0,173102.0,98 99 100 101 102 103 104 105 106 107 108 109 110 111 112 113 114 115 116 117 118 119 120 121 122 123 124 125 126 127,-1.0,
base,active,169884.0,173079.0,173313.0,16 17 18 19 20 21 22 23 24 25 26 27 28 29 30 31 32 33 34 35 36 37 38 39 40 41 42 43 44 45 46 47,35156.0,False
base,active,,173101.0,173102.0,96,-1.0,
base,active,170207.0,173102.0,173577.0,96 97 98 99 100 101 102 103 104 105 106 107 108 109 110 111 112 113 114 115 116 117 118 119 120 121 122 123 124 125 126 127,35161.0,False
base,active,170027.0,173171.0,173329.0,0 1 2 3 4 5 6 7 8 9 10 11 12 13 14 15 48 49 50 51 52 53 54 55 56 57 58 59 60 61 62 63 64 65 66 67 68 69 70 71 72 73 74 75 76 77 78 79 80 81 82 83 84 85 86 87 88 89 90 91 92 93 94 95,35159.0,False
base,active,170978.0,173313.0,173718.0,16 17 18 19 20 21 22 23 24 25 26 27 28 29 30 31 32 33 34 35 36 37 38 39 40 41 42 43 44 45 46 47,35166.0,False
base,active,170355.0,173329.0,173652.0,0 1 2 3 4 5 6 7 8 9 10 11 12 13 14 15 48 49 50 51 52 53 54 55 56 57 58 59 60 61 62 63 64 65 66 67 68 69 70 71 72 73 74 75 76 77 78 79 80 81 82 83 84 85 86 87 88 89 90 91 92 93 94 95,35162.0,False
base,active,171862.0,173577.0,173700.0,96 97 98 99 100 101 102 103 104 105 106 107 108 109 110 111 112 113 114 115 116 117 118 119 120 121 122 123 124 125 126 127,35174.0,False
base,active,170933.0,173652.0,174112.0,0 1 2 3 4 5 6 7 8 9 10 11 12 13 14 15 48 49 50 51 52 53 54 55 56 57 58 59 60 61 62 63 64 65 66 67 68 69 70 71 72 73 74 75 76 77 78 79 80 81 82 83 84 85 86 87 88 89 90 91 92 93 94 95,35164.0,False
base,active,,173700.0,173718.0,96 97 98 99 100 101 102 103 104 105 106 107 108 109 110 111 112 113 114 115 116 117 118 119 120 121 122 123 124 125 126 127,-1.0,
base,active,171592.0,173718.0,173976.0,16 17 18 19 20 21 22 23 24 25 26 27 28 29 30 31 32 33 34 35 36 37 38 39 40 41 42 43 44 45 46 47 96 97 98 99 100 101 102 103 104 105 106 107 108 109 110 111 112 113 114 115 116 117 118 119 120 121 122 123 124 125 126 127,35171.0,False
base,active,,173976.0,175176.0,16 17 18 19 20 21 22 23 24 25 26 27 28 29 30 31 32 33 34 35 36 37 38 39 40 41 42 43 44 45 46 47 96 97 98 99 100 101 102 103 104 105 106 107 108 109 110 111 112 113 114 115 116 117 118 119 120 121 122 123 124 125 126 127,-1.0,
base,active,,174112.0,175312.0,0 1 2 3 4 5 6 7 8 9 10 11 12 13 14 15 48 49 50 51 52 53 54 55 56 57 58 59 60 61 62 63 64 65 66 67 68 69 70 71 72 73 74 75 76 77 78 79 80 81 82 83 84 85 86 87 88 89 90 91 92 93 94 95,-1.0,
base,switching_off,,175176.0,176976.0,16 17 18 19 20 21 22 23 24 25 26 27 28 29 30 31 32 33 34 35 36 37 38 39 40 41 42 43 44 45 46 47 96 97 98 99 100 101 102 103 104 105 106 107 108 109 110 111 112 113 114 115 116 117 118 119 120 121 122 123 124 125 126 127,-2.0,
base,switching_off,,175312.0,177112.0,0 1 2 3 4 5 6 7 8 9 10 11 12 13 14 15 48 49 50 51 52 53 54 55 56 57 58 59 60 61 62 63 64 65 66 67 68 69 70 71 72 73 74 75 76 77 78 79 80 81 82 83 84 85 86 87 88 89 90 91 92 93 94 95,-2.0,
base,sleeping,,176976.0,179095.0,16 17 18 19 20 21 22 23 24 25 26 27 28 29 30 31,-4.0,
base,sleeping,,176976.0,179420.0,32 33 34 35 36 37 38 39 40 41 42 43 44 45 46 47,-4.0,
base,sleeping,,176976.0,182010.0,96 97 98 99 100 101 102 103 104 105 106 107 108 109 110 111 112 113 114 115 116 117 118 119 120 121 122 123 124 125 126 127,-4.0,
base,sleeping,,177112.0,179095.0,0 1 2 3 4 5 6 7 8 9 10 11 12 13 14 15,-4.0,
base,sleeping,,177112.0,179420.0,48 49 50 51 52 53 54 55 56 57 58 59 60 61 62 63 64 65 66 67 68 69 70 71 72 73 74 75 76 77 78 79 80 81 82 83 84 85 86 87 88 89 90 91 92 93 94 95,-4.0,
base,switching_on,,179095.0,181795.0,0 1 2 3 4 5 6 7 8 9 10 11 12 13 14 15 16 17 18 19 20 21 22 23 24 25 26 27 28 29 30 31,-3.0,
base,switching_on,,179420.0,182120.0,32 33 34 35 36 37 38 39 40 41 42 43 44 45 46 47 48 49 50 51 52 53 54 55 56 57 58 59 60 61 62 63 64 65 66 67 68 69 70 71 72 73 74 75 76 77 78 79 80 81 82 83 84 85 86 87 88 89 90 91 92 93 94 95,-3.0,
base,active,179095.0,181795.0,182010.0,0 1 2 3 4 5 6 7 8 9 10 11 12 13 14 15 16 17 18 19 20 21 22 23 24 25 26 27 28 29 30 31,35177.0,False
base,active,,182010.0,184710.0,0 1 2 3 4 5 6 7 8 9 10 11 12 13 14 15 16 17 18 19 20 21 22 23 24 25 26 27 28 29 30 31,-1.0,
base,switching_on,,182010.0,184710.0,96 97 98 99 100 101 102 103 104 105 106 107 108 109 110 111 112 113 114 115 116 117 118 119 120 121 122 123 124 125 126 127,-3.0,
base,active,179420.0,182120.0,182430.0,32 33 34 35 36 37 38 39 40 41 42 43 44 45 46 47 48 49 50 51 52 53 54 55 56 57 58 59 60 61 62 63 64 65 66 67 68 69 70 71 72 73 74 75 76 77 78 79 80 81 82 83 84 85 86 87 88 89 90 91 92 93 94 95,35178.0,False
base,active,180315.0,182430.0,182810.0,32 33 34 35 36 37 38 39 40 41 42 43 44 45 46 47 48 49 50 51 52 53 54 55 56 57 58 59 60 61 62 63 64 65 66 67 68 69 70 71 72 73 74 75 76 77 78 79 80 81 82 83 84 85 86 87 88 89 90 91 92 93 94 95,35184.0,False
base,active,180709.0,182810.0,182822.0,33,35186.0,False
base,active,180697.0,182810.0,182833.0,32,35185.0,False
base,active,,182810.0,182833.0,34 35 36 37 38 39 40 41 42 43 44 45 46 47 48 49 50 51 52 53 54 55 56 57 58 59 60 61 62 63 64 65 66 67 68 69 70 71 72 73 74 75 76 77 78 79 80 81 82 83 84 85 86 87 88 89 90 91 92 93 94 95,-1.0,
base,active,,182822.0,182833.0,33,-1.0,
base,active,180766.0,182833.0,183112.0,32 33 34 35 36 37 38 39 40 41 42 43 44 45 46 47 48 49 50 51 52 53 54 55 56 57 58 59 60 61 62 63 64 65 66 67 68 69 70 71 72 73 74 75 76 77 78 79 80 81 82 83 84 85 86 87 88 89 90 91 92 93 94 95,35187.0,False
base,active,181987.0,183112.0,183493.0,32 33 34 35 36 37 38 39 40 41 42 43 44 45 46 47 48 49 50 51 52 53 54 55 56 57 58 59 60 61 62 63 64 65 66 67 68 69 70 71 72 73 74 75 76 77 78 79 80 81 82 83 84 85 86 87 88 89 90 91 92 93 94 95,35192.0,False
base,active,182369.0,183493.0,183508.0,32,35193.0,False
base,active,182517.0,183493.0,183593.0,33,35194.0,False
base,active,,183493.0,183593.0,34 35 36 37 38 39 40 41 42 43 44 45 46 47 48 49 50 51 52 53 54 55 56 57 58 59 60 61 62 63 64 65 66 67 68 69 70 71 72 73 74 75 76 77 78 79 80 81 82 83 84 85 86 87 88 89 90 91 92 93 94 95,-1.0,
base,active,,183508.0,183593.0,32,-1.0,
base,active,182573.0,183593.0,183887.0,32 33 34 35 36 37 38 39 40 41 42 43 44 45 46 47 48 49 50 51 52 53 54 55 56 57 58 59 60 61 62 63 64 65 66 67 68 69 70 71 72 73 74 75 76 77 78 79 80 81 82 83 84 85 86 87 88 89 90 91 92 93 94 95,35195.0,False
base,active,183135.0,183887.0,183895.0,34,35202.0,False
base,active,182869.0,183887.0,183911.0,33,35200.0,False
base,active,182732.0,183887.0,184031.0,32,35197.0,False
base,active,,183887.0,184031.0,35 36 37 38 39 40 41 42 43 44 45 46 47 48 49 50 51 52 53 54 55 56 57 58 59 60 61 62 63 64 65 66 67 68 69 70 71 72 73 74 75 76 77 78 79 80 81 82 83 84 85 86 87 88 89 90 91 92 93 94 95,-1.0,
base,active,,183895.0,184031.0,34,-1.0,
base,active,,183911.0,184031.0,33,-1.0,
base,active,183212.0,184031.0,199014.0,32 33 34 35 36 37 38 39 40 41 42 43 44 45 46 47 48 49 50 51 52 53 54 55 56 57 58 59 60 61 62 63 64 65 66 67 68 69 70 71 72 73 74 75 76 77 78 79 80 81 82 83 84 85 86 87 88 89 90 91 92 93 94 95,35203.0,False
base,active,179794.0,184710.0,185004.0,0 1 2 3 4 5 6 7 8 9 10 11 12 13 14 15 16 17 18 19 20 21 22 23 24 25 26 27 28 29 30 31 96 97 98 99 100 101 102 103 104 105 106 107 108 109 110 111 112 113 114 115 116 117 118 119 120 121 122 123 124 125 126 127,35179.0,False
base,active,184034.0,185004.0,185090.0,0 1 2 3 4 5 6 7 8 9 10 11 12 13 14 15 16 17 18 19 20 21 22 23 24 25 26 27 28 29 30 31,35205.0,False
base,active,184151.0,185004.0,185951.0,96 97 98 99 100 101 102 103 104 105 106 107 108 109 110 111 112 113 114 115 116 117 118 119 120 121 122 123 124 125 126 127,35208.0,False
base,active,,185090.0,186290.0,0 1 2 3 4 5 6 7 8 9 10 11 12 13 14 15 16 17 18 19 20 21 22 23 24 25 26 27 28 29 30 31,-1.0,
base,active,,185951.0,187067.0,96,-1.0,
base,active,,185951.0,187151.0,97 98 99 100 101 102 103 104 105 106 107 108 109 110 111 112 113 114 115 116 117 118 119 120 121 122 123 124 125 126 127,-1.0,
base,switching_off,,186290.0,188090.0,0 1 2 3 4 5 6 7 8 9 10 11 12 13 14 15 16 17 18 19 20 21 22 23 24 25 26 27 28 29 30 31,-2.0,
base,active,187067.0,187067.0,187191.0,96,35218.0,False
base,switching_off,,187151.0,188951.0,97 98 99 100 101 102 103 104 105 106 107 108 109 110 111 112 113 114 115 116 117 118 119 120 121 122 123 124 125 126 127,-2.0,
base,active,,187191.0,187348.0,96,-1.0,
base,active,187348.0,187348.0,187447.0,96,35219.0,False
base,active,,187447.0,188647.0,96,-1.0,
base,sleeping,,188090.0,194565.0,0 1 2 3 4 5 6 7 8 9 10 11 12 13 14 15 16 17 18 19 20 21 22 23 24 25 26 27 28 29 30 31,-4.0,
base,switching_off,,188647.0,190447.0,96,-2.0,
base,sleeping,,188951.0,197686.0,97 98 99 100 101 102 103 104 105 106 107 108 109 110 111 112 113 114 115 116 117 118 119 120 121 122 123 124 125 126 127,-4.0,
base,sleeping,,190447.0,197686.0,96,-4.0,
base,switching_on,,194565.0,197265.0,0 1 2 3 4 5 6 7 8 9 10 11 12 13 14 15 16 17 18 19 20 21 22 23 24 25 26 27 28 29 30 31,-3.0,
base,active,194565.0,197265.0,197686.0,0 1 2 3 4 5 6 7 8 9 10 11 12 13 14 15 16 17 18 19 20 21 22 23 24 25 26 27 28 29 30 31,35224.0,False
base,active,,197686.0,200386.0,0 1 2 3 4 5 6 7 8 9 10 11 12 13 14 15 16 17 18 19 20 21 22 23 24 25 26 27 28 29 30 31,-1.0,
base,switching_on,,197686.0,200386.0,96 97 98 99 100 101 102 103 104 105 106 107 108 109 110 111 112 113 114 115 116 117 118 119 120 121 122 123 124 125 126 127,-3.0,
base,active,195553.0,199014.0,199464.0,32 33 34 35 36 37 38 39 40 41 42 43 44 45 46 47,35226.0,False
base,active,,199014.0,199464.0,48 49 50 51 52 53 54 55 56 57 58 59 60 61 62 63 64 65 66 67 68 69 70 71 72 73 74 75 76 77 78 79 80 81 82 83 84 85 86 87 88 89 90 91 92 93 94 95,-1.0,
base,active,196201.0,199464.0,199917.0,32 33 34 35 36 37 38 39 40 41 42 43 44 45 46 47 48 49 50 51 52 53 54 55 56 57 58 59 60 61 62 63 64 65 66 67 68 69 70 71 72 73 74 75 76 77 78 79 80 81 82 83 84 85 86 87 88 89 90 91 92 93 94 95,35227.0,False
base,active,197623.0,199917.0,199933.0,80,35230.0,False
base,active,196702.0,199917.0,200289.0,32 33 34 35 36 37 38 39 40 41 42 43 44 45 46 47 48 49 50 51 52 53 54 55 56 57 58 59 60 61 62 63,35228.0,False
base,active,197118.0,199917.0,200504.0,64 65 66 67 68 69 70 71 72 73 74 75 76 77 78 79,35229.0,False
base,active,,199917.0,201117.0,81 82 83 84 85 86 87 88 89 90 91 92 93 94 95,-1.0,
base,active,,199933.0,201133.0,80,-1.0,
base,active,,200289.0,201489.0,32 33 34 35 36 37 38 39 40 41 42 43 44 45 46 47 48 49 50 51 52 53 54 55 56 57 58 59 60 61 62 63,-1.0,
base,active,195022.0,200386.0,200862.0,0 1 2 3 4 5 6 7 8 9 10 11 12 13 14 15 16 17 18 19 20 21 22 23 24 25 26 27 28 29 30 31 96 97 98 99 100 101 102 103 104 105 106 107 108 109 110 111 112 113 114 115 116 117 118 119 120 121 122 123 124 125 126 127,35225.0,False
base,active,,200504.0,201704.0,64 65 66 67 68 69 70 71 72 73 74 75 76 77 78 79,-1.0,
base,active,,200862.0,202062.0,0 1 2 3 4 5 6 7 8 9 10 11 12 13 14 15 16 17 18 19 20 21 22 23 24 25 26 27 28 29 30 31 96 97 98 99 100 101 102 103 104 105 106 107 108 109 110 111 112 113 114 115 116 117 118 119 120 121 122 123 124 125 126 127,-1.0,
base,switching_off,,201117.0,202917.0,81 82 83 84 85 86 87 88 89 90 91 92 93 94 95,-2.0,
base,switching_off,,201133.0,202933.0,80,-2.0,
base,switching_off,,201489.0,203289.0,32 33 34 35 36 37 38 39 40 41 42 43 44 45 46 47 48 49 50 51 52 53 54 55 56 57 58 59 60 61 62 63,-2.0,
base,switching_off,,201704.0,203504.0,64 65 66 67 68 69 70 71 72 73 74 75 76 77 78 79,-2.0,
base,switching_off,,202062.0,203862.0,0 1 2 3 4 5 6 7 8 9 10 11 12 13 14 15 16 17 18 19 20 21 22 23 24 25 26 27 28 29 30 31 96 97 98 99 100 101 102 103 104 105 106 107 108 109 110 111 112 113 114 115 116 117 118 119 120 121 122 123 124 125 126 127,-2.0,
base,sleeping,,202917.0,204527.0,81 82 83 84 85 86 87 88 89 90 91 92 93 94 95,-4.0,
base,sleeping,,202933.0,204527.0,80,-4.0,
base,sleeping,,203289.0,204527.0,32 33 34 35 36 37 38 39 40 41 42 43 44 45 46 47 48 49 50 51 52 53 54 55 56 57 58 59 60 61 62 63,-4.0,
base,sleeping,,203504.0,204527.0,64 65 66 67 68 69 70 71 72 73 74 75 76 77 78 79,-4.0,
base,sleeping,,203862.0,204527.0,0 1 2 3 4 5 6 7 8 9 10 11 12 13 14 15 16 17 18 19 20 21 22 23 24 25 26 27 28 29 30 31 96 97 98 99 100 101 102 103 104 105 106 107 108 109 110 111 112 113 114 115 116 117 118 119 120 121 122 123 124 125 126 127,-4.0,
base,switching_on,,204527.0,207227.0,0 1 2 3 4 5 6 7 8 9 10 11 12 13 14 15 16 17 18 19 20 21 22 23 24 25 26 27 28 29 30 31 32 33 34 35 36 37 38 39 40 41 42 43 44 45 46 47 48 49 50 51 52 53 54 55 56 57 58 59 60 61 62 63 64 65 66 67 68 69 70 71 72 73 74 75 76 77 78 79 80 81 82 83 84 85 86 87 88 89 90 91 92 93 94 95 96 97 98 99 100 101 102 103 104 105 106 107 108 109 110 111 112 113 114 115 116 117 118 119 120 121 122 123 124 125 126 127,-3.0,
base,active,204527.0,207227.0,218152.0,0 1 2 3 4 5 6 7 8 9 10 11 12 13 14 15 16 17 18 19 20 21 22 23 24 25 26 27 28 29 30 31 32 33 34 35 36 37 38 39 40 41 42 43 44 45 46 47 48 49 50 51 52 53 54 55 56 57 58 59 60 61 62 63 64 65 66 67 68 69 70 71 72 73 74 75 76 77 78 79 80 81 82 83 84 85 86 87 88 89 90 91 92 93 94 95 96 97 98 99 100 101 102 103 104 105 106 107 108 109 110 111 112 113 114 115 116 117 118 119 120 121 122 123 124 125 126 127,35231.0,False
base,active,215458.0,218152.0,218239.0,0 1 2 3 4 5 6 7 8 9 10 11 12 13 14 15 16 17 18 19 20 21 22 23 24 25 26 27 28 29 30 31 32 33 34 35 36 37 38 39 40 41 42 43 44 45 46 47 48 49 50 51 52 53 54 55 56 57 58 59 60 61 62 63 64 65 66 67 68 69 70 71 72 73 74 75 76 77 78 79 80 81 82 83 84 85 86 87 88 89 90 91 92 93 94 95 96 97 98 99 100 101 102 103 104 105 106 107 108 109 110 111 112 113 114 115 116 117 118 119 120 121 122 123 124 125 126 127,35232.0,False
base,active,,218239.0,218476.0,0 1 2 3 4 5 6 7 8 9 10 11 12 13 14 15 16 17 18 19 20 21 22 23 24 25 26 27 28 29 30 31 32 33 34 35 36 37 38 39 40 41 42 43 44 45 46 47 48 49 50 51 52 53 54 55 56 57 58 59 60 61 62 63,-1.0,
base,active,,218239.0,218873.0,64,-1.0,
base,active,,218239.0,218948.0,65 66 67 68 69 70 71 72 73 74 75 76 77 78 79 80 81 82 83 84 85 86 87 88 89 90 91 92 93 94 95 96 97 98 99 100 101 102 103 104 105 106 107 108 109 110 111 112 113 114 115 116 117 118 119 120 121 122 123 124 125 126 127,-1.0,
base,active,218476.0,218476.0,218871.0,0 1 2 3 4 5 6 7 8 9 10 11 12 13 14 15 16 17 18 19 20 21 22 23 24 25 26 27 28 29 30 31 32 33 34 35 36 37 38 39 40 41 42 43 44 45 46 47 48 49 50 51 52 53 54 55 56 57 58 59 60 61 62 63,35255.0,False
base,active,,218871.0,218948.0,0,-1.0,
base,active,,218871.0,218950.0,1,-1.0,
base,active,,218871.0,220071.0,2 3 4 5 6 7 8 9 10 11 12 13 14 15 16 17 18 19 20 21 22 23 24 25 26 27 28 29 30 31 32 33 34 35 36 37 38 39 40 41 42 43 44 45 46 47 48 49 50 51 52 53 54 55 56 57 58 59 60 61 62 63,-1.0,
base,active,218873.0,218873.0,218899.0,64,35258.0,False
base,active,,218899.0,220099.0,64,-1.0,
base,active,218948.0,218948.0,229875.0,0 65 66 67 68 69 70 71 72 73 74 75 76 77 78 79 80 81 82 83 84 85 86 87 88 89 90 91 92 93 94 95 96 97 98 99 100 101 102 103 104 105 106 107 108 109 110 111 112 113 114 115 116 117 118 119 120 121 122 123 124 125 126 127,35261.0,False
base,active,218950.0,218950.0,218966.0,1,35262.0,False
base,active,,218966.0,220166.0,1,-1.0,
base,switching_off,,220071.0,221871.0,2 3 4 5 6 7 8 9 10 11 12 13 14 15 16 17 18 19 20 21 22 23 24 25 26 27 28 29 30 31 32 33 34 35 36 37 38 39 40 41 42 43 44 45 46 47 48 49 50 51 52 53 54 55 56 57 58 59 60 61 62 63,-2.0,
base,switching_off,,220099.0,221899.0,64,-2.0,
base,switching_off,,220166.0,221966.0,1,-2.0,
base,switching_on,,221871.0,224571.0,2 3 4,-3.0,
base,sleeping,,221871.0,244640.0,5 6 7 8 9 10 11 12 13 14 15 16 17 18 19 20 21 22 23 24 25 26 27 28 29 30 31 32 33 34 35 36 37 38 39 40 41 42 43 44 45 46 47 48 49 50 51 52 53 54 55 56 57 58 59 60 61 62 63,-4.0,
base,sleeping,,221899.0,246356.0,64,-4.0,
base,sleeping,,221966.0,237128.0,1,-4.0,
base,active,221165.0,224571.0,224667.0,2,35284.0,False
base,active,221545.0,224571.0,224698.0,4,35288.0,False
base,active,221312.0,224571.0,224717.0,3,35285.0,False
base,active,,224667.0,224822.0,2,-1.0,
base,active,,224698.0,224974.0,4,-1.0,
base,active,,224717.0,225917.0,3,-1.0,
base,active,224822.0,224822.0,224944.0,2,35312.0,False
base,active,,224944.0,226144.0,2,-1.0,
base,active,224974.0,224974.0,225079.0,4,35313.0,False
base,active,,225079.0,226279.0,4,-1.0,
base,switching_off,,225917.0,227717.0,3,-2.0,
base,switching_off,,226144.0,227944.0,2,-2.0,
base,switching_off,,226279.0,228079.0,4,-2.0,
base,sleeping,,227717.0,238040.0,3,-4.0,
base,sleeping,,227944.0,237403.0,2,-4.0,
base,sleeping,,228079.0,244640.0,4,-4.0,
base,active,,229875.0,230770.0,0,-1.0,
base,active,,229875.0,230968.0,65,-1.0,
base,active,,229875.0,231075.0,66 67 68 69 70 71 72 73 74 75 76 77 78 79 80 81 82 83 84 85 86 87 88 89 90 91 92 93 94 95 96 97 98 99 100 101 102 103 104 105 106 107 108 109 110 111 112 113 114 115 116 117 118 119 120 121 122 123 124 125 126 127,-1.0,
base,active,230770.0,230770.0,230897.0,0,35366.0,False
base,active,,230897.0,231339.0,0,-1.0,
base,active,230968.0,230968.0,231086.0,65,35368.0,False
base,switching_off,,231075.0,232875.0,66 67 68 69 70 71 72 73 74 75 76 77 78 79 80 81 82 83 84 85 86 87 88 89 90 91 92 93 94 95 96 97 98 99 100 101 102 103 104 105 106 107 108 109 110 111 112 113 114 115 116 117 118 119 120 121 122 123 124 125 126 127,-2.0,
base,active,,231086.0,231472.0,65,-1.0,
base,active,231339.0,231339.0,231437.0,0,35374.0,False
base,active,,231437.0,232637.0,0,-1.0,
base,active,231472.0,231472.0,231583.0,65,35375.0,False
base,active,,231583.0,232783.0,65,-1.0,
base,switching_off,,232637.0,234437.0,0,-2.0,
base,switching_off,,232783.0,234583.0,65,-2.0,
base,sleeping,,232875.0,246356.0,66 67 68 69 70 71 72 73 74 75 76 77 78 79 80 81 82 83 84 85 86 87 88 89 90 91 92 93 94 95 96 97 98 99 100 101 102 103 104 105 106 107 108 109 110 111 112 113 114 115 116 117 118 119 120 121 122 123 124 125 126 127,-4.0,
base,sleeping,,234437.0,236883.0,0,-4.0,
base,sleeping,,234583.0,246356.0,65,-4.0,
base,switching_on,,236883.0,239583.0,0,-3.0,
base,switching_on,,237128.0,239828.0,1,-3.0,
base,switching_on,,237403.0,240103.0,2,-3.0,
base,switching_on,,238040.0,240740.0,3,-3.0,
base,active,236883.0,239583.0,239742.0,0,35421.0,False
base,active,,239742.0,240942.0,0,-1.0,
base,active,237128.0,239828.0,239924.0,1,35428.0,False
base,active,,239924.0,241124.0,1,-1.0,
base,active,237403.0,240103.0,240220.0,2,35429.0,False
base,active,,240220.0,241420.0,2,-1.0,
base,active,238040.0,240740.0,240850.0,3,35434.0,False
base,active,,240850.0,242050.0,3,-1.0,
base,switching_off,,240942.0,242742.0,0,-2.0,
base,switching_off,,241124.0,242924.0,1,-2.0,
base,switching_off,,241420.0,243220.0,2,-2.0,
base,switching_off,,242050.0,243850.0,3,-2.0,
base,sleeping,,242742.0,244640.0,0,-4.0,
base,sleeping,,242924.0,244640.0,1,-4.0,
base,sleeping,,243220.0,244640.0,2,-4.0,
base,sleeping,,243850.0,244640.0,3,-4.0,
base,switching_on,,244640.0,247340.0,0 1 2 3 4 5 6 7 8 9 10 11 12 13 14 15 16 17 18 19 20 21 22 23 24 25 26 27 28 29 30 31 32 33 34 35 36 37 38 39 40 41 42 43 44 45 46 47 48 49 50 51 52 53 54 55 56 57 58 59 60 61 62 63,-3.0,
base,switching_on,,246356.0,249056.0,64 65 66 67 68 69 70 71 72 73 74 75 76 77 78 79 80 81 82 83 84 85 86 87 88 89 90 91 92 93 94 95 96 97 98 99 100 101 102 103 104 105 106 107 108 109 110 111 112 113 114 115 116 117 118 119 120 121 122 123 124 125 126 127,-3.0,
base,active,244640.0,247340.0,252502.0,0 1 2 3 4 5 6 7 8 9 10 11 12 13 14 15 16 17 18 19 20 21 22 23 24 25 26 27 28 29 30 31 32 33 34 35 36 37 38 39 40 41 42 43 44 45 46 47 48 49 50 51 52 53 54 55 56 57 58 59 60 61 62 63,35493.0,False
base,active,246356.0,249056.0,249167.0,64 65 66 67 68 69 70 71 72 73 74 75 76 77 78 79 80 81 82 83 84 85 86 87 88 89 90 91 92 93 94 95 96 97 98 99 100 101 102 103 104 105 106 107 108 109 110 111 112 113 114 115 116 117 118 119 120 121 122 123 124 125 126 127,35509.0,False
base,active,246573.0,249167.0,249273.0,64 65 66 67 68 69 70 71 72 73 74 75 76 77 78 79 80 81 82 83 84 85 86 87 88 89 90 91 92 93 94 95 96 97 98 99 100 101 102 103 104 105 106 107 108 109 110 111 112 113 114 115 116 117 118 119 120 121 122 123 124 125 126 127,35512.0,False
base,active,246773.0,249273.0,249379.0,64 65 66 67 68 69 70 71 72 73 74 75 76 77 78 79 80 81 82 83 84 85 86 87 88 89 90 91 92 93 94 95 96 97 98 99 100 101 102 103 104 105 106 107 108 109 110 111 112 113 114 115 116 117 118 119 120 121 122 123 124 125 126 127,35514.0,False
base,active,246963.0,249379.0,249486.0,64 65 66 67 68 69 70 71 72 73 74 75 76 77 78 79 80 81 82 83 84 85 86 87 88 89 90 91 92 93 94 95 96 97 98 99 100 101 102 103 104 105 106 107 108 109 110 111 112 113 114 115 116 117 118 119 120 121 122 123 124 125 126 127,35517.0,False
base,active,247147.0,249486.0,249597.0,64 65 66 67 68 69 70 71 72 73 74 75 76 77 78 79 80 81 82 83 84 85 86 87 88 89 90 91 92 93 94 95 96 97 98 99 100 101 102 103 104 105 106 107 108 109 110 111 112 113 114 115 116 117 118 119 120 121 122 123 124 125 126 127,35518.0,False
base,active,247351.0,249597.0,249598.0,64 65 66 67 68 69 70 71 72 73 74 75 76 77 78 79 80 81 82 83 84 85 86 87 88 89 90 91 92 93 94 95 96 97 98 99 100 101 102 103 104 105 106 107 108 109 110 111 112 113 114 115 116 117 118 119 120 121 122 123 124 125 126 127,35521.0,False
base,active,247363.0,249598.0,249705.0,64 65 66 67 68 69 70 71 72 73 74 75 76 77 78 79 80 81 82 83 84 85 86 87 88 89 90 91 92 93 94 95 96 97 98 99 100 101 102 103 104 105 106 107 108 109 110 111 112 113 114 115 116 117 118 119 120 121 122 123 124 125 126 127,35522.0,False
base,active,248964.0,249705.0,249726.0,112 113 114 115 116 117 118 119,35536.0,False
base,active,247488.0,249705.0,249761.0,64 65 66 67,35523.0,False
base,active,247747.0,249705.0,249761.0,124 125 126 127,35526.0,False
base,active,248445.0,249705.0,249761.0,120 121 122 123,35532.0,False
base,active,249194.0,249705.0,249761.0,108 109 110 111,35538.0,False
base,active,,249705.0,249761.0,68 69 70 71 72 73 74 75 76 77 78 79 80 81 82 83 84 85 86 87 88 89 90 91 92 93 94 95 96 97 98 99 100 101 102 103 104 105 106 107,-1.0,
base,active,,249726.0,249761.0,112 113 114 115 116 117 118 119,-1.0,
base,active,247578.0,249761.0,249866.0,64 65 66 67 68 69 70 71 72 73 74 75 76 77 78 79 80 81 82 83 84 85 86 87 88 89 90 91 92 93 94 95 96 97 98 99 100 101 102 103 104 105 106 107 108 109 110 111 112 113 114 115 116 117 118 119 120 121 122 123 124 125 126 127,35525.0,False
base,active,247844.0,249866.0,249989.0,64 65 66 67 68 69 70 71 72 73 74 75 76 77 78 79 80 81 82 83 84 85 86 87 88 89 90 91 92 93 94 95 96 97 98 99 100 101 102 103 104 105 106 107 108 109 110 111 112 113 114 115 116 117 118 119 120 121 122 123 124 125 126 127,35527.0,False
base,active,248045.0,249989.0,250096.0,64 65 66 67 68 69 70 71 72 73 74 75 76 77 78 79 80 81 82 83 84 85 86 87 88 89 90 91 92 93 94 95 96 97 98 99 100 101 102 103 104 105 106 107 108 109 110 111 112 113 114 115 116 117 118 119 120 121 122 123 124 125 126 127,35529.0,False
base,active,248268.0,250096.0,250203.0,64 65 66 67 68 69 70 71 72 73 74 75 76 77 78 79 80 81 82 83 84 85 86 87 88 89 90 91 92 93 94 95 96 97 98 99 100 101 102 103 104 105 106 107 108 109 110 111 112 113 114 115 116 117 118 119 120 121 122 123 124 125 126 127,35531.0,False
base,active,248530.0,250203.0,250309.0,64 65 66 67 68 69 70 71 72 73 74 75 76 77 78 79 80 81 82 83 84 85 86 87 88 89 90 91 92 93 94 95 96 97 98 99 100 101 102 103 104 105 106 107 108 109 110 111 112 113 114 115 116 117 118 119 120 121 122 123 124 125 126 127,35533.0,False
base,active,248681.0,250309.0,250417.0,64 65 66 67 68 69 70 71 72 73 74 75 76 77 78 79 80 81 82 83 84 85 86 87 88 89 90 91 92 93 94 95 96 97 98 99 100 101 102 103 104 105 106 107 108 109 110 111 112 113 114 115 116 117 118 119 120 121 122 123 124 125 126 127,35534.0,False
base,active,,250417.0,250528.0,107,-1.0,
base,active,250344.0,250417.0,250568.0,108 109 110 111,35548.0,False
base,active,248824.0,250417.0,250640.0,64 65 66 67 68 69 70 71 72 73 74 75 76 77 78 79 80 81 82 83 84 85 86 87 88 89 90 91 92 93 94 95,35535.0,False
base,active,,250417.0,250640.0,104 105 106,-1.0,
base,active,250255.0,250417.0,250691.0,112 113 114 115 116 117 118 119 120 121 122 123 124 125 126 127,35547.0,False
base,active,249018.0,250417.0,251082.0,96 97 98 99 100 101 102 103,35537.0,False
base,active,250528.0,250528.0,250551.0,107,35551.0,False
base,active,,250551.0,250640.0,107,-1.0,
base,active,,250568.0,250640.0,108 109 110 111,-1.0,
base,active,250553.0,250640.0,250817.0,72 73 74 75 76 77 78 79 80 81 82 83 84 85 86 87 88 89 90 91 92 93 94 95 104 105 106 107 108 109 110 111,35552.0,False
base,active,,250640.0,251082.0,64 65 66 67 68 69 70 71,-1.0,
base,active,250674.0,250691.0,251017.0,112 113 114 115 116 117 118 119 120 121 122 123 124 125 126 127,35555.0,False
base,active,,250817.0,250885.0,108 109 110 111,-1.0,
base,active,,250817.0,251082.0,72 73 74 75 76 77 78 79 80 81 82 83 84 85 86 87 88 89 90 91 92 93 94 95 104 105 106 107,-1.0,
base,active,250885.0,250885.0,251057.0,108 109 110 111,35560.0,False
base,active,,251017.0,251082.0,112 113 114 115 116 117 118 119 120 121 122 123 124 125 126 127,-1.0,
base,active,,251057.0,251082.0,108 109 110 111,-1.0,
base,active,249724.0,251082.0,251200.0,64 65 66 67 68 69 70 71 72 73 74 75 76 77 78 79 80 81 82 83 84 85 86 87 88 89 90 91 92 93 94 95 96 97 98 99 100 101 102 103 104 105 106 107 108 109 110 111 112 113 114 115 116 117 118 119 120 121 122 123 124 125 126 127,35540.0,False
base,active,249888.0,251200.0,251321.0,64 65 66 67 68 69 70 71 72 73 74 75 76 77 78 79 80 81 82 83 84 85 86 87 88 89 90 91 92 93 94 95 96 97 98 99 100 101 102 103 104 105 106 107 108 109 110 111 112 113 114 115 116 117 118 119 120 121 122 123 124 125 126 127,35542.0,False
base,active,249992.0,251321.0,251514.0,64 65 66 67 68 69 70 71 72 73 74 75 76 77 78 79 80 81 82 83 84 85 86 87 88 89 90 91 92 93 94 95 96 97 98 99 100 101 102 103 104 105 106 107 108 109 110 111 112 113 114 115 116 117 118 119 120 121 122 123 124 125 126 127,35543.0,False
base,active,250074.0,251514.0,251636.0,64 65 66 67 68 69 70 71 72 73 74 75 76 77 78 79 80 81 82 83 84 85 86 87 88 89 90 91 92 93 94 95 96 97 98 99 100 101 102 103 104 105 106 107 108 109 110 111 112 113 114 115 116 117 118 119 120 121 122 123 124 125 126 127,35544.0,False
base,active,250247.0,251636.0,251757.0,64 65 66 67 68 69 70 71 72 73 74 75 76 77 78 79 80 81 82 83 84 85 86 87 88 89 90 91 92 93 94 95 96 97 98 99 100 101 102 103 104 105 106 107 108 109 110 111 112 113 114 115 116 117 118 119 120 121 122 123 124 125 126 127,35546.0,False
base,active,250413.0,251757.0,251887.0,64 65 66 67 68 69 70 71 72 73 74 75 76 77 78 79 80 81 82 83 84 85 86 87 88 89 90 91 92 93 94 95 96 97 98 99 100 101 102 103 104 105 106 107 108 109 110 111 112 113 114 115 116 117 118 119 120 121 122 123 124 125 126 127,35550.0,False
base,active,250581.0,251887.0,252014.0,64 65 66 67 68 69 70 71 72 73 74 75 76 77 78 79 80 81 82 83 84 85 86 87 88 89 90 91 92 93 94 95 96 97 98 99 100 101 102 103 104 105 106 107 108 109 110 111 112 113 114 115 116 117 118 119 120 121 122 123 124 125 126 127,35553.0,False
base,active,251624.0,252014.0,252041.0,91,35577.0,False
base,active,,252014.0,252041.0,72 73 74 75 76 77 78 79 80 81 82 83 84 85 86,-1.0,
base,active,251661.0,252014.0,252097.0,87 88 89 90,35578.0,False
base,active,251173.0,252014.0,252280.0,108 109 110 111 112 113 114 115 116 117 118 119 120 121 122 123,35568.0,False
base,active,251060.0,252014.0,252287.0,124 125 126 127,35564.0,False
base,active,251471.0,252014.0,252293.0,92 93 94 95 96 97 98 99 100 101 102 103 104 105 106 107,35573.0,False
base,active,250668.0,252014.0,252476.0,64 65 66 67 68 69 70 71,35554.0,False
base,active,251810.0,252041.0,252314.0,72 73 74 75 76 77 78 79 80 81 82 83 84 85 86 91,35581.0,False
base,active,252088.0,252097.0,252222.0,87 88 89 90,35585.0,False
base,active,252173.0,252222.0,252250.0,90,35589.0,False
base,active,,252222.0,252250.0,87 88 89,-1.0,
base,active,252216.0,252250.0,252326.0,87 88 89 90,35590.0,False
base,active,,252280.0,252476.0,108 109 110 111 112 113 114 115 116 117 118 119 120 121 122 123,-1.0,
base,active,,252287.0,252476.0,124 125 126 127,-1.0,
base,active,,252293.0,252476.0,92 93 94 95 96 97 98 99 100 101 102 103 104 105 106 107,-1.0,
base,active,,252314.0,252476.0,72 73 74 75 76 77 78 79 80 81 82 83 84 85 86 91,-1.0,
base,active,,252326.0,252476.0,87 88 89 90,-1.0,
base,active,250760.0,252476.0,252598.0,64 65 66 67 68 69 70 71 72 73 74 75 76 77 78 79 80 81 82 83 84 85 86 87 88 89 90 91 92 93 94 95 96 97 98 99 100 101 102 103 104 105 106 107 108 109 110 111 112 113 114 115 116 117 118 119 120 121 122 123 124 125 126 127,35556.0,False
base,active,251726.0,252502.0,252936.0,32 33 34 35 36 37 38 39 40 41 42 43 44 45 46 47 48 49 50 51 52 53 54 55 56 57 58 59 60 61 62 63,35579.0,False
base,active,250786.0,252502.0,253258.0,0 1 2 3 4 5 6 7 8 9 10 11 12 13 14 15 16 17 18 19 20 21 22 23 24 25 26 27 28 29 30 31,35558.0,False
base,active,250944.0,252598.0,252673.0,64 65 66 67 68 69 70 71 72 73 74 75 76 77 78 79 80 81 82 83 84 85 86 87 88 89 90 91 92 93 94 95 96 97 98 99 100 101 102 103 104 105 106 107 108 109 110 111 112 113 114 115 116 117 118 119 120 121 122 123 124 125 126 127,35562.0,False
base,active,251065.0,252673.0,252713.0,64 65 66 67 68 69 70 71 72 73 74 75 76 77 78 79 80 81 82 83 84 85 86 87 88 89 90 91 92 93 94 95 96 97 98 99 100 101 102 103 104 105 106 107 108 109 110 111 112 113 114 115 116 117 118 119 120 121 122 123 124 125 126 127,35565.0,False
base,active,251141.0,252713.0,252752.0,64 65 66 67 68 69 70 71 72 73 74 75 76 77 78 79 80 81 82 83 84 85 86 87 88 89 90 91 92 93 94 95 96 97 98 99 100 101 102 103 104 105 106 107 108 109 110 111 112 113 114 115 116 117 118 119 120 121 122 123 124 125 126 127,35567.0,False
base,active,251225.0,252752.0,252783.0,64 65 66 67 68 69 70 71 72 73 74 75 76 77 78 79 80 81 82 83 84 85 86 87 88 89 90 91 92 93 94 95 96 97 98 99 100 101 102 103 104 105 106 107 108 109 110 111 112 113 114 115 116 117 118 119 120 121 122 123 124 125 126 127,35569.0,False
base,active,251287.0,252783.0,252815.0,64 65 66 67 68 69 70 71 72 73 74 75 76 77 78 79 80 81 82 83 84 85 86 87 88 89 90 91 92 93 94 95 96 97 98 99 100 101 102 103 104 105 106 107 108 109 110 111 112 113 114 115 116 117 118 119 120 121 122 123 124 125 126 127,35570.0,False
base,active,251353.0,252815.0,252851.0,64 65 66 67 68 69 70 71 72 73 74 75 76 77 78 79 80 81 82 83 84 85 86 87 88 89 90 91 92 93 94 95 96 97 98 99 100 101 102 103 104 105 106 107 108 109 110 111 112 113 114 115 116 117 118 119 120 121 122 123 124 125 126 127,35571.0,False
base,active,251420.0,252851.0,252888.0,64 65 66 67 68 69 70 71 72 73 74 75 76 77 78 79 80 81 82 83 84 85 86 87 88 89 90 91 92 93 94 95 96 97 98 99 100 101 102 103 104 105 106 107 108 109 110 111 112 113 114 115 116 117 118 119 120 121 122 123 124 125 126 127,35572.0,False
base,active,251511.0,252888.0,252929.0,64 65 66 67 68 69 70 71 72 73 74 75 76 77 78 79 80 81 82 83 84 85 86 87 88 89 90 91 92 93 94 95 96 97 98 99 100 101 102 103 104 105 106 107 108 109 110 111 112 113 114 115 116 117 118 119 120 121 122 123 124 125 126 127,35574.0,False
base,active,251598.0,252929.0,252952.0,64 65 66 67 68 69 70 71 72 73 74 75 76 77 78 79 80 81 82 83 84 85 86 87 88 89 90 91 92 93 94 95 96 97 98 99 100 101 102 103 104 105 106 107 108 109 110 111 112 113 114 115 116 117 118 119 120 121 122 123 124 125 126 127,35576.0,False
base,active,252132.0,252936.0,253210.0,32 33 34 35 36 37 38 39 40 41 42 43 44 45 46 47,35587.0,False
base,active,252476.0,252936.0,253212.0,48 49 50 51 52 53 54 55 56 57 58 59 60 61 62 63,35596.0,False
base,active,251809.0,252952.0,252989.0,64 65 66 67 68 69 70 71 72 73 74 75 76 77 78 79 80 81 82 83 84 85 86 87 88 89 90 91 92 93 94 95 96 97 98 99 100 101 102 103 104 105 106 107 108 109 110 111 112 113 114 115 116 117 118 119 120 121 122 123 124 125 126 127,35580.0,False
base,active,251912.0,252989.0,253038.0,64 65 66 67 68 69 70 71 72 73 74 75 76 77 78 79 80 81 82 83 84 85 86 87 88 89 90 91 92 93 94 95 96 97 98 99 100 101 102 103 104 105 106 107 108 109 110 111 112 113 114 115 116 117 118 119 120 121 122 123 124 125 126 127,35582.0,False
base,active,251980.0,253038.0,253079.0,64 65 66 67 68 69 70 71 72 73 74 75 76 77 78 79 80 81 82 83 84 85 86 87 88 89 90 91 92 93 94 95 96 97 98 99 100 101 102 103 104 105 106 107 108 109 110 111 112 113 114 115 116 117 118 119 120 121 122 123 124 125 126 127,35583.0,False
base,active,252070.0,253079.0,253118.0,64 65 66 67 68 69 70 71 72 73 74 75 76 77 78 79 80 81 82 83 84 85 86 87 88 89 90 91 92 93 94 95 96 97 98 99 100 101 102 103 104 105 106 107 108 109 110 111 112 113 114 115 116 117 118 119 120 121 122 123 124 125 126 127,35584.0,False
base,active,252171.0,253118.0,253178.0,64 65 66 67 68 69 70 71 72 73 74 75 76 77 78 79 80 81 82 83 84 85 86 87 88 89 90 91 92 93 94 95 96 97 98 99 100 101 102 103 104 105 106 107 108 109 110 111 112 113 114 115 116 117 118 119 120 121 122 123 124 125 126 127,35588.0,False
base,active,252273.0,253178.0,253214.0,64 65 66 67 68 69 70 71 72 73 74 75 76 77 78 79 80 81 82 83 84 85 86 87 88 89 90 91 92 93 94 95 96 97 98 99 100 101 102 103 104 105 106 107 108 109 110 111 112 113 114 115 116 117 118 119 120 121 122 123 124 125 126 127,35591.0,False
base,active,,253210.0,253212.0,37 38 39 40 41 42 43 44 45 46 47,-1.0,
base,active,252607.0,253210.0,253220.0,32,35601.0,False
base,active,252897.0,253210.0,253282.0,33 34 35 36,35610.0,False
base,active,,253212.0,253214.0,53 54 55 56 57 58 59 60 61 62 63,-1.0,
base,active,252806.0,253212.0,253497.0,37 38 39 40 41 42 43 44 45 46 47 48 49 50 51 52,35608.0,False
base,active,252350.0,253214.0,253251.0,53 54 55 56 57 58 59 60 61 62 63 64 65 66 67 68 69 70 71 72 73 74 75 76 77 78 79 80 81 82 83 84 85 86 87 88 89 90 91 92 93 94 95 96 97 98 99 100 101 102 103 104 105 106 107 108 109 110 111 112 113 114 115 116,35592.0,False
base,active,,253214.0,253251.0,117 118 119 120 121 122 123 124 125 126 127,-1.0,
base,active,,253220.0,253251.0,32,-1.0,
base,active,252410.0,253251.0,253252.0,32 53 54 55 56 57 58 59 60 61 62 63 64 65 66 67 68 69 70 71 72 73 74 75 76 77 78 79 80 81 82 83 84 85 86 87 88 89 90 91 92 93 94 95 96 97 98 99 100 101 102 103 104 117 118 119 120 121 122 123 124 125 126 127,35593.0,False
base,active,,253251.0,253252.0,105 106 107 108 109 110 111 112 113 114 115 116,-1.0,
base,active,,253252.0,253258.0,104 117 118 119 120 121 122 123 124 125 126 127,-1.0,
base,active,252418.0,253252.0,253283.0,32 53 54 55 56 57 58 59 60 61 62 63 64 65 66 67 68 69 70 71 72 73 74 75 76 77 78 79 80 81 82 83 84 85 86 87 88 89 90 91 92 93 94 95 96 97 98 99 100 101 102 103 105 106 107 108 109 110 111 112 113 114 115 116,35594.0,False
base,active,,253258.0,253283.0,20 21 22 23 24 25 26 27 28 29 30 31,-1.0,
base,active,252721.0,253258.0,253462.0,0 1 2 3 4 5 6 7 8 9 10 11 12 13 14 15 16 17 18 19 104 117 118 119 120 121 122 123 124 125 126 127,35606.0,False
base,active,,253282.0,253283.0,33 34 35 36,-1.0,
base,active,252489.0,253283.0,253329.0,20 21 22 23 24 25 26 27 28 29 30 31 32 33 34 35 36 53 54 55 56 57 58 59 60 61 62 63 64 65 66 67 68 69 70 71 72 73 74 75 76 77 78 79 80 81 82 83 84 85 86 87 88 89 90 91 92 93 94 95 96 97 98 99,35597.0,False
base,active,,253283.0,253329.0,100 101 102 103 105 106 107 108 109 110 111 112 113 114 115 116,-1.0,
base,active,252565.0,253329.0,253363.0,20 21 22 23 24 25 26 27 28 29 30 31 32 33 34 35 36 53 54 55 56 57 58 59 60 61 62 63 64 65 66 67 68 69 70 71 72 73 74 75 76 77 78 79 80 81 82 83 100 101 102 103 105 106 107 108 109 110 111 112 113 114 115 116,35599.0,False
base,active,,253329.0,253363.0,84 85 86 87 88 89 90 91 92 93 94 95 96 97 98 99,-1.0,
base,active,252633.0,253363.0,253404.0,20 21 22 23 24 25 26 27 28 29 30 31 32 33 34 35 36 53 54 55 56 57 58 59 60 61 62 63 64 65 66 67 68 69 70 71 72 73 74 75 76 77 78 79 80 81 82 83 84 85 86 87 88 89 90 91 92 93 94 95 96 97 98 99,35603.0,False
base,active,,253363.0,253404.0,100 101 102 103 105 106 107 108 109 110 111 112 113 114 115 116,-1.0,
base,active,252720.0,253404.0,253457.0,20 21 22 23 24 25 26 27 28 29 30 31 32 33 34 35 36 53 54 55 56 57 58 59 60 61 62 63 64 65 66 67 68 69 70 71 72 73 74 75 76 77 78 79 80 81 82 83 100 101 102 103 105 106 107 108 109 110 111 112 113 114 115 116,35605.0,False
base,active,,253404.0,253457.0,84 85 86 87 88 89 90 91 92 93 94 95 96 97 98 99,-1.0,
base,active,,253457.0,253462.0,100 101 102 103 105 106 107 108 109 110 111 112 113 114 115 116,-1.0,
base,active,252858.0,253457.0,253518.0,20 21 22 23 24 25 26 27 28 29 30 31 32 33 34 35 36 53 54 55 56 57 58 59 60 61 62 63 64 65 66 67 68 69 70 71 72 73 74 75 76 77 78 79 80 81 82 83 84 85 86 87 88 89 90 91 92 93 94 95 96 97 98 99,35609.0,False
base,active,,253462.0,253465.0,16,-1.0,
base,active,,253462.0,253567.0,17 18 19 104,-1.0,
base,active,,253462.0,253633.0,117,-1.0,
base,active,,253462.0,253694.0,118 119 120 121 122 123 124 125 126 127,-1.0,
base,active,253053.0,253462.0,253873.0,0 1 2 3 4 5 6 7 8 9 10 11 12 13 14 15 100 101 102 103 105 106 107 108 109 110 111 112 113 114 115 116,35611.0,False
base,active,253465.0,253465.0,253479.0,16,35613.0,False
base,active,,253479.0,253694.0,16,-1.0,
base,active,,253497.0,253694.0,37 38 39 40 41 42 43 44 45 46 47 48 49 50 51 52,-1.0,
base,active,,253518.0,253694.0,20 21 22 23 24,-1.0,
base,active,,253518.0,253765.0,25 26 27 28 29 30 31 32 33 34 35 36 53 54 55 56,-1.0,
base,active,,253518.0,254076.0,57 58 59 60 61 62 63 64 65 66 67 68 69 70 71 72 73 74 75 76 77 78 79 80 81 82 83 84 85 86 87 88,-1.0,
base,active,,253518.0,254279.0,89 90 91 92 93 94 95 96 97 98 99,-1.0,
base,active,253567.0,253567.0,253756.0,17 18 19 104,35614.0,False
base,active,253633.0,253633.0,253641.0,117,35615.0,False
base,active,,253641.0,254279.0,117,-1.0,
base,active,253694.0,253694.0,253950.0,16 20 21 22 23 24 37 38 39 40 41 42 43 44 45 46 47 48 49 50 51 52 118 119 120 121 122 123 124 125 126 127,35617.0,False
base,active,,253756.0,254279.0,17 18 19 104,-1.0,
base,active,253765.0,253765.0,253853.0,25 26 27 28 29 30 31 32 33 34 35 36 53 54 55 56,35618.0,False
base,active,,253853.0,254279.0,25 26 27 28 29 30 31 32 33 34 35 36 53 54 55 56,-1.0,
base,active,,253873.0,254279.0,0 1 2 3 4 5 6 7 8 9 10 11 12 13 14 15 100 101 102 103 105 106 107 108 109 110 111 112 113 114 115 116,-1.0,
base,active,,253950.0,254364.0,16 20 21 22,-1.0,
base,active,,253950.0,254467.0,23,-1.0,
base,active,,253950.0,254513.0,24 37 38 39,-1.0,
base,active,,253950.0,254534.0,40,-1.0,
base,active,,253950.0,254554.0,41 42 43 44 45 46 47 48,-1.0,
base,active,,253950.0,254711.0,49 50 51 52,-1.0,
base,active,,253950.0,254906.0,118 119 120 121,-1.0,
base,active,,253950.0,255060.0,122,-1.0,
base,active,,253950.0,255136.0,123,-1.0,
base,active,,253950.0,255150.0,124 125 126 127,-1.0,
base,active,254076.0,254076.0,254532.0,57 58 59 60 61 62 63 64 65 66 67 68 69 70 71 72 73 74 75 76 77 78 79 80 81 82 83 84 85 86 87 88,35620.0,False
base,active,254279.0,254279.0,254395.0,0 1 2 3 4 5 6 7 8 9 10 11 12 13 14 15 17 18 19 25 26 27 28 29 30 31 32 33 34 35 36 53 54 55 56 89 90 91 92 93 94 95 96 97 98 99 100 101 102 103 104 105 106 107 108 109 110 111 112 113 114 115 116 117,35624.0,False
base,active,254364.0,254364.0,254450.0,16 20 21 22,35626.0,False
base,active,,254395.0,255391.0,0 1 2 3 4 5 6 7,-1.0,
base,active,,254395.0,255419.0,8 9 10 11 12 13 14 15,-1.0,
base,active,,254395.0,255447.0,17 18 19 25 26 27 28 29,-1.0,
base,active,,254395.0,255595.0,30 31 32 33 34 35 36 53 54 55 56 89 90 91 92 93 94 95 96 97 98 99 100 101 102 103 104 105 106 107 108 109 110 111 112 113 114 115 116 117,-1.0,
base,active,,254450.0,255650.0,16 20 21 22,-1.0,
base,active,254467.0,254467.0,254488.0,23,35627.0,False
base,active,,254488.0,255688.0,23,-1.0,
base,active,254513.0,254513.0,254541.0,24 37 38 39,35628.0,False
base,active,,254532.0,255724.0,57 58 59 60 61 62 63 64 65 66 67 68 69 70 71 72 73 74 75 76 77 78 79 80 81 82 83 84 85 86 87 88,-1.0,
base,active,254534.0,254534.0,254552.0,40,35629.0,False
base,active,,254541.0,255741.0,24 37 38 39,-1.0,
base,active,,254552.0,255752.0,40,-1.0,
base,active,254554.0,254554.0,254589.0,41 42 43 44 45 46 47 48,35630.0,False
base,active,,254589.0,255773.0,41 42 43 44 45 46 47 48,-1.0,
base,active,254711.0,254711.0,254734.0,49 50 51 52,35631.0,False
base,active,,254734.0,255773.0,49 50 51 52,-1.0,
base,active,254906.0,254906.0,255137.0,118 119 120 121,35633.0,False
base,active,255060.0,255060.0,255068.0,122,35634.0,False
base,active,,255068.0,255773.0,122,-1.0,
base,active,255136.0,255136.0,255143.0,123,35635.0,False
base,active,,255137.0,255773.0,118 119 120 121,-1.0,
base,active,,255143.0,255773.0,123,-1.0,
base,switching_off,,255150.0,256950.0,124 125 126 127,-2.0,
base,active,255391.0,255391.0,255393.0,0 1 2 3 4 5 6 7,35637.0,False
base,active,,255393.0,255773.0,0 1 2 3 4 5 6 7,-1.0,
base,active,255419.0,255419.0,255447.0,8 9 10 11 12 13 14 15,35638.0,False
base,active,255447.0,255447.0,255517.0,17 18 19 25 26 27 28 29,35639.0,False
base,active,,255447.0,255773.0,8 9 10 11 12 13,-1.0,
base,active,,255447.0,255806.0,14 15,-1.0,
base,active,,255517.0,255806.0,17 18 19 25 26 27 28 29,-1.0,
base,switching_off,,255595.0,257395.0,30 31 32 33 34 35 36 53 54 55 56 89 90 91 92 93 94 95 96 97 98 99 100 101 102 103 104 105 106 107 108 109 110 111 112 113 114 115 116 117,-2.0,
base,switching_off,,255650.0,257450.0,16 20 21 22,-2.0,
base,switching_off,,255688.0,257488.0,23,-2.0,
base,active,255724.0,255724.0,255753.0,57 58 59 60 61 62 63 64 65 66 67 68 69 70 71 72 73 74 75 76 77 78 79 80 81 82 83 84 85 86 87 88,35644.0,False
base,switching_off,,255741.0,257541.0,24 37 38 39,-2.0,
base,switching_off,,255752.0,257552.0,40,-2.0,
base,active,,255753.0,255806.0,57 58 59 60 61 62 63 64 65 66 67 68 69 70 71 72 73 74 75 76 77 78,-1.0,
base,active,,255753.0,255884.0,79 80 81 82 83 84 85 86 87 88,-1.0,
base,active,255773.0,255773.0,255798.0,0 1 2 3 4 5 6 7 8 9 10 11 12 13 41 42 43 44 45 46 47 48 49 50 51 52 118 119 120 121 122 123,35646.0,False
base,active,,255798.0,255884.0,0 1 2 3 4 5 6 7 8 9 10 11 12 13 41 42 43 44 45 46 47 48,-1.0,
base,active,,255798.0,255940.0,49 50 51 52,-1.0,
base,active,,255798.0,256372.0,118 119 120 121 122 123,-1.0,
base,active,255806.0,255806.0,255832.0,14 15 17 18 19 25 26 27 28 29 57 58 59 60 61 62 63 64 65 66 67 68 69 70 71 72 73 74 75 76 77 78,35647.0,False
base,active,,255832.0,256372.0,14 15 17 18 19 25 26 27 28 29 57 58 59 60 61 62 63 64 65 66 67 68 69 70 71 72,-1.0,
base,active,,255832.0,256576.0,73 74 75 76 77 78,-1.0,
base,active,255884.0,255884.0,255910.0,0 1 2 3 4 5 6 7 8 9 10 11 12 13 41 42 43 44 45 46 47 48 79 80 81 82 83 84 85 86 87 88,35648.0,False
base,active,,255910.0,256576.0,0 1 2 3 4 5 6 7 8 9 10 11 12 13 41 42 43 44 45 46 47 48 79 80 81 82,-1.0,
base,active,,255910.0,256614.0,83 84 85 86 87 88,-1.0,
base,active,255940.0,255940.0,255967.0,49 50 51 52,35649.0,False
base,active,,255967.0,256614.0,49 50,-1.0,
base,active,,255967.0,256617.0,51 52,-1.0,
base,active,256372.0,256372.0,256398.0,14 15 17 18 19 25 26 27 28 29 57 58 59 60 61 62 63 64 65 66 67 68 69 70 71 72 118 119 120 121 122 123,35651.0,False
base,active,,256398.0,256617.0,14 15 17 18 19 25 26 27 28 29 57 58 59 60 61 62 63 64 65 66 67 68 69 70 71 72 118 119 120 121,-1.0,
base,active,,256398.0,256677.0,122 123,-1.0,
base,active,256576.0,256576.0,267548.0,0 1 2 3 4 5 6 7 8 9 10 11 12 13 41 42 43 44 45 46 47 48 73 74 75 76 77 78 79 80 81 82,35652.0,False
base,active,256614.0,256614.0,267550.0,49 50 83 84 85 86 87 88,35653.0,False
base,active,256617.0,256617.0,256645.0,14 15 17 18 19 25 26 27 28 29 51 52 57 58 59 60 61 62 63 64 65 66 67 68 69 70 71 72 118 119 120 121,35654.0,False
base,active,,256645.0,256677.0,14 15 17 18 19 25 26 27 28 29 51 52 57 58 59 60 61 62 63 64 65 66 67 68 69 70 71 72 118 119,-1.0,
base,active,,256645.0,256744.0,120 121,-1.0,
base,active,256677.0,256677.0,256703.0,14 15 17 18 19 25 26 27 28 29 51 52 57 58 59 60 61 62 63 64 65 66 67 68 69 70 71 72 118 119 122 123,35655.0,False
base,active,,256703.0,256744.0,14 15 17 18 19 25 26 27 28 29 51 52 57 58,-1.0,
base,active,,256703.0,256918.0,59 60 61 62 63 64 65 66 67 68 69 70 71 72 118 119 122 123,-1.0,
base,active,256744.0,256744.0,256769.0,14 15 17 18 19 25 26 27 28 29 51 52 57 58 120 121,35657.0,False
base,active,,256769.0,256918.0,14 15 17 18 19 25 26 27 28 29 51 52 57 58,-1.0,
base,active,,256769.0,257115.0,120 121,-1.0,
base,active,256918.0,256918.0,256944.0,14 15 17 18 19 25 26 27 28 29 51 52 57 58 59 60 61 62 63 64 65 66 67 68 69 70 71 72 118 119 122 123,35658.0,False
base,active,,256944.0,257115.0,14 15 17 18 19 25 26 27 28 29 51 52 57 58 59 60 61 62 63 64 65 66 67 68 69 70 71 72 118 119,-1.0,
base,active,,256944.0,257215.0,122 123,-1.0,
base,sleeping,,256950.0,257798.0,124 125 126 127,-4.0,
base,active,257115.0,257115.0,257146.0,14 15 17 18 19 25 26 27 28 29 51 52 57 58 59 60 61 62 63 64 65 66 67 68 69 70 71 72 118 119 120 121,35661.0,False
base,active,,257146.0,257215.0,14 15 17 18 19 25 26 27 28 29 51 52 57 58,-1.0,
base,active,,257146.0,257432.0,59 60 61 62 63 64 65 66 67 68 69 70 71 72 118 119,-1.0,
base,active,,257146.0,257568.0,120 121,-1.0,
base,active,257215.0,257215.0,257241.0,14 15 17 18 19 25 26 27 28 29 51 52 57 58 122 123,35664.0,False
base,active,,257241.0,257568.0,14 15 17 18 19 25 26 27 28 29 51 52 57 58,-1.0,
base,active,,257241.0,257648.0,122 123,-1.0,
base,sleeping,,257395.0,257798.0,30 31 32 33 34 35 36 53 54 55 56 89 90 91 92 93 94 95 96 97 98 99 100 101 102 103 104 105 106 107 108 109 110 111 112 113 114 115 116 117,-4.0,
base,active,257432.0,257432.0,257459.0,59 60 61 62 63 64 65 66 67 68 69 70 71 72 118 119,35668.0,False
base,sleeping,,257450.0,257798.0,16 20 21 22,-4.0,
base,active,,257459.0,257648.0,59 60 61 62 63 64,-1.0,
base,active,,257459.0,257664.0,65 66 67 68,-1.0,
base,active,,257459.0,257704.0,69 70 71 72 118 119,-1.0,
base,sleeping,,257488.0,257798.0,23,-4.0,
base,sleeping,,257541.0,257798.0,24 37 38 39,-4.0,
base,sleeping,,257552.0,257798.0,40,-4.0,
base,active,257568.0,257568.0,257594.0,14 15 17 18 19 25 26 27 28 29 51 52 57 58 120 121,35669.0,False
base,active,,257594.0,257704.0,14 15,-1.0,
base,active,,257594.0,257818.0,57 58 120 121,-1.0,
base,active,,257594.0,260498.0,17 18 19 25 26 27 28 29 51 52,-1.0,
base,active,257648.0,257648.0,257707.0,59 60 61 62 63 64 122 123,35670.0,False
base,active,257664.0,257664.0,257813.0,65 66 67 68,35671.0,False
base,active,257704.0,257704.0,257730.0,14 15 69 70 71 72 118 119,35672.0,False
base,active,,257707.0,257818.0,59 60 61 62,-1.0,
base,active,,257707.0,258013.0,63 64 122 123,-1.0,
base,active,,257730.0,258013.0,14 15 69 70,-1.0,
base,active,,257730.0,258930.0,71 72 118 119,-1.0,
base,switching_on,,257798.0,260498.0,16 20 21 22 23 24 30 31 32 33 34 35 36 37 38 39 40 53 54 55 56 89 90 91 92 93 94 95 96 97 98 99 100 101 102 103 104 105 106 107 108 109 110 111 112 113 114 115 116 117 124 125 126 127,-3.0,
base,active,,257813.0,258930.0,65 66 67 68,-1.0,
base,active,257818.0,257818.0,257848.0,57 58 59 60 61 62 120 121,35674.0,False
base,active,,257848.0,258930.0,57 58 59 60 61 62 120 121,-1.0,
base,active,258013.0,258013.0,258056.0,14 15 63 64 69 70 122 123,35676.0,False
base,active,,258056.0,258930.0,14 15 63 64 69 70 122 123,-1.0,
base,active,258069.0,258930.0,258961.0,57 58 59 60 65 66 67 68,35678.0,False
base,active,258229.0,258930.0,258984.0,14 15 61 62 63 64 120 121,35679.0,False
base,active,258383.0,258930.0,259015.0,69 70 122 123,35684.0,False
base,switching_off,,258930.0,260730.0,71 72 118 119,-2.0,
base,active,258278.0,258961.0,258988.0,57 58 59 60 65 66 67 68,35680.0,False
base,active,258330.0,258984.0,259308.0,14 15 61 62 63 64 120 121,35681.0,False
base,active,,258988.0,259308.0,57 58 59 60 65 66 67 68,-1.0,
base,active,,259015.0,259308.0,69 70 122 123,-1.0,
base,active,258430.0,259308.0,259329.0,14 15 57 58 59 60 61 62 65 66 67 68 69 70 122 123,35686.0,False
base,active,,259308.0,259329.0,63 64 120 121,-1.0,
base,active,258540.0,259329.0,259346.0,14 15 57 58 59 60 61 62 63 64 65 66 67 68 120 121,35688.0,False
base,active,,259329.0,259346.0,69 70 122 123,-1.0,
base,active,258750.0,259346.0,259360.0,14 15 57 58 59 60 61 62 63 64 65 66 69 70 122 123,35693.0,False
base,active,,259346.0,259360.0,67 68 120 121,-1.0,
base,active,258924.0,259360.0,259392.0,14 15 57 58 59 60 61 62 63 64 65 66 67 68 120 121,35697.0,False
base,active,,259360.0,259392.0,69 70 122 123,-1.0,
base,active,259309.0,259392.0,259479.0,14 15 57 58 69 70 122 123,35701.0,False
base,active,,259392.0,260095.0,59,-1.0,
base,active,,259392.0,260272.0,60 61 62 63 64 65 66 67 68 120 121,-1.0,
base,active,,259479.0,260272.0,14 15 57 58 69,-1.0,
base,active,,259479.0,260474.0,70 122 123,-1.0,
base,active,260095.0,260095.0,260119.0,59,35705.0,False
base,active,,260119.0,260474.0,59,-1.0,
base,active,260272.0,260272.0,260359.0,14 15 57 58 60 61 62 63 64 65 66 67 68 69 120 121,35708.0,False
base,active,,260359.0,260474.0,14 15 57 58,-1.0,
base,active,,260359.0,260660.0,60,-1.0,
base,active,,260359.0,260676.0,61 62 63 64 65 66 67 68 69 120 121,-1.0,
base,active,260474.0,260474.0,260563.0,14 15 57 58 59 70 122 123,35709.0,False
base,active,257798.0,260498.0,260676.0,16 17 18 19 20 21 22 23 24 25 26 27 28 29 30 31 32 33 34 35 36 37 38 39 40 51 52 53 54 55 56 89 90 91 92 93 94 95 96 97 98 99 100 101 102 103 104 105 106 107 108 109 110 111 112 113 114 115 116 117 124 125 126 127,35673.0,False
base,active,,260563.0,260676.0,14 15 57 58 59 70 122 123,-1.0,
base,active,260660.0,260660.0,260675.0,60,35711.0,False
base,active,,260675.0,260676.0,60,-1.0,
base,active,258457.0,260676.0,260717.0,90 91 92 93 94 95 96 97 98 99 100 101 102 103 104 105 106 107 108 109 110 111 112 113 114 115 116 117 124 125 126 127,35687.0,False
base,active,258066.0,260676.0,260803.0,14 15 16 17 18 19 20 21 22 23 24 25 26 27 57 58 59 60 61 62 63 64 65 66 67 68 69 70 120 121 122 123,35677.0,False
base,active,,260676.0,260803.0,28 29 30 31 32 33 34 35 36 37 38 39 40 51 52 53 54 55 56 89,-1.0,
base,active,258733.0,260717.0,260727.0,90 91 92 93 94 95 96 97 98 99 100 101 102 103 104 105 106 107 108 109 110 111 112 113 114 115 116 117 124 125 126 127,35691.0,False
base,active,258742.0,260727.0,260749.0,90 91 92 93 94 95 96 97 98 99 100 101 102 103 104 105 106 107 108 109 110 111 112 113 114 115 116 117 124 125 126 127,35692.0,False
base,sleeping,,260730.0,260738.0,71,-4.0,
base,sleeping,,260730.0,260763.0,72,-4.0,
base,sleeping,,260730.0,260916.0,118,-4.0,
base,sleeping,,260730.0,261043.0,119,-4.0,
base,switching_on,,260738.0,263438.0,71,-3.0,
base,active,258974.0,260749.0,260794.0,90 91 92 93 94 95 96 97 98 99 100 101 102 103 104 105 106 107 108 109 110 111 112 113 114 115 116 117 124 125 126 127,35699.0,False
base,switching_on,,260763.0,263463.0,72,-3.0,
base,active,,260794.0,260803.0,90 91 92 93 94 95 96 97 98 99 100 101 102 103 104 105 106 107 108 109 110 111 112 113 114 115 116 117 124 125 126 127,-1.0,
base,active,258378.0,260803.0,260832.0,14 15 16 17 18 19 20 21 22 23 24 25 28 29 30 31 32 33 34 35 36 37 38 39 40 51 52 53 54 55 56 89 90 91 92 93 94 95 96 97 98 99 100 101 102 103 104 105 106 107 108 109 110 111 112 113 114 115 116 117 124 125 126 127,35683.0,False
base,active,,260803.0,260832.0,26 27 57 58 59 60 61 62 63 64 65 66 67 68 69 70 120 121 122 123,-1.0,
base,active,260003.0,260832.0,260950.0,90 91 92 93 94 95 96 97 98 99 100 101 102 103 104 105 106 107 108 109 110 111 112 113 114 115 116 117 124 125 126 127,35704.0,False
base,active,258423.0,260832.0,261071.0,14 15 16 17 18 19 20 21 22 23 24 25 26 27 57 58 59 60 61 62 63 64 65 66 67 68 69 70 120 121 122 123,35685.0,False
base,active,,260832.0,261071.0,28 29 30 31 32 33 34 35 36 37 38 39 40 51 52 53 54 55 56 89,-1.0,
base,switching_on,,260916.0,263616.0,118,-3.0,
base,active,,260950.0,261071.0,90 91 92 93 94 95 96 97 98 99 100 101 102 103 104 105 106 107 108 109 110 111 112 113 114 115 116 117 124 125 126 127,-1.0,
base,switching_on,,261043.0,263743.0,119,-3.0,
base,active,258710.0,261071.0,261083.0,14 15 16 17 18 19 20 21 22 23 24 25 28 29 30 31 32 33 34 35 36 37 38 39 40 51 52 53 54 55 56 89 90 91 92 93 94 95 96 97 98 99 100 101 102 103 104 105 106 107 108 109 110 111 112 113 114 115 116 117 124 125 126 127,35690.0,False
base,active,,261071.0,261083.0,26 27 57 58 59 60 61 62 63 64 65 66 67 68 69 70 120 121 122 123,-1.0,
base,active,,261083.0,261110.0,102,-1.0,
base,active,,261083.0,261188.0,103,-1.0,
base,active,,261083.0,261316.0,104,-1.0,
base,active,,261083.0,261415.0,105,-1.0,
base,active,,261083.0,261451.0,106 107 108 109,-1.0,
base,active,,261083.0,261473.0,110 111,-1.0,
base,active,,261083.0,261721.0,112 113 114 115,-1.0,
base,active,,261083.0,261735.0,116 117 124 125 126 127,-1.0,
base,active,258805.0,261083.0,262129.0,14 15 16 17 18 19 20 21 22 23 24 25 26 27 57 58 59 60 61 62 63 64 65 66 67 68 69 70 120 121 122 123,35695.0,False
base,active,259855.0,261083.0,262182.0,28 29 30 31 32 33 34 35 36 37 38 39 40 51 52 53 54 55 56 89 90 91 92 93 94 95 96 97 98 99 100 101,35703.0,False
base,active,261110.0,261110.0,261142.0,102,35719.0,False
base,active,,261142.0,261735.0,102,-1.0,
base,active,261188.0,261188.0,261572.0,103,35721.0,False
base,active,261316.0,261316.0,261391.0,104,35722.0,False
base,active,,261391.0,261735.0,104,-1.0,
base,active,261415.0,261415.0,261443.0,105,35723.0,False
base,active,,261443.0,262125.0,105,-1.0,
base,active,261451.0,261451.0,261588.0,106 107 108 109,35724.0,False
base,active,261473.0,261473.0,262655.0,110 111,35726.0,False
base,active,,261572.0,262125.0,103,-1.0,
base,active,,261588.0,262125.0,106 107,-1.0,
base,active,,261588.0,262129.0,108 109,-1.0,
base,active,261721.0,261721.0,262095.0,112 113 114 115,35730.0,False
base,active,261735.0,261735.0,261757.0,102 104 116 117 124 125 126 127,35731.0,False
base,active,,261757.0,262129.0,102 104 116 117 124 125 126 127,-1.0,
base,active,,262095.0,262129.0,112 113 114 115,-1.0,
base,active,262125.0,262125.0,262193.0,103 105 106 107,35733.0,False
base,active,,262129.0,262182.0,61 62 63 64 65 66 67 68 69 70 120 121 122 123,-1.0,
base,active,260189.0,262129.0,262598.0,14 15 16 17 18 19 20 21 22 23 24 25 26 27 57 58 59 60 102 104 108 109 112 113 114 115 116 117 124 125 126 127,35707.0,False
base,active,260809.0,262182.0,262313.0,28 29 30 31 32 33 34 35 36 37 38 39 40 51 52 53 54 55 61 62 63 64 65 66 67 68 69 70 120 121 122 123,35714.0,False
base,active,,262182.0,262313.0,56 89 90 91 92 93 94 95 96 97 98 99 100 101,-1.0,
base,active,,262193.0,262313.0,103 105 106 107,-1.0,
base,active,,262313.0,262598.0,52 53 54 55 61 62 63 64 65 66 67 68 69 70 120 121 122 123,-1.0,
base,active,260967.0,262313.0,262981.0,28 29 30 31 32 33 34 35 36 37 38 39 40 51 56 89 90 91 92 93 94 95 96 97 98 99 100 101 103 105 106 107,35716.0,False
base,active,,262598.0,262778.0,57 58 59 60 102 104,-1.0,
base,active,,262598.0,262981.0,108 109 112 113 114 115 116 117 124 125 126 127,-1.0,
base,active,261173.0,262598.0,264492.0,14 15 16 17 18 19 20 21 22 23 24 25 26 27 52 53 54 55 61 62 63 64 65 66 67 68 69 70 120 121 122 123,35720.0,False
base,active,,262655.0,262981.0,110 111,-1.0,
base,active,262778.0,262778.0,262910.0,102 104,35738.0,False
base,active,262757.0,262778.0,262928.0,57 58 59 60,35737.0,False
base,active,,262910.0,262981.0,102 104,-1.0,
base,active,,262928.0,262981.0,57 58 59 60,-1.0,
base,active,262207.0,262981.0,263653.0,28 29 30 31 32 33 34 35 36 37 38 39 57 58 59 60 102 104 108 109 110 111 112 113 114 115 116 117 124 125 126 127,35734.0,False
base,active,,262981.0,263653.0,40 51 56 89 90 91 92 93 94 95 96 97 98 99 100 101 103 105 106 107,-1.0,
base,active,260738.0,263438.0,263460.0,71,35712.0,False
base,active,,263460.0,263653.0,71,-1.0,
base,active,260763.0,263463.0,263472.0,72,35713.0,False
base,active,,263472.0,263653.0,72,-1.0,
base,active,260916.0,263616.0,263637.0,118,35715.0,False
base,active,,263637.0,263653.0,118,-1.0,
base,active,,263653.0,263767.0,37 38 39 57,-1.0,
base,active,,263653.0,263788.0,58 59,-1.0,
base,active,,263653.0,263864.0,60 102 104 108,-1.0,
base,active,,263653.0,264023.0,109 110 111 112,-1.0,
base,active,,263653.0,264068.0,113,-1.0,
base,active,,263653.0,264106.0,114,-1.0,
base,active,,263653.0,264133.0,115,-1.0,
base,active,,263653.0,264178.0,116,-1.0,
base,active,,263653.0,264248.0,117 124 125 126 127,-1.0,
base,active,262882.0,263653.0,266474.0,28 29 30 31 32 33 34 35 36 40 51 56 71 72 89 90 91 92 93 94 95 96 97 98 99 100 101 103 105 106 107 118,35739.0,False
base,active,261043.0,263743.0,263772.0,119,35717.0,False
base,active,263767.0,263767.0,263942.0,37 38 39 57,35745.0,False
base,active,,263772.0,264248.0,119,-1.0,
base,active,263788.0,263788.0,264216.0,58 59,35747.0,False
base,active,263864.0,263864.0,263908.0,60 102 104 108,35748.0,False
base,active,,263908.0,264322.0,60 102 104 108,-1.0,
base,active,,263942.0,264322.0,37,-1.0,
base,active,,263942.0,264492.0,38 39 57,-1.0,
base,active,264023.0,264023.0,264221.0,109 110 111 112,35749.0,False
base,active,264068.0,264068.0,264098.0,113,35750.0,False
base,active,,264098.0,264492.0,113,-1.0,
base,active,264106.0,264106.0,264150.0,114,35751.0,False
base,active,264133.0,264133.0,264164.0,115,35752.0,False
base,active,,264150.0,264492.0,114,-1.0,
base,active,,264164.0,264492.0,115,-1.0,
base,active,264178.0,264178.0,264214.0,116,35753.0,False
base,active,,264214.0,264492.0,116,-1.0,
base,active,,264216.0,264492.0,58 59,-1.0,
base,active,,264221.0,264492.0,109 110 111 112,-1.0,
base,active,264248.0,264248.0,264387.0,119 127,35756.0,False
base,active,264218.0,264248.0,264418.0,117 124 125 126,35755.0,False
base,active,264322.0,264322.0,264349.0,37,35758.0,False
base,active,264267.0,264322.0,264389.0,60 102 104 108,35757.0,False
base,active,,264349.0,264492.0,37,-1.0,
base,active,,264387.0,264492.0,119 127,-1.0,
base,active,,264389.0,264492.0,60 102 104 108,-1.0,
base,active,,264418.0,264492.0,117 124 125 126,-1.0,
base,active,,264492.0,264604.0,22 23 24 25,-1.0,
base,active,,264492.0,264625.0,26 27,-1.0,
base,active,,264492.0,264801.0,52 53 54 55 61 62 63 64,-1.0,
base,active,,264492.0,264956.0,65,-1.0,
base,active,,264492.0,264983.0,66,-1.0,
base,active,,264492.0,265031.0,67 68 69 70,-1.0,
base,active,,264492.0,265106.0,120 121 122 123,-1.0,
base,active,264208.0,264492.0,266390.0,14 15 16 17 18 19 20 21 37 38 39 57 58 59 60 102 104 108 109 110 111 112 113 114 115 116 117 119 124 125 126 127,35754.0,False
base,active,264604.0,264604.0,264720.0,22 23 24 25,35760.0,False
base,active,264625.0,264625.0,264723.0,26 27,35761.0,False
base,active,,264720.0,265165.0,22 23 24 25,-1.0,
base,active,,264723.0,265211.0,26,-1.0,
base,active,,264723.0,265230.0,27,-1.0,
base,active,264801.0,264801.0,264823.0,52 53 54 55 61 62 63 64,35764.0,False
base,active,,264823.0,265284.0,52 53 54 55 61 62 63 64,-1.0,
base,active,264956.0,264956.0,264978.0,65,35767.0,False
base,active,,264978.0,265355.0,65,-1.0,
base,active,264983.0,264983.0,264991.0,66,35768.0,False
base,active,,264991.0,266191.0,66,-1.0,
base,active,265031.0,265031.0,265051.0,67 68 69 70,35770.0,False
base,active,,265051.0,266251.0,67 68 69 70,-1.0,
base,active,265106.0,265106.0,265127.0,120 121 122 123,35771.0,False
base,active,,265127.0,266277.0,120 121 122 123,-1.0,
base,active,265165.0,265165.0,265185.0,22 23 24 25,35772.0,False
base,active,,265185.0,266277.0,22 23 24 25,-1.0,
base,active,265211.0,265211.0,265228.0,26,35773.0,False
base,active,,265228.0,266277.0,26,-1.0,
base,active,265230.0,265230.0,265252.0,27,35774.0,False
base,active,,265252.0,266277.0,27,-1.0,
base,active,265284.0,265284.0,265369.0,52 53 54 55 61 62 63 64,35775.0,False
base,active,265355.0,265355.0,265362.0,65,35776.0,False
base,active,,265362.0,266277.0,65,-1.0,
base,active,,265369.0,266277.0,52 53 54 55 61,-1.0,
base,active,,265369.0,266390.0,62 63 64,-1.0,
base,switching_off,,266191.0,267991.0,66,-2.0,
base,switching_off,,266251.0,268051.0,67 68 69 70,-2.0,
base,active,266128.0,266277.0,266365.0,22 23 24 25 120 121 122 123,35780.0,False
base,active,266277.0,266277.0,266382.0,26 27 52 53 54 55 61 65,35781.0,False
base,active,,266365.0,266390.0,22 23 24 25 120 121 122 123,-1.0,
base,active,,266382.0,266390.0,26 27 52 53 54 55 61 65,-1.0,
base,active,,266390.0,266458.0,59,-1.0,
base,active,,266390.0,266474.0,60 102 104 108 109 110 111 112 113 114 115 116 117 119 124 125 126 127,-1.0,
base,active,265832.0,266390.0,269350.0,14 15 16 17 18 19 20 21 22 23 24 25 26 27 37 38 39 52 53 54 55 57 58 61 62 63 64 65 120 121 122 123,35778.0,False
base,active,266458.0,266458.0,266470.0,59,35785.0,False
base,active,,266470.0,266474.0,59,-1.0,
base,active,,266474.0,266514.0,72,-1.0,
base,active,,266474.0,266529.0,89,-1.0,
base,active,,266474.0,266648.0,90,-1.0,
base,active,,266474.0,266693.0,91,-1.0,
base,active,,266474.0,266726.0,92,-1.0,
base,active,,266474.0,266776.0,93,-1.0,
base,active,,266474.0,267674.0,94 95 96 97 98 99 100 101 103 105 106 107 118,-1.0,
base,active,266459.0,266474.0,268041.0,28 29 30 31 32 33 34 35 36 40 51 56 59 60 71 102 104 108 109 110 111 112 113 114 115 116 117 119 124 125 126 127,35786.0,False
base,active,266514.0,266514.0,266542.0,72,35788.0,False
base,active,266529.0,266529.0,266591.0,89,35789.0,False
base,active,,266542.0,267742.0,72,-1.0,
base,active,,266591.0,267791.0,89,-1.0,
base,active,266648.0,266648.0,266669.0,90,35791.0,False
base,active,,266669.0,267869.0,90,-1.0,
base,active,266693.0,266693.0,266708.0,91,35792.0,False
base,active,,266708.0,267908.0,91,-1.0,
base,active,266726.0,266726.0,266741.0,92,35793.0,False
base,active,,266741.0,267941.0,92,-1.0,
base,active,266776.0,266776.0,266791.0,93,35794.0,False
base,active,,266791.0,267991.0,93,-1.0,
base,active,,267548.0,268041.0,0 1 2 3 4 5 6 7 8 9 10 11 12 13 41 42 43 44 45 46 47 48 73 74 75 76 77 78 79 80 81 82,-1.0,
base,active,,267550.0,268041.0,49 50 83 84 85 86 87 88,-1.0,
base,switching_off,,267674.0,269474.0,94 95 96 97 98 99 100 101 103 105 106 107 118,-2.0,
base,switching_off,,267742.0,269542.0,72,-2.0,
base,switching_off,,267791.0,269591.0,89,-2.0,
base,switching_off,,267869.0,269669.0,90,-2.0,
base,switching_off,,267908.0,269708.0,91,-2.0,
base,switching_off,,267941.0,269741.0,92,-2.0,
base,sleeping,,267991.0,269627.0,66,-4.0,
base,switching_off,,267991.0,269791.0,93,-2.0,
base,active,267968.0,268041.0,268062.0,0 1 2 3 4 5 6 7 8 9 10 11 12 13 28 29 30 31 32 33 34 35 36 40 41 42 43 44 45 46 47 48 49 50 51 56 59 60 71 73 74 75 76 77 78 79 80 81 82 83 84 85 86 87 88 102 104 108 109 110 111 112 113 114,35799.0,False
base,active,,268041.0,268062.0,115 116 117 119 124 125 126 127,-1.0,
base,sleeping,,268051.0,269627.0,67 68 69 70,-4.0,
base,active,268001.0,268062.0,268109.0,0 1 2 3 4 5 6 7 8 9 10 11 12 13 28 29 30 31 32 33 34 35 36 40 41 42 43 44 45 46 47 48 49 50 51 56 59 60 71 73 74 75 76 77 78 79 80 81 82 83 84 85 86 87 88 102 115 116 117 119 124 125 126 127,35800.0,False
base,active,,268062.0,268109.0,104 108 109 110 111 112 113 114,-1.0,
base,active,268055.0,268109.0,268160.0,41 42 43 44 45 46 47 48 49 50 51 56 59 60 71 73 74 75 76 77 78 79 80 81 82 83 84 85 86 87 88 102,35802.0,False
base,active,,268109.0,268635.0,115 116 117 119 124 125 126 127,-1.0,
base,active,268054.0,268109.0,270793.0,0 1 2 3 4 5 6 7 8 9 10 11 12 13 28 29 30 31 32 33 34 35 36 40 104 108 109 110 111 112 113 114,35801.0,False
base,active,,268160.0,268635.0,41 42 43 44 45 46 47 48 49 50 51 56 59 60 71 73 74 75 76 77 78 79 80 81,-1.0,
base,active,,268160.0,268808.0,82 83 84 85 86 87 88 102,-1.0,
base,active,268635.0,268635.0,268719.0,41 42 43 44 45 46 47 48 49 50 51 56 59 60 71 73 74 75 76 77 78 79 80 81 115 116 117 119 124 125 126 127,35805.0,False
base,active,,268719.0,268808.0,41 42 43 44 45 46 47 48 49 50 51 56 59 60 71 73 74 75 76 77 78 79 80 81,-1.0,
base,active,,268719.0,268890.0,115 116 117 119 124 125 126 127,-1.0,
base,active,268808.0,268808.0,271487.0,41 42 43 44 45 46 47 48 49 50 51 56 59 60 71 73 74 75 76 77 78 79 80 81 82 83 84 85 86 87 88 102,35806.0,False
base,active,268890.0,268890.0,269035.0,115 116 117 119 124 125 126 127,35807.0,False
base,active,,269035.0,269350.0,115 116 117 119 124 125 126 127,-1.0,
base,active,268905.0,269350.0,269434.0,14 15 16 17 18 19 20 21 22 23 24 25 26 27 37 38 39 52 53 54 55 57 58 61 115 116 117 119 124 125 126 127,35808.0,False
base,active,,269350.0,269627.0,62 63 64 65 120 121 122 123,-1.0,
base,active,,269434.0,269627.0,115 116 117 119 124 125 126 127,-1.0,
base,active,,269434.0,270634.0,21 22 23 24 25 26 27 37 38 39 52 53 54 55 57 58 61,-1.0,
base,active,,269434.0,272892.0,14 15 16 17 18 19 20,-1.0,
base,sleeping,,269474.0,269627.0,94,-4.0,
base,sleeping,,269474.0,269661.0,95,-4.0,
base,sleeping,,269474.0,269711.0,96 97 98 99 100 101,-4.0,
base,sleeping,,269474.0,270054.0,103 105 106 107,-4.0,
base,sleeping,,269474.0,270192.0,118,-4.0,
base,sleeping,,269542.0,269627.0,72,-4.0,
base,sleeping,,269591.0,269627.0,89,-4.0,
base,active,269450.0,269627.0,269717.0,62 63 64 65 115 116 117 119 120 121 122 123 124 125 126 127,35812.0,False
base,switching_on,,269627.0,272327.0,66 67 68 69 70 72 89 94,-3.0,
base,switching_on,,269661.0,272361.0,95,-3.0,
base,sleeping,,269669.0,269711.0,90,-4.0,
base,sleeping,,269708.0,269711.0,91,-4.0,
base,switching_on,,269711.0,272411.0,90 91 96 97 98 99 100 101,-3.0,
base,active,,269717.0,270391.0,62 63 64 65 115 116 117 119 120 121 122 123 124 125 126 127,-1.0,
base,sleeping,,269741.0,269832.0,92,-4.0,
base,sleeping,,269791.0,269832.0,93,-4.0,
base,switching_on,,269832.0,272532.0,92 93,-3.0,
base,switching_on,,270054.0,272754.0,103 105 106 107,-3.0,
base,switching_on,,270192.0,272892.0,118,-3.0,
base,active,270391.0,270391.0,270441.0,62 63 64 65 115 116 117 119 120 121 122 123 124 125 126 127,35825.0,False
base,active,,270441.0,270449.0,62 63 64 65 115 116 117 119 120 121 122 123 124 125 126 127,-1.0,
base,active,270449.0,270449.0,270543.0,62 63 64 65 115 116 117 119 120 121 122 123 124 125 126 127,35827.0,False
base,active,,270543.0,270634.0,62 63 64 65 115 116 117 119,-1.0,
base,active,,270543.0,270674.0,120 121 122 123 124 125 126 127,-1.0,
base,active,270419.0,270634.0,272308.0,62 63 64 65 115 116 117 119,35826.0,False
base,switching_off,,270634.0,272434.0,21 22 23 24 25 26 27 37 38 39 52 53 54 55 57 58 61,-2.0,
base,active,270674.0,270674.0,270725.0,120 121 122 123 124 125 126 127,35828.0,False
base,active,,270725.0,270742.0,120,-1.0,
base,active,,270725.0,270793.0,121 122 123 124 125 126 127,-1.0,
base,active,270742.0,270742.0,270762.0,120,35830.0,False
base,active,,270762.0,270793.0,120,-1.0,
base,active,270751.0,270793.0,270893.0,104 108 109 110 111 112 113 114 120 121 122 123 124 125 126 127,35831.0,False
base,active,,270793.0,271387.0,8 9 10 11 12 13 28 29 30 31 32 33 34 35 36 40,-1.0,
base,active,,270793.0,271487.0,0 1 2 3 4 5 6 7,-1.0,
base,active,,270893.0,271346.0,104 108 109 110 111 112 113 114 120 121 122 123 124 125 126 127,-1.0,
base,active,271346.0,271346.0,271457.0,104 108 109 110 111 112 113 114 120 121 122 123 124 125 126 127,35832.0,False
base,active,271387.0,271387.0,271458.0,8 9 10 11 12 13 28 29 30 31 32 33 34 35 36 40,35833.0,False
base,active,,271457.0,271487.0,104 108 109 110 111 112 113 114 120 121 122 123 124 125 126 127,-1.0,
base,active,,271458.0,271487.0,8 9 10 11 12 13 28 29 30 31 32 33 34 35 36 40,-1.0,
base,active,269103.0,271487.0,271521.0,0 1 2 3 4 5 6 7 8 9 10 11 12 13 28 29 30 31 32 33 34 35 36 40 41 42 43 44 45 46 47 48 49 50 51 56 59 60 71 73 74 75 76 77 78 79 80 81 104 108 109 110 111 112 113 114 120 121 122 123 124 125 126 127,35810.0,False
base,active,,271487.0,271521.0,82 83 84 85 86 87 88 102,-1.0,
base,active,271478.0,271521.0,271728.0,41 42 43 44 45 46 47 48 49 50 51 56 59 60 71 73,35835.0,False
base,active,,271521.0,271741.0,74 75 76 77 78 79 80 81 104 108 109 110 111 112 113 114 120 121 122 123 124 125 126 127,-1.0,
base,active,269660.0,271521.0,282510.0,0 1 2 3 4 5 6 7 8 9 10 11 12 13 28 29 30 31 32 33 34 35 36 40 82 83 84 85 86 87 88 102,35817.0,False
base,active,,271728.0,271741.0,49 50 51 56 59 60 71 73,-1.0,
base,active,,271728.0,275134.0,41 42 43 44 45 46 47 48,-1.0,
base,active,271608.0,271741.0,271749.0,49 50 51 56 59 60 71 73 74 75 76 77 78 79 80 81 104 108 109 110 111 112 113 114 120 121 122 123 124 125 126 127,35837.0,False
base,active,,271749.0,272018.0,49 50 51 56 59 60 71 73 74 75 76 77 78 79 80 81 104 108 109 110 111 112 113 114 120 121 122 123 124 125 126 127,-1.0,
base,active,271741.0,272018.0,272257.0,104 108 109 110 111 112 113 114 120 121 122 123 124 125 126 127,35838.0,False
base,active,272018.0,272018.0,272310.0,49 50 51 56 59 60 71 73 74 75 76 77 78 79 80 81,35842.0,False
base,active,,272257.0,275134.0,104 108 109 110 111 112 113 114 120 121 122 123 124 125 126 127,-1.0,
base,active,,272308.0,275134.0,62 63 64 65 115 116 117 119,-1.0,
base,active,,272310.0,272434.0,81,-1.0,
base,active,,272310.0,275134.0,49 50 51 56 59 60 71 73 74 75 76 77 78 79 80,-1.0,
base,active,269627.0,272327.0,272439.0,66 67 68 69 70 72 89 94,35816.0,False
base,active,269661.0,272361.0,272458.0,95,35818.0,False
base,active,269711.0,272411.0,283350.0,90 91 96 97 98 99 100 101,35819.0,False
base,active,272246.0,272434.0,274076.0,81,35845.0,False
base,switching_on,,272434.0,275134.0,21 22 23 24 25 26 27 37 38 39 52 53 54 55 57 58 61,-3.0,
base,active,,272439.0,272971.0,66 67 68 69 70 72 89 94,-1.0,
base,active,,272458.0,272971.0,95,-1.0,
base,active,269832.0,272532.0,272605.0,92 93,35821.0,False
base,active,,272605.0,272971.0,92 93,-1.0,
base,active,270054.0,272754.0,272824.0,103 105 106 107,35822.0,False
base,active,,272824.0,272971.0,103 105 106 107,-1.0,
base,active,270192.0,272892.0,272971.0,14 15 16 17 18 19 20 118,35823.0,False
base,active,272578.0,272971.0,273099.0,14 66 67 68 69 70 72 89 92 93 94 95 103 105 106 107,35846.0,False
base,active,,272971.0,273508.0,15 16 17 18,-1.0,
base,active,,272971.0,273818.0,19,-1.0,
base,active,,272971.0,274015.0,20,-1.0,
base,active,,272971.0,274171.0,118,-1.0,
base,active,,273099.0,274188.0,14 66 67 68 69 70 72,-1.0,
base,active,,273099.0,274299.0,89 92 93 94 95 103 105 106 107,-1.0,
base,active,273508.0,273508.0,273563.0,15 16 17 18,35853.0,False
base,active,,273563.0,274188.0,15,-1.0,
base,active,,273563.0,274192.0,16,-1.0,
base,active,,273563.0,274225.0,17,-1.0,
base,active,,273563.0,274451.0,18,-1.0,
base,active,273818.0,273818.0,273856.0,19,35860.0,False
base,active,,273856.0,274451.0,19,-1.0,
base,active,274015.0,274015.0,274135.0,20,35862.0,False
base,active,,274076.0,275145.0,81,-1.0,
base,active,,274135.0,274451.0,20,-1.0,
base,switching_off,,274171.0,275971.0,118,-2.0,
base,active,274188.0,274188.0,274329.0,14 15 66 67 68 69 70 72,35864.0,False
base,active,274192.0,274192.0,274209.0,16,35865.0,False
base,active,,274209.0,274451.0,16,-1.0,
base,active,274225.0,274225.0,274362.0,17,35867.0,False
base,switching_off,,274299.0,276099.0,89 92 93 94 95 103 105 106 107,-2.0,
base,active,,274329.0,274682.0,14 15 66 67,-1.0,
base,active,,274329.0,274797.0,68,-1.0,
base,active,,274329.0,274826.0,69,-1.0,
base,active,,274329.0,275145.0,70 72,-1.0,
base,active,,274362.0,274826.0,17,-1.0,
base,active,274451.0,274451.0,274497.0,16 18 19 20,35873.0,False
base,active,,274497.0,274826.0,16 18,-1.0,
base,active,,274497.0,275145.0,19 20,-1.0,
base,active,274682.0,274682.0,274721.0,14 15 66 67,35877.0,False
base,active,,274721.0,275145.0,14 15 66 67,-1.0,
base,active,274797.0,274797.0,275069.0,68,35879.0,False
base,active,274826.0,274826.0,274868.0,16 17 18 69,35880.0,False
base,active,,274868.0,275145.0,16 17 18 69,-1.0,
base,active,,275069.0,275145.0,68,-1.0,
base,active,271581.0,275134.0,275145.0,21 22 23 24 25 26 27 37 38 39 41 42 43 44 45 46 47 48 49 50 51 52 53 54 55 56 57 58 59 60 61 62 63 64 65 71 73 74 75 76 77 78 79 80 104 108 109 110 111 112 113 114 115 116 117 119 120 121 122 123 124 125 126 127,35836.0,False
base,active,272637.0,275145.0,275163.0,14 15 16 17 18 19 20 21 22 23 24 25 26 27 37 38 39 41 42 43 44 45 46 47 48 66 67 68 69 70 72 81,35847.0,False
base,active,,275145.0,275163.0,113 114 115 116 117 119 120 121 122 123 124 125 126 127,-1.0,
base,active,272670.0,275145.0,275166.0,49 50 51 52 53 54 55 56 57 58 59 60 61 62 63 64 65 71 73 74 75 76 77 78 79 80 104 108 109 110 111 112,35849.0,False
base,active,,275163.0,275166.0,42 43 44 45 46 47 48 66 67 68 69 70 72 81,-1.0,
base,active,272849.0,275163.0,275319.0,14 15 16 17 18 19 20 21 22 23 24 25 26 27 37 38 39 41 113 114 115 116 117 119 120 121 122 123 124 125 126 127,35850.0,False
base,active,,275166.0,275234.0,73,-1.0,
base,active,,275166.0,275319.0,74 75 76 77 78 79 80 104 108 109 110 111 112,-1.0,
base,active,273009.0,275166.0,275655.0,42 43 44 45 46 47 48 49 50 51 52 53 54 55 56 57 58 59 60 61 62 63 64 65 66 67 68 69 70 71 72 81,35851.0,False
base,active,275234.0,275234.0,275266.0,73,35885.0,False
base,active,,275266.0,275319.0,73,-1.0,
base,active,274015.0,275319.0,275361.0,37 38 39 41 73 74 75 76 77 78 79 80 104 108 109 110 111 112 113 114 115 116 117 119 120 121 122 123 124 125 126 127,35861.0,False
base,active,,275319.0,275485.0,14 15 16 17,-1.0,
base,active,,275319.0,275544.0,18,-1.0,
base,active,,275319.0,275634.0,19,-1.0,
base,active,,275319.0,275655.0,20 21 22 23 24 25 26 27,-1.0,
base,active,274047.0,275361.0,275508.0,37 38 39 41 73 74 75 76 77 78 79 80 104 108 109 110 111 112 113 114 115 116 117 119 120 121 122 123 124 125 126 127,35863.0,False
base,active,275485.0,275485.0,275523.0,14 15 16 17,35888.0,False
base,active,274205.0,275508.0,275518.0,37 38 39 41 73 74 75 76 77 78 79 80 104 108 109 110 111 112 113 114 115 116 117 119 120 121 122 123 124 125 126 127,35866.0,False
base,active,274237.0,275518.0,275561.0,37 38 39 41 73 74 75 76 77 78 79 80 104 108 109 110 111 112 113 114 115 116 117 119 120 121 122 123 124 125 126 127,35868.0,False
base,active,,275523.0,275655.0,14 15 16 17,-1.0,
base,active,275544.0,275544.0,278405.0,18,35889.0,False
base,active,274325.0,275561.0,275584.0,37 38 39 41 73 74 75 76 77 78 79 80 104 108 109 110 111 112 113 114 115 116 117 119 120 121 122 123 124 125 126 127,35870.0,False
base,active,274369.0,275584.0,275585.0,37 38 39 41 73 74 75 76 77 78 79 80 104 108 109 110 111 112 113 114 115 116 117 119 120 121 122 123 124 125 126 127,35871.0,False
base,active,274378.0,275585.0,275605.0,37 38 39 41 73 74 75 76 77 78 79 80 104 108 109 110 111 112 113 114 115 116 117 119 120 121 122 123 124 125 126 127,35872.0,False
base,active,274671.0,275605.0,275629.0,37 38 39 41 73 74 75 76 77 78 79 80 104 108 109 110 111 112 113 114 115 116 117 119 120 121 122 123 124 125 126 127,35876.0,False
base,active,,275629.0,275655.0,37 38 39 41 73 74 75 76 77 78 79 80 104 108 109 110 111 112 113 114 115 116 117 119 120 121 122 123 124 125 126 127,-1.0,
base,active,275634.0,275634.0,275675.0,19,35890.0,False
base,active,,275655.0,275689.0,62,-1.0,
base,active,,275655.0,275725.0,63 64 65 66,-1.0,
base,active,,275655.0,275741.0,67 68 69 70,-1.0,
base,active,,275655.0,275764.0,71 72,-1.0,
base,active,273798.0,275655.0,275860.0,14 15 16 17 20 21 22 23 24 25 26 27 37 38 39 41 42 43 44 45 46 47 48 49 50 51 52 53 54 55 56 57 58 59 60 61 73 74 75 76 77 78 79 80 104 108 109 110 111 112 113 114 115 116 117 119 120 121 122 123 124 125 126 127,35858.0,False
base,active,,275655.0,275860.0,81,-1.0,
base,active,,275675.0,275860.0,19,-1.0,
base,active,275689.0,275689.0,275734.0,62,35891.0,False
base,active,275725.0,275725.0,275763.0,63 64 65 66,35892.0,False
base,active,,275734.0,275860.0,62,-1.0,
base,active,275741.0,275741.0,275892.0,67 68 69 70,35893.0,False
base,active,,275763.0,275860.0,63 64 65 66,-1.0,
base,active,275764.0,275764.0,275892.0,71 72,35894.0,False
base,active,274536.0,275860.0,275924.0,14 15 16 17 19 20 21 22 23 24 25 26 27 37 38 39 41 42 43 44 45 46 47 48 49 50 51 52 53 54 55 56 57 58 59 60 61 62 63 64 65 66 73 74 75 76 77 78 79 80 81 104 108 109 110 111 112 113 114 115 116 117 119 120,35875.0,False
base,active,,275860.0,275924.0,121 122 123 124 125 126 127,-1.0,
base,active,,275892.0,275924.0,67 68 69 70 71 72,-1.0,
base,active,,275924.0,275966.0,17 19 20 21,-1.0,
base,active,275018.0,275924.0,275991.0,14 15 16 67 68 69 70 71 72 121 122 123 124 125 126 127,35881.0,False
base,active,,275924.0,276232.0,22 23 24 25,-1.0,
base,active,,275924.0,276295.0,26 27 37 38,-1.0,
base,active,,275924.0,276558.0,39,-1.0,
base,active,,275924.0,276612.0,41,-1.0,
base,active,,275924.0,276649.0,42 43 44 45,-1.0,
base,active,,275924.0,276671.0,46 47,-1.0,
base,active,,275924.0,276787.0,48 49 50 51 52 53 54 55 56 57 58 59 60 61 62 63,-1.0,
base,active,,275924.0,277068.0,64 65 66 73,-1.0,
base,active,,275924.0,277098.0,74 75 76 77,-1.0,
base,active,,275924.0,277124.0,78 79 80 81 104 108 109 110 111 112 113 114 115 116 117 119 120,-1.0,
base,active,275966.0,275966.0,276007.0,17 19 20 21,35896.0,False
base,sleeping,,275971.0,277429.0,118,-4.0,
base,active,,275991.0,277130.0,14 15 16 67,-1.0,
base,active,,275991.0,277152.0,68 69,-1.0,
base,active,,275991.0,277159.0,70 71 72 121 122 123 124 125 126 127,-1.0,
base,active,,276007.0,277159.0,17 19 20 21,-1.0,
base,sleeping,,276099.0,277429.0,89 92 93 94 95 103 105 106 107,-4.0,
base,active,276232.0,276232.0,276269.0,22 23 24 25,35897.0,False
base,active,,276269.0,277159.0,22 23 24 25,-1.0,
base,active,276295.0,276295.0,276335.0,26 27 37 38,35898.0,False
base,active,,276335.0,277159.0,26 27 37 38,-1.0,
base,active,276558.0,276558.0,276596.0,39,35900.0,False
base,active,,276596.0,277159.0,39,-1.0,
base,active,276612.0,276612.0,276645.0,41,35901.0,False
base,active,,276645.0,277159.0,41,-1.0,
base,active,276649.0,276649.0,276958.0,42 43 44 45,35902.0,False
base,active,276671.0,276671.0,276958.0,46 47,35903.0,False
base,active,276787.0,276787.0,276868.0,48 49 50 51 52 53 54 55 56 57 58 59 60 61 62 63,35904.0,False
base,active,,276868.0,277159.0,48 49 50 51 52 53 54 55,-1.0,
base,active,,276868.0,277218.0,56 57 58 59,-1.0,
base,active,,276868.0,280129.0,60 61 62 63,-1.0,
base,active,,276958.0,280129.0,42 43 44 45 46 47,-1.0,
base,active,277068.0,277068.0,277089.0,64 65 66 73,35905.0,False
base,active,,277089.0,280129.0,64 65 66 73,-1.0,
base,active,277098.0,277098.0,277161.0,74 75 76 77,35906.0,False
base,switching_off,,277124.0,278924.0,78 79 80 81 104 108 109 110 111 112 113 114 115 116 117 119 120,-2.0,
base,active,277130.0,277130.0,277236.0,14 15 16 67,35907.0,False
base,active,277152.0,277152.0,277236.0,68 69,35908.0,False
base,active,277159.0,277159.0,277295.0,17 19 20 21 22 23 24 25 26 27 37 38 39 41 48 49 50 51 52 53 54 55 70 71 72 121 122 123 124 125 126 127,35909.0,False
base,active,,277161.0,280129.0,74 75 76 77,-1.0,
base,active,277218.0,277218.0,277259.0,56 57 58 59,35910.0,False
base,active,,277236.0,280129.0,14 15 16 67 68 69,-1.0,
base,active,,277259.0,280129.0,56 57 58 59,-1.0,
base,active,,277295.0,277562.0,122 123 124 125,-1.0,
base,active,,277295.0,277584.0,126 127,-1.0,
base,active,,277295.0,280129.0,17 19 20 21 22 23 24 25 26 27 37 38 39 41 48 49 50 51 52 53 54 55 70 71 72 121,-1.0,
base,switching_on,,277429.0,280129.0,89 92 93 94 95 103 105 106 107 118,-3.0,
base,active,277562.0,277562.0,277947.0,122 123 124 125,35912.0,False
base,active,277584.0,277584.0,277946.0,126 127,35913.0,False
base,active,,277946.0,277947.0,126 127,-1.0,
base,active,277658.0,277947.0,277985.0,122 123 126 127,35914.0,False
base,active,,277947.0,277985.0,124 125,-1.0,
base,active,277710.0,277985.0,278023.0,122 123 124 125,35915.0,False
base,active,,277985.0,278023.0,126 127,-1.0,
base,active,277791.0,278023.0,278075.0,122 123 126 127,35916.0,False
base,active,,278023.0,278075.0,124 125,-1.0,
base,active,277891.0,278075.0,278112.0,122 123 124 125,35917.0,False
base,active,,278075.0,281624.0,126 127,-1.0,
base,active,,278112.0,281624.0,122 123 124 125,-1.0,
base,active,,278405.0,281624.0,18,-1.0,
base,switching_on,,278924.0,281624.0,78 79 80 81 104 108 109 110 111 112 113 114 115 116 117 119 120,-3.0,
base,active,277429.0,280129.0,280352.0,14 15 16 17 19 20 21 22 23 24 25 26 27 37 38 39 41 42 43 44 45 46 47 48 49 50 51 52 53 54 55 56 57 58 59 60 61 62 63 64 65 66 67 68 69 70 71 72 73 74 75 76 77 89 92 93 94 95 103 105 106 107 118 121,35911.0,False
base,active,279372.0,280352.0,280355.0,77,35933.0,False
base,active,278541.0,280352.0,280390.0,57 58 59 60,35921.0,False
base,active,,280352.0,280390.0,89 92 93 94 95 103 105 106 107 118 121,-1.0,
base,active,278594.0,280352.0,280411.0,61 62 63 64 65 66 67 68 69 70 71 72 73 74 75 76,35922.0,False
base,active,278315.0,280352.0,280583.0,14 15 16 17 19 20 21 22 23 24 25 26 27 37 38 39 41 42 43 44 45 46 47 48 49 50 51 52 53 54 55 56,35920.0,False
base,active,,280355.0,280390.0,77,-1.0,
base,active,278686.0,280390.0,280396.0,57 58 59 60 77 89 92 93 94 95 103 105 106 107 118 121,35923.0,False
base,active,278693.0,280396.0,280484.0,57 58 59 60 77 89 92 93 94 95 103 105 106 107 118 121,35924.0,False
base,active,278768.0,280411.0,280851.0,61 62 63 64 65 66 67 68 69 70 71 72 73 74 75 76,35925.0,False
base,active,279222.0,280484.0,280552.0,57 58 59 60 77 89 92 93 94 95 103 105 106 107 118 121,35926.0,False
base,active,279266.0,280552.0,280581.0,57 58 59 60 77 89 92 93,35927.0,False
base,active,,280552.0,280583.0,106 107 118 121,-1.0,
base,active,279345.0,280552.0,280590.0,94 95 103 105,35929.0,False
base,active,,280581.0,280583.0,57 58 59 60 77 89 92 93,-1.0,
base,active,279349.0,280583.0,280589.0,19 20 21 22 23 24 25 26 27 37 38 39 41 42 43 44,35930.0,False
base,active,,280583.0,280589.0,45 46 47 48 49 50 51 52 53 54 55 56,-1.0,
base,active,279295.0,280583.0,280631.0,14 15 16 17 57 58 59 60 77 89 92 93 106 107 118 121,35928.0,False
base,active,,280589.0,280590.0,23 24 25 26 27 37 38 39 41 42 43 44,-1.0,
base,active,279357.0,280589.0,280595.0,19 20 21 22 45 46 47 48 49 50 51 52 53 54 55 56,35931.0,False
base,active,279364.0,280590.0,280664.0,23 24 25 26 27 37 38 39 41 42 43 44 94 95 103 105,35932.0,False
base,active,279695.0,280595.0,280662.0,19 20 21 22,35936.0,False
base,active,,280595.0,280662.0,45 46 47 48 49 50 51 52 53 54 55 56,-1.0,
base,active,,280631.0,280662.0,14 15 16 17 57 58 59 60 77 89 92 93 106 107 118 121,-1.0,
base,active,279601.0,280662.0,283856.0,14 15 16 17 19 20 21 22 45 46 47 48 49 50 51 52 53 54 55 56 57 58 59 60 77 89 92 93 106 107 118 121,35934.0,False
base,active,279856.0,280664.0,280737.0,41 42 43 44,35937.0,False
base,active,279934.0,280664.0,280887.0,94 95 103 105,35938.0,False
base,active,279611.0,280664.0,281160.0,23 24 25 26 27 37 38 39,35935.0,False
base,active,280228.0,280737.0,280780.0,41 42 43 44,35940.0,False
base,active,280337.0,280780.0,287983.0,41 42 43 44,35942.0,False
base,active,280436.0,280851.0,280898.0,61 62 63 64 65 66 67 68 69 70 71 72 73 74 75 76,35943.0,False
base,active,,280887.0,280898.0,94 95 103 105,-1.0,
base,active,280488.0,280898.0,280990.0,65 66 67 68 69 70 71 72 73 74 75 76 94 95 103 105,35944.0,False
base,active,,280898.0,281672.0,61 62 63 64,-1.0,
base,active,280584.0,280990.0,281102.0,65 66 67 68 69 70 71 72 73 74 75 76 94 95 103 105,35945.0,False
base,active,,281102.0,281672.0,65 66 67 68 69 70 71 72 73 74 75 76 94 95 103 105,-1.0,
base,active,,281160.0,281672.0,23 24 25 26 27 37 38 39,-1.0,
base,active,277982.0,281624.0,281672.0,78 79 80 81 104 108 109 110,35918.0,False
base,active,278115.0,281624.0,282045.0,18 111 112 113 114 115 116 117 119 120 122 123 124 125 126 127,35919.0,False
base,active,280161.0,281672.0,281758.0,23 24 25 26 27 37 38 39 61 62 63 64 65 66 67 68 69 70 71 72 73 74 75 76 78 79 80 81 94 95 103 105,35939.0,False
base,active,,281672.0,281758.0,104 108 109 110,-1.0,
base,active,,281758.0,282045.0,94 95 103 105,-1.0,
base,active,280272.0,281758.0,289025.0,23 24 25 26 27 37 38 39 61 62 63 64 65 66 67 68 69 70 71 72 73 74 75 76 78 79 80 81 104 108 109 110,35941.0,False
base,active,281146.0,282045.0,282158.0,114 115 116 117 119 120 122 123,35947.0,False
base,active,,282045.0,282510.0,124 125 126 127,-1.0,
base,active,280666.0,282045.0,283153.0,18 94 95 103 105 111 112 113,35946.0,False
base,active,,282158.0,282510.0,114 115 116 117 119 120 122 123,-1.0,
base,active,281265.0,282510.0,282634.0,0 1 2 3 4 5 6 7 8 9 10 11 12 13 28 29 30 31 32 33 114 115 116 117 119 120 122 123 124 125 126 127,35948.0,False
base,active,,282510.0,282764.0,34,-1.0,
base,active,,282510.0,282805.0,35 36 40 82 83 84 85 86 87 88 102,-1.0,
base,active,,282634.0,282805.0,0 1 2 3 4 5 6 7 8 9 10 11 12 13 28 29 30 31 32 33 114,-1.0,
base,active,,282634.0,282892.0,115 116 117 119 120 122 123 124 125 126 127,-1.0,
base,active,282764.0,282764.0,283808.0,34,35949.0,False
base,active,282805.0,282805.0,282887.0,0 1 2 3 4 5 6 7 8 9 10 11 12 13 28 29 30 31 32 33 35 36 40 82 83 84 85 86 87 88 102 114,35950.0,False
base,active,,282887.0,282892.0,0 1 2 3 4 5 6 7 8 9 10 11 12 13 28 29 30 31 32 33 35,-1.0,
base,active,,282887.0,283325.0,36 40 82 83 84 85 86 87 88 102 114,-1.0,
base,active,282892.0,282892.0,283008.0,0 1 2 3 4 5 6 7 8 9 10 11 12 13 28 29 30 31 32 33 35 115 116 117 119 120 122 123 124 125 126 127,35951.0,False
base,active,,283008.0,283325.0,0 1 2 3 4,-1.0,
base,active,,283008.0,283446.0,5 6 7 8 9 10 11 12 13 28 29 30 31 32 33 35 115 116 117 119 120 122 123 124 125 126 127,-1.0,
base,active,,283153.0,283446.0,18 94 95 103 105,-1.0,
base,active,,283153.0,283835.0,111,-1.0,
base,active,,283153.0,284026.0,112,-1.0,
base,active,,283153.0,284353.0,113,-1.0,
base,active,283325.0,283325.0,283331.0,0 1 2 3 4 36 40 82 83 84 85 86 87 88 102 114,35952.0,False
base,active,,283331.0,284531.0,0 1 2 3 4 36 40 82 83 84 85 86 87 88 102 114,-1.0,
base,active,,283350.0,284550.0,90 91 96 97 98 99 100 101,-1.0,
base,active,283446.0,283446.0,284591.0,5 6 7 8 9 10 11 12 13 18 28 29 30 31 32 33 35 94 95 103 105 115 116 117 119 120 122 123 124 125 126 127,35953.0,False
base,active,,283808.0,284617.0,34,-1.0,
base,active,283835.0,283835.0,283943.0,111,35954.0,False
base,active,,283856.0,284617.0,14 15 16 17 19 20 21 22 45 46 47 48 49 50 51 52 53 54 55 56 57 58 59 60 77 89 92 93 106 107 118,-1.0,
base,active,,283856.0,285002.0,121,-1.0,
base,active,,283943.0,285120.0,111,-1.0,
base,active,284026.0,284026.0,284039.0,112,35955.0,False
base,active,,284039.0,285239.0,112,-1.0,
base,switching_off,,284353.0,286153.0,113,-2.0,
base,switching_off,,284531.0,286331.0,0 1 2 3 4 36 40 82 83 84 85 86 87 88 102 114,-2.0,
base,switching_off,,284550.0,286350.0,90 91 96 97 98 99 100 101,-2.0,
base,active,,284591.0,285440.0,5,-1.0,
base,active,,284591.0,285681.0,6,-1.0,
base,active,,284591.0,285791.0,7 8 9 10 11 12 13 18 28 29 30 31 32 33 35 94 95 103 105 115 116 117 119 120 122 123 124 125 126 127,-1.0,
base,active,284617.0,284617.0,287538.0,14 15 16 17 19 20 21 22 34 45 46 47 48 49 50 51 52 53 54 55 56 57 58 59 60 77 89 92 93 106 107 118,35956.0,False
base,active,285002.0,285002.0,285097.0,121,35957.0,False
base,active,,285097.0,286184.0,121,-1.0,
base,active,285120.0,285120.0,285246.0,111,35958.0,False
base,switching_off,,285239.0,287039.0,112,-2.0,
base,active,,285246.0,286446.0,111,-1.0,
base,active,285440.0,285440.0,285549.0,5,35959.0,False
base,active,,285549.0,286749.0,5,-1.0,
base,active,285681.0,285681.0,285786.0,6,35960.0,False
base,active,,285786.0,286842.0,6,-1.0,
base,switching_off,,285791.0,287591.0,7 8 9 10 11 12 13 18 28 29 30 31 32 33 35 94 95 103 105 115 116 117 119 120 122 123 124 125 126 127,-2.0,
base,sleeping,,286153.0,296307.0,113,-4.0,
base,active,286184.0,286184.0,286290.0,121,35961.0,False
base,active,,286290.0,287174.0,121,-1.0,
base,sleeping,,286331.0,288510.0,0 1 2 3,-4.0,
base,sleeping,,286331.0,292774.0,4,-4.0,
base,sleeping,,286331.0,292945.0,36 40,-4.0,
base,sleeping,,286331.0,296307.0,82 83 84 85 86 87 88 102 114,-4.0,
base,sleeping,,286350.0,296307.0,90 91 96 97 98 99 100 101,-4.0,
base,switching_off,,286446.0,288246.0,111,-2.0,
base,switching_off,,286749.0,288549.0,5,-2.0,
base,active,286842.0,286842.0,286982.0,6,35962.0,False
base,active,,286982.0,287447.0,6,-1.0,
base,sleeping,,287039.0,296307.0,112,-4.0,
base,active,287174.0,287174.0,287421.0,121,35963.0,False
base,active,,287421.0,287546.0,121,-1.0,
base,active,287447.0,287447.0,287539.0,6,35964.0,False
base,active,,287538.0,288449.0,14 15 16 17 19 20 21 22 34 45 46 47 48 49 50 51 52 53 54 55 56 57 58 59 60 77 89 92 93 106 107 118,-1.0,
base,active,,287539.0,288504.0,6,-1.0,
base,active,287546.0,287546.0,287566.0,121,35965.0,False
base,active,,287566.0,288504.0,121,-1.0,
base,sleeping,,287591.0,292774.0,7 8 9 10 11,-4.0,
base,sleeping,,287591.0,292783.0,12 13 18,-4.0,
base,sleeping,,287591.0,292945.0,28 29 30 31 32 33 35,-4.0,
base,sleeping,,287591.0,296307.0,94 95 103 105 115 116 117 119 120 122 123 124 125 126 127,-4.0,
base,active,,287983.0,288504.0,41 42,-1.0,
base,active,,287983.0,288529.0,43,-1.0,
base,active,,287983.0,288588.0,44,-1.0,
base,sleeping,,288246.0,296307.0,111,-4.0,
base,active,288449.0,288449.0,288627.0,14 15 16 17 19 20 21 22 34 45 46 47 48 49 50 51 52 53 54 55 56 57 58 59 60 77 89 92 93 106 107 118,35966.0,False
base,active,288504.0,288504.0,288583.0,6 41 42 121,35967.0,False
base,switching_on,,288510.0,291210.0,0 1 2 3,-3.0,
base,active,288529.0,288529.0,288536.0,43,35969.0,False
base,active,,288536.0,288651.0,43,-1.0,
base,sleeping,,288549.0,292774.0,5,-4.0,
base,active,,288583.0,288651.0,6 41 42,-1.0,
base,active,,288583.0,288688.0,121,-1.0,
base,active,288588.0,288588.0,288671.0,44,35970.0,False
base,active,,288627.0,288709.0,14 15 16 17,-1.0,
base,active,,288627.0,288928.0,19 20 21 22 34 45 46 47 48 49 50 51 52 53 54 55 56 57 58 59 60 77 89 92 93 106 107 118,-1.0,
base,active,288651.0,288651.0,288679.0,6 41 42 43,35971.0,False
base,active,,288671.0,288928.0,44,-1.0,
base,active,,288679.0,288928.0,6 41 42,-1.0,
base,active,,288679.0,288985.0,43,-1.0,
base,active,288688.0,288688.0,288722.0,121,35972.0,False
base,active,288709.0,288709.0,288733.0,14 15 16 17,35973.0,False
base,active,,288722.0,288985.0,121,-1.0,
base,active,,288733.0,288985.0,14 15,-1.0,
base,active,,288733.0,289046.0,16,-1.0,
base,active,,288733.0,289062.0,17,-1.0,
base,active,288928.0,288928.0,289147.0,6 19 20 21 22 34 41 42 44 45 46 47 48 49 50 51 52 53 54 55 56 57 58 59 60 77 89 92 93 106 107 118,35974.0,False
base,active,288985.0,288985.0,289152.0,14 15 43 121,35975.0,False
base,active,,289025.0,290225.0,23 24 25 26 27 37 38 39 61 62 63 64 65 66 67 68 69 70 71 72 73 74 75 76 78 79 80 81 104 108 109 110,-1.0,
base,active,289046.0,289046.0,289051.0,16,35976.0,False
base,active,,289051.0,290251.0,16,-1.0,
base,active,289062.0,289062.0,289068.0,17,35977.0,False
base,active,,289068.0,290268.0,17,-1.0,
base,active,,289147.0,290347.0,6 19 20 21 22 34 41 42 44 45 46 47 48 49 50 51 52 53 54 55 56 57 58 59 60 77 89 92 93 106 107 118,-1.0,
base,active,,289152.0,290352.0,14 15 43 121,-1.0,
base,switching_off,,290225.0,292025.0,23 24 25 26 27 37 38 39 61 62 63 64 65 66 67 68 69 70 71 72 73 74 75 76 78 79 80 81 104 108 109 110,-2.0,
base,switching_off,,290251.0,292051.0,16,-2.0,
base,switching_off,,290268.0,292068.0,17,-2.0,
base,switching_off,,290347.0,292147.0,6 19 20 21 22 34 41 42 44 45 46 47 48 49 50 51 52 53 54 55 56 57 58 59 60 77 89 92 93 106 107 118,-2.0,
base,switching_off,,290352.0,292152.0,14 15 43 121,-2.0,
base,active,288510.0,291210.0,291336.0,0 1 2 3,35968.0,False
base,active,,291336.0,292412.0,0 1 2 3,-1.0,
base,sleeping,,292025.0,292945.0,23 24 25 26 27 37 38 39,-4.0,
base,sleeping,,292025.0,293041.0,61,-4.0,
base,sleeping,,292025.0,296307.0,62 63 64 65 66 67 68 69 70 71 72 73 74 75 76 78 79 80 81 104 108 109 110,-4.0,
base,sleeping,,292051.0,292783.0,16,-4.0,
base,sleeping,,292068.0,292783.0,17,-4.0,
base,sleeping,,292147.0,292774.0,6,-4.0,
base,sleeping,,292147.0,292783.0,19,-4.0,
base,sleeping,,292147.0,292945.0,20 21 22 34 41 42 44 45 46 47 48 49 50 51,-4.0,
base,sleeping,,292147.0,292950.0,52 53 54 55 56 57 58 59,-4.0,
base,sleeping,,292147.0,293028.0,60,-4.0,
base,sleeping,,292147.0,296307.0,77 89 92 93 106 107 118,-4.0,
base,sleeping,,292152.0,292783.0,14 15,-4.0,
base,sleeping,,292152.0,292945.0,43,-4.0,
base,sleeping,,292152.0,296307.0,121,-4.0,
base,active,292412.0,292412.0,292447.0,0 1 2 3,35978.0,False
base,active,,292447.0,292742.0,0 1 2 3,-1.0,
base,active,292742.0,292742.0,292767.0,0 1 2 3,35979.0,False
base,active,,292767.0,292968.0,0,-1.0,
base,active,,292767.0,293002.0,1 2 3,-1.0,
base,switching_on,,292774.0,295474.0,4 5 6 7 8 9 10 11,-3.0,
base,switching_on,,292783.0,295483.0,12 13 14 15 16 17 18 19,-3.0,
base,switching_on,,292945.0,295645.0,20 21 22 23 24 25 26 27 28 29 30 31 32 33 34 35 36 37 38 39 40 41 42 43 44 45 46 47 48 49 50 51,-3.0,
base,switching_on,,292950.0,295650.0,52 53 54 55 56 57 58 59,-3.0,
base,active,292968.0,292968.0,292972.0,0,35984.0,False
base,active,,292972.0,293002.0,0,-1.0,
base,active,293002.0,293002.0,293053.0,0 1 2 3,35985.0,False
base,switching_on,,293028.0,295728.0,60,-3.0,
base,switching_on,,293041.0,295741.0,61,-3.0,
base,active,,293053.0,293058.0,0,-1.0,
base,active,,293053.0,293304.0,1,-1.0,
base,active,,293053.0,294253.0,2 3,-1.0,
base,active,293058.0,293058.0,293061.0,0,35988.0,False
base,active,,293061.0,294261.0,0,-1.0,
base,active,293304.0,293304.0,293307.0,1,35989.0,False
base,active,,293307.0,294507.0,1,-1.0,
base,switching_off,,294253.0,296053.0,2 3,-2.0,
base,switching_off,,294261.0,296061.0,0,-2.0,
base,switching_off,,294507.0,296307.0,1,-2.0,
base,active,292774.0,295474.0,295580.0,4 5 6 7 8 9 10 11,35980.0,False
base,active,292783.0,295483.0,295581.0,12 13 14 15 16 17 18 19,35981.0,False
base,active,,295580.0,299007.0,4 5 6 7 8 9 10 11,-1.0,
base,active,,295581.0,299007.0,12 13 14 15 16 17 18 19,-1.0,
base,active,292945.0,295645.0,295745.0,20 21 22 23 24 25 26 27 28 29 30 31 32 33 34 35 36 37 38 39 40 41 42 43 44 45 46 47 48 49 50 51,35982.0,False
base,active,292950.0,295650.0,295692.0,52 53 54 55 56 57 58 59,35983.0,False
base,active,,295692.0,299007.0,52 53 54 55 56 57 58 59,-1.0,
base,active,293028.0,295728.0,295732.0,60,35986.0,False
base,active,,295732.0,299007.0,60,-1.0,
base,active,293041.0,295741.0,295747.0,61,35987.0,False
base,active,,295745.0,299007.0,20 21 22 23 24 25 26 27 28 29 30 31 32 33 34 35 36 37 38 39 40 41 42 43 44 45 46 47 48 49 50 51,-1.0,
base,active,,295747.0,299007.0,61,-1.0,
base,sleeping,,296053.0,296307.0,2 3,-4.0,
base,sleeping,,296061.0,296307.0,0,-4.0,
base,switching_on,,296307.0,299007.0,0 1 2 3 62 63 64 65 66 67 68 69 70 71 72 73 74 75 76 77 78 79 80 81 82 83 84 85 86 87 88 89 90 91 92 93 94 95 96 97 98 99 100 101 102 103 104 105 106 107 108 109 110 111 112 113 114 115 116 117 118 119 120 121 122 123 124 125 126 127,-3.0,
base,active,295575.0,299007.0,299750.0,0 1 2 3 4 5 6 7 8 9 10 11 12 13 14 15 16 17 18 19 20 21 22 23 24 25 26 27 28 29 30 31 32 33 34 35 36 37 38 39 40 41 42 43 44 45 46 47 48 49 50 51 52 53 54 55 56 57 58 59 60 61 62 63 64 65 66 67 68 69 70 71 72 73 74 75 76 77 78 79 80 81 82 83 84 85 86 87 88 89 90 91 92 93 94 95 96 97 98 99 100 101 102 103 104 105 106 107 108 109 110 111 112 113 114 115 116 117 118 119 120 121 122 123 124 125 126 127,35990.0,False
base,active,296608.0,299750.0,300250.0,0 1 2 3 4 5 6 7 8 9 10 11 12 13 14 15 16 17 18 19 20 21 22 23 24 25 26 27 28 29 30 31 32 33 34 35 36 37 38 39 40 41 42 43 44 45 46 47 48 49 50 51 52 53 54 55 56 57 58 59 60 61 62 63 64 65 66 67 68 69 70 71 72 73 74 75 76 77 78 79 80 81 82 83 84 85 86 87 88 89 90 91 92 93 94 95 96 97 98 99 100 101 102 103 104 105 106 107 108 109 110 111 112 113 114 115 116 117 118 119 120 121 122 123 124 125 126 127,35991.0,False
base,active,297505.0,300250.0,300722.0,64 65 66 67 68 69 70 71 72 73 74 75 76 77 78 79 80 81 82 83 84 85 86 87 88 89 90 91 92 93 94 95 96 97 98 99 100 101 102 103 104 105 106 107 108 109 110 111 112 113 114 115 116 117 118 119 120 121 122 123 124 125 126 127,35993.0,False
base,active,297112.0,300250.0,306435.0,0 1 2 3 4 5 6 7 8 9 10 11 12 13 14 15 16 17 18 19 20 21 22 23 24 25 26 27 28 29 30 31 32 33 34 35 36 37 38 39 40 41 42 43 44 45 46 47 48 49 50 51 52 53 54 55 56 57 58 59 60 61 62 63,35992.0,False
base,active,298176.0,300722.0,300786.0,96,35995.0,False
base,active,298320.0,300722.0,300845.0,97 98 99 100 101 102 103 104,35996.0,False
base,active,,300722.0,300845.0,105 106 107 108 109 110 111 112 113 114 115 116 117 118 119 120 121 122 123 124 125 126 127,-1.0,
base,active,298131.0,300722.0,301095.0,64 65 66 67 68 69 70 71 72 73 74 75 76 77 78 79 80 81 82 83 84 85 86 87 88 89 90 91 92 93 94 95,35994.0,False
base,active,,300786.0,300845.0,96,-1.0,
base,active,298490.0,300845.0,300917.0,96 97 98 99 100 101 102 103 104 105 106 107 108 109 110 111 112 113 114 115 116 117 118 119 120 121 122 123 124 125 126 127,35997.0,False
base,active,,300917.0,301095.0,112 113 114 115 116 117 118 119 120 121 122 123 124 125 126 127,-1.0,
base,active,298627.0,300917.0,301777.0,96 97 98 99 100 101 102 103 104 105 106 107 108 109 110 111,35998.0,False
base,active,298649.0,301095.0,301147.0,64 65 66 67 68 69 70 71 72 73 74 75 76 77 78 79 112 113 114 115 116 117 118 119 120 121 122 123 124 125 126 127,35999.0,False
base,active,,301095.0,301147.0,80 81 82 83 84 85 86 87 88 89 90 91 92 93 94 95,-1.0,
base,active,298762.0,301147.0,301428.0,64 65 66 67 68 69 70 71 72 73 74 75 76 77 78 79 80 81 82 83 84 85 86 87 88 89 90 91 92 93 94 95,36000.0,False
base,active,,301147.0,301428.0,112 113 114 115 116 117 118 119 120 121 122 123 124 125 126 127,-1.0,
base,active,299106.0,301428.0,301433.0,64 65 66 67 68 69 70 71 72 73 74 75 76 77 78 79 112 113 114 115 116 117 118 119 120 121 122 123 124 125 126 127,36001.0,False
base,active,,301428.0,302628.0,80 81 82 83 84 85 86 87 88 89 90 91 92 93 94 95,-1.0,
base,active,,301433.0,302633.0,64 65 66 67 68 69 70 71 72 73 74 75 76 77 78 79 112 113 114 115 116 117 118 119 120 121 122 123 124 125 126 127,-1.0,
base,active,,301777.0,302977.0,96 97 98 99 100 101 102 103 104 105 106 107 108 109 110 111,-1.0,
base,switching_off,,302628.0,304428.0,80 81 82 83 84 85 86 87 88 89 90 91 92 93 94 95,-2.0,
base,switching_off,,302633.0,304433.0,64 65 66 67 68 69 70 71 72 73 74 75 76 77 78 79 112 113 114 115 116 117 118 119 120 121 122 123 124 125 126 127,-2.0,
base,switching_off,,302977.0,304777.0,96 97 98 99 100 101 102 103 104 105 106 107 108 109 110 111,-2.0,
base,sleeping,,304428.0,306435.0,80 81 82 83 84 85 86 87 88 89 90 91 92 93 94 95,-4.0,
base,sleeping,,304433.0,306435.0,64 65 66 67 68 69 70 71 72 73 74 75 76 77 78 79 112 113 114 115 116 117 118 119 120 121 122 123 124 125 126 127,-4.0,
base,sleeping,,304777.0,306435.0,96 97 98 99 100 101 102 103 104 105 106 107 108 109 110 111,-4.0,
base,active,,306435.0,309135.0,0 1 2 3 4 5 6 7 8 9 10 11 12 13 14 15 16 17 18 19 20 21 22 23 24 25 26 27 28 29 30 31 32 33 34 35 36 37 38 39 40 41 42 43 44 45 46 47 48 49 50 51 52 53 54 55 56 57 58 59 60 61 62 63,-1.0,
base,switching_on,,306435.0,309135.0,64 65 66 67 68 69 70 71 72 73 74 75 76 77 78 79 80 81 82 83 84 85 86 87 88 89 90 91 92 93 94 95 96 97 98 99 100 101 102 103 104 105 106 107 108 109 110 111 112 113 114 115 116 117 118 119 120 121 122 123 124 125 126 127,-3.0,
base,active,303302.0,309135.0,309226.0,0 1 2 3 4 5 6 7 8 9 10 11 12 13 14 15 16 17 18 19 20 21 22 23 24 25 26 27 28 29 30 31 32 33 34 35 36 37 38 39 40 41 42 43 44 45 46 47 48 49 50 51 52 53 54 55 56 57 58 59 60 61 62 63 64 65 66 67 68 69 70 71 72 73 74 75 76 77 78 79 80 81 82 83 84 85 86 87 88 89 90 91 92 93 94 95 96 97 98 99 100 101 102 103 104 105 106 107 108 109 110 111 112 113 114 115 116 117 118 119 120 121 122 123 124 125 126 127,36002.0,False
base,active,304822.0,309226.0,309236.0,66,36008.0,False
base,active,304596.0,309226.0,309254.0,64,36005.0,False
base,active,305442.0,309226.0,309314.0,70,36013.0,False
base,active,306649.0,309226.0,309314.0,72,36021.0,False
base,active,307013.0,309226.0,309316.0,74,36024.0,False
base,active,306808.0,309226.0,309321.0,73,36023.0,False
base,active,304653.0,309226.0,309322.0,65,36006.0,False
base,active,304857.0,309226.0,309324.0,67,36009.0,False
base,active,305026.0,309226.0,309325.0,68,36010.0,False
base,active,306437.0,309226.0,309333.0,71,36020.0,False
base,active,305178.0,309226.0,309338.0,69,36011.0,False
base,active,,309226.0,310240.0,75,-1.0,
base,active,,309226.0,310426.0,76 77 78 79 80 81 82 83 84 85 86 87 88 89 90 91 92 93 94 95 96 97 98 99 100 101 102 103 104 105 106 107 108 109 110 111 112 113 114 115 116 117 118 119 120 121 122 123 124 125 126 127,-1.0,
base,active,303397.0,309226.0,320151.0,0 1 2 3 4 5 6 7 8 9 10 11 12 13 14 15 16 17 18 19 20 21 22 23 24 25 26 27 28 29 30 31 32 33 34 35 36 37 38 39 40 41 42 43 44 45 46 47 48 49 50 51 52 53 54 55 56 57 58 59 60 61 62 63,36003.0,False
base,active,,309236.0,310436.0,66,-1.0,
base,active,,309254.0,310454.0,64,-1.0,
base,active,,309314.0,310504.0,70,-1.0,
base,active,,309314.0,310514.0,72,-1.0,
base,active,,309316.0,310516.0,74,-1.0,
base,active,,309321.0,310521.0,73,-1.0,
base,active,,309322.0,310522.0,65,-1.0,
base,active,,309324.0,310524.0,67,-1.0,
base,active,,309325.0,310525.0,68,-1.0,
base,active,,309333.0,310533.0,71,-1.0,
base,active,,309338.0,310538.0,69,-1.0,
base,active,310240.0,310240.0,310475.0,75,36044.0,False
base,switching_off,,310426.0,312226.0,76 77 78 79 80 81 82 83 84 85 86 87 88 89 90 91 92 93 94 95 96 97 98 99 100 101 102 103 104 105 106 107 108 109 110 111 112 113 114 115 116 117 118 119 120 121 122 123 124 125 126 127,-2.0,
base,switching_off,,310436.0,312236.0,66,-2.0,
base,switching_off,,310454.0,312254.0,64,-2.0,
base,active,,310475.0,310785.0,75,-1.0,
base,active,310504.0,310504.0,310752.0,70,36045.0,False
base,switching_off,,310514.0,312314.0,72,-2.0,
base,switching_off,,310516.0,312316.0,74,-2.0,
base,switching_off,,310521.0,312321.0,73,-2.0,
base,switching_off,,310522.0,312322.0,65,-2.0,
base,switching_off,,310524.0,312324.0,67,-2.0,
base,switching_off,,310525.0,312325.0,68,-2.0,
base,switching_off,,310533.0,312333.0,71,-2.0,
base,switching_off,,310538.0,312338.0,69,-2.0,
base,active,,310752.0,311000.0,70,-1.0,
base,active,310785.0,310785.0,310866.0,75,36047.0,False
base,active,,310866.0,312066.0,75,-1.0,
base,active,311000.0,311000.0,311121.0,70,36048.0,False
base,active,,311121.0,312321.0,70,-1.0,
base,switching_off,,312066.0,313866.0,75,-2.0,
base,sleeping,,312226.0,327628.0,76 77 78 79 80 81 82 83 84 85 86 87 88 89 90 91 92 93 94 95 96 97 98 99 100 101 102 103 104 105 106 107 108 109 110 111 112 113 114 115 116 117 118 119 120 121 122 123 124 125 126 127,-4.0,
base,sleeping,,312236.0,319266.0,66,-4.0,
base,sleeping,,312254.0,314076.0,64,-4.0,
base,sleeping,,312314.0,327628.0,72,-4.0,
base,sleeping,,312316.0,327628.0,74,-4.0,
base,switching_off,,312321.0,314121.0,70,-2.0,
base,sleeping,,312321.0,327628.0,73,-4.0,
base,sleeping,,312322.0,319096.0,65,-4.0,
base,sleeping,,312324.0,319490.0,67,-4.0,
base,sleeping,,312325.0,319526.0,68,-4.0,
base,sleeping,,312333.0,327628.0,71,-4.0,
base,sleeping,,312338.0,321820.0,69,-4.0,
base,sleeping,,313866.0,327628.0,75,-4.0,
base,switching_on,,314076.0,316776.0,64,-3.0,
base,sleeping,,314121.0,327628.0,70,-4.0,
base,active,314076.0,316776.0,316888.0,64,36063.0,False
base,active,,316888.0,318088.0,64,-1.0,
base,switching_off,,318088.0,319888.0,64,-2.0,
base,switching_on,,319096.0,321796.0,65,-3.0,
base,switching_on,,319266.0,321966.0,66,-3.0,
base,switching_on,,319490.0,322190.0,67,-3.0,
base,switching_on,,319526.0,322226.0,68,-3.0,
base,sleeping,,319888.0,321523.0,64,-4.0,
base,active,,320151.0,321351.0,0 1 2 3 4 5 6 7 8 9 10 11 12 13 14 15 16 17 18 19 20 21 22 23 24 25 26 27 28 29 30 31 32 33 34 35 36 37 38 39 40 41 42 43 44 45 46 47 48 49 50 51 52 53 54 55 56 57 58 59 60 61 62 63,-1.0,
base,switching_off,,321351.0,323151.0,0 1 2 3 4 5 6 7 8 9 10 11 12 13 14 15 16 17 18 19 20 21 22 23 24 25 26 27 28 29 30 31 32 33 34 35 36 37 38 39 40 41 42 43 44 45 46 47 48 49 50 51 52 53 54 55 56 57 58 59 60 61 62 63,-2.0,
base,switching_on,,321523.0,324223.0,64,-3.0,
base,active,319096.0,321796.0,321901.0,65,36091.0,False
base,switching_on,,321820.0,324520.0,69,-3.0,
base,active,,321901.0,322246.0,65,-1.0,
base,active,319266.0,321966.0,322050.0,66,36092.0,False
base,active,,322050.0,322449.0,66,-1.0,
base,active,319490.0,322190.0,322217.0,67,36094.0,False
base,active,,322217.0,322628.0,67,-1.0,
base,active,319526.0,322226.0,322323.0,68,36095.0,False
base,active,322246.0,322246.0,322363.0,65,36111.0,False
base,active,,322323.0,322817.0,68,-1.0,
base,active,,322363.0,323017.0,65,-1.0,
base,active,322449.0,322449.0,322559.0,66,36113.0,False
base,active,,322559.0,323236.0,66,-1.0,
base,active,322628.0,322628.0,322729.0,67,36114.0,False
base,active,,322729.0,323929.0,67,-1.0,
base,active,322817.0,322817.0,322920.0,68,36116.0,False
base,active,,322920.0,324120.0,68,-1.0,
base,active,323017.0,323017.0,323113.0,65,36117.0,False
base,active,,323113.0,324313.0,65,-1.0,
base,sleeping,,323151.0,327628.0,0 1 2 3 4 5 6 7 8 9 10 11 12 13 14 15 16 17 18 19 20 21 22 23 24 25 26 27 28 29 30 31 32 33 34 35 36 37 38 39 40 41 42 43 44 45 46 47 48 49 50 51 52 53 54 55 56 57 58 59 60 61 62 63,-4.0,
base,active,323236.0,323236.0,323354.0,66,36120.0,False
base,active,,323354.0,324524.0,66,-1.0,
base,switching_off,,323929.0,325729.0,67,-2.0,
base,switching_off,,324120.0,325920.0,68,-2.0,
base,active,321523.0,324223.0,324362.0,64,36104.0,False
base,switching_off,,324313.0,326113.0,65,-2.0,
base,active,,324362.0,325562.0,64,-1.0,
base,active,321820.0,324520.0,324628.0,69,36108.0,False
base,active,324524.0,324524.0,324624.0,66,36126.0,False
base,active,,324624.0,325824.0,66,-1.0,
base,active,,324628.0,325828.0,69,-1.0,
base,switching_off,,325562.0,327362.0,64,-2.0,
base,sleeping,,325729.0,327628.0,67,-4.0,
base,switching_off,,325824.0,327624.0,66,-2.0,
base,switching_off,,325828.0,327628.0,69,-2.0,
base,sleeping,,325920.0,327628.0,68,-4.0,
base,sleeping,,326113.0,327628.0,65,-4.0,
base,sleeping,,327362.0,327628.0,64,-4.0,
base,sleeping,,327624.0,327628.0,66,-4.0,
base,switching_on,,327628.0,330328.0,0 1 2 3 4 5 6 7 8 9 10 11 12 13 14 15 16 17 18 19 20 21 22 23 24 25 26 27 28 29 30 31 32 33 34 35 36 37 38 39 40 41 42 43 44 45 46 47 48 49 50 51 52 53 54 55 56 57 58 59 60 61 62 63 64 65 66 67 68 69 70 71 72 73 74 75 76 77 78 79 80 81 82 83 84 85 86 87 88 89 90 91 92 93 94 95 96 97 98 99 100 101 102 103 104 105 106 107 108 109 110 111 112 113 114 115 116 117 118 119 120 121 122 123 124 125 126 127,-3.0,
base,active,324685.0,330328.0,331075.0,0 1 2 3 4 5 6 7 8 9 10 11 12 13 14 15 16 17 18 19 20 21 22 23 24 25 26 27 28 29 30 31 32 33 34 35 36 37 38 39 40 41 42 43 44 45 46 47 48 49 50 51 52 53 54 55 56 57 58 59 60 61 62 63 64 65 66 67 68 69 70 71 72 73 74 75 76 77 78 79 80 81 82 83 84 85 86 87 88 89 90 91 92 93 94 95 96 97 98 99 100 101 102 103 104 105 106 107 108 109 110 111 112 113 114 115 116 117 118 119 120 121 122 123 124 125 126 127,36129.0,False
base,active,327007.0,331075.0,331079.0,27,36143.0,False
base,active,331014.0,331075.0,331080.0,125,36165.0,False
base,active,331068.0,331075.0,331080.0,124,36166.0,False
base,active,327409.0,331075.0,331081.0,127,36146.0,False
base,active,325894.0,331075.0,331082.0,0,36131.0,False
base,active,326988.0,331075.0,331083.0,26,36142.0,False
base,active,326658.0,331075.0,331086.0,18 19 20 21 22 23 24 25,36141.0,False
base,active,327437.0,331075.0,331088.0,126,36147.0,False
base,active,326599.0,331075.0,331090.0,10 11 12 13 14 15 16 17,36139.0,False
base,active,326279.0,331075.0,331097.0,2 3 4 5 6 7 8 9,36134.0,False
base,active,325915.0,331075.0,332176.0,1,36132.0,False
base,active,,331075.0,332176.0,28 29 30 31 32 33 34 35 36 37 38 39 40 41 42 43 44 45 46 47 48 49 50 51 52 53 54 55 56 57 58 59 60 61 62 63 64 65 66 67 68 69 70 71 72 73 74 75 76 77 78 79 80 81 82 83 84 85 86 87 88 89 90 91 92 93 94 95 96 97 98 99 100 101 102 103 104 105 106 107 108 109 110 111 112 113 114 115 116 117 118 119 120 121 122 123,-1.0,
base,active,,331079.0,332176.0,27,-1.0,
base,active,,331080.0,332176.0,124 125,-1.0,
base,active,,331081.0,331435.0,127,-1.0,
base,active,,331082.0,332176.0,0,-1.0,
base,active,,331083.0,332176.0,26,-1.0,
base,active,,331086.0,332176.0,18 19 20 21 22 23 24 25,-1.0,
base,active,,331088.0,332176.0,126,-1.0,
base,active,,331090.0,332176.0,10 11 12 13 14 15 16 17,-1.0,
base,active,,331097.0,332176.0,2 3 4 5 6 7 8 9,-1.0,
base,active,331435.0,331435.0,331446.0,127,36168.0,False
base,active,,331446.0,331521.0,127,-1.0,
base,active,331521.0,331521.0,331526.0,127,36169.0,False
base,active,,331526.0,331551.0,127,-1.0,
base,active,331551.0,331551.0,331567.0,127,36170.0,False
base,active,,331567.0,331623.0,127,-1.0,
base,active,331623.0,331623.0,331627.0,127,36171.0,False
base,active,,331627.0,331809.0,127,-1.0,
base,active,331809.0,331809.0,331828.0,127,36176.0,False
base,active,,331828.0,332041.0,127,-1.0,
base,active,332041.0,332041.0,332046.0,127,36178.0,False
base,active,,332046.0,332176.0,127,-1.0,
base,active,327355.0,332176.0,332204.0,0 1 2 3 4 5 6 7 8 9 10 11 12 13 14 15 16 17 18 19 20 21 22 23 24 25 26 27 28 29 30 31 32 33 34 35 36 37 38 39 40 41 42 43 44 45 46 47 48 49 50 51 52 53 54 55 56 57 58 59 60 61 62 63 64 65 66 67 68 69 70 71 72 73 74 75 76 77 78 79 80 81 82 83 84 85 86 87 88 89 90 91 92 93 94 95 96 97 98 99 100 101 102 103 104 105 106 107 108 109 110 111 112 113 114 115 116 117 118 119 120 121 122 123 124 125 126 127,36145.0,False
base,active,327512.0,332204.0,332548.0,0 1 2 3 4 5 6 7 8 9 10 11 12 13 14 15 16 17 18 19 20 21 22 23 24 25 26 27 28 29 30 31 32 33 34 35 36 37 38 39 40 41 42 43 44 45 46 47 48 49 50 51 52 53 54 55 56 57 58 59 60 61 62 63 64 65 66 67 68 69 70 71 72 73 74 75 76 77 78 79 80 81 82 83 84 85 86 87 88 89 90 91 92 93 94 95 96 97 98 99 100 101 102 103 104 105 106 107 108 109 110 111 112 113 114 115 116 117 118 119 120 121 122 123 124 125 126 127,36148.0,False
base,active,328184.0,332548.0,333289.0,0 1 2 3 4 5 6 7 8 9 10 11 12 13 14 15 16 17 18 19 20 21 22 23 24 25 26 27 28 29 30 31 32 33 34 35 36 37 38 39 40 41 42 43 44 45 46 47 48 49 50 51 52 53 54 55 56 57 58 59 60 61 62 63 64 65 66 67 68 69 70 71 72 73 74 75 76 77 78 79 80 81 82 83 84 85 86 87 88 89 90 91 92 93 94 95 96 97 98 99 100 101 102 103 104 105 106 107 108 109 110 111 112 113 114 115 116 117 118 119 120 121 122 123 124 125 126 127,36154.0,False
base,active,332299.0,333289.0,333297.0,32,36179.0,False
base,active,332680.0,333289.0,333338.0,65,36182.0,False
base,active,,333289.0,333338.0,98 99 100 101 102 103 104 105 106 107 108 109 110 111 112 113 114 115 116 117 118 119 120 121 122 123 124 125 126 127,-1.0,
base,active,332543.0,333289.0,334192.0,33 34 35 36 37 38 39 40 41 42 43 44 45 46 47 48 49 50 51 52 53 54 55 56 57 58 59 60 61 62 63 64,36181.0,False
base,active,329076.0,333289.0,337010.0,0 1 2 3 4 5 6 7 8 9 10 11 12 13 14 15 16 17 18 19 20 21 22 23 24 25 26 27 28 29 30 31,36156.0,False
base,active,332799.0,333289.0,337017.0,66 67 68 69 70 71 72 73 74 75 76 77 78 79 80 81 82 83 84 85 86 87 88 89 90 91 92 93 94 95 96 97,36183.0,False
base,active,,333297.0,333338.0,32,-1.0,
base,active,333056.0,333338.0,333369.0,32 65 98 99 100 101 102 103 104 105 106 107 108 109 110 111 112 113 114 115 116 117 118 119 120 121 122 123 124 125 126 127,36185.0,False
base,active,333125.0,333369.0,333391.0,32 65 98 99 100 101 102 103 104 105 106 107 108 109 110 111 112 113 114 115 116 117 118 119 120 121 122 123 124 125 126 127,36186.0,False
base,active,,333391.0,333457.0,127,-1.0,
base,active,333217.0,333391.0,333576.0,32 65 98 99,36187.0,False
base,active,,333391.0,333576.0,100 101 102 103 104 105 106 107 108 109 110 111 112 113 114 115 116 117 118 119 120 121 122 123 124 125 126,-1.0,
base,active,333380.0,333457.0,333469.0,127,36192.0,False
base,active,333469.0,333469.0,333538.0,127,36195.0,False
base,active,,333538.0,333576.0,127,-1.0,
base,active,333334.0,333576.0,333611.0,32 65 98 99 100 101 102 103 104 105 106 107 108 109 110 111 112 113 114 115 116 117 118 119 120 121 122 123 124 125 126 127,36190.0,False
base,active,333474.0,333611.0,333745.0,65 98 99 100,36196.0,False
base,active,333457.0,333611.0,333791.0,32,36194.0,False
base,active,,333611.0,333896.0,101,-1.0,
base,active,,333611.0,333961.0,102,-1.0,
base,active,,333611.0,334105.0,103 104 105 106 107 108 109 110 111 112 113 114 115 116 117 118 119 120 121 122 123 124 125 126 127,-1.0,
base,active,,333745.0,334105.0,65 98 99 100,-1.0,
base,active,,333791.0,334105.0,32,-1.0,
base,active,333896.0,333896.0,333909.0,101,36198.0,False
base,active,,333909.0,334105.0,101,-1.0,
base,active,333961.0,333961.0,333973.0,102,36199.0,False
base,active,,333973.0,334105.0,102,-1.0,
base,active,334105.0,334105.0,334392.0,32 65 98 99 100 101 102 103 104 105 106 107 108 109 110 111 112 113 114 115 116 117 118 119 120 121 122 123 124 125 126 127,36201.0,False
base,active,334130.0,334192.0,334211.0,33,36202.0,False
base,active,,334192.0,334270.0,42,-1.0,
base,active,,334192.0,334378.0,43 44 45 46,-1.0,
base,active,,334192.0,334392.0,47 48 49 50 51 52 53 54 55 56 57 58 59 60 61 62 63 64,-1.0,
base,active,334143.0,334192.0,334441.0,34 35 36 37 38 39 40 41,36203.0,False
base,active,,334211.0,334392.0,33,-1.0,
base,active,334266.0,334270.0,334284.0,42,36206.0,False
base,active,,334284.0,334392.0,42,-1.0,
base,active,334378.0,334378.0,334432.0,43 44 45 46,36208.0,False
base,active,334203.0,334392.0,334418.0,32 33 42 47 48 49 50 51 52 53 54 55 56 57 58 59 60 61 62 63 64 65 98 99 100 101 102 103 104 105 106 107,36205.0,False
base,active,,334392.0,334418.0,108 109 110 111 112 113 114 115 116 117 118 119 120 121 122 123 124 125 126 127,-1.0,
base,active,334270.0,334418.0,334444.0,32 33 42 47 48 49 50 51 52 53 54 55 108 109 110 111 112 113 114 115 116 117 118 119 120 121 122 123 124 125 126 127,36207.0,False
base,active,,334418.0,334471.0,56,-1.0,
base,active,,334418.0,334612.0,57 58 59 60 61 62 63 64 65 98 99 100 101 102 103 104 105 106 107,-1.0,
base,active,,334432.0,334612.0,43 44 45 46,-1.0,
base,active,,334441.0,334612.0,34 35 36 37 38 39 40 41,-1.0,
base,active,,334444.0,334612.0,32,-1.0,
base,active,,334444.0,334657.0,33 42 47 48 49 50 51 52 53 54 55 108 109 110 111 112 113 114 115 116 117 118 119 120 121 122 123 124 125 126 127,-1.0,
base,active,334471.0,334471.0,334484.0,56,36209.0,False
base,active,,334484.0,334657.0,56,-1.0,
base,active,334612.0,334612.0,334834.0,32 34 35 36 37 38 39 40 41 43 44 45 46 57 58 59 60 61 62 63 64 65 98 99 100 101 102 103 104 105 106 107,36211.0,False
base,active,334657.0,334657.0,334692.0,33 42 47 48 49 50 51 52 53 54 55 56 108 109 110 111 112 113 114 115 116 117 118 119 120 121 122 123 124 125 126 127,36212.0,False
base,active,334672.0,334692.0,334718.0,33,36213.0,False
base,active,,334692.0,334718.0,42 47 48 49 50 51 52 53 54 55 56 108 109 110 111 112 113 114 115 116 117 118 119 120 121 122 123 124 125 126 127,-1.0,
base,active,334714.0,334718.0,334747.0,33 42 47 48 49 50 51 52 53 54 55 56 108 109 110 111 112 113 114 115 116 117 118 119 120 121 122 123 124 125 126 127,36215.0,False
base,active,,334747.0,334774.0,33,-1.0,
base,active,,334747.0,334817.0,42 47 48 49,-1.0,
base,active,,334747.0,334889.0,50 51 52 53 54 55 56 108 109 110 111 112 113 114 115 116 117 118 119 120 121 122 123 124 125 126 127,-1.0,
base,active,334774.0,334774.0,334779.0,33,36216.0,False
base,active,,334779.0,334889.0,33,-1.0,
base,active,334817.0,334817.0,334867.0,42 47 48 49,36217.0,False
base,active,,334834.0,334889.0,32 34 35 36 37 38 39 40 41 43 44 45 46 57 58 59 60 61 62 63 64 65 98 99 100 101 102 103 104 105 106 107,-1.0,
base,active,,334867.0,334889.0,42 47 48 49,-1.0,
base,active,334889.0,334889.0,334929.0,32 33 34 35 36 37 38 39 40 41 42 43 44 45 46 47 48 49 50 51 52 53 54 55 56 57 58 59 60 61 62 63 64 65 98 99 100 101 102 103 104 105 106 107 108 109 110 111 112 113 114 115 116 117 118 119 120 121 122 123 124 125 126 127,36220.0,False
base,active,,334929.0,334958.0,32 33 34 35 36 37 38 39 40 41 42 43 44 45 46 47 48 49 50 51 52 53 54 55 56 57 58 59 60 61 62 63 64 65 98 99 100 101 102 103 104 105 106 107 108 109 110 111 112 113 114 115 116 117 118 119 120 121 122 123 124 125 126 127,-1.0,
base,active,334958.0,334958.0,335186.0,32 33 34 35 36 37 38 39 40 41 42 43 44 45 46 47 48 49 50 51 52 53 54 55 56 57 58 59 60 61 62 63 64 65 98 99 100 101 102 103 104 105 106 107 108 109 110 111 112 113 114 115 116 117 118 119 120 121 122 123 124 125 126 127,36223.0,False
base,active,,335186.0,335219.0,32 33 34 35,-1.0,
base,active,,335186.0,335266.0,36 37 38 39 40 41 42 43 44 45 46 47 48 49 50 51 52 53 54 55 56 57 58 59 60 61 62 63 64 65 98 99 100 101 102 103 104 105 106 107 108 109 110 111 112 113 114 115 116 117 118 119 120 121 122 123 124 125 126 127,-1.0,
base,active,335219.0,335219.0,335266.0,32 33 34 35,36225.0,False
base,active,335231.0,335266.0,335411.0,32 33 34 35 36 37 38 39 40 41 42 43 44 45 46 47 48 49 50 51 52 53 54 55 56 57 58 59 60 61 62 63 64 65 98 99 100 101 102 103 104 105 106 107 108 109 110 111 112 113 114 115 116 117 118 119 120 121 122 123 124 125 126 127,36226.0,False
base,active,335400.0,335411.0,335426.0,32,36227.0,False
base,active,,335411.0,335504.0,33 34 35 36,-1.0,
base,active,,335411.0,335550.0,37 38 39 40 41 42 43 44 45 46 47 48 49 50 51 52 53 54 55 56 57 58 59 60 61 62 63 64 65 98 99 100 101 102 103 104 105 106 107 108 109 110 111 112 113 114 115 116 117 118 119 120 121 122 123 124 125 126 127,-1.0,
base,active,,335426.0,335550.0,32,-1.0,
base,active,335504.0,335504.0,335550.0,33 34 35 36,36228.0,False
base,active,335540.0,335550.0,335677.0,32 33 34 35 36 37 38 39 40 41 42 43 44 45 46 47 48 49 50 51 52 53 54 55 56 57 58 59 60 61 62 63 64 65 98 99 100 101 102 103 104 105 106 107 108 109 110 111 112 113 114 115 116 117 118 119 120 121 122 123 124 125 126 127,36229.0,False
base,active,,335677.0,335690.0,32 33 34 35,-1.0,
base,active,,335677.0,335717.0,36,-1.0,
base,active,,335677.0,335836.0,37,-1.0,
base,active,,335677.0,335899.0,38,-1.0,
base,active,,335677.0,335915.0,39 40 41 42 43 44 45 46 47 48 49 50 51 52 53 54 55 56 57 58 59 60 61 62 63 64 65 98 99 100 101 102,-1.0,
base,active,,335677.0,335948.0,103 104 105 106 107 108 109 110,-1.0,
base,active,,335677.0,336089.0,111 112 113 114,-1.0,
base,active,,335677.0,336153.0,115 116 117 118,-1.0,
base,active,,335677.0,336236.0,119 120 121 122,-1.0,
base,active,,335677.0,336572.0,123 124 125 126,-1.0,
base,active,,335677.0,336689.0,127,-1.0,
base,active,335690.0,335690.0,335736.0,32 33 34 35,36230.0,False
base,active,335717.0,335717.0,335729.0,36,36231.0,False
base,active,,335729.0,336917.0,36,-1.0,
base,active,,335736.0,336936.0,32 33 34 35,-1.0,
base,active,335836.0,335836.0,335841.0,37,36232.0,False
base,active,,335841.0,337010.0,37,-1.0,
base,active,335899.0,335899.0,335910.0,38,36233.0,False
base,active,,335910.0,337010.0,38,-1.0,
base,active,335915.0,335915.0,336578.0,39 40 41 42 43 44 45 46 47 48 49 50 51 52 53 54 55 56 57 58 59 60 61 62 63 64 65 98 99 100 101 102,36234.0,False
base,active,335948.0,335948.0,336580.0,103 104 105 106 107 108 109 110,36235.0,False
base,active,336089.0,336089.0,336116.0,111 112 113 114,36237.0,False
base,active,,336116.0,337010.0,111 112 113 114,-1.0,
base,active,336153.0,336153.0,336293.0,115 116 117 118,36238.0,False
base,active,336236.0,336236.0,336297.0,119 120 121 122,36239.0,False
base,active,,336293.0,337010.0,115 116 117 118,-1.0,
base,active,,336297.0,337010.0,119 120 121 122,-1.0,
base,active,336572.0,336572.0,336620.0,123 124 125 126,36241.0,False
base,active,,336578.0,337010.0,39 40 41 42 43 44 45 46 47 48 49 50 51 52 53 54 55 56 57 58 59 60 61 62 63 64 65 98 99 100 101 102,-1.0,
base,active,,336580.0,337010.0,103 104 105 106 107 108 109 110,-1.0,
base,active,,336620.0,337010.0,123 124 125 126,-1.0,
base,active,336689.0,336689.0,336698.0,127,36242.0,False
base,active,,336698.0,337010.0,127,-1.0,
base,active,336917.0,336917.0,336939.0,36,36243.0,False
base,switching_off,,336936.0,338736.0,32 33 34 35,-2.0,
base,active,,336939.0,337010.0,36,-1.0,
base,active,,337010.0,337017.0,4 5 6 7 8 9 10 11 12 13 14 15 16 17 18 19 20 21 22 23 24 25 26 27 28 29 30 31,-1.0,
base,active,336943.0,337010.0,337265.0,0 1 2 3 36 37 38 39 40 41 42 43 44 45 46 47 48 49 50 51 52 53 54 55 56 57 58 59 60 61 62 63 64 65 98 99 100 101 102 103 104 105 106 107 108 109 110 111 112 113 114 115 116 117 118 119 120 121 122 123 124 125 126 127,36244.0,False
base,active,337017.0,337017.0,337143.0,70 71 72 73,36246.0,False
base,active,,337017.0,337339.0,74 75 76 77,-1.0,
base,active,,337017.0,337519.0,78 79 80 81,-1.0,
base,active,,337017.0,337536.0,82 83 84 85 86 87 88 89 90 91 92 93 94 95 96 97,-1.0,
base,active,336960.0,337017.0,339646.0,4 5 6 7 8 9 10 11 12 13 14 15 16 17 18 19 20 21 22 23 24 25 26 27 28 29 30 31 66 67 68 69,36245.0,False
base,active,,337143.0,337536.0,70 71 72 73,-1.0,
base,active,,337265.0,337536.0,0 1 2 3 36 37 38 39 40 41 42 43 44 45 46 47 48 49 50 51 52 53 54 55 56 57 58 59 60 61 62 63 64 65 98 99 100 101 102 103 104 105 106 107,-1.0,
base,active,,337265.0,337569.0,108,-1.0,
base,active,,337265.0,337621.0,109 110 111 112,-1.0,
base,active,,337265.0,337872.0,113 114 115 116,-1.0,
base,active,,337265.0,338000.0,117,-1.0,
base,active,,337265.0,338038.0,118,-1.0,
base,active,,337265.0,338465.0,119 120 121 122 123 124 125 126 127,-1.0,
base,active,337339.0,337339.0,337392.0,74 75 76 77,36248.0,False
base,active,,337392.0,338592.0,74 75 76 77,-1.0,
base,active,337519.0,337519.0,337561.0,78 79 80 81,36251.0,False
base,active,337536.0,337536.0,337761.0,0 1 2 3 36 37 38 39 40 41 42 43 44 45 46 47 48 49 50 51 52 53 54 55 56 57 58 59 60 61 62 63 64 65 70 71 72 73 82 83 84 85 86 87 88 89 90 91 92 93 94 95 96 97 98 99 100 101 102 103 104 105 106 107,36252.0,False
base,active,,337561.0,338761.0,78 79 80 81,-1.0,
base,active,337569.0,337569.0,337585.0,108,36253.0,False
base,active,,337585.0,338785.0,108,-1.0,
base,active,337621.0,337621.0,337717.0,109 110 111 112,36255.0,False
base,active,,337717.0,338809.0,109 110 111 112,-1.0,
base,active,,337761.0,338809.0,0 1 2 3 36 37 38 39 40 41 42 43 44 45 46 47 48 49 50 51 52 53 54 55 56 57 58 59 60 61 62 63 64 65 70 71 72 73 82 83 84 85 86 87 88 89 90 91 92 93 94 95 96 97 98 99 100 101 102 103,-1.0,
base,active,,337761.0,338936.0,104 105 106 107,-1.0,
base,active,337872.0,337872.0,338018.0,113 114 115 116,36258.0,False
base,active,338000.0,338000.0,339255.0,117,36259.0,False
base,active,,338018.0,338936.0,113 114 115 116,-1.0,
base,active,338038.0,338038.0,338070.0,118,36260.0,False
base,active,,338070.0,338936.0,118,-1.0,
base,switching_off,,338465.0,340265.0,119 120 121 122 123 124 125 126 127,-2.0,
base,switching_off,,338592.0,340392.0,74 75 76 77,-2.0,
base,sleeping,,338736.0,343677.0,32 33 34 35,-4.0,
base,switching_off,,338761.0,340561.0,78 79 80 81,-2.0,
base,switching_off,,338785.0,340585.0,108,-2.0,
base,active,338809.0,338809.0,338936.0,0 1 2 3 36 37 38 39 40 41 42 43 44 45 46 47 48 49 50 51 52 53 54 55 56 57 58 59 60 61 62 63 64 65 70 71 72 73 82 83 84 85 86 87 88 89 90 91 92 93 94 95 96 97 98 99 100 101 102 103 109 110 111 112,36263.0,False
base,active,338877.0,338936.0,339010.0,0 1 2 3 36 37 38 104 105 106 107 113 114 115 116 118,36264.0,False
base,active,,338936.0,339010.0,39 40 41 42 43 44 45 46 47 48 49 50 51 52 53 54 55 56 57 58 59 60 61 62 63 64 65 70 71 72 73 82 83 84 85 86 87 88 89 90 91 92 93 94 95 96 97 98 99 100 101 102 103 109 110 111 112,-1.0,
base,active,338945.0,339010.0,339131.0,0 1 2 3 36 37 38 39 40 41 42 43 44 45 46 47 48 49 50 51 52 53 54 55 56 57 58 59 60 61 62 63 64 65 70 71 72 73 82 83 84 85 86 87 88 89 90 91 92 93 94 95 96 97 98 99 100 101 102 103 109 110 111 112,36265.0,False
base,active,,339010.0,339131.0,104 105 106 107 113 114 115 116 118,-1.0,
base,active,,339131.0,339179.0,39,-1.0,
base,active,338958.0,339131.0,339188.0,0 1 2 3 36 37 38 104 105 106 107 113 114 115 116 118,36266.0,False
base,active,,339131.0,339389.0,40 41 42 43 44 45 46 47 48 49 50 51 52 53 54 55 56 57 58 59 60 61 62 63 64 65 70 71 72 73 82 83 84 85 86 87 88 89 90 91 92 93 94 95 96 97 98 99 100 101 102 103 109 110 111 112,-1.0,
base,active,339179.0,339179.0,339207.0,39,36268.0,False
base,active,,339188.0,339389.0,0 1 2 3 36 37 38 104,-1.0,
base,active,,339188.0,339502.0,105 106 107 113 114 115 116 118,-1.0,
base,active,,339207.0,339502.0,39,-1.0,
base,active,,339255.0,339502.0,117,-1.0,
base,active,339389.0,339389.0,339502.0,0 1 2 3 36 37 38 40 41 42 43 44 45 46 47 48 49 50 51 52 53 54 55 56 57 58 59 60 61 62 63 64 65 70 71 72 73 82 83 84 85 86 87 88 89 90 91 92 93 94 95 96 97 98 99 100 101 102 103 104 109 110 111 112,36273.0,False
base,active,339397.0,339502.0,339571.0,0 1 2 3 36 37 38 39 40 41 42 43 44 45 46 47 48 49 50 51 52 53 54 105 106 107 113 114 115 116 117 118,36274.0,False
base,active,,339502.0,339571.0,55 56 57 58 59 60 61 62 63 64 65 70 71 72 73 82 83 84 85 86 87 88 89 90 91 92 93 94 95 96 97 98 99 100 101 102 103 104 109 110 111 112,-1.0,
base,active,,339571.0,339600.0,54,-1.0,
base,active,,339571.0,339652.0,105 106 107 113 114 115 116 117 118,-1.0,
base,active,339508.0,339571.0,339679.0,0 1 2 3 36 37 38 39 40 41 42 43 44 45 46 47 48 49 50 51 52 53 55 56 57 58 59 60 61 62 63 64 65 70 71 72 73 82 83 84 85 86 87 88 89 90 91 92 93 94 95 96 97 98 99 100 101 102 103 104 109 110 111 112,36275.0,False
base,active,339600.0,339600.0,339620.0,54,36276.0,False
base,active,,339620.0,339652.0,54,-1.0,
base,active,,339646.0,339652.0,4 5 6 7 8 9 10 11 12 13 14 15 16 17 18 19 20 21 22 23 24 25,-1.0,
base,active,,339646.0,339803.0,26 27 28 29 30 31 66 67 68 69,-1.0,
base,active,339652.0,339652.0,339821.0,4 5 6 7 8 9 10 11 12 13 14 15 16 17 18 19 20 21 22 23 24 25 54 105 106 107 113 114 115 116 117 118,36277.0,False
base,active,,339679.0,339803.0,0 1 2 3 36 37 38 39 40 41 42 43 44 45 46 47 48 49 50 51 52 53 55 56 57 58 59 60 61 62 63 64 65 70 71 72 73 82 83 84 85 86 87 88 89 90 91 92 93 94 95 96 97 98,-1.0,
base,active,,339679.0,339863.0,99 100 101 102 103 104 109 110 111 112,-1.0,
base,active,339803.0,339803.0,339840.0,0 1 2 3 26 27 28 29 30 31 36 37 38 39 40 41 42 43 44 45 46 47 48 49 50 51 52 53 55 56 57 58 59 60 61 62 63 64 65 66 67 68 69 70 71 72 73 82 83 84 85 86 87 88 89 90 91 92 93 94 95 96 97 98,36278.0,False
base,active,,339821.0,339863.0,4 5 6 7 8 9 10 11 12 13 14 15 16 17 18 19 20 21 22 23 24 25 54 105 106 107 113 114 115 116 117 118,-1.0,
base,active,,339840.0,339863.0,0 1 2 3 26 27 28 29 30 31 36 37 38 39 40 41 42 43 44 45 46 47,-1.0,
base,active,,339840.0,339899.0,48 49 50 51 52 53 55 56 57 58 59 60 61 62 63 64 65 66 67 68 69 70 71 72 73 82 83 84 85 86 87 88,-1.0,
base,active,,339840.0,340191.0,89 90 91 92 93 94 95 96 97 98,-1.0,
base,active,339863.0,339863.0,339902.0,0 1 2 3 4 5 6 7 8 9 10 11 12 13 14 15 16 17 18 19 20 21 22 23 24 25 26 27 28 29 30 31 36 37 38 39 40 41 42 43 44 45 46 47 54 99 100 101 102 103 104 105 106 107 109 110 111 112 113 114 115 116 117 118,36280.0,False
base,active,339899.0,339899.0,340337.0,48 49 50 51 52 53 55 56 57 58 59 60 61 62 63 64 65 66 67 68 69 70 71 72 73 82 83 84 85 86 87 88,36281.0,False
base,active,,339902.0,340191.0,0 1 2 3 4 5,-1.0,
base,active,,339902.0,340339.0,6,-1.0,
base,active,,339902.0,340372.0,7,-1.0,
base,active,,339902.0,340448.0,8 9 10 11 12 13 14 15 16 17 18 19 20 21 22 23,-1.0,
base,active,,339902.0,340512.0,24 25 26 27 28 29 30 31 36 37 38 39 40 41 42 43 44 45 46 47 54 99 100 101 102 103 104 105 106 107 109 110,-1.0,
base,active,,339902.0,341102.0,111 112 113 114 115 116 117 118,-1.0,
base,active,340191.0,340191.0,340418.0,0 1 2 3 4 5 89 90 91 92 93 94 95 96 97 98,36282.0,False
base,sleeping,,340265.0,343677.0,119 120 121 122 123 124 125 126 127,-4.0,
base,active,,340337.0,341235.0,48 49 50 51 52 53 55 56 57 58 59 60 61 62 63 64,-1.0,
base,active,,340337.0,341302.0,65,-1.0,
base,active,,340337.0,341328.0,66,-1.0,
base,active,,340337.0,341382.0,67 68 69 70 71 72 73 82 83 84 85 86 87 88,-1.0,
base,active,340339.0,340339.0,340356.0,6,36284.0,False
base,active,,340356.0,341382.0,6,-1.0,
base,active,340372.0,340372.0,340383.0,7,36285.0,False
base,active,,340383.0,341382.0,7,-1.0,
base,sleeping,,340392.0,343677.0,74 75 76 77,-4.0,
base,active,,340418.0,341382.0,0 1 2 3 4 5 89 90 91 92 93 94 95 96 97 98,-1.0,
base,active,340448.0,340448.0,340676.0,8 9 10 11 12 13 14 15 16 17 18 19 20 21 22 23,36286.0,False
base,active,340512.0,340512.0,341300.0,24 25 26 27 28 29 30 31 36 37 38 39 40 41 42 43 44 45 46 47 54 99 100 101 102 103 104 105 106 107 109 110,36287.0,False
base,sleeping,,340561.0,343677.0,78 79 80 81,-4.0,
base,sleeping,,340585.0,343677.0,108,-4.0,
base,active,,340676.0,341876.0,8 9 10 11 12 13 14 15 16 17 18 19 20 21 22 23,-1.0,
base,switching_off,,341102.0,342902.0,111 112 113 114 115 116 117 118,-2.0,
base,active,341235.0,341235.0,341317.0,48 49 50 51 52 53 55 56 57 58 59 60 61 62 63 64,36293.0,False
base,active,,341300.0,341935.0,24 25 26 27 28 29 30 31 36 37 38 39 40 41 42 43,-1.0,
base,active,,341300.0,342105.0,44,-1.0,
base,active,,341300.0,342170.0,45 46 47 54 99 100 101 102 103 104 105 106 107 109 110,-1.0,
base,active,341302.0,341302.0,341318.0,65,36294.0,False
base,active,,341317.0,342170.0,48,-1.0,
base,active,,341317.0,342178.0,49,-1.0,
base,active,,341317.0,342180.0,50,-1.0,
base,active,,341317.0,342231.0,51,-1.0,
base,active,,341317.0,342243.0,52 53 55 56 57 58 59 60 61 62 63 64,-1.0,
base,active,,341318.0,342243.0,65,-1.0,
base,active,341328.0,341328.0,341338.0,66,36295.0,False
base,active,,341338.0,342243.0,66,-1.0,
base,active,341382.0,341382.0,342173.0,0 1 2 3 4 5 6 7 67 68 69 70 71 72 73 82 83 84 85 86 87 88 89 90 91 92 93 94 95 96 97 98,36297.0,False
base,switching_off,,341876.0,343676.0,8 9 10 11 12 13 14 15 16 17 18 19 20 21 22 23,-2.0,
base,active,341935.0,341935.0,342009.0,24 25 26 27 28 29 30 31 36 37 38 39 40 41 42 43,36299.0,False
base,active,,342009.0,342243.0,24 25,-1.0,
base,active,,342009.0,342295.0,26 27 28 29 30 31 36 37 38 39 40 41 42 43,-1.0,
base,active,342105.0,342105.0,342145.0,44,36300.0,False
base,active,,342145.0,342295.0,44,-1.0,
base,active,342170.0,342170.0,342218.0,45 46 47 48 54 99 100 101 102 103 104 105 106 107 109 110,36302.0,False
base,active,,342173.0,342295.0,0 1 2 3 4 5 6 7 67 68 69 70 71 72 73 82 83,-1.0,
base,active,,342173.0,342375.0,84,-1.0,
base,active,,342173.0,342440.0,85,-1.0,
base,active,,342173.0,342449.0,86,-1.0,
base,active,,342173.0,342471.0,87 88 89 90 91,-1.0,
base,active,,342173.0,342494.0,92 93 94 95 96 97 98,-1.0,
base,active,342178.0,342178.0,342203.0,49,36303.0,False
base,active,342180.0,342180.0,342193.0,50,36304.0,False
base,active,,342193.0,342494.0,50,-1.0,
base,active,,342203.0,342494.0,49,-1.0,
base,active,,342218.0,342494.0,45 46 47 48 54 99 100 101 102 103 104 105 106 107 109 110,-1.0,
base,active,342231.0,342231.0,342391.0,51,36306.0,False
base,active,342243.0,342243.0,342296.0,24 25 52 53 55 56 57 58 59 60 61 62 63 64 65 66,36307.0,False
base,active,342295.0,342295.0,343244.0,0 1 2 3 4 5 6 7 26 27 28 29 30 31 36 37 38 39 40 41 42 43 44 67 68 69 70 71 72 73 82 83,36309.0,False
base,active,,342296.0,342494.0,24 25 52 53 55 56 57,-1.0,
base,active,,342296.0,342498.0,58 59,-1.0,
base,active,,342296.0,342781.0,60,-1.0,
base,active,,342296.0,342898.0,61,-1.0,
base,active,,342296.0,343133.0,62,-1.0,
base,active,,342296.0,343190.0,63,-1.0,
base,active,,342296.0,343213.0,64 65 66,-1.0,
base,active,342375.0,342375.0,342420.0,84,36311.0,False
base,active,,342391.0,343213.0,51,-1.0,
base,active,,342420.0,343235.0,84,-1.0,
base,active,342440.0,342440.0,342464.0,85,36312.0,False
base,active,342449.0,342449.0,342456.0,86,36314.0,False
base,active,,342456.0,343235.0,86,-1.0,
base,active,,342464.0,343309.0,85,-1.0,
base,active,342471.0,342471.0,342488.0,87,36315.0,False
base,active,342471.0,342471.0,342684.0,88 89 90 91,36316.0,False
base,active,,342488.0,343309.0,87,-1.0,
base,active,342494.0,342494.0,343730.0,24 25 45 46 47 48 49 50 52 53 54 55 56 57 92 93 94 95 96 97 98 99 100 101 102 103 104 105 106 107 109 110,36317.0,False
base,active,342498.0,342498.0,342684.0,58 59,36318.0,False
base,active,,342684.0,343332.0,58 59 88 89 90 91,-1.0,
base,active,342781.0,342781.0,342841.0,60,36319.0,False
base,active,,342841.0,343332.0,60,-1.0,
base,active,342898.0,342898.0,342946.0,61,36320.0,False
base,sleeping,,342902.0,343677.0,111 112 113 114 115 116 117 118,-4.0,
base,active,,342946.0,343332.0,61,-1.0,
base,active,343133.0,343133.0,343173.0,62,36322.0,False
base,active,,343173.0,343332.0,62,-1.0,
base,active,343190.0,343190.0,343209.0,63,36323.0,False
base,active,,343209.0,343332.0,63,-1.0,
base,active,343213.0,343213.0,343357.0,51 64 65 66,36324.0,False
base,active,343235.0,343235.0,343359.0,84 86,36325.0,False
base,active,,343244.0,343332.0,0 1 2 3 4 5 6 7 26 27 28 29 30 31 36 37 38 39 40 41 42 43,-1.0,
base,active,,343244.0,343431.0,44,-1.0,
base,active,,343244.0,343492.0,67,-1.0,
base,active,,343244.0,343500.0,68 69,-1.0,
base,active,,343244.0,343522.0,70 71 72 73,-1.0,
base,active,,343244.0,343545.0,82 83,-1.0,
base,active,343309.0,343309.0,343343.0,85 87,36326.0,False
base,active,343332.0,343332.0,343926.0,0 1 2 3 4 5 6 7 26 27 28 29 30 31 36 37 38 39 40 41 42 43 58 59 60 61 62 63 88 89 90 91,36327.0,False
base,active,,343343.0,346377.0,85 87,-1.0,
base,active,,343357.0,346377.0,51 64 65 66,-1.0,
base,active,,343359.0,346377.0,84 86,-1.0,
base,active,343431.0,343431.0,343475.0,44,36328.0,False
base,active,,343475.0,346377.0,44,-1.0,
base,active,343492.0,343492.0,343519.0,67,36330.0,False
base,active,343500.0,343500.0,343517.0,68 69,36331.0,False
base,active,,343517.0,346377.0,68 69,-1.0,
base,active,,343519.0,346377.0,67,-1.0,
base,active,343522.0,343522.0,343655.0,70 71 72 73,36332.0,False
base,active,343545.0,343545.0,343658.0,82 83,36333.0,False
base,active,,343655.0,346377.0,70 71 72 73,-1.0,
base,active,,343658.0,346377.0,82 83,-1.0,
base,sleeping,,343676.0,343677.0,8 9 10 11 12 13 14 15 16 17 18 19 20 21 22 23,-4.0,
base,switching_on,,343677.0,346377.0,8 9 10 11 12 13 14 15 16 17 18 19 20 21 22 23 32 33 34 35 74 75 76 77 78 79 80 81 108 111 112 113 114 115 116 117 118 119 120 121 122 123 124 125 126 127,-3.0,
base,active,,343730.0,343806.0,24 25 45 46 47 48 49 50 52 53 54 55 56 57 92 93 94 95 96 97 98 99 100 101 102 103 104 105 106 107 109 110,-1.0,
base,active,343806.0,343806.0,345592.0,24 25 45 46 47 48 49 50 52 53 54 55 56 57 92 93 94 95 96 97 98 99 100 101 102 103 104 105 106 107 109 110,36335.0,False
base,active,,343926.0,343941.0,1 2,-1.0,
base,active,,343926.0,343955.0,3,-1.0,
base,active,,343926.0,343957.0,4,-1.0,
base,active,343828.0,343926.0,343972.0,0,36336.0,False
base,active,,343926.0,344087.0,5 6 7 26,-1.0,
base,active,,343926.0,344116.0,27 28,-1.0,
base,active,,343926.0,344317.0,29 30 31,-1.0,
base,active,,343926.0,344549.0,36 37 38 39 40 41 42 43 58 59 60 61 62 63 88 89 90 91,-1.0,
base,active,343941.0,343941.0,343988.0,1 2,36337.0,False
base,active,343955.0,343955.0,344010.0,3,36338.0,False
base,active,343957.0,343957.0,343997.0,4,36339.0,False
base,active,,343972.0,344549.0,0,-1.0,
base,active,,343988.0,344549.0,1 2,-1.0,
base,active,,343997.0,344549.0,4,-1.0,
base,active,,344010.0,344549.0,3,-1.0,
base,active,344087.0,344087.0,344547.0,5 6 7 26,36341.0,False
base,active,344116.0,344116.0,344549.0,27 28,36342.0,False
base,active,344256.0,344317.0,344342.0,29 30,36344.0,False
base,active,344317.0,344317.0,344357.0,31,36345.0,False
base,active,,344342.0,344549.0,29 30,-1.0,
base,active,,344357.0,344549.0,31,-1.0,
base,active,,344547.0,344549.0,5 6 7 26,-1.0,
base,active,344127.0,344549.0,345301.0,0 1 2 3 4 5 6 7 26 27 28 29 30 31 36 37 38 39 40 41 42 43 58 59 60 61 62 63 88 89 90 91,36343.0,False
base,active,,345301.0,345310.0,43 58 59 60,-1.0,
base,active,344890.0,345301.0,345319.0,27,36351.0,False
base,active,345095.0,345301.0,345325.0,30 31,36354.0,False
base,active,344996.0,345301.0,345331.0,28 29,36352.0,False
base,active,345097.0,345301.0,345332.0,36,36355.0,False
base,active,,345301.0,345332.0,61 62,-1.0,
base,active,344886.0,345301.0,345333.0,26,36350.0,False
base,active,344840.0,345301.0,345339.0,6 7,36349.0,False
base,active,345157.0,345301.0,345399.0,41 42,36357.0,False
base,active,345132.0,345301.0,345424.0,37 38 39 40,36356.0,False
base,active,344733.0,345301.0,345437.0,0 1 2 3,36347.0,False
base,active,,345301.0,345443.0,63 88,-1.0,
base,active,,345301.0,345549.0,89 90,-1.0,
base,active,,345301.0,345595.0,91,-1.0,
base,active,344756.0,345301.0,345675.0,4 5,36348.0,False
base,active,345310.0,345310.0,345507.0,43 58 59 60,36358.0,False
base,active,,345319.0,345595.0,27,-1.0,
base,active,,345325.0,345595.0,30 31,-1.0,
base,active,,345331.0,345595.0,28 29,-1.0,
base,active,,345332.0,345595.0,36,-1.0,
base,active,345332.0,345332.0,347931.0,61 62,36359.0,False
base,active,,345333.0,345595.0,26,-1.0,
base,active,,345339.0,345595.0,6 7,-1.0,
base,active,,345399.0,345595.0,41 42,-1.0,
base,active,,345424.0,345595.0,37 38 39 40,-1.0,
base,active,,345437.0,345595.0,0 1 2 3,-1.0,
base,active,345443.0,345443.0,345487.0,63 88,36361.0,False
base,active,,345487.0,345595.0,63 88,-1.0,
base,active,,345507.0,345595.0,43 58 59 60,-1.0,
base,active,345549.0,345549.0,345594.0,89 90,36364.0,False
base,active,,345592.0,345595.0,24 25 45 46 47 48,-1.0,
base,active,,345592.0,345866.0,49 50,-1.0,
base,active,,345592.0,345920.0,52 53,-1.0,
base,active,,345592.0,345981.0,54 55,-1.0,
base,active,,345592.0,346147.0,56 57,-1.0,
base,active,,345592.0,346191.0,92 93,-1.0,
base,active,,345592.0,346263.0,94 95,-1.0,
base,active,,345592.0,346329.0,96 97,-1.0,
base,active,,345592.0,346511.0,98 99 100 101 102 103 104 105 106 107 109 110,-1.0,
base,active,,345594.0,346511.0,89 90,-1.0,
base,active,345595.0,345595.0,347396.0,0 1 2 3 6 7 24 25 26 27 28 29 30 31 36 37 38 39 40 41 42 43 45 46 47 48 58 59 60 63 88 91,36365.0,False
base,active,,345675.0,346453.0,4 5,-1.0,
base,active,345866.0,345866.0,345900.0,49 50,36368.0,False
base,active,,345900.0,346453.0,49,-1.0,
base,active,,345900.0,346511.0,50,-1.0,
base,active,345920.0,345920.0,345938.0,52 53,36369.0,False
base,active,,345938.0,346511.0,52 53,-1.0,
base,active,345981.0,345981.0,346018.0,54 55,36370.0,False
base,active,,346018.0,346511.0,54 55,-1.0,
base,active,346147.0,346147.0,346164.0,56 57,36371.0,False
base,active,,346164.0,346511.0,56 57,-1.0,
base,active,346191.0,346191.0,346211.0,92 93,36372.0,False
base,active,,346211.0,346511.0,92 93,-1.0,
base,active,346263.0,346263.0,346286.0,94 95,36373.0,False
base,active,,346286.0,346511.0,94 95,-1.0,
base,active,346329.0,346329.0,346430.0,96 97,36374.0,False
base,active,343677.0,346377.0,346511.0,8 9 10 11 12 13 14 15 16 17 18 19 20 21 22 23 32 33 34 35 44 51 64 65 66 67 68 69 70 71 72 73 74 75 76 77 78 79 80 81 82 83 84 85 86 87 108 111 112 113 114 115 116 117 118 119 120 121 122 123 124 125 126 127,36334.0,False
base,active,,346430.0,346511.0,96 97,-1.0,
base,active,346453.0,346453.0,346472.0,49,36378.0,False
base,active,346447.0,346453.0,346556.0,4 5,36377.0,False
base,active,,346472.0,346511.0,49,-1.0,
base,active,,346511.0,346611.0,12 13,-1.0,
base,active,346337.0,346511.0,346625.0,8 9 10 11 49 50 52 53 54 55 56 57 89 90 92 93 94 95 96 97 98 99 100 101 102 103 104 105 106 107 109 110,36375.0,False
base,active,,346511.0,346641.0,14 15 16 17 18 19 20 21 22 23 32 33 34 35 44 51 64 65 66 67 68 69 70 71 72 73 74 75 76 77 78 79,-1.0,
base,active,,346511.0,346753.0,80 81,-1.0,
base,active,,346511.0,346858.0,82 83 84 85 86 87 108 111 112 113 114 115 116 117 118 119 120 121 122 123 124 125 126 127,-1.0,
base,active,,346556.0,346858.0,4 5,-1.0,
base,active,346611.0,346611.0,346717.0,12 13,36379.0,False
base,active,,346625.0,346858.0,8 9 10 11 49 50,-1.0,
base,active,,346625.0,346957.0,52,-1.0,
base,active,,346625.0,346984.0,53 54,-1.0,
base,active,,346625.0,347226.0,55 56,-1.0,
base,active,,346625.0,347409.0,57 89 90 92 93 94 95 96 97 98 99 100 101 102 103 104 105 106 107 109 110,-1.0,
base,active,346641.0,346641.0,346746.0,14 15 16 17 18 19 20 21 22 23 32 33 34 35 44 51 64 65 66 67 68 69 70 71 72 73 74 75 76 77 78 79,36380.0,False
base,active,,346717.0,347409.0,12 13,-1.0,
base,active,,346746.0,347409.0,14 15 16 17 18 19 20 21 22,-1.0,
base,active,,346746.0,347480.0,23 32 33 34 35 44 51 64 65 66 67 68 69 70 71 72 73 74 75 76 77 78 79,-1.0,
base,active,346753.0,346753.0,346863.0,80 81,36381.0,False
base,active,346858.0,346858.0,346955.0,4 5 8 9 10 11 49 50 82 83 84 85 86 87 108 111 112 113 114 115 116 117 118 119 120 121 122 123 124 125 126 127,36383.0,False
base,active,,346863.0,347480.0,80 81,-1.0,
base,active,,346955.0,347480.0,4 5 8 9 10 11 49,-1.0,
base,active,,346955.0,347541.0,50,-1.0,
base,active,,346955.0,347610.0,82 83 84 85 86 87 108 111 112 113 114 115 116 117 118 119 120 121 122 123 124 125 126 127,-1.0,
base,active,346957.0,346957.0,346977.0,52,36384.0,False
base,active,,346977.0,347610.0,52,-1.0,
base,active,346984.0,346984.0,347081.0,53 54,36385.0,False
base,active,,347081.0,347610.0,53 54,-1.0,
base,active,347226.0,347226.0,347329.0,55 56,36387.0,False
base,active,,347329.0,347610.0,55 56,-1.0,
base,active,,347396.0,347610.0,0 1 2,-1.0,
base,active,,347396.0,347759.0,3 6 7 24 25 26 27 28 29 30 31 36 37 38 39 40 41 42 43 45 46 47 48 58 59 60 63 88 91,-1.0,
base,active,347409.0,347409.0,347604.0,12 13 14 15 16 17 18 19 20 21 22 57 89 90 92 93 94 95 96 97 98 99 100 101 102 103 104 105 106 107 109 110,36391.0,False
base,active,347480.0,347480.0,348094.0,4 5 8 9 10 11 23 32 33 34 35 44 49 51 64 65 66 67 68 69 70 71 72 73 74 75 76 77 78 79 80 81,36393.0,False
base,active,347541.0,347541.0,347575.0,50,36394.0,False
base,active,,347575.0,347759.0,50,-1.0,
base,active,,347604.0,347759.0,12 13,-1.0,
base,active,,347604.0,347848.0,14 15 16 17 18 19 20 21,-1.0,
base,active,,347604.0,347897.0,22,-1.0,
base,active,,347604.0,347941.0,57 89 90 92,-1.0,
base,active,,347604.0,348098.0,93,-1.0,
base,active,,347604.0,348804.0,94 95 96 97 98 99 100 101 102 103 104 105 106 107 109 110,-1.0,
base,active,347610.0,347610.0,353052.0,0 1 2 52 53 54 55 56 82 83 84 85 86 87 108 111 112 113 114 115 116 117 118 119 120 121 122 123 124 125 126 127,36395.0,False
base,active,347759.0,347759.0,347988.0,3 6 7 12 13 24 25 26 27 28 29 30 31 36 37 38 39 40 41 42 43 45 46 47 48 50 58 59 60 63 88 91,36396.0,False
base,active,347848.0,347848.0,347995.0,14 15 16 17 18 19 20 21,36397.0,False
base,active,347897.0,347897.0,347928.0,22,36398.0,False
base,active,,347928.0,348850.0,22,-1.0,
base,active,,347931.0,348850.0,61 62,-1.0,
base,active,347941.0,347941.0,347973.0,57 89 90 92,36399.0,False
base,active,,347973.0,348850.0,57,-1.0,
base,active,,347973.0,348871.0,89 90,-1.0,
base,active,,347973.0,349173.0,92,-1.0,
base,active,,347988.0,349188.0,3 6 7 12 13 24 25 26 27 28 29 30 31 36 37 38 39 40 41 42 43 45 46 47 48 50 58 59 60 63 88 91,-1.0,
base,active,,347995.0,349195.0,14 15 16 17 18 19 20 21,-1.0,
base,active,,348094.0,349203.0,4 5 8 9 10 11 23 32 33 34 35 44 49 51 64 65 66 67 68 69 70 71 72 73 74 75 76 77 78 79 80 81,-1.0,
base,active,348098.0,348098.0,348118.0,93,36401.0,False
base,active,,348118.0,349309.0,93,-1.0,
base,switching_off,,348804.0,350604.0,94 95 96 97 98 99 100 101 102 103 104 105 106 107 109 110,-2.0,
base,active,348850.0,348850.0,349014.0,22 57 61 62,36404.0,False
base,active,348871.0,348871.0,351197.0,89 90,36406.0,False
base,active,,349014.0,349530.0,22 57 61 62,-1.0,
base,switching_off,,349173.0,350973.0,92,-2.0,
base,switching_off,,349188.0,350988.0,3 6 7 12 13 24 25 26 27 28 29 30 31 36 37 38 39 40 41 42 43 45 46 47 48 50 58 59 60 63 88 91,-2.0,
base,switching_off,,349195.0,350995.0,14 15 16 17 18 19 20 21,-2.0,
base,active,349203.0,349203.0,349306.0,4 5 8 9 10 11 23 32 33 34 35 44 49 51 64 65 66 67 68 69 70 71 72 73 74 75 76 77 78 79 80 81,36410.0,False
base,active,,349306.0,349530.0,4 5 8 9 10 11 23 32 33 34 35 44 49 51 64 65 66 67 68 69 70 71 72 73 74 75 76 77,-1.0,
base,active,,349306.0,349632.0,78,-1.0,
base,active,,349306.0,350129.0,79 80 81,-1.0,
base,active,349309.0,349309.0,349327.0,93,36411.0,False
base,active,,349327.0,350129.0,93,-1.0,
base,active,349530.0,349530.0,349629.0,4 5 8 9 10 11 22 23 32 33 34 35 44 49 51 57 61 62 64 65 66 67 68 69 70 71 72 73 74 75 76 77,36413.0,False
base,active,,349629.0,350129.0,4 5 8 9 10 11 22 23 32 33 34 35 44 49 51 57 61 62 64 65 66 67 68 69 70 71 72 73,-1.0,
base,active,,349629.0,350243.0,74,-1.0,
base,active,,349629.0,350541.0,75,-1.0,
base,active,,349629.0,350579.0,76 77,-1.0,
base,active,349632.0,349632.0,349649.0,78,36414.0,False
base,active,,349649.0,350579.0,78,-1.0,
base,active,350129.0,350129.0,350241.0,4 5 8 9 10 11 22 23 32 33 34 35 44 49 51 57 61 62 64 65 66 67 68 69 70 71 72 73 79 80 81 93,36416.0,False
base,active,,350241.0,350579.0,4 5 8 9 10 11 22 23 32 33 34 35 44,-1.0,
base,active,,350241.0,350585.0,49,-1.0,
base,active,,350241.0,351171.0,51,-1.0,
base,active,,350241.0,351198.0,57 61 62 64,-1.0,
base,active,,350241.0,351222.0,65 66,-1.0,
base,active,,350241.0,351386.0,67,-1.0,
base,active,,350241.0,351396.0,68 69 70 71 72 73 79 80 81 93,-1.0,
base,active,350243.0,350243.0,350262.0,74,36417.0,False
base,active,,350262.0,351396.0,74,-1.0,
base,active,350541.0,350541.0,350543.0,75,36423.0,False
base,active,,350543.0,351396.0,75,-1.0,
base,active,350579.0,350579.0,350955.0,4 5 8 9 10 11 22 23 32 33 34 35 44 76 77 78,36424.0,False
base,active,350585.0,350585.0,350608.0,49,36425.0,False
base,sleeping,,350604.0,354930.0,94 95 96 97 98 99 100 101 102 103 104 105 106 107 109 110,-4.0,
base,active,,350608.0,351396.0,49,-1.0,
base,active,,350955.0,351396.0,4 5 8,-1.0,
base,active,,350955.0,351592.0,9,-1.0,
base,active,,350955.0,351617.0,10 11 22 23,-1.0,
base,active,,350955.0,351640.0,32 33,-1.0,
base,active,,350955.0,351856.0,34 35 44 76,-1.0,
base,active,,350955.0,351882.0,77 78,-1.0,
base,sleeping,,350973.0,354930.0,92,-4.0,
base,sleeping,,350988.0,354042.0,3 6 7 12 13 24 25 26,-4.0,
base,sleeping,,350988.0,354930.0,27 28 29 30 31 36 37 38 39 40 41 42 43 45 46 47 48 50 58 59 60 63 88 91,-4.0,
base,sleeping,,350995.0,354042.0,14 15 16 17 18 19 20 21,-4.0,
base,active,351171.0,351171.0,351196.0,51,36427.0,False
base,active,,351196.0,351919.0,51,-1.0,
base,active,,351197.0,351919.0,89 90,-1.0,
base,active,351198.0,351198.0,351367.0,57 61 62 64,36428.0,False
base,active,351222.0,351222.0,351616.0,65 66,36429.0,False
base,active,,351367.0,351919.0,57 61 62 64,-1.0,
base,active,351386.0,351386.0,351427.0,67,36430.0,False
base,active,351396.0,351396.0,351455.0,4 5 8 49 68 69 70 71 72 73 74 75 79 80 81 93,36431.0,False
base,active,,351427.0,351919.0,67,-1.0,
base,active,,351455.0,351919.0,4 5 8 49 68 69 70 71 72 73 74 75 79 80 81 93,-1.0,
base,active,351592.0,351592.0,351614.0,9,36433.0,False
base,active,,351614.0,351919.0,9,-1.0,
base,active,,351616.0,351919.0,65 66,-1.0,
base,active,351617.0,351617.0,351790.0,10 11 22 23,36434.0,False
base,active,351640.0,351640.0,351854.0,32 33,36435.0,False
base,active,,351790.0,351919.0,10 11 22 23,-1.0,
base,active,,351854.0,351919.0,32,-1.0,
base,active,,351854.0,351971.0,33,-1.0,
base,active,351856.0,351856.0,352084.0,34 35 44 76,36437.0,False
base,active,351882.0,351882.0,352285.0,77 78,36439.0,False
base,active,351919.0,351919.0,352501.0,4 5 8 9 10 11 22 23 32 49 51 57 61 62 64 65 66 67 68 69 70 71 72 73 74 75 79 80 81 89 90 93,36440.0,False
base,active,351971.0,351971.0,352005.0,33,36441.0,False
base,active,,352005.0,352035.0,33,-1.0,
base,active,352035.0,352035.0,352068.0,33,36442.0,False
base,active,,352068.0,352114.0,33,-1.0,
base,active,,352084.0,352115.0,34,-1.0,
base,active,,352084.0,352261.0,35,-1.0,
base,active,,352084.0,352286.0,44 76,-1.0,
base,active,352114.0,352114.0,352156.0,33,36444.0,False
base,active,352115.0,352115.0,352182.0,34,36445.0,False
base,active,,352156.0,352286.0,33,-1.0,
base,active,,352182.0,352286.0,34,-1.0,
base,active,352261.0,352261.0,352283.0,35,36447.0,False
base,active,,352283.0,352307.0,35,-1.0,
base,active,,352285.0,352307.0,77,-1.0,
base,active,,352285.0,352322.0,78,-1.0,
base,active,352286.0,352286.0,352448.0,33 34 44 76,36448.0,False
base,active,352307.0,352307.0,377515.0,35 77,36449.0,False
base,active,352322.0,352322.0,352432.0,78,36450.0,False
base,active,,352432.0,352471.0,78,-1.0,
base,active,,352448.0,352505.0,33,-1.0,
base,active,,352448.0,352506.0,34,-1.0,
base,active,,352448.0,352525.0,44,-1.0,
base,active,,352448.0,352614.0,76,-1.0,
base,active,352471.0,352471.0,352502.0,78,36451.0,False
base,active,,352501.0,352614.0,4 5 8 9 10 11 22 23 32 49 51 57 61 62 64 65 66 67 68 69 70 71 72 73 74 75 79 80 81 89 90,-1.0,
base,active,,352501.0,352943.0,93,-1.0,
base,active,,352502.0,353148.0,78,-1.0,
base,active,352505.0,352505.0,352515.0,33,36452.0,False
base,active,352506.0,352506.0,352526.0,34,36453.0,False
base,active,,352515.0,353180.0,33,-1.0,
base,active,352525.0,352525.0,352533.0,44,36454.0,False
base,active,,352526.0,353180.0,34,-1.0,
base,active,,352533.0,353180.0,44,-1.0,
base,active,352614.0,352614.0,353134.0,4 5 8 9 10 11 22 23 32 49 51 57 61 62 64 65 66 67 68 69 70 71 72 73 74 75 76 79 80 81 89 90,36455.0,False
base,active,352943.0,352943.0,352953.0,93,36457.0,False
base,active,,352953.0,353180.0,93,-1.0,
base,active,,353052.0,353180.0,0 1 2 52 53 54 55 56 82 83 84 85 86 87 108 111 112 113 114 115 116 117 118 119 120 121 122 123,-1.0,
base,active,,353052.0,353462.0,124,-1.0,
base,active,,353052.0,353519.0,125,-1.0,
base,active,,353052.0,353821.0,126 127,-1.0,
base,active,,353134.0,353821.0,4 5 8 9 10 11 22 23 32 49 51 57 61 62 64 65 66 67 68 69 70 71 72 73 74 75 76 79 80 81,-1.0,
base,active,,353134.0,354334.0,89 90,-1.0,
base,active,353148.0,353148.0,353151.0,78,36459.0,False
base,active,,353151.0,354351.0,78,-1.0,
base,active,353180.0,353180.0,354897.0,0 1 2 33 34 44 52 53 54 55 56 82 83 84 85 86 87 93 108 111 112 113 114 115 116 117 118 119 120 121 122 123,36460.0,False
base,active,353462.0,353462.0,353473.0,124,36462.0,False
base,active,,353473.0,354437.0,124,-1.0,
base,active,353519.0,353519.0,353532.0,125,36464.0,False
base,active,,353532.0,354532.0,125,-1.0,
base,active,353821.0,353821.0,354523.0,4 5 8 9 10 11 22 23 32 49 51 57 61 62 64 65 66 67 68 69 70 71 72 73 74 75 76 79 80 81 126 127,36468.0,False
base,switching_on,,354042.0,356742.0,3 6 7 12 13 14 15 16 17 18 19 20 21 24 25 26,-3.0,
base,switching_off,,354334.0,356134.0,89 90,-2.0,
base,switching_off,,354351.0,356151.0,78,-2.0,
base,active,354437.0,354437.0,354585.0,124,36471.0,False
base,active,,354523.0,354532.0,4 5 8 9 10 11 22 23 32 49 51 57 61 62 64,-1.0,
base,active,,354523.0,354536.0,65 66 67 68,-1.0,
base,active,,354523.0,354601.0,69,-1.0,
base,active,,354523.0,354776.0,70,-1.0,
base,active,,354523.0,354827.0,71 72 73 74 75 76 79 80 81 126 127,-1.0,
base,active,354532.0,354532.0,354623.0,4 5 8 9 10 11 22 23 32 49 51 57 61 62 64 125,36472.0,False
base,active,354536.0,354536.0,354604.0,65 66 67 68,36473.0,False
base,active,,354585.0,354827.0,124,-1.0,
base,active,354601.0,354601.0,354728.0,69,36474.0,False
base,active,,354604.0,354827.0,65 66 67 68,-1.0,
base,active,,354623.0,354838.0,4 5 8 9 10 11 22 23 32 49 51 57 61 62 64 125,-1.0,
base,active,,354728.0,357630.0,69,-1.0,
base,active,354776.0,354776.0,354965.0,70,36476.0,False
base,active,354827.0,354827.0,354956.0,65 66 67 68 71 72 73 74 75 76 79 80 81 124 126 127,36477.0,False
base,active,354838.0,354838.0,354920.0,4 5 8 9 10 11 22 23 32 49 51 57 61 62 64 125,36478.0,False
base,active,,354897.0,354957.0,114 115 116 117 118 119 120 121 122 123,-1.0,
base,active,,354897.0,357630.0,0 1 2 33 34 44 52 53 54 55 56 82 83 84 85 86 87 93 108 111 112 113,-1.0,
base,active,,354920.0,354957.0,4 5 8 9 10 11,-1.0,
base,active,,354920.0,354973.0,22 23 32 49 51 57 61 62 64 125,-1.0,
base,switching_on,,354930.0,357630.0,27 28 29 30 31 36 37 38 39 40 41 42 43 45 46 47 48 50 58 59 60 63 88 91 92 94 95 96 97 98 99 100 101 102 103 104 105 106 107 109 110,-3.0,
base,active,,354956.0,354973.0,65 66 67 68 71 72,-1.0,
base,active,,354956.0,355202.0,73 74 75 76 79 80 81 124 126 127,-1.0,
base,active,354957.0,354957.0,355152.0,4 5 8 9 10 11 114 115 116 117 118 119 120 121 122 123,36480.0,False
base,active,,354965.0,355202.0,70,-1.0,
base,active,354973.0,354973.0,355185.0,22 23 32 49 51 57 61 62 64 65 66 67 68 71 72 125,36481.0,False
base,active,,355152.0,355202.0,4 5 8 9 10 11 114 115 116 117 118 119 120 121 122 123,-1.0,
base,active,,355185.0,355202.0,22 23 32 49 51,-1.0,
base,active,,355185.0,356382.0,57 61 62 64 65 66 67 68 71 72 125,-1.0,
base,active,355202.0,355202.0,356382.0,4 5 8 9 10 11 22 23 32 49 51 70 73 74 75 76 79 80 81 114 115 116 117 118 119 120 121 122 123 124 126 127,36484.0,False
base,sleeping,,356134.0,357349.0,89 90,-4.0,
base,sleeping,,356151.0,357299.0,78,-4.0,
base,active,355211.0,356382.0,356606.0,4 5 8 9 10 57 61 62 64 65 66 67 68 71 72 125,36485.0,False
base,active,,356382.0,356606.0,11 22 23 32 49 51 70 73 74 75 76 79 80 81 114 115 116 117 118 119 120 121 122 123 124 126 127,-1.0,
base,active,356595.0,356606.0,356615.0,57,36491.0,False
base,active,356391.0,356606.0,357046.0,4 5 8 9 10 11 22 23 32 49 51 70 73 74 75 76 79 80 81 114 115 116 117 118 119 120 121 122 123 124 126 127,36490.0,False
base,active,,356606.0,357806.0,61 62 64 65 66 67 68 71 72 125,-1.0,
base,active,,356615.0,357815.0,57,-1.0,
base,active,354042.0,356742.0,357299.0,3 6 7 12 13 14 15 16 17 18 19 20 21 24 25 26,36469.0,False
base,active,,357046.0,357542.0,8 9 10 11,-1.0,
base,active,,357046.0,358246.0,22 23 32 49 51 70 73 74 75 76 79 80 81 114 115 116 117 118 119 120 121 122 123 124 126 127,-1.0,
base,active,,357046.0,360049.0,4 5,-1.0,
base,active,,357299.0,357542.0,3 6 7 12,-1.0,
base,active,,357299.0,358246.0,13 14 15 16,-1.0,
base,active,,357299.0,358499.0,17 18 19 20 21 24 25 26,-1.0,
base,switching_on,,357299.0,359999.0,78,-3.0,
base,switching_on,,357349.0,360049.0,89 90,-3.0,
base,active,357542.0,357542.0,357597.0,3 6 7 8 9 10 11 12,36502.0,False
base,active,,357597.0,358578.0,3 6 7 8,-1.0,
base,active,,357597.0,358779.0,9 10 11 12,-1.0,
base,active,354930.0,357630.0,359285.0,0 1 2 27 28 29 30 31 33 34 36 37 38 39 40 41 42 43 44 45 46 47 48 50 52 53 54 55 56 58 59 60 63 69 82 83 84 85 86 87 88 91 92 93 94 95 96 97 98 99 100 101 102 103 104 105 106 107 108 109 110 111 112 113,36479.0,False
base,switching_off,,357806.0,359606.0,61 62 64 65 66 67 68 71 72 125,-2.0,
base,switching_off,,357815.0,359615.0,57,-2.0,
base,active,358200.0,358246.0,358512.0,13 14 15 16,36507.0,False
base,switching_off,,358246.0,360046.0,22 23 32 49 51 70 73 74 75 76 79 80 81 114 115 116 117 118 119 120 121 122 123 124 126 127,-2.0,
base,switching_off,,358499.0,360299.0,17 18 19 20 21 24 25 26,-2.0,
base,active,,358512.0,358957.0,13,-1.0,
base,active,,358512.0,359285.0,14 15 16,-1.0,
base,active,358578.0,358578.0,358599.0,3 6 7 8,36511.0,False
base,active,,358599.0,358957.0,3 6 7,-1.0,
base,active,,358599.0,359285.0,8,-1.0,
base,active,358779.0,358779.0,358810.0,9 10 11 12,36515.0,False
base,active,,358810.0,359285.0,9 10 11 12,-1.0,
base,active,358957.0,358957.0,359099.0,3 6 7 13,36519.0,False
base,active,,359099.0,359285.0,3 6 7 13,-1.0,
base,active,356606.0,359285.0,359459.0,0 1 2 3 6 7 8 9 10 11 12 13 14 15 16 27 28 29 30 31 33 34 36 37 38 39 40 41 42 43 44 45 46 47 48 50 52 53 54 55 56 58 59 60 63 69 82 83 84 85 86 87 88 91 92 93 94 95 96 97 98 99 100 101,36492.0,False
base,active,,359285.0,359459.0,102 103 104 105 106 107 108 109 110 111 112 113,-1.0,
base,active,357155.0,359459.0,360058.0,0 1 2 3 6 7 8 9 10 11 12 13 14 15 16 27 28 29 30 31 102 103 104 105 106 107 108 109 110 111 112 113,36497.0,False
base,active,,359459.0,360659.0,87 88 91 92 93 94 95 96 97 98 99 100 101,-1.0,
base,active,,359459.0,362746.0,33 34 36 37 38 39 40 41 42 43 44 45 46 47 48 50 52 53 54 55 56 58 59 60 63 69 82 83 84 85 86,-1.0,
base,sleeping,,359606.0,359715.0,61 62 64,-4.0,
base,sleeping,,359606.0,360046.0,65 66 67 68 71 72 125,-4.0,
base,sleeping,,359615.0,359715.0,57,-4.0,
base,switching_on,,359715.0,362415.0,57 61 62 64,-3.0,
base,active,357280.0,359999.0,360037.0,78,36499.0,False
base,active,,360037.0,361237.0,78,-1.0,
base,switching_on,,360046.0,362746.0,22 23 32 49 51 65 66 67 68 70 71 72 73 74 75 76 79 80 81 114 115 116 117 118 119 120 121 122 123 124 125 126 127,-3.0,
base,active,357349.0,360049.0,360081.0,4 5 89 90,36501.0,False
base,active,,360058.0,361258.0,0 1 2 3 6 7 8 9 10 11 12 13 14 15 16 27 28 29 30 31 102 103 104 105 106 107 108 109 110 111 112 113,-1.0,
base,active,,360081.0,361281.0,4 5 89 90,-1.0,
base,sleeping,,360299.0,363058.0,17 18 19 20 21 24 25 26,-4.0,
base,switching_off,,360659.0,362459.0,87 88 91 92 93 94 95 96 97 98 99 100 101,-2.0,
base,switching_off,,361237.0,363037.0,78,-2.0,
base,switching_off,,361258.0,363058.0,0 1 2 3 6 7 8 9 10 11 12 13 14 15 16 27 28 29 30 31 102 103 104 105 106 107 108 109 110 111 112 113,-2.0,
base,switching_off,,361281.0,363081.0,4 5 89 90,-2.0,
base,active,359715.0,362415.0,362484.0,57 61 62 64,36522.0,False
base,sleeping,,362459.0,363058.0,87 88 91 92 93 94 95 96 97 98 99 100 101,-4.0,
base,active,,362484.0,362845.0,57 61 62 64,-1.0,
base,active,357625.0,362746.0,362845.0,22 23 32 33 34 36 37 38 39 40 41 42 43 44 45 46 47 48 49 50 51 52 53 54 55 56 58 59 60 63 65 66 67 68 69 70 71 72 73 74 75 76 79 80 81 82 83 84 85 86 114 115 116 117 118 119 120 121 122 123 124 125 126 127,36503.0,False
base,active,357980.0,362845.0,363020.0,22 23 32 33 34 36 37 38 39 40 41 42 43 44 45 46 47 48 49 50 51 52 53 54 55 56 57 58 59 60 61 62 63 64 65 66 67 68 69 70 71 72 73 74 75 76 79 80 81 82 83 84 85 86 114 115 116 117 118 119 120 121 122 123,36505.0,False
base,active,,362845.0,363020.0,124 125 126 127,-1.0,
base,active,,363020.0,364220.0,69 70 71 72 73 74 75 76 79 80 81 82 83 84 85 86 114 115 116 117 118 119 120 121 122 123,-1.0,
base,active,358105.0,363020.0,364222.0,22 23 32 33 34 36 37 38 39 40 41 42 43 44 45 46 47 48 49 50 51 52 53 54 55 56 57 58 124 125 126 127,36506.0,False
base,active,,363020.0,365758.0,59 60 61 62 63 64 65 66 67 68,-1.0,
base,sleeping,,363037.0,363058.0,78,-4.0,
base,switching_on,,363058.0,365758.0,0 1 2 3 6 7 8 9 10 11 12 13 14 15 16 17 18 19 20 21 24 25 26 27 28 29 30 31 78 87 88 91 92 93 94 95 96 97 98 99 100 101 102 103 104 105 106 107 108 109 110 111 112 113,-3.0,
base,sleeping,,363081.0,363212.0,4,-4.0,
base,sleeping,,363081.0,363229.0,5,-4.0,
base,sleeping,,363081.0,363234.0,89,-4.0,
base,sleeping,,363081.0,365341.0,90,-4.0,
base,switching_on,,363212.0,365912.0,4,-3.0,
base,switching_on,,363229.0,365929.0,5,-3.0,
base,switching_on,,363234.0,365934.0,89,-3.0,
base,switching_off,,364220.0,366020.0,69 70 71 72 73 74 75 76 79 80 81 82 83 84 85 86 114 115 116 117 118 119 120 121 122 123,-2.0,
base,active,363603.0,364222.0,365341.0,22 23 32 33 34 36 37 38 39 40 41 42 43 44 45 46 47 48 49 50 51 52 53 54 55 56 57 58 124 125 126 127,36550.0,False
base,active,364394.0,365341.0,365491.0,22 23 32 33 34 36 37 38 39 40 41 42 43 44 45 46 47 48 49 50 51 52 53 54 55 56 57 58 124 125 126 127,36554.0,False
base,switching_on,,365341.0,368041.0,90,-3.0,
base,active,364413.0,365491.0,365626.0,22 23 32 33 34 36 37 38,36555.0,False
base,active,,365491.0,365626.0,39 40 41 42 43 44 45 46 47 48 49 50 51 52 53 54 55 56 57 58 124 125 126 127,-1.0,
base,active,364808.0,365626.0,365785.0,22 23 32 33 34 36 37 38 39 40 41 42 43 44 45 46 47 48 49 50 51 52 53 54 55 56 57 58 124 125 126 127,36561.0,False
base,active,358236.0,365758.0,365964.0,0 1 2 3 6 7 8 9 10 11 12 13 14 15 16 17 18 19 20 21 24 25 26 27 28 29 30 31 59 60 61 62 63 64 65 66 67 68 78 87 88 91 92 93 94 95 96 97 98 99 100 101 102 103 104 105 106 107 108 109 110 111 112 113,36508.0,False
base,active,,365785.0,365883.0,22,-1.0,
base,active,,365785.0,365964.0,23 32 33 34 36 37 38 39 40 41 42 43 44 45 46 47 48 49 50 51 52 53 54 55 56 57 58 124 125 126 127,-1.0,
base,active,365883.0,365883.0,365912.0,22,36567.0,False
base,active,363212.0,365912.0,365922.0,4,36547.0,False
base,active,,365912.0,365964.0,22,-1.0,
base,active,,365922.0,365964.0,4,-1.0,
base,active,363229.0,365929.0,365932.0,5,36548.0,False
base,active,,365932.0,365964.0,5,-1.0,
base,active,363234.0,365934.0,365948.0,89,36549.0,False
base,active,,365948.0,365964.0,89,-1.0,
base,active,358455.0,365964.0,366145.0,0 1 2 3 4 5 6 7 8 9 10 11 12 13 14 15 16 17 18 19 20 21 22 23 24 25 26 27 28 29 30 31 32 33 34 36 37 38 39 40 41 42 43 44 45 46 47 48 49 50 51 52 53 54 55 56 57 58 59 89 124 125 126 127,36510.0,False
base,active,,365964.0,366145.0,111 112 113,-1.0,
base,active,359316.0,365964.0,381883.0,60 61 62 63 64 65 66 67 68 78 87 88 91 92 93 94 95 96 97 98 99 100 101 102 103 104 105 106 107 108 109 110,36520.0,False
base,sleeping,,366020.0,366707.0,69,-4.0,
base,sleeping,,366020.0,366912.0,70,-4.0,
base,sleeping,,366020.0,367676.0,71,-4.0,
base,sleeping,,366020.0,367915.0,72,-4.0,
base,sleeping,,366020.0,367947.0,73,-4.0,
base,sleeping,,366020.0,368381.0,74,-4.0,
base,sleeping,,366020.0,368510.0,75 76,-4.0,
base,sleeping,,366020.0,368641.0,79,-4.0,
base,sleeping,,366020.0,368858.0,80,-4.0,
base,sleeping,,366020.0,368877.0,81 82 83 84 85 86 114 115,-4.0,
base,sleeping,,366020.0,371143.0,116 117 118 119 120 121 122 123,-4.0,
base,active,358647.0,366145.0,366347.0,0 1 2 3 4 5 6 7 8 9 10 11 12 13 14 15 16 17 18 19 20 21 22 23 24 25 26 27 28 29 30 31 32 33 34 36 37 38 39 40 41 42 43 44 45 46 47 48 49 50 51 52 53 54 55 56 57 58 59 89 111 112 113 124,36512.0,False
base,active,,366145.0,366347.0,125 126 127,-1.0,
base,active,361185.0,366347.0,366539.0,0 1 2 3 4 5 6 7 8 9 10 11 12 13 14 15 16 17 18 19 20 21 22 23 24 25 26 27 28 29 30 31 32 33 34 36 37 38 39 40 41 42 43 44 45 46 47 48 49 50 51 52 53 54 55 56 57 58 59 89 111 125 126 127,36532.0,False
base,active,,366347.0,366539.0,112 113 124,-1.0,
base,active,361392.0,366539.0,366738.0,0 1 2 3 4 5 6 7 8 9 10 11 12 13 14 15 16 17 18 19 20 21 22 23 24 25 26 27 28 29 30 31 32 33 34 36 37 38 39 40 41 42 43 44 45 46 47 48 49 50 51 52 53 54 55 56 57 58 59 89 111 112 113 124,36534.0,False
base,active,,366539.0,366738.0,125 126 127,-1.0,
base,switching_on,,366707.0,369407.0,69,-3.0,
base,active,362044.0,366738.0,367904.0,0 1 2 3 4 5 6 7 8 9 10 11 12 13 14 15 16 17 18 19 20 21 22 23 24 25 26 27 28 29 30 31 32 33 34 36 37 38 39 40 41 42 43 44 45 46 47 48 49 50 51 52 53 54 55 56 57 58 59 89 111 125 126 127,36539.0,False
base,active,,366738.0,367904.0,112 113 124,-1.0,
base,switching_on,,366912.0,369612.0,70,-3.0,
base,switching_on,,367676.0,370376.0,71,-3.0,
base,active,365054.0,367904.0,368085.0,0 1 2 3 4 5 6 7 8 9 10 11 12 13 14 15 16 17 18 19 20 21 22 23 24 25 26 27 28 112 113 124,36562.0,False
base,active,,367904.0,368085.0,125 126 127,-1.0,
base,active,365261.0,367904.0,368293.0,29 30 31 32 33 34 36 37 38 39 40 41 42 43 44 45 46 47 48 49 50 51 52 53 54 55 56 57 58 59 89 111,36564.0,False
base,switching_on,,367915.0,370615.0,72,-3.0,
base,switching_on,,367947.0,370647.0,73,-3.0,
base,active,364073.0,368041.0,368206.0,90,36552.0,False
base,active,,368085.0,368293.0,112 113 124,-1.0,
base,active,365784.0,368085.0,368341.0,0 1 2 3 4 5 6 7 8 9 10 11 12 13 14 15 16 17 18 19 20 21 22 23 24 25 26 27 28 125 126 127,36566.0,False
base,active,,368206.0,368293.0,90,-1.0,
base,active,,368293.0,368341.0,58 59 89 111,-1.0,
base,active,366914.0,368293.0,368495.0,29 30 31 32 33 34 36 37 38 39 40 41 42 43 44 45 46 47 48 49 50 51 52 53 54 55 56 57 90 112 113 124,36576.0,False
base,active,,368341.0,368495.0,28 125 126 127,-1.0,
base,active,367466.0,368341.0,368544.0,0 1 2 3 4 5 6 7 8 9 10 11 12 13 14 15 16 17 18 19 20 21 22 23 24 25 26 27 58 59 89 111,36578.0,False
base,switching_on,,368381.0,371081.0,74,-3.0,
base,active,,368495.0,368544.0,90 112 113 124,-1.0,
base,active,367731.0,368495.0,368677.0,28 29 30 31 32 33 34 36 37 38 39 40 41 42 43 44 45 46 47 48 49 50 51 52 53 54 55 56 57 125 126 127,36582.0,False
base,switching_on,,368510.0,371210.0,75 76,-3.0,
base,active,,368544.0,368677.0,58 59 89 111,-1.0,
base,active,368173.0,368544.0,368877.0,0 1 2 3 4 5 6 7 8 9 10 11 12 13 14 15 16 17 18 19 20 21 22 23 24 25 26 27 90 112 113 124,36588.0,False
base,switching_on,,368641.0,371341.0,79,-3.0,
base,active,,368677.0,368877.0,57 125 126 127,-1.0,
base,active,368593.0,368677.0,373170.0,28 29 30 31 32 33 34 36 37 38 39 40 41 42 43 44 45 46 47 48 49 50 51 52 53 54 55 56 58 59 89 111,36593.0,False
base,switching_on,,368858.0,371558.0,80,-3.0,
base,active,368641.0,368877.0,369031.0,0 1 2 3 4 5 6 7 8 9 10 11 12 13 14 15 16 17 18 19 20 21 22 23 24 25 26 27 57 125 126 127,36595.0,False
base,active,,368877.0,369919.0,90 112 113 124,-1.0,
base,switching_on,,368877.0,371577.0,81 82 83 84 85 86 114 115,-3.0,
base,active,,369031.0,370056.0,0,-1.0,
base,active,,369031.0,370081.0,1 2 3 4,-1.0,
base,active,,369031.0,370231.0,5 6 7 8 9 10 11 12 13 14 15 16 17 18 19 20 21 22 23 24 25 26 27 57 125 126 127,-1.0,
base,active,366707.0,369407.0,369516.0,69,36573.0,False
base,active,,369516.0,370336.0,69,-1.0,
base,active,366912.0,369612.0,369740.0,70,36575.0,False
base,active,,369740.0,370397.0,70,-1.0,
base,active,369919.0,369919.0,369997.0,90 112 113 124,36604.0,False
base,active,,369997.0,370397.0,90 112 113 124,-1.0,
base,active,370056.0,370056.0,370308.0,0,36606.0,False
base,active,370081.0,370081.0,370157.0,1 2 3 4,36607.0,False
base,active,,370157.0,370397.0,1 2 3,-1.0,
base,active,,370157.0,370428.0,4,-1.0,
base,switching_off,,370231.0,372031.0,5 6 7 8 9 10 11 12 13 14 15 16 17 18 19 20 21 22 23 24 25 26 27 57 125 126 127,-2.0,
base,active,,370308.0,370918.0,0,-1.0,
base,active,370336.0,370336.0,370475.0,69,36608.0,False
base,active,367676.0,370376.0,370534.0,71,36580.0,False
base,active,370397.0,370397.0,370463.0,1 2 3 70 90 112 113 124,36609.0,False
base,active,370428.0,370428.0,370449.0,4,36610.0,False
base,active,,370449.0,373843.0,4,-1.0,
base,active,,370463.0,371663.0,124,-1.0,
base,active,,370463.0,373843.0,1 2 3 70 90 112 113,-1.0,
base,active,,370475.0,371670.0,69,-1.0,
base,active,,370534.0,371670.0,71,-1.0,
base,active,367915.0,370615.0,370634.0,72,36585.0,False
base,active,,370634.0,371670.0,72,-1.0,
base,active,367947.0,370647.0,370740.0,73,36587.0,False
base,active,,370740.0,371670.0,73,-1.0,
base,active,370918.0,370918.0,371044.0,0,36615.0,False
base,active,,371044.0,371670.0,0,-1.0,
base,active,368381.0,371081.0,371184.0,74,36589.0,False
base,switching_on,,371143.0,373843.0,116 117 118 119 120 121 122 123,-3.0,
base,active,,371184.0,371670.0,74,-1.0,
base,active,368510.0,371210.0,371219.0,76,36592.0,False
base,active,368508.0,371210.0,371231.0,75,36591.0,False
base,active,,371219.0,371670.0,76,-1.0,
base,active,,371231.0,371670.0,75,-1.0,
base,active,368630.0,371341.0,371490.0,79,36594.0,False
base,active,,371490.0,371670.0,79,-1.0,
base,active,368858.0,371558.0,371668.0,80,36597.0,False
base,active,368707.0,371577.0,371670.0,81 82 83 84 85 86 114 115,36596.0,False
base,switching_off,,371663.0,373463.0,124,-2.0,
base,active,,371668.0,371670.0,80,-1.0,
base,active,,371670.0,371725.0,114,-1.0,
base,active,371172.0,371670.0,371776.0,0 69 71 72 73 74 75 76 79 80 81 82 83 84 85 86,36619.0,False
base,active,,371670.0,371776.0,115,-1.0,
base,active,371725.0,371725.0,371849.0,114,36624.0,False
base,active,371399.0,371776.0,371905.0,0 69 71 72 73 74 75 76 79 80 81 82 83 84 85 115,36620.0,False
base,active,,371776.0,371905.0,86,-1.0,
base,active,,371849.0,371905.0,114,-1.0,
base,active,371547.0,371905.0,371963.0,0 69 71 72 73 74 86 114,36622.0,False
base,active,,371905.0,371963.0,85 115,-1.0,
base,active,371654.0,371905.0,371975.0,75 76 79 80,36623.0,False
base,active,371829.0,371905.0,371983.0,81 82 83 84,36625.0,False
base,active,371918.0,371963.0,372030.0,0 69 71 72 73 74 85 115,36626.0,False
base,active,,371963.0,372030.0,86 114,-1.0,
base,active,,371975.0,372030.0,75 76 79 80,-1.0,
base,active,,371983.0,372030.0,81 82 83 84,-1.0,
base,active,372010.0,372030.0,372126.0,0 69 71 72 73 74 75 76 79 80 81 82 83 84 86 114,36628.0,False
base,active,,372030.0,372284.0,85 115,-1.0,
base,sleeping,,372031.0,377331.0,5 6 7 8 9 10 11 12 13 14 15 16 17 18 19 20 21 22 23 24 25 26 27 57 125 126 127,-4.0,
base,active,,372126.0,372284.0,0 69 71 72 73 74,-1.0,
base,active,,372126.0,372346.0,75 76 79 80 81 82 83 84 86 114,-1.0,
base,active,372284.0,372284.0,372341.0,0 69 71 72 73 74 85 115,36629.0,False
base,active,,372341.0,372346.0,0 69 71 72 73 74,-1.0,
base,active,,372341.0,372373.0,85,-1.0,
base,active,,372341.0,372623.0,115,-1.0,
base,active,372346.0,372346.0,372410.0,0 69 71 72 73 74 75 76 79 80 81 82 83 84 86 114,36631.0,False
base,active,372373.0,372373.0,372517.0,85,36632.0,False
base,active,,372410.0,372868.0,0,-1.0,
base,active,,372410.0,373163.0,69,-1.0,
base,active,,372410.0,373265.0,71 72 73 74,-1.0,
base,active,,372410.0,373354.0,75 76 79 80 81 82 83 84,-1.0,
base,active,,372410.0,373470.0,86 114,-1.0,
base,active,,372517.0,373470.0,85,-1.0,
base,active,372623.0,372623.0,372744.0,115,36637.0,False
base,active,,372744.0,373470.0,115,-1.0,
base,active,372868.0,372868.0,372982.0,0,36638.0,False
base,active,,372982.0,373470.0,0,-1.0,
base,active,373163.0,373163.0,373277.0,69,36640.0,False
base,active,,373170.0,373470.0,28 29 30 31 32 33 34 36 37 38 39,-1.0,
base,active,,373170.0,373539.0,40,-1.0,
base,active,,373170.0,373800.0,41,-1.0,
base,active,,373170.0,373928.0,42,-1.0,
base,active,,373170.0,374356.0,43 44 45 46 47 48 49 50 51 52 53 54 55 56 58 59 89 111,-1.0,
base,active,373265.0,373265.0,373334.0,71 72 73 74,36641.0,False
base,active,,373277.0,374356.0,69,-1.0,
base,active,,373334.0,374356.0,71 72 73 74,-1.0,
base,active,373354.0,373354.0,373416.0,75 76 79 80 81 82 83 84,36642.0,False
base,active,,373416.0,374356.0,75 76 79 80 81 82 83 84,-1.0,
base,sleeping,,373463.0,377331.0,124,-4.0,
base,active,373470.0,373470.0,373530.0,0 28 29 30 31 32 33 34 36 37 38 39 85 86 114 115,36644.0,False
base,active,,373530.0,374356.0,0,-1.0,
base,active,,373530.0,374394.0,28,-1.0,
base,active,,373530.0,374667.0,29,-1.0,
base,active,,373530.0,374730.0,30 31 32 33 34 36 37 38 39 85 86 114 115,-1.0,
base,active,373539.0,373539.0,373650.0,40,36645.0,False
base,active,,373650.0,374850.0,40,-1.0,
base,active,373800.0,373800.0,373916.0,41,36646.0,False
base,active,371143.0,373843.0,373859.0,1 2 3 4 70 90 112 113 116 117 118 119 120 121 122 123,36618.0,False
base,active,,373859.0,374937.0,1 2 3 4 70 90 112 113 116 117 118 119 120 121 122 123,-1.0,
base,active,,373916.0,374937.0,41,-1.0,
base,active,373928.0,373928.0,374057.0,42,36650.0,False
base,active,,374057.0,374937.0,42,-1.0,
base,active,374356.0,374356.0,374854.0,0 43 44 45 46 47 48 49 50 51 52 53 54 55 56 58 59 69 71 72 73 74 75 76 79 80 81 82 83 84 89 111,36653.0,False
base,active,374394.0,374394.0,374568.0,28,36654.0,False
base,active,,374568.0,374937.0,28,-1.0,
base,active,374667.0,374667.0,374776.0,29,36656.0,False
base,switching_off,,374730.0,376530.0,30 31 32 33 34 36 37 38 39 85 86 114 115,-2.0,
base,active,,374776.0,374937.0,29,-1.0,
base,switching_off,,374850.0,376650.0,40,-2.0,
base,active,,374854.0,374937.0,0 43 44 45 46 47 48 49 50 51 52 53,-1.0,
base,active,,374854.0,374961.0,54,-1.0,
base,active,,374854.0,375141.0,55 56 58 59 69 71 72 73,-1.0,
base,active,,374854.0,375246.0,74,-1.0,
base,active,,374854.0,375536.0,75,-1.0,
base,active,,374854.0,375815.0,76,-1.0,
base,active,,374854.0,376032.0,79,-1.0,
base,active,,374854.0,376054.0,80 81 82 83 84 89 111,-1.0,
base,active,374937.0,374937.0,376204.0,0 1 2 3 4 28 29 41 42 43 44 45 46 47 48 49 50 51 52 53 70 90 112 113 116 117 118 119 120 121 122 123,36657.0,False
base,active,374961.0,374961.0,375129.0,54,36658.0,False
base,active,,375129.0,376206.0,54,-1.0,
base,active,375141.0,375141.0,377520.0,55 56 58 59 69 71 72 73,36660.0,False
base,active,375246.0,375246.0,375400.0,74,36661.0,False
base,active,,375400.0,376226.0,74,-1.0,
base,active,375536.0,375536.0,375664.0,75,36664.0,False
base,active,,375664.0,376864.0,75,-1.0,
base,active,375815.0,375815.0,375929.0,76,36668.0,False
base,active,,375929.0,377129.0,76,-1.0,
base,active,376032.0,376032.0,376159.0,79,36669.0,False
base,switching_off,,376054.0,377854.0,80 81 82 83 84 89 111,-2.0,
base,active,,376159.0,380031.0,79,-1.0,
base,active,,376204.0,377360.0,90,-1.0,
base,active,,376204.0,377371.0,112,-1.0,
base,active,,376204.0,377404.0,113 116 117 118 119 120 121 122 123,-1.0,
base,active,,376204.0,380031.0,0 1 2 3 4 28 29 41 42 43 44 45 46 47 48 49 50 51 52 53 70,-1.0,
base,active,376206.0,376206.0,376219.0,54,36671.0,False
base,active,,376219.0,377419.0,54,-1.0,
base,active,376226.0,376226.0,376352.0,74,36672.0,False
base,active,,376352.0,377552.0,74,-1.0,
base,sleeping,,376530.0,377331.0,30 31 32 33 34 36 37 38 39 85 86 114 115,-4.0,
base,sleeping,,376650.0,377331.0,40,-4.0,
base,switching_off,,376864.0,378664.0,75,-2.0,
base,switching_off,,377129.0,378929.0,76,-2.0,
base,switching_on,,377331.0,380031.0,5 6 7 8 9 10 11 12 13 14 15 16 17 18 19 20 21 22 23 24 25 26 27 30 31 32 33 34 36 37 38 39 40 57 85 86 114 115 124 125 126 127,-3.0,
base,active,377360.0,377360.0,377367.0,90,36680.0,False
base,active,,377367.0,378567.0,90,-1.0,
base,active,377371.0,377371.0,377380.0,112,36681.0,False
base,active,,377380.0,378580.0,112,-1.0,
base,switching_off,,377404.0,379204.0,113 116 117 118 119 120 121 122 123,-2.0,
base,switching_off,,377419.0,379219.0,54,-2.0,
base,active,,377515.0,378715.0,35 77,-1.0,
base,active,,377520.0,378720.0,55 56 58 59 69 71 72 73,-1.0,
base,switching_off,,377552.0,379352.0,74,-2.0,
base,sleeping,,377854.0,381883.0,80 81 82 83 84 89 111,-4.0,
base,switching_off,,378567.0,380367.0,90,-2.0,
base,switching_off,,378580.0,380380.0,112,-2.0,
base,sleeping,,378664.0,381883.0,75,-4.0,
base,switching_off,,378715.0,380515.0,35 77,-2.0,
base,switching_off,,378720.0,380520.0,55 56 58 59 69 71 72 73,-2.0,
base,sleeping,,378929.0,381883.0,76,-4.0,
base,sleeping,,379204.0,381883.0,113 116 117 118 119 120 121 122 123,-4.0,
base,sleeping,,379219.0,381883.0,54,-4.0,
base,sleeping,,379352.0,381883.0,74,-4.0,
base,active,377331.0,380031.0,386609.0,0 1 2 3 4 5 6 7 8 9 10 11 12 13 14 15 16 17 18 19 20 21 22 23 24 25 26 27 28 29 30 31 32 33 34 36 37 38 39 40 41 42 43 44 45 46 47 48 49 50 51 52 53 57 70 79 85 86 114 115 124 125 126 127,36679.0,False
base,sleeping,,380367.0,381883.0,90,-4.0,
base,sleeping,,380380.0,381883.0,112,-4.0,
base,sleeping,,380515.0,381883.0,35 77,-4.0,
base,sleeping,,380520.0,381883.0,55 56 58 59 69 71 72 73,-4.0,
base,active,,381883.0,384583.0,60 61 62 63 64 65 66 67 68 78 87 88 91 92 93 94 95 96 97 98 99 100 101 102 103 104 105 106 107 108 109 110,-1.0,
base,switching_on,,381883.0,384583.0,35 54 55 56 58 59 69 71 72 73 74 75 76 77 80 81 82 83 84 89 90 111 112 113 116 117 118 119 120 121 122 123,-3.0,
base,active,377527.0,384583.0,391451.0,35 54 55 56 58 59 60 61 62 63 64 65 66 67 68 69 71 72 73 74 75 76 77 78 80 81 82 83 84 87 88 89 90 91 92 93 94 95 96 97 98 99 100 101 102 103 104 105 106 107 108 109 110 111 112 113 116 117 118 119 120 121 122 123,36682.0,False
base,active,384718.0,386609.0,386765.0,0 1 2 3 4 5 6 7 8 9 10 11 12 13 14 15 16 17 18 19 20 21 22 23 24 25 26 27 28 29 30 31 32 33 34 36 37 38 39 40 41 42 43 44 45 46 47 48 49 50 51 52 53 57 70 79 85 86 114 115 124 125 126 127,36687.0,False
base,active,,386765.0,387965.0,0 1 2 3 4 5 6 7 8 9 10 11 12 13 14 15 16 17 18 19 20 21 22 23 24 25 26 27 28 29 30 31 32 33 34 36 37 38 39 40 41 42 43 44 45 46 47 48 49 50 51 52 53 57 70 79 85 86 114 115 124 125 126 127,-1.0,
base,switching_off,,387965.0,389765.0,0 1 2 3 4 5 6 7 8 9 10 11 12 13 14 15 16 17 18 19 20 21 22 23 24 25 26 27 28 29 30 31 32 33 34 36 37 38 39 40 41 42 43 44 45 46 47 48 49 50 51 52 53 57 70 79 85 86 114 115 124 125 126 127,-2.0,
base,sleeping,,389765.0,391451.0,0 1 2 3 4 5 6 7 8 9 10 11 12 13 14 15 16 17 18 19 20 21 22 23 24 25 26 27 28 29 30 31 32 33 34 36 37 38 39 40 41 42 43 44 45 46 47 48 49 50 51 52 53 57 70 79 85 86 114 115 124 125 126 127,-4.0,
base,active,,391451.0,394151.0,35 54 55 56 58 59 60 61 62 63 64 65 66 67 68 69 71 72 73 74 75 76 77 78 80 81 82 83 84 87 88 89 90 91 92 93 94 95 96 97 98 99 100 101 102 103 104 105 106 107 108 109 110 111 112 113 116 117 118 119 120 121 122 123,-1.0,
base,switching_on,,391451.0,394151.0,0 1 2 3 4 5 6 7 8 9 10 11 12 13 14 15 16 17 18 19 20 21 22 23 24 25 26 27 28 29 30 31 32 33 34 36 37 38 39 40 41 42 43 44 45 46 47 48 49 50 51 52 53 57 70 79 85 86 114 115 124 125 126 127,-3.0,
base,active,384404.0,394151.0,394256.0,0 1 2 3 4 5 6 7 8 9 10 11 12 13 14 15 16 17 18 19 20 21 22 23 24 25 26 27 28 29 30 31 32 33 34 35 36 37 38 39 40 41 42 43 44 45 46 47 48 49 50 51 52 53 54 55 56 57 58 59 60 61 62 63 64 65 66 67 68 69 70 71 72 73 74 75 76 77 78 79 80 81 82 83 84 85 86 87 88 89 90 91 92 93 94 95 96 97 98 99 100 101 102 103 104 105 106 107 108 109 110 111 112 113 114 115 116 117 118 119 120 121 122 123 124 125 126 127,36684.0,False
base,active,,394256.0,395456.0,64 65 66 67 68 69 70 71 72 73 74 75 76 77 78 79 80 81 82 83 84 85 86 87 88 89 90 91 92 93 94 95 96 97 98 99 100 101 102 103 104 105 106 107 108 109 110 111 112 113 114 115 116 117 118 119 120 121 122 123 124 125 126 127,-1.0,
base,active,384513.0,394256.0,405180.0,0 1 2 3 4 5 6 7 8 9 10 11 12 13 14 15 16 17 18 19 20 21 22 23 24 25 26 27 28 29 30 31 32 33 34 35 36 37 38 39 40 41 42 43 44 45 46 47 48 49 50 51 52 53 54 55 56 57 58 59 60 61 62 63,36685.0,False
base,switching_off,,395456.0,397256.0,64 65 66 67 68 69 70 71 72 73 74 75 76 77 78 79 80 81 82 83 84 85 86 87 88 89 90 91 92 93 94 95 96 97 98 99 100 101 102 103 104 105 106 107 108 109 110 111 112 113 114 115 116 117 118 119 120 121 122 123 124 125 126 127,-2.0,
base,sleeping,,397256.0,405180.0,64 65 66 67 68 69 70 71 72 73 74 75 76 77 78 79 80 81 82 83 84 85 86 87 88 89 90 91 92 93 94 95 96 97 98 99 100 101 102 103 104 105 106 107 108 109 110 111 112 113 114 115 116 117 118 119 120 121 122 123 124 125 126 127,-4.0,
base,active,,405180.0,407880.0,0 1 2 3 4 5 6 7 8 9 10 11 12 13 14 15 16 17 18 19 20 21 22 23 24 25 26 27 28 29 30 31 32 33 34 35 36 37 38 39 40 41 42 43 44 45 46 47 48 49 50 51 52 53 54 55 56 57 58 59 60 61 62 63,-1.0,
base,switching_on,,405180.0,407880.0,64 65 66 67 68 69 70 71 72 73 74 75 76 77 78 79 80 81 82 83 84 85 86 87 88 89 90 91 92 93 94 95 96 97 98 99 100 101 102 103 104 105 106 107 108 109 110 111 112 113 114 115 116 117 118 119 120 121 122 123 124 125 126 127,-3.0,
base,active,395445.0,407880.0,407969.0,0 1 2 3 4 5 6 7 8 9 10 11 12 13 14 15 16 17 18 19 20 21 22 23 24 25 26 27 28 29 30 31 32 33 34 35 36 37 38 39 40 41 42 43 44 45 46 47 48 49 50 51 52 53 54 55 56 57 58 59 60 61 62 63 64 65 66 67 68 69 70 71 72 73 74 75 76 77 78 79 80 81 82 83 84 85 86 87 88 89 90 91 92 93 94 95 96 97 98 99 100 101 102 103 104 105 106 107 108 109 110 111 112 113 114 115 116 117 118 119 120 121 122 123 124 125 126 127,36762.0,False
base,active,395538.0,407969.0,418893.0,0 1 2 3 4 5 6 7 8 9 10 11 12 13 14 15 16 17 18 19 20 21 22 23 24 25 26 27 28 29 30 31 32 33 34 35 36 37 38 39 40 41 42 43 44 45 46 47 48 49 50 51 52 53 54 55 56 57 58 59 60 61 62 63 64 65 66 67 68 69 70 71 72 73 74 75 76 77 78 79 80 81 82 83 84 85 86 87 88 89 90 91 92 93 94 95 96 97 98 99 100 101 102 103 104 105 106 107 108 109 110 111 112 113 114 115 116 117 118 119 120 121 122 123 124 125 126 127,36763.0,False
base,active,410270.0,418893.0,418896.0,4,36806.0,False
base,active,415811.0,418893.0,418907.0,92,36875.0,False
base,active,413938.0,418893.0,418909.0,93,36855.0,False
base,active,410291.0,418893.0,418910.0,5,36807.0,False
base,active,410955.0,418893.0,418910.0,8 9,36816.0,False
base,active,410980.0,418893.0,418910.0,10 11,36817.0,False
base,active,411101.0,418893.0,418911.0,24 25,36821.0,False
base,active,417602.0,418893.0,418914.0,91,36882.0,False
base,active,411010.0,418893.0,418915.0,12 13 14 15,36818.0,False
base,active,413270.0,418893.0,418923.0,126 127,36845.0,False
base,active,410351.0,418893.0,418928.0,6 7,36810.0,False
base,active,411052.0,418893.0,418930.0,16 17 18 19 20 21 22 23,36819.0,False
base,active,417650.0,418893.0,418930.0,90,36883.0,False
base,active,410112.0,418893.0,418947.0,0 1,36804.0,False
base,active,413329.0,418893.0,418949.0,110 111 112 113 114 115 116 117 118 119 120 121 122 123 124 125,36847.0,False
base,active,410206.0,418893.0,418964.0,2 3,36805.0,False
base,active,413414.0,418893.0,418997.0,94 95 96 97 98 99 100 101 102 103 104 105 106 107 108 109,36848.0,False
base,active,411141.0,418893.0,419001.0,42 43 44 45 46 47 48 49 50 51 52 53 54 55 56 57,36824.0,False
base,active,411123.0,418893.0,419009.0,26 27 28 29 30 31 32 33 34 35 36 37 38 39 40 41,36822.0,False
base,active,411438.0,418893.0,419175.0,58 59 60 61 62 63 64 65 66 67 68 69 70 71 72 73 74 75 76 77 78 79 80 81 82 83 84 85 86 87 88 89,36827.0,False
base,active,417697.0,418896.0,418935.0,4,36884.0,False
base,active,417772.0,418907.0,418943.0,92,36888.0,False
base,active,,418909.0,418910.0,93,-1.0,
base,active,417763.0,418910.0,418990.0,5 8,36886.0,False
base,active,417740.0,418910.0,419014.0,9 10 11 93,36885.0,False
base,active,,418911.0,418915.0,24 25,-1.0,
base,active,,418914.0,418915.0,91,-1.0,
base,active,,418915.0,418923.0,13 14,-1.0,
base,active,417847.0,418915.0,418931.0,15 24 25 91,36889.0,False
base,active,,418915.0,418931.0,12,-1.0,
base,active,418469.0,418923.0,418984.0,13 14 126 127,36894.0,False
base,active,,418928.0,418931.0,6 7,-1.0,
base,active,,418930.0,418931.0,16,-1.0,
base,active,414126.0,418930.0,419000.0,17 18 19 20 21 22 23 90,36861.0,False
base,active,414544.0,418931.0,418992.0,6 7 12 15 16 24 25 91,36867.0,False
base,active,,418935.0,418984.0,4,-1.0,
base,active,,418943.0,418984.0,92,-1.0,
base,active,,418947.0,419058.0,0 1,-1.0,
base,active,413422.0,418949.0,419050.0,110 111 112 113 114 115 116 117 118 119 120 121 122 123 124 125,36849.0,False
base,active,,418964.0,418984.0,2 3,-1.0,
base,active,415552.0,418984.0,419058.0,2 3 4 13 14 92 126 127,36874.0,False
base,active,,418990.0,418992.0,8,-1.0,
base,active,,418990.0,419058.0,5,-1.0,
base,active,,418992.0,419058.0,6,-1.0,
base,active,416120.0,418992.0,419061.0,7 8 12 15 16 24 25 91,36877.0,False
base,active,416907.0,418997.0,419070.0,102 103 104 105 106 107 108 109,36879.0,False
base,active,417303.0,418997.0,419079.0,94 95 96 97 98 99 100 101,36881.0,False
base,active,417971.0,419000.0,419159.0,17 18 19 20 21 22 23 90,36893.0,False
base,active,,419001.0,419009.0,42 43 44 45 46 47 48 49 50 51 52 53 54 55 56 57,-1.0,
base,active,414103.0,419009.0,419101.0,26 27 28 29 30 31 32 33 34 35 36 37 38 39 40 41 42 43 44 45 46 47 48 49 50 51 52 53 54 55 56 57,36860.0,False
base,active,,419014.0,419058.0,9 10 11 93,-1.0,
base,active,,419050.0,419058.0,110 111 112 113 114 115 116 117 118 119 120 121 122 123 124 125,-1.0,
base,active,414516.0,419058.0,419145.0,0 1 2 3 4 5 6 9 10 11 13 14 92 93 110 111 112 113 114 115 116 117 118 119 120 121 122 123 124 125 126 127,36866.0,False
base,active,,419061.0,419068.0,91,-1.0,
base,active,,419061.0,419175.0,7 8 12 15 16 24 25,-1.0,
base,active,419068.0,419068.0,419102.0,91,36896.0,False
base,active,,419070.0,419101.0,102 103 104 105 106 107 108 109,-1.0,
base,active,,419079.0,419101.0,94 95 96 97 98 99 100 101,-1.0,
base,active,418559.0,419101.0,419162.0,42 43 44 45 46 47 48 49 50 51 52 53 54 55 56 57 94 95 96 97 98 99 100 101 102 103 104 105 106 107 108 109,36895.0,False
base,active,,419101.0,419175.0,26 27 28 29 30 31 32 33 34 35 36 37 38 39 40 41,-1.0,
base,active,,419102.0,419175.0,91,-1.0,
base,active,,419145.0,419175.0,0 1 2 3 4 5 6 9 10 11 13 14 92 93 110 111 112 113 114 115 116 117 118 119 120 121 122 123 124 125 126 127,-1.0,
base,active,,419159.0,419175.0,17 18 19 20 21 22 23 90,-1.0,
base,active,,419162.0,419175.0,42 43 44 45 46 47 48 49 50 51 52 53 54 55 56 57 94 95 96 97 98 99 100 101 102 103 104 105 106 107 108 109,-1.0,
base,active,411996.0,419175.0,419203.0,0 1 2 3 4 5 6 7 8 9 10 11 12 13 14 15 16 17 18 19 20 21 22 23 24 25 26 27 28 29 30 31 32 33 34 35 36 37 38 39 40 41 42 43 44 45 46 47 48 49 50 51 52 53 54 55 56 57 58 59 60 61 62 63 64 65 66 67 68 69 70 71 72 73 74 75 76 77 78 79 80 81 82 83 84 85 86 87 88 89 90 91 92 93 94 95 96 97 98 99 100 101 102 103 104 105 106 107 108 109 110 111 112 113 114 115 116 117 118 119 120 121 122 123 124 125 126 127,36836.0,False
base,active,412106.0,419203.0,419655.0,0 1 2 3 4 5 6 7 8 9 10 11 12 13 14 15 16 17 18 19 20 21 22 23 24 25 26 27 28 29 30 31 32 33 34 35 36 37 38 39 40 41 42 43 44 45 46 47 48 49 50 51 52 53 54 55 56 57 58 59 60 61 62 63 64 65 66 67 68 69 70 71 72 73 74 75 76 77 78 79 80 81 82 83 84 85 86 87 88 89 90 91 92 93 94 95 96 97 98 99 100 101 102 103 104 105 106 107 108 109 110 111 112 113 114 115 116 117 118 119 120 121 122 123 124 125 126 127,36837.0,False
base,active,416101.0,419655.0,419741.0,64 65 66 67 68 69 70 71 72 73 74 75 76 77 78 79 80 81 82 83 84 85 86 87 88 89 90 91 92 93 94 95,36876.0,False
base,active,415528.0,419655.0,419751.0,96 97 98 99 100 101 102 103 104 105 106 107 108 109 110 111 112 113 114 115 116 117 118 119 120 121 122 123 124 125 126 127,36873.0,False
base,active,413661.0,419655.0,419929.0,0 1 2 3 4 5 6 7 8 9 10 11 12 13 14 15 16 17 18 19 20 21 22 23 24 25 26 27 28 29 30 31 32 33 34 35 36 37 38 39 40 41 42 43 44 45 46 47 48 49 50 51 52 53 54 55 56 57 58 59 60 61 62 63,36853.0,False
base,active,416888.0,419741.0,419830.0,64 65 66 67 68 69 70 71 72 73 74 75 76 77 78 79 80 81 82 83 84 85 86 87 88 89 90 91 92 93 94 95,36878.0,False
base,active,417273.0,419751.0,419861.0,96 97 98 99 100 101 102 103 104 105 106 107 108 109 110 111 112 113 114 115 116 117 118 119 120 121 122 123 124 125 126 127,36880.0,False
base,active,419228.0,419830.0,419835.0,90 91 92 93,36899.0,False
base,active,419528.0,419830.0,419839.0,88,36904.0,False
base,active,419587.0,419830.0,419840.0,87,36905.0,False
base,active,419272.0,419830.0,419849.0,89,36900.0,False
base,active,419132.0,419830.0,419925.0,94 95,36898.0,False
base,active,,419830.0,419929.0,64 65 66 67 68 69 70 71 72 73 74 75 76 77 78 79 80 81 82 83 84 85 86,-1.0,
base,active,,419835.0,419879.0,93,-1.0,
base,active,,419835.0,419929.0,90 91 92,-1.0,
base,active,,419839.0,419929.0,88,-1.0,
base,active,,419840.0,419929.0,87,-1.0,
base,active,,419849.0,419929.0,89,-1.0,
base,active,419429.0,419861.0,419896.0,96 97 98 99 100 101 102 103 104 105 106 107 108 109 110 111 112 113 114 115 116 117 118 119 120 121 122 123 124 125 126 127,36903.0,False
base,active,419879.0,419879.0,419904.0,93,36909.0,False
base,active,,419896.0,419929.0,96 97 98 99 100 101 102 103 104 105 106 107 108 109 110 111 112 113 114 115 116 117 118 119 120 121 122 123 124 125 126 127,-1.0,
base,active,,419904.0,419929.0,93,-1.0,
base,active,,419925.0,419929.0,94 95,-1.0,
base,active,414711.0,419929.0,420007.0,0 1 2 3 4 5 6 7 8 9 10 11 12 13 14 15 16 17 18 19 20 21 22 23 24 25 26 27 28 29 30 31 32 33 34 35 36 37 38 39 40 41 42 43 44 45 46 47 48 49 50 51 52 53 54 55 56 57 58 59 60 61 62 63 64 65 66 67 68 69 70 71 72 73 74 75 76 77 78 79 80 81 82 83 84 85 86 87 88 89 90 91 92 93 94 95 96 97 98 99 100 101 102 103 104 105 106 107 108 109 110 111 112 113 114 115 116 117 118 119 120 121 122 123 124 125 126 127,36868.0,False
base,active,414857.0,420007.0,420093.0,0 1 2 3 4 5 6 7 8 9 10 11 12 13 14 15 16 17 18 19 20 21 22 23 24 25 26 27 28 29 30 31 32 33 34 35 36 37 38 39 40 41 42 43 44 45 46 47 48 49 50 51 52 53 54 55 56 57 58 59 60 61 62 63 64 65 66 67 68 69 70 71 72 73 74 75 76 77 78 79 80 81 82 83 84 85 86 87 88 89 90 91 92 93 94 95 96 97 98 99 100 101 102 103 104 105 106 107 108 109 110 111 112 113 114 115 116 117 118 119 120 121 122 123 124 125 126 127,36869.0,False
base,active,419985.0,420093.0,420103.0,80,36910.0,False
base,active,419999.0,420093.0,420104.0,81,36911.0,False
base,active,419673.0,420093.0,420155.0,96 97 98 99 100 101 102 103 104 105 106 107 108 109 110 111 112 113 114 115 116 117 118 119 120 121 122 123 124 125 126 127,36907.0,False
base,active,419111.0,420093.0,420208.0,70 71 72 73,36897.0,False
base,active,417769.0,420093.0,420232.0,0 1 2 3 4 5 6 7 8 9 10 11 12 13 14 15 16 17 18 19 20 21 22 23 24 25 26 27 28 29 30 31,36887.0,False
base,active,,420093.0,420232.0,82 83 84 85 86 87 88 89 90 91 92 93 94 95,-1.0,
base,active,417927.0,420093.0,420291.0,38 39 40 41 42 43 44 45 46 47 48 49 50 51 52 53 54 55 56 57 58 59 60 61 62 63 64 65 66 67 68 69,36892.0,False
base,active,419348.0,420093.0,420910.0,78 79,36902.0,False
base,active,417908.0,420093.0,420924.0,36 37,36891.0,False
base,active,419326.0,420093.0,420929.0,74 75 76 77,36901.0,False
base,active,417886.0,420093.0,420943.0,32 33 34 35,36890.0,False
base,active,,420103.0,420232.0,80,-1.0,
base,active,,420104.0,420232.0,81,-1.0,
base,active,,420155.0,420232.0,96 97 98 99 100 101 102 103 104 105 106 107 108 109 110 111 112 113 114 115 116 117 118 119 120 121 122 123 124 125 126 127,-1.0,
base,active,,420208.0,420232.0,70 71 72 73,-1.0,
base,active,,420232.0,420291.0,12 13 14 15 16 17 18 19 20 21 22 23 24 25 26 27 28 29 30 31,-1.0,
base,active,419651.0,420232.0,420456.0,0 1 2 3 4 5 6 7 8 9 10 11 70 71 72 73 80 81 82 83 84 85 86 87 88 89 90 91 92 93 94 95 96 97 98 99 100 101 102 103 104 105 106 107 108 109 110 111 112 113 114 115 116 117 118 119 120 121 122 123 124 125 126 127,36906.0,False
base,active,,420291.0,420309.0,50,-1.0,
base,active,,420291.0,420395.0,51 52 53 54 55 56 57 58,-1.0,
base,active,,420291.0,420456.0,59 60 61 62 63 64 65 66 67 68 69,-1.0,
base,active,419827.0,420291.0,420549.0,12 13 14 15 16 17 18 19 20 21 22 23 24 25 26 27 28 29 30 31 38 39 40 41 42 43 44 45 46 47 48 49,36908.0,False
base,active,420309.0,420309.0,420330.0,50,36914.0,False
base,active,,420330.0,420456.0,50,-1.0,
base,active,420395.0,420395.0,420553.0,51 52 53 54 55 56 57 58,36916.0,False
base,active,,420456.0,420549.0,116 117 118 119 120 121 122 123 124 125 126 127,-1.0,
base,active,420061.0,420456.0,420699.0,0 1 2 3 4 5 6 7 8 9 10 11 50 59 60 61 62 63 64 65 66 67 68 69 70 71 72 73 80 81 82 83 84 85 86 87 88 89 90 91 92 93 94 95 96 97 98 99 100 101 102 103 104 105 106 107 108 109 110 111 112 113 114 115,36912.0,False
base,active,,420549.0,420667.0,38,-1.0,
base,active,,420549.0,420699.0,39 40 41 42 43 44 45 46 47 48 49,-1.0,
base,active,420235.0,420549.0,422553.0,12 13 14 15 16 17 18 19 20 21 22 23 24 25 26 27 28 29 30 31 116 117 118 119 120 121 122 123 124 125 126 127,36913.0,False
base,active,,420553.0,420699.0,51 52 53 54 55 56 57 58,-1.0,
base,active,420572.0,420667.0,420682.0,38,36917.0,False
base,active,,420682.0,420699.0,38,-1.0,
base,active,,420699.0,420792.0,50 59 60 61 62 63,-1.0,
base,active,420358.0,420699.0,420892.0,0 1 2 3 4 5 6 7 8 9 10 11 38 39 40 41 42 43 44 45 46 47 48 49 51 52 53 54 55 56 57 58,36915.0,False
base,active,,420699.0,420892.0,64 65 66 67 68 69 70 71 72 73 80 81 82 83 84 85 86 87 88 89 90 91 92 93 94 95 96 97 98 99 100 101 102 103 104 105 106 107 108 109 110 111 112 113 114 115,-1.0,
base,active,420792.0,420792.0,421605.0,62 63,36920.0,False
base,active,420767.0,420792.0,421629.0,50 59 60 61,36919.0,False
base,active,420884.0,420892.0,420922.0,44,36921.0,False
base,active,,420892.0,421016.0,45,-1.0,
base,active,420667.0,420892.0,421103.0,0 1 2 3 4 5 6 7 8 9 10 11 38 39 40 41 42 43 64 65 66 67 68 69 70 71 72 73 80 81 82 83 84 85 86 87 88 89 90 91 92 93 94 95 96 97 98 99 100 101 102 103 104 105 106 107 108 109 110 111 112 113 114 115,36918.0,False
base,active,,420892.0,421103.0,46 47 48 49 51 52 53 54 55 56 57 58,-1.0,
base,active,,420910.0,421103.0,78 79,-1.0,
base,active,,420922.0,421103.0,44,-1.0,
base,active,,420924.0,421103.0,36 37,-1.0,
base,active,,420929.0,421103.0,74 75 76 77,-1.0,
base,active,,420943.0,421103.0,32 33 34 35,-1.0,
base,active,420952.0,421016.0,421026.0,45,36923.0,False
base,active,,421026.0,421103.0,45,-1.0,
base,active,420896.0,421103.0,421217.0,0 1 2 3 4 5 6 7 8 9 10 11 32 33 34 35 36 37 38 39 40 41 42 43 44 45 46 47 48 49 51 52 53 54 55 56 57 58 64 65 66 67 68 69 70 71 72 73 74 75 76 77 78 79 80 81 82 83 84 85 86 87 88 89,36922.0,False
base,active,,421103.0,421217.0,90 91 92 93 94 95 96 97 98 99 100 101 102 103 104 105 106 107 108 109 110 111 112 113 114 115,-1.0,
base,active,,421217.0,421224.0,64,-1.0,
base,active,,421217.0,421225.0,65,-1.0,
base,active,,421217.0,421350.0,66,-1.0,
base,active,421016.0,421217.0,421423.0,0 1 2 3 4 5 6 7 8 9 10 11 32 33 34 35 36 37 38 39 40 41 42 43 44 45 46 47 48 49 51 52 53 54 55 56 57 58 90 91 92 93 94 95 96 97 98 99 100 101 102 103 104 105 106 107 108 109 110 111 112 113 114 115,36924.0,False
base,active,,421217.0,421423.0,67 68 69 70 71 72 73 74 75 76 77 78 79 80 81 82 83 84 85 86 87 88 89,-1.0,
base,active,421224.0,421224.0,421235.0,64,36925.0,False
base,active,421225.0,421225.0,421247.0,65,36926.0,False
base,active,,421235.0,421423.0,64,-1.0,
base,active,,421247.0,421423.0,65,-1.0,
base,active,421298.0,421350.0,421379.0,66,36928.0,False
base,active,,421379.0,421423.0,66,-1.0,
base,active,421275.0,421423.0,421467.0,0 1 2 3 4 5 6 7 8 9 10 11 32 33 34 35 36 37 38 39 40 41 42 43 44 45 46 47 48 49 51 52 53 54 55 56 57 58 64 65 66 67 68 69 70 71 72 73 74 75 76 77 78 79 80 81 82 83 84 85 86 87 88 89,36927.0,False
base,active,,421423.0,421467.0,90 91 92 93 94 95 96 97 98 99 100 101 102 103 104 105 106 107 108 109 110 111 112 113 114 115,-1.0,
base,active,421350.0,421467.0,421570.0,0 1 2 3 4 5 6 7 8 9 10 11 32 33 34 35 36 37 38 39 40 41 42 43 44 45 46 47 48 49 51 52 53 54 55 56 57 58 90 91 92 93 94 95 96 97 98 99 100 101 102 103 104 105 106 107 108 109 110 111 112 113 114 115,36929.0,False
base,active,,421467.0,421570.0,64 65 66 67 68 69 70 71 72 73 74 75 76 77 78 79 80 81 82 83 84 85 86 87 88 89,-1.0,
base,active,421505.0,421570.0,421584.0,90,36931.0,False
base,active,,421570.0,421629.0,91 92 93 94 95 96 97 98 99 100 101 102 103 104 105 106 107 108 109 110 111 112 113 114 115,-1.0,
base,active,421480.0,421570.0,421678.0,0 1 2 3 4 5 6 7 8 9 10 11 32 33 34 35 36 37 38 39 40 41 42 43 44 45 46 47 48 49 51 52 53 54 55 56 57 58 64 65 66 67 68 69 70 71 72 73 74 75 76 77 78 79 80 81 82 83 84 85 86 87 88 89,36930.0,False
base,active,,421584.0,421629.0,90,-1.0,
base,active,,421605.0,421629.0,62 63,-1.0,
base,active,421621.0,421629.0,421781.0,50 59 60 61 62 63 90 91 92 93 94 95 96 97 98 99 100 101 102 103 104 105 106 107 108 109 110 111 112 113 114 115,36932.0,False
base,active,,421678.0,421776.0,0,-1.0,
base,active,,421678.0,421801.0,1 2 3 4 5 6 7 8 9 10 11 32 33 34 35 36 37 38 39 40 41 42 43 44 45 46 47 48 49 51 52 53 54 55 56 57 58 64 65 66 67 68 69 70 71 72 73 74 75 76 77 78 79 80 81 82 83 84 85 86 87 88 89,-1.0,
base,active,421776.0,421776.0,422407.0,0,36933.0,False
base,active,,421781.0,421801.0,50,-1.0,
base,active,,421781.0,421824.0,59,-1.0,
base,active,,421781.0,421876.0,60 61 62 63 90 91 92 93 94 95 96 97 98 99 100 101 102 103 104 105 106 107 108 109 110 111 112 113 114 115,-1.0,
base,active,421801.0,421801.0,421847.0,1 2 3 4 5 6 7 8 9 10 11 32 33 34 35 36 37 38 39 40 41 42 43 44 45 46 47 48 49 50 51 52 53 54 55 56 57 58 64 65 66 67 68 69 70 71 72 73 74 75 76 77 78 79 80 81 82 83 84 85 86 87 88 89,36934.0,False
base,active,421824.0,421824.0,421853.0,59,36935.0,False
base,active,,421847.0,421876.0,1 2 3 4 5 6 7 8 9 10 11 32 33 34 35 36 37 38 39 40 41 42 43 44 45 46 47 48 49 50 51 52 53 54,-1.0,
base,active,,421847.0,421937.0,55 56 57 58 64 65 66 67 68 69 70 71 72 73 74 75 76 77 78 79 80 81 82 83 84 85 86 87 88 89,-1.0,
base,active,,421853.0,421937.0,59,-1.0,
base,active,421876.0,421876.0,421914.0,1 2 3 4 5 6 7 8 9 10 11 32 33 34 35 36 37 38 39 40 41 42 43 44 45 46 47 48 49 50 51 52 53 54 60 61 62 63 90 91 92 93 94 95 96 97 98 99 100 101 102 103 104 105 106 107 108 109 110 111 112 113 114 115,36936.0,False
base,active,,421914.0,421937.0,1 2 3 4 5 6 7 8 9 10 11 32 33 34 35 36 37 38 39 40 41 42 43 44 45 46 47 48 49 50 51 52 53,-1.0,
base,active,,421914.0,422013.0,54,-1.0,
base,active,,421914.0,422069.0,60 61 62 63 90 91 92 93 94 95 96 97 98 99 100 101 102 103 104 105 106 107 108 109 110 111 112 113 114 115,-1.0,
base,active,421937.0,421937.0,422044.0,1 2 3 4 5 6 7 8 9 10 11 32 33 34 35 36 37 38 39 40 41 42 43 44 45 46 47 48 49 50 51 52 53 55 56 57 58 59 64 65 66 67 68 69 70 71 72 73 74 75 76 77 78 79 80 81 82 83 84 85 86 87 88 89,36937.0,False
base,active,422013.0,422013.0,422032.0,54,36938.0,False
base,active,,422032.0,422069.0,54,-1.0,
base,active,,422044.0,422069.0,1 2 3 4 5 6 7 8 9 10 11 32 33 34 35 36 37 38 39 40 41 42 43 44 45 46 47 48 49 50 51 52 53,-1.0,
base,active,,422044.0,422203.0,55 56 57 58 59 64 65 66 67 68 69 70 71 72 73 74 75 76 77 78 79 80 81 82 83 84 85 86 87 88 89,-1.0,
base,active,422069.0,422069.0,422175.0,1 2 3 4 5 6 7 8 9 10 11 32 33 34 35 36 37 38 39 40 41 42 43 44 45 46 47 48 49 50 51 52 53 54 60 61 62 63 90 91 92 93 94 95 96 97 98 99 100 101 102 103 104 105 106 107 108 109 110 111 112 113 114 115,36939.0,False
base,active,,422175.0,422203.0,1 2 3 4 5 6 7 8 9 10 11 32 33 34 35 36 37 38 39 40 41 42 43 44 45 46 47 48 49 50 51 52 53,-1.0,
base,active,,422175.0,422273.0,54 60 61 62 63 90 91 92 93 94 95 96 97 98 99 100 101 102 103 104 105 106 107 108 109 110 111 112 113 114 115,-1.0,
base,active,422203.0,422203.0,422273.0,1 2 3 4 5 6 7 8 9 10 11 32 33 34 35 36 37 38 39 40 41 42 43 44 45 46 47 48 49 50 51 52 53 55 56 57 58 59 64 65 66 67 68 69 70 71 72 73 74 75 76 77 78 79 80 81 82 83 84 85 86 87 88 89,36940.0,False
base,active,,422273.0,422407.0,2 3 4 5 6 7 8 9 10 11 32 33 34 35 36 37 38 39 40 41 42 43 44 45 46 47 48 49 50 51 52 53 55 56 57 58 59 64 65 66 67 68 69 70 71 72 73 74 75 76 77 78 79 80 81 82 83 84 85 86 87 88 89,-1.0,
base,active,422250.0,422273.0,422453.0,1 54 60 61 62 63 90 91 92 93 94 95 96 97 98 99 100 101 102 103 104 105 106 107 108 109 110 111 112 113 114 115,36941.0,False
base,active,422362.0,422407.0,422534.0,0 2 3 4 5 6 7 8 9 10 11 32 33 34 35 36 37 38 39 40 41 42 43 44 45 46 47 48 49 50 51 52 53 55 56 57 58 59 64 65 66 67 68 69 70 71 72 73 74 75 76 77 78 79 80 81 82 83 84 85 86 87 88 89,36942.0,False
base,active,422444.0,422453.0,422514.0,1,36943.0,False
base,active,,422453.0,422534.0,54 60 61 62 63 90 91 92 93 94 95 96 97 98 99 100 101 102 103 104 105 106 107 108 109 110 111 112 113 114 115,-1.0,
base,active,,422514.0,422534.0,1,-1.0,
base,active,,422534.0,422745.0,55,-1.0,
base,active,422491.0,422534.0,422785.0,0 1 2 3 4 5 6 7 8 9 10 11 32 33 34 35 36 37 38 39 40 41 42 43 44 45 46 47 48 49 50 51 52 54 60 61 62 63 90 91 92 93 94 95 96 97 98 99 100 101 102 103 104 105 106 107 108 109 110 111 112 113 114 115,36944.0,False
base,active,,422534.0,422800.0,56 57 58 59 64 65 66 67 68 69 70 71 72 73 74 75 76 77 78 79 80 81 82 83 84 85 86 87 88 89,-1.0,
base,active,422525.0,422534.0,422889.0,53,36945.0,False
base,active,,422553.0,422800.0,12 13 14 15 16 17 18 19 20 21 22 23 24 25 26 27 28 29 30 31 116 117 118 119 120 121 122 123 124 125 126 127,-1.0,
base,active,422745.0,422745.0,422769.0,55,36947.0,False
base,active,,422769.0,422800.0,55,-1.0,
base,active,,422785.0,422800.0,0,-1.0,
base,active,,422785.0,422893.0,1 2 3 4 5 6 7 8 9 10 11 32 33 34 35 36 37 38 39 40 41 42 43 44 45 46 47 48 49 50 51 52 54 60 61 62 63 90 91 92 93 94 95 96 97 98 99 100 101 102 103 104 105 106 107 108 109 110 111 112 113 114 115,-1.0,
base,active,422800.0,422800.0,423221.0,0 12 13 14 15 16 17 18 19 20 21 22 23 24 25 26 27 28 29 30 31 55 56 57 58 59 64 65 66 67 68 69 70 71 72 73 74 75 76 77 78 79 80 81 82 83 84 85 86 87 88 89 116 117 118 119 120 121 122 123 124 125 126 127,36948.0,False
base,active,,422889.0,422893.0,53,-1.0,
base,active,422893.0,422893.0,422952.0,1 2 3 4 5 6 7 8 9 10 11 32 33 34 35 36 37 38 39 40 41 42 43 44 45 46 47 48 49 50 51 52 53 54 60 61 62 63 90 91 92 93 94 95 96 97 98 99 100 101 102 103 104 105 106 107 108 109 110 111 112 113 114 115,36949.0,False
base,active,,422952.0,422966.0,1 2 3 4 5 6 7 8 9 10 11 32 33 34 35 36 37 38 39 40 41 42 43 44 45 46 47 48 49 50 51 52 53 54 60 61 62 63 90 91 92 93 94 95 96 97 98 99 100 101 102 103 104 105 106 107 108 109 110 111 112 113 114 115,-1.0,
base,active,422966.0,422966.0,423018.0,1 2 3 4 5 6 7 8 9 10 11 32 33 34 35 36 37 38 39 40 41 42 43 44 45 46 47 48 49 50 51 52 53 54 60 61 62 63 90 91 92 93 94 95 96 97 98 99 100 101 102 103 104 105 106 107 108 109 110 111 112 113 114 115,36950.0,False
base,active,,423018.0,423036.0,1 2 3 4 5 6 7 8 9 10 11 32 33 34 35 36 37 38 39 40 41 42 43 44 45 46 47 48 49 50 51 52 53 54 60 61 62 63 90 91 92 93 94 95 96 97 98 99 100 101 102 103 104 105 106 107 108 109 110 111 112 113 114 115,-1.0,
base,active,423036.0,423036.0,423082.0,1 2 3 4 5 6 7 8 9 10 11 32 33 34 35 36 37 38 39 40 41 42 43 44 45 46 47 48 49 50 51 52 53 54 60 61 62 63 90 91 92 93 94 95 96 97 98 99 100 101 102 103 104 105 106 107 108 109 110 111 112 113 114 115,36951.0,False
base,active,,423082.0,423096.0,1 2 3 4 5 6 7 8 9 10 11 32 33 34 35 36 37 38 39 40 41 42 43 44 45 46 47 48 49 50 51 52 53 54 60 61 62 63 90 91 92 93 94 95 96 97 98 99 100 101 102 103 104 105 106 107 108 109 110 111 112 113 114 115,-1.0,
base,active,423096.0,423096.0,423132.0,1 2 3 4 5 6 7 8 9 10 11 32 33 34 35 36 37 38 39 40 41 42 43 44 45 46 47 48 49 50 51 52 53 54 60 61 62 63 90 91 92 93 94 95 96 97 98 99 100 101 102 103 104 105 106 107 108 109 110 111 112 113 114 115,36952.0,False
base,active,,423132.0,423146.0,1 2 3 4 5 6 7 8 9 10 11 32 33 34 35 36 37 38 39 40 41 42 43 44 45 46 47 48 49 50 51 52 53 54 60 61 62 63 90 91 92 93 94 95 96 97 98 99 100 101 102 103 104 105 106 107 108 109 110 111 112 113 114 115,-1.0,
base,active,423146.0,423146.0,423179.0,1 2 3 4 5 6 7 8 9 10 11 32 33 34 35 36 37 38 39 40 41 42 43 44 45 46 47 48 49 50 51 52 53 54 60 61 62 63 90 91 92 93 94 95 96 97 98 99 100 101 102 103 104 105 106 107 108 109 110 111 112 113 114 115,36953.0,False
base,active,,423179.0,423190.0,1 2 3 4 5 6 7 8 9 10 11 32 33 34 35 36 37 38 39 40 41 42 43 44 45 46 47 48 49 50 51 52 53 54 60 61 62 63 90 91 92 93 94 95 96 97 98 99 100 101 102 103 104 105 106 107 108 109 110 111 112 113 114 115,-1.0,
base,active,423190.0,423190.0,423228.0,1 2 3 4 5 6 7 8 9 10 11 32 33 34 35 36 37 38 39 40 41 42 43 44 45 46 47 48 49 50 51 52 53 54 60 61 62 63 90 91 92 93 94 95 96 97 98 99 100 101 102 103 104 105 106 107 108 109 110 111 112 113 114 115,36954.0,False
base,active,,423221.0,423232.0,0,-1.0,
base,active,,423221.0,423244.0,12 13 14 15 16 17 18 19 20 21 22 23 24 25 26 27 28 29 30 31 55 56 57 58 59 64 65 66 67 68 69 70 71 72 73 74 75 76 77 78 79 80 81 82 83 84 85 86 87 88 89 116 117 118 119 120 121 122 123 124 125 126 127,-1.0,
base,active,,423228.0,423244.0,1,-1.0,
base,active,,423228.0,423245.0,2,-1.0,
base,active,,423228.0,423280.0,3 4 5 6,-1.0,
base,active,,423228.0,423295.0,7 8 9 10 11 32 33 34 35 36 37 38 39 40 41 42 43 44 45 46 47 48 49 50 51 52 53 54 60 61 62 63 90 91 92 93 94 95 96 97 98 99 100 101 102 103 104 105 106 107 108 109 110 111 112 113 114 115,-1.0,
base,active,423232.0,423232.0,423243.0,0,36955.0,False
base,active,,423243.0,423295.0,0,-1.0,
base,active,423244.0,423244.0,423278.0,1 12 13 14 15 16 17 18 19 20 21 22 23 24 25 26 27 28 29 30 31 55 56 57 58 59 64 65 66 67 68 69 70 71 72 73 74 75 76 77 78 79 80 81 82 83 84 85 86 87 88 89 116 117 118 119 120 121 122 123 124 125 126 127,36956.0,False
base,active,423245.0,423245.0,423274.0,2,36957.0,False
base,active,,423274.0,423295.0,2,-1.0,
base,active,,423278.0,423295.0,1 12 13 14,-1.0,
base,active,,423278.0,423302.0,15 16,-1.0,
base,active,,423278.0,423350.0,17 18 19 20 21 22 23 24 25 26 27 28 29 30 31 55 56 57 58 59 64 65 66 67 68 69 70 71 72 73 74 75 76 77 78 79 80 81 82 83 84 85 86 87 88 89 116 117 118 119 120 121 122 123 124 125 126 127,-1.0,
base,active,423280.0,423280.0,423704.0,3 4 5 6,36958.0,False
base,active,423295.0,423295.0,423333.0,0 1 2 7 8 9 10 11 12 13 14 32 33 34 35 36 37 38 39 40 41 42 43 44 45 46 47 48 49 50 51 52 53 54 60 61 62 63 90 91 92 93 94 95 96 97 98 99 100 101 102 103 104 105 106 107 108 109 110 111 112 113 114 115,36959.0,False
base,active,423302.0,423302.0,423704.0,15 16,36960.0,False
base,active,,423333.0,423350.0,0 1 2 7 8 9,-1.0,
base,active,,423333.0,423374.0,10,-1.0,
base,active,,423333.0,423409.0,11 12 13 14 32 33 34 35 36 37 38 39 40 41 42 43 44 45 46 47 48 49 50 51 52 53 54 60 61 62 63 90 91 92 93 94 95 96 97 98 99 100 101 102 103 104 105 106 107 108 109 110 111 112 113 114 115,-1.0,
base,active,423350.0,423350.0,423396.0,0 1 2 7 8 9 17 18 19 20 21 22 23 24 25 26 27 28 29 30 31 55 56 57 58 59 64 65 66 67 68 69 70 71 72 73 74 75 76 77 78 79 80 81 82 83 84 85 86 87 88 89 116 117 118 119 120 121 122 123 124 125 126 127,36961.0,False
base,active,423374.0,423374.0,423400.0,10,36962.0,False
base,active,,423396.0,423409.0,0 1 2 7 8 9 17,-1.0,
base,active,,423396.0,423457.0,18 19 20 21 22 23 24 25 26 27 28 29 30 31 55 56 57 58 59 64 65 66 67 68 69 70 71 72 73 74 75 76,-1.0,
base,active,,423396.0,423474.0,77 78 79 80 81 82 83 84 85 86 87 88 89 116 117 118 119 120 121 122 123 124 125 126 127,-1.0,
base,active,,423400.0,423474.0,10,-1.0,
base,active,423409.0,423409.0,423450.0,0 1 2 7 8 9 11 12 13 14 17 32 33 34 35 36 37 38 39 40 41 42 43 44 45 46 47 48 49 50 51 52 53 54 60 61 62 63 90 91 92 93 94 95 96 97 98 99 100 101 102 103 104 105 106 107 108 109 110 111 112 113 114 115,36963.0,False
base,active,,423450.0,423474.0,0 1 2 7 8 9 11 12 13 14 17 32 33 34 35 36 37 38 39 40 41 42 43 44 45 46 47 48 49 50 51 52 53 54 60 61 62 63,-1.0,
base,active,,423450.0,423537.0,90 91 92 93 94 95 96 97 98 99 100 101 102 103 104 105 106 107 108 109 110 111 112 113 114 115,-1.0,
base,active,423457.0,423457.0,423832.0,18 19 20 21 22 23 24 25 26 27 28 29 30 31 55 56 57 58 59 64 65 66 67 68 69 70 71 72 73 74 75 76,36964.0,False
base,active,423474.0,423474.0,423520.0,0 1 2 7 8 9 10 11 12 13 14 17 32 33 34 35 36 37 38 39 40 41 42 43 44 45 46 47 48 49 50 51 52 53 54 60 61 62 63 77 78 79 80 81 82 83 84 85 86 87 88 89 116 117 118 119 120 121 122 123 124 125 126 127,36965.0,False
base,active,,423520.0,423537.0,0 1 2 7 8 9 10 11 12 13 14 17 32 33 34 35 36 37 38 39 40 41 42 43 44 45 46 47 48 49 50 51 52 53 54 60 61 62,-1.0,
base,active,,423520.0,423598.0,63 77 78 79 80 81 82 83 84 85 86 87 88 89 116 117 118 119 120 121 122 123 124 125 126 127,-1.0,
base,active,423537.0,423537.0,423586.0,0 1 2 7 8 9 10 11 12 13 14 17 32 33 34 35 36 37 38 39 40 41 42 43 44 45 46 47 48 49 50 51 52 53 54 60 61 62 90 91 92 93 94 95 96 97 98 99 100 101 102 103 104 105 106 107 108 109 110 111 112 113 114 115,36966.0,False
base,active,,423586.0,423598.0,0 1 2 7 8 9 10 11 12 13 14 17 32 33 34 35 36 37 38 39 40 41 42 43 44 45 46 47 48 49 50 51 52 53 54 60 61 62,-1.0,
base,active,,423586.0,423651.0,90 91 92 93 94 95 96 97 98 99 100 101 102 103 104 105 106 107 108 109 110 111 112 113 114 115,-1.0,
base,active,423598.0,423598.0,423635.0,0 1 2 7 8 9 10 11 12 13 14 17 32 33 34 35 36 37 38 39 40 41 42 43 44 45 46 47 48 49 50 51 52 53 54 60 61 62 63 77 78 79 80 81 82 83 84 85 86 87 88 89 116 117 118 119 120 121 122 123 124 125 126 127,36968.0,False
base,active,,423635.0,423651.0,0 1 2 7 8 9 10 11 12 13 14 17 32 33 34 35 36 37 38 39 40 41 42 43 44 45 46 47 48 49 50 51 52 53 54 60 61 62,-1.0,
base,active,,423635.0,423692.0,63 77 78 79 80 81 82 83 84 85 86 87 88 89 116 117 118 119 120 121 122 123 124 125 126 127,-1.0,
base,active,423651.0,423651.0,423682.0,0 1 2 7 8 9 10 11 12 13 14 17 32 33 34 35 36 37 38 39 40 41 42 43 44 45 46 47 48 49 50 51 52 53 54 60 61 62 90 91 92 93 94 95 96 97 98 99 100 101 102 103 104 105 106 107 108 109 110 111 112 113 114 115,36969.0,False
base,active,,423682.0,423692.0,0 1 2 7 8 9 10 11 12 13 14 17 32 33 34 35 36 37 38 39 40 41 42 43 44 45 46 47 48 49 50 51 52 53 54 60 61 62,-1.0,
base,active,,423682.0,423744.0,90 91 92 93 94 95 96 97 98 99 100 101 102 103 104 105 106 107 108 109 110 111 112 113 114 115,-1.0,
base,active,423692.0,423692.0,423725.0,0 1 2 7 8 9 10 11 12 13 14 17 32 33 34 35 36 37 38 39 40 41 42 43 44 45 46 47 48 49 50 51 52 53 54 60 61 62 63 77 78 79 80 81 82 83 84 85 86 87 88 89 116 117 118 119 120 121 122 123 124 125 126 127,36970.0,False
base,active,,423704.0,423744.0,3 4 5 6 15 16,-1.0,
base,active,,423725.0,423744.0,0 1 2 7 8 9 10 11 12 13 14 17 32 33 34 35 36 37 38 39 40 41 42 43 44 45 46 47 48 49 50 51,-1.0,
base,active,,423725.0,423802.0,52 53 54 60,-1.0,
base,active,,423725.0,423824.0,61 62,-1.0,
base,active,,423725.0,423833.0,63,-1.0,
base,active,,423725.0,423846.0,77 78 79 80 81 82 83 84 85 86 87 88 89 116 117 118 119 120 121 122 123 124 125 126 127,-1.0,
base,active,423744.0,423744.0,423777.0,0 1 2 3 4 5 6 7 8 9 10 11 12 13 14 15 16 17 32 33 34 35 36 37 38 39 40 41 42 43 44 45 46 47 48 49 50 51 90 91 92 93 94 95 96 97 98 99 100 101 102 103 104 105 106 107 108 109 110 111 112 113 114 115,36971.0,False
base,active,,423777.0,423846.0,0 1 2 3 4 5 6 7 8 9 10 11 12 13 14 15 16 17 32 33 34 35 36 37 38 39 40 41 42 43 44 45 46 47 48 49 50 51 90,-1.0,
base,active,,423777.0,423910.0,91,-1.0,
base,active,,423777.0,423982.0,92 93 94 95 96 97 98 99 100 101 102 103 104 105 106 107 108 109 110 111 112 113 114 115,-1.0,
base,active,423802.0,423802.0,426403.0,52 53 54 60,36972.0,False
base,active,423824.0,423824.0,426404.0,61 62,36973.0,False
base,active,,423832.0,423982.0,18 19 20 21 22 23 24 25 26 27 28 29 30 31 55 56 57 58 59 64 65 66 67 68 69 70 71 72 73 74 75 76,-1.0,
base,active,423833.0,423833.0,423853.0,63,36974.0,False
base,active,423846.0,423846.0,423960.0,0 1 2 3 4 5 6 7 8 9 10 11 12 13 14 15 16 17 32 33 34 35 36 37 38 39 40 41 42 43 44 45 46 47 48 49 50 51 77 78 79 80 81 82 83 84 85 86 87 88 89 90 116 117 118 119 120 121 122 123 124 125 126 127,36975.0,False
base,active,,423853.0,423982.0,63,-1.0,
base,active,423910.0,423910.0,423920.0,91,36976.0,False
base,active,,423920.0,423982.0,91,-1.0,
base,active,,423960.0,423982.0,0 1 2 3 4 5,-1.0,
base,active,,423960.0,423992.0,6 7 8 9 10 11 12 13 14 15 16 17 32 33 34 35 36 37 38 39 40 41 42 43 44 45 46 47 48 49 50 51,-1.0,
base,active,,423960.0,424115.0,77 78 79 80 81 82 83 84 85 86 87 88 89 90 116 117 118 119 120 121 122 123 124 125 126 127,-1.0,
base,active,423982.0,423982.0,424099.0,0 1 2 3 4 5 18 19 20 21 22 23 24 25 26 27 28 29 30 31 55 56 57 58 59 63 64 65 66 67 68 69 70 71 72 73 74 75 76 91 92 93 94 95 96 97 98 99 100 101 102 103 104 105 106 107 108 109 110 111 112 113 114 115,36979.0,False
base,active,423992.0,423992.0,424577.0,6 7 8 9 10 11 12 13 14 15 16 17 32 33 34 35 36 37 38 39 40 41 42 43 44 45 46 47 48 49 50 51,36980.0,False
base,active,,424099.0,424115.0,0 1 2 3 4 5 18 19 20 21 22 23 24 25 26 27 28 29 30 31 55 56 57 58 59 63 64 65 66 67 68 69 70 71 72 73 74 75,-1.0,
base,active,,424099.0,424239.0,76 91 92 93 94 95 96 97 98 99 100 101 102 103 104 105 106 107 108 109 110 111 112 113 114 115,-1.0,
base,active,424115.0,424115.0,424226.0,0 1 2 3 4 5 18 19 20 21 22 23 24 25 26 27 28 29 30 31 55 56 57 58 59 63 64 65 66 67 68 69 70 71 72 73 74 75 77 78 79 80 81 82 83 84 85 86 87 88 89 90 116 117 118 119 120 121 122 123 124 125 126 127,36981.0,False
base,active,,424226.0,424239.0,0 1 2 3 4 5 18 19 20 21 22 23 24 25 26 27 28 29 30 31 55 56 57 58 59 63 64 65 66 67 68 69 70 71 72 73 74 75,-1.0,
base,active,,424226.0,424369.0,77 78 79 80 81 82 83 84 85 86 87 88 89 90 116 117 118 119 120 121 122 123 124 125 126 127,-1.0,
base,active,424239.0,424239.0,424350.0,0 1 2 3 4 5 18 19 20 21 22 23 24 25 26 27 28 29 30 31 55 56 57 58 59 63 64 65 66 67 68 69 70 71 72 73 74 75 76 91 92 93 94 95 96 97 98 99 100 101 102 103 104 105 106 107 108 109 110 111 112 113 114 115,36983.0,False
base,active,,424350.0,424369.0,0 1 2 3 4 5 18 19 20 21 22 23 24 25 26 27 28 29 30 31 55 56 57 58 59 63 64 65 66 67 68 69 70 71 72 73 74 75,-1.0,
base,active,,424350.0,424424.0,76,-1.0,
base,active,,424350.0,424493.0,91 92 93 94 95 96 97 98 99 100 101 102 103 104 105 106 107 108 109 110 111 112 113 114 115,-1.0,
base,active,424369.0,424369.0,424475.0,0 1 2 3 4 5 18 19 20 21 22 23 24 25 26 27 28 29 30 31 55 56 57 58 59 63 64 65 66 67 68 69 70 71 72 73 74 75 77 78 79 80 81 82 83 84 85 86 87 88 89 90 116 117 118 119 120 121 122 123 124 125 126 127,36984.0,False
base,active,424424.0,424424.0,424439.0,76,36985.0,False
base,active,,424439.0,424493.0,76,-1.0,
base,active,,424475.0,424493.0,0 1 2 3 4 5 18 19 20 21 22 23 24 25 26 27 28 29 30 31 55 56 57 58 59 63 64 65 66 67 68 69 70 71 72 73 74 75,-1.0,
base,active,,424475.0,424580.0,77,-1.0,
base,active,,424475.0,424581.0,78,-1.0,
base,active,,424475.0,424605.0,79 80 81 82 83 84 85 86 87 88 89 90 116 117 118 119 120 121 122 123 124 125 126 127,-1.0,
base,active,424493.0,424493.0,424626.0,0 1 2 3 4 5 18 19 20 21 22 23 24 25 26 27 28 29 30 31 55 56 57 58 59 63 64 65 66 67 68 69 70 71 72 73 74 75 76 91 92 93 94 95 96 97 98 99 100 101 102 103 104 105 106 107 108 109 110 111 112 113 114 115,36986.0,False
base,active,,424577.0,424605.0,6 7 8 9 10 11 12 13,-1.0,
base,active,,424577.0,424649.0,14 15 16 17 32 33 34 35,-1.0,
base,active,,424577.0,424668.0,36 37 38 39 40 41 42 43 44 45 46 47 48 49 50 51,-1.0,
base,active,424580.0,424580.0,424624.0,77,36987.0,False
base,active,424581.0,424581.0,424596.0,78,36988.0,False
base,active,,424596.0,424668.0,78,-1.0,
base,active,424605.0,424605.0,424762.0,6 7 8 9 10 11 12 13 79 80 81 82 83 84 85 86 87 88 89 90 116 117 118 119 120 121 122 123 124 125 126 127,36989.0,False
base,active,,424624.0,424668.0,77,-1.0,
base,active,,424626.0,424668.0,0 1 2 3 4 5 18 19 20 21 22 23 24 25 26 27 28 29 30 31 55 56 57 58 59 63 64 65 66 67 68 69 70 71 72 73 74 75 76 91 92 93 94 95 96 97,-1.0,
base,active,,424626.0,424700.0,98,-1.0,
base,active,,424626.0,424779.0,99 100 101 102 103 104 105 106 107 108 109 110 111 112 113 114 115,-1.0,
base,active,424649.0,424649.0,424764.0,14 15 16 17 32 33 34 35,36990.0,False
base,active,424668.0,424668.0,424798.0,0 1 2 3 4 5 18 19 20 21 22 23 24 25 26 27 28 29 30 31 36 37 38 39 40 41 42 43 44 45 46 47 48 49 50 51 55 56 57 58 59 63 64 65 66 67 68 69 70 71 72 73 74 75 76 77 78 91 92 93 94 95 96 97,36991.0,False
base,active,424700.0,424700.0,424722.0,98,36993.0,False
base,active,,424722.0,424779.0,98,-1.0,
base,active,,424762.0,424779.0,6 7 8 9 10 11 12 13 79 80 81 82 83 84,-1.0,
base,active,,424762.0,424813.0,85 86 87 88 89 90 116 117 118 119 120 121 122 123 124 125 126 127,-1.0,
base,active,,424764.0,424813.0,14 15 16 17 32 33 34 35,-1.0,
base,active,424779.0,424779.0,425791.0,6 7 8 9 10 11 12 13 79 80 81 82 83 84 98 99 100 101 102 103 104 105 106 107 108 109 110 111 112 113 114 115,36994.0,False
base,active,,424798.0,424813.0,0 1 2 3 4 5 18 19 20 21 22 23 24 25 26 27 28 29 30 31 36 37 38 39 40 41 42 43 44 45 46 47 48 49 50 51 55 56,-1.0,
base,active,,424798.0,424956.0,57 58 59 63 64 65 66 67 68 69 70 71 72 73 74 75 76 77 78 91 92 93 94 95 96 97,-1.0,
base,active,424813.0,424813.0,424936.0,0 1 2 3 4 5 14 15 16 17 18 19 20 21 22 23 24 25 26 27 28 29 30 31 32 33 34 35 36 37 38 39 40 41 42 43 44 45 46 47 48 49 50 51 55 56 85 86 87 88 89 90 116 117 118 119 120 121 122 123 124 125 126 127,36995.0,False
base,active,,424936.0,424956.0,0 1 2 3 4 5 14 15 16 17 18 19 20 21 22 23 24 25 26 27 28 29 30 31 32 33 34 35 36 37 38 39 40 41 42 43 44 45,-1.0,
base,active,,424936.0,425104.0,46 47 48 49 50 51 55 56 85 86 87 88 89 90 116 117 118 119 120 121 122 123 124 125 126 127,-1.0,
base,active,424956.0,424956.0,425071.0,0 1 2 3 4 5 14 15 16 17 18 19 20 21 22 23 24 25 26 27 28 29 30 31 32 33 34 35 36 37 38 39 40 41 42 43 44 45 57 58 59 63 64 65 66 67 68 69 70 71 72 73 74 75 76 77 78 91 92 93 94 95 96 97,36996.0,False
base,active,,425071.0,425104.0,0 1 2 3 4 5 14 15 16 17 18 19 20 21 22 23 24 25 26 27 28 29 30 31 32 33 34 35 36 37 38 39 40 41 42 43 44 45,-1.0,
base,active,,425071.0,425228.0,57 58 59 63 64 65 66 67 68 69 70 71 72 73 74 75 76 77 78 91 92 93 94 95 96 97,-1.0,
base,active,425104.0,425104.0,425215.0,0 1 2 3 4 5 14 15 16 17 18 19 20 21 22 23 24 25 26 27 28 29 30 31 32 33 34 35 36 37 38 39 40 41 42 43 44 45 46 47 48 49 50 51 55 56 85 86 87 88 89 90 116 117 118 119 120 121 122 123 124 125 126 127,36997.0,False
base,active,,425215.0,425228.0,0 1 2 3 4 5 14 15 16 17 18 19 20 21 22 23 24 25 26 27 28 29 30 31 32 33 34 35 36 37 38 39 40 41 42 43 44 45,-1.0,
base,active,,425215.0,425354.0,46 47 48 49 50 51 55 56 85 86 87 88 89 90 116 117 118 119 120 121 122 123 124 125 126 127,-1.0,
base,active,425228.0,425228.0,425333.0,0 1 2 3 4 5 14 15 16 17 18 19 20 21 22 23 24 25 26 27 28 29 30 31 32 33 34 35 36 37 38 39 40 41 42 43 44 45 57 58 59 63 64 65 66 67 68 69 70 71 72 73 74 75 76 77 78 91 92 93 94 95 96 97,36999.0,False
base,active,,425333.0,425354.0,0 1 2 3 4 5 14 15 16 17 18 19 20 21 22 23 24 25 26 27 28 29 30 31 32 33 34 35 36 37 38 39 40 41 42 43 44 45,-1.0,
base,active,,425333.0,425483.0,57 58 59 63 64 65 66 67 68 69 70 71 72 73 74 75 76 77 78 91 92 93 94 95 96 97,-1.0,
base,active,425354.0,425354.0,425461.0,0 1 2 3 4 5 14 15 16 17 18 19 20 21 22 23 24 25 26 27 28 29 30 31 32 33 34 35 36 37 38 39 40 41 42 43 44 45 46 47 48 49 50 51 55 56 85 86 87 88 89 90 116 117 118 119 120 121 122 123 124 125 126 127,37000.0,False
base,active,,425461.0,425483.0,0 1 2 3 4 5 14 15 16 17 18 19 20 21 22 23 24 25 26 27 28 29 30 31 32 33 34 35 36 37 38 39 40 41 42 43 44 45,-1.0,
base,active,,425461.0,425811.0,46,-1.0,
base,active,,425461.0,425824.0,47,-1.0,
base,active,,425461.0,425907.0,48 49 50 51 55 56 85 86 87 88 89 90 116 117 118 119 120 121 122 123 124 125 126 127,-1.0,
base,active,425483.0,425483.0,425589.0,0 1 2 3 4 5 14 15 16 17 18 19 20 21 22 23 24 25 26 27 28 29 30 31 32 33 34 35 36 37 38 39 40 41 42 43 44 45 57 58 59 63 64 65 66 67 68 69 70 71 72 73 74 75 76 77 78 91 92 93 94 95 96 97,37002.0,False
base,active,,425589.0,425907.0,0 1 2 3 4 5 14 15,-1.0,
base,active,,425589.0,425936.0,16 17 18 19 20 21 22 23 24 25 26 27 28 29 30 31 32 33 34 35 36 37 38 39 40 41 42 43 44 45 57 58,-1.0,
base,active,,425589.0,426405.0,59 63 64 65,-1.0,
base,active,,425589.0,426433.0,66 67,-1.0,
base,active,,425589.0,426789.0,68 69 70 71 72 73 74 75 76 77 78 91 92 93 94 95 96 97,-1.0,
base,active,,425791.0,426962.0,6,-1.0,
base,active,,425791.0,426991.0,7 8 9 10 11 12 13 79 80 81 82 83 84 98 99 100 101 102 103 104 105 106 107 108 109 110 111 112 113 114 115,-1.0,
base,active,425811.0,425811.0,425820.0,46,37006.0,False
base,active,,425820.0,427020.0,46,-1.0,
base,active,425824.0,425824.0,425840.0,47,37007.0,False
base,active,,425840.0,427040.0,47,-1.0,
base,active,425907.0,425907.0,426960.0,0 1 2 3 4 5 14 15 48 49 50 51 55 56 85 86 87 88 89 90 116 117 118 119 120 121 122 123 124 125 126 127,37008.0,False
base,active,425936.0,425936.0,426173.0,16 17 18 19 20 21 22 23 24 25 26 27 28 29 30 31 32 33 34 35 36 37 38 39 40 41 42 43 44 45 57 58,37009.0,False
base,active,,426173.0,427122.0,16,-1.0,
base,active,,426173.0,427176.0,17 18 19 20 21 22 23 24 25 26 27 28 29 30 31 32 33 34 35 36 37 38 39 40 41 42 43 44 45 57 58,-1.0,
base,active,,426403.0,427176.0,52,-1.0,
base,active,,426403.0,427321.0,53 54 60,-1.0,
base,active,,426404.0,427321.0,61,-1.0,
base,active,,426404.0,427398.0,62,-1.0,
base,active,426405.0,426405.0,427540.0,59 63 64 65,37011.0,False
base,active,426433.0,426433.0,427541.0,66 67,37012.0,False
base,switching_off,,426789.0,428589.0,68 69 70 71 72 73 74 75 76 77 78 91 92 93 94 95 96 97,-2.0,
base,active,,426960.0,427398.0,0 1 2 3 4 5 14,-1.0,
base,active,,426960.0,427463.0,15,-1.0,
base,active,,426960.0,427467.0,48 49 50 51 55 56 85 86 87 88 89 90 116 117 118 119,-1.0,
base,active,,426960.0,427520.0,120,-1.0,
base,active,,426960.0,427544.0,121 122 123 124,-1.0,
base,active,,426960.0,427565.0,125 126,-1.0,
base,active,,426960.0,427634.0,127,-1.0,
base,active,426962.0,426962.0,426979.0,6,37014.0,False
base,active,,426979.0,427634.0,6,-1.0,
base,switching_off,,426991.0,428791.0,7 8 9 10 11 12 13 79 80 81 82 83 84 98 99 100 101 102 103 104 105 106 107 108 109 110 111 112 113 114 115,-2.0,
base,switching_off,,427020.0,428820.0,46,-2.0,
base,switching_off,,427040.0,428840.0,47,-2.0,
base,active,427122.0,427122.0,427132.0,16,37016.0,False
base,active,,427132.0,427634.0,16,-1.0,
base,active,427176.0,427176.0,428253.0,17 18 19 20 21 22 23 24 25 26 27 28 29 30 31 32 33 34 35 36 37 38 39 40 41 42 43 44 45 52 57 58,37017.0,False
base,active,427321.0,427321.0,427397.0,53 54 60 61,37019.0,False
base,active,,427397.0,427634.0,53,-1.0,
base,active,,427397.0,427722.0,54 60 61,-1.0,
base,active,427398.0,427398.0,427465.0,0 1 2 3 4 5 14 62,37021.0,False
base,active,427463.0,427463.0,427506.0,15,37023.0,False
base,active,,427465.0,427722.0,0 1 2 3 4,-1.0,
base,active,,427465.0,427791.0,5 14 62,-1.0,
base,active,427467.0,427467.0,427549.0,48 49 50 51 55 56 85 86 87 88 89 90 116 117 118 119,37024.0,False
base,active,,427506.0,427791.0,15,-1.0,
base,active,427520.0,427520.0,427538.0,120,37026.0,False
base,active,,427538.0,427791.0,120,-1.0,
base,active,,427540.0,427791.0,59 63 64 65,-1.0,
base,active,,427541.0,427791.0,66 67,-1.0,
base,active,427544.0,427544.0,428526.0,121 122 123 124,37027.0,False
base,active,,427549.0,427791.0,48 49 50 51 55,-1.0,
base,active,,427549.0,427946.0,56 85 86 87,-1.0,
base,active,,427549.0,427991.0,88 89 90 116 117 118 119,-1.0,
base,active,427565.0,427565.0,428529.0,125 126,37028.0,False
base,active,427634.0,427634.0,427718.0,6 16 53 127,37029.0,False
base,active,,427718.0,427991.0,6 16 53 127,-1.0,
base,active,427722.0,427722.0,427789.0,0 1 2 3 4 54 60 61,37030.0,False
base,active,,427789.0,427991.0,0 1 2 3 4 54 60 61,-1.0,
base,active,427791.0,427791.0,427859.0,5 14 15 48 49 50 51 55 59 62 63 64 65 66 67 120,37031.0,False
base,active,,427859.0,427991.0,5 14 15 48 49 50 51 55 59 62 63 64 65,-1.0,
base,active,,427859.0,428033.0,66 67 120,-1.0,
base,active,427946.0,427946.0,427991.0,56 85 86 87,37033.0,False
base,active,427991.0,427991.0,428001.0,0 1 2 3 4 5 6 14 15 16 48 49 50 51 53 54 55 59 60 61 62 63 64 65 88 89 90 116 117 118 119 127,37034.0,False
base,active,,427991.0,428033.0,56 85 86 87,-1.0,
base,active,,428001.0,428033.0,0 1 2 3 4 5 6 14 15,-1.0,
base,active,,428001.0,428109.0,16 48 49 50 51 53 54 55 59 60 61 62 63 64 65 88,-1.0,
base,active,,428001.0,428215.0,89 90 116 117 118 119 127,-1.0,
base,active,428033.0,428033.0,428102.0,0 1 2 3 4 5 6 14 15 56 66 67 85 86 87 120,37035.0,False
base,active,,428102.0,428215.0,0 1 2 3 4 5 6 14 15,-1.0,
base,active,,428102.0,428258.0,56,-1.0,
base,active,,428102.0,428260.0,66,-1.0,
base,active,,428102.0,428367.0,67 85 86 87 120,-1.0,
base,active,428109.0,428109.0,428167.0,16 48 49 50 51 53 54 55 59 60 61 62 63 64 65 88,37036.0,False
base,active,,428167.0,428367.0,16 48 49 50 51 53 54 55 59 60 61 62 63 64 65 88,-1.0,
base,active,428215.0,428215.0,428292.0,0 1 2 3 4 5 6 14 15 89 90 116 117 118 119 127,37037.0,False
base,active,,428253.0,428367.0,17 18 19 20 21 22 23 24 25 26 27,-1.0,
base,active,,428253.0,428479.0,28 29 30 31 32 33 34 35 36 37 38 39 40 41 42 43 44 45 52 57 58,-1.0,
base,active,428258.0,428258.0,428289.0,56,37038.0,False
base,active,428260.0,428260.0,428276.0,66,37039.0,False
base,active,,428276.0,428479.0,66,-1.0,
base,active,,428289.0,428479.0,56,-1.0,
base,active,,428292.0,428479.0,0 1 2 3 4 5 6 14 15,-1.0,
base,active,,428292.0,428526.0,89 90 116 117 118 119 127,-1.0,
base,active,428367.0,428367.0,429095.0,16 17 18 19 20 21 22 23 24 25 26 27 48 49 50 51 53 54 55 59 60 61 62 63 64 65 67 85 86 87 88 120,37041.0,False
base,active,428479.0,428479.0,428588.0,0 1 2 3 4 5 6 14 15 28 29 30 31 32 33 34 35 36 37 38 39 40 41 42 43 44 45 52 56 57 58 66,37042.0,False
base,active,428513.0,428526.0,428602.0,89 90 116 117 118 119 121 127,37043.0,False
base,active,,428526.0,428713.0,122 123 124,-1.0,
base,active,,428529.0,428713.0,125 126,-1.0,
base,active,,428588.0,428713.0,0 1 2 3 4 5 6 14 15 28 29,-1.0,
base,active,,428588.0,428849.0,30 31 32 33 34 35 36 37 38 39 40 41 42 43 44 45,-1.0,
base,active,,428588.0,429125.0,52 56 57 58 66,-1.0,
base,sleeping,,428589.0,432866.0,68 69 70 71 72 73 74 75 76 77 78 91,-4.0,
base,sleeping,,428589.0,433447.0,92 93 94 95 96 97,-4.0,
base,active,,428602.0,429125.0,89 90 116 117 118 119 121 127,-1.0,
base,active,428713.0,428713.0,428776.0,0 1 2 3 4 5 6 14 15 28 29 122 123 124 125 126,37044.0,False
base,active,,428776.0,429125.0,0 1 2 3 4 5 6 14 15 28 29 122 123 124 125 126,-1.0,
base,sleeping,,428791.0,432866.0,7 8 9 10 11 12 13 79 80 81 82 83 84,-4.0,
base,sleeping,,428791.0,433447.0,98 99 100 101 102 103 104 105 106 107 108 109 110 111 112 113 114 115,-4.0,
base,sleeping,,428820.0,432866.0,46,-4.0,
base,sleeping,,428840.0,432866.0,47,-4.0,
base,active,428849.0,428849.0,428905.0,30 31 32 33 34 35 36 37 38 39 40 41 42 43 44 45,37046.0,False
base,active,,428905.0,429125.0,30 31 32,-1.0,
base,active,,428905.0,429605.0,33,-1.0,
base,active,,428905.0,429668.0,34,-1.0,
base,active,,428905.0,429808.0,35 36 37 38,-1.0,
base,active,,428905.0,429829.0,39 40,-1.0,
base,active,,428905.0,430105.0,41 42 43 44 45,-1.0,
base,active,,429095.0,430248.0,16 17 18 19 20 21 22 23 24 25 26 27 48 49 50 51 53 54 55 59 60 61 62 63 64 65 67 85 86 87 88 120,-1.0,
base,active,429125.0,429125.0,429603.0,0 1 2 3 4 5 6 14 15 28 29 30 31 32 52 56 57 58 66 89 90 116 117 118 119 121 122 123 124 125 126 127,37047.0,False
base,active,,429603.0,430273.0,0 1 2 3 4 5 6 14,-1.0,
base,active,,429603.0,430380.0,15 28 29 30 31 32 52 56 57 58 66 89 90 116 117 118,-1.0,
base,active,,429603.0,430553.0,119 121 122 123 124 125 126 127,-1.0,
base,active,429605.0,429605.0,429622.0,33,37053.0,False
base,active,,429622.0,430553.0,33,-1.0,
base,active,429668.0,429668.0,429677.0,34,37054.0,False
base,active,,429677.0,430553.0,34,-1.0,
base,active,429808.0,429808.0,429836.0,35 36 37 38,37056.0,False
base,active,429829.0,429829.0,429850.0,39 40,37057.0,False
base,active,,429836.0,430553.0,35 36 37 38,-1.0,
base,active,,429850.0,430553.0,39 40,-1.0,
base,switching_off,,430105.0,431905.0,41 42 43 44 45,-2.0,
base,active,430248.0,430248.0,430478.0,16 17 18 19 20 21 22 23 24 25 26 27 48 49 50 51 53 54 55 59 60 61 62 63 64 65 67 85 86 87 88 120,37059.0,False
base,active,430273.0,430273.0,430481.0,0 1 2 3 4 5 6 14,37060.0,False
base,active,430380.0,430380.0,430533.0,15 28 29 30 31 32 52 56 57 58 66 89 90 116 117 118,37061.0,False
base,active,,430478.0,430592.0,16 17 18 19 20 21 22 23 24 25 26 27 48 49 50 51 53 54 55 59 60 61 62 63 64 65 67 85 86 87 88 120,-1.0,
base,active,,430481.0,430796.0,0 1 2 3 4 5 6 14,-1.0,
base,active,,430533.0,430796.0,15 28 29 30 31 32 52 56,-1.0,
base,active,,430533.0,430845.0,57,-1.0,
base,active,,430533.0,430857.0,58 66 89 90,-1.0,
base,active,,430533.0,430891.0,116 117,-1.0,
base,active,,430533.0,430965.0,118,-1.0,
base,active,430553.0,430553.0,430799.0,33 34 35 36 37 38 39 40 119 121 122 123 124 125 126 127,37063.0,False
base,active,430592.0,430592.0,431358.0,16 17 18 19 20 21 22 23 24 25 26 27 48 49 50 51 53 54 55 59 60 61 62 63 64 65 67 85 86 87 88 120,37064.0,False
base,active,430796.0,430796.0,430818.0,0 1 2 3 4 5 6 14 15 28 29 30 31 32 52 56,37065.0,False
base,active,,430799.0,430965.0,33 34 35 36 37 38 39 40 119 121 122 123 124 125 126,-1.0,
base,active,,430799.0,431212.0,127,-1.0,
base,active,,430818.0,431212.0,0 1 2 3 4 5 6 14 15 28 29 30 31 32 52,-1.0,
base,active,,430818.0,431347.0,56,-1.0,
base,active,430845.0,430845.0,431005.0,57,37066.0,False
base,active,430857.0,430857.0,431863.0,58 66 89 90,37067.0,False
base,active,430891.0,430891.0,431865.0,116 117,37068.0,False
base,active,430965.0,430965.0,431039.0,33 34 35 36 37 38 39 40 118 119 121 122 123 124 125 126,37069.0,False
base,active,,431005.0,431347.0,57,-1.0,
base,active,,431039.0,431347.0,33 34 35 36 37 38 39 40 118 119 121 122 123 124,-1.0,
base,active,,431039.0,431746.0,125,-1.0,
base,active,,431039.0,432163.0,126,-1.0,
base,active,431212.0,431212.0,431268.0,0 1 2 3 4 5 6 14 15 28 29 30 31 32 52 127,37071.0,False
base,active,,431268.0,432399.0,0,-1.0,
base,active,,431268.0,432468.0,1 2 3 4 5 6 14 15 28 29 30 31 32 52 127,-1.0,
base,active,431347.0,431347.0,431415.0,33 34 35 36 37 38 39 40 56 57 118 119 121 122 123 124,37072.0,False
base,active,,431358.0,432508.0,16 17 18 19 20 21 22 23 24 25 26 27 48 49 50 51,-1.0,
base,active,,431358.0,432558.0,53 54 55 59 60 61 62 63 64 65 67 85 86 87 88 120,-1.0,
base,active,,431415.0,432615.0,33 34 35 36 37 38 39 40 56 57 118 119 121 122 123 124,-1.0,
base,active,431746.0,431746.0,431892.0,125,37078.0,False
base,active,,431863.0,432723.0,58,-1.0,
base,active,,431863.0,433063.0,66 89 90,-1.0,
base,active,,431865.0,433065.0,116 117,-1.0,
base,active,,431892.0,433092.0,125,-1.0,
base,sleeping,,431905.0,432866.0,41 42 43 44 45,-4.0,
base,active,432163.0,432163.0,432245.0,126,37080.0,False
base,active,,432245.0,433124.0,126,-1.0,
base,active,432399.0,432399.0,432573.0,0,37081.0,False
base,switching_off,,432468.0,434268.0,1 2 3 4 5 6 14 15 28 29 30 31 32 52 127,-2.0,
base,active,432508.0,432508.0,432568.0,16 17 18 19 20 21 22 23 24 25 26 27 48 49 50 51,37083.0,False
base,switching_off,,432558.0,434358.0,53 54 55 59 60 61 62 63 64 65 67 85 86 87 88 120,-2.0,
base,active,,432568.0,433124.0,16 17 18,-1.0,
base,active,,432568.0,433147.0,19 20,-1.0,
base,active,,432568.0,433268.0,21,-1.0,
base,active,,432568.0,433337.0,22,-1.0,
base,active,,432568.0,433341.0,23,-1.0,
base,active,,432568.0,436147.0,24 25 26 27 48 49 50 51,-1.0,
base,active,,432573.0,433773.0,0,-1.0,
base,switching_off,,432615.0,434415.0,33 34 35 36 37 38 39 40 56 57 118 119 121 122 123 124,-2.0,
base,active,432723.0,432723.0,433983.0,58,37084.0,False
base,switching_on,,432866.0,435566.0,7 8 9 10 11 12 13 41 42 43 44 45 46 47 68 69 70 71 72 73 74 75 76 77 78 79 80 81 82 83 84 91,-3.0,
base,switching_off,,433063.0,434863.0,66 89 90,-2.0,
base,switching_off,,433065.0,434865.0,116 117,-2.0,
base,switching_off,,433092.0,434892.0,125,-2.0,
base,active,433124.0,433124.0,434099.0,16 17 18 126,37090.0,False
base,active,433147.0,433147.0,434101.0,19 20,37092.0,False
base,active,433268.0,433268.0,433984.0,21,37093.0,False
base,active,433337.0,433337.0,433360.0,22,37094.0,False
base,active,433341.0,433341.0,433355.0,23,37095.0,False
base,active,,433355.0,437058.0,23,-1.0,
base,active,,433360.0,437058.0,22,-1.0,
base,switching_on,,433447.0,436147.0,92 93 94 95 96 97 98 99 100 101 102 103 104 105 106 107 108 109 110 111 112 113 114 115,-3.0,
base,switching_off,,433773.0,435573.0,0,-2.0,
base,active,,433983.0,437058.0,58,-1.0,
base,active,,433984.0,437058.0,21,-1.0,
base,active,,434099.0,434358.0,18 126,-1.0,
base,active,,434099.0,437058.0,16 17,-1.0,
base,active,,434101.0,434564.0,19,-1.0,
base,active,,434101.0,434569.0,20,-1.0,
base,sleeping,,434268.0,434301.0,1 2 3 4 5,-4.0,
base,sleeping,,434268.0,434358.0,6 14 15 28 29 30 31 32 52 127,-4.0,
base,switching_on,,434301.0,437001.0,1 2 3 4 5,-3.0,
base,active,434324.0,434358.0,435297.0,18 126,37102.0,False
base,switching_on,,434358.0,437058.0,6 14 15 28 29 30 31 32 52 53 54 55 59 60 61 62 63 64 65 67 85 86 87 88 120 127,-3.0,
base,sleeping,,434415.0,434964.0,33,-4.0,
base,sleeping,,434415.0,435014.0,34,-4.0,
base,sleeping,,434415.0,435028.0,35,-4.0,
base,sleeping,,434415.0,435695.0,36,-4.0,
base,sleeping,,434415.0,435718.0,37 38 39 40,-4.0,
base,sleeping,,434415.0,435739.0,56 57,-4.0,
base,sleeping,,434415.0,435796.0,118,-4.0,
base,sleeping,,434415.0,435887.0,119 121,-4.0,
base,sleeping,,434415.0,435995.0,122 123,-4.0,
base,sleeping,,434415.0,436903.0,124,-4.0,
base,active,434564.0,434564.0,434599.0,19,37103.0,False
base,active,434569.0,434569.0,434593.0,20,37104.0,False
base,active,,434593.0,435793.0,20,-1.0,
base,active,,434599.0,435799.0,19,-1.0,
base,sleeping,,434863.0,435774.0,66 89 90,-4.0,
base,sleeping,,434865.0,435774.0,116,-4.0,
base,sleeping,,434865.0,435796.0,117,-4.0,
base,sleeping,,434892.0,436903.0,125,-4.0,
base,switching_on,,434964.0,437664.0,33,-3.0,
base,switching_on,,435014.0,437714.0,34,-3.0,
base,switching_on,,435028.0,437728.0,35,-3.0,
base,active,,435297.0,436032.0,18 126,-1.0,
base,active,432866.0,435566.0,436032.0,7 8 9 10 11 12 13 41 42 43 44 45 46 47 68 69 70 71 72 73 74 75 76 77 78 79 80 81 82 83 84 91,37086.0,False
base,sleeping,,435573.0,435631.0,0,-4.0,
base,switching_on,,435631.0,438331.0,0,-3.0,
base,switching_on,,435695.0,438395.0,36,-3.0,
base,switching_on,,435718.0,438418.0,37 38 39 40,-3.0,
base,switching_on,,435739.0,438439.0,56 57,-3.0,
base,switching_on,,435774.0,438474.0,66 89 90 116,-3.0,
base,switching_off,,435793.0,437593.0,20,-2.0,
base,switching_on,,435796.0,438496.0,117 118,-3.0,
base,switching_off,,435799.0,437599.0,19,-2.0,
base,switching_on,,435887.0,438587.0,119 121,-3.0,
base,switching_on,,435995.0,438695.0,122 123,-3.0,
base,active,,436032.0,436265.0,91,-1.0,
base,active,,436032.0,436640.0,84,-1.0,
base,active,434658.0,436032.0,437436.0,7 8 9 10 11 12 13 18 41 42 43 44 45 46 47 68 69 70 71 72 73 74 75 76 77 78 79 80 81 82 83 126,37106.0,False
base,active,433447.0,436147.0,436640.0,24 25 26 27 48 49 50 51 92 93 94 95 96 97 98 99 100 101 102 103 104 105 106 107 108 109 110 111 112 113 114 115,37096.0,False
base,active,436265.0,436265.0,436268.0,91,37138.0,False
base,active,,436268.0,436640.0,91,-1.0,
base,active,434726.0,436640.0,436903.0,24 25 26 27 48 49 50 51 84 91 92 93 94 95 96 97 98 99 100 101 102 103 104 105 106 107 108 109 110 111 112 113,37108.0,False
base,active,,436640.0,436903.0,114 115,-1.0,
base,active,435849.0,436903.0,436906.0,108 109 110 111,37125.0,False
base,active,435800.0,436903.0,436929.0,50 51 84 91,37123.0,False
base,active,435583.0,436903.0,437029.0,24 25 26 27 48 49 114 115,37116.0,False
base,active,435833.0,436903.0,437138.0,92 93 94 95 96 97 98 99 100 101 102 103 104 105 106 107,37124.0,False
base,active,,436903.0,439603.0,112 113,-1.0,
base,switching_on,,436903.0,439603.0,124 125,-3.0,
base,active,,436906.0,436929.0,108 109 110 111,-1.0,
base,active,435915.0,436929.0,436932.0,50 51 84 91 108 109 110 111,37128.0,False
base,active,435950.0,436932.0,436935.0,50 51 84 91,37133.0,False
base,active,435935.0,436932.0,436936.0,108 109 110 111,37131.0,False
base,active,,436935.0,436936.0,50 51 84 91,-1.0,
base,active,435940.0,436936.0,436939.0,50 51 84 91 108 109 110 111,37132.0,False
base,active,435982.0,436939.0,436942.0,50 51 84 91 108 109 110 111,37134.0,False
base,active,,436942.0,437029.0,50 51 84 91 108 109 110 111,-1.0,
base,active,434072.0,437001.0,437102.0,1,37099.0,False
base,active,434301.0,437001.0,437961.0,2 3 4 5,37101.0,False
base,active,436070.0,437029.0,437032.0,24 25 26 27 48 49 50 51 84 91 108 109 110 111 114 115,37137.0,False
base,active,,437032.0,437138.0,24 25 26 27 48 49 50 51 84 91 108 109 110 111 114 115,-1.0,
base,active,433985.0,437058.0,437619.0,6 14 15 16 17 21 22 23 28 29 30 31 32 52 53 54 55 58 59 60 61 62 63 64 65 67 85 86 87 88 120 127,37098.0,False
base,active,,437102.0,437138.0,1,-1.0,
base,active,435928.0,437138.0,437141.0,1 24 25 26 27 48 49 50 51 84 91 92 93 94 95 96 97 98 99 100 101 102 103 104 105 106 108 109 110 111 114 115,37129.0,False
base,active,,437138.0,437141.0,107,-1.0,
base,active,436064.0,437141.0,437144.0,1 24 25 26 27 48 49 50 51 84 91 92 93 94 95 96 97 98 99 100 101 102 103 104 105 106 107 108 109 110 111 114,37136.0,False
base,active,,437141.0,438103.0,115,-1.0,
base,active,,437144.0,438103.0,1 24 25,-1.0,
base,active,,437144.0,438132.0,26 27,-1.0,
base,active,,437144.0,438135.0,48 49 50 51,-1.0,
base,active,,437144.0,438162.0,84 91 92 93 94 95 96 97 98 99 100 101 102 103 104 105 106 107 108 109 110 111 114,-1.0,
base,active,,437436.0,438162.0,7 8 9 10 11 12 13 18 41 42 43 44 45 46 47 68 69 70 71 72 73 74 75 76 77 78 79 80 81 82 83 126,-1.0,
base,sleeping,,437593.0,440295.0,20,-4.0,
base,sleeping,,437599.0,440295.0,19,-4.0,
base,active,,437619.0,438162.0,6 14 15 16 17 21 22 23 28,-1.0,
base,active,,437619.0,438182.0,29 30 31 32,-1.0,
base,active,,437619.0,438241.0,52 53 54 55,-1.0,
base,active,,437619.0,438254.0,58 59 60 61,-1.0,
base,active,,437619.0,438299.0,62 63,-1.0,
base,active,,437619.0,438390.0,64 65 67 85 86 87 88 120 127,-1.0,
base,active,434964.0,437664.0,437685.0,33,37111.0,False
base,active,,437685.0,438390.0,33,-1.0,
base,active,435014.0,437714.0,437721.0,34,37113.0,False
base,active,,437721.0,438390.0,34,-1.0,
base,active,435028.0,437728.0,437852.0,35,37114.0,False
base,active,,437852.0,438390.0,35,-1.0,
base,active,,437961.0,438390.0,2 3 4 5,-1.0,
base,active,438103.0,438103.0,438158.0,1 24 25 115,37141.0,False
base,active,438132.0,438132.0,438157.0,26 27,37142.0,False
base,active,438135.0,438135.0,438194.0,48 49 50 51,37143.0,False
base,active,,438157.0,438390.0,26 27,-1.0,
base,active,,438158.0,438390.0,1 24 25 115,-1.0,
base,active,438162.0,438162.0,440512.0,6 7 8 9 10 11 12 13 14 15 16 17 18 21 22 23 28 41 42 43 44 45 46 47 68 69 70 71 72 73 74 75 76 77 78 79 80 81 82 83 84 91 92 93 94 95 96 97 98 99 100 101 102 103 104 105 106 107 108 109 110 111 114 126,37144.0,False
base,active,438182.0,438182.0,438211.0,29 30 31 32,37145.0,False
base,active,,438194.0,438390.0,48 49 50 51,-1.0,
base,active,,438211.0,438390.0,29 30 31 32,-1.0,
base,active,438241.0,438241.0,438353.0,52 53 54 55,37146.0,False
base,active,438254.0,438254.0,438310.0,58 59 60 61,37147.0,False
base,active,438299.0,438299.0,438342.0,62 63,37148.0,False
base,active,,438310.0,438390.0,58 59,-1.0,
base,active,,438310.0,438450.0,60 61,-1.0,
base,active,435631.0,438331.0,438380.0,0,37117.0,False
base,active,,438342.0,438450.0,62 63,-1.0,
base,active,,438353.0,438450.0,52 53 54 55,-1.0,
base,active,,438380.0,438490.0,0,-1.0,
base,active,438390.0,438390.0,438690.0,1 2 3 4 5 24 25 26 27 29 30 31 32 33 34 35 48 49 50 51 58 59 64 65 67 85 86 87 88 115 120 127,37149.0,False
base,active,435695.0,438395.0,438413.0,36,37118.0,False
base,active,,438413.0,438490.0,36,-1.0,
base,active,435718.0,438418.0,438443.0,37 38 39 40,37119.0,False
base,active,435739.0,438439.0,438443.0,56 57,37120.0,False
base,active,,438443.0,438490.0,37 38,-1.0,
base,active,,438443.0,438512.0,39 40 56 57,-1.0,
base,active,438450.0,438450.0,438692.0,52 53 54 55 60 61 62 63,37150.0,False
base,active,435774.0,438474.0,438500.0,66 89 90 116,37121.0,False
base,active,438490.0,438490.0,438836.0,0 36 37 38,37151.0,False
base,active,435796.0,438496.0,438499.0,117 118,37122.0,False
base,active,,438499.0,438540.0,117 118,-1.0,
base,active,,438500.0,439343.0,66,-1.0,
base,active,,438500.0,439444.0,89,-1.0,
base,active,,438500.0,439486.0,90 116,-1.0,
base,active,438512.0,438512.0,445626.0,39 40 56 57,37152.0,False
base,active,438540.0,438540.0,445626.0,117 118,37153.0,False
base,active,435887.0,438587.0,438590.0,119 121,37127.0,False
base,active,,438590.0,439486.0,119 121,-1.0,
base,active,,438690.0,439829.0,1,-1.0,
base,active,,438690.0,439890.0,2 3 4 5 24 25 26 27 29 30 31 32 33 34 35 48 49 50 51 58 59 64 65 67 85 86 87 88 115 120 127,-1.0,
base,active,,438692.0,439892.0,52 53 54 55 60 61 62 63,-1.0,
base,active,435995.0,438695.0,438698.0,122 123,37135.0,False
base,active,,438698.0,439898.0,122 123,-1.0,
base,active,,438836.0,440036.0,0 36 37 38,-1.0,
base,active,439343.0,439343.0,439358.0,66,37156.0,False
base,active,,439358.0,442995.0,66,-1.0,
base,active,439444.0,439444.0,439705.0,89,37157.0,False
base,active,439486.0,439486.0,439776.0,90 116 119 121,37158.0,False
base,active,435859.0,439603.0,439634.0,112 113 124 125,37126.0,False
base,active,,439634.0,442995.0,112 113 124 125,-1.0,
base,active,,439705.0,442995.0,89,-1.0,
base,active,,439776.0,440295.0,90,-1.0,
base,active,,439776.0,440512.0,116 119 121,-1.0,
base,active,439829.0,439829.0,439959.0,1,37160.0,False
base,switching_off,,439890.0,441690.0,2 3 4 5 24 25 26 27 29 30 31 32 33 34 35 48 49 50 51 58 59 64 65 67 85 86 87 88 115 120 127,-2.0,
base,switching_off,,439892.0,441692.0,52 53 54 55 60 61 62 63,-2.0,
base,switching_off,,439898.0,441698.0,122 123,-2.0,
base,active,,439959.0,440512.0,1,-1.0,
base,switching_off,,440036.0,441836.0,0 36 37 38,-2.0,
base,active,440295.0,440295.0,440422.0,90,37168.0,False
base,switching_on,,440295.0,442995.0,19 20,-3.0,
base,active,,440422.0,440512.0,90,-1.0,
base,active,,440512.0,440516.0,71,-1.0,
base,active,,440512.0,440517.0,72,-1.0,
base,active,,440512.0,440579.0,73,-1.0,
base,active,,440512.0,440951.0,74 126,-1.0,
base,active,,440512.0,441187.0,106 107 108 109 110 111 114,-1.0,
base,active,,440512.0,444390.0,75 76 77 78 79 80 81 82 83 84 91 92 93 94 95 96 97 98 99 100 101 102 103 104 105,-1.0,
base,active,439893.0,440512.0,446490.0,1 6 7 8 9 10 11 12 13 14 15 16 17 18 21 22 23 28 41 42 43 44 45 46 47 68 69 70 90 116 119 121,37161.0,False
base,active,440516.0,440516.0,440729.0,71,37169.0,False
base,active,440517.0,440517.0,440532.0,72,37170.0,False
base,active,,440532.0,440951.0,72,-1.0,
base,active,440579.0,440579.0,440602.0,73,37171.0,False
base,active,,440602.0,440951.0,73,-1.0,
base,active,,440729.0,440951.0,71,-1.0,
base,active,440884.0,440951.0,441017.0,71 72 73 74,37174.0,False
base,active,440951.0,440951.0,441110.0,126,37175.0,False
base,active,,441017.0,441187.0,71,-1.0,
base,active,,441017.0,444390.0,72 73 74,-1.0,
base,active,,441110.0,441187.0,126,-1.0,
base,active,441187.0,441187.0,441342.0,71,37178.0,False
base,active,440993.0,441187.0,441546.0,106 107 108 109 110 111 114 126,37176.0,False
base,active,,441342.0,444390.0,71,-1.0,
base,active,,441546.0,442344.0,114,-1.0,
base,active,,441546.0,442705.0,126,-1.0,
base,active,,441546.0,444390.0,106 107 108 109,-1.0,
base,active,,441546.0,444899.0,110 111,-1.0,
base,switching_on,,441690.0,444390.0,2 3 4 5 24 25 26 27 29 30 31 32 33 34 35 48 49 50 51 58 59 64 65 67 85 86 87 88 115 120 127,-3.0,
base,switching_on,,441692.0,444392.0,52 53 54 55 60 61 62 63,-3.0,
base,sleeping,,441698.0,442199.0,122 123,-4.0,
base,sleeping,,441836.0,442199.0,0 36 37 38,-4.0,
base,switching_on,,442199.0,444899.0,0 36 37 38 122 123,-3.0,
base,active,442344.0,442344.0,442461.0,114,37187.0,False
base,active,,442461.0,442711.0,114,-1.0,
base,active,442705.0,442705.0,442736.0,126,37188.0,False
base,active,442711.0,442711.0,442739.0,114,37189.0,False
base,active,,442736.0,443002.0,126,-1.0,
base,active,,442739.0,443237.0,114,-1.0,
base,active,439923.0,442995.0,448944.0,19 20 66 89 112 113 124 125,37162.0,False
base,active,443002.0,443002.0,443170.0,126,37193.0,False
base,active,,443170.0,443709.0,126,-1.0,
base,active,443237.0,443237.0,443308.0,114,37196.0,False
base,active,,443308.0,443710.0,114,-1.0,
base,active,443709.0,443709.0,443724.0,126,37203.0,False
base,active,443710.0,443710.0,443732.0,114,37204.0,False
base,active,,443724.0,444008.0,126,-1.0,
base,active,,443732.0,444307.0,114,-1.0,
base,active,444008.0,444008.0,444048.0,126,37208.0,False
base,active,,444048.0,444297.0,126,-1.0,
base,active,444297.0,444297.0,444313.0,126,37209.0,False
base,active,444307.0,444307.0,444316.0,114,37210.0,False
base,active,,444313.0,445093.0,126,-1.0,
base,active,,444316.0,445093.0,114,-1.0,
base,active,440718.0,444390.0,446379.0,2 3 4 5 24 25 26 27 29 30 31 32 33 34 35 48 49 50 51 58 59 64 65 67 71 72 73 74 75 76 77 78 79 80 81 82 83 84 85 86 87 88 91 92 93 94 95 96 97 98 99 100 101 102 103 104 105 106 107 108 109 115 120 127,37172.0,False
base,active,441684.0,444392.0,444677.0,52 53 54 55 60 61 62 63,37182.0,False
base,active,442914.0,444677.0,444886.0,52 53 54 55 60 61 62 63,37192.0,False
base,active,443357.0,444886.0,444888.0,52 53 54 55,37199.0,False
base,active,444703.0,444886.0,444929.0,60 61 62 63,37214.0,False
base,active,,444888.0,444890.0,52 53 54 55,-1.0,
base,active,444890.0,444890.0,444965.0,52 53 54 55,37217.0,False
base,active,442199.0,444899.0,445093.0,0 36 37 38 110 111 122 123,37185.0,False
base,active,,444929.0,444965.0,60 61 62 63,-1.0,
base,active,443654.0,444965.0,445146.0,52 53 54 55 60 61 62 63,37202.0,False
base,active,,445093.0,445146.0,0 36,-1.0,
base,active,443872.0,445093.0,445358.0,37 38 110 111 114 122 123 126,37206.0,False
base,active,444597.0,445146.0,445298.0,0 36 52 53 54 55 60 61,37213.0,False
base,active,,445146.0,445298.0,62 63,-1.0,
base,active,,445298.0,445358.0,60 61,-1.0,
base,active,444932.0,445298.0,445418.0,0 36 52 53 54 55 62 63,37219.0,False
base,active,,445358.0,445418.0,37 38,-1.0,
base,active,445130.0,445358.0,445439.0,60 61 110 111 114 122 123 126,37222.0,False
base,active,,445418.0,445433.0,52 53 54 55,-1.0,
base,active,445203.0,445418.0,445464.0,0 36 37 38,37223.0,False
base,active,,445418.0,445465.0,62 63,-1.0,
base,active,445433.0,445433.0,446213.0,52 53 54 55,37225.0,False
base,active,,445439.0,445465.0,60 61,-1.0,
base,active,,445439.0,446122.0,123 126,-1.0,
base,active,,445439.0,446193.0,122,-1.0,
base,active,,445439.0,446379.0,110 111 114,-1.0,
base,active,,445464.0,445465.0,0 36 37 38,-1.0,
base,active,445465.0,445465.0,445607.0,0 36 37 38 60 61 62 63,37226.0,False
base,active,,445607.0,445683.0,0 36 37 38,-1.0,
base,active,,445607.0,445706.0,60 61,-1.0,
base,active,,445607.0,446086.0,62 63,-1.0,
base,active,,445626.0,446086.0,39 40,-1.0,
base,active,,445626.0,446093.0,56 57,-1.0,
base,active,,445626.0,446196.0,118,-1.0,
base,active,,445626.0,446379.0,117,-1.0,
base,active,445683.0,445683.0,446058.0,0 36 37 38,37228.0,False
base,active,445706.0,445706.0,446057.0,60 61,37229.0,False
base,active,,446057.0,446093.0,60 61,-1.0,
base,active,,446058.0,446093.0,0 36 37 38,-1.0,
base,active,446086.0,446086.0,446294.0,39 40 62 63,37231.0,False
base,active,446093.0,446093.0,457115.0,0 36 37 38 56 57 60 61,37232.0,False
base,active,446122.0,446122.0,446294.0,123 126,37233.0,False
base,active,446193.0,446193.0,446217.0,122,37235.0,False
base,active,446196.0,446196.0,446215.0,118,37236.0,False
base,active,,446213.0,446224.0,52 53 54 55,-1.0,
base,active,,446215.0,446379.0,118,-1.0,
base,active,,446217.0,446379.0,122,-1.0,
base,active,446224.0,446224.0,446288.0,52 53 54 55,37237.0,False
base,active,,446288.0,446343.0,52 53 54 55,-1.0,
base,active,,446294.0,446369.0,39 40,-1.0,
base,active,,446294.0,446379.0,62 63 123 126,-1.0,
base,active,446343.0,446343.0,446757.0,52 53 54 55,37239.0,False
base,active,446369.0,446369.0,446854.0,39 40,37241.0,False
base,active,,446379.0,446490.0,103 104 105 106 107 108 109 115 120 127,-1.0,
base,active,442814.0,446379.0,446795.0,2 3 4 5 24 25 26 27 29 30 31 32 33 34 35 48 49 50 51 58 59 62 63 64 65 67 71 72 73 74 75 76 77 78 79 80 81 82 83 84 85 86 87 88 91 92 93 94 95 96 97 98 99 100 101 102 110 111 114 117 118 122 123 126,37191.0,False
base,active,,446490.0,446760.0,45 46 47 68,-1.0,
base,active,,446490.0,446795.0,69 70 90 116 119 121,-1.0,
base,active,443311.0,446490.0,446884.0,1 6 7 8 9 10 11 12 13 14 15 16 17 18 21 22 23 28 41 42 43 44 103 104 105 106 107 108 109 115 120 127,37198.0,False
base,active,,446757.0,446795.0,52 53 54 55,-1.0,
base,active,446760.0,446760.0,446782.0,45 46 47 68,37246.0,False
base,active,,446782.0,446795.0,45 46 47 68,-1.0,
base,active,,446795.0,446824.0,79,-1.0,
base,active,,446795.0,446863.0,80 81,-1.0,
base,active,446307.0,446795.0,447294.0,51 58 59 62 63 64 65 67 71 72 73 74 75 76 77 78,37238.0,False
base,active,,446795.0,447294.0,82 83 84 85 86 87 88 91 92 93 94 95 96 97 98 99 100 101 102 110 111 114 117 118 122 123 126,-1.0,
base,active,443787.0,446795.0,447303.0,2 3 4 5 24 25 26 27 29 30 31 32 33 34 35 45 46 47 48 49 50 52 53 54 55 68 69 70 90 116 119 121,37205.0,False
base,active,446824.0,446824.0,446885.0,79,37248.0,False
base,active,,446854.0,446863.0,39 40,-1.0,
base,active,446863.0,446863.0,447435.0,39 40 80 81,37250.0,False
base,active,,446884.0,446889.0,1 6,-1.0,
base,active,,446884.0,447294.0,7 8 9 10 11 12 13 14 15 16 17 18 21 22 23 28 41 42 43 44 103 104 105 106 107 108 109 115 120 127,-1.0,
base,active,,446885.0,447294.0,79,-1.0,
base,active,446889.0,446889.0,447435.0,1 6,37251.0,False
base,active,447147.0,447294.0,447320.0,78,37255.0,False
base,active,447145.0,447294.0,447332.0,77,37254.0,False
base,active,446827.0,447294.0,447821.0,65 67 71 72 73 74 75 76,37249.0,False
base,active,444416.0,447294.0,448166.0,7 8 9 10 11 12 13 14 15 16 17 18 21 22 23 28 41 42 43 44 51 58 59 62 63 64 79 82 83 84 85 86 87 88 91 92 93 94 95 96 97 98 99 100 101 102 103 104 105 106 107 108 109 110 111 114 115 117 118 120 122 123 126 127,37211.0,False
base,active,446061.0,447303.0,458355.0,2 3 4 5 24 25 26 27 29 30 31 32 33 34 35 45 46 47 48 49 50 52 53 54 55 68 69 70 90 116 119 121,37230.0,False
base,active,,447320.0,447435.0,78,-1.0,
base,active,,447332.0,447435.0,77,-1.0,
base,active,446911.0,447435.0,447522.0,1 6 77 78,37252.0,False
base,active,,447435.0,447522.0,39 40 80 81,-1.0,
base,active,447029.0,447522.0,447582.0,1 6 39 40 77 78 80 81,37253.0,False
base,active,,447582.0,447612.0,80,-1.0,
base,active,,447582.0,447717.0,81,-1.0,
base,active,447548.0,447582.0,448608.0,77 78,37261.0,False
base,active,447524.0,447582.0,448632.0,1 6 39 40,37260.0,False
base,active,447612.0,447612.0,447724.0,80,37263.0,False
base,active,447717.0,447717.0,447770.0,81,37265.0,False
base,active,,447724.0,447770.0,80,-1.0,
base,active,447751.0,447770.0,447889.0,80 81,37266.0,False
base,active,,447821.0,447893.0,65 67 71 72,-1.0,
base,active,,447821.0,447931.0,73,-1.0,
base,active,,447821.0,447991.0,74 75 76,-1.0,
base,active,,447889.0,447991.0,80 81,-1.0,
base,active,447893.0,447893.0,447975.0,65 67 71 72,37268.0,False
base,active,447931.0,447931.0,447946.0,73,37269.0,False
base,active,,447946.0,447991.0,73,-1.0,
base,active,,447975.0,447991.0,65 67,-1.0,
base,active,,447975.0,448166.0,71 72,-1.0,
base,active,447991.0,447991.0,448072.0,65 67 73 74 75 76 80 81,37270.0,False
base,active,,448072.0,448166.0,65 67 73 74 75 76 80 81,-1.0,
base,active,,448166.0,448354.0,111 114,-1.0,
base,active,,448166.0,448369.0,115,-1.0,
base,active,,448166.0,448502.0,117,-1.0,
base,active,,448166.0,448586.0,118 120 122 123,-1.0,
base,active,,448166.0,448609.0,126 127,-1.0,
base,active,445386.0,448166.0,448962.0,7 8 9 10 11 12 13 14 15 16 17 18 21 22 23 28 41 42 43 44 51 58 59 62 63 64 65 67 71 72 73 74 75 76 79 80 81 82 83 84 85 86 87 88 91 92 93 94 95 96 97 98 99 100 101 102 103 104 105 106 107 108 109 110,37224.0,False
base,active,448354.0,448354.0,448470.0,111 114,37273.0,False
base,active,448369.0,448369.0,448390.0,115,37274.0,False
base,active,,448390.0,448628.0,115,-1.0,
base,active,,448470.0,448628.0,111 114,-1.0,
base,active,448502.0,448502.0,448543.0,117,37276.0,False
base,active,,448543.0,448628.0,117,-1.0,
base,active,448586.0,448586.0,451115.0,118 120 122 123,37277.0,False
base,active,,448608.0,448716.0,77 78,-1.0,
base,active,448609.0,448609.0,451127.0,126 127,37279.0,False
base,active,448628.0,448628.0,448661.0,111 114 115 117,37280.0,False
base,active,,448632.0,448716.0,1 6,-1.0,
base,active,,448632.0,448757.0,39 40,-1.0,
base,active,,448661.0,448757.0,111 114 115 117,-1.0,
base,active,448716.0,448716.0,448751.0,1 6 77 78,37281.0,False
base,active,,448751.0,448757.0,1 6,-1.0,
base,active,,448751.0,448830.0,77,-1.0,
base,active,,448751.0,448944.0,78,-1.0,
base,active,448757.0,448757.0,448881.0,1 6 39 40 111 114 115 117,37282.0,False
base,active,448830.0,448830.0,448854.0,77,37283.0,False
base,active,,448854.0,448944.0,77,-1.0,
base,active,,448881.0,448944.0,1 6 39 40 111 114 115 117,-1.0,
base,active,,448944.0,448962.0,124 125,-1.0,
base,active,447186.0,448944.0,449056.0,1 6 19 20 39 40 66 77 78 89 111 112 113 114 115 117,37256.0,False
base,active,,448962.0,449056.0,109 110,-1.0,
base,active,446367.0,448962.0,449728.0,7 8 9 10 11 12 13 14 15 16 17 18 21 22 23 28 41 42 43 44 51 58 59 62 63 64 65 67 71 72 73 74 75 76 79 80 81 82 83 84 85 86 87 88 91 92 93 94 95 96 97 98 99 100 101 102 103 104 105 106 107 108 124 125,37240.0,False
base,active,447485.0,449056.0,449073.0,1 6 19 20 39 40 66 77 78 89 109 110 111 112 113 114,37259.0,False
base,active,,449056.0,449073.0,115 117,-1.0,
base,active,447553.0,449073.0,449100.0,1 6 19 20 39 40 66 77 78 89 109 110 111 112 115 117,37262.0,False
base,active,,449073.0,449100.0,113 114,-1.0,
base,active,,449100.0,449147.0,115,-1.0,
base,active,,449100.0,449175.0,117,-1.0,
base,active,448086.0,449100.0,449179.0,1 6 19 20 39 40 66 77 78 89 109 110 111 112 113 114,37271.0,False
base,active,449147.0,449147.0,449169.0,115,37288.0,False
base,active,,449169.0,449179.0,115,-1.0,
base,active,449175.0,449175.0,449182.0,117,37289.0,False
base,active,,449179.0,449188.0,114,-1.0,
base,active,448918.0,449179.0,449351.0,1 6 19 20 39 40 66 77 78 89 109 110 111 112 113 115,37285.0,False
base,active,,449182.0,449351.0,117,-1.0,
base,active,449188.0,449188.0,449196.0,114,37290.0,False
base,active,,449196.0,449351.0,114,-1.0,
base,active,,449351.0,449728.0,113 115,-1.0,
base,active,449112.0,449351.0,460517.0,1 6 19 20 39 40 66 77 78 89 109 110 111 112 114 117,37287.0,False
base,active,447307.0,449728.0,449988.0,7 8 9 10 11 12 13 14 15 16 17 18 21 22 23 28 41 42 43 44 51 58 59 62 63 64 65 67 71 72 73 74 75 76 79 80 81 82 83 84 85 86 87 88 91 92 93 94 95 96 97 98 99 100 101 102 103 104 105 106 107 108 113 115,37257.0,False
base,active,,449728.0,449988.0,124 125,-1.0,
base,active,447665.0,449988.0,450497.0,7 8 9 10 11 12 13 14 15 16 17 18 21 22 23 28 41 42 43 44 51 58 59 62 63 64 65 67 71 72 73 74 75 76 79 80 81 82 83 84 85 86 87 88 91 92 93 94 95 96 97 98 99 100 101 102 103 104 105 106 107 108 124 125,37264.0,False
base,active,,449988.0,450497.0,113 115,-1.0,
base,active,448471.0,450497.0,450666.0,73 74 75 76 79 80 81 82 83 84 85 86 87 88 91 92 93 94 95 96 97 98 99 100 101 102 103 104 105 106 107 108,37275.0,False
base,active,,450497.0,450666.0,124 125,-1.0,
base,active,448176.0,450497.0,450904.0,7 8 9 10 11 12 13 14 15 16 17 18 21 22 23 28 41 42 43 44 51 58 59 62 63 64 65 67 71 72 113 115,37272.0,False
base,active,,450666.0,450904.0,107 108,-1.0,
base,active,448588.0,450666.0,451097.0,73 74 75 76 79 80 81 82 83 84 85 86 87 88 91 92 93 94 95 96 97 98 99 100 101 102 103 104 105 106 124 125,37278.0,False
base,active,,450904.0,451097.0,113 115,-1.0,
base,active,448890.0,450904.0,451155.0,7 8 9 10 11 12 13 14 15 16 17 18 21 22 23 28 41 42 43 44 51 58 59 62 63 64 65 67 71 72 107 108,37284.0,False
base,active,,451097.0,451155.0,124 125,-1.0,
base,active,449031.0,451097.0,451452.0,73 74 75 76 79 80 81 82 83 84 85 86 87 88 91 92 93 94 95 96 97 98 99 100 101 102 103 104 105 106 113 115,37286.0,False
base,active,,451115.0,451155.0,118 120 122 123,-1.0,
base,active,,451127.0,451155.0,126 127,-1.0,
base,active,449303.0,451155.0,451320.0,7 8 9 10 11 12 13 14 15 16 17 18 21 22 23 28 41 42 43 44 51 58 59 62 118 120 122 123 124 125 126 127,37291.0,False
base,active,,451155.0,451320.0,63 64 65 67 71 72 107 108,-1.0,
base,active,,451320.0,451452.0,118 120 122 123 124 125 126 127,-1.0,
base,active,449401.0,451320.0,462197.0,7 8 9 10 11 12 13 14 15 16 17 18 21 22 23 28 41 42 43 44 51 58 59 62 63 64 65 67 71 72 107 108,37292.0,False
base,active,450448.0,451452.0,451676.0,73 74 75 76 79 80 81 82 83 84 85 86 87 88 91 92 93 94 95 96 97 98 99 100 118 120 122 123 124 125 126 127,37295.0,False
base,active,,451452.0,451676.0,101 102 103 104 105 106 113 115,-1.0,
base,active,,451676.0,452341.0,118,-1.0,
base,active,,451676.0,452695.0,120,-1.0,
base,active,,451676.0,452696.0,122,-1.0,
base,active,,451676.0,452876.0,123 124 125 126 127,-1.0,
base,active,451282.0,451676.0,453084.0,73 74 75 76 79 80 81 82 83 84 85 86 87 88 91 92 93 94 95 96 97 98 99 100 101 102 103 104 105 106 113 115,37300.0,False
base,active,452341.0,452341.0,452360.0,118,37304.0,False
base,active,,452360.0,453084.0,118,-1.0,
base,active,452695.0,452695.0,452718.0,120,37306.0,False
base,active,452696.0,452696.0,452707.0,122,37307.0,False
base,active,,452707.0,453084.0,122,-1.0,
base,active,,452718.0,453084.0,120,-1.0,
base,switching_off,,452876.0,454676.0,123 124 125 126 127,-2.0,
base,active,452835.0,453084.0,453411.0,73 74 75 76 79 80 81 82 83 84 85 86 87 88 91 92 93 94 95 96 97 98 99 100 101 102 103 104 105 118 120 122,37310.0,False
base,active,,453084.0,453454.0,106 113 115,-1.0,
base,active,,453411.0,453454.0,73 74 75 76 79 80 81 82 83 84 85 86 87 88 91 92 93 94 95 96 97 98 99 100 101 102 103 104 105,-1.0,
base,active,,453411.0,454611.0,118 120 122,-1.0,
base,active,453454.0,453454.0,454775.0,73 74 75 76 79 80 81 82 83 84 85 86 87 88 91 92 93 94 95 96 97 98 99 100 101 102 103 104 105 106 113 115,37314.0,False
base,switching_off,,454611.0,456411.0,118 120 122,-2.0,
base,sleeping,,454676.0,477366.0,123 124 125 126 127,-4.0,
base,active,,454775.0,454776.0,73,-1.0,
base,active,,454775.0,455961.0,74 75 76 79 80 81 82 83 84 85 86 87 88 91 92 93 94 95 96 97 98 99 100 101 102 103 104 105 106 113 115,-1.0,
base,active,454776.0,454776.0,454794.0,73,37322.0,False
base,active,,454794.0,455961.0,73,-1.0,
base,active,455961.0,455961.0,456009.0,73 74 75 76 79 80 81 82 83 84 85 86 87 88 91 92 93 94 95 96 97 98 99 100 101 102 103 104 105 106 113 115,37326.0,False
base,active,,456009.0,456038.0,73 74 75 76 79 80 81 82 83 84 85 86 87 88 91 92 93 94 95 96 97 98 99 100 101 102 103 104 105 106 113 115,-1.0,
base,active,456038.0,456038.0,456180.0,73 74 75 76 79 80 81 82 83 84 85 86 87 88 91 92 93 94 95 96 97 98 99 100 101 102 103 104 105 106 113 115,37329.0,False
base,active,,456180.0,456643.0,73,-1.0,
base,active,,456180.0,456743.0,74 75 76 79 80 81 82 83 84 85 86 87 88 91 92 93,-1.0,
base,active,,456180.0,456822.0,94,-1.0,
base,active,,456180.0,457380.0,95 96 97 98 99 100 101 102 103 104 105 106 113 115,-1.0,
base,sleeping,,456411.0,477366.0,118 120 122,-4.0,
base,active,456643.0,456643.0,456691.0,73,37339.0,False
base,active,,456691.0,457635.0,73,-1.0,
base,active,456743.0,456743.0,456929.0,74 75 76 79 80 81 82 83 84 85 86 87 88 91 92 93,37342.0,False
base,active,456822.0,456822.0,456842.0,94,37344.0,False
base,active,,456842.0,457751.0,94,-1.0,
base,active,,456929.0,458012.0,74 75,-1.0,
base,active,,456929.0,458129.0,76 79 80 81 82 83 84 85 86 87 88 91 92 93,-1.0,
base,active,,457115.0,458315.0,0 36 37 38 56 57 60 61,-1.0,
base,switching_off,,457380.0,459180.0,95 96 97 98 99 100 101 102 103 104 105 106 113 115,-2.0,
base,active,457635.0,457635.0,457727.0,73,37350.0,False
base,active,,457727.0,458628.0,73,-1.0,
base,active,457751.0,457751.0,457856.0,94,37352.0,False
base,active,,457856.0,458628.0,94,-1.0,
base,active,458012.0,458012.0,458103.0,74 75,37357.0,False
base,active,,458103.0,458628.0,74 75,-1.0,
base,switching_off,,458129.0,459929.0,76 79 80 81 82 83 84 85 86 87 88 91 92 93,-2.0,
base,switching_off,,458315.0,460115.0,0 36 37 38 56 57 60 61,-2.0,
base,active,,458355.0,458628.0,2 3 4 5 24 25 26 27 29 30 31 32 33 34 35 45 46 47 48 49 50 52 53 54 55 68 69 70,-1.0,
base,active,,458355.0,459555.0,90 116 119 121,-1.0,
base,active,458628.0,458628.0,458844.0,2 3 4 5 24 25 26 27 29 30 31 32 33 34 35 45 46 47 48 49 50 52 53 54 55 68 69 70 73 74 75 94,37363.0,False
base,active,,458844.0,460044.0,2 3 4 5 24 25 26 27 29 30 31 32 33 34 35 45 46 47 48 49 50 52 53 54 55 68 69 70 73 74 75 94,-1.0,
base,sleeping,,459180.0,477366.0,95 96 97 98 99 100 101 102 103 104 105 106 113 115,-4.0,
base,switching_off,,459555.0,461355.0,90 116 119 121,-2.0,
base,sleeping,,459929.0,477366.0,76 79 80 81 82 83 84 85 86 87 88 91 92 93,-4.0,
base,switching_off,,460044.0,461844.0,2 3 4 5 24 25 26 27 29 30 31 32 33 34 35 45 46 47 48 49 50 52 53 54 55 68 69 70 73 74 75 94,-2.0,
base,sleeping,,460115.0,467042.0,0 36 37 38 56 57 60 61,-4.0,
base,active,,460517.0,461717.0,1 6 19 20 39 40 66 77 78 89 109 110 111 112 114 117,-1.0,
base,sleeping,,461355.0,477366.0,90 116 119 121,-4.0,
base,switching_off,,461717.0,463517.0,1 6 19 20 39 40 66 77 78 89 109 110 111 112 114 117,-2.0,
base,sleeping,,461844.0,467042.0,2 3 4 5 24 25 26 27 29 30 31 32 33 34 35 45 46 47 48 49 50 52 53 54 55,-4.0,
base,sleeping,,461844.0,467949.0,68 69,-4.0,
base,sleeping,,461844.0,470041.0,70 73,-4.0,
base,sleeping,,461844.0,470062.0,74 75,-4.0,
base,sleeping,,461844.0,477366.0,94,-4.0,
base,active,,462197.0,463397.0,7 8 9 10 11 12 13 14 15 16 17 18 21 22 23 28 41 42 43 44 51 58 59 62 63 64 65 67 71 72 107 108,-1.0,
base,switching_off,,463397.0,465197.0,7 8 9 10 11 12 13 14 15 16 17 18 21 22 23 28 41 42 43 44 51 58 59 62 63 64 65 67 71 72 107 108,-2.0,
base,sleeping,,463517.0,467042.0,1 6 19 20 39 40,-4.0,
base,sleeping,,463517.0,467927.0,66,-4.0,
base,sleeping,,463517.0,477366.0,77 78 89 109 110 111 112 114 117,-4.0,
base,sleeping,,465197.0,467042.0,7 8 9 10 11 12 13 14 15 16 17 18 21 22 23 28 41 42 43 44 51 58 59 62 63,-4.0,
base,sleeping,,465197.0,467927.0,64 65 67,-4.0,
base,sleeping,,465197.0,470041.0,71 72,-4.0,
base,sleeping,,465197.0,477366.0,107 108,-4.0,
base,switching_on,,467042.0,469742.0,0 1 2 3 4 5 6 7 8 9 10 11 12 13 14 15 16 17 18 19 20 21 22 23 24 25 26 27 28 29 30 31 32 33 34 35 36 37 38 39 40 41 42 43 44 45 46 47 48 49 50 51 52 53 54 55 56 57 58 59 60 61 62 63,-3.0,
base,switching_on,,467927.0,470627.0,64 65 66 67,-3.0,
base,switching_on,,467949.0,470649.0,68 69,-3.0,
base,active,467042.0,469742.0,474357.0,0 1 2 3 4 5 6 7 8 9 10 11 12 13 14 15 16 17 18 19 20 21 22 23 24 25 26 27 28 29 30 31 32 33 34 35 36 37 38 39 40 41 42 43 44 45 46 47 48 49 50 51 52 53 54 55 56 57 58 59 60 61 62 63,37377.0,False
base,switching_on,,470041.0,472741.0,70 71 72 73,-3.0,
base,switching_on,,470062.0,472762.0,74 75,-3.0,
base,active,467927.0,470627.0,472664.0,64 65 66 67,37378.0,False
base,active,467949.0,470649.0,472666.0,68 69,37379.0,False
base,active,,472664.0,473864.0,64 65 66 67,-1.0,
base,active,,472666.0,473866.0,68 69,-1.0,
base,active,470041.0,472741.0,474366.0,70 71 72 73,37380.0,False
base,active,470062.0,472762.0,474363.0,74 75,37381.0,False
base,switching_off,,473864.0,475664.0,64 65 66 67,-2.0,
base,switching_off,,473866.0,475666.0,68 69,-2.0,
base,active,,474357.0,475557.0,0 1 2 3 4 5 6 7 8 9 10 11 12 13 14 15 16 17 18 19 20 21 22 23 24 25 26 27 28 29 30 31 32 33 34 35 36 37 38 39 40 41 42 43 44 45 46 47 48 49 50 51 52 53 54 55 56 57 58 59 60 61 62 63,-1.0,
base,active,,474363.0,475563.0,74 75,-1.0,
base,active,,474366.0,475566.0,70 71 72 73,-1.0,
base,switching_off,,475557.0,477357.0,0 1 2 3 4 5 6 7 8 9 10 11 12 13 14 15 16 17 18 19 20 21 22 23 24 25 26 27 28 29 30 31 32 33 34 35 36 37 38 39 40 41 42 43 44 45 46 47 48 49 50 51 52 53 54 55 56 57 58 59 60 61 62 63,-2.0,
base,switching_off,,475563.0,477363.0,74 75,-2.0,
base,switching_off,,475566.0,477366.0,70 71 72 73,-2.0,
base,sleeping,,475664.0,477366.0,64 65 66 67,-4.0,
base,sleeping,,475666.0,477366.0,68 69,-4.0,
base,sleeping,,477357.0,477366.0,0 1 2 3 4 5 6 7 8 9 10 11 12 13 14 15 16 17 18 19 20 21 22 23 24 25 26 27 28 29 30 31 32 33 34 35 36 37 38 39 40 41 42 43 44 45 46 47 48 49 50 51 52 53 54 55 56 57 58 59 60 61 62 63,-4.0,
base,sleeping,,477363.0,477366.0,74 75,-4.0,
base,switching_on,,477366.0,480066.0,0 1 2 3 4 5 6 7 8 9 10 11 12 13 14 15 16 17 18 19 20 21 22 23 24 25 26 27 28 29 30 31 32 33 34 35 36 37 38 39 40 41 42 43 44 45 46 47 48 49 50 51 52 53 54 55 56 57 58 59 60 61 62 63 64 65 66 67 68 69 70 71 72 73 74 75 76 77 78 79 80 81 82 83 84 85 86 87 88 89 90 91 92 93 94 95 96 97 98 99 100 101 102 103 104 105 106 107 108 109 110 111 112 113 114 115 116 117 118 119 120 121 122 123 124 125 126 127,-3.0,
base,active,471669.0,480066.0,480152.0,0 1 2 3 4 5 6 7 8 9 10 11 12 13 14 15 16 17 18 19 20 21 22 23 24 25 26 27 28 29 30 31 32 33 34 35 36 37 38 39 40 41 42 43 44 45 46 47 48 49 50 51 52 53 54 55 56 57 58 59 60 61 62 63 64 65 66 67 68 69 70 71 72 73 74 75 76 77 78 79 80 81 82 83 84 85 86 87 88 89 90 91 92 93 94 95 96 97 98 99 100 101 102 103 104 105 106 107 108 109 110 111 112 113 114 115 116 117 118 119 120 121 122 123 124 125 126 127,37382.0,False
base,active,471765.0,480152.0,491087.0,0 1 2 3 4 5 6 7 8 9 10 11 12 13 14 15 16 17 18 19 20 21 22 23 24 25 26 27 28 29 30 31 32 33 34 35 36 37 38 39 40 41 42 43 44 45 46 47 48 49 50 51 52 53 54 55 56 57 58 59 60 61 62 63 64 65 66 67 68 69 70 71 72 73 74 75 76 77 78 79 80 81 82 83 84 85 86 87 88 89 90 91 92 93 94 95 96 97 98 99 100 101 102 103 104 105 106 107 108 109 110 111 112 113 114 115 116 117 118 119 120 121 122 123 124 125 126 127,37383.0,False
base,active,,491087.0,492287.0,64 65 66 67 68 69 70 71 72 73 74 75 76 77 78 79 80 81 82 83 84 85 86 87 88 89 90 91 92 93 94 95 96 97 98 99 100 101 102 103 104 105 106 107 108 109 110 111 112 113 114 115 116 117 118 119 120 121 122 123 124 125 126 127,-1.0,
base,active,482706.0,491087.0,502011.0,0 1 2 3 4 5 6 7 8 9 10 11 12 13 14 15 16 17 18 19 20 21 22 23 24 25 26 27 28 29 30 31 32 33 34 35 36 37 38 39 40 41 42 43 44 45 46 47 48 49 50 51 52 53 54 55 56 57 58 59 60 61 62 63,37384.0,False
base,switching_off,,492287.0,494087.0,64 65 66 67 68 69 70 71 72 73 74 75 76 77 78 79 80 81 82 83 84 85 86 87 88 89 90 91 92 93 94 95 96 97 98 99 100 101 102 103 104 105 106 107 108 109 110 111 112 113 114 115 116 117 118 119 120 121 122 123 124 125 126 127,-2.0,
base,sleeping,,494087.0,499301.0,64 65 66 67 68 69 70 71 72 73 74 75 76 77 78 79 80 81 82 83 84 85 86 87 88 89 90 91 92 93 94 95,-4.0,
base,sleeping,,494087.0,500168.0,96 97 98 99 100 101 102 103 104 105 106 107 108 109 110 111 112 113 114 115 116 117 118 119 120 121 122 123 124 125 126 127,-4.0,
base,switching_on,,499301.0,502001.0,64 65 66 67 68 69 70 71 72 73 74 75 76 77 78 79 80 81 82 83 84 85 86 87 88 89 90 91 92 93 94 95,-3.0,
base,switching_on,,500168.0,502868.0,96 97 98 99 100 101 102 103 104 105 106 107 108 109 110 111 112 113 114 115 116 117 118 119 120 121 122 123 124 125 126 127,-3.0,
base,active,499301.0,502001.0,502089.0,64 65 66 67 68 69 70 71 72 73 74 75 76 77 78 79 80 81 82 83 84 85 86 87 88 89 90 91 92 93 94 95,37587.0,False
base,active,501211.0,502011.0,502055.0,56 57 58 59,37608.0,False
base,active,,502011.0,502055.0,60 61 62 63,-1.0,
base,active,501071.0,502011.0,502073.0,48 49 50 51 52 53 54 55,37605.0,False
base,active,500720.0,502011.0,502083.0,0 1 2 3 4 5 6 7 8 9 10 11 12 13 14 15,37602.0,False
base,active,500947.0,502011.0,502089.0,16 17 18 19 20 21 22 23 24 25 26 27 28 29 30 31 32 33 34 35 36 37 38 39 40 41 42 43 44 45 46 47,37604.0,False
base,active,501295.0,502055.0,502107.0,56 57 58 59 60 61 62 63,37610.0,False
base,active,,502073.0,502089.0,48 49 50 51 52 53 54 55,-1.0,
base,active,,502083.0,502089.0,0 1 2 3 4 5 6 7 8 9 10 11 12 13 14 15,-1.0,
base,active,,502089.0,502107.0,72 73 74 75 76 77 78 79 80 81 82 83 84 85 86 87 88 89 90 91 92 93 94 95,-1.0,
base,active,501565.0,502089.0,502109.0,24 25 26 27 28 29 30 31 32 33 34 35 36 37 38 39 40 41 42 43 44 45 46 47 64 65 66 67 68 69 70 71,37615.0,False
base,active,501400.0,502089.0,502201.0,0 1 2 3 4 5 6 7 8 9 10 11 12 13 14 15 16 17 18 19 20 21 22 23 48 49 50 51 52 53 54 55,37613.0,False
base,active,501708.0,502107.0,502148.0,56 57 58 59 60 61 62 63 72 73 74 75 76 77 78 79 80 81 82 83 84 85 86 87 88 89 90 91 92 93 94 95,37616.0,False
base,active,501965.0,502109.0,502200.0,24 25 26 27 28 29 30 31 32 33 34 35 36 37 38 39 40 41 42 43 44 45 46 47 64 65 66 67 68 69 70 71,37622.0,False
base,active,502079.0,502148.0,502441.0,56 57 58 59 60 61 62 63 72 73 74 75 76 77 78 79 80 81 82 83 84 85 86 87 88 89 90 91 92 93 94 95,37623.0,False
base,active,,502200.0,502547.0,24,-1.0,
base,active,,502200.0,502684.0,25 26 27 28 29 30 31 32 33 34 35 36 37 38 39 40 41 42 43 44 45 46 47 64 65 66 67 68 69 70 71,-1.0,
base,active,,502201.0,502684.0,0,-1.0,
base,active,,502201.0,502729.0,1 2 3 4 5 6 7 8 9 10 11 12 13 14 15 16 17 18 19 20 21 22 23 48 49 50 51 52 53 54 55,-1.0,
base,active,,502441.0,502729.0,56,-1.0,
base,active,,502441.0,502773.0,57,-1.0,
base,active,,502441.0,503164.0,58 59 60 61 62 63 72 73 74 75 76 77 78 79 80 81 82 83 84 85 86 87 88 89 90 91 92 93 94 95,-1.0,
base,active,502547.0,502547.0,502587.0,24,37630.0,False
base,active,,502587.0,503164.0,24,-1.0,
base,active,502684.0,502684.0,502690.0,0 25 26 27 28 29 30 31 32 33 34 35 36 37 38 39 40 41 42 43 44 45 46 47 64 65 66 67 68 69 70 71,37631.0,False
base,active,,502690.0,503164.0,0,-1.0,
base,active,,502690.0,503186.0,25 26 27 28 29 30 31 32,-1.0,
base,active,,502690.0,503274.0,33,-1.0,
base,active,,502690.0,503278.0,34,-1.0,
base,active,,502690.0,503337.0,35,-1.0,
base,active,,502690.0,503417.0,36,-1.0,
base,active,,502690.0,503649.0,37 38 39 40 41 42 43 44 45 46 47 64 65 66 67 68 69 70 71,-1.0,
base,active,502729.0,502729.0,502872.0,1 2 3 4 5 6 7 8 9 10 11 12 13 14 15 16 17 18 19 20 21 22 23 48 49 50 51 52 53 54 55 56,37633.0,False
base,active,502773.0,502773.0,502800.0,57,37634.0,False
base,active,,502800.0,503649.0,57,-1.0,
base,active,500168.0,502868.0,502888.0,96 97 98 99 100 101 102 103 104 105 106 107 108 109 110 111 112 113 114 115 116 117 118 119 120 121 122 123 124 125 126 127,37595.0,False
base,active,,502872.0,503649.0,1 2 3 4 5 6 7 8 9 10 11 12 13 14 15 16 17 18 19 20 21 22 23 48 49 50 51 52 53 54 55 56,-1.0,
base,active,,502888.0,503649.0,96 97 98 99 100 101 102 103 104 105 106 107,-1.0,
base,active,,502888.0,503789.0,108,-1.0,
base,active,,502888.0,504088.0,109 110 111 112 113 114 115 116 117 118 119 120 121 122 123 124 125 126 127,-1.0,
base,active,503164.0,503164.0,505645.0,0 24 58 59 60 61 62 63 72 73 74 75 76 77 78 79 80 81 82 83 84 85 86 87 88 89 90 91 92 93 94 95,37640.0,False
base,active,503186.0,503186.0,505645.0,25 26 27 28 29 30 31 32,37641.0,False
base,active,503274.0,503274.0,503278.0,33,37642.0,False
base,active,503278.0,503278.0,503299.0,34,37643.0,False
base,active,,503278.0,504478.0,33,-1.0,
base,active,,503299.0,504499.0,34,-1.0,
base,active,503337.0,503337.0,503357.0,35,37644.0,False
base,active,,503357.0,504557.0,35,-1.0,
base,active,503417.0,503417.0,503441.0,36,37645.0,False
base,active,,503441.0,504637.0,36,-1.0,
base,active,503649.0,503649.0,506243.0,1 2 3 4 5 6 7 8 9 10 11 12 13 14 15 16 17 18 19 20 21 22 23 37 38 39 40 41 42 43 44 45 46 47 48 49 50 51 52 53 54 55 56 57 64 65 66 67 68 69 70 71 96 97 98 99 100 101 102 103 104 105 106 107,37648.0,False
base,active,503789.0,503789.0,503924.0,108,37650.0,False
base,active,,503924.0,505124.0,108,-1.0,
base,switching_off,,504088.0,505888.0,109 110 111 112 113 114 115 116 117 118 119 120 121 122 123 124 125 126 127,-2.0,
base,switching_off,,504478.0,506278.0,33,-2.0,
base,switching_off,,504499.0,506299.0,34,-2.0,
base,switching_off,,504557.0,506357.0,35,-2.0,
base,active,504637.0,504637.0,504660.0,36,37661.0,False
base,active,,504660.0,505645.0,36,-1.0,
base,switching_off,,505124.0,506924.0,108,-2.0,
base,active,504705.0,505645.0,505717.0,0 24 25 36,37662.0,False
base,active,505076.0,505645.0,506051.0,26 27 28 29 30 31 32 58 59 60 61 62 63 72 73 74,37664.0,False
base,active,505499.0,505645.0,506110.0,75 76 77 78 79 80 81 82,37667.0,False
base,active,,505645.0,508588.0,83 84 85 86 87 88 89 90 91 92 93 94 95,-1.0,
base,active,,505717.0,506051.0,0 24 25 36,-1.0,
base,switching_on,,505888.0,508588.0,109 110 111 112 113 114 115 116 117 118 119 120 121 122 123 124 125 126 127,-3.0,
base,active,,506051.0,506112.0,30 31 32 58 59 60 61 62 63 72 73 74,-1.0,
base,active,505890.0,506051.0,506501.0,0 24 25 26 27 28 29 36,37674.0,False
base,active,,506110.0,506112.0,75 76 77 78,-1.0,
base,active,,506110.0,506248.0,79,-1.0,
base,active,,506110.0,506249.0,80 81 82,-1.0,
base,active,506112.0,506112.0,506528.0,30 31 32 58 59 60 61 62 63 72 73 74 75 76 77 78,37676.0,False
base,active,,506243.0,506249.0,1 2 3 4 5 6 7 8 9 10 11 12 13 14 15 16 17 18 19 20 21 22 23 37 38 39 40 41 42,-1.0,
base,active,,506243.0,506262.0,43,-1.0,
base,active,,506243.0,506333.0,44,-1.0,
base,active,,506243.0,506375.0,45,-1.0,
base,active,,506243.0,506573.0,46 47 48 49 50 51 52 53 54 55 56 57 64 65 66 67 68 69 70 71 96 97 98 99 100 101 102 103 104 105 106 107,-1.0,
base,active,506248.0,506248.0,506301.0,79,37678.0,False
base,active,506249.0,506249.0,506494.0,1 2 3 4 5 6 7 8 9 10 11 12 13 14 15 16 17 18 19 20 21 22 23 37 38 39 40 41 42 80 81 82,37679.0,False
base,active,506262.0,506262.0,506291.0,43,37680.0,False
base,sleeping,,506278.0,507709.0,33,-4.0,
base,active,,506291.0,506603.0,43,-1.0,
base,sleeping,,506299.0,507709.0,34,-4.0,
base,active,,506301.0,506603.0,79,-1.0,
base,active,506333.0,506333.0,506351.0,44,37681.0,False
base,active,,506351.0,506603.0,44,-1.0,
base,sleeping,,506357.0,507709.0,35,-4.0,
base,active,506375.0,506375.0,506393.0,45,37682.0,False
base,active,,506393.0,506603.0,45,-1.0,
base,active,,506494.0,506603.0,1 2 3 4,-1.0,
base,active,,506494.0,506614.0,5,-1.0,
base,active,,506494.0,507172.0,6 7 8 9 10 11 12 13 14 15 16 17 18 19 20 21 22 23 37 38 39 40 41 42 80 81 82,-1.0,
base,active,,506501.0,507172.0,0 24 25 26 27 28 29 36,-1.0,
base,active,,506528.0,507172.0,30 31 32 58 59 60 61 62 63 72 73 74 75 76 77 78,-1.0,
base,active,506573.0,506573.0,507172.0,46 47 48 49 50 51 52 53 54 55 56 57 64 65 66 67 68 69 70 71 96 97 98 99 100 101 102 103 104 105 106 107,37685.0,False
base,active,506603.0,506603.0,507173.0,1 2 3 4 43 44 45 79,37687.0,False
base,active,506614.0,506614.0,506659.0,5,37688.0,False
base,active,,506659.0,507172.0,5,-1.0,
base,sleeping,,506924.0,507709.0,108,-4.0,
base,active,,507172.0,507554.0,64 65 66 67 68 69 70 71 96 97 98 99 100 101 102 103,-1.0,
base,active,506726.0,507172.0,508601.0,0 5 6 7 8 9 10 11 12 13 14 15 16 17 18 19 20 21 22 23 24 25 26 27 28 29 30 31 32 36 37 38 39 40 41 42 46 47 48 49 50 51 52 53 54 55 56 57 58 59 60 61 62 63 72 73 74 75 76 77 78 80 81 82,37691.0,False
base,active,,507172.0,510409.0,104 105 106 107,-1.0,
base,active,,507173.0,510409.0,1 2 3 4 43 44 45 79,-1.0,
base,active,507554.0,507554.0,507709.0,64 65 66 67 68 69 70 71 96 97 98 99 100 101 102 103,37695.0,False
base,active,,507709.0,510409.0,64 65 66 67 68 69 70 71 96 97 98 99 100 101 102 103,-1.0,
base,switching_on,,507709.0,510409.0,33 34 35 108,-3.0,
base,active,505868.0,508588.0,509060.0,83 84 85 86 87 88 89 90 91 92 93 94 95 109 110 111 112 113 114 115 116 117 118 119 120 121 122 123 124 125 126 127,37673.0,False
base,active,,508601.0,508610.0,75,-1.0,
base,active,508159.0,508601.0,508615.0,74,37701.0,False
base,active,,508601.0,508617.0,76 77 78 80 81 82,-1.0,
base,active,508012.0,508601.0,508740.0,50 51 52 53 54 55 56 57 58 59 60 61 62 63 72 73,37700.0,False
base,active,507794.0,508601.0,508867.0,39 40 41 42 46 47 48 49,37699.0,False
base,active,507756.0,508601.0,508903.0,0 5 6 7 8 9 10 11 12 13 14 15 16 17 18 19 20 21 22 23 24 25 26 27 28 29 30 31 32 36 37 38,37697.0,False
base,active,508610.0,508610.0,508617.0,75,37707.0,False
base,active,,508615.0,508617.0,74,-1.0,
base,active,508352.0,508617.0,508817.0,74 75 76 77 78 80 81 82,37705.0,False
base,active,508284.0,508740.0,509089.0,50 51 52 53 54 55 56 57 58 59 60 61 62 63 72 73,37703.0,False
base,active,508620.0,508817.0,508829.0,74,37708.0,False
base,active,,508817.0,508903.0,75 76 77 78 80 81 82,-1.0,
base,active,,508829.0,508903.0,74,-1.0,
base,active,,508867.0,508903.0,39 40 41 42 46 47 48 49,-1.0,
base,active,,508903.0,509089.0,20 21 22 23 24 25 26 27 28 29 30 31 32 36 37 38,-1.0,
base,active,508324.0,508903.0,509129.0,0 5 6 7 8 9 10 11 12 13 14 15 16 17 18 19 39 40 41 42 46 47 48 49 74 75 76 77 78 80 81 82,37704.0,False
base,active,,509060.0,509089.0,83 84 85 86 87 88 89 90 91 92 93 94 95 109 110 111 112 113 114 115 116 117 118 119 120 121 122 123 124 125 126 127,-1.0,
base,active,508522.0,509089.0,509215.0,20 21 22 23 24 25 26 27 28 29 30 31 32 36 37 38 50 51 52 53 54 55 56 57 58 59 60 61 62 63 72 73 83 84 85 86 87 88 89 90 91 92 93 94 95 109 110 111 112 113 114 115 116 117 118 119 120 121 122 123 124 125 126 127,37706.0,False
base,active,,509129.0,509215.0,0 5 6 7 8 9 10 11 12 13 14 15 16 17 18 19 39 40 41 42 46 47 48 49 74 75 76 77 78 80 81 82,-1.0,
base,active,,509215.0,509269.0,124 125 126 127,-1.0,
base,active,,509215.0,509332.0,120 121 122 123,-1.0,
base,active,,509215.0,509391.0,112 113 114 115 116 117 118 119,-1.0,
base,active,,509215.0,510415.0,83 84 85 86 87 88 89 90 91 92 93 94 95 109 110 111,-1.0,
base,active,508711.0,509215.0,510650.0,0 5 6 7 8 9 10 11 12 13 14 15 16 17 18 19 20 21 22 23 24 25 26 27 28 29 30 31 32 36 37 38 39 40 41 42 46 47 48 49 50 51 52 53 54 55 56 57 58 59 60 61 62 63 72 73 74 75 76 77 78 80 81 82,37709.0,False
base,active,509269.0,509269.0,509670.0,124 125 126 127,37714.0,False
base,active,509332.0,509332.0,510017.0,120 121 122 123,37715.0,False
base,active,509391.0,509391.0,509483.0,112 113 114 115 116 117 118 119,37717.0,False
base,active,,509483.0,509823.0,116 117 118 119,-1.0,
base,active,,509483.0,510415.0,112 113 114 115,-1.0,
base,active,,509670.0,509823.0,124 125 126 127,-1.0,
base,active,509823.0,509823.0,509910.0,116 117 118 119 124 125 126 127,37721.0,False
base,active,,509910.0,509945.0,124 125 126 127,-1.0,
base,active,,509910.0,510415.0,116 117,-1.0,
base,active,,509910.0,510434.0,118 119,-1.0,
base,active,509945.0,509945.0,510334.0,124 125 126 127,37722.0,False
base,active,,510017.0,510148.0,123,-1.0,
base,active,,510017.0,510434.0,120 121 122,-1.0,
base,active,510148.0,510148.0,510172.0,123,37724.0,False
base,active,,510172.0,510216.0,123,-1.0,
base,active,510216.0,510216.0,510237.0,123,37726.0,False
base,active,,510237.0,510317.0,123,-1.0,
base,active,510317.0,510317.0,510375.0,123,37731.0,False
base,active,,510334.0,510349.0,127,-1.0,
base,active,,510334.0,510380.0,126,-1.0,
base,active,,510334.0,510434.0,124 125,-1.0,
base,active,510349.0,510349.0,510418.0,127,37732.0,False
base,active,,510375.0,510434.0,123,-1.0,
base,active,510380.0,510380.0,510426.0,126,37734.0,False
base,active,507620.0,510409.0,510441.0,1 2 3 4 33 34 35 43 44 45 64 65 66 67 68 69 70 71 79 96 97 98 99 100 101 102 103 104 105 106 107 108,37696.0,False
base,switching_off,,510415.0,512215.0,83 84 85 86 87 88 89 90 91 92 93 94 95 109 110 111,-2.0,
base,active,509603.0,510415.0,512590.0,116 117,37719.0,False
base,active,509580.0,510415.0,512610.0,112 113 114 115,37718.0,False
base,active,,510418.0,510441.0,127,-1.0,
base,active,,510426.0,510441.0,126,-1.0,
base,active,510434.0,510434.0,510878.0,118 119 120 121 122 123 124 125,37735.0,False
base,active,509339.0,510441.0,510583.0,1 2 3 4 33 34 35 43 44 45 64 65 66 67 68 69 70 71 79 96 97 98 99 100 101 102 103 104 105 106 126 127,37716.0,False
base,active,,510441.0,510583.0,107 108,-1.0,
base,active,510134.0,510583.0,510604.0,1 2 3 4 33 34 35 43 44 45 64 65 66 67 68 69 70 71 79 96 97 98 99 100 101 102 103 104 105 106 107 108,37723.0,False
base,active,,510583.0,510604.0,126 127,-1.0,
base,active,,510604.0,510650.0,107 108,-1.0,
base,active,510257.0,510604.0,510764.0,1 2 3 4 33 34 35 43 44 45 64 65 66 67 68 69 70 71 79 96 97 98 99 100 101 102 103 104 105 106 126 127,37728.0,False
base,active,,510650.0,510756.0,81,-1.0,
base,active,,510650.0,510764.0,82,-1.0,
base,active,508716.0,510650.0,510795.0,0 5 6 7 8 9 10 11 12 13 14 15 16 17 18 19 20 21 22 23 24 25 26 27 28 29 30 31 32 36 37 38 39 40 41 42 46 47 48 49 50 51 52 53 54 55 56 57 58 59 60 61 62 63 72 73 74 75 76 77 78 80 107 108,37710.0,False
base,active,510756.0,510756.0,510792.0,81,37745.0,False
base,active,,510764.0,510795.0,127,-1.0,
base,active,510620.0,510764.0,511162.0,1 2 3 4 33 34 35 43 44 45 64 65 66 67 68 69 70 71 79 82 96 97 98 99 100 101 102 103 104 105 106 126,37740.0,False
base,active,,510792.0,510795.0,81,-1.0,
base,active,,510795.0,510823.0,107,-1.0,
base,active,508885.0,510795.0,510908.0,0 5 6 7 8 9 10 11 12 13 14 15 16 17 18 19 20 21 22 23 24 25 26 27 28 29 30 31 32 36 37 38 39 40 41 42 46 47 48 49 50 51 52 53 54 55 56 57 58 59 60 61 62 63 72 73 74 75 76 77 78 80 81 127,37711.0,False
base,active,,510795.0,510908.0,108,-1.0,
base,active,510823.0,510823.0,510848.0,107,37748.0,False
base,active,,510848.0,510908.0,107,-1.0,
base,active,,510878.0,510908.0,118 119 120 121 122 123 124 125,-1.0,
base,active,509027.0,510908.0,511015.0,0 5 6 7 8 9 10 11 12 13 14 15 16 17 18 19 20 21 22 23 24 25 26 27 28 29 30 31 32 36 37 38 39 40 41 42 46 47 48 49 50 51 52 53 54 55 56 57 58 59 60 61 62 63 107 108 118 119 120 121 122 123 124 125,37712.0,False
base,active,,510908.0,511015.0,72 73 74 75 76 77 78 80 81 127,-1.0,
base,active,509154.0,511015.0,511120.0,0 5 6 7 8 9 10 11 12 13 14 15 16 17 18 19 20 21 22 23 24 25 26 27 28 29 30 31 32 36 37 38 39 40 41 42 46 47 48 49 50 51 52 53 54 55 56 57 58 59 60 61 62 63 72 73 74 75 76 77 78 80 81 127,37713.0,False
base,active,,511015.0,511120.0,107 108 118 119 120 121 122 123 124 125,-1.0,
base,active,,511120.0,511162.0,72 73 74 75 76 77 78 80 81 127,-1.0,
base,active,510162.0,511120.0,511164.0,0 5 6 7 8 9 10 11 12 13 14 15 16 17 18 19 20 21 22 23 24 25 26 27 28 29 30 31 32 36 37 38 39 40 41 42 46 47 48 49 50 51 52 53 54 55 56 57 58 59 60 61 62 63 107 108 118 119 120 121 122 123 124 125,37725.0,False
base,active,,511162.0,511164.0,35 43 44 45 64 65 66 67 68 69 70 71 79 82 96 97 98 99 100 101 102 103 104 105 106 126,-1.0,
base,active,510952.0,511162.0,511663.0,1 2 3 4 33 34 72 73 74 75 76 77 78 80 81 127,37752.0,False
base,active,510218.0,511164.0,511221.0,0 5 6 7 8 9 10 11 12 13 14 15 16 17 18 19 20 21 22 23 24 25 26 27 28 29 30 31 32 35 36 37 38 39 40 41 42 43 44 45 46 47 64 65 66 67 68 69 70 71 79 82 96 97 98 99 100 101 102 103 104 105 106 126,37727.0,False
base,active,,511164.0,511221.0,48 49 50 51 52 53 54 55 56 57 58 59 60 61 62 63 107 108 118 119 120 121 122 123 124 125,-1.0,
base,active,510291.0,511221.0,511288.0,0 5 6 7 8 9 10 11 12 13 14 15 16 17 18 19 20 21 22 23 24 25 26 27 28 29 30 31 32 35 36 37 38 39 40 41 42 43 48 49 50 51 52 53 54 55 56 57 58 59 60 61 62 63 107 108 118 119 120 121 122 123 124 125,37730.0,False
base,active,,511221.0,511288.0,44 45 46 47 64 65 66 67 68 69 70 71 79 82 96 97 98 99 100 101 102 103 104 105 106 126,-1.0,
base,active,510372.0,511288.0,511355.0,0 5 6 7 8 9 10 11 12 13 14 15 16 17 18 19 20 21 22 23 24 25 26 27 28 29 30 31 32 35 36 37 38 39 40 41 42 43 44 45 46 47 64 65 66 67 68 69 70 71 79 82 96 97 98 99 100 101 102 103 104 105 106 126,37733.0,False
base,active,,511288.0,511355.0,48 49 50 51 52 53 54 55 56 57 58 59 60 61 62 63 107 108 118 119 120 121 122 123 124 125,-1.0,
base,active,510459.0,511355.0,511391.0,0 5 6 7 8 9 10 11 12 13 14 15 16 17 18 19 20 21 22 23 24 25 26 27 28 29 30 31 32 35 36 37 38 39 40 41 42 43 48 49 50 51 52 53 54 55 56 57 58 59 60 61 62 63 107 108 118 119 120 121 122 123 124 125,37736.0,False
base,active,,511355.0,511391.0,44 45 46 47 64 65 66 67 68 69 70 71 79 82 96 97 98 99 100 101 102 103 104 105 106 126,-1.0,
base,active,510507.0,511391.0,511422.0,0 5 6 7 8 9 10 11 12 13 14 15 16 17 18 19 20 21 22 23 24 25 26 27 28 29 30 31 32 35 36 37 38 39 40 41 42 43 44 45 46 47 64 65 66 67 68 69 70 71 79 82 96 97 98 99 100 101 102 103 104 105 106 126,37737.0,False
base,active,,511391.0,511422.0,48 49 50 51 52 53 54 55 56 57 58 59 60 61 62 63 107 108 118 119 120 121 122 123 124 125,-1.0,
base,active,510547.0,511422.0,511452.0,0 5 6 7 8 9 10 11 12 13 14 15 16 17 18 19 20 21 22 23 24 25 26 27 28 29 30 31 32 35 36 37 38 39 40 41 42 43 48 49 50 51 52 53 54 55 56 57 58 59 60 61 62 63 107 108 118 119 120 121 122 123 124 125,37738.0,False
base,active,,511422.0,511452.0,44 45 46 47 64 65 66 67 68 69 70 71 79 82 96 97 98 99 100 101 102 103 104 105 106 126,-1.0,
base,active,510591.0,511452.0,511491.0,0 5 6 7 8 9 10 11 12 13 14 15 16 17 18 19 20 21 22 23 24 25 26 27 28 29 30 31 32 35 36 37 38 39 40 41 42 43 44 45 46 47 64 65 66 67 68 69 70 71 79 82 96 97 98 99 100 101 102 103 104 105 106 126,37739.0,False
base,active,,511452.0,511491.0,48 49 50 51 52 53 54 55 56 57 58 59 60 61 62 63 107 108 118 119 120 121 122 123 124 125,-1.0,
base,active,510652.0,511491.0,511561.0,0 5 6 7 8 9 10 11 12 13 14 15 16 17 18 19 20 21 22 23 24 25 26 27 28 29 30 31 32 35 36 37 38 39 40 41 42 43 48 49 50 51 52 53 54 55 56 57 58 59 60 61 62 63 107 108 118 119 120 121 122 123 124 125,37741.0,False
base,active,,511491.0,511561.0,44 45 46 47 64 65 66 67 68 69 70 71 79 82 96 97 98 99 100 101 102 103 104 105 106 126,-1.0,
base,active,510734.0,511561.0,511605.0,0 5 6 7 8 9 10 11 12 13 14 15 16 17 18 19 20 21 22 23 24 25 26 27 28 29 30 31 32 35 36 37 38 39 40 41 42 43 44 45 46 47 64 65 66 67 68 69 70 71 79 82 96 97 98 99 100 101 102 103 104 105 106 126,37743.0,False
base,active,,511561.0,511605.0,49 50 51 52 53 54 55 56 57 58 59 60 61 62 63 107 108 118 119 120 121 122 123 124 125,-1.0,
base,active,511561.0,511561.0,511881.0,48,37757.0,False
base,active,,511605.0,511663.0,45 46 47 64 65 66 67 68 69 70 71 79 82 96 97 98 99 100 101 102 103 104 105 106 126,-1.0,
base,active,510795.0,511605.0,511714.0,0 5 6 7 8 9 10 11 12 13 14 15 16 17 18 19 20 21 22 23 24 25 26 27 28 29 30 31 32 35 36 37 38 39 40 41 42 43 44 49 50 51 52 53 54 55 56 57 58 59 60 61 62 63 107 108 118 119 120 121 122 123 124 125,37747.0,False
base,active,,511663.0,511714.0,73 74 75 76 77 78 80 81 127,-1.0,
base,active,511144.0,511663.0,514198.0,1 2 3 4 33 34 45 46 47 64 65 66 67 68 69 70 71 72 79 82 96 97 98 99 100 101 102 103 104 105 106 126,37754.0,False
base,active,510915.0,511714.0,511820.0,0 5 6 7 8 9 10 11 12 13 14 15 16 17 18 19 20 21 22 23 24 25 26 27 28 29 30 31 32 35 36 37 38 39 40 41 42 43 44 49 50 51 52 53 54 55 56 57 58 59 60 61 62 63 73 74 75 76 77 78 80 81 107 127,37750.0,False
base,active,,511714.0,511820.0,108 118 119 120 121 122 123 124 125,-1.0,
base,active,511034.0,511820.0,511922.0,0 5 6 7 8 9 10 11 12 13 14 15 16 17 18 19 20 21 22 23 24 25 26 27 28 29 30 31 32 35 36 37 38 39 40 41 42 43 44 49 50 51 52 53 54 55 56 57 58 59 60 61 62 63 73 108 118 119 120 121 122 123 124 125,37753.0,False
base,active,,511820.0,511922.0,74 75 76 77 78 80 81 107 127,-1.0,
base,active,,511881.0,511922.0,48,-1.0,
base,active,511154.0,511922.0,512032.0,0 5 6 7 8 9 10 11 12 13 14 15 16 17 18 19 20 21 22 23 24 25 26 27 28 29 30 31 32 35 36 37 38 39 40 41 42 43 44 48 49 50 51 52 53 54 55 56 57 58 59 60 61 62 63 74 75 76 77 78 80 81 107 127,37755.0,False
base,active,,511922.0,512032.0,73 108 118 119 120 121 122 123 124 125,-1.0,
base,active,511797.0,512032.0,512064.0,0 5 6 7 8 9 10 11 12 13 14 15 16 17 18 19 20 21 22 23 24 25 26 27 28 29 30 31 32 35 36 37 38 39 40 41 42 43 44 48 49 50 51 52 53 54 55 56 57 58 59 60 61 62 73 108 118 119 120 121 122 123 124 125,37758.0,False
base,active,,512032.0,512064.0,63 74 75 76 77 78 80 81 107 127,-1.0,
base,active,511860.0,512064.0,512065.0,0 5 6 7 8 9 10 11 12 13 14 15 16 17 18 19 20 21 22 23 24 25 26 27 28 29 30 31 32 35 36 37 38 39 40 41 42 43 44 48 49 50 51 52 53 54 55 56 57 58 59 60 61 62 63 74 75 76 77 78 80 81 107 127,37759.0,False
base,active,,512064.0,512065.0,73 108 118 119 120 121 122 123 124 125,-1.0,
base,active,511867.0,512065.0,512099.0,0 5 6 7 8 9 10 11 12 13 14 15 16 17 18 19 20 21 22 23 24 25 26 27 28 29 30 31 32 35 36 37 38 39 40 41 42 43 44 48 49 50 51 52 53 54 55 56 57 58 59 60 61 62 73 108 118 119 120 121 122 123 124 125,37760.0,False
base,active,,512065.0,512099.0,63 74 75 76 77 78 80 81 107 127,-1.0,
base,active,511943.0,512099.0,512142.0,0 5 6 7 8 9 10 11 12 13 14 15 16 17 18 19 20 21 22 23 24 25 26 27 28 29 30 31 32 35 36 37 38 39 40 41 42 43 44 48 49 50 51 52 53 54 55 56 57 58 59 60 61 62 63 74 75 76 77 78 80 81 107 127,37762.0,False
base,active,,512099.0,512142.0,73 108 118 119 120 121 122 123 124 125,-1.0,
base,active,,512142.0,512152.0,63 74 75 76,-1.0,
base,active,512007.0,512142.0,512172.0,0 5 6 7 8 9 10 11 12 13 14 15 16 17 18 19 20 21 22 23 24 25 26 27 28 29 30 31 32 35 36 37 38 39 40 41 42 43 44 48 49 50 51 52 53 54 55 56 57 58 59 60 61 62 73 108 118 119 120 121 122 123 124 125,37764.0,False
base,active,,512142.0,512172.0,77 78 80 81 107 127,-1.0,
base,active,512152.0,512152.0,512189.0,63 74 75 76,37767.0,False
base,active,,512172.0,512173.0,120 121,-1.0,
base,active,512065.0,512172.0,512204.0,0 5 6 7 8 9 10 11 12 13 14 15 16 17 18 19 20 21 22 23 24 25 26 27 28 29 30 31 32 35 36 37 38 39 40 41 42 43 44 48 49 50 51 52 53 54 55 56 57 58 59 60 61 62 73 77 78 80 81 107 108 118 119 127,37765.0,False
base,active,,512172.0,512204.0,122 123 124 125,-1.0,
base,active,512173.0,512173.0,512202.0,120 121,37769.0,False
base,active,,512189.0,512204.0,63 74 75 76,-1.0,
base,active,,512202.0,512204.0,120 121,-1.0,
base,active,512113.0,512204.0,512236.0,0 5 6 7 8 9 10 11 12 13 14 15 16 17 18 19 20 21 22 23 24 25 26 27 28 29 30 31 32 35 36 37 38 39 40 41 42 43 44 48 49 50 51 52 53 54 55 56 57 58 59 60 61 62 63 74 75 76 120 121 122 123 124 125,37766.0,False
base,active,,512204.0,512236.0,73 77 78 80 81 107 108 118 119 127,-1.0,
base,sleeping,,512215.0,518532.0,83 84 85 86 87 88 89 90 91 92 93 94 95,-4.0,
base,sleeping,,512215.0,523330.0,109 110 111,-4.0,
base,active,512160.0,512236.0,512267.0,0 5 6 7 8 9 10 11 12 13 14 15 16 17 18 19 20 21 22 23 24 25 26 27 28 29 30 31 32 35 36 37 38 39 40 41 42 43 44 48 49 50 51 52 53 54 55 56 57 58 59 60 61 62 73 77 78 80 81 107 108 118 119 127,37768.0,False
base,active,,512236.0,512267.0,63 74 75 76 120 121 122 123 124 125,-1.0,
base,active,512206.0,512267.0,512298.0,0 5 6 7 8 9 10 11 12 13 14 15 16 17 18 19 20 21 22 23 24 25 26 27 28 29 30 31 32 35 36 37 38 39 40 41 42 43 44 48 49 50 51 52 53 54 55 56 57 58 59 60 61 62 63 74 75 76 120 121 122 123 124 125,37770.0,False
base,active,,512267.0,512298.0,73 77 78 80 81 107 108 118 119 127,-1.0,
base,active,512252.0,512298.0,512408.0,0 5 6 7 8 9 10 11 12 13 14 15 16 17 18 19 20 21 22 23 24 25 26 27 28 29 30 31 32 35 36 37 38 39 40 41 42 43 44 48 49 50 51 52 53 54 55 56 57 58 59 60 61 62 73 77 78 80 81 107 108 118 119 127,37771.0,False
base,active,,512298.0,512408.0,63 74 75 76 120 121 122 123 124 125,-1.0,
base,active,512372.0,512408.0,512513.0,0 5 6 7 8 9 10 11 12 13 14 15 16 17 18 19 20 21 22 23 24 25 26 27 28 29 30 31 32 35 36 37 38 39 40 41 42 43 44 48 49 50 51 52 53 54 55 56 57 58 59 60 61 62 63 74 75 76 120 121 122 123 124 125,37774.0,False
base,active,,512408.0,512513.0,73 77 78 80 81 107 108 118 119 127,-1.0,
base,active,512491.0,512513.0,512618.0,0 5 6 7 8 9 10 11 12 13 14 15 16 17 18 19 20 21 22 23 24 25 26 27 28 29 30 31 32 35 36 37 38 39 40 41 42 43 44 48 49 50 51 52 53 54 55 56 57 58 59 60 61 62 73 77 78 80 81 107 108 118 119 127,37777.0,False
base,active,,512513.0,512618.0,63 74 75 76 120 121 122 123 124 125,-1.0,
base,active,,512590.0,512618.0,116 117,-1.0,
base,active,,512610.0,512618.0,112 113 114 115,-1.0,
base,active,512611.0,512618.0,512718.0,0 5 6 7 8 9 10 11 12 13 14 15 16 17 18 19 20 21 22 23 24 25 26 27 28 29 30 31 32 35 36 37 38 39 40 41 42 43 44 48 49 50 51 52 53 54 55 56 63 74 75 76 112 113 114 115 116 117 120 121 122 123 124 125,37779.0,False
base,active,,512618.0,512725.0,57 58 59 60 61 62 73 77 78 80 81 107 108 118 119 127,-1.0,
base,active,,512718.0,512725.0,0 5 6 7 8 9 10 11 12 13 14 15 16 17 18 19 20 21 22 23 24 25 26 27 28 29 30 31 32 35 36 37 38 39 40 41 42 43 44 48 49 50 51 52 53 54 55 56,-1.0,
base,active,,512718.0,512744.0,63,-1.0,
base,active,,512718.0,512837.0,74 75 76 112 113 114 115 116 117 120 121 122 123 124 125,-1.0,
base,active,512725.0,512725.0,512825.0,0 5 6 7 8 9 10 11 12 13 14 15 16 17 18 19 20 21 22 23 24 25 26 27 28 29 30 31 32 35 36 37 38 39 40 41 42 43 44 48 49 50 51 52 53 54 55 56 57 58 59 60 61 62 73 77 78 80 81 107 108 118 119 127,37780.0,False
base,active,512744.0,512744.0,512759.0,63,37781.0,False
base,active,,512759.0,512837.0,63,-1.0,
base,active,,512825.0,512837.0,0 5 6 7 8 9 10 11 12 13 14 15 16 17 18 19 20 21 22 23 24 25 26 27 28 29 30 31 32 35 36 37 38 39 40 41 42 43 44 48 49 50 51 52 53 54 55 56,-1.0,
base,active,,512825.0,512948.0,57 58 59 60 61 62 73 77 78 80 81 107 108 118 119 127,-1.0,
base,active,512837.0,512837.0,512938.0,0 5 6 7 8 9 10 11 12 13 14 15 16 17 18 19 20 21 22 23 24 25 26 27 28 29 30 31 32 35 36 37 38 39 40 41 42 43 44 48 49 50 51 52 53 54 55 56 63 74 75 76 112 113 114 115 116 117 120 121 122 123 124 125,37782.0,False
base,active,,512938.0,512948.0,0 5 6 7 8 9 10 11 12 13 14 15 16 17 18 19 20 21 22 23 24 25 26 27 28 29 30 31 32 35 36 37 38 39 40 41 42 43 44 48 49 50 51 52 53 54 55 56,-1.0,
base,active,,512938.0,512995.0,63 74 75 76 112 113 114 115 116 117 120 121 122 123 124 125,-1.0,
base,active,512948.0,512948.0,512990.0,0 5 6 7 8 9 10 11 12 13 14 15 16 17 18 19 20 21 22 23 24 25 26 27 28 29 30 31 32 35 36 37 38 39 40 41 42 43 44 48 49 50 51 52 53 54 55 56 57 58 59 60 61 62 73 77 78 80 81 107 108 118 119 127,37783.0,False
base,active,,512990.0,512995.0,0 5 6 7 8 9 10 11 12 13 14 15 16 17 18 19 20 21 22 23 24 25 26 27 28 29 30 31 32 35 36 37 38 39 40 41 42 43 44 48 49 50 51 52 53 54 55 56,-1.0,
base,active,,512990.0,513112.0,57 58 59 60 61 62 73 77 78 80 81 107 108 118 119 127,-1.0,
base,active,512995.0,512995.0,513096.0,0 5 6 7 8 9 10 11 12 13 14 15 16 17 18 19 20 21 22 23 24 25 26 27 28 29 30 31 32 35 36 37 38 39 40 41 42 43 44 48 49 50 51 52 53 54 55 56 63 74 75 76 112 113 114 115 116 117 120 121 122 123 124 125,37784.0,False
base,active,,513096.0,513112.0,0 5 6 7 8 9 10 11 12 13 14 15 16 17 18 19 20 21 22 23 24 25 26 27 28 29 30 31 32 35 36 37 38 39 40 41 42 43 44 48 49 50 51 52 53 54 55 56,-1.0,
base,active,,513096.0,513660.0,63,-1.0,
base,active,,513096.0,513728.0,74 75 76 112 113 114 115 116 117 120 121 122 123 124 125,-1.0,
base,active,513112.0,513112.0,513213.0,0 5 6 7 8 9 10 11 12 13 14 15 16 17 18 19 20 21 22 23 24 25 26 27 28 29 30 31 32 35 36 37 38 39 40 41 42 43 44 48 49 50 51 52 53 54 55 56 57 58 59 60 61 62 73 77 78 80 81 107 108 118 119 127,37786.0,False
base,active,,513213.0,513728.0,0 5 6 7 8 9 10 11 12 13 14 15 16 17 18 19 20,-1.0,
base,active,,513213.0,513804.0,21 22 23 24,-1.0,
base,active,,513213.0,513831.0,25 26,-1.0,
base,active,,513213.0,514051.0,27 28 29 30 31 32 35 36 37 38 39 40 41 42 43 44 48 49 50 51 52 53 54 55 56 57 58 59 60 61 62 73,-1.0,
base,active,,513213.0,514138.0,77 78 80 81 107 108 118 119 127,-1.0,
base,active,513660.0,513660.0,513668.0,63,37788.0,False
base,active,,513668.0,514138.0,63,-1.0,
base,active,513728.0,513728.0,516260.0,0 5 6 7 8 9 10 11 12 13 14 15 16 17 18 19 20 74 75 76 112 113 114 115 116 117 120 121 122 123 124 125,37789.0,False
base,active,513804.0,513804.0,515877.0,21 22 23 24,37790.0,False
base,active,513831.0,513831.0,515879.0,25 26,37791.0,False
base,active,514051.0,514051.0,514075.0,27 28 29 30 31 32 35 36 37 38 39 40 41 42 43 44 48 49 50 51 52 53 54 55 56 57 58 59 60 61 62 73,37793.0,False
base,active,,514075.0,514138.0,27 28 29 30 31 32 35 36 37 38 39 40 41 42 43 44 48 49 50 51 52 53,-1.0,
base,active,,514075.0,514381.0,54 55 56 57 58 59 60 61 62 73,-1.0,
base,active,514138.0,514138.0,514164.0,27 28 29 30 31 32 35 36 37 38 39 40 41 42 43 44 48 49 50 51 52 53 63 77 78 80 81 107 108 118 119 127,37794.0,False
base,active,,514164.0,514381.0,27 28 29 30 31 32 35 36 37 38 39 40 41 42 43 44 48 49 50 51 52 53,-1.0,
base,active,,514164.0,514725.0,63 77 78 80 81 107 108 118,-1.0,
base,active,,514164.0,514741.0,119 127,-1.0,
base,active,,514198.0,514741.0,1 2 3 4 33 34 45 46 47 64 65 66 67 68 69 70 71 72 79 82 96 97 98 99 100 101 102 103 104 105 106 126,-1.0,
base,active,514381.0,514381.0,514699.0,27 28 29 30 31 32 35 36 37 38 39 40 41 42 43 44 48 49 50 51 52 53 54 55 56 57 58 59 60 61 62 73,37798.0,False
base,active,,514699.0,514741.0,27 28 29 30 31 32 35 36 37 38 39 40 41 42 43 44 48 49 50 51 52 53 54 55 56 57 58 59 60 61,-1.0,
base,active,,514699.0,515090.0,62 73,-1.0,
base,active,514725.0,514725.0,514798.0,63 77 78 80 81 107 108 118,37800.0,False
base,active,514741.0,514741.0,514783.0,1 2 3 4 27 28 29 30 31 32 33 34 35 36 37 38 39 40 41 42 43 44 45 46 47 48 49 50 51 52 53 54 55 56 57 58 59 60 61 64 65 66 67 68 69 70 71 72 79 82 96 97 98 99 100 101 102 103 104 105 106 119 126 127,37801.0,False
base,active,,514783.0,515090.0,1 2 3 4 27 28 29 30 31 32 33 34 35 36 37 38 39 40 41 42 43 44 45 46 47 48 49 50 51 52 53 54 55 56 57 58 59 60 61 64 65 66 67 68 69 70 71 72 79 82 96 97 98 99 100 101 102 103 104 105 106 119,-1.0,
base,active,,514783.0,515110.0,126,-1.0,
base,active,,514783.0,515113.0,127,-1.0,
base,active,,514798.0,515113.0,63 77 78 80 81 107 108,-1.0,
base,active,,514798.0,515211.0,118,-1.0,
base,active,515090.0,515090.0,515192.0,1 2 3 4 27 28 29 30 31 32 33 34 35 36 37 38 39 40 41 42 43 44 45 46 47 48 49 50 51 52 53 54 55 56 57 58 59 60 61 62 64 65 66 67 68 69 70 71 72 73 79 82 96 97 98 99 100 101 102 103 104 105 106 119,37803.0,False
base,active,515110.0,515110.0,515127.0,126,37804.0,False
base,active,515113.0,515113.0,515162.0,63 77 78 80 81 107 108 127,37805.0,False
base,active,,515127.0,515211.0,126,-1.0,
base,active,,515162.0,515211.0,63 77 78 80 81 107,-1.0,
base,active,,515162.0,515281.0,108 127,-1.0,
base,active,,515192.0,515281.0,1 2 3 4 27 28 29 30 31 32 33 34 35 36 37 38 39 40 41 42 43 44 45 46 47 48 49 50 51 52 53 54 55 56 57 58 59 60 61 62 64 65 66 67 68 69 70 71 72 73 79 82 96 97 98 99 100 101 102 103 104 105,-1.0,
base,active,,515192.0,515725.0,106 119,-1.0,
base,active,515211.0,515211.0,515674.0,63 77 78 80 81 107 118 126,37806.0,False
base,active,515281.0,515281.0,515367.0,1 2 3 4 27 28 29 30 31 32 33 34 35 36 37 38 39 40 41 42 43 44 45 46 47 48 49 50 51 52 53 54 55 56 57 58 59 60 61 62 64 65 66 67 68 69 70 71 72 73 79 82 96 97 98 99 100 101 102 103 104 105 108 127,37807.0,False
base,active,,515367.0,515725.0,1 2 3 4 27 28,-1.0,
base,active,,515367.0,515869.0,29 30 31 32 33 34 35 36,-1.0,
base,active,,515367.0,516262.0,37,-1.0,
base,active,,515367.0,516314.0,38 39 40 41 42 43 44 45 46 47 48 49 50 51 52 53 54 55 56 57 58 59 60 61 62 64 65 66 67 68 69 70,-1.0,
base,active,,515367.0,516545.0,71 72 73 79,-1.0,
base,active,,515367.0,516567.0,82 96 97 98 99 100 101 102 103 104 105 108 127,-1.0,
base,active,,515674.0,516595.0,63 77 78 80 81 107 118 126,-1.0,
base,active,515725.0,515725.0,516202.0,1 2 3 4 27 28 106 119,37809.0,False
base,active,515869.0,515869.0,515978.0,29 30 31 32 33 34 35 36,37811.0,False
base,active,,515877.0,516595.0,21 22 23 24,-1.0,
base,active,,515879.0,516595.0,25 26,-1.0,
base,active,,515978.0,516595.0,29 30 31 32 33 34 35 36,-1.0,
base,active,,516202.0,516595.0,1 2 3 4 27 28 106 119,-1.0,
base,active,,516260.0,516595.0,0 5,-1.0,
base,active,,516260.0,516785.0,6 7 8 9 10 11 12 13,-1.0,
base,active,,516260.0,516786.0,14 15 16 17 18 19 20 74 75 76 112 113 114 115 116 117 120 121 122 123 124 125,-1.0,
base,active,516262.0,516262.0,516271.0,37,37816.0,False
base,active,,516271.0,516786.0,37,-1.0,
base,active,516314.0,516314.0,516729.0,38 39 40 41 42 43 44 45 46 47 48 49 50 51 52 53 54 55 56 57 58 59 60 61 62 64 65 66 67 68 69 70,37817.0,False
base,active,516545.0,516545.0,516582.0,71 72 73 79,37818.0,False
base,switching_off,,516567.0,518367.0,82 96 97 98 99 100 101 102 103 104 105 108 127,-2.0,
base,active,,516582.0,516786.0,71 72 73 79,-1.0,
base,active,516595.0,516595.0,516622.0,0 1 2 3 4 5 21 22 23 24 25 26 27 28 29 30 31 32 33 34 35 36 63 77 78 80 81 106 107 118 119 126,37819.0,False
base,active,,516622.0,516786.0,0 1 2 3 4 5 21 22 23 24 25 26 27 28 29 30 31 32 33 34 35 36 63 77 78 80 81 106 107 118 119 126,-1.0,
base,active,,516729.0,516786.0,38 39 40 41 42,-1.0,
base,active,,516729.0,517428.0,43 44 45 46 47 48 49 50,-1.0,
base,active,,516729.0,517747.0,51 52 53 54 55 56 57 58 59 60 61 62 64 65 66 67 68 69 70,-1.0,
base,active,516785.0,516785.0,517271.0,6 7 8 9 10 11 12 13,37821.0,False
base,active,516786.0,516786.0,520112.0,0 1 2 3 4 5 14 15 16 17 18 19 20 21 22 23 24 25 26 27 28 29 30 31 32 33 34 35 36 37 38 39 40 41 42 63 71 72 73 74 75 76 77 78 79 80 81 106 107 112 113 114 115 116 117 118 119 120 121 122 123 124 125 126,37822.0,False
base,active,,517271.0,517747.0,6 7 8 9 10 11 12 13,-1.0,
base,active,517428.0,517428.0,517463.0,43 44 45 46 47 48 49 50,37824.0,False
base,active,,517463.0,517747.0,43 44 45 46 47,-1.0,
base,active,,517463.0,517820.0,48,-1.0,
base,active,,517463.0,518663.0,49 50,-1.0,
base,active,517747.0,517747.0,519380.0,6 7 8 9 10 11 12 13 43 44 45 46 47 51 52 53 54 55 56 57 58 59 60 61 62 64 65 66 67 68 69 70,37829.0,False
base,active,517820.0,517820.0,519380.0,48,37831.0,False
base,sleeping,,518367.0,518532.0,82 96 97,-4.0,
base,sleeping,,518367.0,518579.0,98 99 100 101 102 103 104 105,-4.0,
base,sleeping,,518367.0,523330.0,108 127,-4.0,
base,switching_on,,518532.0,521232.0,82 83 84 85 86 87 88 89 90 91 92 93 94 95 96 97,-3.0,
base,switching_on,,518579.0,521279.0,98 99 100 101 102 103 104 105,-3.0,
base,switching_off,,518663.0,520463.0,49 50,-2.0,
base,active,518736.0,519380.0,519421.0,6 7 8 9 10 11 12 13,37835.0,False
base,active,,519380.0,519449.0,43 44 45 46 47 48 51 52 53 54 55 56 57 58 59 60 61 62 64 65 66 67 68 69 70,-1.0,
base,active,,519421.0,519449.0,6 7 8 9 10 11 12,-1.0,
base,active,,519421.0,519519.0,13,-1.0,
base,active,519449.0,519449.0,519606.0,6 7 8 9 10 11 12 43 44 45 46 47 48 51 52 53 54 55 56 57 58 59 60 61 62 64 65 66 67 68 69 70,37842.0,False
base,active,519519.0,519519.0,519608.0,13,37843.0,False
base,active,,519606.0,520041.0,6,-1.0,
base,active,,519606.0,520072.0,7 8 9 10 11 12 43 44 45 46 47 48 51 52 53 54,-1.0,
base,active,,519606.0,520292.0,55 56 57 58 59 60 61 62 64 65 66 67 68 69 70,-1.0,
base,active,,519608.0,520292.0,13,-1.0,
base,active,520041.0,520041.0,520069.0,6,37845.0,False
base,active,,520069.0,520292.0,6,-1.0,
base,active,520072.0,520072.0,520417.0,7 8 9 10 11 12 43 44 45 46 47 48 51 52 53 54,37846.0,False
base,active,,520112.0,520292.0,0 1 2 3 4 5 14 15 16 17 18 19 20 21 22 23 24 25 26 27 28 29 30 31 32 33 34 35 36 37 38 39 40 41 42 63 71 72 73 74 75 76 77 78 79 80 81,-1.0,
base,active,,520112.0,520652.0,106,-1.0,
base,active,,520112.0,520813.0,107 112 113 114 115 116 117 118 119 120 121 122 123 124 125 126,-1.0,
base,active,520292.0,520292.0,520651.0,0 1 2 3 4 5 6 13 14 15 16 17 18 19 20 21 22 23 24 25 26 27 28 29 30 31 32 33 34 35 36 37 38 39 40 41 42 55 56 57 58 59 60 61 62 63 64 65 66 67 68 69 70 71 72 73 74 75 76 77 78 79 80 81,37847.0,False
base,active,,520417.0,520813.0,7 8 9 10 11 12 43 44 45 46 47 48 51 52 53 54,-1.0,
base,sleeping,,520463.0,523330.0,49 50,-4.0,
base,active,,520651.0,520813.0,0 1 2 3 4 5 6 13 14 15 16 17 18 19 20 21 22 23 24 25 26 27 28 29 30 31 32 33 34 35 36 37,-1.0,
base,active,,520651.0,521066.0,38 39 40 41 42 55 56 57 58 59 60 61 62 63 64 65,-1.0,
base,active,,520651.0,521548.0,66 67 68 69 70 71 72 73 74 75 76 77 78 79 80 81,-1.0,
base,active,520652.0,520652.0,520674.0,106,37849.0,False
base,active,,520674.0,521743.0,106,-1.0,
base,active,520813.0,520813.0,522250.0,0 1 2 3 4 5 6 7 8 9 10 11 12 13 14 15 16 17 18 19 20 21 22 23 24 25 26 27 28 29 30 31 32 33 34 35 36 37 43 44 45 46 47 48 51 52 53 54 107 112 113 114 115 116 117 118 119 120 121 122 123 124 125 126,37852.0,False
base,active,521066.0,521066.0,521211.0,38 39 40 41 42 55 56 57 58 59 60 61 62 63 64 65,37856.0,False
base,active,,521211.0,521743.0,38 39 40 41 42 55 56 57 58 59 60 61 62 63 64 65,-1.0,
base,active,518532.0,521232.0,521588.0,82 83 84 85 86 87 88 89 90 91 92 93 94 95 96 97,37833.0,False
base,active,518579.0,521279.0,521323.0,98 99 100 101 102 103 104 105,37834.0,False
base,active,,521323.0,521743.0,98 99 100 101 102 103 104 105,-1.0,
base,active,521548.0,521548.0,522053.0,66 67 68 69 70 71 72 73 74 75 76 77 78 79 80 81,37858.0,False
base,active,,521588.0,521743.0,82 83 84 85 86 87 88,-1.0,
base,active,,521588.0,521985.0,89 90 91 92,-1.0,
base,active,,521588.0,522007.0,93 94,-1.0,
base,active,,521588.0,522131.0,95 96 97,-1.0,
base,active,521743.0,521743.0,521822.0,38 39 40 41 42 55 56 57 58 59 60 61 62 63 64 65 82 83 84 85 86 87 88 98 99 100 101 102 103 104 105 106,37859.0,False
base,active,,521822.0,522131.0,38 39 40 41 42 55 56 57 58 59 60 61 62 63 64 65 82 83 84 85 86 87 88 98 99 100 101 102 103,-1.0,
base,active,,521822.0,522152.0,104 105 106,-1.0,
base,active,521985.0,521985.0,524081.0,89 90 91 92,37860.0,False
base,active,522007.0,522007.0,524083.0,93 94,37861.0,False
base,active,,522053.0,522152.0,66 67 68 69 70,-1.0,
base,active,,522053.0,522254.0,71,-1.0,
base,active,,522053.0,522306.0,72 73 74 75 76 77 78 79 80 81,-1.0,
base,active,522131.0,522131.0,522263.0,38 39 40 41 42 55 56 57 58 59 60 61 62 63 64 65 82 83 84 85 86 87 88 95 96 97 98 99 100 101 102 103,37863.0,False
base,active,522152.0,522152.0,522265.0,66 67 68 69 70 104 105 106,37864.0,False
base,active,,522250.0,522306.0,0 1 2 3 4 5 6 7 8 9 10 11 12 13 14 15 16 17 18 19 20 21 22 23 24 25 26 27 28 29 30 31 32 33 34 35 36 37 43 44 45 46 47 48 51 52 53 54 107 112 113 114 115 116,-1.0,
base,active,,522250.0,522881.0,117 118 119 120 121 122 123 124 125 126,-1.0,
base,active,522254.0,522254.0,522280.0,71,37865.0,False
base,active,,522263.0,522881.0,38 39 40 41 42 55,-1.0,
base,active,,522263.0,522935.0,56,-1.0,
base,active,,522263.0,523083.0,57 58 59 60 61 62 63 64 65 82 83 84 85 86 87 88,-1.0,
base,active,,522263.0,523309.0,95 96 97 98 99 100 101 102 103,-1.0,
base,active,,522265.0,523309.0,66 67 68 69 70 104 105 106,-1.0,
base,active,,522280.0,523309.0,71,-1.0,
base,active,522306.0,522306.0,523736.0,0 1 2 3 4 5 6 7 8 9 10 11 12 13 14 15 16 17 18 19 20 21 22 23 24 25 26 27 28 29 30 31 32 33 34 35 36 37 43 44 45 46 47 48 51 52 53 54 72 73 74 75 76 77 78 79 80 81 107 112 113 114 115 116,37866.0,False
base,active,522881.0,522881.0,523061.0,38 39 40 41 42 55 117 118 119 120 121 122 123 124 125 126,37872.0,False
base,active,522935.0,522935.0,522953.0,56,37873.0,False
base,active,,522953.0,523309.0,56,-1.0,
base,active,,523061.0,523309.0,38 39 40 41 42 55 117 118 119 120 121 122 123,-1.0,
base,active,,523061.0,523740.0,125,-1.0,
base,active,,523061.0,523824.0,126,-1.0,
base,active,,523061.0,526030.0,124,-1.0,
base,active,523083.0,523083.0,523384.0,57 58 59 60 61 62 63 64 65 82 83 84 85 86 87 88,37874.0,False
base,active,523309.0,523309.0,523424.0,38 39 40 41 42 55 56 66 67 68 69 70 71 95 96 97 98 99 100 101 102 103 104 105 106 117 118 119 120 121 122 123,37876.0,False
base,switching_on,,523330.0,526030.0,49 50 108 109 110 111 127,-3.0,
base,active,,523384.0,523824.0,57 58 59 60 61 62 63 64 65 82 83 84 85 86 87 88,-1.0,
base,active,,523424.0,523824.0,38 39 40 41 42 55 56 66 67 68 69 70 71 95 96,-1.0,
base,active,,523424.0,523850.0,97 98 99 100 101 102 103 104,-1.0,
base,active,,523424.0,524207.0,105 106 117 118 119 120 121 122,-1.0,
base,active,,523424.0,524244.0,123,-1.0,
base,active,,523736.0,524244.0,0 1 2 3 4 5 6,-1.0,
base,active,,523736.0,524326.0,7,-1.0,
base,active,,523736.0,524521.0,8 9 10 11 12 13 14 15 16 17 18 19 20 21 22 23 24 25 26 27 28 29 30 31 32 33 34 35 36 37 43 44 45 46 47 48 51 52 53 54 72 73 74 75 76 77 78 79 80 81 107 112 113 114 115 116,-1.0,
base,active,523740.0,523740.0,523754.0,125,37879.0,False
base,active,,523754.0,524521.0,125,-1.0,
base,active,523824.0,523824.0,523940.0,38 39 40 41 42 55 56 57 58 59 60 61 62 63 64 65 66 67 68 69 70 71 82 83 84 85 86 87 88 95 96 126,37880.0,False
base,active,523850.0,523850.0,523942.0,97 98 99 100 101 102 103 104,37881.0,False
base,active,,523940.0,524521.0,38 39 40 41 42 55 56,-1.0,
base,active,,523940.0,524582.0,57 58 59 60 61 62 63 64,-1.0,
base,active,,523940.0,524711.0,65 66 67 68 69 70 71 82 83 84 85 86 87 88 95 96,-1.0,
base,active,,523940.0,524797.0,126,-1.0,
base,active,,523942.0,524797.0,97 98 99,-1.0,
base,active,,523942.0,524837.0,100 101 102 103,-1.0,
base,active,,523942.0,524993.0,104,-1.0,
base,active,,524081.0,524993.0,89 90 91,-1.0,
base,active,,524081.0,525245.0,92,-1.0,
base,active,,524083.0,525283.0,93 94,-1.0,
base,active,524207.0,524207.0,524235.0,105 106 117 118 119 120 121 122,37886.0,False
base,active,,524235.0,525299.0,105,-1.0,
base,active,,524235.0,525321.0,106 117 118 119,-1.0,
base,active,,524235.0,525344.0,120 121,-1.0,
base,active,,524235.0,525414.0,122,-1.0,
base,active,524244.0,524244.0,524326.0,0 1 2 3 4 5 6 123,37888.0,False
base,active,524326.0,524326.0,524335.0,7,37889.0,False
base,active,,524326.0,525414.0,0 1 2 3 4 5 6 123,-1.0,
base,active,,524335.0,525414.0,7,-1.0,
base,active,524521.0,524521.0,526140.0,8 9 10 11 12 13 14 15 16 17 18 19 20 21 22 23 24 25 26 27 28 29 30 31 32 33 34 35 36 37 38 39 40 41 42 43 44 45 46 47 48 51 52 53 54 55 56 72 73 74 75 76 77 78 79 80 81 107 112 113 114 115 116 125,37890.0,False
base,active,524582.0,524582.0,524703.0,57 58 59 60 61 62 63 64,37891.0,False
base,active,,524703.0,525414.0,57 58 59 60 61 62,-1.0,
base,active,,524703.0,525649.0,63 64,-1.0,
base,active,524711.0,524711.0,525368.0,65 66 67 68 69 70 71 82 83 84 85 86 87 88 95 96,37892.0,False
base,active,524797.0,524797.0,524829.0,97 98 99 126,37893.0,False
base,active,,524829.0,525649.0,97 98,-1.0,
base,active,,524829.0,525745.0,99 126,-1.0,
base,active,524837.0,524837.0,524908.0,100 101 102 103,37894.0,False
base,active,,524908.0,525745.0,100 101 102 103,-1.0,
base,active,524993.0,524993.0,525056.0,89 90 91 104,37896.0,False
base,active,,525056.0,525745.0,89 90 91 104,-1.0,
base,active,525245.0,525245.0,525287.0,92,37897.0,False
base,switching_off,,525283.0,527083.0,93 94,-2.0,
base,active,,525287.0,525745.0,92,-1.0,
base,active,525299.0,525299.0,525317.0,105,37898.0,False
base,active,,525317.0,525745.0,105,-1.0,
base,active,525321.0,525321.0,528449.0,106 117 118 119,37899.0,False
base,active,525344.0,525344.0,528452.0,120 121,37901.0,False
base,active,,525368.0,525745.0,65 66 67 68,-1.0,
base,active,,525368.0,526118.0,69 70 71 82 83 84 85 86 87 88 95 96,-1.0,
base,active,525414.0,525414.0,525600.0,0 1 2 3 4 5 6 7 57 58 59 60 61 62 122 123,37902.0,False
base,active,,525600.0,526118.0,0 1 2 3,-1.0,
base,active,,525600.0,526147.0,4,-1.0,
base,active,,525600.0,526166.0,5,-1.0,
base,active,,525600.0,526209.0,6 7 57 58 59 60 61 62 122 123,-1.0,
base,active,525649.0,525649.0,525749.0,63 64 97 98,37903.0,False
base,active,525745.0,525745.0,526111.0,65 66 67 68 89 90 91 92 99 100 101 102 103 104 105 126,37905.0,False
base,active,,525749.0,526209.0,63 64 97 98,-1.0,
base,active,523330.0,526030.0,526126.0,49 50 108 109 110 111 124 127,37877.0,False
base,active,,526111.0,526209.0,65 66 67 68 89 90 91 92 99 100 101 102 103 104 105 126,-1.0,
base,active,526118.0,526118.0,526517.0,0 1 2 3 69 70 71 82 83 84 85 86 87 88 95 96,37910.0,False
base,active,,526126.0,526209.0,49 50 108 109 110 111 124 127,-1.0,
base,active,,526140.0,526209.0,8 9 10 11 12 13 14 15 16 17 18 19 20 21 22 23 24 25 26 27 28 29 30 31 32 33,-1.0,
base,active,,526140.0,526827.0,34 35 36 37 38 39 40 41 42 43 44 45 46 47 48 51,-1.0,
base,active,,526140.0,527078.0,52 53 54 55 56 72 73 74 75 76 77 78 79 80 81 107,-1.0,
base,active,,526140.0,527340.0,112 113 114 115 116 125,-1.0,
base,active,526147.0,526147.0,526163.0,4,37911.0,False
base,active,,526163.0,527363.0,4,-1.0,
base,active,526166.0,526166.0,526177.0,5,37912.0,False
base,active,,526177.0,527377.0,5,-1.0,
base,active,526209.0,526209.0,527629.0,6 7 8 9 10 11 12 13 14 15 16 17 18 19 20 21 22 23 24 25 26 27 28 29 30 31 32 33 49 50 57 58 59 60 61 62 63 64 65 66 67 68 89 90 91 92 97 98 99 100 101 102 103 104 105 108 109 110 111 122 123 124 126 127,37913.0,False
base,active,,526517.0,527477.0,0 1 2 3 69 70 71 82 83 84 85 86 87 88 95 96,-1.0,
base,active,526827.0,526827.0,526934.0,34 35 36 37 38 39 40 41 42 43 44 45 46 47 48 51,37915.0,False
base,active,,526934.0,527633.0,34,-1.0,
base,active,,526934.0,527665.0,35,-1.0,
base,active,,526934.0,527674.0,36 37 38 39 40 41 42 43 44 45 46 47 48 51,-1.0,
base,active,527078.0,527078.0,527214.0,52 53 54 55 56 72 73 74 75 76 77 78 79 80 81 107,37917.0,False
base,sleeping,,527083.0,530158.0,93 94,-4.0,
base,active,,527214.0,527674.0,52 53 54 55 56 72 73 74 75 76 77 78 79 80 81 107,-1.0,
base,switching_off,,527340.0,529140.0,112 113 114 115 116 125,-2.0,
base,switching_off,,527363.0,529163.0,4,-2.0,
base,switching_off,,527377.0,529177.0,5,-2.0,
base,active,527477.0,527477.0,527570.0,0 1 2 3 69 70 71 82 83 84 85 86 87 88 95 96,37921.0,False
base,active,,527570.0,527674.0,0 1 2 3 69 70 71 82 83 84 85 86 87 88 95 96,-1.0,
base,active,,527629.0,527674.0,6 7 8 9 10 11 12 13 14 15 16 17 18 19 20 21 22 23,-1.0,
base,active,,527629.0,527683.0,24,-1.0,
base,active,,527629.0,527821.0,25 26 27 28 29 30 31 32 33 49 50 57 58 59 60 61,-1.0,
base,active,,527629.0,527884.0,62 63 64 65 66 67 68 89 90 91 92 97 98 99 100 101,-1.0,
base,active,,527629.0,528300.0,102 103 104 105 108 109 110 111 122 123 124 126 127,-1.0,
base,active,527633.0,527633.0,527648.0,34,37924.0,False
base,active,,527648.0,528300.0,34,-1.0,
base,active,527665.0,527665.0,527671.0,35,37925.0,False
base,active,,527671.0,528300.0,35,-1.0,
base,active,527674.0,527674.0,529111.0,0 1 2 3 6 7 8 9 10 11 12 13 14 15 16 17 18 19 20 21 22 23 36 37 38 39 40 41 42 43 44 45 46 47 48 51 52 53 54 55 56 69 70 71 72 73 74 75 76 77 78 79 80 81 82 83 84 85 86 87 88 95 96 107,37926.0,False
base,active,527683.0,527683.0,527697.0,24,37927.0,False
base,active,,527697.0,528300.0,24,-1.0,
base,active,527821.0,527821.0,527879.0,25 26 27 28 29 30 31 32 33 49 50 57 58 59 60 61,37928.0,False
base,active,,527879.0,528853.0,25 26 27 28 29 30 31 32 33 49 50 57 58 59 60 61,-1.0,
base,active,527884.0,527884.0,528020.0,62 63 64 65 66 67 68 89 90 91 92 97 98 99 100 101,37929.0,False
base,active,,528020.0,528853.0,62 63 64 65 66 67 68 89 90 91 92 97 98 99 100 101,-1.0,
base,active,528300.0,528300.0,528377.0,24 34 35 102 103 104 105 108 109 110 111 122 123 124 126 127,37931.0,False
base,active,,528377.0,528959.0,24,-1.0,
base,active,,528377.0,529018.0,34,-1.0,
base,active,,528377.0,529043.0,35 102 103 104,-1.0,
base,active,,528377.0,529066.0,105 108,-1.0,
base,active,,528377.0,529129.0,109,-1.0,
base,active,,528377.0,529132.0,110,-1.0,
base,active,,528377.0,529209.0,111 122 123 124 126 127,-1.0,
base,active,,528449.0,529209.0,106 117 118 119,-1.0,
base,active,,528452.0,529209.0,120 121,-1.0,
base,active,528853.0,528853.0,529027.0,25 26 27 28 29 30 31 32 33 49 50 57 58 59 60 61 62 63 64 65 66 67 68 89 90 91 92 97 98 99 100 101,37933.0,False
base,active,528959.0,528959.0,529005.0,24,37935.0,False
base,active,,529005.0,529209.0,24,-1.0,
base,active,529018.0,529018.0,529037.0,34,37937.0,False
base,active,,529027.0,529209.0,25 26 27 28 29 30 31 32 33 49 50 57 58 59 60 61 62 63 64 65 66 67 68 89 90 91 92 97 98 99 100 101,-1.0,
base,active,,529037.0,529209.0,34,-1.0,
base,active,529043.0,529043.0,532156.0,35 102 103 104,37938.0,False
base,active,529066.0,529066.0,532158.0,105 108,37940.0,False
base,active,,529111.0,529209.0,0 1 2 3 6 7 8 9 10 11 12 13 14 15 16 17 18 19,-1.0,
base,active,,529111.0,529358.0,20,-1.0,
base,active,,529111.0,529475.0,21 22 23 36 37 38 39 40 41 42 43 44 45 46 47 48 51 52 53 54 55 56 69 70 71 72 73 74 75 76 77 78,-1.0,
base,active,,529111.0,529479.0,79 80 81 82 83 84 85 86 87 88 95 96 107,-1.0,
base,active,529129.0,529129.0,529165.0,109,37941.0,False
base,active,529132.0,529132.0,529158.0,110,37942.0,False
base,sleeping,,529140.0,530158.0,112 113 114 115 116 125,-4.0,
base,active,,529158.0,529479.0,110,-1.0,
base,sleeping,,529163.0,530158.0,4,-4.0,
base,active,,529165.0,529479.0,109,-1.0,
base,sleeping,,529177.0,530158.0,5,-4.0,
base,active,529209.0,529209.0,529926.0,0 1 2 3 6 7 8 9 10 11 12 13 14 15 16 17 18 19 24 25 26 27 28 29 30 31 32 33 34 49 50 57 58 59 60 61 62 63 64 65 66 67 68 89 90 91 92 97 98 99 100 101 106 111 117 118 119 120 121 122 123 124 126 127,37944.0,False
base,active,529358.0,529358.0,529382.0,20,37945.0,False
base,active,,529382.0,529479.0,20,-1.0,
base,active,529475.0,529475.0,529630.0,21 22 23 36 37 38 39 40 41 42 43 44 45 46 47 48 51 52 53 54 55 56 69 70 71 72 73 74 75 76 77 78,37946.0,False
base,active,529479.0,529479.0,529562.0,20 79 80 81 82 83 84 85 86 87 88 95 96 107 109 110,37947.0,False
base,active,,529562.0,529947.0,20 79 80 81 82 83 84 85 86 87 88 95 96 107 109 110,-1.0,
base,active,,529630.0,529947.0,21 22 23 36 37 38 39 40 41 42 43 44 45 46 47 48 51 52 53 54 55 56 69 70 71 72 73 74 75 76 77 78,-1.0,
base,active,,529926.0,529947.0,0 1 2 3 6 7 8 9 10 11 12 13 14 15 16 17,-1.0,
base,active,,529926.0,530101.0,18 19 24 25 26 27 28 29 30 31 32 33 34 49 50 57 58 59 60 61 62 63 64 65 66 67 68 89 90 91 92 97,-1.0,
base,active,,529926.0,530126.0,98 99 100 101 106 111 117 118,-1.0,
base,active,,529926.0,530493.0,126 127,-1.0,
base,active,,529926.0,532858.0,119 120 121 122 123 124,-1.0,
base,active,529947.0,529947.0,531357.0,0 1 2 3 6 7 8 9 10 11 12 13 14 15 16 17 20 21 22 23 36 37 38 39 40 41 42 43 44 45 46 47 48 51 52 53 54 55 56 69 70 71 72 73 74 75 76 77 78 79 80 81 82 83 84 85 86 87 88 95 96 107 109 110,37949.0,False
base,active,530101.0,530101.0,530223.0,18 19 24 25 26 27 28 29 30 31 32 33 34 49 50 57 58 59 60 61 62 63 64 65 66 67 68 89 90 91 92 97,37950.0,False
base,active,530126.0,530126.0,530225.0,98 99 100 101 106 111 117 118,37951.0,False
base,switching_on,,530158.0,532858.0,4 5 93 94 112 113 114 115 116 125,-3.0,
base,active,,530223.0,530493.0,18 19,-1.0,
base,active,,530223.0,531149.0,24 25 26 27 28 29 30 31 32 33 34 49 50 57 58 59 60 61 62 63 64 65 66 67 68 89 90 91 92 97,-1.0,
base,active,,530225.0,531149.0,98 99,-1.0,
base,active,,530225.0,531175.0,100 101 106 111 117 118,-1.0,
base,active,530493.0,530493.0,530544.0,18 19 126 127,37954.0,False
base,active,,530544.0,531175.0,18 19,-1.0,
base,active,,530544.0,531361.0,126,-1.0,
base,active,,530544.0,531388.0,127,-1.0,
base,active,531149.0,531149.0,531267.0,24 25 26 27 28 29 30 31 32 33 34 49 50 57 58 59 60 61 62 63 64 65 66 67 68 89 90 91 92 97 98 99,37960.0,False
base,active,531175.0,531175.0,531269.0,18 19 100 101 106 111 117 118,37961.0,False
base,active,,531267.0,531443.0,24 25 26 27 28 29 30 31 32 33 34 49 50 57 58 59 60 61 62 63 64 65 66 67 68 89 90 91 92 97 98 99,-1.0,
base,active,,531269.0,531443.0,18 19 100 101 106 111 117 118,-1.0,
base,active,,531357.0,531443.0,0 1 2 3 6 7 8 9 10 11 12 13 14 15 16 17 20 21 22 23 36 37 38 39,-1.0,
base,active,,531357.0,531879.0,40 41 42 43 44 45 46 47 48 51 52 53 54 55 56 69,-1.0,
base,active,,531357.0,532017.0,70 71 72 73 74 75 76 77 78 79 80 81 82 83 84 85 86 87 88 95 96 107 109 110,-1.0,
base,active,531361.0,531361.0,531374.0,126,37963.0,False
base,active,,531374.0,532017.0,126,-1.0,
base,active,531388.0,531388.0,531397.0,127,37964.0,False
base,active,,531397.0,532017.0,127,-1.0,
base,active,531443.0,531443.0,532884.0,0 1 2 3 6 7 8 9 10 11 12 13 14 15 16 17 18 19 20 21 22 23 24 25 26 27 28 29 30 31 32 33 34 36 37 38 39 49 50 57 58 59 60 61 62 63 64 65 66 67 68 89 90 91 92 97 98 99 100 101 106 111 117 118,37965.0,False
base,active,531879.0,531879.0,531932.0,40 41 42 43 44 45 46 47 48 51 52 53 54 55 56 69,37967.0,False
base,active,,531932.0,532017.0,40 41 42 43 44 45,-1.0,
base,active,,531932.0,532042.0,46 47 48 51 52 53 54 55,-1.0,
base,active,,531932.0,532887.0,56,-1.0,
base,active,,531932.0,532919.0,69,-1.0,
base,active,532017.0,532017.0,532130.0,40 41 42 43 44 45 70 71 72 73 74 75 76 77 78 79 80 81 82 83 84 85 86 87 88 95 96 107 109 110 126 127,37968.0,False
base,active,532042.0,532042.0,532132.0,46 47 48 51 52 53 54 55,37969.0,False
base,active,,532130.0,532928.0,40,-1.0,
base,active,,532130.0,532974.0,41 42 43 44 45 70 71 72 73 74 75 76 77 78 79 80 81 82 83 84 85 86 87 88 95 96 107 109 110 126 127,-1.0,
base,active,,532132.0,532974.0,46 47 48 51 52 53 54 55,-1.0,
base,active,,532156.0,532974.0,35 102 103 104,-1.0,
base,active,,532158.0,532974.0,105 108,-1.0,
base,active,530158.0,532858.0,533332.0,4 5 93 94 112 113 114 115 116 119 120 121 122 123 124 125,37952.0,False
base,active,,532884.0,532974.0,0 1 2 3 6 7 8 9 10 11 12 13 14 15 16 17 18 19 20,-1.0,
base,active,,532884.0,533130.0,21 22 23 24,-1.0,
base,active,,532884.0,533552.0,25 26 27 28 29 30 31 32 33 34 36 37 38 39 49 50 57 58 59 60 61 62 63 64 65 66 67 68 89 90 91 92,-1.0,
base,active,,532884.0,533580.0,97 98 99 100 101 106 111 117,-1.0,
base,active,,532884.0,533781.0,118,-1.0,
base,active,532887.0,532887.0,532901.0,56,37975.0,False
base,active,,532901.0,533917.0,56,-1.0,
base,active,532919.0,532919.0,532926.0,69,37976.0,False
base,active,,532926.0,533917.0,69,-1.0,
base,active,532928.0,532928.0,532939.0,40,37977.0,False
base,active,,532939.0,533917.0,40,-1.0,
base,active,532974.0,532974.0,534383.0,0 1 2 3 6 7 8 9 10 11 12 13 14 15 16 17 18 19 20 35 41 42 43 44 45 46 47 48 51 52 53 54 55 70 71 72 73 74 75 76 77 78 79 80 81 82 83 84 85 86 87 88 95 96 102 103 104 105 107 108 109 110 126 127,37978.0,False
base,active,533130.0,533130.0,533176.0,21 22 23 24,37979.0,False
base,active,,533176.0,533917.0,21 22 23 24,-1.0,
base,active,,533332.0,533917.0,4 5 93 94 112 113 114 115 116 119 120 121 122 123 124 125,-1.0,
base,active,533552.0,533552.0,533668.0,25 26 27 28 29 30 31 32 33 34 36 37 38 39 49 50 57 58 59 60 61 62 63 64 65 66 67 68 89 90 91 92,37980.0,False
base,active,533580.0,533580.0,533670.0,97 98 99 100 101 106 111 117,37981.0,False
base,active,,533668.0,533917.0,25 26 27 28 29 30 31 32 33 34 36 37 38 39 49 50 57 58 59 60 61 62 63 64 65 66 67 68 89 90 91 92,-1.0,
base,active,,533670.0,533917.0,97 98 99 100 101 106 111 117,-1.0,
base,active,533781.0,533781.0,533795.0,118,37982.0,False
base,active,,533795.0,533917.0,118,-1.0,
base,active,533917.0,533917.0,534082.0,4 5 21 22 23 24 25 26 27 28 29 30 31 32 33 34 36 37 38 39 40 49 50 56 57 58 59 60 61 62 63 64 65 66 67 68 69 89 90 91 92 93 94 97 98 99 100 101 106 111 112 113 114 115 116 117 118 119 120 121 122 123 124 125,37983.0,False
base,active,,534082.0,534088.0,4,-1.0,
base,active,,534082.0,534124.0,5,-1.0,
base,active,,534082.0,534386.0,21,-1.0,
base,active,,534082.0,534427.0,22,-1.0,
base,active,,534082.0,534480.0,23 24 25 26 27 28 29 30 31 32 33 34 36 37 38 39 40 49 50 56 57 58 59 60 61 62 63 64 65 66 67 68 69 89 90 91 92 93 94 97 98 99 100 101 106 111 112 113 114 115 116 117 118 119 120 121 122 123 124 125,-1.0,
base,active,534088.0,534088.0,534106.0,4,37984.0,False
base,active,,534106.0,534480.0,4,-1.0,
base,active,534124.0,534124.0,534140.0,5,37985.0,False
base,active,,534140.0,534480.0,5,-1.0,
base,active,,534383.0,534480.0,0 1,-1.0,
base,active,,534383.0,534591.0,2,-1.0,
base,active,,534383.0,534675.0,3 6 7 8 9 10 11 12 13 14 15 16 17 18 19 20 35 41 42 43 44 45 46 47 48 51 52 53 54 55 70 71,-1.0,
base,active,,534383.0,534741.0,72,-1.0,
base,active,,534383.0,535547.0,73,-1.0,
base,active,,534383.0,535583.0,74 75 76 77 78 79 80 81 82 83 84 85 86 87 88 95 96 102 103 104 105 107 108 109 110 126 127,-1.0,
base,active,534386.0,534386.0,534401.0,21,37986.0,False
base,active,,534401.0,535600.0,21,-1.0,
base,active,534427.0,534427.0,534436.0,22,37987.0,False
base,active,,534436.0,535625.0,22,-1.0,
base,active,534480.0,534480.0,535891.0,0 1 4 5 23 24 25 26 27 28 29 30 31 32 33 34 36 37 38 39 40 49 50 56 57 58 59 60 61 62 63 64 65 66 67 68 69 89 90 91 92 93 94 97 98 99 100 101 106 111 112 113 114 115 116 117 118 119 120 121 122 123 124 125,37988.0,False
base,active,534591.0,534591.0,534611.0,2,37989.0,False
base,active,,534611.0,535625.0,2,-1.0,
base,active,534675.0,534675.0,534831.0,3 6 7 8 9 10 11 12 13 14 15 16 17 18 19 20 35 41 42 43 44 45 46 47 48 51 52 53 54 55 70 71,37990.0,False
base,active,534741.0,534741.0,534833.0,72,37991.0,False
base,active,,534831.0,535625.0,3 6,-1.0,
base,active,,534831.0,535646.0,7 8,-1.0,
base,active,,534831.0,535894.0,9,-1.0,
base,active,,534831.0,535895.0,10,-1.0,
base,active,,534831.0,535951.0,11 12 13 14 15 16 17 18 19 20 35 41 42 43 44 45 46 47 48 51 52 53 54 55 70 71,-1.0,
base,active,,534833.0,535951.0,72,-1.0,
base,active,535547.0,535547.0,535587.0,73,37992.0,False
base,switching_off,,535583.0,537383.0,74 75 76 77 78 79 80 81 82 83 84 85 86 87 88 95 96 102 103 104 105 107 108 109 110 126 127,-2.0,
base,active,,535587.0,535951.0,73,-1.0,
base,active,535600.0,535600.0,535620.0,21,37993.0,False
base,active,,535620.0,535951.0,21,-1.0,
base,active,535625.0,535625.0,536436.0,2 3 6 22,37994.0,False
base,active,535646.0,535646.0,536439.0,7 8,37995.0,False
base,active,,535891.0,535951.0,0 1 4 5 23 24 25 26 27 28 29 30 31 32 33 34 36 37 38 39 40 49 50 56 57 58 59 60 61 62 63 64 65 66 67,-1.0,
base,active,,535891.0,536007.0,68 69 89 90 91 92 93 94,-1.0,
base,active,,535891.0,536434.0,97,-1.0,
base,active,,535891.0,536833.0,98 99 100 101 106 111 112 113 114 115 116 117 118 119 120 121 122 123 124 125,-1.0,
base,active,535894.0,535894.0,535907.0,9,37996.0,False
base,active,535895.0,535895.0,535917.0,10,37997.0,False
base,active,,535907.0,536833.0,9,-1.0,
base,active,,535917.0,536833.0,10,-1.0,
base,active,535951.0,535951.0,537430.0,0 1 4 5 11 12 13 14 15 16 17 18 19 20 21 23 24 25 26 27 28 29 30 31 32 33 34 35 36 37 38 39 40 41 42 43 44 45 46 47 48 49 50 51 52 53 54 55 56 57 58 59 60 61 62 63 64 65 66 67 70 71 72 73,37998.0,False
base,active,536007.0,536007.0,536536.0,68 69 89 90 91 92 93 94,37999.0,False
base,active,536434.0,536434.0,536440.0,97,38000.0,False
base,active,,536436.0,536833.0,2 3 6 22,-1.0,
base,active,,536439.0,536833.0,7 8,-1.0,
base,active,,536440.0,536833.0,97,-1.0,
base,active,,536536.0,536833.0,68 69 89,-1.0,
base,active,,536536.0,537044.0,90 91 92 93 94,-1.0,
base,active,536833.0,536833.0,537044.0,2 3 6 7 8 9 10 22 68 69 89 97 98 99 100 101 106 111 112 113 114 115 116 117 118 119 120 121 122 123 124 125,38001.0,False
base,active,536952.0,537044.0,537075.0,7,38003.0,False
base,active,536899.0,537044.0,537191.0,2 3 6 90 91 92 93 94,38002.0,False
base,active,,537044.0,537434.0,8,-1.0,
base,active,,537044.0,537624.0,9 10 22 68 69 89 97 98 99 100 101 106 111 112 113 114 115 116 117 118 119 120 121 122 123 124 125,-1.0,
base,active,,537075.0,537624.0,7,-1.0,
base,active,,537191.0,537624.0,2 3 6 90 91 92 93 94,-1.0,
base,sleeping,,537383.0,540256.0,74,-4.0,
base,sleeping,,537383.0,542041.0,75 76 77 78 79 80 81 82 83 84 85 86 87 88,-4.0,
base,sleeping,,537383.0,544782.0,95 96 102 103 104 105 107 108 109 110,-4.0,
base,sleeping,,537383.0,544783.0,126 127,-4.0,
base,active,,537430.0,537624.0,0 1 4 5 11 12 13 14 15 16 17 18 19 20 21 23 24 25 26 27 28 29 30 31 32 33 34 35,-1.0,
base,active,,537430.0,538070.0,36 37 38 39 40 41 42 43 44 45 46 47 48 49 50 51 52 53 54 55 56 57 58 59 60 61 62 63 64 65 66 67 70 71 72 73,-1.0,
base,active,537434.0,537434.0,537447.0,8,38004.0,False
base,active,,537447.0,538070.0,8,-1.0,
base,active,537624.0,537624.0,538046.0,0 1 2 3 4 5 6 7 9 10 11 12 13 14 15 16 17 18 19 20 21 22 23 24 25 26 27 28 29 30 31 32 33 34 35 68 69 89 90 91 92 93 94 97 98 99 100 101 106 111 112 113 114 115 116 117 118 119 120 121 122 123 124 125,38005.0,False
base,active,,538046.0,538070.0,0 1 2 3 4 5 6 7 9 10 11 12 13 14 15 16 17 18 19 20 21 22 23 24 25 26 27,-1.0,
base,active,,538046.0,538094.0,28,-1.0,
base,active,,538046.0,538253.0,29 30 31 32 33 34 35 68 69 89 90 91 92 93 94 97 98 99 100 101 106 111 112 113 114 115 116 117 118 119 120 121,-1.0,
base,active,,538046.0,538884.0,122 123 124 125,-1.0,
base,active,538070.0,538070.0,539041.0,0 1 2 3 4 5 6 7 8 9 10 11 12 13 14 15 16 17 18 19 20 21 22 23 24 25 26 27 36 37 38 39 40 41 42 43 44 45 46 47 48 49 50 51 52 53 54 55 56 57 58 59 60 61 62 63 64 65 66 67 70 71 72 73,38006.0,False
base,active,538094.0,538094.0,538115.0,28,38007.0,False
base,active,,538115.0,538884.0,28,-1.0,
base,active,538253.0,538253.0,538470.0,29 30 31 32 33 34 35 68 69 89 90 91 92 93 94 97 98 99 100 101 106 111 112 113 114 115 116 117 118 119 120 121,38008.0,False
base,active,,538470.0,538884.0,29 30 31 32 33 34 35 68 69 89 90 91 92 93 94 97 98 99 100 101 106 111 112 113 114 115 116,-1.0,
base,active,,538470.0,538936.0,117,-1.0,
base,active,,538470.0,538945.0,118,-1.0,
base,active,,538470.0,538993.0,119,-1.0,
base,active,,538470.0,539019.0,120 121,-1.0,
base,active,538884.0,538884.0,539016.0,28 29 30 31 32 33 34 35 68 69 89 90 91 92 93 94 97 98 99 100 101 106 111 112 113 114 115 116 122 123 124 125,38009.0,False
base,active,538936.0,538936.0,538981.0,117,38010.0,False
base,active,538945.0,538945.0,538967.0,118,38011.0,False
base,active,,538967.0,539019.0,118,-1.0,
base,active,,538981.0,539019.0,117,-1.0,
base,active,538993.0,538993.0,539014.0,119,38012.0,False
base,active,,539014.0,540214.0,119,-1.0,
base,active,,539016.0,540216.0,28 29 30 31 32 33 34 35 68 69 89 90 91 92 93 94 97 98 99 100 101 106 111 112 113 114 115 116 122 123 124 125,-1.0,
base,active,539019.0,539019.0,539041.0,117 118 120 121,38013.0,False
base,active,,539041.0,540241.0,0 1 2 3 4 5 6 7 8 9 10 11 12 13 14 15 16 17 18 19 20 21 22 23 24 25 26 27 36 37 38 39 40 41 42 43 44 45 46 47 48 49 50 51 52 53 54 55 56 57 58 59 60 61 62 63 64 65 66 67 70 71 72 73 117 118 120 121,-1.0,
base,switching_off,,540214.0,542014.0,119,-2.0,
base,switching_off,,540216.0,542016.0,28 29 30 31 32 33 34 35 68 69 89 90 91 92 93 94 97 98 99 100 101 106 111 112 113 114 115 116 122 123 124 125,-2.0,
base,switching_off,,540241.0,542041.0,0 1 2 3 4 5 6 7 8 9 10 11 12 13 14 15 16 17 18 19 20 21 22 23 24 25 26 27 36 37 38 39 40 41 42 43 44 45 46 47 48 49 50 51 52 53 54 55 56 57 58 59 60 61 62 63 64 65 66 67 70 71 72 73 117 118 120 121,-2.0,
base,switching_on,,540256.0,542956.0,74,-3.0,
base,sleeping,,542014.0,544783.0,119,-4.0,
base,sleeping,,542016.0,542041.0,28 29 30 31 32 33 34 35 68 69 89 90,-4.0,
base,sleeping,,542016.0,543950.0,91,-4.0,
base,sleeping,,542016.0,544011.0,92,-4.0,
base,sleeping,,542016.0,544234.0,93,-4.0,
base,sleeping,,542016.0,544411.0,94,-4.0,
base,sleeping,,542016.0,544782.0,97 98 99 100 101 106 111 112 113 114 115 116,-4.0,
base,sleeping,,542016.0,544783.0,122 123 124 125,-4.0,
base,switching_on,,542041.0,544741.0,0 1 2 3 4 5 6 7 8 9 10 11 12 13 14 15 16 17 18 19 20 21 22 23 24 25 26 27 28 29 30 31 32 33 34 35 36 37 38 39 40 41 42 43 44 45 46 47 48 49 50 51 52 53 54 55 56 57 58 59 60 61 62 63 64 65 66 67 68 69 70 71 72 73 75 76 77 78 79 80 81 82 83 84 85 86 87 88 89 90,-3.0,
base,sleeping,,542041.0,544782.0,117 118,-4.0,
base,sleeping,,542041.0,544783.0,120 121,-4.0,
base,active,540256.0,542956.0,542962.0,74,38015.0,False
base,active,,542962.0,543222.0,74,-1.0,
base,active,543222.0,543222.0,543246.0,74,38029.0,False
base,active,,543246.0,543371.0,74,-1.0,
base,active,543371.0,543371.0,543377.0,74,38032.0,False
base,active,,543377.0,543380.0,74,-1.0,
base,active,543380.0,543380.0,543492.0,74,38033.0,False
base,active,,543492.0,544692.0,74,-1.0,
base,switching_on,,543950.0,546650.0,91,-3.0,
base,switching_on,,544011.0,546711.0,92,-3.0,
base,switching_on,,544234.0,546934.0,93,-3.0,
base,switching_on,,544411.0,547111.0,94,-3.0,
base,switching_off,,544692.0,546492.0,74,-2.0,
base,active,540414.0,544741.0,544761.0,64,38017.0,False
base,active,540719.0,544741.0,544782.0,65 66 67 68 69 70 71 72,38018.0,False
base,active,540769.0,544741.0,544783.0,73 75 76 77 78 79 80 81,38019.0,False
base,active,540930.0,544741.0,544818.0,88 89,38023.0,False
base,active,540922.0,544741.0,544823.0,86 87,38022.0,False
base,active,540914.0,544741.0,544828.0,84 85,38021.0,False
base,active,540906.0,544741.0,544833.0,82 83,38020.0,False
base,active,540940.0,544741.0,544904.0,90,38024.0,False
base,active,540324.0,544741.0,546518.0,0 1 2 3 4 5 6 7 8 9 10 11 12 13 14 15 16 17 18 19 20 21 22 23 24 25 26 27 28 29 30 31 32 33 34 35 36 37 38 39 40 41 42 43 44 45 46 47 48 49 50 51 52 53 54 55 56 57 58 59 60 61 62 63,38016.0,False
base,active,,544761.0,547483.0,64,-1.0,
base,active,,544782.0,544828.0,71 72,-1.0,
base,switching_on,,544782.0,547482.0,95 96 97 98 99 100 101 102 103 104 105 106 107 108 109 110 111 112 113 114 115 116 117 118,-3.0,
base,active,,544782.0,547483.0,65 66 67 68 69 70,-1.0,
base,active,,544783.0,544828.0,73 75 76 77 78 79 80 81,-1.0,
base,switching_on,,544783.0,547483.0,119 120 121 122 123 124 125 126 127,-3.0,
base,active,,544818.0,544828.0,88 89,-1.0,
base,active,,544823.0,544828.0,86 87,-1.0,
base,active,542793.0,544828.0,544886.0,71 72 73 75 76 77 78 79 80 81 84 85 86 87 88 89,38028.0,False
base,active,,544833.0,545865.0,82,-1.0,
base,active,,544833.0,545941.0,83,-1.0,
base,active,,544886.0,545941.0,71 72 73 75 76 77 78 79 80 81 84 85 86 87 88,-1.0,
base,active,,544886.0,546025.0,89,-1.0,
base,active,,544904.0,546104.0,90,-1.0,
base,active,545865.0,545865.0,545973.0,82,38041.0,False
base,active,545941.0,545941.0,545977.0,71 72 73 75 76 77 78 79 80 81 83 84 85 86 87 88,38043.0,False
base,active,,545973.0,546257.0,82,-1.0,
base,active,,545977.0,546338.0,71,-1.0,
base,active,,545977.0,546428.0,72 73 75 76 77 78 79 80 81 83 84 85 86 87 88,-1.0,
base,active,546025.0,546025.0,546151.0,89,38044.0,False
base,switching_off,,546104.0,547904.0,90,-2.0,
base,active,,546151.0,546428.0,89,-1.0,
base,active,546257.0,546257.0,546323.0,82,38045.0,False
base,active,,546323.0,546474.0,82,-1.0,
base,active,546338.0,546338.0,546639.0,71,38047.0,False
base,active,546428.0,546428.0,546469.0,72 73 75 76 77 78 79 80 81 83 84 85 86 87 88 89,38048.0,False
base,active,,546469.0,546474.0,72 73 75 76 77 78 79 80 81 83 84 85 86 87 88,-1.0,
base,active,,546469.0,546518.0,89,-1.0,
base,active,546474.0,546474.0,546509.0,72 73 75 76 77 78 79 80 81 82 83 84 85 86 87 88,38049.0,False
base,sleeping,,546492.0,546650.0,74,-4.0,
base,active,,546509.0,546518.0,72 73 75 76 77 78 79 80 81 82 83 84 85 86 87 88,-1.0,
base,active,541153.0,546518.0,547348.0,0 1 2 3 4 5 6 7 8 9 10 11 12 13 14 15 16 17 18 19 20 21 22 23 24 25 26 27 28 29 30 31 32 33 34 35 36 37 38 39 40 41 42 43 44 45 46 72 73 75 76 77 78 79 80 81 82 83 84 85 86 87 88 89,38025.0,False
base,active,,546518.0,547348.0,47 48 49 50 51 52 53 54 55 56 57 58 59 60 61 62 63,-1.0,
base,active,,546639.0,547348.0,71,-1.0,
base,active,543950.0,546650.0,546666.0,91,38035.0,False
base,switching_on,,546650.0,549350.0,74,-3.0,
base,active,,546666.0,547348.0,91,-1.0,
base,active,544011.0,546711.0,546848.0,92,38037.0,False
base,active,,546848.0,547348.0,92,-1.0,
base,active,544234.0,546934.0,547008.0,93,38039.0,False
base,active,,547008.0,547348.0,93,-1.0,
base,active,544411.0,547111.0,548549.0,94,38040.0,False
base,active,,547348.0,547387.0,43 44 45 46 72 73 75 76 77 78 79 80 81 82 83 84,-1.0,
base,active,,547348.0,547426.0,85 86 87 88,-1.0,
base,active,,547348.0,547461.0,89,-1.0,
base,active,542189.0,547348.0,549107.0,0 1 2 3 4 5 6 7 8 9 10 11 12 13 14 15 16 17 18 19 20 21 22 23 24 25 26 27 28 29 30 31 32 33 34 35 36 37 38 39 40 41 42 47 48 49 50 51 52 53 54 55 56 57 58 59 60 61 62 63 71 91 92 93,38026.0,False
base,active,547387.0,547387.0,547423.0,43 44 45 46 72 73 75 76 77 78 79 80 81 82 83 84,38052.0,False
base,active,,547423.0,547461.0,43 44 45,-1.0,
base,active,,547423.0,547546.0,46 72 73 75 76 77 78 79 80 81 82 83 84,-1.0,
base,active,547426.0,547426.0,547458.0,85 86 87 88,38053.0,False
base,active,,547458.0,547546.0,85 86 87 88,-1.0,
base,active,547461.0,547461.0,547537.0,43 44 45 89,38054.0,False
base,active,543296.0,547482.0,547554.0,103 104 105 106 107 108 109 110,38031.0,False
base,active,543392.0,547482.0,547558.0,111 112 113 114,38034.0,False
base,active,543271.0,547482.0,547588.0,95 96 97 98 99 100 101 102,38030.0,False
base,active,543975.0,547482.0,547816.0,115 116 117 118,38036.0,False
base,active,542535.0,547483.0,547546.0,64 65 66 67 68 69 70 119 120 121 122 123 124 125 126 127,38027.0,False
base,active,,547537.0,547546.0,43 44 45 89,-1.0,
base,active,,547546.0,547575.0,123 124 125 126 127,-1.0,
base,active,545886.0,547546.0,547584.0,43 44 45 46 64 65 66 67 68 69 70 72 73 75 76 77 78 79 80 81 82 83 84 85 86 87 88 89 119 120 121 122,38042.0,False
base,active,,547554.0,547575.0,103 104 105,-1.0,
base,active,,547554.0,547584.0,106 107 108 109 110,-1.0,
base,active,,547558.0,547584.0,111 112 113 114,-1.0,
base,active,547575.0,547575.0,548533.0,103 104 105 123 124 125 126 127,38055.0,False
base,active,546319.0,547584.0,547620.0,43 44 45 46 64 65 66 67 68 69 70 72 73 75 76 77 78 79 80 81 82 83 84 106 107 108 109 110 111 112 113 114,38046.0,False
base,active,,547584.0,547691.0,85 86 87 88 89 119 120 121,-1.0,
base,active,,547584.0,547743.0,122,-1.0,
base,active,,547588.0,547743.0,95 96 97,-1.0,
base,active,,547588.0,547806.0,98 99 100 101,-1.0,
base,active,,547588.0,548258.0,102,-1.0,
base,active,,547620.0,548258.0,43 44 45 46 64 65 66,-1.0,
base,active,,547620.0,548446.0,67 68 69 70,-1.0,
base,active,,547620.0,548603.0,72 73 75 76,-1.0,
base,active,,547620.0,548744.0,77 78 79 80,-1.0,
base,active,,547620.0,548783.0,81 82 83 84,-1.0,
base,active,,547620.0,548819.0,106 107 108 109,-1.0,
base,active,,547620.0,548820.0,110 111 112 113 114,-1.0,
base,active,547691.0,547691.0,547726.0,85 86 87 88 89 119 120 121,38056.0,False
base,active,,547726.0,548856.0,85 86 87 88 89 119 120 121,-1.0,
base,active,547743.0,547743.0,547801.0,95 96 97 122,38057.0,False
base,active,,547801.0,549001.0,95 96 97 122,-1.0,
base,active,547806.0,547806.0,548549.0,98 99 100 101,38058.0,False
base,active,,547816.0,549016.0,115 116 117 118,-1.0,
base,sleeping,,547904.0,548090.0,90,-4.0,
base,switching_on,,548090.0,550790.0,90,-3.0,
base,active,548258.0,548258.0,548577.0,43 44 45 46 64 65 66 102,38060.0,False
base,active,548446.0,548446.0,548493.0,67 68 69 70,38061.0,False
base,active,,548493.0,549107.0,67 68 69 70,-1.0,
base,active,,548533.0,549107.0,103 104 105 123 124 125 126 127,-1.0,
base,active,,548549.0,549107.0,94 98 99 100 101,-1.0,
base,active,,548577.0,549107.0,43 44 45 46 64 65 66 102,-1.0,
base,active,548603.0,548603.0,548910.0,72 73 75 76,38062.0,False
base,active,548744.0,548744.0,548777.0,77 78 79 80,38064.0,False
base,active,,548777.0,549107.0,77 78 79 80,-1.0,
base,active,548783.0,548783.0,548815.0,81 82 83 84,38065.0,False
base,active,,548815.0,549107.0,81 82 83 84,-1.0,
base,active,548819.0,548819.0,548854.0,106 107 108 109,38066.0,False
base,switching_off,,548820.0,550620.0,110 111 112 113 114,-2.0,
base,active,,548854.0,549107.0,106 107 108 109,-1.0,
base,active,548856.0,548856.0,548888.0,85 86 87 88 89 119 120 121,38067.0,False
base,active,,548888.0,549107.0,85 86 87 88 89 119 120 121,-1.0,
base,active,,548910.0,549107.0,72 73 75 76,-1.0,
base,switching_off,,549001.0,550801.0,95 96 97 122,-2.0,
base,switching_off,,549016.0,550816.0,115 116 117 118,-2.0,
base,active,,549107.0,550307.0,15 16 17 18 19 20 21 22 23 24 25 26 27 28 29 30 31 32 33 34 35 36 37 38 39 40 41 42 47 48 49 50 51 52 53 54 55 56 57 58 59 60 61 62 63 71 91 92 93,-1.0,
base,active,544053.0,549107.0,551692.0,0 1 2 3 4 5 6 7 8 9 10 11 12 13 14 43 44 45 46 64 65 66 67 68 69 70 72 73 75 76 77 78 79 80 81 82 83 84 85 86 87 88 89 94 98 99 100 101 102 103 104 105 106 107 108 109 119 120 121 123 124 125 126 127,38038.0,False
base,active,546650.0,549350.0,549366.0,74,38050.0,False
base,active,,549366.0,550566.0,74,-1.0,
base,switching_off,,550307.0,552107.0,15 16 17 18 19 20 21 22 23 24 25 26 27 28 29 30 31 32 33 34 35 36 37 38 39 40 41 42 47 48 49 50 51 52 53 54 55 56 57 58 59 60 61 62 63 71 91 92 93,-2.0,
base,switching_off,,550566.0,552366.0,74,-2.0,
base,sleeping,,550620.0,552366.0,110 111 112 113 114,-4.0,
base,active,548090.0,550790.0,550804.0,90,38059.0,False
base,sleeping,,550801.0,552366.0,95 96 97 122,-4.0,
base,active,,550804.0,551668.0,90,-1.0,
base,sleeping,,550816.0,552366.0,115 116 117 118,-4.0,
base,active,551668.0,551668.0,551699.0,90,38069.0,False
base,active,,551692.0,551710.0,0 1 2 3 4 5 6 7 8 9 10 11 12 13 14 43 44 45 46 64 65 66 67 68 69 70 72 73 75 76 77 78 79 80 81 82 83 84 85 86 87 88 89 94 98 99 100 101 102 103 104 105 106 107 108 109 119 120 121 123 124 125 126 127,-1.0,
base,active,,551699.0,551710.0,90,-1.0,
base,active,548704.0,551710.0,551746.0,1 2 3 4 5 6 7 8 9 10 11 12 13 14 43 44 45 46 64 65 66 67 68 69 70 72 73 75 76 77 78 79 80 81 82 83 84 85 86 87 88 89 90 94 98 99 100 101 102 103 104 105 106 107 108 109 119 120 121 123 124 125 126 127,38063.0,False
base,active,551710.0,551710.0,551764.0,0,38070.0,False
base,active,,551746.0,555066.0,1 2 3 4 5 6 7 8 9 10 11 12 13 14 43 44 45 46 64 65 66 67 68 69 70 72 73 75 76 77 78 79 80 81 82 83 84 85 86 87 88 89 90 94 98 99 100 101 102 103 104 105 106 107 108 109 119 120 121 123 124 125 126 127,-1.0,
base,active,,551764.0,555066.0,0,-1.0,
base,sleeping,,552107.0,552366.0,15 16 17 18 19 20 21 22 23 24 25 26 27 28 29 30 31 32 33 34 35 36 37 38 39 40 41 42 47 48 49 50 51 52 53 54 55 56 57 58 59 60 61 62 63 71 91 92 93,-4.0,
base,switching_on,,552366.0,555066.0,15 16 17 18 19 20 21 22 23 24 25 26 27 28 29 30 31 32 33 34 35 36 37 38 39 40 41 42 47 48 49 50 51 52 53 54 55 56 57 58 59 60 61 62 63 71 74 91 92 93 95 96 97 110 111 112 113 114 115 116 117 118 122,-3.0,
base,active,547254.0,555066.0,555188.0,0 1 2 3 4 5 6 7 8 9 10 11 12 13 14 15 16 17 18 19 20 21 22 23 24 25 26 27 28 29 30 31 32 33 34 35 36 37 38 39 40 41 42 43 44 45 46 47 48 49 50 51 52 53 54 55 56 57 58 59 60 61 62 63 64 65 66 67 68 69 70 71 72 73 74 75 76 77 78 79 80 81 82 83 84 85 86 87 88 89 90 91 92 93 94 95 96 97 98 99 100 101 102 103 104 105 106 107 108 109 110 111 112 113 114 115 116 117 118 119 120 121 122 123 124 125 126 127,38051.0,False
base,active,554797.0,555188.0,555359.0,0 1 2 3 4 5 6 7 8 9 10 11 12 13 14 15 16 17 18 19 20 21 22 23 24 25 26 27 28 29 30 31 32 33 34 35 36 37 38 39 40 41 42 43 44 45 46 47 48 49 50 51 52 53 54 55 56 57 58 59 60 61 62 63 64 65 66 67 68 69 70 71 72 73 74 75 76 77 78 79 80 81 82 83 84 85 86 87 88 89 90 91 92 93 94 95 96 97 98 99 100 101 102 103 104 105 106 107 108 109 110 111 112 113 114 115 116 117 118 119 120 121 122 123 124 125 126 127,38074.0,False
base,active,554978.0,555359.0,566291.0,0 1 2 3 4 5 6 7 8 9 10 11 12 13 14 15 16 17 18 19 20 21 22 23 24 25 26 27 28 29 30 31 32 33 34 35 36 37 38 39 40 41 42 43 44 45 46 47 48 49 50 51 52 53 54 55 56 57 58 59 60 61 62 63 64 65 66 67 68 69 70 71 72 73 74 75 76 77 78 79 80 81 82 83 84 85 86 87 88 89 90 91 92 93 94 95 96 97 98 99 100 101 102 103 104 105 106 107 108 109 110 111 112 113 114 115 116 117 118 119 120 121 122 123 124 125 126 127,38075.0,False
base,active,565931.0,566291.0,566374.0,0 1 2 3 4 5 6 7 8 9 10 11 12 13 14 15 16 17 18 19 20 21 22 23 24 25 26 27 28 29 30 31 32 33 34 35 36 37 38 39 40 41 42 43 44 45 46 47 48 49 50 51 52 53 54 55 56 57 58 59 60 61 62 63 64 65 66 67 68 69 70 71 72 73 74 75 76 77 78 79 80 81 82 83 84 85 86 87 88 89 90 91 92 93 94 95 96 97 98 99 100 101 102 103 104 105 106 107 108 109 110 111 112 113 114 115 116 117 118 119 120 121 122 123 124 125 126 127,38076.0,False
base,active,,566374.0,567574.0,64 65 66 67 68 69 70 71 72 73 74 75 76 77 78 79 80 81 82 83 84 85 86 87 88 89 90 91 92 93 94 95 96 97 98 99 100 101 102 103 104 105 106 107 108 109 110 111 112 113 114 115 116 117 118 119 120 121 122 123 124 125 126 127,-1.0,
base,active,566017.0,566374.0,577301.0,0 1 2 3 4 5 6 7 8 9 10 11 12 13 14 15 16 17 18 19 20 21 22 23 24 25 26 27 28 29 30 31 32 33 34 35 36 37 38 39 40 41 42 43 44 45 46 47 48 49 50 51 52 53 54 55 56 57 58 59 60 61 62 63,38077.0,False
base,switching_off,,567574.0,569374.0,64 65 66 67 68 69 70 71 72 73 74 75 76 77 78 79 80 81 82 83 84 85 86 87 88 89 90 91 92 93 94 95 96 97 98 99 100 101 102 103 104 105 106 107 108 109 110 111 112 113 114 115 116 117 118 119 120 121 122 123 124 125 126 127,-2.0,
base,sleeping,,569374.0,589262.0,64 65 66 67 68 69 70 71 72 73 74 75 76 77 78 79 80 81 82 83 84 85 86,-4.0,
base,sleeping,,569374.0,589283.0,87 88 89 90 91 92 93 94 95 96 97 98 99 100 101 102 103 104 105 106 107 108 109 110 111 112 113 114 115 116 117 118,-4.0,
base,sleeping,,569374.0,591923.0,119 120 121 122 123,-4.0,
base,sleeping,,569374.0,591965.0,124 125 126 127,-4.0,
base,active,,577301.0,578501.0,0 1 2 3 4 5 6 7 8 9 10 11 12 13 14 15 16 17 18 19 20 21 22 23 24 25 26 27 28 29 30 31 32 33 34 35 36 37 38 39 40 41 42 43 44 45 46 47 48 49 50 51 52 53 54 55 56 57 58 59 60 61 62 63,-1.0,
base,switching_off,,578501.0,580301.0,0 1 2 3 4 5 6 7 8 9 10 11 12 13 14 15 16 17 18 19 20 21 22 23 24 25 26 27 28 29 30 31 32 33 34 35 36 37 38 39 40 41 42 43 44 45 46 47 48 49 50 51 52 53 54 55 56 57 58 59 60 61 62 63,-2.0,
base,sleeping,,580301.0,584697.0,0 1 2 3 4 5 6 7,-4.0,
base,sleeping,,580301.0,584734.0,8,-4.0,
base,sleeping,,580301.0,584795.0,9,-4.0,
base,sleeping,,580301.0,585173.0,10,-4.0,
base,sleeping,,580301.0,586790.0,11 12 13 14,-4.0,
base,sleeping,,580301.0,587107.0,15 16 17 18,-4.0,
base,sleeping,,580301.0,587122.0,19 20 21 22,-4.0,
base,sleeping,,580301.0,589220.0,23 24 25 26 27 28 29 30 31 32 33 34 35 36 37 38 39 40 41 42 43 44 45 46 47 48 49 50 51 52 53 54,-4.0,
base,sleeping,,580301.0,589262.0,55 56 57 58 59 60 61 62 63,-4.0,
base,switching_on,,584697.0,587397.0,0 1 2 3 4 5 6 7,-3.0,
base,switching_on,,584734.0,587434.0,8,-3.0,
base,switching_on,,584795.0,587495.0,9,-3.0,
base,switching_on,,585173.0,587873.0,10,-3.0,
base,switching_on,,586790.0,589490.0,11 12 13 14,-3.0,
base,switching_on,,587107.0,589807.0,15 16 17 18,-3.0,
base,switching_on,,587122.0,589822.0,19 20 21 22,-3.0,
base,active,584697.0,587397.0,587509.0,0 1 2 3 4 5 6 7,38118.0,False
base,active,584734.0,587434.0,587483.0,8,38119.0,False
base,active,,587483.0,587964.0,8,-1.0,
base,active,584795.0,587495.0,587538.0,9,38120.0,False
base,active,,587509.0,587964.0,0 1 2,-1.0,
base,active,,587509.0,588709.0,3 4 5 6 7,-1.0,
base,active,,587538.0,588738.0,9,-1.0,
base,active,585173.0,587873.0,587923.0,10,38122.0,False
base,active,,587923.0,589123.0,10,-1.0,
base,active,587964.0,587964.0,587967.0,0 1 2 8,38128.0,False
base,active,,587967.0,589167.0,0 1 2 8,-1.0,
base,switching_off,,588709.0,590509.0,3 4 5 6 7,-2.0,
base,switching_off,,588738.0,590538.0,9,-2.0,
base,switching_off,,589123.0,590923.0,10,-2.0,
base,switching_off,,589167.0,590967.0,0 1 2 8,-2.0,
base,switching_on,,589220.0,591920.0,23 24 25 26 27 28 29 30 31 32 33 34 35 36 37 38 39 40 41 42 43 44 45 46 47 48 49 50 51 52 53 54,-3.0,
base,switching_on,,589262.0,591962.0,55 56 57 58 59 60 61 62 63 64 65 66 67 68 69 70 71 72 73 74 75 76 77 78 79 80 81 82 83 84 85 86,-3.0,
base,switching_on,,589283.0,591983.0,87 88 89 90 91 92 93 94 95 96 97 98 99 100 101 102 103 104 105 106 107 108 109 110 111 112 113 114 115 116 117 118,-3.0,
base,active,586790.0,589490.0,589493.0,11 12 13 14,38125.0,False
base,active,,589493.0,590693.0,11 12 13 14,-1.0,
base,active,587107.0,589807.0,589810.0,15 16 17 18,38126.0,False
base,active,,589810.0,590822.0,15 16 17 18,-1.0,
base,active,587122.0,589822.0,589825.0,19 20 21 22,38127.0,False
base,active,,589825.0,590953.0,19,-1.0,
base,active,,589825.0,591025.0,20 21 22,-1.0,
base,sleeping,,590509.0,591032.0,3 4 5 6 7,-4.0,
base,sleeping,,590538.0,591923.0,9,-4.0,
base,switching_off,,590693.0,592493.0,11 12 13 14,-2.0,
base,active,590822.0,590822.0,591004.0,15 16 17 18,38138.0,False
base,sleeping,,590923.0,591923.0,10,-4.0,
base,active,590953.0,590953.0,590957.0,19,38139.0,False
base,active,,590957.0,591129.0,19,-1.0,
base,sleeping,,590967.0,591032.0,0 1 2,-4.0,
base,sleeping,,590967.0,591923.0,8,-4.0,
base,active,,591004.0,591129.0,15 16 17,-1.0,
base,active,,591004.0,591182.0,18,-1.0,
base,switching_off,,591025.0,592825.0,20 21 22,-2.0,
base,switching_on,,591032.0,593732.0,0 1 2 3 4 5 6 7,-3.0,
base,active,591129.0,591129.0,591170.0,15 16 17 19,38141.0,False
base,active,,591170.0,591923.0,15 16 17 19,-1.0,
base,active,591182.0,591182.0,591187.0,18,38142.0,False
base,active,,591187.0,591923.0,18,-1.0,
base,active,589220.0,591920.0,591923.0,23 24 25 26 27 28 29 30 31 32 33 34 35 36 37 38 39 40 41 42 43 44 45 46 47 48 49 50 51 52 53 54,38129.0,False
base,active,,591923.0,591965.0,50 51 52 53 54,-1.0,
base,active,591634.0,591923.0,592002.0,15 16 17 18 19 23 24 25 26 27 28 29 30 31 32 33 34 35 36 37 38 39 40 41 42 43 44 45 46 47 48 49,38143.0,False
base,switching_on,,591923.0,594623.0,8 9 10 119 120 121 122 123,-3.0,
base,active,589262.0,591962.0,591965.0,55 56 57 58 59 60 61 62 63 64 65 66 67 68 69 70 71 72 73 74 75 76 77 78 79 80 81 82 83 84 85 86,38130.0,False
base,active,,591965.0,591986.0,86,-1.0,
base,active,591775.0,591965.0,592090.0,50 51 52 53 54 55 56 57 58 59 60 61 62 63 64 65 66 67 68 69 70 71 72 73 74 75 76 77 78 79 80 81,38145.0,False
base,active,,591965.0,594665.0,82 83 84 85,-1.0,
base,switching_on,,591965.0,594665.0,124 125 126 127,-3.0,
base,active,589283.0,591983.0,591986.0,87 88 89 90 91 92 93 94 95 96 97 98 99 100 101 102 103 104 105 106 107 108 109 110 111 112 113 114 115 116 117 118,38131.0,False
base,active,,591986.0,592034.0,102 103 104 105 106 107 108 109 110 111 112 113 114 115 116 117 118,-1.0,
base,active,591883.0,591986.0,592154.0,86 87 88 89 90 91 92 93 94 95 96 97 98 99 100 101,38147.0,False
base,active,,592002.0,592034.0,15 16 17 18 19 23 24 25 26 27 28 29 30 31 32,-1.0,
base,active,,592002.0,592057.0,33 34 35 36 37 38 39 40,-1.0,
base,active,,592002.0,592109.0,41 42 43 44 45 46 47 48 49,-1.0,
base,active,592034.0,592034.0,592397.0,15 16 17 18 19 23 24 25 26 27 28 29 30 31 32 102 103 104 105 106 107 108 109 110 111 112 113 114 115 116 117 118,38148.0,False
base,active,592057.0,592057.0,592398.0,33 34 35 36 37 38 39 40,38149.0,False
base,active,,592090.0,592109.0,50 51 52 53 54 55 56,-1.0,
base,active,,592090.0,592612.0,57 58 59 60 61 62 63 64 65 66 67 68 69 70 71 72,-1.0,
base,active,,592090.0,592614.0,73 74 75 76 77 78 79 80 81,-1.0,
base,active,592109.0,592109.0,592245.0,41 42 43 44 45 46 47 48 49 50 51 52 53 54 55 56,38150.0,False
base,active,,592154.0,592614.0,86 87 88 89 90 91 92 93 94 95 96 97 98 99 100 101,-1.0,
base,active,,592245.0,592614.0,41 42 43 44 45 46 47,-1.0,
base,active,,592245.0,592659.0,48 49 50 51 52 53 54 55,-1.0,
base,active,,592245.0,593445.0,56,-1.0,
base,active,,592397.0,593111.0,102 103 104 105 106 107 108 109 110 111 112 113 114 115 116 117 118,-1.0,
base,active,,592397.0,593597.0,15 16 17 18 19 23 24 25 26 27 28 29 30 31 32,-1.0,
base,active,,592398.0,593598.0,33 34 35 36 37 38 39 40,-1.0,
base,sleeping,,592493.0,598654.0,11 12 13 14,-4.0,
base,active,592612.0,592612.0,592789.0,57 58 59 60 61 62 63 64 65 66 67 68 69 70 71 72,38151.0,False
base,active,592614.0,592614.0,592700.0,41 42 43 44 45 46 47 73 74 75 76 77 78 79 80 81 86 87 88 89 90 91 92 93 94 95 96 97 98 99 100 101,38152.0,False
base,active,592659.0,592659.0,592700.0,48 49 50 51 52 53 54 55,38153.0,False
base,active,,592700.0,593111.0,86 87 88 89 90 91 92 93 94 95 96 97 98 99 100 101,-1.0,
base,active,,592700.0,593196.0,73 74 75 76 77 78 79 80 81,-1.0,
base,active,,592700.0,593900.0,41 42 43 44 45 46 47 48 49 50 51 52 53 54 55,-1.0,
base,active,,592789.0,593196.0,59 60 61 62 63 64 65 66 67 68 69 70 71 72,-1.0,
base,active,,592789.0,593989.0,57 58,-1.0,
base,sleeping,,592825.0,598654.0,20 21 22,-4.0,
base,active,592963.0,593111.0,593128.0,118,38155.0,False
base,active,593111.0,593111.0,593316.0,86 87 88 89 90 91 92 93 94 95 96 97 98 99 100 101 102 103 104 105 106 107 108 109 110 111 112 113 114 115 116 117,38157.0,False
base,active,,593128.0,593196.0,118,-1.0,
base,active,593184.0,593196.0,593330.0,75 76 77 78 79 80 81 118,38158.0,False
base,active,593196.0,593196.0,593384.0,59 60 61 62 63 64 65 66 67 68 69 70 71 72 73 74,38159.0,False
base,active,,593316.0,593440.0,102 103 104 105 106 107 108 109 110 111 112 113 114 115 116 117,-1.0,
base,active,,593316.0,594516.0,86 87 88 89 90 91 92 93 94 95 96 97 98 99 100 101,-1.0,
base,active,,593330.0,593440.0,118,-1.0,
base,active,,593330.0,594530.0,75 76 77 78 79 80 81,-1.0,
base,active,,593384.0,594584.0,59 60 61 62 63 64 65 66 67 68 69 70 71 72 73 74,-1.0,
base,active,593292.0,593440.0,593460.0,118,38160.0,False
base,active,593440.0,593440.0,593580.0,102 103 104 105 106 107 108 109 110 111 112 113 114 115 116 117,38161.0,False
base,switching_off,,593445.0,595245.0,56,-2.0,
base,active,,593460.0,593514.0,118,-1.0,
base,active,593488.0,593514.0,593539.0,118,38163.0,False
base,active,,593539.0,594004.0,118,-1.0,
base,active,,593580.0,594004.0,103 104 105 106 107 108 109 110 111 112 113 114 115 116 117,-1.0,
base,active,,593580.0,594780.0,102,-1.0,
base,switching_off,,593597.0,595397.0,15 16 17 18 19 23 24 25 26 27 28 29 30 31 32,-2.0,
base,switching_off,,593598.0,595398.0,33 34 35 36 37 38 39 40,-2.0,
base,active,591032.0,593732.0,593796.0,0 1 2 3 4 5 6 7,38140.0,False
base,active,,593796.0,594996.0,0 1 2 3 4 5 6 7,-1.0,
base,switching_off,,593900.0,595700.0,41 42 43 44 45 46 47 48 49 50 51 52 53 54 55,-2.0,
base,switching_off,,593989.0,595789.0,57 58,-2.0,
base,active,594004.0,594004.0,594177.0,103 104 105 106 107 108 109 110 111 112 113 114 115 116 117 118,38166.0,False
base,active,,594177.0,594226.0,115 116 117 118,-1.0,
base,active,,594177.0,594308.0,114,-1.0,
base,active,,594177.0,594796.0,108 109 110 111 112 113,-1.0,
base,active,,594177.0,595377.0,103 104 105 106 107,-1.0,
base,active,594226.0,594226.0,594815.0,115 116 117 118,38167.0,False
base,active,594308.0,594308.0,594314.0,114,38169.0,False
base,active,,594314.0,594796.0,114,-1.0,
base,switching_off,,594516.0,596316.0,86 87 88 89 90 91 92 93 94 95 96 97 98 99 100 101,-2.0,
base,switching_off,,594530.0,596330.0,75 76 77 78 79 80 81,-2.0,
base,switching_off,,594584.0,596384.0,59 60 61 62 63 64 65 66 67 68 69 70 71 72 73 74,-2.0,
base,active,591656.0,594623.0,594681.0,8 9 10 119 120 121 122 123,38144.0,False
base,active,591795.0,594665.0,594770.0,82 83 84 85 124 125 126 127,38146.0,False
base,active,,594681.0,594796.0,119 120 121 122 123,-1.0,
base,active,,594681.0,595881.0,8 9 10,-1.0,
base,active,,594770.0,594796.0,124 125 126 127,-1.0,
base,active,,594770.0,595970.0,82 83 84 85,-1.0,
base,switching_off,,594780.0,596580.0,102,-2.0,
base,active,594796.0,594796.0,595171.0,108 109 110 111 112 113 114 119 120 121 122 123 124 125 126 127,38174.0,False
base,active,,594815.0,596015.0,115 116 117 118,-1.0,
base,switching_off,,594996.0,596796.0,0 1 2 3 4 5 6 7,-2.0,
base,active,,595171.0,595225.0,124 125 126 127,-1.0,
base,active,,595171.0,595343.0,123,-1.0,
base,active,,595171.0,596371.0,108 109 110 111 112 113 114 119 120 121 122,-1.0,
base,active,595225.0,595225.0,598654.0,124 125 126 127,38176.0,False
base,sleeping,,595245.0,598654.0,56,-4.0,
base,active,595343.0,595343.0,595345.0,123,38177.0,False
base,active,,595345.0,596545.0,123,-1.0,
base,switching_off,,595377.0,597177.0,103 104 105 106 107,-2.0,
base,sleeping,,595397.0,598654.0,15 16 17 18 19 23 24 25 26 27 28 29 30 31 32,-4.0,
base,sleeping,,595398.0,598654.0,33 34 35 36 37 38 39 40,-4.0,
base,sleeping,,595700.0,598654.0,41 42 43 44 45 46 47 48 49 50 51 52 53 54 55,-4.0,
base,sleeping,,595789.0,598654.0,57 58,-4.0,
base,switching_off,,595881.0,597681.0,8 9 10,-2.0,
base,switching_off,,595970.0,597770.0,82 83 84 85,-2.0,
base,switching_off,,596015.0,597815.0,115 116 117 118,-2.0,
base,sleeping,,596316.0,598654.0,86 87 88 89 90 91 92 93 94 95 96 97 98 99 100 101,-4.0,
base,sleeping,,596330.0,598654.0,75 76 77 78 79 80 81,-4.0,
base,switching_off,,596371.0,598171.0,108 109 110 111 112 113 114 119 120 121 122,-2.0,
base,sleeping,,596384.0,598654.0,59 60 61 62 63 64 65 66 67 68 69 70 71 72 73 74,-4.0,
base,switching_off,,596545.0,598345.0,123,-2.0,
base,sleeping,,596580.0,598654.0,102,-4.0,
base,sleeping,,596796.0,598654.0,0 1 2 3 4 5 6 7,-4.0,
base,sleeping,,597177.0,598654.0,103 104 105 106 107,-4.0,
base,sleeping,,597681.0,598654.0,8 9 10,-4.0,
base,sleeping,,597770.0,598654.0,82 83 84 85,-4.0,
base,sleeping,,597815.0,598654.0,115 116 117 118,-4.0,
base,sleeping,,598171.0,598654.0,108 109 110 111 112 113 114 119 120 121 122,-4.0,
base,sleeping,,598345.0,598654.0,123,-4.0,
base,active,,598654.0,601354.0,124 125 126 127,-1.0,
base,switching_on,,598654.0,601354.0,0 1 2 3 4 5 6 7 8 9 10 11 12 13 14 15 16 17 18 19 20 21 22 23 24 25 26 27 28 29 30 31 32 33 34 35 36 37 38 39 40 41 42 43 44 45 46 47 48 49 50 51 52 53 54 55 56 57 58 59 60 61 62 63 64 65 66 67 68 69 70 71 72 73 74 75 76 77 78 79 80 81 82 83 84 85 86 87 88 89 90 91 92 93 94 95 96 97 98 99 100 101 102 103 104 105 106 107 108 109 110 111 112 113 114 115 116 117 118 119 120 121 122 123,-3.0,
base,active,592838.0,601354.0,601454.0,0 1 2 3 4 5 6 7 8 9 10 11 12 13 14 15 16 17 18 19 20 21 22 23 24 25 26 27 28 29 30 31 32 33 34 35 36 37 38 39 40 41 42 43 44 45 46 47 48 49 50 51 52 53 54 55 56 57 58 59 60 61 62 63 64 65 66 67 68 69 70 71 72 73 74 75 76 77 78 79 80 81 82 83 84 85 86 87 88 89 90 91 92 93 94 95 96 97 98 99 100 101 102 103 104 105 106 107 108 109 110 111 112 113 114 115 116 117 118 119 120 121 122 123 124 125 126 127,38154.0,False
base,active,596169.0,601454.0,601467.0,96 97 98 99 100 101 102 103 104 105 106 107 108 109 110 111,38185.0,False
base,active,596209.0,601454.0,601467.0,112 113 114 115 116 117 118 119 120 121 122 123 124 125 126 127,38186.0,False
base,active,595364.0,601454.0,605841.0,64 65 66 67 68 69 70 71 72 73 74 75 76 77 78 79 80 81 82 83 84 85 86 87 88 89 90 91 92 93 94 95,38178.0,False
base,active,593514.0,601454.0,606800.0,0 1 2 3 4 5 6 7 8 9 10 11 12 13 14 15 16 17 18 19 20 21 22 23 24 25 26 27 28 29 30 31 32 33 34 35 36 37 38 39 40 41 42 43 44 45 46 47 48 49 50 51 52 53 54 55 56 57 58 59 60 61 62 63,38164.0,False
base,active,596455.0,601467.0,601468.0,96 97 98 99 100 101 102 103 104 105 106 107 108 109 110 111,38187.0,False
base,active,596461.0,601467.0,601476.0,112 113 114 115 116 117 118 119,38188.0,False
base,active,596509.0,601467.0,601477.0,120 121 122 123 124 125 126 127,38190.0,False
base,active,596630.0,601468.0,601481.0,96 97 98 99 100 101 102 103 104 105 106 107 108 109 110 111,38191.0,False
base,active,,601476.0,601477.0,112 113 114 115 116 117 118 119,-1.0,
base,active,596713.0,601477.0,601488.0,112 113 114 115 116 117 118 119 120 121 122 123 124 125 126 127,38192.0,False
base,active,597149.0,601481.0,601497.0,96 97 98 99 100 101 102 103 104 105 106 107 108 109 110 111,38195.0,False
base,active,597176.0,601488.0,601490.0,112 113 114 115 116 117 118 119 120 121 122 123 124 125 126 127,38196.0,False
base,active,597184.0,601490.0,601505.0,112 113 114 115 116 117 118 119 120 121 122 123 124 125 126 127,38197.0,False
base,active,599713.0,601497.0,601510.0,108 109 110 111,38221.0,False
base,active,598863.0,601497.0,601514.0,105,38208.0,False
base,active,597234.0,601497.0,601516.0,96,38198.0,False
base,active,598003.0,601497.0,601516.0,101 102 103 104,38205.0,False
base,active,,601497.0,601516.0,106 107,-1.0,
base,active,597582.0,601497.0,601546.0,97 98 99 100,38203.0,False
base,active,598940.0,601505.0,601526.0,112 113 114 115 116 117 118 119 120 121 122 123 124 125 126 127,38210.0,False
base,active,600373.0,601510.0,601522.0,108 109 110 111,38224.0,False
base,active,,601514.0,601516.0,105,-1.0,
base,active,600433.0,601516.0,601531.0,104 105 106 107,38225.0,False
base,active,,601516.0,601546.0,96 101 102 103,-1.0,
base,active,,601522.0,601546.0,108 109 110 111,-1.0,
base,active,598985.0,601526.0,601533.0,112 113 114 115 116 117 118 119 120 121 122 123 124 125 126 127,38211.0,False
base,active,,601531.0,601546.0,104 105 106 107,-1.0,
base,active,,601533.0,601546.0,112 113 114 115 116 117 118 119 120 121 122 123 124 125 126 127,-1.0,
base,active,598870.0,601546.0,602041.0,96 97 98 99 100 101 102 103 104 105 106 107 108 109 110 111 112 113 114 115 116 117 118 119 120 121 122 123 124 125 126 127,38209.0,False
base,active,,602041.0,602047.0,115,-1.0,
base,active,598997.0,602041.0,602056.0,96 97 98 99 100 101 102 103 104 105 106 107 108 109 110 111,38213.0,False
base,active,,602041.0,602056.0,113 114,-1.0,
base,active,601524.0,602041.0,602072.0,124 125 126 127,38233.0,False
base,active,601983.0,602041.0,602076.0,116 117 118 119,38238.0,False
base,active,601847.0,602041.0,602097.0,120 121 122 123,38236.0,False
base,active,599437.0,602041.0,602193.0,112,38218.0,False
base,active,602047.0,602047.0,602109.0,115,38240.0,False
base,active,,602056.0,602070.0,106 107 108 109,-1.0,
base,active,602011.0,602056.0,602090.0,110 111 113 114,38239.0,False
base,active,,602056.0,603256.0,96 97 98 99 100 101 102 103 104 105,-1.0,
base,active,602070.0,602070.0,602116.0,106 107 108 109,38242.0,False
base,active,,602072.0,602120.0,127,-1.0,
base,active,,602072.0,602135.0,124 125 126,-1.0,
base,active,,602076.0,602170.0,118 119,-1.0,
base,active,,602076.0,602260.0,117,-1.0,
base,active,,602076.0,603235.0,116,-1.0,
base,active,,602090.0,603235.0,114,-1.0,
base,active,,602090.0,603290.0,110 111 113,-1.0,
base,active,,602097.0,602135.0,123,-1.0,
base,active,,602097.0,602147.0,120 121 122,-1.0,
base,active,,602109.0,603235.0,115,-1.0,
base,active,,602116.0,603316.0,106 107 108 109,-1.0,
base,active,602120.0,602120.0,602142.0,127,38243.0,False
base,active,602135.0,602135.0,602181.0,123 124 125 126,38244.0,False
base,active,,602142.0,602147.0,127,-1.0,
base,active,602147.0,602147.0,603772.0,120 121 122 127,38245.0,False
base,active,602170.0,602170.0,603775.0,118 119,38247.0,False
base,active,,602181.0,602236.0,123 124 125 126,-1.0,
base,active,,602193.0,603349.0,112,-1.0,
base,active,602236.0,602236.0,602317.0,123 124 125 126,38248.0,False
base,active,602260.0,602260.0,602304.0,117,38250.0,False
base,active,,602304.0,602988.0,117,-1.0,
base,active,,602317.0,602598.0,123 124 125 126,-1.0,
base,active,602598.0,602598.0,602612.0,123 124 125 126,38255.0,False
base,active,,602612.0,602688.0,123 124 125 126,-1.0,
base,active,602688.0,602688.0,602734.0,123 124 125 126,38256.0,False
base,active,,602734.0,602826.0,123 124 125 126,-1.0,
base,active,602826.0,602826.0,603101.0,123 124 125 126,38257.0,False
base,active,602988.0,602988.0,603022.0,117,38259.0,False
base,active,,603022.0,603235.0,117,-1.0,
base,active,,603101.0,603168.0,123 124 125 126,-1.0,
base,active,603168.0,603168.0,603477.0,123 124 125 126,38261.0,False
base,active,603235.0,603235.0,603294.0,114 115 116 117,38262.0,False
base,switching_off,,603256.0,605056.0,96 97 98 99 100 101 102 103 104 105,-2.0,
base,switching_off,,603290.0,605090.0,110 111 113,-2.0,
base,active,,603294.0,603349.0,114 115 116,-1.0,
base,active,,603294.0,603386.0,117,-1.0,
base,switching_off,,603316.0,605116.0,106 107 108 109,-2.0,
base,active,603349.0,603349.0,603393.0,112 114 115 116,38264.0,False
base,active,603386.0,603386.0,603406.0,117,38266.0,False
base,active,,603393.0,603617.0,112,-1.0,
base,active,,603393.0,603696.0,114 115 116,-1.0,
base,active,,603406.0,603696.0,117,-1.0,
base,active,,603477.0,603838.0,123,-1.0,
base,active,,603477.0,604142.0,124,-1.0,
base,active,,603477.0,604367.0,125,-1.0,
base,active,,603477.0,604441.0,126,-1.0,
base,active,603617.0,603617.0,603657.0,112,38268.0,False
base,active,,603657.0,604441.0,112,-1.0,
base,active,603696.0,603696.0,603744.0,114 115 116 117,38269.0,False
base,active,,603744.0,604441.0,114 115 116,-1.0,
base,active,,603744.0,604643.0,117,-1.0,
base,active,,603772.0,604643.0,120 121 122 127,-1.0,
base,active,,603775.0,604643.0,118 119,-1.0,
base,active,603838.0,603838.0,603864.0,123,38272.0,False
base,active,,603864.0,604643.0,123,-1.0,
base,active,604142.0,604142.0,604241.0,124,38276.0,False
base,active,,604241.0,604692.0,124,-1.0,
base,active,604367.0,604367.0,604408.0,125,38278.0,False
base,active,,604408.0,605608.0,125,-1.0,
base,active,604441.0,604441.0,604467.0,112 114 115 116,38280.0,False
base,active,604441.0,604441.0,604609.0,126,38279.0,False
base,active,,604467.0,605667.0,112 114 115 116,-1.0,
base,active,,604609.0,605809.0,126,-1.0,
base,active,604643.0,604643.0,605252.0,117 118 119 120 121 122 123 127,38282.0,False
base,active,604692.0,604692.0,604717.0,124,38283.0,False
base,active,,604717.0,608541.0,124,-1.0,
base,sleeping,,605056.0,605302.0,96 97 98 99 100 101 102 103,-4.0,
base,sleeping,,605056.0,605841.0,104 105,-4.0,
base,sleeping,,605090.0,605841.0,110 111 113,-4.0,
base,sleeping,,605116.0,605841.0,106 107 108 109,-4.0,
base,active,,605252.0,608541.0,117 118 119 120 121 122 123 127,-1.0,
base,switching_on,,605302.0,608002.0,96 97 98 99 100 101 102 103,-3.0,
base,switching_off,,605608.0,607408.0,125,-2.0,
base,switching_off,,605667.0,607467.0,112 114 115 116,-2.0,
base,switching_off,,605809.0,607609.0,126,-2.0,
base,active,,605841.0,605886.0,78 79 80 81,-1.0,
base,active,,605841.0,605938.0,82 83 84 85,-1.0,
base,active,,605841.0,605987.0,86 87 88 89,-1.0,
base,active,,605841.0,606074.0,90 91 92 93,-1.0,
base,active,,605841.0,606110.0,94 95,-1.0,
base,active,,605841.0,608541.0,64 65 66 67 68 69 70 71 72 73 74 75 76 77,-1.0,
base,switching_on,,605841.0,608541.0,104 105 106 107 108 109 110 111 113,-3.0,
base,active,605886.0,605886.0,605904.0,78 79 80 81,38293.0,False
base,active,,605904.0,606110.0,78 79 80 81,-1.0,
base,active,605938.0,605938.0,605964.0,82 83 84 85,38294.0,False
base,active,,605964.0,606110.0,82 83,-1.0,
base,active,,605964.0,606167.0,84 85,-1.0,
base,active,605987.0,605987.0,606011.0,86 87 88 89,38295.0,False
base,active,,606011.0,606167.0,86 87,-1.0,
base,active,,606011.0,606245.0,88 89,-1.0,
base,active,606074.0,606074.0,606126.0,90 91 92 93,38296.0,False
base,active,606110.0,606110.0,606377.0,78 79 80 81 82 83 94 95,38298.0,False
base,active,,606126.0,606245.0,90 91,-1.0,
base,active,,606126.0,606425.0,92 93,-1.0,
base,active,606167.0,606167.0,606209.0,84 85 86 87,38299.0,False
base,active,,606209.0,606425.0,84 85 86 87,-1.0,
base,active,606245.0,606245.0,606257.0,88 89 90 91,38300.0,False
base,active,,606257.0,606425.0,88 89,-1.0,
base,active,,606257.0,606540.0,90 91,-1.0,
base,active,,606377.0,606540.0,78 79,-1.0,
base,active,,606377.0,606800.0,80 81 82 83 94 95,-1.0,
base,active,606425.0,606425.0,607028.0,84 85 86 87 88 89 92 93,38301.0,False
base,active,606540.0,606540.0,606556.0,78 79 90 91,38303.0,False
base,active,,606556.0,606800.0,78 79 90 91,-1.0,
base,active,,606800.0,607111.0,54 55 56 57 58 59 60 61,-1.0,
base,active,,606800.0,608000.0,62 63,-1.0,
base,active,599459.0,606800.0,609591.0,0 1 2 3 4 5 6 7 8 9 10 11 12 13 14 15 16 17 18 19 20 21 22 23 24 25 26 27 28 29 30 31 32 33 34 35 36 37 38 39 40 41 42 43 44 45 46 47 48 49 50 51 52 53 78 79 80 81 82 83 90 91 94 95,38219.0,False
base,active,,607028.0,608228.0,84 85 86 87 88 89 92 93,-1.0,
base,active,607111.0,607111.0,607727.0,54 55 56 57 58 59 60 61,38310.0,False
base,sleeping,,607408.0,608674.0,125,-4.0,
base,sleeping,,607467.0,608674.0,112 114 115 116,-4.0,
base,sleeping,,607609.0,608674.0,126,-4.0,
base,active,,607727.0,608609.0,54 55 56 57 58 59 60 61,-1.0,
base,switching_off,,608000.0,609800.0,62 63,-2.0,
base,active,605302.0,608002.0,608674.0,96 97 98 99 100 101 102 103,38286.0,False
base,switching_off,,608228.0,610028.0,84 85 86 87 88 89 92 93,-2.0,
base,active,599762.0,608541.0,608609.0,64 65 66 67 68 69 70 71 72 73 74 75 76 77 104 105 106 107 108 109 110 111 113 117 118 119 120 121 122 123 124 127,38222.0,False
base,active,601210.0,608609.0,608733.0,54 55 56 57 58 59 60 61 64 65 66 67 68 69 70 71 72 73 74 75 76 77 104 105 106 107 108 109 110 111 113 117,38232.0,False
base,active,,608609.0,611374.0,118 119 120 121 122 123 124 127,-1.0,
base,active,,608674.0,608733.0,98 99 100 101 102 103,-1.0,
base,active,,608674.0,611374.0,96 97,-1.0,
base,switching_on,,608674.0,611374.0,112 114 115 116 125 126,-3.0,
base,active,601559.0,608733.0,608878.0,54 55 56 57 58 59 60 61 64 65 66 67 68 69 70 71 72 73 74 75 76 77 98 99 100 101 102 103 104 105 106 107,38234.0,False
base,active,,608733.0,608878.0,108 109 110 111 113 117,-1.0,
base,active,,608878.0,609215.0,102 103 104 105,-1.0,
base,active,,608878.0,609334.0,106,-1.0,
base,active,601937.0,608878.0,609336.0,54 55 56 57 58 59 60 61 64 65 66 67 68 69 70 71 72 73 74 75 76 77 98 99 100 101 108 109 110 111 113 117,38237.0,False
base,active,,608878.0,609336.0,107,-1.0,
base,active,609215.0,609215.0,609512.0,102 103 104 105,38326.0,False
base,active,609334.0,609334.0,609350.0,106,38328.0,False
base,active,,609336.0,609533.0,117,-1.0,
base,active,602264.0,609336.0,609556.0,54 55 56 57 58 59 60 61 64 65 66 67 68 69 70 71 72 73 74 75 76 77 98 99 100 101 107 108 109 110 111 113,38251.0,False
base,active,,609350.0,609533.0,106,-1.0,
base,active,,609512.0,609533.0,102 103,-1.0,
base,active,,609512.0,609556.0,104 105,-1.0,
base,active,609533.0,609533.0,609830.0,102 103 106 117,38329.0,False
base,active,,609556.0,609591.0,111 113,-1.0,
base,active,602397.0,609556.0,611797.0,54 55 56 57 58 59 60 61 64 65 66 67 68 69 70 71 72 73 74 75 76 77 98 99 100 101 104 105 107 108 109 110,38252.0,False
base,active,603143.0,609591.0,609602.0,30 31 32 33 34 35 36 37 38 39 40 41 42 43 44 45 46 47 48 49 50 51 52 53 78 79 80 81 82 83 90 91,38260.0,False
base,active,,609591.0,609602.0,94 95,-1.0,
base,active,602549.0,609591.0,609623.0,0 1 2 3 4 5 6 7 8 9 10 11 12 13 14 15 16 17 18 19 20 21 22 23 24 25 26 27 28 29 111 113,38254.0,False
base,active,603298.0,609602.0,609617.0,30 31 32 33 34 35 36 37 38 39 40 41 42 43 44 45 46 47 48 49 50 51 52 53 78 79 80 81 82 83 94 95,38263.0,False
base,active,,609602.0,609617.0,90 91,-1.0,
base,active,,609617.0,609623.0,94 95,-1.0,
base,active,603467.0,609617.0,618498.0,30 31 32 33 34 35 36 37 38 39 40 41 42 43 44 45 46 47 48 49 50 51 52 53 78 79 80 81 82 83 90 91,38267.0,False
base,active,604180.0,609623.0,609795.0,0 1 2 3 4 5 6 7 8 9 10 11 12 13 14 15 16 17 18 19 20 21 22 23 24 25 26 27 28 29 94 95,38277.0,False
base,active,,609623.0,609795.0,111 113,-1.0,
base,active,,609795.0,612604.0,94 95,-1.0,
base,active,605244.0,609795.0,612820.0,0 1 2 3 4 5 6 7 8 9 10 11 12 13 14 15 16 17 18 19 20 21 22 23 24 25 26 27 28 29 111 113,38285.0,False
base,sleeping,,609800.0,609904.0,62 63,-4.0,
base,active,,609830.0,611030.0,106 117,-1.0,
base,active,,609830.0,613588.0,102 103,-1.0,
base,switching_on,,609904.0,612604.0,62 63,-3.0,
base,sleeping,,610028.0,610286.0,84 85 86 87,-4.0,
base,sleeping,,610028.0,610767.0,88 89,-4.0,
base,sleeping,,610028.0,610888.0,92 93,-4.0,
base,switching_on,,610286.0,612986.0,84 85 86 87,-3.0,
base,switching_on,,610767.0,613467.0,88 89,-3.0,
base,switching_on,,610888.0,613588.0,92 93,-3.0,
base,switching_off,,611030.0,612830.0,106 117,-2.0,
base,active,606833.0,611374.0,611434.0,96 97 112 114 115 116 118 119 120 121 122 123 124 125 126 127,38304.0,False
base,active,607061.0,611434.0,611693.0,96 97 112 114 115 116 118 119 120 121 122 123 124 125 126 127,38309.0,False
base,active,611118.0,611693.0,611736.0,124 125 126 127,38346.0,False
base,active,610982.0,611693.0,611753.0,96 97 112 114,38343.0,False
base,active,610994.0,611693.0,617487.0,115 116 118 119 120 121 122 123,38344.0,False
base,active,611295.0,611736.0,613401.0,124 125 126 127,38347.0,False
base,active,,611753.0,611797.0,112 114,-1.0,
base,active,611322.0,611753.0,613394.0,96 97,38348.0,False
base,active,605783.0,611797.0,611986.0,54 55 56 57 58 59 60 61 64 65 66 67 68 69 70 71 72 73 74 75 76 77 98 99 100 101 104 105 107 108 112 114,38292.0,False
base,active,,611797.0,611986.0,109 110,-1.0,
base,active,607807.0,611986.0,612131.0,54 55 56 57 58 59 60 61 64 65 66 67 68 69 70 71 72 73 74 75 76 77 98 99 100 101 104 105 107 108 109 110,38313.0,False
base,active,,611986.0,612131.0,112 114,-1.0,
base,active,608011.0,612131.0,612267.0,54 55 56 57 58 59 60 61 64 65 66 67 68 69 70 71 72 73 74 75 76 77 98 99 100 101 104 105 107 108 112 114,38314.0,False
base,active,,612131.0,612267.0,109 110,-1.0,
base,active,608285.0,612267.0,612406.0,54 55 56 57 58 59 60 61 64 65 66 67 68 69 70 71 72 73 74 75 76 77 98 99 100 101 104 105 107 108 109 110,38316.0,False
base,active,,612267.0,612406.0,112 114,-1.0,
base,active,608440.0,612406.0,612548.0,54 55 56 57 58 59 60 61 64 65 66 67 68 69 70 71 72 73 74 75 76 77 98 99 100 101 104 105 107 108 112 114,38317.0,False
base,active,,612406.0,612548.0,109 110,-1.0,
base,active,608844.0,612548.0,612683.0,54 55 56 57 58 59 60 61 64 65 66 67 68 69 70 71 72 73 74 75 76 77 98 99 100 101 104 105 107 108 109 110,38323.0,False
base,active,,612548.0,612683.0,112 114,-1.0,
base,active,609904.0,612604.0,612910.0,62 63 94 95,38331.0,False
base,active,608999.0,612683.0,612816.0,54 55 56 57 58 59 60 61 64 65 66 67 68 69 70 71 72 73 74 75 76 77 98 99 100 101 104 105 107 108 112 114,38324.0,False
base,active,,612683.0,612816.0,109 110,-1.0,
base,active,,612816.0,612820.0,112 114,-1.0,
base,active,609332.0,612816.0,615831.0,54 55 56 57 58 59 60 61 64 65 66 67 68 69 70 71 72 73 74 75 76 77 98 99 100 101 104 105 107 108 109 110,38327.0,False
base,active,610910.0,612820.0,612859.0,0 1 2 3 4 5 6 7 8 9 10 11 12 13 14 15 16 17 18 19 20 21 22 23 24 25 26 27 28 29 112 114,38340.0,False
base,active,,612820.0,612859.0,111 113,-1.0,
base,sleeping,,612830.0,612910.0,106 117,-4.0,
base,active,,612859.0,615610.0,112 114,-1.0,
base,active,610964.0,612859.0,618676.0,0 1 2 3 4 5 6 7 8 9 10 11 12 13 14 15 16 17 18 19 20 21 22 23 24 25 26 27 28 29 111 113,38342.0,False
base,active,,612910.0,615610.0,62 63 94 95,-1.0,
base,switching_on,,612910.0,615610.0,106 117,-3.0,
base,active,610286.0,612986.0,613256.0,84 85 86 87,38336.0,False
base,active,,613256.0,613298.0,84 85,-1.0,
base,active,,613256.0,613401.0,86 87,-1.0,
base,active,613298.0,613298.0,614938.0,84 85,38372.0,False
base,active,,613394.0,613401.0,96 97,-1.0,
base,active,611383.0,613401.0,613491.0,86 87 96 97 124 125 126 127,38349.0,False
base,active,610767.0,613467.0,613564.0,88 89,38338.0,False
base,active,611496.0,613491.0,613561.0,86 87 96 97 124 125 126 127,38351.0,False
base,active,611711.0,613561.0,613579.0,86 87 96 97,38352.0,False
base,active,611839.0,613561.0,613609.0,124 125 126 127,38355.0,False
base,active,,613564.0,613579.0,88 89,-1.0,
base,active,,613579.0,613609.0,96 97,-1.0,
base,active,612151.0,613579.0,613624.0,86 87 88 89,38359.0,False
base,active,610888.0,613588.0,613686.0,92 93 102 103,38339.0,False
base,active,,613609.0,613686.0,126 127,-1.0,
base,active,613277.0,613609.0,615267.0,96 97 124 125,38371.0,False
base,active,,613624.0,613686.0,86 87 88 89,-1.0,
base,active,612839.0,613686.0,614263.0,86 87 88 89 92 93 126 127,38364.0,False
base,active,,613686.0,614657.0,102 103,-1.0,
base,active,,614263.0,614657.0,86 87 88 89 92 93,-1.0,
base,active,,614263.0,614858.0,126 127,-1.0,
base,active,614657.0,614657.0,614710.0,86 87 88 89 92 93 102 103,38385.0,False
base,active,,614710.0,614858.0,86 87 88 89 92 93,-1.0,
base,active,,614710.0,615050.0,102 103,-1.0,
base,active,614858.0,614858.0,616001.0,86 87 88 89 92 93 126 127,38387.0,False
base,active,,614938.0,615050.0,84 85,-1.0,
base,active,615050.0,615050.0,615108.0,84 85 102 103,38388.0,False
base,active,,615108.0,615831.0,84 85 102 103,-1.0,
base,active,,615267.0,615831.0,96 97 124 125,-1.0,
base,active,611000.0,615610.0,615682.0,62 63 94 95 106 112 114 117,38345.0,False
base,active,,615682.0,615831.0,62 63 94 95 106 112 114 117,-1.0,
base,active,612355.0,615831.0,616073.0,54 55 56 57 58 59 60 61 62 63 64 65 66 67 68 69 70 71 84 85 94 95 96 97 102 103 106 112 114 117 124 125,38360.0,False
base,active,,615831.0,616073.0,72 73 74 75 76 77 98 99 100 101 104 105 107 108 109 110,-1.0,
base,active,,616001.0,616073.0,86 87 88 89 92 93 126 127,-1.0,
base,active,612599.0,616073.0,616242.0,54 55 56 57 58 59 60 61 72 73 74 75 76 77 86 87 88 89 92 93 98 99 100 101 104 105 107 108 109 110 126 127,38362.0,False
base,active,,616073.0,616242.0,62 63 64 65 66 67 68 69 70 71 84 85 94 95 96 97 102 103 106 112 114 117 124 125,-1.0,
base,active,,616242.0,616343.0,72,-1.0,
base,active,612769.0,616242.0,616480.0,54 55 56 57 58 59 60 61 62 63 64 65 66 67 68 69 70 71 84 85 94 95 96 97 102 103 106 112 114 117 124 125,38363.0,False
base,active,,616242.0,616480.0,73 74 75 76 77 86 87 88 89 92 93 98 99 100 101 104 105 107 108 109 110 126 127,-1.0,
base,active,616343.0,616343.0,616430.0,72,38394.0,False
base,active,,616430.0,616480.0,72,-1.0,
base,active,,616480.0,616611.0,62 63 64 65,-1.0,
base,active,,616480.0,616649.0,66 67,-1.0,
base,active,613012.0,616480.0,616681.0,54 55 56 57 58 59 60 61 72 73 74 75 76 77 86 87 88 89 92 93 98 99 100 101 104 105 107 108 109 110 126 127,38365.0,False
base,active,,616480.0,616681.0,68 69 70 71 84 85 94 95 96 97 102 103 106 112 114 117 124 125,-1.0,
base,active,616611.0,616611.0,617915.0,62 63 64 65,38397.0,False
base,active,616649.0,616649.0,617915.0,66 67,38398.0,False
base,active,613128.0,616681.0,616717.0,54 55 56 57 58 59 60 61 68 69 70 71 72 73 74 75 76 77 84 85 94 95 96 97 102 103 106 112 114 117 124 125,38367.0,False
base,active,,616681.0,616717.0,86 87 88 89 92 93 98 99 100 101 104 105 107 108 109 110 126 127,-1.0,
base,active,613189.0,616717.0,616718.0,54 55 56 57 58 59 60 61 68 69 70 71 72 73 86 87 88 89 92 93 98 99 100 101 104 105 107 108 109 110 126 127,38368.0,False
base,active,,616717.0,616718.0,74 75 76 77 84 85 94 95 96 97 102 103 106 112 114 117 124 125,-1.0,
base,active,613216.0,616718.0,617011.0,54 55 56 57 58 59 60 61 68 69 70 71 72 73 74 75 76 77 84 85 94 95 96 97 102 103 106 112 114 117 124 125,38369.0,False
base,active,,616718.0,617011.0,86 87 88 89 92 93 98 99 100 101 104 105 107 108 109 110 126 127,-1.0,
base,active,613245.0,617011.0,617048.0,54 55 56 57 58 59 60 61 68 69 70 71 72 73 86 87 88 89 92 93 98 99 100 101 104 105 107 108 109 110 126 127,38370.0,False
base,active,,617011.0,617048.0,74 75 76 77 84 85 94 95 96 97 102 103 106 112 114 117 124 125,-1.0,
base,active,613510.0,617048.0,617256.0,54 55 56 57 58 59 60 61 68 69 70 71 72 73 74 75 76 77 84 85 94 95 96 97 102 103 106 112 114 117 124 125,38374.0,False
base,active,,617048.0,617256.0,86 87 88 89 92 93 98 99 100 101 104 105 107 108 109 110 126 127,-1.0,
base,active,,617256.0,617368.0,74 75 76 77 84 85 94 95,-1.0,
base,active,613722.0,617256.0,617426.0,54 55 56 57 58 59 60 61 68 69 70 71 72 73 86 87 88 89 92 93 98 99 100 101 104 105 107 108 109 110 126 127,38378.0,False
base,active,,617256.0,617426.0,96 97 102 103 106 112 114 117 124 125,-1.0,
base,active,617368.0,617368.0,617415.0,74 75 76 77 84 85 94 95,38404.0,False
base,active,,617415.0,617426.0,74 75 76 77 84 85 94 95,-1.0,
base,active,613894.0,617426.0,617578.0,54 55 56 57 58 59 60 61 68 69 70 71 72 73 74 75 76 77 84 85 94 95 96 97 102 103 106 112 114 117 124 125,38380.0,False
base,active,,617426.0,617578.0,86 87 88 89 92 93 98 99 100 101 104 105 107 108 109 110 126 127,-1.0,
base,active,,617487.0,617578.0,115 116 118 119 120 121 122 123,-1.0,
base,active,,617578.0,617615.0,60 61 68 69 70 71 72 73,-1.0,
base,active,614047.0,617578.0,617762.0,54 55 56 57 58 59 86 87 88 89 92 93 98 99 100 101 104 105 107 108 109 110 115 116 118 119 120 121 122 123 126 127,38381.0,False
base,active,,617578.0,617762.0,74 75 76 77 84 85 94 95 96 97 102 103 106 112 114 117 124 125,-1.0,
base,active,617615.0,617615.0,617661.0,60 61 68 69 70 71 72 73,38405.0,False
base,active,,617661.0,617762.0,60 61 68 69 70 71 72 73,-1.0,
base,active,,617762.0,617909.0,118 119 120 121 122 123 126 127,-1.0,
base,active,,617762.0,617915.0,86 87 88 89 92 93 98 99 100 101 104 105 107 108 109 110 115 116,-1.0,
base,active,614233.0,617762.0,617943.0,54 55 56 57 58 59 60 61 68 69 70 71 72 73 74 75 76 77 84 85 94 95 96 97 102 103 106 112 114 117 124 125,38382.0,False
base,active,617909.0,617909.0,617915.0,118 119 120 121 122 123 126 127,38407.0,False
base,active,614417.0,617915.0,617970.0,62 63 64 65 66 67 86 87 88 89 92 93 98 99 100 101 104 105 107 108 109 110 115 116 118 119 120 121 122 123 126 127,38384.0,False
base,active,616525.0,617943.0,619333.0,54 55 56 57 58 59 60 61 68 69 70 71 72 73 74 75 76 77 84 85 94 95 96 97 102 103 106 112 114 117 124 125,38395.0,False
base,active,,617970.0,618525.0,62 63 64 65,-1.0,
base,active,,617970.0,618538.0,66 67 86 87 88 89 92 93 98 99 100 101 104 105 107 108 109 110 115 116 118 119 120 121 122 123 126 127,-1.0,
base,active,,618498.0,618538.0,30 31 32 33,-1.0,
base,active,,618498.0,618546.0,34 35 36 37 38 39 40 41,-1.0,
base,active,,618498.0,618766.0,42 43 44 45 46 47 48 49 50 51 52 53 78 79 80 81 82 83 90 91,-1.0,
base,active,618525.0,618525.0,618598.0,62 63 64 65,38408.0,False
base,active,618538.0,618538.0,619440.0,30 31 32 33 66 67 86 87 88 89 92 93 98 99 100 101 104 105 107 108 109 110 115 116 118 119 120 121 122 123 126 127,38409.0,False
base,active,618546.0,618546.0,618658.0,34 35 36 37 38 39 40 41,38410.0,False
base,active,,618598.0,618766.0,62 63 64 65,-1.0,
base,active,,618658.0,618766.0,34 35 36 37 38 39 40 41,-1.0,
base,active,,618676.0,618798.0,0 1 2 3 4 5 6 7,-1.0,
base,active,,618676.0,618799.0,8 9 10 11 12 13 14 15,-1.0,
base,active,,618676.0,618854.0,16 17 18 19,-1.0,
base,active,,618676.0,618862.0,20 21 22 23,-1.0,
base,active,,618676.0,618963.0,24 25 26 27 28 29 111 113,-1.0,
base,active,618766.0,618766.0,625640.0,34 35 36 37 38 39 40 41 42 43 44 45 46 47 48 49 50 51 52 53 62 63 64 65 78 79 80 81 82 83 90 91,38411.0,False
base,active,618798.0,618798.0,618931.0,0 1 2 3 4 5 6 7,38412.0,False
base,active,618799.0,618799.0,625641.0,8 9 10 11 12 13 14 15,38413.0,False
base,active,618854.0,618854.0,618910.0,16 17 18 19,38415.0,False
base,active,618862.0,618862.0,618985.0,20 21 22 23,38416.0,False
base,active,,618910.0,619106.0,16,-1.0,
base,active,,618910.0,619128.0,17 18 19,-1.0,
base,active,,618931.0,619128.0,0,-1.0,
base,active,,618931.0,619136.0,1,-1.0,
base,active,,618931.0,619333.0,2 3 4 5 6 7,-1.0,
base,active,618963.0,618963.0,619996.0,24 25 26 27 28 29 111 113,38417.0,False
base,active,,618985.0,619333.0,20 21 22 23,-1.0,
base,active,619106.0,619106.0,619130.0,16,38418.0,False
base,active,619128.0,619128.0,619202.0,0 17 18 19,38419.0,False
base,active,,619130.0,619333.0,16,-1.0,
base,active,619136.0,619136.0,619149.0,1,38420.0,False
base,active,,619149.0,619333.0,1,-1.0,
base,active,,619202.0,619333.0,0 17 18 19,-1.0,
base,active,619203.0,619333.0,619568.0,0 1 2 3 4 5 6 7 16 17 18 19 20 21 22 23 54 55 56 57 58 59 60 61 68 69 70 71 72 73 74 75,38421.0,False
base,active,,619333.0,619644.0,76 77 84 85,-1.0,
base,active,,619333.0,619688.0,94,-1.0,
base,active,,619333.0,619735.0,95 96 97 102 103 106 112 114 117 124 125,-1.0,
base,active,,619440.0,619735.0,30 31 32 33 66 67 86 87 88 89 92 93 98 99 100 101 104 105 107 108 109,-1.0,
base,active,,619440.0,619800.0,110,-1.0,
base,active,,619440.0,620003.0,115 116 118 119,-1.0,
base,active,,619440.0,620027.0,120 121,-1.0,
base,active,,619440.0,620362.0,122 123 126 127,-1.0,
base,active,,619568.0,620521.0,0 1 2 3 4 5 6 7,-1.0,
base,active,,619568.0,620642.0,16 17 18 19 20 21 22 23 54 55 56 57 58 59 60 61 68 69 70 71 72 73 74 75,-1.0,
base,active,619644.0,619644.0,619712.0,76 77 84 85,38424.0,False
base,active,619688.0,619688.0,619722.0,94,38425.0,False
base,active,,619712.0,620642.0,76 77 84 85,-1.0,
base,active,,619722.0,620642.0,94,-1.0,
base,active,619735.0,619735.0,620046.0,30 31 32 33 66 67 86 87 88 89 92 93 95 96 97 98 99 100 101 102 103 104 105 106 107 108 109 112 114 117 124 125,38426.0,False
base,active,619800.0,619800.0,620662.0,110,38428.0,False
base,active,,619996.0,620642.0,24 25 26,-1.0,
base,active,,619996.0,620713.0,27 28 29 111,-1.0,
base,active,,619996.0,620792.0,113,-1.0,
base,active,620003.0,620003.0,625853.0,115 116 118 119,38432.0,False
base,active,620027.0,620027.0,625853.0,120 121,38434.0,False
base,active,,620046.0,620792.0,30 31 32 33 66 67 86 87 88 89 92 93 95 96 97 98 99 100 101 102 103 104 105 106 107 108 109 112 114 117 124,-1.0,
base,active,,620046.0,621246.0,125,-1.0,
base,active,620362.0,620362.0,620406.0,122 123 126 127,38436.0,False
base,active,,620406.0,621606.0,122 123 126 127,-1.0,
base,active,620521.0,620521.0,621327.0,0 1 2 3 4 5 6 7,38437.0,False
base,active,620642.0,620642.0,622923.0,16 17 18 19 20 21 22 23 24 25 26 54 55 56 57 58 59 60 61 68 69 70 71 72 73 74 75 76 77 84 85 94,38439.0,False
base,active,,620662.0,621744.0,110,-1.0,
base,active,620713.0,620713.0,620803.0,27 28 29 111,38440.0,False
base,active,620792.0,620792.0,621702.0,30 31 32 33 66 67 86 87 88 89 92 93 95 96 97 98 99 100 101 102 103 104 105 106 107 108 109 112 113 114 117 124,38441.0,False
base,active,,620803.0,621744.0,27 28 29 111,-1.0,
base,switching_off,,621246.0,623046.0,125,-2.0,
base,active,,621327.0,621744.0,0 1 2,-1.0,
base,active,,621327.0,622068.0,3,-1.0,
base,active,,621327.0,622113.0,4 5 6 7,-1.0,
base,switching_off,,621606.0,623406.0,122 123 126 127,-2.0,
base,active,,621702.0,622113.0,30 31 32 33,-1.0,
base,active,,621702.0,622544.0,66 67 86 87 88 89 92 93 95 96 97 98 99 100 101 102 103 104 105 106 107 108 109 112 113 114 117 124,-1.0,
base,active,621744.0,621744.0,622065.0,0 1 2 27 28 29 110 111,38447.0,False
base,active,,622065.0,622544.0,0 1 2 27,-1.0,
base,active,,622065.0,622641.0,28 29 110 111,-1.0,
base,active,622068.0,622068.0,622624.0,3,38449.0,False
base,active,622113.0,622113.0,631241.0,4 5 6 7 30 31 32 33,38450.0,False
base,active,622544.0,622544.0,622789.0,0 1 2 27 66 67 86 87 88 89 92 93 95 96 97 98 99 100 101 102 103 104 105 106 107 108 109 112 113 114 117 124,38452.0,False
base,active,,622624.0,622849.0,3,-1.0,
base,active,622641.0,622641.0,622787.0,28 29 110 111,38453.0,False
base,active,,622787.0,622849.0,28 29 110,-1.0,
base,active,,622787.0,622932.0,111,-1.0,
base,active,,622789.0,622932.0,0 1 2 27 66 67 86 87 88 89 92 93 95 96 97 98 99 100 101 102 103 104 105 106 107 108 109 112 113 114 117,-1.0,
base,active,,622789.0,622994.0,124,-1.0,
base,active,622849.0,622849.0,622896.0,3 28 29 110,38456.0,False
base,active,,622896.0,622994.0,3 28 29 110,-1.0,
base,active,,622923.0,622994.0,16 17 18 19 20 21 22 23 24 25 26,-1.0,
base,active,,622923.0,623002.0,54 55 56 57,-1.0,
base,active,,622923.0,623170.0,58 59 60 61,-1.0,
base,active,,622923.0,623264.0,68 69 70 71 72 73 74 75,-1.0,
base,active,,622923.0,623273.0,76 77 84 85 94,-1.0,
base,active,622932.0,622932.0,623115.0,0 1 2 27 66 67 86 87 88 89 92 93 95 96 97 98 99 100 101 102 103 104 105 106 107 108 109 111 112 113 114 117,38458.0,False
base,active,622994.0,622994.0,623079.0,3 16 17 18 19 20 21 22 23 24 25 26 28 29 110 124,38460.0,False
base,active,623002.0,623002.0,623115.0,54 55 56 57,38461.0,False
base,sleeping,,623046.0,625661.0,125,-4.0,
base,active,,623079.0,623273.0,3 16 17 18 19 20 21 22 23 24 25 26 28 29 110 124,-1.0,
base,active,,623115.0,623273.0,0 1 2 27 54 55 56 57 66 67 86,-1.0,
base,active,,623115.0,623391.0,87,-1.0,
base,active,,623115.0,623450.0,88 89 92 93 95 96 97 98,-1.0,
base,active,,623115.0,623641.0,99,-1.0,
base,active,,623115.0,624268.0,100 101 102 103 104 105 106 107,-1.0,
base,active,,623115.0,624315.0,108 109 111 112 113 114 117,-1.0,
base,active,623170.0,623170.0,623225.0,58 59 60 61,38463.0,False
base,active,,623225.0,624347.0,58 59 60 61,-1.0,
base,active,623264.0,623264.0,623329.0,68 69 70 71 72 73 74 75,38464.0,False
base,active,623273.0,623273.0,623389.0,0 1 2 3 16 17 18 19 20 21 22 23 24 25 26 27 28 29 54 55 56 57 66 67 76 77 84 85 86 94 110 124,38465.0,False
base,active,,623329.0,624347.0,68 69 70 71,-1.0,
base,active,,623329.0,624498.0,72 73 74 75,-1.0,
base,active,,623389.0,624498.0,0 1 2 3 16 17 18 19 20 21 22 23 24 25 26 27 28 29 54 55 56 57 66 67 76 77 84 85,-1.0,
base,active,,623389.0,624589.0,86 94 110 124,-1.0,
base,active,623391.0,623391.0,623410.0,87,38466.0,False
base,sleeping,,623406.0,625661.0,122 123 126,-4.0,
base,sleeping,,623406.0,640169.0,127,-4.0,
base,active,,623410.0,624610.0,87,-1.0,
base,active,623450.0,623450.0,623515.0,88 89 92 93 95 96 97 98,38467.0,False
base,active,,623515.0,624715.0,88 89 92 93 95 96 97 98,-1.0,
base,active,623641.0,623641.0,632873.0,99,38469.0,False
base,active,624268.0,624268.0,624331.0,100 101 102 103 104 105 106 107,38471.0,False
base,switching_off,,624315.0,626115.0,108 109 111 112 113 114 117,-2.0,
base,active,,624331.0,625531.0,100 101 102 103 104 105 106 107,-1.0,
base,active,624347.0,624347.0,624431.0,58 59 60 61 68 69 70 71,38472.0,False
base,active,,624431.0,625631.0,58 59 60 61 68 69 70 71,-1.0,
base,active,624498.0,624498.0,627548.0,0 1 2 3 16 17 18 19 20 21 22 23 24 25 26 27 28 29 54 55 56 57 66 67 72 73 74 75 76 77 84 85,38474.0,False
base,switching_off,,624589.0,626389.0,86 94 110 124,-2.0,
base,switching_off,,624610.0,626410.0,87,-2.0,
base,switching_off,,624715.0,626515.0,88 89 92 93 95 96 97 98,-2.0,
base,switching_off,,625531.0,627331.0,100 101 102 103 104 105 106 107,-2.0,
base,switching_off,,625631.0,627431.0,58 59 60 61 68 69 70 71,-2.0,
base,active,625147.0,625640.0,625709.0,34 35 36 37 38 39 40 41 42 43 44 45 46 47 48 49 50 51 52 53 62 63 64 65 78 79 80 81 82 83 90 91,38479.0,False
base,active,,625641.0,625709.0,8 9 10 11 12 13 14 15,-1.0,
base,switching_on,,625661.0,628361.0,122 123 125 126,-3.0,
base,active,625242.0,625709.0,625775.0,8 9 10 11 12 13 14 15 34 35 36 37 38 39 40 41 42 43 44 45 46 47 48 49 50 51 52 53 62 63 64 65,38480.0,False
base,active,,625709.0,625775.0,78 79 80 81 82 83 90 91,-1.0,
base,active,625481.0,625775.0,625840.0,8 9 10 11 12 13 14 15 34 35 36 37 38 39 40 41 42 43 44 45 46 47 48 49 78 79 80 81 82 83 90 91,38482.0,False
base,active,,625775.0,625840.0,50 51 52 53 62 63 64 65,-1.0,
base,active,,625840.0,625970.0,78,-1.0,
base,active,625594.0,625840.0,626029.0,8 9 10 11 12 13 14 15 34 35 36 37 38 39 40 41 42 43 44 45 46 47 48 49 50 51 52 53 62 63 64 65,38483.0,False
base,active,,625840.0,626292.0,79 80 81 82,-1.0,
base,active,,625840.0,626313.0,83 90,-1.0,
base,active,,625840.0,626329.0,91,-1.0,
base,active,,625853.0,626329.0,115 116 118 119 120 121,-1.0,
base,active,625970.0,625970.0,625987.0,78,38486.0,False
base,active,,625987.0,626329.0,78,-1.0,
base,active,,626029.0,626329.0,8 9 10 11 12 13 14 15 34 35 36 37 38 39 40 41 42 43 44 45 46 47 48 49,-1.0,
base,active,,626029.0,626425.0,50 51 52 53,-1.0,
base,active,,626029.0,626449.0,62 63 64 65,-1.0,
base,sleeping,,626115.0,640169.0,108 109 111 112 113 114 117,-4.0,
base,active,626292.0,626292.0,627916.0,79 80 81 82,38489.0,False
base,active,626313.0,626313.0,627919.0,83 90,38490.0,False
base,active,626329.0,626329.0,626421.0,8 9 10 11 12 13 14 15 34 35 36 37 38 39 40 41 42 43 44 45 46 47 48 49 78 91 115 116 118 119 120 121,38491.0,False
base,sleeping,,626389.0,627214.0,86,-4.0,
base,sleeping,,626389.0,640169.0,94 110 124,-4.0,
base,sleeping,,626410.0,640169.0,87,-4.0,
base,active,,626421.0,626449.0,8 9 10 11 12 13 14 15 34 35 36 37 38 39 40 41 42 43 44 45 46 47 48 49 78 91 115 116,-1.0,
base,active,,626421.0,626521.0,118 119 120 121,-1.0,
base,active,626425.0,626425.0,626442.0,50 51 52 53,38493.0,False
base,active,,626442.0,627123.0,50 51 52 53,-1.0,
base,active,626449.0,626449.0,626629.0,8 9 10 11 12 13 14 15 34 35 36 37 38 39 40 41 42 43 44 45 46 47 48 49 62 63 64 65 78 91 115 116,38495.0,False
base,sleeping,,626515.0,640169.0,88 89 92 93 95 96 97 98,-4.0,
base,active,626521.0,626521.0,626629.0,118 119 120 121,38496.0,False
base,active,,626629.0,627123.0,8 9 10 11 12 13 14 15 34 35 36 37 38 39 40 41 42 43 44 45 46 47 48 49 62 63 64 65,-1.0,
base,active,,626629.0,627149.0,78 91 115 116 118 119 120 121,-1.0,
base,active,627123.0,627123.0,627441.0,8 9 10 11 12 13 14 15 34 35 36 37 38 39 40 41 42 43 44 45 46 47 48 49 50 51 52 53 62 63 64 65,38499.0,False
base,active,627149.0,627149.0,627444.0,78 91 115 116 118 119 120 121,38500.0,False
base,switching_on,,627214.0,629914.0,86,-3.0,
base,sleeping,,627331.0,640169.0,100 101 102 103 104 105 106 107,-4.0,
base,sleeping,,627431.0,631012.0,58 59 60 61 68 69 70 71,-4.0,
base,active,,627441.0,627512.0,8 9 10 11 12 13 14 15 34 35 36 37 38 39 40 41 42 43 44 45 46 47 48 49 50 51 52 53 62 63 64 65,-1.0,
base,active,,627444.0,627561.0,78,-1.0,
base,active,,627444.0,627562.0,91 115 116 118 119 120 121,-1.0,
base,active,627512.0,627512.0,627627.0,8 9 10 11 12 13 14 15 34 35 36 37 38 39 40 41 42 43 44 45 46 47 48 49 50 51 52 53 62 63 64 65,38502.0,False
base,active,,627548.0,627562.0,0,-1.0,
base,active,,627548.0,628190.0,1,-1.0,
base,active,,627548.0,628531.0,2 3 16 17 18 19 20 21 22 23 24 25 26 27 28 29 54 55 56 57 66 67 72 73 74 75 76 77 84 85,-1.0,
base,active,627561.0,627561.0,627601.0,78,38503.0,False
base,active,627562.0,627562.0,627626.0,0 91 115 116 118 119 120 121,38504.0,False
base,active,,627601.0,628531.0,78,-1.0,
base,active,,627626.0,628531.0,0,-1.0,
base,active,,627626.0,628692.0,91 115 116 118 119 120 121,-1.0,
base,active,,627627.0,628692.0,8 9 10 11 12 13 14 15 34 35 36 37 38 39 40 41 42 43 44 45 46 47 48 49 50,-1.0,
base,active,,627627.0,628696.0,51,-1.0,
base,active,,627627.0,628747.0,52 53 62 63 64 65,-1.0,
base,active,,627916.0,628747.0,79 80,-1.0,
base,active,,627916.0,628847.0,81 82,-1.0,
base,active,,627919.0,628847.0,83 90,-1.0,
base,active,628190.0,628190.0,628206.0,1,38510.0,False
base,active,,628206.0,628847.0,1,-1.0,
base,active,625661.0,628361.0,628486.0,122 123 125 126,38484.0,False
base,active,,628486.0,628847.0,122 123 125 126,-1.0,
base,active,628531.0,628531.0,628687.0,0 2 3 16 17 18 19 20 21 22 23 24 25 26 27 28 29 54 55 56 57 66 67 72 73 74 75 76 77 78 84 85,38512.0,False
base,active,,628687.0,628847.0,0 2 3 16 17 18 19 20 21 22 23 24 25 26 27 28 29 54 55 56 57 66 67,-1.0,
base,active,,628687.0,628893.0,72 73 74 75,-1.0,
base,active,,628687.0,628917.0,76 77,-1.0,
base,active,,628687.0,629143.0,78 84 85,-1.0,
base,active,628692.0,628692.0,628804.0,8 9 10 11 12 13 14 15 34 35 36 37 38 39 40 41 42 43 44 45 46 47 48 49 50 91 115 116 118 119 120 121,38513.0,False
base,active,628696.0,628696.0,628735.0,51,38514.0,False
base,active,,628735.0,629143.0,51,-1.0,
base,active,628747.0,628747.0,628804.0,52 53 62 63 64 65 79 80,38515.0,False
base,active,,628804.0,629143.0,8 9 10 11 12 13 14 15 34 35 36 37 38 39 40 41 42 43 44 45 46 47 48 49 50 52 53 62,-1.0,
base,active,,628804.0,629537.0,63 64 65 79 80 91 115 116 118 119 120 121,-1.0,
base,active,628847.0,628847.0,629132.0,0 1 2 3 16 17 18 19 20 21 22 23 24 25 26 27 28 29 54 55 56 57 66 67 81 82 83 90 122 123 125 126,38517.0,False
base,active,628893.0,628893.0,630539.0,72 73 74 75,38518.0,False
base,active,628917.0,628917.0,630544.0,76 77,38519.0,False
base,active,,629132.0,629537.0,0 1 2 3 16 17 18 19 20 21 22 23 24 25 26 27 28 29 54 55,-1.0,
base,active,,629132.0,629628.0,56,-1.0,
base,active,,629132.0,629741.0,57 66 67 81 82 83 90 122 123 125 126,-1.0,
base,active,629143.0,629143.0,629318.0,8 9 10 11 12 13 14 15 34 35 36 37 38 39 40 41 42 43 44 45 46 47 48 49 50 51 52 53 62 78 84 85,38520.0,False
base,active,,629318.0,629741.0,8 9 10 11 12 13 14 15 34 35 36 37 38 39 40 41 42 43 44 45 46,-1.0,
base,active,,629318.0,630138.0,47 48 49 50 51 52 53 62 78 84 85,-1.0,
base,active,629537.0,629537.0,629651.0,0 1 2 3 16 17 18 19 20 21 22 23 24 25 26 27 28 29 54 55 63 64 65 79 80 91 115 116 118 119 120 121,38522.0,False
base,active,629628.0,629628.0,629658.0,56,38523.0,False
base,active,,629651.0,630138.0,0 1 2 3 16 17 18 19 20 21 22 23 24 25 26 27 28 29 54 55 63,-1.0,
base,active,,629651.0,630814.0,64,-1.0,
base,active,,629651.0,630851.0,65 79 80 91 115 116 118 119 120 121,-1.0,
base,active,,629658.0,630858.0,56,-1.0,
base,active,629741.0,629741.0,630100.0,8 9 10 11 12 13 14 15 34 35 36 37 38 39 40 41 42 43 44 45 46 57 66 67 81 82 83 90 122 123 125 126,38525.0,False
base,active,627214.0,629914.0,629940.0,86,38501.0,False
base,active,,629940.0,630888.0,86,-1.0,
base,active,,630100.0,630910.0,8 9 10 11,-1.0,
base,active,,630100.0,630931.0,12 13,-1.0,
base,active,,630100.0,630955.0,14 15 34 35 36 37 38 39 40 41 42 43 44 45 46 57 66 67 81 82 83 90 122 123 125 126,-1.0,
base,active,630138.0,630138.0,632873.0,0 1 2 3 16 17 18 19 20 21 22 23 24 25 26 27 28 29 47 48 49 50 51 52 53 54 55 62 63 78 84 85,38530.0,False
base,active,,630539.0,630955.0,72 73 74 75,-1.0,
base,active,,630544.0,630955.0,76 77,-1.0,
base,active,630814.0,630814.0,630862.0,64,38532.0,False
base,switching_off,,630851.0,632651.0,65 79 80 91 115 116 118 119 120 121,-2.0,
base,switching_off,,630858.0,632658.0,56,-2.0,
base,active,,630862.0,632062.0,64,-1.0,
base,active,630888.0,630888.0,630906.0,86,38533.0,False
base,active,,630906.0,632106.0,86,-1.0,
base,active,630910.0,630910.0,632622.0,8 9 10 11,38534.0,False
base,active,630931.0,630931.0,632624.0,12 13,38535.0,False
base,active,630955.0,630955.0,631084.0,14 15 34 35 36 37 38 39 40 41 42 43 44 45 46 57 66 67 72 73 74 75 76 77 81 82 83 90 122 123 125 126,38536.0,False
base,switching_on,,631012.0,633712.0,58 59 60 61 68 69 70 71,-3.0,
base,active,,631084.0,632284.0,14 15 34 35 36 37 38 39 40 41 42 43 44 45 46 57 66 67 72 73 74 75 76 77 81 82 83 90 122 123 125 126,-1.0,
base,active,,631241.0,632441.0,4 5 6 7 30 31 32 33,-1.0,
base,switching_off,,632062.0,633862.0,64,-2.0,
base,switching_off,,632106.0,633906.0,86,-2.0,
base,switching_off,,632284.0,634084.0,14 15 34 35 36 37 38 39 40 41 42 43 44 45 46 57 66 67 72 73 74 75 76 77 81 82 83 90 122 123 125 126,-2.0,
base,switching_off,,632441.0,634241.0,4 5 6 7 30 31 32 33,-2.0,
base,active,,632622.0,632657.0,8,-1.0,
base,active,,632622.0,632751.0,9 10,-1.0,
base,active,,632622.0,632760.0,11,-1.0,
base,active,,632624.0,632760.0,12,-1.0,
base,active,,632624.0,632769.0,13,-1.0,
base,sleeping,,632651.0,632782.0,65,-4.0,
base,sleeping,,632651.0,632793.0,79 80,-4.0,
base,sleeping,,632651.0,640169.0,91 115 116 118 119 120 121,-4.0,
base,active,632657.0,632657.0,632673.0,8,38546.0,False
base,sleeping,,632658.0,632782.0,56,-4.0,
base,active,,632673.0,632769.0,8,-1.0,
base,active,632751.0,632751.0,632866.0,9 10,38547.0,False
base,active,632760.0,632760.0,632869.0,11 12,38548.0,False
base,active,632769.0,632769.0,632870.0,8 13,38549.0,False
base,switching_on,,632782.0,635482.0,56 65,-3.0,
base,switching_on,,632793.0,635493.0,79 80,-3.0,
base,active,,632866.0,634066.0,9 10,-1.0,
base,active,,632869.0,634069.0,11 12,-1.0,
base,active,,632870.0,634070.0,8 13,-1.0,
base,active,,632873.0,634073.0,0 1 2 3 16 17 18 19 20 21 22 23 24 25 26 27 28 29 47 48 49 50 51 52 53 54 55 62 63 78 84 85 99,-1.0,
base,active,631012.0,633712.0,633784.0,58 59 60 61 68 69 70 71,38537.0,False
base,active,,633784.0,634984.0,58 59 60 61 68 69 70 71,-1.0,
base,sleeping,,633862.0,640169.0,64,-4.0,
base,sleeping,,633906.0,640169.0,86,-4.0,
base,switching_off,,634066.0,635866.0,9 10,-2.0,
base,switching_off,,634069.0,635869.0,11 12,-2.0,
base,switching_off,,634070.0,635870.0,8 13,-2.0,
base,switching_off,,634073.0,635873.0,0 1 2 3 16 17 18 19 20 21 22 23 24 25 26 27 28 29 47 48 49 50 51 52 53 54 55 62 63 78 84 85 99,-2.0,
base,sleeping,,634084.0,640142.0,14 15 34 35 36 37 38 39 40 41 42 43 44 45 46 57,-4.0,
base,sleeping,,634084.0,640169.0,66 67 72 73 74 75 76 77 81 82 83 90 122 123 125 126,-4.0,
base,sleeping,,634241.0,640142.0,4 5 6 7 30 31 32 33,-4.0,
base,switching_off,,634984.0,636784.0,58 59 60 61 68 69 70 71,-2.0,
base,active,632782.0,635482.0,635572.0,56 65,38550.0,False
base,active,632793.0,635493.0,635573.0,79 80,38551.0,False
base,active,,635572.0,636772.0,56 65,-1.0,
base,active,,635573.0,636773.0,79 80,-1.0,
base,sleeping,,635866.0,640142.0,9 10,-4.0,
base,sleeping,,635869.0,640142.0,11 12,-4.0,
base,sleeping,,635870.0,640142.0,8 13,-4.0,
base,sleeping,,635873.0,640142.0,0 1 2 3 16 17 18 19 20 21 22 23 24 25 26 27 28 29 47 48 49 50 51 52 53 54 55 62 63,-4.0,
base,sleeping,,635873.0,640169.0,78 84 85 99,-4.0,
base,switching_off,,636772.0,638572.0,56 65,-2.0,
base,switching_off,,636773.0,638573.0,79 80,-2.0,
base,sleeping,,636784.0,640142.0,58 59 60 61,-4.0,
base,sleeping,,636784.0,640169.0,68 69 70 71,-4.0,
base,sleeping,,638572.0,640142.0,56,-4.0,
base,sleeping,,638572.0,640169.0,65,-4.0,
base,sleeping,,638573.0,640169.0,79 80,-4.0,
base,switching_on,,640142.0,642842.0,0 1 2 3 4 5 6 7 8 9 10 11 12 13 14 15 16 17 18 19 20 21 22 23 24 25 26 27 28 29 30 31 32 33 34 35 36 37 38 39 40 41 42 43 44 45 46 47 48 49 50 51 52 53 54 55 56 57 58 59 60 61 62 63,-3.0,
base,switching_on,,640169.0,642869.0,64 65 66 67 68 69 70 71 72 73 74 75 76 77 78 79 80 81 82 83 84 85 86 87 88 89 90 91 92 93 94 95 96 97 98 99 100 101 102 103 104 105 106 107 108 109 110 111 112 113 114 115 116 117 118 119 120 121 122 123 124 125 126 127,-3.0,
base,active,640142.0,642842.0,646466.0,0 1 2 3 4 5 6 7 8 9 10 11 12 13 14 15 16 17 18 19 20 21 22 23 24 25 26 27 28 29 30 31 32 33 34 35 36 37 38 39 40 41 42 43 44 45 46 47 48 49 50 51 52 53 54 55 56 57 58 59 60 61 62 63,38552.0,False
base,active,640169.0,642869.0,643036.0,64 65 66 67 68 69 70 71 72 73 74 75 76 77 78 79 80 81 82 83 84 85 86 87 88 89 90 91 92 93 94 95 96 97 98 99 100 101 102 103 104 105 106 107 108 109 110 111 112 113 114 115 116 117 118 119 120 121 122 123 124 125 126 127,38553.0,False
base,active,640464.0,643036.0,643141.0,78 79,38561.0,False
base,active,640456.0,643036.0,643147.0,76 77,38560.0,False
base,active,640440.0,643036.0,643160.0,72 73,38558.0,False
base,active,640429.0,643036.0,643170.0,70 71,38557.0,False
base,active,640421.0,643036.0,643176.0,68 69,38556.0,False
base,active,640412.0,643036.0,643184.0,66 67,38555.0,False
base,active,640404.0,643036.0,643190.0,64 65,38554.0,False
base,active,640448.0,643036.0,643239.0,74 75,38559.0,False
base,active,640694.0,643036.0,643252.0,80 81 82 83 84 85 86 87 88 89 90 91 92 93 94 95 96 97 98 99 100 101 102 103 104 105 106 107 108 109 110 111,38562.0,False
base,active,,643036.0,643694.0,112 113 114 115 116 117 118 119 120 121 122 123 124 125 126 127,-1.0,
base,active,,643141.0,643694.0,78 79,-1.0,
base,active,,643147.0,643694.0,76 77,-1.0,
base,active,,643160.0,643694.0,72 73,-1.0,
base,active,,643170.0,643694.0,70 71,-1.0,
base,active,,643176.0,643694.0,68 69,-1.0,
base,active,,643184.0,643694.0,66 67,-1.0,
base,active,,643190.0,643694.0,64 65,-1.0,
base,active,,643239.0,643694.0,74 75,-1.0,
base,active,,643252.0,643694.0,80 81 82 83 84 85 86 87 88 89 90 91 92 93 94 95 96 97 98 99 100 101 102 103 104 105 106 107 108 109 110 111,-1.0,
base,active,643694.0,643694.0,653908.0,64 65 66 67 68 69 70 71 72 73 74 75 76 77 78 79 80 81 82 83 84 85 86 87 88 89 90 91 92 93 94 95 96 97 98 99 100 101 102 103 104 105 106 107 108 109 110 111 112 113 114 115 116 117 118 119 120 121 122 123 124 125 126 127,38564.0,False
base,active,644214.0,646466.0,646996.0,0 1 2 3 4 5 6 7 8 9 10 11 12 13 14 15 16 17 18 19 20 21 22 23 24 25 26 27 28 29 30 31,38566.0,False
base,active,644820.0,646466.0,647744.0,32 33 34 35 36 37 38 39 40 41 42 43 44 45 46 47 48 49 50 51 52 53 54 55 56 57 58 59 60 61 62 63,38569.0,False
base,active,646100.0,646996.0,647008.0,0,38576.0,False
base,active,646163.0,646996.0,647008.0,1,38577.0,False
base,active,,646996.0,648196.0,2 3 4 5 6 7 8 9 10 11 12 13 14 15 16 17 18 19 20 21 22 23 24 25 26 27 28 29 30 31,-1.0,
base,active,,647008.0,648208.0,0 1,-1.0,
base,active,,647744.0,648944.0,32 33 34 35 36 37 38 39 40 41 42 43 44 45 46 47 48 49 50 51 52 53 54 55 56 57 58 59 60 61 62 63,-1.0,
base,switching_off,,648196.0,649996.0,2 3 4 5 6 7 8 9 10 11 12 13 14 15 16 17 18 19 20 21 22 23 24 25 26 27 28 29 30 31,-2.0,
base,switching_off,,648208.0,650008.0,0 1,-2.0,
base,switching_off,,648944.0,650744.0,32 33 34 35 36 37 38 39 40 41 42 43 44 45 46 47 48 49 50 51 52 53 54 55 56 57 58 59 60 61 62 63,-2.0,
base,sleeping,,649996.0,653912.0,2 3 4 5 6 7 8 9 10 11 12 13 14 15 16 17 18 19 20 21 22 23 24 25 26 27 28 29 30 31,-4.0,
base,sleeping,,650008.0,653912.0,0 1,-4.0,
base,sleeping,,650744.0,653912.0,32 33 34 35 36 37 38 39 40 41 42 43 44 45 46 47 48 49 50 51 52 53 54 55 56 57 58 59 60 61 62 63,-4.0,
base,active,,653908.0,656612.0,64 65 66 67 68 69 70 71 72 73 74 75 76 77 78 79 80 81 82 83 84 85 86 87 88 89 90 91 92 93 94 95 96 97 98 99 100 101 102 103 104 105 106 107 108 109 110 111 112 113 114 115 116 117 118 119 120 121 122 123 124 125 126 127,-1.0,
base,switching_on,,653912.0,656612.0,0 1 2 3 4 5 6 7 8 9 10 11 12 13 14 15 16 17 18 19 20 21 22 23 24 25 26 27 28 29 30 31 32 33 34 35 36 37 38 39 40 41 42 43 44 45 46 47 48 49 50 51 52 53 54 55 56 57 58 59 60 61 62 63,-3.0,
base,active,653912.0,656612.0,656710.0,0 1 2 3 4 5 6 7 8 9 10 11 12 13 14 15 16 17 18 19 20 21 22 23 24 25 26 27 28 29 30 31 32 33 34 35 36 37 38 39 40 41 42 43 44 45 46 47 48 49 50 51 52 53 54 55 56 57 58 59 60 61 62 63 64 65 66 67 68 69 70 71 72 73 74 75 76 77 78 79 80 81 82 83 84 85 86 87 88 89 90 91 92 93 94 95 96 97 98 99 100 101 102 103 104 105 106 107 108 109 110 111 112 113 114 115 116 117 118 119 120 121 122 123 124 125 126 127,38652.0,False
base,active,,656710.0,657910.0,0 1 2 3 4 5 6 7 8 9 10 11 12 13 14 15 16 17 18 19 20 21 22 23 24 25 26 27 28 29 30 31 32 33 34 35 36 37 38 39 40 41 42 43 44 45 46 47 48 49 50 51 52 53 54 55 56 57 58 59 60 61 62 63 64 65 66 67 68 69 70 71 72 73 74 75 76 77 78 79 80 81 82 83 84 85 86 87 88 89 90 91 92 93 94 95 96 97 98 99 100 101 102 103 104 105 106 107 108 109 110 111 112 113 114 115 116 117 118 119 120 121 122 123 124 125 126 127,-1.0,
base,switching_off,,657910.0,659710.0,0 1 2 3 4 5 6 7 8 9 10 11 12 13 14 15 16 17 18 19 20 21 22 23 24 25 26 27 28 29 30 31 32 33 34 35 36 37 38 39 40 41 42 43 44 45 46 47 48 49 50 51 52 53 54 55 56 57 58 59 60 61 62 63 64 65 66 67 68 69 70 71 72 73 74 75 76 77 78 79 80 81 82 83 84 85 86 87 88 89 90 91 92 93 94 95 96 97 98 99 100 101 102 103 104 105 106 107 108 109 110 111 112 113 114 115 116 117 118 119 120 121 122 123 124 125 126 127,-2.0,
base,sleeping,,659710.0,666483.0,0,-4.0,
base,sleeping,,659710.0,678361.0,1 2 3 4 5 6 7 8 9 10 11 12 13 14 15 16 17 18 19 20 21 22 23 24 25 26 27 28 29 30 31 32 33 34 35 36 37 38 39 40 41 42 43 44 45 46 47 48 49 50 51 52 53 54 55 56 57 58 59 60 61 62 63 64,-4.0,
base,sleeping,,659710.0,683622.0,65,-4.0,
base,sleeping,,659710.0,691208.0,66 67 68 69 70 71 72 73 74 75 76 77 78 79 80 81 82 83 84 85 86 87 88 89 90 91 92 93 94 95 96 97 98 99 100 101 102 103 104 105 106 107 108 109 110 111 112 113 114 115 116 117 118 119 120 121 122 123 124 125 126 127,-4.0,
base,switching_on,,666483.0,669183.0,0,-3.0,
base,active,666483.0,669183.0,669186.0,0,38654.0,False
base,active,,669186.0,670386.0,0,-1.0,
base,switching_off,,670386.0,672186.0,0,-2.0,
base,sleeping,,672186.0,678129.0,0,-4.0,
base,switching_on,,678129.0,680829.0,0,-3.0,
base,switching_on,,678361.0,681061.0,1 2 3 4 5 6 7 8 9 10 11 12 13 14 15 16 17 18 19 20 21 22 23 24 25 26 27 28 29 30 31 32 33 34 35 36 37 38 39 40 41 42 43 44 45 46 47 48 49 50 51 52 53 54 55 56 57 58 59 60 61 62 63 64,-3.0,
base,active,678129.0,680829.0,680845.0,0,38761.0,False
base,active,,680845.0,682045.0,0,-1.0,
base,active,678361.0,681061.0,691189.0,1 2 3 4 5 6 7 8 9 10 11 12 13 14 15 16 17 18 19 20 21 22 23 24 25 26 27 28 29 30 31 32 33 34 35 36 37 38 39 40 41 42 43 44 45 46 47 48 49 50 51 52 53 54 55 56 57 58 59 60 61 62 63 64,38762.0,False
base,switching_off,,682045.0,683845.0,0,-2.0,
base,switching_on,,683622.0,686322.0,65,-3.0,
base,sleeping,,683845.0,688492.0,0,-4.0,
base,active,683622.0,686322.0,686345.0,65,38807.0,False
base,active,,686345.0,687545.0,65,-1.0,
base,switching_off,,687545.0,689345.0,65,-2.0,
base,switching_on,,688492.0,691192.0,0,-3.0,
base,sleeping,,689345.0,691208.0,65,-4.0,
base,active,690268.0,691189.0,691205.0,64,38845.0,False
base,active,,691189.0,693908.0,1 2 3 4 5 6 7 8 9 10 11 12 13 14 15 16 17 18 19 20 21 22 23 24 25 26 27 28 29 30 31 32 33 34 35 36 37 38 39 40 41 42 43 44 45 46 47 48 49 50 51 52 53 54 55 56 57 58 59 60 61 62 63,-1.0,
base,active,688492.0,691192.0,691208.0,0,38835.0,False
base,active,,691205.0,693908.0,64,-1.0,
base,active,,691208.0,693908.0,0,-1.0,
base,switching_on,,691208.0,693908.0,65 66 67 68 69 70 71 72 73 74 75 76 77 78 79 80 81 82 83 84 85 86 87 88 89 90 91 92 93 94 95 96 97 98 99 100 101 102 103 104 105 106 107 108 109 110 111 112 113 114 115 116 117 118 119 120 121 122 123 124 125 126 127,-3.0,
base,active,690104.0,693908.0,694003.0,0 1 2 3 4 5 6 7 8 9 10 11 12 13 14 15 16 17 18 19 20 21 22 23 24 25 26 27 28 29 30 31 32 33 34 35 36 37 38 39 40 41 42 43 44 45 46 47 48 49 50 51 52 53 54 55 56 57 58 59 60 61 62 63 64 65 66 67 68 69 70 71 72 73 74 75 76 77 78 79 80 81 82 83 84 85 86 87 88 89 90 91 92 93 94 95 96 97 98 99 100 101 102 103 104 105 106 107 108 109 110 111 112 113 114 115 116 117 118 119 120 121 122 123 124 125 126 127,38844.0,False
base,active,690409.0,694003.0,694095.0,0 1 2 3 4 5 6 7 8 9 10 11 12 13 14 15 16 17 18 19 20 21 22 23 24 25 26 27 28 29 30 31 32 33 34 35 36 37 38 39 40 41 42 43 44 45 46 47 48 49 50 51 52 53 54 55 56 57 58 59 60 61 62 63 64 65 66 67 68 69 70 71 72 73 74 75 76 77 78 79 80 81 82 83 84 85 86 87 88 89 90 91 92 93 94 95 96 97 98 99 100 101 102 103 104 105 106 107 108 109 110 111 112 113 114 115 116 117 118 119 120 121 122 123 124 125 126 127,38846.0,False
base,active,692176.0,694095.0,694107.0,0,38855.0,False
base,active,692731.0,694095.0,694117.0,65,38858.0,False
base,active,,694095.0,694117.0,66 67 68 69 70 71 72 73 74 75 76 77 78 79 80 81 82 83 84 85 86 87 88 89 90 91 92 93 94 95 96 97 98 99 100 101 102 103 104 105 106 107 108 109 110 111 112 113 114 115 116 117 118 119 120 121 122 123 124 125 126 127,-1.0,
base,active,692226.0,694095.0,694592.0,1 2 3 4 5 6 7 8 9 10 11 12 13 14 15 16 17 18 19 20 21 22 23 24 25 26 27 28 29 30 31 32 33 34 35 36 37 38 39 40 41 42 43 44 45 46 47 48 49 50 51 52 53 54 55 56 57 58 59 60 61 62 63 64,38856.0,False
base,active,,694107.0,694117.0,0,-1.0,
base,active,692786.0,694117.0,695631.0,0 65 66 67 68 69 70 71 72 73 74 75 76 77 78 79 80 81 82 83 84 85 86 87 88 89 90 91 92 93 94 95 96 97 98 99 100 101 102 103 104 105 106 107 108 109 110 111 112 113 114 115 116 117 118 119 120 121 122 123 124 125 126 127,38859.0,False
base,active,694322.0,694592.0,704693.0,1 2 3 4 5 6 7 8 9 10 11 12 13 14 15 16 17 18 19 20 21 22 23 24 25 26 27 28 29 30 31 32 33 34 35 36 37 38 39 40 41 42 43 44 45 46 47 48 49 50 51 52 53 54 55 56 57 58 59 60 61 62 63 64,38867.0,False
base,active,,695631.0,696831.0,0 65 66 67 68 69 70 71 72 73 74 75 76 77 78 79 80 81 82 83 84 85 86 87 88 89 90 91 92 93 94 95 96 97 98 99 100 101 102 103 104 105 106 107 108 109 110 111 112 113 114 115 116 117 118 119 120 121 122 123 124 125 126 127,-1.0,
base,switching_off,,696831.0,698631.0,0 65 66 67 68 69 70 71 72 73 74 75 76 77 78 79 80 81 82 83 84 85 86 87 88 89 90 91 92 93 94 95 96 97 98 99 100 101 102 103 104 105 106 107 108 109 110 111 112 113 114 115 116 117 118 119 120 121 122 123 124 125 126 127,-2.0,
base,sleeping,,698631.0,700923.0,0,-4.0,
base,sleeping,,698631.0,703293.0,65 66 67 68 69 70 71 72 73 74 75 76 77 78 79 80 81 82 83 84 85 86 87 88 89 90 91 92 93 94 95 96,-4.0,
base,sleeping,,698631.0,703321.0,97 98 99 100 101 102 103 104,-4.0,
base,sleeping,,698631.0,710036.0,105 106 107,-4.0,
base,sleeping,,698631.0,710038.0,108 109 110 111 112 113 114 115,-4.0,
base,sleeping,,698631.0,710056.0,116,-4.0,
base,sleeping,,698631.0,712742.0,117 118 119 120,-4.0,
base,sleeping,,698631.0,712743.0,121 122 123 124 125 126 127,-4.0,
base,switching_on,,700923.0,703623.0,0,-3.0,
base,switching_on,,703293.0,705993.0,65 66 67 68 69 70 71 72 73 74 75 76 77 78 79 80 81 82 83 84 85 86 87 88 89 90 91 92 93 94 95 96,-3.0,
base,switching_on,,703321.0,706021.0,97 98 99 100 101 102 103 104,-3.0,
base,active,700923.0,703623.0,703626.0,0,38895.0,False
base,active,,703626.0,703692.0,0,-1.0,
base,active,703692.0,703692.0,703714.0,0,38907.0,False
base,active,,703714.0,704425.0,0,-1.0,
base,active,704425.0,704425.0,704442.0,0,38913.0,False
base,active,,704442.0,704693.0,0,-1.0,
base,active,,704693.0,705635.0,64,-1.0,
base,active,704507.0,704693.0,719752.0,0 1 2 3 4 5 6 7 8 9 10 11 12 13 14 15 16 17 18 19 20 21 22 23 24 25 26 27 28 29 30 31 32 33 34 35 36 37 38 39 40 41 42 43 44 45 46 47 48 49 50 51 52 53 54 55 56 57 58 59 60 61 62 63,38915.0,False
base,active,705635.0,705635.0,705639.0,64,38918.0,False
base,active,,705639.0,706522.0,64,-1.0,
base,active,703293.0,705993.0,706090.0,65 66 67 68 69 70 71 72 73 74 75 76 77 78 79 80 81 82 83 84 85 86 87 88 89 90 91 92 93 94 95 96,38905.0,False
base,active,703321.0,706021.0,706091.0,97 98 99 100 101 102 103 104,38906.0,False
base,active,,706090.0,707290.0,65 66 67 68 69 70 71 72 73 74 75 76 77 78 79 80 81 82 83 84 85 86 87 88 89 90 91 92 93 94 95 96,-1.0,
base,active,,706091.0,707291.0,97 98 99 100 101 102 103 104,-1.0,
base,active,706522.0,706522.0,706526.0,64,38920.0,False
base,active,,706526.0,707726.0,64,-1.0,
base,switching_off,,707290.0,709090.0,65 66 67 68 69 70 71 72 73 74 75 76 77 78 79 80 81 82 83 84 85 86 87 88 89 90 91 92 93 94 95 96,-2.0,
base,switching_off,,707291.0,709091.0,97 98 99 100 101 102 103 104,-2.0,
base,switching_off,,707726.0,709526.0,64,-2.0,
base,sleeping,,709090.0,710029.0,65 66 67 68 69 70 71 72 73 74 75 76 77 78 79,-4.0,
base,sleeping,,709090.0,710031.0,80 81 82 83,-4.0,
base,sleeping,,709090.0,710032.0,84 85 86 87,-4.0,
base,sleeping,,709090.0,710035.0,88 89 90 91,-4.0,
base,sleeping,,709090.0,710036.0,92 93 94 95 96,-4.0,
base,sleeping,,709091.0,710036.0,97 98 99 100 101 102 103 104,-4.0,
base,sleeping,,709526.0,710029.0,64,-4.0,
base,switching_on,,710029.0,712729.0,64 65 66 67 68 69 70 71 72 73 74 75 76 77 78 79,-3.0,
base,switching_on,,710031.0,712731.0,80 81 82 83,-3.0,
base,switching_on,,710032.0,712732.0,84 85 86 87,-3.0,
base,switching_on,,710035.0,712735.0,88 89 90 91,-3.0,
base,switching_on,,710036.0,712736.0,92 93 94 95 96 97 98 99 100 101 102 103 104 105 106 107,-3.0,
base,switching_on,,710038.0,712738.0,108 109 110 111 112 113 114 115,-3.0,
base,switching_on,,710056.0,712756.0,116,-3.0,
base,active,710029.0,712729.0,712742.0,64 65 66 67 68 69 70 71 72 73 74 75 76 77 78 79,38935.0,False
base,active,710031.0,712731.0,712742.0,80 81 82 83,38936.0,False
base,active,710032.0,712732.0,712742.0,84 85 86 87,38937.0,False
base,active,710035.0,712735.0,712743.0,88 89 90 91,38938.0,False
base,active,710036.0,712736.0,712743.0,92 93 94 95 96 97 98 99 100 101 102 103 104 105 106 107,38939.0,False
base,active,710038.0,712738.0,712744.0,108 109 110 111 112 113 114 115,38940.0,False
base,active,710285.0,712742.0,712789.0,84 85 86 87,38944.0,False
base,active,710282.0,712742.0,712791.0,64 65 66 67 68 69 70 71 72 73 74 75 76 77 78 79,38942.0,False
base,active,710283.0,712742.0,712791.0,80 81 82 83,38943.0,False
base,switching_on,,712742.0,715442.0,117 118 119 120,-3.0,
base,active,710290.0,712743.0,712786.0,88 89 90 91 92 93 94 95 96 97 98 99 100 101 102 103,38946.0,False
base,active,,712743.0,712789.0,105 106 107,-1.0,
base,active,,712743.0,715443.0,104,-1.0,
base,switching_on,,712743.0,715443.0,121 122 123 124 125 126 127,-3.0,
base,active,,712744.0,712789.0,108 109 110 111 112 113 114 115,-1.0,
base,active,710056.0,712756.0,712760.0,116,38941.0,False
base,active,,712760.0,712789.0,116,-1.0,
base,active,,712786.0,712789.0,88 89 90 91 92 93 94 95 96 97 98 99 100 101 102 103,-1.0,
base,active,711090.0,712789.0,713366.0,84 85 86 87 88 89 90 91 92 93 94 95 96 97 98 99 100 101 102 103 105 106 107 108 109 110 111 112 113 114 115 116,38950.0,False
base,active,711119.0,712791.0,713340.0,64 65 66 67 68 69 70 71,38951.0,False
base,active,,712791.0,713366.0,72 73 74 75 76 77 78 79 80 81 82 83,-1.0,
base,active,,713340.0,713366.0,64 65 66 67 68 69 70 71,-1.0,
base,active,711734.0,713366.0,713464.0,96 97 98 99 100 101 102 103,38958.0,False
base,active,711689.0,713366.0,713510.0,64 65 66 67 68 69 70 71 72 73 74 75 76 77 78 79 80 81 82 83 84 85 86 87 88 89 90 91 92 93 94 95,38957.0,False
base,active,,713366.0,713833.0,105 106 107 108 109 110 111 112 113 114 115 116,-1.0,
base,active,,713464.0,713833.0,96 97 98 99 100 101 102 103,-1.0,
base,active,,713510.0,713833.0,64 65 66 67 68 69 70 71 72 73 74 75,-1.0,
base,active,,713510.0,713890.0,76 77 78 79 80 81 82 83,-1.0,
base,active,,713510.0,714710.0,84 85 86 87 88 89 90 91 92 93 94 95,-1.0,
base,active,713833.0,713833.0,713995.0,64 65 66 67 68 69 70 71 72 73 74 75 96 97 98 99 100 101 102 103 105 106 107 108 109 110 111 112 113 114 115 116,38966.0,False
base,active,713890.0,713890.0,713996.0,76 77 78 79 80 81 82 83,38967.0,False
base,active,,713995.0,714949.0,64 65 66 67 68 69 70 71 72 73 74 75 96 97 98 99,-1.0,
base,active,,713995.0,714950.0,100 101 102 103,-1.0,
base,active,,713995.0,714952.0,105 106 107 108,-1.0,
base,active,,713995.0,714954.0,109 110 111 112,-1.0,
base,active,,713995.0,714960.0,113 114 115 116,-1.0,
base,active,,713996.0,714960.0,76 77 78 79 80 81 82 83,-1.0,
base,switching_off,,714710.0,716510.0,84 85 86 87 88 89 90 91 92 93 94 95,-2.0,
base,active,714949.0,714949.0,714961.0,64 65 66 67 68 69 70 71 72 73 74 75 96 97 98 99,38972.0,False
base,active,714950.0,714950.0,714962.0,100 101 102 103,38973.0,False
base,active,714952.0,714952.0,714960.0,105 106 107 108,38974.0,False
base,active,714954.0,714954.0,714960.0,109 110 111 112,38975.0,False
base,active,,714960.0,714961.0,109 110 111 112,-1.0,
base,active,714955.0,714960.0,714966.0,76 77 78 79 80 81 82 83 105 106 107 108 113 114 115 116,38976.0,False
base,active,714957.0,714961.0,714965.0,64 65 66 67 109 110 111 112,38977.0,False
base,active,,714961.0,715244.0,68 69 70 71 72 73 74 75 96 97 98 99,-1.0,
base,active,,714962.0,715244.0,100 101 102 103,-1.0,
base,active,,714965.0,715246.0,64 65 66 67,-1.0,
base,active,,714965.0,715247.0,109 110 111 112,-1.0,
base,active,,714966.0,715249.0,76 77 78 79,-1.0,
base,active,,714966.0,715340.0,80 81 82 83 105 106 107 108 113 114 115 116,-1.0,
base,active,715244.0,715244.0,715343.0,68 69 70 71 72 73 74 75 96 97 98 99 100 101 102 103,38981.0,False
base,active,715246.0,715246.0,715340.0,64 65 66 67,38982.0,False
base,active,715247.0,715247.0,715341.0,109 110 111 112,38983.0,False
base,active,715249.0,715249.0,715342.0,76 77 78 79,38984.0,False
base,active,715251.0,715340.0,715431.0,64 65 66 67 80 81 82 83 105 106 107 108 113 114 115 116,38985.0,False
base,active,,715341.0,715342.0,109 110 111 112,-1.0,
base,active,715252.0,715342.0,715433.0,76 77 78 79 109 110 111 112,38986.0,False
base,active,,715343.0,715431.0,68 69 70 71 72 73 74 75 96 97 98 99 100 101 102 103,-1.0,
base,active,715360.0,715431.0,715566.0,64 65 66 67 68 69 70 71 72 73 74 75 80 81 82 83 96 97 98 99 100 101 102 103 105 106 107 108 113 114 115 116,38987.0,False
base,active,715385.0,715433.0,715543.0,76 77 78 79 109 110 111 112,38988.0,False
base,active,710287.0,715442.0,715487.0,117 118 119 120,38945.0,False
base,active,710292.0,715443.0,715484.0,104 121 122 123 124 125 126 127,38947.0,False
base,active,,715484.0,716022.0,104,-1.0,
base,active,,715484.0,716684.0,121 122 123 124 125 126 127,-1.0,
base,active,,715487.0,716687.0,117 118 119 120,-1.0,
base,active,,715543.0,716743.0,76 77 78 79 109 110 111 112,-1.0,
base,active,,715566.0,716766.0,64 65 66 67 68 69 70 71 72 73 74 75 80 81 82 83 96 97 98 99 100 101 102 103 105 106 107 108 113 114 115 116,-1.0,
base,active,716022.0,716022.0,716036.0,104,38990.0,False
base,active,,716036.0,717236.0,104,-1.0,
base,sleeping,,716510.0,718566.0,84 85 86 87 88 89 90 91 92 93 94 95,-4.0,
base,switching_off,,716684.0,718484.0,121 122 123 124 125 126 127,-2.0,
base,switching_off,,716687.0,718487.0,117 118 119 120,-2.0,
base,switching_off,,716743.0,718543.0,76 77 78 79 109 110 111 112,-2.0,
base,switching_off,,716766.0,718566.0,64 65 66 67 68 69 70 71 72 73 74 75 80 81 82 83 96 97 98 99 100 101 102 103 105 106 107 108 113 114 115 116,-2.0,
base,switching_off,,717236.0,719036.0,104,-2.0,
base,sleeping,,718484.0,719752.0,121 122 123 124 125 126 127,-4.0,
base,sleeping,,718487.0,719752.0,117 118 119 120,-4.0,
base,sleeping,,718543.0,718566.0,76 77 78 79,-4.0,
base,sleeping,,718543.0,719752.0,109 110 111 112,-4.0,
base,sleeping,,718566.0,719752.0,105 106 107 108 113 114 115 116,-4.0,
base,switching_on,,718566.0,721266.0,64 65 66 67 68 69 70 71 72 73 74 75 76 77 78 79 80 81 82 83 84 85 86 87 88 89 90 91 92 93 94 95 96 97 98 99 100 101 102 103,-3.0,
base,sleeping,,719036.0,719752.0,104,-4.0,
base,active,719569.0,719752.0,719766.0,56,39011.0,False
base,active,718305.0,719752.0,719875.0,32 33 34 35 36 37 38 39,39003.0,False
base,active,718276.0,719752.0,719903.0,0 1 2 3 4 5 6 7 8 9 10 11 12 13 14 15 16 17 18 19 20 21 22 23 24 25 26 27 28 29 30 31,39002.0,False
base,active,718610.0,719752.0,720043.0,48 49 50 51 52 53 54 55,39009.0,False
base,active,,719752.0,720952.0,57 58 59 60 61 62 63,-1.0,
base,active,,719752.0,722452.0,40 41 42 43 44 45 46 47,-1.0,
base,switching_on,,719752.0,722452.0,104 105 106 107 108 109 110 111 112 113 114 115 116 117 118 119 120 121 122 123 124 125 126 127,-3.0,
base,active,,719766.0,720966.0,56,-1.0,
base,active,,719875.0,721075.0,32 33 34 35 36 37 38 39,-1.0,
base,active,,719903.0,721103.0,0 1 2 3 4 5 6 7 8 9 10 11 12 13 14 15 16 17 18 19 20 21 22 23 24 25 26 27 28 29 30 31,-1.0,
base,active,,720043.0,721243.0,48 49 50 51 52 53 54 55,-1.0,
base,switching_off,,720952.0,722752.0,57 58 59 60 61 62 63,-2.0,
base,switching_off,,720966.0,722766.0,56,-2.0,
base,switching_off,,721075.0,722875.0,32 33 34 35 36 37 38 39,-2.0,
base,switching_off,,721103.0,722903.0,0 1 2 3 4 5 6 7 8 9 10 11 12 13 14 15 16 17 18 19 20 21 22 23 24 25 26 27 28 29 30 31,-2.0,
base,switching_off,,721243.0,723043.0,48 49 50 51 52 53 54 55,-2.0,
base,active,717302.0,721266.0,721374.0,96 97 98 99 100 101 102 103,38998.0,False
base,active,717272.0,721266.0,721405.0,64 65 66 67 68 69 70 71 72 73 74 75 76 77 78 79 80 81 82 83 84 85 86 87 88 89 90 91 92 93 94 95,38997.0,False
base,active,,721374.0,722574.0,96 97 98 99 100 101 102 103,-1.0,
base,active,,721405.0,722605.0,64 65 66 67 68 69 70 71 72 73 74 75 76 77 78 79 80 81 82 83 84 85 86 87 88 89 90 91 92 93 94 95,-1.0,
base,active,718577.0,722452.0,722775.0,40 41 42 43 44 45 46 47 104 105 106 107 108 109 110 111 112 113 114 115 116 117 118 119 120 121 122 123 124 125 126 127,39007.0,False
base,switching_off,,722574.0,724374.0,96 97 98 99 100 101 102 103,-2.0,
base,switching_off,,722605.0,724405.0,64 65 66 67 68 69 70 71 72 73 74 75 76 77 78 79 80 81 82 83 84 85 86 87 88 89 90 91 92 93 94 95,-2.0,
base,sleeping,,722752.0,722931.0,57 58 59 60 61 62 63,-4.0,
base,sleeping,,722766.0,722931.0,56,-4.0,
base,active,,722775.0,722929.0,40 41 42 43 44 45 46 47 104 105 106 107 108 109 110 111,-1.0,
base,active,,722775.0,725631.0,112 113 114 115 116 117 118 119 120 121 122 123 124 125 126 127,-1.0,
base,sleeping,,722875.0,722931.0,32 33 34 35 36 37 38 39,-4.0,
base,sleeping,,722903.0,722931.0,0 1 2 3 4 5 6 7 8 9 10 11 12 13 14 15 16 17 18 19 20 21 22 23 24 25 26 27 28 29 30 31,-4.0,
base,active,722929.0,722929.0,727474.0,40 41 42 43 44 45 46 47 104 105 106 107 108 109 110 111,39026.0,False
base,switching_on,,722931.0,725631.0,0 1 2 3 4 5 6 7 8 9 10 11 12 13 14 15 16 17 18 19 20 21 22 23 24 25 26 27 28 29 30 31 32 33 34 35 36 37 38 39 56 57 58 59 60 61 62 63,-3.0,
base,sleeping,,723043.0,726962.0,48,-4.0,
base,sleeping,,723043.0,733130.0,49 50 51 52 53 54 55,-4.0,
base,sleeping,,724374.0,733130.0,96 97 98 99 100 101 102 103,-4.0,
base,sleeping,,724405.0,733130.0,64 65 66 67 68 69 70 71 72 73 74 75 76 77 78 79 80 81 82 83 84 85 86 87 88 89 90 91 92 93 94 95,-4.0,
base,active,722931.0,725631.0,735829.0,0 1 2 3 4 5 6 7 8 9 10 11 12 13 14 15 16 17 18 19 20 21 22 23 24 25 26 27 28 29 30 31 32 33 34 35 36 37 38 39 56 57 58 59 60 61 62 63 112 113 114 115 116 117 118 119 120 121 122 123 124 125 126 127,39027.0,False
base,switching_on,,726962.0,729662.0,48,-3.0,
base,active,,727474.0,728674.0,40 41 42 43 44 45 46 47 104 105 106 107 108 109 110 111,-1.0,
base,switching_off,,728674.0,730474.0,40 41 42 43 44 45 46 47 104 105 106 107 108 109 110 111,-2.0,
base,active,726962.0,729662.0,729677.0,48,39043.0,False
base,active,,729677.0,730877.0,48,-1.0,
base,sleeping,,730474.0,733130.0,40 41 42 43 44 45 46 47 104 105 106 107 108 109 110 111,-4.0,
base,switching_off,,730877.0,732677.0,48,-2.0,
base,sleeping,,732677.0,733130.0,48,-4.0,
base,switching_on,,733130.0,735830.0,40 41 42 43 44 45 46 47 48 49 50 51 52 53 54 55 64 65 66 67 68 69 70 71 72 73 74 75 76 77 78 79 80 81 82 83 84 85 86 87 88 89 90 91 92 93 94 95 96 97 98 99 100 101 102 103 104 105 106 107 108 109 110 111,-3.0,
base,active,,735829.0,737029.0,0 1 2 3 4 5 6 7 8 9 10 11 12 13 14 15 16 17 18 19 20 21 22 23 24 25 26 27 28 29 30 31 32 33 34 35 36 37 38 39 56 57 58 59 60 61 62 63 112 113 114 115 116 117 118 119 120 121 122 123 124 125 126 127,-1.0,
base,active,733130.0,735830.0,740665.0,40 41 42 43 44 45 46 47 48 49 50 51 52 53 54 55 64 65 66 67 68 69 70 71 72 73 74 75 76 77 78 79 80 81 82 83 84 85 86 87 88 89 90 91 92 93 94 95 96 97 98 99 100 101 102 103 104 105 106 107 108 109 110 111,39070.0,False
base,switching_off,,737029.0,738829.0,0 1 2 3 4 5 6 7 8 9 10 11 12 13 14 15 16 17 18 19 20 21 22 23 24 25 26 27 28 29 30 31 32 33 34 35 36 37 38 39 56 57 58 59 60 61 62 63 112 113 114 115 116 117 118 119 120 121 122 123 124 125 126 127,-2.0,
base,sleeping,,738829.0,740665.0,1 2,-4.0,
base,switching_on,,738829.0,741529.0,0,-3.0,
base,sleeping,,738829.0,759205.0,3 4 5 6 7 8 9 10 11 12 13 14 15 16 17 18 19 20 21 22 23 24 25 26 27 28 29 30 31 32 33 34 35 36 37 38 39 56 57 58 59 60 61 62 63,-4.0,
base,sleeping,,738829.0,762175.0,112 113 114 115 116 117 118 119 120 121 122 123 124 125 126 127,-4.0,
base,switching_on,,740665.0,743365.0,1 2,-3.0,
base,active,737974.0,740665.0,750841.0,40 41 42 43 44 45 46 47 48 49 50 51 52 53 54 55 64 65 66 67 68 69 70 71 72 73 74 75 76 77 78 79 80 81 82 83 84 85 86 87 88 89 90 91 92 93 94 95 96 97 98 99 100 101 102 103 104 105 106 107 108 109 110 111,39094.0,False
base,active,737849.0,741529.0,741541.0,0,39093.0,False
base,active,,741541.0,742741.0,0,-1.0,
base,switching_off,,742741.0,744541.0,0,-2.0,
base,active,739281.0,743365.0,743466.0,1,39095.0,False
base,active,739459.0,743365.0,743504.0,2,39096.0,False
base,active,,743466.0,744666.0,1,-1.0,
base,active,,743504.0,744704.0,2,-1.0,
base,sleeping,,744541.0,759205.0,0,-4.0,
base,switching_off,,744666.0,746466.0,1,-2.0,
base,switching_off,,744704.0,746504.0,2,-2.0,
base,sleeping,,746466.0,759205.0,1,-4.0,
base,sleeping,,746504.0,759205.0,2,-4.0,
base,active,,750841.0,752041.0,40 41 42 43 44 45 46 47 48 49 50 51 52 53 54 55 64 65 66 67 68 69 70 71 72 73 74 75 76 77 78 79 80 81 82 83 84 85 86 87 88 89 90 91 92 93 94 95 96 97 98 99 100 101 102 103 104 105 106 107 108 109 110 111,-1.0,
base,switching_off,,752041.0,753841.0,40 41 42 43 44 45 46 47 48 49 50 51 52 53 54 55 64 65 66 67 68 69 70 71 72 73 74 75 76 77 78 79 80 81 82 83 84 85 86 87 88 89 90 91 92 93 94 95 96 97 98 99 100 101 102 103 104 105 106 107 108 109 110 111,-2.0,
base,sleeping,,753841.0,759205.0,40 41 42 43 44 45 46 47 48 49 50 51 52 53 54 55,-4.0,
base,sleeping,,753841.0,759341.0,64 65 66 67 68 69 70 71 72 73 74 75 76 77 78 79 80 81 82 83 84 85 86 87 88 89 90 91 92 93 94 95,-4.0,
base,sleeping,,753841.0,759370.0,96 97 98 99 100 101 102 103,-4.0,
base,sleeping,,753841.0,762174.0,104 105 106 107 108 109 110 111,-4.0,
base,switching_on,,759205.0,761905.0,0 1 2 3 4 5 6 7 8 9 10 11 12 13 14 15 16 17 18 19 20 21 22 23 24 25 26 27 28 29 30 31 32 33 34 35 36 37 38 39 40 41 42 43 44 45 46 47 48 49 50 51 52 53 54 55 56 57 58 59 60 61 62 63,-3.0,
base,switching_on,,759341.0,762041.0,64 65 66 67 68 69 70 71 72 73 74 75 76 77 78 79 80 81 82 83 84 85 86 87 88 89 90 91 92 93 94 95,-3.0,
base,switching_on,,759370.0,762070.0,96 97 98 99 100 101 102 103,-3.0,
base,active,759205.0,761905.0,776982.0,0 1 2 3 4 5 6 7 8 9 10 11 12 13 14 15 16 17 18 19 20 21 22 23 24 25 26 27 28 29 30 31 32 33 34 35 36 37 38 39 40 41 42 43 44 45 46 47 48 49 50 51 52 53 54 55 56 57 58 59 60 61 62 63,39097.0,False
base,active,759341.0,762041.0,762174.0,64 65 66 67 68 69 70 71 72 73 74 75 76 77 78 79 80 81 82 83 84 85 86 87 88 89 90 91 92 93 94 95,39098.0,False
base,active,759370.0,762070.0,762175.0,96 97 98 99 100 101 102 103,39099.0,False
base,active,759584.0,762174.0,762295.0,64 65 66 67 68 69 70 71 72 73 74 75 76 77 78 79 80 81 82 83 84 85 86 87 88 89 90 91 92 93 94 95,39100.0,False
base,switching_on,,762174.0,764874.0,104 105 106 107 108 109 110 111,-3.0,
base,active,,762175.0,762295.0,96 97 98 99 100 101 102 103,-1.0,
base,switching_on,,762175.0,764875.0,112 113 114 115 116 117 118 119 120 121 122 123 124 125 126 127,-3.0,
base,active,760407.0,762295.0,762476.0,64 65 66 67 68 69 70 71 72 73 74 75 76 77 78 79 80 81 82 83 84 85 86 87 96 97 98 99 100 101 102 103,39102.0,False
base,active,,762295.0,762476.0,88 89 90 91 92 93 94 95,-1.0,
base,active,760955.0,762476.0,762600.0,64 65 66 67 68 69 70 71 72 73 74 75 76 77 78 79 80 81 82 83 84 85 86 87 88 89 90 91 92 93 94 95,39104.0,False
base,active,,762476.0,763676.0,96 97 98 99 100 101 102 103,-1.0,
base,active,,762600.0,763800.0,64 65 66 67 68 69 70 71 72 73 74 75 76 77 78 79 80 81 82 83 84 85 86 87 88 89 90 91 92 93 94 95,-1.0,
base,switching_off,,763676.0,765476.0,96 97 98 99 100 101 102 103,-2.0,
base,switching_off,,763800.0,765600.0,64 65 66 67 68 69 70 71 72 73 74 75 76 77 78 79 80 81 82 83 84 85 86 87 88 89 90 91 92 93 94 95,-2.0,
base,active,759607.0,764874.0,764972.0,104 105 106 107 108 109 110 111,39101.0,False
base,active,760981.0,764875.0,764974.0,120 121 122 123 124 125 126 127,39105.0,False
base,active,760439.0,764875.0,765024.0,112 113 114 115 116 117 118 119,39103.0,False
base,active,,764972.0,766172.0,104 105 106 107 108 109 110 111,-1.0,
base,active,,764974.0,766174.0,120 121 122 123 124 125 126 127,-1.0,
base,active,,765024.0,766224.0,112 113 114 115 116 117 118 119,-1.0,
base,sleeping,,765476.0,773759.0,96 97,-4.0,
base,sleeping,,765476.0,773890.0,98 99 100 101 102 103,-4.0,
base,sleeping,,765600.0,768592.0,64,-4.0,
base,sleeping,,765600.0,770021.0,65,-4.0,
base,sleeping,,765600.0,772580.0,66 67 68 69 70 71 72 73,-4.0,
base,sleeping,,765600.0,773113.0,74 75 76 77 78 79 80 81,-4.0,
base,sleeping,,765600.0,773356.0,82 83 84 85 86 87 88 89,-4.0,
base,sleeping,,765600.0,773759.0,90 91 92 93 94 95,-4.0,
base,switching_off,,766172.0,767972.0,104 105 106 107 108 109 110 111,-2.0,
base,switching_off,,766174.0,767974.0,120 121 122 123 124 125 126 127,-2.0,
base,switching_off,,766224.0,768024.0,112 113 114 115 116 117 118 119,-2.0,
base,sleeping,,767972.0,773890.0,104 105,-4.0,
base,sleeping,,767972.0,774428.0,106 107 108 109 110 111,-4.0,
base,sleeping,,767974.0,774515.0,120 121,-4.0,
base,sleeping,,767974.0,774647.0,122 123 124 125 126 127,-4.0,
base,sleeping,,768024.0,774428.0,112 113,-4.0,
base,sleeping,,768024.0,774515.0,114 115 116 117 118 119,-4.0,
base,switching_on,,768592.0,771292.0,64,-3.0,
base,switching_on,,770021.0,772721.0,65,-3.0,
base,active,768592.0,771292.0,771308.0,64,39124.0,False
base,active,,771308.0,772248.0,64,-1.0,
base,active,772248.0,772248.0,772355.0,64,39140.0,False
base,active,,772355.0,772407.0,64,-1.0,
base,active,772407.0,772407.0,772428.0,64,39144.0,False
base,active,,772428.0,772496.0,64,-1.0,
base,active,772496.0,772496.0,772514.0,64,39146.0,False
base,active,,772514.0,773183.0,64,-1.0,
base,switching_on,,772580.0,775280.0,66 67 68 69 70 71 72 73,-3.0,
base,active,770021.0,772721.0,772736.0,65,39131.0,False
base,active,,772736.0,773489.0,65,-1.0,
base,switching_on,,773113.0,775813.0,74 75 76 77 78 79 80 81,-3.0,
base,active,773183.0,773183.0,773203.0,64,39151.0,False
base,active,,773203.0,774184.0,64,-1.0,
base,switching_on,,773356.0,776056.0,82 83 84 85 86 87 88 89,-3.0,
base,active,773489.0,773489.0,773523.0,65,39153.0,False
base,active,,773523.0,774266.0,65,-1.0,
base,switching_on,,773759.0,776459.0,90 91 92 93 94 95 96 97,-3.0,
base,switching_on,,773890.0,776590.0,98 99 100 101 102 103 104 105,-3.0,
base,active,774184.0,774184.0,774216.0,64,39162.0,False
base,active,,774216.0,774291.0,64,-1.0,
base,active,774266.0,774266.0,774292.0,65,39163.0,False
base,active,774291.0,774291.0,774307.0,64,39165.0,False
base,active,,774292.0,774320.0,65,-1.0,
base,active,,774307.0,774624.0,64,-1.0,
base,active,774320.0,774320.0,774362.0,65,39166.0,False
base,active,,774362.0,777347.0,65,-1.0,
base,switching_on,,774428.0,777128.0,106 107 108 109 110 111 112 113,-3.0,
base,switching_on,,774515.0,777215.0,114 115 116 117 118 119 120 121,-3.0,
base,active,774624.0,774624.0,774629.0,64,39169.0,False
base,active,,774629.0,777347.0,64,-1.0,
base,switching_on,,774647.0,777347.0,122 123 124 125 126 127,-3.0,
base,active,772580.0,775280.0,775300.0,66 67 68 69 70 71 72 73,39148.0,False
base,active,774951.0,775300.0,775303.0,66,39172.0,False
base,active,775006.0,775300.0,775303.0,68,39174.0,False
base,active,774962.0,775300.0,775304.0,67,39173.0,False
base,active,,775300.0,775304.0,69 70 71 72 73,-1.0,
base,active,,775303.0,775304.0,66 68,-1.0,
base,active,775055.0,775304.0,775367.0,66 67 68 69 70 71 72 73,39175.0,False
base,active,775140.0,775367.0,775460.0,66 67 68 69 70 71 72 73,39176.0,False
base,active,,775460.0,775483.0,66,-1.0,
base,active,,775460.0,775562.0,67,-1.0,
base,active,,775460.0,776660.0,68 69 70 71 72 73,-1.0,
base,active,775483.0,775483.0,775490.0,66,39178.0,False
base,active,,775490.0,776690.0,66,-1.0,
base,active,775562.0,775562.0,775566.0,67,39179.0,False
base,active,,775566.0,776766.0,67,-1.0,
base,active,773113.0,775813.0,775852.0,74 75 76 77 78 79 80 81,39150.0,False
base,active,,775852.0,777052.0,74 75 76 77 78 79 80 81,-1.0,
base,active,773356.0,776056.0,776158.0,82 83 84 85 86 87 88 89,39152.0,False
base,active,,776158.0,777358.0,82 83 84 85 86 87 88 89,-1.0,
base,active,773759.0,776459.0,776505.0,90 91 92 93 94 95 96 97,39155.0,False
base,active,,776505.0,777705.0,90 91 92 93 94 95 96 97,-1.0,
base,active,773890.0,776590.0,776730.0,98 99 100 101 102 103 104 105,39156.0,False
base,switching_off,,776660.0,778460.0,68 69 70 71 72 73,-2.0,
base,switching_off,,776690.0,778490.0,66,-2.0,
base,active,,776730.0,777930.0,98 99 100 101 102 103 104 105,-1.0,
base,switching_off,,776766.0,778566.0,67,-2.0,
base,active,,776982.0,777936.0,0,-1.0,
base,active,,776982.0,777961.0,1 2 3 4 5 6 7 8 9 10 11 12 13 14 15 16 17 18 19 20 21 22 23 24 25 26 27 28 29 30 31 32 33 34 35 36 37 38 39 40 41 42 43 44 45 46 47 48 49 50 51 52 53 54 55 56 57 58 59 60 61 62 63,-1.0,
base,switching_off,,777052.0,778852.0,74 75 76 77 78 79 80 81,-2.0,
base,active,774428.0,777128.0,777149.0,106 107 108 109 110 111 112 113,39167.0,False
base,active,,777149.0,777961.0,106,-1.0,
base,active,,777149.0,778064.0,107,-1.0,
base,active,,777149.0,778349.0,108 109 110 111 112 113,-1.0,
base,active,774515.0,777215.0,777239.0,114 115 116 117 118 119 120 121,39168.0,False
base,active,,777239.0,778439.0,114 115 116 117 118 119 120 121,-1.0,
base,active,774647.0,777347.0,777377.0,64 65 122 123 124 125 126 127,39170.0,False
base,switching_off,,777358.0,779158.0,82 83 84 85 86 87 88 89,-2.0,
base,active,,777377.0,778577.0,64 65 122 123 124 125 126 127,-1.0,
base,switching_off,,777705.0,779505.0,90 91 92 93 94 95 96 97,-2.0,
base,switching_off,,777930.0,779730.0,98 99 100 101 102 103 104 105,-2.0,
base,active,777936.0,777936.0,777963.0,0,39195.0,False
base,active,777961.0,777961.0,780657.0,1 2 3 4 5 6 7 8 9 10 11 12 13 14 15 16 17 18 19 20 21 22 23 24 25 26 27 28 29 30 31 32 33 34 35 36 37 38 39 40 41 42 43 44 45 46 47 48 49 50 51 52 53 54 55 56 57 58 59 60 61 62 63 106,39196.0,False
base,active,,777963.0,779163.0,0,-1.0,
base,active,778064.0,778064.0,778081.0,107,39197.0,False
base,active,,778081.0,779281.0,107,-1.0,
base,switching_off,,778349.0,780149.0,108 109 110 111 112 113,-2.0,
base,switching_off,,778439.0,780239.0,114 115 116 117 118 119 120 121,-2.0,
base,sleeping,,778460.0,783673.0,68 69 70 71 72 73,-4.0,
base,sleeping,,778490.0,783673.0,66,-4.0,
base,sleeping,,778566.0,783673.0,67,-4.0,
base,switching_off,,778577.0,780377.0,64 65 122 123 124 125 126 127,-2.0,
base,sleeping,,778852.0,783673.0,74 75 76 77 78 79 80 81,-4.0,
base,sleeping,,779158.0,783673.0,82 83 84 85 86 87 88 89,-4.0,
base,switching_off,,779163.0,780963.0,0,-2.0,
base,switching_off,,779281.0,781081.0,107,-2.0,
base,sleeping,,779505.0,783673.0,90 91 92 93 94 95 96 97,-4.0,
base,sleeping,,779730.0,783673.0,98 99 100 101 102 103 104 105,-4.0,
base,sleeping,,780149.0,783673.0,108 109 110 111 112 113,-4.0,
base,sleeping,,780239.0,783673.0,114 115 116 117 118 119 120 121,-4.0,
base,sleeping,,780377.0,783673.0,64 65 122 123 124 125 126 127,-4.0,
base,active,,780657.0,780659.0,1,-1.0,
base,active,,780657.0,781857.0,2 3 4 5 6 7 8 9 10 11 12 13 14 15 16 17 18 19 20 21 22 23 24 25 26 27 28 29 30 31 32 33 34 35 36 37 38 39 40 41 42 43 44 45 46 47 48 49 50 51 52 53 54 55 56 57 58 59 60 61 62 63 106,-1.0,
base,active,780659.0,780659.0,780673.0,1,39207.0,False
base,active,,780673.0,781873.0,1,-1.0,
base,sleeping,,780963.0,783673.0,0,-4.0,
base,sleeping,,781081.0,783673.0,107,-4.0,
base,switching_off,,781857.0,783657.0,2 3 4 5 6 7 8 9 10 11 12 13 14 15 16 17 18 19 20 21 22 23 24 25 26 27 28 29 30 31 32 33 34 35 36 37 38 39 40 41 42 43 44 45 46 47 48 49 50 51 52 53 54 55 56 57 58 59 60 61 62 63 106,-2.0,
base,switching_off,,781873.0,783673.0,1,-2.0,
base,sleeping,,783657.0,783673.0,2 3 4 5 6 7 8 9 10 11 12 13 14 15 16 17 18 19 20 21 22 23 24 25 26 27 28 29 30 31 32 33 34 35 36 37 38 39 40 41 42 43 44 45 46 47 48 49 50 51 52 53 54 55 56 57 58 59 60 61 62 63 106,-4.0,
base,switching_on,,783673.0,786373.0,0 1 2 3 4 5 6 7 8 9 10 11 12 13 14 15 16 17 18 19 20 21 22 23 24 25 26 27 28 29 30 31 32 33 34 35 36 37 38 39 40 41 42 43 44 45 46 47 48 49 50 51 52 53 54 55 56 57 58 59 60 61 62 63 64 65 66 67 68 69 70 71 72 73 74 75 76 77 78 79 80 81 82 83 84 85 86 87 88 89 90 91 92 93 94 95 96 97 98 99 100 101 102 103 104 105 106 107 108 109 110 111 112 113 114 115 116 117 118 119 120 121 122 123 124 125 126 127,-3.0,
base,active,783368.0,786373.0,786469.0,0 1 2 3 4 5 6 7 8 9 10 11 12 13 14 15 16 17 18 19 20 21 22 23 24 25 26 27 28 29 30 31 32 33 34 35 36 37 38 39 40 41 42 43 44 45 46 47 48 49 50 51 52 53 54 55 56 57 58 59 60 61 62 63 64 65 66 67 68 69 70 71 72 73 74 75 76 77 78 79 80 81 82 83 84 85 86 87 88 89 90 91 92 93 94 95 96 97 98 99 100 101 102 103 104 105 106 107 108 109 110 111 112 113 114 115 116 117 118 119 120 121 122 123 124 125 126 127,39220.0,False
base,active,784048.0,786469.0,787797.0,0 1 2 3 4 5 6 7 8 9 10 11 12 13 14 15 16 17 18 19 20 21 22 23 24 25 26 27 28 29 30 31 32 33 34 35 36 37 38 39 40 41 42 43 44 45 46 47 48 49 50 51 52 53 54 55 56 57 58 59 60 61 62 63,39222.0,False
base,active,785403.0,786469.0,787872.0,64 65 66 67 68 69 70 71 72 73 74 75 76 77 78 79 80 81 82 83 84 85 86 87 88 89 90 91 92 93 94 95 96 97 98 99 100 101 102 103 104 105 106 107 108 109 110 111 112 113 114 115 116 117 118 119 120 121 122 123 124 125 126 127,39229.0,False
base,active,786808.0,787797.0,787812.0,0,39237.0,False
base,active,,787797.0,787872.0,1 2 3 4 5 6 7 8 9 10 11 12 13 14 15 16 17 18 19 20 21 22 23 24 25 26 27 28 29 30 31 32 33 34 35 36 37 38 39 40 41 42 43 44 45 46 47 48 49 50 51 52 53 54 55 56 57 58 59 60 61 62 63,-1.0,
base,active,,787812.0,787872.0,0,-1.0,
base,active,787724.0,787872.0,787963.0,0 1 2 3 4 5 6 7 8 9 10 11 12 13 14 15 16 17 18 19 20 21 22 23 24 25 26 27 28 29 30 31 32 33 34 35 36 37 38 39 40 41 42 43 44 45 46 47 48 49 50 51 52 53 54 55 56 57 58 59 60 61 62 63 64 65 66 67 68 69 70 71 72 73 74 75 76 77 78 79 80 81 82 83 84 85 86 87 88 89 90 91 92 93 94 95 96 97 98 99 100 101 102 103 104 105 106 107 108 109 110 111 112 113 114 115 116 117 118 119 120 121 122 123 124 125 126 127,39240.0,False
base,active,,787963.0,788165.0,0 1 2 3 4 5 6 7 8 9 10 11 12 13 14 15 16 17 18 19 20 21 22 23 24 25 26 27 28 29 30 31 32 33 34 35 36 37 38 39 40 41 42 43 44 45 46 47 48 49 50 51 52 53 54 55 56 57 58 59 60 61 62 63,-1.0,
base,active,,787963.0,789163.0,64 65 66 67 68 69 70 71 72 73 74 75 76 77 78 79 80 81 82 83 84 85 86 87 88 89 90 91 92 93 94 95 96 97 98 99 100 101 102 103 104 105 106 107 108 109 110 111 112 113 114 115 116 117 118 119 120 121 122 123 124 125 126 127,-1.0,
base,active,788165.0,788165.0,790565.0,0 1 2 3 4 5 6 7 8 9 10 11 12 13 14 15 16 17 18 19 20 21 22 23 24 25 26 27 28 29 30 31 32 33 34 35 36 37 38 39 40 41 42 43 44 45 46 47 48 49 50 51 52 53 54 55 56 57 58 59 60 61 62 63,39243.0,False
base,switching_off,,789163.0,790963.0,64 65 66 67 68 69 70 71 72 73 74 75 76 77 78 79 80 81 82 83 84 85 86 87 88 89 90 91 92 93 94 95 96 97 98 99 100 101 102 103 104 105 106 107 108 109 110 111 112 113 114 115 116 117 118 119 120 121 122 123 124 125 126 127,-2.0,
base,active,789267.0,790565.0,790625.0,0,39251.0,False
base,active,,790565.0,790625.0,1 2 3 4 5 6 7 8 9 10 11 12 13 14 15 16 17 18 19 20 21 22 23 24 25 26 27 28 29 30 31 32 33 34 35 36 37 38 39 40 41 42 43 44 45 46 47 48 49 50 51 52 53 54 55 56 57 58 59 60 61 62 63,-1.0,
base,active,790592.0,790625.0,791179.0,0 1 2 3 4 5 6 7 8 9 10 11 12 13 14 15 16 17 18 19 20 21 22 23 24 25 26 27 28 29 30 31 32 33 34 35 36 37 38 39 40 41 42 43 44 45 46 47 48 49 50 51 52 53 54 55 56 57 58 59 60 61 62 63,39260.0,False
base,sleeping,,790963.0,802422.0,64,-4.0,
base,sleeping,,790963.0,809329.0,65 66 67 68 69 70 71 72 73 74 75 76 77 78 79 80 81 82 83 84 85 86 87 88 89 90 91 92 93 94 95 96 97 98 99 100 101 102 103 104 105 106 107 108 109 110 111 112 113 114 115 116 117 118 119 120 121 122 123 124 125 126 127,-4.0,
base,active,,791179.0,792016.0,0 1 2 3 4 5 6 7 8 9 10 11 12 13 14 15 16 17 18 19 20 21 22 23 24 25 26 27 28 29 30 31 32 33 34 35 36 37 38 39 40 41 42 43 44 45 46 47 48 49 50 51 52 53 54 55 56 57 58 59 60 61 62 63,-1.0,
base,active,792016.0,792016.0,796318.0,0 1 2 3 4 5 6 7 8 9 10 11 12 13 14 15 16 17 18 19 20 21 22 23 24 25 26 27 28 29 30 31 32 33 34 35 36 37 38 39 40 41 42 43 44 45 46 47 48 49 50 51 52 53 54 55 56 57 58 59 60 61 62 63,39265.0,False
base,active,,796318.0,796319.0,0,-1.0,
base,active,,796318.0,796400.0,1 2 3 4 5 6 7 8 9 10 11 12 13 14 15 16 17 18 19 20 21 22 23 24 25 26 27 28 29 30 31 32 33 34 35 36 37 38 39 40 41 42 43 44 45 46 47 48 49 50 51 52 53 54 55 56 57 58 59 60 61 62 63,-1.0,
base,active,796319.0,796319.0,796334.0,0,39266.0,False
base,active,,796334.0,796400.0,0,-1.0,
base,active,796400.0,796400.0,808299.0,0 1 2 3 4 5 6 7 8 9 10 11 12 13 14 15 16 17 18 19 20 21 22 23 24 25 26 27 28 29 30 31 32 33 34 35 36 37 38 39 40 41 42 43 44 45 46 47 48 49 50 51 52 53 54 55 56 57 58 59 60 61 62 63,39267.0,False
base,switching_on,,802422.0,805122.0,64,-3.0,
base,active,802422.0,805122.0,805146.0,64,39268.0,False
base,active,,805146.0,806346.0,64,-1.0,
base,switching_off,,806346.0,808146.0,64,-2.0,
base,sleeping,,808146.0,808168.0,64,-4.0,
base,switching_on,,808168.0,810868.0,64,-3.0,
base,active,,808299.0,808302.0,0,-1.0,
base,active,,808299.0,809328.0,1 2 3 4 5 6 7 8 9 10 11 12 13 14 15 16,-1.0,
base,active,,808299.0,809499.0,18 19 20 21 22 23 24 25 26 27 28 29 30 31 32 33 34 35 36 37 38 39 40 41 42 43 44 45 46 47 48 49 50 51 52 53 54 55 56 57 58 59 60 61 62 63,-1.0,
base,active,,808299.0,812029.0,17,-1.0,
base,active,808302.0,808302.0,808321.0,0,39270.0,False
base,active,,808321.0,809521.0,0,-1.0,
base,active,809328.0,809328.0,820252.0,1 2 3 4 5 6 7 8 9 10 11 12 13 14 15 16,39271.0,False
base,switching_on,,809329.0,812029.0,65 66 67 68 69 70 71 72 73 74 75 76 77 78 79 80 81 82 83 84 85 86 87 88 89 90 91 92 93 94 95 96 97 98 99 100 101 102 103 104 105 106 107 108 109 110 111 112 113 114 115 116 117 118 119 120 121 122 123 124 125 126 127,-3.0,
base,switching_off,,809499.0,811299.0,18 19 20 21 22 23 24 25 26 27 28 29 30 31 32 33 34 35 36 37 38 39 40 41 42 43 44 45 46 47 48 49 50 51 52 53 54 55 56 57 58 59 60 61 62 63,-2.0,
base,switching_off,,809521.0,811321.0,0,-2.0,
base,active,808168.0,810868.0,810883.0,64,39269.0,False
base,active,,810883.0,810919.0,64,-1.0,
base,active,810919.0,810919.0,810924.0,64,39273.0,False
base,active,,810924.0,812124.0,64,-1.0,
base,sleeping,,811299.0,823252.0,18 19 20 21 22 23 24 25 26 27 28 29 30 31 32 33 34 35 36 37 38 39 40 41 42 43 44 45 46 47 48 49 50 51 52 53 54 55 56 57 58 59 60 61 62 63,-4.0,
base,sleeping,,811321.0,823252.0,0,-4.0,
base,active,809329.0,812029.0,822953.0,17 65 66 67 68 69 70 71 72 73 74 75 76 77 78 79 80 81 82 83 84 85 86 87 88 89 90 91 92 93 94 95 96 97 98 99 100 101 102 103 104 105 106 107 108 109 110 111 112 113 114 115 116 117 118 119 120 121 122 123 124 125 126 127,39272.0,False
base,switching_off,,812124.0,813924.0,64,-2.0,
base,sleeping,,813924.0,823252.0,64,-4.0,
base,active,,820252.0,821452.0,1 2 3 4 5 6 7 8 9 10 11 12 13 14 15 16,-1.0,
base,switching_off,,821452.0,823252.0,1 2 3 4 5 6 7 8 9 10 11 12 13 14 15 16,-2.0,
base,active,,822953.0,825952.0,17 65 66 67 68 69 70 71 72 73 74 75 76 77 78 79 80 81 82 83 84 85 86 87 88 89 90 91 92 93 94 95 96 97 98 99 100 101 102 103 104 105 106 107 108 109 110 111 112 113 114 115 116 117 118 119 120 121 122 123 124 125 126 127,-1.0,
base,switching_on,,823252.0,825952.0,0 1 2 3 4 5 6 7 8 9 10 11 12 13 14 15 16 18 19 20 21 22 23 24 25 26 27 28 29 30 31 32 33 34 35 36 37 38 39 40 41 42 43 44 45 46 47 48 49 50 51 52 53 54 55 56 57 58 59 60 61 62 63 64,-3.0,
base,active,822566.0,825952.0,826039.0,0 1 2 3 4 5 6 7 8 9 10 11 12 13 14 15 16 17 18 19 20 21 22 23 24 25 26 27 28 29 30 31 32 33 34 35 36 37 38 39 40 41 42 43 44 45 46 47 48 49 50 51 52 53 54 55 56 57 58 59 60 61 62 63 64 65 66 67 68 69 70 71 72 73 74 75 76 77 78 79 80 81 82 83 84 85 86 87 88 89 90 91 92 93 94 95 96 97 98 99 100 101 102 103 104 105 106 107 108 109 110 111 112 113 114 115 116 117 118 119 120 121 122 123 124 125 126 127,39279.0,False
base,active,,826039.0,827239.0,0 1 2 3 4 5 6 7 8 9 10 11 12 13 14 15 16 17 18 19 20 21 22 23 24 25 26 27 28 29 30 31 32 33 34 35 36 37 38 39 40 41 42 43 44 45 46 47 48 49 50 51 52 53 54 55 56 57 58 59 60 61 62 63 64 65 66 67 68 69 70 71 72 73 74 75 76 77 78 79 80 81 82 83 84 85 86 87 88 89 90 91 92 93 94 95 96 97 98 99 100 101 102 103 104 105 106 107 108 109 110 111 112 113 114 115 116 117 118 119 120 121 122 123 124 125 126 127,-1.0,
base,switching_off,,827239.0,829039.0,0 1 2 3 4 5 6 7 8 9 10 11 12 13 14 15 16 17 18 19 20 21 22 23 24 25 26 27 28 29 30 31 32 33 34 35 36 37 38 39 40 41 42 43 44 45 46 47 48 49 50 51 52 53 54 55 56 57 58 59 60 61 62 63 64 65 66 67 68 69 70 71 72 73 74 75 76 77 78 79 80 81 82 83 84 85 86 87 88 89 90 91 92 93 94 95 96 97 98 99 100 101 102 103 104 105 106 107 108 109 110 111 112 113 114 115 116 117 118 119 120 121 122 123 124 125 126 127,-2.0,
base,sleeping,,829039.0,851460.0,0 1 2 3,-4.0,
base,sleeping,,829039.0,851760.0,4 5 6 7 8 9 10 11,-4.0,
base,sleeping,,829039.0,851945.0,12 13,-4.0,
base,sleeping,,829039.0,852323.0,14 15 16 17 18 19 20 21 22 23 24 25 26 27 28 29,-4.0,
base,sleeping,,829039.0,852779.0,30 31 32 33 34 35 36 37 38 39 40 41 42 43 44 45 46 47 48 49 50 51 52 53 54 55 56 57 58 59 60 61,-4.0,
base,sleeping,,829039.0,853137.0,62 63 64 65 66 67 68 69 70 71 72 73 74 75 76 77 78 79 80 81 82 83 84 85 86 87 88 89 90 91 92 93,-4.0,
base,sleeping,,829039.0,853160.0,94 95 96 97 98 99 100 101,-4.0,
base,sleeping,,829039.0,853287.0,102 103 104 105,-4.0,
base,sleeping,,829039.0,853694.0,106 107 108 109,-4.0,
base,sleeping,,829039.0,854692.0,110 111 112 113 114 115 116 117 118 119 120 121 122 123 124 125 126 127,-4.0,
base,switching_on,,851460.0,854160.0,0 1 2 3,-3.0,
base,switching_on,,851760.0,854460.0,4 5 6 7 8 9 10 11,-3.0,
base,switching_on,,851945.0,854645.0,12 13,-3.0,
base,switching_on,,852323.0,855023.0,14 15 16 17 18 19 20 21 22 23 24 25 26 27 28 29,-3.0,
base,switching_on,,852779.0,855479.0,30 31 32 33 34 35 36 37 38 39 40 41 42 43 44 45 46 47 48 49 50 51 52 53 54 55 56 57 58 59 60 61,-3.0,
base,switching_on,,853137.0,855837.0,62 63 64 65 66 67 68 69 70 71 72 73 74 75 76 77 78 79 80 81 82 83 84 85 86 87 88 89 90 91 92 93,-3.0,
base,switching_on,,853160.0,855860.0,94 95 96 97 98 99 100 101,-3.0,
base,switching_on,,853287.0,855987.0,102 103 104 105,-3.0,
base,switching_on,,853694.0,856394.0,106 107 108 109,-3.0,
base,active,851460.0,854160.0,854210.0,0 1 2 3,39514.0,False
base,active,,854210.0,857392.0,0 1 2 3,-1.0,
base,active,851760.0,854460.0,854521.0,4 5 6 7 8 9 10 11,39516.0,False
base,active,,854521.0,857392.0,4 5 6 7 8 9 10 11,-1.0,
base,active,851945.0,854645.0,854692.0,12 13,39519.0,False
base,active,,854692.0,857392.0,12 13,-1.0,
base,switching_on,,854692.0,857392.0,110 111 112 113 114 115 116 117 118 119 120 121 122 123 124 125 126 127,-3.0,
base,active,852323.0,855023.0,855381.0,14 15 16 17 18 19 20 21 22 23 24 25 26 27 28 29,39523.0,False
base,active,854873.0,855381.0,855392.0,14 15 16 17 18 19 20 21 22 23 24 25 26 27 28 29,39537.0,False
base,active,854879.0,855392.0,855396.0,18 19 20 21,39540.0,False
base,active,855246.0,855392.0,855398.0,14 15 16 17,39545.0,False
base,active,854877.0,855392.0,855401.0,22 23 24 25,39539.0,False
base,active,854874.0,855392.0,855403.0,26 27 28 29,39538.0,False
base,active,855247.0,855396.0,855402.0,18 19 20 21,39546.0,False
base,active,855249.0,855398.0,855403.0,14 15 16 17,39547.0,False
base,active,855360.0,855401.0,855430.0,22 23 24 25,39550.0,False
base,active,855362.0,855402.0,855429.0,18 19 20 21,39551.0,False
base,active,855363.0,855403.0,855429.0,26 27 28 29,39552.0,False
base,active,,855403.0,855453.0,14 15 16 17,-1.0,
base,active,855366.0,855429.0,855453.0,18 19 20 21 26 27 28 29,39554.0,False
base,active,,855430.0,855453.0,22 23 24 25,-1.0,
base,active,854881.0,855453.0,855455.0,14 15 16 17 18 19 20 21 22 23 24 25 26 27 28 29,39541.0,False
base,active,855244.0,855455.0,855467.0,14 15 16 17 18 19 20 21 22 23 24 25 26 27 28 29,39544.0,False
base,active,855250.0,855467.0,855472.0,14 15 16 17 18 19 20 21 22 23 24 25 26 27 28 29,39548.0,False
base,active,855359.0,855472.0,855504.0,14 15 16 17 18 19 20 21 22 23 24 25 26 27 28 29,39549.0,False
base,active,852779.0,855479.0,856730.0,30 31 32 33 34 35 36 37 38 39 40 41 42 43 44 45 46 47 48 49 50 51 52 53 54 55 56 57 58 59 60 61,39526.0,False
base,active,855365.0,855504.0,855529.0,14 15 16 17 18 19 20 21 22 23 24 25 26 27 28 29,39553.0,False
base,active,,855529.0,855607.0,14 15 16 17 18 19 20 21 22 23 24 25 26 27 28 29,-1.0,
base,active,855607.0,855607.0,855682.0,14 15 16 17 18 19 20 21 22 23 24 25 26 27 28 29,39555.0,False
base,active,,855682.0,855719.0,17,-1.0,
base,active,855613.0,855682.0,855749.0,18 19 20 21,39558.0,False
base,active,,855682.0,855749.0,14 15 16,-1.0,
base,active,855611.0,855682.0,855750.0,22 23 24 25,39557.0,False
base,active,855609.0,855682.0,855752.0,26 27 28 29,39556.0,False
base,active,855719.0,855719.0,855744.0,17,39561.0,False
base,active,,855744.0,855749.0,17,-1.0,
base,active,855617.0,855749.0,855813.0,14 15 16 17 18 19 20 21,39560.0,False
base,active,,855750.0,855780.0,22 23 24 25,-1.0,
base,active,,855752.0,855780.0,26 27 28 29,-1.0,
base,active,855780.0,855780.0,855787.0,22 23 24 25 26 27 28 29,39564.0,False
base,active,855782.0,855787.0,855793.0,22 23 24 25 26 27 28 29,39565.0,False
base,active,855783.0,855793.0,855799.0,22 23 24 25 26 27 28 29,39566.0,False
base,active,,855799.0,855813.0,22 23 24 25 26 27 28 29,-1.0,
base,active,855615.0,855813.0,855879.0,14 15 16 17 18 19 20 21 22 23 24 25 26 27 28 29,39559.0,False
base,active,853137.0,855837.0,856445.0,62 63 64 65 66 67 68 69 70 71 72 73 74 75 76 77 78 79 80 81 82 83 84 85 86 87 88 89 90 91 92 93,39528.0,False
base,active,853160.0,855860.0,856446.0,94 95 96 97 98 99 100 101,39529.0,False
base,active,,855879.0,855910.0,22 23 24 25 26 27 28 29,-1.0,
base,active,,855879.0,855912.0,14 15 16 17 18 19 20 21,-1.0,
base,active,855910.0,855910.0,855918.0,22 23 24 25 26 27 28 29,39570.0,False
base,active,855912.0,855912.0,855919.0,14 15 16 17 18 19 20 21,39571.0,False
base,active,855915.0,855918.0,855923.0,22 23 24 25 26 27 28 29,39572.0,False
base,active,,855919.0,856445.0,14 15 16 17 18 19 20 21,-1.0,
base,active,,855923.0,856445.0,22 23 24 25 26 27 28 29,-1.0,
base,active,853287.0,855987.0,856361.0,102 103 104 105,39530.0,False
base,active,,856361.0,856445.0,102 103 104 105,-1.0,
base,active,853694.0,856394.0,858009.0,106 107 108 109,39532.0,False
base,active,,856445.0,856730.0,82 83 84 85 86 87 88 89 90 91 92 93,-1.0,
base,active,854334.0,856445.0,861545.0,74 75 76 77 78 79 80 81,39535.0,False
base,active,854258.0,856445.0,861621.0,14 15 16 17 18 19 20 21 22 23 24 25 26 27 28 29 62 63 64 65 66 67 68 69 70 71 72 73 102 103 104 105,39534.0,False
base,active,,856446.0,856730.0,94 95 96 97 98 99 100 101,-1.0,
base,active,854967.0,856730.0,857471.0,30 31 32 33 34 35 36 37 38 39 40 41 82 83 84 85 86 87 88 89 90 91 92 93 94 95 96 97 98 99 100 101,39542.0,False
base,active,,856730.0,857471.0,42 43 44 45 46 47 48 49 50 51 52 53 54 55 56 57 58 59 60 61,-1.0,
base,active,854199.0,857392.0,858082.0,0 1 2 3 4 5 6 7 8 9 10 11 12 13 110 111 112 113 114 115 116 117 118 119 120 121 122 123 124 125 126 127,39533.0,False
base,active,855779.0,857471.0,857479.0,30 31 32 33 34 35 36 37 38 39 40 41 42 43 44 45 46 47 48 49 50 51 52 53 54 55 56 57 58 59 60 61,39563.0,False
base,active,,857471.0,857479.0,82 83 84 85 86 87 88 89 90 91 92 93 94 95 96 97 98 99 100 101,-1.0,
base,active,855785.0,857479.0,857484.0,30 31 32 33 34 35 36 37 38 39 40 41 82 83 84 85 86 87 88 89 90 91 92 93 94 95 96 97 98 99 100 101,39567.0,False
base,active,,857479.0,857484.0,42 43 44 45 46 47 48 49 50 51 52 53 54 55 56 57 58 59 60 61,-1.0,
base,active,,857484.0,858082.0,82 83 84 85 86 87 88 89 90 91 92 93 94 95 96 97 98 99 100 101,-1.0,
base,active,855808.0,857484.0,861110.0,30 31 32 33 34 35 36 37 38 39 40 41 42 43 44 45 46 47 48 49 50 51 52 53 54 55 56 57 58 59 60 61,39568.0,False
base,active,,858009.0,858082.0,106 107 108 109,-1.0,
base,active,856818.0,858082.0,858087.0,117 118 119 120 121 122 123 124,39583.0,False
base,active,,858082.0,858087.0,127,-1.0,
base,active,856816.0,858082.0,858088.0,13 110 111 112 113 114 115 116,39582.0,False
base,active,855907.0,858082.0,858093.0,0 1 2 3 4 5 6 7 82 83 84 85 86 87 88 89 90 91 92 93 94 95 96 97 98 99 100 101 106 107 108 109,39569.0,False
base,active,857812.0,858082.0,858103.0,126,39596.0,False
base,active,856427.0,858082.0,858108.0,8,39578.0,False
base,active,857748.0,858082.0,858126.0,125,39595.0,False
base,active,856814.0,858082.0,858144.0,9 10 11 12,39581.0,False
base,active,,858087.0,858088.0,124,-1.0,
base,active,857057.0,858087.0,858136.0,117 118 119 127,39585.0,False
base,active,857838.0,858087.0,859683.0,120 121 122 123,39597.0,False
base,active,857132.0,858088.0,858093.0,13 110 111 112 113 114 115 124,39587.0,False
base,active,,858088.0,858093.0,116,-1.0,
base,active,857133.0,858093.0,858098.0,108 109 110 111 112 113 114 115,39588.0,False
base,active,,858093.0,858098.0,124,-1.0,
base,active,855996.0,858093.0,858824.0,0 1 2 3 4 5 6 7 13 82 83 84 85 86 87 88 89 90 91 92 93 94 95 96 97 98 99 100 101 106 107 116,39573.0,False
base,active,857135.0,858098.0,858102.0,108 109 110 111 112 113 114 124,39589.0,False
base,active,,858098.0,858102.0,115,-1.0,
base,active,,858102.0,858103.0,124,-1.0,
base,active,857452.0,858102.0,858110.0,108 109 110 111 112 113 114 115,39591.0,False
base,active,857861.0,858103.0,859676.0,124 126,39598.0,False
base,active,,858108.0,858110.0,8,-1.0,
base,active,857454.0,858110.0,858114.0,8 108 109 110 111 112 113 114,39592.0,False
base,active,,858110.0,858114.0,115,-1.0,
base,active,857456.0,858114.0,858117.0,8 108 109 110 111 112 113 115,39593.0,False
base,active,,858114.0,858824.0,114,-1.0,
base,active,,858117.0,858824.0,8 108 109 110 111 112 113 115,-1.0,
base,active,,858126.0,858824.0,125,-1.0,
base,active,,858136.0,858824.0,117 118 119 127,-1.0,
base,active,,858144.0,858824.0,9 10 11 12,-1.0,
base,active,856812.0,858824.0,858833.0,0 1 2 3 4 5 6 7 8 9 10 11 12 13 82 83 84 85 86 108 109 110 111 112 113 114 115 117 118 119 125 127,39580.0,False
base,active,,858824.0,858833.0,87 88 89 90 91 92 93 94 95 96 97 98 99 100 101 106 107 116,-1.0,
base,active,857130.0,858833.0,858840.0,0 1 2 3 4 5 6 7 8 9 10 11 12 13 87 88 89 90 91 92 93 94 95 96 97 98 99 100 101 106 107 116,39586.0,False
base,active,,858833.0,858840.0,82 83 84 85 86 108 109 110 111 112 113 114 115 117 118 119 125 127,-1.0,
base,active,857451.0,858840.0,858849.0,0 1 2 3 4 5 6 7 8 9 10 11 12 13 82 83 84 85 86 108 109 110 111 112 113 114 115 117 118 119 125 127,39590.0,False
base,active,,858840.0,858849.0,87 88 89 90 91 92 93 94 95 96 97 98 99 100 101 106 107 116,-1.0,
base,active,857882.0,858849.0,859271.0,0 1 2 3 4 5 6 7 8 9 10 11 12 13 87 88 89 90 91 92 93 94 95 96 97 98 99 100 101 106 107 116,39599.0,False
base,active,,858849.0,860049.0,82 83 84 85 86 108 109 110 111 112 113 114 115 117 118 119 125 127,-1.0,
base,active,,859271.0,860471.0,0 1 2 3 4 5 6 7 8 9 10 11 12 13 87 88 89 90 91 92 93 94 95 96 97 98 99 100 101 106 107 116,-1.0,
base,active,,859676.0,860876.0,124 126,-1.0,
base,active,,859683.0,860883.0,120 121 122 123,-1.0,
base,switching_off,,860049.0,861849.0,82 83 84 85 86 108 109 110 111 112 113 114 115 117 118 119 125 127,-2.0,
base,switching_off,,860471.0,862271.0,0 1 2 3 4 5 6 7 8 9 10 11 12 13 87 88 89 90 91 92 93 94 95 96 97 98 99 100 101 106 107 116,-2.0,
base,switching_off,,860876.0,862676.0,124 126,-2.0,
base,switching_off,,860883.0,862683.0,120 121 122 123,-2.0,
base,active,,861110.0,862310.0,30 31 32 33 34 35 36 37 38 39 40 41 42 43 44 45 46 47 48 49 50 51 52 53 54 55 56 57 58 59 60 61,-1.0,
base,active,,861545.0,862745.0,74 75 76 77 78 79 80 81,-1.0,
base,active,,861621.0,862821.0,14 15 16 17 18 19 20 21 22 23 24 25 26 27 28 29 62 63 64 65 66 67 68 69 70 71 72 73 102 103 104 105,-1.0,
base,sleeping,,861849.0,863202.0,82 83 84 85 86,-4.0,
base,sleeping,,861849.0,864621.0,108 109 110 111 112 113 114 115 117 118 119,-4.0,
base,sleeping,,861849.0,866251.0,125,-4.0,
base,sleeping,,861849.0,866545.0,127,-4.0,
base,sleeping,,862271.0,863188.0,0,-4.0,
base,sleeping,,862271.0,863202.0,1 2 3 4 5 6 7 8 9 10 11 12 13 87 88 89 90 91 92 93 94 95 96 97 98 99 100,-4.0,
base,sleeping,,862271.0,864621.0,101 106 107 116,-4.0,
base,switching_off,,862310.0,864110.0,30 31 32 33 34 35 36 37 38 39 40 41 42 43 44 45 46 47 48 49 50 51 52 53 54 55 56 57 58 59 60 61,-2.0,
base,sleeping,,862676.0,864621.0,124,-4.0,
base,sleeping,,862676.0,866545.0,126,-4.0,
base,sleeping,,862683.0,864621.0,120 121 122 123,-4.0,
base,switching_off,,862745.0,864545.0,74 75 76 77 78 79 80 81,-2.0,
base,switching_off,,862821.0,864621.0,14 15 16 17 18 19 20 21 22 23 24 25 26 27 28 29 62 63 64 65 66 67 68 69 70 71 72 73 102 103 104 105,-2.0,
base,switching_on,,863188.0,865888.0,0,-3.0,
base,switching_on,,863202.0,865902.0,1 2 3 4 5 6 7 8 9 10 11 12 13 82 83 84 85 86 87 88 89 90 91 92 93 94 95 96 97 98 99 100,-3.0,
base,switching_on,,864110.0,866810.0,30 31 32 33 34 35 36 37 38 39 40 41 42 43 44 45 46 47 48 49 50 51 52 53 54 55 56 57 58 59 60 61,-3.0,
base,sleeping,,864545.0,864621.0,74 75 76 77 78 79 80 81,-4.0,
base,switching_on,,864621.0,867321.0,14 15 16 17 18 19 20 21 22 23 24 25 26 27 28 29 62 63 64 65 66 67 68 69 70 71 72 73 74 75 76 77 78 79 80 81 101 102 103 104 105 106 107 108 109 110 111 112 113 114 115 116 117 118 119 120 121 122 123 124,-3.0,
base,active,863188.0,865888.0,865920.0,0,39607.0,False
base,active,863202.0,865902.0,865904.0,1 2 3 4 5 6 7 8 9 10 11 12 13 82 83 84 85 86 87 88 89 90 91 92 93 94 95 96 97 98 99 100,39608.0,False
base,active,863831.0,865904.0,866096.0,93 94 95 96 97 98 99 100,39618.0,False
base,active,863647.0,865904.0,866350.0,85 86 87 88 89 90 91 92,39616.0,False
base,active,863644.0,865904.0,866353.0,1 2 3 4 5 6 7 8 9 10 11 12 13 82 83 84,39615.0,False
base,active,,865920.0,866350.0,0,-1.0,
base,active,864875.0,866096.0,866137.0,93 94 95 96 97 98 99 100,39623.0,False
base,active,864881.0,866137.0,866173.0,93 94 95 96 97 98 99 100,39624.0,False
base,active,864883.0,866173.0,866207.0,93 94 95 96 97 98 99 100,39625.0,False
base,active,865131.0,866207.0,866293.0,93 94 95 96 97 98 99 100,39629.0,False
base,switching_on,,866251.0,868951.0,125,-3.0,
base,active,865685.0,866293.0,866347.0,93 94 95 96 97 98 99 100,39634.0,False
base,active,,866347.0,866350.0,93 94 95 96 97 98 99 100,-1.0,
base,active,,866350.0,866353.0,92,-1.0,
base,active,864739.0,866350.0,866502.0,0 85 86 87 88 89 90 91 93 94 95 96 97 98 99 100,39620.0,False
base,active,864911.0,866353.0,866360.0,2 3 4 5 6 7 8 9 10 11 12 13 82 83 84 92,39626.0,False
base,active,,866353.0,866502.0,1,-1.0,
base,active,865135.0,866360.0,866443.0,2 3 4 5 6 7 8 9,39631.0,False
base,active,865133.0,866360.0,866444.0,10 11 12 13 82 83 84 92,39630.0,False
base,active,,866443.0,866502.0,2 3 4 5 6 7 8 9,-1.0,
base,active,,866444.0,866502.0,10 11 12 13 82 83 84 92,-1.0,
base,active,864873.0,866502.0,866545.0,0 1 2 3 4 5 6 7 8 9 10 11 12 13 82 83 84 85 86 87 88 89 90 91 92 93 94 95 96 97 98 99,39622.0,False
base,active,,866502.0,866545.0,100,-1.0,
base,active,,866545.0,867688.0,89,-1.0,
base,active,,866545.0,867745.0,90 91 92 93 94 95 96 97 98 99,-1.0,
base,active,864923.0,866545.0,868569.0,0 1 2 3 4 5 6 7 8 9 10 11 12 13 82 100,39627.0,False
base,active,,866545.0,869245.0,83 84 85 86 87 88,-1.0,
base,switching_on,,866545.0,869245.0,126 127,-3.0,
base,active,863218.0,866810.0,870531.0,30 31 32 33 34 35 36 37 38 39 40 41 42 43 44 45 46 47 48 49 50 51 52 53 54 55 56 57 58 59 60 61,39609.0,False
base,active,863639.0,867321.0,867774.0,121 122 123 124,39614.0,False
base,active,863632.0,867321.0,867781.0,117 118 119 120,39613.0,False
base,active,863615.0,867321.0,867800.0,113 114 115 116,39612.0,False
base,active,863609.0,867321.0,867806.0,78 79 80 81 101 102 103 104 105 106 107 108 109 110 111 112,39611.0,False
base,active,863289.0,867321.0,868322.0,14 15 16 17 18 19 20 21 22 23 24 25 26 27 28 29 62 63 64 65 66 67 68 69 70 71 72 73 74 75 76 77,39610.0,False
base,active,867688.0,867688.0,867793.0,89,39647.0,False
base,switching_off,,867745.0,869545.0,90 91 92 93 94 95 96 97 98 99,-2.0,
base,active,,867774.0,867806.0,121 122 123 124,-1.0,
base,active,,867781.0,867806.0,117 118 119 120,-1.0,
base,active,,867793.0,867806.0,89,-1.0,
base,active,,867800.0,867806.0,113 114 115 116,-1.0,
base,active,866971.0,867806.0,868206.0,78 79 80 89 113 114 115 116 117 118 119 120 121 122 123 124,39642.0,False
base,active,,867806.0,868206.0,81 101 102 103 104 105 106 107 108 109 110 111 112,-1.0,
base,active,,868206.0,868219.0,89,-1.0,
base,active,,868206.0,868233.0,113,-1.0,
base,active,,868206.0,868284.0,114 115 116 117,-1.0,
base,active,,868206.0,868322.0,118 119 120 121 122 123 124,-1.0,
base,active,867380.0,868206.0,868618.0,78 79 80 81 101 102 103 104 105 106 107 108 109 110 111 112,39645.0,False
base,active,868219.0,868219.0,868238.0,89,39651.0,False
base,active,868233.0,868233.0,868327.0,113,39652.0,False
base,active,,868238.0,868322.0,89,-1.0,
base,active,868284.0,868284.0,868641.0,114 115 116 117,39653.0,False
base,active,,868322.0,868348.0,70,-1.0,
base,active,,868322.0,868381.0,71 72 73 74,-1.0,
base,active,,868322.0,868406.0,75 76,-1.0,
base,active,865129.0,868322.0,868411.0,14 15 16 17 18 19 20 21 22 23 24 25 26 27 28 29 62 63 64 65 66 67 68 69 89 118 119 120 121 122 123 124,39628.0,False
base,active,,868322.0,868411.0,77,-1.0,
base,active,,868327.0,868411.0,113,-1.0,
base,active,868348.0,868348.0,868374.0,70,39654.0,False
base,active,,868374.0,868411.0,70,-1.0,
base,active,868381.0,868381.0,870001.0,71 72 73 74,39655.0,False
base,active,868406.0,868406.0,870003.0,75 76,39656.0,False
base,active,865656.0,868411.0,868493.0,14 15 16 17 18 19 20 21 22 23 24 25 26 27 28 29 62 63 64 65 66 67 68 69 70 77 89 113 118 119 120 121,39633.0,False
base,active,,868411.0,868493.0,122 123 124,-1.0,
base,active,,868493.0,868618.0,119 120 121,-1.0,
base,active,865785.0,868493.0,877174.0,14 15 16 17 18 19 20 21 22 23 24 25 26 27 28 29 62 63 64 65 66 67 68 69 70 77 89 113 118 122 123 124,39635.0,False
base,active,,868569.0,868618.0,0 1 2 3 4 5 6 7 8 9 10 11 12 13 82 100,-1.0,
base,active,866171.0,868618.0,868679.0,0 1 2 3 4 5 6 7 8 9 10 11 12 13 78 79 80 81 82 100 101 102 103 104 105 106 107 108 109 119 120 121,39638.0,False
base,active,,868618.0,868679.0,110 111 112,-1.0,
base,active,,868641.0,868679.0,114 115 116 117,-1.0,
base,active,866698.0,868679.0,868723.0,0 1 2 3 4 5 6 7 8 9 10 11 12 13 78 79 80 81 82 100 101 102 103 104 105 110 111 112 114 115 116 117,39641.0,False
base,active,,868679.0,868723.0,106 107 108 109 119 120 121,-1.0,
base,active,867000.0,868723.0,868847.0,0 1 2 3 4 5 6 7 8 9 10 11 12 13 78 79 80 81 82 100 101 102 103 104 105 106 107 108 109 119 120 121,39643.0,False
base,active,,868723.0,868847.0,110 111 112 114 115 116 117,-1.0,
base,active,867857.0,868847.0,868962.0,0 1 2 3 4 5 6 7 8 9 10 11 12 13 78 79 80 81 82 100 101 102 103 104 105 110 111 112 114 115 116 117,39648.0,False
base,active,,868847.0,868962.0,106 107 108 109 119 120 121,-1.0,
base,active,866251.0,868951.0,868956.0,125,39639.0,False
base,active,,868956.0,868962.0,125,-1.0,
base,active,868213.0,868962.0,869389.0,0 1 2 3 4 5 6 7 8 9 10 11 12 13 78 79 80 81 82 100 101 102 103 104 106 107 108 109 119 120 121 125,39650.0,False
base,active,,868962.0,869389.0,105 110 111 112 114 115 116 117,-1.0,
base,active,865810.0,869245.0,877902.0,83 84 85 86 87 88 126 127,39636.0,False
base,active,868649.0,869389.0,869419.0,0 1 2 3 4 5 6 7 8 9 10 11 12 13 78 79 80 81 82 100 101 102 103 104 105 110 111 112 114 115 116 117,39658.0,False
base,active,,869389.0,869419.0,106 107 108 109 119 120 121 125,-1.0,
base,active,869037.0,869419.0,869523.0,0 1 2 3 4 5 6 7 8 9 10 11 12 13 78 79 80 81 82 100 101 102 103 104 106 107 108 109 119 120 121 125,39659.0,False
base,active,,869419.0,869613.0,105 110 111 112 114 115 116 117,-1.0,
base,active,,869523.0,869613.0,0 1 2 3 4 5 6 7 8 9 10 11 12 13 78 79 80 81 82 100 101 102 103 104,-1.0,
base,active,,869523.0,869826.0,106 107 108 109 119 120 121 125,-1.0,
base,sleeping,,869545.0,872615.0,90 91 92 93 94 95 96 97 98 99,-4.0,
base,active,869613.0,869613.0,869656.0,0 1 2 3 4 5 6 7 8 9 10 11 12 13 78 79 80 81 82 100 101 102 103 104 105 110 111 112 114 115 116 117,39664.0,False
base,active,,869656.0,869826.0,0 1 2 3 4 5 6 7,-1.0,
base,active,,869656.0,870199.0,8 9 10 11 12 13 78 79 80 81 82 100 101 102 103 104,-1.0,
base,active,,869656.0,870856.0,105 110 111 112 114 115 116 117,-1.0,
base,active,869826.0,869826.0,870078.0,0 1 2 3 4 5 6 7 106 107 108 109 119 120 121 125,39667.0,False
base,active,,870001.0,870903.0,71 72 73 74,-1.0,
base,active,,870003.0,870903.0,75 76,-1.0,
base,active,,870078.0,870903.0,0 1 2 3 4 5 6 7 106 107,-1.0,
base,active,,870078.0,871278.0,108 109 119 120 121 125,-1.0,
base,active,870199.0,870199.0,870689.0,8 9 10 11 12 13 78 79 80 81 82 100 101 102 103 104,39668.0,False
base,active,,870531.0,871626.0,30,-1.0,
base,active,,870531.0,871682.0,31,-1.0,
base,active,,870531.0,871706.0,32 33 34 35,-1.0,
base,active,,870531.0,871728.0,36 37,-1.0,
base,active,,870531.0,871731.0,38 39 40 41 42 43 44 45 46 47 48 49 50 51 52 53 54 55 56 57 58 59 60 61,-1.0,
base,active,,870689.0,871889.0,8 9 10 11 12 13 78 79 80 81 82 100 101 102 103 104,-1.0,
base,switching_off,,870856.0,872656.0,105 110 111 112 114 115 116 117,-2.0,
base,active,870903.0,870903.0,871151.0,0 1 2 3 4 5 6 7 71 72 73 74 75 76 106 107,39671.0,False
base,active,,871151.0,872015.0,0 1 2 3,-1.0,
base,active,,871151.0,872036.0,4 5,-1.0,
base,active,,871151.0,872351.0,6 7 71 72 73 74 75 76 106 107,-1.0,
base,switching_off,,871278.0,873078.0,108 109 119 120 121 125,-2.0,
base,active,871626.0,871626.0,871670.0,30,39677.0,False
base,active,,871670.0,875315.0,30,-1.0,
base,active,871682.0,871682.0,871700.0,31,39678.0,False
base,active,,871700.0,875315.0,31,-1.0,
base,active,871706.0,871706.0,871735.0,32 33 34 35,39679.0,False
base,active,871728.0,871728.0,871748.0,36 37,39680.0,False
base,switching_off,,871731.0,873531.0,38 39 40 41 42 43 44 45 46 47 48 49 50 51 52 53 54 55 56 57 58 59 60 61,-2.0,
base,active,,871735.0,875315.0,32 33 34 35,-1.0,
base,active,,871748.0,872842.0,36,-1.0,
base,active,,871748.0,872926.0,37,-1.0,
base,switching_off,,871889.0,873689.0,8 9 10 11 12 13 78 79 80 81 82 100 101 102 103 104,-2.0,
base,active,872015.0,872015.0,872948.0,0 1 2 3,39682.0,False
base,active,872036.0,872036.0,872949.0,4 5,39683.0,False
base,switching_off,,872351.0,874151.0,6 7 71 72 73 74 75 76 106 107,-2.0,
base,switching_on,,872615.0,875315.0,90 91 92 93 94 95 96 97 98 99,-3.0,
base,sleeping,,872656.0,874388.0,105 110 111 112 114 115 116 117,-4.0,
base,active,872842.0,872842.0,872906.0,36,39686.0,False
base,active,,872906.0,872951.0,36,-1.0,
base,active,872926.0,872926.0,872947.0,37,39688.0,False
base,active,,872947.0,872951.0,37,-1.0,
base,active,,872948.0,872951.0,0 1,-1.0,
base,active,,872948.0,872978.0,2 3,-1.0,
base,active,,872949.0,873793.0,4 5,-1.0,
base,active,872951.0,872951.0,873791.0,0 1 36 37,39690.0,False
base,active,872978.0,872978.0,873792.0,2 3,39691.0,False
base,sleeping,,873078.0,874388.0,108 109 119 120 121 125,-4.0,
base,sleeping,,873531.0,874056.0,38 39,-4.0,
base,sleeping,,873531.0,874388.0,40 41 42 43 44 45 46 47 48 49 50 51 52 53 54 55 56 57 58 59 60 61,-4.0,
base,sleeping,,873689.0,873871.0,8 9 10 11,-4.0,
base,sleeping,,873689.0,874056.0,12 13,-4.0,
base,sleeping,,873689.0,874388.0,78 79 80 81 82 100 101 102 103 104,-4.0,
base,active,,873791.0,873793.0,0 1,-1.0,
base,active,,873791.0,873814.0,36 37,-1.0,
base,active,,873792.0,874019.0,2,-1.0,
base,active,,873792.0,874073.0,3,-1.0,
base,active,873793.0,873793.0,874387.0,0 1 4 5,39695.0,False
base,active,873814.0,873814.0,874388.0,36 37,39697.0,False
base,switching_on,,873871.0,876571.0,8 9 10 11,-3.0,
base,active,874019.0,874019.0,874050.0,2,39699.0,False
base,active,,874050.0,874110.0,2,-1.0,
base,switching_on,,874056.0,876756.0,12 13 38 39,-3.0,
base,active,874073.0,874073.0,874102.0,3,39701.0,False
base,active,,874102.0,874303.0,3,-1.0,
base,active,874110.0,874110.0,874235.0,2,39702.0,False
base,sleeping,,874151.0,874388.0,6 7 71 72 73 74 75 76 106 107,-4.0,
base,active,,874235.0,877088.0,2,-1.0,
base,active,874303.0,874303.0,874335.0,3,39703.0,False
base,active,,874335.0,877088.0,3,-1.0,
base,active,,874387.0,877088.0,0 1 4 5,-1.0,
base,active,,874388.0,877088.0,36 37,-1.0,
base,switching_on,,874388.0,877088.0,6 7 40 41 42 43 44 45 46 47 48 49 50 51 52 53 54 55 56 57 58 59 60 61 71 72 73 74 75 76 78 79 80 81 82 100 101 102 103 104 105 106 107 108 109 110 111 112 114 115 116 117 119 120 121 125,-3.0,
base,active,872615.0,875315.0,875696.0,30 31 32 33 34 35 90 91 92 93 94 95 96 97 98 99,39685.0,False
base,active,874378.0,875696.0,875728.0,30,39705.0,False
base,active,874677.0,875696.0,875728.0,32,39710.0,False
base,active,874803.0,875696.0,875730.0,33,39713.0,False
base,active,874538.0,875696.0,875745.0,31,39709.0,False
base,active,874831.0,875696.0,876495.0,34 35,39716.0,False
base,active,,875696.0,876616.0,90 91 92 93 94 95 96 97 98 99,-1.0,
base,active,,875728.0,875736.0,32,-1.0,
base,active,874929.0,875728.0,875759.0,30,39719.0,False
base,active,,875730.0,875790.0,33,-1.0,
base,active,875736.0,875736.0,875847.0,32,39730.0,False
base,active,,875745.0,875790.0,31,-1.0,
base,active,,875759.0,875885.0,30,-1.0,
base,active,875790.0,875790.0,877691.0,31 33,39733.0,False
base,active,,875847.0,875899.0,32,-1.0,
base,active,875885.0,875885.0,875910.0,30,39735.0,False
base,active,875899.0,875899.0,875983.0,32,39736.0,False
base,active,,875910.0,876304.0,30,-1.0,
base,active,,875983.0,876350.0,32,-1.0,
base,active,876304.0,876304.0,888314.0,30,39740.0,False
base,active,876350.0,876350.0,876370.0,32,39741.0,False
base,active,,876370.0,876616.0,32,-1.0,
base,active,,876495.0,876616.0,34 35,-1.0,
base,active,873871.0,876571.0,876616.0,8 9 10 11,39698.0,False
base,active,,876616.0,876617.0,11,-1.0,
base,active,874500.0,876616.0,876989.0,8 9 10 32 34 35 90 91 92 93 94 95 96 97 98 99,39707.0,False
base,active,876617.0,876617.0,876627.0,11,39746.0,False
base,active,,876627.0,876718.0,11,-1.0,
base,active,876718.0,876718.0,876726.0,11,39748.0,False
base,active,,876726.0,877174.0,11,-1.0,
base,active,874056.0,876756.0,876870.0,12 13 38 39,39700.0,False
base,active,874904.0,876870.0,876889.0,12 13 38 39,39718.0,False
base,active,875013.0,876889.0,876939.0,12 13 38 39,39722.0,False
base,active,,876939.0,877174.0,12 13 38 39,-1.0,
base,active,,876989.0,877174.0,8 9 10 32 34 35 90 91 92 93 94 95 96 97 98 99,-1.0,
base,active,874313.0,877088.0,877269.0,0 1 2 3 4 5 6 7 36 37 40 41 42 43 44 45 46 47 48 49 50 51 52 53 54 55 56 57 58 59 60 61 71 72 73 74 75 76 78 79 80 81 82 100 101 102 103 104 105 106 107 108 109 110 111 112 114 115 116 117 119 120 121 125,39704.0,False
base,active,875631.0,877174.0,877240.0,65 66 67 68,39729.0,False
base,active,,877174.0,877269.0,113 118 122 123 124,-1.0,
base,active,875262.0,877174.0,877306.0,29 62 63 64,39725.0,False
base,active,874806.0,877174.0,877995.0,25 26 27 28,39714.0,False
base,active,874508.0,877174.0,879011.0,8 9 10 11 12 13 14 15 16 17 18 19 20 21 22 23 24 32 34 35 38 39 90 91 92 93 94 95 96 97 98 99,39708.0,False
base,active,875769.0,877174.0,879096.0,69 70 77 89,39732.0,False
base,active,,877240.0,877269.0,65 66 67 68,-1.0,
base,active,874801.0,877269.0,877413.0,0 1 2 3 4 5 6 7 36 37 40 41 42 43 44 45 46 47 48 49 50 51 52 53 54 55 56 57 58 59 60 61 65 66 67 68 71 72 73 74 75 76 78 79 80 81 82 100 101 102 103 104 105 106 107 108 109 110 111 113 118 122 123 124,39712.0,False
base,active,,877269.0,877413.0,112 114 115 116 117 119 120 121 125,-1.0,
base,active,,877306.0,877413.0,29 62 63 64,-1.0,
base,active,,877413.0,877613.0,3,-1.0,
base,active,,877413.0,877670.0,4,-1.0,
base,active,,877413.0,877693.0,5 6 7,-1.0,
base,active,874877.0,877413.0,877758.0,0 1 2 29 62 63 64 112 114 115 116 117 119 120 121 125,39717.0,False
base,active,,877413.0,877758.0,36 37 40 41 42 43 44 45 46 47 48 49 50 51 52 53 54 55 56 57 58 59 60 61 65 66 67 68 71 72 73 74 75 76 78 79 80 81 82 100 101 102 103 104 105 106 107 108 109 110 111 113 118 122 123 124,-1.0,
base,active,877613.0,877613.0,877651.0,3,39760.0,False
base,active,,877651.0,877693.0,3,-1.0,
base,active,877670.0,877670.0,877689.0,4,39761.0,False
base,active,,877689.0,877758.0,4,-1.0,
base,active,,877691.0,877758.0,31 33,-1.0,
base,active,877693.0,877693.0,878719.0,3 5 6 7,39762.0,False
base,active,,877758.0,877873.0,63,-1.0,
base,active,875018.0,877758.0,877888.0,0 1 2 4 29 31 33 36 37 40 41 42 43 44 45 46 47 48 49 50 51 52 53 54 55 56 57 58 59 60 61 62 65 66 67 68 71 72 73 74 75 76 78 79 80 81 82 100 101 102 103 104 105 106 107 108 109 110 111 113 118 122 123 124,39723.0,False
base,active,,877758.0,877888.0,64 112 114 115 116 117 119 120 121 125,-1.0,
base,active,877873.0,877873.0,877889.0,63,39764.0,False
base,active,,877888.0,877902.0,33 36 37 40 41 42 43 44 45 46 47 48 49 50 51 52 53 54 55 56 57 58 59 60 61 62 65 66 67 68 71 72 73 74 75 76 78 79 80 81 82 100 101 102 103 104 105 106 107 108 109 110 111 113 118 122 123 124,-1.0,
base,active,875301.0,877888.0,878143.0,0 1 2 4 29 31 64 112 114 115 116 117 119 120 121 125,39726.0,False
base,active,,877889.0,877902.0,63,-1.0,
base,active,875340.0,877902.0,878038.0,33 36 37 40 41 42 43 44 45 46 47 48 49 50 51 52 53 54 55 56 57 58 59 60 61 62 63 65 66 67 68 71 72 73 74 75 76 78 79 80 81 82 83 84 85 86 87 100 101 102 103 104 105 106 107 108 109 110 111 113 118 122 123 124,39727.0,False
base,active,,877902.0,878038.0,127,-1.0,
base,active,877714.0,877902.0,878907.0,88 126,39763.0,False
base,active,,877995.0,878038.0,25 26 27 28,-1.0,
base,active,,878038.0,878143.0,84 85 86 87 100,-1.0,
base,active,876263.0,878038.0,878328.0,101 102 103 104 105 106 107 108 109 110 111 113 118 122 123 124,39739.0,False
base,active,875740.0,878038.0,878335.0,48 49 50 51 52 53 54 55 56 57 58 59 60 61 62 63,39731.0,False
base,active,876022.0,878038.0,878412.0,65 66 67 68 71 72 73 74 75 76 78 79 80 81 82 83,39737.0,False
base,active,875588.0,878038.0,878425.0,25 26 27 28 33 36 37 40 41 42 43 44 45 46 47 127,39728.0,False
base,active,877509.0,878143.0,878311.0,31 64 84 85 86 87 100 112 114 115 116 117 119 120 121 125,39758.0,False
base,active,,878143.0,878412.0,0 1 2 4 29,-1.0,
base,active,,878311.0,878328.0,31 64 84 85 86 87 100 112 114 115 116 117 119 120 121 125,-1.0,
base,active,876554.0,878328.0,878386.0,31 64 84 85 86 87 100 101 102 103 104 105 106 107 108 109 110 111 112 113 114 115 116 117 118 119 120 121 122 123 124 125,39745.0,False
base,active,,878335.0,878412.0,48 49 50 51 52 53 54 55 56 57 58 59 60 61 62 63,-1.0,
base,active,,878386.0,878412.0,31 64 84 85 86 87 100 101 102 103 104 105 106 107 108 109 110 111 112 113 114 115 116 117 118 119 120 121 122 123 124 125,-1.0,
base,active,,878412.0,878425.0,79 80 81 82 83,-1.0,
base,active,876067.0,878412.0,878558.0,0 1 2 4 29 31 48 49 50 51 52 53 54 55 56 57 58 59 60 61 62 63 64 65 66 67 68 71 72 73 74 75 76 78 84 85 86 87 100 101 102 103 104 105 106 107 108 109 110 111 112 113 114 115 116 117 118 119 120 121 122 123 124 125,39738.0,False
base,active,,878425.0,878558.0,44 45 46 47 127,-1.0,
base,active,876404.0,878425.0,878826.0,25 26 27 28 33 36 37 40 41 42 43 79 80 81 82 83,39743.0,False
base,active,876689.0,878558.0,878721.0,71 72 73 74 75 76 78 84 85 86 87 100 101 102 103 104 105 106 107 108 109 110 111 112 113 114 115 116 117 118 119 120,39747.0,False
base,active,,878558.0,878721.0,121 122 123 124 125,-1.0,
base,active,876437.0,878558.0,880615.0,0 1 2 4 29 31 44 45 46 47 48 49 50 51 52 53 54 55 56 57 58 59 60 61 62 63 64 65 66 67 68 127,39744.0,False
base,active,,878719.0,878721.0,3 5 6 7,-1.0,
base,active,,878721.0,878743.0,116 117,-1.0,
base,active,,878721.0,878826.0,118 119 120,-1.0,
base,active,876808.0,878721.0,879005.0,3 5 6 7 71 72 73 74 75 76 78 121 122 123 124 125,39751.0,False
base,active,876809.0,878721.0,879054.0,84 85 86 87 100 101 102 103 104 105 106 107 108 109 110 111,39752.0,False
base,active,878721.0,878721.0,879801.0,112 113 114 115,39772.0,False
base,active,878743.0,878743.0,879801.0,116 117,39773.0,False
base,active,,878826.0,879005.0,81 82 83,-1.0,
base,active,877176.0,878826.0,879138.0,25 26 27 28 33 36 37 40 41 42 43 79 80 118 119 120,39754.0,False
base,active,,878907.0,879005.0,88 126,-1.0,
base,active,,879005.0,879011.0,121 122 123 124 125,-1.0,
base,active,877516.0,879005.0,879297.0,3 5 6 7 71 72 73 74 75 76 78 81 82 83 88 126,39759.0,False
base,active,,879011.0,879054.0,95 96 97 98 99,-1.0,
base,active,877306.0,879011.0,879290.0,8 9 10 11 12 13 14 15 16 17 18 19 20 21 22 23 24 32 34 35 38 39 90 91 92 93 94 121 122 123 124 125,39756.0,False
base,active,,879054.0,879100.0,107 108 109 110,-1.0,
base,active,,879054.0,879138.0,111,-1.0,
base,active,878039.0,879054.0,879372.0,84 85 86 87 95 96 97 98 99 100 101 102 103 104 105 106,39766.0,False
base,active,,879096.0,879138.0,69 70 77 89,-1.0,
base,active,879100.0,879100.0,879560.0,107 108 109 110,39778.0,False
base,active,,879138.0,879290.0,79 80 118 119 120,-1.0,
base,active,878147.0,879138.0,879498.0,25 26 27 28 33 36 37 40 41 42 43 69 70 77 89 111,39767.0,False
base,active,,879290.0,879372.0,121 122 123 124 125,-1.0,
base,active,878393.0,879290.0,879421.0,8 9 10 11 12 13 14 15 16 17 18 19 20 21 22 23 24 32 34 35 38 39 79 80 90 91 92 93 94 118 119 120,39768.0,False
base,active,,879297.0,879372.0,3 5 6 7 71 72 73 74 75 76 78 81 82 83 88 126,-1.0,
base,active,,879372.0,879421.0,102 103 104 105 106,-1.0,
base,active,878508.0,879372.0,881421.0,3 5 6 7 71 72 73 74 75 76 78 81 82 83 84 85 86 87 88 95 96 97 98 99 100 101 121 122 123 124 125 126,39769.0,False
base,active,878538.0,879421.0,879651.0,8 9 10 11 12 13 14 15 16 17 18 102 103 104 105 106,39770.0,False
base,active,,879421.0,879651.0,93 94 118 119 120,-1.0,
base,active,878834.0,879421.0,879684.0,19 20 21 22 23 24 32 34 35 38 39 79 80 90 91 92,39774.0,False
base,active,,879498.0,879651.0,25 26 27 28 33 36 37 40 41 42 43 69 70 77 89 111,-1.0,
base,active,,879560.0,879651.0,107 108 109 110,-1.0,
base,active,,879651.0,879795.0,15 16 17 18 102 103 104 105 106,-1.0,
base,active,879032.0,879651.0,880179.0,8 9 10 11 12 13 14 25 26 27 28 33 36 37 40 41 42 43 69 70 77 89 93 94 107 108 109 110 111 118 119 120,39776.0,False
base,active,,879684.0,879795.0,19 20 21 22 23 24 32,-1.0,
base,active,,879684.0,879803.0,34 35 38 39,-1.0,
base,active,,879684.0,879826.0,79 80,-1.0,
base,active,,879684.0,879908.0,90 91 92,-1.0,
base,active,879583.0,879795.0,879968.0,15 16 17 18 19 20 21 22 23 24 32 102 103 104 105 106,39782.0,False
base,active,,879801.0,879908.0,112,-1.0,
base,active,,879801.0,879922.0,113,-1.0,
base,active,,879801.0,880012.0,114 115 116 117,-1.0,
base,active,879803.0,879803.0,880704.0,34 35 38 39,39785.0,False
base,active,879826.0,879826.0,880710.0,79 80,39786.0,False
base,active,879908.0,879908.0,880013.0,90 91 92 112,39787.0,False
base,active,879922.0,879922.0,879943.0,113,39788.0,False
base,active,,879943.0,880012.0,113,-1.0,
base,active,,879968.0,880012.0,15 16 17 18 19 20 21 22 23 24 32,-1.0,
base,active,,879968.0,880051.0,102 103 104 105 106,-1.0,
base,active,879795.0,880012.0,880294.0,15 16 17 18 19 20 21 22 23 24 32 113 114 115 116 117,39784.0,False
base,active,,880013.0,880051.0,90 91 92,-1.0,
base,active,,880013.0,880179.0,112,-1.0,
base,active,880051.0,880051.0,883438.0,90 91 92 102 103 104 105 106,39790.0,False
base,active,,880179.0,880354.0,120,-1.0,
base,active,879257.0,880179.0,880356.0,8 9 10 11 12 13 14 25 26 27 28 33 36 37 40 41 42 43 69 70 77 89 93 94 107 108 109 110 111 112 118 119,39780.0,False
base,active,,880294.0,880354.0,15 16 17 18 19 20 21 22 23 24 32 113 114 115 116,-1.0,
base,active,,880294.0,880356.0,117,-1.0,
base,active,880354.0,880354.0,880641.0,15 16 17 18 19 20 21 22 23 24 32 113 114 115 116 120,39793.0,False
base,active,,880356.0,880615.0,119,-1.0,
base,active,880012.0,880356.0,883781.0,8 9 10 11 12 13 14 25 26 27 28 33 36 37 40 41 42 43 69 70 77 89 93 94 107 108 109 110 111 112 117 118,39789.0,False
base,active,,880615.0,880660.0,127,-1.0,
base,active,880296.0,880615.0,880698.0,0 1 2 4 29 31 44 45 46 47 48 49 50 51 52 53 54 55 56 57 58 59 60 61 62 63 64 65 66 67 68 119,39792.0,False
base,active,,880641.0,880660.0,15 16 17 18,-1.0,
base,active,,880641.0,880698.0,19 20 21 22 23 24 32 113 114 115 116 120,-1.0,
base,active,880648.0,880660.0,880713.0,127,39795.0,False
base,active,880660.0,880660.0,880733.0,15 16 17 18,39796.0,False
base,active,,880698.0,881149.0,58 59 60 61,-1.0,
base,active,,880698.0,881159.0,62 63 64 65 66 67 68 119,-1.0,
base,active,880571.0,880698.0,882681.0,0 1 2 4 19 20 21 22 23 24 29 31 32 44 45 46 47 48 49 50 51 52 53 54 55 56 57 113 114 115 116 120,39794.0,False
base,active,,880704.0,881159.0,34 35 38 39,-1.0,
base,active,,880710.0,881159.0,79 80,-1.0,
base,active,,880713.0,881159.0,127,-1.0,
base,active,,880733.0,881159.0,15,-1.0,
base,active,,880733.0,881170.0,16 17,-1.0,
base,active,,880733.0,881844.0,18,-1.0,
base,active,881149.0,881149.0,882428.0,58 59 60 61,39799.0,False
base,active,881159.0,881159.0,881448.0,15 34 35 38 39 62 63 64 65 66 67 68 79 80 119 127,39800.0,False
base,active,881170.0,881170.0,882428.0,16 17,39801.0,False
base,active,,881421.0,881844.0,3 5 6 7 71 72 73 74 75 76 78 81 82 83 84,-1.0,
base,active,,881421.0,881999.0,85 86 87 88 95 96 97 98 99 100 101 121 122 123 124 125 126,-1.0,
base,active,,881448.0,881999.0,15 34 35 38 39 62 63 64 65 66 67 68 79 80 119,-1.0,
base,active,,881448.0,882010.0,127,-1.0,
base,active,881844.0,881844.0,882134.0,3 5 6 7 18 71 72 73 74 75 76 78 81 82 83 84,39806.0,False
base,active,881999.0,881999.0,882073.0,15 34 35 38 39 62 63 64 65 66 67 68 79 80 85 86 87 88 95 96 97 98 99 100 101 119 121 122 123 124 125 126,39807.0,False
base,active,882010.0,882010.0,882041.0,127,39808.0,False
base,active,,882041.0,882289.0,127,-1.0,
base,active,,882073.0,882306.0,15 34 35 38 39 62 63 64 65 66 67 68 79 80 85 86,-1.0,
base,active,,882073.0,882395.0,87,-1.0,
base,active,,882073.0,882430.0,88 95 96 97,-1.0,
base,active,,882073.0,882451.0,98 99,-1.0,
base,active,,882073.0,882553.0,100 101 119 121 122 123 124 125 126,-1.0,
base,active,,882134.0,882553.0,3 5 6 7 18 71 72 73 74 75 76 78 81 82 83 84,-1.0,
base,active,882289.0,882289.0,882355.0,127,39809.0,False
base,active,882306.0,882306.0,882646.0,15 34 35 38 39 62 63 64 65 66 67 68 79 80 85 86,39810.0,False
base,active,,882355.0,882553.0,127,-1.0,
base,active,882395.0,882395.0,882427.0,87,39811.0,False
base,active,,882427.0,882553.0,87,-1.0,
base,active,,882428.0,882553.0,16 17 58 59 60,-1.0,
base,active,,882428.0,882681.0,61,-1.0,
base,active,882430.0,882430.0,883393.0,88 95 96 97,39812.0,False
base,active,882451.0,882451.0,883395.0,98 99,39813.0,False
base,active,882553.0,882553.0,882755.0,3 5 6 7 16 17 18 58 59 60 71 72 73 74 75 76 78 81 82 83 84 87 100 101 119 121 122 123 124 125 126 127,39814.0,False
base,active,,882646.0,882681.0,15 34 35 38 39 62 63 64 65 66 67 68 79 80 85 86,-1.0,
base,active,,882681.0,882790.0,46 47 48 49 50 51 52 53 54 55 56 57 113 114 115 116,-1.0,
base,active,,882681.0,883005.0,120,-1.0,
base,active,882631.0,882681.0,883272.0,0 1 2 4 15 19 20 21 22 23 24 29 31 32 34 35 38 39 44 45 61 62 63 64 65 66 67 68 79 80 85 86,39815.0,False
base,active,,882755.0,883005.0,3 5 6 7 16 17 18 58 59 60 71 72 73 74 75 76 78 81 82 83 84 87 100 101 119 121 122 123 124 125 126,-1.0,
base,active,,882755.0,883104.0,127,-1.0,
base,active,882790.0,882790.0,883158.0,46 47 48 49 50 51 52 53 54 55 56 57 113 114 115 116,39816.0,False
base,active,883005.0,883005.0,883079.0,3 5 6 7 16 17 18 58 59 60 71 72 73 74 75 76 78 81 82 83 84 87 100 101 119 120 121 122 123 124 125 126,39817.0,False
base,active,,883079.0,883293.0,3 5 6 7 16 17 18 58 59 60 71 72 73 74 75 76 78 81 82 83 84 87 100 101 119 120 121 122 123 124 125 126,-1.0,
base,active,883104.0,883104.0,883134.0,127,39818.0,False
base,active,,883134.0,883400.0,127,-1.0,
base,active,,883158.0,883400.0,46 47 48 49 50 51 52 53 54 55 56 57 113 114 115 116,-1.0,
base,active,,883272.0,883400.0,0 1 2 4 15 19 20 21 22 23 24 29 31 32 34,-1.0,
base,active,,883272.0,883473.0,35 38 39 44,-1.0,
base,active,,883272.0,883564.0,45 61 62 63 64 65 66 67 68 79 80 85 86,-1.0,
base,active,883293.0,883293.0,885558.0,3 5 6 7 16 17 18 58 59 60 71 72 73 74 75 76 78 81 82 83 84 87 100 101 119 120 121 122 123 124 125 126,39819.0,False
base,active,,883393.0,883564.0,88 95 96 97,-1.0,
base,active,,883395.0,883564.0,98 99,-1.0,
base,active,883400.0,883400.0,883541.0,0 1 2 4 15 19 20 21 22 23 24 29 31 32 34 46 47 48 49 50 51 52 53 54 55 56 57 113 114 115 116 127,39820.0,False
base,active,,883438.0,883564.0,90 91 92 102 103 104 105 106,-1.0,
base,active,883473.0,883473.0,883542.0,35 38 39 44,39821.0,False
base,active,,883541.0,883564.0,0 1 2 4 15,-1.0,
base,active,,883541.0,883623.0,19 20 21 22,-1.0,
base,active,,883541.0,883765.0,23 24 29 31 32 34 46 47 48 49 50 51 52 53 54 55,-1.0,
base,active,,883541.0,883959.0,56 57 113 114 115 116 127,-1.0,
base,active,,883542.0,883959.0,35 38 39 44,-1.0,
base,active,883564.0,883564.0,883940.0,0 1 2 4 15 45 61 62 63 64 65 66 67 68 79 80 85 86 88 90 91 92 95 96 97 98 99 102 103 104 105 106,39822.0,False
base,active,883623.0,883623.0,883939.0,19 20 21 22,39823.0,False
base,active,883765.0,883765.0,884117.0,23 24 29 31 32 34 46 47 48 49 50 51 52 53 54 55,39824.0,False
base,active,,883781.0,883959.0,8 9 10 11 12 13 14 25 26 27 28 33 36 37 40 41 42 43 69 70 77,-1.0,
base,active,,883781.0,883991.0,89 93 94 107 108 109 110 111,-1.0,
base,active,,883781.0,884083.0,112 117 118,-1.0,
base,active,,883939.0,884083.0,19,-1.0,
base,active,,883939.0,884105.0,20 21,-1.0,
base,active,,883939.0,884300.0,22,-1.0,
base,active,,883940.0,884300.0,0 1 2 4 15 45 61 62 63 64 65 66 67 68 79 80 85 86 88 90 91 92 95 96 97 98 99 102 103 104 105,-1.0,
base,active,,883940.0,884366.0,106,-1.0,
base,active,883959.0,883959.0,892157.0,8 9 10 11 12 13 14 25 26 27 28 33 35 36 37 38 39 40 41 42 43 44 56 57 69 70 77 113 114 115 116 127,39825.0,False
base,active,883991.0,883991.0,892158.0,89 93 94 107 108 109 110 111,39826.0,False
base,active,884083.0,884083.0,885016.0,19 112 117 118,39827.0,False
base,active,884105.0,884105.0,885018.0,20 21,39828.0,False
base,active,,884117.0,884366.0,23 24 29,-1.0,
base,active,,884117.0,884440.0,31 32 34 46 47 48 49 50 51 52 53 54 55,-1.0,
base,active,884300.0,884300.0,884387.0,0 1 2 4 15 22 45 61 62 63 64 65 66 67 68 79 80 85 86 88 90 91 92 95 96 97 98 99 102 103 104 105,39829.0,False
base,active,884366.0,884366.0,884388.0,23 24 29 106,39830.0,False
base,active,,884387.0,884440.0,0 1 2 4 15 22 45 61 62 63 64 65 66 67 68 79 80 85 86,-1.0,
base,active,,884387.0,884499.0,88 90 91 92,-1.0,
base,active,,884387.0,884664.0,95,-1.0,
base,active,,884387.0,884823.0,96 97 98 99 102 103 104 105,-1.0,
base,active,,884388.0,884823.0,23 24 29 106,-1.0,
base,active,884440.0,884440.0,884523.0,0 1 2 4 15 22 31 32 34 45 46 47 48 49 50 51 52 53 54 55 61 62 63 64 65 66 67 68 79 80 85 86,39831.0,False
base,active,884499.0,884499.0,884524.0,88 90 91 92,39832.0,False
base,active,,884523.0,884823.0,0 1 2 4 15 22 31 32 34 45 46 47 48 49 50 51 52 53 54 55,-1.0,
base,active,,884523.0,884896.0,61 62 63 64,-1.0,
base,active,,884523.0,885561.0,65,-1.0,
base,active,,884523.0,885602.0,66 67 68 79,-1.0,
base,active,,884523.0,885623.0,80 85,-1.0,
base,active,,884523.0,885723.0,86,-1.0,
base,active,,884524.0,885724.0,88 90 91 92,-1.0,
base,active,884664.0,884664.0,884683.0,95,39833.0,False
base,active,,884683.0,885883.0,95,-1.0,
base,active,884823.0,884823.0,886005.0,0 1 2 4 15 22 23 24 29 31 32 34 45 46 47 48 49 50 51 52 53 54 55 96 97 98 99 102 103 104 105 106,39834.0,False
base,active,884896.0,884896.0,886003.0,61 62 63 64,39835.0,False
base,active,,885016.0,885956.0,19 112 117 118,-1.0,
base,active,,885018.0,886028.0,20 21,-1.0,
base,active,,885558.0,886028.0,3 5 6 7 16 17 18 58 59 60 71 72 73 74 75 76 78 81 82 83 84 87 100 101 119 120 121 122 123 124,-1.0,
base,active,,885558.0,886091.0,125 126,-1.0,
base,active,885561.0,885561.0,885581.0,65,39836.0,False
base,active,,885581.0,886091.0,65,-1.0,
base,active,885602.0,885602.0,886525.0,66 67 68 79,39837.0,False
base,active,885623.0,885623.0,886527.0,80 85,39838.0,False
base,switching_off,,885723.0,887523.0,86,-2.0,
base,switching_off,,885724.0,887524.0,88 90 91 92,-2.0,
base,switching_off,,885883.0,887683.0,95,-2.0,
base,active,885956.0,885956.0,886325.0,19 112 117 118,39839.0,False
base,active,,886003.0,886091.0,61,-1.0,
base,active,,886003.0,886338.0,62 63 64,-1.0,
base,active,,886005.0,886338.0,0,-1.0,
base,active,,886005.0,886374.0,1 2 4 15 22 23 24 29 31 32 34 45 46 47 48 49 50 51 52 53 54 55 96 97 98 99 102 103 104 105 106,-1.0,
base,active,886028.0,886028.0,892156.0,3 5 6 7 16 17 18 20 21 58 59 60 71 72 73 74 75 76 78 81 82 83 84 87 100 101 119 120 121 122 123 124,39840.0,False
base,active,886091.0,886091.0,892157.0,61 65 125 126,39841.0,False
base,active,,886325.0,886374.0,19,-1.0,
base,active,,886325.0,887525.0,112 117 118,-1.0,
base,active,886338.0,886338.0,886505.0,0 62 63 64,39842.0,False
base,active,886374.0,886374.0,892157.0,1 2 4 15 19 22 23 24 29 31 32 34 45 46 47 48 49 50 51 52 53 54 55 96 97 98 99 102 103 104 105 106,39843.0,False
base,active,,886505.0,887705.0,0 62 63 64,-1.0,
base,active,,886525.0,887725.0,66 67 68 79,-1.0,
base,active,,886527.0,887727.0,80 85,-1.0,
base,sleeping,,887523.0,890941.0,86,-4.0,
base,sleeping,,887524.0,890941.0,88 90 91 92,-4.0,
base,switching_off,,887525.0,889325.0,112 117 118,-2.0,
base,sleeping,,887683.0,890941.0,95,-4.0,
base,switching_off,,887705.0,889505.0,0 62 63 64,-2.0,
base,switching_off,,887725.0,889525.0,66 67 68 79,-2.0,
base,switching_off,,887727.0,889527.0,80 85,-2.0,
base,active,,888314.0,888823.0,30,-1.0,
base,active,888823.0,888823.0,888839.0,30,39844.0,False
base,active,,888839.0,888856.0,30,-1.0,
base,active,888856.0,888856.0,888873.0,30,39845.0,False
base,active,,888873.0,888906.0,30,-1.0,
base,active,888906.0,888906.0,889130.0,30,39846.0,False
base,active,,889130.0,889222.0,30,-1.0,
base,active,889222.0,889222.0,889318.0,30,39847.0,False
base,active,,889318.0,889669.0,30,-1.0,
base,sleeping,,889325.0,916939.0,112 117 118,-4.0,
base,sleeping,,889505.0,890858.0,0 62 63 64,-4.0,
base,sleeping,,889525.0,890858.0,66 67 68 79,-4.0,
base,sleeping,,889527.0,890941.0,80 85,-4.0,
base,active,889669.0,889669.0,889749.0,30,39848.0,False
base,active,,889749.0,890949.0,30,-1.0,
base,switching_on,,890858.0,893558.0,0 62 63 64 66 67 68 79,-3.0,
base,switching_on,,890941.0,893641.0,80 85 86 88 90 91 92 95,-3.0,
base,switching_off,,890949.0,892749.0,30,-2.0,
base,active,890994.0,892156.0,892190.0,3 5 6 7 16 17 18 20,39851.0,False
base,active,891059.0,892156.0,892202.0,21 58 59 60 71 72 73 74,39852.0,False
base,active,,892156.0,892759.0,75 76 78 81 82 83 84 87 100 101 119 120 121 122 123 124,-1.0,
base,active,,892157.0,892759.0,1 2 4 8 9 10 11 12 13 14 15 19 22 23 24 25,-1.0,
base,active,,892157.0,892789.0,26 27 28 29,-1.0,
base,active,,892157.0,892832.0,31 32 33 34,-1.0,
base,active,,892157.0,892877.0,35 36 37 38,-1.0,
base,active,,892157.0,892916.0,39 40 41 42 43 44 45 46,-1.0,
base,active,,892157.0,893063.0,47 48 49 50 51 52 53 54,-1.0,
base,active,,892157.0,893155.0,55,-1.0,
base,active,,892157.0,893265.0,56 57 61 65 69 70 77 96,-1.0,
base,active,,892157.0,893304.0,97 98 99 102 103 104 105 106,-1.0,
base,active,,892157.0,893351.0,113 114 115 116 125 126 127,-1.0,
base,active,,892158.0,893351.0,89 93 94 107 108 109 110 111,-1.0,
base,active,,892190.0,893351.0,3 5 6 7 16 17 18 20,-1.0,
base,active,,892202.0,893351.0,21 58 59 60 71 72 73 74,-1.0,
base,sleeping,,892749.0,897518.0,30,-4.0,
base,active,892759.0,892759.0,895143.0,1 2 4 8 9 10 11 12 13 14 15 19 22 23 24 25 75 76 78 81 82 83 84 87 100 101 119 120 121 122 123 124,39853.0,False
base,active,892789.0,892789.0,892832.0,26 27 28 29,39854.0,False
base,active,,892832.0,893351.0,26,-1.0,
base,active,,892832.0,893374.0,27 28 29,-1.0,
base,active,892832.0,892832.0,895143.0,31 32 33 34,39855.0,False
base,active,892877.0,892877.0,892913.0,35 36 37 38,39856.0,False
base,active,,892913.0,893374.0,35 36 37 38,-1.0,
base,active,892916.0,892916.0,893055.0,39 40 41 42 43 44 45 46,39857.0,False
base,active,,893055.0,893374.0,39 40 41 42 43 44 45 46,-1.0,
base,active,893063.0,893063.0,893097.0,47 48 49 50 51 52 53 54,39858.0,False
base,active,,893097.0,893374.0,47 48 49 50 51 52 53 54,-1.0,
base,active,893155.0,893155.0,893174.0,55,39859.0,False
base,active,,893174.0,893374.0,55,-1.0,
base,active,893265.0,893265.0,893300.0,56 57 61 65 69 70 77 96,39860.0,False
base,active,,893300.0,893374.0,56 57 61 65 69 70 77 96,-1.0,
base,active,893304.0,893304.0,893337.0,97 98 99 102 103 104 105 106,39861.0,False
base,active,,893337.0,893403.0,97 98 99 102 103 104 105 106,-1.0,
base,active,893351.0,893351.0,893392.0,3 5 6 7 16 17 18 20 21 26 58 59 60 71 72 73 74 89 93 94 107 108 109 110 111 113 114 115 116 125 126 127,39862.0,False
base,active,893374.0,893374.0,894518.0,27 28 29 35 36 37 38 39 40 41 42 43 44 45 46 47 48 49 50 51 52 53 54 55 56 57 61 65 69 70 77 96,39863.0,False
base,active,,893392.0,893403.0,3 5 6 7 16 17 18 20 21 26 58 59 60 71 72 73 74 89 93 94 107 108 109 110,-1.0,
base,active,,893392.0,894592.0,111 113 114 115 116 125 126 127,-1.0,
base,active,893403.0,893403.0,893429.0,3 5 6 7 16 17 18 20 21 26 58 59 60 71 72 73 74 89 93 94 97 98 99 102 103 104 105 106 107 108 109 110,39864.0,False
base,active,,893429.0,894629.0,3 5 6 7 16 17 18 20 21 26 58 59 60 71 72 73 74 89 93 94 97 98 99 102 103 104 105 106 107 108 109 110,-1.0,
base,active,890858.0,893558.0,893637.0,0 62 63 64 66 67 68 79,39849.0,False
base,active,,893637.0,894647.0,0,-1.0,
base,active,,893637.0,894837.0,62 63 64 66 67 68 79,-1.0,
base,active,890941.0,893641.0,893675.0,80 85 86 88 90 91 92 95,39850.0,False
base,active,,893675.0,894875.0,80 85 86 88 90 91 92 95,-1.0,
base,active,,894518.0,895718.0,27 28 29 35 36 37 38 39 40 41 42 43 44 45 46 47 48 49 50 51 52 53 54 55 56 57 61 65 69 70 77 96,-1.0,
base,switching_off,,894592.0,896392.0,111 113 114 115 116 125 126 127,-2.0,
base,switching_off,,894629.0,896429.0,3 5 6 7 16 17 18 20 21 26 58 59 60 71 72 73 74 89 93 94 97 98 99 102 103 104 105 106 107 108 109 110,-2.0,
base,active,894647.0,894647.0,894676.0,0,39865.0,False
base,active,,894676.0,895844.0,0,-1.0,
base,switching_off,,894837.0,896637.0,62 63 64 66 67 68 79,-2.0,
base,switching_off,,894875.0,896675.0,80 85 86 88 90 91 92 95,-2.0,
base,active,,895143.0,895844.0,1 2 4,-1.0,
base,active,,895143.0,896343.0,8 9 10 11 12 13 14 15 19 22 23 24 25 31 32 33 34 75 76 78 81 82 83 84 87 100 101 119 120 121 122 123 124,-1.0,
base,switching_off,,895718.0,897518.0,27 28 29 35 36 37 38 39 40 41 42 43 44 45 46 47 48 49 50 51 52 53 54 55 56 57 61 65 69 70 77 96,-2.0,
base,active,895844.0,895844.0,906019.0,0 1 2 4,39868.0,False
base,switching_off,,896343.0,898143.0,8 9 10 11 12 13 14 15 19 22 23 24 25 31 32 33 34 75 76 78 81 82 83 84 87 100 101 119 120 121 122 123 124,-2.0,
base,sleeping,,896392.0,916939.0,111 113 114 115 116 125 126 127,-4.0,
base,sleeping,,896429.0,897518.0,3 5 6 7 16 17 18 20 21 26 58 59 60 71 72 73 74 89,-4.0,
base,sleeping,,896429.0,898143.0,93 94 97 98 99,-4.0,
base,sleeping,,896429.0,916939.0,102 103 104 105 106 107 108 109 110,-4.0,
base,sleeping,,896637.0,897518.0,62 63 64 66 67 68 79,-4.0,
base,sleeping,,896675.0,897518.0,80 85 86 88 90 91 92,-4.0,
base,sleeping,,896675.0,898143.0,95,-4.0,
base,sleeping,,897518.0,898143.0,96,-4.0,
base,switching_on,,897518.0,900218.0,3 5 6 7 16 17 18 20 21 26 27 28 29 30 35 36 37 38 39 40 41 42 43 44 45 46 47 48 49 50 51 52 53 54 55 56 57 58 59 60 61 62 63 64 65 66 67 68 69 70 71 72 73 74 77 79 80 85 86 88 89 90 91 92,-3.0,
base,switching_on,,898143.0,900843.0,8 9 10 11 12 13 14 15 19 22 23 24 25 31 32 33 34 75 76 78 81 82 83 84 87 93 94 95 96 97 98 99,-3.0,
base,sleeping,,898143.0,916939.0,100 101 119 120 121 122 123 124,-4.0,
base,active,895730.0,900218.0,910496.0,3 5 6 7 16 17 18 20 21 26 27 28 29 30 35 36 37 38 39 40 41 42 43 44 45 46 47 48 49 50 51 52 53 54 55 56 57 58 59 60 61 62 63 64 65 66 67 68 69 70 71 72 73 74 77 79 80 85 86 88 89 90 91 92,39866.0,False
base,active,895745.0,900843.0,911113.0,8 9 10 11 12 13 14 15 19 22 23 24 25 31 32 33 34 75 76 78 81 82 83 84 87 93 94 95 96 97 98 99,39867.0,False
base,active,,906019.0,906382.0,0 1 2 4,-1.0,
base,active,906382.0,906382.0,908360.0,0 1 2 4,39872.0,False
base,active,,908360.0,909560.0,0 1 2 4,-1.0,
base,switching_off,,909560.0,911360.0,0 1 2 4,-2.0,
base,active,,910496.0,911696.0,3 5 6 7 16 17 18 20 21 26 27 28 29 30 35 36 37 38 39 40 41 42 43 44 45 46 47 48 49 50 51 52,-1.0,
base,active,906317.0,910496.0,912539.0,53 54 55 56 57 58 59 60 61 62 63 64 65 66 67 68 69 70 71 72 73 74 77 79 80 85 86 88 89 90 91 92,39871.0,False
base,active,,911113.0,912313.0,8 9 10 11 12 13 14 15 19 22 23 24 25 31 32 33 34 75 76 78 81 82 83 84 87 93 94 95 96 97 98 99,-1.0,
base,sleeping,,911360.0,916939.0,0 1 2 4,-4.0,
base,switching_off,,911696.0,913496.0,3 5 6 7 16 17 18 20 21 26 27 28 29 30 35 36 37 38 39 40 41 42 43 44 45 46 47 48 49 50 51 52,-2.0,
base,switching_off,,912313.0,914113.0,8 9 10 11 12 13 14 15 19 22 23 24 25 31 32 33 34 75 76 78 81 82 83 84 87 93 94 95 96 97 98 99,-2.0,
base,active,,912539.0,913339.0,92,-1.0,
base,active,,912539.0,913739.0,53 54 55 56 57 58 59 60 61 62 63 64 65 66 67 68 69 70 71 72 73 74 77 79 80 85 86 88 89 90 91,-1.0,
base,active,913339.0,913339.0,913443.0,92,39915.0,False
base,active,,913443.0,913517.0,92,-1.0,
base,sleeping,,913496.0,916939.0,3 5 6 7 16 17 18 20 21 26 27 28 29 30 35 36 37 38 39 40 41 42 43 44 45 46 47 48 49 50 51 52,-4.0,
base,active,913517.0,913517.0,913649.0,92,39916.0,False
base,active,,913649.0,913673.0,92,-1.0,
base,active,913673.0,913673.0,913939.0,92,39917.0,False
base,switching_off,,913739.0,915539.0,53 54 55 56 57 58 59 60 61 62 63 64 65 66 67 68 69 70 71 72 73 74 77 79 80 85 86 88 89 90 91,-2.0,
base,active,,913939.0,915139.0,92,-1.0,
base,sleeping,,914113.0,916939.0,8 9 10 11 12 13 14 15 19 22 23 24 25 31 32 33 34 75 76 78 81 82 83 84 87 93 94 95 96 97 98 99,-4.0,
base,switching_off,,915139.0,916939.0,92,-2.0,
base,sleeping,,915539.0,916939.0,53 54 55 56 57 58 59 60 61 62 63 64 65 66 67 68 69 70 71 72 73 74 77 79 80 85 86 88 89 90 91,-4.0,
base,switching_on,,916939.0,919639.0,0 1 2 3 4 5 6 7 8 9 10 11 12 13 14 15 16 17 18 19 20 21 22 23 24 25 26 27 28 29 30 31 32 33 34 35 36 37 38 39 40 41 42 43 44 45 46 47 48 49 50 51 52 53 54 55 56 57 58 59 60 61 62 63 64 65 66 67 68 69 70 71 72 73 74 75 76 77 78 79 80 81 82 83 84 85 86 87 88 89 90 91 92 93 94 95 96 97 98 99 100 101 102 103 104 105 106 107 108 109 110 111 112 113 114 115 116 117 118 119 120 121 122 123 124 125 126 127,-3.0,
base,active,906024.0,919639.0,919742.0,0 1 2 3 4 5 6 7 8 9 10 11 12 13 14 15 16 17 18 19 20 21 22 23 24 25 26 27 28 29 30 31 32 33 34 35 36 37 38 39 40 41 42 43 44 45 46 47 48 49 50 51 52 53 54 55 56 57 58 59 60 61 62 63 64 65 66 67 68 69 70 71 72 73 74 75 76 77 78 79 80 81 82 83 84 85 86 87 88 89 90 91 92 93 94 95 96 97 98 99 100 101 102 103 104 105 106 107 108 109 110 111 112 113 114 115 116 117 118 119 120 121 122 123 124 125 126 127,39869.0,False
base,active,,919742.0,920942.0,100 101 102 103 104 105 106 107 108 109 110 111 112 113 114 115 116 117 118 119 120 121 122 123 124 125 126 127,-1.0,
base,active,908878.0,919742.0,927180.0,96 97 98 99,39882.0,False
base,active,908803.0,919742.0,927252.0,64 65 66 67 68 69 70 71 72 73 74 75 76 77 78 79 80 81 82 83 84 85 86 87 88 89 90 91 92 93 94 95,39881.0,False
base,active,906131.0,919742.0,929919.0,0 1 2 3 4 5 6 7 8 9 10 11 12 13 14 15 16 17 18 19 20 21 22 23 24 25 26 27 28 29 30 31 32 33 34 35 36 37 38 39 40 41 42 43 44 45 46 47 48 49 50 51 52 53 54 55 56 57 58 59 60 61 62 63,39870.0,False
base,switching_off,,920942.0,922742.0,100 101 102 103 104 105 106 107 108 109 110 111 112 113 114 115 116 117 118 119 120 121 122 123 124 125 126 127,-2.0,
base,sleeping,,922742.0,930857.0,100 101 102 103 104 105 106 107 108 109 110 111 112 113 114 115 116 117 118 119 120 121 122 123 124 125 126 127,-4.0,
base,active,,927180.0,928380.0,96 97 98 99,-1.0,
base,active,,927252.0,928452.0,64 65 66 67 68 69 70 71 72 73 74 75 76 77 78 79 80 81 82 83 84 85 86 87 88 89 90 91 92 93 94 95,-1.0,
base,switching_off,,928380.0,930180.0,96 97 98 99,-2.0,
base,switching_off,,928452.0,930252.0,64 65 66 67 68 69 70 71 72 73 74 75 76 77 78 79 80 81 82 83 84 85 86 87 88 89 90 91 92 93 94 95,-2.0,
base,active,929674.0,929919.0,929942.0,63,40046.0,False
base,active,929854.0,929919.0,930857.0,31 32 33 34 35 36 37 38 39 40 41 42 43 44 45 46 47 48 49 50 51 52 53 54 55 56 57 58 59 60 61 62,40051.0,False
base,active,,929919.0,933557.0,0 1 2 3 4 5 6 7 8 9 10 11 12 13 14 15 16 17 18 19 20 21 22 23 24 25 26 27 28 29 30,-1.0,
base,active,,929942.0,933557.0,63,-1.0,
base,sleeping,,930180.0,930857.0,96 97 98 99,-4.0,
base,sleeping,,930252.0,930857.0,64 65 66 67 68 69 70 71 72 73 74 75 76 77 78 79 80 81 82 83 84 85 86 87 88 89 90 91 92 93 94 95,-4.0,
base,active,,930857.0,933557.0,31 32 33 34 35 36 37 38 39 40 41 42 43 44 45 46 47 48 49 50 51 52 53 54 55 56 57 58 59 60 61 62,-1.0,
base,switching_on,,930857.0,933557.0,64 65 66 67 68 69 70 71 72 73 74 75 76 77 78 79 80 81 82 83 84 85 86 87 88 89 90 91 92 93 94 95 96 97 98 99 100 101 102 103 104 105 106 107 108 109 110 111 112 113 114 115 116 117 118 119 120 121 122 123 124 125 126 127,-3.0,
base,active,916319.0,933557.0,933672.0,0 1 2 3 4 5 6 7 8 9 10 11 12 13 14 15 16 17 18 19 20 21 22 23 24 25 26 27 28 29 30 31 32 33 34 35 36 37 38 39 40 41 42 43 44 45 46 47 48 49 50 51 52 53 54 55 56 57 58 59 60 61 62 63 64 65 66 67 68 69 70 71 72 73 74 75 76 77 78 79 80 81 82 83 84 85 86 87 88 89 90 91 92 93 94 95 96 97 98 99 100 101 102 103 104 105 106 107 108 109 110 111 112 113 114 115 116 117 118 119 120 121 122 123 124 125 126 127,39938.0,False
base,active,933568.0,933672.0,934233.0,108 109 110 111 112 113 114 115,40082.0,False
base,active,,933672.0,934872.0,116 117 118 119 120 121 122 123 124 125 126 127,-1.0,
base,active,916439.0,933672.0,943838.0,0 1 2 3 4 5 6 7 8 9 10 11 12 13 14 15 16 17 18 19 20 21 22 23 24 25 26 27 28 29 30 31 32 33 34 35 36 37 38 39 40 41 42 43 44 45 46 47 48 49 50 51 52 53 54 55 56 57 58 59 60 61 62 63,39939.0,False
base,active,927735.0,933672.0,949267.0,100 101 102 103 104 105 106 107,40031.0,False
base,active,916688.0,933672.0,962210.0,96 97 98 99,39941.0,False
base,active,916619.0,933672.0,962278.0,64 65 66 67 68 69 70 71 72 73 74 75 76 77 78 79 80 81 82 83 84 85 86 87 88 89 90 91 92 93 94 95,39940.0,False
base,active,,934233.0,935071.0,108 109 110 111,-1.0,
base,active,,934233.0,935433.0,112 113 114 115,-1.0,
base,switching_off,,934872.0,936672.0,116 117 118 119 120 121 122 123 124 125 126 127,-2.0,
base,active,935071.0,935071.0,935178.0,108 109 110 111,40093.0,False
base,active,,935178.0,935898.0,108,-1.0,
base,active,,935178.0,936378.0,109 110 111,-1.0,
base,switching_off,,935433.0,937233.0,112 113 114 115,-2.0,
base,active,935898.0,935898.0,935923.0,108,40098.0,False
base,active,,935923.0,937123.0,108,-1.0,
base,switching_off,,936378.0,938178.0,109 110 111,-2.0,
base,sleeping,,936672.0,937040.0,116,-4.0,
base,sleeping,,936672.0,949267.0,117 118 119 120 121 122 123 124 125 126 127,-4.0,
base,switching_on,,937040.0,939740.0,116,-3.0,
base,switching_off,,937123.0,938923.0,108,-2.0,
base,sleeping,,937233.0,949267.0,112 113 114 115,-4.0,
base,sleeping,,938178.0,947285.0,109 110 111,-4.0,
base,sleeping,,938923.0,947285.0,108,-4.0,
base,active,937040.0,939740.0,939761.0,116,40103.0,False
base,active,,939761.0,940961.0,116,-1.0,
base,switching_off,,940961.0,942761.0,116,-2.0,
base,sleeping,,942761.0,949267.0,116,-4.0,
base,active,930827.0,943838.0,947285.0,32 33 34 35 36 37 38 39 40 41 42 43 44 45 46 47 48 49 50 51 52 53 54 55 56 57 58 59 60 61 62 63,40060.0,False
base,active,927712.0,943838.0,959455.0,0 1 2 3 4 5 6 7 8 9 10 11 12 13 14 15 16 17 18 19 20 21 22 23 24 25 26 27 28 29 30 31,40030.0,False
base,switching_on,,947285.0,949985.0,108 109 110 111,-3.0,
base,active,934298.0,947285.0,950428.0,32 33 34 35 36 37 38 39 40 41 42 43 44 45 46 47 48 49 50 51 52 53 54 55 56 57 58 59 60 61 62 63,40090.0,False
base,active,940764.0,949267.0,949288.0,100 101 102 103,40124.0,False
base,active,940979.0,949267.0,949322.0,104 105 106 107,40125.0,False
base,switching_on,,949267.0,951967.0,112 113 114 115 116 117 118 119 120 121 122 123 124 125 126 127,-3.0,
base,active,941008.0,949288.0,949310.0,100 101 102 103,40126.0,False
base,active,941070.0,949310.0,949366.0,100 101 102 103,40127.0,False
base,active,942652.0,949322.0,949340.0,106,40150.0,False
base,active,941531.0,949322.0,949342.0,105,40137.0,False
base,active,942825.0,949322.0,949343.0,107,40155.0,False
base,active,941102.0,949322.0,949344.0,104,40128.0,False
base,active,943779.0,949340.0,949361.0,106,40162.0,False
base,active,944967.0,949342.0,949365.0,105,40178.0,False
base,active,945754.0,949343.0,949389.0,107,40186.0,False
base,active,948138.0,949344.0,949359.0,104,40210.0,False
base,active,948890.0,949359.0,949399.0,104,40212.0,False
base,active,948952.0,949361.0,949383.0,106,40213.0,False
base,active,949099.0,949365.0,949382.0,105,40216.0,False
base,active,941145.0,949366.0,949390.0,100 101 102 103,40129.0,False
base,active,949347.0,949382.0,949387.0,105,40218.0,False
base,active,,949383.0,949387.0,106,-1.0,
base,active,946812.0,949387.0,950263.0,105 106,40198.0,False
base,active,,949389.0,949390.0,107,-1.0,
base,active,,949390.0,949399.0,103,-1.0,
base,active,941171.0,949390.0,949460.0,100 101 102 107,40130.0,False
base,active,949002.0,949399.0,949429.0,103 104,40215.0,False
base,active,949429.0,949429.0,949439.0,103,40219.0,False
base,active,,949429.0,949460.0,104,-1.0,
base,active,,949439.0,949460.0,103,-1.0,
base,active,,949460.0,949476.0,102,-1.0,
base,active,941244.0,949460.0,949539.0,100 101 103 104,40132.0,False
base,active,,949460.0,949539.0,107,-1.0,
base,active,949476.0,949476.0,949485.0,102,40220.0,False
base,active,,949485.0,949539.0,102,-1.0,
base,active,941266.0,949539.0,949560.0,100 101 102 107,40133.0,False
base,active,,949539.0,949560.0,103 104,-1.0,
base,active,941401.0,949560.0,949612.0,100 101 103 104,40134.0,False
base,active,,949560.0,949612.0,102 107,-1.0,
base,active,941462.0,949612.0,949667.0,100 101 102 107,40136.0,False
base,active,,949612.0,949667.0,103 104,-1.0,
base,active,941549.0,949667.0,949688.0,100 101 103 104,40138.0,False
base,active,,949667.0,949688.0,102 107,-1.0,
base,active,,949688.0,949716.0,103,-1.0,
base,active,941633.0,949688.0,949732.0,100 101 102 107,40139.0,False
base,active,,949688.0,949732.0,104,-1.0,
base,active,949716.0,949716.0,949752.0,103,40226.0,False
base,active,,949732.0,949757.0,107,-1.0,
base,active,941678.0,949732.0,950050.0,100 101 102 104,40140.0,False
base,active,,949752.0,949918.0,103,-1.0,
base,active,949757.0,949757.0,949784.0,107,40228.0,False
base,active,,949784.0,949918.0,107,-1.0,
base,active,949918.0,949918.0,952242.0,103 107,40230.0,False
base,active,936510.0,949985.0,950043.0,108 109 110 111,40101.0,False
base,active,941753.0,950043.0,950065.0,108 109 110 111,40141.0,False
base,active,942008.0,950050.0,950072.0,100 101 102 104,40144.0,False
base,active,942066.0,950065.0,950126.0,108 109 110 111,40145.0,False
base,active,942072.0,950072.0,950119.0,100 101 102 104,40146.0,False
base,active,942218.0,950119.0,950655.0,100 101 102 104,40147.0,False
base,active,942556.0,950126.0,950171.0,108 109 110 111,40149.0,False
base,active,942878.0,950171.0,950315.0,108 109 110 111,40157.0,False
base,active,949937.0,950263.0,950264.0,105,40231.0,False
base,active,950167.0,950263.0,950291.0,106,40232.0,False
base,active,,950264.0,950315.0,105,-1.0,
base,active,,950291.0,950315.0,106,-1.0,
base,active,942959.0,950315.0,950361.0,105 106 108 109,40159.0,False
base,active,,950315.0,950361.0,110 111,-1.0,
base,active,943783.0,950361.0,950403.0,105 106 110 111,40163.0,False
base,active,,950361.0,950403.0,108 109,-1.0,
base,active,,950403.0,950407.0,110,-1.0,
base,active,,950403.0,950428.0,111,-1.0,
base,active,943849.0,950403.0,950445.0,105 106 108 109,40164.0,False
base,active,950407.0,950407.0,950546.0,110,40234.0,False
base,active,,950428.0,950445.0,63,-1.0,
base,active,937478.0,950428.0,951795.0,32 33 34 35 36 37 38 39 40 41 42 43 44 45 46 47 48 49 50 51 52 53 54 55 56 57 58 59 60 61 62 111,40105.0,False
base,active,943896.0,950445.0,950492.0,63 105 106 108,40165.0,False
base,active,,950445.0,950492.0,109,-1.0,
base,active,,950492.0,950621.0,108,-1.0,
base,active,944184.0,950492.0,950625.0,63 105 106 109,40169.0,False
base,active,,950546.0,950625.0,110,-1.0,
base,active,950621.0,950621.0,950622.0,108,40236.0,False
base,active,,950622.0,950625.0,108,-1.0,
base,active,,950625.0,950629.0,106,-1.0,
base,active,,950625.0,950655.0,109,-1.0,
base,active,944513.0,950625.0,950695.0,63 105 108 110,40172.0,False
base,active,950629.0,950629.0,951004.0,106,40237.0,False
base,active,,950655.0,950695.0,104,-1.0,
base,active,945413.0,950655.0,950700.0,100 101 102 109,40182.0,False
base,active,,950695.0,950700.0,110,-1.0,
base,active,945514.0,950695.0,952810.0,63 104 105 108,40184.0,False
base,active,945659.0,950700.0,950739.0,100 101 102 110,40185.0,False
base,active,,950700.0,950739.0,109,-1.0,
base,active,945870.0,950739.0,950784.0,100 101 102 109,40188.0,False
base,active,,950739.0,950784.0,110,-1.0,
base,active,,950784.0,951305.0,109,-1.0,
base,active,946790.0,950784.0,951679.0,100 101 102 110,40197.0,False
base,active,,951004.0,951674.0,106,-1.0,
base,active,951305.0,951305.0,951326.0,109,40244.0,False
base,active,,951326.0,951679.0,109,-1.0,
base,active,951674.0,951674.0,951695.0,106,40246.0,False
base,active,948980.0,951679.0,951734.0,100 101 102 109,40214.0,False
base,active,,951679.0,951734.0,110,-1.0,
base,active,,951695.0,951734.0,106,-1.0,
base,active,,951734.0,951767.0,102,-1.0,
base,active,,951734.0,951795.0,109,-1.0,
base,active,949621.0,951734.0,951990.0,100 101 106 110,40224.0,False
base,active,951767.0,951767.0,951814.0,102,40247.0,False
base,active,,951795.0,951834.0,47,-1.0,
base,active,938904.0,951795.0,951850.0,48 49 50 51 52 53 54 55 56 57 58 59 60 61 62 111,40115.0,False
base,active,938527.0,951795.0,951987.0,32 33 34 35 36 37 38 39 40 41 42 43 44 45 46 109,40112.0,False
base,active,,951814.0,951850.0,102,-1.0,
base,active,951834.0,951834.0,951923.0,47,40249.0,False
base,active,939015.0,951850.0,951885.0,49 50 51 52 53 54 55 56 57 58 59 60 61 62 102 111,40116.0,False
base,active,,951850.0,951987.0,48,-1.0,
base,active,941965.0,951885.0,951947.0,49 50 51 52 53 54 55 56 57 58 59 60 61 62 102 111,40143.0,False
base,active,,951923.0,951987.0,47,-1.0,
base,active,942712.0,951947.0,951948.0,57 58 59 60 61 62 102 111,40151.0,False
base,active,,951947.0,951987.0,49 50 51 52 53 54 55 56,-1.0,
base,active,,951948.0,951987.0,57 58 59 60 61 62 102 111,-1.0,
base,active,940630.0,951967.0,951988.0,116 117 118 119,40122.0,False
base,active,940591.0,951967.0,951989.0,112 113 114 115,40121.0,False
base,active,940710.0,951967.0,952013.0,120 121 122 123 124 125 126 127,40123.0,False
base,active,,951987.0,951989.0,46 109,-1.0,
base,active,938882.0,951987.0,958854.0,32 33 34 35 36 37 38 39 40 41 42 43 44 45 47 48 49 50 51 52 53 54 55 56 57 58 59 60 61 62 102 111,40114.0,False
base,active,,951988.0,951989.0,116 117 118 119,-1.0,
base,active,,951989.0,951990.0,114 115,-1.0,
base,active,941446.0,951989.0,952167.0,46 109 112 113 116 117 118 119,40135.0,False
base,active,,951990.0,952013.0,106 110,-1.0,
base,active,949896.0,951990.0,954335.0,100 101 114 115,40229.0,False
base,active,942724.0,952013.0,952062.0,106 110 120 121 122 123 124 125,40152.0,False
base,active,,952013.0,952062.0,126 127,-1.0,
base,active,,952062.0,952106.0,124,-1.0,
base,active,,952062.0,952167.0,125,-1.0,
base,active,945013.0,952062.0,953200.0,106 110 120 121 122 123 126 127,40180.0,False
base,active,952106.0,952106.0,952314.0,124,40250.0,False
base,active,950458.0,952167.0,952331.0,46 109 112 113 116 117 118 125,40235.0,False
base,active,,952167.0,952810.0,119,-1.0,
base,active,,952242.0,952810.0,103 107,-1.0,
base,active,,952314.0,952810.0,124,-1.0,
base,active,,952331.0,952810.0,46 109 112 113 116 117 118 125,-1.0,
base,active,944045.0,952810.0,952968.0,46 63 103 104 105 107 108 109 112 113 116 117 118 119 124 125,40167.0,False
base,active,944275.0,952968.0,953110.0,46 63 103 104 105 107 108 109 112 113 116 117 118 119 124 125,40170.0,False
base,active,944456.0,953110.0,953491.0,46 63 103 104 105 107 108 109 112 113 116 117 118 119 124 125,40171.0,False
base,active,,953200.0,953491.0,106 110 120 121 122 123 126 127,-1.0,
base,active,952126.0,953491.0,953536.0,46 63 103 104 105 106 107 108 109 110 120 121 122 123 126 127,40251.0,False
base,active,,953491.0,954691.0,112 113 116 117 118 119 124 125,-1.0,
base,active,,953536.0,954736.0,46 63 103 104 105 106 107 108 109 110 120 121 122 123 126 127,-1.0,
base,active,,954335.0,955042.0,100 101 114 115,-1.0,
base,switching_off,,954691.0,956491.0,112 113 116 117 118 119 124 125,-2.0,
base,switching_off,,954736.0,956536.0,46 63 103 104 105 106 107 108 109 110 120 121 122 123 126 127,-2.0,
base,active,955042.0,955042.0,956051.0,100 101 114 115,40259.0,False
base,active,955389.0,956051.0,956061.0,115,40266.0,False
base,active,955209.0,956051.0,956094.0,114,40265.0,False
base,active,955065.0,956051.0,957038.0,100 101,40261.0,False
base,active,955459.0,956061.0,956110.0,115,40268.0,False
base,active,,956094.0,957294.0,114,-1.0,
base,active,,956110.0,957310.0,115,-1.0,
base,sleeping,,956491.0,960072.0,112,-4.0,
base,sleeping,,956491.0,960255.0,113 116,-4.0,
base,sleeping,,956491.0,960767.0,117 118,-4.0,
base,sleeping,,956491.0,961213.0,119 124 125,-4.0,
base,sleeping,,956536.0,957038.0,46 63 103 104,-4.0,
base,sleeping,,956536.0,957344.0,105,-4.0,
base,sleeping,,956536.0,957518.0,106,-4.0,
base,sleeping,,956536.0,957570.0,107,-4.0,
base,sleeping,,956536.0,957618.0,108 109,-4.0,
base,sleeping,,956536.0,960072.0,110,-4.0,
base,sleeping,,956536.0,961213.0,120 121 122 123 126 127,-4.0,
base,active,,957038.0,958238.0,100 101,-1.0,
base,switching_on,,957038.0,959738.0,46 63 103 104,-3.0,
base,switching_off,,957294.0,959094.0,114,-2.0,
base,switching_off,,957310.0,959110.0,115,-2.0,
base,switching_on,,957344.0,960044.0,105,-3.0,
base,switching_on,,957518.0,960218.0,106,-3.0,
base,switching_on,,957570.0,960270.0,107,-3.0,
base,switching_on,,957618.0,960318.0,108 109,-3.0,
base,switching_off,,958238.0,960038.0,100 101,-2.0,
base,active,943990.0,958854.0,958976.0,32 33 34 35 36 37 38 39 40 41 42 43 44 45 47 48 49 50 51 52 53 54 55 56 57 58 59 60 61 62 102 111,40166.0,False
base,active,944968.0,958976.0,960157.0,32 33 34 35 36 37 38 39 40 41 42 43 44 45 47 48 49 50 51 52 53 54 55 56 57 58 59 60 61 62 102 111,40179.0,False
base,sleeping,,959094.0,960255.0,114,-4.0,
base,sleeping,,959110.0,960255.0,115,-4.0,
base,active,945441.0,959455.0,961644.0,0 1 2 3 4 5 6 7 8 9 10 11 12 13 14 15 16 17 18 19 20 21 22 23 24 25 26 27 28 29 30 31,40183.0,False
base,active,955569.0,959738.0,969849.0,46 63 103 104,40270.0,False
base,sleeping,,960038.0,960072.0,100 101,-4.0,
base,active,957344.0,960044.0,960072.0,105,40280.0,False
base,active,,960072.0,960157.0,105,-1.0,
base,switching_on,,960072.0,962772.0,100 101 110 112,-3.0,
base,active,945786.0,960157.0,960223.0,32 33 34 35 36 37 38 39 40 41 42 43 44 45 47 48 49 50 51 52 53 54 55 56 57 58 59 60 61 62 102 105,40187.0,False
base,active,,960157.0,960223.0,111,-1.0,
base,active,957518.0,960218.0,960255.0,106,40282.0,False
base,active,,960223.0,963913.0,105,-1.0,
base,active,946561.0,960223.0,963948.0,32 33 34 35 36 37 38 39 40 41 42 43 44 45 47 48 49 50 51 52 53 54 55 56 57 58 59 60 61 62 102 111,40195.0,False
base,switching_on,,960255.0,962955.0,113 114 115 116,-3.0,
base,active,,960255.0,963913.0,106,-1.0,
base,active,957570.0,960270.0,960291.0,107,40284.0,False
base,active,,960291.0,963913.0,107,-1.0,
base,active,957618.0,960318.0,961213.0,108 109,40286.0,False
base,switching_on,,960767.0,963467.0,117 118,-3.0,
base,active,,961213.0,961626.0,108,-1.0,
base,active,,961213.0,961644.0,109,-1.0,
base,switching_on,,961213.0,963913.0,119 120 121 122 123 124 125 126 127,-3.0,
base,active,961626.0,961626.0,961644.0,108,40330.0,False
base,active,946682.0,961644.0,961701.0,0 1 2 3 4 5 6 7 8 9 10 11 12 13 14 15 16 17 18 19 20 21 22 23 24 25 26 27 28 29 30 109,40196.0,False
base,active,,961644.0,961701.0,31 108,-1.0,
base,active,947337.0,961701.0,961765.0,0 1 2 3 4 5 6 7 8 9 10 11 12 13 14 15 16 17 18 19 20 21 22 23 24 25 26 27 28 29 31 108,40200.0,False
base,active,,961701.0,961765.0,30 109,-1.0,
base,active,947819.0,961765.0,961820.0,0 1 2 3 4 5 6 7 8 9 10 11 12 13 14 15 16 17 18 19 20 21 22 23 24 25 26 27 28 29 30 109,40204.0,False
base,active,,961765.0,961820.0,31 108,-1.0,
base,active,,961820.0,961894.0,30 109,-1.0,
base,active,955060.0,961820.0,964199.0,0 1 2 3 4 5 6 7 8 9 10 11 12 13 14 15 16 17 18 19 20 21 22 23 24 25 26 27 28 29 31 108,40260.0,False
base,active,961894.0,961894.0,962820.0,30 109,40334.0,False
base,active,960052.0,962210.0,962248.0,96 97 98 99,40309.0,False
base,active,960743.0,962248.0,963249.0,96 97 98 99,40314.0,False
base,active,955119.0,962278.0,963973.0,64 65 66 67 68 69 70 71 72 73 74 75 76 77 78 79 80 81 82 83 84 85 86 87 88 89 90 91 92 93 94 95,40262.0,False
base,active,958819.0,962772.0,962790.0,110,40298.0,False
base,active,958491.0,962772.0,962792.0,101,40294.0,False
base,active,960039.0,962772.0,962793.0,112,40308.0,False
base,active,958435.0,962772.0,962815.0,100,40293.0,False
base,active,962732.0,962790.0,962805.0,110,40344.0,False
base,active,,962792.0,962959.0,101,-1.0,
base,active,,962793.0,962959.0,112,-1.0,
base,active,,962805.0,962959.0,110,-1.0,
base,active,,962815.0,962959.0,100,-1.0,
base,active,,962820.0,962959.0,30 109,-1.0,
base,active,960074.0,962955.0,962959.0,115 116,40311.0,False
base,active,958536.0,962955.0,963928.0,113 114,40296.0,False
base,active,955188.0,962959.0,964586.0,30 100 101 109 110 112 115 116,40263.0,False
base,active,961188.0,963249.0,963530.0,96 97 98 99,40322.0,False
base,active,960767.0,963467.0,964446.0,117 118,40315.0,False
base,active,961370.0,963530.0,963549.0,96 97 98 99,40325.0,False
base,active,961396.0,963549.0,963630.0,96 97 98 99,40326.0,False
base,active,961490.0,963630.0,963852.0,96 97 98 99,40327.0,False
base,active,961646.0,963852.0,963940.0,96 97 98 99,40331.0,False
base,active,958204.0,963913.0,963955.0,123 124 125 126,40292.0,False
base,active,957595.0,963913.0,964830.0,119 120 121 122,40285.0,False
base,active,958514.0,963913.0,964905.0,105 106 107 127,40295.0,False
base,active,963502.0,963928.0,963946.0,113,40359.0,False
base,active,963675.0,963928.0,963971.0,114,40361.0,False
base,active,961873.0,963940.0,964885.0,96 97 98 99,40333.0,False
base,active,963731.0,963946.0,963985.0,113,40362.0,False
base,active,955189.0,963948.0,963979.0,32 33 34 35 36 37 38 39 40 41 42 43 44 45 47 48 49 50 51 52 53 54 55 56 57 58 59 60 61 62 102 111,40264.0,False
base,active,,963955.0,963973.0,123 124 125 126,-1.0,
base,active,,963971.0,963973.0,114,-1.0,
base,active,,963973.0,963979.0,91 92 93 94 95,-1.0,
base,active,955507.0,963973.0,974148.0,64 65 66 67 68 69 70 71 72 73 74 75 76 77 78 79 80 81 82 83 84 85 86 87 88 89 90 114 123 124 125 126,40269.0,False
base,active,955790.0,963979.0,964015.0,32 33 34 91 92 93 94 95,40271.0,False
base,active,,963979.0,964015.0,35 36 37 38 39 40 41 42 43 44 45 47 48 49 50 51 52 53 54 55 56 57 58 59 60 61 62 102 111,-1.0,
base,active,,963985.0,964015.0,113,-1.0,
base,active,,964015.0,964050.0,34,-1.0,
base,active,956831.0,964015.0,964064.0,32 33 35 36 37 38 39 40 41 42 43 44 45 47 48 49 50 51 52 53 54 55 56 57 58 59 60 61 62 102 111 113,40278.0,False
base,active,,964015.0,964064.0,91 92 93 94 95,-1.0,
base,active,964050.0,964050.0,964078.0,34,40366.0,False
base,active,,964064.0,964085.0,61 62 102 111,-1.0,
base,active,,964064.0,964107.0,113,-1.0,
base,active,957559.0,964064.0,965363.0,32 33 35 36 37 38 39 40 41 42 43 44 45 47 48 49 50 51 52 53 54 55 56 57 58 59 60 91 92 93 94 95,40283.0,False
base,active,,964078.0,964107.0,34,-1.0,
base,active,964085.0,964085.0,965183.0,61 62 102 111,40367.0,False
base,active,964107.0,964107.0,965185.0,34 113,40368.0,False
base,active,958912.0,964199.0,965323.0,0 1 2 3 4 5 6 7 8 9 10 11 12 13 14 15 16 17 18 19 20 21 22 23 24 25 26 27 28 29 31 108,40299.0,False
base,active,,964446.0,964586.0,117 118,-1.0,
base,active,,964586.0,964807.0,115,-1.0,
base,active,,964586.0,964885.0,116,-1.0,
base,active,959353.0,964586.0,965016.0,30 100 101 109 110 112 117 118,40302.0,False
base,active,964807.0,964807.0,964827.0,115,40372.0,False
base,active,,964827.0,964885.0,115,-1.0,
base,active,,964830.0,964885.0,119 120 121 122,-1.0,
base,active,,964885.0,965016.0,98 99,-1.0,
base,active,960872.0,964885.0,965079.0,96 97 115 116 119 120 121 122,40317.0,False
base,active,,964905.0,965016.0,105 106 107 127,-1.0,
base,active,,965016.0,965079.0,101 109 110 112 117 118,-1.0,
base,active,961103.0,965016.0,965133.0,30 98 99 100 105 106 107 127,40320.0,False
base,active,,965079.0,965133.0,115 116 119 120 121 122,-1.0,
base,active,961142.0,965079.0,965782.0,96 97 101 109 110 112 117 118,40321.0,False
base,active,,965133.0,965183.0,99 100 105 106 107 127,-1.0,
base,active,961749.0,965133.0,965202.0,30 98 115 116 119 120 121 122,40332.0,False
base,active,,965183.0,965202.0,102 111,-1.0,
base,active,962095.0,965183.0,965259.0,61 62 99 100 105 106 107 127,40336.0,False
base,active,,965185.0,965202.0,34 113,-1.0,
base,active,,965202.0,965259.0,119 120 121 122,-1.0,
base,active,962183.0,965202.0,965270.0,30 34 98 102 111 113 115 116,40337.0,False
base,active,,965259.0,965270.0,105 106 107 127,-1.0,
base,active,962302.0,965259.0,965317.0,61 62 99 100 119 120 121 122,40338.0,False
base,active,,965270.0,965317.0,111 113 115 116,-1.0,
base,active,962367.0,965270.0,965332.0,30 34 98 102 105 106 107 127,40339.0,False
base,active,,965317.0,965323.0,119 120 121 122,-1.0,
base,active,962438.0,965317.0,965379.0,61 62 99 100 111 113 115 116,40340.0,False
base,active,,965323.0,965332.0,28 29 31 108,-1.0,
base,active,959324.0,965323.0,965782.0,0 1 2 3 4 5 6 7 8 9 10 11 12 13 14 15 16 17 18 19 20 21 22 23 24 25 26 27 119 120 121 122,40301.0,False
base,active,,965332.0,965363.0,105 106 107 127,-1.0,
base,active,962509.0,965332.0,965405.0,28 29 30 31 34 98 102 108,40341.0,False
base,active,,965363.0,965379.0,92 93 94 95,-1.0,
base,active,960066.0,965363.0,965807.0,32 33 35 36 37 38 39 40 41 42 43 44 45 47 48 49 50 51 52 53 54 55 56 57 58 59 60 91 105 106 107 127,40310.0,False
base,active,,965379.0,965405.0,111 113 115 116,-1.0,
base,active,962627.0,965379.0,965441.0,61 62 92 93 94 95 99 100,40343.0,False
base,active,,965405.0,965441.0,34 98 102 108,-1.0,
base,active,962795.0,965405.0,965465.0,28 29 30 31 111 113 115 116,40345.0,False
base,active,,965441.0,965465.0,94 95 99 100,-1.0,
base,active,962861.0,965441.0,965510.0,34 61 62 92 93 98 102 108,40346.0,False
base,active,,965465.0,965510.0,111 113 115 116,-1.0,
base,active,962938.0,965465.0,966072.0,28 29 30 31 94 95 99 100,40348.0,False
base,active,962962.0,965510.0,965567.0,34 61 62 92 111 113 115 116,40349.0,False
base,active,,965510.0,965567.0,93 98 102 108,-1.0,
base,active,963116.0,965567.0,965655.0,34 61 62 92 93 98 102 108,40351.0,False
base,active,,965567.0,965655.0,111 113 115 116,-1.0,
base,active,,965655.0,965782.0,93 98 102 108,-1.0,
base,active,963136.0,965655.0,966062.0,34 61 62 92 111 113 115 116,40352.0,False
base,active,,965782.0,965807.0,119 120 121 122,-1.0,
base,active,963231.0,965782.0,965852.0,96 97 101 109 110 112 117 118,40354.0,False
base,active,960557.0,965782.0,968724.0,0 1 2 3 4 5 6 7 8 9 10 11 12 13 14 15 16 17 18 19 20 21 22 23 24 25 26 27 93 98 102 108,40313.0,False
base,active,,965807.0,965830.0,105 106 107 127,-1.0,
base,active,960827.0,965807.0,966045.0,32 33 35 36 37 38 39 40 41 42 43 44 45 47 48 49 50 51 52 53 54 55 56 57 58 59 60 91 119 120 121 122,40316.0,False
base,active,965830.0,965830.0,968021.0,105 106 107 127,40390.0,False
base,active,963478.0,965852.0,965980.0,96 97 101 109 110 112 117 118,40358.0,False
base,active,963866.0,965980.0,966647.0,96 97 101 109 110 112 117 118,40364.0,False
base,active,961087.0,966045.0,966801.0,32 33 35 36 37 38 39 40 41 42 43 44 45 47 48 49 50 51 52 53 54 55 56 57 58 59 60 91 119 120 121 122,40319.0,False
base,active,965057.0,966062.0,966137.0,34 61 62 92 111 113 115 116,40377.0,False
base,active,965376.0,966072.0,966138.0,28 29 30 31 94 95 99 100,40378.0,False
base,active,965388.0,966137.0,966192.0,34 61 62 92 111 113 115 116,40379.0,False
base,active,965477.0,966138.0,966200.0,28 29 30 31 94 95 99 100,40381.0,False
base,active,965552.0,966192.0,966249.0,34 61 62 92 111 113 115 116,40383.0,False
base,active,965583.0,966200.0,966337.0,28 29 30 31 94 95 99 100,40384.0,False
base,active,965601.0,966249.0,966309.0,34 61 62 92 111 113 115 116,40385.0,False
base,active,965665.0,966309.0,966363.0,34 61 62 92 111 113 115 116,40386.0,False
base,active,965672.0,966337.0,966389.0,28 29 30 31 94 95 99 100,40387.0,False
base,active,965721.0,966363.0,966457.0,34 61 62 92 111 113 115 116,40388.0,False
base,active,965840.0,966389.0,966491.0,28 29 30 31 94 95 99 100,40391.0,False
base,active,965933.0,966457.0,966528.0,34 61 62 92 111 113 115 116,40392.0,False
base,active,965945.0,966491.0,966581.0,28 29 30 31 94 95 99 100,40393.0,False
base,active,966015.0,966528.0,966594.0,34 61 62 92 111 113 115 116,40396.0,False
base,active,966050.0,966581.0,966661.0,28 29 30 31 94 95 99 100,40397.0,False
base,active,966107.0,966594.0,966652.0,34 61 62 92 111 113 115 116,40398.0,False
base,active,966146.0,966647.0,966655.0,96 97 101 109 110 112 117 118,40399.0,False
base,active,966174.0,966652.0,966658.0,34 61 62 92 111 113 115 116,40400.0,False
base,active,966194.0,966655.0,966709.0,96 97 101 109 110 112 117 118,40401.0,False
base,active,966491.0,966658.0,967311.0,34 61 62 92 111 113 115 116,40404.0,False
base,active,,966661.0,966699.0,28 29 30 31,-1.0,
base,active,,966661.0,966724.0,94 95,-1.0,
base,active,,966661.0,966801.0,99 100,-1.0,
base,active,966699.0,966699.0,967806.0,28 29 30 31,40407.0,False
base,active,,966709.0,966801.0,96 97 101 109 110 112 117 118,-1.0,
base,active,966724.0,966724.0,967808.0,94 95,40408.0,False
base,active,,966801.0,966932.0,56 57 58 59 60 91 119 120,-1.0,
base,active,,966801.0,967013.0,121 122,-1.0,
base,active,962902.0,966801.0,967445.0,32 33 35 36 37 38 39 40 41 42 43 44 45 47 48 49 50 51 52 53 54 55 96 97 99 100 101 109 110 112 117 118,40347.0,False
base,active,966932.0,966932.0,966995.0,56 57 58 59 60 91 119 120,40409.0,False
base,active,,966995.0,967013.0,56 57 58 59 60 91,-1.0,
base,active,,966995.0,967228.0,119 120,-1.0,
base,active,967013.0,967013.0,967119.0,56 57 58 59 60 91 121 122,40411.0,False
base,active,,967119.0,967228.0,56 57 58 59 60 91,-1.0,
base,active,,967119.0,967445.0,121 122,-1.0,
base,active,967228.0,967228.0,967534.0,56 57 58 59 60 91 119 120,40415.0,False
base,active,,967311.0,967445.0,34 61 62 92 111 113 115 116,-1.0,
base,active,,967445.0,967713.0,96 97 99 100,-1.0,
base,active,,967445.0,967743.0,101,-1.0,
base,active,,967445.0,967874.0,109 110 112 117 118,-1.0,
base,active,963536.0,967445.0,968697.0,32 33 34 35 36 37 38 39 40 41 42 43 44 45 47 48 49 50 51 52 53 54 55 61 62 92 111 113 115 116 121 122,40360.0,False
base,active,,967534.0,967874.0,56 57 58,-1.0,
base,active,,967534.0,968050.0,59 60 91 119 120,-1.0,
base,active,967713.0,967713.0,967767.0,96 97 99 100,40417.0,False
base,active,967743.0,967743.0,967763.0,101,40419.0,False
base,active,,967763.0,968050.0,101,-1.0,
base,active,,967767.0,968050.0,96 97,-1.0,
base,active,,967767.0,968128.0,99 100,-1.0,
base,active,,967806.0,968128.0,28 29,-1.0,
base,active,,967806.0,968378.0,30 31,-1.0,
base,active,,967808.0,968378.0,94 95,-1.0,
base,active,967874.0,967874.0,967936.0,56 57 58 109 110 112 117 118,40420.0,False
base,active,,967936.0,968697.0,56 57 58 109 110 112 117 118,-1.0,
base,active,,968021.0,968697.0,105 106 107 127,-1.0,
base,active,968050.0,968050.0,968166.0,59 60 91 96 97 101 119 120,40422.0,False
base,active,968128.0,968128.0,979627.0,28 29 99 100,40424.0,False
base,active,,968166.0,968697.0,59 60 91 96 97 101 119 120,-1.0,
base,active,968378.0,968378.0,968733.0,30 31 94 95,40427.0,False
base,active,,968697.0,968724.0,44 45 47 48 49 50 51 52 53 54 55 61 62 92 111 113 115 116 121 122,-1.0,
base,active,963835.0,968697.0,969393.0,32 33 34 35 36 37 38 39 40 41 42 43 56 57 58 59 60 91 96 97 101 105 106 107 109 110 112 117 118 119 120 127,40363.0,False
base,active,,968724.0,968977.0,12 13 14 15,-1.0,
base,active,,968724.0,969330.0,16,-1.0,
base,active,,968724.0,969393.0,17 18 19 20 21 22 23 24 25 26 27 93 98 102 108,-1.0,
base,active,964876.0,968724.0,971586.0,0 1 2 3 4 5 6 7 8 9 10 11 44 45 47 48 49 50 51 52 53 54 55 61 62 92 111 113 115 116 121 122,40374.0,False
base,active,,968733.0,969393.0,30 31 94 95,-1.0,
base,active,968977.0,968977.0,969167.0,12 13 14 15,40433.0,False
base,active,,969167.0,969393.0,12 13 14 15,-1.0,
base,active,969330.0,969330.0,969351.0,16,40435.0,False
base,active,,969351.0,969393.0,16,-1.0,
base,active,965548.0,969393.0,969566.0,12 13 14 15 16 17 18 19 20 21 22 23 24 25 26 27 30 31 32 33 34 35 36 37 38 39 93 94 95 98 102 108,40382.0,False
base,active,,969393.0,969566.0,40 41 42 43 56 57 58 59 60 91 96 97 101 105 106 107 109 110 112 117 118 119 120 127,-1.0,
base,active,,969566.0,970628.0,20 21 22 23 24 25 26 27,-1.0,
base,active,,969566.0,970732.0,30,-1.0,
base,active,,969566.0,970766.0,31 32 33 34 35 36 37 38 39 93 94 95 98 102 108,-1.0,
base,active,965748.0,969566.0,971839.0,12 13 14 15 16 17 18 19 40 41 42 43 56 57 58 59 60 91 96 97 101 105 106 107 109 110 112 117 118 119 120 127,40389.0,False
base,active,,969849.0,971049.0,46 63 103 104,-1.0,
base,active,970628.0,970628.0,971144.0,20 21 22 23 24 25 26 27,40440.0,False
base,active,970732.0,970732.0,970752.0,30,40441.0,False
base,active,,970752.0,971144.0,30,-1.0,
base,switching_off,,970766.0,972566.0,31 32 33 34 35 36 37 38 39 93 94 95 98 102 108,-2.0,
base,active,971049.0,971049.0,971066.0,46,40443.0,False
base,switching_off,,971049.0,972849.0,63 103 104,-2.0,
base,active,,971066.0,971144.0,46,-1.0,
base,active,971086.0,971144.0,971184.0,20 21 30 46,40444.0,False
base,active,,971144.0,971240.0,22,-1.0,
base,active,,971144.0,971509.0,23 24 25 26,-1.0,
base,active,,971144.0,971531.0,27,-1.0,
base,active,,971184.0,971531.0,20,-1.0,
base,active,,971184.0,971586.0,21 30 46,-1.0,
base,active,971240.0,971240.0,971247.0,22,40445.0,False
base,active,,971247.0,971586.0,22,-1.0,
base,active,971509.0,971509.0,972569.0,23 24 25 26,40450.0,False
base,active,971531.0,971531.0,972572.0,20 27,40451.0,False
base,active,,971586.0,971839.0,115 116 121 122,-1.0,
base,active,966451.0,971586.0,972276.0,0 1 2 3 4 5 6 7 8 9 10 11 21 22 30 44 45 46 47 48 49 50 51 52 53 54 55 61 62 92 111 113,40403.0,False
base,active,,971839.0,972276.0,118 119 120 127,-1.0,
base,active,968051.0,971839.0,983415.0,12 13 14 15 16 17 18 19 40 41 42 43 56 57 58 59 60 91 96 97 101 105 106 107 109 110 112 115 116 117 121 122,40423.0,False
base,active,,972276.0,973476.0,92 111 113,-1.0,
base,active,968236.0,972276.0,975087.0,0 1 2 3 4 5 6 7 8 9 10 11 21 22 30 44 45 46 47 48 49 50 51 52 53 54 55 61 118 119 120 127,40426.0,False
base,active,,972276.0,975269.0,62,-1.0,
base,sleeping,,972566.0,972569.0,31 32 33 34 35 36 37 38 39 93 94 95 98 102 108,-4.0,
base,active,,972569.0,973769.0,23 24 25 26,-1.0,
base,switching_on,,972569.0,975269.0,31 32 33 34 35 36 37 38 39 93 94 95 98 102 108,-3.0,
base,active,,972572.0,973772.0,20 27,-1.0,
base,sleeping,,972849.0,973469.0,63,-4.0,
base,sleeping,,972849.0,975515.0,103 104,-4.0,
base,switching_on,,973469.0,976169.0,63,-3.0,
base,switching_off,,973476.0,975276.0,92 111 113,-2.0,
base,switching_off,,973769.0,975569.0,23 24 25 26,-2.0,
base,switching_off,,973772.0,975572.0,20 27,-2.0,
base,active,970597.0,974148.0,974695.0,64 65 66 67 68 69 70 71 72 73 74 75 76 77 78 79 80 81 82 83 84 85 86 87 88 89 90 114 123 124 125 126,40439.0,False
base,active,971314.0,974695.0,977576.0,64 65 66 67 68 69 70 71 72 73 74 75 76 77 78 79 80 81 82 83 84 85 86 87 88 89 90 114 123 124 125 126,40446.0,False
base,active,971930.0,975087.0,975605.0,0 1 2 3 4 5 6 7 8 9 10 11 21 22 30 44 45 46 47 48 49 50 51 52 53 54 55 61 118 119 120 127,40454.0,False
base,active,972506.0,975269.0,975515.0,39 62 93 94 95 98 102 108,40459.0,False
base,active,971962.0,975269.0,975756.0,31 32 33 34 35 36 37 38,40455.0,False
base,sleeping,,975276.0,975515.0,92 111 113,-4.0,
base,active,975223.0,975515.0,975534.0,98,40486.0,False
base,active,974362.0,975515.0,975536.0,95,40478.0,False
base,active,974198.0,975515.0,975538.0,94,40472.0,False
base,active,975452.0,975515.0,975538.0,108,40488.0,False
base,active,975226.0,975515.0,975545.0,102,40487.0,False
base,active,,975515.0,978215.0,39 62 93,-1.0,
base,switching_on,,975515.0,978215.0,92 103 104 111 113,-3.0,
base,active,,975534.0,975605.0,98,-1.0,
base,active,,975536.0,975605.0,95,-1.0,
base,active,,975538.0,975605.0,94 108,-1.0,
base,active,,975545.0,975605.0,102,-1.0,
base,sleeping,,975569.0,975634.0,23 24 25,-4.0,
base,sleeping,,975569.0,975655.0,26,-4.0,
base,sleeping,,975572.0,975634.0,20,-4.0,
base,sleeping,,975572.0,975655.0,27,-4.0,
base,active,972459.0,975605.0,975611.0,0 1 2 3 4 5 6 7 8 9 10 11 21 22 30 44 45 46 47 48 49 50 51 52 53 54 55 94 95 98 102 108,40457.0,False
base,active,,975605.0,975611.0,61 118 119 120 127,-1.0,
base,active,,975611.0,975756.0,94 95 98 102 108,-1.0,
base,active,972471.0,975611.0,975891.0,0 1 2 3 4 5 6 7 8 9 10 11 21 22 30 44 45 46 47 48 49 50 51 52 53 54 55 61 118 119 120 127,40458.0,False
base,switching_on,,975634.0,978334.0,20 23 24 25,-3.0,
base,switching_on,,975655.0,978355.0,26 27,-3.0,
base,active,974317.0,975756.0,975881.0,31 32 33 94 95 98 102 108,40476.0,False
base,active,,975756.0,975881.0,34 35 36 37 38,-1.0,
base,active,,975881.0,975891.0,94 95 98 102 108,-1.0,
base,active,975178.0,975881.0,976478.0,31 32 33 34 35 36 37 38,40485.0,False
base,active,973157.0,975891.0,976117.0,0 1 2 3 4 5 6 7 8 9 10 11 21 22 30 44 45 46 47 48 49 50 51 52 53 54 55 94 95 98 102 108,40466.0,False
base,active,,975891.0,976117.0,61 118 119 120 127,-1.0,
base,active,,976117.0,976141.0,11,-1.0,
base,active,973426.0,976117.0,976296.0,0 1 2 3 4 5 6 7 8 9 10 61 118 119 120 127,40467.0,False
base,active,,976117.0,976296.0,21 22 30 44 45 46 47 48 49 50 51 52 53 54 55 94 95 98 102 108,-1.0,
base,active,976141.0,976141.0,976161.0,11,40491.0,False
base,active,,976161.0,976296.0,11,-1.0,
base,active,973469.0,976169.0,976186.0,63,40468.0,False
base,active,,976186.0,976296.0,63,-1.0,
base,active,,976296.0,976478.0,10 61 118 119 120 127,-1.0,
base,active,973862.0,976296.0,976593.0,0 1 2 3 4 5 6 7 8 9 11 21 22 30 44 45 46 47 48 49 50 51 52 53 54 55 63 94 95 98 102 108,40470.0,False
base,active,,976478.0,976593.0,33 34 35 36 37 38,-1.0,
base,active,976466.0,976478.0,982151.0,10 31 32 61 118 119 120 127,40493.0,False
base,active,,976593.0,976608.0,63,-1.0,
base,active,974275.0,976593.0,976762.0,0 1 2 3 4 5 6 7 8 9 11 21 22 30 33 34 35 36 37 38 44 45 46 47 48 49 50 51 52 53 54 55,40475.0,False
base,active,,976593.0,976762.0,94 95 98 102 108,-1.0,
base,active,976608.0,976608.0,976626.0,63,40494.0,False
base,active,,976626.0,976762.0,63,-1.0,
base,active,,976762.0,977251.0,50,-1.0,
base,active,,976762.0,977576.0,51 52 53 54 55,-1.0,
base,active,974352.0,976762.0,979658.0,0 1 2 3 4 5 6 7 8 9 11 21 22 30 33 34 35 36 37 38 44 45 46 47 48 49 63 94 95 98 102 108,40477.0,False
base,active,977251.0,977251.0,977268.0,50,40495.0,False
base,active,,977268.0,977576.0,50,-1.0,
base,active,975131.0,977576.0,978218.0,50 51 52 53 54 55 64 65 66 67 68 69 70 71 72 73 74 75 76 77 78 79 80 81 82 83 84 85 86 87 88 89,40484.0,False
base,active,,977576.0,978218.0,90 114 123 124 125 126,-1.0,
base,active,973886.0,978215.0,978489.0,39 62 92 93 103 104 111 113,40471.0,False
base,active,,978218.0,979418.0,84 85 86 87 88 89,-1.0,
base,active,976440.0,978218.0,983917.0,50 51 52 53 54 55 64 65 66 67 68 69 70 71 72 73 74 75 76 77 78 79 80 81 82 83 90 114 123 124 125 126,40492.0,False
base,active,975634.0,978334.0,979393.0,20 23 24 25,40489.0,False
base,active,975655.0,978355.0,979395.0,26 27,40490.0,False
base,active,,978489.0,979500.0,39,-1.0,
base,active,,978489.0,979689.0,62 92 93 103 104 111 113,-1.0,
base,active,,979393.0,979721.0,20 23 24 25,-1.0,
base,active,,979395.0,979721.0,26 27,-1.0,
base,switching_off,,979418.0,981218.0,84 85 86 87 88 89,-2.0,
base,active,979500.0,979500.0,979514.0,39,40497.0,False
base,active,,979514.0,979721.0,39,-1.0,
base,active,,979627.0,979721.0,28 29 99 100,-1.0,
base,active,,979658.0,979721.0,0 1 2 3 4 5 6 7 8 9 11 21 22 30 33 34 35 36 37 38 44,-1.0,
base,active,,979658.0,979785.0,45 46 47 48,-1.0,
base,active,,979658.0,979802.0,49,-1.0,
base,active,,979658.0,979857.0,63,-1.0,
base,active,,979658.0,979881.0,94 95 98 102,-1.0,
base,active,,979658.0,979903.0,108,-1.0,
base,switching_off,,979689.0,981489.0,62 92 93 103 104 111 113,-2.0,
base,active,979721.0,979721.0,979959.0,0 1 2 3 4 5 6 7 8 9 11 20 21 22 23 24 25 26 27 28 29 30 33 34 35 36 37 38 39 44 99 100,40499.0,False
base,active,979785.0,979785.0,979961.0,45 46 47 48,40500.0,False
base,active,979802.0,979802.0,979845.0,49,40501.0,False
base,active,,979845.0,979903.0,49,-1.0,
base,active,979857.0,979857.0,979876.0,63,40502.0,False
base,active,,979876.0,979988.0,63,-1.0,
base,active,979881.0,979881.0,981978.0,94 95 98 102,40503.0,False
base,active,979903.0,979903.0,981980.0,49 108,40504.0,False
base,active,,979959.0,979988.0,0 1 2 3 4 5 6 7 8 9 11 20 21 22 23 24 25 26 27 28 29 30 33 34 35 36 37 38 39 44 99,-1.0,
base,active,,979959.0,980064.0,100,-1.0,
base,active,,979961.0,980064.0,45 46 47,-1.0,
base,active,,979961.0,980611.0,48,-1.0,
base,active,979988.0,979988.0,980583.0,0 1 2 3 4 5 6 7 8 9 11 20 21 22 23 24 25 26 27 28 29 30 33 34 35 36 37 38 39 44 63 99,40505.0,False
base,active,980064.0,980064.0,980584.0,45 46 47 100,40506.0,False
base,active,,980583.0,980611.0,0 1 2 3 4 5 6 7 8 9 11 20 21 22 23 24 25 26 27 28 29 30 33 34 35 36 37 38 39 44 63,-1.0,
base,active,,980583.0,980676.0,99,-1.0,
base,active,,980584.0,980676.0,45 46 47,-1.0,
base,active,,980584.0,981784.0,100,-1.0,
base,active,980611.0,980611.0,982172.0,0 1 2 3 4 5 6 7 8 9 11 20 21 22 23 24 25 26 27 28 29 30 33 34 35 36 37 38 39 44 48 63,40510.0,False
base,active,980676.0,980676.0,982161.0,45 46 47 99,40512.0,False
base,sleeping,,981218.0,985172.0,84 85 86 87 88 89,-4.0,
base,sleeping,,981489.0,985172.0,62 92 93 103 104 111 113,-4.0,
base,switching_off,,981784.0,983584.0,100,-2.0,
base,active,,981978.0,982070.0,94 95 98 102,-1.0,
base,active,,981980.0,982092.0,49 108,-1.0,
base,active,982070.0,982070.0,982150.0,94 95 98 102,40518.0,False
base,active,982092.0,982092.0,982144.0,49 108,40519.0,False
base,active,,982144.0,983344.0,49 108,-1.0,
base,active,,982150.0,983350.0,94 95 98 102,-1.0,
base,active,,982151.0,983351.0,10 31 32 61 118 119 120 127,-1.0,
base,active,,982161.0,983361.0,45 46 47 99,-1.0,
base,active,,982172.0,983372.0,0 1 2 3 4 5 6 7 8 9 11 20 21 22 23 24 25 26 27 28 29 30 33 34 35 36 37 38 39 44 48 63,-1.0,
base,switching_off,,983344.0,985144.0,49 108,-2.0,
base,switching_off,,983350.0,985150.0,94 95 98 102,-2.0,
base,switching_off,,983351.0,985151.0,10 31 32 61 118 119 120 127,-2.0,
base,switching_off,,983361.0,985161.0,45 46 47 99,-2.0,
base,switching_off,,983372.0,985172.0,0 1 2 3 4 5 6 7 8 9 11 20 21 22 23 24 25 26 27 28 29 30 33 34 35 36 37 38 39 44 48 63,-2.0,
base,active,,983415.0,983917.0,12 13 14 15 16 17 18 19 40 41 42 43 56 57 58 59 60 91 96 97 101 105 106 107 109 110 112 115 116 117 121 122,-1.0,
base,sleeping,,983584.0,985172.0,100,-4.0,
base,active,982148.0,983917.0,993816.0,12 13 14 15 16 17 18 19 40 41 42 43 50 51 52 53 54 55 56 57 58 59 60 64 65 66 67 68 69 70 71 72 73 74 75 76 77 78 79 80 81 82 83 90 91 96 97 101 105 106 107 109 110 112 114 115 116 117 121 122 123 124 125 126,40521.0,False
base,sleeping,,985144.0,985172.0,49 108,-4.0,
base,sleeping,,985150.0,985172.0,94 95 98 102,-4.0,
base,sleeping,,985151.0,985172.0,10 31 32 61 118 119 120 127,-4.0,
base,sleeping,,985161.0,985172.0,45 46 47 99,-4.0,
base,switching_on,,985172.0,987872.0,0 1 2 3 4 5 6 7 8 9 10 11 20 21 22 23 24 25 26 27 28 29 30 31 32 33 34 35 36 37 38 39 44 45 46 47 48 49 61 62 63 84 85 86 87 88 89 92 93 94 95 98 99 100 102 103 104 108 111 113 118 119 120 127,-3.0,
base,active,982195.0,987872.0,993605.0,0 1 2 3 4 5 6 7 8 9 10 11 20 21 22 23 24 25 26 27 28 29 30 31 32 33 34 35 36 37 38 39 44 45 46 47 48 49 61 62 63 84 85 86 87 88 89 92 93 94 95 98 99 100 102 103 104 108 111 113 118 119 120 127,40522.0,False
base,active,990666.0,993605.0,993614.0,85,40537.0,False
base,active,,993605.0,994805.0,86 87 88 89 92 93 94 95 98 99 100 102 103 104 108 111 113 118 119 120 127,-1.0,
base,active,987965.0,993605.0,995583.0,4 5,40524.0,False
base,active,987941.0,993605.0,995604.0,0 1 2 3,40523.0,False
base,active,988257.0,993605.0,997403.0,61 62 63 84,40527.0,False
base,active,988203.0,993605.0,997454.0,6 7 8 9 10 11 20 21 22 23 24 25 26 27 28 29 30 31 32 33 34 35 36 37 38 39 44 45 46 47 48 49,40526.0,False
base,active,,993614.0,994814.0,85,-1.0,
base,active,,993816.0,995016.0,12 13 14 15 16 17 18 19 40 41 42 43 50 51 52 53 54 55 56 57 58 59 60 64 65 66 67 68 69 70 71 72 73 74 75 76 77 78 79 80 81 82 83 90 91 96 97 101 105 106 107 109 110 112 114 115 116 117 121 122 123 124 125 126,-1.0,
base,switching_off,,994805.0,996605.0,86 87 88 89 92 93 94 95 98 99 100 102 103 104 108 111 113 118 119 120 127,-2.0,
base,switching_off,,994814.0,996614.0,85,-2.0,
base,switching_off,,995016.0,996816.0,12 13 14 15 16 17 18 19 40 41 42 43 50 51 52 53 54 55 56 57 58 59 60 64 65 66 67 68 69 70 71 72 73 74 75 76 77 78 79 80 81 82 83 90 91 96 97 101 105 106 107 109 110 112 114 115 116 117 121 122 123 124 125 126,-2.0,
base,active,,995583.0,996783.0,4 5,-1.0,
base,active,,995604.0,996804.0,0 1 2 3,-1.0,
base,sleeping,,996605.0,1000454.0,86 87 88 89 92 93 94 95 98 99 100 102 103 104 108 111 113 118 119 120 127,-4.0,
base,sleeping,,996614.0,1000454.0,85,-4.0,
base,switching_off,,996783.0,998583.0,4 5,-2.0,
base,switching_off,,996804.0,998604.0,0 1 2 3,-2.0,
base,sleeping,,996816.0,1000454.0,12 13 14 15 16 17 18 19 40 41 42 43 50 51 52 53 54 55 56 57 58 59 60 64 65 66 67 68 69 70 71 72 73 74 75 76 77 78 79 80 81 82 83 90 91 96 97 101 105 106 107 109 110 112 114 115 116 117 121 122 123 124 125 126,-4.0,
base,active,,997403.0,998603.0,61 62 63 84,-1.0,
base,active,,997454.0,998654.0,6 7 8 9 10 11 20 21 22 23 24 25 26 27 28 29 30 31 32 33 34 35 36 37 38 39 44 45 46 47 48 49,-1.0,
base,sleeping,,998583.0,1000454.0,4 5,-4.0,
base,switching_off,,998603.0,1000403.0,61 62 63 84,-2.0,
base,sleeping,,998604.0,1000454.0,0 1 2 3,-4.0,
base,switching_off,,998654.0,1000454.0,6 7 8 9 10 11 20 21 22 23 24 25 26 27 28 29 30 31 32 33 34 35 36 37 38 39 44 45 46 47 48 49,-2.0,
base,sleeping,,1000403.0,1000454.0,61 62 63 84,-4.0,
base,switching_on,,1000454.0,1003154.0,0 1 2 3 4 5 6 7 8 9 10 11 12 13 14 15 16 17 18 19 20 21 22 23 24 25 26 27 28 29 30 31 32 33 34 35 36 37 38 39 40 41 42 43 44 45 46 47 48 49 50 51 52 53 54 55 56 57 58 59 60 61 62 63 64 65 66 67 68 69 70 71 72 73 74 75 76 77 78 79 80 81 82 83 84 85 86 87 88 89 90 91 92 93 94 95 96 97 98 99 100 101 102 103 104 105 106 107 108 109 110 111 112 113 114 115 116 117 118 119 120 121 122 123 124 125 126 127,-3.0,
base,active,992059.0,1003154.0,1003260.0,0 1 2 3 4 5 6 7 8 9 10 11 12 13 14 15 16 17 18 19 20 21 22 23 24 25 26 27 28 29 30 31 32 33 34 35 36 37 38 39 40 41 42 43 44 45 46 47 48 49 50 51 52 53 54 55 56 57 58 59 60 61 62 63 64 65 66 67 68 69 70 71 72 73 74 75 76 77 78 79 80 81 82 83 84 85 86 87 88 89 90 91 92 93 94 95 96 97 98 99 100 101 102 103 104 105 106 107 108 109 110 111 112 113 114 115 116 117 118 119 120 121 122 123 124 125 126 127,40545.0,False
base,active,,1003260.0,1004460.0,100 101 102 103 104 105 106 107 108 109 110 111 112 113 114 115 116 117 118 119 120 121 122 123 124 125 126 127,-1.0,
base,active,992417.0,1003260.0,1012855.0,96 97 98 99,40552.0,False
base,active,992354.0,1003260.0,1012913.0,64 65 66 67 68 69 70 71 72 73 74 75 76 77 78 79 80 81 82 83 84 85 86 87 88 89 90 91 92 93 94 95,40550.0,False
base,active,992171.0,1003260.0,1013095.0,0 1 2 3 4 5 6 7 8 9 10 11 12 13 14 15 16 17 18 19 20 21 22 23 24 25 26 27 28 29 30 31 32 33 34 35 36 37 38 39 40 41 42 43 44 45 46 47 48 49 50 51 52 53 54 55 56 57 58 59 60 61 62 63,40546.0,False
base,switching_off,,1004460.0,1006260.0,100 101 102 103 104 105 106 107 108 109 110 111 112 113 114 115 116 117 118 119 120 121 122 123 124 125 126 127,-2.0,
base,sleeping,,1006260.0,1012855.0,100 101 102 103,-4.0,
base,sleeping,,1006260.0,1022922.0,104 105 106 107 108 109 110 111 112 113 114 115 116 117 118 119 120 121 122 123 124 125 126 127,-4.0,
base,active,,1012855.0,1013095.0,96 97 98 99,-1.0,
base,switching_on,,1012855.0,1015555.0,100 101 102 103,-3.0,
base,active,,1012913.0,1013095.0,64 65 66 67 68 69 70 71 72 73 74 75 76 77 78 79 80 81 82 83 84 85 86 87 88 89 90 91 92 93 94 95,-1.0,
base,active,,1013095.0,1014295.0,60 61 62 63,-1.0,
base,active,1002023.0,1013095.0,1022922.0,0 1 2 3 4 5 6 7 8 9 10 11 12 13 14 15 16 17 18 19 20 21 22 23 24 25 26 27 64 65 66 67 68 69 70 71 72 73 74 75 76 77 78 79 80 81 82 83 84 85 86 87 88 89 90 91 92 93 94 95 96 97 98 99,40624.0,False
base,active,1002309.0,1013095.0,1042199.0,28 29 30 31 32 33 34 35 36 37 38 39 40 41 42 43 44 45 46 47 48 49 50 51 52 53 54 55 56 57 58 59,40626.0,False
base,switching_off,,1014295.0,1016095.0,60 61 62 63,-2.0,
base,active,1002374.0,1015555.0,1044595.0,100 101 102 103,40627.0,False
base,sleeping,,1016095.0,1022922.0,60 61 62 63,-4.0,
base,active,1014484.0,1022922.0,1022952.0,0 1 2 3 4 5 6 7 8 9 10 11 12 13 14 15 16 17 18 19 20 21 22 23 24 25 26 27 64 65 66 67,40630.0,False
base,active,1016966.0,1022922.0,1022952.0,69,40648.0,False
base,active,,1022922.0,1022962.0,82 83 84 85 86 87 88 89 90 91 92 93 94 95 96 97,-1.0,
base,active,,1022922.0,1023228.0,98 99,-1.0,
base,active,1016070.0,1022922.0,1023792.0,68,40638.0,False
base,active,,1022922.0,1025622.0,70 71 72 73,-1.0,
base,switching_on,,1022922.0,1025622.0,60 61 62 63 104 105 106 107 108 109 110 111 112 113 114 115 116 117 118 119 120 121 122 123 124 125 126 127,-3.0,
base,active,1019485.0,1022922.0,1040874.0,74 75 76 77 78 79 80 81,40653.0,False
base,active,,1022952.0,1023228.0,0 1 2 3 4 5 6 7 8 9 10 11 12 13,-1.0,
base,active,,1022952.0,1023320.0,14 15 16 17 18 19 20 21 22 23 24 25 26 27 64 65 66 67 69,-1.0,
base,active,1022962.0,1022962.0,1023019.0,82 83 84 85 86 87 88 89 90 91 92 93 94 95 96 97,40665.0,False
base,active,,1023019.0,1023320.0,82 83 84 85 86 87 88 89 90 91 92 93 94,-1.0,
base,active,,1023019.0,1024219.0,95 96 97,-1.0,
base,active,1023228.0,1023228.0,1023302.0,0 1 2 3 4 5 6 7 8 9 10 11 12 13 98 99,40666.0,False
base,active,,1023302.0,1024502.0,0 1 2 3 4 5 6 7 8 9 10 11 12 13 98 99,-1.0,
base,active,1023320.0,1023320.0,1023403.0,14 15 16 17 18 19 20 21 22 23 24 25 26 27 64 65 66 67 69 82 83 84 85 86 87 88 89 90 91 92 93 94,40667.0,False
base,active,,1023403.0,1024603.0,14 15 16 17 18 19 20 21 22 23 24 25 26 27 64 65 66 67 69 82 83 84 85 86 87 88 89 90 91 92 93 94,-1.0,
base,active,,1023792.0,1024992.0,68,-1.0,
base,switching_off,,1024219.0,1026019.0,95 96 97,-2.0,
base,switching_off,,1024502.0,1026302.0,0 1 2 3 4 5 6 7 8 9 10 11 12 13 98 99,-2.0,
base,switching_off,,1024603.0,1026403.0,14 15 16 17 18 19 20 21 22 23 24 25 26 27 64 65 66 67 69 82 83 84 85 86 87 88 89 90 91 92 93 94,-2.0,
base,switching_off,,1024992.0,1026792.0,68,-2.0,
base,active,1019461.0,1025622.0,1043594.0,60 61 62 63 70 71 72 73 104 105 106 107 108 109 110 111 112 113 114 115 116 117 118 119 120 121 122 123 124 125 126 127,40652.0,False
base,sleeping,,1026019.0,1026302.0,95 96 97,-4.0,
base,switching_on,,1026302.0,1029002.0,0 1 2 3 4 5 6 7 8 9 10 11 12 13 95 96 97,-3.0,
base,sleeping,,1026302.0,1029018.0,98 99,-4.0,
base,sleeping,,1026403.0,1029018.0,18 19 20 21 22 23 24 25 26 27 64 65 66 67 69 82 83 84 85 86 87 88 89 90 91 92 93 94,-4.0,
base,switching_on,,1026403.0,1029103.0,14 15 16 17,-3.0,
base,sleeping,,1026792.0,1029018.0,68,-4.0,
base,active,1024876.0,1029002.0,1029018.0,97,40669.0,False
base,active,1024858.0,1029002.0,1029193.0,0 1 2 3 4 5 6 7 8 9 10 11 12 13 95 96,40668.0,False
base,active,,1029018.0,1031718.0,97,-1.0,
base,switching_on,,1029018.0,1031718.0,18 19 20 21 22 23 24 25 26 27 64 65 66 67 68 69 82 83 84 85 86 87 88 89 90 91 92 93 94 98 99,-3.0,
base,active,1025042.0,1029103.0,1029165.0,14 15 16 17,40670.0,False
base,active,1025800.0,1029165.0,1029184.0,14,40674.0,False
base,active,1029137.0,1029165.0,1029186.0,16,40702.0,False
base,active,1028988.0,1029165.0,1029189.0,15,40699.0,False
base,active,,1029165.0,1029189.0,17,-1.0,
base,active,,1029184.0,1029189.0,14,-1.0,
base,active,,1029186.0,1029189.0,16,-1.0,
base,active,1027669.0,1029189.0,1029231.0,14 15 16 17,40692.0,False
base,active,,1029193.0,1029202.0,12,-1.0,
base,active,,1029193.0,1029222.0,13,-1.0,
base,active,1027550.0,1029193.0,1029245.0,0 1 2 3 4 5 6 7,40689.0,False
base,active,1028367.0,1029193.0,1029247.0,8 9 10 11,40694.0,False
base,active,,1029193.0,1029668.0,95,-1.0,
base,active,,1029193.0,1029735.0,96,-1.0,
base,active,1029202.0,1029202.0,1029228.0,12,40703.0,False
base,active,1029222.0,1029222.0,1029243.0,13,40704.0,False
base,active,,1029228.0,1029967.0,12,-1.0,
base,active,,1029231.0,1030008.0,14,-1.0,
base,active,,1029231.0,1030011.0,15,-1.0,
base,active,,1029231.0,1030041.0,16,-1.0,
base,active,,1029231.0,1030205.0,17,-1.0,
base,active,,1029243.0,1030205.0,13,-1.0,
base,active,,1029245.0,1030205.0,0 1 2 3 4 5,-1.0,
base,active,,1029245.0,1030440.0,6,-1.0,
base,active,,1029245.0,1030445.0,7,-1.0,
base,active,,1029247.0,1030447.0,8 9 10 11,-1.0,
base,active,1029668.0,1029668.0,1029689.0,95,40706.0,False
base,active,,1029689.0,1030645.0,95,-1.0,
base,active,1029735.0,1029735.0,1029739.0,96,40707.0,False
base,active,,1029739.0,1030645.0,96,-1.0,
base,active,1029967.0,1029967.0,1029972.0,12,40708.0,False
base,active,,1029972.0,1030645.0,12,-1.0,
base,active,1030008.0,1030008.0,1030024.0,14,40710.0,False
base,active,1030011.0,1030011.0,1030032.0,15,40711.0,False
base,active,,1030024.0,1030645.0,14,-1.0,
base,active,,1030032.0,1030796.0,15,-1.0,
base,active,1030041.0,1030041.0,1030063.0,16,40712.0,False
base,active,,1030063.0,1030796.0,16,-1.0,
base,active,1030205.0,1030205.0,1030880.0,0 1 2 3 4 5 13 17,40714.0,False
base,active,1030440.0,1030440.0,1030449.0,6,40716.0,False
base,switching_off,,1030445.0,1032245.0,7,-2.0,
base,switching_off,,1030447.0,1032247.0,8 9 10 11,-2.0,
base,active,,1030449.0,1030796.0,6,-1.0,
base,active,1030645.0,1030645.0,1030689.0,12 14 95 96,40720.0,False
base,active,,1030689.0,1030796.0,12,-1.0,
base,active,,1030689.0,1030919.0,14 95 96,-1.0,
base,active,1030796.0,1030796.0,1030822.0,6 12 15 16,40722.0,False
base,active,,1030822.0,1030919.0,6,-1.0,
base,active,,1030822.0,1030930.0,12 15 16,-1.0,
base,active,,1030880.0,1030930.0,0 1 2 3 4,-1.0,
base,active,,1030880.0,1031095.0,5 13 17,-1.0,
base,active,1030919.0,1030919.0,1030966.0,6 14 95 96,40723.0,False
base,active,1030930.0,1030930.0,1031566.0,0 1 2 3 4 12 15 16,40724.0,False
base,active,,1030966.0,1031095.0,6,-1.0,
base,active,,1030966.0,1031526.0,14,-1.0,
base,active,,1030966.0,1031563.0,95,-1.0,
base,active,,1030966.0,1031624.0,96,-1.0,
base,active,1031095.0,1031095.0,1031124.0,5 6 13 17,40726.0,False
base,active,,1031124.0,1031624.0,5 6 13 17,-1.0,
base,active,1031526.0,1031526.0,1031542.0,14,40731.0,False
base,active,,1031542.0,1031624.0,14,-1.0,
base,active,1031563.0,1031563.0,1031582.0,95,40732.0,False
base,active,,1031566.0,1031624.0,0 1,-1.0,
base,active,,1031566.0,1031755.0,2 3 4 12,-1.0,
base,active,,1031566.0,1031790.0,15 16,-1.0,
base,active,,1031582.0,1031790.0,95,-1.0,
base,active,1031624.0,1031624.0,1032277.0,0 1 5 6 13 14 17 96,40733.0,False
base,active,1025142.0,1031718.0,1031790.0,18 19 20 21 22 23 24 25 26 27 64 65 66 67 68 69 82 83 84 85 86 87 88 89 90 91 92 93 94 97 98 99,40671.0,False
base,active,1031755.0,1031755.0,1031791.0,2 3 4 12,40734.0,False
base,active,1025339.0,1031790.0,1031819.0,15 16 18 19 20 21 22 23 24 25 26 27 64 65 66 67 68 69 82 83 84 85 86 87 88 89 90 91 92 93 94 95,40672.0,False
base,active,,1031790.0,1031819.0,97 98 99,-1.0,
base,active,,1031791.0,1031819.0,2 3 4 12,-1.0,
base,active,,1031819.0,1031867.0,89 90 91 92,-1.0,
base,active,,1031819.0,1031901.0,93 94 95,-1.0,
base,active,1026026.0,1031819.0,1041057.0,2 3 4 12 15 16 18 19 20 21 22 23 24 25 26 27 64 65 66 67 68 69 82 83 84 85 86 87 88 97 98 99,40676.0,False
base,active,1031867.0,1031867.0,1031893.0,89 90 91 92,40736.0,False
base,active,,1031893.0,1031901.0,89,-1.0,
base,active,,1031893.0,1031972.0,90 91 92,-1.0,
base,active,1031901.0,1031901.0,1031927.0,89 93 94 95,40737.0,False
base,active,,1031927.0,1031972.0,89,-1.0,
base,active,,1031927.0,1032026.0,93 94 95,-1.0,
base,active,1031972.0,1031972.0,1032010.0,89 90 91 92,40738.0,False
base,active,,1032010.0,1032026.0,89,-1.0,
base,active,,1032010.0,1032499.0,90 91 92,-1.0,
base,active,1032026.0,1032026.0,1032064.0,89 93 94 95,40739.0,False
base,active,,1032064.0,1032499.0,89 93 94 95,-1.0,
base,sleeping,,1032245.0,1032661.0,7,-4.0,
base,sleeping,,1032247.0,1032661.0,8 9 10 11,-4.0,
base,active,,1032277.0,1032499.0,0,-1.0,
base,active,,1032277.0,1032696.0,13,-1.0,
base,active,,1032277.0,1032746.0,14 17 96,-1.0,
base,active,,1032277.0,1035361.0,1 5 6,-1.0,
base,active,1032499.0,1032499.0,1033136.0,0 89 90 91 92 93 94 95,40744.0,False
base,switching_on,,1032661.0,1035361.0,7 8 9 10 11,-3.0,
base,active,1032696.0,1032696.0,1032713.0,13,40747.0,False
base,active,,1032713.0,1032746.0,13,-1.0,
base,active,1032746.0,1032746.0,1032787.0,13 14 17 96,40748.0,False
base,active,,1032787.0,1033091.0,13,-1.0,
base,active,,1032787.0,1033575.0,14 17 96,-1.0,
base,active,1033091.0,1033091.0,1033097.0,13,40750.0,False
base,active,,1033097.0,1033575.0,13,-1.0,
base,active,,1033136.0,1033580.0,0 89 90 91,-1.0,
base,active,,1033136.0,1033724.0,92 93 94 95,-1.0,
base,active,1033575.0,1033575.0,1033594.0,13 14 17 96,40751.0,False
base,active,1033580.0,1033580.0,1033926.0,0 89 90 91,40752.0,False
base,active,,1033594.0,1033827.0,13 14 17 96,-1.0,
base,active,1033724.0,1033724.0,1033767.0,92 93 94 95,40754.0,False
base,active,,1033767.0,1033977.0,92 93 94 95,-1.0,
base,active,1033827.0,1033827.0,1033878.0,13 14 17 96,40755.0,False
base,active,,1033878.0,1034151.0,13 14 17 96,-1.0,
base,active,,1033926.0,1034213.0,0 89 90 91,-1.0,
base,active,1033977.0,1033977.0,1034339.0,92 93 94 95,40756.0,False
base,active,1034151.0,1034151.0,1034204.0,13 14 17 96,40757.0,False
base,active,,1034204.0,1034217.0,13,-1.0,
base,active,,1034204.0,1034485.0,96,-1.0,
base,active,,1034204.0,1034586.0,17,-1.0,
base,active,,1034204.0,1035144.0,14,-1.0,
base,active,1034213.0,1034213.0,1034265.0,0 89 90 91,40759.0,False
base,active,1034217.0,1034217.0,1034244.0,13,40760.0,False
base,active,,1034244.0,1035144.0,13,-1.0,
base,active,,1034265.0,1034485.0,89 90 91,-1.0,
base,active,,1034265.0,1035144.0,0,-1.0,
base,active,,1034339.0,1034485.0,92 93 94 95,-1.0,
base,active,1034485.0,1034485.0,1034505.0,89 90 91 92,40767.0,False
base,active,1034479.0,1034485.0,1036158.0,93 94 95 96,40766.0,False
base,active,,1034505.0,1034586.0,89 90 91 92,-1.0,
base,active,1034586.0,1034586.0,1034590.0,17 89 90 91,40769.0,False
base,active,1034576.0,1034586.0,1034607.0,92,40768.0,False
base,active,,1034590.0,1034808.0,17 89 90 91,-1.0,
base,active,,1034607.0,1034808.0,92,-1.0,
base,active,1034808.0,1034808.0,1034815.0,17,40771.0,False
base,active,1034618.0,1034808.0,1035120.0,89 90 91 92,40770.0,False
base,active,,1034815.0,1035144.0,17,-1.0,
base,active,,1035120.0,1035144.0,89 90 91 92,-1.0,
base,active,1034966.0,1035144.0,1035147.0,89 90 91 92,40772.0,False
base,active,1035144.0,1035144.0,1035487.0,0 13 14 17,40774.0,False
base,active,,1035147.0,1035276.0,91 92,-1.0,
base,active,,1035147.0,1036118.0,89 90,-1.0,
base,active,1035276.0,1035276.0,1035294.0,91,40776.0,False
base,active,1035267.0,1035276.0,1035301.0,92,40775.0,False
base,active,,1035294.0,1036118.0,91,-1.0,
base,active,,1035301.0,1035862.0,92,-1.0,
base,active,1032661.0,1035361.0,1035449.0,1 5 6 7 8 9 10 11,40746.0,False
base,active,,1035449.0,1036519.0,11,-1.0,
base,active,,1035449.0,1036649.0,1 5 6 7 8 9 10,-1.0,
base,active,,1035487.0,1036519.0,13 14 17,-1.0,
base,active,,1035487.0,1036687.0,0,-1.0,
base,active,1035862.0,1035862.0,1035871.0,92,40780.0,False
base,active,,1035871.0,1036118.0,92,-1.0,
base,active,1036118.0,1036118.0,1036266.0,89 90 91 92,40784.0,False
base,active,,1036158.0,1036272.0,93 94 95 96,-1.0,
base,active,,1036266.0,1036311.0,89 90 91 92,-1.0,
base,active,1036272.0,1036272.0,1038904.0,93 94 95 96,40787.0,False
base,active,1036311.0,1036311.0,1036352.0,89 90 91 92,40788.0,False
base,active,,1036352.0,1036390.0,89 90 91 92,-1.0,
base,active,1036390.0,1036390.0,1036435.0,89 90 91 92,40789.0,False
base,active,,1036435.0,1036508.0,89 90 91 92,-1.0,
base,active,1036508.0,1036508.0,1036570.0,89 90 91 92,40790.0,False
base,active,1036519.0,1036519.0,1036606.0,11 13 14 17,40791.0,False
base,active,,1036570.0,1036734.0,89 90 91 92,-1.0,
base,active,,1036606.0,1036734.0,11 13 14 17,-1.0,
base,switching_off,,1036649.0,1038449.0,1 5 6 7 8 9 10,-2.0,
base,switching_off,,1036687.0,1038487.0,0,-2.0,
base,active,1036734.0,1036734.0,1036802.0,11 13 14 17 89 90 91 92,40793.0,False
base,active,,1036802.0,1036928.0,11,-1.0,
base,active,,1036802.0,1037079.0,13,-1.0,
base,active,,1036802.0,1037101.0,14,-1.0,
base,active,,1036802.0,1037242.0,17 89 90 91,-1.0,
base,active,,1036802.0,1037287.0,92,-1.0,
base,active,1036928.0,1036928.0,1036944.0,11,40795.0,False
base,active,,1036944.0,1037287.0,11,-1.0,
base,active,1037079.0,1037079.0,1037120.0,13,40797.0,False
base,active,1037101.0,1037101.0,1037107.0,14,40798.0,False
base,active,,1037107.0,1037287.0,14,-1.0,
base,active,,1037120.0,1037287.0,13,-1.0,
base,active,1037242.0,1037242.0,1037287.0,17 89 90 91,40801.0,False
base,active,1037281.0,1037287.0,1037346.0,11 13 14 17 89 90 91 92,40802.0,False
base,active,,1037346.0,1037391.0,11 13 14 17 89 90 91 92,-1.0,
base,active,1037391.0,1037391.0,1037457.0,11 13 14 17 89 90 91 92,40803.0,False
base,active,1037412.0,1037457.0,1037516.0,11 13 14 17,40804.0,False
base,active,,1037457.0,1037516.0,89 90 91 92,-1.0,
base,active,1037510.0,1037516.0,1037571.0,11 13 14 17 89 90 91 92,40805.0,False
base,active,,1037571.0,1037652.0,11 13 14 17 89 90 91 92,-1.0,
base,active,1037652.0,1037652.0,1037724.0,11 13 14 17 89 90 91 92,40808.0,False
base,active,1037715.0,1037724.0,1037796.0,11 13 14 17 89 90 91 92,40810.0,False
base,active,1037718.0,1037796.0,1037858.0,11 13 14 17,40811.0,False
base,active,,1037796.0,1037966.0,89,-1.0,
base,active,,1037796.0,1038007.0,90 91,-1.0,
base,active,,1037796.0,1038351.0,92,-1.0,
base,active,,1037858.0,1038391.0,11 13 14 17,-1.0,
base,active,1037966.0,1037966.0,1037972.0,89,40814.0,False
base,active,,1037972.0,1038391.0,89,-1.0,
base,active,1038007.0,1038007.0,1038149.0,90 91,40815.0,False
base,active,,1038149.0,1038391.0,90 91,-1.0,
base,active,1038351.0,1038351.0,1038368.0,92,40819.0,False
base,active,,1038368.0,1038391.0,92,-1.0,
base,active,1038391.0,1038391.0,1044822.0,11 13 14 17 89 90 91 92,40820.0,False
base,sleeping,,1038449.0,1038904.0,1 5,-4.0,
base,sleeping,,1038449.0,1039027.0,6 7 8 9,-4.0,
base,sleeping,,1038449.0,1039038.0,10,-4.0,
base,sleeping,,1038487.0,1038904.0,0,-4.0,
base,active,,1038904.0,1040104.0,96,-1.0,
base,switching_on,,1038904.0,1041604.0,0 1 5,-3.0,
base,active,,1038904.0,1041738.0,93 94 95,-1.0,
base,switching_on,,1039027.0,1041727.0,6 7 8 9,-3.0,
base,switching_on,,1039038.0,1041738.0,10,-3.0,
base,switching_off,,1040104.0,1041904.0,96,-2.0,
base,active,1038583.0,1040874.0,1040946.0,74 75 76 77 78 79 80 81,40822.0,False
base,active,1039425.0,1040946.0,1040985.0,78 79 80 81,40836.0,False
base,active,1039046.0,1040946.0,1041164.0,74 75 76 77,40828.0,False
base,active,1039571.0,1040985.0,1041028.0,78 79 80 81,40839.0,False
base,active,1039851.0,1041028.0,1041055.0,78 79 80 81,40842.0,False
base,active,1040003.0,1041055.0,1041103.0,78 79 80 81,40843.0,False
base,active,1034393.0,1041057.0,1042821.0,2 3 4 12 15 16 18 19 20 21 22 23 24 25 26 27 64 65 66 67 68 69 82 83 84 85 86 87 88 97 98 99,40764.0,False
base,active,1040398.0,1041103.0,1043307.0,78 79 80 81,40847.0,False
base,active,1040616.0,1041164.0,1041209.0,76,40849.0,False
base,active,,1041164.0,1041343.0,77,-1.0,
base,active,1040427.0,1041164.0,1043344.0,74 75,40848.0,False
base,active,,1041209.0,1041761.0,76,-1.0,
base,active,1041343.0,1041343.0,1041369.0,77,40860.0,False
base,active,,1041369.0,1041761.0,77,-1.0,
base,active,1038535.0,1041604.0,1041626.0,0,40821.0,False
base,active,1038698.0,1041604.0,1041797.0,1 5,40823.0,False
base,active,,1041626.0,1041761.0,0,-1.0,
base,active,1039027.0,1041727.0,1041757.0,6 7 8 9,40826.0,False
base,active,1039038.0,1041738.0,1041761.0,10 93 94 95,40827.0,False
base,active,,1041757.0,1041761.0,6 7 8 9,-1.0,
base,active,,1041761.0,1042199.0,93 94 95,-1.0,
base,active,1039226.0,1041761.0,1042667.0,0 6 7 8 9 10 76 77,40830.0,False
base,active,,1041797.0,1042199.0,1 5,-1.0,
base,sleeping,,1041904.0,1042667.0,96,-4.0,
base,active,1035508.0,1042199.0,1043766.0,1 5 28 29 30 31 32 33 34 35 36 37 38 39 40 41 42 43 44 45 46 47 48 49 50 51 52 53 54 93 94 95,40777.0,False
base,active,,1042199.0,1045367.0,55 56 57 58 59,-1.0,
base,active,,1042667.0,1042821.0,7 8 9 10 76 77,-1.0,
base,active,,1042667.0,1045367.0,0 6,-1.0,
base,switching_on,,1042667.0,1045367.0,96,-3.0,
base,active,,1042821.0,1043594.0,86 87 88 97 98 99,-1.0,
base,active,1036178.0,1042821.0,1045246.0,2 3 4 7 8 9 10 12 15 16 18 19 20 21 22 23 24 25 26 27 64 65 66 67 68 69 76 77 82 83 84 85,40785.0,False
base,active,,1043307.0,1043594.0,78 79 80 81,-1.0,
base,active,,1043344.0,1043594.0,74 75,-1.0,
base,active,1042933.0,1043594.0,1043601.0,119,40870.0,False
base,active,1043527.0,1043594.0,1043625.0,117,40884.0,False
base,active,1040635.0,1043594.0,1043631.0,120 121 122 123 124 125 126 127,40850.0,False
base,active,1043018.0,1043594.0,1043636.0,118,40873.0,False
base,active,1036854.0,1043594.0,1043666.0,60 61 62 63 74 75 78 79 80 81 86 87 88 97 98 99,40794.0,False
base,active,1037006.0,1043594.0,1043746.0,70 71 72 73 104 105 106 107 108 109 110 111 112 113 114 115,40796.0,False
base,active,,1043594.0,1043746.0,116,-1.0,
base,active,,1043601.0,1043746.0,119,-1.0,
base,active,,1043625.0,1043746.0,117,-1.0,
base,active,,1043631.0,1043746.0,120 121 122 123 124 125 126 127,-1.0,
base,active,,1043636.0,1043746.0,118,-1.0,
base,active,,1043666.0,1043746.0,60 61 62 63 74 75 78 79 80 81 86 87 88 97 98 99,-1.0,
base,active,1043013.0,1043746.0,1043804.0,112 113 114 115,40872.0,False
base,active,1040395.0,1043746.0,1043951.0,104 105 106 107 108 109 110 111,40846.0,False
base,active,1037162.0,1043746.0,1045938.0,60 61 62 63 70 71 72 73 74 75 78 79 80 81 86 87 88 97 98 99 116 117 118 119 120 121 122 123 124 125 126 127,40799.0,False
base,active,1038198.0,1043766.0,1043885.0,1 5 28 29 30 31 32 33 34 35 36 37 38 39 40 41 42 43 44 45 46 47 48 49 50 51 52 53 54 93 94 95,40816.0,False
base,active,1043404.0,1043804.0,1043878.0,114,40881.0,False
base,active,1043049.0,1043804.0,1043880.0,112,40874.0,False
base,active,1043602.0,1043804.0,1043915.0,115,40885.0,False
base,active,1043230.0,1043804.0,1043951.0,113,40878.0,False
base,active,,1043878.0,1043880.0,114,-1.0,
base,active,1043429.0,1043880.0,1046225.0,112 114,40882.0,False
base,active,1038343.0,1043885.0,1050362.0,1 5 28 29 30 31 32 33 34 35 36 37 38 39 40 41 42 43 44 45 46 47 48 49 50 51 52 53 54 93 94 95,40818.0,False
base,active,,1043915.0,1043951.0,115,-1.0,
base,active,1040713.0,1043951.0,1044081.0,104 105 106 107 108 109 110 115,40852.0,False
base,active,,1043951.0,1044081.0,111 113,-1.0,
base,active,1041000.0,1044081.0,1044129.0,104 105 106 107 108 109 111 113,40853.0,False
base,active,,1044081.0,1044129.0,110 115,-1.0,
base,active,1041061.0,1044129.0,1044255.0,104 105 106 107 108 109 110 115,40855.0,False
base,active,,1044129.0,1044255.0,111 113,-1.0,
base,active,,1044255.0,1044466.0,110,-1.0,
base,active,1041242.0,1044255.0,1044471.0,104 105 106 107 108 109 111 113,40858.0,False
base,active,,1044255.0,1044471.0,115,-1.0,
base,active,1044466.0,1044466.0,1044475.0,110,40891.0,False
base,active,,1044471.0,1044595.0,113,-1.0,
base,active,1042511.0,1044471.0,1045385.0,104 105 106 107 108 109 111 115,40865.0,False
base,active,,1044475.0,1044595.0,110,-1.0,
base,active,1043093.0,1044595.0,1044640.0,100 101 110 113,40875.0,False
base,active,,1044595.0,1044640.0,102 103,-1.0,
base,active,,1044640.0,1044822.0,110 113,-1.0,
base,active,1043220.0,1044640.0,1049217.0,100 101 102 103,40877.0,False
base,active,,1044822.0,1044849.0,91,-1.0,
base,active,1043351.0,1044822.0,1044906.0,11 13 110 113,40879.0,False
base,active,,1044822.0,1044906.0,92,-1.0,
base,active,1043397.0,1044822.0,1047196.0,14 17 89 90,40880.0,False
base,active,1044849.0,1044849.0,1045343.0,91,40898.0,False
base,active,,1044906.0,1044921.0,113,-1.0,
base,active,1043933.0,1044906.0,1044956.0,11 13 92 110,40887.0,False
base,active,1044921.0,1044921.0,1044947.0,113,40900.0,False
base,active,,1044947.0,1044956.0,113,-1.0,
base,active,1044005.0,1044956.0,1045016.0,11 13 92 113,40888.0,False
base,active,,1044956.0,1045016.0,110,-1.0,
base,active,,1045016.0,1045067.0,113,-1.0,
base,active,1044157.0,1045016.0,1045204.0,11 13 92 110,40890.0,False
base,active,1045067.0,1045067.0,1045074.0,113,40902.0,False
base,active,,1045074.0,1045204.0,113,-1.0,
base,active,,1045204.0,1045246.0,110,-1.0,
base,active,1044496.0,1045204.0,1045266.0,11 13 92 113,40893.0,False
base,active,,1045246.0,1045266.0,85,-1.0,
base,active,1038909.0,1045246.0,1045366.0,2 3 4 7 8 9 10 12 15 16 18 19 20 21 22 23 24 25 26 27 64 65 66 67 68 69 76 77 82 83 84 110,40825.0,False
base,active,,1045266.0,1045295.0,113,-1.0,
base,active,1044597.0,1045266.0,1045351.0,11 13 85 92,40894.0,False
base,active,1045295.0,1045295.0,1045330.0,113,40905.0,False
base,active,,1045330.0,1045343.0,113,-1.0,
base,active,1044870.0,1045343.0,1045485.0,91 113,40899.0,False
base,active,1044688.0,1045351.0,1045414.0,11 13 85 92,40895.0,False
base,active,1039329.0,1045366.0,1045491.0,2 3 4 7 8 9 10 12 15 16 18 19 20 21 22 23 24 25 26 27 64 65 66 67 68 69 76 77 82 83 84 110,40833.0,False
base,active,1039284.0,1045367.0,1045581.0,0 6 55 56 57 58 59 96,40832.0,False
base,active,1043718.0,1045385.0,1045453.0,104 105 106 107 108 109 111 115,40886.0,False
base,active,1045379.0,1045414.0,1045422.0,11,40907.0,False
base,active,,1045414.0,1045422.0,13,-1.0,
base,active,,1045414.0,1045453.0,85 92,-1.0,
base,active,,1045422.0,1045453.0,11,-1.0,
base,active,1045422.0,1045422.0,1045496.0,13,40909.0,False
base,active,,1045453.0,1045491.0,109 111 115,-1.0,
base,active,1044075.0,1045453.0,1045531.0,11 85 92 104 105 106 107 108,40889.0,False
base,active,,1045485.0,1045491.0,91 113,-1.0,
base,active,,1045491.0,1045531.0,77 82 83 84 110,-1.0,
base,active,1039370.0,1045491.0,1047459.0,2 3 4 7 8 9 10 12 15 16 18 19 20 21 22 23 24 25 26 27 64 65 66 67 68 69 76 91 109 111 113 115,40835.0,False
base,active,,1045496.0,1045531.0,13,-1.0,
base,active,,1045531.0,1045650.0,92 104 105 106 107 108,-1.0,
base,active,1045413.0,1045531.0,1048514.0,11 13 77 82 83 84 85 110,40908.0,False
base,active,,1045581.0,1045650.0,0 6,-1.0,
base,active,,1045581.0,1045743.0,55 56 57 58 59 96,-1.0,
base,active,1045650.0,1045650.0,1045688.0,0 6 92 104 105 106 107 108,40911.0,False
base,active,,1045688.0,1045743.0,0 6,-1.0,
base,active,,1045688.0,1045938.0,92 104 105 106 107 108,-1.0,
base,active,1045743.0,1045743.0,1046097.0,0 6 55 56 57 58 59 96,40913.0,False
base,active,,1045938.0,1045948.0,122,-1.0,
base,active,,1045938.0,1046051.0,123 124,-1.0,
base,active,,1045938.0,1046138.0,125,-1.0,
base,active,,1045938.0,1046176.0,126,-1.0,
base,active,,1045938.0,1046235.0,127,-1.0,
base,active,1039751.0,1045938.0,1046318.0,60 61 62 63 70 71 72 73 74 75 78 79 80 81 86 87 88 92 97 98 99 104 105 106 107 108 116 117 118 119 120 121,40840.0,False
base,active,1045948.0,1045948.0,1046047.0,122,40917.0,False
base,active,,1046047.0,1046235.0,122,-1.0,
base,active,1046051.0,1046051.0,1046350.0,123 124,40918.0,False
base,active,,1046097.0,1046235.0,0 6 55 56 57 58,-1.0,
base,active,,1046097.0,1046318.0,59 96,-1.0,
base,active,1046138.0,1046138.0,1046142.0,125,40920.0,False
base,active,,1046142.0,1046318.0,125,-1.0,
base,active,1046176.0,1046176.0,1046342.0,126,40921.0,False
base,active,,1046225.0,1046318.0,112 114,-1.0,
base,active,1046235.0,1046235.0,1046307.0,0 6 55 56 57 58 122 127,40922.0,False
base,active,,1046307.0,1046318.0,0 6 55 56 57 58 122 127,-1.0,
base,active,,1046318.0,1046350.0,98 99 104 105 106 107 108 116 117 118 119 120 121,-1.0,
base,active,1041375.0,1046318.0,1048342.0,0 6 55 56 57 58 59 60 61 62 63 70 71 72 73 74 75 78 79 80 81 86 87 88 92 96 97 112 114 122 125 127,40861.0,False
base,active,,1046342.0,1046350.0,126,-1.0,
base,active,1045106.0,1046350.0,1046444.0,98 99 104 105 106 107 108 116 117 118 119 120 121 123 124 126,40903.0,False
base,active,,1046444.0,1046491.0,98 99 104 105 106 107 108 116,-1.0,
base,active,,1046444.0,1046495.0,117 118 119 120 121 123 124 126,-1.0,
base,active,1046491.0,1046491.0,1048741.0,98 99 104 105 106 107 108 116,40924.0,False
base,active,1046495.0,1046495.0,1046615.0,117 118 119 120 121 123 124 126,40926.0,False
base,active,,1046615.0,1046669.0,118,-1.0,
base,active,1046546.0,1046615.0,1046686.0,117,40927.0,False
base,active,,1046615.0,1046751.0,119,-1.0,
base,active,,1046615.0,1046753.0,120 121 123 124,-1.0,
base,active,,1046615.0,1046957.0,126,-1.0,
base,active,1046669.0,1046669.0,1046697.0,118,40929.0,False
base,active,,1046686.0,1046969.0,117,-1.0,
base,active,,1046697.0,1046969.0,118,-1.0,
base,active,1046751.0,1046751.0,1046802.0,119,40931.0,False
base,active,1046753.0,1046753.0,1046765.0,120 121 123 124,40932.0,False
base,active,,1046765.0,1046969.0,120 121,-1.0,
base,active,,1046765.0,1046992.0,123 124,-1.0,
base,active,,1046802.0,1047295.0,119,-1.0,
base,active,1046957.0,1046957.0,1046965.0,126,40933.0,False
base,active,,1046965.0,1047416.0,126,-1.0,
base,active,1046969.0,1046969.0,1047078.0,117 118 120 121,40934.0,False
base,active,1046992.0,1046992.0,1047080.0,123 124,40935.0,False
base,active,,1047078.0,1047416.0,117 118 120 121,-1.0,
base,active,,1047080.0,1047416.0,123 124,-1.0,
base,active,,1047196.0,1047416.0,14,-1.0,
base,active,,1047196.0,1047427.0,17,-1.0,
base,active,,1047196.0,1047459.0,89 90,-1.0,
base,active,1047295.0,1047295.0,1047347.0,119,40937.0,False
base,active,,1047347.0,1047459.0,119,-1.0,
base,active,1047416.0,1047416.0,1047509.0,14 117 118 120 121 123 124 126,40938.0,False
base,active,1047427.0,1047427.0,1047492.0,17,40939.0,False
base,active,,1047459.0,1047528.0,111 113 115,-1.0,
base,active,1043154.0,1047459.0,1052101.0,2 3 4 7 8 9 10 12 15 16 18 19 20 21 22 23 24 25 26 27 64 65 66 67 68 69 76 89 90 91 109 119,40876.0,False
base,active,,1047492.0,1047528.0,17,-1.0,
base,active,,1047509.0,1047549.0,14 117,-1.0,
base,active,,1047509.0,1047837.0,118,-1.0,
base,active,,1047509.0,1048342.0,120 121 123 124 126,-1.0,
base,active,1047528.0,1047528.0,1049677.0,17 111 113 115,40940.0,False
base,active,1047549.0,1047549.0,1049680.0,14 117,40941.0,False
base,active,1047837.0,1047837.0,1047870.0,118,40942.0,False
base,active,,1047870.0,1048342.0,118,-1.0,
base,active,,1048342.0,1048514.0,97 112 114 122 125 127,-1.0,
base,active,1043437.0,1048342.0,1049817.0,0 6 55 56 57 58 59 60 61 62 63 70 71 72 73 74 75 78 79 80 81 86 87 88 92 96 118 120 121 123 124 126,40883.0,False
base,active,1047866.0,1048514.0,1048592.0,85 97 110 112 114 122 125 127,40943.0,False
base,active,,1048514.0,1049680.0,11 13 77 82 83 84,-1.0,
base,active,,1048592.0,1049680.0,85 97 110 112 114 122 125 127,-1.0,
base,active,,1048741.0,1049680.0,98 99 104 105 106 107 108 116,-1.0,
base,active,,1049217.0,1049680.0,100 101 102 103,-1.0,
base,active,,1049677.0,1049680.0,17 111 113 115,-1.0,
base,active,1045263.0,1049680.0,1049823.0,11 13 14 17 77 82 83 84 85 97 98 99 100 101 102 103 104 105 106 107 108 110 111 112 113 114 115 116 117 122 125 127,40904.0,False
base,active,1045363.0,1049817.0,1052849.0,0 6 55 56 57 58 59 60 61 62 63 70 71 72 73 74 75 78 79 80 81 86 87 88 92 96 118 120 121 123 124 126,40906.0,False
base,active,1045708.0,1049823.0,1049864.0,11 13 14 17 77 82 83 84 85 97 98 99 100 101 102 103 104 105 106 107 108 110 111 112 113 114 115 116 117 122 125 127,40912.0,False
base,active,1045768.0,1049864.0,1049896.0,11 13 14 17 77 82 83 84 85 97 98 99 100 101 102 103 104 105 106 107 108 110 111 112 113 114 115 116 117 122 125 127,40914.0,False
base,active,1045844.0,1049896.0,1049945.0,11 13 14 17 77 82 83 84 85 97 98 99 100 101 102 103 104 105 106 107 108 110 111 112 113 114 115 116 117 122 125 127,40915.0,False
base,active,1045897.0,1049945.0,1051883.0,11 13 14 17 77 82 83 84 85 97 98 99 100 101 102 103 104 105 106 107 108 110 111 112 113 114 115 116 117 122 125 127,40916.0,False
base,active,1048033.0,1050362.0,1050406.0,1 5 28 29 30 31 32 33 34 35 36 37 38 39 40 41 42 43 44 45 46 47 48 49 50 51 52 53 54 93 94 95,40944.0,False
base,active,1048055.0,1050406.0,1052884.0,1 5 28 29 30 31 32 33 34 35 36 37 38 39 40 41 42 43 44 45 46 47 48 49 50 51 52 53 54 93 94 95,40946.0,False
base,active,1048099.0,1051883.0,1051887.0,11 13 14 17 77 82 83 84 85 97 98 99 100 101 102 103 104 105 106 107 108 110 111 112 113 114 115 116 117 122 125 127,40947.0,False
base,active,1048200.0,1051887.0,1051959.0,11 13 14 17 77 82 83 84 85 97 98 99 100 101 102 103 104 105 106 107 108 110 111 112 113 114 115 116 117 122 125 127,40950.0,False
base,active,1048313.0,1051959.0,1055673.0,11 13 14 17 77 82 83 84 85 97 98 99 100 101 102 103 104 105 106 107 108 110 111 112 113 114 115 116 117 122 125 127,40952.0,False
base,active,1050594.0,1052101.0,1052119.0,67,40967.0,False
base,active,1050262.0,1052101.0,1052137.0,64,40964.0,False
base,active,1050370.0,1052101.0,1052138.0,65,40965.0,False
base,active,1050914.0,1052101.0,1052139.0,76,40972.0,False
base,active,1051040.0,1052101.0,1052140.0,89,40973.0,False
base,active,1051241.0,1052101.0,1052141.0,90,40975.0,False
base,active,1050743.0,1052101.0,1052143.0,69,40971.0,False
base,active,1050617.0,1052101.0,1052147.0,68,40968.0,False
base,active,1050537.0,1052101.0,1052148.0,66,40966.0,False
base,active,1051325.0,1052101.0,1052195.0,91,40976.0,False
base,active,1051462.0,1052101.0,1052245.0,109 119,40977.0,False
base,active,1048856.0,1052101.0,1054360.0,20 21 22 23 24 25 26 27,40958.0,False
base,active,1048385.0,1052101.0,1055743.0,2 3 4 7,40954.0,False
base,active,1048795.0,1052101.0,1064607.0,8 9 10 12 15 16 18 19,40957.0,False
base,active,1051654.0,1052119.0,1052166.0,67,40980.0,False
base,active,1051936.0,1052137.0,1052175.0,64,40984.0,False
base,active,,1052138.0,1052141.0,65,-1.0,
base,active,,1052139.0,1052141.0,76,-1.0,
base,active,,1052140.0,1052141.0,89,-1.0,
base,active,1052046.0,1052141.0,1058493.0,65 76 89 90,40985.0,False
base,active,,1052143.0,1052166.0,69,-1.0,
base,active,,1052147.0,1052166.0,68,-1.0,
base,active,,1052148.0,1052166.0,66,-1.0,
base,active,1052128.0,1052166.0,1054680.0,66 67 68 69,40987.0,False
base,active,,1052175.0,1052849.0,64,-1.0,
base,active,,1052195.0,1052849.0,91,-1.0,
base,active,,1052245.0,1052849.0,109 119,-1.0,
base,active,,1052849.0,1052869.0,121 123 124 126,-1.0,
base,active,1048546.0,1052849.0,1052886.0,0 6 55 56 57 58 59 60 61 62 63 64 70 71 72 73 74 75 78 79 80 81 86 87 88 91 92 96 109 118 119 120,40955.0,False
base,active,1052869.0,1052869.0,1052965.0,121 123 124 126,40992.0,False
base,active,1048754.0,1052884.0,1065430.0,1 5 28 29 30 31 32 33 34 35 36 37 38 39 40 41 42 43 44 45 46 47 48 49 50 51 52 53 54 93 94 95,40956.0,False
base,active,1050687.0,1052886.0,1055352.0,0 6 55 56 57 58 59 60 61 62 63 64 70 71 72 73 74 75 78 79 80 81 86 87 88 91 92 96 109 118 119 120,40969.0,False
base,active,1052890.0,1052965.0,1053041.0,121 123,40993.0,False
base,active,,1052965.0,1053156.0,124,-1.0,
base,active,,1052965.0,1053308.0,126,-1.0,
base,active,,1053041.0,1053308.0,121 123,-1.0,
base,active,1053156.0,1053156.0,1053178.0,124,40995.0,False
base,active,,1053178.0,1053308.0,124,-1.0,
base,active,1053308.0,1053308.0,1055881.0,121 123 124 126,40999.0,False
base,active,1052674.0,1054360.0,1054391.0,20 21 22 23 24 25 26 27,40989.0,False
base,active,1052709.0,1054391.0,1054428.0,20 21 22 23 24 25 26 27,40990.0,False
base,active,,1054428.0,1054869.0,22 23 24 25,-1.0,
base,active,,1054428.0,1055352.0,26 27,-1.0,
base,active,1053334.0,1054428.0,1056979.0,20 21,41000.0,False
base,active,,1054680.0,1055352.0,66 67 68 69,-1.0,
base,active,1054869.0,1054869.0,1056146.0,22 23 24 25,41006.0,False
base,active,,1055352.0,1055673.0,92 96 109 118 119 120,-1.0,
base,active,1052053.0,1055352.0,1057940.0,0 6 26 27 55 56 57 58 59 60 61 62 63 64 66 67 68 69 70 71 72 73 74 75 78 79 80 81 86 87 88 91,40986.0,False
base,active,1054147.0,1055673.0,1056123.0,11 13 14 17 77 82 83 84 85 92 96 97 98 99 100 101 102 103 104 105 106 107 108 109 110 111 112 113 114 118 119 120,41003.0,False
base,active,,1055673.0,1056123.0,115 116 117 122 125 127,-1.0,
base,active,,1055743.0,1056123.0,2 3 4 7,-1.0,
base,active,,1055881.0,1056123.0,121 123 124 126,-1.0,
base,active,,1056123.0,1056214.0,104 105 106 107,-1.0,
base,active,,1056123.0,1056304.0,108 109 110 111,-1.0,
base,active,,1056123.0,1056326.0,112 113,-1.0,
base,active,,1056123.0,1057323.0,114 118 119 120,-1.0,
base,active,1054627.0,1056123.0,1057471.0,2 3 4 7 11 13 14 17 77 82 83 84 85 92 96 97 98 99 100 101 102 103 115 116 117 121 122 123 124 125 126 127,41004.0,False
base,active,,1056146.0,1057346.0,22 23 24 25,-1.0,
base,active,1056214.0,1056214.0,1061239.0,104 105 106 107,41009.0,False
base,active,1056304.0,1056304.0,1058362.0,108 109 110 111,41010.0,False
base,active,1056326.0,1056326.0,1058365.0,112 113,41011.0,False
base,active,,1056979.0,1057471.0,20 21,-1.0,
base,switching_off,,1057323.0,1059123.0,114 118 119 120,-2.0,
base,switching_off,,1057346.0,1059146.0,22 23 24 25,-2.0,
base,active,,1057471.0,1057940.0,126 127,-1.0,
base,active,1054804.0,1057471.0,1058813.0,2 3 4 7 11 13 14 17 20 21 77 82 83 84 85 92 96 97 98 99 100 101 102 103 115 116 117 121 122 123 124 125,41005.0,False
base,active,,1057940.0,1058427.0,88 91,-1.0,
base,active,1056018.0,1057940.0,1060328.0,0 6 26 27 55 56 57 58 59 60 61 62 63 64 66 67 68 69 70 71 72 73 74 75 78 79 80 81 86 87 126 127,41007.0,False
base,active,,1058362.0,1058427.0,108 109 110,-1.0,
base,active,,1058362.0,1058783.0,111,-1.0,
base,active,,1058365.0,1058813.0,112 113,-1.0,
base,active,1058411.0,1058427.0,1058449.0,88,41012.0,False
base,active,1058427.0,1058427.0,1058753.0,91 108 109 110,41013.0,False
base,active,,1058449.0,1058813.0,88,-1.0,
base,active,,1058493.0,1058813.0,65 76 89 90,-1.0,
base,active,,1058753.0,1058813.0,91 108 109 110,-1.0,
base,active,1058783.0,1058783.0,1058792.0,111,41015.0,False
base,active,,1058792.0,1058813.0,111,-1.0,
base,active,,1058813.0,1059077.0,100 101 102 103 115,-1.0,
base,active,,1058813.0,1060013.0,116 117 121 122 123 124 125,-1.0,
base,active,1056151.0,1058813.0,1063901.0,2 3 4 7 11 13 14 17 20 21 65 76 77 82 83 84 85 88 89 90 91 92 96 97 98 99 108 109 110 111 112 113,41008.0,False
base,active,1059019.0,1059077.0,1059082.0,100,41016.0,False
base,active,1059077.0,1059077.0,1059798.0,101 102 103 115,41017.0,False
base,active,,1059082.0,1060282.0,100,-1.0,
base,sleeping,,1059123.0,1061387.0,114 118 119 120,-4.0,
base,sleeping,,1059146.0,1059896.0,22,-4.0,
base,sleeping,,1059146.0,1059981.0,23,-4.0,
base,sleeping,,1059146.0,1060064.0,24,-4.0,
base,sleeping,,1059146.0,1060134.0,25,-4.0,
base,active,,1059798.0,1060328.0,101 102 103 115,-1.0,
base,switching_on,,1059896.0,1062596.0,22,-3.0,
base,switching_on,,1059981.0,1062681.0,23,-3.0,
base,switching_off,,1060013.0,1061813.0,116 117 121 122 123 124 125,-2.0,
base,switching_on,,1060064.0,1062764.0,24,-3.0,
base,switching_on,,1060134.0,1062834.0,25,-3.0,
base,switching_off,,1060282.0,1062082.0,100,-2.0,
base,active,1058626.0,1060328.0,1061067.0,0 6 26 27 55 56 57 58 59 60 61 62 63 64 66 67 68 69 70 71 72 73 74 75 78 79 80 81 101 102 103 115,41014.0,False
base,active,,1060328.0,1061067.0,86 87 126 127,-1.0,
base,active,,1061067.0,1061558.0,101 102 103 115,-1.0,
base,active,1059390.0,1061067.0,1061713.0,0 6 26 27 55 56 57 58 59 60 61 62 63 64 66 67 68 69 70 71 72 73 74 75 78 79 80 81 86 87 126 127,41018.0,False
base,active,,1061239.0,1061558.0,104 105 106 107,-1.0,
base,switching_on,,1061387.0,1064087.0,114 118 119 120,-3.0,
base,active,1061558.0,1061558.0,1061786.0,101 102 103 104 105 106 107 115,41027.0,False
base,active,1060063.0,1061713.0,1070180.0,0 6 26 27 55 56 57 58 59 60 61 62 63 64 66 67 68 69 70 71 72 73 74 75 78 79 80 81 86 87 126 127,41021.0,False
base,active,1061626.0,1061786.0,1061805.0,101,41028.0,False
base,active,,1061786.0,1062986.0,106 107 115,-1.0,
base,active,,1061786.0,1065620.0,102 103 104 105,-1.0,
base,active,,1061805.0,1063005.0,101,-1.0,
base,sleeping,,1061813.0,1062294.0,116 117 121,-4.0,
base,sleeping,,1061813.0,1062920.0,122 123 124 125,-4.0,
base,sleeping,,1062082.0,1062294.0,100,-4.0,
base,switching_on,,1062294.0,1064994.0,100 116 117 121,-3.0,
base,active,1059896.0,1062596.0,1062649.0,22,41019.0,False
base,active,,1062649.0,1063849.0,22,-1.0,
base,active,1059981.0,1062681.0,1062715.0,23,41020.0,False
base,active,,1062715.0,1063901.0,23,-1.0,
base,active,1060064.0,1062764.0,1062807.0,24,41022.0,False
base,active,,1062807.0,1063901.0,24,-1.0,
base,active,1060134.0,1062834.0,1062872.0,25,41023.0,False
base,active,,1062872.0,1063901.0,25,-1.0,
base,switching_on,,1062920.0,1065620.0,122 123 124 125,-3.0,
base,switching_off,,1062986.0,1064786.0,106 107 115,-2.0,
base,switching_off,,1063005.0,1064805.0,101,-2.0,
base,switching_off,,1063849.0,1065649.0,22,-2.0,
base,active,1061327.0,1063901.0,1064787.0,2 3 4 7 11 13 14 17 20 21 23 24 25 65 76 77 82 83 84 85 88 89 90 91 92 96 97 98 99 108 109 110,41024.0,False
base,active,,1063901.0,1064787.0,111 112 113,-1.0,
base,active,1061387.0,1064087.0,1064914.0,114 118 119 120,41025.0,False
base,active,,1064607.0,1064787.0,8 9 10 12 15 16 18 19,-1.0,
base,sleeping,,1064786.0,1075213.0,106 107 115,-4.0,
base,active,1061532.0,1064787.0,1065039.0,2 3 4 7 8 9 10 11 12 13 14 15 16 17 18 19 20 21 23 24 25 65 76 77 82 83 84 85 88 111 112 113,41026.0,False
base,active,,1064787.0,1065039.0,89 90 91 92 96 97 98 99 108 109 110,-1.0,
base,sleeping,,1064805.0,1075213.0,101,-4.0,
base,active,,1064914.0,1065039.0,114 118 119 120,-1.0,
base,active,1062294.0,1064994.0,1071536.0,100 116 117 121,41030.0,False
base,active,,1065039.0,1065430.0,21 23 24 25 65 76 77 82 83 84 85 88 111 112 113,-1.0,
base,active,1062222.0,1065039.0,1071353.0,2 3 4 7 8 9 10 11 12 13 14 15 16 17 18 19 20 89 90 91 92 96 97 98 99 108 109 110 114 118 119 120,41029.0,False
base,active,1062512.0,1065430.0,1065800.0,1 5 21 23 24 25 28 29 30 31 32 33 34 35 36 37 38 39 40 41 42 65 76 77 82 83 84 85 88 111 112 113,41031.0,False
base,active,,1065430.0,1065800.0,43 44 45 46 47 48 49 50 51 52 53 54 93 94 95,-1.0,
base,active,1062920.0,1065620.0,1075213.0,102 103 104 105 122 123 124 125,41033.0,False
base,sleeping,,1065649.0,1068539.0,22,-4.0,
base,active,,1065800.0,1067000.0,39 40 41 42 65 76 77 82 83 84 85 88 111 112 113,-1.0,
base,active,1062896.0,1065800.0,1075417.0,1 5 21 23 24 25 28 29 30 31 32 33 34 35 36 37 38 43 44 45 46 47 48 49 50 51 52 53 54 93 94 95,41032.0,False
base,switching_off,,1067000.0,1068800.0,39 40 41 42 65 76 77 82 83 84 85 88 111 112 113,-2.0,
base,switching_on,,1068539.0,1071239.0,22,-3.0,
base,sleeping,,1068800.0,1075213.0,39 40 41 42 65 76 77 82 83 84 85 88 111 112 113,-4.0,
base,active,,1070180.0,1071353.0,0 6 26 27 55 56 57 58 59 60 61 62 63 64 66 67 68 69 70 71 72 73 74 75 78 79 80 81 86 87 126 127,-1.0,
base,active,1068539.0,1071239.0,1071280.0,22,41034.0,False
base,active,,1071280.0,1071353.0,22,-1.0,
base,active,,1071353.0,1072553.0,120,-1.0,
base,active,1068541.0,1071353.0,1082288.0,0 2 3 4 6 7 8 9 10 11 12 13 14 15 16 17 18 19 20 22 26 27 55 56 57 58 59 60 61 62 63 64 66 67 68 69 70 71 72 73 74 75 78 79 80 81 86 87 89 90 91 92 96 97 98 99 108 109 110 114 118 119 126 127,41035.0,False
base,active,,1071536.0,1072736.0,100 116 117 121,-1.0,
base,switching_off,,1072553.0,1074353.0,120,-2.0,
base,switching_off,,1072736.0,1074536.0,100 116 117 121,-2.0,
base,sleeping,,1074353.0,1075213.0,120,-4.0,
base,sleeping,,1074536.0,1075213.0,100 116 117 121,-4.0,
base,active,,1075213.0,1077913.0,102 103 104 105 122 123 124 125,-1.0,
base,switching_on,,1075213.0,1077913.0,39 40 41 42 65 76 77 82 83 84 85 88 100 101 106 107 111 112 113 115 116 117 120 121,-3.0,
base,active,,1075417.0,1076617.0,30 31 32 33 34 35 36 37 38 43 44 45 46 47 48 49 50 51 52 53 54 93 94 95,-1.0,
base,active,1072573.0,1075417.0,1082997.0,1 5 21 23 24 25 28 29,41037.0,False
base,switching_off,,1076617.0,1078417.0,30 31 32 33 34 35 36 37 38 43 44 45 46 47 48 49 50 51 52 53 54 93 94 95,-2.0,
base,active,1072544.0,1077913.0,1085522.0,39 40 41 42 65 76 77 82 83 84 85 88 100 101 102 103 104 105 106 107 111 112 113 115 116 117 120 121 122 123 124 125,41036.0,False
base,sleeping,,1078417.0,1086575.0,30 31 32 33 34 35 36 37 38 43 44 45 46 47 48 49 50 51 52 53 54 93 94 95,-4.0,
base,active,1080707.0,1082288.0,1082293.0,71,41042.0,False
base,active,1080492.0,1082288.0,1082298.0,70,41041.0,False
base,active,,1082288.0,1083488.0,72 73 74 75 78 79 80 81 86 87 89 90 91 92 96 97 98 99 108 109 110 114 118 119 126 127,-1.0,
base,active,1079754.0,1082288.0,1089097.0,66 67 68 69,41039.0,False
base,active,1079691.0,1082288.0,1089157.0,0 2 3 4 6 7 8 9 10 11 12 13 14 15 16 17 18 19 20 22 26 27 55 56 57 58 59 60 61 62 63 64,41038.0,False
base,active,,1082293.0,1083493.0,71,-1.0,
base,active,,1082298.0,1083498.0,70,-1.0,
base,active,,1082997.0,1084197.0,1 5 21 23 24 25 28 29,-1.0,
base,switching_off,,1083488.0,1085288.0,72 73 74 75 78 79 80 81 86 87 89 90 91 92 96 97 98 99 108 109 110 114 118 119 126 127,-2.0,
base,switching_off,,1083493.0,1085293.0,71,-2.0,
base,switching_off,,1083498.0,1085298.0,70,-2.0,
base,switching_off,,1084197.0,1085997.0,1 5 21 23 24 25 28 29,-2.0,
base,sleeping,,1085288.0,1086575.0,72 73 74 75 78 79 80 81 86 87 89 90 91 92 96 97 98 99 108 109 110 114 118 119 126 127,-4.0,
base,sleeping,,1085293.0,1086575.0,71,-4.0,
base,sleeping,,1085298.0,1086575.0,70,-4.0,
base,active,,1085522.0,1086546.0,39,-1.0,
base,active,,1085522.0,1086722.0,76 77 82 83 84 85 88 100 101 102 103 104 105 106 107 111 112 113 115 116 117 120 121 122 123 124 125,-1.0,
base,active,,1085522.0,1089275.0,40 41 42 65,-1.0,
base,sleeping,,1085997.0,1086575.0,1 5 21 23 24 25 28 29,-4.0,
base,active,1086546.0,1086546.0,1086555.0,39,41087.0,False
base,active,,1086555.0,1087755.0,39,-1.0,
base,switching_on,,1086575.0,1089275.0,1 5 21 23 24 25 28 29 30 31 32 33 34 35 36 37 38 43 44 45 46 47 48 49 50 51 52 53 54 70 71 72 73 74 75 78 79 80 81 86 87 89 90 91 92 93 94 95 96 97 98 99 108 109 110 114 118 119 126 127,-3.0,
base,switching_off,,1086722.0,1088522.0,76 77 82 83 84 85 88 100 101 102 103 104 105 106 107 111 112 113 115 116 117 120 121 122 123 124 125,-2.0,
base,switching_off,,1087755.0,1089555.0,39,-2.0,
base,sleeping,,1088522.0,1101506.0,76 77 82 83 84 85 88,-4.0,
base,sleeping,,1088522.0,1103214.0,100 101 102 103 104 105 106 107,-4.0,
base,sleeping,,1088522.0,1106415.0,111 112 113 115 116 117 120 121 122 123,-4.0,
base,sleeping,,1088522.0,1114155.0,124,-4.0,
base,sleeping,,1088522.0,1115636.0,125,-4.0,
base,active,,1089097.0,1089157.0,66 67 68 69,-1.0,
base,active,1086930.0,1089157.0,1118936.0,61 62 63 64,41092.0,False
base,active,1086862.0,1089157.0,1119005.0,0 2 3 4 6 7 8 9 10 11 12 13 14 15 16 17 18 19 20 22 26 27 55 56 57 58 59 60 66 67 68 69,41091.0,False
base,active,1086575.0,1089275.0,1100214.0,1 5 21 23 24 25 28 29 30 31 32 33 34 35 36 37 38 40 41 42 43 44 45 46 47 48 49 50 51 52 53 54 65 70 71 72 73 74 75 78 79 80 81 86 87 89 90 91 92 93 94 95 96 97 98 99 108 109 110 114 118 119 126 127,41088.0,False
base,sleeping,,1089555.0,1101506.0,39,-4.0,
base,active,,1100214.0,1101414.0,1 5 21 23 24 25 28 29 30 31 32 33 34 35 36 37 38 40 41 42 43 44 45 46 47 48 49 50 51 52 53 54 65 70 71 72 73 74 75 78 79 80 81 86 87 89 90 91 92 93 94 95 96 97 98 99 108 109 110 114 118 119 126 127,-1.0,
base,switching_off,,1101414.0,1103214.0,1 5 21 23 24 25 28 29 30 31 32 33 34 35 36 37 38 40 41 42 43 44 45 46 47 48 49 50 51 52 53 54 65 70 71 72 73 74 75 78 79 80 81 86 87 89 90 91 92 93 94 95 96 97 98 99 108 109 110 114 118 119 126 127,-2.0,
base,switching_on,,1101506.0,1104206.0,39 76 77 82 83 84 85 88,-3.0,
base,switching_on,,1103214.0,1105914.0,1 5 21 23 24 25 28 29 30 31 32 33 34 35 36 37 38 40 41 42 43 44 45 46 47 48 49 50 51 52 53 54 65 70 71 72 73 74 75 78 79 80 81 86 87 89 90 91 92 93 94 95 96 97 98 99 100 101 102 103 104 105 106 107,-3.0,
base,sleeping,,1103214.0,1106415.0,108 109 110 114 118 119,-4.0,
base,sleeping,,1103214.0,1117095.0,126 127,-4.0,
base,active,1101506.0,1104206.0,1104275.0,39 76 77 82 83 84 85 88,41249.0,False
base,active,,1104275.0,1105475.0,39 76 77 82 83 84 85 88,-1.0,
base,switching_off,,1105475.0,1107275.0,39 76 77 82 83 84 85 88,-2.0,
base,active,1101582.0,1105914.0,1106205.0,1 5 21 23 24 25 28 29 30 31 32 33 34 35 36 37 38 40 41 42 43 44 45 46 47 48 49 50 51 52 53 54,41250.0,False
base,active,1102032.0,1105914.0,1106368.0,65 70 71 72 73 74 75 78 79 80 81 86 87 89 90 91 92 93 94 95 96 97 98 99 100 101 102 103 104 105 106 107,41259.0,False
base,active,1105294.0,1106205.0,1106275.0,1 5 21 23 24 25 28 29 30 31 32 33 34 35 36 37,41321.0,False
base,active,1105152.0,1106205.0,1106297.0,38 40 41 42 43 44 45 46 47 48 49 50 51 52 53 54,41318.0,False
base,active,1105390.0,1106275.0,1106331.0,1 5 21 23 24 25 28 29 30 31 32 33 34 35 36 37,41325.0,False
base,active,1105555.0,1106297.0,1106359.0,38 40 41 42 43 44 45 46 47 48 49 50 51 52 53 54,41328.0,False
base,active,1105855.0,1106331.0,1106355.0,37,41340.0,False
base,active,,1106331.0,1106355.0,1 5 21 23 24 25 28 29 30 31 32 33 34 35 36,-1.0,
base,active,1106303.0,1106355.0,1106367.0,1 5 21 23 24 25 28 29 30 31 32 33 34 35 36 37,41351.0,False
base,active,,1106359.0,1106368.0,38 40 41 42 43 44 45 46 47 48 49 50 51 52 53 54,-1.0,
base,active,,1106367.0,1106368.0,1 5 21 23 24 25 28 29 30 31 32 33 34 35 36 37,-1.0,
base,active,1104211.0,1106368.0,1106415.0,1 5 21 23 24 25 28 29 30 31 32 33 34 35 36 37 38 40 41 42 43 44 45 46 47 48 49 50 51 52 53 54 65 70 71 72 73 74 75 78 79 80 81 86 87 89 90 91 92 93 94 95 96 97 98 99 100 101 102 103 104 105 106 107,41301.0,False
base,active,1104325.0,1106415.0,1106600.0,1 5 21 23 24 25 28 29 30 31 32 33 34 35 36 37 38 40 41 42 43 44 45 46 47 48 49 50 51 52 53 54 65 70 71 72 73 74 75 78 79 80 81 86 87 89 90 91 92 93 94 95 96 97 98 99 100 101 102 103 104 105 106 107,41305.0,False
base,switching_on,,1106415.0,1109115.0,108 109 110 111 112 113 114 115 116 117 118 119 120 121 122 123,-3.0,
base,active,1105864.0,1106600.0,1106673.0,38 40 41 42 43 44 45 46 47 48 49 50 51 52 53 54,41341.0,False
base,active,1105758.0,1106600.0,1106681.0,1 5 21 23 24 25 28 29 30 31 32 33 34 35 36 37,41337.0,False
base,active,1105881.0,1106600.0,1113834.0,65 70 71 72 73 74 75 78 79 80 81 86 87 89 90 91 92 93 94 95 96 97 98 99 100 101 102 103 104 105 106 107,41342.0,False
base,active,1106049.0,1106673.0,1106745.0,38 40 41 42 43 44 45 46 47 48 49 50 51 52 53 54,41345.0,False
base,active,1106148.0,1106681.0,1106754.0,1 5 21 23 24 25 28 29 30 31 32 33 34 35 36 37,41348.0,False
base,active,1106413.0,1106745.0,1106780.0,38 40 41 42 43 44 45 46 47 48 49 50 51 52 53 54,41352.0,False
base,active,1106511.0,1106754.0,1106814.0,1 5 21 23 24 25 28 29 30 31 32 33 34 35 36 37,41354.0,False
base,active,1106572.0,1106780.0,1107441.0,38 40 41 42 43 44 45 46 47 48 49 50 51 52 53 54,41355.0,False
base,active,,1106814.0,1107268.0,1,-1.0,
base,active,,1106814.0,1107441.0,5 21 23 24 25 28 29 30 31 32 33 34 35 36 37,-1.0,
base,active,1107268.0,1107268.0,1107272.0,1,41361.0,False
base,active,,1107272.0,1107441.0,1,-1.0,
base,sleeping,,1107275.0,1107441.0,39 76 77 82 83 84 85 88,-4.0,
base,active,1107372.0,1107441.0,1109387.0,1 5 21 23 24 25 28 29 30 31 32 33 34 35 36 37 38 40 41 42 43 44 45 46 47 48 49 50 51 52 53 54,41365.0,False
base,switching_on,,1107441.0,1110141.0,39 76 77 82 83 84 85 88,-3.0,
base,active,1105627.0,1109115.0,1109185.0,108 109 110 111 112 113 114 115 116 117 118 119 120 121 122 123,41330.0,False
base,active,1108017.0,1109185.0,1109249.0,108 109 110 111 112 113 114 115 116 117 118 119 120 121 122 123,41371.0,False
base,active,1108492.0,1109249.0,1109269.0,108 109 110 111 112 113 114 115 116 117 118 119 120 121 122 123,41374.0,False
base,active,1108527.0,1109269.0,1109620.0,108 109 110 111 112 113 114 115 116 117 118 119 120 121 122 123,41375.0,False
base,active,,1109387.0,1109491.0,1 5 21 23 24 25 28 29 30 31 32 33 34 35 36 37 38 40 41 42 43 44 45 46 47 48 49 50 51 52 53 54,-1.0,
base,active,1109491.0,1109491.0,1109627.0,1 5 21 23 24 25 28 29 30 31 32 33 34 35 36 37 38 40 41 42 43 44 45 46 47 48 49 50 51 52 53 54,41384.0,False
base,active,,1109620.0,1110410.0,108 109 110 111 112 113 114 115 116 117 118 119 120 121 122 123,-1.0,
base,active,,1109627.0,1110410.0,1 5 21 23 24 25 28 29 30 31 32 33 34 35 36 37,-1.0,
base,active,,1109627.0,1110496.0,38 40 41 42 43 44 45 46 47 48 49 50 51 52 53 54,-1.0,
base,active,1107412.0,1110141.0,1112049.0,39 76 77 82 83 84 85 88,41366.0,False
base,active,1110410.0,1110410.0,1110442.0,1 5 21 23 24 25 28 29 30 31 32 33 34 35 36 37 108 109 110 111 112 113 114 115 116 117 118 119 120 121 122 123,41392.0,False
base,active,,1110442.0,1110496.0,1 5 21 23 24 25 28 29 30 31 32 33 34 35 36 37,-1.0,
base,active,,1110442.0,1111112.0,108 109 110 111 112 113 114 115 116 117 118 119 120 121 122 123,-1.0,
base,active,1110496.0,1110496.0,1110686.0,1 5 21 23 24 25 28 29 30 31 32 33 34 35 36 37 38 40 41 42 43 44 45 46 47 48 49 50 51 52 53 54,41395.0,False
base,active,,1110686.0,1111112.0,1 5 21 23 24 25 28 29 30 31 32 33 34 35 36 37,-1.0,
base,active,,1110686.0,1111886.0,38 40 41 42 43 44 45 46 47 48 49 50 51 52 53 54,-1.0,
base,active,1111112.0,1111112.0,1111578.0,1 5 21 23 24 25 28 29 30 31 32 33 34 35 36 37 108 109 110 111 112 113 114 115 116 117 118 119 120 121 122 123,41400.0,False
base,active,,1111578.0,1111945.0,1 5 21 23 24 25 28 29 30 31 32 33 34 35 36 37,-1.0,
base,active,,1111578.0,1112231.0,108 109 110 111 112 113 114 115 116 117 118 119 120 121 122 123,-1.0,
base,switching_off,,1111886.0,1113686.0,38 40 41 42 43 44 45 46 47 48 49 50 51 52 53 54,-2.0,
base,active,1111945.0,1111945.0,1112008.0,1 5 21 23 24 25 28 29 30 31 32 33 34 35 36 37,41405.0,False
base,active,,1112008.0,1112493.0,1 5 21 23 24 25 28 29 30 31 32 33 34 35 36 37,-1.0,
base,active,,1112049.0,1112493.0,39 76 77 82 83 84 85 88,-1.0,
base,active,1112231.0,1112231.0,1112493.0,108 109 110 111 112 113 114 115 116 117 118 119 120 121 122 123,41410.0,False
base,active,1112252.0,1112493.0,1112795.0,1 5 21 23 24 25 28 29 30 31 32 33 34 35 36 37 39 76 77 82 83 84 85 88 108 109 110 111 112 113 114 115,41411.0,False
base,active,,1112493.0,1112795.0,116 117 118 119 120 121 122 123,-1.0,
base,active,1112738.0,1112795.0,1113107.0,1 5 21 23 24 25 28 29 30 31 32 33 34 35 36 37 39 76 77 82 83 84 85 88 116 117 118 119 120 121 122 123,41414.0,False
base,active,,1112795.0,1113107.0,108 109 110 111 112 113 114 115,-1.0,
base,active,,1113107.0,1113228.0,30,-1.0,
base,active,,1113107.0,1113295.0,31,-1.0,
base,active,1112796.0,1113107.0,1113356.0,1 5 21 23 24 25 28 29 108 109 110 111 112 113 114 115,41415.0,False
base,active,,1113107.0,1113356.0,32 33 34 35 36 37 39 76 77 82 83 84 85 88 116 117 118 119 120 121 122 123,-1.0,
base,active,1113228.0,1113228.0,1113250.0,30,41421.0,False
base,active,,1113250.0,1113356.0,30,-1.0,
base,active,1113295.0,1113295.0,1113310.0,31,41422.0,False
base,active,,1113310.0,1113356.0,31,-1.0,
base,active,,1113356.0,1113834.0,108 109 110 111 112 113 114 115,-1.0,
base,active,1113311.0,1113356.0,1114105.0,1 5 21 23 24 25 28 29 30 31 32 33 34 35 36 37 39 76 77 82 83 84 85 88 116 117 118 119 120 121 122 123,41423.0,False
base,switching_on,,1113686.0,1116386.0,38 40 41 42 43 44 45 46 47 48 49 50 51 52 53 54,-3.0,
base,active,,1113834.0,1114105.0,100 101 102 103 104 105 106 107,-1.0,
base,active,1113568.0,1113834.0,1114165.0,65 70 71 72 73 74 75 78 79 80 81 86 87 89 90 91 92 93 94 95 96 97 98 99 108 109 110 111 112 113 114 115,41428.0,False
base,active,,1114105.0,1114165.0,116 117 118 119 120 121 122 123,-1.0,
base,active,1113801.0,1114105.0,1114270.0,1 5 21 23 24 25 28 29 100 101 102 103 104 105 106 107,41431.0,False
base,active,1113909.0,1114105.0,1114299.0,30 31 32 33 34 35 36 37 39 76 77 82 83 84 85 88,41432.0,False
base,switching_on,,1114155.0,1116855.0,124,-3.0,
base,active,1114047.0,1114165.0,1114242.0,65 70 71 72 73 74 75 78 116 117 118 119 120 121 122 123,41433.0,False
base,active,,1114165.0,1114242.0,79 80 81 86 87 89 90 91 92 93 94 95 96 97 98 99 108 109 110 111 112 113 114 115,-1.0,
base,active,,1114242.0,1114270.0,116 117 118 119 120 121 122 123,-1.0,
base,active,1114155.0,1114242.0,1117238.0,65 70 71 72 73 74 75 78 79 80 81 86 87 89 90 91 92 93 94 95 96 97 98 99 108 109 110 111 112 113 114 115,41435.0,False
base,active,1114220.0,1114270.0,1114299.0,1 5 21 23 24 25 28 29 116 117 118 119 120 121 122 123,41436.0,False
base,active,,1114270.0,1114304.0,100,-1.0,
base,active,,1114270.0,1115466.0,101 102 103 104 105 106 107,-1.0,
base,active,,1114299.0,1115466.0,1 5 21 23 24 25 28 29 30,-1.0,
base,active,,1114299.0,1115499.0,31 32 33 34 35 36 37 39 76 77 82 83 84 85 88 116 117 118 119 120 121 122 123,-1.0,
base,active,1114304.0,1114304.0,1114310.0,100,41438.0,False
base,active,,1114310.0,1115510.0,100,-1.0,
base,active,1115466.0,1115466.0,1115495.0,1 5 21 23 24 25 28 29 30 101 102 103 104 105 106 107,41444.0,False
base,active,,1115495.0,1115544.0,1 5 21 23 24 25 28 29 30 101 102 103 104 105 106 107,-1.0,
base,switching_off,,1115499.0,1117299.0,31 32 33 34 35 36 37 39 76 77 82 83 84 85 88 116 117 118 119 120 121 122 123,-2.0,
base,switching_off,,1115510.0,1117310.0,100,-2.0,
base,active,1115544.0,1115544.0,1115672.0,1 5 21 23 24 25 28 29 30 101 102 103 104 105 106 107,41445.0,False
base,switching_on,,1115636.0,1118336.0,125,-3.0,
base,active,,1115672.0,1116872.0,1 5 21 23 24 25 28 29 30 101 102 103 104 105 106 107,-1.0,
base,active,1113389.0,1116386.0,1116482.0,38 40 41 42 43 44 45 46 47 48 49 50 51 52 53 54,41425.0,False
base,active,,1116482.0,1117184.0,41,-1.0,
base,active,,1116482.0,1117238.0,42 43 44 45 46 47 48 49 50 51 52 53 54,-1.0,
base,active,,1116482.0,1119795.0,38 40,-1.0,
base,active,1114133.0,1116855.0,1116874.0,124,41434.0,False
base,switching_off,,1116872.0,1118672.0,1 5 21 23 24 25 28 29 30 101 102 103 104 105 106 107,-2.0,
base,active,,1116874.0,1117238.0,124,-1.0,
base,switching_on,,1117095.0,1119795.0,126 127,-3.0,
base,active,1117184.0,1117184.0,1117228.0,41,41457.0,False
base,active,,1117228.0,1117238.0,41,-1.0,
base,active,1116915.0,1117238.0,1117263.0,41 42 43 44 45 46 47 48 49 50 51 52 53 54 65 70 71 72 73 74 75 78 79 80 81 86 87 89 90 91 92 124,41454.0,False
base,active,,1117238.0,1117263.0,93 94 95 96 97 98 99 108 109 110 111 112 113 114 115,-1.0,
base,active,,1117263.0,1117298.0,72,-1.0,
base,active,1117095.0,1117263.0,1117589.0,41 42 43 44 45 46 47 48 49 50 51 52 53 54 65 70 71 93 94 95 96 97 98 99 108 109 110 111 112 113 114 115,41456.0,False
base,active,,1117263.0,1118067.0,87 89 90 91 92 124,-1.0,
base,active,,1117263.0,1120019.0,73 74 75 78 79 80 81 86,-1.0,
base,active,1117298.0,1117298.0,1117318.0,72,41459.0,False
base,sleeping,,1117299.0,1117319.0,31 32 33 34 35 36 37 39 76 77 82 83 84 85 88 116 117 118 119 120 121 122 123,-4.0,
base,sleeping,,1117310.0,1117319.0,100,-4.0,
base,active,,1117318.0,1118067.0,72,-1.0,
base,switching_on,,1117319.0,1120019.0,31 32 33 34 35 36 37 39 76 77 82 83 84 85 88 100 116 117 118 119 120 121 122 123,-3.0,
base,active,,1117589.0,1118067.0,41,-1.0,
base,active,,1117589.0,1118148.0,42,-1.0,
base,active,,1117589.0,1118215.0,43 44 45 46 47 48 49 50 51 52 53 54 65 70 71 93 94 95 96 97 98 99 108 109 110 111 112 113 114 115,-1.0,
base,active,1118067.0,1118067.0,1118120.0,41 72 87 89 90 91 92 124,41466.0,False
base,active,,1118120.0,1118215.0,41 72,-1.0,
base,active,,1118120.0,1118355.0,87 89 90 91 92 124,-1.0,
base,active,1118148.0,1118148.0,1118166.0,42,41467.0,False
base,active,,1118166.0,1118355.0,42,-1.0,
base,active,1118215.0,1118215.0,1124084.0,41 43 44 45 46 47 48 49 50 51 52 53 54 65 70 71 72 93 94 95 96 97 98 99 108 109 110 111 112 113 114 115,41468.0,False
base,active,1115636.0,1118336.0,1118355.0,125,41446.0,False
base,active,1118286.0,1118355.0,1118418.0,42 87 89 90 91 92 124 125,41469.0,False
base,active,,1118418.0,1119005.0,124 125,-1.0,
base,active,,1118418.0,1121676.0,91 92,-1.0,
base,active,1118302.0,1118418.0,1124200.0,42 87 89 90,41470.0,False
base,sleeping,,1118672.0,1118831.0,1 5,-4.0,
base,sleeping,,1118672.0,1118976.0,21 23 24 25 28 29 30 101 102 103 104 105 106 107,-4.0,
base,switching_on,,1118831.0,1121531.0,1 5,-3.0,
base,active,,1118936.0,1119005.0,61 62 63 64,-1.0,
base,switching_on,,1118976.0,1121676.0,21 23 24 25 28 29 30 101 102 103 104 105 106 107,-3.0,
base,active,,1119005.0,1119083.0,59,-1.0,
base,active,1118411.0,1119005.0,1119129.0,0 2 3 4 6 7 8 9 10 11 12 13 14 15 16 17 18 19 20 22 26 27 55 56 57 58 61 62 63 64 124 125,41472.0,False
base,active,,1119005.0,1119129.0,60 66 67 68 69,-1.0,
base,active,1119083.0,1119083.0,1119096.0,59,41477.0,False
base,active,,1119096.0,1119129.0,59,-1.0,
base,active,,1119129.0,1119132.0,61 62,-1.0,
base,active,,1119129.0,1119559.0,63 64 124 125,-1.0,
base,active,1119098.0,1119129.0,1119884.0,0 2 3 4 6 7 8 9 10 11 12 13 14 15 16 17 18 19 20 22 26 27 55 56 57 58 59 60 66 67 68 69,41478.0,False
base,active,1119132.0,1119132.0,1119325.0,61 62,41479.0,False
base,active,,1119325.0,1119782.0,61 62,-1.0,
base,active,1119391.0,1119559.0,1119782.0,63 64 124 125,41484.0,False
base,active,,1119782.0,1119884.0,124 125,-1.0,
base,active,1119696.0,1119782.0,1120070.0,61 62 63 64,41489.0,False
base,active,1116944.0,1119795.0,1119867.0,38 40 126 127,41455.0,False
base,active,,1119867.0,1119884.0,38 40 126 127,-1.0,
base,active,,1119884.0,1119901.0,59,-1.0,
base,active,1119354.0,1119884.0,1120022.0,0 2 3 4 6 7 8 9 10 11 12 13 14 15 16 17 18 19 20 22 26 27 38 40 55 56 57 58 124 125 126 127,41482.0,False
base,active,,1119884.0,1120022.0,60 66 67 68 69,-1.0,
base,active,1119901.0,1119901.0,1119938.0,59,41491.0,False
base,active,,1119938.0,1120022.0,59,-1.0,
base,active,1117319.0,1120019.0,1121753.0,31 32 33 34 35 36 37 39 73 74 75 76 77 78 79 80 81 82 83 84 85 86 88 100 116 117 118 119 120 121 122 123,41460.0,False
base,active,,1120022.0,1120070.0,57 58 124 125 126 127,-1.0,
base,active,1119559.0,1120022.0,1120573.0,0 2 3 4 6 7 8 9 10 11 12 13 14 15 16 17 18 19 20 22 26 27 38 40 55 56 59 60 66 67 68 69,41487.0,False
base,active,1119689.0,1120070.0,1120126.0,57 58 61 62 124 125 126 127,41488.0,False
base,active,,1120070.0,1120126.0,63 64,-1.0,
base,active,1119769.0,1120126.0,1120187.0,57 58 61 62 63 64 124 125,41490.0,False
base,active,,1120126.0,1120187.0,126 127,-1.0,
base,active,1119906.0,1120187.0,1120237.0,57 58 61 62 63 64 126 127,41492.0,False
base,active,,1120187.0,1120237.0,124 125,-1.0,
base,active,1120009.0,1120237.0,1120295.0,57 58 61 62 63 64 124 125,41493.0,False
base,active,,1120237.0,1120494.0,126 127,-1.0,
base,active,,1120295.0,1120494.0,57 58 61 62 63 64,-1.0,
base,active,,1120295.0,1120573.0,124 125,-1.0,
base,active,1120238.0,1120494.0,1120576.0,57 58 61 62 63 64 126 127,41496.0,False
base,active,,1120573.0,1120576.0,68 69,-1.0,
base,active,1120025.0,1120573.0,1127796.0,0 2 3 4 6 7 8 9 10 11 12 13 14 15 16 17 18 19 20 22 26 27 38 40 55 56 59 60 66 67 124 125,41494.0,False
base,active,1120494.0,1120576.0,1120662.0,57 58 61 62 63 64 68 69,41497.0,False
base,active,,1120576.0,1120662.0,126 127,-1.0,
base,active,1120615.0,1120662.0,1120720.0,57 58 61 62 63 64 126 127,41499.0,False
base,active,,1120662.0,1120813.0,68 69,-1.0,
base,active,,1120720.0,1120813.0,57 58 61 62 63 64,-1.0,
base,active,,1120720.0,1120891.0,126 127,-1.0,
base,active,1120813.0,1120813.0,1120876.0,57 58 61 62 63 64 68 69,41500.0,False
base,active,,1120876.0,1120891.0,57 58,-1.0,
base,active,,1120876.0,1121405.0,61 62 63 64 68 69,-1.0,
base,active,1120891.0,1120891.0,1121337.0,57 58 126 127,41501.0,False
base,active,,1121337.0,1121405.0,126 127,-1.0,
base,active,,1121337.0,1121706.0,57 58,-1.0,
base,active,1121194.0,1121405.0,1121547.0,61 62 63 64 68 69 126 127,41508.0,False
base,active,1118831.0,1121531.0,1121661.0,1 5,41474.0,False
base,active,,1121547.0,1121753.0,61 62 63 64 68 69 126 127,-1.0,
base,active,,1121661.0,1121706.0,1 5,-1.0,
base,active,1118565.0,1121676.0,1121729.0,21 23 24 25 28 29 30 101,41473.0,False
base,active,1118976.0,1121676.0,1121742.0,91 92 102 103 104 105 106 107,41476.0,False
base,active,1121706.0,1121706.0,1121989.0,1 5 57 58,41512.0,False
base,active,,1121729.0,1121753.0,21 23 24 25 28 29 30 101,-1.0,
base,active,,1121742.0,1121753.0,91 92 102 103 104 105 106 107,-1.0,
base,active,,1121753.0,1121756.0,73 74 75 76 77 78 79 80 81 82 83 84 85 86 88 100,-1.0,
base,active,,1121753.0,1121821.0,116 117 118 119 120 121 122 123,-1.0,
base,active,1121170.0,1121753.0,1121918.0,21 23 24 25 28 29 30 31 32 33 34 35 36 37 39 61 62 63 64 68 69 91 92 101 102 103 104 105 106 107 126 127,41507.0,False
base,active,1121503.0,1121756.0,1121946.0,73 74 75 76 77 78 79 80 81 82 83 84 85 86 88 100,41510.0,False
base,active,1121821.0,1121821.0,1129084.0,116 117 118 119 120 121 122 123,41515.0,False
base,active,1121405.0,1121918.0,1122258.0,21 23 24 25 28 29 30 31 32 33 34 35 36 37 39 61 62 63 64 68 69 91 92 101 102 103 104 105 106 107 126 127,41509.0,False
base,active,,1121946.0,1122218.0,73 74 75 76,-1.0,
base,active,,1121946.0,1122258.0,77 78 79 80 81 82 83 84 85 86 88 100,-1.0,
base,active,,1121989.0,1122258.0,1 5 57 58,-1.0,
base,active,1122218.0,1122218.0,1122383.0,73 74 75 76,41517.0,False
base,active,1121756.0,1122258.0,1122269.0,1 5 21 23 24 25 28 29 30 31 32 33 34 35 36 37 39 57 58 61 77 78 79 80 81 82 83 84 85 86 88 100,41513.0,False
base,active,,1122258.0,1122269.0,62 63 64 68 69 91 92 101 102 103 104 105 106 107 126 127,-1.0,
base,active,,1122269.0,1122625.0,39 57 58 61 77 78 79 80,-1.0,
base,active,,1122269.0,1122891.0,81 82 83 84 85 86 88 100,-1.0,
base,active,1121791.0,1122269.0,1129562.0,1 5 21 23 24 25 28 29 30 31 32 33 34 35 36 37 62 63 64 68 69 91 92 101 102 103 104 105 106 107 126 127,41514.0,False
base,active,,1122383.0,1123047.0,73 74 75 76,-1.0,
base,active,1122625.0,1122625.0,1122665.0,39 57 58 61 77 78 79 80,41522.0,False
base,active,,1122665.0,1123047.0,39 57 58 61,-1.0,
base,active,,1122665.0,1123420.0,77 78 79 80,-1.0,
base,active,1122891.0,1122891.0,1122931.0,81 82 83 84 85 86 88 100,41524.0,False
base,active,,1122931.0,1123455.0,81 82 83 84,-1.0,
base,active,,1122931.0,1123464.0,85,-1.0,
base,active,,1122931.0,1123479.0,86,-1.0,
base,active,,1122931.0,1123507.0,88 100,-1.0,
base,active,1123047.0,1123047.0,1123106.0,39 57 58 61 73 74 75 76,41525.0,False
base,active,,1123106.0,1123507.0,39 57 58 61 73 74,-1.0,
base,active,,1123106.0,1123560.0,75 76,-1.0,
base,active,1123420.0,1123420.0,1123443.0,77 78 79 80,41527.0,False
base,active,,1123443.0,1123560.0,77 78,-1.0,
base,active,,1123443.0,1123615.0,79 80,-1.0,
base,active,1123455.0,1123455.0,1123475.0,81 82 83 84,41528.0,False
base,active,1123464.0,1123464.0,1123471.0,85,41529.0,False
base,active,,1123471.0,1123615.0,85,-1.0,
base,active,,1123475.0,1123615.0,81,-1.0,
base,active,,1123475.0,1123863.0,82 83 84,-1.0,
base,active,1123479.0,1123479.0,1123500.0,86,41530.0,False
base,active,,1123500.0,1123863.0,86,-1.0,
base,active,1123507.0,1123507.0,1123582.0,39 57 58 61 73 74 88 100,41531.0,False
base,active,1123560.0,1123560.0,1123584.0,75 76 77 78,41532.0,False
base,active,,1123582.0,1123940.0,39 57 58 61 73 74 88 100,-1.0,
base,active,,1123584.0,1123996.0,75 76 77 78,-1.0,
base,active,1123615.0,1123615.0,1123658.0,79 80 81 85,41533.0,False
base,active,,1123658.0,1123996.0,79 80 81 85,-1.0,
base,active,1123863.0,1123863.0,1123957.0,82 83 84 86,41535.0,False
base,active,1123940.0,1123940.0,1123981.0,39 57 58 61 73 74 88 100,41536.0,False
base,active,,1123957.0,1124098.0,82 83,-1.0,
base,active,,1123957.0,1124118.0,84 86,-1.0,
base,active,,1123981.0,1124118.0,39 57 58 61 73 74 88 100,-1.0,
base,active,1123996.0,1123996.0,1124058.0,75 76 77 78 79 80 81 85,41537.0,False
base,active,,1124058.0,1124118.0,75 76 77 78 79 80 81 85,-1.0,
base,active,,1124084.0,1124118.0,41 43 44 45 46 47 48 49 50 51 52 53 54 65,-1.0,
base,active,,1124084.0,1124189.0,70 71 72 93,-1.0,
base,active,,1124084.0,1124433.0,94 95 96 97 98 99 108 109,-1.0,
base,active,,1124084.0,1125284.0,110 111 112 113 114 115,-1.0,
base,active,1124098.0,1124098.0,1124267.0,82 83,41539.0,False
base,active,1124118.0,1124118.0,1129084.0,39 41 43 44 45 46 47 48 49 50 51 52 53 54 57 58 61 65 73 74 75 76 77 78 79 80 81 84 85 86 88 100,41541.0,False
base,active,1124189.0,1124189.0,1129084.0,70 71 72 93,41542.0,False
base,active,,1124200.0,1125400.0,42 87 89 90,-1.0,
base,active,,1124267.0,1125467.0,82 83,-1.0,
base,active,1124433.0,1124433.0,1125131.0,94 95 96 97 98 99 108 109,41545.0,False
base,active,,1125131.0,1125648.0,94 95 96 97,-1.0,
base,active,,1125131.0,1125656.0,98 99 108 109,-1.0,
base,switching_off,,1125284.0,1127084.0,110 111 112 113 114 115,-2.0,
base,switching_off,,1125400.0,1127200.0,42 87 89 90,-2.0,
base,switching_off,,1125467.0,1127267.0,82 83,-2.0,
base,active,1125648.0,1125648.0,1126156.0,94 95 96 97,41548.0,False
base,active,1125656.0,1125656.0,1126685.0,98 99 108 109,41549.0,False
base,active,,1126156.0,1126732.0,94 95 96 97,-1.0,
base,active,,1126685.0,1127063.0,98 99 108 109,-1.0,
base,active,1126732.0,1126732.0,1127178.0,94 95 96 97,41555.0,False
base,active,1127063.0,1127063.0,1127085.0,98 99 108 109,41557.0,False
base,sleeping,,1127084.0,1144461.0,110,-4.0,
base,sleeping,,1127084.0,1144465.0,111,-4.0,
base,sleeping,,1127084.0,1154931.0,112 113 114 115,-4.0,
base,active,,1127085.0,1127211.0,98 99 108 109,-1.0,
base,active,,1127178.0,1127250.0,94,-1.0,
base,active,,1127178.0,1127796.0,95 96 97,-1.0,
base,sleeping,,1127200.0,1130247.0,42 87,-4.0,
base,sleeping,,1127200.0,1140197.0,89,-4.0,
base,sleeping,,1127200.0,1142024.0,90,-4.0,
base,active,1127211.0,1127211.0,1128292.0,98 99 108 109,41558.0,False
base,active,1127250.0,1127250.0,1127306.0,94,41559.0,False
base,sleeping,,1127267.0,1130247.0,82 83,-4.0,
base,active,,1127306.0,1127796.0,94,-1.0,
base,active,,1127796.0,1127894.0,66,-1.0,
base,active,1127375.0,1127796.0,1128887.0,0 2 3 4 6 7 8 9 10 11 12 13 14 15 16 17 18 19 20 22 26 27 38 40 55 56 59 60 94 95 96 97,41562.0,False
base,active,,1127796.0,1128887.0,67 124 125,-1.0,
base,active,1127894.0,1127894.0,1127920.0,66,41566.0,False
base,active,,1127920.0,1128887.0,66,-1.0,
base,active,,1128292.0,1128887.0,98 99 108 109,-1.0,
base,active,1128873.0,1128887.0,1128908.0,55,41569.0,False
base,active,,1128887.0,1129076.0,56 59 60 94,-1.0,
base,active,1128506.0,1128887.0,1129465.0,0 2 3 4 6 7 8 9 10 11 12 13 14 15 16 17 18 19 20 22 26 27 38 40 66 67 98 99 108 109 124 125,41568.0,False
base,active,,1128887.0,1129766.0,95 96 97,-1.0,
base,active,,1128908.0,1129766.0,55,-1.0,
base,active,1129076.0,1129076.0,1129084.0,56 59 60 94,41571.0,False
base,active,,1129084.0,1129766.0,39 41 43 44 45 46 47 48 49 50 51 52 53 54 56 57 58 59 60 61 65 70 71 72 73 74 75 76,-1.0,
base,active,,1129084.0,1129789.0,77 78 79 80 81 84 85 86 88 93 94 100 116 117 118 119 120 121 122 123,-1.0,
base,active,,1129465.0,1129789.0,0 2 3 4 6 7 8 9 10 11 12 13,-1.0,
base,active,,1129465.0,1129854.0,14 15 16 17 18 19 20 22,-1.0,
base,active,,1129465.0,1129864.0,26 27 38 40,-1.0,
base,active,,1129465.0,1129885.0,66 67 98 99,-1.0,
base,active,,1129465.0,1129907.0,108 109 124 125,-1.0,
base,active,,1129562.0,1129910.0,1 5 21 23 24 25 28 29 30 31 32 33 34 35 36 37 62 63 64 68 69 91 92 101 102 103 104 105 106 107 126 127,-1.0,
base,active,1129766.0,1129766.0,1135025.0,39 41 43 44 45 46 47 48 49 50 51 52 53 54 55 56 57 58 59 60 61 65 70 71 72 73 74 75 76 95 96 97,41572.0,False
base,active,1129789.0,1129789.0,1130286.0,0 2 3 4 6 7 8 9 10 11 12 13 77 78 79 80 81 84 85 86 88 93 94 100 116 117 118 119 120 121 122 123,41573.0,False
base,active,1129854.0,1129854.0,1130286.0,14 15 16 17 18 19 20 22,41574.0,False
base,active,1129864.0,1129864.0,1129887.0,26 27 38 40,41575.0,False
base,active,1129885.0,1129885.0,1135026.0,66 67 98 99,41576.0,False
base,active,,1129887.0,1130041.0,26 27 38 40,-1.0,
base,active,1129907.0,1129907.0,1129943.0,108 109 124 125,41577.0,False
base,active,1129910.0,1129910.0,1132367.0,1 5 21 23 24 25 28 29 30 31 32 33 34 35 36 37 62 63 64 68 69 91 92 101 102 103 104 105 106 107 126 127,41578.0,False
base,active,,1129943.0,1130173.0,108 109 124 125,-1.0,
base,active,1130041.0,1130041.0,1130158.0,26 27 38 40,41579.0,False
base,active,,1130158.0,1130226.0,26 27 38 40,-1.0,
base,active,1130173.0,1130173.0,1130194.0,108 109 124 125,41581.0,False
base,active,,1130194.0,1130244.0,108,-1.0,
base,active,,1130194.0,1130316.0,109 124 125,-1.0,
base,active,1130226.0,1130226.0,1130402.0,26 27 38 40,41582.0,False
base,active,1130244.0,1130244.0,1130273.0,108,41583.0,False
base,switching_on,,1130247.0,1132947.0,42 82 83 87,-3.0,
base,active,,1130273.0,1130316.0,108,-1.0,
base,active,,1130286.0,1130316.0,0 2 3 4 6 7 8 9 10 11 12 13 14 15 16 17 18 19 20 22 77 78 79 80 81 84 85 86,-1.0,
base,active,,1130286.0,1130353.0,88 93 94 100 116 117 118 119,-1.0,
base,active,,1130286.0,1130903.0,120 121 122 123,-1.0,
base,active,1130316.0,1130316.0,1137197.0,0 2 3 4 6 7 8 9 10 11 12 13 14 15 16 17 18 19 20 22 77 78 79 80 81 84 85 86 108 109 124 125,41585.0,False
base,active,1130353.0,1130353.0,1137200.0,88 93 94 100 116 117 118 119,41586.0,False
base,active,,1130402.0,1131566.0,26,-1.0,
base,active,,1130402.0,1131602.0,27 38 40,-1.0,
base,active,1130903.0,1130903.0,1130978.0,120 121 122 123,41588.0,False
base,active,,1130978.0,1132178.0,120 121 122 123,-1.0,
base,active,1131566.0,1131566.0,1131588.0,26,41593.0,False
base,active,,1131588.0,1132369.0,26,-1.0,
base,switching_off,,1131602.0,1133402.0,27 38 40,-2.0,
base,switching_off,,1132178.0,1133978.0,120 121 122 123,-2.0,
base,active,,1132367.0,1132446.0,1 5 21 23 24 25 28 29 30 31 32 33 34 35 36 37 62 63 64 68 69 91 92 101 102 103 104 105 106 107 126 127,-1.0,
base,active,1132369.0,1132369.0,1132388.0,26,41595.0,False
base,active,,1132388.0,1133346.0,26,-1.0,
base,active,1132446.0,1132446.0,1133222.0,1 5 21 23 24 25 28 29 30 31 32 33 34 35 36 37 62 63 64 68 69 91 92 101 102 103 104 105 106 107 126 127,41597.0,False
base,active,1130247.0,1132947.0,1133024.0,42 82 83 87,41584.0,False
base,active,,1133024.0,1133346.0,42 82 83 87,-1.0,
base,active,,1133222.0,1133346.0,1 5 21 23 24 25 28 29 30 31 32 33 34 35 36 37 62 63 64 68 69 91 92 101 102 103 104,-1.0,
base,active,,1133222.0,1134260.0,105,-1.0,
base,active,,1133222.0,1134422.0,106 107 126 127,-1.0,
base,active,1133346.0,1133346.0,1136958.0,1 5 21 23 24 25 26 28 29 30 31 32 33 34 35 36 37 42 62 63 64 68 69 82 83 87 91 92 101 102 103 104,41599.0,False
base,sleeping,,1133402.0,1138606.0,27,-4.0,
base,sleeping,,1133402.0,1140197.0,38 40,-4.0,
base,sleeping,,1133978.0,1154931.0,120 121 122 123,-4.0,
base,active,1134260.0,1134260.0,1134374.0,105,41605.0,False
base,active,,1134374.0,1134731.0,105,-1.0,
base,switching_off,,1134422.0,1136222.0,106 107 126 127,-2.0,
base,active,1134731.0,1134731.0,1134753.0,105,41607.0,False
base,active,,1134753.0,1135009.0,105,-1.0,
base,active,1135009.0,1135009.0,1135034.0,105,41608.0,False
base,active,,1135025.0,1135066.0,39 41 43 44 45 46 47 48 49 50 51 52 53 54 55 56 57 58 59 60 61 65 70 71 72 73 74 75 76 95 96 97,-1.0,
base,active,,1135026.0,1135075.0,66,-1.0,
base,active,,1135026.0,1135135.0,67 98 99,-1.0,
base,active,,1135034.0,1135135.0,105,-1.0,
base,active,1135066.0,1135066.0,1135661.0,39 41 43 44 45 46 47 48 49 50 51 52 53 54 55 56 57 58 59 60 61 65 70 71 72 73 74 75 76 95 96 97,41609.0,False
base,active,1135075.0,1135075.0,1135190.0,66,41610.0,False
base,active,1135135.0,1135135.0,1135662.0,67 98 99 105,41611.0,False
base,active,,1135190.0,1135682.0,66,-1.0,
base,active,,1135661.0,1135682.0,39 41 43 44 45 46 47 48 49 50 51 52 53 54 55 56 57 58 59 60 61 65 70 71 72 73 74 75 76 95 96,-1.0,
base,active,,1135661.0,1135748.0,97,-1.0,
base,active,,1135662.0,1135748.0,67 98 99,-1.0,
base,active,,1135662.0,1135927.0,105,-1.0,
base,active,1135682.0,1135682.0,1140346.0,39 41 43 44 45 46 47 48 49 50 51 52 53 54 55 56 57 58 59 60 61 65 66 70 71 72 73 74 75 76 95 96,41613.0,False
base,active,1135748.0,1135748.0,1140347.0,67 97 98 99,41615.0,False
base,active,1135927.0,1135927.0,1135947.0,105,41619.0,False
base,active,,1135947.0,1136939.0,105,-1.0,
base,sleeping,,1136222.0,1142024.0,106 107,-4.0,
base,sleeping,,1136222.0,1154931.0,126 127,-4.0,
base,active,1136939.0,1136939.0,1136944.0,105,41622.0,False
base,active,,1136944.0,1136960.0,105,-1.0,
base,active,,1136958.0,1137016.0,1,-1.0,
base,active,,1136958.0,1137050.0,5,-1.0,
base,active,,1136958.0,1137079.0,21 23 24 25 26 28 29 30 31 32 33 34 35 36 37 42 62 63 64 68 69 82 83 87 91 92 101 102 103 104,-1.0,
base,active,1136960.0,1136960.0,1136988.0,105,41623.0,False
base,active,,1136988.0,1137079.0,105,-1.0,
base,active,1137016.0,1137016.0,1137033.0,1,41624.0,False
base,active,,1137033.0,1137079.0,1,-1.0,
base,active,1137050.0,1137050.0,1137149.0,5,41625.0,False
base,active,1137079.0,1137079.0,1138682.0,1 21 23 24 25 26 28 29 30 31 32 33 34 35 36 37 42 62 63 64 68 69 82 83 87 91 92 101 102 103 104 105,41626.0,False
base,active,,1137149.0,1138349.0,5,-1.0,
base,active,,1137197.0,1138397.0,0 2 3 4 6 7 8 9 10 11 12 13 14 15 16 17 18 19 20 22 77 78 79 80 81 84 85 86 108 109 124 125,-1.0,
base,active,,1137200.0,1138400.0,88 93 94 100 116 117 118 119,-1.0,
base,switching_off,,1138349.0,1140149.0,5,-2.0,
base,switching_off,,1138397.0,1140197.0,0 2 3 4 6 7 8 9 10 11 12 13 14 15 16 17 18 19 20 22 77 78 79 80 81 84 85 86 108 109 124 125,-2.0,
base,switching_off,,1138400.0,1140200.0,88 93 94 100 116 117 118 119,-2.0,
base,switching_on,,1138606.0,1141306.0,27,-3.0,
base,active,,1138682.0,1138683.0,1,-1.0,
base,active,,1138682.0,1138729.0,21 23 24 25 26 28 29 30 31 32 33 34 35 36 37 42 62 63 64 68 69 82 83 87 91 92 101 102 103 104 105,-1.0,
base,active,1138683.0,1138683.0,1138700.0,1,41630.0,False
base,active,,1138700.0,1138729.0,1,-1.0,
base,active,1138729.0,1138729.0,1139604.0,1 21 23 24 25 26 28 29 30 31 32 33 34 35 36 37 42 62 63 64 68 69 82 83 87 91 92 101 102 103 104 105,41631.0,False
base,active,,1139604.0,1139648.0,1 21 23 24 25 26 28 29 30 31 32 33 34 35 36 37 42 62 63 64 68 69 82 83 87 91 92 101 102 103 104 105,-1.0,
base,active,1139648.0,1139648.0,1142024.0,1 21 23 24 25 26 28 29 30 31 32 33 34 35 36 37 42 62 63 64 68 69 82 83 87 91 92 101 102 103 104 105,41632.0,False
base,sleeping,,1140149.0,1140197.0,5,-4.0,
base,sleeping,,1140197.0,1142024.0,108,-4.0,
base,sleeping,,1140197.0,1142035.0,109,-4.0,
base,switching_on,,1140197.0,1142897.0,0 2 3 4 5 6 7 8 9 10 11 12 13 14 15 16 17 18 19 20 22 38 40 77 78 79 80 81 84 85 86 89,-3.0,
base,sleeping,,1140197.0,1154931.0,124 125,-4.0,
base,sleeping,,1140200.0,1142024.0,88 93 94 100,-4.0,
base,sleeping,,1140200.0,1154931.0,116 117 118 119,-4.0,
base,active,,1140346.0,1140363.0,39 41 43 44 45 46 47 48 49 50 51 52 53 54 55 56 57 58 59 60 61 65 66 70 71 72 73 74 75 76 95 96,-1.0,
base,active,,1140347.0,1140428.0,67 97 98 99,-1.0,
base,active,1140363.0,1140363.0,1154925.0,39 41 43 44 45 46 47 48 49 50 51 52 53 54 55 56 57 58 59 60 61 65 66 70 71 72 73 74 75 76 95 96,41634.0,False
base,active,1140428.0,1140428.0,1164534.0,67 97 98 99,41635.0,False
base,active,1138606.0,1141306.0,1141323.0,27,41629.0,False
base,active,,1141323.0,1142024.0,27,-1.0,
base,active,,1142024.0,1142029.0,105,-1.0,
base,switching_on,,1142024.0,1144724.0,88 90 93 94 100 106 107 108,-3.0,
base,active,1140707.0,1142024.0,1165846.0,1 21 23 24 25 26 27 28 29 30 31 32 33 34 35 36 37 42 62 63 64 68 69 82 83 87 91 92 101 102 103 104,41636.0,False
base,active,1142029.0,1142029.0,1142050.0,105,41638.0,False
base,switching_on,,1142035.0,1144735.0,109,-3.0,
base,active,,1142050.0,1142909.0,105,-1.0,
base,active,1139994.0,1142897.0,1142909.0,0 2 3 4 5 6 7 8 9 10 11 12 13 14 15 16 17 18 19 20 22 38 40 77 78 79 80 81 84 85 86 89,41633.0,False
base,active,,1142909.0,1144109.0,89,-1.0,
base,active,1142079.0,1142909.0,1145289.0,0 2 3 4 5 6 7 8 9 10 11 12 13 14 15 16 17 18 19 20 22 38 40 77 78 79 80 81 84 85 86 105,41640.0,False
base,switching_off,,1144109.0,1145909.0,89,-2.0,
base,switching_on,,1144461.0,1147161.0,110,-3.0,
base,switching_on,,1144465.0,1147165.0,111,-3.0,
base,active,1140739.0,1144724.0,1168514.0,88 90 93 94 100 106 107 108,41637.0,False
base,active,1142035.0,1144735.0,1144745.0,109,41639.0,False
base,active,,1144745.0,1145289.0,109,-1.0,
base,active,,1145289.0,1146489.0,105,-1.0,
base,active,1144510.0,1145289.0,1147682.0,0 2 3 4 5 6 7 8 9 10 11 12 13 14 15 16 17 18 19 20 22 38 40 77 78 79 80 81 84 85 86 109,41643.0,False
base,sleeping,,1145909.0,1146905.0,89,-4.0,
base,switching_off,,1146489.0,1148289.0,105,-2.0,
base,switching_on,,1146905.0,1149605.0,89,-3.0,
base,active,1144461.0,1147161.0,1147181.0,110,41641.0,False
base,active,1144465.0,1147165.0,1147173.0,111,41642.0,False
base,active,,1147173.0,1147682.0,111,-1.0,
base,active,,1147181.0,1147682.0,110,-1.0,
base,active,,1147682.0,1148023.0,86,-1.0,
base,active,,1147682.0,1148882.0,109,-1.0,
base,active,1147227.0,1147682.0,1150013.0,0 2 3 4 5 6 7 8 9 10 11 12 13 14 15 16 17 18 19 20 22 38 40 77 78 79 80 81 84 85 110 111,41645.0,False
base,active,1148023.0,1148023.0,1148040.0,86,41646.0,False
base,active,,1148040.0,1149240.0,86,-1.0,
base,sleeping,,1148289.0,1149560.0,105,-4.0,
base,switching_off,,1148882.0,1150682.0,109,-2.0,
base,switching_off,,1149240.0,1151040.0,86,-2.0,
base,switching_on,,1149560.0,1152260.0,105,-3.0,
base,active,1146905.0,1149605.0,1149631.0,89,41644.0,False
base,active,,1149631.0,1150679.0,89,-1.0,
base,active,,1150013.0,1150790.0,0 2 3 4 5 6 7 8 9 10 11 12 13 14 15 16 17 18 19 20 22 38 40 77 78 79 80 81 84 85 110 111,-1.0,
base,active,1150679.0,1150679.0,1150688.0,89,41648.0,False
base,sleeping,,1150682.0,1154931.0,109,-4.0,
base,active,,1150688.0,1151888.0,89,-1.0,
base,active,1150790.0,1150790.0,1151624.0,0 2 3 4 5 6 7 8 9 10 11 12 13 14 15 16 17 18 19 20 22 38 40 77 78 79 80 81 84 85 110 111,41649.0,False
base,sleeping,,1151040.0,1154931.0,86,-4.0,
base,active,,1151624.0,1152824.0,0 2 3 4 5 6 7 8 9 10 11 12 13 14 15 16 17 18 19 20 22 38 40 77 78 79 80 81 84 85 110 111,-1.0,
base,switching_off,,1151888.0,1153688.0,89,-2.0,
base,active,1149560.0,1152260.0,1152285.0,105,41647.0,False
base,active,,1152285.0,1153485.0,105,-1.0,
base,switching_off,,1152824.0,1154624.0,0 2 3 4 5 6 7 8 9 10 11 12 13 14 15 16 17 18 19 20 22 38 40 77 78 79 80 81 84 85 110 111,-2.0,
base,switching_off,,1153485.0,1155285.0,105,-2.0,
base,sleeping,,1153688.0,1154931.0,89,-4.0,
base,sleeping,,1154624.0,1154931.0,0 2 3 4 5 6 7 8 9 10 11 12 13 14 15 16 17 18 19 20 22 38 40 77 78 79 80 81 84 85 110 111,-4.0,
base,active,,1154925.0,1156125.0,54 55 56 57 58 59 60 61 65 66 70 71 72 73 74 75 76 95 96,-1.0,
base,active,,1154925.0,1157631.0,39 41 43 44 45 46 47 48 49 50 51 52 53,-1.0,
base,switching_on,,1154931.0,1157631.0,0 2 3 4 5 6 7 8 9 10 11 12 13 14 15 16 17 18 19 20 22 38 40 77 78 79 80 81 84 85 86 89 109 110 111 112 113 114 115 116 117 118 119 120 121 122 123 124 125 126 127,-3.0,
base,sleeping,,1155285.0,1163021.0,105,-4.0,
base,switching_off,,1156125.0,1157925.0,54 55 56 57 58 59 60 61 65 66 70 71 72 73 74 75 76 95 96,-2.0,
base,active,1154931.0,1157631.0,1167227.0,0 2 3 4 5 6 7 8 9 10 11 12 13 14 15 16 17 18 19 20 22 38 39 40 41 43 44 45 46 47 48 49 50 51 52 53 77 78 79 80 81 84 85 86 89 109 110 111 112 113 114 115 116 117 118 119 120 121 122 123 124 125 126 127,41650.0,False
base,sleeping,,1157925.0,1161140.0,54 55 56 57,-4.0,
base,sleeping,,1157925.0,1162001.0,58 59 60 61,-4.0,
base,sleeping,,1157925.0,1162757.0,65 66 70 71,-4.0,
base,sleeping,,1157925.0,1162935.0,72 73 74 75,-4.0,
base,sleeping,,1157925.0,1163021.0,76 95 96,-4.0,
base,switching_on,,1161140.0,1163840.0,54 55 56 57,-3.0,
base,switching_on,,1162001.0,1164701.0,58 59 60 61,-3.0,
base,switching_on,,1162757.0,1165457.0,65 66 70 71,-3.0,
base,switching_on,,1162935.0,1165635.0,72 73 74 75,-3.0,
base,switching_on,,1163021.0,1165721.0,76 95 96 105,-3.0,
base,active,1161140.0,1163840.0,1164015.0,54 55 56 57,41651.0,False
base,active,1163198.0,1164015.0,1164037.0,54 55,41656.0,False
base,active,,1164015.0,1165215.0,56 57,-1.0,
base,active,,1164037.0,1165237.0,54 55,-1.0,
base,active,,1164534.0,1165734.0,67 97 98 99,-1.0,
base,active,1162001.0,1164701.0,1165139.0,58 59 60 61,41652.0,False
base,active,,1165139.0,1166339.0,58 59 60 61,-1.0,
base,switching_off,,1165215.0,1167015.0,56 57,-2.0,
base,switching_off,,1165237.0,1167037.0,54 55,-2.0,
base,active,1162757.0,1165457.0,1165595.0,65 66 70 71,41653.0,False
base,active,,1165595.0,1166795.0,65 66 70 71,-1.0,
base,active,1162935.0,1165635.0,1165660.0,72 73 74 75,41654.0,False
base,active,,1165660.0,1166860.0,72 73 74 75,-1.0,
base,active,1163021.0,1165721.0,1165744.0,76 95 96 105,41655.0,False
base,switching_off,,1165734.0,1167534.0,67 97 98 99,-2.0,
base,active,,1165744.0,1166944.0,76 95 96 105,-1.0,
base,active,,1165846.0,1167046.0,1 21 23 24 25 26 27 28 29 30 31 32 33 34 35 36 37 42 62 63 64 68 69 82 83 87 91 92 101 102 103 104,-1.0,
base,switching_off,,1166339.0,1168139.0,58 59 60 61,-2.0,
base,switching_off,,1166795.0,1168595.0,65 66 70 71,-2.0,
base,switching_off,,1166860.0,1168660.0,72 73 74 75,-2.0,
base,switching_off,,1166944.0,1168744.0,76 95 96 105,-2.0,
base,sleeping,,1167015.0,1682786.0,56 57,-4.0,
base,sleeping,,1167037.0,1682786.0,54 55,-4.0,
base,switching_off,,1167046.0,1168846.0,1 21 23 24 25 26 27 28 29 30 31 32 33 34 35 36 37 42 62 63 64 68 69 82 83 87 91 92 101 102 103 104,-2.0,
base,active,1164538.0,1167227.0,1172364.0,0 2 3 4 5 6 7 8 9 10 11 12 13 14 15 16 17 18 19 20 22 38 39 40 41 43 44 45 46 47 48 49 50 51 52 53 77 78 79 80 81 84 85 86 89 109 110 111 112 113 114 115 116 117 118 119 120 121 122 123 124 125 126 127,41657.0,False
base,sleeping,,1167534.0,1683107.0,67 97 98 99,-4.0,
base,sleeping,,1168139.0,1682786.0,58 59 60 61,-4.0,
base,active,,1168514.0,1169714.0,88 90 93 94 100 106 107 108,-1.0,
base,sleeping,,1168595.0,1683107.0,65 66 70 71,-4.0,
base,sleeping,,1168660.0,1683107.0,72 73 74 75,-4.0,
base,sleeping,,1168744.0,1683107.0,76 95 96 105,-4.0,
base,sleeping,,1168846.0,1682786.0,1 21 23 24 25 26 27 28 29 30 31 32 33 34 35 36 37 42 62 63,-4.0,
base,sleeping,,1168846.0,1683107.0,64 68 69 82 83 87 91 92 101 102 103 104,-4.0,
base,switching_off,,1169714.0,1171514.0,88 90 93 94 100 106 107 108,-2.0,
base,sleeping,,1171514.0,1683107.0,88 90 93 94 100 106 107 108,-4.0,
base,active,,1172364.0,1173564.0,0 2 3 4 5 6 7 8 9 10 11 12 13 14 15 16 17 18 19 20 22 38 39 40 41 43 44 45 46 47 48 49 50 51 52 53 77 78 79 80 81 84 85 86 89 109 110 111 112 113 114 115 116 117 118 119 120 121 122 123 124 125 126 127,-1.0,
base,switching_off,,1173564.0,1175364.0,0 2 3 4 5 6 7 8 9 10 11 12 13 14 15 16 17 18 19 20 22 38 39 40 41 43 44 45 46 47 48 49 50 51 52 53 77 78 79 80 81 84 85 86 89 109 110 111 112 113 114 115 116 117 118 119 120 121 122 123 124 125 126 127,-2.0,
base,sleeping,,1175364.0,1682786.0,0 2 3 4 5 6 7 8 9 10 11 12 13 14 15 16 17 18 19 20 22 38 39 40 41 43 44 45 46 47 48 49 50 51 52 53,-4.0,
base,sleeping,,1175364.0,1683107.0,77 78 79 80 81 84 85 86 89 109 110 111 112 113 114 115 116 117 118 119 120 121 122 123 124 125 126 127,-4.0,
base,switching_on,,1682786.0,1685486.0,0 1 2 3 4 5 6 7 8 9 10 11 12 13 14 15 16 17 18 19 20 21 22 23 24 25 26 27 28 29 30 31 32 33 34 35 36 37 38 39 40 41 42 43 44 45 46 47 48 49 50 51 52 53 54 55 56 57 58 59 60 61 62 63,-3.0,
base,switching_on,,1683107.0,1685807.0,64 65 66 67 68 69 70 71 72 73 74 75 76 77 78 79 80 81 82 83 84 85 86 87 88 89 90 91 92 93 94 95 96 97 98 99 100 101 102 103 104 105 106 107 108 109 110 111 112 113 114 115 116 117 118 119 120 121 122 123 124 125 126 127,-3.0,
base,active,1682786.0,1685486.0,1685792.0,0 1 2 3 4 5 6 7 8 9 10 11 12 13 14 15 16 17 18 19 20 21 22 23 24 25 26 27 28 29 30 31 32 33 34 35 36 37 38 39 40 41 42 43 44 45 46 47 48 49 50 51 52 53 54 55 56 57 58 59 60 61 62 63,41679.0,False
base,active,,1685792.0,1686992.0,0 1 2 3 4 5 6 7 8 9 10 11 12 13 14 15 16 17 18 19 20 21 22 23 24 25 26 27 28 29 30 31 32 33 34 35 36 37 38 39 40 41 42 43 44 45 46 47 48 49 50 51 52 53 54 55 56 57 58 59 60 61 62 63,-1.0,
base,active,1683107.0,1685807.0,1695376.0,64 65 66 67 68 69 70 71 72 73 74 75 76 77 78 79 80 81 82 83 84 85 86 87 88 89 90 91 92 93 94 95 96 97 98 99 100 101 102 103 104 105 106 107 108 109 110 111 112 113 114 115 116 117 118 119 120 121 122 123 124 125 126 127,41680.0,False
base,switching_off,,1686992.0,1688792.0,0 1 2 3 4 5 6 7 8 9 10 11 12 13 14 15 16 17 18 19 20 21 22 23 24 25 26 27 28 29 30 31 32 33 34 35 36 37 38 39 40 41 42 43 44 45 46 47 48 49 50 51 52 53 54 55 56 57 58 59 60 61 62 63,-2.0,
base,sleeping,,1688792.0,1690717.0,0 1 2 3 4 5 6 7,-4.0,
base,sleeping,,1688792.0,1694718.0,8 9 10 11 12 13 14 15 16 17 18 19 20 21 22 23 24 25 26 27 28 29 30 31 32 33 34 35 36 37 38 39 40 41 42 43 44 45 46 47 48 49 50 51 52 53 54 55 56 57 58 59 60 61 62 63,-4.0,
base,switching_on,,1690717.0,1693417.0,0 1 2 3 4 5 6 7,-3.0,
base,active,1690717.0,1693417.0,1694718.0,0 1 2 3 4 5 6 7,41702.0,False
base,active,,1694718.0,1697418.0,0 1 2 3 4 5 6 7,-1.0,
base,switching_on,,1694718.0,1697418.0,8 9 10 11 12 13 14 15 16 17 18 19 20 21 22 23 24 25 26 27 28 29 30 31 32 33 34 35 36 37 38 39 40 41 42 43 44 45 46 47 48 49 50 51 52 53 54 55 56 57 58 59 60 61 62 63,-3.0,
base,active,,1695376.0,1696576.0,64 65 66 67 68 69 70 71 72 73 74 75 76 77 78 79 80 81 82 83 84 85 86 87 88 89 90 91 92 93 94 95 96 97 98 99 100 101 102 103 104 105 106 107 108 109 110 111 112 113 114 115 116 117 118 119 120 121 122 123 124 125 126 127,-1.0,
base,switching_off,,1696576.0,1698376.0,64 65 66 67 68 69 70 71 72 73 74 75 76 77 78 79 80 81 82 83 84 85 86 87 88 89 90 91 92 93 94 95 96 97 98 99 100 101 102 103 104 105 106 107 108 109 110 111 112 113 114 115 116 117 118 119 120 121 122 123 124 125 126 127,-2.0,
base,active,1692675.0,1697418.0,1707071.0,0 1 2 3 4 5 6 7 8 9 10 11 12 13 14 15 16 17 18 19 20 21 22 23 24 25 26 27 28 29 30 31 32 33 34 35 36 37 38 39 40 41 42 43 44 45 46 47 48 49 50 51 52 53 54 55 56 57 58 59 60 61 62 63,41709.0,False
base,sleeping,,1698376.0,1709237.0,64 65 66 67 68 69 70 71 72 73 74 75 76 77 78 79 80 81 82 83 84 85 86 87 88 89 90 91 92 93 94 95,-4.0,
base,sleeping,,1698376.0,1718127.0,96 97,-4.0,
base,sleeping,,1698376.0,1718745.0,98 99 100 101 102 103 104 105,-4.0,
base,sleeping,,1698376.0,1720656.0,106 107 108 109 110 111 112 113 114 115 116 117 118 119 120 121 122 123 124 125 126 127,-4.0,
base,active,,1707071.0,1708271.0,0 1 2 3 4 5 6 7 8 9 10 11 12 13 14 15 16 17 18 19 20 21 22 23 24 25 26 27 28 29 30 31 32 33 34 35 36 37 38 39 40 41 42 43 44 45 46 47 48 49 50 51 52 53 54 55 56 57 58 59 60 61 62 63,-1.0,
base,switching_off,,1708271.0,1710071.0,0 1 2 3 4 5 6 7 8 9 10 11 12 13 14 15 16 17 18 19 20 21 22 23 24 25 26 27 28 29 30 31 32 33 34 35 36 37 38 39 40 41 42 43 44 45 46 47 48 49 50 51 52 53 54 55 56 57 58 59 60 61 62 63,-2.0,
base,switching_on,,1709237.0,1711937.0,64 65 66 67 68 69 70 71 72 73 74 75 76 77 78 79 80 81 82 83 84 85 86 87 88 89 90 91 92 93 94 95,-3.0,
base,sleeping,,1710071.0,1712272.0,0,-4.0,
base,sleeping,,1710071.0,1712887.0,1,-4.0,
base,sleeping,,1710071.0,1713050.0,2 3 4 5 6 7 8 9,-4.0,
base,sleeping,,1710071.0,1714067.0,10 11 12 13 14 15 16 17,-4.0,
base,sleeping,,1710071.0,1715030.0,18 19 20 21 22 23 24 25,-4.0,
base,sleeping,,1710071.0,1717909.0,26 27 28 29 30 31 32 33 34 35 36 37 38 39 40 41 42 43 44 45 46 47 48 49 50 51 52 53 54 55 56 57,-4.0,
base,sleeping,,1710071.0,1718127.0,58 59 60 61 62 63,-4.0,
base,active,1709237.0,1711937.0,1720787.0,64 65 66 67 68 69 70 71 72 73 74 75 76 77 78 79 80 81 82 83 84 85 86 87 88 89 90 91 92 93 94 95,41770.0,False
base,switching_on,,1712272.0,1714972.0,0,-3.0,
base,switching_on,,1712887.0,1715587.0,1,-3.0,
base,switching_on,,1713050.0,1715750.0,2 3 4 5 6 7 8 9,-3.0,
base,switching_on,,1714067.0,1716767.0,10 11 12 13 14 15 16 17,-3.0,
base,active,1712272.0,1714972.0,1714975.0,0,41780.0,False
base,active,,1714975.0,1716148.0,0,-1.0,
base,switching_on,,1715030.0,1717730.0,18 19 20 21 22 23 24 25,-3.0,
base,active,1712887.0,1715587.0,1715604.0,1,41786.0,False
base,active,,1715604.0,1716148.0,1,-1.0,
base,active,1713050.0,1715750.0,1715818.0,2 3 4 5 6 7 8 9,41787.0,False
base,active,,1715818.0,1716148.0,2 3 4 5 6 7,-1.0,
base,active,,1715818.0,1717018.0,8 9,-1.0,
base,active,1716148.0,1716148.0,1716231.0,0 1 2 3 4 5 6 7,41799.0,False
base,active,,1716231.0,1717431.0,0 1 2 3 4 5 6 7,-1.0,
base,active,1714067.0,1716767.0,1716837.0,10 11 12 13 14 15 16 17,41790.0,False
base,active,,1716837.0,1717936.0,10 11 12 13 14 15 16 17,-1.0,
base,switching_off,,1717018.0,1718818.0,8 9,-2.0,
base,switching_off,,1717431.0,1719231.0,0 1 2 3 4 5 6 7,-2.0,
base,active,1715030.0,1717730.0,1717782.0,18 19 20 21 22 23 24 25,41796.0,False
base,active,,1717782.0,1718982.0,18 19 20 21 22 23 24 25,-1.0,
base,switching_on,,1717909.0,1720609.0,26 27 28 29 30 31 32 33 34 35 36 37 38 39 40 41 42 43 44 45 46 47 48 49 50 51 52 53 54 55 56 57,-3.0,
base,active,1717936.0,1717936.0,1717957.0,10 11 12 13 14 15 16 17,41804.0,False
base,active,,1717957.0,1719157.0,10 11 12 13 14 15 16 17,-1.0,
base,switching_on,,1718127.0,1720827.0,58 59 60 61 62 63 96 97,-3.0,
base,switching_on,,1718745.0,1721445.0,98 99 100 101 102 103 104 105,-3.0,
base,sleeping,,1718818.0,1720656.0,8 9,-4.0,
base,switching_off,,1718982.0,1720782.0,18 19 20 21 22 23 24 25,-2.0,
base,switching_off,,1719157.0,1720957.0,10 11 12 13 14 15 16 17,-2.0,
base,sleeping,,1719231.0,1720656.0,0 1 2 3 4 5 6 7,-4.0,
base,active,1717909.0,1720609.0,1720656.0,26 27 28 29 30 31 32 33 34 35 36 37 38 39 40 41 42 43 44 45 46 47 48 49 50 51 52 53 54 55 56 57,41803.0,False
base,active,,1720656.0,1723356.0,26 27 28 29 30 31 32 33 34 35 36 37 38 39 40 41 42 43 44 45 46 47 48 49 50 51 52 53 54 55 56 57,-1.0,
base,switching_on,,1720656.0,1723356.0,0 1 2 3 4 5 6 7 8 9 106 107 108 109 110 111 112 113 114 115 116 117 118 119 120 121 122 123 124 125 126 127,-3.0,
base,sleeping,,1720782.0,1726895.0,18 19 20 21 22 23 24 25,-4.0,
base,active,1718013.0,1720787.0,1720821.0,64 65 66 67 68 69 70 71 72 73 74 75 76 77 78 79 80 81 82 83 84 85 86 87 88 89 90 91 92 93 94 95,41806.0,False
base,active,1718095.0,1720821.0,1744812.0,64 65 66 67 68 69 70 71 72 73 74 75 76 77 78 79 80 81 82 83 84 85 86 87 88 89 90 91 92 93 94 95,41807.0,False
base,active,1718127.0,1720827.0,1744786.0,58 59 60 61 62 63 96 97,41808.0,False
base,sleeping,,1720957.0,1726187.0,10,-4.0,
base,sleeping,,1720957.0,1726895.0,11 12 13 14 15 16 17,-4.0,
base,active,1718745.0,1721445.0,1721506.0,98 99 100 101 102 103 104 105,41815.0,False
base,active,1721049.0,1721506.0,1721519.0,104,41825.0,False
base,active,1720423.0,1721506.0,1721528.0,105,41823.0,False
base,active,,1721506.0,1722162.0,98 99 100 101 102 103,-1.0,
base,active,,1721519.0,1722162.0,104,-1.0,
base,active,,1721528.0,1722162.0,105,-1.0,
base,active,1722162.0,1722162.0,1722221.0,98 99 100 101 102 103 104 105,41832.0,False
base,active,,1722221.0,1722831.0,98 99 100 101 102 103 104 105,-1.0,
base,active,1722831.0,1722831.0,1722869.0,98 99 100 101 102 103 104 105,41837.0,False
base,active,,1722869.0,1723331.0,98 99 100 101 102 103 104 105,-1.0,
base,active,1723331.0,1723331.0,1723355.0,98 99 100 101 102 103 104 105,41838.0,False
base,active,,1723355.0,1723457.0,98 99 100 101 102 103 104 105,-1.0,
base,active,1718002.0,1723356.0,1723457.0,0 1 2 3 4 5 6 7 8 9 26 27 28 29 30 31 32 33 34 35 36 37 38 39 40 41 42 43 44 45 46 47 48 49 50 51 52 53 54 55 56 57 106 107 108 109 110 111 112 113 114 115 116 117 118 119 120 121 122 123 124 125 126 127,41805.0,False
base,active,1718682.0,1723457.0,1723481.0,0 1 2 3 4 5 6 7 8 9 26 27 28 29 30 31 32 33 34 35 36 37 38 39 40 41 42 43 44 45 46 47 48 49 50 51 52 53 54 55 56 57 98 99 100 101 102 103 104 105 106 107 108 109 110 111 112 113 114 115 116 117 118 119,41814.0,False
base,active,,1723457.0,1723481.0,120 121 122 123 124 125 126 127,-1.0,
base,active,1721169.0,1723481.0,1723670.0,0 1 2 3 4 5 6 7 8 9 26 27 28 29 30 31 32 33 34 35 36 37 38 39 120 121 122 123 124 125 126 127,41826.0,False
base,active,,1723481.0,1723670.0,112 113 114 115 116 117 118 119,-1.0,
base,active,1721463.0,1723481.0,1728245.0,40 41 42 43 44 45 46 47 48 49 50 51 52 53 54 55 56 57 98 99 100 101 102 103 104 105 106 107 108 109 110 111,41827.0,False
base,active,1722662.0,1723670.0,1723895.0,0 1 2 3 4 5 6 7 8 9 26 27 28 29 30 31 32 33 34 35 36 37 38 39 112 113 114 115 116 117 118 119,41835.0,False
base,active,,1723670.0,1724870.0,120 121 122 123 124 125 126 127,-1.0,
base,active,,1723895.0,1725095.0,0 1 2 3 4 5 6 7 8 9 26 27 28 29 30 31 32 33 34 35 36 37 38 39 112 113 114 115 116 117 118 119,-1.0,
base,switching_off,,1724870.0,1726670.0,120 121 122 123 124 125 126 127,-2.0,
base,switching_off,,1725095.0,1726895.0,0 1 2 3 4 5 6 7 8 9 26 27 28 29 30 31 32 33 34 35 36 37 38 39 112 113 114 115 116 117 118 119,-2.0,
base,switching_on,,1726187.0,1728887.0,10,-3.0,
base,sleeping,,1726670.0,1728903.0,120 121 122 123,-4.0,
base,sleeping,,1726670.0,1729352.0,124 125 126 127,-4.0,
base,sleeping,,1726895.0,1728245.0,112 113 114 115 116 117 118 119,-4.0,
base,switching_on,,1726895.0,1729595.0,0 1 2 3 4 5 6 7 8 9 11 12 13 14 15 16 17 18 19 20 21 22 23 24 25 26 27 28 29 30 31 32 33 34 35 36 37 38 39,-3.0,
base,active,1726738.0,1728245.0,1729262.0,40 41 42 43 44 45 46 47 48 49 50 51 52 53 54 55 56 57 98 99 100 101 102 103 104 105 106 107 108 109 110 111,41858.0,False
base,switching_on,,1728245.0,1730945.0,112 113 114 115 116 117 118 119,-3.0,
base,active,1726187.0,1728887.0,1728903.0,10,41852.0,False
base,active,,1728903.0,1729262.0,10,-1.0,
base,switching_on,,1728903.0,1731603.0,120 121 122 123,-3.0,
base,active,1727463.0,1729262.0,1729291.0,106 107,41866.0,False
base,active,1728753.0,1729262.0,1729294.0,56 57,41874.0,False
base,active,1727366.0,1729262.0,1729296.0,108 109 110 111,41864.0,False
base,active,1727616.0,1729262.0,1729342.0,98 99 100 101 102 103 104 105,41870.0,False
base,active,1726884.0,1729262.0,1729352.0,10 40 41 42 43 44 45 46 47 48 49 50 51 52 53 54,41860.0,False
base,active,,1729262.0,1729352.0,55,-1.0,
base,active,,1729291.0,1729352.0,106 107,-1.0,
base,active,,1729294.0,1729352.0,56 57,-1.0,
base,active,,1729296.0,1729352.0,108 109 110 111,-1.0,
base,active,,1729342.0,1729352.0,98 99 100 101 102 103 104 105,-1.0,
base,active,1726990.0,1729352.0,1729462.0,10 40 41 42 43 44 45 46 47 48 49 50 51 52 53 55 56 57 98 99 100 101 102 103 104 105 106 107 108 109 110 111,41861.0,False
base,active,,1729352.0,1729462.0,54,-1.0,
base,switching_on,,1729352.0,1732052.0,124 125 126 127,-3.0,
base,active,1727714.0,1729462.0,1729549.0,50 51 52 53 55 56 57 98 99 100 101 102 103 104 105 106,41871.0,False
base,active,1728795.0,1729462.0,1729551.0,108 109 110 111,41875.0,False
base,active,1727505.0,1729462.0,1729558.0,10 40 41 54,41867.0,False
base,active,1727536.0,1729462.0,1729580.0,42 43 44 45 46 47 48 49,41868.0,False
base,active,,1729462.0,1729580.0,107,-1.0,
base,active,,1729549.0,1729580.0,50 51 52 53 55 56 57 98 99 100 101 102 103 104 105 106,-1.0,
base,active,,1729551.0,1729580.0,108 109 110 111,-1.0,
base,active,,1729558.0,1729580.0,10 40 41 54,-1.0,
base,active,1727812.0,1729580.0,1729695.0,10 40 41 42 43 44 45 46 47 48 50 51 52 53 54 55 56 57 98 99 100 101 102 103 104 105 106 107 108 109 110 111,41872.0,False
base,active,,1729580.0,1729695.0,49,-1.0,
base,active,1726571.0,1729595.0,1729658.0,34 35,41856.0,False
base,active,1726463.0,1729595.0,1729675.0,33,41854.0,False
base,active,1726646.0,1729595.0,1729700.0,36 37 38 39,41857.0,False
base,active,1726391.0,1729595.0,1729859.0,0 1 2 3 4 5 6 7 8 9 11 12 13 14 15 16 17 18 19 20 21 22 23 24 25 26 27 28 29 30 31 32,41853.0,False
base,active,,1729658.0,1729695.0,34 35,-1.0,
base,active,,1729675.0,1729695.0,33,-1.0,
base,active,,1729695.0,1729746.0,100 101 102 103,-1.0,
base,active,1728896.0,1729695.0,1729771.0,10 33 34 35 40 41 42 49,41876.0,False
base,active,1728991.0,1729695.0,1729803.0,43 44 45 46 47 48 50 51 52 53 54 55 56 57 98 99,41877.0,False
base,active,,1729695.0,1729803.0,104 105 106 107 108 109 110 111,-1.0,
base,active,,1729700.0,1729803.0,36 37 38 39,-1.0,
base,active,1729746.0,1729746.0,1729853.0,100 101 102 103,41881.0,False
base,active,,1729771.0,1729803.0,10 33 34 35 40 41 42 49,-1.0,
base,active,,1729803.0,1729859.0,56 57 98 99,-1.0,
base,active,1729113.0,1729803.0,1729935.0,10 33 34 35 36 37 38 39 40 41 42 43 44 45 46 47 48 49 50 51 52 53 54 55 104 105 106 107 108 109 110 111,41878.0,False
base,active,,1729853.0,1729859.0,100 101 102 103,-1.0,
base,active,,1729859.0,1729935.0,25 26 27 28 29 30 31 32,-1.0,
base,active,1729234.0,1729859.0,1730228.0,0 1 2 3 4 5 6 7 8 9 11 12 13 14 15 16 17 18 19 20 21 22 23 24 56 57 98 99 100 101 102 103,41879.0,False
base,active,1729859.0,1729935.0,1730026.0,104 105 106 107 108 109 110 111,41882.0,False
base,active,1729645.0,1729935.0,1730338.0,10 25 26 27 28 29 30 31 32 33 34 35 36 37 38 39 40 41 42 43 44 45 46 47 48 49 50 51 52 53 54 55,41880.0,False
base,active,,1730026.0,1730228.0,104 105 106 107 108 109 110 111,-1.0,
base,active,1730030.0,1730228.0,1730447.0,0 1 2 3 4 5 6 7 8 9 11 12 13 14 15 16 17 18 19 20 21 22 23 24 104 105 106 107 108 109 110 111,41883.0,False
base,active,,1730228.0,1730447.0,56 57 98 99 100 101 102 103,-1.0,
base,active,,1730338.0,1730447.0,10 25 26 27 28 29 30 31 32 33 34 35 36 37 38 39 40 41 42 43 44 45 46 47 48 49 50 51 52 53 54 55,-1.0,
base,active,1730255.0,1730447.0,1730609.0,0 1 2 3 4 5 6 7 8 9 10 11 12 13 14 15 16 17 18 19 20 21 22 23 24 25 26 27 28 29 30 31 32 33 34 35 36 37 38 39 40 41 42 43 44 45 46 47 48 49 50 51 52 53 54 55 56 57 98 99 100 101 102 103,41884.0,False
base,active,,1730447.0,1730609.0,104 105 106 107 108 109 110 111,-1.0,
base,active,1730488.0,1730609.0,1730787.0,0 1 2 3 4 5 6 7 104 105 106 107 108 109 110 111,41885.0,False
base,active,,1730609.0,1730839.0,16,-1.0,
base,active,,1730609.0,1730848.0,17 18 19 20 21 22 23 24 25 26 27 28 29 30 31 32 33 34 35 36 37 38 39 40 41 42 43 44 45 46 47 48,-1.0,
base,active,,1730609.0,1730908.0,49 50,-1.0,
base,active,1730505.0,1730609.0,1730955.0,8 9 10 11 12 13 14 15,41886.0,False
base,active,,1730609.0,1730998.0,51 52 53 54,-1.0,
base,active,,1730609.0,1731152.0,55 56 57 98 99 100 101 102,-1.0,
base,active,,1730609.0,1731244.0,103,-1.0,
base,active,,1730787.0,1731244.0,0 1 2 3 4 5 6 7 104 105 106 107 108 109 110,-1.0,
base,active,,1730787.0,1731251.0,111,-1.0,
base,active,1730839.0,1730839.0,1730893.0,16,41887.0,False
base,active,1730848.0,1730848.0,1731203.0,17 18 19 20 21 22 23 24 25 26 27 28 29 30 31 32 33 34 35 36 37 38 39 40 41 42 43 44 45 46 47 48,41888.0,False
base,active,,1730893.0,1731251.0,16,-1.0,
base,active,1730908.0,1730908.0,1730971.0,49 50,41889.0,False
base,active,1726763.0,1730945.0,1731055.0,112 113 114 115 116 117 118 119,41859.0,False
base,active,,1730955.0,1731251.0,8 9 10 11 12 13 14 15,-1.0,
base,active,,1730971.0,1731251.0,49 50,-1.0,
base,active,1730998.0,1730998.0,1731130.0,51 52 53 54,41890.0,False
base,active,,1731055.0,1731251.0,112 113 114 115 116 117 118 119,-1.0,
base,active,,1731130.0,1731251.0,51 52 53 54,-1.0,
base,active,1731152.0,1731152.0,1731235.0,55 56 57 98 99 100 101 102,41891.0,False
base,active,,1731203.0,1731251.0,17 18 19 20 21 22 23 24,-1.0,
base,active,,1731203.0,1731353.0,25 26 27 28 29 30 31 32 33 34 35 36 37 38 39 40 41 42 43 44 45 46 47 48,-1.0,
base,active,,1731235.0,1731353.0,55 56 57 98 99 100 101 102,-1.0,
base,active,1731244.0,1731244.0,1731336.0,0 1 2 3 4 5 6 7 103 104 105 106 107 108 109 110,41892.0,False
base,active,1731251.0,1731251.0,1731677.0,8 9 10 11 12 13 14 15 16 17 18 19 20 21 22 23 24 49 50 51 52 53 54 111 112 113 114 115 116 117 118 119,41893.0,False
base,active,,1731336.0,1731771.0,0 1 2 3,-1.0,
base,active,,1731336.0,1731982.0,4 5 6 7 103 104 105 106 107 108 109 110,-1.0,
base,active,1731353.0,1731353.0,1731458.0,25 26 27 28 29 30 31 32 33 34 35 36 37 38 39 40 41 42 43 44 45 46 47 48 55 56 57 98 99 100 101 102,41894.0,False
base,active,,1731458.0,1731982.0,25 26 27 28 29 30 31 32 33 34 35 36 37 38 39 40 41 42 43 44,-1.0,
base,active,,1731458.0,1732025.0,45 46 47 48,-1.0,
base,active,,1731458.0,1732172.0,55 56 57 98 99 100 101 102,-1.0,
base,active,1727285.0,1731603.0,1731612.0,120,41862.0,False
base,active,1727546.0,1731603.0,1731615.0,122,41869.0,False
base,active,1728714.0,1731603.0,1731629.0,123,41873.0,False
base,active,1727420.0,1731603.0,1731630.0,121,41865.0,False
base,active,,1731612.0,1732387.0,120,-1.0,
base,active,,1731615.0,1732435.0,122,-1.0,
base,active,,1731629.0,1732435.0,123,-1.0,
base,active,,1731630.0,1732473.0,121,-1.0,
base,active,,1731677.0,1732473.0,8 9 10,-1.0,
base,active,,1731677.0,1732552.0,11,-1.0,
base,active,,1731677.0,1732571.0,12,-1.0,
base,active,,1731677.0,1732582.0,13 14 15 16 17 18 19 20,-1.0,
base,active,,1731677.0,1732643.0,21 22 23 24 49 50 51 52 53 54 111 112 113 114 115 116 117 118 119,-1.0,
base,active,1731771.0,1731771.0,1731799.0,0 1 2 3,41895.0,False
base,active,,1731799.0,1732643.0,0 1 2 3,-1.0,
base,active,1731982.0,1731982.0,1732550.0,4 5 6 7 25 26 27 28 29 30 31 32 33 34 35 36 37 38 39 40 41 42 43 44 103 104 105 106 107 108 109 110,41896.0,False
base,active,1732025.0,1732025.0,1732160.0,45 46 47 48,41897.0,False
base,active,1727303.0,1732052.0,1732171.0,124 125 126 127,41863.0,False
base,active,,1732160.0,1732643.0,45 46 47 48,-1.0,
base,active,,1732171.0,1732643.0,124 125 126 127,-1.0,
base,active,1732172.0,1732172.0,1732398.0,55 56 57 98 99 100 101 102,41898.0,False
base,active,1732387.0,1732387.0,1732415.0,120,41899.0,False
base,active,,1732398.0,1732643.0,55,-1.0,
base,active,,1732398.0,1732684.0,56 57 98 99 100 101 102,-1.0,
base,active,,1732415.0,1732684.0,120,-1.0,
base,active,1732435.0,1732435.0,1732462.0,122 123,41900.0,False
base,active,,1732462.0,1732684.0,122 123,-1.0,
base,active,1732473.0,1732473.0,1732567.0,8 9 10 121,41901.0,False
base,active,,1732550.0,1732684.0,4 5 6 7 25 26,-1.0,
base,active,,1732550.0,1732824.0,27 28 29 30 31 32 33 34 35 36 37 38 39 40 41 42 43 44 103 104 105 106 107 108 109 110,-1.0,
base,active,1732552.0,1732552.0,1732568.0,11,41902.0,False
base,active,,1732567.0,1732824.0,8 9 10 121,-1.0,
base,active,,1732568.0,1732824.0,11,-1.0,
base,active,1732571.0,1732571.0,1732584.0,12,41903.0,False
base,active,1732582.0,1732582.0,1732671.0,13 14 15 16 17 18 19 20,41904.0,False
base,active,,1732584.0,1732824.0,12,-1.0,
base,active,1732643.0,1732643.0,1739508.0,0 1 2 3 21 22 23 24 45 46 47 48 49 50 51 52 53 54 55 111 112 113 114 115 116 117 118 119 124 125 126 127,41905.0,False
base,active,,1732671.0,1732912.0,13 14 15 16 17 18 19 20,-1.0,
base,active,1732684.0,1732684.0,1732808.0,4 5 6 7 25 26 56 57 98 99 100 101 102 120 122 123,41906.0,False
base,active,,1732808.0,1732912.0,4 5 6 7 25 26 56 57 98 99 100 101 102 120 122 123,-1.0,
base,active,1732824.0,1732824.0,1732853.0,8 9 10 11 12 27 28 29 30 31 32 33 34 35 36 37 38 39 40 41 42 43 44 103 104 105 106 107 108 109 110 121,41907.0,False
base,active,,1732853.0,1732912.0,8 9 10 11 12 27 28 29,-1.0,
base,active,,1732853.0,1733033.0,30 31 32 33 34 35 36 37 38 39 40 41 42 43 44 103 104 105 106 107 108 109 110 121,-1.0,
base,active,1732912.0,1732912.0,1732944.0,4 5 6 7 8 9 10 11 12 13 14 15 16 17 18 19 20 25 26 27 28 29 56 57 98 99 100 101 102 120 122 123,41908.0,False
base,active,,1732944.0,1733033.0,4 5 6 7 8 9 10 11,-1.0,
base,active,,1732944.0,1733391.0,12 13 14 15 16 17 18 19,-1.0,
base,active,,1732944.0,1733395.0,20,-1.0,
base,active,,1732944.0,1733466.0,25 26,-1.0,
base,active,,1732944.0,1733549.0,27,-1.0,
base,active,,1732944.0,1733617.0,28 29,-1.0,
base,active,,1732944.0,1733668.0,56 57 98 99,-1.0,
base,active,,1732944.0,1733721.0,100 101 102 120 122 123,-1.0,
base,active,1733033.0,1733033.0,1733136.0,4 5 6 7 8 9 10 11 30 31 32 33 34 35 36 37 38 39 40 41 42 43 44 103 104 105 106 107 108 109 110 121,41909.0,False
base,active,,1733136.0,1733721.0,4 5,-1.0,
base,active,,1733136.0,1733770.0,6 7 8 9 10 11 30 31 32 33 34 35 36 37 38 39,-1.0,
base,active,,1733136.0,1733837.0,40 41 42 43 44 103 104 105 106 107 108 109 110 121,-1.0,
base,active,1733391.0,1733391.0,1733509.0,12 13 14 15 16 17 18 19,41910.0,False
base,active,1733395.0,1733395.0,1733449.0,20,41911.0,False
base,active,,1733449.0,1733837.0,20,-1.0,
base,active,1733466.0,1733466.0,1733472.0,25 26,41912.0,False
base,active,,1733472.0,1733837.0,25 26,-1.0,
base,active,,1733509.0,1733837.0,12 13 14 15 16 17 18 19,-1.0,
base,active,1733549.0,1733549.0,1733606.0,27,41913.0,False
base,active,,1733606.0,1733837.0,27,-1.0,
base,active,1733617.0,1733617.0,1733657.0,28 29,41914.0,False
base,active,,1733657.0,1733837.0,28 29,-1.0,
base,active,1733668.0,1733668.0,1733711.0,56 57 98 99,41915.0,False
base,active,,1733711.0,1733837.0,56 57 98 99,-1.0,
base,active,1733721.0,1733721.0,1733759.0,4 5 100 101 102 120 122 123,41916.0,False
base,active,,1733759.0,1734187.0,4,-1.0,
base,active,,1733759.0,1734192.0,5 100 101 102 120 122 123,-1.0,
base,active,1733770.0,1733770.0,1733822.0,6 7 8 9 10 11 30 31 32 33 34 35 36 37 38 39,41917.0,False
base,active,,1733822.0,1734192.0,6 7 8 9 10 11 30 31 32 33 34 35 36 37 38 39,-1.0,
base,active,1733837.0,1733837.0,1733927.0,12 13 14 15 16 17 18 19 20 25 26 27 28 29 40 41 42 43 44 56 57 98 99 103 104 105 106 107 108 109 110 121,41918.0,False
base,active,,1733927.0,1734192.0,12 13 14 15 16 17 18 19 20,-1.0,
base,active,,1733927.0,1734756.0,25,-1.0,
base,active,,1733927.0,1734911.0,26 27 28 29 40 41 42 43 44 56 57 98 99 103 104 105 106 107 108 109 110 121,-1.0,
base,active,1734187.0,1734187.0,1734242.0,4,41919.0,False
base,active,1734192.0,1734192.0,1734235.0,5 6 7 8 9 10 11 12 13 14 15 16 17 18 19 20 30 31 32 33 34 35 36 37 38 39 100 101 102 120 122 123,41920.0,False
base,active,,1734235.0,1734911.0,5 6 7 8 9 10 11 12 13 14,-1.0,
base,active,,1734235.0,1735336.0,15,-1.0,
base,active,,1734235.0,1735415.0,16 17,-1.0,
base,active,,1734235.0,1735435.0,18 19 20 30 31 32 33 34 35 36 37 38 39 100 101 102 120 122 123,-1.0,
base,active,,1734242.0,1735442.0,4,-1.0,
base,active,1734756.0,1734756.0,1735265.0,25,41921.0,False
base,active,1734911.0,1734911.0,1734947.0,5 6 7 8 9 10 11 12 13 14 26 27 28 29 40 41 42 43 44 56 57 98 99 103 104 105 106 107 108 109 110 121,41922.0,False
base,active,,1734947.0,1735582.0,5 6 7 8,-1.0,
base,active,,1734947.0,1735796.0,9,-1.0,
base,active,,1734947.0,1736147.0,10 11 12 13 14 26 27 28 29 40 41 42 43 44 56 57 98 99 103 104 105 106 107 108 109 110 121,-1.0,
base,active,,1735265.0,1736301.0,25,-1.0,
base,active,1735336.0,1735336.0,1735406.0,15,41923.0,False
base,active,,1735406.0,1736370.0,15,-1.0,
base,active,1735415.0,1735415.0,1735572.0,16 17,41924.0,False
base,switching_off,,1735435.0,1737235.0,18 19 20 30 31 32 33 34 35 36 37 38 39 100 101 102 120 122 123,-2.0,
base,switching_off,,1735442.0,1737242.0,4,-2.0,
base,active,,1735572.0,1736370.0,16 17,-1.0,
base,active,1735582.0,1735582.0,1735613.0,5 6 7 8,41925.0,False
base,active,,1735613.0,1736370.0,5,-1.0,
base,active,,1735613.0,1736406.0,6 7,-1.0,
base,active,,1735613.0,1736483.0,8,-1.0,
base,active,1735796.0,1735796.0,1735816.0,9,41926.0,False
base,active,,1735816.0,1736483.0,9,-1.0,
base,switching_off,,1736147.0,1737947.0,10 11 12 13 14 26 27 28 29 40 41 42 43 44 56 57 98 99 103 104 105 106 107 108 109 110 121,-2.0,
base,active,1736301.0,1736301.0,1736389.0,25,41927.0,False
base,active,1736370.0,1736370.0,1736483.0,5 15 16 17,41928.0,False
base,active,,1736389.0,1736483.0,25,-1.0,
base,active,1736406.0,1736406.0,1736486.0,6 7,41929.0,False
base,active,,1736483.0,1736495.0,15 16 17,-1.0,
base,active,1736473.0,1736483.0,1736832.0,5 8 9 25,41930.0,False
base,active,,1736486.0,1736495.0,6,-1.0,
base,active,,1736486.0,1736832.0,7,-1.0,
base,active,1736495.0,1736495.0,1736551.0,6 15 16 17,41931.0,False
base,active,,1736551.0,1736832.0,6 15 16 17,-1.0,
base,active,1736567.0,1736832.0,1736898.0,5 6 7 8 9 15 16 17,41932.0,False
base,active,,1736832.0,1737072.0,25,-1.0,
base,active,,1736898.0,1737510.0,5 6 7 8,-1.0,
base,active,,1736898.0,1737655.0,9 15 16 17,-1.0,
base,active,1737072.0,1737072.0,1737154.0,25,41935.0,False
base,active,,1737154.0,1737655.0,25,-1.0,
base,sleeping,,1737235.0,1737409.0,120,-4.0,
base,sleeping,,1737235.0,1737510.0,122 123,-4.0,
base,switching_on,,1737235.0,1739935.0,18 19 20 30 31 32 33 34 35 36 37 38 39 100 101 102,-3.0,
base,sleeping,,1737242.0,1737409.0,4,-4.0,
base,switching_on,,1737409.0,1740109.0,4 120,-3.0,
base,active,1737510.0,1737510.0,1737569.0,5 6 7 8,41939.0,False
base,switching_on,,1737510.0,1740210.0,122 123,-3.0,
base,active,,1737569.0,1737655.0,5 6 7,-1.0,
base,active,,1737569.0,1740647.0,8,-1.0,
base,active,1737579.0,1737655.0,1737717.0,5 6 7 9 15 16 17 25,41940.0,False
base,active,,1737717.0,1738480.0,15,-1.0,
base,active,,1737717.0,1738591.0,16,-1.0,
base,active,,1737717.0,1738733.0,17,-1.0,
base,active,,1737717.0,1738917.0,25,-1.0,
base,active,,1737717.0,1740647.0,5 6 7 9,-1.0,
base,switching_on,,1737947.0,1740647.0,10 11 12 13 14 26 27 28 29 40 41 42 43 44 56 57 98 99 103 104 105 106 107 108 109 110 121,-3.0,
base,active,1738480.0,1738480.0,1738500.0,15,41943.0,False
base,active,,1738500.0,1738927.0,15,-1.0,
base,active,1738591.0,1738591.0,1738612.0,16,41944.0,False
base,active,,1738612.0,1738972.0,16,-1.0,
base,active,1738733.0,1738733.0,1738765.0,17,41945.0,False
base,active,,1738765.0,1738972.0,17,-1.0,
base,switching_off,,1738917.0,1740717.0,25,-2.0,
base,active,1738927.0,1738927.0,1738956.0,15,41946.0,False
base,active,,1738956.0,1739508.0,15,-1.0,
base,active,1738972.0,1738972.0,1739018.0,16 17,41947.0,False
base,active,,1739018.0,1739508.0,16 17,-1.0,
base,active,,1739508.0,1739510.0,50,-1.0,
base,active,1739034.0,1739508.0,1739559.0,124 125 126 127,41948.0,False
base,active,1739096.0,1739508.0,1739559.0,112 113 114 115 116 117 118 119,41949.0,False
base,active,1737655.0,1739508.0,1739576.0,0 1 2 3 15 16 17 21 22 23 24 45 46 47 48 49,41941.0,False
base,active,,1739508.0,1739576.0,51 52 53 54 55 111,-1.0,
base,active,1739510.0,1739510.0,1739524.0,50,41952.0,False
base,active,,1739524.0,1739576.0,50,-1.0,
base,active,,1739559.0,1739576.0,112 113 114 115 116 117 118 119 124 125 126 127,-1.0,
base,active,1737742.0,1739576.0,1739612.0,0 1 2 3 15 16 17 21 22 23 24 45 46 50 51 52 53 54 55 111 112 113 114 115 116 117 118 119 124 125 126 127,41942.0,False
base,active,,1739576.0,1739612.0,47 48 49,-1.0,
base,active,1739157.0,1739612.0,1739680.0,0 1 2 3 15 16 17 21 22 23 24 45 46 47 48 49,41950.0,False
base,active,,1739612.0,1739680.0,50 51 52 53 54 55 111 112 113 114 115 116 117 118 119 124 125 126 127,-1.0,
base,active,1739236.0,1739680.0,1739775.0,0 1 2 3 15 16 17 21 22 23 24 45 46 50 51 52 53 54 55 111 112 113 114 115 116 117 118 119 124 125 126 127,41951.0,False
base,active,,1739680.0,1739966.0,47,-1.0,
base,active,,1739680.0,1739976.0,48 49,-1.0,
base,active,,1739775.0,1739976.0,0 1 2 3 15 16 17 21 22 23 24 45 46 50 51 52 53 54 55 111 112 113 114 115 116 117 118 119 124 125,-1.0,
base,active,,1739775.0,1740034.0,126 127,-1.0,
base,active,1736650.0,1739935.0,1740000.0,18 19 20 30 31 32 33 34 35 36 37 38 39 100 101 102,41933.0,False
base,active,1739966.0,1739966.0,1740020.0,47,41953.0,False
base,active,1739976.0,1739976.0,1741268.0,0 1 2 3 15 16 17 21 22 23 24 45 46 48 49 50 51 52 53 54 55 111 112 113 114 115 116 117 118 119 124 125,41954.0,False
base,active,,1740000.0,1740116.0,18 19 20 30,-1.0,
base,active,,1740000.0,1740167.0,31 32 33 34 35 36 37 38,-1.0,
base,active,,1740000.0,1740222.0,39 100 101 102,-1.0,
base,active,,1740020.0,1740222.0,47,-1.0,
base,active,1740034.0,1740034.0,1740097.0,126 127,41955.0,False
base,active,,1740097.0,1740222.0,126 127,-1.0,
base,active,1737408.0,1740109.0,1740130.0,4,41936.0,False
base,active,1737409.0,1740109.0,1740136.0,120,41937.0,False
base,active,1740116.0,1740116.0,1740152.0,18 19 20 30,41956.0,False
base,active,,1740130.0,1740222.0,4,-1.0,
base,active,,1740136.0,1740222.0,120,-1.0,
base,active,,1740152.0,1740222.0,18 19 20 30,-1.0,
base,active,1740167.0,1740167.0,1740210.0,31 32 33 34 35 36 37 38,41957.0,False
base,active,,1740210.0,1740222.0,31 32 33,-1.0,
base,active,1737446.0,1740210.0,1740263.0,122 123,41938.0,False
base,active,,1740210.0,1740747.0,34 35 36 37 38,-1.0,
base,active,1740222.0,1740222.0,1740282.0,4 18 19 20 30 31 32 33 39 47 100 101 102 120 126 127,41958.0,False
base,active,,1740263.0,1740747.0,122 123,-1.0,
base,active,,1740282.0,1740747.0,4 18 19 20 30 31 32 33 39 47 100 101 102 120 126 127,-1.0,
base,active,1736731.0,1740647.0,1740747.0,5 6 7 8 9 10 11 12 13 14 26 27 28 29 40 41 42 43 44 56 57 98 99 103 104 105 106 107 108 109 110 121,41934.0,False
base,sleeping,,1740717.0,1743221.0,25,-4.0,
base,active,1740373.0,1740747.0,1740758.0,14,41960.0,False
base,active,1740295.0,1740747.0,1740835.0,4 5 6 7 8 9 10 11 12 13 18 19 20 30 31 32 33 34 35 36 37 38 39 47 100 101 102 120 122 123 126 127,41959.0,False
base,active,,1740747.0,1740960.0,26,-1.0,
base,active,,1740747.0,1741024.0,27 28 29 40 41 42 43 44 56 57 98 99 103 104 105 106 107 108 109 110 121,-1.0,
base,active,,1740758.0,1741024.0,14,-1.0,
base,active,,1740835.0,1741024.0,4 5 6 7 8 9 10 11 12 13,-1.0,
base,active,,1740835.0,1741026.0,18 19,-1.0,
base,active,,1740835.0,1741087.0,20 30 31 32,-1.0,
base,active,,1740835.0,1741094.0,33 34 35 36,-1.0,
base,active,,1740835.0,1741120.0,37 38 39 47 100 101 102 120 122 123 126 127,-1.0,
base,active,1740960.0,1740960.0,1741001.0,26,41961.0,False
base,active,,1741001.0,1741120.0,26,-1.0,
base,active,1741024.0,1741024.0,1741111.0,4 5 6 7 8 9 10 11 12 13 14 27 28 29 40 41 42 43 44 56 57 98 99 103 104 105 106 107 108 109 110 121,41962.0,False
base,active,1741026.0,1741026.0,1741028.0,18 19,41963.0,False
base,active,,1741028.0,1741120.0,18 19,-1.0,
base,active,1741087.0,1741087.0,1741110.0,20 30 31 32,41964.0,False
base,active,1741094.0,1741094.0,1741099.0,33 34 35 36,41965.0,False
base,active,,1741099.0,1741120.0,33,-1.0,
base,active,,1741099.0,1741223.0,34 35 36,-1.0,
base,active,,1741110.0,1741223.0,20 30 31 32,-1.0,
base,active,,1741111.0,1741223.0,4 5 6 7 8 9 10 11 12 13 14 27 28 29 40 41 42 43 44 56 57 98 99 103 104,-1.0,
base,active,,1741111.0,1741270.0,105,-1.0,
base,active,,1741111.0,1741410.0,106 107,-1.0,
base,active,,1741111.0,1741413.0,108 109 110 121,-1.0,
base,active,1741120.0,1741120.0,1741206.0,18 19 26 33 37 38 39 47 100 101 102 120 122 123 126 127,41966.0,False
base,active,,1741206.0,1741413.0,18 19 26 33 37 38 39 47 100 101 102 120 122 123 126 127,-1.0,
base,active,1741223.0,1741223.0,1741359.0,4 5 6 7 8 9 10 11 12 13 14 20 27 28 29 30 31 32 34 35 36 40 41 42 43 44 56 57 98 99 103 104,41967.0,False
base,active,,1741268.0,1741413.0,0 1 2 3 15 16 17 21 22 23 24 45,-1.0,
base,active,,1741268.0,1741421.0,46,-1.0,
base,active,,1741268.0,1741488.0,48 49 50 51,-1.0,
base,active,,1741268.0,1741506.0,52 53 54 55,-1.0,
base,active,,1741268.0,1741532.0,111 112 113 114 115 116 117 118,-1.0,
base,active,,1741268.0,1741612.0,119 124 125,-1.0,
base,active,1741270.0,1741270.0,1741288.0,105,41968.0,False
base,active,,1741288.0,1741612.0,105,-1.0,
base,active,,1741359.0,1741612.0,4 5 6 7,-1.0,
base,active,,1741359.0,1741654.0,8 9 10 11 12 13 14 20 27 28 29 30 31 32 34 35 36 40 41 42 43 44 56 57 98 99 103 104,-1.0,
base,active,1741410.0,1741410.0,1741436.0,106 107,41969.0,False
base,active,1741413.0,1741413.0,1750595.0,0 1 2 3 15 16 17 18 19 21 22 23 24 26 33 37 38 39 45 47 100 101 102 108 109 110 120 121 122 123 126 127,41970.0,False
base,active,1741421.0,1741421.0,1741457.0,46,41971.0,False
base,active,,1741436.0,1741654.0,106 107,-1.0,
base,active,,1741457.0,1741654.0,46,-1.0,
base,active,1741488.0,1741488.0,1741520.0,48 49 50 51,41972.0,False
base,active,1741506.0,1741506.0,1750896.0,52 53 54 55,41973.0,False
base,active,,1741520.0,1741654.0,48,-1.0,
base,active,,1741520.0,1741745.0,49 50 51,-1.0,
base,active,1741532.0,1741532.0,1741558.0,111 112 113 114 115 116 117 118,41974.0,False
base,active,,1741558.0,1741745.0,111,-1.0,
base,active,,1741558.0,1741876.0,112 113 114 115 116 117 118,-1.0,
base,active,1741612.0,1741612.0,1741633.0,4 5 6 7 105 119 124 125,41975.0,False
base,active,,1741633.0,1741876.0,4 5 6 7 105 119 124 125,-1.0,
base,active,1741654.0,1741654.0,1741841.0,8 9 10 11 12 13 14 20 27 28 29 30 31 32 34 35 36 40 41 42 43 44 46 48 56 57 98 99 103 104 106 107,41976.0,False
base,active,1741745.0,1741745.0,1741766.0,49 50 51 111,41977.0,False
base,active,,1741766.0,1741876.0,49 50 51 111,-1.0,
base,active,,1741841.0,1741876.0,8 9 10 11 12 13 14 20 27 28 29 30 31,-1.0,
base,active,,1741841.0,1742027.0,32 34 35 36 40 41 42 43 44 46 48 56 57 98 99 103 104 106 107,-1.0,
base,active,1741876.0,1741876.0,1742006.0,4 5 6 7 8 9 10 11 12 13 14 20 27 28 29 30 31 49 50 51 105 111 112 113 114 115 116 117 118 119 124 125,41978.0,False
base,active,,1742006.0,1742027.0,4 5 6 7 8 9 10 11 12 13 14 20 27,-1.0,
base,active,,1742006.0,1742115.0,28 29 30 31 49 50 51 105 111 112 113 114 115 116 117 118 119 124 125,-1.0,
base,active,1742027.0,1742027.0,1742115.0,4 5 6 7 8 9 10 11 12 13 14 20 27 32 34 35 36 40 41 42 43 44 46 48 56 57 98 99 103 104 106 107,41979.0,False
base,active,,1742115.0,1742137.0,32 34 35 36,-1.0,
base,active,,1742115.0,1742274.0,40 41 42 43,-1.0,
base,active,,1742115.0,1742313.0,44 46 48 56 57 98 99 103 104 106 107,-1.0,
base,active,1742097.0,1742115.0,1752189.0,4 5 6 7 8 9 10 11 12 13 14 20 27 28 29 30 31 49 50 51 105 111 112 113 114 115 116 117 118 119 124 125,41980.0,False
base,active,1742137.0,1742137.0,1742159.0,32 34 35 36,41981.0,False
base,active,,1742159.0,1742313.0,32 34 35 36,-1.0,
base,active,1742274.0,1742274.0,1742295.0,40 41 42 43,41982.0,False
base,active,,1742295.0,1742313.0,40,-1.0,
base,active,,1742295.0,1742879.0,41 42 43,-1.0,
base,active,1742313.0,1742313.0,1742335.0,32 34 35 36 40 44 46 48 56 57 98 99 103 104 106 107,41983.0,False
base,active,,1742335.0,1742879.0,32,-1.0,
base,active,,1742335.0,1743221.0,35 36,-1.0,
base,active,,1742335.0,1743411.0,40 44,-1.0,
base,active,,1742335.0,1743535.0,46 48 56 57 98 99 103 104 106 107,-1.0,
base,active,,1742335.0,1745921.0,34,-1.0,
base,active,1742879.0,1742879.0,1745760.0,32 41 42 43,41984.0,False
base,active,1743221.0,1743221.0,1743286.0,35 36,41987.0,False
base,switching_on,,1743221.0,1745921.0,25,-3.0,
base,active,,1743286.0,1744486.0,35 36,-1.0,
base,active,1743315.0,1743411.0,1743426.0,40,41988.0,False
base,active,1743411.0,1743411.0,1743426.0,44,41989.0,False
base,active,,1743426.0,1744626.0,40 44,-1.0,
base,switching_off,,1743535.0,1745335.0,46 48 56 57 98 99 103 104 106 107,-2.0,
base,switching_off,,1744486.0,1746286.0,35 36,-2.0,
base,switching_off,,1744626.0,1746426.0,40 44,-2.0,
base,active,1743878.0,1744786.0,1745297.0,58 59 60 61 62 63 96 97,41990.0,False
base,active,1742937.0,1744812.0,1744842.0,64 65 66 67 68 69 70 71 72 73 74 75 76 77 78 79 80 81 82 83 84 85 86 87 88 89 90 91 92 93 94 95,41985.0,False
base,active,1744441.0,1744842.0,1744879.0,64 65 66 67 68 69 70 71,41991.0,False
base,active,,1744842.0,1745397.0,80 81 82 83 84 85 86 87 88 89 90 91 92 93 94 95,-1.0,
base,active,1744496.0,1744842.0,1745985.0,72 73 74 75 76 77 78 79,41992.0,False
base,active,,1744879.0,1745397.0,64 65 66 67 68 69 70 71,-1.0,
base,active,,1745297.0,1745397.0,58 59 60 61 62 63 96 97,-1.0,
base,sleeping,,1745335.0,1750595.0,46 48 56 57 98,-4.0,
base,sleeping,,1745335.0,1776477.0,99 103 104 106 107,-4.0,
base,active,1745397.0,1745397.0,1745428.0,58 59 60 61 62 63 64 65 66 67 68 69 70 71 80 81 82 83 84 85 86 87 88 89 90 91 92 93 94 95 96 97,41993.0,False
base,active,,1745428.0,1745742.0,58,-1.0,
base,active,,1745428.0,1745935.0,59 60 61 62 63 64 65 66,-1.0,
base,active,,1745428.0,1746558.0,67 68 69 70 71 80 81 82 83 84 85 86 87 88 89 90 91 92 93 94 95 96 97,-1.0,
base,active,1745742.0,1745742.0,1745766.0,58,41994.0,False
base,active,,1745760.0,1746558.0,32 41 42 43,-1.0,
base,active,,1745766.0,1746558.0,58,-1.0,
base,active,1743186.0,1745921.0,1746018.0,25 34,41986.0,False
base,active,1745935.0,1745935.0,1746678.0,59 60 61 62 63 64 65 66,41995.0,False
base,active,,1745985.0,1746558.0,72 73 74 75,-1.0,
base,active,,1745985.0,1746775.0,76 77 78 79,-1.0,
base,active,,1746018.0,1746775.0,25 34,-1.0,
base,sleeping,,1746286.0,1750595.0,35 36,-4.0,
base,sleeping,,1746426.0,1750595.0,40 44,-4.0,
base,active,1746558.0,1746558.0,1746594.0,32 41 42 43 58 67 68 69 70 71 72 73 74 75 80 81 82 83 84 85 86 87 88 89 90 91 92 93 94 95 96 97,41996.0,False
base,active,,1746594.0,1746775.0,32 41,-1.0,
base,active,,1746594.0,1746966.0,42 43 58 67 68 69 70 71 72 73 74 75 80 81 82 83 84 85 86 87 88 89 90 91 92 93 94 95 96 97,-1.0,
base,active,,1746678.0,1746966.0,59 60,-1.0,
base,active,,1746678.0,1746968.0,61 62 63 64 65 66,-1.0,
base,active,1746775.0,1746775.0,1746950.0,25 32 34 41 76 77 78 79,41997.0,False
base,active,,1746950.0,1746968.0,25 32,-1.0,
base,active,,1746950.0,1747035.0,34 41 76 77 78 79,-1.0,
base,active,1746966.0,1746966.0,1747010.0,42 43 58 59 60 67 68 69 70 71 72 73 74 75 80 81 82 83 84 85 86 87 88 89 90 91 92 93 94 95 96 97,41998.0,False
base,active,1746968.0,1746968.0,1747013.0,25 32 61 62 63 64 65 66,41999.0,False
base,active,,1747010.0,1747035.0,42 43,-1.0,
base,active,,1747010.0,1747715.0,58 59 60 67 68 69 70 71 72 73 74 75 80 81 82 83 84 85 86 87 88 89 90 91 92 93 94 95 96 97,-1.0,
base,active,,1747013.0,1747715.0,25 32,-1.0,
base,active,,1747013.0,1747895.0,61 62 63 64 65 66,-1.0,
base,active,1747035.0,1747035.0,1747425.0,34 41 42 43 76 77 78 79,42000.0,False
base,active,,1747425.0,1747895.0,34 41,-1.0,
base,active,,1747425.0,1747947.0,42 43 76 77 78 79,-1.0,
base,active,1747715.0,1747715.0,1747937.0,25 32 58 59 60 67 68 69 70 71 72 73 74 75 80 81 82 83 84 85 86 87 88 89 90 91 92 93 94 95 96 97,42001.0,False
base,active,1747895.0,1747895.0,1748024.0,34 41 61 62 63 64 65 66,42002.0,False
base,active,,1747937.0,1747947.0,25 32 58 59 60 67 68 69 70 71,-1.0,
base,active,,1747937.0,1748165.0,72 73 74 75 80 81 82 83,-1.0,
base,active,,1747937.0,1749137.0,84 85 86 87 88 89 90 91 92 93 94 95 96 97,-1.0,
base,active,1747947.0,1747947.0,1748129.0,25 32 42 43 58 59 60 67 68 69 70 71 76 77 78 79,42003.0,False
base,active,,1748024.0,1749224.0,34 41 61 62 63 64 65 66,-1.0,
base,active,,1748129.0,1749329.0,25 32 42 43 58 59 60 67 68 69 70 71 76 77 78 79,-1.0,
base,active,1748165.0,1748165.0,1752044.0,72 73 74 75 80 81 82 83,42004.0,False
base,switching_off,,1749137.0,1750937.0,84 85 86 87 88 89 90 91 92 93 94 95 96 97,-2.0,
base,switching_off,,1749224.0,1751024.0,34 41 61 62 63 64 65 66,-2.0,
base,switching_off,,1749329.0,1751129.0,25 32 42 43 58 59 60 67 68 69 70 71 76 77 78 79,-2.0,
base,switching_on,,1750595.0,1753295.0,35 36 40 44 46 48 56 57 98,-3.0,
base,active,1749875.0,1750595.0,1760450.0,0 1 2 3 15 16 17 18 19 21 22 23 24 26 33 37 38 39 45 47 100 101 102 108 109 110 120 121 122 123 126 127,42005.0,False
base,active,,1750896.0,1752096.0,52 53 54 55,-1.0,
base,sleeping,,1750937.0,1751129.0,84 85 86 87 88 89 90 91,-4.0,
base,sleeping,,1750937.0,1751557.0,92 93 94 95,-4.0,
base,sleeping,,1750937.0,1752175.0,96,-4.0,
base,sleeping,,1750937.0,1776477.0,97,-4.0,
base,sleeping,,1751024.0,1751129.0,34 41 61 62 63 64 65 66,-4.0,
base,switching_on,,1751129.0,1753829.0,25 32 34 41 42 43 58 59 60 61 62 63 64 65 66 67 68 69 70 71 76 77 78 79 84 85 86 87 88 89 90 91,-3.0,
base,switching_on,,1751557.0,1754257.0,92 93 94 95,-3.0,
base,active,,1752044.0,1752189.0,72 73 74 75 80 81 82 83,-1.0,
base,switching_off,,1752096.0,1753896.0,52 53 54 55,-2.0,
base,switching_on,,1752175.0,1754875.0,96,-3.0,
base,active,1750883.0,1752189.0,1752606.0,4 5 6 7 8 9 10 11 12 13 14 20 27 28 29 30 31 49 50 51 72 73 74 75 80 81 82 83 105 111 112 113,42009.0,False
base,active,,1752189.0,1752606.0,114 115 116 117 118 119 124 125,-1.0,
base,active,,1752606.0,1753806.0,80 81 82 83 105 111 112 113,-1.0,
base,active,1751501.0,1752606.0,1760839.0,4 5 6 7 8 9 10 11 12 13 14 20 27 28 29 30 31 49 50 51 72 73 74 75 114 115 116 117 118 119 124 125,42010.0,False
base,active,1750547.0,1753295.0,1753300.0,98,42007.0,False
base,active,1749903.0,1753295.0,1763122.0,35 36 40 44 46 48 56 57,42006.0,False
base,active,,1753300.0,1753860.0,98,-1.0,
base,switching_off,,1753806.0,1755606.0,80 81 82 83 105 111 112 113,-2.0,
base,active,1750616.0,1753829.0,1753860.0,25 32 34 41 42 43 58 59 60 61 62 63 64 65 66 67 68 69 70 71 76 77 78 79 84 85 86 87 88 89 90 91,42008.0,False
base,active,1752823.0,1753860.0,1753877.0,91,42014.0,False
base,active,1752438.0,1753860.0,1763909.0,25 32 34 41 42 43 58 59 60 61 62 63 64 65 66 67 68 69 70 71 76 77 78 79 84 85 86 87 88 89 90 98,42013.0,False
base,active,,1753877.0,1755077.0,91,-1.0,
base,sleeping,,1753896.0,1762734.0,52 53 54 55,-4.0,
base,active,1751557.0,1754257.0,1762734.0,92 93 94 95,42011.0,False
base,active,1752175.0,1754875.0,1754889.0,96,42012.0,False
base,active,,1754889.0,1756089.0,96,-1.0,
base,switching_off,,1755077.0,1756877.0,91,-2.0,
base,sleeping,,1755606.0,1762734.0,80,-4.0,
base,sleeping,,1755606.0,1776477.0,81 82 83 105 111 112 113,-4.0,
base,switching_off,,1756089.0,1757889.0,96,-2.0,
base,sleeping,,1756877.0,1776477.0,91,-4.0,
base,sleeping,,1757889.0,1776477.0,96,-4.0,
base,active,1760036.0,1760450.0,1760512.0,0 1 2 3 15 16 17 18 19 21 22 23 24 26 33 37 38 39 45 47 100 101 102 108 109 110 120 121 122 123 126 127,42016.0,False
base,active,,1760512.0,1760764.0,0 1 2 3 15 16 17 18 19 21 22 23 24 26 33 37 38 39 45 47 100 101 102 108 109 110 120 121 122 123 126 127,-1.0,
base,active,1760400.0,1760764.0,1760827.0,0 1 2 3 15 16 17 18 19 21 22 23 24 26 33 37 38 39 45 47 100 101 102 108 109 110 120 121 122 123 126 127,42017.0,False
base,active,,1760827.0,1760839.0,0 1 2 3 15 16 17 18 19 21 22 23 24 26 33 37 38 39 45 47 100 101 102 108 109 110 120 121 122 123 126 127,-1.0,
base,active,1759737.0,1760839.0,1771772.0,0 1 2 3 4 5 6 7 8 9 10 11 12 13 14 15 16 17 18 19 20 21 22 23 24 26 27 28 29 30 31 33 37 38 39 45 47 49 50 51 72 73 74 75 100 101 102 108 109 110 114 115 116 117 118 119 120 121 122 123 124 125 126 127,42015.0,False
base,active,,1762734.0,1763909.0,92 93 94 95,-1.0,
base,switching_on,,1762734.0,1765434.0,52 53 54 55 80,-3.0,
base,active,,1763122.0,1763909.0,35 36 40 44 46 48 56 57,-1.0,
base,active,1760764.0,1763909.0,1763968.0,25 32 34 35 36 40 41 42 43 44 46 48 56 57 58 59 60 61 62 63 64 65 66 67 68 69 70 71 92 93 94 95,42018.0,False
base,active,,1763909.0,1763968.0,76 77 78 79 84 85 86 87 88 89 90 98,-1.0,
base,active,1761126.0,1763968.0,1764029.0,25 32 34 35 36 40 41 42 43 44 46 48 56 57 58 59 60 61 62 63 76 77 78 79 84 85 86 87 88 89 90 98,42019.0,False
base,active,,1763968.0,1764029.0,64 65 66 67 68 69 70 71 92 93 94 95,-1.0,
base,active,1761488.0,1764029.0,1764095.0,25 32 34 35 36 40 41 42 43 44 46 48 56 57 58 59 60 61 62 63 64 65 66 67 68 69 70 71 92 93 94 95,42020.0,False
base,active,,1764029.0,1764095.0,76 77 78 79 84 85 86 87 88 89 90 98,-1.0,
base,active,1761855.0,1764095.0,1764153.0,25 32 34 35 36 40 41 42 43 44 46 48 56 57 58 59 60 61 62 63 76 77 78 79 84 85 86 87 88 89 90 98,42021.0,False
base,active,,1764095.0,1764153.0,64 65 66 67 68 69 70 71 92 93 94 95,-1.0,
base,active,1762214.0,1764153.0,1764210.0,25 32 34 35 36 40 41 42 43 44 46 48 56 57 58 59 60 61 62 63 64 65 66 67 68 69 70 71 92 93 94 95,42022.0,False
base,active,,1764153.0,1764210.0,76 77 78 79 84 85 86 87 88 89 90 98,-1.0,
base,active,,1764210.0,1765410.0,64 65 66 67 68 69 70 71 92 93 94 95,-1.0,
base,active,1762572.0,1764210.0,1772313.0,25 32 34 35 36 40 41 42 43 44 46 48 56 57 58 59 60 61 62 63 76 77 78 79 84 85 86 87 88 89 90 98,42024.0,False
base,switching_off,,1765410.0,1767210.0,64 65 66 67 68 69 70 71 92 93 94 95,-2.0,
base,active,1762489.0,1765434.0,1765447.0,52,42023.0,False
base,active,1762635.0,1765434.0,1773477.0,53 54 55 80,42025.0,False
base,active,,1765447.0,1766647.0,52,-1.0,
base,switching_off,,1766647.0,1768447.0,52,-2.0,
base,sleeping,,1767210.0,1776477.0,64 65 66 67 68 69 70 71 92 93 94 95,-4.0,
base,sleeping,,1768447.0,1776477.0,52,-4.0,
base,active,,1771772.0,1772972.0,0 1 2 3 4 5 6 7 8 9 10 11 12 13 14 15 16 17 18 19 20 21 22 23 24 26 27 28 29 30 31 33 37 38 39 45 47 49 50 51 72 73 74 75 100 101 102 108 109 110 114 115 116 117 118 119 120 121 122 123 124 125 126 127,-1.0,
base,active,,1772313.0,1773513.0,25 32 34 35 36 40 41 42 43 44 46 48 56 57 58 59 60 61 62 63 76 77 78 79 84 85 86 87 88 89 90 98,-1.0,
base,switching_off,,1772972.0,1774772.0,0 1 2 3 4 5 6 7 8 9 10 11 12 13 14 15 16 17 18 19 20 21 22 23 24 26 27 28 29 30 31 33 37 38 39 45 47 49 50 51 72 73 74 75 100 101 102 108 109 110 114 115 116 117 118 119 120 121 122 123 124 125 126 127,-2.0,
base,active,,1773477.0,1774677.0,53 54 55 80,-1.0,
base,switching_off,,1773513.0,1775313.0,25 32 34 35 36 40 41 42 43 44 46 48 56 57 58 59 60 61 62 63 76 77 78 79 84 85 86 87 88 89 90 98,-2.0,
base,switching_off,,1774677.0,1776477.0,53 54 55 80,-2.0,
base,sleeping,,1774772.0,1776477.0,0 1 2 3 4 5 6 7 8 9 10 11 12 13 14 15 16 17 18 19 20 21 22 23 24 26 27 28 29 30 31 33 37 38 39 45 47 49 50 51 72 73 74 75 100 101 102 108 109 110 114 115 116 117 118 119 120 121 122 123 124 125 126 127,-4.0,
base,sleeping,,1775313.0,1776477.0,25 32 34 35 36 40 41 42 43 44 46 48 56 57 58 59 60 61 62 63 76 77 78 79 84 85 86 87 88 89 90 98,-4.0,
base,switching_on,,1776477.0,1779177.0,0 1 2 3 4 5 6 7 8 9 10 11 12 13 14 15 16 17 18 19 20 21 22 23 24 25 26 27 28 29 30 31 32 33 34 35 36 37 38 39 40 41 42 43 44 45 46 47 48 49 50 51 52 53 54 55 56 57 58 59 60 61 62 63 64 65 66 67 68 69 70 71 72 73 74 75 76 77 78 79 80 81 82 83 84 85 86 87 88 89 90 91 92 93 94 95 96 97 98 99 100 101 102 103 104 105 106 107 108 109 110 111 112 113 114 115 116 117 118 119 120 121 122 123 124 125 126 127,-3.0,
base,active,1770683.0,1779177.0,1779281.0,0 1 2 3 4 5 6 7 8 9 10 11 12 13 14 15 16 17 18 19 20 21 22 23 24 25 26 27 28 29 30 31 32 33 34 35 36 37 38 39 40 41 42 43 44 45 46 47 48 49 50 51 52 53 54 55 56 57 58 59 60 61 62 63 64 65 66 67 68 69 70 71 72 73 74 75 76 77 78 79 80 81 82 83 84 85 86 87 88 89 90 91 92 93 94 95 96 97 98 99 100 101 102 103 104 105 106 107 108 109 110 111 112 113 114 115 116 117 118 119 120 121 122 123 124 125 126 127,42026.0,False
base,active,,1779281.0,1780481.0,76 77 78 79 80 81 82 83 84 85 86 87 88 89 90 91 92 93 94 95 96 97 98 99 100 101 102 103 104 105 106 107 108 109 110 111 112 113 114 115 116 117 118 119 120 121 122 123 124 125 126 127,-1.0,
base,active,1778106.0,1779281.0,1811947.0,68 69 70 71 72 73 74 75,42045.0,False
base,active,1778076.0,1779281.0,1811975.0,36 37 38 39 40 41 42 43 44 45 46 47 48 49 50 51 52 53 54 55 56 57 58 59 60 61 62 63 64 65 66 67,42044.0,False
base,active,1771039.0,1779281.0,1841862.0,32 33 34 35,42028.0,False
base,active,1770977.0,1779281.0,1841924.0,0 1 2 3 4 5 6 7 8 9 10 11 12 13 14 15 16 17 18 19 20 21 22 23 24 25 26 27 28 29 30 31,42027.0,False
base,switching_off,,1780481.0,1782281.0,76 77 78 79 80 81 82 83 84 85 86 87 88 89 90 91 92 93 94 95 96 97 98 99 100 101 102 103 104 105 106 107 108 109 110 111 112 113 114 115 116 117 118 119 120 121 122 123 124 125 126 127,-2.0,
base,sleeping,,1782281.0,1795649.0,76 77 78 79 80 81 82 83 84 85 86 87 88 89 90 91 92 93 94 95 96 97 98 99 100 101 102 103 104 105 106 107,-4.0,
base,sleeping,,1782281.0,1805005.0,108 109,-4.0,
base,sleeping,,1782281.0,1805065.0,110 111,-4.0,
base,sleeping,,1782281.0,1805754.0,112,-4.0,
base,sleeping,,1782281.0,1859751.0,113 114 115 116 117 118 119 120 121 122 123 124 125 126 127,-4.0,
base,switching_on,,1795649.0,1798349.0,76 77 78 79 80 81 82 83 84 85 86 87 88 89 90 91 92 93 94 95 96 97 98 99 100 101 102 103 104 105 106 107,-3.0,
base,active,1795649.0,1798349.0,1808452.0,76 77 78 79 80 81 82 83 84 85 86 87 88 89 90 91 92 93 94 95 96 97 98 99 100 101 102 103 104 105 106 107,42122.0,False
base,switching_on,,1805005.0,1807705.0,108 109,-3.0,
base,switching_on,,1805065.0,1807765.0,110 111,-3.0,
base,switching_on,,1805754.0,1808454.0,112,-3.0,
base,active,1805005.0,1807705.0,1807725.0,108 109,42154.0,False
base,active,,1807725.0,1808452.0,108 109,-1.0,
base,active,1805065.0,1807765.0,1807793.0,110 111,42155.0,False
base,active,,1807793.0,1808452.0,110 111,-1.0,
base,active,1806823.0,1808452.0,1808478.0,104,42165.0,False
base,active,,1808452.0,1809652.0,105 106 107,-1.0,
base,active,1806441.0,1808452.0,1818532.0,76 77 78 79 80 81 82 83 84 85 86 87 88 89 90 91 92 93 94 95 96 97 98 99 100 101 102 103 108 109 110 111,42163.0,False
base,active,1805754.0,1808454.0,1808471.0,112,42160.0,False
base,active,,1808471.0,1809671.0,112,-1.0,
base,active,,1808478.0,1809678.0,104,-1.0,
base,switching_off,,1809652.0,1811452.0,105 106 107,-2.0,
base,switching_off,,1809671.0,1811471.0,112,-2.0,
base,switching_off,,1809678.0,1811478.0,104,-2.0,
base,sleeping,,1811452.0,1859751.0,105 106 107,-4.0,
base,sleeping,,1811471.0,1859751.0,112,-4.0,
base,sleeping,,1811478.0,1859751.0,104,-4.0,
base,active,,1811947.0,1813147.0,68 69 70 71 72 73 74 75,-1.0,
base,active,,1811975.0,1813175.0,36 37 38 39 40 41 42 43 44 45 46 47 48 49 50 51 52 53 54 55 56 57 58 59 60 61 62 63 64 65 66 67,-1.0,
base,switching_off,,1813147.0,1814947.0,68 69 70 71 72 73 74 75,-2.0,
base,switching_off,,1813175.0,1814975.0,36 37 38 39 40 41 42 43 44 45 46 47 48 49 50 51 52 53 54 55 56 57 58 59 60 61 62 63 64 65 66 67,-2.0,
base,sleeping,,1814947.0,1817234.0,68,-4.0,
base,sleeping,,1814947.0,1828033.0,69 70 71 72 73 74 75,-4.0,
base,sleeping,,1814975.0,1816523.0,36,-4.0,
base,sleeping,,1814975.0,1817234.0,37 38 39 40 41 42 43 44 45 46 47 48 49 50 51 52 53 54 55 56 57 58 59 60 61 62 63 64 65 66 67,-4.0,
base,switching_on,,1816523.0,1819223.0,36,-3.0,
base,switching_on,,1817234.0,1819934.0,37 38 39 40 41 42 43 44 45 46 47 48 49 50 51 52 53 54 55 56 57 58 59 60 61 62 63 64 65 66 67 68,-3.0,
base,active,,1818532.0,1818705.0,76 77 78 79,-1.0,
base,active,,1818532.0,1818829.0,80 81 82 83 84 85 86 87,-1.0,
base,active,,1818532.0,1819037.0,88 89 90 91,-1.0,
base,active,,1818532.0,1819732.0,92 93 94 95 96 97 98 99 100 101 102 103 108 109 110 111,-1.0,
base,active,1818705.0,1818705.0,1818819.0,76 77 78 79,42212.0,False
base,active,,1818819.0,1820019.0,76 77 78 79,-1.0,
base,active,1818829.0,1818829.0,1818987.0,80 81 82 83 84 85 86 87,42214.0,False
base,active,,1818987.0,1820187.0,80 81 82 83 84 85 86 87,-1.0,
base,active,1819037.0,1819037.0,1819095.0,88 89 90 91,42215.0,False
base,active,,1819095.0,1820295.0,88 89 90 91,-1.0,
base,active,1816523.0,1819223.0,1819236.0,36,42201.0,False
base,active,,1819236.0,1820436.0,36,-1.0,
base,switching_off,,1819732.0,1821532.0,92 93 94 95 96 97 98 99 100 101 102 103 108 109 110 111,-2.0,
base,active,1817234.0,1819934.0,1830005.0,37 38 39 40 41 42 43 44 45 46 47 48 49 50 51 52 53 54 55 56 57 58 59 60 61 62 63 64 65 66 67 68,42206.0,False
base,switching_off,,1820019.0,1821819.0,76 77 78 79,-2.0,
base,switching_off,,1820187.0,1821987.0,80 81 82 83 84 85 86 87,-2.0,
base,switching_off,,1820295.0,1822095.0,88 89 90 91,-2.0,
base,switching_off,,1820436.0,1822236.0,36,-2.0,
base,sleeping,,1821532.0,1828033.0,92 93 94 95 96 97 98 99 100,-4.0,
base,sleeping,,1821532.0,1839223.0,101,-4.0,
base,sleeping,,1821532.0,1859751.0,102 103 108 109 110 111,-4.0,
base,sleeping,,1821819.0,1828033.0,76 77 78 79,-4.0,
base,sleeping,,1821987.0,1828033.0,80 81 82 83 84 85 86 87,-4.0,
base,sleeping,,1822095.0,1828033.0,88 89 90 91,-4.0,
base,sleeping,,1822236.0,1827306.0,36,-4.0,
base,switching_on,,1827306.0,1830006.0,36,-3.0,
base,switching_on,,1828033.0,1830733.0,69 70 71 72 73 74 75 76 77 78 79 80 81 82 83 84 85 86 87 88 89 90 91 92 93 94 95 96 97 98 99 100,-3.0,
base,active,,1830005.0,1831205.0,37 38 39 40 41 42 43 44 45 46 47 48 49 50 51 52 53 54 55 56 57 58 59 60 61 62 63 64 65 66 67 68,-1.0,
base,active,1827306.0,1830006.0,1830020.0,36,42248.0,False
base,active,,1830020.0,1831220.0,36,-1.0,
base,active,1828033.0,1830733.0,1840802.0,69 70 71 72 73 74 75 76 77 78 79 80 81 82 83 84 85 86 87 88 89 90 91 92 93 94 95 96 97 98 99 100,42253.0,False
base,switching_off,,1831205.0,1833005.0,37 38 39 40 41 42 43 44 45 46 47 48 49 50 51 52 53 54 55 56 57 58 59 60 61 62 63 64 65 66 67 68,-2.0,
base,switching_off,,1831220.0,1833020.0,36,-2.0,
base,sleeping,,1833005.0,1838834.0,37 38 39 40 41 42 43 44 45 46 47 48 49 50 51 52 53 54 55 56 57 58 59 60 61 62 63 64 65 66 67 68,-4.0,
base,sleeping,,1833020.0,1838104.0,36,-4.0,
base,switching_on,,1838104.0,1840804.0,36,-3.0,
base,switching_on,,1838834.0,1841534.0,37 38 39 40 41 42 43 44 45 46 47 48 49 50 51 52 53 54 55 56 57 58 59 60 61 62 63 64 65 66 67 68,-3.0,
base,switching_on,,1839223.0,1841923.0,101,-3.0,
base,active,1840162.0,1840802.0,1841019.0,69 70 71 72 73 74 75 76 77 78 79 80 81 82 83 84 85 86 87 88 89 90 91 92 93 94 95 96 97 98 99 100,42260.0,False
base,active,1838104.0,1840804.0,1840817.0,36,42256.0,False
base,active,,1840817.0,1841924.0,36,-1.0,
base,active,,1841019.0,1841924.0,69 70 71 72 73 74 75 76 77 78 79 80 81 82 83 84 85 86 87 88 89 90 91 92 93 94 95 96 97 98 99 100,-1.0,
base,active,1838834.0,1841534.0,1848251.0,37 38 39 40 41 42 43 44 45 46 47 48 49 50 51 52 53 54 55 56 57 58 59 60 61 62 63 64 65 66 67 68,42257.0,False
base,active,,1841862.0,1841924.0,32 33 34 35,-1.0,
base,active,1839223.0,1841923.0,1841937.0,101,42258.0,False
base,active,1840332.0,1841924.0,1841941.0,27,42261.0,False
base,active,1840146.0,1841924.0,1842084.0,0 1 2 3 4 5 6 7 8 9 10 11 12 13 14 15 16 17 18 19 20 21 22 23 24 25 26 32 33 34 35 36 69 70 71 72 73 74 75 76 77 78 79 80 81 82 83 84 85 86 87 88 89 90 91 92 93 94 95 96 97 98 99 100,42259.0,False
base,active,,1841924.0,1843124.0,28 29 30 31,-1.0,
base,active,,1841937.0,1843137.0,101,-1.0,
base,active,,1841941.0,1843141.0,27,-1.0,
base,active,,1842084.0,1843284.0,0 1 2 3 4 5 6 7 8 9 10 11 12 13 14 15 16 17 18 19 20 21 22 23 24 25 26 32 33 34 35 36 69 70 71 72 73 74 75 76 77 78 79 80 81 82 83 84 85 86 87 88 89 90 91 92 93 94 95 96 97 98 99 100,-1.0,
base,switching_off,,1843124.0,1844924.0,28 29 30 31,-2.0,
base,switching_off,,1843137.0,1844937.0,101,-2.0,
base,switching_off,,1843141.0,1844941.0,27,-2.0,
base,switching_off,,1843284.0,1845084.0,0 1 2 3 4 5 6 7 8 9 10 11 12 13 14 15 16 17 18 19 20 21 22 23 24 25 26 32 33 34 35 36 69 70 71 72 73 74 75 76 77 78 79 80 81 82 83 84 85 86 87 88 89 90 91 92 93 94 95 96 97 98 99 100,-2.0,
base,sleeping,,1844924.0,1846128.0,28 29 30 31,-4.0,
base,sleeping,,1844937.0,1859751.0,101,-4.0,
base,sleeping,,1844941.0,1846128.0,27,-4.0,
base,sleeping,,1845084.0,1845553.0,0,-4.0,
base,sleeping,,1845084.0,1846128.0,1 2 3 4 5 6 7 8 9 10 11 12 13 14 15 16 17 18 19 20 21 22 23 24 25 26 32 33 34 35 36 69 70 71 72 73 74 75 76 77 78 79 80 81 82 83 84 85 86 87 88 89 90 91 92 93 94 95 96,-4.0,
base,sleeping,,1845084.0,1859751.0,97 98 99 100,-4.0,
base,switching_on,,1845553.0,1848253.0,0,-3.0,
base,switching_on,,1846128.0,1848828.0,1 2 3 4 5 6 7 8 9 10 11 12 13 14 15 16 17 18 19 20 21 22 23 24 25 26 27 28 29 30 31 32 33 34 35 36 69 70 71 72 73 74 75 76 77 78 79 80 81 82 83 84 85 86 87 88 89 90 91 92 93 94 95 96,-3.0,
base,active,,1848251.0,1849451.0,37 38 39 40 41 42 43 44 45 46 47 48 49 50 51 52 53 54 55 56 57 58 59 60 61 62 63 64 65 66 67 68,-1.0,
base,active,1845553.0,1848253.0,1848266.0,0,42262.0,False
base,active,,1848266.0,1849466.0,0,-1.0,
base,active,1846128.0,1848828.0,1859751.0,1 2 3 4 5 6 7 8 9 10 11 12 13 14 15 16 17 18 19 20 21 22 23 24 25 26 27 28 29 30 31 32 33 34 35 36 69 70 71 72 73 74 75 76 77 78 79 80 81 82 83 84 85 86 87 88 89 90 91 92 93 94 95 96,42263.0,False
base,switching_off,,1849451.0,1851251.0,37 38 39 40 41 42 43 44 45 46 47 48 49 50 51 52 53 54 55 56 57 58 59 60 61 62 63 64 65 66 67 68,-2.0,
base,switching_off,,1849466.0,1851266.0,0,-2.0,
base,sleeping,,1851251.0,1859751.0,37 38 39 40 41 42 43 44 45 46 47 48 49 50 51 52 53 54 55 56 57 58 59 60 61 62 63 64 65 66 67 68,-4.0,
base,sleeping,,1851266.0,1859751.0,0,-4.0,
base,active,,1859751.0,1862451.0,1 2 3 4 5 6 7 8 9 10 11 12 13 14 15 16 17 18 19 20 21 22 23 24 25 26 27 28 29 30 31 32 33 34 35 36 69 70 71 72 73 74 75 76 77 78 79 80 81 82 83 84 85 86 87 88 89 90 91 92 93 94 95 96,-1.0,
base,switching_on,,1859751.0,1862451.0,0 37 38 39 40 41 42 43 44 45 46 47 48 49 50 51 52 53 54 55 56 57 58 59 60 61 62 63 64 65 66 67 68 97 98 99 100 101 102 103 104 105 106 107 108 109 110 111 112 113 114 115 116 117 118 119 120 121 122 123 124 125 126 127,-3.0,
base,active,1857058.0,1862451.0,1862537.0,0 1 2 3 4 5 6 7 8 9 10 11 12 13 14 15 16 17 18 19 20 21 22 23 24 25 26 27 28 29 30 31 32 33 34 35 36 37 38 39 40 41 42 43 44 45 46 47 48 49 50 51 52 53 54 55 56 57 58 59 60 61 62 63 64 65 66 67 68 69 70 71 72 73 74 75 76 77 78 79 80 81 82 83 84 85 86 87 88 89 90 91 92 93 94 95 96 97 98 99 100 101 102 103 104 105 106 107 108 109 110 111 112 113 114 115 116 117 118 119 120 121 122 123 124 125 126 127,42264.0,False
base,active,,1862537.0,1863737.0,0 1 2 3 4 5 6 7 8 9 10 11 12 13 14 15 16 17 18 19 20 21 22 23 24 25 26 27 28 29 30 31 32 33 34 35 36 37 38 39 40 41 42 43 44 45 46 47 48 49 50 51 52 53 54 55 56 57 58 59 60 61 62 63 64 65 66 67 68 69 70 71 72 73 74 75 76 77 78 79 80 81 82 83 84 85 86 87 88 89 90 91 92 93 94 95 96 97 98 99 100 101 102 103 104 105 106 107 108 109 110 111 112 113 114 115 116 117 118 119 120 121 122 123 124 125 126 127,-1.0,
base,switching_off,,1863737.0,1865537.0,0 1 2 3 4 5 6 7 8 9 10 11 12 13 14 15 16 17 18 19 20 21 22 23 24 25 26 27 28 29 30 31 32 33 34 35 36 37 38 39 40 41 42 43 44 45 46 47 48 49 50 51 52 53 54 55 56 57 58 59 60 61 62 63 64 65 66 67 68 69 70 71 72 73 74 75 76 77 78 79 80 81 82 83 84 85 86 87 88 89 90 91 92 93 94 95 96 97 98 99 100 101 102 103 104 105 106 107 108 109 110 111 112 113 114 115 116 117 118 119 120 121 122 123 124 125 126 127,-2.0,
