dvfs_mode,state,submission_time,start_time,finish_time,nodes,job_id,terminated
base,active,0.0,0.0,132.0,0 1 2 3,34036.0,False
base,active,,0.0,297.0,4,-1.0,
base,active,,0.0,300.0,5 6 7 8 9 10 11 12 13 14 15 16 17 18 19 20 21 22 23 24 25 26 27 28 29 30 31 32 33 34 35 36 37 38 39 40 41 42 43 44 45 46 47 48 49 50 51 52 53 54 55 56 57 58 59 60 61 62 63 64 65 66 67 68 69 70 71 72 73 74 75 76 77 78 79 80 81 82 83 84 85 86 87 88 89 90 91 92 93 94 95 96 97 98 99 100 101 102 103 104 105 106 107 108 109 110 111 112 113 114 115 116 117 118 119 120 121 122 123 124 125 126 127,-1.0,
base,active,,132.0,256.0,0,-1.0,
base,active,,132.0,297.0,1 2 3,-1.0,
base,active,256.0,256.0,367.0,0,34039.0,False
base,active,297.0,297.0,321.0,1 2 3 4,34040.0,False
base,switching_off,,300.0,2100.0,5 6 7 8 9 10 11 12 13 14 15 16 17 18 19 20 21 22 23 24 25 26 27 28 29 30 31 32 33 34 35 36 37 38 39 40 41 42 43 44 45 46 47 48 49 50 51 52 53 54 55 56 57 58 59 60 61 62 63 64 65 66 67 68 69 70 71 72 73 74 75 76 77 78 79 80 81 82 83 84 85 86 87 88 89 90 91 92 93 94 95 96 97 98 99 100 101 102 103 104 105 106 107 108 109 110 111 112 113 114 115 116 117 118 119 120 121 122 123 124 125 126 127,-2.0,
base,active,,321.0,328.0,1,-1.0,
base,active,,321.0,621.0,2 3 4,-1.0,
base,active,328.0,328.0,337.0,1,34041.0,False
base,active,,337.0,637.0,1,-1.0,
base,active,,367.0,455.0,0,-1.0,
base,active,455.0,455.0,571.0,0,34042.0,False
base,active,,571.0,871.0,0,-1.0,
base,switching_off,,621.0,2421.0,2 3 4,-2.0,
base,switching_off,,637.0,2437.0,1,-2.0,
base,switching_off,,871.0,2671.0,0,-2.0,
base,sleeping,,2100.0,2349.0,125 126 127,-4.0,
base,switching_on,,2100.0,4800.0,5 6 7 8 9 10 11 12 13 14 15 16 17 18 19 20 21 22 23 24 25 26 27 28 29 30 31 32 33 34 35 36 37 38 39 40 41 42 43 44 45 46 47 48 49 50 51 52 53 54 55 56 57 58 59 60 61 62 63 64 65 66 67 68 69 70 71 72 73 74 75 76 77 78 79 80 81 82 83 84 85 86 87 88 89 90 91 92 93 94 95 96 97 98 99 100 101 102 103 104 105 106 107 108 109 110 111 112 113 114 115 116 117 118 119 120 121 122 123 124,-3.0,
base,switching_on,,2349.0,5049.0,125 126 127,-3.0,
base,switching_on,,2421.0,5121.0,2 3 4,-3.0,
base,sleeping,,2437.0,4834.0,1,-4.0,
base,sleeping,,2671.0,2953.0,0,-4.0,
base,switching_on,,2953.0,5653.0,0,-3.0,
base,active,1326.0,4800.0,4834.0,90,34051.0,False
base,active,1307.0,4800.0,4868.0,73,34049.0,False
base,active,871.0,4800.0,4945.0,61 62 63 64 65 66 67 68,34047.0,False
base,active,576.0,4800.0,4953.0,53 54 55 56 57 58 59 60,34045.0,False
base,active,1316.0,4800.0,4990.0,74 75 76 77 78 79 80 81 82 83 84 85 86 87 88 89,34050.0,False
base,active,1300.0,4800.0,5000.0,69 70 71 72,34048.0,False
base,active,1343.0,4800.0,5138.0,91 92,34052.0,False
base,active,1535.0,4800.0,5140.0,93 94 95 96 97 98 99 100 101 102 103 104 105 106 107 108 109 110 111 112 113 114 115 116 117 118 119 120 121 122 123 124,34056.0,False
base,active,494.0,4800.0,5555.0,21 22 23 24 25 26 27 28 29 30 31 32 33 34 35 36 37 38 39 40 41 42 43 44 45 46 47 48 49 50 51 52,34044.0,False
base,active,490.0,4800.0,5921.0,5 6 7 8 9 10 11 12 13 14 15 16 17 18 19 20,34043.0,False
base,active,,4834.0,7534.0,90,-1.0,
base,switching_on,,4834.0,7534.0,1,-3.0,
base,active,,4868.0,4953.0,73,-1.0,
base,active,,4945.0,4953.0,61 62 63 64 65 66 67 68,-1.0,
base,active,3252.0,4953.0,4961.0,54 55 56 57 58 59 60 61 62 63 64 65 66 67 68 73,34079.0,False
base,active,,4953.0,4990.0,53,-1.0,
base,active,,4961.0,4990.0,54 55 56 57 58 59 60 61 62 63 64 65 66 67 68 73,-1.0,
base,active,,4990.0,5138.0,89,-1.0,
base,active,1651.0,4990.0,8443.0,53 54 55 56 57 58 59 60 61 62 63 64 65 66 67 68 73 74 75 76 77 78 79 80 81 82 83 84 85 86 87 88,34058.0,False
base,active,1795.0,5000.0,5038.0,69 70 71 72,34060.0,False
base,active,1906.0,5038.0,6066.0,69 70 71 72,34062.0,False
base,active,1817.0,5049.0,5077.0,125 126,34061.0,False
base,active,2030.0,5049.0,5203.0,127,34065.0,False
base,active,,5077.0,5138.0,125,-1.0,
base,active,,5077.0,5377.0,126,-1.0,
base,active,2349.0,5121.0,5198.0,4,34070.0,False
base,active,1927.0,5121.0,6132.0,2 3,34064.0,False
base,active,4297.0,5138.0,5179.0,89 91 92 125,34092.0,False
base,active,1924.0,5140.0,5532.0,93 94 95 96 97 98 99 100 101 102 103 104 105 106 107 108 109 110 111 112 113 114 115 116 117 118 119 120 121 122 123 124,34063.0,False
base,active,,5179.0,5479.0,89 91 92 125,-1.0,
base,active,,5198.0,5498.0,4,-1.0,
base,active,,5203.0,5503.0,127,-1.0,
base,switching_off,,5377.0,7177.0,126,-2.0,
base,switching_off,,5479.0,7279.0,89 91 92 125,-2.0,
base,switching_off,,5498.0,7298.0,4,-2.0,
base,switching_off,,5503.0,7303.0,127,-2.0,
base,active,2800.0,5532.0,7839.0,93 94 95 96 97 98 99 100 101 102 103 104 105 106 107 108 109 110 111 112 113 114 115 116 117 118 119 120 121 122 123 124,34072.0,False
base,active,5450.0,5555.0,5624.0,45 46 47 48 49 50 51 52,34106.0,False
base,active,5274.0,5555.0,5631.0,37 38 39 40 41 42 43 44,34105.0,False
base,active,5175.0,5555.0,5633.0,29 30 31 32 33 34 35 36,34104.0,False
base,active,2846.0,5555.0,7822.0,21 22 23 24 25 26 27 28,34073.0,False
base,active,5587.0,5624.0,5666.0,45 46 47 48 49 50 51 52,34109.0,False
base,active,,5631.0,5921.0,37 38 39 40 41 42 43,-1.0,
base,active,,5631.0,5931.0,44,-1.0,
base,active,,5633.0,5731.0,29 30 31 32 33 34 35,-1.0,
base,active,,5633.0,5921.0,36,-1.0,
base,active,2953.0,5653.0,5672.0,0,34075.0,False
base,active,,5666.0,5966.0,45 46 47 48 49 50 51 52,-1.0,
base,active,,5672.0,5731.0,0,-1.0,
base,active,5731.0,5731.0,5818.0,0 29 30 31 32 33 34 35,34111.0,False
base,active,,5818.0,5921.0,0 29 30 31 32 33 34 35,-1.0,
base,active,2889.0,5921.0,6200.0,0 5 6 7 8 9 10 11 12 13 14 15 16 17 18 19 20 29 30 31 32 33 34 35 36 37 38 39 40 41 42 43,34074.0,False
base,switching_off,,5931.0,7731.0,44,-2.0,
base,switching_off,,5966.0,7766.0,45 46 47 48 49 50 51 52,-2.0,
base,active,,6066.0,6193.0,69 70,-1.0,
base,active,,6066.0,6366.0,71 72,-1.0,
base,active,,6132.0,6193.0,2 3,-1.0,
base,active,6193.0,6193.0,6238.0,2 3 69 70,34115.0,False
base,active,3239.0,6200.0,6908.0,0 5 6 7 8 9 10 11 12 13 14 15 16 17 18 19 20 29 30 31 32 33 34 35 36 37 38 39 40 41 42 43,34078.0,False
base,active,,6238.0,6538.0,2 3 69 70,-1.0,
base,switching_off,,6366.0,8166.0,71 72,-2.0,
base,switching_off,,6538.0,8338.0,2 3 69 70,-2.0,
base,active,3968.0,6908.0,6994.0,20 29 30 31 32 33 34 35 36 37 38 39 40 41 42 43,34086.0,False
base,active,3267.0,6908.0,8034.0,0 5 6 7 8 9 10 11 12 13 14 15 16 17 18 19,34080.0,False
base,active,,6994.0,7007.0,36 37 38 39 40 41 42 43,-1.0,
base,active,6928.0,6994.0,7080.0,20 29 30 31 32 33 34 35,34123.0,False
base,active,7007.0,7007.0,7099.0,36 37 38 39 40 41 42 43,34125.0,False
base,active,7067.0,7080.0,7209.0,20 29 30 31 32 33 34 35,34127.0,False
base,active,,7099.0,7161.0,36 37 38 39 40 41 42 43,-1.0,
base,active,7161.0,7161.0,7234.0,36 37 38 39 40 41 42 43,34130.0,False
base,sleeping,,7177.0,7559.0,126,-4.0,
base,active,7168.0,7209.0,18176.0,20 29 30 31 32 33 34 35,34131.0,False
base,active,7224.0,7234.0,7331.0,36 37 38 39 40 41 42 43,34132.0,False
base,sleeping,,7279.0,7559.0,89 91 92 125,-4.0,
base,sleeping,,7298.0,7559.0,4,-4.0,
base,sleeping,,7303.0,9541.0,127,-4.0,
base,active,7267.0,7331.0,7390.0,36 37 38 39 40 41 42 43,34133.0,False
base,active,7385.0,7390.0,7480.0,36 37 38 39 40 41 42 43,34135.0,False
base,active,7388.0,7480.0,7496.0,36 37 38 39 40 41 42 43,34136.0,False
base,active,7451.0,7496.0,7548.0,36 37 38 39 40 41 42 43,34137.0,False
base,active,4150.0,7534.0,7559.0,1 90,34088.0,False
base,active,,7548.0,7556.0,36 37 38 39 40 41 42 43,-1.0,
base,active,7556.0,7556.0,7664.0,36 37 38 39 40 41 42 43,34138.0,False
base,active,,7559.0,10259.0,1 90,-1.0,
base,switching_on,,7559.0,10259.0,4 89 91 92 125 126,-3.0,
base,active,,7664.0,7698.0,36 37 38 39 40 41 42 43,-1.0,
base,active,7698.0,7698.0,7797.0,36 37 38 39 40 41 42 43,34141.0,False
base,sleeping,,7731.0,7923.0,44,-4.0,
base,sleeping,,7766.0,7923.0,45 46,-4.0,
base,sleeping,,7766.0,7945.0,47 48,-4.0,
base,sleeping,,7766.0,8010.0,49,-4.0,
base,sleeping,,7766.0,8034.0,50,-4.0,
base,sleeping,,7766.0,8466.0,51 52,-4.0,
base,active,,7797.0,7839.0,36 37 38 39 40 41 42 43,-1.0,
base,active,,7822.0,7839.0,22 23 24 25 26 27 28,-1.0,
base,active,7822.0,7822.0,7877.0,21,34144.0,False
base,active,4161.0,7839.0,8715.0,22 23 24 25 26 27 28 36 37 38 39 40 41 42 43 93 94 95 96 97 98 99 100 101 102 103 104 105 106 107 108 109,34089.0,False
base,active,,7839.0,10734.0,110 111 112 113 114 115 116 117 118 119 120 121 122 123 124,-1.0,
base,active,,7877.0,7892.0,21,-1.0,
base,active,7892.0,7892.0,7917.0,21,34146.0,False
base,active,,7917.0,10623.0,21,-1.0,
base,switching_on,,7923.0,10623.0,44 45 46,-3.0,
base,switching_on,,7945.0,10645.0,47 48,-3.0,
base,switching_on,,8010.0,10710.0,49,-3.0,
base,active,,8034.0,10734.0,0 5 6 7 8 9 10 11 12 13 14 15 16 17 18 19,-1.0,
base,switching_on,,8034.0,10734.0,50,-3.0,
base,sleeping,,8166.0,8466.0,71 72,-4.0,
base,sleeping,,8338.0,8466.0,2 3 69 70,-4.0,
base,active,5114.0,8443.0,11980.0,53 54 55 56 57 58 59 60 61 62 63 64 65 66 67 68 73 74 75 76 77 78 79 80 81 82 83 84 85 86 87 88,34103.0,False
base,switching_on,,8466.0,11166.0,2 3 51 52 69 70 71 72,-3.0,
base,active,5815.0,8715.0,8941.0,22 23 24 25 26 27 28 36 37 38 39 40 41 42 43 93 94 95 96 97 98 99 100 101 102 103 104 105 106 107 108 109,34112.0,False
base,active,6675.0,8941.0,9057.0,22 23 24 25 26 27 28 36 37 38 39 40 41 42 43 93 94 95 96 97 98 99 100 101 102 103 104 105 106 107 108 109,34121.0,False
base,active,6935.0,9057.0,9339.0,22 23 24 25 26 27 28 36 37 38 39 40 41 42 43 93 94 95 96 97 98 99 100 101 102 103 104 105 106 107 108 109,34124.0,False
base,active,7125.0,9339.0,20346.0,22 23 24 25 26 27 28 36 37 38 39 40 41 42 43 93 94 95 96 97 98 99 100 101 102 103 104 105 106 107 108 109,34128.0,False
base,switching_on,,9541.0,12241.0,127,-3.0,
base,active,7558.0,10259.0,10320.0,1 4 89 90 91 92 125 126,34139.0,False
base,active,8795.0,10320.0,10336.0,91 92,34159.0,False
base,active,,10320.0,10336.0,125 126,-1.0,
base,active,8772.0,10320.0,10359.0,1 4 89 90,34158.0,False
base,active,8831.0,10336.0,10433.0,91 92 125 126,34160.0,False
base,active,9003.0,10359.0,10379.0,89 90,34163.0,False
base,active,8852.0,10359.0,10435.0,1 4,34161.0,False
base,active,9121.0,10379.0,10402.0,89 90,34168.0,False
base,active,9196.0,10402.0,10471.0,89 90,34172.0,False
base,active,9047.0,10433.0,10471.0,91 92 125 126,34164.0,False
base,active,9233.0,10435.0,10790.0,1 4,34174.0,False
base,active,9098.0,10471.0,10517.0,89 90 91 92,34166.0,False
base,active,,10471.0,10747.0,125 126,-1.0,
base,active,9208.0,10517.0,10890.0,89 90 91 92,34173.0,False
base,active,7923.0,10623.0,10745.0,21 44 45 46,34148.0,False
base,active,7945.0,10645.0,10747.0,47 48,34149.0,False
base,active,8010.0,10710.0,10713.0,49,34151.0,False
base,active,9572.0,10713.0,10755.0,49,34182.0,False
base,active,5044.0,10734.0,10960.0,0 5 6 7 8 9 10 11 12 13 14 15 16 17 18 19 50 110 111 112 113 114 115 116 117 118 119 120 121 122 123 124,34101.0,False
base,active,,10745.0,10747.0,21 44 45 46,-1.0,
base,active,9137.0,10747.0,10792.0,21 44 45 46 47 48 125 126,34169.0,False
base,active,9758.0,10755.0,10772.0,49,34189.0,False
base,active,10175.0,10772.0,10813.0,49,34196.0,False
base,active,9632.0,10790.0,10819.0,1 4,34185.0,False
base,active,9240.0,10792.0,10879.0,21 44 45 46 47 48 125 126,34175.0,False
base,active,10231.0,10813.0,10837.0,49,34197.0,False
base,active,9780.0,10819.0,10936.0,1 4,34190.0,False
base,active,,10837.0,10879.0,49,-1.0,
base,active,9381.0,10879.0,10919.0,21 44 45 46 47 48 49 125,34177.0,False
base,active,,10879.0,11179.0,126,-1.0,
base,active,9594.0,10890.0,10932.0,89 90 91 92,34183.0,False
base,active,9451.0,10919.0,10998.0,21 44 45 46 47 48 49 125,34178.0,False
base,active,9750.0,10932.0,11069.0,89 90 91 92,34188.0,False
base,active,10290.0,10936.0,11013.0,1 4,34200.0,False
base,active,9892.0,10960.0,10965.0,117 118 119 120 121 122 123 124,34192.0,False
base,active,9565.0,10960.0,11063.0,0 5 6 7 8 9 10 11,34180.0,False
base,active,9569.0,10960.0,11210.0,12 13 14 15 16 17 18 19 50 110 111 112 113 114 115 116,34181.0,False
base,active,,10965.0,10998.0,117 118 119 120 121 122 123 124,-1.0,
base,active,9899.0,10998.0,11094.0,21 44 45 46 47 48 49 117 118 119 120 121 122 123 124 125,34193.0,False
base,active,10847.0,11013.0,11117.0,1 4,34208.0,False
base,active,10146.0,11063.0,11144.0,0 5 6 7 8 9 10 11,34195.0,False
base,active,10265.0,11069.0,11172.0,89 90 91 92,34198.0,False
base,active,10509.0,11094.0,11178.0,118 119 120 121 122 123 124 125,34205.0,False
base,active,10369.0,11094.0,11187.0,21 44 45 46 47 48 49 117,34202.0,False
base,active,11050.0,11117.0,12077.0,1 4,34213.0,False
base,active,10826.0,11144.0,11269.0,0 5 6 7,34207.0,False
base,active,11028.0,11144.0,12126.0,8 9 10 11,34211.0,False
base,active,8466.0,11166.0,11249.0,2 3 51 52 69 70 71 72,34154.0,False
base,active,,11172.0,11178.0,89 90 91 92,-1.0,
base,active,,11178.0,11478.0,122 123 124 125,-1.0,
base,active,11136.0,11178.0,11597.0,89 90 91 92 118 119 120 121,34215.0,False
base,switching_off,,11179.0,12979.0,126,-2.0,
base,active,,11187.0,11487.0,21 44 45 46 47 48 49 117,-1.0,
base,active,,11210.0,11510.0,12 13 14 15 16 17 18 19 50 110 111 112 113 114 115 116,-1.0,
base,active,,11249.0,11327.0,2 3,-1.0,
base,active,,11249.0,11536.0,51 52,-1.0,
base,active,,11249.0,11549.0,69 70 71 72,-1.0,
base,active,,11269.0,11327.0,0 5,-1.0,
base,active,,11269.0,11536.0,6 7,-1.0,
base,active,11327.0,11327.0,11376.0,0 2 3 5,34217.0,False
base,active,,11376.0,11441.0,0 2,-1.0,
base,active,,11376.0,11479.0,3 5,-1.0,
base,active,11441.0,11441.0,11458.0,0 2,34218.0,False
base,active,,11458.0,11479.0,0 2,-1.0,
base,switching_off,,11478.0,13278.0,122 123 124 125,-2.0,
base,active,11479.0,11479.0,11516.0,0 2 3 5,34219.0,False
base,switching_off,,11487.0,13287.0,21 44 45 46 47 48 49 117,-2.0,
base,switching_off,,11510.0,13310.0,12 13 14 15 16 17 18 19 50 110 111 112 113 114 115 116,-2.0,
base,active,,11516.0,11536.0,0 2 3 5,-1.0,
base,active,11536.0,11536.0,11579.0,0 2 3 5 6 7 51 52,34220.0,False
base,switching_off,,11549.0,13349.0,69 70 71 72,-2.0,
base,active,,11579.0,11598.0,0 2 3 5 6 7 51 52,-1.0,
base,active,,11597.0,11598.0,89 90 91 92 118 119 120 121,-1.0,
base,active,11598.0,11598.0,11660.0,0 2 3 5 6 7 51 52 89 90 91 92 118 119 120 121,34222.0,False
base,active,,11660.0,11883.0,0 2 3 5,-1.0,
base,active,,11660.0,11960.0,6 7 51 52 89 90 91 92 118 119 120 121,-1.0,
base,active,11883.0,11883.0,11938.0,0 2 3 5,34228.0,False
base,active,,11938.0,11980.0,0 2 3 5,-1.0,
base,switching_off,,11960.0,13760.0,6 7 51 52 89 90 91 92 118 119 120 121,-2.0,
base,active,11692.0,11980.0,12130.0,0 2 3 5 53 54 55 56 57 58 59 60 61 62 63 64 65 66 67 68 73 74 75 76 77 78 79 80 81 82 83 84,34224.0,False
base,active,,11980.0,12280.0,85 86 87 88,-1.0,
base,active,,12077.0,12130.0,1 4,-1.0,
base,active,,12126.0,12130.0,8 9 10 11,-1.0,
base,active,,12130.0,12135.0,83 84,-1.0,
base,active,11739.0,12130.0,12253.0,0 1 2 3 4 5 8 9 10 11 53 54 55 56 57 58 59 60 61 62 63 64 65 66 67 68 73 74 75 76 77 78,34226.0,False
base,active,12110.0,12130.0,12693.0,79 80 81 82,34230.0,False
base,active,12135.0,12135.0,12674.0,83 84,34231.0,False
base,active,9541.0,12241.0,12245.0,127,34179.0,False
base,active,,12245.0,12545.0,127,-1.0,
base,active,12208.0,12253.0,12303.0,0 1 2 3 4 5 8 9 10 11 53 54 55 56 57 58 59 60 61 62 63 64 65 66 67 68 73 74 75 76 77 78,34232.0,False
base,switching_off,,12280.0,14080.0,85 86 87 88,-2.0,
base,active,,12303.0,12603.0,0 1 2 3 4 5 8 9 10 11 53 54 55 56 57 58 59 60 61 62 63 64 65 66 67 68 73 74 75 76 77 78,-1.0,
base,switching_off,,12545.0,14345.0,127,-2.0,
base,switching_off,,12603.0,14403.0,0 1 2 3 4 5 8 9 10 11 53 54 55 56 57 58 59 60 61 62 63 64 65 66 67 68 73 74 75 76 77 78,-2.0,
base,active,,12674.0,12974.0,83 84,-1.0,
base,active,,12693.0,12908.0,79 80,-1.0,
base,active,,12693.0,12993.0,81 82,-1.0,
base,active,12554.0,12908.0,12911.0,79,34239.0,False
base,active,12908.0,12908.0,12965.0,80,34243.0,False
base,active,,12911.0,13009.0,79,-1.0,
base,active,,12965.0,13032.0,80,-1.0,
base,switching_off,,12974.0,14774.0,83 84,-2.0,
base,sleeping,,12979.0,15962.0,126,-4.0,
base,switching_off,,12993.0,14793.0,81 82,-2.0,
base,active,12983.0,13009.0,13027.0,79,34245.0,False
base,active,,13027.0,13032.0,79,-1.0,
base,active,13032.0,13032.0,13975.0,79 80,34248.0,False
base,sleeping,,13278.0,14687.0,122 123,-4.0,
base,sleeping,,13278.0,15894.0,124 125,-4.0,
base,sleeping,,13287.0,13548.0,21 44 45 46,-4.0,
base,sleeping,,13287.0,14403.0,47 48 49 117,-4.0,
base,sleeping,,13310.0,13548.0,12 13 14 15 16 17 18 19,-4.0,
base,sleeping,,13310.0,14403.0,50 110 111 112 113 114 115 116,-4.0,
base,sleeping,,13349.0,14403.0,69 70 71 72,-4.0,
base,switching_on,,13548.0,16248.0,12 13 14 15 16 17 18 19 21 44 45 46,-3.0,
base,sleeping,,13760.0,14403.0,6 7 51 52 89 90 91 92 118 119 120 121,-4.0,
base,active,,13975.0,14129.0,79 80,-1.0,
base,sleeping,,14080.0,14403.0,85 86 87 88,-4.0,
base,active,14129.0,14129.0,14307.0,79 80,34257.0,False
base,active,,14307.0,14392.0,79 80,-1.0,
base,sleeping,,14345.0,18950.0,127,-4.0,
base,active,14392.0,14392.0,14491.0,79 80,34261.0,False
base,switching_on,,14403.0,17103.0,0 1 2 3 4 5 6 7 8 9 10 11 47 48 49 50 51 52 53 54 55 56 57 58 59 60 61 62 63 64 65 66 67 68 69 70 71 72 73 74 75 76 77 78 85 86 87 88 89 90 91 92 110 111 112 113 114 115 116 117 118 119 120 121,-3.0,
base,active,,14491.0,14687.0,79 80,-1.0,
base,active,14639.0,14687.0,14692.0,79 80,34266.0,False
base,switching_on,,14687.0,17387.0,122 123,-3.0,
base,active,,14692.0,14992.0,79 80,-1.0,
base,sleeping,,14774.0,15445.0,83 84,-4.0,
base,sleeping,,14793.0,15273.0,81 82,-4.0,
base,switching_off,,14992.0,16792.0,79 80,-2.0,
base,switching_on,,15273.0,17973.0,81 82,-3.0,
base,switching_on,,15445.0,18145.0,83 84,-3.0,
base,switching_on,,15894.0,18594.0,124 125,-3.0,
base,switching_on,,15962.0,18662.0,126,-3.0,
base,active,13548.0,16248.0,16632.0,16 17 18 19 21 44 45 46,34250.0,False
base,active,13009.0,16248.0,17211.0,12 13 14 15,34246.0,False
base,active,,16632.0,16684.0,16 17,-1.0,
base,active,,16632.0,16932.0,18 19 21 44 45 46,-1.0,
base,active,16684.0,16684.0,16769.0,16 17,34297.0,False
base,active,,16769.0,16798.0,16,-1.0,
base,active,,16769.0,16985.0,17,-1.0,
base,sleeping,,16792.0,17673.0,79 80,-4.0,
base,active,16798.0,16798.0,16828.0,16,34298.0,False
base,active,,16828.0,16985.0,16,-1.0,
base,switching_off,,16932.0,18732.0,18 19 21 44 45 46,-2.0,
base,active,16985.0,16985.0,17160.0,16 17,34303.0,False
base,active,12277.0,17103.0,17161.0,0 1 2 3 4 5 6 7 8 9 10 11 47 48 49 50 51 52 53 54 55 56 57 58 59 60 61 62 63 64 65 66 67 68 69 70 71 72 73 74 75 76 77 78 85 86 87 88 89 90 91 92 110 111 112 113 114 115 116 117 118 119 120 121,34234.0,False
base,active,,17160.0,17161.0,16 17,-1.0,
base,active,15528.0,17161.0,17168.0,67 68 69 70 71 72 73 74 75 76 77 78 85 86 87 88 89 90 91 92 110 111 112 113 114 115 116 117 118 119 120 121,34279.0,False
base,active,,17161.0,17461.0,65 66,-1.0,
base,active,15235.0,17161.0,18107.0,49 50 51 52 53 54 55 56 57 58 59 60 61 62 63 64,34273.0,False
base,active,13947.0,17161.0,18374.0,0 1 2 3 4 5 6 7 8 9 10 11 16 17 47 48,34256.0,False
base,active,15572.0,17168.0,17178.0,67 68 69 70 71 72 73 74 75 76 77 78 85 86 87 88 89 90 91 92 110 111 112 113 114 115 116 117 118 119 120 121,34280.0,False
base,active,16626.0,17178.0,17430.0,67 68 69 70 71 72 73 74 75 76 77 78 85 86 87 88 89 90 91 92 110 111 112 113 114 115 116 117 118 119 120 121,34296.0,False
base,active,,17211.0,17511.0,12 13 14 15,-1.0,
base,active,14687.0,17387.0,17447.0,122 123,34267.0,False
base,active,16961.0,17430.0,17673.0,67 68 69 70 71 72 73 74 75 76 77 78 85 86 87 88 89 90 91 92 110 111 112 113 114 115 116 117 118 119 120 121,34302.0,False
base,active,,17447.0,17575.0,122 123,-1.0,
base,switching_off,,17461.0,19261.0,65 66,-2.0,
base,switching_off,,17511.0,19311.0,12 13 14 15,-2.0,
base,active,17575.0,17575.0,17773.0,122 123,34313.0,False
base,active,,17673.0,17973.0,87 88 89 90 91 92 110 111 112 113 114 115 116 117 118 119 120 121,-1.0,
base,active,,17673.0,20373.0,67 68 69 70 71 72 73 74 75 76 77 78 85 86,-1.0,
base,switching_on,,17673.0,20373.0,79 80,-3.0,
base,active,,17773.0,17973.0,122 123,-1.0,
base,active,17834.0,17973.0,18032.0,122 123,34317.0,False
base,active,15273.0,17973.0,18034.0,81 82,34274.0,False
base,switching_off,,17973.0,19773.0,87 88 89 90 91 92 110 111 112 113 114 115 116 117 118 119 120 121,-2.0,
base,active,,18032.0,18332.0,122 123,-1.0,
base,active,,18034.0,18334.0,81 82,-1.0,
base,active,15920.0,18107.0,18120.0,49 50 51 52 53 54 55 56 57 58 59 60 61 62 63 64,34288.0,False
base,active,17070.0,18120.0,18174.0,49 50 51 52 53 54 55 56 57 58 59 60 61 62 63 64,34305.0,False
base,active,15445.0,18145.0,18206.0,83 84,34277.0,False
base,active,17083.0,18174.0,18331.0,49 50 51 52 53 54 55 56 57 58 59 60 61 62 63 64,34306.0,False
base,active,,18176.0,18331.0,20 29 30 31 32 33 34 35,-1.0,
base,active,,18206.0,18506.0,83 84,-1.0,
base,active,17276.0,18331.0,18604.0,20 29 30 31 32 33 34 35 49 50 51 52 53 54 55 56,34309.0,False
base,active,,18331.0,18631.0,57 58 59 60 61 62 63 64,-1.0,
base,switching_off,,18332.0,20132.0,122 123,-2.0,
base,switching_off,,18334.0,20134.0,81 82,-2.0,
base,active,17538.0,18374.0,19302.0,0 1 2 3 4 5 6 7 8 9 10 11 16 17 47 48,34311.0,False
base,switching_off,,18506.0,20306.0,83 84,-2.0,
base,active,15894.0,18594.0,18655.0,124 125,34287.0,False
base,active,17972.0,18604.0,18904.0,20 29 30 31 32 33 34 35 49 50 51 52 53 54 55 56,34318.0,False
base,switching_off,,18631.0,20431.0,57 58 59 60 61 62 63 64,-2.0,
base,active,,18655.0,21442.0,124 125,-1.0,
base,active,15962.0,18662.0,18680.0,126,34290.0,False
base,active,,18680.0,21442.0,126,-1.0,
base,sleeping,,18732.0,18742.0,18 19 21 44 45,-4.0,
base,sleeping,,18732.0,18944.0,46,-4.0,
base,switching_on,,18742.0,21442.0,18 19 21 44 45,-3.0,
base,active,18115.0,18904.0,19091.0,20 29 30 31 32 33 34 35 49 50 51 52 53 54 55 56,34319.0,False
base,switching_on,,18944.0,21644.0,46,-3.0,
base,switching_on,,18950.0,21650.0,127,-3.0,
base,active,18542.0,19091.0,19263.0,20 29 30 31 32 33 34 35 49 50 51 52 53 54 55 56,34326.0,False
base,sleeping,,19261.0,19773.0,66,-4.0,
base,switching_on,,19261.0,21961.0,65,-3.0,
base,active,18547.0,19263.0,20063.0,20 29 30 31 32 33 34 35 49 50 51 52 53 54 55 56,34327.0,False
base,active,18736.0,19302.0,19670.0,0 1 2 3 4 5 6 7 8 9 10 11 16 17 47 48,34329.0,False
base,sleeping,,19311.0,19419.0,12,-4.0,
base,sleeping,,19311.0,19657.0,13,-4.0,
base,sleeping,,19311.0,19684.0,14,-4.0,
base,sleeping,,19311.0,19773.0,15,-4.0,
base,switching_on,,19419.0,22119.0,12,-3.0,
base,switching_on,,19657.0,22357.0,13,-3.0,
base,active,18846.0,19670.0,19690.0,0 1 2 3 4 5 6 7 8 9 10 11 16 17 47 48,34331.0,False
base,switching_on,,19684.0,22384.0,14,-3.0,
base,active,18872.0,19690.0,19887.0,0 1 2 3 4 5 6 7 8 9 10 11 16 17 47 48,34332.0,False
base,sleeping,,19773.0,19788.0,114 115,-4.0,
base,sleeping,,19773.0,19895.0,116 117,-4.0,
base,sleeping,,19773.0,19996.0,118,-4.0,
base,sleeping,,19773.0,20134.0,119 120 121,-4.0,
base,switching_on,,19773.0,22473.0,15 66 87 88 89 90 91 92 110 111 112 113,-3.0,
base,switching_on,,19788.0,22488.0,114 115,-3.0,
base,active,19530.0,19887.0,20105.0,0 1 2 3 4 5 6 7 8 9 10 11 16 17 47 48,34345.0,False
base,switching_on,,19895.0,22595.0,116 117,-3.0,
base,switching_on,,19996.0,22696.0,118,-3.0,
base,active,19578.0,20063.0,20386.0,20 29 30 31 32 33 34 35 49 50 51 52 53 54 55 56,34346.0,False
base,active,,20105.0,22834.0,0,-1.0,
base,active,,20105.0,23084.0,1 2 3 4 5 6 7 8 9 10 11 16 17 47 48,-1.0,
base,sleeping,,20132.0,20134.0,122 123,-4.0,
base,switching_on,,20134.0,22834.0,81 82 119 120 121 122 123,-3.0,
base,sleeping,,20306.0,20384.0,83,-4.0,
base,sleeping,,20306.0,20481.0,84,-4.0,
base,active,,20346.0,23084.0,22 23 24 25 26 27 28 36 37 38 39 40 41 42 43 93 94 95 96 97 98 99 100 101 102 103 104 105 106 107 108 109,-1.0,
base,active,15596.0,20373.0,20384.0,67 68 69 70 71 72 73 74 75 76 77 78 79 80 85 86,34282.0,False
base,active,,20384.0,23084.0,67 68 69 70 71 72 73 74 75 76 77 78 79 80 85 86,-1.0,
base,switching_on,,20384.0,23084.0,83,-3.0,
base,active,,20386.0,20686.0,29 30 31 32 33 34 35 49 50 51 52 53 54 55 56,-1.0,
base,active,,20386.0,23131.0,20,-1.0,
base,sleeping,,20431.0,20481.0,64,-4.0,
base,switching_on,,20431.0,23131.0,57 58 59 60 61 62 63,-3.0,
base,switching_on,,20481.0,23181.0,64 84,-3.0,
base,switching_off,,20686.0,22486.0,29 30 31 32 33 34 35 49 50 51 52 53 54 55 56,-2.0,
base,active,18742.0,21442.0,21523.0,18 19 21 44 45 124 125 126,34330.0,False
base,active,,21523.0,21823.0,18 19 21 44 45 124 125 126,-1.0,
base,active,18944.0,21644.0,21680.0,46,34334.0,False
base,active,18950.0,21650.0,21664.0,127,34335.0,False
base,active,,21664.0,21964.0,127,-1.0,
base,active,,21680.0,21980.0,46,-1.0,
base,switching_off,,21823.0,23623.0,18 19 21 44 45 124 125 126,-2.0,
base,active,19241.0,21961.0,21969.0,65,34340.0,False
base,switching_off,,21964.0,23764.0,127,-2.0,
base,active,,21969.0,22269.0,65,-1.0,
base,switching_off,,21980.0,23780.0,46,-2.0,
base,active,19419.0,22119.0,22138.0,12,34343.0,False
base,active,,22138.0,22438.0,12,-1.0,
base,switching_off,,22269.0,24069.0,65,-2.0,
base,active,19657.0,22357.0,22443.0,13,34348.0,False
base,active,19684.0,22384.0,22461.0,14,34349.0,False
base,switching_off,,22438.0,24238.0,12,-2.0,
base,active,,22443.0,22743.0,13,-1.0,
base,active,,22461.0,22761.0,14,-1.0,
base,active,19766.0,22473.0,23715.0,110 111 112 113,34352.0,False
base,active,19293.0,22473.0,24188.0,15 66 87 88 89 90 91 92,34342.0,False
base,switching_on,,22486.0,25186.0,29 30 31 32 33 34 35 49 50 51 52 53 54 55 56,-3.0,
base,active,19788.0,22488.0,23708.0,114 115,34353.0,False
base,active,19895.0,22595.0,22618.0,116 117,34356.0,False
base,active,,22618.0,22918.0,116 117,-1.0,
base,active,19996.0,22696.0,22717.0,118,34358.0,False
base,active,,22717.0,23017.0,118,-1.0,
base,switching_off,,22743.0,24543.0,13,-2.0,
base,switching_off,,22761.0,24561.0,14,-2.0,
base,active,19961.0,22834.0,22878.0,0 81 82 119 120 121 122 123,34357.0,False
base,active,22503.0,22878.0,22884.0,0,34382.0,False
base,active,,22878.0,23084.0,81 82 119 120 121 122,-1.0,
base,active,,22878.0,23087.0,123,-1.0,
base,active,22554.0,22884.0,22898.0,0,34384.0,False
base,active,22557.0,22898.0,22928.0,0,34385.0,False
base,switching_off,,22918.0,24718.0,116 117,-2.0,
base,active,22626.0,22928.0,22991.0,0,34387.0,False
base,active,22763.0,22991.0,23063.0,0,34390.0,False
base,switching_off,,23017.0,24817.0,118,-2.0,
base,active,22857.0,23063.0,23087.0,0,34392.0,False
base,active,15281.0,23084.0,23109.0,1 2 3 4 5 6 7 8 9 10 11 16 17 22 23 24 25 26 27 28 36 37 38 39 40 41 42 43 47 48 67 68 69 70 71 72 73 74 75 76 77 78 79 80 83 85 86 93 94 95 96 97 98 99 100 101 102 103 104 105 106 107 108 109,34275.0,False
base,active,22238.0,23084.0,23203.0,121 122,34378.0,False
base,active,22216.0,23084.0,23216.0,81 82 119 120,34377.0,False
base,active,22413.0,23087.0,23169.0,0 123,34381.0,False
base,active,15356.0,23109.0,23126.0,1 2 3 4 5 6 7 8 9 10 11 16 17 22 23 24 25 26 27 28 36 37 38 39 40 41 42 43 47 48 67 68 69 70 71 72 73 74 75 76 77 78 79 80 83 85 86 93 94 95 96 97 98 99 100 101 102 103 104 105 106 107 108 109,34276.0,False
base,active,15500.0,23126.0,23138.0,1 2 3 4 5 6 7 8 9 10 11 16 17 22 23 24 25 26 27 28 36 37 38 39 40 41 42 43 47 48 67 68 69 70 71 72 73 74 75 76 77 78 79 80 83 85 86 93 94 95 96 97 98 99 100 101 102 103 104 105 106 107 108 109,34278.0,False
base,active,20108.0,23131.0,23174.0,20 57 58 59 60 61 62 63,34359.0,False
base,active,15948.0,23138.0,23157.0,1 2 3 4 5 6 7 8 9 10 11 16 17 22 23 24 25 26 27 28 36 37 38 39 40 41 42 43 47 48 67 68 69 70 71 72 73 74 75 76 77 78 79 80 83 85 86 93 94 95 96 97 98 99 100 101 102 103 104 105 106 107 108 109,34289.0,False
base,active,18394.0,23157.0,23351.0,69 70 71 72 73 74 75 76 77 78 79 80 83 85 86 93 94 95 96 97 98 99 100 101 102 103 104 105 106 107 108 109,34324.0,False
base,active,17256.0,23157.0,26620.0,1 2 3 4 5 6 7 8 9 10 11 16 17 22 23 24 25 26 27 28 36 37 38 39 40 41 42 43 47 48 67 68,34308.0,False
base,active,22724.0,23169.0,23266.0,0 123,34389.0,False
base,active,22515.0,23174.0,23252.0,20 57 58 59 60 61 62 63,34383.0,False
base,active,20481.0,23181.0,23260.0,64 84,34368.0,False
base,active,22908.0,23203.0,26262.0,121 122,34394.0,False
base,active,22886.0,23216.0,26293.0,81 82 119 120,34393.0,False
base,active,22703.0,23252.0,24048.0,20 57 58 59 60 61 62 63,34388.0,False
base,active,,23260.0,23351.0,64 84,-1.0,
base,active,,23266.0,23295.0,0,-1.0,
base,active,,23266.0,23566.0,123,-1.0,
base,active,23295.0,23295.0,23356.0,0,34398.0,False
base,active,18681.0,23351.0,23606.0,64 69 70 71 72 73 74 75 76 77 78 79 80 83 84 85 86 93 94 95 96 97 98 99 100 101 102 103 104 105 106 107,34328.0,False
base,active,,23351.0,23651.0,109,-1.0,
base,active,,23351.0,26323.0,108,-1.0,
base,active,,23356.0,23429.0,0,-1.0,
base,active,23429.0,23429.0,23517.0,0,34400.0,False
base,active,,23517.0,23573.0,0,-1.0,
base,switching_off,,23566.0,25366.0,123,-2.0,
base,active,23573.0,23573.0,23693.0,0,34404.0,False
base,active,19252.0,23606.0,25362.0,64 69 70 71 72 73 74 75 76 77 78 79 80 83 84 85 86 93 94 95 96 97 98 99 100 101 102 103 104 105 106 107,34341.0,False
base,sleeping,,23623.0,23993.0,126,-4.0,
base,switching_on,,23623.0,26323.0,18 19 21 44 45 124 125,-3.0,
base,switching_off,,23651.0,25451.0,109,-2.0,
base,active,,23693.0,23993.0,0,-1.0,
base,active,,23708.0,26693.0,114 115,-1.0,
base,active,,23715.0,26693.0,110 111 112 113,-1.0,
base,sleeping,,23764.0,27102.0,127,-4.0,
base,sleeping,,23780.0,23993.0,46,-4.0,
base,switching_off,,23993.0,25793.0,0,-2.0,
base,switching_on,,23993.0,26693.0,46 126,-3.0,
base,active,,24048.0,24188.0,20 57 58 59 60 61 62 63,-1.0,
base,sleeping,,24069.0,26659.0,65,-4.0,
base,active,19802.0,24188.0,24397.0,15 20 57 58 59 60 61 62 63 66 87 88 89 90 91 92,34354.0,False
base,sleeping,,24238.0,24822.0,12,-4.0,
base,active,,24397.0,24697.0,15 20 57 58 59 60 61 62 63 66 87 88 89 90 91 92,-1.0,
base,sleeping,,24543.0,25311.0,13,-4.0,
base,sleeping,,24561.0,26659.0,14,-4.0,
base,switching_off,,24697.0,26497.0,15 20 57 58 59 60 61 62 63 66 87 88 89 90 91 92,-2.0,
base,sleeping,,24718.0,26659.0,116 117,-4.0,
base,sleeping,,24817.0,26659.0,118,-4.0,
base,switching_on,,24822.0,27522.0,12,-3.0,
base,active,22088.0,25186.0,25234.0,54,34374.0,False
base,active,20895.0,25186.0,25236.0,50 51 52 53,34372.0,False
base,active,22151.0,25186.0,25246.0,55,34376.0,False
base,active,22327.0,25186.0,25255.0,56,34379.0,False
base,active,20883.0,25186.0,25311.0,29 30 31 32 33 34 35 49,34371.0,False
base,active,,25234.0,28011.0,54,-1.0,
base,active,,25236.0,28011.0,50 51 52 53,-1.0,
base,active,,25246.0,28011.0,55,-1.0,
base,active,,25255.0,28011.0,56,-1.0,
base,active,,25311.0,28011.0,29 30 31 32 33 34 35 49,-1.0,
base,switching_on,,25311.0,28011.0,13,-3.0,
base,active,20128.0,25362.0,25569.0,64 69 70 71 72 73 74 75 76 77 78 79 80 83 84 85 86 93 94 95 96 97 98 99 100 101 102 103 104 105 106 107,34360.0,False
base,sleeping,,25366.0,27102.0,123,-4.0,
base,sleeping,,25451.0,26659.0,109,-4.0,
base,active,20386.0,25569.0,25635.0,64 69 70 71 72 73 74 75 76 77 78 79 80 83 84 85,34365.0,False
base,active,,25569.0,25635.0,86 93 94 95 96 97 98 99 100 101 102 103 104 105 106 107,-1.0,
base,active,20467.0,25635.0,25941.0,64 69 70 71 72 73 74 75 76 77 78 79 80 83 84 85 86 93 94 95 96 97 98 99 100 101 102 103 104 105 106 107,34367.0,False
base,sleeping,,25793.0,25808.0,0,-4.0,
base,switching_on,,25808.0,28508.0,0,-3.0,
base,active,20556.0,25941.0,25962.0,64 69 70 71 72 73 74 75 76 77 78 79 80 83 84 85,34370.0,False
base,active,,25941.0,25962.0,86 93 94 95 96 97 98 99 100 101 102 103 104 105 106 107,-1.0,
base,active,22101.0,25962.0,26185.0,64 69 70 71 72 73 74 75 76 77 78 79 80 83 84 85 86 93 94 95 96 97 98 99 100 101 102 103 104 105 106 107,34375.0,False
base,active,22374.0,26185.0,26360.0,64 69 70 71 72 73 74 75 76 77 78 79 80 83 84 85 86 93 94 95 96 97 98 99 100 101 102 103 104 105 106 107,34380.0,False
base,active,,26262.0,26562.0,121 122,-1.0,
base,active,,26293.0,26360.0,81 82,-1.0,
base,active,,26293.0,26593.0,119 120,-1.0,
base,active,23521.0,26323.0,26659.0,18 19 21 44 45 108 124 125,34402.0,False
base,active,22840.0,26360.0,26511.0,64 69 70 71 72 73 74 75 76 77 78 79 80 81 82 83 84 85 86 93 94 95 96 97 98 99 100 101 102 103 104 105,34391.0,False
base,active,,26360.0,29359.0,106 107,-1.0,
base,sleeping,,26497.0,26659.0,15 20 57 58 59 60 61 62 63 66 87 88 89 90 91 92,-4.0,
base,active,23067.0,26511.0,26582.0,64 69 70 71 72 73 74 75 76 77 78 79 80 81 82 83 84 85 86 93 94 95 96 97 98 99 100 101 102 103 104 105,34396.0,False
base,switching_off,,26562.0,28362.0,121 122,-2.0,
base,active,23194.0,26582.0,26901.0,64 69 70 71 72 73 74 75 76 77 78 79 80 81 82 83 84 85 86 93 94 95 96 97 98 99 100 101 102 103 104 105,34397.0,False
base,switching_off,,26593.0,28393.0,119 120,-2.0,
base,active,,26620.0,29359.0,1 2 3 4 5 6 7 8 9 10 11 16 17 22 23 24 25 26 27 28 36 37 38 39 40 41 42 43 47 48 67 68,-1.0,
base,active,,26659.0,29359.0,18 19 21 44 45 108 124 125,-1.0,
base,switching_on,,26659.0,29359.0,14 15 20 57 58 59 60 61 62 63 65 66 87 88 89 90 91 92 109 116 117 118,-3.0,
base,active,23865.0,26693.0,26774.0,46 110 111 112 113 114 115 126,34407.0,False
base,active,,26774.0,27074.0,46 110 111 112 113 114 115 126,-1.0,
base,active,,26901.0,27201.0,64 69 70 71 72 73 74 75 76 77 78 79 80 81 82 83 84 85 86 93 94 95 96 97 98 99 100 101 102 103 104 105,-1.0,
base,switching_off,,27074.0,28874.0,46 110 111 112 113 114 115 126,-2.0,
base,switching_on,,27102.0,29802.0,123 127,-3.0,
base,switching_off,,27201.0,29001.0,64 69 70 71 72 73 74 75 76 77 78 79 80 81 82 83 84 85 86 93 94 95 96 97 98 99 100 101 102 103 104 105,-2.0,
base,active,24822.0,27522.0,27535.0,12,34413.0,False
base,active,,27535.0,27835.0,12,-1.0,
base,switching_off,,27835.0,29635.0,12,-2.0,
base,active,20174.0,28011.0,28077.0,13 29 30 31 32 33 34 35 49 50 51 52 53 54 55 56,34361.0,False
base,active,,28077.0,28377.0,29 30 31 32 33 34 35 49 50 51 52 53 54 55 56,-1.0,
base,active,,28077.0,31062.0,13,-1.0,
base,sleeping,,28362.0,28526.0,122,-4.0,
base,switching_on,,28362.0,31062.0,121,-3.0,
base,switching_off,,28377.0,30177.0,29 30 31 32 33 34 35 49 50 51 52 53 54 55 56,-2.0,
base,switching_on,,28393.0,31093.0,119 120,-3.0,
base,active,25808.0,28508.0,28526.0,0,34424.0,False
base,active,,28526.0,31226.0,0,-1.0,
base,switching_on,,28526.0,31226.0,122,-3.0,
base,sleeping,,28874.0,29718.0,113 114 115 126,-4.0,
base,switching_on,,28874.0,31574.0,46 110 111 112,-3.0,
base,switching_on,,29001.0,31701.0,64 69 70 71 72 73 74 75 76 77 78 79 80 81 82 83 84 85 86 93 94 95 96 97 98 99 100 101 102 103 104 105,-3.0,
base,active,24089.0,29359.0,29387.0,1 2 3 4 5 6 7 8 9 10 11 14 15 16 17 18 19 20 21 22 23 24 25 26 27 28 36 37 38 39 40 41 42 43 44 45 47 48 57 58 59 60 61 62 63 65 66 67 68 87 88 89 90 91 92 106 107 108 109 116 117 118 124 125,34408.0,False
base,active,24194.0,29387.0,29582.0,1 2 3 4 5 6 7 8 9 10 11 14 15 16 17 18 19 20 21 22 23 24 25 26 27 28 36 37 38 39 40 41 42 43 44 45 47 48 57 58 59 60 61 62 63 65 66 67 68 87 88 89 90 91 92 106 107 108 109 116 117 118 124 125,34410.0,False
base,active,25095.0,29582.0,29622.0,42 43 44 45 47 48 57 58 59 60 61 62 63 65 66 67 68 87 88 89 90 91 92 106 107 108 109 116 117 118 124 125,34419.0,False
base,active,24954.0,29582.0,29623.0,1 2 3 4 5 6 7 8 9 10 11 14 15 16 17 18 19 20 21 22 23 24 25 26 27 28 36 37 38 39 40 41,34415.0,False
base,active,25250.0,29622.0,29718.0,42 43 44 45 47 48 57 58 59 60 61 62 63 65 66 67 68 87 88 89 90 91 92 106 107 108 109 116 117 118 124 125,34421.0,False
base,active,25424.0,29623.0,29901.0,1 2 3 4 5 6 7 8 9 10 11 14 15 16 17 18 19 20 21 22 23 24 25 26 27 28 36 37 38 39 40 41,34422.0,False
base,sleeping,,29635.0,29718.0,12,-4.0,
base,active,,29718.0,30018.0,42 43 44 45 47,-1.0,
base,active,,29718.0,32418.0,48 57 58 59 60 61 62 63 65 66 67 68 87 88 89 90 91 92 106 107 108 109 116 117 118 124 125,-1.0,
base,switching_on,,29718.0,32418.0,12 113 114 115 126,-3.0,
base,active,27102.0,29802.0,29825.0,123 127,34428.0,False
base,active,,29825.0,30125.0,123 127,-1.0,
base,active,,29901.0,30201.0,1 2 3 4 5 6 7 8 9 10 11 14 15 16 17 18 19 20 21 22 23 24 25 26 27 28 36 37 38 39 40 41,-1.0,
base,switching_off,,30018.0,31818.0,42 43 44 45 47,-2.0,
base,switching_off,,30125.0,31925.0,123 127,-2.0,
base,sleeping,,30177.0,31913.0,29 30 31 32 33 34 35 49 50 51 52 53 54 55 56,-4.0,
base,switching_off,,30201.0,32001.0,1 2 3 4 5 6 7 8 9 10 11 14 15 16 17 18 19 20 21 22 23 24 25 26 27 28 36 37 38 39 40 41,-2.0,
base,active,27374.0,31062.0,31081.0,13 121,34430.0,False
base,active,,31081.0,31381.0,13 121,-1.0,
base,active,27447.0,31093.0,31112.0,119 120,34431.0,False
base,active,,31112.0,31412.0,119 120,-1.0,
base,active,27527.0,31226.0,31247.0,0 122,34432.0,False
base,active,,31247.0,31547.0,0 122,-1.0,
base,switching_off,,31381.0,33181.0,13 121,-2.0,
base,switching_off,,31412.0,33212.0,119 120,-2.0,
base,switching_off,,31547.0,33347.0,0 122,-2.0,
base,active,27555.0,31574.0,31597.0,46 110 111 112,34433.0,False
base,active,,31597.0,31897.0,46 110 111 112,-1.0,
base,active,24535.0,31701.0,31913.0,64 69 70 71 72 73 74 75 76 77 78 79 80 81 82 83 84 85 86 93 94 95 96 97 98 99 100 101 102 103 104 105,34411.0,False
base,sleeping,,31818.0,31913.0,42 43 44 45 47,-4.0,
base,switching_off,,31897.0,33697.0,46 110 111 112,-2.0,
base,active,,31913.0,32213.0,64 69 70 71 72 73 74 75 76 77 78 79 80 81 82 83 84 85 86 93,-1.0,
base,active,,31913.0,34613.0,94 95 96 97 98 99 100 101 102 103 104 105,-1.0,
base,switching_on,,31913.0,34613.0,29 30 31 32 33 34 35 42 43 44 45 47 49 50 51 52 53 54 55 56,-3.0,
base,sleeping,,31925.0,34832.0,123 127,-4.0,
base,sleeping,,32001.0,34832.0,1 2 3 4 5 6 7 8 9 10 11 14 15 16 17 18 19 20 21 22 23 24 25 26 27 28 36 37 38 39 40 41,-4.0,
base,switching_off,,32213.0,34013.0,64 69 70 71 72 73 74 75 76 77 78 79 80 81 82 83 84 85 86 93,-2.0,
base,active,27599.0,32418.0,32522.0,12 48 57 58 59 60 61 62 63 65 66 67 68 87 88 89 90 91 92 106 107 108 109 113 114 115 116 117 118 124 125 126,34434.0,False
base,active,,32522.0,32822.0,12 48 57 58 59 60 61 62 63 65 66 67 68 87 88 89 90 91 92 106 107 108 109 113 114 115 116 117 118 124 125 126,-1.0,
base,switching_off,,32822.0,34622.0,12 48 57 58 59 60 61 62 63 65 66 67 68 87 88 89 90 91 92 106 107 108 109 113 114 115 116 117 118 124 125 126,-2.0,
base,sleeping,,33181.0,34832.0,13 121,-4.0,
base,sleeping,,33212.0,34832.0,119 120,-4.0,
base,sleeping,,33347.0,34832.0,0 122,-4.0,
base,sleeping,,33697.0,34832.0,46 110 111 112,-4.0,
base,sleeping,,34013.0,34832.0,64 69 70 71 72 73 74 75 76 77 78 79 80 81 82 83 84 85 86 93,-4.0,
base,active,30568.0,34613.0,34832.0,29 30 31 32 33 34 35 42 43 44 45 47 49 50 51 52 53 54 55 56 94 95 96 97 98 99 100 101 102 103 104 105,34446.0,False
base,sleeping,,34622.0,34832.0,12 48 57 58 59 60 61 62 63 65 66 67 68 87 88 89 90 91 92 106 107 108 109 113 114 115 116 117 118 124 125 126,-4.0,
base,active,,34832.0,37532.0,29 30 31 32 33 34 35 42 43 44 45 47 49 50 51 52 53 54 55 56 94 95 96 97 98 99 100 101 102 103 104 105,-1.0,
base,switching_on,,34832.0,37532.0,0 1 2 3 4 5 6 7 8 9 10 11 12 13 14 15 16 17 18 19 20 21 22 23 24 25 26 27 28 36 37 38 39 40 41 46 48 57 58 59 60 61 62 63 64 65 66 67 68 69 70 71 72 73 74 75 76 77 78 79 80 81 82 83 84 85 86 87 88 89 90 91 92 93 106 107 108 109 110 111 112 113 114 115 116 117 118 119 120 121 122 123 124 125 126 127,-3.0,
base,active,26092.0,37532.0,37978.0,0 1 2 3 4 5 6 7 8 9 10 11 12 13 14 15 16 17 18 19 20 21 22 23 24 25 26 27 28 29 30 31 32 33 34 35 36 37 38 39 40 41 42 43 44 45 46 47 48 49 50 51 52 53 54 55 56 57 58 59 60 61 62 63 64 65 66 67 68 69 70 71 72 73 74 75 76 77 78 79 80 81 82 83 84 85 86 87 88 89 90 91 92 93 94 95 96 97 98 99 100 101 102 103 104 105 106 107 108 109 110 111 112 113 114 115 116 117 118 119 120 121 122 123 124 125 126 127,34426.0,False
base,active,27750.0,37978.0,38438.0,0 1 2 3 4 5 6 7 8 9 10 11 12 13 14 15 16 17 18 19 20 21 22 23 24 25 26 27 28 29 30 31 32 33 34 35 36 37 38 39 40 41 42 43 44 45 46 47 48 49 50 51 52 53 54 55 56 57 58 59 60 61 62 63 64 65 66 67 68 69 70 71 72 73 74 75 76 77 78 79 80 81 82 83 84 85 86 87 88 89 90 91 92 93 94 95 96 97 98 99 100 101 102 103 104 105 106 107 108 109 110 111 112 113 114 115 116 117 118 119 120 121 122 123 124 125 126 127,34436.0,False
base,active,28356.0,38438.0,38907.0,0 1 2 3 4 5 6 7 8 9 10 11 12 13 14 15 16 17 18 19 20 21 22 23 24 25 26 27 28 29 30 31 32 33 34 35 36 37 38 39 40 41 42 43 44 45 46 47 48 49 50 51 52 53 54 55 56 57 58 59 60 61 62 63 64 65 66 67 68 69 70 71 72 73 74 75 76 77 78 79 80 81 82 83 84 85 86 87 88 89 90 91 92 93 94 95 96 97 98 99 100 101 102 103 104 105 106 107 108 109 110 111 112 113 114 115 116 117 118 119 120 121 122 123 124 125 126 127,34438.0,False
base,active,31727.0,38907.0,49833.0,0 1 2 3 4 5 6 7 8 9 10 11 12 13 14 15 16 17 18 19 20 21 22 23 24 25 26 27 28 29 30 31 32 33 34 35 36 37 38 39 40 41 42 43 44 45 46 47 48 49 50 51 52 53 54 55 56 57 58 59 60 61 62 63 64 65 66 67 68 69 70 71 72 73 74 75 76 77 78 79 80 81 82 83 84 85 86 87 88 89 90 91 92 93 94 95 96 97 98 99 100 101 102 103 104 105 106 107 108 109 110 111 112 113 114 115 116 117 118 119 120 121 122 123 124 125 126 127,34454.0,False
base,active,42658.0,49833.0,49918.0,0 1 2 3 4 5 6 7 8 9 10 11 12 13 14 15 16 17 18 19 20 21 22 23 24 25 26 27 28 29 30 31 32 33 34 35 36 37 38 39 40 41 42 43 44 45 46 47 48 49 50 51 52 53 54 55 56 57 58 59 60 61 62 63 64 65 66 67 68 69 70 71 72 73 74 75 76 77 78 79 80 81 82 83 84 85 86 87 88 89 90 91 92 93 94 95 96 97 98 99 100 101 102 103 104 105 106 107 108 109 110 111 112 113 114 115 116 117 118 119 120 121 122 123 124 125 126 127,34455.0,False
base,active,48923.0,49918.0,49935.0,123 124 125 126,34480.0,False
base,active,44124.0,49918.0,49942.0,0,34463.0,False
base,active,48441.0,49918.0,49966.0,127,34475.0,False
base,active,47990.0,49918.0,50001.0,1,34473.0,False
base,active,,49918.0,50001.0,2 3 4 5 6 7 8 9 10 11 12 13 14 15 16 17 18 19 20 21 22 23 24 25 26 27 28 29 30 31 32 33 34 35 36 37 38 39 40 41 42 43 44 45 46 47 48 49 50 51 52 53 54 55 56 57 58 59 60 61 62 63 64 65 66 67 68 69 70 71 72 73 74 75 76 77 78 79 80 81 82 83 84 85 86 87 88 89 90 91 92 93 94 95 96 97 98 99 100 101 102 103 104 105 106 107 108 109 110 111 112 113 114 115 116 117 118 119 120 121 122,-1.0,
base,active,,49935.0,50001.0,123 124 125 126,-1.0,
base,active,,49942.0,50001.0,0,-1.0,
base,active,,49966.0,50001.0,127,-1.0,
base,active,48084.0,50001.0,50357.0,0 1 2 3 4 5 6 7 8 9 10 11 12 13 14 15 16 17 18 19 20 21 22 23 24 25 26 27 28 29 30 31 32 33 34 35 36 37 38 39 40 41 42 43 44 45 46 47 48 49 50 51 52 53 54 55 56 57 58 59 60 61 62 63 64 65 66 67 68 69 70 71 72 73 74 75 76 77 78 79 80 81 82 83 84 85 86 87 88 89 90 91 92 93 94 95 96 97 98 99 100 101 102 103 104 105 106 107 108 109 110 111 112 113 114 115 116 117 118 119 120 121 122 123 124 125 126 127,34474.0,False
base,active,48659.0,50357.0,50474.0,0,34476.0,False
base,active,,50357.0,50474.0,1 2 3 4 5 6 7 8 9 10 11 12 13 14 15 16 17 18 19 20 21 22 23 24 25 26 27 28 29 30 31 32 33 34 35 36 37 38 39 40 41 42 43 44 45 46 47 48 49 50 51 52 53 54 55 56 57 58 59 60 61 62 63 64 65 66 67 68 69 70 71 72 73 74 75 76 77 78 79 80 81 82 83 84 85 86 87 88 89 90 91 92 93 94 95 96 97 98 99 100 101 102 103 104 105 106 107 108 109 110 111 112 113 114 115 116 117 118 119 120 121 122 123 124 125 126 127,-1.0,
base,active,48784.0,50474.0,50564.0,0 1 2 3 4 5 6 7 8 9 10 11 12 13 14 15 16 17 18 19 20 21 22 23 24 25 26 27 28 29 30 31 32 33 34 35 36 37 38 39 40 41 42 43 44 45 46 47 48 49 50 51 52 53 54 55 56 57 58 59 60 61 62 63 64 65 66 67 68 69 70 71 72 73 74 75 76 77 78 79 80 81 82 83 84 85 86 87 88 89 90 91 92 93 94 95 96 97 98 99 100 101 102 103 104 105 106 107 108 109 110 111 112 113 114 115 116 117 118 119 120 121 122 123 124 125 126 127,34478.0,False
base,active,,50564.0,50864.0,0 1 2 3 4 5 6 7 8 9 10 11 12 13 14 15 16 17 18 19 20 21 22 23 24 25 26 27 28 29 30 31 32 33 34 35 36 37 38 39 40 41 42 43 44 45 46 47 48 49 50 51 52 53 54 55 56 57 58 59 60 61 62 63 64 65 66 67 68 69 70 71 72 73 74 75 76 77 78 79 80 81 82 83 84 85 86 87 88 89 90 91 92 93 94 95 96 97 98 99 100 101 102 103 104 105 106 107 108 109 110 111 112 113 114 115 116 117 118 119 120 121 122 123 124 125 126 127,-1.0,
base,switching_off,,50864.0,52664.0,0 1 2 3 4 5 6 7 8 9 10 11 12 13 14 15 16 17 18 19 20 21 22 23 24 25 26 27 28 29 30 31 32 33 34 35 36 37 38 39 40 41 42 43 44 45 46 47 48 49 50 51 52 53 54 55 56 57 58 59 60 61 62 63 64 65 66 67 68 69 70 71 72 73 74 75 76 77 78 79 80 81 82 83 84 85 86 87 88 89 90 91 92 93 94 95 96 97 98 99 100 101 102 103 104 105 106 107 108 109 110 111 112 113 114 115 116 117 118 119 120 121 122 123 124 125 126 127,-2.0,
base,sleeping,,52664.0,53039.0,2,-4.0,
base,sleeping,,52664.0,53376.0,3,-4.0,
base,sleeping,,52664.0,54553.0,4,-4.0,
base,sleeping,,52664.0,54927.0,5,-4.0,
base,switching_on,,52664.0,55364.0,0 1,-3.0,
base,sleeping,,52664.0,61592.0,6,-4.0,
base,sleeping,,52664.0,62765.0,7,-4.0,
base,sleeping,,52664.0,70831.0,8 9,-4.0,
base,sleeping,,52664.0,71099.0,10 11,-4.0,
base,sleeping,,52664.0,71444.0,12 13,-4.0,
base,sleeping,,52664.0,71846.0,14 15,-4.0,
base,sleeping,,52664.0,71941.0,16,-4.0,
base,sleeping,,52664.0,71964.0,17 18,-4.0,
base,sleeping,,52664.0,71972.0,19 20,-4.0,
base,sleeping,,52664.0,72033.0,21,-4.0,
base,sleeping,,52664.0,72062.0,22 23,-4.0,
base,sleeping,,52664.0,72106.0,24 25,-4.0,
base,sleeping,,52664.0,72143.0,26 27 28 29 30 31 32 33,-4.0,
base,sleeping,,52664.0,72201.0,34 35 36 37 38 39 40 41 42 43 44 45 46 47 48 49 50 51 52 53 54 55 56 57 58 59 60 61 62 63 64 65,-4.0,
base,sleeping,,52664.0,72369.0,66 67,-4.0,
base,sleeping,,52664.0,72437.0,68 69 70 71 72 73 74 75 76 77 78 79 80 81 82 83 84 85 86 87 88 89 90 91 92 93 94 95 96 97 98 99,-4.0,
base,sleeping,,52664.0,72852.0,100 101,-4.0,
base,sleeping,,52664.0,73921.0,102 103,-4.0,
base,sleeping,,52664.0,74778.0,104 105 106 107 108 109 110 111 112 113 114 115 116 117 118 119 120 121 122 123 124 125 126 127,-4.0,
base,switching_on,,53039.0,55739.0,2,-3.0,
base,switching_on,,53376.0,56076.0,3,-3.0,
base,switching_on,,54553.0,57253.0,4,-3.0,
base,switching_on,,54927.0,57627.0,5,-3.0,
base,active,51180.0,55364.0,55535.0,0,34489.0,False
base,active,52303.0,55364.0,55650.0,1,34496.0,False
base,active,,55535.0,55835.0,0,-1.0,
base,active,,55650.0,55950.0,1,-1.0,
base,active,53039.0,55739.0,55860.0,2,34499.0,False
base,switching_off,,55835.0,57635.0,0,-2.0,
base,active,,55860.0,55952.0,2,-1.0,
base,switching_off,,55950.0,57750.0,1,-2.0,
base,active,55952.0,55952.0,57869.0,2,34517.0,False
base,active,53376.0,56076.0,56216.0,3,34505.0,False
base,active,,56216.0,56516.0,3,-1.0,
base,switching_off,,56516.0,58316.0,3,-2.0,
base,active,54553.0,57253.0,57537.0,4,34508.0,False
base,active,,57537.0,57837.0,4,-1.0,
base,active,54927.0,57627.0,57879.0,5,34514.0,False
base,sleeping,,57635.0,60245.0,0,-4.0,
base,sleeping,,57750.0,60663.0,1,-4.0,
base,switching_off,,57837.0,59637.0,4,-2.0,
base,active,,57869.0,57895.0,2,-1.0,
base,active,,57879.0,58179.0,5,-1.0,
base,active,57895.0,57895.0,58838.0,2,34530.0,False
base,switching_off,,58179.0,59979.0,5,-2.0,
base,sleeping,,58316.0,60778.0,3,-4.0,
base,active,,58838.0,58847.0,2,-1.0,
base,active,58847.0,58847.0,59575.0,2,34533.0,False
base,active,,59575.0,59631.0,2,-1.0,
base,active,59631.0,59631.0,59758.0,2,34539.0,False
base,sleeping,,59637.0,61128.0,4,-4.0,
base,active,,59758.0,60058.0,2,-1.0,
base,sleeping,,59979.0,61376.0,5,-4.0,
base,switching_off,,60058.0,61858.0,2,-2.0,
base,switching_on,,60245.0,62945.0,0,-3.0,
base,switching_on,,60663.0,63363.0,1,-3.0,
base,switching_on,,60778.0,63478.0,3,-3.0,
base,switching_on,,61128.0,63828.0,4,-3.0,
base,switching_on,,61376.0,64076.0,5,-3.0,
base,switching_on,,61592.0,64292.0,6,-3.0,
base,sleeping,,61858.0,62489.0,2,-4.0,
base,switching_on,,62489.0,65189.0,2,-3.0,
base,switching_on,,62765.0,65465.0,7,-3.0,
base,active,60245.0,62945.0,63355.0,0,34542.0,False
base,active,,63355.0,63655.0,0,-1.0,
base,active,60663.0,63363.0,63466.0,1,34546.0,False
base,active,,63466.0,63766.0,1,-1.0,
base,active,60778.0,63478.0,63592.0,3,34548.0,False
base,active,,63592.0,63892.0,3,-1.0,
base,switching_off,,63655.0,65455.0,0,-2.0,
base,switching_off,,63766.0,65566.0,1,-2.0,
base,active,61128.0,63828.0,63951.0,4,34550.0,False
base,switching_off,,63892.0,65692.0,3,-2.0,
base,active,,63951.0,63954.0,4,-1.0,
base,active,63954.0,63954.0,64170.0,4,34569.0,False
base,active,61376.0,64076.0,64164.0,5,34552.0,False
base,active,,64164.0,64464.0,5,-1.0,
base,active,,64170.0,64245.0,4,-1.0,
base,active,64245.0,64245.0,64368.0,4,34571.0,False
base,active,61592.0,64292.0,64418.0,6,34553.0,False
base,active,,64368.0,64403.0,4,-1.0,
base,active,64403.0,64403.0,64510.0,4,34572.0,False
base,active,,64418.0,64718.0,6,-1.0,
base,switching_off,,64464.0,66264.0,5,-2.0,
base,active,,64510.0,64559.0,4,-1.0,
base,active,64559.0,64559.0,64679.0,4,34573.0,False
base,active,,64679.0,64979.0,4,-1.0,
base,switching_off,,64718.0,66518.0,6,-2.0,
base,switching_off,,64979.0,66779.0,4,-2.0,
base,active,62489.0,65189.0,65305.0,2,34560.0,False
base,active,,65305.0,65605.0,2,-1.0,
base,sleeping,,65455.0,70008.0,0,-4.0,
base,active,62765.0,65465.0,65577.0,7,34562.0,False
base,sleeping,,65566.0,70008.0,1,-4.0,
base,active,,65577.0,65877.0,7,-1.0,
base,switching_off,,65605.0,67405.0,2,-2.0,
base,sleeping,,65692.0,70141.0,3,-4.0,
base,switching_off,,65877.0,67677.0,7,-2.0,
base,sleeping,,66264.0,70340.0,5,-4.0,
base,sleeping,,66518.0,70430.0,6,-4.0,
base,sleeping,,66779.0,70340.0,4,-4.0,
base,sleeping,,67405.0,70141.0,2,-4.0,
base,sleeping,,67677.0,70430.0,7,-4.0,
base,switching_on,,70008.0,72708.0,0 1,-3.0,
base,switching_on,,70141.0,72841.0,2 3,-3.0,
base,switching_on,,70340.0,73040.0,4 5,-3.0,
base,switching_on,,70430.0,73130.0,6 7,-3.0,
base,switching_on,,70831.0,73531.0,8 9,-3.0,
base,switching_on,,71099.0,73799.0,10 11,-3.0,
base,switching_on,,71444.0,74144.0,12 13,-3.0,
base,switching_on,,71846.0,74546.0,14 15,-3.0,
base,switching_on,,71941.0,74641.0,16,-3.0,
base,switching_on,,71964.0,74664.0,17 18,-3.0,
base,switching_on,,71972.0,74672.0,19 20,-3.0,
base,switching_on,,72033.0,74733.0,21,-3.0,
base,switching_on,,72062.0,74762.0,22 23,-3.0,
base,switching_on,,72106.0,74806.0,24 25,-3.0,
base,switching_on,,72143.0,74843.0,26 27 28 29 30 31 32 33,-3.0,
base,switching_on,,72201.0,74901.0,34 35 36 37 38 39 40 41 42 43 44 45 46 47 48 49 50 51 52 53 54 55 56 57 58 59 60 61 62 63 64 65,-3.0,
base,switching_on,,72369.0,75069.0,66 67,-3.0,
base,switching_on,,72437.0,75137.0,68 69 70 71 72 73 74 75 76 77 78 79 80 81 82 83 84 85 86 87 88 89 90 91 92 93 94 95 96 97 98 99,-3.0,
base,active,70008.0,72708.0,72729.0,0 1,34602.0,False
base,active,,72729.0,75552.0,0 1,-1.0,
base,active,70141.0,72841.0,72861.0,2 3,34603.0,False
base,switching_on,,72852.0,75552.0,100 101,-3.0,
base,active,,72861.0,72949.0,2 3,-1.0,
base,active,72949.0,72949.0,73034.0,2 3,34634.0,False
base,active,,73034.0,73129.0,2 3,-1.0,
base,active,70340.0,73040.0,73080.0,4 5,34604.0,False
base,active,,73080.0,73129.0,4 5,-1.0,
base,active,73129.0,73129.0,73170.0,2 3 4 5,34636.0,False
base,active,70430.0,73130.0,73184.0,6 7,34605.0,False
base,active,,73170.0,73234.0,2 3 4 5,-1.0,
base,active,,73184.0,73328.0,6 7,-1.0,
base,active,73234.0,73234.0,73275.0,2 3 4 5,34637.0,False
base,active,,73275.0,73308.0,2 3 4 5,-1.0,
base,active,73308.0,73308.0,73377.0,2 3 4 5,34638.0,False
base,active,73328.0,73328.0,73448.0,6 7,34639.0,False
base,active,,73377.0,73677.0,2 3 4 5,-1.0,
base,active,,73448.0,73748.0,6 7,-1.0,
base,active,70831.0,73531.0,73593.0,8 9,34608.0,False
base,active,,73593.0,73893.0,8 9,-1.0,
base,switching_off,,73677.0,75477.0,2 3 4 5,-2.0,
base,switching_off,,73748.0,75548.0,6 7,-2.0,
base,active,71099.0,73799.0,73945.0,10 11,34613.0,False
base,switching_off,,73893.0,75693.0,8 9,-2.0,
base,switching_on,,73921.0,76621.0,102 103,-3.0,
base,active,,73945.0,74239.0,10 11,-1.0,
base,active,71444.0,74144.0,74209.0,12 13,34614.0,False
base,active,,74209.0,74509.0,12 13,-1.0,
base,active,74239.0,74239.0,74322.0,10 11,34649.0,False
base,active,,74322.0,74622.0,10 11,-1.0,
base,switching_off,,74509.0,76309.0,12 13,-2.0,
base,active,71846.0,74546.0,74616.0,14 15,34616.0,False
base,active,,74616.0,74690.0,14 15,-1.0,
base,switching_off,,74622.0,76422.0,10 11,-2.0,
base,active,71941.0,74641.0,74658.0,16,34617.0,False
base,active,,74658.0,77478.0,16,-1.0,
base,active,71964.0,74664.0,74747.0,17 18,34618.0,False
base,active,71972.0,74672.0,74717.0,19 20,34619.0,False
base,active,74690.0,74690.0,74830.0,14 15,34650.0,False
base,active,,74717.0,77478.0,19 20,-1.0,
base,active,72033.0,74733.0,74753.0,21,34621.0,False
base,active,,74747.0,77478.0,17 18,-1.0,
base,active,,74753.0,77478.0,21,-1.0,
base,active,72062.0,74762.0,74778.0,22 23,34622.0,False
base,active,,74778.0,77478.0,22 23,-1.0,
base,switching_on,,74778.0,77478.0,104 105 106 107 108 109 110 111 112 113 114 115 116 117 118 119 120 121 122 123 124 125 126 127,-3.0,
base,active,72106.0,74806.0,74829.0,24 25,34623.0,False
base,active,,74829.0,74998.0,24 25,-1.0,
base,active,,74830.0,74929.0,14 15,-1.0,
base,active,72143.0,74843.0,74881.0,26 27 28 29 30 31 32 33,34624.0,False
base,active,,74881.0,74998.0,26 27 28 29 30 31 32 33,-1.0,
base,active,72201.0,74901.0,74998.0,34 35 36 37 38 39 40 41 42 43 44 45 46 47 48 49 50 51 52 53 54 55 56 57 58 59 60 61 62 63 64 65,34625.0,False
base,active,74929.0,74929.0,75006.0,14 15,34651.0,False
base,active,73858.0,74998.0,75135.0,24 25 26 27 28 29 30 31 32 33 34 35 36 37 38 39 40 41 42 43 44 45 46 47 48 49 50 51 52 53 54 55,34643.0,False
base,active,,74998.0,75298.0,56 57 58 59 60 61 62 63 64 65,-1.0,
base,active,,75006.0,75135.0,14 15,-1.0,
base,active,72369.0,75069.0,75235.0,66 67,34627.0,False
base,active,74031.0,75135.0,75227.0,14 15 24 25 26 27 28 29 30 31 32 33 34 35 36 37 38 39 40 41 42 43 44 45 46 47 48 49 50 51 52 53,34648.0,False
base,active,,75135.0,75435.0,54 55,-1.0,
base,active,72437.0,75137.0,75254.0,68 69 70 71 72 73 74 75 76 77 78 79 80 81 82 83 84 85 86 87 88 89 90 91 92 93 94 95 96 97 98 99,34629.0,False
base,active,,75227.0,75254.0,14 15,-1.0,
base,active,,75227.0,75527.0,24 25 26 27 28 29 30 31 32 33 34 35 36 37 38 39 40 41 42 43 44 45 46 47 48 49 50 51 52 53,-1.0,
base,active,,75235.0,75535.0,66 67,-1.0,
base,active,75254.0,75254.0,75332.0,14 15,34652.0,False
base,active,,75254.0,75554.0,68 69 70 71 72 73 74 75 76 77 78 79 80 81 82 83 84 85 86 87 88 89 90 91 92 93 94 95 96 97 98 99,-1.0,
base,switching_off,,75298.0,77098.0,56 57 58 59 60 61 62 63 64 65,-2.0,
base,active,,75332.0,75540.0,14 15,-1.0,
base,switching_off,,75435.0,77235.0,54 55,-2.0,
base,sleeping,,75477.0,76254.0,2 3,-4.0,
base,sleeping,,75477.0,76323.0,4,-4.0,
base,sleeping,,75477.0,86702.0,5,-4.0,
base,switching_off,,75527.0,77327.0,24 25 26 27 28 29 30 31 32 33 34 35 36 37 38 39 40 41 42 43 44 45 46 47 48 49 50 51 52 53,-2.0,
base,switching_off,,75535.0,77335.0,66 67,-2.0,
base,active,75540.0,75540.0,75683.0,14 15,34653.0,False
base,sleeping,,75548.0,86702.0,6 7,-4.0,
base,active,72852.0,75552.0,75587.0,0 1 100 101,34633.0,False
base,switching_off,,75554.0,77354.0,68 69 70 71 72 73 74 75 76 77 78 79 80 81 82 83 84 85 86 87 88 89 90 91 92 93 94 95 96 97 98 99,-2.0,
base,active,,75587.0,75887.0,0 1 100 101,-1.0,
base,active,,75683.0,75983.0,14 15,-1.0,
base,sleeping,,75693.0,86702.0,8 9,-4.0,
base,switching_off,,75887.0,77687.0,0 1 100 101,-2.0,
base,switching_off,,75983.0,77783.0,14 15,-2.0,
base,switching_on,,76254.0,78954.0,2 3,-3.0,
base,sleeping,,76309.0,76559.0,12 13,-4.0,
base,switching_on,,76323.0,79023.0,4,-3.0,
base,sleeping,,76422.0,76892.0,10 11,-4.0,
base,switching_on,,76559.0,79259.0,12 13,-3.0,
base,active,73921.0,76621.0,76722.0,102 103,34645.0,False
base,active,,76722.0,77022.0,102 103,-1.0,
base,switching_on,,76892.0,79592.0,10 11,-3.0,
base,switching_off,,77022.0,78822.0,102 103,-2.0,
base,sleeping,,77098.0,77147.0,64 65,-4.0,
base,sleeping,,77098.0,77327.0,56 57 58 59 60 61 62 63,-4.0,
base,switching_on,,77147.0,79847.0,64 65,-3.0,
base,sleeping,,77235.0,77327.0,54 55,-4.0,
base,switching_on,,77327.0,80027.0,32 33 34 35 36 37 38 39 40 41 42 43 44 45 46 47 48 49 50 51 52 53 54 55 56 57 58 59 60 61 62 63,-3.0,
base,sleeping,,77327.0,86702.0,24 25 26 27 28 29 30 31,-4.0,
base,sleeping,,77335.0,86702.0,66 67,-4.0,
base,sleeping,,77354.0,78949.0,99,-4.0,
base,sleeping,,77354.0,79279.0,97 98,-4.0,
base,sleeping,,77354.0,79476.0,95 96,-4.0,
base,sleeping,,77354.0,86702.0,68 69 70 71 72 73 74 75 76 77 78 79 80 81 82 83 84 85 86 87 88 89 90 91 92 93 94,-4.0,
base,active,73706.0,77478.0,77581.0,16 17 18 19 20 21 22 23 104 105 106 107 108 109 110 111 112 113 114 115 116 117 118 119 120 121 122 123 124 125 126 127,34641.0,False
base,active,,77581.0,77881.0,16 17 18 19 20 21 22 23 104 105 106 107 108 109 110 111 112 113 114 115 116 117 118 119 120 121 122 123 124 125 126 127,-1.0,
base,sleeping,,77687.0,78558.0,100 101,-4.0,
base,sleeping,,77687.0,86702.0,0 1,-4.0,
base,sleeping,,77783.0,86702.0,14 15,-4.0,
base,switching_off,,77881.0,79681.0,16 17 18 19 20 21 22 23 104 105 106 107 108 109 110 111 112 113 114 115 116 117 118 119 120 121 122 123 124 125 126 127,-2.0,
base,switching_on,,78558.0,81258.0,100 101,-3.0,
base,sleeping,,78822.0,78824.0,103,-4.0,
base,sleeping,,78822.0,78949.0,102,-4.0,
base,switching_on,,78824.0,81524.0,103,-3.0,
base,switching_on,,78949.0,81649.0,99 102,-3.0,
base,active,76254.0,78954.0,79087.0,2 3,34654.0,False
base,active,76323.0,79023.0,79040.0,4,34655.0,False
base,active,,79040.0,79340.0,4,-1.0,
base,active,,79087.0,79387.0,2 3,-1.0,
base,active,76559.0,79259.0,79339.0,12 13,34658.0,False
base,switching_on,,79279.0,81979.0,97 98,-3.0,
base,active,,79339.0,79639.0,12 13,-1.0,
base,switching_off,,79340.0,81140.0,4,-2.0,
base,switching_off,,79387.0,81187.0,2 3,-2.0,
base,switching_on,,79476.0,82176.0,95 96,-3.0,
base,active,76892.0,79592.0,79661.0,10 11,34660.0,False
base,switching_off,,79639.0,81439.0,12 13,-2.0,
base,active,,79661.0,79961.0,10 11,-1.0,
base,sleeping,,79681.0,80027.0,126 127,-4.0,
base,sleeping,,79681.0,80531.0,124 125,-4.0,
base,sleeping,,79681.0,80827.0,122 123,-4.0,
base,sleeping,,79681.0,81836.0,121,-4.0,
base,sleeping,,79681.0,81884.0,120,-4.0,
base,sleeping,,79681.0,86702.0,16 17 18 19 20 21 22 23 104 105 106 107 108 109 110 111 112 113 114 115 116 117 118 119,-4.0,
base,active,77147.0,79847.0,79988.0,64 65,34661.0,False
base,switching_off,,79961.0,81761.0,10 11,-2.0,
base,active,,79988.0,80288.0,64 65,-1.0,
base,active,76546.0,80027.0,80248.0,32 33 34 35 36 37 38 39 40 41 42 43 44 45 46 47 48 49 50 51 52 53 54 55 56 57 58 59 60 61 62 63,34657.0,False
base,switching_on,,80027.0,82727.0,126 127,-3.0,
base,active,,80248.0,80548.0,32 33 34 35 36 37 38 39 40 41 42 43 44 45 46 47 48 49 50 51 52 53 54 55 56 57 58 59 60 61 62 63,-1.0,
base,switching_off,,80288.0,82088.0,64 65,-2.0,
base,switching_on,,80531.0,83231.0,124 125,-3.0,
base,switching_off,,80548.0,82348.0,32 33 34 35 36 37 38 39 40 41 42 43 44 45 46 47 48 49 50 51 52 53 54 55 56 57 58 59 60 61 62 63,-2.0,
base,switching_on,,80827.0,83527.0,122 123,-3.0,
base,sleeping,,81140.0,86702.0,4,-4.0,
base,sleeping,,81187.0,86702.0,2 3,-4.0,
base,active,78558.0,81258.0,81367.0,100 101,34663.0,False
base,active,,81367.0,81667.0,100 101,-1.0,
base,sleeping,,81439.0,86702.0,12 13,-4.0,
base,active,78824.0,81524.0,81537.0,103,34665.0,False
base,active,,81537.0,81837.0,103,-1.0,
base,active,78949.0,81649.0,81743.0,99 102,34666.0,False
base,switching_off,,81667.0,83467.0,100 101,-2.0,
base,active,,81743.0,81929.0,99 102,-1.0,
base,sleeping,,81761.0,86702.0,10 11,-4.0,
base,switching_on,,81836.0,84536.0,121,-3.0,
base,switching_off,,81837.0,83637.0,103,-2.0,
base,switching_on,,81884.0,84584.0,120,-3.0,
base,active,81929.0,81929.0,83927.0,99 102,34689.0,False
base,active,79279.0,81979.0,82156.0,97 98,34668.0,False
base,sleeping,,82088.0,86702.0,64 65,-4.0,
base,active,,82156.0,82326.0,97 98,-1.0,
base,active,79476.0,82176.0,82326.0,95 96,34669.0,False
base,active,81907.0,82326.0,84343.0,95 96 97 98,34688.0,False
base,sleeping,,82348.0,86702.0,32 33 34 35 36 37 38 39 40 41 42 43 44 45 46 47 48 49 50 51 52 53 54 55 56 57 58 59 60 61 62 63,-4.0,
base,active,80027.0,82727.0,83205.0,126 127,34675.0,False
base,active,,83205.0,83505.0,126 127,-1.0,
base,active,80531.0,83231.0,83389.0,124 125,34677.0,False
base,active,,83389.0,83689.0,124 125,-1.0,
base,sleeping,,83467.0,86702.0,100 101,-4.0,
base,switching_off,,83505.0,85305.0,126 127,-2.0,
base,active,80827.0,83527.0,83670.0,122 123,34679.0,False
base,sleeping,,83637.0,86702.0,103,-4.0,
base,active,,83670.0,83970.0,122 123,-1.0,
base,switching_off,,83689.0,85489.0,124 125,-2.0,
base,active,,83927.0,84227.0,99 102,-1.0,
base,switching_off,,83970.0,85770.0,122 123,-2.0,
base,switching_off,,84227.0,86027.0,99 102,-2.0,
base,active,,84343.0,84643.0,95 96 97 98,-1.0,
base,active,81836.0,84536.0,84571.0,121,34686.0,False
base,active,,84571.0,84871.0,121,-1.0,
base,active,81884.0,84584.0,84602.0,120,34687.0,False
base,active,,84602.0,84902.0,120,-1.0,
base,switching_off,,84643.0,86443.0,95 96 97 98,-2.0,
base,switching_off,,84871.0,86671.0,121,-2.0,
base,switching_off,,84902.0,86702.0,120,-2.0,
base,sleeping,,85305.0,86702.0,126 127,-4.0,
base,sleeping,,85489.0,86702.0,124 125,-4.0,
base,sleeping,,85770.0,86702.0,122 123,-4.0,
base,sleeping,,86027.0,86702.0,99 102,-4.0,
base,sleeping,,86443.0,86702.0,95 96 97 98,-4.0,
base,sleeping,,86671.0,86702.0,121,-4.0,
base,switching_on,,86702.0,89402.0,0 1 2 3 4 5 6 7 8 9 10 11 12 13 14 15 16 17 18 19 20 21 22 23 24 25 26 27 28 29 30 31 32 33 34 35 36 37 38 39 40 41 42 43 44 45 46 47 48 49 50 51 52 53 54 55 56 57 58 59 60 61 62 63 64 65 66 67 68 69 70 71 72 73 74 75 76 77 78 79 80 81 82 83 84 85 86 87 88 89 90 91 92 93 94 95 96 97 98 99 100 101 102 103 104 105 106 107 108 109 110 111 112 113 114 115 116 117 118 119 120 121 122 123 124 125 126 127,-3.0,
base,active,76444.0,89402.0,89499.0,0 1 2 3 4 5 6 7 8 9 10 11 12 13 14 15 16 17 18 19 20 21 22 23 24 25 26 27 28 29 30 31 32 33 34 35 36 37 38 39 40 41 42 43 44 45 46 47 48 49 50 51 52 53 54 55 56 57 58 59 60 61 62 63 64 65 66 67 68 69 70 71 72 73 74 75 76 77 78 79 80 81 82 83 84 85 86 87 88 89 90 91 92 93 94 95 96 97 98 99 100 101 102 103 104 105 106 107 108 109 110 111 112 113 114 115 116 117 118 119 120 121 122 123 124 125 126 127,34656.0,False
base,active,76771.0,89499.0,89593.0,0 1 2 3 4 5 6 7 8 9 10 11 12 13 14 15 16 17 18 19 20 21 22 23 24 25 26 27 28 29 30 31 32 33 34 35 36 37 38 39 40 41 42 43 44 45 46 47 48 49 50 51 52 53 54 55 56 57 58 59 60 61 62 63 64 65 66 67 68 69 70 71 72 73 74 75 76 77 78 79 80 81 82 83 84 85 86 87 88 89 90 91 92 93 94 95 96 97 98 99 100 101 102 103 104 105 106 107 108 109 110 111 112 113 114 115 116 117 118 119 120 121 122 123 124 125 126 127,34659.0,False
base,active,89123.0,89593.0,89676.0,2 3 4 5 6 7 8 9 10 11 12 13 14 15 16 17 18 19 20 21 22 23 24 25 26 27 28 29 30 31 32 33,34726.0,False
base,active,88999.0,89593.0,89687.0,0 1,34724.0,False
base,active,,89593.0,89893.0,66 67 68 69 70 71 72 73 74 75 76 77 78 79 80 81 82 83 84 85 86 87 88 89 90 91 92 93 94 95 96 97 98 99 100 101 102 103 104 105 106 107 108 109 110 111 112 113 114 115 116 117 118 119 120 121 122 123 124 125 126 127,-1.0,
base,active,89458.0,89593.0,90523.0,34 35 36 37 38 39 40 41 42 43 44 45 46 47 48 49 50 51 52 53 54 55 56 57 58 59 60 61 62 63 64 65,34727.0,False
base,active,,89676.0,89766.0,2 3 4 5 6 7 8 9 10 11 12 13 14 15 16 17 18 19 20 21 22 23 24 25 26 27 28 29 30 31,-1.0,
base,active,,89676.0,89976.0,32 33,-1.0,
base,active,,89687.0,89766.0,0 1,-1.0,
base,active,89766.0,89766.0,89972.0,0 1 2 3 4 5 6 7 8 9 10 11 12 13 14 15 16 17 18 19 20 21 22 23 24 25 26 27 28 29 30 31,34729.0,False
base,switching_off,,89893.0,91693.0,66 67 68 69 70 71 72 73 74 75 76 77 78 79 80 81 82 83 84 85 86 87 88 89 90 91 92 93 94 95 96 97 98 99 100 101 102 103 104 105 106 107 108 109 110 111 112 113 114 115 116 117 118 119 120 121 122 123 124 125 126 127,-2.0,
base,active,,89972.0,90272.0,0 1 2 3 4 5 6 7 8 9 10 11 12 13 14 15 16 17 18 19 20 21 22 23 24 25 26 27 28 29 30 31,-1.0,
base,switching_off,,89976.0,91776.0,32 33,-2.0,
base,switching_off,,90272.0,92072.0,0 1 2 3 4 5 6 7 8 9 10 11 12 13 14 15 16 17 18 19 20 21 22 23 24 25 26 27 28 29 30 31,-2.0,
base,active,,90523.0,90544.0,34 35 36 37 38 39 40 41 42 43 44 45 46 47 48 49 50 51 52 53 54 55 56 57 58 59 60 61 62 63 64 65,-1.0,
base,active,90544.0,90544.0,90702.0,34 35 36 37 38 39 40 41 42 43 44 45 46 47 48 49 50 51 52 53 54 55 56 57 58 59 60 61 62 63 64 65,34735.0,False
base,active,,90702.0,90780.0,34 35 36 37 38 39 40 41 42 43 44 45 46 47 48 49 50 51 52 53 54 55 56 57 58 59 60 61 62 63 64 65,-1.0,
base,active,90780.0,90780.0,90847.0,34 35 36 37 38 39 40 41 42 43 44 45 46 47 48 49 50 51 52 53 54 55 56 57 58 59 60 61 62 63 64 65,34737.0,False
base,active,,90847.0,91111.0,34 35,-1.0,
base,active,,90847.0,91147.0,36 37 38 39 40 41 42 43 44 45 46 47 48 49 50 51 52 53 54 55 56 57 58 59 60 61 62 63 64 65,-1.0,
base,active,91111.0,91111.0,91151.0,34 35,34739.0,False
base,switching_off,,91147.0,92947.0,36 37 38 39 40 41 42 43 44 45 46 47 48 49 50 51 52 53 54 55 56 57 58 59 60 61 62 63 64 65,-2.0,
base,active,,91151.0,91451.0,34 35,-1.0,
base,switching_off,,91451.0,93251.0,34 35,-2.0,
base,sleeping,,91693.0,91776.0,98 99 100 101 102 103 104 105 106 107 108 109 110 111 112 113 114 115 116 117 118 119 120 121 122 123 124 125 126 127,-4.0,
base,switching_on,,91693.0,94393.0,66 67 68 69 70 71 72 73 74 75 76 77 78 79 80 81 82 83 84 85 86 87 88 89 90 91 92 93 94 95 96 97,-3.0,
base,switching_on,,91776.0,94476.0,32 33 98 99 100 101 102 103 104 105 106 107 108 109 110 111 112 113 114 115 116 117 118 119 120 121 122 123 124 125 126 127,-3.0,
base,sleeping,,92072.0,92227.0,2 3,-4.0,
base,sleeping,,92072.0,92776.0,4 5 6 7,-4.0,
base,sleeping,,92072.0,92947.0,8 9 10 11 12 13 14 15 16 17 18 19 20 21 22 23 24 25 26 27 28 29 30 31,-4.0,
base,switching_on,,92072.0,94772.0,0 1,-3.0,
base,switching_on,,92227.0,94927.0,2 3,-3.0,
base,switching_on,,92776.0,95476.0,4 5 6 7,-3.0,
base,sleeping,,92947.0,93231.0,44 45,-4.0,
base,sleeping,,92947.0,93446.0,46 47,-4.0,
base,sleeping,,92947.0,93687.0,48 49 50 51,-4.0,
base,sleeping,,92947.0,93808.0,52 53 54 55,-4.0,
base,sleeping,,92947.0,93961.0,56 57 58 59,-4.0,
base,sleeping,,92947.0,94215.0,60 61 62 63,-4.0,
base,sleeping,,92947.0,94315.0,64,-4.0,
base,switching_on,,92947.0,95647.0,8 9 10 11 12 13 14 15 16 17 18 19 20 21 22 23 24 25 26 27 28 29 30 31 36 37 38 39 40 41 42 43,-3.0,
base,sleeping,,92947.0,96242.0,65,-4.0,
base,switching_on,,93231.0,95931.0,44 45,-3.0,
base,sleeping,,93251.0,93363.0,34 35,-4.0,
base,switching_on,,93363.0,96063.0,34 35,-3.0,
base,switching_on,,93446.0,96146.0,46 47,-3.0,
base,switching_on,,93687.0,96387.0,48 49 50 51,-3.0,
base,switching_on,,93808.0,96508.0,52 53 54 55,-3.0,
base,switching_on,,93961.0,96661.0,56 57 58 59,-3.0,
base,switching_on,,94215.0,96915.0,60 61 62 63,-3.0,
base,switching_on,,94315.0,97015.0,64,-3.0,
base,active,91393.0,94393.0,94557.0,66 67 68 69 70 71 72 73 74 75 76 77 78 79 80 81 82 83 84 85 86 87 88 89 90 91 92 93 94 95 96 97,34740.0,False
base,active,91682.0,94476.0,94657.0,32 33 98 99 100 101 102 103 104 105 106 107 108 109 110 111 112 113 114 115 116 117 118 119 120 121 122 123 124 125 126 127,34745.0,False
base,active,93491.0,94557.0,95143.0,66 67 68 69 70 71 72 73 74 75 76 77 78 79 80 81 82 83 84 85 86 87 88 89 90 91 92 93 94 95 96 97,34762.0,False
base,active,94315.0,94657.0,94677.0,32 33,34778.0,False
base,active,94343.0,94657.0,94692.0,98 99,34779.0,False
base,active,,94657.0,94957.0,100 101 102 103 104 105 106 107 108 109 110 111 112 113 114 115 116 117 118 119 120 121 122 123 124 125 126 127,-1.0,
base,active,,94677.0,94977.0,32 33,-1.0,
base,active,,94692.0,94992.0,98 99,-1.0,
base,active,91713.0,94772.0,94837.0,0 1,34747.0,False
base,active,,94837.0,95070.0,0,-1.0,
base,active,,94837.0,95137.0,1,-1.0,
base,active,92227.0,94927.0,95004.0,2 3,34749.0,False
base,switching_off,,94957.0,96757.0,100 101 102 103 104 105 106 107 108 109 110 111 112 113 114 115 116 117 118 119 120 121 122 123 124 125 126 127,-2.0,
base,switching_off,,94977.0,96777.0,32 33,-2.0,
base,switching_off,,94992.0,96792.0,98 99,-2.0,
base,active,,95004.0,95143.0,2 3,-1.0,
base,active,95070.0,95070.0,95074.0,0,34781.0,False
base,active,,95074.0,95143.0,0,-1.0,
base,switching_off,,95137.0,96937.0,1,-2.0,
base,active,95079.0,95143.0,95153.0,0 2 3 66 67 68 69 70 71 72 73 74 75 76 77 78,34782.0,False
base,active,,95143.0,95153.0,79 80 81 82 83 84 85 86 87 88 89 90 91 92 93 94,-1.0,
base,active,,95143.0,95443.0,95 96 97,-1.0,
base,active,95142.0,95153.0,95315.0,0 2 3 66 67 68 69 70 71 72 73 74 75 76 77 78 79 80 81 82 83 84 85 86 87 88 89 90 91 92 93 94,34784.0,False
base,active,,95315.0,95335.0,0 2,-1.0,
base,active,,95315.0,95570.0,3 66,-1.0,
base,active,,95315.0,95615.0,67 68 69 70 71 72 73 74 75 76 77 78 79 80 81 82 83 84 85 86 87 88 89 90 91 92 93 94,-1.0,
base,active,95335.0,95335.0,95366.0,0 2,34787.0,False
base,active,,95366.0,95427.0,0 2,-1.0,
base,active,95427.0,95427.0,95457.0,0 2,34788.0,False
base,switching_off,,95443.0,97243.0,95 96 97,-2.0,
base,active,,95457.0,95462.0,0 2,-1.0,
base,active,95462.0,95462.0,95494.0,0 2,34789.0,False
base,active,92776.0,95476.0,95579.0,6 7,34753.0,False
base,active,92446.0,95476.0,95600.0,4 5,34751.0,False
base,active,,95494.0,95509.0,0 2,-1.0,
base,active,95509.0,95509.0,95855.0,0 2,34790.0,False
base,active,95570.0,95570.0,95595.0,3 66,34791.0,False
base,active,,95579.0,95879.0,6 7,-1.0,
base,active,,95595.0,95601.0,3,-1.0,
base,active,,95595.0,95895.0,66,-1.0,
base,active,,95600.0,95601.0,4,-1.0,
base,active,,95600.0,95900.0,5,-1.0,
base,active,95601.0,95601.0,95633.0,3 4,34792.0,False
base,switching_off,,95615.0,97415.0,67 68 69 70 71 72 73 74 75 76 77 78 79 80 81 82 83 84 85 86 87 88 89 90 91 92 93 94,-2.0,
base,active,,95633.0,95933.0,3 4,-1.0,
base,active,92393.0,95647.0,95850.0,8 9 10 11 12 13 14 15 16 17 18 19 20 21 22 23 24 25 26 27 28 29 30 31 36 37 38 39 40 41 42 43,34750.0,False
base,active,,95850.0,96150.0,8 9 10 11 12 13 14 15 16 17 18 19 20 21 22 23 24 25 26 27 28 29 30 31 36 37 38 39 40 41 42 43,-1.0,
base,active,,95855.0,95936.0,0 2,-1.0,
base,switching_off,,95879.0,97679.0,6 7,-2.0,
base,switching_off,,95895.0,97695.0,66,-2.0,
base,switching_off,,95900.0,97700.0,5,-2.0,
base,active,93231.0,95931.0,95972.0,44 45,34758.0,False
base,switching_off,,95933.0,97733.0,3 4,-2.0,
base,active,95936.0,95936.0,95951.0,0 2,34794.0,False
base,active,,95951.0,95995.0,0 2,-1.0,
base,active,,95972.0,96242.0,44 45,-1.0,
base,active,95995.0,95995.0,96016.0,0 2,34795.0,False
base,active,,96016.0,96101.0,0,-1.0,
base,active,,96016.0,96316.0,2,-1.0,
base,active,93363.0,96063.0,96103.0,34 35,34760.0,False
base,active,96101.0,96101.0,96107.0,0,34796.0,False
base,active,,96103.0,96333.0,34 35,-1.0,
base,active,,96107.0,96407.0,0,-1.0,
base,active,93446.0,96146.0,96187.0,46 47,34761.0,False
base,switching_off,,96150.0,97950.0,8 9 10 11 12 13 14 15 16 17 18 19 20 21 22 23 24 25 26 27 28 29 30 31 36 37 38 39 40 41 42 43,-2.0,
base,active,,96187.0,96242.0,46 47,-1.0,
base,active,96242.0,96242.0,96245.0,44 45 46 47,34800.0,False
base,switching_on,,96242.0,98942.0,65,-3.0,
base,active,,96245.0,96333.0,44 45 46 47,-1.0,
base,switching_off,,96316.0,98116.0,2,-2.0,
base,active,96302.0,96333.0,96336.0,44 45 46 47,34801.0,False
base,active,96333.0,96333.0,96336.0,34 35,34802.0,False
base,active,,96336.0,96636.0,34 35 44 45 46 47,-1.0,
base,active,93687.0,96387.0,96418.0,50 51,34764.0,False
base,active,93630.0,96387.0,96436.0,48 49,34763.0,False
base,switching_off,,96407.0,98207.0,0,-2.0,
base,active,,96418.0,96718.0,50 51,-1.0,
base,active,,96436.0,96736.0,48 49,-1.0,
base,active,93768.0,96508.0,96533.0,52 53,34767.0,False
base,active,93808.0,96508.0,96542.0,54 55,34769.0,False
base,active,,96533.0,96833.0,52 53,-1.0,
base,active,,96542.0,96548.0,54 55,-1.0,
base,active,96451.0,96548.0,96551.0,54 55,34803.0,False
base,active,,96551.0,96610.0,54 55,-1.0,
base,active,96610.0,96610.0,96613.0,54 55,34810.0,False
base,active,,96613.0,96913.0,54 55,-1.0,
base,switching_off,,96636.0,98436.0,34 35 44 45 46 47,-2.0,
base,active,93848.0,96661.0,96690.0,56 57,34771.0,False
base,active,93961.0,96661.0,96697.0,58 59,34772.0,False
base,active,,96690.0,96990.0,56 57,-1.0,
base,active,,96697.0,96997.0,58 59,-1.0,
base,switching_off,,96718.0,98518.0,50 51,-2.0,
base,switching_off,,96736.0,98536.0,48 49,-2.0,
base,sleeping,,96757.0,96805.0,111 112 113 114 115 116 117 118 119 120 121 122 123 124 125 126 127,-4.0,
base,sleeping,,96757.0,97533.0,109 110,-4.0,
base,sleeping,,96757.0,97978.0,108,-4.0,
base,sleeping,,96757.0,98239.0,100 101 102 103 104 105 106 107,-4.0,
base,sleeping,,96777.0,98516.0,32 33,-4.0,
base,sleeping,,96792.0,98239.0,98 99,-4.0,
base,switching_on,,96805.0,99505.0,111 112 113 114 115 116 117 118 119 120 121 122 123 124 125 126 127,-3.0,
base,switching_off,,96833.0,98633.0,52 53,-2.0,
base,switching_off,,96913.0,98713.0,54 55,-2.0,
base,active,94049.0,96915.0,96973.0,60 61,34773.0,False
base,active,94215.0,96915.0,96999.0,62 63,34776.0,False
base,sleeping,,96937.0,99508.0,1,-4.0,
base,active,,96973.0,97273.0,60 61,-1.0,
base,switching_off,,96990.0,98790.0,56 57,-2.0,
base,switching_off,,96997.0,98797.0,58 59,-2.0,
base,active,,96999.0,97299.0,62 63,-1.0,
base,active,94288.0,97015.0,97017.0,64,34777.0,False
base,active,,97017.0,97317.0,64,-1.0,
base,sleeping,,97243.0,98239.0,95 96 97,-4.0,
base,switching_off,,97273.0,99073.0,60 61,-2.0,
base,switching_off,,97299.0,99099.0,62 63,-2.0,
base,switching_off,,97317.0,99117.0,64,-2.0,
base,sleeping,,97415.0,98239.0,76 77 78 79 80 81 82 83 84 85 86 87 88 89 90 91 92 93 94,-4.0,
base,sleeping,,97415.0,98516.0,67 68 69 70 71 72 73 74 75,-4.0,
base,switching_on,,97533.0,100233.0,109 110,-3.0,
base,sleeping,,97679.0,99508.0,6 7,-4.0,
base,sleeping,,97695.0,98516.0,66,-4.0,
base,sleeping,,97700.0,99508.0,5,-4.0,
base,sleeping,,97733.0,99508.0,3 4,-4.0,
base,sleeping,,97950.0,98516.0,26 27 28 29 30 31 36 37 38 39 40 41 42 43,-4.0,
base,sleeping,,97950.0,99256.0,11 12 13 14 15 16 17 18 19 20 21 22 23 24 25,-4.0,
base,sleeping,,97950.0,99324.0,10,-4.0,
base,sleeping,,97950.0,99508.0,8 9,-4.0,
base,switching_on,,97978.0,100678.0,108,-3.0,
base,sleeping,,98116.0,99508.0,2,-4.0,
base,sleeping,,98207.0,99508.0,0,-4.0,
base,switching_on,,98239.0,100939.0,76 77 78 79 80 81 82 83 84 85 86 87 88 89 90 91 92 93 94 95 96 97 98 99 100 101 102 103 104 105 106 107,-3.0,
base,sleeping,,98436.0,98516.0,34 35 44 45 46 47,-4.0,
base,switching_on,,98516.0,101216.0,26 27 28 29 30 31 32 33 34 35 36 37 38 39 40 41 42 43 44 45 46 47 66 67 68 69 70 71 72 73 74 75,-3.0,
base,sleeping,,98518.0,99256.0,50 51,-4.0,
base,sleeping,,98536.0,99256.0,48 49,-4.0,
base,sleeping,,98633.0,99256.0,52 53,-4.0,
base,sleeping,,98713.0,99256.0,54 55,-4.0,
base,sleeping,,98790.0,99256.0,56 57,-4.0,
base,sleeping,,98797.0,99256.0,58 59,-4.0,
base,active,96187.0,98942.0,98956.0,65,34799.0,False
base,active,,98956.0,99256.0,65,-1.0,
base,sleeping,,99073.0,99256.0,60 61,-4.0,
base,sleeping,,99099.0,99256.0,62 63,-4.0,
base,sleeping,,99117.0,99256.0,64,-4.0,
base,switching_off,,99256.0,101056.0,65,-2.0,
base,switching_on,,99256.0,101956.0,11 12 13 14 15 16 17 18 19 20 21 22 23 24 25 48 49 50 51 52 53 54 55 56 57 58 59 60 61 62 63 64,-3.0,
base,switching_on,,99324.0,102024.0,10,-3.0,
base,active,96548.0,99505.0,99508.0,112 113 114 115 116 117 118 119 120 121 122 123 124 125 126 127,34807.0,False
base,active,96805.0,99505.0,99508.0,111,34812.0,False
base,active,,99508.0,99717.0,121,-1.0,
base,active,,99508.0,99808.0,111 112 113 114 115 116 117 118 119 120,-1.0,
base,active,,99508.0,102208.0,122 123 124 125 126 127,-1.0,
base,switching_on,,99508.0,102208.0,0 1 2 3 4 5 6 7 8 9,-3.0,
base,active,99717.0,99717.0,99741.0,121,34830.0,False
base,active,,99741.0,100041.0,121,-1.0,
base,switching_off,,99808.0,101608.0,111 112 113 114 115 116 117 118 119 120,-2.0,
base,switching_off,,100041.0,101841.0,121,-2.0,
base,active,96865.0,100233.0,100236.0,110,34814.0,False
base,active,97533.0,100233.0,100237.0,109,34816.0,False
base,active,100102.0,100236.0,100250.0,110,34834.0,False
base,active,,100237.0,100537.0,109,-1.0,
base,active,,100250.0,100550.0,110,-1.0,
base,switching_off,,100537.0,102337.0,109,-2.0,
base,switching_off,,100550.0,102350.0,110,-2.0,
base,active,97978.0,100678.0,100683.0,108,34819.0,False
base,active,,100683.0,100983.0,108,-1.0,
base,active,98239.0,100939.0,101204.0,76 77 78 79 80 81 82 83 84 85 86 87 88 89 90 91 92 93 94 95 96 97 98 99 100 101 102 103 104 105 106 107,34821.0,False
base,switching_off,,100983.0,102783.0,108,-2.0,
base,sleeping,,101056.0,101204.0,65,-4.0,
base,active,,101204.0,101345.0,76,-1.0,
base,active,,101204.0,103904.0,77 78 79 80 81 82 83 84 85 86 87 88 89 90 91 92 93 94 95 96 97 98 99 100 101 102 103 104 105 106 107,-1.0,
base,switching_on,,101204.0,103904.0,65,-3.0,
base,active,98516.0,101216.0,101345.0,26 27 28 29 30 31 32 33 34 35 36 37 38 39 40 41 42 43 44 45 46 47 66 67 68 69 70 71 72 73 74 75,34823.0,False
base,active,,101345.0,101645.0,26,-1.0,
base,active,99744.0,101345.0,101702.0,27 28 29 30 31 32 33 34 35 36 37 38 39 40 41 42 43 44 45 46 47 66 67 68 69 70 71 72 73 74 75 76,34831.0,False
base,sleeping,,101608.0,101644.0,120,-4.0,
base,sleeping,,101608.0,101702.0,111 112 113 114 115 116 117 118 119,-4.0,
base,switching_on,,101644.0,104344.0,120,-3.0,
base,switching_off,,101645.0,103445.0,26,-2.0,
base,active,,101702.0,102002.0,27 28 29 30 31 32 33 34 35,-1.0,
base,active,,101702.0,104402.0,36 37 38 39 40 41 42 43 44 45 46 47 66 67 68 69 70 71 72 73 74 75 76,-1.0,
base,switching_on,,101702.0,104402.0,111 112 113 114 115 116 117 118 119,-3.0,
base,sleeping,,101841.0,102189.0,121,-4.0,
base,active,98992.0,101956.0,102267.0,11 12 13 14 15 16 17 18 19 20 21 22 23 24 25 48 49 50 51 52 53 54 55 56 57 58 59 60 61 62 63 64,34825.0,False
base,switching_off,,102002.0,103802.0,27 28 29 30 31 32 33 34 35,-2.0,
base,active,99324.0,102024.0,102047.0,10,34826.0,False
base,active,,102047.0,102192.0,10,-1.0,
base,switching_on,,102189.0,104889.0,121,-3.0,
base,active,102192.0,102192.0,102201.0,10,34850.0,False
base,active,,102201.0,102501.0,10,-1.0,
base,active,99464.0,102208.0,102215.0,0 1 2 3 4 5 6 7 8 9 122 123 124 125 126 127,34829.0,False
base,active,,102215.0,102267.0,122 123 124 125 126 127,-1.0,
base,active,,102215.0,102515.0,0 1 2 3 4 5 6 7 8 9,-1.0,
base,active,,102267.0,102567.0,11 12 13 14 15 16,-1.0,
base,active,101060.0,102267.0,102850.0,17 18 19 20 21 22 23 24 25 48 49 50 51 52 53 54 55 56 57 58 59 60 61 62 63 64 122 123 124 125 126 127,34838.0,False
base,sleeping,,102337.0,102850.0,109,-4.0,
base,sleeping,,102350.0,102678.0,110,-4.0,
base,switching_off,,102501.0,104301.0,10,-2.0,
base,switching_off,,102515.0,104315.0,0 1 2 3 4 5 6 7 8 9,-2.0,
base,switching_off,,102567.0,104367.0,11 12 13 14 15 16,-2.0,
base,switching_on,,102678.0,105378.0,110,-3.0,
base,sleeping,,102783.0,102850.0,108,-4.0,
base,active,,102850.0,102958.0,18,-1.0,
base,active,,102850.0,103150.0,17,-1.0,
base,active,,102850.0,105550.0,19 20 21 22 23 24 25 48 49 50 51 52 53 54 55 56 57 58 59 60 61 62 63 64 122 123 124 125 126 127,-1.0,
base,switching_on,,102850.0,105550.0,108 109,-3.0,
base,active,102958.0,102958.0,103208.0,18,34855.0,False
base,switching_off,,103150.0,104950.0,17,-2.0,
base,active,,103208.0,103229.0,18,-1.0,
base,active,103229.0,103229.0,103315.0,18,34857.0,False
base,active,,103315.0,103428.0,18,-1.0,
base,active,103428.0,103428.0,103554.0,18,34861.0,False
base,sleeping,,103445.0,104273.0,26,-4.0,
base,active,,103554.0,103854.0,18,-1.0,
base,sleeping,,103802.0,103956.0,35,-4.0,
base,sleeping,,103802.0,104273.0,27 28 29 30 31 32 33 34,-4.0,
base,switching_off,,103854.0,105654.0,18,-2.0,
base,active,99345.0,103904.0,104273.0,65 77 78 79 80 81 82 83 84 85 86 87 88 89 90 91 92 93 94 95 96 97 98 99 100 101 102 103 104 105 106 107,34827.0,False
base,switching_on,,103956.0,106656.0,35,-3.0,
base,active,,104273.0,104573.0,65 77 78 79 80 81 82 83 84,-1.0,
base,active,,104273.0,106973.0,85 86 87 88 89 90 91 92 93 94 95 96 97 98 99 100 101 102 103 104 105 106 107,-1.0,
base,switching_on,,104273.0,106973.0,26 27 28 29 30 31 32 33 34,-3.0,
base,sleeping,,104301.0,104948.0,10,-4.0,
base,sleeping,,104315.0,104948.0,0 1 2 3 4 5 6 7 8 9,-4.0,
base,active,101644.0,104344.0,104361.0,120,34844.0,False
base,active,,104361.0,104661.0,120,-1.0,
base,sleeping,,104367.0,104688.0,16,-4.0,
base,sleeping,,104367.0,104692.0,15,-4.0,
base,sleeping,,104367.0,104948.0,11 12 13 14,-4.0,
base,active,100461.0,104402.0,104948.0,36 37 38 39 40 41 42 43 44 45 46 47 66 67 68 69 70 71 72 73 74 75 76 111 112 113 114 115 116 117 118 119,34836.0,False
base,switching_off,,104573.0,106373.0,65 77 78 79 80 81 82 83 84,-2.0,
base,switching_off,,104661.0,106461.0,120,-2.0,
base,switching_on,,104688.0,107388.0,16,-3.0,
base,switching_on,,104692.0,107392.0,15,-3.0,
base,active,102189.0,104889.0,104913.0,121,34849.0,False
base,active,,104913.0,107648.0,121,-1.0,
base,active,,104948.0,105248.0,36 37 38 39 40 41 42 43 44 45 46 47 66 67 68 69,-1.0,
base,active,,104948.0,107648.0,70 71 72 73 74 75 76 111 112 113 114 115 116 117 118 119,-1.0,
base,switching_on,,104948.0,107648.0,0 1 2 3 4 5 6 7 8 9 10 11 12 13 14,-3.0,
base,sleeping,,104950.0,105062.0,17,-4.0,
base,switching_on,,105062.0,107762.0,17,-3.0,
base,switching_off,,105248.0,107048.0,36 37 38 39 40 41 42 43 44 45 46 47 66 67 68 69,-2.0,
base,active,102678.0,105378.0,105458.0,110,34853.0,False
base,active,,105458.0,105758.0,110,-1.0,
base,active,101690.0,105550.0,106045.0,19 20 21 22 23 24 25 48 49 50 51 52 53 54 55 56 57 58 59 60 61 62 63 64 108 109 122 123 124 125 126 127,34845.0,False
base,sleeping,,105654.0,105678.0,18,-4.0,
base,switching_on,,105678.0,108378.0,18,-3.0,
base,switching_off,,105758.0,107558.0,110,-2.0,
base,active,104250.0,106045.0,106481.0,19 20 21 22 23 24 25 48 49 50 51 52 53 54 55 56 57 58 59 60 61 62 63 64 108 109 122 123 124 125 126 127,34866.0,False
base,sleeping,,106373.0,106481.0,65 77 78 79 80 81 82 83,-4.0,
base,switching_on,,106373.0,109073.0,84,-3.0,
base,sleeping,,106461.0,106481.0,120,-4.0,
base,active,,106481.0,106499.0,49,-1.0,
base,active,,106481.0,106781.0,19 20 21 22 23 24 25 48,-1.0,
base,active,,106481.0,109181.0,50 51 52 53 54 55 56 57 58 59 60 61 62 63 64 108 109 122 123 124 125 126 127,-1.0,
base,switching_on,,106481.0,109181.0,65 77 78 79 80 81 82 83 120,-3.0,
base,active,106499.0,106499.0,106644.0,49,34887.0,False
base,active,,106644.0,106820.0,49,-1.0,
base,active,103956.0,106656.0,107329.0,35,34864.0,False
base,switching_off,,106781.0,108581.0,19 20 21 22 23 24 25 48,-2.0,
base,active,106820.0,106820.0,107015.0,49,34889.0,False
base,active,102047.0,106973.0,107254.0,26 27 28 29 30 31 32 33 34 85 86 87 88 89 90 91 92 93 94 95 96 97 98 99 100 101 102 103 104 105 106 107,34848.0,False
base,active,106987.0,107015.0,107037.0,49,34891.0,False
base,active,107013.0,107037.0,107042.0,49,34892.0,False
base,active,107024.0,107042.0,107049.0,49,34893.0,False
base,sleeping,,107048.0,107254.0,36 37 38 39 40 41 42 43 44 45 46 47 66 67 68 69,-4.0,
base,active,,107049.0,107349.0,49,-1.0,
base,active,,107254.0,107554.0,26 27 28 29 30 31 32 33 34 85 86 87 88 89 90 91,-1.0,
base,active,,107254.0,109954.0,92 93 94 95 96 97 98 99 100 101 102 103 104 105 106 107,-1.0,
base,switching_on,,107254.0,109954.0,36 37 38 39 40 41 42 43 44 45 46 47 66 67 68 69,-3.0,
base,active,,107329.0,107629.0,35,-1.0,
base,switching_off,,107349.0,109149.0,49,-2.0,
base,active,104688.0,107388.0,107407.0,16,34868.0,False
base,active,104692.0,107392.0,107399.0,15,34869.0,False
base,active,,107399.0,107699.0,15,-1.0,
base,active,,107407.0,107707.0,16,-1.0,
base,switching_off,,107554.0,109354.0,26 27 28 29 30 31 32 33 34 85 86 87 88 89 90 91,-2.0,
base,sleeping,,107558.0,107826.0,110,-4.0,
base,switching_off,,107629.0,109429.0,35,-2.0,
base,active,104033.0,107648.0,107826.0,0 1 2 3 4 5 6 7 8 9 10 11 12 13 14 70 71 72 73 74 75 76 111 112 113 114 115 116 117 118 119 121,34865.0,False
base,switching_off,,107699.0,109499.0,15,-2.0,
base,switching_off,,107707.0,109507.0,16,-2.0,
base,active,105062.0,107762.0,108149.0,17,34876.0,False
base,active,,107826.0,107979.0,0,-1.0,
base,active,,107826.0,110526.0,1 2 3 4 5 6 7 8 9 10 11 12 13 14 70 71 72 73 74 75 76 111 112 113 114 115 116 117 118 119 121,-1.0,
base,switching_on,,107826.0,110526.0,110,-3.0,
base,active,107979.0,107979.0,108218.0,0,34901.0,False
base,active,,108149.0,108449.0,17,-1.0,
base,active,,108218.0,108518.0,0,-1.0,
base,active,105678.0,108378.0,108551.0,18,34878.0,False
base,switching_off,,108449.0,110249.0,17,-2.0,
base,switching_off,,108518.0,110318.0,0,-2.0,
base,active,,108551.0,108580.0,18,-1.0,
base,active,108580.0,108580.0,108602.0,18,34904.0,False
base,sleeping,,108581.0,108588.0,48,-4.0,
base,sleeping,,108581.0,108597.0,25,-4.0,
base,sleeping,,108581.0,108628.0,24,-4.0,
base,sleeping,,108581.0,110125.0,19 20 21 22 23,-4.0,
base,switching_on,,108588.0,111288.0,48,-3.0,
base,switching_on,,108597.0,111297.0,25,-3.0,
base,active,,108602.0,108902.0,18,-1.0,
base,switching_on,,108628.0,111328.0,24,-3.0,
base,switching_off,,108902.0,110702.0,18,-2.0,
base,active,106054.0,109073.0,109216.0,84,34881.0,False
base,sleeping,,109149.0,110125.0,49,-4.0,
base,active,104794.0,109181.0,110148.0,50 51 52 53 54 55 56 57 58 59 60 61 62 63 64 65 77 78 79 80 81 82 83 108 109 120 122 123 124 125 126 127,34871.0,False
base,active,,109216.0,109516.0,84,-1.0,
base,sleeping,,109354.0,109566.0,91,-4.0,
base,sleeping,,109354.0,110125.0,26 27 28 29 30 31 32 33 34 85 86 87 88 89 90,-4.0,
base,sleeping,,109429.0,110125.0,35,-4.0,
base,sleeping,,109499.0,110125.0,15,-4.0,
base,sleeping,,109507.0,110125.0,16,-4.0,
base,switching_off,,109516.0,111316.0,84,-2.0,
base,switching_on,,109566.0,112266.0,91,-3.0,
base,active,105812.0,109954.0,110125.0,36 37 38 39 40 41 42 43 44 45 46 47 66 67 68 69 92 93 94 95 96 97 98 99 100 101 102 103 104 105 106 107,34879.0,False
base,active,,110125.0,110148.0,66 67 68 69 92 93 94 95 96 97 98 99,-1.0,
base,active,,110125.0,110425.0,36 37 38 39 40 41 42 43 44 45 46 47,-1.0,
base,active,,110125.0,112825.0,100 101 102 103 104 105 106 107,-1.0,
base,switching_on,,110125.0,112825.0,15 16 19 20 21 22 23 26 27 28 29 30 31 32 33 34 35 49 85 86 87 88 89 90,-3.0,
base,active,,110148.0,110448.0,50 51 52 53 54 55 56 57 58 59 60 61,-1.0,
base,active,108061.0,110148.0,110665.0,62 63 64 65 66 67 68 69 77 78 79 80 81 82 83 92 93 94 95 96 97 98 99 108 109 120 122 123 124 125 126 127,34902.0,False
base,sleeping,,110249.0,110665.0,17,-4.0,
base,sleeping,,110318.0,110665.0,0,-4.0,
base,switching_off,,110425.0,112225.0,36 37 38 39 40 41 42 43 44 45 46 47,-2.0,
base,switching_off,,110448.0,112248.0,50 51 52 53 54 55 56 57 58 59 60 61,-2.0,
base,active,106310.0,110526.0,111198.0,1 2 3 4 5 6 7 8 9 10 11 12 13 14 70 71 72 73 74 75 76 110 111 112 113 114 115 116 117 118 119 121,34883.0,False
base,active,,110665.0,110965.0,62 63,-1.0,
base,active,,110665.0,113365.0,64 65 66 67 68 69 77 78 79 80 81 82 83 92 93 94 95 96 97 98 99 108 109 120 122 123 124 125 126 127,-1.0,
base,switching_on,,110665.0,113365.0,0 17,-3.0,
base,sleeping,,110702.0,111224.0,18,-4.0,
base,switching_off,,110965.0,112765.0,62 63,-2.0,
base,active,,111198.0,111498.0,1 2 3 4 5 6 7 8 9 10 11 12 13 14 70 71 72 73 74 75 76 110 111 112 113 114 115 116 117 118 119 121,-1.0,
base,switching_on,,111224.0,113924.0,18,-3.0,
base,active,108588.0,111288.0,111294.0,48,34905.0,False
base,active,,111294.0,111594.0,48,-1.0,
base,active,108597.0,111297.0,111306.0,25,34906.0,False
base,active,,111306.0,111606.0,25,-1.0,
base,sleeping,,111316.0,111550.0,84,-4.0,
base,active,108628.0,111328.0,111589.0,24,34907.0,False
base,switching_off,,111498.0,113298.0,1 2 3 4 5 6 7 8 9 10 11 12 13 14 70 71 72 73 74 75 76 110 111 112 113 114 115 116 117 118 119 121,-2.0,
base,switching_on,,111550.0,114250.0,84,-3.0,
base,active,,111589.0,111889.0,24,-1.0,
base,switching_off,,111594.0,113394.0,48,-2.0,
base,switching_off,,111606.0,113406.0,25,-2.0,
base,switching_off,,111889.0,113689.0,24,-2.0,
base,sleeping,,112225.0,113036.0,36 37 38 39 40 41 42 43 44 45 46 47,-4.0,
base,sleeping,,112248.0,112418.0,61,-4.0,
base,sleeping,,112248.0,113036.0,50 51 52 53 54 55 56 57 58 59 60,-4.0,
base,active,109566.0,112266.0,112368.0,91,34917.0,False
base,active,,112368.0,112668.0,91,-1.0,
base,switching_on,,112418.0,115118.0,61,-3.0,
base,switching_off,,112668.0,114468.0,91,-2.0,
base,sleeping,,112765.0,112766.0,62 63,-4.0,
base,switching_on,,112766.0,115466.0,62 63,-3.0,
base,active,107503.0,112825.0,113023.0,15 16 19 20 21 22 23 26 27 28 29 30 31 32 33 34 35 49 85 86 87 88 89 90 100 101 102 103 104 105 106 107,34895.0,False
base,active,,113023.0,113323.0,15 16 19 20 21 22 23 26 27 28 29 30 31 32 33 34 35 49 85 86 87 88 89,-1.0,
base,active,,113023.0,115736.0,90 100 101 102 103 104 105 106 107,-1.0,
base,switching_on,,113036.0,115736.0,36 37 38 39 40 41 42 43 44 45 46 47 50 51 52 53 54 55 56 57 58 59 60,-3.0,
base,sleeping,,113298.0,113447.0,3 4 5 6 7 8 9 10 11 12 13 14 70 71 72 73 74 75 76 110 111 112 113 114 115 116 117 118 119 121,-4.0,
base,sleeping,,113298.0,115953.0,1 2,-4.0,
base,switching_off,,113323.0,115123.0,15 16 19 20 21 22 23 26 27 28 29 30 31 32 33 34 35 49 85 86 87 88 89,-2.0,
base,active,108870.0,113365.0,113597.0,0 17 64 65 66 67 68 69 77 78 79 80 81 82 83 92 93 94 95 96 97 98 99 108 109 120 122 123 124 125 126 127,34909.0,False
base,sleeping,,113394.0,113447.0,48,-4.0,
base,sleeping,,113406.0,113447.0,25,-4.0,
base,switching_on,,113447.0,116147.0,3 4 5 6 7 8 9 10 11 12 13 14 25 48 70 71 72 73 74 75 76 110 111 112 113 114 115 116 117 118 119 121,-3.0,
base,active,,113597.0,113897.0,0 17 64 65 66 67 68 69 77 78 79 80 81 82 83 92 93 94 95 96 97 98 99 108 109 120 122 123 124 125 126 127,-1.0,
base,sleeping,,113689.0,115953.0,24,-4.0,
base,switching_off,,113897.0,115697.0,0 17 64 65 66 67 68 69 77 78 79 80 81 82 83 92 93 94 95 96 97 98 99 108 109 120 122 123 124 125 126 127,-2.0,
base,active,111224.0,113924.0,113942.0,18,34927.0,False
base,active,,113942.0,114242.0,18,-1.0,
base,switching_off,,114242.0,116042.0,18,-2.0,
base,active,111550.0,114250.0,114387.0,84,34930.0,False
base,active,,114387.0,114687.0,84,-1.0,
base,sleeping,,114468.0,115953.0,91,-4.0,
base,switching_off,,114687.0,116487.0,84,-2.0,
base,active,112418.0,115118.0,115178.0,61,34936.0,False
base,sleeping,,115123.0,115953.0,15 16 19 20 21 22 23 26 27 28 29 30 31 32 33 34 35 49 85 86 87 88 89,-4.0,
base,active,,115178.0,115478.0,61,-1.0,
base,active,112766.0,115466.0,115559.0,62 63,34938.0,False
base,switching_off,,115478.0,117278.0,61,-2.0,
base,active,,115559.0,115859.0,62 63,-1.0,
base,sleeping,,115697.0,115953.0,0 17 64 65 66 67 68 69 77 78 79 80 81 82 83 92 93 94 95 96 97 98 99 108 109 120 122 123 124 125 126 127,-4.0,
base,active,113036.0,115736.0,115953.0,36 37 38 39 40 41 42 43 44 45 46 47 50 51 52 53 54 55 56 57 58 59 60 90 100 101 102 103 104 105 106 107,34940.0,False
base,switching_off,,115859.0,117659.0,62 63,-2.0,
base,active,,115953.0,116253.0,36 37 38 39 40 41 42 43 44 45 46 47 50 51 52 53 54 55 56 57 58 59 60 90 100 101 102,-1.0,
base,active,,115953.0,118653.0,103 104 105 106 107,-1.0,
base,switching_on,,115953.0,118653.0,0 1 2 15 16 17 19 20 21 22 23 24 26 27 28 29 30 31 32 33 34 35 49 64 65 66 67 68 69 77 78 79 80 81 82 83 85 86 87 88 89 91 92 93 94 95 96 97 98 99 108 109 120 122 123 124 125 126 127,-3.0,
base,sleeping,,116042.0,120742.0,18,-4.0,
base,active,113447.0,116147.0,116555.0,3 4 5 6 7 8 9 10 11 12 13 14 25 48 70 71 72 73 74 75 76 110 111 112 113 114 115 116 117 118 119 121,34942.0,False
base,switching_off,,116253.0,118053.0,36 37 38 39 40 41 42 43 44 45 46 47 50 51 52 53 54 55 56 57 58 59 60 90 100 101 102,-2.0,
base,sleeping,,116487.0,117269.0,84,-4.0,
base,active,,116555.0,116855.0,3 4 5 6 7 8 9 10 11 12 13 14 25 48 70 71 72 73 74 75 76 110 111 112 113 114 115 116 117 118 119 121,-1.0,
base,switching_off,,116855.0,118655.0,3 4 5 6 7 8 9 10 11 12 13 14 25 48 70 71 72 73 74 75 76 110 111 112 113 114 115 116 117 118 119 121,-2.0,
base,switching_on,,117269.0,119969.0,84,-3.0,
base,sleeping,,117278.0,120569.0,61,-4.0,
base,sleeping,,117659.0,117663.0,63,-4.0,
base,sleeping,,117659.0,120569.0,62,-4.0,
base,switching_on,,117663.0,120363.0,63,-3.0,
base,sleeping,,118053.0,118066.0,102,-4.0,
base,sleeping,,118053.0,120569.0,52 53 54 55 56 57 58 59 60 90 100 101,-4.0,
base,sleeping,,118053.0,120742.0,36 37 38 39 40 41 42 43 44 45 46 47 50 51,-4.0,
base,switching_on,,118066.0,120766.0,102,-3.0,
base,active,108716.0,118653.0,119108.0,0 1 2 15 16 17 19 20 21 22 23 24 26 27 28 29 30 31 32 33 34 35 49 64 65 66 67 68 69 77 78 79 80 81 82 83 85 86 87 88 89 91 92 93 94 95 96 97 98 99 103 104 105 106 107 108 109 120 122 123 124 125 126 127,34908.0,False
base,sleeping,,118655.0,120569.0,70 71 72 73 74 75 76 110 111 112 113 114 115 116 117 118 119 121,-4.0,
base,sleeping,,118655.0,120742.0,3 4 5 6 7 8 9 10 11 12 13 14 25 48,-4.0,
base,active,109337.0,119108.0,119391.0,0 1 2 15 16 17 19 20 21 22 23 24 26 27 28 29 30 31 32 33 34 35 49 64 65 66 67 68 69 77 78 79 80 81 82 83 85 86 87 88 89 91 92 93 94 95 96 97 98 99 103 104 105 106 107 108 109 120 122 123 124 125 126 127,34913.0,False
base,active,109815.0,119391.0,119851.0,0 1 2 15 16 17 19 20 21 22 23 24 26 27 28 29 30 31 32 33 34 35 49 64 65 66 67 68 69 77 78 79 80 81 82 83 85 86 87 88 89 91 92 93 94 95 96 97 98 99 103 104 105 106 107 108 109 120 122 123 124 125 126 127,34918.0,False
base,active,110725.0,119851.0,120269.0,0 1 2 15 16 17 19 20 21 22 23 24 26 27 28 29 30 31 32 33 34 35 49 64 65 66 67 68 69 77 78 79 80 81 82 83 85 86 87 88 89 91 92 93 94 95 96 97 98 99 103 104 105 106 107 108 109 120 122 123 124 125 126 127,34921.0,False
base,active,117269.0,119969.0,119977.0,84,34961.0,False
base,active,,119977.0,120269.0,84,-1.0,
base,active,111235.0,120269.0,120470.0,1 2 15 16 17 19 20 21 22 23 24 26 27 28 29 30 31 32 33 34 35 49 64 65 66 67 68 69 77 78 79 80 81 82 83 84 85 86 87 88 89 91 92 93 94 95 96 97 98 99 103 104 105 106 107 108 109 120 122 123 124 125 126 127,34928.0,False
base,active,,120269.0,120569.0,0,-1.0,
base,active,117663.0,120363.0,120382.0,63,34966.0,False
base,active,,120382.0,120470.0,63,-1.0,
base,active,116555.0,120470.0,120742.0,2 15 16 17 19 20 21 22 23 24 26 27 28 29 30 31 32 33 34 35 49 63 64 65 66 67 68 69 77 78 79 80 81 82 83 84 85 86 87 88 89 91 92 93 94 95 96 97 98 99 103 104 105 106 107 108 109 120 122 123 124 125 126 127,34957.0,False
base,active,,120470.0,120770.0,1,-1.0,
base,switching_off,,120569.0,122369.0,0,-2.0,
base,switching_on,,120569.0,123269.0,52 53 54 55 56 57 58 59 60 61 62 70 71 72 73 74 75 76 90 100 101 110 111 112 113 114 115 116 117 118 119 121,-3.0,
base,active,,120742.0,121042.0,2 15 16 17 19 20 21 22 23 24 26 27 28 29 30 31 32 33 34 35 49 63 64 65 66 67 68 69 77,-1.0,
base,active,,120742.0,123442.0,78 79 80 81 82 83 84 85 86 87 88 89 91 92 93 94 95 96 97 98 99 103 104 105 106 107 108 109 120 122 123 124 125 126 127,-1.0,
base,switching_on,,120742.0,123442.0,3 4 5 6 7 8 9 10 11 12 13 14 18 25 36 37 38 39 40 41 42 43 44 45 46 47 48 50 51,-3.0,
base,active,118066.0,120766.0,120782.0,102,34970.0,False
base,switching_off,,120770.0,122570.0,1,-2.0,
base,active,,120782.0,121082.0,102,-1.0,
base,switching_off,,121042.0,122842.0,2 15 16 17 19 20 21 22 23 24 26 27 28 29 30 31 32 33 34 35 49 63 64 65 66 67 68 69 77,-2.0,
base,switching_off,,121082.0,122882.0,102,-2.0,
base,sleeping,,122369.0,126326.0,0,-4.0,
base,sleeping,,122570.0,126326.0,1,-4.0,
base,sleeping,,122842.0,126326.0,2 15 16 17 19 20 21 22 23 24 26 27 28 29 30 31 32 33 34 35 49 63 64 65 66 67 68 69 77,-4.0,
base,sleeping,,122882.0,126326.0,102,-4.0,
base,active,117474.0,123269.0,123358.0,52 53 54 55 56 57 58 59 60 61 62 70 71 72 73 74 75 76 90 100 101 110 111 112 113 114 115 116 117 118 119 121,34962.0,False
base,active,117950.0,123358.0,123362.0,52 53 54 55 56 57 58 59 60 61 62 70 71 72 73 74 75 76 90 100 101 110 111 112 113 114 115 116 117 118 119 121,34969.0,False
base,active,118127.0,123362.0,123876.0,52 53 54 55 56 57 58 59 60 61 62 70 71 72 73 74 75 76 90 100 101 110 111 112 113 114 115 116 117 118 119 121,34971.0,False
base,active,116876.0,123442.0,123833.0,3 4 5 6 7 8 9 10 11 12 13 14 18 25 36 37 38 39 40 41 42 43 44 45 46 47 48 50 51 78 79 80 81 82 83 84 85 86 87 88 89 91 92 93 94 95 96 97 98 99 103 104 105 106 107 108 109 120 122 123 124 125 126 127,34959.0,False
base,active,,123833.0,124133.0,3 4 5 6 7 8 9 10 11 12 13 14 18 25 36 37 38 39 40 41 42 43 44 45 46 47 48 50 51 78 79 80,-1.0,
base,active,119151.0,123833.0,124226.0,81 82 83 84 85 86 87 88 89 91 92 93 94 95 96 97 98 99 103 104 105 106 107 108 109 120 122 123 124 125 126 127,34979.0,False
base,active,,123876.0,124176.0,52 53 54 55 56 57 58 59 60 61 62 70 71 72 73 74 75 76 90 100 101 110 111 112 113 114 115 116 117 118 119 121,-1.0,
base,switching_off,,124133.0,125933.0,3 4 5 6 7 8 9 10 11 12 13 14 18 25 36 37 38 39 40 41 42 43 44 45 46 47 48 50 51 78 79 80,-2.0,
base,switching_off,,124176.0,125976.0,52 53 54 55 56 57 58 59 60 61 62 70 71 72 73 74 75 76 90 100 101 110 111 112 113 114 115 116 117 118 119 121,-2.0,
base,active,,124226.0,124526.0,81 82 83 84 85 86 87 88 89 91 92 93 94 95 96 97 98 99 103 104 105 106 107 108 109 120 122 123 124 125 126 127,-1.0,
base,switching_off,,124526.0,126326.0,81 82 83 84 85 86 87 88 89 91 92 93 94 95 96 97 98 99 103 104 105 106 107 108 109 120 122 123 124 125 126 127,-2.0,
base,sleeping,,125933.0,126326.0,3 4 5 6 7 8 9 10 11 12 13 14 18 25 36 37 38 39 40 41 42 43 44 45 46 47 48 50 51 78 79 80,-4.0,
base,sleeping,,125976.0,126326.0,52 53 54 55 56 57 58 59 60 61 62 70 71 72 73 74 75 76 90 100 101 110 111 112 113 114 115 116 117 118 119 121,-4.0,
base,switching_on,,126326.0,129026.0,0 1 2 3 4 5 6 7 8 9 10 11 12 13 14 15 16 17 18 19 20 21 22 23 24 25 26 27 28 29 30 31 32 33 34 35 36 37 38 39 40 41 42 43 44 45 46 47 48 49 50 51 52 53 54 55 56 57 58 59 60 61 62 63 64 65 66 67 68 69 70 71 72 73 74 75 76 77 78 79 80 81 82 83 84 85 86 87 88 89 90 91 92 93 94 95 96 97 98 99 100 101 102 103 104 105 106 107 108 109 110 111 112 113 114 115 116 117 118 119 120 121 122 123 124 125 126 127,-3.0,
base,active,96116.0,129026.0,129031.0,0 1 2 3 4 5 6 7 8 9 10 11 12 13 14 15 16 17 18 19 20 21 22 23 24 25 26 27 28 29 30 31 32 33 34 35 36 37 38 39 40 41 42 43 44 45 46 47 48 49 50 51 52 53 54 55 56 57 58 59 60 61 62 63 64 65 66 67 68 69 70 71 72 73 74 75 76 77 78 79 80 81 82 83 84 85 86 87 88 89 90 91 92 93 94 95 96 97 98 99 100 101 102 103 104 105 106 107 108 109 110 111 112 113 114 115 116 117 118 119 120 121 122 123 124 125 126 127,34797.0,False
base,active,97626.0,129031.0,129355.0,0 1 2 3 4 5 6 7 8 9 10 11 12 13 14 15 16 17 18 19 20 21 22 23 24 25 26 27 28 29 30 31 32 33 34 35 36 37 38 39 40 41 42 43 44 45 46 47 48 49 50 51 52 53 54 55 56 57 58 59 60 61 62 63 64 65 66 67 68 69 70 71 72 73 74 75 76 77 78 79 80 81 82 83 84 85 86 87 88 89 90 91 92 93 94 95 96 97 98 99 100 101 102 103 104 105 106 107 108 109 110 111 112 113 114 115 116 117 118 119 120 121 122 123 124 125 126 127,34818.0,False
base,active,98012.0,129355.0,129549.0,0 1 2 3 4 5 6 7 8 9 10 11 12 13 14 15 16 17 18 19 20 21 22 23 24 25 26 27 28 29 30 31 32 33 34 35 36 37 38 39 40 41 42 43 44 45 46 47 48 49 50 51 52 53 54 55 56 57 58 59 60 61 62 63 64 65 66 67 68 69 70 71 72 73 74 75 76 77 78 79 80 81 82 83 84 85 86 87 88 89 90 91 92 93 94 95 96 97 98 99 100 101 102 103 104 105 106 107 108 109 110 111 112 113 114 115 116 117 118 119 120 121 122 123 124 125 126 127,34820.0,False
base,active,98749.0,129549.0,129787.0,0 1 2 3 4 5 6 7 8 9 10 11 12 13 14 15 16 17 18 19 20 21 22 23 24 25 26 27 28 29 30 31 32 33 34 35 36 37 38 39 40 41 42 43 44 45 46 47 48 49 50 51 52 53 54 55 56 57 58 59 60 61 62 63 64 65 66 67 68 69 70 71 72 73 74 75 76 77 78 79 80 81 82 83 84 85 86 87 88 89 90 91 92 93 94 95 96 97 98 99 100 101 102 103 104 105 106 107 108 109 110 111 112 113 114 115 116 117 118 119 120 121 122 123 124 125 126 127,34824.0,False
base,active,100231.0,129787.0,129954.0,0 1 2 3 4 5 6 7 8 9 10 11 12 13 14 15 16 17 18 19 20 21 22 23 24 25 26 27 28 29 30 31 32 33 34 35 36 37 38 39 40 41 42 43 44 45 46 47 48 49 50 51 52 53 54 55 56 57 58 59 60 61 62 63 64 65 66 67 68 69 70 71 72 73 74 75 76 77 78 79 80 81 82 83 84 85 86 87 88 89 90 91 92 93 94 95 96 97 98 99 100 101 102 103 104 105 106 107 108 109 110 111 112 113 114 115 116 117 118 119 120 121 122 123 124 125 126 127,34835.0,False
base,active,115330.0,129954.0,130010.0,0 1 2 3 4 5 6 7 8 9 10 11 12 13 14 15 16 17 18 19 20 21 22 23 24 25 26 27 28 29 30 31 32 33 34 35 36 37 38 39 40 41 42 43 44 45 46 47 48 49 50 51 52 53 54 55 56 57 58 59 60 61 62 63 64 65 66 67 68 69 70 71 72 73 74 75 76 77 78 79 80 81 82 83 84 85 86 87 88 89 90 91 92 93 94 95 96 97 98 99 100 101 102 103 104 105 106 107 108 109 110 111 112 113 114 115 116 117 118 119 120 121 122 123 124 125 126 127,34954.0,False
base,active,115454.0,130010.0,130777.0,0 1 2 3 4 5 6 7 8 9 10 11 12 13 14 15 16 17 18 19 20 21 22 23 24 25 26 27 28 29 30 31 32 33 34 35 36 37 38 39 40 41 42 43 44 45 46 47 48 49 50 51 52 53 54 55 56 57 58 59 60 61 62 63 64 65 66 67 68 69 70 71 72 73 74 75 76 77 78 79 80 81 82 83 84 85 86 87 88 89 90 91 92 93 94 95 96 97 98 99 100 101 102 103 104 105 106 107 108 109 110 111 112 113 114 115 116 117 118 119 120 121 122 123 124 125 126 127,34955.0,False
base,active,126975.0,130777.0,130827.0,64,35017.0,False
base,active,127058.0,130777.0,131051.0,65 66 67 68 69 70 71 72,35018.0,False
base,active,,130777.0,131077.0,73 74 75 76 77 78 79 80 81 82 83 84 85 86 87 88 89 90 91 92 93 94 95 96 97 98 99 100 101 102 103 104 105 106 107 108 109 110 111 112 113 114 115 116 117 118 119 120 121 122 123 124 125 126 127,-1.0,
base,active,118130.0,130777.0,139973.0,0 1 2 3 4 5 6 7 8 9 10 11 12 13 14 15 16 17 18 19 20 21 22 23 24 25 26 27 28 29 30 31 32 33 34 35 36 37 38 39 40 41 42 43 44 45 46 47 48 49 50 51 52 53 54 55 56 57 58 59 60 61 62 63,34972.0,False
base,active,,130827.0,131127.0,64,-1.0,
base,active,,131051.0,131351.0,65 66 67 68 69 70 71 72,-1.0,
base,switching_off,,131077.0,132877.0,73 74 75 76 77 78 79 80 81 82 83 84 85 86 87 88 89 90 91 92 93 94 95 96 97 98 99 100 101 102 103 104 105 106 107 108 109 110 111 112 113 114 115 116 117 118 119 120 121 122 123 124 125 126 127,-2.0,
base,switching_off,,131127.0,132927.0,64,-2.0,
base,switching_off,,131351.0,133151.0,65 66 67 68 69 70 71 72,-2.0,
base,sleeping,,132877.0,139973.0,73 74 75 76 77 78 79 80 81 82 83 84 85 86 87 88 89 90 91 92 93 94 95 96 97 98 99 100 101 102 103 104 105 106 107 108 109 110 111 112 113 114 115 116 117 118 119 120 121 122 123 124 125 126 127,-4.0,
base,sleeping,,132927.0,139973.0,64,-4.0,
base,sleeping,,133151.0,139973.0,65 66 67 68 69 70 71 72,-4.0,
base,active,,139973.0,142673.0,0 1 2 3 4 5 6 7 8 9 10 11 12 13 14 15 16 17 18 19 20 21 22 23 24 25 26 27 28 29 30 31 32 33 34 35 36 37 38 39 40 41 42 43 44 45 46 47 48 49 50 51 52 53 54 55 56 57 58 59 60 61 62 63,-1.0,
base,switching_on,,139973.0,142673.0,64 65 66 67 68 69 70 71 72 73 74 75 76 77 78 79 80 81 82 83 84 85 86 87 88 89 90 91 92 93 94 95 96 97 98 99 100 101 102 103 104 105 106 107 108 109 110 111 112 113 114 115 116 117 118 119 120 121 122 123 124 125 126 127,-3.0,
base,active,127339.0,142673.0,153603.0,0 1 2 3 4 5 6 7 8 9 10 11 12 13 14 15 16 17 18 19 20 21 22 23 24 25 26 27 28 29 30 31 32 33 34 35 36 37 38 39 40 41 42 43 44 45 46 47 48 49 50 51 52 53 54 55 56 57 58 59 60 61 62 63 64 65 66 67 68 69 70 71 72 73 74 75 76 77 78 79 80 81 82 83 84 85 86 87 88 89 90 91 92 93 94 95 96 97 98 99 100 101 102 103 104 105 106 107 108 109 110 111 112 113 114 115 116 117 118 119 120 121 122 123 124 125 126 127,35019.0,False
base,active,151501.0,153603.0,153670.0,80 81 82 83 84 85 86 87 88 89 90 91 92 93 94 95,35069.0,False
base,active,150853.0,153603.0,153789.0,64 65 66 67 68 69 70 71 72 73 74 75 76 77 78 79,35068.0,False
base,active,152781.0,153603.0,153800.0,96 97 98 99 100 101 102 103 104 105 106 107 108 109 110 111,35070.0,False
base,active,153105.0,153603.0,153825.0,112 113 114 115 116 117 118 119 120 121 122 123 124 125 126 127,35071.0,False
base,active,138273.0,153603.0,164527.0,0 1 2 3 4 5 6 7 8 9 10 11 12 13 14 15 16 17 18 19 20 21 22 23 24 25 26 27 28 29 30 31 32 33 34 35 36 37 38 39 40 41 42 43 44 45 46 47 48 49 50 51 52 53 54 55 56 57 58 59 60 61 62 63,35020.0,False
base,active,153425.0,153670.0,153795.0,80 81 82 83 84 85 86 87 88 89 90 91 92 93 94 95,35072.0,False
base,active,,153789.0,154089.0,64 65 66 67 68 69 70 71 72 73 74 75 76 77 78 79,-1.0,
base,active,,153795.0,154095.0,80 81 82 83 84 85 86 87 88 89 90 91 92 93 94 95,-1.0,
base,active,,153800.0,154100.0,96 97 98 99 100 101 102 103 104 105 106 107 108 109 110 111,-1.0,
base,active,,153825.0,154125.0,112 113 114 115 116 117 118 119 120 121 122 123 124 125 126 127,-1.0,
base,switching_off,,154089.0,155889.0,64 65 66 67 68 69 70 71 72 73 74 75 76 77 78 79,-2.0,
base,switching_off,,154095.0,155895.0,80 81 82 83 84 85 86 87 88 89 90 91 92 93 94 95,-2.0,
base,switching_off,,154100.0,155900.0,96 97 98 99 100 101 102 103 104 105 106 107 108 109 110 111,-2.0,
base,switching_off,,154125.0,155925.0,112 113 114 115 116 117 118 119 120 121 122 123 124 125 126 127,-2.0,
base,switching_on,,155889.0,158589.0,64 65 66 67 68 69 70 71 72 73 74 75 76 77 78 79,-3.0,
base,switching_on,,155895.0,158595.0,80 81 82 83 84 85 86 87 88 89 90 91 92 93 94 95,-3.0,
base,sleeping,,155900.0,155925.0,96 97 98 99 100 101 102 103 104 105 106 107 108 109 110 111,-4.0,
base,switching_on,,155925.0,158625.0,96 97 98 99 100 101 102 103 104 105 106 107 108 109 110 111 112 113 114 115 116 117 118 119 120 121 122 123 124 125 126 127,-3.0,
base,active,154165.0,158589.0,158795.0,64 65 66 67 68 69 70 71 72 73 74 75 76 77 78 79,35073.0,False
base,active,154608.0,158595.0,158768.0,80 81 82 83 84 85 86 87 88 89 90 91 92 93 94 95,35074.0,False
base,active,155047.0,158625.0,159021.0,96 97 98 99 100 101 102 103 104 105 106 107 108 109 110 111 112 113 114 115 116 117 118 119 120 121 122 123 124 125 126 127,35075.0,False
base,active,,158768.0,158795.0,80 81 82 83 84 85 86 87 88 89 90 91 92 93 94 95,-1.0,
base,active,157831.0,158795.0,159215.0,64 65 66 67 68 69 70 71 72 73 74 75 76 77 78 79 80 81 82 83 84 85 86 87 88 89 90 91 92 93 94 95,35076.0,False
base,active,,159021.0,159215.0,96 97 98 99 100 101 102 103 104 105 106 107 108 109 110 111 112 113 114 115 116 117 118 119 120 121 122 123 124 125 126 127,-1.0,
base,active,158950.0,159215.0,164193.0,64 65 66 67 68 69 70 71 72 73 74 75 76 77 78 79 80 81 82 83 84 85 86 87 88 89 90 91 92 93 94 95 96 97 98 99 100 101 102 103 104 105 106 107 108 109 110 111 112 113 114 115 116 117 118 119 120 121 122 123 124 125 126 127,35077.0,False
base,active,161850.0,164193.0,164270.0,96 97 98 99 100 101 102 103 104 105 106 107 108 109 110 111,35089.0,False
base,active,161478.0,164193.0,164290.0,64 65 66 67 68 69 70 71 72 73 74 75 76 77 78 79 80 81 82 83 84 85 86 87 88 89 90 91 92 93 94 95,35088.0,False
base,active,162011.0,164193.0,164664.0,112 113 114 115 116 117 118 119 120 121 122 123 124 125 126 127,35091.0,False
base,active,163980.0,164270.0,164278.0,110,35111.0,False
base,active,163931.0,164270.0,164283.0,111,35110.0,False
base,active,162089.0,164270.0,164288.0,96,35092.0,False
base,active,,164270.0,164288.0,97 98 99 100 101 102 103 104 105 106 107 108 109,-1.0,
base,active,,164278.0,164288.0,110,-1.0,
base,active,,164283.0,164288.0,111,-1.0,
base,active,162665.0,164288.0,164741.0,96 97 98 99 100 101 102 103 104 105 106 107 108 109 110 111,35098.0,False
base,active,162773.0,164290.0,164509.0,64 65 66 67 68 69 70 71 72 73 74 75 76 77 78 79 80 81 82 83 84 85 86 87 88 89 90 91 92 93 94 95,35099.0,False
base,active,163448.0,164509.0,164530.0,80,35103.0,False
base,active,163265.0,164509.0,164747.0,64 65 66 67 68 69 70 71 72 73 74 75 76 77 78 79,35101.0,False
base,active,,164509.0,164747.0,81 82 83 84 85 86 87 88 89 90 91 92 93 94 95,-1.0,
base,active,163648.0,164527.0,164881.0,0 1 2 3 4 5 6 7 8 9 10 11 12 13 14 15 16 17 18 19 20 21 22 23 24 25 26 27 28 29 30 31,35104.0,False
base,active,164169.0,164527.0,164920.0,32 33 34 35 36 37 38 39 40 41 42 43 44 45 46 47 48 49 50 51 52 53 54 55 56 57 58 59 60 61 62 63,35112.0,False
base,active,,164530.0,164747.0,80,-1.0,
base,active,,164664.0,164747.0,112 113 114 115 116 117 118 119 120 121 122 123 124 125 126 127,-1.0,
base,active,,164741.0,164747.0,96 97 98 99 100 101 102 103 104 105 106 107 108 109 110 111,-1.0,
base,active,164460.0,164747.0,165033.0,64 65 66 67 68 69 70 71 72 73 74 75 76 77 78 79 80 81 82 83 84 85 86 87 88 89 90 91 92 93 94 95 96 97 98 99 100 101 102 103 104 105 106 107 108 109 110 111 112 113 114 115 116 117 118 119 120 121 122 123 124 125 126 127,35114.0,False
base,active,164743.0,164881.0,164896.0,0,35115.0,False
base,active,164750.0,164881.0,164904.0,1,35116.0,False
base,active,,164881.0,164920.0,2 3 4 5 6 7 8 9 10 11 12 13 14 15 16 17 18 19 20 21 22 23 24 25 26 27 28 29 30 31,-1.0,
base,active,,164896.0,164920.0,0,-1.0,
base,active,,164904.0,164920.0,1,-1.0,
base,active,164903.0,164920.0,165195.0,0 1 2 3 4 5 6 7 8 9 10 11 12 13 14 15 16 17 18 19 20 21 22 23 24 25 26 27 28 29 30 31 32 33 34 35 36 37 38 39 40 41 42 43 44 45 46 47 48 49 50 51 52 53 54 55 56 57 58 59 60 61 62 63,35118.0,False
base,active,,165033.0,165180.0,64,-1.0,
base,active,,165033.0,165333.0,65 66 67 68 69 70 71 72 73 74 75 76 77 78 79 80 81 82 83 84 85 86 87 88 89 90 91 92 93 94 95 96 97 98 99 100 101 102 103 104 105 106 107 108 109 110 111 112 113 114 115 116 117 118 119 120 121 122 123 124 125 126 127,-1.0,
base,active,165180.0,165180.0,165200.0,64,35121.0,False
base,active,,165195.0,165208.0,0,-1.0,
base,active,,165195.0,165285.0,1 2 3 4 5 6 7 8 9 10 11 12 13 14 15 16 17 18 19 20 21 22 23 24 25 26 27 28 29 30 31 32 33 34 35 36 37 38 39 40 41 42 43 44 45 46 47 48 49 50 51 52 53 54 55 56 57 58 59 60 61 62 63,-1.0,
base,active,,165200.0,165500.0,64,-1.0,
base,active,165208.0,165208.0,165220.0,0,35122.0,False
base,active,,165220.0,165226.0,0,-1.0,
base,active,165226.0,165226.0,165243.0,0,35123.0,False
base,active,,165243.0,165285.0,0,-1.0,
base,active,165285.0,165285.0,165492.0,0 1 2 3 4 5 6 7 8 9 10 11 12 13 14 15 16 17 18 19 20 21 22 23 24 25 26 27 28 29 30 31 32 33 34 35 36 37 38 39 40 41 42 43 44 45 46 47 48 49 50 51 52 53 54 55 56 57 58 59 60 61 62 63,35125.0,False
base,switching_off,,165333.0,167133.0,65 66 67 68 69 70 71 72 73 74 75 76 77 78 79 80 81 82 83 84 85 86 87 88 89 90 91 92 93 94 95 96 97 98 99 100 101 102 103 104 105 106 107 108 109 110 111 112 113 114 115 116 117 118 119 120 121 122 123 124 125 126 127,-2.0,
base,active,,165492.0,165792.0,0 1 2 3 4 5 6 7 8 9 10 11 12 13 14 15 16 17 18 19 20 21 22 23 24 25 26 27 28 29 30 31 32 33 34 35 36 37 38 39 40 41 42 43 44 45 46 47 48 49 50 51 52 53 54 55 56 57 58 59 60 61 62 63,-1.0,
base,switching_off,,165500.0,167300.0,64,-2.0,
base,switching_off,,165792.0,167592.0,0 1 2 3 4 5 6 7 8 9 10 11 12 13 14 15 16 17 18 19 20 21 22 23 24 25 26 27 28 29 30 31 32 33 34 35 36 37 38 39 40 41 42 43 44 45 46 47 48 49 50 51 52 53 54 55 56 57 58 59 60 61 62 63,-2.0,
base,sleeping,,167133.0,168077.0,65 66 67 68 69 70 71 72 73 74 75 76 77 78 79 80 81 82 83 84 85 86 87 88 89 90 91 92 93 94 95 96 97 98 99 100 101 102 103 104 105 106 107 108 109 110 111 112 113 114 115 116 117 118 119 120 121 122 123 124 125 126 127,-4.0,
base,sleeping,,167300.0,168077.0,64,-4.0,
base,sleeping,,167592.0,167845.0,0 1 2 3 4 5 6 7 8 9 10 11 12 13 14 15 16 17 18 19 20 21 22 23 24 25 26 27 28 29 30 31 32 33 34 35 36 37 38 39 40 41 42 43 44 45 46 47 48 49 50 51 52 53 54 55 56 57 58 59 60 61 62 63,-4.0,
base,switching_on,,167845.0,170545.0,0 1 2 3 4 5 6 7 8 9 10 11 12 13 14 15 16 17 18 19 20 21 22 23 24 25 26 27 28 29 30 31 32 33 34 35 36 37 38 39 40 41 42 43 44 45 46 47 48 49 50 51 52 53 54 55 56 57 58 59 60 61 62 63,-3.0,
base,switching_on,,168077.0,170777.0,64 65 66 67 68 69 70 71 72 73 74 75 76 77 78 79 80 81 82 83 84 85 86 87 88 89 90 91 92 93 94 95 96 97 98 99 100 101 102 103 104 105 106 107 108 109 110 111 112 113 114 115 116 117 118 119 120 121 122 123 124 125 126 127,-3.0,
base,active,167845.0,170545.0,170754.0,0 1 2 3 4 5 6 7 8 9 10 11 12 13 14 15 16 17 18 19 20 21 22 23 24 25 26 27 28 29 30 31 32 33 34 35 36 37 38 39 40 41 42 43 44 45 46 47 48 49 50 51 52 53 54 55 56 57 58 59 60 61 62 63,35137.0,False
base,active,168372.0,170754.0,170766.0,0,35144.0,False
base,active,168377.0,170754.0,170769.0,1,35145.0,False
base,active,,170754.0,170769.0,2 3 4 5 6 7 8 9 10 11 12 13 14 15 16 17 18 19 20 21 22 23 24 25 26 27 28 29 30 31 32 33 34 35 36 37 38 39 40 41 42 43 44 45 46 47 48 49 50 51 52 53 54 55 56 57 58 59 60 61 62 63,-1.0,
base,active,,170766.0,170769.0,0,-1.0,
base,active,168432.0,170769.0,171056.0,0 1 2 3 4 5 6 7 8 9 10 11 12 13 14 15 16 17 18 19 20 21 22 23 24 25 26 27 28 29 30 31 32 33 34 35 36 37 38 39 40 41 42 43 44 45 46 47 48 49 50 51 52 53 54 55 56 57 58 59 60 61 62 63,35146.0,False
base,active,168077.0,170777.0,171075.0,64 65 66 67 68 69 70 71 72 73 74 75 76 77 78 79 80 81 82 83 84 85 86 87 88 89 90 91 92 93 94 95 96 97 98 99 100 101 102 103 104 105 106 107 108 109 110 111 112 113 114 115 116 117 118 119 120 121 122 123 124 125 126 127,35140.0,False
base,active,168856.0,171056.0,171601.0,0 1 2 3 4 5 6 7 8 9 10 11 12 13 14 15 16 17 18 19 20 21 22 23 24 25 26 27 28 29 30 31 32 33 34 35 36 37 38 39 40 41 42 43 44 45 46 47 48 49 50 51 52 53 54 55 56 57 58 59 60 61 62 63,35148.0,False
base,active,169536.0,171075.0,171483.0,64 65 66 67 68 69 70 71 72 73 74 75 76 77 78 79 80 81 82 83 84 85 86 87 88 89 90 91 92 93 94 95 96 97 98 99 100 101 102 103 104 105 106 107 108 109 110 111 112 113 114 115 116 117 118 119 120 121 122 123 124 125 126 127,35153.0,False
base,active,169941.0,171483.0,171494.0,96,35157.0,False
base,active,169945.0,171483.0,171505.0,97,35158.0,False
base,active,,171483.0,171505.0,98 99 100 101 102 103 104 105 106 107 108 109 110 111 112 113 114 115 116 117 118 119 120 121 122 123 124 125 126 127,-1.0,
base,active,169884.0,171483.0,171717.0,64 65 66 67 68 69 70 71 72 73 74 75 76 77 78 79 80 81 82 83 84 85 86 87 88 89 90 91 92 93 94 95,35156.0,False
base,active,,171494.0,171505.0,96,-1.0,
base,active,170207.0,171505.0,171980.0,96 97 98 99 100 101 102 103 104 105 106 107 108 109 110 111 112 113 114 115 116 117 118 119 120 121 122 123 124 125 126 127,35161.0,False
base,active,170027.0,171601.0,171759.0,0 1 2 3 4 5 6 7 8 9 10 11 12 13 14 15 16 17 18 19 20 21 22 23 24 25 26 27 28 29 30 31 32 33 34 35 36 37 38 39 40 41 42 43 44 45 46 47 48 49 50 51 52 53 54 55 56 57 58 59 60 61 62 63,35159.0,False
base,active,170978.0,171717.0,172122.0,64 65 66 67 68 69 70 71 72 73 74 75 76 77 78 79 80 81 82 83 84 85 86 87 88 89 90 91 92 93 94 95,35166.0,False
base,active,170355.0,171759.0,172082.0,0 1 2 3 4 5 6 7 8 9 10 11 12 13 14 15 16 17 18 19 20 21 22 23 24 25 26 27 28 29 30 31 32 33 34 35 36 37 38 39 40 41 42 43 44 45 46 47 48 49 50 51 52 53 54 55 56 57 58 59 60 61 62 63,35162.0,False
base,active,171852.0,171980.0,172003.0,96,35173.0,False
base,active,,171980.0,172003.0,97 98 99 100 101 102 103 104 105 106 107 108 109 110 111 112 113 114 115 116 117 118 119 120 121 122 123 124 125 126 127,-1.0,
base,active,171862.0,172003.0,172126.0,96 97 98 99 100 101 102 103 104 105 106 107 108 109 110 111 112 113 114 115 116 117 118 119 120 121 122 123 124 125 126 127,35174.0,False
base,active,170933.0,172082.0,172542.0,0 1 2 3 4 5 6 7 8 9 10 11 12 13 14 15 16 17 18 19 20 21 22 23 24 25 26 27 28 29 30 31 32 33 34 35 36 37 38 39 40 41 42 43 44 45 46 47 48 49 50 51 52 53 54 55 56 57 58 59 60 61 62 63,35164.0,False
base,active,,172122.0,172126.0,64 65 66 67 68 69 70 71 72 73 74 75 76 77 78 79 80 81 82 83 84 85 86 87 88 89 90 91 92 93 94 95,-1.0,
base,active,171592.0,172126.0,172384.0,64 65 66 67 68 69 70 71 72 73 74 75 76 77 78 79 80 81 82 83 84 85 86 87 88 89 90 91 92 93 94 95 96 97 98 99 100 101 102 103 104 105 106 107 108 109 110 111 112 113 114 115 116 117 118 119 120 121 122 123 124 125 126 127,35171.0,False
base,active,,172384.0,172684.0,64 65 66 67 68 69 70 71 72 73 74 75 76 77 78 79 80 81 82 83 84 85 86 87 88 89 90 91 92 93 94 95 96 97 98 99 100 101 102 103 104 105 106 107 108 109 110 111 112 113 114 115 116 117 118 119 120 121 122 123 124 125 126 127,-1.0,
base,active,,172542.0,172842.0,0 1 2 3 4 5 6 7 8 9 10 11 12 13 14 15 16 17 18 19 20 21 22 23 24 25 26 27 28 29 30 31 32 33 34 35 36 37 38 39 40 41 42 43 44 45 46 47 48 49 50 51 52 53 54 55 56 57 58 59 60 61 62 63,-1.0,
base,switching_off,,172684.0,174484.0,64 65 66 67 68 69 70 71 72 73 74 75 76 77 78 79 80 81 82 83 84 85 86 87 88 89 90 91 92 93 94 95 96 97 98 99 100 101 102 103 104 105 106 107 108 109 110 111 112 113 114 115 116 117 118 119 120 121 122 123 124 125 126 127,-2.0,
base,switching_off,,172842.0,174642.0,0 1 2 3 4 5 6 7 8 9 10 11 12 13 14 15 16 17 18 19 20 21 22 23 24 25 26 27 28 29 30 31 32 33 34 35 36 37 38 39 40 41 42 43 44 45 46 47 48 49 50 51 52 53 54 55 56 57 58 59 60 61 62 63,-2.0,
base,sleeping,,174484.0,179420.0,64 65 66 67 68 69 70 71 72 73 74 75 76 77 78 79 80 81 82 83 84 85 86 87 88 89 90 91 92 93 94 95,-4.0,
base,sleeping,,174484.0,180697.0,96,-4.0,
base,sleeping,,174484.0,180709.0,97,-4.0,
base,sleeping,,174484.0,182369.0,98,-4.0,
base,sleeping,,174484.0,182517.0,99,-4.0,
base,sleeping,,174484.0,182732.0,100,-4.0,
base,sleeping,,174484.0,182869.0,101,-4.0,
base,sleeping,,174484.0,183135.0,102,-4.0,
base,sleeping,,174484.0,196702.0,103 104 105 106 107 108 109 110 111,-4.0,
base,sleeping,,174484.0,197118.0,112 113 114 115 116 117 118 119 120 121 122 123 124 125 126 127,-4.0,
base,sleeping,,174642.0,179095.0,0 1 2 3 4 5 6 7 8 9 10 11 12 13 14 15 16 17 18 19 20 21 22 23 24 25 26 27 28 29 30 31,-4.0,
base,sleeping,,174642.0,179420.0,32 33 34 35 36 37 38 39 40 41 42 43 44 45 46 47 48 49 50 51 52 53 54 55 56 57 58 59 60 61 62 63,-4.0,
base,switching_on,,179095.0,181795.0,0 1 2 3 4 5 6 7 8 9 10 11 12 13 14 15 16 17 18 19 20 21 22 23 24 25 26 27 28 29 30 31,-3.0,
base,switching_on,,179420.0,182120.0,32 33 34 35 36 37 38 39 40 41 42 43 44 45 46 47 48 49 50 51 52 53 54 55 56 57 58 59 60 61 62 63 64 65 66 67 68 69 70 71 72 73 74 75 76 77 78 79 80 81 82 83 84 85 86 87 88 89 90 91 92 93 94 95,-3.0,
base,switching_on,,180697.0,183397.0,96,-3.0,
base,switching_on,,180709.0,183409.0,97,-3.0,
base,active,179095.0,181795.0,182010.0,0 1 2 3 4 5 6 7 8 9 10 11 12 13 14 15 16 17 18 19 20 21 22 23 24 25 26 27 28 29 30 31,35177.0,False
base,active,,182010.0,182310.0,0 1 2 3 4 5 6 7 8 9 10 11 12 13 14 15 16 17 18 19 20 21 22 23 24 25 26 27 28 29 30 31,-1.0,
base,active,179420.0,182120.0,182430.0,32 33 34 35 36 37 38 39 40 41 42 43 44 45 46 47 48 49 50 51 52 53 54 55 56 57 58 59 60 61 62 63 64 65 66 67 68 69 70 71 72 73 74 75 76 77 78 79 80 81 82 83 84 85 86 87 88 89 90 91 92 93 94 95,35178.0,False
base,switching_off,,182310.0,184110.0,0 1 2 3 4 5 6 7 8 9 10 11 12 13 14 15 16 17 18 19 20 21 22 23 24 25 26 27 28 29 30 31,-2.0,
base,switching_on,,182369.0,185069.0,98,-3.0,
base,active,179794.0,182430.0,182724.0,32 33 34 35 36 37 38 39 40 41 42 43 44 45 46 47 48 49 50 51 52 53 54 55 56 57 58 59 60 61 62 63 64 65 66 67 68 69 70 71 72 73 74 75 76 77 78 79 80 81 82 83 84 85 86 87 88 89 90 91 92 93 94 95,35179.0,False
base,switching_on,,182517.0,185217.0,99,-3.0,
base,active,180315.0,182724.0,183104.0,32 33 34 35 36 37 38 39 40 41 42 43 44 45 46 47 48 49 50 51 52 53 54 55 56 57 58 59 60 61 62 63 64 65 66 67 68 69 70 71 72 73 74 75 76 77 78 79 80 81 82 83 84 85 86 87 88 89 90 91 92 93 94 95,35184.0,False
base,switching_on,,182732.0,185432.0,100,-3.0,
base,switching_on,,182869.0,185569.0,101,-3.0,
base,active,180766.0,183104.0,183383.0,32 33 34 35 36 37 38 39 40 41 42 43 44 45 46 47 48 49 50 51 52 53 54 55 56 57 58 59 60 61 62 63 64 65 66 67 68 69 70 71 72 73 74 75 76 77 78 79 80 81 82 83 84 85 86 87 88 89 90 91 92 93 94 95,35187.0,False
base,switching_on,,183135.0,185835.0,102,-3.0,
base,active,181987.0,183383.0,183764.0,32 33 34 35 36 37 38 39 40 41 42 43 44 45 46 47 48 49 50 51 52 53 54 55 56 57 58 59 60 61 62 63 64 65 66 67 68 69 70 71 72 73 74 75 76 77 78 79 80 81 82 83 84 85 86 87 88 89 90 91 92 93 94 95,35192.0,False
base,active,180697.0,183397.0,183420.0,96,35185.0,False
base,active,180709.0,183409.0,183421.0,97,35186.0,False
base,active,,183420.0,183720.0,96,-1.0,
base,active,,183421.0,183721.0,97,-1.0,
base,switching_off,,183720.0,185520.0,96,-2.0,
base,switching_off,,183721.0,185521.0,97,-2.0,
base,active,182573.0,183764.0,184058.0,32 33 34 35 36 37 38 39 40 41 42 43 44 45 46 47 48 49 50 51 52 53 54 55 56 57 58 59 60 61 62 63 64 65 66 67 68 69 70 71 72 73 74 75 76 77 78 79 80 81 82 83 84 85 86 87 88 89 90 91 92 93 94 95,35195.0,False
base,active,183212.0,184058.0,199041.0,32 33 34 35 36 37 38 39 40 41 42 43 44 45 46 47 48 49 50 51 52 53 54 55 56 57 58 59 60 61 62 63 64 65 66 67 68 69 70 71 72 73 74 75 76 77 78 79 80 81 82 83 84 85 86 87 88 89 90 91 92 93 94 95,35203.0,False
base,switching_on,,184110.0,186810.0,0 1 2 3 4 5 6 7 8 9 10 11 12 13 14 15 16 17 18 19 20 21 22 23 24 25 26 27 28 29 30 31,-3.0,
base,active,182369.0,185069.0,185084.0,98,35193.0,False
base,active,,185084.0,185384.0,98,-1.0,
base,active,182517.0,185217.0,185317.0,99,35194.0,False
base,active,,185317.0,185617.0,99,-1.0,
base,switching_off,,185384.0,187184.0,98,-2.0,
base,active,182732.0,185432.0,185576.0,100,35197.0,False
base,sleeping,,185520.0,187067.0,96,-4.0,
base,sleeping,,185521.0,187348.0,97,-4.0,
base,active,182869.0,185569.0,185593.0,101,35200.0,False
base,active,,185576.0,185876.0,100,-1.0,
base,active,,185593.0,185893.0,101,-1.0,
base,switching_off,,185617.0,187417.0,99,-2.0,
base,active,183135.0,185835.0,185843.0,102,35202.0,False
base,active,,185843.0,186143.0,102,-1.0,
base,switching_off,,185876.0,187676.0,100,-2.0,
base,switching_off,,185893.0,187693.0,101,-2.0,
base,switching_off,,186143.0,187943.0,102,-2.0,
base,active,184034.0,186810.0,186896.0,0 1 2 3 4 5 6 7 8 9 10 11 12 13 14 15 16 17 18 19 20 21 22 23 24 25 26 27 28 29 30 31,35205.0,False
base,active,184151.0,186896.0,187843.0,0 1 2 3 4 5 6 7 8 9 10 11 12 13 14 15 16 17 18 19 20 21 22 23 24 25 26 27 28 29 30 31,35208.0,False
base,switching_on,,187067.0,189767.0,96,-3.0,
base,sleeping,,187184.0,196702.0,98,-4.0,
base,switching_on,,187348.0,190048.0,97,-3.0,
base,sleeping,,187417.0,196702.0,99,-4.0,
base,sleeping,,187676.0,196702.0,100,-4.0,
base,sleeping,,187693.0,196702.0,101,-4.0,
base,active,,187843.0,188143.0,0 1 2 3 4 5 6 7 8 9 10 11 12 13 14 15 16 17 18 19 20 21 22 23 24 25 26 27 28 29 30 31,-1.0,
base,sleeping,,187943.0,196702.0,102,-4.0,
base,switching_off,,188143.0,189943.0,0 1 2 3 4 5 6 7 8 9 10 11 12 13 14 15 16 17 18 19 20 21 22 23 24 25 26 27 28 29 30 31,-2.0,
base,active,187067.0,189767.0,189891.0,96,35218.0,False
base,active,,189891.0,190191.0,96,-1.0,
base,sleeping,,189943.0,194565.0,0 1 2 3 4 5 6 7 8 9 10 11 12 13 14 15 16 17 18 19 20 21 22 23 24 25 26 27 28 29 30 31,-4.0,
base,active,187348.0,190048.0,190147.0,97,35219.0,False
base,active,,190147.0,190447.0,97,-1.0,
base,switching_off,,190191.0,191991.0,96,-2.0,
base,switching_off,,190447.0,192247.0,97,-2.0,
base,sleeping,,191991.0,196702.0,96,-4.0,
base,sleeping,,192247.0,196702.0,97,-4.0,
base,switching_on,,194565.0,197265.0,0 1 2 3 4 5 6 7 8 9 10 11 12 13 14 15 16 17 18 19 20 21 22 23 24 25 26 27 28 29 30 31,-3.0,
base,switching_on,,196702.0,199402.0,96 97 98 99 100 101 102 103 104 105 106 107 108 109 110 111,-3.0,
base,switching_on,,197118.0,199818.0,112 113 114 115 116 117 118 119 120 121 122 123 124 125 126 127,-3.0,
base,active,194565.0,197265.0,197686.0,0 1 2 3 4 5 6 7 8 9 10 11 12 13 14 15 16 17 18 19 20 21 22 23 24 25 26 27 28 29 30 31,35224.0,False
base,active,196702.0,197686.0,198058.0,0 1 2 3 4 5 6 7 8 9 10 11 12 13 14 15 16 17 18 19 20 21 22 23 24 25 26 27 28 29 30 31,35228.0,False
base,active,197623.0,198058.0,198074.0,0,35230.0,False
base,active,,198058.0,198358.0,1 2 3 4 5 6 7 8 9 10 11 12 13 14 15 16 17 18 19 20 21 22 23 24 25 26 27 28 29 30 31,-1.0,
base,active,,198074.0,198374.0,0,-1.0,
base,switching_off,,198358.0,200158.0,1 2 3 4 5 6 7 8 9 10 11 12 13 14 15 16 17 18 19 20 21 22 23 24 25 26 27 28 29 30 31,-2.0,
base,switching_off,,198374.0,200174.0,0,-2.0,
base,active,195022.0,199041.0,199517.0,32 33 34 35 36 37 38 39 40 41 42 43 44 45 46 47 48 49 50 51 52 53 54 55 56 57 58 59 60 61 62 63 64 65 66 67 68 69 70 71 72 73 74 75 76 77 78 79 80 81 82 83 84 85 86 87 88 89 90 91 92 93 94 95,35225.0,False
base,active,195553.0,199402.0,199852.0,96 97 98 99 100 101 102 103 104 105 106 107 108 109 110 111,35226.0,False
base,active,196201.0,199517.0,199970.0,32 33 34 35 36 37 38 39 40 41 42 43 44 45 46 47 48 49 50 51 52 53 54 55 56 57 58 59 60 61 62 63 64 65 66 67 68 69 70 71 72 73 74 75 76 77 78 79 80 81 82 83 84 85 86 87 88 89 90 91 92 93 94 95,35227.0,False
base,active,197118.0,199818.0,200405.0,112 113 114 115 116 117 118 119 120 121 122 123 124 125 126 127,35229.0,False
base,active,,199852.0,200152.0,96 97 98 99 100 101 102 103 104 105 106 107 108 109 110 111,-1.0,
base,active,,199970.0,200270.0,32 33 34 35 36 37 38 39 40 41 42 43 44 45 46 47 48 49 50 51 52 53 54 55 56 57 58 59 60 61 62 63 64 65 66 67 68 69 70 71 72 73 74 75 76 77 78 79 80 81 82 83 84 85 86 87 88 89 90 91 92 93 94 95,-1.0,
base,switching_off,,200152.0,201952.0,96 97 98 99 100 101 102 103 104 105 106 107 108 109 110 111,-2.0,
base,sleeping,,200158.0,204527.0,1 2 3 4 5 6 7 8 9 10 11 12 13 14 15 16 17 18 19 20 21 22 23 24 25 26 27 28 29 30 31,-4.0,
base,sleeping,,200174.0,204527.0,0,-4.0,
base,switching_off,,200270.0,202070.0,32 33 34 35 36 37 38 39 40 41 42 43 44 45 46 47 48 49 50 51 52 53 54 55 56 57 58 59 60 61 62 63 64 65 66 67 68 69 70 71 72 73 74 75 76 77 78 79 80 81 82 83 84 85 86 87 88 89 90 91 92 93 94 95,-2.0,
base,active,,200405.0,200705.0,112 113 114 115 116 117 118 119 120 121 122 123 124 125 126 127,-1.0,
base,switching_off,,200705.0,202505.0,112 113 114 115 116 117 118 119 120 121 122 123 124 125 126 127,-2.0,
base,sleeping,,201952.0,204527.0,96 97 98 99 100 101 102 103 104 105 106 107 108 109 110 111,-4.0,
base,sleeping,,202070.0,204527.0,32 33 34 35 36 37 38 39 40 41 42 43 44 45 46 47 48 49 50 51 52 53 54 55 56 57 58 59 60 61 62 63 64 65 66 67 68 69 70 71 72 73 74 75 76 77 78 79 80 81 82 83 84 85 86 87 88 89 90 91 92 93 94 95,-4.0,
base,sleeping,,202505.0,204527.0,112 113 114 115 116 117 118 119 120 121 122 123 124 125 126 127,-4.0,
base,switching_on,,204527.0,207227.0,0 1 2 3 4 5 6 7 8 9 10 11 12 13 14 15 16 17 18 19 20 21 22 23 24 25 26 27 28 29 30 31 32 33 34 35 36 37 38 39 40 41 42 43 44 45 46 47 48 49 50 51 52 53 54 55 56 57 58 59 60 61 62 63 64 65 66 67 68 69 70 71 72 73 74 75 76 77 78 79 80 81 82 83 84 85 86 87 88 89 90 91 92 93 94 95 96 97 98 99 100 101 102 103 104 105 106 107 108 109 110 111 112 113 114 115 116 117 118 119 120 121 122 123 124 125 126 127,-3.0,
base,active,204527.0,207227.0,218152.0,0 1 2 3 4 5 6 7 8 9 10 11 12 13 14 15 16 17 18 19 20 21 22 23 24 25 26 27 28 29 30 31 32 33 34 35 36 37 38 39 40 41 42 43 44 45 46 47 48 49 50 51 52 53 54 55 56 57 58 59 60 61 62 63 64 65 66 67 68 69 70 71 72 73 74 75 76 77 78 79 80 81 82 83 84 85 86 87 88 89 90 91 92 93 94 95 96 97 98 99 100 101 102 103 104 105 106 107 108 109 110 111 112 113 114 115 116 117 118 119 120 121 122 123 124 125 126 127,35231.0,False
base,active,215458.0,218152.0,218239.0,0 1 2 3 4 5 6 7 8 9 10 11 12 13 14 15 16 17 18 19 20 21 22 23 24 25 26 27 28 29 30 31 32 33 34 35 36 37 38 39 40 41 42 43 44 45 46 47 48 49 50 51 52 53 54 55 56 57 58 59 60 61 62 63 64 65 66 67 68 69 70 71 72 73 74 75 76 77 78 79 80 81 82 83 84 85 86 87 88 89 90 91 92 93 94 95 96 97 98 99 100 101 102 103 104 105 106 107 108 109 110 111 112 113 114 115 116 117 118 119 120 121 122 123 124 125 126 127,35232.0,False
base,active,,218239.0,218476.0,0 1 2 3 4 5 6 7 8 9 10 11 12 13 14 15 16 17 18 19 20 21 22 23 24 25 26 27 28 29 30 31 32 33 34 35 36 37 38 39 40 41 42 43 44 45 46 47 48 49 50 51 52 53 54 55 56 57 58 59 60 61 62 63,-1.0,
base,active,,218239.0,218539.0,64 65 66 67 68 69 70 71 72 73 74 75 76 77 78 79 80 81 82 83 84 85 86 87 88 89 90 91 92 93 94 95 96 97 98 99 100 101 102 103 104 105 106 107 108 109 110 111 112 113 114 115 116 117 118 119 120 121 122 123 124 125 126 127,-1.0,
base,active,218476.0,218476.0,218871.0,0 1 2 3 4 5 6 7 8 9 10 11 12 13 14 15 16 17 18 19 20 21 22 23 24 25 26 27 28 29 30 31 32 33 34 35 36 37 38 39 40 41 42 43 44 45 46 47 48 49 50 51 52 53 54 55 56 57 58 59 60 61 62 63,35255.0,False
base,switching_off,,218539.0,220339.0,64 65 66 67 68 69 70 71 72 73 74 75 76 77 78 79 80 81 82 83 84 85 86 87 88 89 90 91 92 93 94 95 96 97 98 99 100 101 102 103 104 105 106 107 108 109 110 111 112 113 114 115 116 117 118 119 120 121 122 123 124 125 126 127,-2.0,
base,active,,218871.0,218873.0,0,-1.0,
base,active,,218871.0,218948.0,1 2 3 4 5 6 7 8 9 10 11 12 13 14 15 16 17 18 19 20 21 22 23 24 25 26 27 28 29 30 31 32 33 34 35 36 37 38 39 40 41 42 43 44 45 46 47 48 49 50 51 52 53 54 55 56 57 58 59 60 61 62 63,-1.0,
base,active,218873.0,218873.0,218899.0,0,35258.0,False
base,active,,218899.0,218948.0,0,-1.0,
base,active,218948.0,218948.0,229875.0,0 1 2 3 4 5 6 7 8 9 10 11 12 13 14 15 16 17 18 19 20 21 22 23 24 25 26 27 28 29 30 31 32 33 34 35 36 37 38 39 40 41 42 43 44 45 46 47 48 49 50 51 52 53 54 55 56 57 58 59 60 61 62 63,35261.0,False
base,sleeping,,220339.0,221165.0,65,-4.0,
base,sleeping,,220339.0,221312.0,66,-4.0,
base,sleeping,,220339.0,221545.0,67,-4.0,
base,switching_on,,220339.0,223039.0,64,-3.0,
base,sleeping,,220339.0,224822.0,68,-4.0,
base,sleeping,,220339.0,224974.0,69,-4.0,
base,sleeping,,220339.0,246356.0,70 71 72 73 74 75 76 77 78 79 80 81 82 83 84 85 86 87 88 89 90 91 92 93 94 95 96 97 98 99 100 101 102 103 104 105 106 107 108 109 110 111 112 113 114 115 116 117 118 119 120 121 122 123 124 125 126 127,-4.0,
base,switching_on,,221165.0,223865.0,65,-3.0,
base,switching_on,,221312.0,224012.0,66,-3.0,
base,switching_on,,221545.0,224245.0,67,-3.0,
base,active,218950.0,223039.0,223055.0,64,35262.0,False
base,active,,223055.0,223355.0,64,-1.0,
base,switching_off,,223355.0,225155.0,64,-2.0,
base,active,221165.0,223865.0,223961.0,65,35284.0,False
base,active,,223961.0,224261.0,65,-1.0,
base,active,221312.0,224012.0,224158.0,66,35285.0,False
base,active,,224158.0,224458.0,66,-1.0,
base,active,221545.0,224245.0,224372.0,67,35288.0,False
base,switching_off,,224261.0,226061.0,65,-2.0,
base,active,,224372.0,224672.0,67,-1.0,
base,switching_off,,224458.0,226258.0,66,-2.0,
base,switching_off,,224672.0,226472.0,67,-2.0,
base,switching_on,,224822.0,227522.0,68,-3.0,
base,switching_on,,224974.0,227674.0,69,-3.0,
base,sleeping,,225155.0,230770.0,64,-4.0,
base,sleeping,,226061.0,230968.0,65,-4.0,
base,sleeping,,226258.0,231339.0,66,-4.0,
base,sleeping,,226472.0,231472.0,67,-4.0,
base,active,224822.0,227522.0,227644.0,68,35312.0,False
base,active,,227644.0,227944.0,68,-1.0,
base,active,224974.0,227674.0,227779.0,69,35313.0,False
base,active,,227779.0,228079.0,69,-1.0,
base,switching_off,,227944.0,229744.0,68,-2.0,
base,switching_off,,228079.0,229879.0,69,-2.0,
base,sleeping,,229744.0,246356.0,68,-4.0,
base,active,,229875.0,230175.0,0 1 2 3 4 5 6 7 8 9 10 11 12 13 14 15 16 17 18 19 20 21 22 23 24 25 26 27 28 29 30 31 32 33 34 35 36 37 38 39 40 41 42 43 44 45 46 47 48 49 50 51 52 53 54 55 56 57 58 59 60 61 62 63,-1.0,
base,sleeping,,229879.0,246356.0,69,-4.0,
base,switching_off,,230175.0,231975.0,0 1 2 3 4 5 6 7 8 9 10 11 12 13 14 15 16 17 18 19 20 21 22 23 24 25 26 27 28 29 30 31 32 33 34 35 36 37 38 39 40 41 42 43 44 45 46 47 48 49 50 51 52 53 54 55 56 57 58 59 60 61 62 63,-2.0,
base,switching_on,,230770.0,233470.0,64,-3.0,
base,switching_on,,230968.0,233668.0,65,-3.0,
base,switching_on,,231339.0,234039.0,66,-3.0,
base,switching_on,,231472.0,234172.0,67,-3.0,
base,sleeping,,231975.0,236883.0,0,-4.0,
base,sleeping,,231975.0,237128.0,1,-4.0,
base,sleeping,,231975.0,237403.0,2,-4.0,
base,sleeping,,231975.0,238040.0,3,-4.0,
base,sleeping,,231975.0,244640.0,4 5 6 7 8 9 10 11 12 13 14 15 16 17 18 19 20 21 22 23 24 25 26 27 28 29 30 31 32 33 34 35 36 37 38 39 40 41 42 43 44 45 46 47 48 49 50 51 52 53 54 55 56 57 58 59 60 61 62 63,-4.0,
base,active,230770.0,233470.0,233597.0,64,35366.0,False
base,active,,233597.0,233897.0,64,-1.0,
base,active,230968.0,233668.0,233786.0,65,35368.0,False
base,active,,233786.0,234086.0,65,-1.0,
base,switching_off,,233897.0,235697.0,64,-2.0,
base,active,231339.0,234039.0,234137.0,66,35374.0,False
base,switching_off,,234086.0,235886.0,65,-2.0,
base,active,,234137.0,234437.0,66,-1.0,
base,active,231472.0,234172.0,234283.0,67,35375.0,False
base,active,,234283.0,234583.0,67,-1.0,
base,switching_off,,234437.0,236237.0,66,-2.0,
base,switching_off,,234583.0,236383.0,67,-2.0,
base,sleeping,,235697.0,246356.0,64,-4.0,
base,sleeping,,235886.0,246356.0,65,-4.0,
base,sleeping,,236237.0,246356.0,66,-4.0,
base,sleeping,,236383.0,246356.0,67,-4.0,
base,switching_on,,236883.0,239583.0,0,-3.0,
base,switching_on,,237128.0,239828.0,1,-3.0,
base,switching_on,,237403.0,240103.0,2,-3.0,
base,switching_on,,238040.0,240740.0,3,-3.0,
base,active,236883.0,239583.0,239742.0,0,35421.0,False
base,active,,239742.0,240042.0,0,-1.0,
base,active,237128.0,239828.0,239924.0,1,35428.0,False
base,active,,239924.0,240224.0,1,-1.0,
base,switching_off,,240042.0,241842.0,0,-2.0,
base,active,237403.0,240103.0,240220.0,2,35429.0,False
base,active,,240220.0,240520.0,2,-1.0,
base,switching_off,,240224.0,242024.0,1,-2.0,
base,switching_off,,240520.0,242320.0,2,-2.0,
base,active,238040.0,240740.0,240850.0,3,35434.0,False
base,active,,240850.0,241150.0,3,-1.0,
base,switching_off,,241150.0,242950.0,3,-2.0,
base,sleeping,,241842.0,244640.0,0,-4.0,
base,sleeping,,242024.0,244640.0,1,-4.0,
base,sleeping,,242320.0,244640.0,2,-4.0,
base,sleeping,,242950.0,244640.0,3,-4.0,
base,switching_on,,244640.0,247340.0,0 1 2 3 4 5 6 7 8 9 10 11 12 13 14 15 16 17 18 19 20 21 22 23 24 25 26 27 28 29 30 31 32 33 34 35 36 37 38 39 40 41 42 43 44 45 46 47 48 49 50 51 52 53 54 55 56 57 58 59 60 61 62 63,-3.0,
base,switching_on,,246356.0,249056.0,64 65 66 67 68 69 70 71 72 73 74 75 76 77 78 79 80 81 82 83 84 85 86 87 88 89 90 91 92 93 94 95 96 97 98 99 100 101 102 103 104 105 106 107 108 109 110 111 112 113 114 115 116 117 118 119 120 121 122 123 124 125 126 127,-3.0,
base,active,244640.0,247340.0,252502.0,0 1 2 3 4 5 6 7 8 9 10 11 12 13 14 15 16 17 18 19 20 21 22 23 24 25 26 27 28 29 30 31 32 33 34 35 36 37 38 39 40 41 42 43 44 45 46 47 48 49 50 51 52 53 54 55 56 57 58 59 60 61 62 63,35493.0,False
base,active,246356.0,249056.0,249167.0,64 65 66 67 68 69 70 71 72 73 74 75 76 77 78 79 80 81 82 83 84 85 86 87 88 89 90 91 92 93 94 95 96 97 98 99 100 101 102 103 104 105 106 107 108 109 110 111 112 113 114 115 116 117 118 119 120 121 122 123 124 125 126 127,35509.0,False
base,active,246573.0,249167.0,249273.0,64 65 66 67 68 69 70 71 72 73 74 75 76 77 78 79 80 81 82 83 84 85 86 87 88 89 90 91 92 93 94 95 96 97 98 99 100 101 102 103 104 105 106 107 108 109 110 111 112 113 114 115 116 117 118 119 120 121 122 123 124 125 126 127,35512.0,False
base,active,246773.0,249273.0,249379.0,64 65 66 67 68 69 70 71 72 73 74 75 76 77 78 79 80 81 82 83 84 85 86 87 88 89 90 91 92 93 94 95 96 97 98 99 100 101 102 103 104 105 106 107 108 109 110 111 112 113 114 115 116 117 118 119 120 121 122 123 124 125 126 127,35514.0,False
base,active,246963.0,249379.0,249486.0,64 65 66 67 68 69 70 71 72 73 74 75 76 77 78 79 80 81 82 83 84 85 86 87 88 89 90 91 92 93 94 95 96 97 98 99 100 101 102 103 104 105 106 107 108 109 110 111 112 113 114 115 116 117 118 119 120 121 122 123 124 125 126 127,35517.0,False
base,active,247147.0,249486.0,249597.0,64 65 66 67 68 69 70 71 72 73 74 75 76 77 78 79 80 81 82 83 84 85 86 87 88 89 90 91 92 93 94 95 96 97 98 99 100 101 102 103 104 105 106 107 108 109 110 111 112 113 114 115 116 117 118 119 120 121 122 123 124 125 126 127,35518.0,False
base,active,247351.0,249597.0,249598.0,64 65 66 67 68 69 70 71 72 73 74 75 76 77 78 79 80 81 82 83 84 85 86 87 88 89 90 91 92 93 94 95 96 97 98 99 100 101 102 103 104 105 106 107 108 109 110 111 112 113 114 115 116 117 118 119 120 121 122 123 124 125 126 127,35521.0,False
base,active,247363.0,249598.0,249705.0,64 65 66 67 68 69 70 71 72 73 74 75 76 77 78 79 80 81 82 83 84 85 86 87 88 89 90 91 92 93 94 95 96 97 98 99 100 101 102 103 104 105 106 107 108 109 110 111 112 113 114 115 116 117 118 119 120 121 122 123 124 125 126 127,35522.0,False
base,active,248964.0,249705.0,249726.0,112 113 114 115 116 117 118 119,35536.0,False
base,active,247488.0,249705.0,249761.0,64 65 66 67,35523.0,False
base,active,247747.0,249705.0,249761.0,124 125 126 127,35526.0,False
base,active,248445.0,249705.0,249761.0,120 121 122 123,35532.0,False
base,active,249194.0,249705.0,249761.0,108 109 110 111,35538.0,False
base,active,,249705.0,249761.0,68 69 70 71 72 73 74 75 76 77 78 79 80 81 82 83 84 85 86 87 88 89 90 91 92 93 94 95 96 97 98 99 100 101 102 103 104 105 106 107,-1.0,
base,active,,249726.0,249761.0,112 113 114 115 116 117 118 119,-1.0,
base,active,247578.0,249761.0,249866.0,64 65 66 67 68 69 70 71 72 73 74 75 76 77 78 79 80 81 82 83 84 85 86 87 88 89 90 91 92 93 94 95 96 97 98 99 100 101 102 103 104 105 106 107 108 109 110 111 112 113 114 115 116 117 118 119 120 121 122 123 124 125 126 127,35525.0,False
base,active,247844.0,249866.0,249989.0,64 65 66 67 68 69 70 71 72 73 74 75 76 77 78 79 80 81 82 83 84 85 86 87 88 89 90 91 92 93 94 95 96 97 98 99 100 101 102 103 104 105 106 107 108 109 110 111 112 113 114 115 116 117 118 119 120 121 122 123 124 125 126 127,35527.0,False
base,active,248045.0,249989.0,250096.0,64 65 66 67 68 69 70 71 72 73 74 75 76 77 78 79 80 81 82 83 84 85 86 87 88 89 90 91 92 93 94 95 96 97 98 99 100 101 102 103 104 105 106 107 108 109 110 111 112 113 114 115 116 117 118 119 120 121 122 123 124 125 126 127,35529.0,False
base,active,248268.0,250096.0,250203.0,64 65 66 67 68 69 70 71 72 73 74 75 76 77 78 79 80 81 82 83 84 85 86 87 88 89 90 91 92 93 94 95 96 97 98 99 100 101 102 103 104 105 106 107 108 109 110 111 112 113 114 115 116 117 118 119 120 121 122 123 124 125 126 127,35531.0,False
base,active,248530.0,250203.0,250309.0,64 65 66 67 68 69 70 71 72 73 74 75 76 77 78 79 80 81 82 83 84 85 86 87 88 89 90 91 92 93 94 95 96 97 98 99 100 101 102 103 104 105 106 107 108 109 110 111 112 113 114 115 116 117 118 119 120 121 122 123 124 125 126 127,35533.0,False
base,active,248681.0,250309.0,250417.0,64 65 66 67 68 69 70 71 72 73 74 75 76 77 78 79 80 81 82 83 84 85 86 87 88 89 90 91 92 93 94 95 96 97 98 99 100 101 102 103 104 105 106 107 108 109 110 111 112 113 114 115 116 117 118 119 120 121 122 123 124 125 126 127,35534.0,False
base,active,,250417.0,250528.0,107,-1.0,
base,active,250344.0,250417.0,250568.0,108 109 110 111,35548.0,False
base,active,248824.0,250417.0,250640.0,64 65 66 67 68 69 70 71 72 73 74 75 76 77 78 79 80 81 82 83 84 85 86 87 88 89 90 91 92 93 94 95,35535.0,False
base,active,,250417.0,250640.0,104 105 106,-1.0,
base,active,250255.0,250417.0,250691.0,112 113 114 115 116 117 118 119 120 121 122 123 124 125 126 127,35547.0,False
base,active,249018.0,250417.0,251082.0,96 97 98 99 100 101 102 103,35537.0,False
base,active,250528.0,250528.0,250551.0,107,35551.0,False
base,active,,250551.0,250640.0,107,-1.0,
base,active,,250568.0,250640.0,108 109 110 111,-1.0,
base,active,250553.0,250640.0,250817.0,72 73 74 75 76 77 78 79 80 81 82 83 84 85 86 87 88 89 90 91 92 93 94 95 104 105 106 107 108 109 110 111,35552.0,False
base,active,,250640.0,250940.0,64 65 66 67 68 69 70 71,-1.0,
base,active,250674.0,250691.0,251017.0,112 113 114 115 116 117 118 119 120 121 122 123 124 125 126 127,35555.0,False
base,active,,250817.0,250885.0,108 109 110 111,-1.0,
base,active,,250817.0,250940.0,72 73 74 75 76 77 78 79,-1.0,
base,active,,250817.0,251017.0,80 81 82 83 84 85 86 87 88 89 90 91 92 93 94 95 104 105 106 107,-1.0,
base,active,250885.0,250885.0,251057.0,108 109 110 111,35560.0,False
base,active,250668.0,250940.0,251402.0,72 73 74 75 76 77 78 79,35554.0,False
base,switching_off,,250940.0,252740.0,64 65 66 67 68 69 70 71,-2.0,
base,active,,251017.0,251317.0,124 125 126 127,-1.0,
base,active,250786.0,251017.0,251773.0,80 81 82 83 84 85 86 87 88 89 90 91 92 93 94 95 104 105 106 107 112 113 114 115 116 117 118 119 120 121 122 123,35558.0,False
base,active,,251057.0,251060.0,108 109 110 111,-1.0,
base,active,251060.0,251060.0,251333.0,108 109 110 111,35564.0,False
base,active,,251082.0,251382.0,96 97 98 99 100 101 102 103,-1.0,
base,switching_off,,251317.0,253117.0,124 125 126 127,-2.0,
base,active,,251333.0,251633.0,108 109 110 111,-1.0,
base,switching_off,,251382.0,253182.0,96 97 98 99 100 101 102 103,-2.0,
base,active,,251402.0,251624.0,72,-1.0,
base,active,,251402.0,251661.0,73 74 75,-1.0,
base,active,,251402.0,251702.0,76 77 78 79,-1.0,
base,active,251624.0,251624.0,251651.0,72,35577.0,False
base,switching_off,,251633.0,253433.0,108 109 110 111,-2.0,
base,active,,251651.0,251661.0,72,-1.0,
base,active,251661.0,251661.0,251744.0,72 73 74 75,35578.0,False
base,switching_off,,251702.0,253502.0,76 77 78 79,-2.0,
base,active,,251744.0,251773.0,72 73 74 75,-1.0,
base,active,251173.0,251773.0,252039.0,72 73 74 75 80 81 82 83 84 85 86 87 88 89 90 91,35568.0,False
base,active,251471.0,251773.0,252052.0,92 93 94 95 104 105 106 107 112 113 114 115 116 117 118 119,35573.0,False
base,active,,251773.0,252073.0,120 121 122 123,-1.0,
base,active,251810.0,252039.0,252312.0,72 73 74 75 80 81 82 83 84 85 86 87 88 89 90 91,35581.0,False
base,active,,252052.0,252088.0,92 93 94 95,-1.0,
base,active,,252052.0,252173.0,104,-1.0,
base,active,,252052.0,252213.0,105 106 107 112 113 114 115 116 117 118 119,-1.0,
base,switching_off,,252073.0,253873.0,120 121 122 123,-2.0,
base,active,252088.0,252088.0,252213.0,92 93 94 95,35585.0,False
base,active,252173.0,252173.0,252201.0,104,35589.0,False
base,active,,252201.0,252213.0,104,-1.0,
base,active,252132.0,252213.0,252487.0,92 93 94 95 104 105 106 107 112 113 114 115 116 117 118 119,35587.0,False
base,active,252216.0,252312.0,252388.0,72 73 74 75,35590.0,False
base,active,,252312.0,252476.0,80 81 82 83 84 85 86 87 88 89 90 91,-1.0,
base,active,,252388.0,252476.0,72 73 74 75,-1.0,
base,active,252476.0,252476.0,252752.0,72 73 74 75 80 81 82 83 84 85 86 87 88 89 90 91,35596.0,False
base,active,,252487.0,252607.0,92,-1.0,
base,active,,252487.0,252752.0,93 94 95 104 105 106 107 112 113 114 115 116 117 118 119,-1.0,
base,active,249724.0,252502.0,252620.0,0 1 2 3 4 5 6 7 8 9 10 11 12 13 14 15 16 17 18 19 20 21 22 23 24 25 26 27 28 29 30 31 32 33 34 35 36 37 38 39 40 41 42 43 44 45 46 47 48 49 50 51 52 53 54 55 56 57 58 59 60 61 62 63,35540.0,False
base,active,252607.0,252607.0,252617.0,92,35601.0,False
base,active,,252617.0,252752.0,92,-1.0,
base,active,249888.0,252620.0,252741.0,0 1 2 3 4 5 6 7 8 9 10 11 12 13 14 15 16 17 18 19 20 21 22 23 24 25 26 27 28 29 30 31 32 33 34 35 36 37 38 39 40 41 42 43 44 45 46 47 48 49 50 51 52 53 54 55 56 57 58 59 60 61 62 63,35542.0,False
base,sleeping,,252740.0,252897.0,64 65 66 67,-4.0,
base,sleeping,,252740.0,253182.0,68 69 70 71,-4.0,
base,active,249992.0,252741.0,252934.0,0 1 2 3 4 5 6 7 8 9 10 11 12 13 14 15 16 17 18 19 20 21 22 23 24 25 26 27 28 29 30 31 32 33 34 35 36 37 38 39 40 41 42 43 44 45 46 47 48 49 50 51 52 53 54 55 56 57 58 59 60 61 62 63,35543.0,False
base,active,251726.0,252752.0,253186.0,72 73 74 75 80 81 82 83 84 85 86 87 88 89 90 91 92 93 94 95 104 105 106 107 112 113 114 115 116 117 118 119,35579.0,False
base,switching_on,,252897.0,255597.0,64 65 66 67,-3.0,
base,active,250074.0,252934.0,253056.0,0 1 2 3 4 5 6 7 8 9 10 11 12 13 14 15 16 17 18 19 20 21 22 23 24 25 26 27 28 29 30 31 32 33 34 35 36 37 38 39 40 41 42 43 44 45 46 47 48 49 50 51 52 53 54 55 56 57 58 59 60 61 62 63,35544.0,False
base,active,250247.0,253056.0,253177.0,0 1 2 3 4 5 6 7 8 9 10 11 12 13 14 15 16 17 18 19 20 21 22 23 24 25 26 27 28 29 30 31 32 33 34 35 36 37 38 39 40 41 42 43 44 45 46 47 48 49 50 51 52 53 54 55 56 57 58 59 60 61 62 63,35546.0,False
base,sleeping,,253117.0,253182.0,124 125 126 127,-4.0,
base,active,250413.0,253177.0,253307.0,0 1 2 3 4 5 6 7 8 9 10 11 12 13 14 15 16 17 18 19 20 21 22 23 24 25 26 27 28 29 30 31 32 33 34 35 36 37 38 39 40 41 42 43 44 45 46 47 48 49 50 51 52 53 54 55 56 57 58 59 60 61 62 63,35550.0,False
base,switching_on,,253182.0,255882.0,68 69 70 71 96 97 98 99 100 101 102 103 124 125 126 127,-3.0,
base,active,252721.0,253186.0,253390.0,72 73 74 75 80 81 82 83 84 85 86 87 88 89 90 91 92 93 94 95 104 105 106 107 112 113 114 115 116 117 118 119,35606.0,False
base,active,250581.0,253307.0,253434.0,0 1 2 3 4 5 6 7 8 9 10 11 12 13 14 15 16 17 18 19 20 21 22 23 24 25 26 27 28 29 30 31 32 33 34 35 36 37 38 39 40 41 42 43 44 45 46 47 48 49 50 51 52 53 54 55 56 57 58 59 60 61 62 63,35553.0,False
base,active,253053.0,253390.0,253801.0,72 73 74 75 80 81 82 83 84 85 86 87 88 89 90 91 92 93 94 95 104 105 106 107 112 113 114 115 116 117 118 119,35611.0,False
base,sleeping,,253433.0,253465.0,108,-4.0,
base,sleeping,,253433.0,253633.0,109,-4.0,
base,sleeping,,253433.0,254364.0,110 111,-4.0,
base,active,250760.0,253434.0,253556.0,0 1 2 3 4 5 6 7 8 9 10 11 12 13 14 15 16 17 18 19 20 21 22 23 24 25 26 27 28 29 30 31 32 33 34 35 36 37 38 39 40 41 42 43 44 45 46 47 48 49 50 51 52 53 54 55 56 57 58 59 60 61 62 63,35556.0,False
base,switching_on,,253465.0,256165.0,108,-3.0,
base,sleeping,,253502.0,253567.0,76 77 78 79,-4.0,
base,active,250944.0,253556.0,253631.0,0 1 2 3 4 5 6 7 8 9 10 11 12 13 14 15 16 17 18 19 20 21 22 23 24 25 26 27 28 29 30 31 32 33 34 35 36 37 38 39 40 41 42 43 44 45 46 47 48 49 50 51 52 53 54 55 56 57 58 59 60 61 62 63,35562.0,False
base,switching_on,,253567.0,256267.0,76 77 78 79,-3.0,
base,active,251065.0,253631.0,253671.0,0 1 2 3 4 5 6 7 8 9 10 11 12 13 14 15 16 17 18 19 20 21 22 23 24 25 26 27 28 29 30 31 32 33 34 35 36 37 38 39 40 41 42 43 44 45 46 47 48 49 50 51 52 53 54 55 56 57 58 59 60 61 62 63,35565.0,False
base,switching_on,,253633.0,256333.0,109,-3.0,
base,active,251141.0,253671.0,253710.0,0 1 2 3 4 5 6 7 8 9 10 11 12 13 14 15 16 17 18 19 20 21 22 23 24 25 26 27 28 29 30 31 32 33 34 35 36 37 38 39 40 41 42 43 44 45 46 47 48 49 50 51 52 53 54 55 56 57 58 59 60 61 62 63,35567.0,False
base,active,251225.0,253710.0,253741.0,0 1 2 3 4 5 6 7 8 9 10 11 12 13 14 15 16 17 18 19 20 21 22 23 24 25 26 27 28 29 30 31 32 33 34 35 36 37 38 39 40 41 42 43 44 45 46 47 48 49 50 51 52 53 54 55 56 57 58 59 60 61 62 63,35569.0,False
base,active,251287.0,253741.0,253773.0,0 1 2 3 4 5 6 7 8 9 10 11 12 13 14 15 16 17 18 19 20 21 22 23 24 25 26 27 28 29 30 31 32 33 34 35 36 37 38 39 40 41 42 43 44 45 46 47 48 49 50 51 52 53 54 55 56 57 58 59 60 61 62 63,35570.0,False
base,active,251353.0,253773.0,253809.0,0 1 2 3 4 5 6 7 8 9 10 11 12 13 14 15 16 17 18 19 20 21 22 23 24 25 26 27 28 29 30 31 32 33 34 35 36 37 38 39 40 41 42 43 44 45 46 47 48 49 50 51 52 53 54 55 56 57 58 59 60 61 62 63,35571.0,False
base,active,253694.0,253801.0,254057.0,72 73 74 75 80 81 82 83 84 85 86 87 88 89 90 91 92 93 94 95 104 105 106 107 112 113 114 115 116 117 118 119,35617.0,False
base,active,251420.0,253809.0,253846.0,0 1 2 3 4 5 6 7 8 9 10 11 12 13 14 15 16 17 18 19 20 21 22 23 24 25 26 27 28 29 30 31 32 33 34 35 36 37 38 39 40 41 42 43 44 45 46 47 48 49 50 51 52 53 54 55 56 57 58 59 60 61 62 63,35572.0,False
base,active,251511.0,253846.0,253887.0,0 1 2 3 4 5 6 7 8 9 10 11 12 13 14 15 16 17 18 19 20 21 22 23 24 25 26 27 28 29 30 31 32 33 34 35 36 37 38 39 40 41 42 43 44 45 46 47 48 49 50 51 52 53 54 55 56 57 58 59 60 61 62 63,35574.0,False
base,sleeping,,253873.0,254364.0,120 121,-4.0,
base,sleeping,,253873.0,254476.0,122,-4.0,
base,sleeping,,253873.0,254554.0,123,-4.0,
base,active,251598.0,253887.0,253910.0,0 1 2 3 4 5 6 7 8 9 10 11 12 13 14 15 16 17 18 19 20 21 22 23 24 25 26 27 28 29 30 31 32 33 34 35 36 37 38 39 40 41 42 43 44 45 46 47 48 49 50 51 52 53 54 55 56 57 58 59 60 61 62 63,35576.0,False
base,active,251809.0,253910.0,253947.0,0 1 2 3 4 5 6 7 8 9 10 11 12 13 14 15 16 17 18 19 20 21 22 23 24 25 26 27 28 29 30 31 32 33 34 35 36 37 38 39 40 41 42 43 44 45 46 47 48 49 50 51 52 53 54 55 56 57 58 59 60 61 62 63,35580.0,False
base,active,251912.0,253947.0,253996.0,0 1 2 3 4 5 6 7 8 9 10 11 12 13 14 15 16 17 18 19 20 21 22 23 24 25 26 27 28 29 30 31 32 33 34 35 36 37 38 39 40 41 42 43 44 45 46 47 48 49 50 51 52 53 54 55 56 57 58 59 60 61 62 63,35582.0,False
base,active,251980.0,253996.0,254037.0,0 1 2 3 4 5 6 7 8 9 10 11 12 13 14 15 16 17 18 19 20 21 22 23 24 25 26 27 28 29 30 31 32 33 34 35 36 37 38 39 40 41 42 43 44 45 46 47 48 49 50 51 52 53 54 55 56 57 58 59 60 61 62 63,35583.0,False
base,active,252070.0,254037.0,254076.0,0 1 2 3 4 5 6 7 8 9 10 11 12 13 14 15 16 17 18 19 20 21 22 23 24 25 26 27 28 29 30 31 32 33 34 35 36 37 38 39 40 41 42 43 44 45 46 47 48 49 50 51 52 53 54 55 56 57 58 59 60 61 62 63,35584.0,False
base,active,253765.0,254057.0,254145.0,72 73 74 75 80 81 82 83 84 85 86 87 88 89 90 91,35618.0,False
base,active,,254057.0,254145.0,92 93 94 95 104 105 106 107 112 113 114 115 116 117 118 119,-1.0,
base,active,252171.0,254076.0,254136.0,0 1 2 3 4 5 6 7 8 9 10 11 12 13 14 15 16 17 18 19 20 21 22 23 24 25 26 27 28 29 30 31 32 33 34 35 36 37 38 39 40 41 42 43 44 45 46 47 48 49 50 51 52 53 54 55 56 57 58 59 60 61 62 63,35588.0,False
base,active,252273.0,254136.0,254172.0,0 1 2 3 4 5 6 7 8 9 10 11 12 13 14 15 16 17 18 19 20 21 22 23 24 25 26 27 28 29 30 31 32 33 34 35 36 37 38 39 40 41 42 43 44 45 46 47 48 49 50 51 52 53 54 55 56 57 58 59 60 61 62 63,35591.0,False
base,active,254076.0,254145.0,254601.0,72 73 74 75 80 81 82 83 84 85 86 87 88 89 90 91 92 93 94 95 104 105 106 107 112 113 114 115 116 117 118 119,35620.0,False
base,active,252350.0,254172.0,254209.0,0 1 2 3 4 5 6 7 8 9 10 11 12 13 14 15 16 17 18 19 20 21 22 23 24 25 26 27 28 29 30 31 32 33 34 35 36 37 38 39 40 41 42 43 44 45 46 47 48 49 50 51 52 53 54 55 56 57 58 59 60 61 62 63,35592.0,False
base,active,252410.0,254209.0,254210.0,0 1 2 3 4 5 6 7 8 9 10 11 12 13 14 15 16 17 18 19 20 21 22 23 24 25 26 27 28 29 30 31 32 33 34 35 36 37 38 39 40 41 42 43 44 45 46 47 48 49 50 51 52 53 54 55 56 57 58 59 60 61 62 63,35593.0,False
base,active,252418.0,254210.0,254241.0,0 1 2 3 4 5 6 7 8 9 10 11 12 13 14 15 16 17 18 19 20 21 22 23 24 25 26 27 28 29 30 31 32 33 34 35 36 37 38 39 40 41 42 43 44 45 46 47 48 49 50 51 52 53 54 55 56 57 58 59 60 61 62 63,35594.0,False
base,active,252489.0,254241.0,254287.0,0 1 2 3 4 5 6 7 8 9 10 11 12 13 14 15 16 17 18 19 20 21 22 23 24 25 26 27 28 29 30 31 32 33 34 35 36 37 38 39 40 41 42 43 44 45 46 47 48 49 50 51 52 53 54 55 56 57 58 59 60 61 62 63,35597.0,False
base,active,252565.0,254287.0,254321.0,0 1 2 3 4 5 6 7 8 9 10 11 12 13 14 15 16 17 18 19 20 21 22 23 24 25 26 27 28 29 30 31 32 33 34 35 36 37 38 39 40 41 42 43 44 45 46 47 48 49 50 51 52 53 54 55 56 57 58 59 60 61 62 63,35599.0,False
base,active,252633.0,254321.0,254362.0,0 1 2 3 4 5 6 7 8 9 10 11 12 13 14 15 16 17 18 19 20 21 22 23 24 25 26 27 28 29 30 31 32 33 34 35 36 37 38 39 40 41 42 43 44 45 46 47 48 49 50 51 52 53 54 55 56 57 58 59 60 61 62 63,35603.0,False
base,active,252720.0,254362.0,254415.0,0 1 2 3 4 5 6 7 8 9 10 11 12 13 14 15 16 17 18 19 20 21 22 23 24 25 26 27 28 29 30 31 32 33 34 35 36 37 38 39 40 41 42 43 44 45 46 47 48 49 50 51 52 53 54 55 56 57 58 59 60 61 62 63,35605.0,False
base,switching_on,,254364.0,257064.0,110 111 120 121,-3.0,
base,active,252858.0,254415.0,254476.0,0 1 2 3 4 5 6 7 8 9 10 11 12 13 14 15 16 17 18 19 20 21 22 23 24 25 26 27 28 29 30 31 32 33 34 35 36 37 38 39 40 41 42 43 44 45 46 47 48 49 50 51 52 53 54 55 56 57 58 59 60 61 62 63,35609.0,False
base,active,254279.0,254476.0,254592.0,0 1 2 3 4 5 6 7 8 9 10 11 12 13 14 15 16 17 18 19 20 21 22 23 24 25 26 27 28 29 30 31 32 33 34 35 36 37 38 39 40 41 42 43 44 45 46 47 48 49 50 51 52 53 54 55 56 57 58 59 60 61 62 63,35624.0,False
base,switching_on,,254476.0,257176.0,122,-3.0,
base,switching_on,,254554.0,257254.0,123,-3.0,
base,active,254513.0,254592.0,254620.0,0 1 2 3,35628.0,False
base,active,254554.0,254592.0,254627.0,4 5 6 7 8 9 10 11,35630.0,False
base,active,,254592.0,254892.0,12 13 14 15 16 17 18 19 20 21 22 23 24 25 26 27 28 29 30 31 32 33 34 35 36 37 38 39 40 41 42 43 44 45 46 47 48 49 50 51 52 53 54 55 56 57 58 59 60 61 62 63,-1.0,
base,active,,254601.0,254901.0,72 73 74 75 80 81 82 83 84 85 86 87 88 89 90 91 92 93 94 95 104 105 106 107 112 113 114 115 116 117 118 119,-1.0,
base,active,,254620.0,254711.0,0 1 2 3,-1.0,
base,active,,254627.0,254927.0,4 5 6 7 8 9 10 11,-1.0,
base,active,254711.0,254711.0,254734.0,0 1 2 3,35631.0,False
base,active,,254734.0,254906.0,0 1 2 3,-1.0,
base,switching_off,,254892.0,256692.0,12 13 14 15 16 17 18 19 20 21 22 23 24 25 26 27 28 29 30 31 32 33 34 35 36 37 38 39 40 41 42 43 44 45 46 47 48 49 50 51 52 53 54 55 56 57 58 59 60 61 62 63,-2.0,
base,switching_off,,254901.0,256701.0,72 73 74 75 80 81 82 83 84 85 86 87 88 89 90 91 92 93 94 95 104 105 106 107 112 113 114 115 116 117 118 119,-2.0,
base,active,254906.0,254906.0,255137.0,0 1 2 3,35633.0,False
base,switching_off,,254927.0,256727.0,4 5 6 7 8 9 10 11,-2.0,
base,active,255136.0,255137.0,255144.0,1,35635.0,False
base,active,255060.0,255137.0,255145.0,0,35634.0,False
base,active,,255137.0,255437.0,2 3,-1.0,
base,active,,255144.0,255444.0,1,-1.0,
base,active,,255145.0,255445.0,0,-1.0,
base,switching_off,,255437.0,257237.0,2 3,-2.0,
base,switching_off,,255444.0,257244.0,1,-2.0,
base,switching_off,,255445.0,257245.0,0,-2.0,
base,active,252897.0,255597.0,255669.0,64 65 66 67,35610.0,False
base,active,,255669.0,255940.0,64 65 66 67,-1.0,
base,active,252806.0,255882.0,256167.0,68 69 70 71 96 97 98 99 100 101 102 103 124 125 126 127,35608.0,False
base,active,255940.0,255940.0,255967.0,64 65 66 67,35649.0,False
base,active,,255967.0,256167.0,64 65 66 67,-1.0,
base,active,253465.0,256165.0,256179.0,108,35613.0,False
base,active,255391.0,256167.0,256169.0,64 65 66 67 68 69 70 71,35637.0,False
base,active,255419.0,256167.0,256195.0,96 97 98 99 100 101 102 103,35638.0,False
base,active,,256167.0,256467.0,124 125 126 127,-1.0,
base,active,255447.0,256169.0,256239.0,64 65 66 67 68 69 70 71,35639.0,False
base,active,,256179.0,256479.0,108,-1.0,
base,active,,256195.0,256495.0,96 97 98 99 100 101 102 103,-1.0,
base,active,,256239.0,256539.0,64 65 66 67 68 69 70 71,-1.0,
base,active,253567.0,256267.0,256456.0,76 77 78 79,35614.0,False
base,active,253633.0,256333.0,256341.0,109,35615.0,False
base,active,,256341.0,256641.0,109,-1.0,
base,active,,256456.0,259392.0,76 77 78 79,-1.0,
base,switching_off,,256467.0,258267.0,124 125 126 127,-2.0,
base,switching_off,,256479.0,258279.0,108,-2.0,
base,switching_off,,256495.0,258295.0,96 97 98 99 100 101 102 103,-2.0,
base,switching_off,,256539.0,258339.0,64 65 66 67 68 69 70 71,-2.0,
base,switching_off,,256641.0,258441.0,109,-2.0,
base,sleeping,,256692.0,256701.0,40 41 42 43 44 45 46 47 48 49 50 51 52 53 54 55 56 57 58 59 60 61 62 63,-4.0,
base,switching_on,,256692.0,259392.0,12 13 14 15 16 17 18 19 20 21 22 23 24 25 26 27 28 29 30 31 32 33 34 35 36 37 38 39,-3.0,
base,sleeping,,256701.0,256744.0,92 93 94 95 104 105 106 107,-4.0,
base,sleeping,,256701.0,257648.0,112 113 114 115,-4.0,
base,sleeping,,256701.0,257664.0,116 117 118 119,-4.0,
base,switching_on,,256701.0,259401.0,40 41 42 43 44 45 46 47 48 49 50 51 52 53 54 55 56 57 58 59 60 61 62 63 72 73 74 75 80 81 82 83 84 85 86 87 88 89 90 91,-3.0,
base,sleeping,,256727.0,256744.0,4 5 6 7 8 9 10 11,-4.0,
base,switching_on,,256744.0,259444.0,4 5 6 7 8 9 10 11 92 93 94 95 104 105 106 107,-3.0,
base,active,254364.0,257064.0,257150.0,110 111 120 121,35626.0,False
base,active,,257150.0,257450.0,110 111 120 121,-1.0,
base,active,254467.0,257176.0,257197.0,122,35627.0,False
base,active,,257197.0,257497.0,122,-1.0,
base,sleeping,,257237.0,257648.0,2 3,-4.0,
base,sleeping,,257244.0,257648.0,1,-4.0,
base,sleeping,,257245.0,257648.0,0,-4.0,
base,active,254534.0,257254.0,257272.0,123,35629.0,False
base,active,,257272.0,257572.0,123,-1.0,
base,switching_off,,257450.0,259250.0,110 111 120 121,-2.0,
base,switching_off,,257497.0,259297.0,122,-2.0,
base,switching_off,,257572.0,259372.0,123,-2.0,
base,switching_on,,257648.0,260348.0,0 1 2 3 112 113 114 115,-3.0,
base,switching_on,,257664.0,260364.0,116 117 118 119,-3.0,
base,sleeping,,258267.0,258383.0,124 125 126,-4.0,
base,sleeping,,258267.0,259372.0,127,-4.0,
base,sleeping,,258279.0,258383.0,108,-4.0,
base,switching_on,,258295.0,260995.0,96 97 98 99 100 101 102 103,-3.0,
base,switching_on,,258339.0,261039.0,64 65 66 67 68 69 70 71,-3.0,
base,switching_on,,258383.0,261083.0,108 124 125 126,-3.0,
base,sleeping,,258441.0,259372.0,109,-4.0,
base,sleeping,,259250.0,259372.0,110 111 120 121,-4.0,
base,sleeping,,259297.0,259372.0,122,-4.0,
base,switching_on,,259372.0,262072.0,109 110 111 120 121 122 123 127,-3.0,
base,active,255724.0,259392.0,259421.0,12 13 14 15 16 17 18 19 20 21 22 23 24 25 26 27 28 29 30 31 32 33 34 35 36 37 38 39 76 77 78 79,35644.0,False
base,active,255773.0,259401.0,259426.0,40 41 42 43 44 45 46 47 48 49 50 51 52 53 54 55 56 57 58 59 60 61 62 63 72 73 74 75 80 81 82 83,35646.0,False
base,active,256614.0,259401.0,270337.0,84 85 86 87 88 89 90 91,35653.0,False
base,active,255806.0,259421.0,259447.0,12 13 14 15 16 17 18 19 20 21 22 23 24 25 26 27 28 29 30 31 32 33 34 35 36 37 38 39 76 77 78 79,35647.0,False
base,active,255884.0,259426.0,259452.0,40 41 42 43 44 45 46 47 48 49 50 51 52 53 54 55 56 57 58 59 60 61 62 63 72 73 74 75 80 81 82 83,35648.0,False
base,active,256744.0,259444.0,259469.0,4 5 6 7 8 9 10 11 92 93 94 95 104 105 106 107,35657.0,False
base,active,256372.0,259447.0,259473.0,12 13 14 15 16 17 18 19 20 21 22 23 24 25 26 27 28 29 30 31 32 33 34 35 36 37 38 39 76 77 78 79,35651.0,False
base,active,256576.0,259452.0,270424.0,40 41 42 43 44 45 46 47 48 49 50 51 52 53 54 55 56 57 58 59 60 61 62 63 72 73 74 75 80 81 82 83,35652.0,False
base,active,257215.0,259469.0,259495.0,4 5 6 7 8 9 10 11 92 93 94 95 104 105 106 107,35664.0,False
base,active,256617.0,259473.0,259501.0,12 13 14 15 16 17 18 19 20 21 22 23 24 25 26 27 28 29 30 31 32 33 34 35 36 37 38 39 76 77 78 79,35654.0,False
base,active,257432.0,259495.0,259522.0,4 5 6 7 8 9 10 11 92 93 94 95 104 105 106 107,35668.0,False
base,active,256677.0,259501.0,259527.0,12 13 14 15 16 17 18 19 20 21 22 23 24 25 26 27 28 29 30 31 32 33 34 35 36 37 38 39 76 77 78 79,35655.0,False
base,active,257568.0,259522.0,259548.0,4 5 6 7 8 9 10 11 92 93 94 95 104 105 106 107,35669.0,False
base,active,256918.0,259527.0,259553.0,12 13 14 15 16 17 18 19 20 21 22 23 24 25 26 27 28 29 30 31 32 33 34 35 36 37 38 39 76 77 78 79,35658.0,False
base,active,258069.0,259548.0,259579.0,4 5 6 7 8 9 10 11,35678.0,False
base,active,258229.0,259548.0,259602.0,92 93 94 95 104 105 106 107,35679.0,False
base,active,257115.0,259553.0,259584.0,12 13 14 15 16 17 18 19 20 21 22 23 24 25 26 27 28 29 30 31 32 33 34 35 36 37 38 39 76 77 78 79,35661.0,False
base,active,,259579.0,259879.0,4 5 6 7 8 9 10 11,-1.0,
base,active,258066.0,259584.0,259711.0,12 13 14 15 16 17 18 19 20 21 22 23 24 25 26 27 28 29 30 31 32 33 34 35 36 37 38 39 76 77 78 79,35677.0,False
base,active,,259602.0,259711.0,92 93 94 95 104 105 106 107,-1.0,
base,active,258423.0,259711.0,259950.0,20 21 22 23 24 25 26 27 28 29 30 31 32 33 34 35 36 37 38 39 76 77 78 79 92 93 94 95 104 105 106 107,35685.0,False
base,active,,259711.0,260011.0,12 13 14 15 16 17 18 19,-1.0,
base,switching_off,,259879.0,261679.0,4 5 6 7 8 9 10 11,-2.0,
base,active,258457.0,259950.0,259991.0,20 21 22 23 24 25 26 27 28 29 30 31 32 33 34 35 36 37 38 39 76 77 78 79 92 93 94 95 104 105 106 107,35687.0,False
base,active,258733.0,259991.0,260001.0,20 21 22 23 24 25 26 27 28 29 30 31 32 33 34 35 36 37 38 39 76 77 78 79 92 93 94 95 104 105 106 107,35691.0,False
base,active,258742.0,260001.0,260023.0,20 21 22 23 24 25 26 27 28 29 30 31 32 33 34 35 36 37 38 39 76 77 78 79 92 93 94 95 104 105 106 107,35692.0,False
base,switching_off,,260011.0,261811.0,12 13 14 15 16 17 18 19,-2.0,
base,active,258805.0,260023.0,261069.0,20 21 22 23 24 25 26 27 28 29 30 31 32 33 34 35 36 37 38 39 76 77 78 79 92 93 94 95 104 105 106 107,35695.0,False
base,active,257648.0,260348.0,260407.0,0 1 2 3 112 113 114 115,35670.0,False
base,active,257664.0,260364.0,260513.0,116 117 118 119,35671.0,False
base,active,,260407.0,260707.0,0 1 2 3 112 113 114 115,-1.0,
base,active,,260513.0,260813.0,116 117 118 119,-1.0,
base,switching_off,,260707.0,262507.0,0 1 2 3 112 113 114 115,-2.0,
base,switching_off,,260813.0,262613.0,116 117 118 119,-2.0,
base,active,257704.0,260995.0,261021.0,96 97 98 99 100 101 102 103,35672.0,False
base,active,260763.0,261021.0,261030.0,99,35713.0,False
base,active,260660.0,261021.0,261036.0,97,35711.0,False
base,active,260916.0,261021.0,261042.0,100,35715.0,False
base,active,260738.0,261021.0,261043.0,98,35712.0,False
base,active,260095.0,261021.0,261045.0,96,35705.0,False
base,active,,261021.0,261069.0,101 102 103,-1.0,
base,active,,261030.0,261069.0,99,-1.0,
base,active,,261036.0,261043.0,97,-1.0,
base,active,257818.0,261039.0,261069.0,64 65 66 67 68 69 70 71,35674.0,False
base,active,,261042.0,261069.0,100,-1.0,
base,active,,261043.0,261069.0,98,-1.0,
base,active,261043.0,261043.0,261072.0,97,35717.0,False
base,active,,261045.0,261069.0,96,-1.0,
base,active,,261069.0,261110.0,20,-1.0,
base,active,258974.0,261069.0,261114.0,35 36 37 38 39 64 65 66 67 68 69 70 71 76 77 78 79 92 93 94 95 96 98 99 100 101 102 103 104 105 106 107,35699.0,False
base,active,,261069.0,261316.0,21,-1.0,
base,active,,261069.0,261369.0,22 23 24 25 26 27 28 29 30 31 32 33 34,-1.0,
base,active,,261072.0,261114.0,97,-1.0,
base,active,258383.0,261083.0,261168.0,108 124 125 126,35684.0,False
base,active,261110.0,261110.0,261142.0,20,35719.0,False
base,active,,261114.0,261414.0,35,-1.0,
base,active,259855.0,261114.0,262213.0,36 37 38 39 64 65 66 67 68 69 70 71 76 77 78 79 92 93 94 95 96 97 98 99 100 101 102 103 104 105 106 107,35703.0,False
base,active,,261142.0,261188.0,20,-1.0,
base,active,,261168.0,261451.0,108 124 125,-1.0,
base,active,,261168.0,261468.0,126,-1.0,
base,active,261188.0,261188.0,261572.0,20,35721.0,False
base,active,261316.0,261316.0,261391.0,21,35722.0,False
base,switching_off,,261369.0,263169.0,22 23 24 25 26 27 28 29 30 31 32 33 34,-2.0,
base,active,,261391.0,261415.0,21,-1.0,
base,switching_off,,261414.0,263214.0,35,-2.0,
base,active,261415.0,261415.0,261443.0,21,35723.0,False
base,active,,261443.0,261451.0,21,-1.0,
base,active,261451.0,261451.0,261588.0,21 108 124 125,35724.0,False
base,switching_off,,261468.0,263268.0,126,-2.0,
base,active,,261572.0,261588.0,20,-1.0,
base,active,,261588.0,261888.0,108 124 125,-1.0,
base,active,261473.0,261588.0,262770.0,20 21,35726.0,False
base,sleeping,,261679.0,262213.0,4 5 6 7 8 9 10 11,-4.0,
base,sleeping,,261811.0,262213.0,12 13 14 15 16 17 18 19,-4.0,
base,switching_off,,261888.0,263688.0,108 124 125,-2.0,
base,active,258013.0,262072.0,262115.0,109 110 111 120 121 122 123 127,35676.0,False
base,active,,262115.0,264913.0,109 110 111 120 121 122 123 127,-1.0,
base,active,,262213.0,262513.0,36 37 38 39 64 65 66 67 68 69 70 71 76 77 78 79 92 93 94 95 96 97 98 99,-1.0,
base,active,,262213.0,264913.0,100 101 102 103 104 105 106 107,-1.0,
base,switching_on,,262213.0,264913.0,4 5 6 7 8 9 10 11 12 13 14 15 16 17 18 19,-3.0,
base,sleeping,,262507.0,265031.0,0 1 2 3 112 113 114,-4.0,
base,sleeping,,262507.0,265106.0,115,-4.0,
base,switching_off,,262513.0,264313.0,36 37 38 39 64 65 66 67 68 69 70 71 76 77 78 79 92 93 94 95 96 97 98 99,-2.0,
base,sleeping,,262613.0,265106.0,116 117 118 119,-4.0,
base,active,,262770.0,263070.0,20 21,-1.0,
base,switching_off,,263070.0,264870.0,20 21,-2.0,
base,sleeping,,263169.0,265031.0,22 23 24 25 26 27 28 29 30 31 32 33 34,-4.0,
base,sleeping,,263214.0,265031.0,35,-4.0,
base,sleeping,,263268.0,265106.0,126,-4.0,
base,sleeping,,263688.0,265031.0,108,-4.0,
base,sleeping,,263688.0,265106.0,124 125,-4.0,
base,sleeping,,264313.0,265031.0,36 37 38 39 64 65 66 67 68 69 70 71 76 77 78 79 92 93 94 95 96 97 98 99,-4.0,
base,sleeping,,264870.0,265031.0,20 21,-4.0,
base,active,260003.0,264913.0,265031.0,4 5 6 7 8 9 10 11 12 13 14 15 16 17 18 19 100 101 102 103 104 105 106 107 109 110 111 120 121 122 123 127,35704.0,False
base,active,,265031.0,267731.0,4 5 6 7 8 9 10 11 12 13 14 15 16 17 18 19 100 101 102 103 104 105 106 107 109 110 111 120 121 122 123 127,-1.0,
base,switching_on,,265031.0,267731.0,0 1 2 3 20 21 22 23 24 25 26 27 28 29 30 31 32 33 34 35 36 37 38 39 64 65 66 67 68 69 70 71 76 77 78 79 92 93 94 95 96 97 98 99 108 112 113 114,-3.0,
base,switching_on,,265106.0,267806.0,115 116 117 118 119 124 125 126,-3.0,
base,active,258278.0,267731.0,267758.0,76 77 78 79 92 93 94 95,35680.0,False
base,active,257798.0,267731.0,267909.0,0 1 2 3 4 5 6 7 8 9 10 11 12 13 14 15 16 17 18 19 20 21 22 23 24 25 26 27 28 29 30 31 32 33 34 35 36 37 38 39 64 65 66 67 68 69 70 71 100 101 102 103 104 105 106 107 109 110 111 120 121 122 123 127,35673.0,False
base,active,258330.0,267731.0,268055.0,96 97 98 99 108 112 113 114,35681.0,False
base,active,260474.0,267758.0,267847.0,76 77 78 79 92 93 94 95,35709.0,False
base,active,259309.0,267806.0,267893.0,115 116 117 118 119 124 125 126,35701.0,False
base,active,262125.0,267847.0,267915.0,92 93 94 95,35733.0,False
base,active,261721.0,267847.0,268221.0,76 77 78 79,35730.0,False
base,active,261735.0,267893.0,267915.0,115 116 117 118 119 124 125 126,35731.0,False
base,active,258378.0,267909.0,267938.0,0 1 2 3 4 5 6 7 8 9 10 11 12 13 14 15 16 17 18 19 20 21 22 23 24 25 26 27 28 29 30 31 32 33 34 35 36 37 38 39 64 65 66 67 68 69 70 71 100 101 102 103 104 105 106 107 109 110 111 120 121 122 123 127,35683.0,False
base,active,262778.0,267915.0,268047.0,115 116,35738.0,False
base,active,262757.0,267915.0,268065.0,92 93 94 95,35737.0,False
base,active,263767.0,267915.0,268090.0,117 118 119 124,35745.0,False
base,active,263788.0,267915.0,268343.0,125 126,35747.0,False
base,active,265355.0,267938.0,267945.0,33,35776.0,False
base,active,264983.0,267938.0,267946.0,71,35768.0,False
base,active,266458.0,267938.0,267950.0,32,35785.0,False
base,active,258750.0,267938.0,267952.0,100 101 102 103 104 105 106 107 109 110 111 120 121 122 123 127,35693.0,False
base,active,258540.0,267938.0,267955.0,16 17 18 19 20 21 22 23 24 25 26 27 28 29 30 31,35688.0,False
base,active,265211.0,267938.0,267955.0,34,35773.0,False
base,active,265031.0,267938.0,267958.0,67 68 69 70,35770.0,False
base,active,265165.0,267938.0,267958.0,35 36 37 38,35772.0,False
base,active,258430.0,267938.0,267959.0,0 1 2 3 4 5 6 7 8 9 10 11 12 13 14 15,35686.0,False
base,active,265106.0,267938.0,267959.0,39 64 65 66,35771.0,False
base,active,,267945.0,267959.0,33,-1.0,
base,active,,267946.0,267959.0,71,-1.0,
base,active,,267950.0,267959.0,32,-1.0,
base,active,,267952.0,267959.0,100 101 102 103 104 105 106 107 109 110 111 120 121 122 123 127,-1.0,
base,active,,267955.0,267959.0,16 17 18 19 20 21 22 23 24 25 26 27 28 29 30 31 34,-1.0,
base,active,,267958.0,267959.0,35 36 37 38 67 68 69 70,-1.0,
base,active,258710.0,267959.0,267971.0,0 1 2 3 4 5 6 7 8 9 10 11 12 13 14 15 16 17 18 19 20 21 22 23 24 25 26 27 28 29 30 31 32 33 34 35 36 37 38 39 64 65 66 67 68 69 70 71 100 101 102 103 104 105 106 107 109 110 111 120 121 122 123 127,35690.0,False
base,active,258924.0,267971.0,268003.0,0 1 2 3 4 5 6 7 8 9 10 11 12 13 14 15,35697.0,False
base,active,260272.0,267971.0,268058.0,100 101 102 103 104 105 106 107 109 110 111 120 121 122 123 127,35708.0,False
base,active,260189.0,267971.0,268440.0,16 17 18 19 20 21 22 23 24 25 26 27 28 29 30 31 32 33 34 35 36 37 38 39 64 65 66 67 68 69 70 71,35707.0,False
base,active,264956.0,268003.0,268025.0,12,35767.0,False
base,active,265230.0,268003.0,268025.0,11,35774.0,False
base,active,264322.0,268003.0,268030.0,13,35758.0,False
base,active,266514.0,268003.0,268031.0,10,35788.0,False
base,active,264068.0,268003.0,268033.0,8,35750.0,False
base,active,264133.0,268003.0,268034.0,15,35752.0,False
base,active,264178.0,268003.0,268039.0,14,35753.0,False
base,active,263864.0,268003.0,268047.0,0 1 2 3,35748.0,False
base,active,264106.0,268003.0,268047.0,9,35751.0,False
base,active,264023.0,268003.0,268201.0,4 5 6 7,35749.0,False
base,active,264248.0,268025.0,268164.0,11 12,35756.0,False
base,active,266529.0,268030.0,268092.0,13,35789.0,False
base,active,266648.0,268031.0,268052.0,10,35791.0,False
base,active,266693.0,268033.0,268048.0,8,35792.0,False
base,active,266726.0,268034.0,268049.0,15,35793.0,False
base,active,266776.0,268039.0,268054.0,14,35794.0,False
base,active,,268047.0,268058.0,2 3 9 115 116,-1.0,
base,active,264625.0,268047.0,268145.0,0 1,35761.0,False
base,active,,268048.0,268058.0,8,-1.0,
base,active,,268049.0,268058.0,15,-1.0,
base,active,,268052.0,268058.0,10,-1.0,
base,active,,268054.0,268058.0,14,-1.0,
base,active,,268055.0,268058.0,96 97 98 99 108 112 113 114,-1.0,
base,active,,268058.0,268145.0,127,-1.0,
base,active,260809.0,268058.0,268189.0,2 3 8 9 10 14 15 96 97 98 99 100 101 102 103 104 105 106 107 108 109 110 111 112 113 114 115 116 120 121 122 123,35714.0,False
base,active,264218.0,268065.0,268235.0,92 93 94 95,35755.0,False
base,active,264267.0,268090.0,268157.0,117 118 119 124,35757.0,False
base,active,,268092.0,268145.0,13,-1.0,
base,active,264604.0,268145.0,268261.0,0 1 13 127,35760.0,False
base,active,,268157.0,268189.0,117 118,-1.0,
base,active,,268157.0,268201.0,119,-1.0,
base,active,,268157.0,268457.0,124,-1.0,
base,active,,268164.0,268189.0,11 12,-1.0,
base,active,,268189.0,268201.0,120 121 122,-1.0,
base,active,,268189.0,268489.0,123,-1.0,
base,active,260967.0,268189.0,268857.0,2 3 8 9 10 11 12 14 15 96 97 98 99 100 101 102 103 104 105 106 107 108 109 110 111 112 113 114 115 116 117 118,35716.0,False
base,active,264801.0,268201.0,268223.0,4 5 6 7 119 120 121 122,35764.0,False
base,active,,268221.0,268223.0,76 77 78 79,-1.0,
base,active,,268223.0,268235.0,119 120 121 122,-1.0,
base,active,265284.0,268223.0,268308.0,4 5 6 7 76 77 78 79,35775.0,False
base,active,266128.0,268235.0,268323.0,92 93 94 95 119 120 121 122,35780.0,False
base,active,,268261.0,268308.0,0 1 13,-1.0,
base,active,,268261.0,268561.0,127,-1.0,
base,active,266277.0,268308.0,268413.0,0 1 4 5 6 7 13 76,35781.0,False
base,active,,268308.0,268608.0,77 78 79,-1.0,
base,active,,268323.0,268623.0,92 93 94 95 119 120 121 122,-1.0,
base,active,,268343.0,268643.0,125 126,-1.0,
base,active,,268413.0,268440.0,0 1 4 5 6 7 13,-1.0,
base,active,,268413.0,268713.0,76,-1.0,
base,active,,268440.0,268740.0,65 66 67 68 69 70 71,-1.0,
base,active,261173.0,268440.0,270334.0,0 1 4 5 6 7 13 16 17 18 19 20 21 22 23 24 25 26 27 28 29 30 31 32 33 34 35 36 37 38 39 64,35720.0,False
base,switching_off,,268457.0,270257.0,124,-2.0,
base,switching_off,,268489.0,270289.0,123,-2.0,
base,switching_off,,268561.0,270361.0,127,-2.0,
base,switching_off,,268608.0,270408.0,77 78 79,-2.0,
base,switching_off,,268623.0,270423.0,92 93 94 95 119 120 121 122,-2.0,
base,switching_off,,268643.0,270443.0,125 126,-2.0,
base,switching_off,,268713.0,270513.0,76,-2.0,
base,switching_off,,268740.0,270540.0,65 66 67 68 69 70 71,-2.0,
base,active,262207.0,268857.0,269529.0,2 3 8 9 10 11 12 14 15 96 97 98 99 100 101 102 103 104 105 106 107 108 109 110 111 112 113 114 115 116 117 118,35734.0,False
base,active,262882.0,269529.0,272350.0,2 3 8 9 10 11 12 14 15 96 97 98 99 100 101 102 103 104 105 106 107 108 109 110 111 112 113 114 115 116 117 118,35739.0,False
base,switching_on,,270257.0,272957.0,124,-3.0,
base,sleeping,,270289.0,270361.0,123,-4.0,
base,active,264208.0,270334.0,272232.0,0 1 4 5 6 7 13 16 17 18 19 20 21 22 23 24 25 26 27 28 29 30 31 32 33 34 35 36 37 38 39 64,35754.0,False
base,active,268890.0,270337.0,270482.0,84 85 86 87 88 89 90 91,35807.0,False
base,switching_on,,270361.0,273061.0,123 127,-3.0,
base,sleeping,,270408.0,270423.0,77 78 79,-4.0,
base,sleeping,,270423.0,270443.0,120 121 122,-4.0,
base,switching_on,,270423.0,273123.0,77 78 79 92 93 94 95 119,-3.0,
base,active,265832.0,270424.0,273384.0,40 41 42 43 44 45 46 47 48 49 50 51 52 53 54 55 56 57 58 59 60 61 62 63 72 73 74 75 80 81 82 83,35778.0,False
base,sleeping,,270443.0,270742.0,126,-4.0,
base,switching_on,,270443.0,273143.0,120 121 122 125,-3.0,
base,active,269711.0,270482.0,281421.0,84 85 86 87 88 89 90 91,35819.0,False
base,sleeping,,270513.0,270540.0,76,-4.0,
base,switching_on,,270540.0,273240.0,65 66 67 68 69 70 71 76,-3.0,
base,switching_on,,270742.0,273442.0,126,-3.0,
base,active,266459.0,272232.0,273799.0,0 1 4 5 6 7 13 16 17 18 19 20 21 22 23 24 25 26 27 28 29 30 31 32 33 34 35 36 37 38 39 64,35786.0,False
base,active,268055.0,272350.0,272401.0,2 3 8 9 10 11 12 14 15 96 97 98 99 100 101 102 103 104 105 106 107 108 109 110 111 112 113 114 115 116 117 118,35802.0,False
base,active,268635.0,272401.0,272485.0,2 3 8 9 10 11 12 14 15 96 97 98 99 100 101 102 103 104 105 106 107 108 109 110 111 112 113 114 115 116 117 118,35805.0,False
base,active,268905.0,272485.0,272569.0,2 3 8 9 10 11 12 14 15 96 97 98 99 100 101 102 103 104 105 106 107 108 109 110 111 112 113 114 115 116 117 118,35808.0,False
base,active,270391.0,272569.0,272619.0,103 104 105 106 107 108 109 110 111 112 113 114 115 116 117 118,35825.0,False
base,active,269450.0,272569.0,272659.0,2 3 8 9 10 11 12 14 15 96 97 98 99 100 101 102,35812.0,False
base,active,270674.0,272619.0,272670.0,111 112 113 114 115 116 117 118,35828.0,False
base,active,270419.0,272619.0,274293.0,103 104 105 106 107 108 109 110,35826.0,False
base,active,,272659.0,272670.0,15 96 97 98 99 100 101 102,-1.0,
base,active,,272659.0,272959.0,3 8 9 10 11 12 14,-1.0,
base,active,272246.0,272659.0,274301.0,2,35845.0,False
base,active,270449.0,272670.0,272764.0,15 96 97 98 99 100 101 102 111 112 113 114 115 116 117 118,35827.0,False
base,active,270751.0,272764.0,272864.0,15 96 97 98 99 100 101 102 111 112 113 114 115 116 117 118,35831.0,False
base,active,271346.0,272864.0,272975.0,15 96 97 98 99 100 101 102 111 112 113 114 115 116 117 118,35832.0,False
base,active,269661.0,272957.0,273054.0,124,35818.0,False
base,switching_off,,272959.0,274759.0,3 8 9 10 11 12 14,-2.0,
base,active,271387.0,272975.0,273046.0,15 96 97 98 99 100 101 102 111 112 113 114 115 116 117 118,35833.0,False
base,active,271478.0,273046.0,273253.0,15 96 97 98 99 100 101 102 111 112 113 114 115 116 117 118,35835.0,False
base,active,,273054.0,273253.0,124,-1.0,
base,active,269832.0,273061.0,273134.0,123 127,35821.0,False
base,active,269627.0,273123.0,273235.0,77 78 79 92 93 94 95 119,35816.0,False
base,active,,273134.0,273253.0,123 127,-1.0,
base,active,270054.0,273143.0,273213.0,120 121 122 125,35822.0,False
base,active,,273213.0,273253.0,120 121 122 125,-1.0,
base,active,,273235.0,273253.0,119,-1.0,
base,active,,273235.0,273384.0,77 78 79 92 93 94 95,-1.0,
base,active,270192.0,273240.0,273319.0,65 66 67 68 69 70 71 76,35823.0,False
base,active,272578.0,273253.0,273381.0,111 112 113 114 115 116 117 118 119 120 121 122 123 124 125 127,35846.0,False
base,active,,273253.0,273384.0,15 96 97 98 99 100 101 102,-1.0,
base,active,,273319.0,273384.0,65 66 67 68 69 70 71 76,-1.0,
base,active,,273381.0,273384.0,111 112 113 114 115 116 117 118 119,-1.0,
base,active,,273381.0,273508.0,120 121 122 123,-1.0,
base,active,,273381.0,273681.0,124 125 127,-1.0,
base,active,267968.0,273384.0,273405.0,15 40 41 42 43 44 45 46 47 48 49 50 51 52 53 54 55 56 57 58 59 60 61 62 63 65 66 67 68 69 70 71 72 73 74 75 76 77 78 79 80 81 82 83 92 93 94 95 96 97 98 99 100 101 102 111 112 113 114 115 116 117 118 119,35799.0,False
base,active,268001.0,273405.0,273452.0,15 40 41 42 43 44 45 46 47 48 49 50 51 52 53 54 55 56 57 58 59 60 61 62 63 65 66 67 68 69 70 71 72 73 74 75 76 77 78 79 80 81 82 83 92 93 94 95 96 97 98 99 100 101 102 111 112 113 114 115 116 117 118 119,35800.0,False
base,active,270742.0,273442.0,273462.0,126,35830.0,False
base,active,268808.0,273452.0,276131.0,72 73 74 75 76 77 78 79 80 81 82 83 92 93 94 95 96 97 98 99 100 101 102 111 112 113 114 115 116 117 118 119,35806.0,False
base,active,268054.0,273452.0,276136.0,15 40 41 42 43 44 45 46 47 48 49 50 51 52 53 54 55 56 57 58 59 60 61 62 63 65 66 67 68 69 70 71,35801.0,False
base,active,,273462.0,273762.0,126,-1.0,
base,active,273508.0,273508.0,273563.0,120 121 122 123,35853.0,False
base,active,,273563.0,273799.0,120 121 122 123,-1.0,
base,switching_off,,273681.0,275481.0,124 125 127,-2.0,
base,switching_off,,273762.0,275562.0,126,-2.0,
base,active,271608.0,273799.0,273807.0,6 7 13 16 17 18 19 20 21 22 23 24 25 26 27 28 29 30 31 32 33 34 35 36 37 38 39 64 120 121 122 123,35837.0,False
base,active,,273799.0,273818.0,0,-1.0,
base,active,,273799.0,274099.0,1 4 5,-1.0,
base,active,272637.0,273807.0,273825.0,6 7 13 16 17 18 19 20 21 22 23 24 25 26 27 28 29 30 31 32 33 34 35 36 37 38 39 64 120 121 122 123,35847.0,False
base,active,273818.0,273818.0,273856.0,0,35860.0,False
base,active,272670.0,273825.0,273846.0,6 7 13 16 17 18 19 20 21 22 23 24 25 26 27 28 29 30 31 32 33 34 35 36 37 38 39 64 120 121 122 123,35849.0,False
base,active,272849.0,273846.0,274002.0,6 7 13 16 17 18 19 20 21 22 23 24 25 26 27 28 29 30 31 32 33 34 35 36 37 38 39 64 120 121 122 123,35850.0,False
base,active,,273856.0,274015.0,0,-1.0,
base,active,273009.0,274002.0,274491.0,6 7 13 16 17 18 19 20 21 22 23 24 25 26 27 28 29 30 31 32 33 34 35 36 37 38 39 64 120 121 122 123,35851.0,False
base,active,274015.0,274015.0,274135.0,0,35862.0,False
base,switching_off,,274099.0,275899.0,1 4 5,-2.0,
base,active,,274135.0,274192.0,0,-1.0,
base,active,274192.0,274192.0,274209.0,0,35865.0,False
base,active,,274209.0,274225.0,0,-1.0,
base,active,274225.0,274225.0,274362.0,0,35867.0,False
base,active,274188.0,274293.0,274434.0,103 104 105 106 107 108 109 110,35864.0,False
base,active,,274301.0,274451.0,2,-1.0,
base,active,,274362.0,274451.0,0,-1.0,
base,active,,274434.0,274451.0,103 104,-1.0,
base,active,,274434.0,274491.0,105 106 107 108 109 110,-1.0,
base,active,274451.0,274451.0,274497.0,0 2 103 104,35873.0,False
base,active,274015.0,274491.0,274533.0,19 20 21 22 23 24 25 26 27 28 29 30 31 32 33 34 35 36 37 38 39 64 105 106 107 108 109 110 120 121 122 123,35861.0,False
base,active,,274491.0,274682.0,6 7,-1.0,
base,active,,274491.0,277459.0,13 16 17 18,-1.0,
base,active,,274497.0,274533.0,103 104,-1.0,
base,active,,274497.0,274682.0,0 2,-1.0,
base,active,274047.0,274533.0,274680.0,21 22 23 24 25 26 27 28 29 30 31 32 33 34 35 36 37 38 39 64 103 104 105 106 107 108 109 110 120 121 122 123,35863.0,False
base,active,,274533.0,277459.0,19 20,-1.0,
base,active,274205.0,274680.0,274690.0,21 22 23 24 25 26 27 28 29 30 31 32 33 34 35 36 37 38 39 64 103 104 105 106 107 108 109 110 120 121 122 123,35866.0,False
base,active,274682.0,274682.0,274721.0,0 2 6 7,35877.0,False
base,active,274237.0,274690.0,274733.0,21 22 23 24 25 26 27 28 29 30 31 32 33 34 35 36 37 38 39 64 103 104 105 106 107 108 109 110 120 121 122 123,35868.0,False
base,active,,274721.0,277459.0,0 2 6 7,-1.0,
base,active,274325.0,274733.0,274756.0,21 22 23 24 25 26 27 28 29 30 31 32 33 34 35 36 37 38 39 64 103 104 105 106 107 108 109 110 120 121 122 123,35870.0,False
base,active,274369.0,274756.0,274757.0,21 22 23 24 25 26 27 28 29 30 31 32 33 34 35 36 37 38 39 64 103 104 105 106 107 108 109 110 120 121 122 123,35871.0,False
base,active,274378.0,274757.0,274777.0,21 22 23 24 25 26 27 28 29 30 31 32 33 34 35 36 37 38 39 64 103 104 105 106 107 108 109 110 120 121 122 123,35872.0,False
base,sleeping,,274759.0,274797.0,14,-4.0,
base,switching_on,,274759.0,277459.0,3 8 9 10 11 12,-3.0,
base,active,274671.0,274777.0,274801.0,21 22 23 24 25 26 27 28 29 30 31 32 33 34 35 36 37 38 39 64 103 104 105 106 107 108 109 110 120 121 122 123,35876.0,False
base,switching_on,,274797.0,277497.0,14,-3.0,
base,active,,274801.0,275101.0,21 22 23 24 25 26 27 28 29 30 31 32 33 34 35 36 37 38 39 64 103 104 105 106 107 108 109 110 120 121 122 123,-1.0,
base,switching_off,,275101.0,276901.0,21 22 23 24 25 26 27 28 29 30 31 32 33 34 35 36 37 38 39 64 103 104 105 106 107 108 109 110 120 121 122 123,-2.0,
base,sleeping,,275481.0,275544.0,125,-4.0,
base,sleeping,,275481.0,275689.0,127,-4.0,
base,switching_on,,275481.0,278181.0,124,-3.0,
base,switching_on,,275544.0,278244.0,125,-3.0,
base,sleeping,,275562.0,275634.0,126,-4.0,
base,switching_on,,275634.0,278334.0,126,-3.0,
base,switching_on,,275689.0,278389.0,127,-3.0,
base,switching_on,,275899.0,278599.0,1 4,-3.0,
base,sleeping,,275899.0,279995.0,5,-4.0,
base,active,,276131.0,276136.0,72 73 74 75 76 77 78 79 80 81 82 83 92 93 94 95 96 97 98 99 100 101 102 111 112 113 114 115 116 117 118 119,-1.0,
base,active,269103.0,276136.0,276170.0,15 40 41 42 43 44 45 46 47 48 49 50 51 52 53 54 55 56 57 58 59 60 61 62 63 65 66 67 68 69 70 71 72 73 74 75 76 77 78 79 80 81 82 83 92 93 94 95 96 97 98 99 100 101 102 111 112 113 114 115 116 117 118 119,35810.0,False
base,active,275485.0,276170.0,276208.0,76 77 78 79,35888.0,False
base,active,275725.0,276170.0,276208.0,80 81 82 83,35892.0,False
base,active,275966.0,276170.0,276211.0,96 97 98 99,35896.0,False
base,active,274826.0,276170.0,276212.0,72 73 74 75,35880.0,False
base,active,275741.0,276170.0,276321.0,92 93 94 95,35893.0,False
base,active,,276170.0,276470.0,100 101 102 111 112 113 114 115 116 117 118 119,-1.0,
base,active,269660.0,276170.0,287159.0,15 40 41 42 43 44 45 46 47 48 49 50 51 52 53 54 55 56 57 58 59 60 61 62 63 65 66 67 68 69 70 71,35817.0,False
base,active,,276208.0,276508.0,76 77 78 79 80 81 82 83,-1.0,
base,active,,276211.0,276511.0,96 97 98 99,-1.0,
base,active,,276212.0,276232.0,72 73 74 75,-1.0,
base,active,276232.0,276232.0,276269.0,72 73 74 75,35897.0,False
base,active,,276269.0,276295.0,72 73 74 75,-1.0,
base,active,276295.0,276295.0,276335.0,72 73 74 75,35898.0,False
base,active,,276321.0,276621.0,92 93 94 95,-1.0,
base,active,,276335.0,276635.0,72 73 74 75,-1.0,
base,switching_off,,276470.0,278270.0,100 101 102 111 112 113 114 115 116 117 118 119,-2.0,
base,switching_off,,276508.0,278308.0,76 77 78 79 80 81 82 83,-2.0,
base,switching_off,,276511.0,278311.0,96 97 98 99,-2.0,
base,switching_off,,276621.0,278421.0,92 93 94 95,-2.0,
base,switching_off,,276635.0,278435.0,72 73 74 75,-2.0,
base,sleeping,,276901.0,277159.0,21 22 23 24 25 26 27 28 29 30 31 32 33 34 35 36 37 38 39 64 103 104 105 106 107 108 109 110 120 121 122 123,-4.0,
base,switching_on,,277159.0,279859.0,21 22 23 24 25 26 27 28 29 30 31 32 33 34 35 36 37 38 39 64 103 104 105 106 107 108 109 110 120 121 122 123,-3.0,
base,active,271741.0,277459.0,277698.0,0 2 3 6 7 8 9 10 11 12 13 16 17 18 19 20,35838.0,False
base,active,274797.0,277497.0,277769.0,14,35879.0,False
base,active,277068.0,277698.0,277719.0,11 12 13 16,35905.0,False
base,active,276612.0,277698.0,277731.0,2,35901.0,False
base,active,276558.0,277698.0,277736.0,0,35900.0,False
base,active,277098.0,277698.0,277761.0,17 18 19 20,35906.0,False
base,active,276671.0,277698.0,277985.0,3 6,35903.0,False
base,active,276649.0,277698.0,278007.0,7 8 9 10,35902.0,False
base,active,277130.0,277719.0,277825.0,11 12 13 16,35907.0,False
base,active,,277731.0,277736.0,2,-1.0,
base,active,277152.0,277736.0,277820.0,0 2,35908.0,False
base,active,277218.0,277761.0,277802.0,17 18 19 20,35910.0,False
base,active,,277769.0,277802.0,14,-1.0,
base,active,,277802.0,278102.0,20,-1.0,
base,active,277562.0,277802.0,278187.0,14 17 18 19,35912.0,False
base,active,277584.0,277820.0,278182.0,0 2,35913.0,False
base,active,277658.0,277825.0,277863.0,11 12 13 16,35914.0,False
base,active,277710.0,277863.0,277901.0,11 12 13 16,35915.0,False
base,active,277791.0,277901.0,277953.0,11 12 13 16,35916.0,False
base,active,277891.0,277953.0,277990.0,11 12 13 16,35917.0,False
base,active,,277985.0,278285.0,3 6,-1.0,
base,active,,277990.0,278290.0,11 12 13 16,-1.0,
base,active,,278007.0,278307.0,7 8 9 10,-1.0,
base,switching_off,,278102.0,279902.0,20,-2.0,
base,active,275234.0,278181.0,278213.0,124,35885.0,False
base,active,,278182.0,278421.0,0 2,-1.0,
base,active,,278187.0,278421.0,14 17 18 19,-1.0,
base,active,,278213.0,278421.0,124,-1.0,
base,active,275544.0,278244.0,281105.0,125,35889.0,False
base,sleeping,,278270.0,279995.0,100 101 102 111 112 113 114 115 116 117 118,-4.0,
base,sleeping,,278270.0,280534.0,119,-4.0,
base,switching_off,,278285.0,280085.0,3 6,-2.0,
base,switching_off,,278290.0,280090.0,11 12 13 16,-2.0,
base,switching_off,,278307.0,280107.0,7 8 9 10,-2.0,
base,sleeping,,278308.0,279995.0,76 77 78 79 80 81 82 83,-4.0,
base,sleeping,,278311.0,279995.0,96 97 98 99,-4.0,
base,active,275634.0,278334.0,278375.0,126,35890.0,False
base,active,,278375.0,278421.0,126,-1.0,
base,active,275689.0,278389.0,278434.0,127,35891.0,False
base,active,277982.0,278421.0,278469.0,0 2 14 17 18 19 124 126,35918.0,False
base,sleeping,,278421.0,279995.0,92 93 94 95,-4.0,
base,active,,278434.0,278734.0,127,-1.0,
base,sleeping,,278435.0,279995.0,72 73 74 75,-4.0,
base,active,,278469.0,278541.0,0 2 14 17,-1.0,
base,active,,278469.0,278769.0,18 19 124 126,-1.0,
base,active,278541.0,278541.0,278579.0,0 2 14 17,35921.0,False
base,active,,278579.0,278879.0,0 2 14 17,-1.0,
base,active,275764.0,278599.0,278727.0,1 4,35894.0,False
base,active,,278727.0,279027.0,1 4,-1.0,
base,switching_off,,278734.0,280534.0,127,-2.0,
base,switching_off,,278769.0,280569.0,18 19 124 126,-2.0,
base,switching_off,,278879.0,280679.0,0 2 14 17,-2.0,
base,switching_off,,279027.0,280827.0,1 4,-2.0,
base,active,277159.0,279859.0,279995.0,21 22 23 24 25 26 27 28 29 30 31 32 33 34 35 36 37 38 39 64 103 104 105 106 107 108 109 110 120 121 122 123,35909.0,False
base,sleeping,,279902.0,279995.0,20,-4.0,
base,active,,279995.0,282695.0,21 22 23 24 25 26 27 28 29 30 31 32 33 34 35 36 37 38 39 64 103 104 105 106 107 108 109 110 120 121 122 123,-1.0,
base,switching_on,,279995.0,282695.0,5 20 72 73 74 75 76 77 78 79 80 81 82 83 92 93 94 95 96 97 98 99 100 101 102 111 112 113 114 115 116 117 118,-3.0,
base,sleeping,,280085.0,280090.0,3 6,-4.0,
base,sleeping,,280090.0,280534.0,13 16,-4.0,
base,switching_on,,280090.0,282790.0,3 6 11 12,-3.0,
base,switching_on,,280107.0,282807.0,7 8 9 10,-3.0,
base,switching_on,,280534.0,283234.0,13 16 119 127,-3.0,
base,switching_on,,280569.0,283269.0,18 19 124 126,-3.0,
base,switching_on,,280679.0,283379.0,0 2 14 17,-3.0,
base,sleeping,,280827.0,283521.0,1 4,-4.0,
base,active,,281105.0,281405.0,125,-1.0,
base,switching_off,,281405.0,283205.0,125,-2.0,
base,active,,281421.0,281721.0,88 89 90 91,-1.0,
base,active,280337.0,281421.0,288624.0,84 85 86 87,35942.0,False
base,switching_off,,281721.0,283521.0,88 89 90 91,-2.0,
base,active,279372.0,282695.0,282698.0,118,35933.0,False
base,active,271581.0,282695.0,282706.0,5 20 21 22 23 24 25 26 27 28 29 30 31 32 33 34 35 36 37 38 39 64 72 73 74 75 76 77 78 79 80 81 82 83 92 93 94 95 96 97 98 99 100 101 102 103 104 105 106 107 108 109 110 111 112 113 114 115 116 117 120 121 122 123,35836.0,False
base,active,,282698.0,282706.0,118,-1.0,
base,active,279266.0,282706.0,282735.0,35 36 37 38 39 64 72 73,35927.0,False
base,active,278315.0,282706.0,282937.0,83 92 93 94 95 96 97 98 99 100 101 102 103 104 105 106 107 108 109 110 111 112 113 114 115 116 117 118 120 121 122 123,35920.0,False
base,active,272018.0,282706.0,282998.0,5 20 21 22 23 24 25 26 27 28 29 30 31 32 33 34,35842.0,False
base,active,,282706.0,282998.0,82,-1.0,
base,active,279611.0,282706.0,283202.0,74 75 76 77 78 79 80 81,35935.0,False
base,active,,282735.0,282764.0,35,-1.0,
base,active,,282735.0,282998.0,36 37 38 39 64 72 73,-1.0,
base,active,282764.0,282764.0,283808.0,35,35949.0,False
base,active,279345.0,282790.0,282828.0,3 6 11 12,35929.0,False
base,active,279695.0,282807.0,282874.0,7 8 9 10,35936.0,False
base,active,,282828.0,282998.0,3 6 11 12,-1.0,
base,active,,282874.0,282998.0,7 8 9 10,-1.0,
base,active,,282937.0,282998.0,83 92 93 94 95 96 97 98 99 100 101 102 103 104 105 106 107 108 109 110 111 112 113 114 115 116 117 118 120 121 122 123,-1.0,
base,active,273798.0,282998.0,283203.0,3 5 6 7 8 9 10 11 12 20 21 22 23 24 25 26 27 28 29 30 31 32 33 34 36 37 38 39 64 72 73 82 83 92 93 94 95 96 97 98 99 100 101 102 103 104 105 106 107 108 109 110 111 112 113 114 115 116 117 118 120 121 122 123,35858.0,False
base,active,280666.0,283202.0,284310.0,74 75 76 77 78 79 80 81,35946.0,False
base,active,274536.0,283203.0,283267.0,3 5 6 7 8 9 10 11 12 20 21 22 23 24 25 26 27 28 29 30 31 32 33 34 36 37 38 39 64 72 73 82 83 92 93 94 95 96 97 98 99 100 101 102 103 104 105 106 107 108 109 110 111 112 113 114 115 116 117 118 120 121 122 123,35875.0,False
base,sleeping,,283205.0,285120.0,125,-4.0,
base,active,279856.0,283234.0,283307.0,13 16 119 127,35937.0,False
base,active,278594.0,283267.0,283326.0,107 108 109 110 111 112 113 114 115 116 117 118 120 121 122 123,35922.0,False
base,active,275018.0,283267.0,283334.0,3 5 6 7 8 9 10 11 12 20 21 22 23 24 25 26,35881.0,False
base,active,,283267.0,283334.0,99 100 101 102 103 104 105 106,-1.0,
base,active,276787.0,283267.0,283348.0,27 28 29 30 31 32 33 34 36 37 38 39 64 72 73 82,35904.0,False
base,active,281146.0,283267.0,283380.0,83 92 93 94 95 96 97 98,35947.0,False
base,active,279934.0,283269.0,283492.0,18 19 124 126,35938.0,False
base,active,,283307.0,283326.0,119 127,-1.0,
base,active,,283307.0,283380.0,13 16,-1.0,
base,active,278686.0,283326.0,283332.0,109 110 111 112 113 114 115 116 117 118 119 120 121 122 123 127,35923.0,False
base,active,,283326.0,283334.0,107 108,-1.0,
base,active,279349.0,283332.0,283338.0,109 110 111 112 113 114 115 116 117 118 119 120 121 122 123 127,35930.0,False
base,active,279357.0,283334.0,283340.0,21 22 23 24 25 26 99 100 101 102 103 104 105 106 107 108,35931.0,False
base,active,,283334.0,283380.0,3 5 6 7 8 9 10 11 12 20,-1.0,
base,active,283325.0,283338.0,283344.0,109 110 111 112 113 114 115 116 117 118 119 120 121 122 123 127,35952.0,False
base,active,,283340.0,283380.0,21 22 23 24 25 26 99 100 101 102 103 104 105 106 107 108,-1.0,
base,active,,283344.0,283380.0,109 110 111 112 113 114 115 116 117 118 119 120,-1.0,
base,active,,283344.0,286221.0,121 122 123 127,-1.0,
base,active,,283348.0,283380.0,27 28 29 30 31 32 33 34 36 37 38 39 64 72 73 82,-1.0,
base,active,280228.0,283379.0,283422.0,0 2 14 17,35940.0,False
base,active,277429.0,283380.0,283603.0,3 5 6 7 8 9 10 11 12 13 16 20 21 22 23 24 25 26 27 28 29 30 31 32 33 34 36 37 38 39 64 72 73 82 83 92 93 94 95 96 97 98 99 100 101 102 103 104 105 106 107 108 109 110 111 112 113 114 115 116 117 118 119 120,35911.0,False
base,active,,283422.0,286221.0,0 2 14 17,-1.0,
base,active,,283492.0,286221.0,18 19 124 126,-1.0,
base,sleeping,,283521.0,284026.0,90,-4.0,
base,sleeping,,283521.0,285002.0,91,-4.0,
base,switching_on,,283521.0,286221.0,1 4 88 89,-3.0,
base,active,279295.0,283603.0,283651.0,105 106 107 108 109 110 111 112 113 114 115 116 117 118 119 120,35928.0,False
base,active,279222.0,283603.0,283671.0,73 82 83 92 93 94 95 96 97 98 99 100 101 102 103 104,35926.0,False
base,active,278693.0,283603.0,283691.0,3 5 6 7 8 9 10 11 12 13 16 20 21 22 23 24,35924.0,False
base,active,278768.0,283603.0,284043.0,25 26 27 28 29 30 31 32 33 34 36 37 38 39 64 72,35925.0,False
base,active,279364.0,283651.0,283725.0,105 106 107 108 109 110 111 112 113 114 115 116 117 118 119 120,35932.0,False
base,active,,283671.0,283691.0,73 82 83 92 93 94 95 96 97 98 99 100 101 102 103 104,-1.0,
base,active,279601.0,283691.0,286885.0,3 5 6 7 8 9 10 11 12 13 16 20 21 22 23 24 73 82 83 92 93 94 95 96 97 98 99 100 101 102 103 104,35934.0,False
base,active,,283725.0,284025.0,105 106 107 108 109 110 111 112 113 114 115 116 117 118 119 120,-1.0,
base,active,,283808.0,283835.0,35,-1.0,
base,active,283835.0,283835.0,283943.0,35,35954.0,False
base,active,,283943.0,284243.0,35,-1.0,
base,switching_off,,284025.0,285825.0,105 106 107 108 109 110 111 112 113 114 115 116 117 118 119 120,-2.0,
base,switching_on,,284026.0,286726.0,90,-3.0,
base,active,,284043.0,284343.0,25 26 27 28 29 30 31 32 33 34 36 37 38 39 64 72,-1.0,
base,switching_off,,284243.0,286043.0,35,-2.0,
base,active,,284310.0,284610.0,74 75 76 77 78 79 80 81,-1.0,
base,switching_off,,284343.0,286143.0,25 26 27 28 29 30 31 32 33 34 36 37 38 39 64 72,-2.0,
base,switching_off,,284610.0,286410.0,74 75 76 77 78 79 80 81,-2.0,
base,switching_on,,285002.0,287702.0,91,-3.0,
base,switching_on,,285120.0,287820.0,125,-3.0,
base,switching_on,,285825.0,288525.0,105 106 107 108 109 110 111 112 113 114 115 116 117 118 119 120,-3.0,
base,switching_on,,286043.0,288743.0,35,-3.0,
base,switching_on,,286143.0,288843.0,25 26 27 28 29 30 31 32 33 34 36 37 38 39 64 72,-3.0,
base,active,278115.0,286221.0,286642.0,0 1 2 4 14 17 18 19 88 89 121 122 123 124 126 127,35919.0,False
base,sleeping,,286410.0,288449.0,76,-4.0,
base,sleeping,,286410.0,288504.0,77 78 79 80,-4.0,
base,sleeping,,286410.0,288529.0,81,-4.0,
base,switching_on,,286410.0,289110.0,74 75,-3.0,
base,active,280584.0,286642.0,286754.0,0 1 2 4 14 17 18 19 88 89 121 122 123 124 126 127,35945.0,False
base,active,284026.0,286726.0,286739.0,90,35955.0,False
base,active,,286739.0,286885.0,90,-1.0,
base,active,,286754.0,286842.0,0,-1.0,
base,active,,286754.0,286885.0,1 2 4 14 17 18 19 88 89,-1.0,
base,active,,286754.0,287054.0,121 122 123 124 126 127,-1.0,
base,active,286842.0,286842.0,286982.0,0,35962.0,False
base,active,280161.0,286885.0,286971.0,1 2 3 4 5 6 7 8 9 10 11 12 13 14 16 17 18 19 20 21 22 23 24 73 82 83 88 89 90 92 93 94,35939.0,False
base,active,,286885.0,287185.0,95 96 97 98 99 100 101 102 103 104,-1.0,
base,active,280272.0,286971.0,294238.0,1 2 3 4 5 6 7 8 9 10 11 12 13 14 16 17 18 19 20 21 22 23 24 73 82 83 88 89 90 92 93 94,35941.0,False
base,active,,286982.0,287159.0,0,-1.0,
base,switching_off,,287054.0,288854.0,121 122 123 124 126 127,-2.0,
base,active,,287159.0,287174.0,71,-1.0,
base,active,281265.0,287159.0,287283.0,0 15 40 41 42 43 44 45 46 47 48 49 50 51 52 53 54 55 56 57 58 59 60 61 62 63 65 66 67 68 69 70,35948.0,False
base,active,287174.0,287174.0,287421.0,71,35963.0,False
base,switching_off,,287185.0,288985.0,95 96 97 98 99 100 101 102 103 104,-2.0,
base,active,282805.0,287283.0,287365.0,0 15 40 41 42 43 44 45 46 47 48 49 50 51 52 53 54 55 56 57 58 59 60 61 62 63 65 66 67 68 69 70,35950.0,False
base,active,282892.0,287365.0,287481.0,0 15 40 41 42 43 44 45 46 47 48 49 50 51 52 53 54 55 56 57 58 59 60 61 62 63 65 66 67 68 69 70,35951.0,False
base,active,,287421.0,287447.0,71,-1.0,
base,active,287447.0,287447.0,287539.0,71,35964.0,False
base,active,283446.0,287481.0,288626.0,0 15 40 41 42 43 44 45 46 47 48 49 50 51 52 53 54 55 56 57 58 59 60 61 62 63 65 66 67 68 69 70,35953.0,False
base,active,,287539.0,287839.0,71,-1.0,
base,active,285002.0,287702.0,287797.0,91,35957.0,False
base,active,,287797.0,288097.0,91,-1.0,
base,active,285120.0,287820.0,287946.0,125,35958.0,False
base,switching_off,,287839.0,289639.0,71,-2.0,
base,active,,287946.0,288246.0,125,-1.0,
base,switching_off,,288097.0,289897.0,91,-2.0,
base,switching_off,,288246.0,290046.0,125,-2.0,
base,switching_on,,288449.0,291149.0,76,-3.0,
base,switching_on,,288504.0,291204.0,77 78 79 80,-3.0,
base,active,280436.0,288525.0,288572.0,105 106 107 108 109 110 111 112 113 114 115 116 117 118 119 120,35943.0,False
base,switching_on,,288529.0,291229.0,81,-3.0,
base,active,,288572.0,288588.0,109,-1.0,
base,active,288510.0,288572.0,288698.0,105 106 107 108,35968.0,False
base,active,,288572.0,288872.0,110 111 112 113 114 115 116 117 118 119 120,-1.0,
base,active,288588.0,288588.0,288671.0,109,35970.0,False
base,active,,288624.0,288688.0,84 85 86 87,-1.0,
base,active,284617.0,288626.0,291547.0,0 15 40 41 42 43 44 45 46 47 48 49 50 51 52 53 54 55 56 57 58 59 60 61 62 63 65 66 67 68 69 70,35956.0,False
base,active,,288671.0,288688.0,109,-1.0,
base,active,288651.0,288688.0,288716.0,84 85 86 87,35971.0,False
base,active,288688.0,288688.0,288722.0,109,35972.0,False
base,active,,288698.0,291685.0,105 106 107 108,-1.0,
base,active,,288716.0,291685.0,84 85 86 87,-1.0,
base,active,,288722.0,291685.0,109,-1.0,
base,active,285440.0,288743.0,288852.0,35,35959.0,False
base,active,280488.0,288843.0,288935.0,25 26 27 28 29 30 31 32 33 34 36 37 38 39 64 72,35944.0,False
base,active,,288852.0,291628.0,35,-1.0,
base,sleeping,,288854.0,288928.0,121 122 123,-4.0,
base,sleeping,,288854.0,289046.0,124 126,-4.0,
base,sleeping,,288854.0,292968.0,127,-4.0,
base,switching_off,,288872.0,290672.0,110 111 112 113 114 115 116 117 118 119 120,-2.0,
base,switching_on,,288928.0,291628.0,121 122 123,-3.0,
base,active,,288935.0,291685.0,25 26 27 28 29 30 31 32 33 34 36 37 38 39 64 72,-1.0,
base,sleeping,,288985.0,289046.0,102 103 104,-4.0,
base,switching_on,,288985.0,291685.0,95 96 97 98 99 100 101,-3.0,
base,switching_on,,289046.0,291746.0,102 103 104 124 126,-3.0,
base,active,285681.0,289110.0,289215.0,74,35960.0,False
base,active,286184.0,289110.0,289216.0,75,35961.0,False
base,active,,289215.0,289515.0,74,-1.0,
base,active,,289216.0,289516.0,75,-1.0,
base,switching_off,,289515.0,291315.0,74,-2.0,
base,switching_off,,289516.0,291316.0,75,-2.0,
base,sleeping,,289639.0,292412.0,71,-4.0,
base,sleeping,,289897.0,292412.0,91,-4.0,
base,sleeping,,290046.0,292774.0,125,-4.0,
base,sleeping,,290672.0,292742.0,110 111 112 113,-4.0,
base,sleeping,,290672.0,292774.0,114 115 116 117 118 119 120,-4.0,
base,active,287546.0,291149.0,291169.0,76,35965.0,False
base,active,,291169.0,291469.0,76,-1.0,
base,active,288504.0,291204.0,291283.0,77 78 79 80,35967.0,False
base,active,288529.0,291229.0,291236.0,81,35969.0,False
base,active,,291236.0,291536.0,81,-1.0,
base,active,,291283.0,291547.0,77,-1.0,
base,active,,291283.0,291583.0,78 79 80,-1.0,
base,sleeping,,291315.0,292412.0,74,-4.0,
base,sleeping,,291316.0,292412.0,75,-4.0,
base,switching_off,,291469.0,293269.0,76,-2.0,
base,switching_off,,291536.0,293336.0,81,-2.0,
base,active,289062.0,291547.0,291553.0,77,35977.0,False
base,active,288928.0,291547.0,291766.0,0 15 40 41 42 43 44 45 46 47 48 49 50 51 52 53 54 55 56 57 58 59 60 61 62 63 65 66 67 68 69 70,35974.0,False
base,active,,291553.0,291853.0,77,-1.0,
base,switching_off,,291583.0,293383.0,78 79 80,-2.0,
base,active,288709.0,291628.0,291652.0,35 121 122 123,35973.0,False
base,active,,291652.0,291952.0,35 121 122 123,-1.0,
base,active,288449.0,291685.0,291863.0,25 26 27 28 29 30 31 32 33 34 36 37 38 39 64 72 84 85 86 87 95 96 97 98 99 100 101 105 106 107 108 109,35966.0,False
base,active,289046.0,291746.0,291751.0,126,35976.0,False
base,active,288985.0,291746.0,291913.0,102 103 104 124,35975.0,False
base,active,,291751.0,292051.0,126,-1.0,
base,active,,291766.0,292066.0,0 15 40 41 42 43 44 45 46 47 48 49 50 51 52 53 54 55 56 57 58 59 60 61 62 63 65 66 67 68 69 70,-1.0,
base,switching_off,,291853.0,293653.0,77,-2.0,
base,active,,291863.0,292163.0,25 26 27 28 29 30 31 32 33 34 36 37 38 39 64 72 84 85 86 87 95 96 97 98 99 100 101 105 106 107 108 109,-1.0,
base,active,,291913.0,292213.0,102 103 104 124,-1.0,
base,switching_off,,291952.0,293752.0,35 121 122 123,-2.0,
base,switching_off,,292051.0,293851.0,126,-2.0,
base,switching_off,,292066.0,293866.0,0 15 40 41 42 43 44 45 46 47 48 49 50 51 52 53 54 55 56 57 58 59 60 61 62 63 65 66 67 68 69 70,-2.0,
base,switching_off,,292163.0,293963.0,25 26 27 28 29 30 31 32 33 34 36 37 38 39 64 72 84 85 86 87 95 96 97 98 99 100 101 105 106 107 108 109,-2.0,
base,switching_off,,292213.0,294013.0,102 103 104 124,-2.0,
base,switching_on,,292412.0,295112.0,71 74 75 91,-3.0,
base,switching_on,,292742.0,295442.0,110 111 112 113,-3.0,
base,switching_on,,292774.0,295474.0,114 115 116 117 118 119 120 125,-3.0,
base,switching_on,,292968.0,295668.0,127,-3.0,
base,switching_on,,293269.0,295969.0,76,-3.0,
base,switching_on,,293336.0,296036.0,81,-3.0,
base,sleeping,,293383.0,293752.0,80,-4.0,
base,switching_on,,293383.0,296083.0,78 79,-3.0,
base,sleeping,,293653.0,293752.0,77,-4.0,
base,switching_on,,293752.0,296452.0,35 77 80 121,-3.0,
base,sleeping,,293752.0,297680.0,122 123,-4.0,
base,sleeping,,293851.0,297680.0,126,-4.0,
base,sleeping,,293866.0,293963.0,46 47 48 49 50 51 52 53 54 55 56 57 58 59 60 61 62 63 65 66 67 68 69 70,-4.0,
base,switching_on,,293866.0,296566.0,0 15 40 41 42 43 44 45,-3.0,
base,switching_on,,293963.0,296663.0,25 26 27 28 29 30 31 32 33 34 36 37 38 39 46 47 48 49 50 51 52 53 54 55 56 57 58 59 60 61 62 63 64 65 66 67 68 69 70 72,-3.0,
base,sleeping,,293963.0,297680.0,84 85 86 87 95 96 97 98 99 100 101 105 106 107 108 109,-4.0,
base,sleeping,,294013.0,297680.0,102 103 104 124,-4.0,
base,active,,294238.0,294538.0,1 2 3 4 5 6 7 8 9 10 11 12 13 14 16 17 18 19 20 21 22 23 24 73 82 83 88 89 90 92 93 94,-1.0,
base,switching_off,,294538.0,296338.0,1 2 3 4 5 6 7 8 9 10 11 12 13 14 16 17 18 19 20 21 22 23 24 73 82 83 88 89 90 92 93 94,-2.0,
base,active,292412.0,295112.0,295147.0,71 74 75 91,35978.0,False
base,active,,295147.0,295447.0,71 74 75 91,-1.0,
base,active,292742.0,295442.0,295467.0,110 111 112 113,35979.0,False
base,switching_off,,295447.0,297247.0,71 74 75 91,-2.0,
base,active,,295467.0,295767.0,110 111 112 113,-1.0,
base,active,292774.0,295474.0,295580.0,114 115 116 117 118 119 120 125,35980.0,False
base,active,,295580.0,295880.0,114 115 116 117 118 119 120 125,-1.0,
base,active,292968.0,295668.0,295672.0,127,35984.0,False
base,active,,295672.0,295972.0,127,-1.0,
base,switching_off,,295767.0,297567.0,110 111 112 113,-2.0,
base,switching_off,,295880.0,297680.0,114 115 116 117 118 119 120 125,-2.0,
base,active,293028.0,295969.0,295973.0,76,35986.0,False
base,switching_off,,295972.0,297772.0,127,-2.0,
base,active,,295973.0,296273.0,76,-1.0,
base,active,293041.0,296036.0,296042.0,81,35987.0,False
base,active,,296042.0,296342.0,81,-1.0,
base,active,293058.0,296083.0,296086.0,78,35988.0,False
base,active,293304.0,296083.0,296086.0,79,35989.0,False
base,active,,296086.0,296386.0,78 79,-1.0,
base,switching_off,,296273.0,298073.0,76,-2.0,
base,sleeping,,296338.0,297680.0,8 9 10 11 12 13 14 16 17 18 19 20 21 22 23 24 73 82 83 88 89 90 92 93 94,-4.0,
base,sleeping,,296338.0,298320.0,4 5 6 7,-4.0,
base,sleeping,,296338.0,301224.0,1 2 3,-4.0,
base,switching_off,,296342.0,298142.0,81,-2.0,
base,switching_off,,296386.0,298186.0,78 79,-2.0,
base,active,293002.0,296452.0,296503.0,35 77 80 121,35985.0,False
base,active,,296503.0,296803.0,35 77 80 121,-1.0,
base,active,292783.0,296566.0,296664.0,0 15 40 41 42 43 44 45,35981.0,False
base,active,292950.0,296663.0,296705.0,64 65 66 67 68 69 70 72,35983.0,False
base,active,292945.0,296663.0,296763.0,25 26 27 28 29 30 31 32 33 34 36 37 38 39 46 47 48 49 50 51 52 53 54 55 56 57 58 59 60 61 62 63,35982.0,False
base,active,,296664.0,296964.0,0 15 40 41 42 43 44 45,-1.0,
base,active,,296705.0,297005.0,64 65 66 67 68 69 70 72,-1.0,
base,active,,296763.0,297063.0,25 26 27 28 29 30 31 32 33 34 36 37 38 39 46 47 48 49 50 51 52 53 54 55 56 57 58 59 60 61 62 63,-1.0,
base,switching_off,,296803.0,298603.0,35 77 80 121,-2.0,
base,switching_off,,296964.0,298764.0,0 15 40 41 42 43 44 45,-2.0,
base,switching_off,,297005.0,298805.0,64 65 66 67 68 69 70 72,-2.0,
base,switching_off,,297063.0,298863.0,25 26 27 28 29 30 31 32 33 34 36 37 38 39 46 47 48 49 50 51 52 53 54 55 56 57 58 59 60 61 62 63,-2.0,
base,sleeping,,297247.0,297680.0,71 74 75 91,-4.0,
base,sleeping,,297567.0,297680.0,110 111 112 113,-4.0,
base,switching_on,,297680.0,300380.0,8 9 10 11 12 13 14 16 17 18 19 20 21 22 23 24 71 73 74 75 82 83 84 85 86 87 88 89 90 91 92 93 94 95 96 97 98 99 100 101 102 103 104 105 106 107 108 109 110 111 112 113 114 115 116 117 118 119 120 122 123 124 125 126,-3.0,
base,sleeping,,297772.0,298176.0,127,-4.0,
base,sleeping,,298073.0,298320.0,76,-4.0,
base,sleeping,,298142.0,298320.0,81,-4.0,
base,switching_on,,298176.0,300876.0,127,-3.0,
base,sleeping,,298186.0,298320.0,78 79,-4.0,
base,switching_on,,298320.0,301020.0,4 5 6 7 76 78 79 81,-3.0,
base,sleeping,,298603.0,301224.0,35 77 80 121,-4.0,
base,sleeping,,298764.0,301224.0,0 15 40 41 42 43 44 45,-4.0,
base,sleeping,,298805.0,301224.0,64 65 66 67 68 69 70 72,-4.0,
base,sleeping,,298863.0,301224.0,25 26 27 28 29 30 31 32 33 34 36 37 38 39 46 47 48 49 50 51 52 53 54 55 56 57 58 59 60 61 62 63,-4.0,
base,active,297505.0,300380.0,300852.0,8 9 10 11 12 13 14 16 17 18 19 20 21 22 23 24 71 73 74 75 82 83 84 85 86 87 88 89 90 91 92 93 94 95 96 97 98 99 100 101 102 103 104 105 106 107 108 109 110 111 112 113 114 115 116 117 118 119 120 122 123 124 125 126,35993.0,False
base,active,298490.0,300852.0,300924.0,8 9 10 11 12 13 14 16 17 18 19 20 21 22 23 24 71 73 74 75 82 83 84 85 86 87 88 89 90 91 92 93,35997.0,False
base,active,298131.0,300852.0,301225.0,94 95 96 97 98 99 100 101 102 103 104 105 106 107 108 109 110 111 112 113 114 115 116 117 118 119 120 122 123 124 125 126,35994.0,False
base,active,298176.0,300876.0,300940.0,127,35995.0,False
base,active,,300924.0,301224.0,8 9 10 11 12 13 14 16 17 18 19 20 21 22 23 24,-1.0,
base,active,298627.0,300924.0,301784.0,71 73 74 75 82 83 84 85 86 87 88 89 90 91 92 93,35998.0,False
base,active,,300940.0,303924.0,127,-1.0,
base,active,298320.0,301020.0,301143.0,4 5 6 7 76 78 79 81,35996.0,False
base,active,,301143.0,303924.0,4 5 6 7 76 78 79 81,-1.0,
base,switching_off,,301224.0,303024.0,8 9 10 11 12 13 14 16 17 18 19 20 21 22 23 24,-2.0,
base,switching_on,,301224.0,303924.0,0 1 2 3 15 25 26 27 28 29 30 31 32 33 34 35 36 37 38 39 40 41 42 43 44 45 46 47 48 49 50 51 52 53 54 55 56 57 58 59 60 61 62 63 64 65 66 67 68 69 70 72 77 80 121,-3.0,
base,active,299106.0,301225.0,301230.0,94 95 96 97 98 99 100 101 102 103 104 105 106 107 108 109 110 111 112 113 114 115 116 117 118 119 120 122 123 124 125 126,36001.0,False
base,active,,301230.0,301530.0,94 95 96 97 98 99 100 101 102 103 104 105 106 107 108 109 110 111 112 113 114 115 116 117 118 119 120 122 123 124 125 126,-1.0,
base,switching_off,,301530.0,303330.0,94 95 96 97 98 99 100 101 102 103 104 105 106 107 108 109 110 111 112 113 114 115 116 117 118 119 120 122 123 124 125 126,-2.0,
base,active,,301784.0,302084.0,71 73 74 75 82 83 84 85 86 87 88 89 90 91 92 93,-1.0,
base,switching_off,,302084.0,303884.0,71 73 74 75 82 83 84 85 86 87 88 89 90 91 92 93,-2.0,
base,sleeping,,303024.0,304205.0,8 9 10 11 12 13 14 16 17 18 19 20 21 22 23 24,-4.0,
base,sleeping,,303330.0,304205.0,94 95 96 97 98 99 100 101 102 103 104 105 106 107 108 109 110 111 112 113 114 115 116 117 118 119 120 122 123 124 125 126,-4.0,
base,sleeping,,303884.0,304205.0,71 73 74 75 82 83 84 85 86 87 88 89 90 91 92 93,-4.0,
base,active,298649.0,303924.0,303976.0,43 44 45 46 47 48 49 50 51 52 53 54 55 56 57 58 59 60 61 62 63 64 65 66 67 68 69 70 72 77 80 121,35999.0,False
base,active,298762.0,303924.0,304205.0,0 1 2 3 4 5 6 7 15 25 26 27 28 29 30 31 32 33 34 35 36 37 38 39 40 41 42 76 78 79 81 127,36000.0,False
base,active,,303976.0,306905.0,43 44 45 46 47 48 49 50 51 52 53 54 55 56 57 58 59 60 61 62 63 64 65 66 67 68 69 70 72 77 80 121,-1.0,
base,active,,304205.0,306905.0,0 1 2 3 4 5 6 7 15 25 26 27 28 29 30 31 32 33 34 35 36 37 38 39 40 41 42 76 78 79 81 127,-1.0,
base,switching_on,,304205.0,306905.0,8 9 10 11 12 13 14 16 17 18 19 20 21 22 23 24 71 73 74 75 82 83 84 85 86 87 88 89 90 91 92 93 94 95 96 97 98 99 100 101 102 103 104 105 106 107 108 109 110 111 112 113 114 115 116 117 118 119 120 122 123 124 125 126,-3.0,
base,active,295575.0,306905.0,307648.0,0 1 2 3 4 5 6 7 8 9 10 11 12 13 14 15 16 17 18 19 20 21 22 23 24 25 26 27 28 29 30 31 32 33 34 35 36 37 38 39 40 41 42 43 44 45 46 47 48 49 50 51 52 53 54 55 56 57 58 59 60 61 62 63 64 65 66 67 68 69 70 71 72 73 74 75 76 77 78 79 80 81 82 83 84 85 86 87 88 89 90 91 92 93 94 95 96 97 98 99 100 101 102 103 104 105 106 107 108 109 110 111 112 113 114 115 116 117 118 119 120 121 122 123 124 125 126 127,35990.0,False
base,active,296608.0,307648.0,308148.0,0 1 2 3 4 5 6 7 8 9 10 11 12 13 14 15 16 17 18 19 20 21 22 23 24 25 26 27 28 29 30 31 32 33 34 35 36 37 38 39 40 41 42 43 44 45 46 47 48 49 50 51 52 53 54 55 56 57 58 59 60 61 62 63 64 65 66 67 68 69 70 71 72 73 74 75 76 77 78 79 80 81 82 83 84 85 86 87 88 89 90 91 92 93 94 95 96 97 98 99 100 101 102 103 104 105 106 107 108 109 110 111 112 113 114 115 116 117 118 119 120 121 122 123 124 125 126 127,35991.0,False
base,active,304822.0,308148.0,308158.0,125,36008.0,False
base,active,304596.0,308148.0,308176.0,127,36005.0,False
base,active,305442.0,308148.0,308236.0,121,36013.0,False
base,active,306649.0,308148.0,308236.0,119,36021.0,False
base,active,307013.0,308148.0,308238.0,117,36024.0,False
base,active,306808.0,308148.0,308243.0,118,36023.0,False
base,active,304653.0,308148.0,308244.0,126,36006.0,False
base,active,304857.0,308148.0,308246.0,124,36009.0,False
base,active,305026.0,308148.0,308247.0,123,36010.0,False
base,active,306437.0,308148.0,308255.0,120,36020.0,False
base,active,305178.0,308148.0,308260.0,122,36011.0,False
base,active,,308148.0,308448.0,64 65 66 67 68 69 70 71 72 73 74 75 76 77 78 79 80 81 82 83 84 85 86 87 88 89 90 91 92 93 94 95 96 97 98 99 100 101 102 103 104 105 106 107 108 109 110 111 112 113 114 115 116,-1.0,
base,active,297112.0,308148.0,314333.0,0 1 2 3 4 5 6 7 8 9 10 11 12 13 14 15 16 17 18 19 20 21 22 23 24 25 26 27 28 29 30 31 32 33 34 35 36 37 38 39 40 41 42 43 44 45 46 47 48 49 50 51 52 53 54 55 56 57 58 59 60 61 62 63,35992.0,False
base,active,,308158.0,308458.0,125,-1.0,
base,active,,308176.0,308476.0,127,-1.0,
base,active,,308236.0,308536.0,119 121,-1.0,
base,active,,308238.0,308538.0,117,-1.0,
base,active,,308243.0,308543.0,118,-1.0,
base,active,,308244.0,308544.0,126,-1.0,
base,active,,308246.0,308546.0,124,-1.0,
base,active,,308247.0,308547.0,123,-1.0,
base,active,,308255.0,308555.0,120,-1.0,
base,active,,308260.0,308560.0,122,-1.0,
base,switching_off,,308448.0,310248.0,64 65 66 67 68 69 70 71 72 73 74 75 76 77 78 79 80 81 82 83 84 85 86 87 88 89 90 91 92 93 94 95 96 97 98 99 100 101 102 103 104 105 106 107 108 109 110 111 112 113 114 115 116,-2.0,
base,switching_off,,308458.0,310258.0,125,-2.0,
base,switching_off,,308476.0,310276.0,127,-2.0,
base,switching_off,,308536.0,310336.0,119 121,-2.0,
base,switching_off,,308538.0,310338.0,117,-2.0,
base,switching_off,,308543.0,310343.0,118,-2.0,
base,switching_off,,308544.0,310344.0,126,-2.0,
base,switching_off,,308546.0,310346.0,124,-2.0,
base,switching_off,,308547.0,310347.0,123,-2.0,
base,switching_off,,308555.0,310355.0,120,-2.0,
base,switching_off,,308560.0,310360.0,122,-2.0,
base,switching_on,,310248.0,312948.0,116,-3.0,
base,sleeping,,310248.0,316888.0,64 65 66 67 68 69 70 71 72 73 74 75 76 77 78 79 80 81 82 83 84 85 86 87 88 89 90 91 92 93 94 95 96 97 98 99 100 101 102 103 104 105 106 107 108 109 110 111 112 113 114 115,-4.0,
base,sleeping,,310258.0,311000.0,125,-4.0,
base,sleeping,,310276.0,310504.0,127,-4.0,
base,sleeping,,310336.0,316888.0,119 121,-4.0,
base,sleeping,,310338.0,316888.0,117,-4.0,
base,sleeping,,310343.0,316888.0,118,-4.0,
base,sleeping,,310344.0,310785.0,126,-4.0,
base,sleeping,,310346.0,314076.0,124,-4.0,
base,sleeping,,310347.0,316888.0,123,-4.0,
base,sleeping,,310355.0,316888.0,120,-4.0,
base,sleeping,,310360.0,316888.0,122,-4.0,
base,switching_on,,310504.0,313204.0,127,-3.0,
base,switching_on,,310785.0,313485.0,126,-3.0,
base,switching_on,,311000.0,313700.0,125,-3.0,
base,active,310240.0,312948.0,313183.0,116,36044.0,False
base,active,,313183.0,313483.0,116,-1.0,
base,active,310504.0,313204.0,313452.0,127,36045.0,False
base,active,,313452.0,313752.0,127,-1.0,
base,switching_off,,313483.0,315283.0,116,-2.0,
base,active,310785.0,313485.0,313566.0,126,36047.0,False
base,active,,313566.0,313866.0,126,-1.0,
base,active,311000.0,313700.0,313821.0,125,36048.0,False
base,switching_off,,313752.0,315552.0,127,-2.0,
base,active,,313821.0,314121.0,125,-1.0,
base,switching_off,,313866.0,315666.0,126,-2.0,
base,switching_on,,314076.0,316776.0,124,-3.0,
base,switching_off,,314121.0,315921.0,125,-2.0,
base,active,,314333.0,314633.0,0 1 2 3 4 5 6 7 8 9 10 11 12 13 14 15 16 17 18 19 20 21 22 23 24 25 26 27 28 29 30 31 32 33 34 35 36 37 38 39 40 41 42 43 44 45 46 47 48 49 50 51 52 53 54 55 56 57 58 59 60 61 62 63,-1.0,
base,switching_off,,314633.0,316433.0,0 1 2 3 4 5 6 7 8 9 10 11 12 13 14 15 16 17 18 19 20 21 22 23 24 25 26 27 28 29 30 31 32 33 34 35 36 37 38 39 40 41 42 43 44 45 46 47 48 49 50 51 52 53 54 55 56 57 58 59 60 61 62 63,-2.0,
base,sleeping,,315283.0,316888.0,116,-4.0,
base,sleeping,,315552.0,316888.0,127,-4.0,
base,sleeping,,315666.0,316888.0,126,-4.0,
base,sleeping,,315921.0,316888.0,125,-4.0,
base,sleeping,,316433.0,316888.0,0 1 2 3 4 5 6 7 8 9 10 11 12 13 14 15 16 17 18 19 20 21 22 23 24 25 26 27 28 29 30 31 32 33 34 35 36 37 38 39 40 41 42 43 44 45 46 47 48 49 50 51 52 53 54 55 56 57 58 59 60 61 62 63,-4.0,
base,active,314076.0,316776.0,316888.0,124,36063.0,False
base,active,,316888.0,319588.0,124,-1.0,
base,switching_on,,316888.0,319588.0,0 1 2 3 4 5 6 7 8 9 10 11 12 13 14 15 16 17 18 19 20 21 22 23 24 25 26 27 28 29 30 31 32 33 34 35 36 37 38 39 40 41 42 43 44 45 46 47 48 49 50 51 52 53 54 55 56 57 58 59 60 61 62 63 64 65 66 67 68 69 70 71 72 73 74 75 76 77 78 79 80 81 82 83 84 85 86 87 88 89 90 91 92 93 94 95 96 97 98 99 100 101 102 103 104 105 106 107 108 109 110 111 112 113 114 115 116 117 118 119 120 121 122 123 125 126 127,-3.0,
base,active,303302.0,319588.0,319679.0,0 1 2 3 4 5 6 7 8 9 10 11 12 13 14 15 16 17 18 19 20 21 22 23 24 25 26 27 28 29 30 31 32 33 34 35 36 37 38 39 40 41 42 43 44 45 46 47 48 49 50 51 52 53 54 55 56 57 58 59 60 61 62 63 64 65 66 67 68 69 70 71 72 73 74 75 76 77 78 79 80 81 82 83 84 85 86 87 88 89 90 91 92 93 94 95 96 97 98 99 100 101 102 103 104 105 106 107 108 109 110 111 112 113 114 115 116 117 118 119 120 121 122 123 124 125 126 127,36002.0,False
base,active,319490.0,319679.0,319706.0,66,36094.0,False
base,active,319266.0,319679.0,319763.0,65,36092.0,False
base,active,319526.0,319679.0,319776.0,67,36095.0,False
base,active,319096.0,319679.0,319784.0,64,36091.0,False
base,active,,319679.0,319979.0,68 69 70 71 72 73 74 75 76 77 78 79 80 81 82 83 84 85 86 87 88 89 90 91 92 93 94 95 96 97 98 99 100 101 102 103 104 105 106 107 108 109 110 111 112 113 114 115 116 117 118 119 120 121 122 123 124 125 126 127,-1.0,
base,active,303397.0,319679.0,330604.0,0 1 2 3 4 5 6 7 8 9 10 11 12 13 14 15 16 17 18 19 20 21 22 23 24 25 26 27 28 29 30 31 32 33 34 35 36 37 38 39 40 41 42 43 44 45 46 47 48 49 50 51 52 53 54 55 56 57 58 59 60 61 62 63,36003.0,False
base,active,,319706.0,320006.0,66,-1.0,
base,active,,319763.0,320063.0,65,-1.0,
base,active,,319776.0,320076.0,67,-1.0,
base,active,,319784.0,320084.0,64,-1.0,
base,switching_off,,319979.0,321779.0,68 69 70 71 72 73 74 75 76 77 78 79 80 81 82 83 84 85 86 87 88 89 90 91 92 93 94 95 96 97 98 99 100 101 102 103 104 105 106 107 108 109 110 111 112 113 114 115 116 117 118 119 120 121 122 123 124 125 126 127,-2.0,
base,switching_off,,320006.0,321806.0,66,-2.0,
base,switching_off,,320063.0,321863.0,65,-2.0,
base,switching_off,,320076.0,321876.0,67,-2.0,
base,switching_off,,320084.0,321884.0,64,-2.0,
base,sleeping,,321779.0,322817.0,69,-4.0,
base,sleeping,,321779.0,323017.0,70,-4.0,
base,sleeping,,321779.0,323236.0,71,-4.0,
base,switching_on,,321779.0,324479.0,68,-3.0,
base,sleeping,,321779.0,324524.0,72,-4.0,
base,sleeping,,321779.0,325915.0,126 127,-4.0,
base,sleeping,,321779.0,326599.0,110 111 112 113 114 115 116 117 118 119 120 121 122 123 124 125,-4.0,
base,sleeping,,321779.0,326988.0,101 102 103 104 105 106 107 108 109,-4.0,
base,sleeping,,321779.0,327355.0,100,-4.0,
base,sleeping,,321779.0,327409.0,99,-4.0,
base,sleeping,,321779.0,327437.0,98,-4.0,
base,sleeping,,321779.0,331068.0,97,-4.0,
base,sleeping,,321779.0,334625.0,73 74 75 76 77 78 79 80 81 82 83 84 85 86 87 88 89 90 91 92 93 94 95 96,-4.0,
base,sleeping,,321806.0,321820.0,66,-4.0,
base,switching_on,,321820.0,324520.0,66,-3.0,
base,sleeping,,321863.0,322449.0,65,-4.0,
base,sleeping,,321876.0,322628.0,67,-4.0,
base,sleeping,,321884.0,322246.0,64,-4.0,
base,switching_on,,322246.0,324946.0,64,-3.0,
base,switching_on,,322449.0,325149.0,65,-3.0,
base,switching_on,,322628.0,325328.0,67,-3.0,
base,switching_on,,322817.0,325517.0,69,-3.0,
base,switching_on,,323017.0,325717.0,70,-3.0,
base,switching_on,,323236.0,325936.0,71,-3.0,
base,active,321523.0,324479.0,324618.0,68,36104.0,False
base,active,321820.0,324520.0,324628.0,66,36108.0,False
base,switching_on,,324524.0,327224.0,72,-3.0,
base,active,,324618.0,324918.0,68,-1.0,
base,active,,324628.0,324928.0,66,-1.0,
base,switching_off,,324918.0,326718.0,68,-2.0,
base,switching_off,,324928.0,326728.0,66,-2.0,
base,active,322246.0,324946.0,325063.0,64,36111.0,False
base,active,,325063.0,325363.0,64,-1.0,
base,active,322449.0,325149.0,325259.0,65,36113.0,False
base,active,,325259.0,325559.0,65,-1.0,
base,active,322628.0,325328.0,325429.0,67,36114.0,False
base,switching_off,,325363.0,327163.0,64,-2.0,
base,active,,325429.0,325729.0,67,-1.0,
base,active,322817.0,325517.0,325620.0,69,36116.0,False
base,switching_off,,325559.0,327359.0,65,-2.0,
base,active,,325620.0,325920.0,69,-1.0,
base,active,323017.0,325717.0,325813.0,70,36117.0,False
base,switching_off,,325729.0,327529.0,67,-2.0,
base,active,,325813.0,326113.0,70,-1.0,
base,switching_on,,325915.0,328615.0,126 127,-3.0,
base,switching_off,,325920.0,327720.0,69,-2.0,
base,active,323236.0,325936.0,326054.0,71,36120.0,False
base,active,,326054.0,326354.0,71,-1.0,
base,switching_off,,326113.0,327913.0,70,-2.0,
base,switching_off,,326354.0,328154.0,71,-2.0,
base,switching_on,,326599.0,329299.0,110 111 112 113 114 115 116 117 118 119 120 121 122 123 124 125,-3.0,
base,sleeping,,326718.0,334625.0,68,-4.0,
base,sleeping,,326728.0,334625.0,66,-4.0,
base,switching_on,,326988.0,329688.0,101 102 103 104 105 106 107 108 109,-3.0,
base,sleeping,,327163.0,334625.0,64,-4.0,
base,active,324524.0,327224.0,327324.0,72,36126.0,False
base,active,,327324.0,327624.0,72,-1.0,
base,switching_on,,327355.0,330055.0,100,-3.0,
base,sleeping,,327359.0,334625.0,65,-4.0,
base,switching_on,,327409.0,330109.0,99,-3.0,
base,switching_on,,327437.0,330137.0,98,-3.0,
base,sleeping,,327529.0,334625.0,67,-4.0,
base,switching_off,,327624.0,329424.0,72,-2.0,
base,sleeping,,327720.0,334625.0,69,-4.0,
base,sleeping,,327913.0,334625.0,70,-4.0,
base,sleeping,,328154.0,334625.0,71,-4.0,
base,active,325894.0,328615.0,328622.0,127,36131.0,False
base,active,325915.0,328615.0,329716.0,126,36132.0,False
base,active,,328622.0,328922.0,127,-1.0,
base,switching_off,,328922.0,330722.0,127,-2.0,
base,active,326599.0,329299.0,329314.0,110 111 112 113 114 115 116 117,36139.0,False
base,active,326279.0,329299.0,329321.0,118 119 120 121 122 123 124 125,36134.0,False
base,active,,329314.0,329614.0,110 111 112 113 114 115 116 117,-1.0,
base,active,,329321.0,329621.0,118 119 120 121 122 123 124 125,-1.0,
base,sleeping,,329424.0,334625.0,72,-4.0,
base,switching_off,,329614.0,331414.0,110 111 112 113 114 115 116 117,-2.0,
base,switching_off,,329621.0,331421.0,118 119 120 121 122 123 124 125,-2.0,
base,active,326988.0,329688.0,329696.0,101,36142.0,False
base,active,326658.0,329688.0,329699.0,102 103 104 105 106 107 108 109,36141.0,False
base,active,,329696.0,329996.0,101,-1.0,
base,active,,329699.0,329999.0,102 103 104 105 106 107 108 109,-1.0,
base,active,,329716.0,330016.0,126,-1.0,
base,switching_off,,329996.0,331796.0,101,-2.0,
base,switching_off,,329999.0,331799.0,102 103 104 105 106 107 108 109,-2.0,
base,switching_off,,330016.0,331816.0,126,-2.0,
base,active,327007.0,330055.0,330059.0,100,36143.0,False
base,active,,330059.0,330359.0,100,-1.0,
base,active,327409.0,330109.0,330115.0,99,36146.0,False
base,active,,330115.0,330415.0,99,-1.0,
base,active,327437.0,330137.0,330150.0,98,36147.0,False
base,active,,330150.0,330450.0,98,-1.0,
base,switching_off,,330359.0,332159.0,100,-2.0,
base,switching_off,,330415.0,332215.0,99,-2.0,
base,switching_off,,330450.0,332250.0,98,-2.0,
base,active,,330604.0,330904.0,0 1 2 3 4 5 6 7 8 9 10 11 12 13 14 15 16 17 18 19 20 21 22 23 24 25 26 27 28 29 30 31,-1.0,
base,active,329076.0,330604.0,334325.0,32 33 34 35 36 37 38 39 40 41 42 43 44 45 46 47 48 49 50 51 52 53 54 55 56 57 58 59 60 61 62 63,36156.0,False
base,sleeping,,330722.0,331014.0,127,-4.0,
base,switching_off,,330904.0,332704.0,0 1 2 3 4 5 6 7 8 9 10 11 12 13 14 15 16 17 18 19 20 21 22 23 24 25 26 27 28 29 30 31,-2.0,
base,switching_on,,331014.0,333714.0,127,-3.0,
base,switching_on,,331068.0,333768.0,97,-3.0,
base,sleeping,,331414.0,334625.0,110 111 112 113 114 115 116 117,-4.0,
base,sleeping,,331421.0,331435.0,125,-4.0,
base,sleeping,,331421.0,331521.0,124,-4.0,
base,sleeping,,331421.0,331551.0,123,-4.0,
base,sleeping,,331421.0,331623.0,122,-4.0,
base,sleeping,,331421.0,331809.0,121,-4.0,
base,sleeping,,331421.0,332299.0,120,-4.0,
base,sleeping,,331421.0,334625.0,118 119,-4.0,
base,switching_on,,331435.0,334135.0,125,-3.0,
base,switching_on,,331521.0,334221.0,124,-3.0,
base,switching_on,,331551.0,334251.0,123,-3.0,
base,switching_on,,331623.0,334323.0,122,-3.0,
base,sleeping,,331796.0,334625.0,101,-4.0,
base,sleeping,,331799.0,334625.0,102 103 104 105 106 107 108 109,-4.0,
base,switching_on,,331809.0,334509.0,121,-3.0,
base,sleeping,,331816.0,332041.0,126,-4.0,
base,switching_on,,332041.0,334741.0,126,-3.0,
base,sleeping,,332159.0,334625.0,100,-4.0,
base,sleeping,,332215.0,334625.0,99,-4.0,
base,sleeping,,332250.0,334625.0,98,-4.0,
base,switching_on,,332299.0,334999.0,120,-3.0,
base,sleeping,,332704.0,334625.0,15 16 17 18 19 20 21 22 23 24 25 26 27 28 29 30 31,-4.0,
base,sleeping,,332704.0,334672.0,14,-4.0,
base,sleeping,,332704.0,334774.0,13,-4.0,
base,sleeping,,332704.0,334817.0,9 10 11 12,-4.0,
base,sleeping,,332704.0,335219.0,5 6 7 8,-4.0,
base,sleeping,,332704.0,335400.0,4,-4.0,
base,sleeping,,332704.0,335504.0,0 1 2 3,-4.0,
base,active,331014.0,333714.0,333719.0,127,36165.0,False
base,active,332680.0,333719.0,333768.0,127,36182.0,False
base,active,331068.0,333768.0,333773.0,97,36166.0,False
base,active,333380.0,333768.0,333780.0,127,36192.0,False
base,active,333457.0,333773.0,333953.0,97,36194.0,False
base,active,333469.0,333780.0,333849.0,127,36195.0,False
base,active,,333849.0,333896.0,127,-1.0,
base,active,333896.0,333896.0,333909.0,127,36198.0,False
base,active,,333909.0,333961.0,127,-1.0,
base,active,,333953.0,334226.0,97,-1.0,
base,active,333961.0,333961.0,333973.0,127,36199.0,False
base,active,,333973.0,334130.0,127,-1.0,
base,active,334130.0,334130.0,334149.0,127,36202.0,False
base,active,331435.0,334135.0,334146.0,125,36168.0,False
base,active,,334146.0,334226.0,125,-1.0,
base,active,,334149.0,334226.0,127,-1.0,
base,active,331521.0,334221.0,334226.0,124,36169.0,False
base,active,333217.0,334226.0,334411.0,97 124 125 127,36187.0,False
base,active,331551.0,334251.0,334267.0,123,36170.0,False
base,active,334266.0,334267.0,334281.0,123,36206.0,False
base,active,,334281.0,334325.0,123,-1.0,
base,active,331623.0,334323.0,334327.0,122,36171.0,False
base,active,,334325.0,334625.0,32,-1.0,
base,active,332543.0,334325.0,335228.0,33 34 35 36 37 38 39 40 41 42 43 44 45 46 47 48 49 50 51 52 53 54 55 56 57 58 59 60 61 62 63 123,36181.0,False
base,active,,334327.0,334411.0,122,-1.0,
base,active,,334411.0,334471.0,97,-1.0,
base,active,333474.0,334411.0,334545.0,122 124 125 127,36196.0,False
base,active,334471.0,334471.0,334484.0,97,36209.0,False
base,active,,334484.0,334784.0,97,-1.0,
base,active,331809.0,334509.0,334528.0,121,36176.0,False
base,active,,334528.0,334828.0,121,-1.0,
base,active,334378.0,334545.0,334599.0,122 124 125 127,36208.0,False
base,active,,334599.0,334899.0,122 124 125 127,-1.0,
base,switching_off,,334625.0,336425.0,32,-2.0,
base,switching_on,,334625.0,337325.0,15 16 17 18 19 20 21 22 23 24 25 26 27 28 29 30 31 64 65 66 67 68 69 70 71 72 73 74 75 76 77 78 79 80 81 82 83 84 85 86 87 88 89 90 91 92 93 94 95 96 98 99 100 101 102 103 104 105 106 107 108 109 110 111 112 113 114 115 116 117 118 119,-3.0,
base,switching_on,,334672.0,337372.0,14,-3.0,
base,active,332041.0,334741.0,334746.0,126,36178.0,False
base,active,,334746.0,335046.0,126,-1.0,
base,switching_on,,334774.0,337474.0,13,-3.0,
base,switching_off,,334784.0,336584.0,97,-2.0,
base,switching_on,,334817.0,337517.0,9 10 11 12,-3.0,
base,switching_off,,334828.0,336628.0,121,-2.0,
base,switching_off,,334899.0,336699.0,122 124 125 127,-2.0,
base,active,332299.0,334999.0,335007.0,120,36179.0,False
base,active,,335007.0,335228.0,120,-1.0,
base,switching_off,,335046.0,336846.0,126,-2.0,
base,switching_on,,335219.0,337919.0,5 6 7 8,-3.0,
base,active,,335228.0,335528.0,33,-1.0,
base,active,332799.0,335228.0,338956.0,34 35 36 37 38 39 40 41 42 43 44 45 46 47 48 49 50 51 52 53 54 55 56 57 58 59 60 61 62 63 120 123,36183.0,False
base,switching_on,,335400.0,338100.0,4,-3.0,
base,switching_on,,335504.0,338204.0,0 1 2 3,-3.0,
base,switching_off,,335528.0,337328.0,33,-2.0,
base,switching_on,,336425.0,339125.0,32,-3.0,
base,switching_on,,336584.0,339284.0,97,-3.0,
base,switching_on,,336628.0,339328.0,121,-3.0,
base,switching_on,,336699.0,339399.0,122 124 125 127,-3.0,
base,switching_on,,336846.0,339546.0,126,-3.0,
base,active,333125.0,337325.0,337347.0,23 24 25 26 27 28 29 30 31 64 65 66 67 68 69 70 71 72 73 74 75 76 77 78 79 80 81 82 83 84 85 86,36186.0,False
base,active,333056.0,337325.0,337356.0,87 88 89 90 91 92 93 94 95 96 98 99 100 101 102 103 104 105 106 107 108 109 110 111 112 113 114 115 116 117 118 119,36185.0,False
base,active,334143.0,337325.0,337574.0,15 16 17 18 19 20 21 22,36203.0,False
base,sleeping,,337328.0,337872.0,33,-4.0,
base,active,333334.0,337347.0,337382.0,23 24 25 26 27 28 29 30 31 64 65 66 67 68 69 70 71 72 73 74 75 76 77 78 79 80 81 82 83 84 85 86,36190.0,False
base,active,334105.0,337356.0,337643.0,87 88 89 90 91 92 93 94 95 96 98 99 100 101 102 103 104 105 106 107 108 109 110 111 112 113 114 115 116 117 118 119,36201.0,False
base,active,334672.0,337372.0,337398.0,14,36213.0,False
base,active,334203.0,337382.0,337408.0,23 24 25 26 27 28 29 30 31 64 65 66 67 68 69 70 71 72 73 74 75 76 77 78 79 80 81 82 83 84 85 86,36205.0,False
base,active,336917.0,337398.0,337420.0,14,36243.0,False
base,active,334270.0,337408.0,337434.0,23 24 25 26 27 28 29 30 31 64 65 66 67 68 69 70 71 72 73 74 75 76 77 78 79 80 81 82 83 84 85 86,36207.0,False
base,active,,337420.0,337567.0,14,-1.0,
base,active,334612.0,337434.0,337656.0,23 24 25 26 27 28 29 30 31 64 65 66 67 68 69 70 71 72 73 74 75 76 77 78 79 80 81 82 83 84 85 86,36211.0,False
base,active,334774.0,337474.0,337479.0,13,36216.0,False
base,active,,337479.0,337567.0,13,-1.0,
base,active,334817.0,337517.0,337567.0,9 10 11 12,36217.0,False
base,active,,337567.0,337569.0,10,-1.0,
base,active,336089.0,337567.0,337594.0,11 12 13 14,36237.0,False
base,active,,337567.0,337867.0,9,-1.0,
base,active,337569.0,337569.0,337585.0,10,36253.0,False
base,active,335948.0,337574.0,338206.0,15 16 17 18 19 20 21 22,36235.0,False
base,active,,337585.0,337885.0,10,-1.0,
base,active,336153.0,337594.0,337734.0,11 12 13 14,36238.0,False
base,active,334657.0,337643.0,337678.0,87 88 89 90 91 92 93 94 95 96 98 99 100 101 102 103 104 105 106 107 108 109 110 111 112 113 114 115 116 117 118 119,36212.0,False
base,active,334714.0,337656.0,337685.0,23 24 25 26 27 28 29 30 31 64 65 66 67 68 69 70 71 72 73 74 75 76 77 78 79 80 81 82 83 84 85 86,36215.0,False
base,active,335915.0,337678.0,338341.0,87 88 89 90 91 92 93 94 95 96 98 99 100 101 102 103 104 105 106 107 108 109 110 111 112 113 114 115 116 117 118 119,36234.0,False
base,active,337519.0,337685.0,337727.0,67 68 69 70,36251.0,False
base,active,336572.0,337685.0,337733.0,79 80 81 82,36241.0,False
base,active,337339.0,337685.0,337738.0,71 72 73 74,36248.0,False
base,active,336236.0,337685.0,337746.0,83 84 85 86,36239.0,False
base,active,337621.0,337685.0,337781.0,31 64 65 66,36255.0,False
base,active,,337685.0,337781.0,23 24 25 26 27 28 29 30,-1.0,
base,active,337017.0,337685.0,337811.0,75 76 77 78,36246.0,False
base,active,,337727.0,337781.0,67 68 69 70,-1.0,
base,active,,337733.0,337781.0,79 80 81 82,-1.0,
base,active,,337734.0,337781.0,11 12 13 14,-1.0,
base,active,,337738.0,337781.0,71 72 73 74,-1.0,
base,active,,337746.0,337781.0,83 84 85 86,-1.0,
base,active,336960.0,337781.0,340410.0,11 12 13 14 23 24 25 26 27 28 29 30 31 64 65 66 67 68 69 70 71 72 73 74 79 80 81 82 83 84 85 86,36245.0,False
base,active,,337811.0,338000.0,75,-1.0,
base,active,,337811.0,340572.0,76 77 78,-1.0,
base,switching_off,,337867.0,339667.0,9,-2.0,
base,switching_on,,337872.0,340572.0,33,-3.0,
base,switching_off,,337885.0,339685.0,10,-2.0,
base,active,335219.0,337919.0,337966.0,5 6 7 8,36225.0,False
base,active,,337966.0,338038.0,8,-1.0,
base,active,,337966.0,338266.0,5 6 7,-1.0,
base,active,338000.0,338000.0,339255.0,75,36259.0,False
base,active,338038.0,338038.0,338070.0,8,36260.0,False
base,active,,338070.0,338370.0,8,-1.0,
base,active,335400.0,338100.0,338115.0,4,36227.0,False
base,active,,338115.0,338415.0,4,-1.0,
base,active,335504.0,338204.0,338250.0,0 1 2 3,36228.0,False
base,active,,338206.0,338506.0,15 16 17 18 19 20 21 22,-1.0,
base,active,,338250.0,338550.0,0 1 2 3,-1.0,
base,switching_off,,338266.0,340066.0,5 6 7,-2.0,
base,active,,338341.0,338641.0,87 88 89 90 91 92 93 94 95 96 98 99 100 101 102 103 104 105 106 107 108 109 110 111 112 113 114 115 116 117 118 119,-1.0,
base,switching_off,,338370.0,340170.0,8,-2.0,
base,switching_off,,338415.0,340215.0,4,-2.0,
base,switching_off,,338506.0,340306.0,15 16 17 18 19 20 21 22,-2.0,
base,switching_off,,338550.0,340350.0,0 1 2 3,-2.0,
base,switching_off,,338641.0,340441.0,87 88 89 90 91 92 93 94 95 96 98 99 100 101 102 103 104 105 106 107 108 109 110 111 112 113 114 115 116 117 118 119,-2.0,
base,active,,338956.0,338958.0,34 35 36 37 38 39 40 41 42 43 44 45 46 47 48 49,-1.0,
base,active,338877.0,338956.0,339030.0,50 51 52 53 54 55 56 57 58 59 60 61 62 63 120 123,36264.0,False
base,active,338958.0,338958.0,339015.0,34 35 36 37 38 39 40 41 42 43 44 45 46 47 48 49,36266.0,False
base,active,,339015.0,339315.0,34 35 36 37 38 39 40 41 42 43 44 45 46 47 48 49,-1.0,
base,active,,339030.0,339179.0,123,-1.0,
base,active,,339030.0,339330.0,50 51 52 53 54 55 56 57 58 59 60 61 62 63 120,-1.0,
base,active,335717.0,339125.0,339137.0,32,36231.0,False
base,active,,339137.0,339437.0,32,-1.0,
base,active,339179.0,339179.0,339207.0,123,36268.0,False
base,active,,339207.0,339507.0,123,-1.0,
base,active,,339255.0,339555.0,75,-1.0,
base,active,335836.0,339284.0,339289.0,97,36232.0,False
base,active,,339289.0,339589.0,97,-1.0,
base,switching_off,,339315.0,341115.0,34 35 36 37 38 39 40 41 42 43 44 45 46 47 48 49,-2.0,
base,active,335899.0,339328.0,339339.0,121,36233.0,False
base,switching_off,,339330.0,341130.0,50 51 52 53 54 55 56 57 58 59 60 61 62 63 120,-2.0,
base,active,,339339.0,339639.0,121,-1.0,
base,active,335690.0,339399.0,339445.0,122 124 125 127,36230.0,False
base,switching_off,,339437.0,341237.0,32,-2.0,
base,active,,339445.0,339600.0,127,-1.0,
base,active,,339445.0,339745.0,122 124 125,-1.0,
base,switching_off,,339507.0,341307.0,123,-2.0,
base,active,336689.0,339546.0,339555.0,126,36242.0,False
base,active,,339555.0,339855.0,126,-1.0,
base,switching_off,,339555.0,341355.0,75,-2.0,
base,switching_off,,339589.0,341389.0,97,-2.0,
base,active,339600.0,339600.0,339620.0,127,36276.0,False
base,active,,339620.0,339920.0,127,-1.0,
base,switching_off,,339639.0,341439.0,121,-2.0,
base,sleeping,,339667.0,340350.0,9,-4.0,
base,sleeping,,339685.0,340350.0,10,-4.0,
base,switching_off,,339745.0,341545.0,122 124 125,-2.0,
base,switching_off,,339855.0,341655.0,126,-2.0,
base,switching_off,,339920.0,341720.0,127,-2.0,
base,sleeping,,340066.0,340350.0,5 6 7,-4.0,
base,sleeping,,340170.0,340350.0,8,-4.0,
base,sleeping,,340215.0,340350.0,4,-4.0,
base,sleeping,,340306.0,340339.0,22,-4.0,
base,sleeping,,340306.0,340350.0,15 16 17 18 19 20 21,-4.0,
base,switching_on,,340339.0,343039.0,22,-3.0,
base,sleeping,,340350.0,340372.0,1,-4.0,
base,sleeping,,340350.0,340410.0,0,-4.0,
base,switching_on,,340350.0,343050.0,2 3 4 5 6 7 8 9 10 15 16 17 18 19 20 21,-3.0,
base,switching_on,,340372.0,343072.0,1,-3.0,
base,active,,340410.0,340710.0,11,-1.0,
base,active,,340410.0,343110.0,12 13 14 23 24 25 26 27 28 29 30 31 64 65 66 67 68 69 70 71 72 73 74 79 80 81 82 83 84 85 86,-1.0,
base,switching_on,,340410.0,343110.0,0,-3.0,
base,switching_on,,340441.0,343141.0,87 88 89 90 91 92 93 94 95 96 98 99 100 101 102 103 104 105 106 107 108 109 110 111 112 113 114 115 116 117 118 119,-3.0,
base,active,337872.0,340572.0,340718.0,33 76 77 78,36258.0,False
base,switching_off,,340710.0,342510.0,11,-2.0,
base,active,,340718.0,341018.0,33 76 77 78,-1.0,
base,switching_off,,341018.0,342818.0,33 76 77 78,-2.0,
base,switching_on,,341115.0,343815.0,34 35 36 37 38 39 40 41 42 43 44 45 46 47 48 49,-3.0,
base,sleeping,,341130.0,341237.0,50 51 52 53 54 55 56 57 58 59 60 61 62 63 120,-4.0,
base,switching_on,,341237.0,343937.0,32 50 51 52 53 54 55 56 57 58 59 60 61 62 63 120,-3.0,
base,switching_on,,341307.0,344007.0,123,-3.0,
base,switching_on,,341355.0,344055.0,75,-3.0,
base,sleeping,,341389.0,342449.0,97,-4.0,
base,sleeping,,341439.0,342440.0,121,-4.0,
base,sleeping,,341545.0,342180.0,125,-4.0,
base,sleeping,,341545.0,342231.0,124,-4.0,
base,sleeping,,341545.0,342375.0,122,-4.0,
base,sleeping,,341655.0,342178.0,126,-4.0,
base,sleeping,,341720.0,342105.0,127,-4.0,
base,switching_on,,342105.0,344805.0,127,-3.0,
base,switching_on,,342178.0,344878.0,126,-3.0,
base,switching_on,,342180.0,344880.0,125,-3.0,
base,switching_on,,342231.0,344931.0,124,-3.0,
base,switching_on,,342375.0,345075.0,122,-3.0,
base,switching_on,,342440.0,345140.0,121,-3.0,
base,switching_on,,342449.0,345149.0,97,-3.0,
base,switching_on,,342510.0,345210.0,11,-3.0,
base,sleeping,,342818.0,343828.0,78,-4.0,
base,sleeping,,342818.0,343941.0,76 77,-4.0,
base,sleeping,,342818.0,343955.0,33,-4.0,
base,active,340339.0,343039.0,343056.0,22,36284.0,False
base,active,340191.0,343050.0,343277.0,2 3 4 5 6 7 8 9 10 15 16 17 18 19 20 21,36282.0,False
base,active,342781.0,343056.0,343116.0,22,36319.0,False
base,active,340372.0,343072.0,343083.0,1,36285.0,False
base,active,342898.0,343083.0,343131.0,1,36320.0,False
base,active,339397.0,343110.0,343179.0,0 12 13 14 23 24 25 26 27 28 29 30 31 64 65 66 67 68 69 70 71 72 73 74 79 80 81 82 83 84 85 86,36274.0,False
base,active,,343116.0,343131.0,22,-1.0,
base,active,342498.0,343131.0,343317.0,1 22,36318.0,False
base,active,339652.0,343141.0,343310.0,87 88 89 90 91 92 93 94 95 96 98 99 100 101 102 103 104 105 106 107 108 109 110 111 112 113 114 115 116 117 118 119,36277.0,False
base,active,339899.0,343179.0,343617.0,0 12 13 14 23 24 25 26 27 28 29 30 31 64 65 66 67 68 69 70 71 72 73 74 79 80 81 82 83 84 85 86,36281.0,False
base,active,341935.0,343277.0,343351.0,2 3 4 5 6 7 8 9 10 15 16 17 18 19 20 21,36299.0,False
base,active,340512.0,343310.0,344098.0,87 88 89 90 91 92 93 94 95 96 98 99 100 101 102 103 104 105 106 107 108 109 110 111 112 113 114 115 116 117 118 119,36287.0,False
base,active,343190.0,343317.0,343336.0,1,36323.0,False
base,active,343133.0,343317.0,343357.0,22,36322.0,False
base,active,,343336.0,343357.0,1,-1.0,
base,active,342170.0,343351.0,343399.0,2 3 4 5 6 7 8 9 10 15 16 17 18 19 20 21,36302.0,False
base,active,343235.0,343357.0,343481.0,1 22,36325.0,False
base,active,342243.0,343399.0,343452.0,2 3 4 5 6 7 8 9 10 15 16 17 18 19 20 21,36307.0,False
base,active,343309.0,343452.0,343486.0,8 9,36326.0,False
base,active,343431.0,343452.0,343496.0,7,36328.0,False
base,active,,343452.0,343545.0,5 6,-1.0,
base,active,343213.0,343452.0,343596.0,10 15 16 17,36324.0,False
base,active,342471.0,343452.0,343665.0,18 19 20 21,36316.0,False
base,active,,343452.0,343752.0,2 3 4,-1.0,
base,active,,343481.0,343492.0,22,-1.0,
base,active,,343481.0,343781.0,1,-1.0,
base,active,,343486.0,343500.0,8 9,-1.0,
base,active,343492.0,343492.0,343519.0,22,36330.0,False
base,active,,343496.0,343522.0,7,-1.0,
base,active,343500.0,343500.0,343517.0,8 9,36331.0,False
base,active,,343517.0,343522.0,8 9,-1.0,
base,active,,343519.0,343522.0,22,-1.0,
base,active,343522.0,343522.0,343655.0,7 8 9 22,36332.0,False
base,active,343545.0,343545.0,343658.0,5 6,36333.0,False
base,active,,343596.0,343617.0,15 16 17,-1.0,
base,active,,343596.0,343896.0,10,-1.0,
base,active,,343617.0,343917.0,0 12 13,-1.0,
base,active,341382.0,343617.0,344408.0,14 15 16 17 23 24 25 26 27 28 29 30 31 64 65 66 67 68 69 70 71 72 73 74 79 80 81 82 83 84 85 86,36297.0,False
base,active,,343655.0,343955.0,7 8 9 22,-1.0,
base,active,,343658.0,343958.0,5 6,-1.0,
base,active,,343665.0,343957.0,21,-1.0,
base,active,,343665.0,343965.0,18 19 20,-1.0,
base,switching_off,,343752.0,345552.0,2 3 4,-2.0,
base,switching_off,,343781.0,345581.0,1,-2.0,
base,active,340448.0,343815.0,344043.0,34 35 36 37 38 39 40 41 42 43 44 45 46 47 48 49,36286.0,False
base,switching_on,,343828.0,346528.0,78,-3.0,
base,switching_off,,343896.0,345696.0,10,-2.0,
base,switching_off,,343917.0,345717.0,0 12 13,-2.0,
base,active,341235.0,343937.0,344019.0,32 50 51 52 53 54 55 56 57 58 59 60 61 62 63 120,36293.0,False
base,switching_on,,343941.0,346641.0,76 77,-3.0,
base,switching_off,,343955.0,345755.0,7 8 9 22,-2.0,
base,switching_on,,343955.0,346655.0,33,-3.0,
base,active,343957.0,343957.0,343997.0,21,36339.0,False
base,switching_off,,343958.0,345758.0,5 6,-2.0,
base,switching_off,,343965.0,345765.0,18 19 20,-2.0,
base,active,,343997.0,344297.0,21,-1.0,
base,active,341302.0,344007.0,344023.0,123,36294.0,False
base,active,,344019.0,344043.0,50 51 52 53 54 55 56 57 58 59 60 61 62 63 120,-1.0,
base,active,,344019.0,344116.0,32,-1.0,
base,active,,344023.0,344043.0,123,-1.0,
base,active,342295.0,344043.0,344992.0,34 35 36 37 38 39 40 41 42 43 44 45 46 47 48 49 50 51 52 53 54 55 56 57 58 59 60 61 62 63 120 123,36309.0,False
base,active,341328.0,344055.0,344065.0,75,36295.0,False
base,active,,344065.0,344116.0,75,-1.0,
base,active,342494.0,344098.0,345334.0,87 88 89 90 91 92 93 94 95 96 98 99 100 101 102 103 104 105 106 107 108 109 110 111 112 113 114 115 116 117 118 119,36317.0,False
base,active,344116.0,344116.0,344549.0,32 75,36342.0,False
base,switching_off,,344297.0,346097.0,21,-2.0,
base,active,343332.0,344408.0,345002.0,14 15 16 17 23 24 25 26 27 28 29 30 31 64 65 66 67 68 69 70 71 72 73 74 79 80 81 82 83 84 85 86,36327.0,False
base,active,344256.0,344549.0,344574.0,32 75,36344.0,False
base,active,344317.0,344574.0,344614.0,75,36345.0,False
base,active,,344574.0,344756.0,32,-1.0,
base,active,,344614.0,344756.0,75,-1.0,
base,active,344756.0,344756.0,345130.0,32 75,36348.0,False
base,active,342105.0,344805.0,344845.0,127,36300.0,False
base,active,,344845.0,344886.0,127,-1.0,
base,active,342178.0,344878.0,344903.0,126,36303.0,False
base,active,342180.0,344880.0,344893.0,125,36304.0,False
base,active,344886.0,344886.0,344918.0,127,36350.0,False
base,active,344890.0,344893.0,344911.0,125,36351.0,False
base,active,,344903.0,344911.0,126,-1.0,
base,active,344840.0,344911.0,344949.0,125 126,36349.0,False
base,active,,344918.0,344992.0,127,-1.0,
base,active,342231.0,344931.0,345091.0,124,36306.0,False
base,active,,344949.0,344992.0,125 126,-1.0,
base,active,,344992.0,344996.0,35 36,-1.0,
base,active,,344992.0,345156.0,34,-1.0,
base,active,343806.0,344992.0,346778.0,37 38 39 40 41 42 43 44 45 46 47 48 49 50 51 52 53 54 55 56 57 58 59 60 61 62 63 120 123 125 126 127,36335.0,False
base,active,344996.0,344996.0,345026.0,35 36,36352.0,False
base,active,,345002.0,345095.0,74,-1.0,
base,active,,345002.0,345097.0,73,-1.0,
base,active,344733.0,345002.0,345138.0,79 80 81 82,36347.0,False
base,active,,345002.0,345156.0,14 15 16 17 23 24 25 26 27 28 29 30 31 64 65 66 67 68 69 70 71 72,-1.0,
base,active,344087.0,345002.0,345462.0,83 84 85 86,36341.0,False
base,active,,345026.0,345156.0,35 36,-1.0,
base,active,342375.0,345075.0,345120.0,122,36311.0,False
base,active,,345091.0,345095.0,124,-1.0,
base,active,345095.0,345095.0,345119.0,74 124,36354.0,False
base,active,345097.0,345097.0,345128.0,73,36355.0,False
base,active,,345119.0,345132.0,74 124,-1.0,
base,active,,345120.0,345132.0,122,-1.0,
base,active,,345128.0,345156.0,73,-1.0,
base,active,,345130.0,345132.0,75,-1.0,
base,active,,345130.0,345156.0,32,-1.0,
base,active,345132.0,345132.0,345255.0,74 75 122 124,36356.0,False
base,active,,345138.0,345156.0,79 80 81 82,-1.0,
base,active,342440.0,345140.0,345164.0,121,36312.0,False
base,active,342449.0,345149.0,345156.0,97,36314.0,False
base,active,344127.0,345156.0,345908.0,14 15 16 17 23 24 25 26 27 28 29 30 31 32 34 35 36 64 65 66 67 68 69 70 71 72 73 79 80 81 82 97,36343.0,False
base,active,,345164.0,345227.0,121,-1.0,
base,active,342471.0,345210.0,345227.0,11,36315.0,False
base,active,345157.0,345227.0,345325.0,11 121,36357.0,False
base,active,,345255.0,345310.0,74 75 122 124,-1.0,
base,active,345310.0,345310.0,345507.0,74 75 122 124,36358.0,False
base,active,,345325.0,345332.0,11 121,-1.0,
base,active,345332.0,345332.0,347931.0,11 121,36359.0,False
base,active,,345334.0,345443.0,118 119,-1.0,
base,active,,345334.0,345595.0,89 90 91 92 93 94 95 96 98 99 100 101 102 103 104 105 106 107 108 109 110 111 112 113 114 115 116 117,-1.0,
base,active,,345334.0,345634.0,87 88,-1.0,
base,active,345443.0,345443.0,345487.0,118 119,36361.0,False
base,active,,345462.0,345762.0,83 84 85 86,-1.0,
base,active,,345487.0,345595.0,118 119,-1.0,
base,active,,345507.0,345549.0,122 124,-1.0,
base,active,,345507.0,345807.0,74 75,-1.0,
base,active,345549.0,345549.0,345594.0,122 124,36364.0,False
base,sleeping,,345552.0,346329.0,4,-4.0,
base,sleeping,,345552.0,346447.0,2 3,-4.0,
base,sleeping,,345581.0,346453.0,1,-4.0,
base,active,,345594.0,345595.0,122 124,-1.0,
base,active,345595.0,345595.0,347396.0,89 90 91 92 93 94 95 96 98 99 100 101 102 103 104 105 106 107 108 109 110 111 112 113 114 115 116 117 118 119 122 124,36365.0,False
base,switching_off,,345634.0,347434.0,87 88,-2.0,
base,sleeping,,345696.0,346147.0,10,-4.0,
base,sleeping,,345717.0,345981.0,12 13,-4.0,
base,sleeping,,345717.0,346611.0,0,-4.0,
base,sleeping,,345755.0,345866.0,22,-4.0,
base,sleeping,,345755.0,346191.0,8 9,-4.0,
base,sleeping,,345755.0,346263.0,7,-4.0,
base,sleeping,,345758.0,346263.0,6,-4.0,
base,sleeping,,345758.0,346329.0,5,-4.0,
base,switching_off,,345762.0,347562.0,83 84 85 86,-2.0,
base,sleeping,,345765.0,345866.0,20,-4.0,
base,sleeping,,345765.0,345920.0,18 19,-4.0,
base,switching_off,,345807.0,347607.0,74 75,-2.0,
base,switching_on,,345866.0,348566.0,20 22,-3.0,
base,active,,345908.0,346208.0,14 15 16 17 23 24 25 26 27 28 29 30 31 32 34 35 36 64 65 66 67 68 69 70 71 72 73 79 80 81 82 97,-1.0,
base,switching_on,,345920.0,348620.0,18 19,-3.0,
base,switching_on,,345981.0,348681.0,12 13,-3.0,
base,sleeping,,346097.0,346147.0,21,-4.0,
base,switching_on,,346147.0,348847.0,10 21,-3.0,
base,switching_on,,346191.0,348891.0,8 9,-3.0,
base,switching_off,,346208.0,348008.0,14 15 16 17 23 24 25 26 27 28 29 30 31 32 34 35 36 64 65 66 67 68 69 70 71 72 73 79 80 81 82 97,-2.0,
base,switching_on,,346263.0,348963.0,6 7,-3.0,
base,switching_on,,346329.0,349029.0,4 5,-3.0,
base,switching_on,,346447.0,349147.0,2 3,-3.0,
base,switching_on,,346453.0,349153.0,1,-3.0,
base,active,343828.0,346528.0,346574.0,78,36336.0,False
base,active,,346574.0,349311.0,78,-1.0,
base,switching_on,,346611.0,349311.0,0,-3.0,
base,active,343941.0,346641.0,346688.0,76 77,36337.0,False
base,active,343955.0,346655.0,346710.0,33,36338.0,False
base,active,,346688.0,346753.0,76 77,-1.0,
base,active,,346710.0,347010.0,33,-1.0,
base,active,346753.0,346753.0,346863.0,76 77,36381.0,False
base,active,346337.0,346778.0,346892.0,37 38 39 40 41 42 43 44 45 46 47 48 49 50 51 52 53 54 55 56 57 58 59 60 61 62 63 120 123 125 126 127,36375.0,False
base,active,,346863.0,346892.0,76 77,-1.0,
base,active,,346892.0,346957.0,38,-1.0,
base,active,,346892.0,346984.0,37,-1.0,
base,active,346641.0,346892.0,346997.0,39 40 41 42 43 44 45 46 47 48 49 50 51 52 53 54 55 56 57 58 59 60 61 62 63 76 77 120 123 125 126 127,36380.0,False
base,active,346957.0,346957.0,346977.0,38,36384.0,False
base,active,,346977.0,346984.0,38,-1.0,
base,active,346984.0,346984.0,347081.0,37 38,36385.0,False
base,active,346858.0,346997.0,347094.0,39 40 41 42 43 44 45 46 47 48 49 50 51 52 53 54 55 56 57 58 59 60 61 62 63 76 77 120 123 125 126 127,36383.0,False
base,switching_off,,347010.0,348810.0,33,-2.0,
base,active,,347081.0,347381.0,37 38,-1.0,
base,active,,347094.0,347226.0,126 127,-1.0,
base,active,,347094.0,347394.0,39 40 41 42 43 44 45 46 47 48 49 50 51 52 53 54 55 56 57 58 59 60 61 62 63 76 77 120 123 125,-1.0,
base,active,347226.0,347226.0,347329.0,126 127,36387.0,False
base,active,,347329.0,347409.0,126 127,-1.0,
base,switching_off,,347381.0,349181.0,37 38,-2.0,
base,switching_off,,347394.0,349194.0,39 40 41 42 43 44 45 46 47 48 49 50 51 52 53 54 55 56 57 58 59 60 61 62 63 76 77 120 123 125,-2.0,
base,active,,347396.0,347409.0,91 92 93 94 95 96 98 99 100 101 102 103 104 105 106 107 108 109 110 111 112 113 114 115 116 117 118 119 122 124,-1.0,
base,active,,347396.0,347696.0,89 90,-1.0,
base,active,347409.0,347409.0,347604.0,91 92 93 94 95 96 98 99 100 101 102 103 104 105 106 107 108 109 110 111 112 113 114 115 116 117 118 119 122 124 126 127,36391.0,False
base,sleeping,,347434.0,347541.0,88,-4.0,
base,sleeping,,347434.0,347604.0,87,-4.0,
base,switching_on,,347541.0,350241.0,88,-3.0,
base,sleeping,,347562.0,347604.0,83 84 85 86,-4.0,
base,active,,347604.0,347904.0,91 92 93 94 95,-1.0,
base,active,,347604.0,350304.0,96 98 99 100 101 102 103 104 105 106 107 108 109 110 111 112 113 114 115 116 117 118 119 122 124 126 127,-1.0,
base,switching_on,,347604.0,350304.0,83 84 85 86 87,-3.0,
base,sleeping,,347607.0,347897.0,75,-4.0,
base,sleeping,,347607.0,348008.0,74,-4.0,
base,switching_off,,347696.0,349496.0,89 90,-2.0,
base,switching_on,,347897.0,350597.0,75,-3.0,
base,switching_off,,347904.0,349704.0,91 92 93 94 95,-2.0,
base,active,,347931.0,348231.0,11 121,-1.0,
base,sleeping,,348008.0,348098.0,14,-4.0,
base,switching_on,,348008.0,350708.0,15 16 17 23 24 25 26 27 28 29 30 31 32 34 35 36 64 65 66 67 68 69 70 71 72 73 74 79 80 81 82 97,-3.0,
base,switching_on,,348098.0,350798.0,14,-3.0,
base,switching_off,,348231.0,350031.0,11 121,-2.0,
base,active,345866.0,348566.0,348600.0,20 22,36368.0,False
base,active,,348600.0,348638.0,20 22,-1.0,
base,active,345920.0,348620.0,348638.0,18 19,36369.0,False
base,active,347941.0,348638.0,348670.0,18 19 20 22,36399.0,False
base,active,,348670.0,348871.0,18,-1.0,
base,active,,348670.0,351550.0,19 20 22,-1.0,
base,active,345981.0,348681.0,348718.0,12 13,36370.0,False
base,active,,348718.0,349018.0,12 13,-1.0,
base,sleeping,,348810.0,348850.0,33,-4.0,
base,active,346147.0,348847.0,348864.0,10 21,36371.0,False
base,switching_on,,348850.0,351550.0,33,-3.0,
base,active,,348864.0,348871.0,21,-1.0,
base,active,,348864.0,349164.0,10,-1.0,
base,active,348871.0,348871.0,351197.0,18 21,36406.0,False
base,active,346191.0,348891.0,348911.0,8 9,36372.0,False
base,active,,348911.0,351881.0,8 9,-1.0,
base,active,346263.0,348963.0,348986.0,6 7,36373.0,False
base,active,,348986.0,351881.0,6 7,-1.0,
base,switching_off,,349018.0,350818.0,12 13,-2.0,
base,active,346329.0,349029.0,349130.0,4 5,36374.0,False
base,active,,349130.0,351881.0,4 5,-1.0,
base,active,346447.0,349147.0,349250.0,2 3,36377.0,False
base,active,346453.0,349153.0,349172.0,1,36378.0,False
base,switching_off,,349164.0,350964.0,10,-2.0,
base,active,,349172.0,349309.0,1,-1.0,
base,switching_on,,349181.0,351881.0,37 38,-3.0,
base,sleeping,,349194.0,349250.0,39 40 41 42 43 44 45 46 47 48 49 50 51 52 53 54 55 56 57 58 59 60 61 62 63 76 77 120 123 125,-4.0,
base,active,,349250.0,351950.0,2 3,-1.0,
base,switching_on,,349250.0,351950.0,39 40 41 42 43 44 45 46 47 48 49 50 51 52 53 54 55 56 57 58 59 60 61 62 63 76 77 120 123 125,-3.0,
base,active,349309.0,349309.0,349327.0,1,36411.0,False
base,active,346611.0,349311.0,349417.0,0 78,36379.0,False
base,active,,349327.0,349627.0,1,-1.0,
base,active,,349417.0,349717.0,0 78,-1.0,
base,sleeping,,349496.0,349632.0,90,-4.0,
base,sleeping,,349496.0,350918.0,89,-4.0,
base,switching_off,,349627.0,351427.0,1,-2.0,
base,switching_on,,349632.0,352332.0,90,-3.0,
base,sleeping,,349704.0,350541.0,95,-4.0,
base,sleeping,,349704.0,350585.0,94,-4.0,
base,sleeping,,349704.0,350918.0,91 92 93,-4.0,
base,switching_off,,349717.0,351517.0,0 78,-2.0,
base,sleeping,,350031.0,350243.0,121,-4.0,
base,sleeping,,350031.0,350918.0,11,-4.0,
base,active,347541.0,350241.0,350275.0,88,36394.0,False
base,switching_on,,350243.0,352943.0,121,-3.0,
base,active,,350275.0,350575.0,88,-1.0,
base,active,347480.0,350304.0,350918.0,83 84 85 86 87 96 98 99 100 101 102 103 104 105 106 107 108 109 110 111 112 113 114 115 116 117 118 119 122 124 126 127,36393.0,False
base,switching_on,,350541.0,353241.0,95,-3.0,
base,switching_off,,350575.0,352375.0,88,-2.0,
base,switching_on,,350585.0,353285.0,94,-3.0,
base,active,347897.0,350597.0,350628.0,75,36398.0,False
base,active,,350628.0,350928.0,75,-1.0,
base,active,347759.0,350708.0,350937.0,15 16 17 23 24 25 26 27 28 29 30 31 32 34 35 36 64 65 66 67 68 69 70 71 72 73 74 79 80 81 82 97,36396.0,False
base,active,348098.0,350798.0,350818.0,14,36401.0,False
base,sleeping,,350818.0,350918.0,12 13,-4.0,
base,active,,350818.0,351118.0,14,-1.0,
base,active,,350918.0,350937.0,83 84 85 86 87 96 98,-1.0,
base,active,,350918.0,353618.0,99 100 101 102 103 104 105 106 107 108 109 110 111 112 113 114 115 116 117 118 119 122 124 126 127,-1.0,
base,switching_on,,350918.0,353618.0,11 12 13 89 91 92 93,-3.0,
base,switching_off,,350928.0,352728.0,75,-2.0,
base,active,350129.0,350937.0,351049.0,27 28 29 30 31 32 34 35 36 64 65 66 67 68 69 70 71 72 73 74 79 80 81 82 83 84 85 86 87 96 97 98,36416.0,False
base,active,,350937.0,351237.0,15 16 17 23 24 25 26,-1.0,
base,sleeping,,350964.0,351049.0,10,-4.0,
base,active,,351049.0,351171.0,71,-1.0,
base,active,,351049.0,351198.0,68 69 70,-1.0,
base,active,,351049.0,351222.0,66 67,-1.0,
base,active,,351049.0,351349.0,27 28 29 30 31 32 34 35 36 64 65,-1.0,
base,active,,351049.0,353749.0,72 73 74 79 80 81 82 83 84 85 86 87 96 97 98,-1.0,
base,switching_on,,351049.0,353749.0,10,-3.0,
base,switching_off,,351118.0,352918.0,14,-2.0,
base,active,351171.0,351171.0,351196.0,71,36427.0,False
base,active,,351196.0,351198.0,71,-1.0,
base,active,,351197.0,351497.0,18 21,-1.0,
base,active,351198.0,351198.0,351367.0,68 69 70 71,36428.0,False
base,active,351222.0,351222.0,351616.0,66 67,36429.0,False
base,switching_off,,351237.0,353037.0,15 16 17 23 24 25 26,-2.0,
base,switching_off,,351349.0,353149.0,27 28 29 30 31 32 34 35 36 64 65,-2.0,
base,active,,351367.0,351386.0,71,-1.0,
base,active,,351367.0,351640.0,68 69,-1.0,
base,active,,351367.0,354317.0,70,-1.0,
base,active,351386.0,351386.0,351427.0,71,36430.0,False
base,sleeping,,351427.0,351617.0,1,-4.0,
base,active,,351427.0,354317.0,71,-1.0,
base,switching_off,,351497.0,353297.0,18 21,-2.0,
base,sleeping,,351517.0,351592.0,78,-4.0,
base,sleeping,,351517.0,351617.0,0,-4.0,
base,active,348850.0,351550.0,351714.0,19 20 22 33,36404.0,False
base,switching_on,,351592.0,354292.0,78,-3.0,
base,active,,351616.0,351856.0,66 67,-1.0,
base,switching_on,,351617.0,354317.0,0 1,-3.0,
base,active,351640.0,351640.0,351854.0,68 69,36435.0,False
base,active,,351714.0,351882.0,22 33,-1.0,
base,active,,351714.0,351971.0,20,-1.0,
base,active,,351714.0,352014.0,19,-1.0,
base,active,,351854.0,351856.0,68 69,-1.0,
base,active,351856.0,351856.0,352084.0,66 67 68 69,36437.0,False
base,active,347848.0,351881.0,352028.0,4 5 6 7 8 9 37 38,36397.0,False
base,active,351882.0,351882.0,352285.0,22 33,36439.0,False
base,active,349203.0,351950.0,352053.0,2 3 39 40 41 42 43 44 45 46 47 48 49 50 51 52 53 54 55 56 57 58 59 60 61 62 63 76 77 120 123 125,36410.0,False
base,active,351971.0,351971.0,352005.0,20,36441.0,False
base,active,,352005.0,352305.0,20,-1.0,
base,switching_off,,352014.0,353814.0,19,-2.0,
base,active,,352028.0,352035.0,38,-1.0,
base,active,,352028.0,352286.0,37,-1.0,
base,active,,352028.0,352328.0,4 5 6 7 8 9,-1.0,
base,active,352035.0,352035.0,352068.0,38,36442.0,False
base,active,351396.0,352053.0,352112.0,53 54 55 56 57 58 59 60 61 62 63 76 77 120 123 125,36431.0,False
base,active,,352053.0,352112.0,41 42 43 44 45 46 47 48 49 50 51 52,-1.0,
base,active,,352053.0,352114.0,40,-1.0,
base,active,,352053.0,352115.0,39,-1.0,
base,active,,352053.0,352353.0,2 3,-1.0,
base,active,,352068.0,352286.0,38,-1.0,
base,active,,352084.0,352112.0,66 67 68 69,-1.0,
base,active,351919.0,352112.0,352694.0,41 42 43 44 45 46 47 48 49 50 51 52 53 54 55 56 57 58 59 60 61 62 63 66 67 68 69 76 77 120 123 125,36440.0,False
base,active,352114.0,352114.0,352156.0,40,36444.0,False
base,active,352115.0,352115.0,352182.0,39,36445.0,False
base,active,,352156.0,352261.0,40,-1.0,
base,active,,352182.0,352286.0,39,-1.0,
base,active,352261.0,352261.0,352283.0,40,36447.0,False
base,active,,352283.0,352286.0,40,-1.0,
base,active,,352285.0,352322.0,33,-1.0,
base,active,,352285.0,352585.0,22,-1.0,
base,active,352286.0,352286.0,352448.0,37 38 39 40,36448.0,False
base,switching_off,,352305.0,354105.0,20,-2.0,
base,active,352322.0,352322.0,352432.0,33,36450.0,False
base,switching_off,,352328.0,354128.0,4 5 6 7 8 9,-2.0,
base,active,349632.0,352332.0,352349.0,90,36414.0,False
base,active,,352349.0,352505.0,90,-1.0,
base,switching_off,,352353.0,354153.0,2 3,-2.0,
base,sleeping,,352375.0,352471.0,88,-4.0,
base,active,,352432.0,352732.0,33,-1.0,
base,active,,352448.0,352506.0,40,-1.0,
base,active,,352448.0,352748.0,37 38 39,-1.0,
base,switching_on,,352471.0,355171.0,88,-3.0,
base,active,352505.0,352505.0,352515.0,90,36452.0,False
base,active,352506.0,352506.0,352526.0,40,36453.0,False
base,active,,352515.0,352525.0,90,-1.0,
base,active,352525.0,352525.0,352533.0,90,36454.0,False
base,active,,352526.0,352826.0,40,-1.0,
base,active,,352533.0,352694.0,90,-1.0,
base,switching_off,,352585.0,354385.0,22,-2.0,
base,active,,352694.0,352994.0,41,-1.0,
base,active,352614.0,352694.0,353214.0,42 43 44 45 46 47 48 49 50 51 52 53 54 55 56 57 58 59 60 61 62 63 66 67 68 69 76 77 90 120 123 125,36455.0,False
base,sleeping,,352728.0,352943.0,75,-4.0,
base,switching_off,,352732.0,354532.0,33,-2.0,
base,switching_off,,352748.0,354548.0,37 38 39,-2.0,
base,switching_off,,352826.0,354626.0,40,-2.0,
base,sleeping,,352918.0,353821.0,14,-4.0,
base,active,350243.0,352943.0,352962.0,121,36417.0,False
base,switching_on,,352943.0,355643.0,75,-3.0,
base,active,,352962.0,353214.0,121,-1.0,
base,switching_off,,352994.0,354794.0,41,-2.0,
base,sleeping,,353037.0,353148.0,26,-4.0,
base,sleeping,,353037.0,353821.0,15 16 17 23 24 25,-4.0,
base,switching_on,,353148.0,355848.0,26,-3.0,
base,sleeping,,353149.0,353462.0,65,-4.0,
base,sleeping,,353149.0,353519.0,64,-4.0,
base,sleeping,,353149.0,353821.0,27 28 29 30 31 32 34 35 36,-4.0,
base,active,,353214.0,353514.0,42,-1.0,
base,active,353180.0,353214.0,354931.0,43 44 45 46 47 48 49 50 51 52 53 54 55 56 57 58 59 60 61 62 63 66 67 68 69 76 77 90 120 121 123 125,36460.0,False
base,active,350541.0,353241.0,353243.0,95,36423.0,False
base,active,,353243.0,353543.0,95,-1.0,
base,active,350585.0,353285.0,353308.0,94,36425.0,False
base,sleeping,,353297.0,353821.0,18 21,-4.0,
base,active,,353308.0,353608.0,94,-1.0,
base,switching_on,,353462.0,356162.0,65,-3.0,
base,switching_off,,353514.0,355314.0,42,-2.0,
base,switching_on,,353519.0,356219.0,64,-3.0,
base,switching_off,,353543.0,355343.0,95,-2.0,
base,switching_off,,353608.0,355408.0,94,-2.0,
base,active,349530.0,353618.0,353717.0,11 12 13 89 91 92 93 99 100 101 102 103 104 105 106 107 108 109 110 111 112 113 114 115 116 117 118 119 122 124 126 127,36413.0,False
base,active,,353717.0,354017.0,11 12 13 89 91 92 93 99 100 101 102 103 104 105 106 107 108 109 110,-1.0,
base,active,,353717.0,356521.0,111 112 113 114 115 116 117 118 119 122 124 126 127,-1.0,
base,active,350579.0,353749.0,354125.0,10 72 73 74 79 80 81 82 83 84 85 86 87 96 97 98,36424.0,False
base,sleeping,,353814.0,353821.0,19,-4.0,
base,switching_on,,353821.0,356521.0,14 15 16 17 18 19 21 23 24 25 27 28 29 30 31 32 34 35 36,-3.0,
base,switching_off,,354017.0,355817.0,11 12 13 89 91 92 93 99 100 101 102 103 104 105 106 107 108 109 110,-2.0,
base,sleeping,,354105.0,354125.0,20,-4.0,
base,active,,354125.0,354425.0,10,-1.0,
base,active,,354125.0,356825.0,72 73 74 79 80 81 82 83 84 85 86 87 96 97 98,-1.0,
base,switching_on,,354125.0,356825.0,20,-3.0,
base,sleeping,,354128.0,354536.0,7 8 9,-4.0,
base,sleeping,,354128.0,354931.0,4 5 6,-4.0,
base,sleeping,,354153.0,354931.0,2 3,-4.0,
base,active,351592.0,354292.0,354314.0,78,36433.0,False
base,active,,354314.0,354614.0,78,-1.0,
base,active,351617.0,354317.0,354490.0,0 1 70 71,36434.0,False
base,sleeping,,354385.0,354437.0,22,-4.0,
base,switching_off,,354425.0,356225.0,10,-2.0,
base,switching_on,,354437.0,357137.0,22,-3.0,
base,active,,354490.0,354790.0,0 1 70 71,-1.0,
base,sleeping,,354532.0,354536.0,33,-4.0,
base,switching_on,,354536.0,357236.0,7 8 9 33,-3.0,
base,sleeping,,354548.0,354601.0,39,-4.0,
base,sleeping,,354548.0,354931.0,37 38,-4.0,
base,switching_on,,354601.0,357301.0,39,-3.0,
base,switching_off,,354614.0,356414.0,78,-2.0,
base,sleeping,,354626.0,354776.0,40,-4.0,
base,switching_on,,354776.0,357476.0,40,-3.0,
base,switching_off,,354790.0,356590.0,0 1 70 71,-2.0,
base,sleeping,,354794.0,354931.0,41,-4.0,
base,active,354827.0,354931.0,355060.0,51 52 53 54 55 56 57 58 59 60 61 62 63 66 67 68,36477.0,False
base,active,,354931.0,355231.0,43 44 45 46 47 48 49 50,-1.0,
base,active,,354931.0,357631.0,69 76 77 90 120 121 123 125,-1.0,
base,switching_on,,354931.0,357631.0,2 3 4 5 6 37 38 41,-3.0,
base,active,354838.0,355060.0,355142.0,51 52 53 54 55 56 57 58 59 60 61 62 63 66 67 68,36478.0,False
base,active,354957.0,355142.0,355337.0,51 52 53 54 55 56 57 58 59 60 61 62 63 66 67 68,36480.0,False
base,active,352471.0,355171.0,355202.0,88,36451.0,False
base,active,,355202.0,358037.0,88,-1.0,
base,switching_off,,355231.0,357031.0,43 44 45 46 47 48 49 50,-2.0,
base,sleeping,,355314.0,355337.0,42,-4.0,
base,active,,355337.0,355637.0,51 52,-1.0,
base,active,,355337.0,358037.0,53 54 55 56 57 58 59 60 61 62 63 66 67 68,-1.0,
base,switching_on,,355337.0,358037.0,42,-3.0,
base,sleeping,,355343.0,355817.0,95,-4.0,
base,sleeping,,355408.0,355817.0,94,-4.0,
base,switching_off,,355637.0,357437.0,51 52,-2.0,
base,active,352943.0,355643.0,355653.0,75,36457.0,False
base,active,,355653.0,355953.0,75,-1.0,
base,sleeping,,355817.0,356595.0,91,-4.0,
base,sleeping,,355817.0,357280.0,89,-4.0,
base,sleeping,,355817.0,357382.0,11 12 13,-4.0,
base,switching_on,,355817.0,358517.0,92 93 94 95 99 100 101 102 103 104 105 106 107 108 109 110,-3.0,
base,active,353148.0,355848.0,355851.0,26,36459.0,False
base,active,,355851.0,356151.0,26,-1.0,
base,switching_off,,355953.0,357753.0,75,-2.0,
base,switching_off,,356151.0,357951.0,26,-2.0,
base,active,353462.0,356162.0,356173.0,65,36462.0,False
base,active,,356173.0,356473.0,65,-1.0,
base,active,353519.0,356219.0,356232.0,64,36464.0,False
base,sleeping,,356225.0,357382.0,10,-4.0,
base,active,,356232.0,356532.0,64,-1.0,
base,sleeping,,356414.0,357349.0,78,-4.0,
base,switching_off,,356473.0,358273.0,65,-2.0,
base,active,353821.0,356521.0,357223.0,14 15 16 17 18 19 21 23 24 25 27 28 29 30 31 32 34 35 36 111 112 113 114 115 116 117 118 119 122 124 126 127,36468.0,False
base,switching_off,,356532.0,358332.0,64,-2.0,
base,sleeping,,356590.0,357349.0,70 71,-4.0,
base,sleeping,,356590.0,357382.0,0 1,-4.0,
base,switching_on,,356595.0,359295.0,91,-3.0,
base,active,354042.0,356825.0,357382.0,20 72 73 74 79 80 81 82 83 84 85 86 87 96 97 98,36469.0,False
base,sleeping,,357031.0,357349.0,50,-4.0,
base,sleeping,,357031.0,357382.0,43 44 45 46 47 48 49,-4.0,
base,active,354437.0,357137.0,357285.0,22,36471.0,False
base,active,355202.0,357223.0,358403.0,14 15 16 17 18 19 21 23 24 25 27 28 29 30 31 32 34 35 36 111 112 113 114 115 116 117 118 119 122 124 126 127,36484.0,False
base,active,354536.0,357236.0,357304.0,7 8 9 33,36473.0,False
base,switching_on,,357280.0,359980.0,89,-3.0,
base,active,,357285.0,360082.0,22,-1.0,
base,active,354601.0,357301.0,357428.0,39,36474.0,False
base,active,,357304.0,357604.0,7 8,-1.0,
base,active,,357304.0,360082.0,9 33,-1.0,
base,switching_on,,357349.0,360049.0,50 70 71 78,-3.0,
base,active,,357382.0,360082.0,20 72 73 74 79 80 81 82 83 84 85 86 87 96 97 98,-1.0,
base,switching_on,,357382.0,360082.0,0 1 10 11 12 13 43 44 45 46 47 48 49,-3.0,
base,active,,357428.0,357728.0,39,-1.0,
base,sleeping,,357437.0,357722.0,51 52,-4.0,
base,active,354776.0,357476.0,357665.0,40,36476.0,False
base,switching_off,,357604.0,359404.0,7 8,-2.0,
base,active,354532.0,357631.0,357722.0,2 3 4 5 6 37 38 41 69 76 77 90 120 121 123 125,36472.0,False
base,active,,357665.0,357965.0,40,-1.0,
base,active,,357722.0,358022.0,2 3 4 5 6 37 38 41 69 76,-1.0,
base,active,,357722.0,360422.0,77 90 120 121 123 125,-1.0,
base,switching_on,,357722.0,360422.0,51 52,-3.0,
base,switching_off,,357728.0,359528.0,39,-2.0,
base,sleeping,,357753.0,358249.0,75,-4.0,
base,sleeping,,357951.0,358249.0,26,-4.0,
base,switching_off,,357965.0,359765.0,40,-2.0,
base,switching_off,,358022.0,359822.0,2 3 4 5 6 37 38 41 69 76,-2.0,
base,active,354973.0,358037.0,358249.0,42 53 54 55 56 57 58 59 60 61 62 63 66 67 68 88,36481.0,False
base,active,,358249.0,360949.0,68 88,-1.0,
base,switching_on,,358249.0,360949.0,26 75,-3.0,
base,active,,358249.0,361103.0,42 53 54 55 56 57 58 59 60 61 62 63 66 67,-1.0,
base,sleeping,,358273.0,358403.0,65,-4.0,
base,sleeping,,358332.0,358403.0,64,-4.0,
base,active,,358403.0,358578.0,29 30 31 32,-1.0,
base,active,,358403.0,358703.0,14 15 16 17 18 19 21 23 24 25 27 28,-1.0,
base,active,,358403.0,361103.0,34 35 36 111 112 113 114 115 116 117 118 119 122 124 126 127,-1.0,
base,switching_on,,358403.0,361103.0,64 65,-3.0,
base,active,355211.0,358517.0,358741.0,92 93 94 95 99 100 101 102 103 104 105 106 107 108 109 110,36485.0,False
base,active,358578.0,358578.0,358599.0,29 30 31 32,36511.0,False
base,active,,358599.0,358899.0,29 30 31 32,-1.0,
base,switching_off,,358703.0,360503.0,14 15 16 17 18 19 21 23 24 25 27 28,-2.0,
base,active,,358741.0,358779.0,107 108 109 110,-1.0,
base,active,,358741.0,359041.0,92 93 94 95 99 100 101 102 103 104 105 106,-1.0,
base,active,358779.0,358779.0,358810.0,107 108 109 110,36515.0,False
base,active,,358810.0,358957.0,107 108 109 110,-1.0,
base,switching_off,,358899.0,360699.0,29 30 31 32,-2.0,
base,active,358957.0,358957.0,359099.0,107 108 109 110,36519.0,False
base,switching_off,,359041.0,360841.0,92 93 94 95 99 100 101 102 103 104 105 106,-2.0,
base,active,,359099.0,359399.0,107 108 109 110,-1.0,
base,active,356595.0,359295.0,359304.0,91,36491.0,False
base,active,,359304.0,359604.0,91,-1.0,
base,switching_off,,359399.0,361199.0,107 108 109 110,-2.0,
base,sleeping,,359404.0,359765.0,7 8,-4.0,
base,sleeping,,359528.0,359765.0,39,-4.0,
base,switching_off,,359604.0,361404.0,91,-2.0,
base,switching_on,,359765.0,362465.0,7 8 39 40,-3.0,
base,sleeping,,359822.0,360522.0,2 3 4 5 6 37 38 41 69 76,-4.0,
base,active,357280.0,359980.0,360018.0,89,36499.0,False
base,active,,360018.0,360318.0,89,-1.0,
base,active,357349.0,360049.0,360081.0,50 70 71 78,36501.0,False
base,active,,360081.0,360381.0,50 70 71 78,-1.0,
base,active,356391.0,360082.0,360522.0,0 1 9 10 11 12 13 20 22 33 43 44 45 46 47 48 49 72 73 74 79 80 81 82 83 84 85 86 87 96 97 98,36490.0,False
base,switching_off,,360318.0,362118.0,89,-2.0,
base,switching_off,,360381.0,362181.0,50 70 71 78,-2.0,
base,active,357542.0,360422.0,360477.0,51 52 77 90 120 121 123 125,36502.0,False
base,active,,360477.0,360777.0,51 52 77,-1.0,
base,active,,360477.0,363222.0,90 120 121 123 125,-1.0,
base,sleeping,,360503.0,360522.0,14 15 16 17 18 19 21 23 24 25 27 28,-4.0,
base,active,,360522.0,360822.0,0 1 9 10 11 12 13 20 22 33 43 44 45 46 47 48 49 72 73 74 79 80 81 82 83 84 85,-1.0,
base,active,,360522.0,363222.0,86 87 96 97 98,-1.0,
base,switching_on,,360522.0,363222.0,2 3 4 5 6 14 15 16 17 18 19 21 23 24 25 27 28 37 38 41 69 76,-3.0,
base,sleeping,,360699.0,366422.0,29 30 31 32,-4.0,
base,switching_off,,360777.0,362577.0,51 52 77,-2.0,
base,switching_off,,360822.0,362622.0,0 1 9 10 11 12 13 20 22 33 43 44 45 46 47 48 49 72 73 74 79 80 81 82 83 84 85,-2.0,
base,sleeping,,360841.0,363802.0,92 93 94 95 99 100 101 102 103 104 105 106,-4.0,
base,active,358200.0,360949.0,361215.0,26 68 75 88,36507.0,False
base,active,357155.0,361103.0,361702.0,34 35 36 42 53 54 55 56 57 58 59 60 61 62 63 64 65 66 67 111 112 113 114 115 116 117 118 119 122 124 126 127,36497.0,False
base,sleeping,,361199.0,363212.0,110,-4.0,
base,sleeping,,361199.0,363229.0,109,-4.0,
base,sleeping,,361199.0,363234.0,108,-4.0,
base,sleeping,,361199.0,363802.0,107,-4.0,
base,active,,361215.0,361515.0,26 68 75 88,-1.0,
base,sleeping,,361404.0,363802.0,91,-4.0,
base,switching_off,,361515.0,363315.0,26 68 75 88,-2.0,
base,active,,361702.0,362002.0,34 35 36 42 53 54 55 56 57 58 59 60 61 62 63 64 65 66 67 111 112 113 114 115 116 117 118 119 122 124 126 127,-1.0,
base,switching_off,,362002.0,363802.0,34 35 36 42 53 54 55 56 57 58 59 60 61 62 63 64 65 66 67 111 112 113 114 115 116 117 118 119 122 124 126 127,-2.0,
base,sleeping,,362118.0,363802.0,89,-4.0,
base,sleeping,,362181.0,363802.0,50 70 71 78,-4.0,
base,active,359715.0,362465.0,362534.0,7 8 39 40,36522.0,False
base,active,,362534.0,362834.0,7 8 39 40,-1.0,
base,sleeping,,362577.0,363802.0,51 52 77,-4.0,
base,sleeping,,362622.0,363802.0,49 72 73 74 79 80 81 82 83 84 85,-4.0,
base,sleeping,,362622.0,364073.0,48,-4.0,
base,sleeping,,362622.0,364413.0,43 44 45 46 47,-4.0,
base,sleeping,,362622.0,366422.0,0 1 9 10 11 12 13 20 22 33,-4.0,
base,switching_off,,362834.0,364634.0,7 8 39 40,-2.0,
base,switching_on,,363212.0,365912.0,110,-3.0,
base,active,358105.0,363222.0,364424.0,2 3 4 5 6 14 15 16 17 18 19 21 23 24 25 27 28 37 38 41 69 76 86 87 90 96 97 98 120 121 123 125,36506.0,False
base,switching_on,,363229.0,365929.0,109,-3.0,
base,switching_on,,363234.0,365934.0,108,-3.0,
base,sleeping,,363315.0,363802.0,68 75 88,-4.0,
base,sleeping,,363315.0,366422.0,26,-4.0,
base,sleeping,,363802.0,364413.0,35 36 42,-4.0,
base,sleeping,,363802.0,366422.0,34,-4.0,
base,switching_on,,363802.0,366502.0,49 50 51 52 53 54 55 56 57 58 59 60 61 62 63 64 65 66 67 68 70 71 72 73 74 75 77 78 79 80 81 82 83 84 85 88 89 91 92 93 94 95 99 100 101 102 103 104 105 106 107 111 112 113 114 115 116 117 118 119 122 124 126 127,-3.0,
base,switching_on,,364073.0,366773.0,48,-3.0,
base,switching_on,,364413.0,367113.0,35 36 42 43 44 45 46 47,-3.0,
base,active,363603.0,364424.0,365543.0,2 3 4 5 6 14 15 16 17 18 19 21 23 24 25 27 28 37 38 41 69 76 86 87 90 96 97 98 120 121 123 125,36550.0,False
base,sleeping,,364634.0,366422.0,7 8 39 40,-4.0,
base,active,364394.0,365543.0,365693.0,2 3 4 5 6 14 15 16 17 18 19 21 23 24 25 27 28 37 38 41 69 76 86 87 90 96 97 98 120 121 123 125,36554.0,False
base,active,364808.0,365693.0,365852.0,2 3 4 5 6 14 15 16 17 18 19 21 23 24 25 27 28 37 38 41 69 76 86 87 90 96 97 98 120 121 123 125,36561.0,False
base,active,365054.0,365852.0,366033.0,2 3 4 5 6 14 15 16 17 18 19 21 23 24 25 27 28 37 38 41 69 76 86 87 90 96 97 98 120 121 123 125,36562.0,False
base,active,363212.0,365912.0,365922.0,110,36547.0,False
base,active,365883.0,365922.0,365951.0,110,36567.0,False
base,active,363229.0,365929.0,365932.0,109,36548.0,False
base,active,,365932.0,366033.0,109,-1.0,
base,active,363234.0,365934.0,365948.0,108,36549.0,False
base,active,,365948.0,366033.0,108,-1.0,
base,active,,365951.0,366033.0,110,-1.0,
base,active,,366033.0,366333.0,2 3 4,-1.0,
base,active,365261.0,366033.0,366422.0,5 6 14 15 16 17 18 19 21 23 24 25 27 28 37 38 41 69 76 86 87 90 96 97 98 108 109 110 120 121 123 125,36564.0,False
base,switching_off,,366333.0,368133.0,2 3 4,-2.0,
base,active,,366422.0,366542.0,69 76 86,-1.0,
base,active,,366422.0,366722.0,5 6 14 15 16 17 18 19 21 23 24 25 27 28 37 38 41,-1.0,
base,active,,366422.0,369122.0,87 90 96 97 98 108 109 110 120 121 123 125,-1.0,
base,switching_on,,366422.0,369122.0,0 1 7 8 9 10 11 12 13 20 22 26 29 30 31 32 33 34 39 40,-3.0,
base,active,334889.0,366502.0,366542.0,49 50 51 52 53 54 55 56 57 58 59 60 61 62 63 64 65 66 67 68 70 71 72 73 74 75 77 78 79 80 81 82 83 84 85 88 89 91 92 93 94 95 99 100 101 102 103 104 105 106 107 111 112 113 114 115 116 117 118 119 122 124 126 127,36220.0,False
base,active,,366542.0,366707.0,51,-1.0,
base,active,334958.0,366542.0,366770.0,52 53 54 55 56 57 58 59 60 61 62 63 64 65 66 67 68 69 70 71 72 73 74 75 76 77 78 79 80 81 82 83 84 85 86 88 89 91 92 93 94 95 99 100 101 102 103 104 105 106 107 111 112 113 114 115 116 117 118 119 122 124 126 127,36223.0,False
base,active,,366542.0,366842.0,49 50,-1.0,
base,active,366707.0,366707.0,366816.0,51,36573.0,False
base,switching_off,,366722.0,368522.0,5 6 14 15 16 17 18 19 21 23 24 25 27 28 37 38 41,-2.0,
base,active,335231.0,366770.0,366915.0,52 53 54 55 56 57 58 59 60 61 62 63 64 65 66 67 68 69 70 71 72 73 74 75 76 77 78 79 80 81 82 83 84 85 86 88 89 91 92 93 94 95 99 100 101 102 103 104 105 106 107 111 112 113 114 115 116 117 118 119 122 124 126 127,36226.0,False
base,active,364073.0,366773.0,366938.0,48,36552.0,False
base,active,,366816.0,366912.0,51,-1.0,
base,switching_off,,366842.0,368642.0,49 50,-2.0,
base,active,366912.0,366912.0,367040.0,51,36575.0,False
base,active,335540.0,366915.0,367042.0,52 53 54 55 56 57 58 59 60 61 62 63 64 65 66 67 68 69 70 71 72 73 74 75 76 77 78 79 80 81 82 83 84 85 86 88 89 91 92 93 94 95 99 100 101 102 103 104 105 106 107 111 112 113 114 115 116 117 118 119 122 124 126 127,36229.0,False
base,active,,366938.0,367238.0,48,-1.0,
base,active,,367040.0,367340.0,51,-1.0,
base,active,336943.0,367042.0,367297.0,52 53 54 55 56 57 58 59 60 61 62 63 64 65 66 67 68 69 70 71 72 73 74 75 76 77 78 79 80 81 82 83 84 85 86 88 89 91 92 93 94 95 99 100 101 102 103 104 105 106 107 111 112 113 114 115 116 117 118 119 122 124 126 127,36244.0,False
base,active,364413.0,367113.0,367248.0,35 36 42 43 44 45 46 47,36555.0,False
base,switching_off,,367238.0,369038.0,48,-2.0,
base,active,,367248.0,367548.0,35 36 42 43 44 45 46 47,-1.0,
base,active,337536.0,367297.0,367522.0,52 53 54 55 56 57 58 59 60 61 62 63 64 65 66 67 68 69 70 71 72 73 74 75 76 77 78 79 80 81 82 83 84 85 86 88 89 91 92 93 94 95 99 100 101 102 103 104 105 106 107 111 112 113 114 115 116 117 118 119 122 124 126 127,36252.0,False
base,switching_off,,367340.0,369140.0,51,-2.0,
base,active,338809.0,367522.0,367649.0,52 53 54 55 56 57 58 59 60 61 62 63 64 65 66 67 68 69 70 71 72 73 74 75 76 77 78 79 80 81 82 83 84 85 86 88 89 91 92 93 94 95 99 100 101 102 103 104 105 106 107 111 112 113 114 115 116 117 118 119 122 124 126 127,36263.0,False
base,switching_off,,367548.0,369348.0,35 36 42 43 44 45 46 47,-2.0,
base,active,338945.0,367649.0,367770.0,52 53 54 55 56 57 58 59 60 61 62 63 64 65 66 67 68 69 70 71 72 73 74 75 76 77 78 79 80 81 82 83 84 85 86 88 89 91 92 93 94 95 99 100 101 102 103 104 105 106 107 111 112 113 114 115 116 117 118 119 122 124 126 127,36265.0,False
base,active,339389.0,367770.0,367883.0,52 53 54 55 56 57 58 59 60 61 62 63 64 65 66 67 68 69 70 71 72 73 74 75 76 77 78 79 80 81 82 83 84 85 86 88 89 91 92 93 94 95 99 100 101 102 103 104 105 106 107 111 112 113 114 115 116 117 118 119 122 124 126 127,36273.0,False
base,active,339508.0,367883.0,367991.0,52 53 54 55 56 57 58 59 60 61 62 63 64 65 66 67 68 69 70 71 72 73 74 75 76 77 78 79 80 81 82 83 84 85 86 88 89 91 92 93 94 95 99 100 101 102 103 104 105 106 107 111 112 113 114 115 116 117 118 119 122 124 126 127,36275.0,False
base,active,339803.0,367991.0,368028.0,52 53 54 55 56 57 58 59 60 61 62 63 64 65 66 67 68 69 70 71 72 73 74 75 76 77 78 79 80 81 82 83 84 85 86 88 89 91 92 93 94 95 99 100 101 102 103 104 105 106 107 111 112 113 114 115 116 117 118 119 122 124 126 127,36278.0,False
base,active,339863.0,368028.0,368067.0,52 53 54 55 56 57 58 59 60 61 62 63 64 65 66 67 68 69 70 71 72 73 74 75 76 77 78 79 80 81 82 83 84 85 86 88 89 91 92 93 94 95 99 100 101 102 103 104 105 106 107 111 112 113 114 115 116 117 118 119 122 124 126 127,36280.0,False
base,active,343677.0,368067.0,368201.0,52 53 54 55 56 57 58 59 60 61 62 63 64 65 66 67 68 69 70 71 72 73 74 75 76 77 78 79 80 81 82 83 84 85 86 88 89 91 92 93 94 95 99 100 101 102 103 104 105 106 107 111 112 113 114 115 116 117 118 119 122 124 126 127,36334.0,False
base,switching_on,,368133.0,370833.0,2 3 4,-3.0,
base,active,354930.0,368201.0,369856.0,52 53 54 55 56 57 58 59 60 61 62 63 64 65 66 67 68 69 70 71 72 73 74 75 76 77 78 79 80 81 82 83 84 85 86 88 89 91 92 93 94 95 99 100 101 102 103 104 105 106 107 111 112 113 114 115 116 117 118 119 122 124 126 127,36479.0,False
base,sleeping,,368522.0,368630.0,28,-4.0,
base,sleeping,,368522.0,368707.0,19 21 23 24 25 27,-4.0,
base,sleeping,,368522.0,368858.0,18,-4.0,
base,sleeping,,368522.0,370893.0,5 6 14 15 16 17,-4.0,
base,switching_on,,368522.0,371222.0,37 38 41,-3.0,
base,switching_on,,368630.0,371330.0,28,-3.0,
base,sleeping,,368642.0,368707.0,49 50,-4.0,
base,switching_on,,368707.0,371407.0,19 21 23 24 25 27 49 50,-3.0,
base,switching_on,,368858.0,371558.0,18,-3.0,
base,sleeping,,369038.0,370893.0,48,-4.0,
base,active,365784.0,369122.0,369378.0,0 1 7 8 9 10 11 12 13 20 22 26 29 30 31 32 33 34 39 40 87 90 96 97 98 108 109 110 120 121 123 125,36566.0,False
base,sleeping,,369140.0,370893.0,51,-4.0,
base,sleeping,,369348.0,370893.0,35 36 42 43 44 45 46 47,-4.0,
base,active,366914.0,369378.0,369580.0,0 1 7 8 9 10 11 12 13 20 22 26 29 30 31 32 33 34 39 40 87 90 96 97 98 108 109 110 120 121 123 125,36576.0,False
base,active,367466.0,369580.0,369783.0,0 1 7 8 9 10 11 12 13 20 22 26 29 30 31 32 33 34 39 40 87 90 96 97 98 108 109 110 120 121 123 125,36578.0,False
base,active,367731.0,369783.0,369965.0,0 1 7 8 9 10 11 12 13 20 22 26 29 30 31 32 33 34 39 40 87 90 96 97 98 108 109 110 120 121 123 125,36582.0,False
base,active,356606.0,369856.0,370030.0,52 53 54 55 56 57 58 59 60 61 62 63 64 65 66 67 68 69 70 71 72 73 74 75 76 77 78 79 80 81 82 83 84 85 86 88 89 91 92 93 94 95 99 100 101 102 103 104 105 106 107 111 112 113 114 115 116 117 118 119 122 124 126 127,36492.0,False
base,active,368173.0,369965.0,370298.0,0 1 7 8 9 10 11 12 13 20 22 26 29 30 31 32 33 34 39 40 87 90 96 97 98 108 109 110 120 121 123 125,36588.0,False
base,active,357625.0,370030.0,370129.0,52 53 54 55 56 57 58 59 60 61 62 63 64 65 66 67 68 69 70 71 72 73 74 75 76 77 78 79 80 81 82 83 84 85 86 88 89 91 92 93 94 95 99 100 101 102 103 104 105 106 107 111 112 113 114 115 116 117 118 119 122 124 126 127,36503.0,False
base,active,357980.0,370129.0,370304.0,52 53 54 55 56 57 58 59 60 61 62 63 64 65 66 67 68 69 70 71 72 73 74 75 76 77 78 79 80 81 82 83 84 85 86 88 89 91 92 93 94 95 99 100 101 102 103 104 105 106 107 111 112 113 114 115 116 117 118 119 122 124 126 127,36505.0,False
base,active,368641.0,370298.0,370452.0,0 1 7 8 9 10 11 12 13 20 22 26 29 30 31 32 33 34 39 40 87 90 96 97 98 108 109 110 120 121 123 125,36595.0,False
base,active,358236.0,370304.0,370510.0,52 53 54 55 56 57 58 59 60 61 62 63 64 65 66 67 68 69 70 71 72 73 74 75 76 77 78 79 80 81 82 83 84 85 86 88 89 91 92 93 94 95 99 100 101 102 103 104 105 106 107 111 112 113 114 115 116 117 118 119 122 124 126 127,36508.0,False
base,active,370428.0,370452.0,370473.0,30,36610.0,False
base,active,370397.0,370452.0,370518.0,31 32 33 34 39 40 87 90,36609.0,False
base,active,370081.0,370452.0,370528.0,97 98 108 109,36607.0,False
base,active,369919.0,370452.0,370530.0,120 121 123 125,36604.0,False
base,active,370336.0,370452.0,370591.0,96,36608.0,False
base,active,370056.0,370452.0,370704.0,110,36606.0,False
base,active,,370452.0,370752.0,0 1 7 8 9 10 11 12 13 20 22 26 29,-1.0,
base,active,,370473.0,370773.0,30,-1.0,
base,active,358455.0,370510.0,370691.0,52 53 54 55 56 57 58 59 60 61 62 63 64 65 66 67 68 69 70 71 72 73 74 75 76 77 78 79 80 81 82 83 84 85 86 88 89 91 92 93 94 95 99 100 101 102 103 104 105 106 107 111 112 113 114 115 116 117 118 119 122 124 126 127,36510.0,False
base,active,,370518.0,370691.0,87 90,-1.0,
base,active,,370518.0,370818.0,31 32 33 34 39 40,-1.0,
base,active,,370528.0,370691.0,97 98 108 109,-1.0,
base,active,,370530.0,370691.0,120 121 123 125,-1.0,
base,active,,370591.0,370691.0,96,-1.0,
base,active,358647.0,370691.0,370893.0,63 64 65 66 67 68 69 70 71 72 73 74 75 76 77 78 79 80 81 82 83 84 85 86 87 88 89 90 91 92 93 94 95 96 97 98 99 100 101 102 103 104 105 106 107 108 109 111 112 113 114 115 116 117 118 119 120 121 122 123 124 125 126 127,36512.0,False
base,active,,370691.0,370991.0,52 53 54 55 56 57 58 59 60 61 62,-1.0,
base,active,,370704.0,373593.0,110,-1.0,
base,switching_off,,370752.0,372552.0,0 1 7 8 9 10 11 12 13 20 22 26 29,-2.0,
base,switching_off,,370773.0,372573.0,30,-2.0,
base,switching_off,,370818.0,372618.0,31 32 33 34 39 40,-2.0,
base,active,367915.0,370833.0,370852.0,3,36585.0,False
base,active,367947.0,370833.0,370926.0,2,36587.0,False
base,active,367676.0,370833.0,370991.0,4,36580.0,False
base,active,,370852.0,371152.0,3,-1.0,
base,active,,370893.0,370918.0,79,-1.0,
base,active,,370893.0,371143.0,64 65 66 67 68 69 70 71 72 73 74 75 76 77 78,-1.0,
base,active,,370893.0,371193.0,63,-1.0,
base,active,,370893.0,373593.0,80 81 82 83 84 85 86 87 88 89 90 91 92 93 94 95 96 97 98 99 100 101 102 103 104 105 106 107 108 109 111 112 113 114 115 116 117 118 119 120 121 122 123 124 125 126 127,-1.0,
base,switching_on,,370893.0,373593.0,5 6 14 15 16 17 35 36 42 43 44 45 46 47 48 51,-3.0,
base,active,370918.0,370918.0,371044.0,79,36615.0,False
base,active,,370926.0,371226.0,2,-1.0,
base,active,,370991.0,371291.0,4,-1.0,
base,switching_off,,370991.0,372791.0,52 53 54 55 56 57 58 59 60 61 62,-2.0,
base,active,,371044.0,371143.0,79,-1.0,
base,active,371143.0,371143.0,371159.0,64 65 66 67 68 69 70 71 72 73 74 75 76 77 78 79,36618.0,False
base,switching_off,,371152.0,372952.0,3,-2.0,
base,active,,371159.0,371172.0,64 65 66 67 68 69 70 71 72 73 74 75 76 77 78 79,-1.0,
base,active,371172.0,371172.0,371278.0,64 65 66 67 68 69 70 71 72 73 74 75 76 77 78 79,36619.0,False
base,switching_off,,371193.0,372993.0,63,-2.0,
base,active,368510.0,371222.0,371231.0,37,36592.0,False
base,active,368508.0,371222.0,371243.0,38,36591.0,False
base,active,368381.0,371222.0,371325.0,41,36589.0,False
base,switching_off,,371226.0,373026.0,2,-2.0,
base,active,,371231.0,371531.0,37,-1.0,
base,active,,371243.0,371543.0,38,-1.0,
base,active,,371278.0,371399.0,64 65 66 67 68 69 70 71 72 73 74 75 76 77 78 79,-1.0,
base,switching_off,,371291.0,373091.0,4,-2.0,
base,active,,371325.0,371625.0,41,-1.0,
base,active,368630.0,371330.0,371479.0,28,36594.0,False
base,active,371399.0,371399.0,371528.0,64 65 66 67 68 69 70 71 72 73 74 75 76 77 78 79,36620.0,False
base,active,368707.0,371407.0,371500.0,19 21 23 24 25 27 49 50,36596.0,False
base,active,,371479.0,371779.0,28,-1.0,
base,active,,371500.0,371800.0,19 21 23 24 25 27 49 50,-1.0,
base,active,,371528.0,371547.0,72 73 74 75 76 77 78 79,-1.0,
base,active,,371528.0,371828.0,64 65 66 67 68 69 70 71,-1.0,
base,switching_off,,371531.0,373331.0,37,-2.0,
base,switching_off,,371543.0,373343.0,38,-2.0,
base,active,371547.0,371547.0,371605.0,72 73 74 75 76 77 78 79,36622.0,False
base,active,368858.0,371558.0,371668.0,18,36597.0,False
base,active,,371605.0,371654.0,76 77 78 79,-1.0,
base,active,,371605.0,371829.0,75,-1.0,
base,active,,371605.0,371905.0,72 73 74,-1.0,
base,switching_off,,371625.0,373425.0,41,-2.0,
base,active,371654.0,371654.0,371724.0,76 77 78 79,36623.0,False
base,active,,371668.0,371968.0,18,-1.0,
base,active,,371724.0,371725.0,79,-1.0,
base,active,,371724.0,371829.0,76 77 78,-1.0,
base,active,371725.0,371725.0,371849.0,79,36624.0,False
base,switching_off,,371779.0,373579.0,28,-2.0,
base,switching_off,,371800.0,373600.0,19 21 23 24 25 27 49 50,-2.0,
base,switching_off,,371828.0,373628.0,64 65 66 67 68 69 70 71,-2.0,
base,active,371829.0,371829.0,371907.0,75 76 77 78,36625.0,False
base,active,,371849.0,372149.0,79,-1.0,
base,switching_off,,371905.0,373705.0,72 73 74,-2.0,
base,active,,371907.0,372207.0,75 76 77 78,-1.0,
base,switching_off,,371968.0,373768.0,18,-2.0,
base,switching_off,,372149.0,373949.0,79,-2.0,
base,switching_off,,372207.0,374007.0,75 76 77 78,-2.0,
base,sleeping,,372552.0,372618.0,8,-4.0,
base,sleeping,,372552.0,372623.0,7,-4.0,
base,sleeping,,372552.0,373091.0,0 1,-4.0,
base,switching_on,,372552.0,375252.0,9 10 11 12 13 20 22 26 29,-3.0,
base,sleeping,,372573.0,372618.0,30,-4.0,
base,switching_on,,372618.0,375318.0,8 30 31 32 33 34 39 40,-3.0,
base,switching_on,,372623.0,375323.0,7,-3.0,
base,sleeping,,372791.0,372868.0,62,-4.0,
base,sleeping,,372791.0,373091.0,52 53 54 55 56 57 58 59 60 61,-4.0,
base,switching_on,,372868.0,375568.0,62,-3.0,
base,sleeping,,372952.0,373091.0,3,-4.0,
base,sleeping,,372993.0,373091.0,63,-4.0,
base,sleeping,,373026.0,373091.0,2,-4.0,
base,switching_on,,373091.0,375791.0,0 1 2 3 4 52 53 54 55 56 57 58 59 60 61 63,-3.0,
base,switching_on,,373331.0,376031.0,37,-3.0,
base,sleeping,,373343.0,373600.0,38,-4.0,
base,sleeping,,373425.0,373539.0,41,-4.0,
base,switching_on,,373539.0,376239.0,41,-3.0,
base,sleeping,,373579.0,373600.0,28,-4.0,
base,active,361185.0,373593.0,373785.0,5 6 14 15 16 17 35 36 42 43 44 45 46 47 48 51 80 81 82 83 84 85 86 87 88 89 90 91 92 93 94 95 96 97 98 99 100 101 102 103 104 105 106 107 108 109 110 111 112 113 114 115 116 117 118 119 120 121 122 123 124 125 126 127,36532.0,False
base,sleeping,,373600.0,373785.0,19 21 23 24 25 27,-4.0,
base,switching_on,,373600.0,376300.0,28 38 49 50,-3.0,
base,switching_on,,373628.0,376328.0,64 65 66 67 68 69 70 71,-3.0,
base,sleeping,,373705.0,373785.0,72 73 74,-4.0,
base,sleeping,,373768.0,373785.0,18,-4.0,
base,active,,373785.0,373800.0,43,-1.0,
base,active,,373785.0,374085.0,5 6 14 15 16 17 35 36 42,-1.0,
base,active,,373785.0,376485.0,44 45 46 47 48 51 80 81 82 83 84 85 86 87 88 89 90 91 92 93 94 95 96 97 98 99 100 101 102 103 104 105 106 107 108 109 110 111 112 113 114 115 116 117 118 119 120 121 122 123 124 125 126 127,-1.0,
base,switching_on,,373785.0,376485.0,18 19 21 23 24 25 27 72 73 74,-3.0,
base,active,373800.0,373800.0,373916.0,43,36646.0,False
base,active,,373916.0,373928.0,43,-1.0,
base,active,373928.0,373928.0,374057.0,43,36650.0,False
base,sleeping,,373949.0,374394.0,79,-4.0,
base,sleeping,,374007.0,374667.0,78,-4.0,
base,sleeping,,374007.0,374961.0,77,-4.0,
base,sleeping,,374007.0,375246.0,76,-4.0,
base,sleeping,,374007.0,375536.0,75,-4.0,
base,active,,374057.0,374357.0,43,-1.0,
base,switching_off,,374085.0,375885.0,5 6 14 15 16 17 35 36 42,-2.0,
base,switching_off,,374357.0,376157.0,43,-2.0,
base,switching_on,,374394.0,377094.0,79,-3.0,
base,switching_on,,374667.0,377367.0,78,-3.0,
base,switching_on,,374961.0,377661.0,77,-3.0,
base,switching_on,,375246.0,377946.0,76,-3.0,
base,active,371918.0,375252.0,375319.0,10 11 12 13 20 22 26 29,36626.0,False
base,active,372373.0,375252.0,375396.0,9,36632.0,False
base,active,372284.0,375318.0,375375.0,8 30 31 32 33 34 39 40,36629.0,False
base,active,375141.0,375319.0,377698.0,10 11 12 13 20 22 26 29,36660.0,False
base,active,372623.0,375323.0,375444.0,7,36637.0,False
base,active,,375375.0,375675.0,8 30 31 32 33 34 39 40,-1.0,
base,active,,375396.0,375696.0,9,-1.0,
base,active,,375444.0,375744.0,7,-1.0,
base,switching_on,,375536.0,378236.0,75,-3.0,
base,active,372868.0,375568.0,375682.0,62,36638.0,False
base,switching_off,,375675.0,377475.0,8 30 31 32 33 34 39 40,-2.0,
base,active,,375682.0,375815.0,62,-1.0,
base,switching_off,,375696.0,377496.0,9,-2.0,
base,switching_off,,375744.0,377544.0,7,-2.0,
base,active,372010.0,375791.0,375887.0,0 1 2 3 4 52 53 54 55 56 57 58 59 60 61 63,36628.0,False
base,active,375815.0,375815.0,375929.0,62,36668.0,False
base,sleeping,,375885.0,375887.0,5 6 14 15 16 17 35 36 42,-4.0,
base,active,,375887.0,376187.0,0 1 2 3 4 52 53 54 55,-1.0,
base,active,,375887.0,378587.0,56 57 58 59 60 61 63,-1.0,
base,switching_on,,375887.0,378587.0,5 6 14 15 16 17 35 36 42,-3.0,
base,active,,375929.0,376032.0,62,-1.0,
base,active,373163.0,376031.0,376145.0,37,36640.0,False
base,active,376032.0,376032.0,376159.0,62,36669.0,False
base,active,,376145.0,376445.0,37,-1.0,
base,sleeping,,376157.0,376206.0,43,-4.0,
base,active,,376159.0,376226.0,62,-1.0,
base,switching_off,,376187.0,377987.0,0 1 2 3 4 52 53 54 55,-2.0,
base,switching_on,,376206.0,378906.0,43,-3.0,
base,active,376226.0,376226.0,376352.0,62,36672.0,False
base,active,373539.0,376239.0,376350.0,41,36645.0,False
base,active,373265.0,376300.0,376369.0,28 38 49 50,36641.0,False
base,active,373354.0,376328.0,376390.0,64 65 66 67 68 69 70 71,36642.0,False
base,active,,376350.0,376650.0,41,-1.0,
base,active,,376352.0,376652.0,62,-1.0,
base,active,,376369.0,376669.0,28 38 49 50,-1.0,
base,active,,376390.0,376684.0,64 65 66 67 68 69 70 71,-1.0,
base,switching_off,,376445.0,378245.0,37,-2.0,
base,active,361392.0,376485.0,376684.0,18 19 21 23 24 25 27 44 45 46 47 48 51 72 73 74 80 81 82 83 84 85 86 87 88 89 90 91 92 93 94 95 96 97 98 99 100 101 102 103 104 105 106 107 108 109 110 111 112 113 114 115 116 117 118 119 120 121 122 123 124 125 126 127,36534.0,False
base,switching_off,,376650.0,378450.0,41,-2.0,
base,switching_off,,376652.0,378452.0,62,-2.0,
base,switching_off,,376669.0,378469.0,28 38 49 50,-2.0,
base,active,,376684.0,376984.0,18 19 21 23 24 25 27 44,-1.0,
base,active,362044.0,376684.0,377850.0,45 46 47 48 51 64 65 66 67 68 69 70 71 72 73 74 80 81 82 83 84 85 86 87 88 89 90 91 92 93 94 95 96 97 98 99 100 101 102 103 104 105 106 107 108 109 110 111 112 113 114 115 116 117 118 119 120 121 122 123 124 125 126 127,36539.0,False
base,switching_off,,376984.0,378784.0,18 19 21 23 24 25 27 44,-2.0,
base,active,374394.0,377094.0,377268.0,79,36654.0,False
base,active,,377268.0,377360.0,79,-1.0,
base,active,377360.0,377360.0,377367.0,79,36680.0,False
base,active,,377367.0,377371.0,79,-1.0,
base,active,374667.0,377367.0,377476.0,78,36656.0,False
base,active,377371.0,377371.0,377380.0,79,36681.0,False
base,active,,377380.0,377680.0,79,-1.0,
base,sleeping,,377475.0,377698.0,8 30 31 32 33 34 39 40,-4.0,
base,active,,377476.0,380398.0,78,-1.0,
base,sleeping,,377496.0,377698.0,9,-4.0,
base,sleeping,,377544.0,377698.0,7,-4.0,
base,active,374961.0,377661.0,377829.0,77,36658.0,False
base,switching_off,,377680.0,379480.0,79,-2.0,
base,active,,377698.0,377998.0,10 11 12,-1.0,
base,active,,377698.0,380398.0,13 20 22 26 29,-1.0,
base,switching_on,,377698.0,380398.0,7 8 9 30 31 32 33 34 39 40,-3.0,
base,active,,377829.0,377850.0,77,-1.0,
base,active,,377850.0,378150.0,45,-1.0,
base,active,374356.0,377850.0,378348.0,96 97 98 99 100 101 102 103 104 105 106 107 108 109 110 111 112 113 114 115 116 117 118 119 120 121 122 123 124 125 126 127,36653.0,False
base,active,374937.0,377850.0,379117.0,46 47 48 51 64 65 66 67 68 69 70 71 72 73 74 77 80 81 82 83 84 85 86 87 88 89 90 91 92 93 94 95,36657.0,False
base,active,375246.0,377946.0,378100.0,76,36661.0,False
base,sleeping,,377987.0,382893.0,0 1 2 3 4 52 53 54 55,-4.0,
base,switching_off,,377998.0,379798.0,10 11 12,-2.0,
base,active,,378100.0,378400.0,76,-1.0,
base,switching_off,,378150.0,379950.0,45,-2.0,
base,active,375536.0,378236.0,378364.0,75,36664.0,False
base,sleeping,,378245.0,382893.0,37,-4.0,
base,active,,378348.0,378400.0,96 97 98 99 100 101 102 103 104 105 106 107 108 109 110 111 112 113 114 115 116 117 118 119 120 121 122 123 124 125 126 127,-1.0,
base,active,,378364.0,378664.0,75,-1.0,
base,switching_off,,378400.0,380200.0,76,-2.0,
base,active,368593.0,378400.0,382893.0,96 97 98 99 100 101 102 103 104 105 106 107 108 109 110 111 112 113 114 115 116 117 118 119 120 121 122 123 124 125 126 127,36593.0,False
base,sleeping,,378450.0,382893.0,41,-4.0,
base,sleeping,,378452.0,382893.0,62,-4.0,
base,sleeping,,378469.0,382893.0,28 38 49 50,-4.0,
base,active,372346.0,378587.0,378651.0,5 6 14 15 16 17 35 36 42 56 57 58 59 60 61 63,36631.0,False
base,active,,378651.0,378951.0,5 6 14 15 16 17 35 36 42 56 57 58 59 60 61 63,-1.0,
base,switching_off,,378664.0,380464.0,75,-2.0,
base,sleeping,,378784.0,382893.0,18 19 21 23 24 25 27 44,-4.0,
base,active,376206.0,378906.0,378919.0,43,36671.0,False
base,active,,378919.0,379219.0,43,-1.0,
base,switching_off,,378951.0,380751.0,5 6 14 15 16 17 35 36 42 56 57 58 59 60 61 63,-2.0,
base,active,,379117.0,379417.0,46 47 48 51 64 65 66 67 68 69 70 71 72 73 74 77 80 81 82 83 84 85 86 87 88 89 90 91 92 93 94 95,-1.0,
base,switching_off,,379219.0,381019.0,43,-2.0,
base,switching_off,,379417.0,381217.0,46 47 48 51 64 65 66 67 68 69 70 71 72 73 74 77 80 81 82 83 84 85 86 87 88 89 90 91 92 93 94 95,-2.0,
base,sleeping,,379480.0,382893.0,79,-4.0,
base,sleeping,,379798.0,382893.0,10 11 12,-4.0,
base,sleeping,,379950.0,382893.0,45,-4.0,
base,sleeping,,380200.0,382893.0,76,-4.0,
base,active,373470.0,380398.0,380458.0,7 8 9 13 20 22 26 29 30 31 32 33 34 39 40 78,36644.0,False
base,active,,380458.0,380758.0,7 8 9 13 20 22 26 29 30 31 32 33 34 39 40 78,-1.0,
base,sleeping,,380464.0,382893.0,75,-4.0,
base,sleeping,,380751.0,382893.0,5 6 14 15 16 17 35 36 42 56 57 58 59 60 61 63,-4.0,
base,switching_off,,380758.0,382558.0,7 8 9 13 20 22 26 29 30 31 32 33 34 39 40 78,-2.0,
base,sleeping,,381019.0,382893.0,43,-4.0,
base,sleeping,,381217.0,382893.0,46 47 48 51 64 65 66 67 68 69 70 71 72 73 74 77 80 81 82 83 84 85 86 87 88 89 90 91 92 93 94 95,-4.0,
base,sleeping,,382558.0,382893.0,7 8 9 13 20 22 26 29 30 31 32 33 34 39 40 78,-4.0,
base,active,,382893.0,385593.0,96 97 98 99 100 101 102 103 104 105 106 107 108 109 110 111 112 113 114 115 116 117 118 119 120 121 122 123 124 125 126 127,-1.0,
base,switching_on,,382893.0,385593.0,0 1 2 3 4 5 6 7 8 9 10 11 12 13 14 15 16 17 18 19 20 21 22 23 24 25 26 27 28 29 30 31 32 33 34 35 36 37 38 39 40 41 42 43 44 45 46 47 48 49 50 51 52 53 54 55 56 57 58 59 60 61 62 63 64 65 66 67 68 69 70 71 72 73 74 75 76 77 78 79 80 81 82 83 84 85 86 87 88 89 90 91 92 93 94 95,-3.0,
base,active,324685.0,385593.0,386340.0,0 1 2 3 4 5 6 7 8 9 10 11 12 13 14 15 16 17 18 19 20 21 22 23 24 25 26 27 28 29 30 31 32 33 34 35 36 37 38 39 40 41 42 43 44 45 46 47 48 49 50 51 52 53 54 55 56 57 58 59 60 61 62 63 64 65 66 67 68 69 70 71 72 73 74 75 76 77 78 79 80 81 82 83 84 85 86 87 88 89 90 91 92 93 94 95 96 97 98 99 100 101 102 103 104 105 106 107 108 109 110 111 112 113 114 115 116 117 118 119 120 121 122 123 124 125 126 127,36129.0,False
base,active,327355.0,386340.0,386368.0,0 1 2 3 4 5 6 7 8 9 10 11 12 13 14 15 16 17 18 19 20 21 22 23 24 25 26 27 28 29 30 31 32 33 34 35 36 37 38 39 40 41 42 43 44 45 46 47 48 49 50 51 52 53 54 55 56 57 58 59 60 61 62 63 64 65 66 67 68 69 70 71 72 73 74 75 76 77 78 79 80 81 82 83 84 85 86 87 88 89 90 91 92 93 94 95 96 97 98 99 100 101 102 103 104 105 106 107 108 109 110 111 112 113 114 115 116 117 118 119 120 121 122 123 124 125 126 127,36145.0,False
base,active,327512.0,386368.0,386712.0,0 1 2 3 4 5 6 7 8 9 10 11 12 13 14 15 16 17 18 19 20 21 22 23 24 25 26 27 28 29 30 31 32 33 34 35 36 37 38 39 40 41 42 43 44 45 46 47 48 49 50 51 52 53 54 55 56 57 58 59 60 61 62 63 64 65 66 67 68 69 70 71 72 73 74 75 76 77 78 79 80 81 82 83 84 85 86 87 88 89 90 91 92 93 94 95 96 97 98 99 100 101 102 103 104 105 106 107 108 109 110 111 112 113 114 115 116 117 118 119 120 121 122 123 124 125 126 127,36148.0,False
base,active,328184.0,386712.0,387453.0,0 1 2 3 4 5 6 7 8 9 10 11 12 13 14 15 16 17 18 19 20 21 22 23 24 25 26 27 28 29 30 31 32 33 34 35 36 37 38 39 40 41 42 43 44 45 46 47 48 49 50 51 52 53 54 55 56 57 58 59 60 61 62 63 64 65 66 67 68 69 70 71 72 73 74 75 76 77 78 79 80 81 82 83 84 85 86 87 88 89 90 91 92 93 94 95 96 97 98 99 100 101 102 103 104 105 106 107 108 109 110 111 112 113 114 115 116 117 118 119 120 121 122 123 124 125 126 127,36154.0,False
base,active,,387453.0,387753.0,66 67 68 69 70 71 72 73 74 75 76 77 78 79 80 81 82 83 84 85 86 87 88 89 90 91 92 93 94 95 96 97 98 99 100 101 102 103 104 105 106 107 108 109 110 111 112 113 114 115 116 117 118 119 120 121 122 123 124 125 126 127,-1.0,
base,active,347610.0,387453.0,392895.0,0 1 2 3 4 5 6 7 8 9 10 11 12 13 14 15 16 17 18 19 20 21 22 23 24 25 26 27 28 29 30 31,36395.0,False
base,active,359316.0,387453.0,403372.0,34 35 36 37 38 39 40 41 42 43 44 45 46 47 48 49 50 51 52 53 54 55 56 57 58 59 60 61 62 63 64 65,36520.0,False
base,active,352307.0,387453.0,412661.0,32 33,36449.0,False
base,switching_off,,387753.0,389553.0,66 67 68 69 70 71 72 73 74 75 76 77 78 79 80 81 82 83 84 85 86 87 88 89 90 91 92 93 94 95 96 97 98 99 100 101 102 103 104 105 106 107 108 109 110 111 112 113 114 115 116 117 118 119 120 121 122 123 124 125 126 127,-2.0,
base,sleeping,,389553.0,392895.0,66 67 68 69 70 71 72 73 74 75 76 77 78 79 80 81 82 83 84 85 86 87 88 89 90 91 92 93 94 95 96 97,-4.0,
base,sleeping,,389553.0,409041.0,98 99 100 101 102 103 104 105 106 107 108 109 110 111 112 113 114 115 116 117 118 119 120 121 122 123 124 125 126 127,-4.0,
base,active,,392895.0,395595.0,0 1 2 3 4 5 6 7 8 9 10 11 12 13 14 15 16 17 18 19 20 21 22 23 24 25 26 27 28 29 30 31,-1.0,
base,switching_on,,392895.0,395595.0,66 67 68 69 70 71 72 73 74 75 76 77 78 79 80 81 82 83 84 85 86 87 88 89 90 91 92 93 94 95 96 97,-3.0,
base,active,377331.0,395595.0,402173.0,0 1 2 3 4 5 6 7 8 9 10 11 12 13 14 15 16 17 18 19 20 21 22 23 24 25 26 27 28 29 30 31 66 67 68 69 70 71 72 73 74 75 76 77 78 79 80 81 82 83 84 85 86 87 88 89 90 91 92 93 94 95 96 97,36679.0,False
base,active,377527.0,402173.0,409041.0,0 1 2 3 4 5 6 7 8 9 10 11 12 13 14 15 16 17 18 19 20 21 22 23 24 25 26 27 28 29 30 31 66 67 68 69 70 71 72 73 74 75 76 77 78 79 80 81 82 83 84 85 86 87 88 89 90 91 92 93 94 95 96 97,36682.0,False
base,active,,403372.0,403672.0,34 35 36 37 38 39 40 41 42 43 44 45 46 47 48 49 50 51 52 53 54 55 56 57 58 59 60 61 62 63 64 65,-1.0,
base,switching_off,,403672.0,405472.0,34 35 36 37 38 39 40 41 42 43 44 45 46 47 48 49 50 51 52 53 54 55 56 57 58 59 60 61 62 63 64 65,-2.0,
base,sleeping,,405472.0,409041.0,34 35 36 37 38 39 40 41 42 43 44 45 46 47 48 49 50 51 52 53 54 55 56 57 58 59 60 61 62 63 64 65,-4.0,
base,active,,409041.0,409341.0,0 1 2 3 4 5 6 7 8 9 10 11 12 13 14 15 16 17 18 19 20 21 22 23 24 25 26 27 28 29 30 31 66 67 68 69 70 71 72 73 74 75 76 77 78 79 80 81 82 83 84 85 86 87 88 89 90 91 92 93 94 95,-1.0,
base,active,,409041.0,411741.0,96 97,-1.0,
base,switching_on,,409041.0,411741.0,34 35 36 37 38 39 40 41 42 43 44 45 46 47 48 49 50 51 52 53 54 55 56 57 58 59 60 61 62 63 64 65 98 99 100 101 102 103 104 105 106 107 108 109 110 111 112 113 114 115 116 117 118 119 120 121 122 123 124 125 126 127,-3.0,
base,switching_off,,409341.0,411141.0,0 1 2 3 4 5 6 7 8 9 10 11 12 13 14 15 16 17 18 19 20 21 22 23 24 25 26 27 28 29 30 31 66 67 68 69 70 71 72 73 74 75 76 77 78 79 80 81 82 83 84 85 86 87 88 89 90 91 92 93 94 95,-2.0,
base,sleeping,,411141.0,413270.0,94 95,-4.0,
base,sleeping,,411141.0,413329.0,78 79 80 81 82 83 84 85 86 87 88 89 90 91 92 93,-4.0,
base,sleeping,,411141.0,413414.0,28 29 30 31 66 67 68 69 70 71 72 73 74 75 76 77,-4.0,
base,sleeping,,411141.0,413422.0,12 13 14 15 16 17 18 19 20 21 22 23 24 25 26 27,-4.0,
base,sleeping,,411141.0,413938.0,11,-4.0,
base,sleeping,,411141.0,414126.0,3 4 5 6 7 8 9 10,-4.0,
base,sleeping,,411141.0,416905.0,0 1 2,-4.0,
base,active,384718.0,411741.0,411897.0,34 35 36 37 38 39 40 41 42 43 44 45 46 47 48 49 50 51 52 53 54 55 56 57 58 59 60 61 62 63 64 65 96 97 98 99 100 101 102 103 104 105 106 107 108 109 110 111 112 113 114 115 116 117 118 119 120 121 122 123 124 125 126 127,36687.0,False
base,active,410270.0,411897.0,411900.0,123,36806.0,False
base,active,410291.0,411897.0,411914.0,122,36807.0,False
base,active,410955.0,411897.0,411914.0,118 119,36816.0,False
base,active,410980.0,411897.0,411914.0,116 117,36817.0,False
base,active,411101.0,411897.0,411915.0,102 103,36821.0,False
base,active,411010.0,411897.0,411919.0,112 113 114 115,36818.0,False
base,active,410351.0,411897.0,411932.0,120 121,36810.0,False
base,active,411052.0,411897.0,411934.0,104 105 106 107 108 109 110 111,36819.0,False
base,active,410112.0,411897.0,411951.0,126 127,36804.0,False
base,active,410206.0,411897.0,411968.0,124 125,36805.0,False
base,active,,411897.0,411968.0,34 35 36 37 38 39,-1.0,
base,active,411141.0,411897.0,412005.0,40 41 42 43 44 45 46 47 48 49 50 51 52 53 54 55,36824.0,False
base,active,411123.0,411897.0,412013.0,56 57 58 59 60 61 62 63 64 65 96 97 98 99 100 101,36822.0,False
base,active,,411900.0,411968.0,123,-1.0,
base,active,,411914.0,411968.0,116 117 118 119 122,-1.0,
base,active,,411915.0,411968.0,102 103,-1.0,
base,active,,411919.0,411968.0,112 113 114 115,-1.0,
base,active,,411932.0,411968.0,120 121,-1.0,
base,active,,411934.0,411968.0,104 105 106 107 108 109 110 111,-1.0,
base,active,,411951.0,411968.0,126 127,-1.0,
base,active,411438.0,411968.0,412250.0,34 35 36 37 38 39 102 103 104 105 106 107 108 109 110 111 112 113 114 115 116 117 118 119 120 121 122 123 124 125 126 127,36827.0,False
base,active,,412005.0,412305.0,40 41 42 43 44 45 46 47 48 49 50 51 52 53 54 55,-1.0,
base,active,,412013.0,412313.0,56 57 58 59 60 61 62 63 64 65 96 97 98 99 100 101,-1.0,
base,active,,412250.0,412550.0,34 35 36 37 38 39 102 103 104 105 106 107 108 109 110 111 112 113 114 115 116 117 118 119 120 121 122 123 124 125 126 127,-1.0,
base,switching_off,,412305.0,414105.0,40 41 42 43 44 45 46 47 48 49 50 51 52 53 54 55,-2.0,
base,switching_off,,412313.0,414113.0,56 57 58 59 60 61 62 63 64 65 96 97 98 99 100 101,-2.0,
base,switching_off,,412550.0,414350.0,34 35 36 37 38 39 102 103 104 105 106 107 108 109 110 111 112 113 114 115 116 117 118 119 120 121 122 123 124 125 126 127,-2.0,
base,active,,412661.0,412961.0,32 33,-1.0,
base,switching_off,,412961.0,414761.0,32 33,-2.0,
base,switching_on,,413270.0,415970.0,94 95,-3.0,
base,switching_on,,413329.0,416029.0,78 79 80 81 82 83 84 85 86 87 88 89 90 91 92 93,-3.0,
base,switching_on,,413414.0,416114.0,28 29 30 31 66 67 68 69 70 71 72 73 74 75 76 77,-3.0,
base,switching_on,,413422.0,416122.0,12 13 14 15 16 17 18 19 20 21 22 23 24 25 26 27,-3.0,
base,switching_on,,413938.0,416638.0,11,-3.0,
base,sleeping,,414105.0,414113.0,40 41 42 43 44 45 46 47 48 49 50 51 52 53 54 55,-4.0,
base,switching_on,,414113.0,416813.0,40 41 42 43 44 45 46 47 48 49 50 51 52 53 54 55 56 57 58 59 60 61 62 63 64 65 96 97 98 99 100 101,-3.0,
base,switching_on,,414126.0,416826.0,3 4 5 6 7 8 9 10,-3.0,
base,sleeping,,414350.0,414516.0,34 35 36 37 38 39 102 103 104 105 106 107 108 109 110 111 112 113 114 115 116 117 118 119 120 121 122 123 124 125 126 127,-4.0,
base,switching_on,,414516.0,417216.0,34 35 36 37 38 39 102 103 104 105 106 107 108 109 110 111 112 113 114 115 116 117 118 119 120 121 122 123 124 125 126 127,-3.0,
base,sleeping,,414761.0,416905.0,32 33,-4.0,
base,active,413270.0,415970.0,416000.0,94 95,36845.0,False
base,active,415811.0,416000.0,416014.0,95,36875.0,False
base,active,,416000.0,416085.0,94,-1.0,
base,active,,416014.0,416085.0,95,-1.0,
base,active,413329.0,416029.0,416085.0,78 79 80 81 82 83 84 85 86 87 88 89 90 91 92 93,36847.0,False
base,active,414544.0,416085.0,416146.0,88 89 90 91 92 93 94 95,36867.0,False
base,active,415552.0,416085.0,416159.0,80 81 82 83 84 85 86 87,36874.0,False
base,active,,416085.0,416218.0,78 79,-1.0,
base,active,413414.0,416114.0,416218.0,28 29 30 31 66 67 68 69 70 71 72 73 74 75 76 77,36848.0,False
base,active,413422.0,416122.0,416223.0,12 13 14 15 16 17 18 19 20 21 22 23 24 25 26 27,36849.0,False
base,active,416120.0,416146.0,416215.0,88 89 90 91 92 93 94 95,36877.0,False
base,active,,416159.0,416218.0,80 81 82 83 84 85 86 87,-1.0,
base,active,,416215.0,416218.0,88 89 90 91 92 93 94 95,-1.0,
base,active,415528.0,416218.0,416314.0,30 31 66 67 68 69 70 71 72 73 74 75 76 77 78 79 80 81 82 83 84 85 86 87 88 89 90 91 92 93 94 95,36873.0,False
base,active,,416218.0,416518.0,28 29,-1.0,
base,active,,416223.0,416523.0,12 13 14 15 16 17 18 19 20 21 22 23 24 25 26 27,-1.0,
base,active,416101.0,416314.0,416400.0,30 31 66 67 68 69 70 71 72 73 74 75 76 77 78 79 80 81 82 83 84 85 86 87 88 89 90 91 92 93 94 95,36876.0,False
base,active,,416400.0,416700.0,30 31 66 67 68 69 70 71 72 73 74 75 76 77 78 79 80 81 82 83 84 85 86 87 88 89 90 91 92 93 94 95,-1.0,
base,switching_off,,416518.0,418318.0,28 29,-2.0,
base,switching_off,,416523.0,418323.0,12 13 14 15 16 17 18 19 20 21 22 23 24 25 26 27,-2.0,
base,active,413938.0,416638.0,416654.0,11,36855.0,False
base,active,,416654.0,416907.0,11,-1.0,
base,switching_off,,416700.0,418500.0,30 31 66 67 68 69 70 71 72 73 74 75 76 77 78 79 80 81 82 83 84 85 86 87 88 89 90 91 92 93 94 95,-2.0,
base,active,414103.0,416813.0,416905.0,40 41 42 43 44 45 46 47 48 49 50 51 52 53 54 55 56 57 58 59 60 61 62 63 64 65 96 97 98 99 100 101,36860.0,False
base,active,414126.0,416826.0,416896.0,3 4 5 6 7 8 9 10,36861.0,False
base,active,,416896.0,416907.0,9 10,-1.0,
base,active,,416896.0,417196.0,3 4 5 6 7 8,-1.0,
base,active,,416905.0,416907.0,40 41 42 43 44,-1.0,
base,active,,416905.0,419605.0,45 46 47 48 49 50 51 52 53 54 55 56 57 58 59 60 61 62 63 64 65 96 97 98 99 100 101,-1.0,
base,switching_on,,416905.0,419605.0,0 1 2 32 33,-3.0,
base,active,416907.0,416907.0,416980.0,9 10 11 40 41 42 43 44,36879.0,False
base,active,,416980.0,417280.0,9 10 11 40 41 42 43 44,-1.0,
base,switching_off,,417196.0,418996.0,3 4 5 6 7 8,-2.0,
base,active,414516.0,417216.0,417303.0,34 35 36 37 38 39 102 103 104 105 106 107 108 109 110 111 112 113 114 115 116 117 118 119 120 121 122 123 124 125 126 127,36866.0,False
base,switching_off,,417280.0,419080.0,9 10 11 40 41 42 43 44,-2.0,
base,active,417273.0,417303.0,417413.0,34 35 36 37 38 39 102 103 104 105 106 107 108 109 110 111 112 113 114 115 116 117 118 119 120 121 122 123 124 125 126 127,36880.0,False
base,active,417303.0,417413.0,417495.0,120 121 122 123 124 125 126 127,36881.0,False
base,active,,417413.0,417713.0,34 35 36 37 38 39 102 103 104 105 106 107 108 109 110 111 112 113 114 115 116 117 118 119,-1.0,
base,active,,417495.0,417602.0,127,-1.0,
base,active,,417495.0,417740.0,124 125 126,-1.0,
base,active,,417495.0,417763.0,122 123,-1.0,
base,active,,417495.0,417772.0,121,-1.0,
base,active,,417495.0,417795.0,120,-1.0,
base,active,417602.0,417602.0,417623.0,127,36882.0,False
base,active,,417623.0,417650.0,127,-1.0,
base,active,417650.0,417650.0,417687.0,127,36883.0,False
base,active,,417687.0,417697.0,127,-1.0,
base,active,417697.0,417697.0,417736.0,127,36884.0,False
base,switching_off,,417713.0,419513.0,34 35 36 37 38 39 102 103 104 105 106 107 108 109 110 111 112 113 114 115 116 117 118 119,-2.0,
base,active,,417736.0,417740.0,127,-1.0,
base,active,417740.0,417740.0,417844.0,124 125 126 127,36885.0,False
base,active,417763.0,417763.0,417843.0,122 123,36886.0,False
base,active,417772.0,417772.0,417808.0,121,36888.0,False
base,switching_off,,417795.0,419595.0,120,-2.0,
base,active,,417808.0,418108.0,121,-1.0,
base,active,,417843.0,417908.0,122 123,-1.0,
base,active,,417844.0,417847.0,124 125 126 127,-1.0,
base,active,417847.0,417847.0,417863.0,124 125 126 127,36889.0,False
base,active,,417863.0,417886.0,124 125 126 127,-1.0,
base,active,417886.0,417886.0,418736.0,124 125 126 127,36890.0,False
base,active,417908.0,417908.0,418739.0,122 123,36891.0,False
base,switching_off,,418108.0,419908.0,121,-2.0,
base,sleeping,,418318.0,418323.0,28 29,-4.0,
base,sleeping,,418323.0,418469.0,18 19 20 21,-4.0,
base,sleeping,,418323.0,419068.0,17,-4.0,
base,sleeping,,418323.0,419132.0,16,-4.0,
base,sleeping,,418323.0,419228.0,12 13 14 15,-4.0,
base,switching_on,,418323.0,421023.0,22 23 24 25 26 27 28 29,-3.0,
base,switching_on,,418469.0,421169.0,18 19 20 21,-3.0,
base,switching_on,,418500.0,421200.0,30 31 66 67 68 69 70 71 72 73 74 75 76 77 78 79 80 81 82 83 84 85 86 87 88 89 90 91 92 93 94 95,-3.0,
base,active,,418736.0,419036.0,124 125 126 127,-1.0,
base,active,,418739.0,419039.0,122 123,-1.0,
base,sleeping,,418996.0,419326.0,7 8,-4.0,
base,sleeping,,418996.0,419348.0,5 6,-4.0,
base,sleeping,,418996.0,419694.0,3 4,-4.0,
base,switching_off,,419036.0,420836.0,124 125 126 127,-2.0,
base,switching_off,,419039.0,420839.0,122 123,-2.0,
base,switching_on,,419068.0,421768.0,17,-3.0,
base,sleeping,,419080.0,419111.0,41 42 43 44,-4.0,
base,sleeping,,419080.0,419132.0,40,-4.0,
base,sleeping,,419080.0,419272.0,11,-4.0,
base,sleeping,,419080.0,419326.0,9 10,-4.0,
base,switching_on,,419111.0,421811.0,41 42 43 44,-3.0,
base,switching_on,,419132.0,421832.0,16 40,-3.0,
base,switching_on,,419228.0,421928.0,12 13 14 15,-3.0,
base,switching_on,,419272.0,421972.0,11,-3.0,
base,switching_on,,419326.0,422026.0,7 8 9 10,-3.0,
base,switching_on,,419348.0,422048.0,5 6,-3.0,
base,sleeping,,419513.0,419528.0,119,-4.0,
base,sleeping,,419513.0,419587.0,118,-4.0,
base,sleeping,,419513.0,419694.0,34 35 36 37 38 39 102 103 104 105 106 107 108 109 110 111 112 113 114 115 116 117,-4.0,
base,switching_on,,419528.0,422228.0,119,-3.0,
base,switching_on,,419587.0,422287.0,118,-3.0,
base,sleeping,,419595.0,419694.0,120,-4.0,
base,active,416888.0,419605.0,419694.0,0 1 2 32 33 45 46 47 48 49 50 51 52 53 54 55 56 57 58 59 60 61 62 63 64 65 96 97 98 99 100 101,36878.0,False
base,active,,419694.0,419879.0,64,-1.0,
base,active,,419694.0,419994.0,0 1 2 32 33 45 46 47 48 49 50 51 52 53 54 55 56 57 58 59 60 61 62 63,-1.0,
base,active,,419694.0,422394.0,65 96 97 98 99 100 101,-1.0,
base,switching_on,,419694.0,422394.0,3 4 34 35 36 37 38 39 102 103 104 105 106 107 108 109 110 111 112 113 114 115 116 117 120,-3.0,
base,active,419879.0,419879.0,419904.0,64,36909.0,False
base,active,,419904.0,419999.0,64,-1.0,
base,sleeping,,419908.0,419985.0,121,-4.0,
base,switching_on,,419985.0,422685.0,121,-3.0,
base,switching_off,,419994.0,421794.0,0 1 2 32 33 45 46 47 48 49 50 51 52 53 54 55 56 57 58 59 60 61 62 63,-2.0,
base,active,419999.0,419999.0,420010.0,64,36911.0,False
base,active,,420010.0,420309.0,64,-1.0,
base,active,420309.0,420309.0,420330.0,64,36914.0,False
base,active,,420330.0,420572.0,64,-1.0,
base,active,420572.0,420572.0,420587.0,64,36917.0,False
base,active,,420587.0,420884.0,64,-1.0,
base,switching_on,,420836.0,423536.0,124 125 126 127,-3.0,
base,switching_on,,420839.0,423539.0,122 123,-3.0,
base,active,420884.0,420884.0,420914.0,64,36921.0,False
base,active,,420914.0,420952.0,64,-1.0,
base,active,420952.0,420952.0,420962.0,64,36923.0,False
base,active,,420962.0,421182.0,64,-1.0,
base,active,417971.0,421023.0,421182.0,22 23 24 25 26 27 28 29,36893.0,False
base,active,418469.0,421169.0,421230.0,18 19 20 21,36894.0,False
base,active,,421182.0,421224.0,22,-1.0,
base,active,420395.0,421182.0,421340.0,23 24 25 26 27 28 29 64,36916.0,False
base,active,417769.0,421200.0,421339.0,30 31 66 67 68 69 70 71 72 73 74 75 76 77 78 79 80 81 82 83 84 85 86 87 88 89 90 91 92 93 94 95,36887.0,False
base,active,421224.0,421224.0,421235.0,22,36925.0,False
base,active,421225.0,421230.0,421252.0,21,36926.0,False
base,active,,421230.0,421530.0,18 19 20,-1.0,
base,active,,421235.0,421298.0,22,-1.0,
base,active,,421252.0,421552.0,21,-1.0,
base,active,421298.0,421298.0,421327.0,22,36928.0,False
base,active,,421327.0,421627.0,22,-1.0,
base,active,418559.0,421339.0,421400.0,30 31 66 67 68 69 70 71 72 73 74 75 76 77 78 79 80 81 82 83 84 85 86 87 88 89 90 91 92 93 94 95,36895.0,False
base,active,,421340.0,421400.0,64,-1.0,
base,active,,421340.0,421640.0,23 24 25 26 27 28 29,-1.0,
base,active,419429.0,421400.0,421435.0,31 64 66 67 68 69 70 71 72 73 74 75 76 77 78 79 80 81 82 83 84 85 86 87 88 89 90 91 92 93 94 95,36903.0,False
base,active,,421400.0,421505.0,30,-1.0,
base,active,419673.0,421435.0,421497.0,31 64 66 67 68 69 70 71 72 73 74 75 76 77 78 79 80 81 82 83 84 85 86 87 88 89 90 91 92 93 94 95,36907.0,False
base,active,419827.0,421497.0,421755.0,31 64 66 67 68 69 70 71 72 73 74 75 76 77 78 79 80 81 82 83 84 85 86 87 88 89 90 91 92 93 94 95,36908.0,False
base,active,421505.0,421505.0,421519.0,30,36931.0,False
base,active,,421519.0,421776.0,30,-1.0,
base,switching_off,,421530.0,423330.0,18 19 20,-2.0,
base,switching_off,,421552.0,423352.0,21,-2.0,
base,switching_off,,421627.0,423427.0,22,-2.0,
base,switching_off,,421640.0,423440.0,23 24 25 26 27 28 29,-2.0,
base,active,420235.0,421755.0,423759.0,31 64 66 67 68 69 70 71 72 73 74 75 76 77 78 79 80 81 82 83 84 85 86 87 88 89 90 91 92 93 94 95,36913.0,False
base,active,419068.0,421768.0,421802.0,17,36896.0,False
base,active,421776.0,421776.0,422407.0,30,36933.0,False
base,sleeping,,421794.0,421824.0,63,-4.0,
base,sleeping,,421794.0,421933.0,0 1 2 32 33 45 46 47 48 49 50 51 52 53 54 55 56 57 58 59 60 61 62,-4.0,
base,active,,421802.0,424633.0,17,-1.0,
base,active,419111.0,421811.0,421926.0,41 42 43 44,36897.0,False
base,switching_on,,421824.0,424524.0,63,-3.0,
base,active,419132.0,421832.0,421927.0,16 40,36898.0,False
base,active,,421926.0,424633.0,41 42 43 44,-1.0,
base,active,,421927.0,424633.0,16 40,-1.0,
base,active,419228.0,421928.0,421933.0,12 13 14 15,36899.0,False
base,active,,421933.0,422013.0,13,-1.0,
base,active,,421933.0,422233.0,12,-1.0,
base,active,,421933.0,424633.0,14 15,-1.0,
base,switching_on,,421933.0,424633.0,0 1 2 32 33 45 46 47 48 49 50 51 52 53 54 55 56 57 58 59 60 61 62,-3.0,
base,active,419272.0,421972.0,421991.0,11,36900.0,False
base,active,,421991.0,422291.0,11,-1.0,
base,active,422013.0,422013.0,422032.0,13,36938.0,False
base,active,419326.0,422026.0,422862.0,7 8 9 10,36901.0,False
base,active,,422032.0,422332.0,13,-1.0,
base,active,419348.0,422048.0,422865.0,5 6,36902.0,False
base,active,419528.0,422228.0,422237.0,119,36904.0,False
base,switching_off,,422233.0,424033.0,12,-2.0,
base,active,,422237.0,422444.0,119,-1.0,
base,active,419587.0,422287.0,422297.0,118,36905.0,False
base,switching_off,,422291.0,424091.0,11,-2.0,
base,active,,422297.0,422592.0,118,-1.0,
base,switching_off,,422332.0,424132.0,13,-2.0,
base,active,417927.0,422394.0,422592.0,3 4 34 35 36 37 38 39 65 96 97 98 99 100 101 102 103 104 105 106 107 108 109 110 111 112 113 114 115 116 117 120,36892.0,False
base,active,,422407.0,422592.0,30,-1.0,
base,active,422444.0,422444.0,422505.0,119,36943.0,False
base,active,,422505.0,422525.0,119,-1.0,
base,active,422525.0,422525.0,422880.0,119,36945.0,False
base,active,421621.0,422592.0,422744.0,30 34 35 36 37 38 39 65 96 97 98 99 100 101 102 103 104 105 106 107 108 109 110 111 112 113 114 115 116 117 118 120,36932.0,False
base,active,,422592.0,422892.0,3 4,-1.0,
base,active,419985.0,422685.0,422695.0,121,36910.0,False
base,active,,422695.0,422744.0,121,-1.0,
base,active,,422744.0,422745.0,30,-1.0,
base,active,422250.0,422744.0,422924.0,34 35 36 37 38 39 65 96 97 98 99 100 101 102 103 104 105 106 107 108 109 110 111 112 113 114 115 116 117 118 120 121,36941.0,False
base,active,422745.0,422745.0,422769.0,30,36947.0,False
base,active,,422769.0,423069.0,30,-1.0,
base,active,,422862.0,423162.0,7 8 9 10,-1.0,
base,active,,422865.0,423165.0,5 6,-1.0,
base,active,,422880.0,423180.0,119,-1.0,
base,switching_off,,422892.0,424692.0,3 4,-2.0,
base,active,,422924.0,423224.0,34 35 36 37 38 39 65 96 97 98 99 100 101 102 103 104 105 106 107 108 109 110 111 112 113 114 115 116 117 118 120 121,-1.0,
base,switching_off,,423069.0,424869.0,30,-2.0,
base,switching_off,,423162.0,424962.0,7 8 9 10,-2.0,
base,switching_off,,423165.0,424965.0,5 6,-2.0,
base,switching_off,,423180.0,424980.0,119,-2.0,
base,switching_off,,423224.0,425024.0,34 35 36 37 38 39 65 96 97 98 99 100 101 102 103 104 105 106 107 108 109 110 111 112 113 114 115 116 117 118 120 121,-2.0,
base,sleeping,,423330.0,423352.0,18,-4.0,
base,switching_on,,423330.0,426030.0,19 20,-3.0,
base,switching_on,,423352.0,426052.0,18 21,-3.0,
base,switching_on,,423427.0,426127.0,22,-3.0,
base,sleeping,,423440.0,423759.0,23 24 25,-4.0,
base,switching_on,,423440.0,426140.0,26 27 28 29,-3.0,
base,active,420767.0,423536.0,424373.0,124 125 126 127,36919.0,False
base,active,420792.0,423539.0,424352.0,122 123,36920.0,False
base,active,,423759.0,423824.0,64 66,-1.0,
base,active,,423759.0,423833.0,31,-1.0,
base,active,,423759.0,426459.0,67 68 69 70 71 72 73 74 75 76 77 78 79 80 81 82 83 84 85 86 87 88 89 90 91 92 93 94 95,-1.0,
base,switching_on,,423759.0,426459.0,23 24 25,-3.0,
base,active,423824.0,423824.0,426404.0,64 66,36973.0,False
base,active,423833.0,423833.0,423853.0,31,36974.0,False
base,active,,423853.0,423910.0,31,-1.0,
base,active,423910.0,423910.0,423920.0,31,36976.0,False
base,active,,423920.0,424220.0,31,-1.0,
base,sleeping,,424033.0,424580.0,12,-4.0,
base,sleeping,,424091.0,424581.0,11,-4.0,
base,sleeping,,424132.0,424424.0,13,-4.0,
base,switching_off,,424220.0,426020.0,31,-2.0,
base,active,,424352.0,424652.0,122 123,-1.0,
base,active,423802.0,424373.0,426974.0,124 125 126 127,36972.0,False
base,switching_on,,424424.0,427124.0,13,-3.0,
base,active,421824.0,424524.0,424553.0,63,36935.0,False
base,active,,424553.0,427526.0,63,-1.0,
base,switching_on,,424580.0,427280.0,12,-3.0,
base,switching_on,,424581.0,427281.0,11,-3.0,
base,active,420358.0,424633.0,424826.0,0 1 2 14 15 16 17 32 33 40 41 42 43 44 45 46 47 48 49 50 51 52 53 54 55 56 57 58 59 60 61 62,36915.0,False
base,switching_off,,424652.0,426452.0,122 123,-2.0,
base,sleeping,,424692.0,424700.0,4,-4.0,
base,sleeping,,424692.0,424826.0,3,-4.0,
base,switching_on,,424700.0,427400.0,4,-3.0,
base,active,,424826.0,425126.0,0,-1.0,
base,active,,424826.0,427526.0,2 14 15 16 17 32 33 40 41 42 43 44 45 46 47 48 49 50 51 52 53 54 55 56 57 58 59 60 61 62,-1.0,
base,switching_on,,424826.0,427526.0,3,-3.0,
base,active,,424826.0,427665.0,1,-1.0,
base,sleeping,,424869.0,424965.0,30,-4.0,
base,sleeping,,424962.0,424965.0,7 8 9 10,-4.0,
base,switching_on,,424965.0,427665.0,5 6 7 8 9 10 30,-3.0,
base,sleeping,,424980.0,425024.0,119,-4.0,
base,sleeping,,425024.0,425811.0,34,-4.0,
base,switching_on,,425024.0,427724.0,35 36 37 38 39 65 96 97 98 99 100 101 102 103 104 105 106 107 108 109 110 111 112 113 114 115 116 117 118 119 120 121,-3.0,
base,switching_off,,425126.0,426926.0,0,-2.0,
base,switching_on,,425811.0,428511.0,34,-3.0,
base,switching_on,,426020.0,428720.0,31,-3.0,
base,active,423232.0,426030.0,426041.0,20,36955.0,False
base,active,423245.0,426030.0,426059.0,19,36957.0,False
base,active,,426041.0,426341.0,20,-1.0,
base,active,423302.0,426052.0,426454.0,18 21,36960.0,False
base,active,,426059.0,426359.0,19,-1.0,
base,active,423374.0,426127.0,426153.0,22,36962.0,False
base,active,423280.0,426140.0,426564.0,26 27 28 29,36958.0,False
base,active,,426153.0,426453.0,22,-1.0,
base,switching_off,,426341.0,428141.0,20,-2.0,
base,switching_off,,426359.0,428159.0,19,-2.0,
base,active,,426404.0,426433.0,64 66,-1.0,
base,active,426433.0,426433.0,427541.0,64 66,37012.0,False
base,sleeping,,426452.0,426454.0,122 123,-4.0,
base,switching_off,,426453.0,428253.0,22,-2.0,
base,active,,426454.0,429154.0,18 21,-1.0,
base,switching_on,,426454.0,429154.0,122 123,-3.0,
base,active,423457.0,426459.0,426834.0,23 24 25 67 68 69 70 71 72 73 74 75 76 77 78 79 80 81 82 83 84 85 86 87 88 89 90 91 92 93 94 95,36964.0,False
base,active,,426564.0,426834.0,27 28 29,-1.0,
base,active,,426564.0,426864.0,26,-1.0,
base,active,,426834.0,427134.0,23 24 25,-1.0,
base,active,424779.0,426834.0,427846.0,27 28 29 67 68 69 70 71 72 73 74 75 76 77 78 79 80 81 82 83 84 85 86 87 88 89 90 91 92 93 94 95,36994.0,False
base,switching_off,,426864.0,428664.0,26,-2.0,
base,sleeping,,426926.0,426962.0,0,-4.0,
base,switching_on,,426962.0,429662.0,0,-3.0,
base,active,,426974.0,427122.0,127,-1.0,
base,active,,426974.0,427274.0,124 125 126,-1.0,
base,active,427122.0,427122.0,427132.0,127,37016.0,False
base,active,424424.0,427124.0,427139.0,13,36985.0,False
base,active,,427132.0,427324.0,127,-1.0,
base,switching_off,,427134.0,428934.0,23 24 25,-2.0,
base,active,,427139.0,427324.0,13,-1.0,
base,switching_off,,427274.0,429074.0,124 125 126,-2.0,
base,active,424580.0,427280.0,427324.0,12,36987.0,False
base,active,424581.0,427281.0,427296.0,11,36988.0,False
base,active,,427296.0,427324.0,11,-1.0,
base,active,427321.0,427324.0,427400.0,11 12 13 127,37019.0,False
base,active,424700.0,427400.0,427422.0,4,36993.0,False
base,active,,427400.0,427463.0,127,-1.0,
base,active,,427400.0,427544.0,13,-1.0,
base,active,,427400.0,427565.0,11 12,-1.0,
base,active,,427422.0,427722.0,4,-1.0,
base,active,427463.0,427463.0,427506.0,127,37023.0,False
base,active,,427506.0,427520.0,127,-1.0,
base,active,427520.0,427520.0,427538.0,127,37026.0,False
base,active,423992.0,427526.0,428111.0,2 3 14 15 16 17 32 33 40 41 42 43 44 45 46 47 48 49 50 51 52 53 54 55 56 57 58 59 60 61 62 63,36980.0,False
base,active,,427538.0,427544.0,127,-1.0,
base,active,,427541.0,427544.0,64 66,-1.0,
base,active,427544.0,427544.0,428526.0,13 64 66 127,37027.0,False
base,active,427565.0,427565.0,428529.0,11 12,37028.0,False
base,active,424649.0,427665.0,427780.0,1 5 6 7 8 9 10 30,36990.0,False
base,switching_off,,427722.0,429522.0,4,-2.0,
base,active,424605.0,427724.0,427881.0,35 36 37 38 39 65 96 97 98 99 100 101 102 103 104 105 106 107 108 109 110 111 112 113 114 115 116 117 118 119 120 121,36989.0,False
base,active,427398.0,427780.0,427847.0,1 5 6 7 8 9 10 30,37021.0,False
base,active,425907.0,427846.0,428899.0,27 28 29 67 68 69 70 71 72 73 74 75 76 77 78 79 80 81 82 83 84 85 86 87 88 89 90 91 92 93 94 95,37008.0,False
base,active,427634.0,427847.0,427931.0,8 9 10 30,37029.0,False
base,active,,427847.0,427931.0,1 5 6 7,-1.0,
base,active,425936.0,427881.0,428118.0,35 36 37 38 39 65 96 97 98 99 100 101 102 103 104 105 106 107 108 109 110 111 112 113 114 115 116 117 118 119 120 121,37009.0,False
base,active,427722.0,427931.0,427998.0,1 5 6 7 8 9 10 30,37030.0,False
base,active,427946.0,427998.0,428043.0,8 9 10 30,37033.0,False
base,active,,427998.0,428298.0,1 5 6 7,-1.0,
base,active,,428043.0,428111.0,10 30,-1.0,
base,active,,428043.0,428343.0,8 9,-1.0,
base,active,,428111.0,428411.0,2 3,-1.0,
base,active,427176.0,428111.0,429188.0,10 14 15 16 17 30 32 33 40 41 42 43 44 45 46 47 48 49 50 51 52 53 54 55 56 57 58 59 60 61 62 63,37017.0,False
base,active,427791.0,428118.0,428186.0,35 36 37 38 39 65 96 97 98 99 100 101 102 103 104 105,37031.0,False
base,active,427467.0,428118.0,428200.0,106 107 108 109 110 111 112 113 114 115 116 117 118 119 120 121,37024.0,False
base,sleeping,,428141.0,428186.0,20,-4.0,
base,sleeping,,428159.0,428186.0,19,-4.0,
base,active,,428186.0,428260.0,36,-1.0,
base,active,,428186.0,428486.0,35,-1.0,
base,active,,428186.0,430886.0,37 38 39 65 96 97 98 99 100 101 102 103 104 105,-1.0,
base,switching_on,,428186.0,430886.0,19 20,-3.0,
base,active,428109.0,428200.0,428258.0,106 107 108 109 110 111 112 113 114 115 116 117 118 119 120 121,37036.0,False
base,sleeping,,428253.0,428258.0,22,-4.0,
base,active,428258.0,428258.0,428289.0,106,37038.0,False
base,active,,428258.0,430958.0,107 108 109 110 111 112 113 114 115 116 117 118 119 120 121,-1.0,
base,switching_on,,428258.0,430958.0,22,-3.0,
base,active,428260.0,428260.0,428276.0,36,37039.0,False
base,active,,428276.0,428529.0,36,-1.0,
base,active,,428289.0,428529.0,106,-1.0,
base,switching_off,,428298.0,430098.0,1 5 6 7,-2.0,
base,switching_off,,428343.0,430143.0,8 9,-2.0,
base,switching_off,,428411.0,430211.0,2 3,-2.0,
base,switching_off,,428486.0,430286.0,35,-2.0,
base,active,425811.0,428511.0,428520.0,34,37006.0,False
base,active,,428520.0,428529.0,34,-1.0,
base,active,,428526.0,428529.0,13 64 66 127,-1.0,
base,active,428513.0,428529.0,428605.0,12 13 34 36 64 66 106 127,37043.0,False
base,active,,428529.0,428829.0,11,-1.0,
base,active,,428605.0,428905.0,12 13 34 36 64 66,-1.0,
base,active,,428605.0,431599.0,106 127,-1.0,
base,sleeping,,428664.0,428899.0,26,-4.0,
base,active,425824.0,428720.0,428736.0,31,37007.0,False
base,active,,428736.0,429036.0,31,-1.0,
base,switching_off,,428829.0,430629.0,11,-2.0,
base,active,,428899.0,429199.0,27 28 29,-1.0,
base,active,,428899.0,431599.0,67 68 69 70 71 72 73 74 75 76 77 78 79 80 81 82 83 84 85 86 87 88 89 90 91 92 93 94 95,-1.0,
base,switching_on,,428899.0,431599.0,26,-3.0,
base,switching_off,,428905.0,430705.0,12 13 34 36 64 66,-2.0,
base,sleeping,,428934.0,429188.0,23 24 25,-4.0,
base,switching_off,,429036.0,430836.0,31,-2.0,
base,sleeping,,429074.0,429188.0,124 125 126,-4.0,
base,active,426405.0,429154.0,430289.0,18 21 122 123,37011.0,False
base,active,,429188.0,429488.0,10 14 15 16 17 30,-1.0,
base,active,,429188.0,431888.0,32 33 40 41 42 43 44 45 46 47 48 49 50 51 52 53 54 55 56 57 58 59 60 61 62 63,-1.0,
base,switching_on,,429188.0,431888.0,23 24 25 124 125 126,-3.0,
base,switching_off,,429199.0,430999.0,27 28 29,-2.0,
base,switching_off,,429488.0,431288.0,10 14 15 16 17 30,-2.0,
base,sleeping,,429522.0,429605.0,4,-4.0,
base,switching_on,,429605.0,432305.0,4,-3.0,
base,active,426962.0,429662.0,429679.0,0,37014.0,False
base,active,429668.0,429679.0,429688.0,0,37054.0,False
base,active,,429688.0,429988.0,0,-1.0,
base,switching_off,,429988.0,431788.0,0,-2.0,
base,switching_on,,430098.0,432798.0,1 5 6 7,-3.0,
base,switching_on,,430143.0,432843.0,8 9,-3.0,
base,sleeping,,430211.0,430891.0,2 3,-4.0,
base,sleeping,,430286.0,430705.0,35,-4.0,
base,active,,430289.0,430589.0,18 21 122 123,-1.0,
base,switching_off,,430589.0,432389.0,18 21 122 123,-2.0,
base,sleeping,,430629.0,430705.0,11,-4.0,
base,switching_on,,430705.0,433405.0,11 12 13 34 35 36 64 66,-3.0,
base,sleeping,,430836.0,430845.0,31,-4.0,
base,switching_on,,430845.0,433545.0,31,-3.0,
base,active,428033.0,430886.0,430955.0,19 20 37 38 39 65 96 97 98 99 100 101 102 103 104 105,37035.0,False
base,switching_on,,430891.0,433591.0,2 3,-3.0,
base,active,428713.0,430955.0,431018.0,19 20 37 38 39 65 96 97 98 99 100 101 102 103 104 105,37044.0,False
base,active,428215.0,430958.0,431035.0,22 107 108 109 110 111 112 113 114 115 116 117 118 119 120 121,37037.0,False
base,sleeping,,430999.0,431018.0,27 28 29,-4.0,
base,active,,431018.0,431035.0,37,-1.0,
base,active,,431018.0,431318.0,19 20,-1.0,
base,active,,431018.0,433718.0,38 39 65 96 97 98 99 100 101 102 103 104 105,-1.0,
base,switching_on,,431018.0,433718.0,27 28 29,-3.0,
base,active,430380.0,431035.0,431188.0,37 107 108 109 110 111 112 113 114 115 116 117 118 119 120 121,37061.0,False
base,active,,431035.0,431335.0,22,-1.0,
base,active,430553.0,431188.0,431434.0,37 107 108 109 110 111 112 113 114 115 116 117 118 119 120 121,37063.0,False
base,sleeping,,431288.0,431434.0,10 14,-4.0,
base,switching_on,,431288.0,433988.0,15 16 17 30,-3.0,
base,switching_off,,431318.0,433118.0,19 20,-2.0,
base,switching_off,,431335.0,433135.0,22,-2.0,
base,active,,431434.0,431609.0,107,-1.0,
base,active,,431434.0,431734.0,37,-1.0,
base,active,,431434.0,434134.0,108 109 110 111 112 113 114 115 116 117 118 119 120 121,-1.0,
base,switching_on,,431434.0,434134.0,10 14,-3.0,
base,active,427991.0,431599.0,431609.0,26 67 68 69 70 71 72 73 74 75 76 77 78 79 80 81 82 83 84 85 86 87 88 89 90 91 92 93 94 95 106 127,37034.0,False
base,active,428479.0,431609.0,431718.0,67 68 69 70 71 72 73 74 75 76 77 78 79 80 81 82 83 84 85 86 87 88 89 90 91 92 93 94 95 106 107 127,37042.0,False
base,active,,431609.0,431746.0,26,-1.0,
base,active,429125.0,431718.0,432196.0,67 68 69 70 71 72 73 74 75 76 77 78 79 80 81 82 83 84 85 86 87 88 89 90 91 92 93 94 95 106 107 127,37047.0,False
base,switching_off,,431734.0,433534.0,37,-2.0,
base,active,431746.0,431746.0,431892.0,26,37078.0,False
base,sleeping,,431788.0,432163.0,0,-4.0,
base,active,428367.0,431888.0,432616.0,23 24 25 32 33 40 41 42 43 44 45 46 47 48 49 50 51 52 53 54 55 56 57 58 59 60 61 62 63 124 125 126,37041.0,False
base,active,,431892.0,432192.0,26,-1.0,
base,switching_on,,432163.0,434863.0,0,-3.0,
base,switching_off,,432192.0,433992.0,26,-2.0,
base,active,430248.0,432196.0,432426.0,67 68 69 70 71 72 73 74 75 76 77 78 79 80 81 82 83 84 85 86 87 88 89 90 91 92 93 94 95 106 107 127,37059.0,False
base,active,429605.0,432305.0,432322.0,4,37053.0,False
base,active,,432322.0,432622.0,4,-1.0,
base,sleeping,,432389.0,432399.0,123,-4.0,
base,sleeping,,432389.0,432426.0,18 21 122,-4.0,
base,switching_on,,432399.0,435099.0,123,-3.0,
base,active,,432426.0,432616.0,67 68 69,-1.0,
base,active,,432426.0,435126.0,70 71 72 73 74 75 76 77 78 79 80 81 82 83 84 85 86 87 88 89 90 91 92 93 94 95 106 107 127,-1.0,
base,switching_on,,432426.0,435126.0,18 21 122,-3.0,
base,active,431212.0,432616.0,432672.0,32 33 40 41 42 43 44 45 46 47 48 49 50 51 52 53,37071.0,False
base,active,430965.0,432616.0,432690.0,54 55 56 57 58 59 60 61 62 63 67 68 69 124 125 126,37069.0,False
base,active,,432616.0,432723.0,25,-1.0,
base,active,,432616.0,432916.0,23 24,-1.0,
base,switching_off,,432622.0,434422.0,4,-2.0,
base,active,431347.0,432672.0,432740.0,32 33 40 41 42 43 44 45 46 47 48 49 50 51 52 53,37072.0,False
base,active,432508.0,432690.0,432750.0,54 55 56 57 58 59 60 61 62 63 67 68 69 124 125 126,37083.0,False
base,active,432723.0,432723.0,433983.0,25,37084.0,False
base,active,,432740.0,432866.0,32 33 40 41 42 43 44 45 46 47 48 49 50 51 52 53,-1.0,
base,active,,432750.0,432866.0,54 55 56 57 58 59 60 61 62 63 67 68 69 124 125 126,-1.0,
base,active,429808.0,432798.0,432826.0,1 5 6 7,37056.0,False
base,active,,432826.0,433126.0,1 5 6 7,-1.0,
base,active,429829.0,432843.0,432864.0,8 9,37057.0,False
base,active,,432864.0,435824.0,8 9,-1.0,
base,active,432866.0,432866.0,433332.0,32 33 40 41 42 43 44 45 46 47 48 49 50 51 52 53 54 55 56 57 58 59 60 61 62 63 67 68 69 124 125 126,37086.0,False
base,switching_off,,432916.0,434716.0,23 24,-2.0,
base,sleeping,,433118.0,433124.0,19 20,-4.0,
base,switching_on,,433124.0,435824.0,19 20,-3.0,
base,switching_off,,433126.0,434926.0,1 5 6 7,-2.0,
base,sleeping,,433135.0,433268.0,22,-4.0,
base,switching_on,,433268.0,435968.0,22,-3.0,
base,active,,433332.0,433337.0,124,-1.0,
base,active,,433332.0,433341.0,69,-1.0,
base,active,,433332.0,433632.0,32 33,-1.0,
base,active,433147.0,433332.0,434286.0,125 126,37092.0,False
base,active,,433332.0,436313.0,40 41 42 43 44 45 46 47 48 49 50 51 52 53 54 55 56 57 58 59 60 61 62 63 67 68,-1.0,
base,active,433337.0,433337.0,433360.0,124,37094.0,False
base,active,433341.0,433341.0,433355.0,69,37095.0,False
base,active,,433355.0,436313.0,69,-1.0,
base,active,,433360.0,436313.0,124,-1.0,
base,active,430273.0,433405.0,433613.0,11 12 13 34 35 36 64 66,37060.0,False
base,sleeping,,433534.0,433613.0,37,-4.0,
base,active,430845.0,433545.0,433705.0,31,37066.0,False
base,active,430891.0,433591.0,434565.0,2 3,37068.0,False
base,active,,433613.0,433913.0,11 12 13 34 35,-1.0,
base,active,,433613.0,436313.0,36 64 66,-1.0,
base,switching_on,,433613.0,436313.0,37,-3.0,
base,switching_off,,433632.0,435432.0,32 33,-2.0,
base,active,,433705.0,434005.0,31,-1.0,
base,active,428849.0,433718.0,433774.0,27 28 29 38 39 65 96 97 98 99 100 101 102 103 104 105,37046.0,False
base,active,,433774.0,434074.0,27 28 29 38 39 65 96 97 98 99 100 101 102 103 104 105,-1.0,
base,switching_off,,433913.0,435713.0,11 12 13 34 35,-2.0,
base,active,,433983.0,434283.0,25,-1.0,
base,active,430857.0,433988.0,434994.0,15 16 17 30,37067.0,False
base,sleeping,,433992.0,434072.0,26,-4.0,
base,switching_off,,434005.0,435805.0,31,-2.0,
base,switching_on,,434072.0,436772.0,26,-3.0,
base,switching_off,,434074.0,435874.0,27 28 29 38 39 65 96 97 98 99 100 101 102 103 104 105,-2.0,
base,active,430796.0,434134.0,434156.0,10 14 108 109 110 111 112 113 114 115 116 117 118 119 120 121,37065.0,False
base,active,,434156.0,434301.0,120 121,-1.0,
base,active,,434156.0,434324.0,118 119,-1.0,
base,active,,434156.0,434456.0,10 14 108 109 110 111 112 113 114 115 116 117,-1.0,
base,switching_off,,434283.0,436083.0,25,-2.0,
base,active,,434286.0,434301.0,125 126,-1.0,
base,active,434301.0,434301.0,435261.0,120 121 125 126,37101.0,False
base,active,434324.0,434324.0,435263.0,118 119,37102.0,False
base,sleeping,,434422.0,434564.0,4,-4.0,
base,switching_off,,434456.0,436256.0,10 14 108 109 110 111 112 113 114 115 116 117,-2.0,
base,switching_on,,434564.0,437264.0,4,-3.0,
base,active,,434565.0,434569.0,3,-1.0,
base,active,,434565.0,434865.0,2,-1.0,
base,active,434569.0,434569.0,434593.0,3,37104.0,False
base,active,,434593.0,434893.0,3,-1.0,
base,sleeping,,434716.0,434964.0,24,-4.0,
base,sleeping,,434716.0,435014.0,23,-4.0,
base,active,432163.0,434863.0,434945.0,0,37080.0,False
base,switching_off,,434865.0,436665.0,2,-2.0,
base,switching_off,,434893.0,436693.0,3,-2.0,
base,sleeping,,434926.0,435028.0,7,-4.0,
base,sleeping,,434926.0,435713.0,1 5 6,-4.0,
base,active,,434945.0,435245.0,0,-1.0,
base,switching_on,,434964.0,437664.0,24,-3.0,
base,active,,434994.0,435294.0,15 16 17 30,-1.0,
base,switching_on,,435014.0,437714.0,23,-3.0,
base,switching_on,,435028.0,437728.0,7,-3.0,
base,active,432399.0,435099.0,435273.0,123,37081.0,False
base,active,430592.0,435126.0,435892.0,18 21 70 71 72 73 74 75 76 77 78 79 80 81 82 83 84 85 86 87 88 89 90 91 92 93 94 95 106 107 122 127,37064.0,False
base,switching_off,,435245.0,437045.0,0,-2.0,
base,active,,435261.0,435561.0,120 121 125 126,-1.0,
base,active,,435263.0,435563.0,118 119,-1.0,
base,active,,435273.0,435573.0,123,-1.0,
base,switching_off,,435294.0,437094.0,15 16 17 30,-2.0,
base,sleeping,,435432.0,435631.0,33,-4.0,
base,sleeping,,435432.0,435695.0,32,-4.0,
base,switching_off,,435561.0,437361.0,120 121 125 126,-2.0,
base,switching_off,,435563.0,437363.0,118 119,-2.0,
base,switching_off,,435573.0,437373.0,123,-2.0,
base,switching_on,,435631.0,438331.0,33,-3.0,
base,switching_on,,435695.0,438395.0,32,-3.0,
base,switching_on,,435713.0,438413.0,1 5 6 11 12 13 34 35,-3.0,
base,sleeping,,435805.0,435874.0,31,-4.0,
base,active,433124.0,435824.0,436799.0,8 9 19 20,37090.0,False
base,sleeping,,435874.0,435892.0,27,-4.0,
base,switching_on,,435874.0,438574.0,28 29 31 38 39 65 96 97 98 99 100 101 102 103 104 105,-3.0,
base,active,,435892.0,438592.0,21 70 71 72 73 74 75 76 77 78 79 80 81 82 83 84 85 86 87 88 89 90 91 92 93 94 95 106 107 122 127,-1.0,
base,switching_on,,435892.0,438592.0,27,-3.0,
base,active,,435892.0,438783.0,18,-1.0,
base,active,433268.0,435968.0,436684.0,22,37093.0,False
base,switching_on,,436083.0,438783.0,25,-3.0,
base,switching_on,,436256.0,438956.0,10 14 108 109 110 111 112 113 114 115 116 117,-3.0,
base,active,433447.0,436313.0,436806.0,36 37 40 41 42 43 44 45 46 47 48 49 50 51 52 53 54 55 56 57 58 59 60 61 62 63 64 66 67 68 69 124,37096.0,False
base,switching_on,,436665.0,439365.0,2,-3.0,
base,active,,436684.0,439393.0,22,-1.0,
base,switching_on,,436693.0,439393.0,3,-3.0,
base,active,434072.0,436772.0,436873.0,26,37099.0,False
base,active,435950.0,436799.0,436802.0,8 9 19 20,37133.0,False
base,active,,436802.0,437102.0,8 9,-1.0,
base,active,,436802.0,439794.0,19 20,-1.0,
base,active,434658.0,436806.0,438210.0,36 37 40 41 42 43 44 45 46 47 48 49 50 51 52 53 54 55 56 57 58 59 60 61 62 63 64 66 67 68 69 124,37106.0,False
base,active,,436873.0,439794.0,26,-1.0,
base,sleeping,,437045.0,437094.0,0,-4.0,
base,switching_on,,437094.0,439794.0,0 15 16 17 30,-3.0,
base,switching_off,,437102.0,438902.0,8 9,-2.0,
base,active,434564.0,437264.0,437299.0,4,37103.0,False
base,active,,437299.0,440073.0,4,-1.0,
base,sleeping,,437361.0,437373.0,120 121 125 126,-4.0,
base,sleeping,,437363.0,437373.0,118 119,-4.0,
base,switching_on,,437373.0,440073.0,118 119 120 121 123 125 126,-3.0,
base,active,434964.0,437664.0,437685.0,24,37111.0,False
base,active,,437685.0,437985.0,24,-1.0,
base,active,435014.0,437714.0,437721.0,23,37113.0,False
base,active,,437721.0,438021.0,23,-1.0,
base,active,435028.0,437728.0,437852.0,7,37114.0,False
base,active,,437852.0,438152.0,7,-1.0,
base,switching_off,,437985.0,439785.0,24,-2.0,
base,switching_off,,438021.0,439821.0,23,-2.0,
base,switching_off,,438152.0,439952.0,7,-2.0,
base,active,434726.0,438210.0,438473.0,36 37 40 41 42 43 44 45 46 47 48 49 50 51 52 53 54 55 56 57 58 59 60 61 62 63 64 66 67 68 69 124,37108.0,False
base,active,435631.0,438331.0,438380.0,33,37117.0,False
base,active,,438380.0,438413.0,33,-1.0,
base,active,435695.0,438395.0,438413.0,32,37118.0,False
base,active,438132.0,438413.0,438438.0,32 33,37142.0,False
base,active,435583.0,438413.0,438539.0,1 5 6 11 12 13 34 35,37116.0,False
base,active,438299.0,438438.0,438481.0,32 33,37148.0,False
base,active,435982.0,438473.0,438476.0,46 47 48 49 50 51 52 53,37134.0,False
base,active,438103.0,438473.0,438528.0,42 43 44 45,37141.0,False
base,active,438135.0,438473.0,438532.0,36 37 40 41,37143.0,False
base,active,435833.0,438473.0,438708.0,54 55 56 57 58 59 60 61 62 63 64 66 67 68 69 124,37124.0,False
base,active,438182.0,438476.0,438505.0,50 51 52 53,37145.0,False
base,active,438241.0,438476.0,438588.0,46 47 48 49,37146.0,False
base,active,,438481.0,438539.0,32 33,-1.0,
base,active,438254.0,438505.0,438561.0,50 51 52 53,37147.0,False
base,active,438490.0,438528.0,438874.0,42 43 44 45,37151.0,False
base,active,,438532.0,438539.0,36 37 40 41,-1.0,
base,active,,438539.0,438588.0,6 11 12 13,-1.0,
base,active,438450.0,438539.0,438781.0,32 33 34 35 36 37 40 41,37150.0,False
base,active,,438539.0,438839.0,1 5,-1.0,
base,active,,438561.0,438588.0,50 51 52 53,-1.0,
base,active,435796.0,438574.0,438577.0,39 65,37122.0,False
base,active,435739.0,438574.0,438578.0,100 101,37120.0,False
base,active,435718.0,438574.0,438599.0,102 103 104 105,37119.0,False
base,active,435774.0,438574.0,438600.0,96 97 98 99,37121.0,False
base,active,435800.0,438574.0,438600.0,28 29 31 38,37123.0,False
base,active,,438577.0,438588.0,39 65,-1.0,
base,active,,438578.0,438588.0,100 101,-1.0,
base,active,436070.0,438588.0,438591.0,6 11 12 13 39 46 47 48 49 50 51 52 53 65 100 101,37137.0,False
base,active,,438591.0,438708.0,49 50 51 52 53 65 100 101,-1.0,
base,active,,438591.0,438891.0,6 11 12 13 39 46 47 48,-1.0,
base,active,433985.0,438592.0,439153.0,21 27 70 71 72 73 74 75 76 77 78 79 80 81 82 83 84 85 86 87 88 89 90 91 92 93 94 95 106 107 122 127,37098.0,False
base,active,,438599.0,438708.0,102 103 104 105,-1.0,
base,active,,438600.0,438708.0,96 97 98 99,-1.0,
base,active,,438600.0,438900.0,28 29 31 38,-1.0,
base,active,435928.0,438708.0,438711.0,49 50 51 52 53 54 55 56 57 58 59 60 61 62 63 64 65 66 67 68 69 96 97 98 99 100 101 102 103 104 105 124,37129.0,False
base,active,436064.0,438711.0,438714.0,49 50 51 52 53 54 55 56 57 58 59 60 61 62 63 64 65 66 67 68 69 96 97 98 99 100 101 102 103 104 105 124,37136.0,False
base,active,438390.0,438714.0,439014.0,49 50 51 52 53 54 55 56 57 58 59 60 61 62 63 64 65 66 67 68 69 96 97 98 99 100 101 102 103 104 105 124,37149.0,False
base,active,,438781.0,439081.0,32 33 34 35 36 37 40 41,-1.0,
base,active,435887.0,438783.0,438786.0,18 25,37127.0,False
base,active,,438786.0,439086.0,18 25,-1.0,
base,switching_off,,438839.0,440639.0,1 5,-2.0,
base,active,,438874.0,439174.0,42 43 44 45,-1.0,
base,switching_off,,438891.0,440691.0,6 11 12 13 39 46 47 48,-2.0,
base,switching_off,,438900.0,440700.0,28 29 31 38,-2.0,
base,sleeping,,438902.0,439153.0,8 9,-4.0,
base,active,435849.0,438956.0,438959.0,114 115 116 117,37125.0,False
base,active,435935.0,438956.0,438960.0,10 14 108 109,37131.0,False
base,active,435859.0,438956.0,438987.0,110 111 112 113,37126.0,False
base,active,,438959.0,441853.0,114 115 116 117,-1.0,
base,active,,438960.0,439260.0,10 14,-1.0,
base,active,,438960.0,441853.0,108 109,-1.0,
base,active,,438987.0,441853.0,110 111 112 113,-1.0,
base,active,,439014.0,439314.0,49 50 51 52 53 54 55 56 57 58,-1.0,
base,active,,439014.0,441853.0,59 60 61 62 63 64 65 66 67 68 69 96 97 98 99 100 101 102 103 104 105 124,-1.0,
base,switching_off,,439081.0,440881.0,32 33 34 35 36 37 40 41,-2.0,
base,switching_off,,439086.0,440886.0,18 25,-2.0,
base,active,,439153.0,439343.0,27,-1.0,
base,active,,439153.0,439453.0,21,-1.0,
base,active,,439153.0,441853.0,70 71 72 73 74 75 76 77 78 79 80 81 82 83 84 85 86 87 88 89 90 91 92 93 94 95 106 107 122 127,-1.0,
base,switching_on,,439153.0,441853.0,8 9,-3.0,
base,switching_off,,439174.0,440974.0,42 43 44 45,-2.0,
base,switching_off,,439260.0,441060.0,10 14,-2.0,
base,switching_off,,439314.0,441114.0,49 50 51 52 53 54 55 56 57 58,-2.0,
base,active,439343.0,439343.0,439358.0,27,37156.0,False
base,active,,439358.0,439444.0,27,-1.0,
base,active,436265.0,439365.0,439368.0,2,37138.0,False
base,active,,439368.0,439668.0,2,-1.0,
base,active,435995.0,439393.0,439396.0,3 22,37135.0,False
base,active,,439396.0,439696.0,3 22,-1.0,
base,active,439444.0,439444.0,439705.0,27,37157.0,False
base,switching_off,,439453.0,441253.0,21,-2.0,
base,switching_off,,439668.0,441468.0,2,-2.0,
base,switching_off,,439696.0,441496.0,3 22,-2.0,
base,active,,439705.0,442497.0,27,-1.0,
base,sleeping,,439785.0,439797.0,24,-4.0,
base,active,435915.0,439794.0,439797.0,0 15 16 17 19 20 26 30,37128.0,False
base,active,,439797.0,440097.0,0 15 16 17 19 20,-1.0,
base,active,,439797.0,442497.0,26 30,-1.0,
base,switching_on,,439797.0,442497.0,24,-3.0,
base,sleeping,,439821.0,439829.0,23,-4.0,
base,switching_on,,439829.0,442529.0,23,-3.0,
base,sleeping,,439952.0,440295.0,7,-4.0,
base,active,435940.0,440073.0,440076.0,4 118 119 120 121 123 125 126,37132.0,False
base,active,,440076.0,440376.0,4 118 119 120 121 123 125 126,-1.0,
base,switching_off,,440097.0,441897.0,0 15 16 17 19 20,-2.0,
base,switching_on,,440295.0,442995.0,7,-3.0,
base,switching_off,,440376.0,442176.0,4 118 119 120 121 123 125 126,-2.0,
base,switching_on,,440639.0,443339.0,1 5,-3.0,
base,sleeping,,440691.0,440884.0,46 47,-4.0,
base,sleeping,,440691.0,440951.0,39,-4.0,
base,sleeping,,440691.0,443125.0,6 11 12 13,-4.0,
base,switching_on,,440691.0,443391.0,48,-3.0,
base,sleeping,,440700.0,440993.0,38,-4.0,
base,sleeping,,440700.0,443087.0,28 29 31,-4.0,
base,sleeping,,440881.0,440884.0,40 41,-4.0,
base,sleeping,,440881.0,440993.0,35 36 37,-4.0,
base,sleeping,,440881.0,443087.0,32 33 34,-4.0,
base,switching_on,,440884.0,443584.0,40 41 46 47,-3.0,
base,sleeping,,440886.0,443087.0,25,-4.0,
base,sleeping,,440886.0,443125.0,18,-4.0,
base,switching_on,,440951.0,443651.0,39,-3.0,
base,sleeping,,440974.0,440993.0,42 43 44 45,-4.0,
base,switching_on,,440993.0,443693.0,35 36 37 38 42 43 44 45,-3.0,
base,sleeping,,441060.0,443125.0,10 14,-4.0,
base,sleeping,,441114.0,441187.0,58,-4.0,
base,sleeping,,441114.0,441684.0,50 51 52 53 54 55 56 57,-4.0,
base,sleeping,,441114.0,443087.0,49,-4.0,
base,switching_on,,441187.0,443887.0,58,-3.0,
base,sleeping,,441253.0,443125.0,21,-4.0,
base,sleeping,,441468.0,443125.0,2,-4.0,
base,sleeping,,441496.0,443087.0,22,-4.0,
base,sleeping,,441496.0,443125.0,3,-4.0,
base,switching_on,,441684.0,444384.0,50 51 52 53 54 55 56 57,-3.0,
base,active,413661.0,441853.0,442127.0,8 9 59 60 61 62 63 64 65 66 67 68 69 70 71 72 73 74 75 76 77 78 79 80 81 82 83 84 85 86 87 88 89 90 91 92 93 94 95 96 97 98 99 100 101 102 103 104 105 106 107 108 109 110 111 112 113 114 115 116 117 122 124 127,36853.0,False
base,sleeping,,441897.0,443125.0,0 15 16 17 19 20,-4.0,
base,active,419651.0,442127.0,442351.0,8 9 59 60 61 62 63 64 65 66 67 68 69 70 71 72 73 74 75 76 77 78 79 80 81 82 83 84 85 86 87 88 89 90 91 92 93 94 95 96 97 98 99 100 101 102 103 104 105 106 107 108 109 110 111 112 113 114 115 116 117 122 124 127,36906.0,False
base,sleeping,,442176.0,443087.0,118 119 120 121 123 125 126,-4.0,
base,sleeping,,442176.0,443125.0,4,-4.0,
base,active,420061.0,442351.0,442594.0,8 9 59 60 61 62 63 64 65 66 67 68 69 70 71 72 73 74 75 76 77 78 79 80 81 82 83 84 85 86 87 88 89 90 91 92 93 94 95 96 97 98 99 100 101 102 103 104 105 106 107 108 109 110 111 112 113 114 115 116 117 122 124 127,36912.0,False
base,active,439486.0,442497.0,442787.0,24 26 27 30,37158.0,False
base,active,439829.0,442529.0,442659.0,23,37160.0,False
base,active,420667.0,442594.0,442805.0,8 9 59 60 61 62 63 64 65 66 67 68 69 70 71 72 73 74 75 76 77 78 79 80 81 82 83 84 85 86 87 88 89 90 91 92 93 94 95 96 97 98 99 100 101 102 103 104 105 106 107 108 109 110 111 112 113 114 115 116 117 122 124 127,36918.0,False
base,active,442344.0,442659.0,442776.0,23,37187.0,False
base,active,442705.0,442776.0,442807.0,23,37188.0,False
base,active,,442787.0,442805.0,26 27,-1.0,
base,active,442711.0,442787.0,442815.0,30,37189.0,False
base,active,,442787.0,443087.0,24,-1.0,
base,active,420896.0,442805.0,442919.0,26 27 59 60 61 62 63 64 65 66 67 68 69 70 71 72 73 74 75 76 77 78 79 80 81 82 83 84 85 86 87 88 89 90 91 92 93 94 95 96 97 98 99 100 101 102 103 104 105 106 107 108 109 110 111 112 113 114 115 116 117 122 124 127,36922.0,False
base,active,,442805.0,443105.0,8 9,-1.0,
base,active,,442807.0,443107.0,23,-1.0,
base,active,,442815.0,442919.0,30,-1.0,
base,active,,442919.0,443002.0,26,-1.0,
base,active,421016.0,442919.0,443125.0,27 30 59 60 61 62 63 64 65 66 67 68 69 70 71 72 73 74 75 76 77 78 79 80 81 82 83 84 85 86 87 88 89 90 91 92 93 94 95 96 97 98 99 100 101 102 103 104 105 106 107 108 109 110 111 112 113 114 115 116 117 122 124 127,36924.0,False
base,active,440295.0,442995.0,443122.0,7,37168.0,False
base,active,443002.0,443002.0,443170.0,26,37193.0,False
base,switching_off,,443087.0,444887.0,24,-2.0,
base,switching_on,,443087.0,445787.0,22 25 28 29 31 32 33 34 49 118 119 120 121 123 125 126,-3.0,
base,switching_off,,443105.0,444905.0,8 9,-2.0,
base,switching_off,,443107.0,444907.0,23,-2.0,
base,active,,443122.0,443422.0,7,-1.0,
base,active,,443125.0,443237.0,73,-1.0,
base,active,,443125.0,443357.0,70 71 72,-1.0,
base,active,,443125.0,443425.0,27 30 59 60 61 62 63 64 65 66 67 68 69,-1.0,
base,active,,443125.0,445825.0,74 75 76 77 78 79 80 81 82 83 84 85 86 87 88 89 90 91 92 93 94 95 96 97 98 99 100 101 102 103 104 105 106 107 108 109 110 111 112 113 114 115 116 117 122 124 127,-1.0,
base,switching_on,,443125.0,445825.0,0 2 3 4 6 10 11 12 13 14 15 16 17 18 19 20 21,-3.0,
base,active,,443170.0,443470.0,26,-1.0,
base,active,443237.0,443237.0,443308.0,73,37196.0,False
base,active,,443308.0,443357.0,73,-1.0,
base,active,440517.0,443339.0,443354.0,1,37170.0,False
base,active,440516.0,443339.0,443552.0,5,37169.0,False
base,active,,443354.0,443654.0,1,-1.0,
base,active,443357.0,443357.0,443359.0,70 71 72 73,37199.0,False
base,active,,443359.0,443654.0,70 71 72 73,-1.0,
base,active,440579.0,443391.0,443414.0,48,37171.0,False
base,active,,443414.0,443654.0,48,-1.0,
base,switching_off,,443422.0,445222.0,7,-2.0,
base,switching_off,,443425.0,445225.0,27 30 59 60 61 62 63 64 65 66 67 68 69,-2.0,
base,switching_off,,443470.0,445270.0,26,-2.0,
base,active,,443552.0,443710.0,5,-1.0,
base,active,440884.0,443584.0,443650.0,40 41 46 47,37174.0,False
base,active,,443650.0,443654.0,41 46 47,-1.0,
base,active,,443650.0,443709.0,40,-1.0,
base,active,440951.0,443651.0,443810.0,39,37175.0,False
base,active,443654.0,443654.0,443835.0,41 46 47 48 70 71 72 73,37202.0,False
base,switching_off,,443654.0,445454.0,1,-2.0,
base,active,440993.0,443693.0,444052.0,35 36 37 38 42 43 44 45,37176.0,False
base,active,443709.0,443709.0,443724.0,40,37203.0,False
base,active,443710.0,443710.0,443732.0,5,37204.0,False
base,active,,443724.0,444008.0,40,-1.0,
base,active,,443732.0,444032.0,5,-1.0,
base,active,,443810.0,444110.0,39,-1.0,
base,active,,443835.0,443872.0,41 46 47 48 70 71 72 73,-1.0,
base,active,443872.0,443872.0,444137.0,41 46 47 48 70 71 72 73,37206.0,False
base,active,441187.0,443887.0,444042.0,58,37178.0,False
base,active,444008.0,444008.0,444048.0,40,37208.0,False
base,switching_off,,444032.0,445832.0,5,-2.0,
base,active,,444042.0,444342.0,58,-1.0,
base,active,,444048.0,444348.0,40,-1.0,
base,active,,444052.0,444352.0,35 36 37 38 42 43 44 45,-1.0,
base,switching_off,,444110.0,445910.0,39,-2.0,
base,active,,444137.0,444297.0,73,-1.0,
base,active,,444137.0,444307.0,72,-1.0,
base,active,,444137.0,444437.0,41 46 47 48 70 71,-1.0,
base,active,444297.0,444297.0,444313.0,73,37209.0,False
base,active,444307.0,444307.0,444316.0,72,37210.0,False
base,active,,444313.0,444613.0,73,-1.0,
base,active,,444316.0,444616.0,72,-1.0,
base,switching_off,,444342.0,446142.0,58,-2.0,
base,switching_off,,444348.0,446148.0,40,-2.0,
base,switching_off,,444352.0,446152.0,35 36 37 38 42 43 44 45,-2.0,
base,active,441684.0,444384.0,444669.0,50 51 52 53 54 55 56 57,37182.0,False
base,switching_off,,444437.0,446237.0,41 46 47 48 70 71,-2.0,
base,switching_off,,444613.0,446413.0,73,-2.0,
base,switching_off,,444616.0,446416.0,72,-2.0,
base,active,444597.0,444669.0,444821.0,50 51 52 53 54 55 56 57,37213.0,False
base,active,444703.0,444821.0,444864.0,54 55 56 57,37214.0,False
base,active,,444821.0,447632.0,50 51 52 53,-1.0,
base,active,,444864.0,447590.0,55 56 57,-1.0,
base,active,,444864.0,447632.0,54,-1.0,
base,sleeping,,444887.0,444890.0,24,-4.0,
base,switching_on,,444890.0,447590.0,24,-3.0,
base,sleeping,,444905.0,444932.0,8 9,-4.0,
base,sleeping,,444907.0,444932.0,23,-4.0,
base,switching_on,,444932.0,447632.0,8 9 23,-3.0,
base,sleeping,,445222.0,445454.0,7,-4.0,
base,sleeping,,445225.0,445454.0,27,-4.0,
base,switching_on,,445225.0,447925.0,30 59 60 61 62 63 64 65 66 67 68 69,-3.0,
base,sleeping,,445270.0,445454.0,26,-4.0,
base,switching_on,,445454.0,448154.0,1 7 26 27,-3.0,
base,active,442199.0,445787.0,445981.0,49 118 119 120 121 123 125 126,37185.0,False
base,active,442914.0,445787.0,445996.0,22 25 28 29 31 32 33 34,37192.0,False
base,active,421275.0,445825.0,445869.0,0 2 3 4 6 10 11 12 13 14 15 16 17 18 19 20 21 74 75 76 77 78 79 80 81 82 83 84 85 86 87 88 89 90 91 92 93 94 95 96 97 98 99 100 101 102 103 104 105 106 107 108 109 110 111 112 113 114 115 116 117 122 124 127,36927.0,False
base,sleeping,,445832.0,445869.0,5,-4.0,
base,active,,445869.0,448569.0,2 3 4 6 10 11 12 13 14 15 16 17 18 19 20 21 74 75 76 77 78 79 80 81 82 83 84 85 86 87 88 89 90 91 92 93 94 95 96 97 98 99 100 101 102 103 104 105 106 107 108 109 110 111 112 113 114 115 116 117 122 124 127,-1.0,
base,switching_on,,445869.0,448569.0,5,-3.0,
base,active,,445869.0,448610.0,0,-1.0,
base,switching_on,,445910.0,448610.0,39,-3.0,
base,active,445465.0,445981.0,446123.0,49 118 119 120 121 123 125 126,37226.0,False
base,active,,445996.0,446086.0,22 25 28 29,-1.0,
base,active,445683.0,445996.0,446371.0,31 32 33 34,37228.0,False
base,active,446086.0,446086.0,446294.0,22 25 28 29,37231.0,False
base,active,446122.0,446123.0,446295.0,125 126,37233.0,False
base,active,,446123.0,446343.0,121 123,-1.0,
base,active,,446123.0,446369.0,119 120,-1.0,
base,active,,446123.0,446423.0,49 118,-1.0,
base,sleeping,,446142.0,446193.0,58,-4.0,
base,sleeping,,446148.0,446224.0,40,-4.0,
base,sleeping,,446152.0,446196.0,45,-4.0,
base,sleeping,,446152.0,446224.0,42 43 44,-4.0,
base,sleeping,,446152.0,446423.0,35 36 37 38,-4.0,
base,switching_on,,446193.0,448893.0,58,-3.0,
base,switching_on,,446196.0,448896.0,45,-3.0,
base,switching_on,,446224.0,448924.0,40 42 43 44,-3.0,
base,sleeping,,446237.0,446423.0,41 46 47 48 70 71,-4.0,
base,active,,446294.0,446594.0,22 25 28 29,-1.0,
base,active,,446295.0,446343.0,125 126,-1.0,
base,active,446343.0,446343.0,446757.0,121 123 125 126,37239.0,False
base,active,446369.0,446369.0,446854.0,119 120,37241.0,False
base,active,,446371.0,449123.0,31 32 33 34,-1.0,
base,sleeping,,446413.0,446423.0,73,-4.0,
base,sleeping,,446416.0,446423.0,72,-4.0,
base,switching_off,,446423.0,448223.0,49 118,-2.0,
base,switching_on,,446423.0,449123.0,35 36 37 38 41 46 47 48 70 71 72 73,-3.0,
base,switching_off,,446594.0,448394.0,22 25 28 29,-2.0,
base,active,,446757.0,446760.0,121 123 125 126,-1.0,
base,active,446760.0,446760.0,446782.0,121 123 125 126,37246.0,False
base,active,,446782.0,446824.0,126,-1.0,
base,active,,446782.0,446863.0,121 123 125,-1.0,
base,active,446824.0,446824.0,446885.0,126,37248.0,False
base,active,,446854.0,446863.0,120,-1.0,
base,active,,446854.0,446889.0,119,-1.0,
base,active,446863.0,446863.0,447435.0,120 121 123 125,37250.0,False
base,active,,446885.0,446889.0,126,-1.0,
base,active,446889.0,446889.0,447435.0,119 126,37251.0,False
base,active,447147.0,447435.0,447461.0,119,37255.0,False
base,active,447145.0,447435.0,447473.0,120,37254.0,False
base,active,446911.0,447435.0,447522.0,121 123 125 126,37252.0,False
base,active,,447461.0,447548.0,119,-1.0,
base,active,,447473.0,447548.0,120,-1.0,
base,active,,447522.0,447524.0,121 123 125 126,-1.0,
base,active,447524.0,447524.0,448574.0,121 123 125 126,37260.0,False
base,active,447548.0,447548.0,448574.0,119 120,37261.0,False
base,active,444890.0,447590.0,447665.0,24 55 56 57,37217.0,False
base,active,444932.0,447632.0,447752.0,8 9 23 50 51 52 53 54,37219.0,False
base,active,,447665.0,447717.0,56,-1.0,
base,active,,447665.0,447751.0,24 55,-1.0,
base,active,447612.0,447665.0,447777.0,57,37263.0,False
base,active,447717.0,447717.0,447770.0,56,37265.0,False
base,active,447751.0,447751.0,447870.0,24 55,37266.0,False
base,active,446827.0,447752.0,448279.0,8 9 23 50 51 52 53 54,37249.0,False
base,active,,447770.0,447893.0,56,-1.0,
base,active,,447777.0,447893.0,57,-1.0,
base,active,,447870.0,447893.0,24 55,-1.0,
base,active,447893.0,447893.0,447975.0,24 55 56 57,37268.0,False
base,active,445203.0,447925.0,447971.0,30 59 60 61,37223.0,False
base,active,445130.0,447925.0,448006.0,62 63 64 65 66 67 68 69,37222.0,False
base,active,447931.0,447971.0,447986.0,61,37269.0,False
base,active,,447971.0,447986.0,30 59 60,-1.0,
base,active,,447975.0,447986.0,24 55 56 57,-1.0,
base,active,447029.0,447986.0,448046.0,24 30 55 56 57 59 60 61,37253.0,False
base,active,447991.0,448006.0,448087.0,62 63 64 65 66 67 68 69,37270.0,False
base,active,,448046.0,448087.0,24 30 55 56 57 59 60 61,-1.0,
base,active,447186.0,448087.0,448199.0,24 30 55 56 57 59 60 61 62 63 64 65 66 67 68 69,37256.0,False
base,active,445433.0,448154.0,448934.0,1 7 26 27,37225.0,False
base,active,447485.0,448199.0,448216.0,24 30 55 56 57 59 60 61 62 63 64 65 66 67 68 69,37259.0,False
base,active,447553.0,448216.0,448243.0,24 30 55 56 57 59 60 61 62 63 64 65 66 67 68 69,37262.0,False
base,sleeping,,448223.0,448243.0,49 118,-4.0,
base,active,,448243.0,448543.0,24 30,-1.0,
base,active,,448243.0,450943.0,55 56 57 59 60 61 62 63 64 65 66 67 68 69,-1.0,
base,switching_on,,448243.0,450943.0,49 118,-3.0,
base,active,,448279.0,448354.0,53 54,-1.0,
base,active,,448279.0,448369.0,52,-1.0,
base,active,,448279.0,448579.0,8 9 23 50 51,-1.0,
base,active,448354.0,448354.0,448470.0,53 54,37273.0,False
base,active,448369.0,448369.0,448390.0,52,37274.0,False
base,active,,448390.0,448672.0,52,-1.0,
base,sleeping,,448394.0,448628.0,22 25 28 29,-4.0,
base,active,,448470.0,448502.0,54,-1.0,
base,active,,448470.0,448672.0,53,-1.0,
base,active,448502.0,448502.0,448543.0,54,37276.0,False
base,active,,448543.0,448672.0,54,-1.0,
base,switching_off,,448543.0,450343.0,24 30,-2.0,
base,active,421350.0,448569.0,448672.0,2 3 4 5 6 10 11 12 13 14 15 16 17 18 19 20 21 74 75 76 77 78 79 80 81 82 83 84 85 86 87 88 89 90 91 92 93 94 95 96 97 98 99 100 101 102 103 104 105 106 107 108 109 110 111 112 113 114 115 116 117 122 124 127,36929.0,False
base,active,,448574.0,448586.0,121 123 125 126,-1.0,
base,active,,448574.0,448609.0,119 120,-1.0,
base,switching_off,,448579.0,450379.0,8 9 23 50 51,-2.0,
base,active,448586.0,448586.0,451115.0,121 123 125 126,37277.0,False
base,active,448609.0,448609.0,451127.0,119 120,37279.0,False
base,active,445706.0,448610.0,448961.0,0 39,37229.0,False
base,switching_on,,448628.0,451328.0,22 25 28 29,-3.0,
base,active,421480.0,448672.0,448780.0,5 6 10 11 12 13 14 15 16 17 18 19 20 21 52 53 54 74 75 76 77 78 79 80 81 82 83 84 85 86 87 88 89 90 91 92 93 94 95 96 97 98 99 100 101 102 103 104 105 106 107 108 109 110 111 112 113 114 115 116 117 122 124 127,36930.0,False
base,active,,448672.0,448830.0,4,-1.0,
base,active,,448672.0,448915.0,2 3,-1.0,
base,active,421801.0,448780.0,448826.0,5 6 10 11 12 13 14 15 16 17 18 19 20 21 52 53 54 74 75 76 77 78 79 80 81 82 83 84 85 86 87 88 89 90 91 92 93 94 95 96 97 98 99 100 101 102 103 104 105 106 107 108 109 110 111 112 113 114 115 116 117 122 124 127,36934.0,False
base,active,421876.0,448826.0,448864.0,5 6 10 11 12 13 14 15 16 17 18 19 20 21 52 53 54 74 75 76 77 78 79 80 81 82 83 84 85 86 87 88 89 90 91 92 93 94 95 96 97 98 99 100 101 102 103 104 105 106 107 108 109 110 111 112 113 114 115 116 117 122 124 127,36936.0,False
base,active,448830.0,448830.0,448854.0,4,37283.0,False
base,active,,448854.0,448915.0,4,-1.0,
base,active,421937.0,448864.0,448971.0,5 6 10 11 12 13 14 15 16 17 18 19 20 21 52 53 54 74 75 76 77 78 79 80 81 82 83 84 85 86 87 88 89 90 91 92 93 94 95 96 97 98 99 100 101 102 103 104 105 106 107 108 109 110 111 112 113 114 115 116 117 122 124 127,36937.0,False
base,active,446193.0,448893.0,448917.0,58,37235.0,False
base,active,446196.0,448896.0,448915.0,45,37236.0,False
base,active,448716.0,448915.0,448950.0,2 3 4 45,37281.0,False
base,active,,448917.0,448950.0,58,-1.0,
base,active,446224.0,448924.0,448988.0,40 42 43 44,37237.0,False
base,active,,448934.0,448950.0,7 26 27,-1.0,
base,active,,448934.0,449234.0,1,-1.0,
base,active,448757.0,448950.0,449074.0,2 3 4 7 26 27 45 58,37282.0,False
base,active,,448961.0,448971.0,39,-1.0,
base,active,,448961.0,449261.0,0,-1.0,
base,active,422069.0,448971.0,449077.0,6 10 11 12 13 14 15 16 17 18 19 20 21 39 52 53 54 74 75 76 77 78 79 80 81 82 83 84 85 86 87 88 89 90 91 92 93 94 95 96 97 98 99 100 101 102 103 104 105 106 107 108 109 110 111 112 113 114 115 116 117 122 124 127,36939.0,False
base,active,,448971.0,449271.0,5,-1.0,
base,active,,448988.0,449077.0,40 42 43 44,-1.0,
base,active,,449074.0,449077.0,26 27 45 58,-1.0,
base,active,,449074.0,449374.0,2 3 4 7,-1.0,
base,active,422203.0,449077.0,449147.0,17 18 19 20 21 26 27 39 40 42 43 44 45 52 53 54 58 74 75 76 77 78 79 80 81 82 83 84 85 86 87 88 89 90 91 92 93 94 95 96 97 98 99 100 101 102 103 104 105 106 107 108 109 110 111 112 113 114 115 116 117 122 124 127,36940.0,False
base,active,,449077.0,449147.0,16,-1.0,
base,active,,449077.0,449377.0,6 10 11 12 13 14 15,-1.0,
base,active,446307.0,449123.0,449622.0,31 32 33 34 35 36 37 38 41 46 47 48 70 71 72 73,37238.0,False
base,active,449147.0,449147.0,449169.0,16,37288.0,False
base,active,422362.0,449147.0,449274.0,17 18 19 20 21 26 27 39 40 42 43 44 45 52 53 54 58 74 75 76 77 78 79 80 81 82 83 84 85 86 87 88 89 90 91 92 93 94 95 96 97 98 99 100 101 102 103 104 105 106 107 108 109 110 111 112 113 114 115 116 117 122 124 127,36942.0,False
base,active,,449169.0,449175.0,16,-1.0,
base,active,449175.0,449175.0,449182.0,16,37289.0,False
base,active,,449182.0,449188.0,16,-1.0,
base,active,449188.0,449188.0,449196.0,16,37290.0,False
base,active,,449196.0,449496.0,16,-1.0,
base,switching_off,,449234.0,451034.0,1,-2.0,
base,switching_off,,449261.0,451061.0,0,-2.0,
base,switching_off,,449271.0,451071.0,5,-2.0,
base,active,422491.0,449274.0,449525.0,17 18 19 20 21 26 27 39 40 42 43 44 45 52 53 54 58 74 75 76 77 78 79 80 81 82 83 84 85 86 87 88 89 90 91 92 93 94 95 96 97 98 99 100 101 102 103 104 105 106 107 108 109 110 111 112 113 114 115 116 117 122 124 127,36944.0,False
base,switching_off,,449374.0,451174.0,2 3 4 7,-2.0,
base,switching_off,,449377.0,451177.0,6 10 11 12 13 14 15,-2.0,
base,switching_off,,449496.0,451296.0,16,-2.0,
base,active,422800.0,449525.0,449946.0,17 18 19 20 21 26 27 39 40 42 43 44 45 52 53 54 58 74 75 76 77 78 79 80 81 82 83 84 85 86 87 88 89 90 91 92 93 94 95 96 97 98 99 100 101 102 103 104 105 106 107 108 109 110 111 112 113 114 115 116 117 122 124 127,36948.0,False
base,active,448918.0,449622.0,449794.0,31 32 33 34 35 36 37 38 41 46 47 48 70 71 72 73,37285.0,False
base,active,,449794.0,449946.0,41 46 47 48 70 71 72 73,-1.0,
base,active,,449794.0,450094.0,31 32 33 34 35 36 37 38,-1.0,
base,active,422893.0,449946.0,450005.0,40 41 42 43 44 45 46 47 48 52 53 54 58 70 71 72 73 74 75 76 77 78 79 80 81 82 83 84 85 86 87 88 89 90 91 92 93 94 95 96 97 98 99 100 101 102 103 104 105 106 107 108 109 110 111 112 113 114 115 116 117 122 124 127,36949.0,False
base,active,,449946.0,450246.0,17 18 19 20 21 26 27 39,-1.0,
base,active,422966.0,450005.0,450057.0,40 41 42 43 44 45 46 47 48 52 53 54 58 70 71 72 73 74 75 76 77 78 79 80 81 82 83 84 85 86 87 88 89 90 91 92 93 94 95 96 97 98 99 100 101 102 103 104 105 106 107 108 109 110 111 112 113 114 115 116 117 122 124 127,36950.0,False
base,active,423036.0,450057.0,450103.0,40 41 42 43 44 45 46 47 48 52 53 54 58 70 71 72 73 74 75 76 77 78 79 80 81 82 83 84 85 86 87 88 89 90 91 92 93 94 95 96 97 98 99 100 101 102 103 104 105 106 107 108 109 110 111 112 113 114 115 116 117 122 124 127,36951.0,False
base,switching_off,,450094.0,451894.0,31 32 33 34 35 36 37 38,-2.0,
base,active,423096.0,450103.0,450139.0,40 41 42 43 44 45 46 47 48 52 53 54 58 70 71 72 73 74 75 76 77 78 79 80 81 82 83 84 85 86 87 88 89 90 91 92 93 94 95 96 97 98 99 100 101 102 103 104 105 106 107 108 109 110 111 112 113 114 115 116 117 122 124 127,36952.0,False
base,active,423146.0,450139.0,450172.0,40 41 42 43 44 45 46 47 48 52 53 54 58 70 71 72 73 74 75 76 77 78 79 80 81 82 83 84 85 86 87 88 89 90 91 92 93 94 95 96 97 98 99 100 101 102 103 104 105 106 107 108 109 110 111 112 113 114 115 116 117 122 124 127,36953.0,False
base,active,423190.0,450172.0,450210.0,40 41 42 43 44 45 46 47 48 52 53 54 58 70 71 72 73 74 75 76 77 78 79 80 81 82 83 84 85 86 87 88 89 90 91 92 93 94 95 96 97 98 99 100 101 102 103 104 105 106 107 108 109 110 111 112 113 114 115 116 117 122 124 127,36954.0,False
base,active,423244.0,450210.0,450244.0,40 41 42 43 44 45 46 47 48 52 53 54 58 70 71 72 73 74 75 76 77 78 79 80 81 82 83 84 85 86 87 88 89 90 91 92 93 94 95 96 97 98 99 100 101 102 103 104 105 106 107 108 109 110 111 112 113 114 115 116 117 122 124 127,36956.0,False
base,active,423295.0,450244.0,450282.0,40 41 42 43 44 45 46 47 48 52 53 54 58 70 71 72 73 74 75 76 77 78 79 80 81 82 83 84 85 86 87 88 89 90 91 92 93 94 95 96 97 98 99 100 101 102 103 104 105 106 107 108 109 110 111 112 113 114 115 116 117 122 124 127,36959.0,False
base,switching_off,,450246.0,452046.0,17 18 19 20 21 26 27 39,-2.0,
base,active,423350.0,450282.0,450328.0,40 41 42 43 44 45 46 47 48 52 53 54 58 70 71 72 73 74 75 76 77 78 79 80 81 82 83 84 85 86 87 88 89 90 91 92 93 94 95 96 97 98 99 100 101 102 103 104 105 106 107 108 109 110 111 112 113 114 115 116 117 122 124 127,36961.0,False
base,active,423409.0,450328.0,450369.0,40 41 42 43 44 45 46 47 48 52 53 54 58 70 71 72 73 74 75 76 77 78 79 80 81 82 83 84 85 86 87 88 89 90 91 92 93 94 95 96 97 98 99 100 101 102 103 104 105 106 107 108 109 110 111 112 113 114 115 116 117 122 124 127,36963.0,False
base,sleeping,,450343.0,450369.0,24 30,-4.0,
base,active,,450369.0,450669.0,40 41,-1.0,
base,active,,450369.0,453069.0,42 43 44 45 46 47 48 52 53 54 58 70 71 72 73 74 75 76 77 78 79 80 81 82 83 84 85 86 87 88 89 90 91 92 93 94 95 96 97 98 99 100 101 102 103 104 105 106 107 108 109 110 111 112 113 114 115 116 117 122 124 127,-1.0,
base,switching_on,,450369.0,453069.0,24 30,-3.0,
base,sleeping,,450379.0,451174.0,8 9 23 50 51,-4.0,
base,switching_off,,450669.0,452469.0,40 41,-2.0,
base,active,448086.0,450943.0,451022.0,49 55 56 57 59 60 61 62 63 64 65 66 67 68 69 118,37271.0,False
base,active,,451022.0,451322.0,49 55,-1.0,
base,active,,451022.0,453874.0,56 57 59 60 61 62 63 64 65 66 67 68 69 118,-1.0,
base,sleeping,,451034.0,451174.0,1,-4.0,
base,sleeping,,451061.0,451174.0,0,-4.0,
base,sleeping,,451071.0,451174.0,5,-4.0,
base,active,,451115.0,453874.0,121 123 125 126,-1.0,
base,active,,451127.0,453874.0,119 120,-1.0,
base,switching_on,,451174.0,453874.0,0 1 2 3 4 5 7 8 9 23 50 51,-3.0,
base,sleeping,,451177.0,453115.0,6 10 11 12 13 14 15,-4.0,
base,sleeping,,451296.0,453115.0,16,-4.0,
base,switching_off,,451322.0,453122.0,49 55,-2.0,
base,active,448628.0,451328.0,451361.0,22 25 28 29,37280.0,False
base,active,,451361.0,451661.0,22 25 28 29,-1.0,
base,switching_off,,451661.0,453461.0,22 25 28 29,-2.0,
base,sleeping,,451894.0,453115.0,31 32 33 34 35 36 37 38,-4.0,
base,sleeping,,452046.0,452341.0,39,-4.0,
base,sleeping,,452046.0,453115.0,17 18 19 20 21 26 27,-4.0,
base,switching_on,,452341.0,455041.0,39,-3.0,
base,sleeping,,452469.0,452695.0,41,-4.0,
base,sleeping,,452469.0,452696.0,40,-4.0,
base,switching_on,,452695.0,455395.0,41,-3.0,
base,switching_on,,452696.0,455396.0,40,-3.0,
base,active,423474.0,453069.0,453115.0,24 30 42 43 44 45 46 47 48 52 53 54 58 70 71 72 73 74 75 76 77 78 79 80 81 82 83 84 85 86 87 88 89 90 91 92 93 94 95 96 97 98 99 100 101 102 103 104 105 106 107 108 109 110 111 112 113 114 115 116 117 122 124 127,36965.0,False
base,active,,453115.0,453415.0,24 30 42 43 44 45 46 47 48 52 53 54 58 70 71 72 73 74 75 76 77 78 79,-1.0,
base,active,,453115.0,455815.0,80 81 82 83 84 85 86 87 88 89 90 91 92 93 94 95 96 97 98 99 100 101 102 103 104 105 106 107 108 109 110 111 112 113 114 115 116 117 122 124 127,-1.0,
base,switching_on,,453115.0,455815.0,6 10 11 12 13 14 15 16 17 18 19 20 21 26 27 31 32 33 34 35 36 37 38,-3.0,
base,sleeping,,453122.0,454268.0,49 55,-4.0,
base,switching_off,,453415.0,455215.0,24 30 42 43 44 45 46 47 48 52 53 54 58 70 71 72 73 74 75 76 77 78 79,-2.0,
base,sleeping,,453461.0,454268.0,22 25 28 29,-4.0,
base,active,443311.0,453874.0,454268.0,0 1 2 3 4 5 7 8 9 23 50 51 56 57 59 60 61 62 63 64 65 66 67 68 69 118 119 120 121 123 125 126,37198.0,False
base,active,,454268.0,454568.0,0 1 2 3 4 5,-1.0,
base,active,,454268.0,456968.0,7 8 9 23 50 51 56 57 59 60 61 62 63 64 65 66 67 68 69 118 119 120 121 123 125 126,-1.0,
base,switching_on,,454268.0,456968.0,22 25 28 29 49 55,-3.0,
base,switching_off,,454568.0,456368.0,0 1 2 3 4 5,-2.0,
base,active,452341.0,455041.0,455060.0,39,37304.0,False
base,active,454776.0,455060.0,455078.0,39,37322.0,False
base,active,,455078.0,455378.0,39,-1.0,
base,sleeping,,455215.0,455864.0,24 30 42 43 44 45 46 47 48 52 53 54 58 70 71 72 73 74 75 76 77 78 79,-4.0,
base,switching_off,,455378.0,457178.0,39,-2.0,
base,active,452695.0,455395.0,455418.0,41,37306.0,False
base,active,452696.0,455396.0,455407.0,40,37307.0,False
base,active,,455407.0,455707.0,40,-1.0,
base,active,,455418.0,455718.0,41,-1.0,
base,switching_off,,455707.0,457507.0,40,-2.0,
base,switching_off,,455718.0,457518.0,41,-2.0,
base,active,423537.0,455815.0,455864.0,6 10 11 12 13 14 15 16 17 18 19 20 21 26 27 31 32 33 34 35 36 37 38 80 81 82 83 84 85 86 87 88 89 90 91 92 93 94 95 96 97 98 99 100 101 102 103 104 105 106 107 108 109 110 111 112 113 114 115 116 117 122 124 127,36966.0,False
base,active,,455864.0,456164.0,6 10 11 12 13 14 15 16 17 18 19 20 21 26 27 31 32 33 34 35 36 37 38,-1.0,
base,active,,455864.0,458564.0,80 81 82 83 84 85 86 87 88 89 90 91 92 93 94 95 96 97 98 99 100 101 102 103 104 105 106 107 108 109 110 111 112 113 114 115 116 117 122 124 127,-1.0,
base,switching_on,,455864.0,458564.0,24 30 42 43 44 45 46 47 48 52 53 54 58 70 71 72 73 74 75 76 77 78 79,-3.0,
base,switching_off,,456164.0,457964.0,6 10 11 12 13 14 15 16 17 18 19 20 21 26 27 31 32 33 34 35 36 37 38,-2.0,
base,sleeping,,456368.0,456643.0,5,-4.0,
base,sleeping,,456368.0,456822.0,4,-4.0,
base,sleeping,,456368.0,457476.0,0 1 2 3,-4.0,
base,switching_on,,456643.0,459343.0,5,-3.0,
base,switching_on,,456822.0,459522.0,4,-3.0,
base,active,443787.0,456968.0,457476.0,7 8 9 22 23 25 28 29 49 50 51 55 56 57 59 60 61 62 63 64 65 66 67 68 69 118 119 120 121 123 125 126,37205.0,False
base,sleeping,,457178.0,457476.0,39,-4.0,
base,active,,457476.0,457776.0,7 8 9 22 23,-1.0,
base,active,,457476.0,460176.0,25 28 29 49 50 51 55 56 57 59 60 61 62 63 64 65 66 67 68 69 118 119 120 121 123 125 126,-1.0,
base,switching_on,,457476.0,460176.0,0 1 2 3 39,-3.0,
base,sleeping,,457507.0,457751.0,40,-4.0,
base,sleeping,,457518.0,457635.0,41,-4.0,
base,switching_on,,457635.0,460335.0,41,-3.0,
base,switching_on,,457751.0,460451.0,40,-3.0,
base,switching_off,,457776.0,459576.0,7 8 9 22 23,-2.0,
base,sleeping,,457964.0,458012.0,14 15,-4.0,
base,sleeping,,457964.0,458601.0,6 10 11 12 13,-4.0,
base,switching_on,,457964.0,460664.0,16 17 18 19 20 21 26 27 31 32 33 34 35 36 37 38,-3.0,
base,switching_on,,458012.0,460712.0,14 15,-3.0,
base,active,423598.0,458564.0,458601.0,24 30 42 43 44 45 46 47 48 52 53 54 58 70 71 72 73 74 75 76 77 78 79 80 81 82 83 84 85 86 87 88 89 90 91 92 93 94 95 96 97 98 99 100 101 102 103 104 105 106 107 108 109 110 111 112 113 114 115 116 117 122 124 127,36968.0,False
base,active,,458601.0,458901.0,24 30 42 43 44,-1.0,
base,active,,458601.0,461301.0,45 46 47 48 52 53 54 58 70 71 72 73 74 75 76 77 78 79 80 81 82 83 84 85 86 87 88 89 90 91 92 93 94 95 96 97 98 99 100 101 102 103 104 105 106 107 108 109 110 111 112 113 114 115 116 117 122 124 127,-1.0,
base,switching_on,,458601.0,461301.0,6 10 11 12 13,-3.0,
base,switching_off,,458901.0,460701.0,24 30 42 43 44,-2.0,
base,active,456643.0,459343.0,459391.0,5,37339.0,False
base,active,,459391.0,459691.0,5,-1.0,
base,active,456822.0,459522.0,459542.0,4,37344.0,False
base,active,,459542.0,459842.0,4,-1.0,
base,sleeping,,459576.0,460583.0,7 8 9 22 23,-4.0,
base,switching_off,,459691.0,461491.0,5,-2.0,
base,switching_off,,459842.0,461642.0,4,-2.0,
base,active,448176.0,460176.0,460583.0,0 1 2 3 25 28 29 39 49 50 51 55 56 57 59 60 61 62 63 64 65 66 67 68 69 118 119 120 121 123 125 126,37272.0,False
base,active,457635.0,460335.0,460427.0,41,37350.0,False
base,active,,460427.0,463283.0,41,-1.0,
base,active,457751.0,460451.0,460556.0,40,37352.0,False
base,active,,460556.0,463283.0,40,-1.0,
base,active,,460583.0,460883.0,0 1 2 3 25 28 29,-1.0,
base,active,,460583.0,463283.0,39 49 50 51 55 56 57 59 60 61 62 63 64 65 66 67 68 69 118 119 120 121 123 125 126,-1.0,
base,switching_on,,460583.0,463283.0,7 8 9 22 23,-3.0,
base,active,456743.0,460664.0,460850.0,16 17 18 19 20 21 26 27 31 32 33 34 35 36 37 38,37342.0,False
base,sleeping,,460701.0,461332.0,24 30 42 43 44,-4.0,
base,active,458012.0,460712.0,460803.0,14 15,37357.0,False
base,active,,460803.0,461103.0,14 15,-1.0,
base,active,,460850.0,461150.0,16 17 18 19 20 21 26 27 31 32 33 34 35 36 37 38,-1.0,
base,switching_off,,460883.0,462683.0,0 1 2 3 25 28 29,-2.0,
base,switching_off,,461103.0,462903.0,14 15,-2.0,
base,switching_off,,461150.0,462950.0,16 17 18 19 20 21 26 27 31 32 33 34 35 36 37 38,-2.0,
base,active,423651.0,461301.0,461332.0,6 10 11 12 13 45 46 47 48 52 53 54 58 70 71 72 73 74 75 76 77 78 79 80 81 82 83 84 85 86 87 88 89 90 91 92 93 94 95 96 97 98 99 100 101 102 103 104 105 106 107 108 109 110 111 112 113 114 115 116 117 122 124 127,36969.0,False
base,active,,461332.0,461632.0,6 10 11 12 13,-1.0,
base,active,,461332.0,464032.0,45 46 47 48 52 53 54 58 70 71 72 73 74 75 76 77 78 79 80 81 82 83 84 85 86 87 88 89 90 91 92 93 94 95 96 97 98 99 100 101 102 103 104 105 106 107 108 109 110 111 112 113 114 115 116 117 122 124 127,-1.0,
base,switching_on,,461332.0,464032.0,24 30 42 43 44,-3.0,
base,sleeping,,461491.0,469926.0,5,-4.0,
base,switching_off,,461632.0,463432.0,6 10 11 12 13,-2.0,
base,sleeping,,461642.0,469926.0,4,-4.0,
base,sleeping,,462683.0,469926.0,0 1 2 3 25 28 29,-4.0,
base,sleeping,,462903.0,469926.0,14 15,-4.0,
base,sleeping,,462950.0,469926.0,16 17 18 19 20 21 26 27 31 32 33 34 35 36 37 38,-4.0,
base,active,448471.0,463283.0,463452.0,7 8 9 22 23 39 40 41 49 50 51 55 56 57 59 60 61 62 63 64 65 66 67 68 69 118 119 120 121 123 125 126,37275.0,False
base,sleeping,,463432.0,469926.0,6 10 11 12 13,-4.0,
base,active,448588.0,463452.0,463883.0,7 8 9 22 23 39 40 41 49 50 51 55 56 57 59 60 61 62 63 64 65 66 67 68 69 118 119 120 121 123 125 126,37278.0,False
base,active,448890.0,463883.0,464134.0,7 8 9 22 23 39 40 41 49 50 51 55 56 57 59 60 61 62 63 64 65 66 67 68 69 118 119 120 121 123 125 126,37284.0,False
base,active,423692.0,464032.0,464065.0,24 30 42 43 44 45 46 47 48 52 53 54 58 70 71 72 73 74 75 76 77 78 79 80 81 82 83 84 85 86 87 88 89 90 91 92 93 94 95 96 97 98 99 100 101 102 103 104 105 106 107 108 109 110 111 112 113 114 115 116 117 122 124 127,36970.0,False
base,active,423744.0,464065.0,464098.0,24 30 42 43 44 45 46 47 48 52 53 54 58 70 71 72 73 74 75 76 77 78 79 80 81 82 83 84 85 86 87 88 89 90 91 92 93 94 95 96 97 98 99 100 101 102 103 104 105 106 107 108 109 110 111 112 113 114 115 116 117 122 124 127,36971.0,False
base,active,423846.0,464098.0,464212.0,24 30 42 43 44 45 46 47 48 52 53 54 58 70 71 72 73 74 75 76 77 78 79 80 81 82 83 84 85 86 87 88 89 90 91 92 93 94 95 96 97 98 99 100 101 102 103 104 105 106 107 108 109 110 111 112 113 114 115 116 117 122 124 127,36975.0,False
base,active,449031.0,464134.0,464489.0,7 8 9 22 23 39 40 41 49 50 51 55 56 57 59 60 61 62 63 64 65 66 67 68 69 118 119 120 121 123 125 126,37286.0,False
base,active,423982.0,464212.0,464329.0,24 30 42 43 44 45 46 47 48 52 53 54 58 70 71 72 73 74 75 76 77 78 79 80 81 82 83 84 85 86 87 88 89 90 91 92 93 94 95 96 97 98 99 100 101 102 103 104 105 106 107 108 109 110 111 112 113 114 115 116 117 122 124 127,36979.0,False
base,active,424115.0,464329.0,464440.0,24 30 42 43 44 45 46 47 48 52 53 54 58 70 71 72 73 74 75 76 77 78 79 80 81 82 83 84 85 86 87 88 89 90 91 92 93 94 95 96 97 98 99 100 101 102 103 104 105 106 107 108 109 110 111 112 113 114 115 116 117 122 124 127,36981.0,False
base,active,424239.0,464440.0,464551.0,24 30 42 43 44 45 46 47 48 52 53 54 58 70 71 72 73 74 75 76 77 78 79 80 81 82 83 84 85 86 87 88 89 90 91 92 93 94 95 96 97 98 99 100 101 102 103 104 105 106 107 108 109 110 111 112 113 114 115 116 117 122 124 127,36983.0,False
base,active,449303.0,464489.0,464654.0,7 8 9 22 23 39 40 41 49 50 51 55 56 57 59 60 61 62 63 64 65 66 67 68 69 118 119 120 121 123 125 126,37291.0,False
base,active,424369.0,464551.0,464657.0,24 30 42 43 44 45 46 47 48 52 53 54 58 70 71 72 73 74 75 76 77 78 79 80 81 82 83 84 85 86 87 88 89 90 91 92 93 94 95 96 97 98 99 100 101 102 103 104 105 106 107 108 109 110 111 112 113 114 115 116 117 122 124 127,36984.0,False
base,active,450448.0,464654.0,464878.0,7 8 9 22 23 39 40 41 49 50 51 55 56 57 59 60 61 62 63 64 65 66 67 68 69 118 119 120 121 123 125 126,37295.0,False
base,active,424493.0,464657.0,464790.0,24 30 42 43 44 45 46 47 48 52 53 54 58 70 71 72 73 74 75 76 77 78 79 80 81 82 83 84 85 86 87 88 89 90 91 92 93 94 95 96 97 98 99 100 101 102 103 104 105 106 107 108 109 110 111 112 113 114 115 116 117 122 124 127,36986.0,False
base,active,424668.0,464790.0,464920.0,24 30 42 43 44 45 46 47 48 52 53 54 58 70 71 72 73 74 75 76 77 78 79 80 81 82 83 84 85 86 87 88 89 90 91 92 93 94 95 96 97 98 99 100 101 102 103 104 105 106 107 108 109 110 111 112 113 114 115 116 117 122 124 127,36991.0,False
base,active,451282.0,464878.0,466286.0,7 8 9 22 23 39 40 41 49 50 51 55 56 57 59 60 61 62 63 64 65 66 67 68 69 118 119 120 121 123 125 126,37300.0,False
base,active,424813.0,464920.0,465043.0,24 30 42 43 44 45 46 47 48 52 53 54 58 70 71 72 73 74 75 76 77 78 79 80 81 82 83 84 85 86 87 88 89 90 91 92 93 94 95 96 97 98 99 100 101 102 103 104 105 106 107 108 109 110 111 112 113 114 115 116 117 122 124 127,36995.0,False
base,active,424956.0,465043.0,465158.0,24 30 42 43 44 45 46 47 48 52 53 54 58 70 71 72 73 74 75 76 77 78 79 80 81 82 83 84 85 86 87 88 89 90 91 92 93 94 95 96 97 98 99 100 101 102 103 104 105 106 107 108 109 110 111 112 113 114 115 116 117 122 124 127,36996.0,False
base,active,425104.0,465158.0,465269.0,24 30 42 43 44 45 46 47 48 52 53 54 58 70 71 72 73 74 75 76 77 78 79 80 81 82 83 84 85 86 87 88 89 90 91 92 93 94 95 96 97 98 99 100 101 102 103 104 105 106 107 108 109 110 111 112 113 114 115 116 117 122 124 127,36997.0,False
base,active,425228.0,465269.0,465374.0,24 30 42 43 44 45 46 47 48 52 53 54 58 70 71 72 73 74 75 76 77 78 79 80 81 82 83 84 85 86 87 88 89 90 91 92 93 94 95 96 97 98 99 100 101 102 103 104 105 106 107 108 109 110 111 112 113 114 115 116 117 122 124 127,36999.0,False
base,active,425354.0,465374.0,465481.0,24 30 42 43 44 45 46 47 48 52 53 54 58 70 71 72 73 74 75 76 77 78 79 80 81 82 83 84 85 86 87 88 89 90 91 92 93 94 95 96 97 98 99 100 101 102 103 104 105 106 107 108 109 110 111 112 113 114 115 116 117 122 124 127,37000.0,False
base,active,425483.0,465481.0,465587.0,24 30 42 43 44 45 46 47 48 52 53 54 58 70 71 72 73 74 75 76 77 78 79 80 81 82 83 84 85 86 87 88 89 90 91 92 93 94 95 96 97 98 99 100 101 102 103 104 105 106 107 108 109 110 111 112 113 114 115 116 117 122 124 127,37002.0,False
base,active,438162.0,465587.0,467937.0,24 30 42 43 44 45 46 47 48 52 53 54 58 70 71 72 73 74 75 76 77 78 79 80 81 82 83 84 85 86 87 88 89 90 91 92 93 94 95 96 97 98 99 100 101 102 103 104 105 106 107 108 109 110 111 112 113 114 115 116 117 122 124 127,37144.0,False
base,active,452835.0,466286.0,466613.0,7 8 9 22 23 39 40 41 49 50 51 55 56 57 59 60 61 62 63 64 65 66 67 68 69 118 119 120 121 123 125 126,37310.0,False
base,active,453454.0,466613.0,467934.0,7 8 9 22 23 39 40 41 49 50 51 55 56 57 59 60 61 62 63 64 65 66 67 68 69 118 119 120 121 123 125 126,37314.0,False
base,active,455961.0,467934.0,467982.0,7 8 9 22 23 39 40 41 49 50 51 55 56 57 59 60 61 62 63 64 65 66 67 68 69 118 119 120 121 123 125 126,37326.0,False
base,active,440718.0,467937.0,469926.0,24 30 42 43 44 45 46 47 48 52 53 54 58 70 71 72 73 74 75 76 77 78 79 80 81 82 83 84 85 86 87 88 89 90 91 92 93 94 95 96 97 98 99 100 101 102 103 104 105 106 107 108 109 110 111 112 113 114 115 116 117 122 124 127,37172.0,False
base,active,456038.0,467982.0,468124.0,7 8 9 22 23 39 40 41 49 50 51 55 56 57 59 60 61 62 63 64 65 66 67 68 69 118 119 120 121 123 125 126,37329.0,False
base,active,458628.0,468124.0,468340.0,7 8 9 22 23 39 40 41 49 50 51 55 56 57 59 60 61 62 63 64 65 66 67 68 69 118 119 120 121 123 125 126,37363.0,False
base,active,,468340.0,468640.0,7 8 9 22 23 39 40 41 49 50 51 55 56 57 59 60 61 62 63 64 65 66 67 68 69 118,-1.0,
base,active,467949.0,468340.0,470357.0,119 120,37379.0,False
base,active,467927.0,468340.0,470377.0,121 123 125 126,37378.0,False
base,switching_off,,468640.0,470440.0,7 8 9 22 23 39 40 41 49 50 51 55 56 57 59 60 61 62 63 64 65 66 67 68 69 118,-2.0,
base,active,,469926.0,470041.0,85 86 87 88,-1.0,
base,active,,469926.0,470062.0,83 84,-1.0,
base,active,,469926.0,470226.0,24 30 42 43 44 45 46 47 48 52 53 54 58 70 71 72 73 74 75 76 77 78 79 80 81 82,-1.0,
base,active,,469926.0,472626.0,89 90 91 92 93 94 95 96 97 98 99 100 101 102 103 104 105 106 107 108 109 110 111 112 113 114 115 116 117 122 124 127,-1.0,
base,switching_on,,469926.0,472626.0,0 1 2 3 4 5 6 10 11 12 13 14 15 16 17 18 19 20 21 25 26 27 28 29 31 32 33 34 35 36 37 38,-3.0,
base,active,470041.0,470041.0,471666.0,85 86 87 88,37380.0,False
base,active,470062.0,470062.0,471663.0,83 84,37381.0,False
base,switching_off,,470226.0,472026.0,24 30 42 43 44 45 46 47 48 52 53 54 58 70 71 72 73 74 75 76 77 78 79 80 81 82,-2.0,
base,active,,470357.0,470657.0,119 120,-1.0,
base,active,,470377.0,470677.0,121 123 125 126,-1.0,
base,sleeping,,470440.0,473914.0,7 8 9 22 23 39 40 41 49 50 51 55 56 57 59 60 61 62 63 64 65 66 67 68 69 118,-4.0,
base,switching_off,,470657.0,472457.0,119 120,-2.0,
base,switching_off,,470677.0,472477.0,121 123 125 126,-2.0,
base,active,,471663.0,471963.0,83 84,-1.0,
base,active,,471666.0,471966.0,85 86 87 88,-1.0,
base,switching_off,,471963.0,473763.0,83 84,-2.0,
base,switching_off,,471966.0,473766.0,85 86 87 88,-2.0,
base,sleeping,,472026.0,473914.0,24 30 42 43 44 45 46 47 48 52 53 54 58 70 71 72 73 74 75 76 77 78 79 80 81 82,-4.0,
base,sleeping,,472457.0,473914.0,119 120,-4.0,
base,sleeping,,472477.0,473914.0,121 123 125 126,-4.0,
base,active,442814.0,472626.0,473042.0,0 1 2 3 4 5 6 10 11 12 13 14 15 16 17 18 19 20 21 25 26 27 28 29 31 32 33 34 35 36 37 38 89 90 91 92 93 94 95 96 97 98 99 100 101 102 103 104 105 106 107 108 109 110 111 112 113 114 115 116 117 122 124 127,37191.0,False
base,active,444416.0,473042.0,473914.0,0 1 2 3 4 5 6 10 11 12 13 14 15 16 17 18 19 20 21 25 26 27 28 29 31 32 33 34 35 36 37 38 89 90 91 92 93 94 95 96 97 98 99 100 101 102 103 104 105 106 107 108 109 110 111 112 113 114 115 116 117 122 124 127,37211.0,False
base,sleeping,,473763.0,473914.0,83 84,-4.0,
base,sleeping,,473766.0,473914.0,85 86 87 88,-4.0,
base,active,,473914.0,476614.0,0 1 2 3 4 5 6 10 11 12 13 14 15 16 17 18 19 20 21 25 26 27 28 29 31 32 33 34 35 36 37 38 89 90 91 92 93 94 95 96 97 98 99 100 101 102 103 104 105 106 107 108 109 110 111 112 113 114 115 116 117 122 124 127,-1.0,
base,switching_on,,473914.0,476614.0,7 8 9 22 23 24 30 39 40 41 42 43 44 45 46 47 48 49 50 51 52 53 54 55 56 57 58 59 60 61 62 63 64 65 66 67 68 69 70 71 72 73 74 75 76 77 78 79 80 81 82 83 84 85 86 87 88 118 119 120 121 123 125 126,-3.0,
base,active,384404.0,476614.0,476719.0,0 1 2 3 4 5 6 7 8 9 10 11 12 13 14 15 16 17 18 19 20 21 22 23 24 25 26 27 28 29 30 31 32 33 34 35 36 37 38 39 40 41 42 43 44 45 46 47 48 49 50 51 52 53 54 55 56 57 58 59 60 61 62 63 64 65 66 67 68 69 70 71 72 73 74 75 76 77 78 79 80 81 82 83 84 85 86 87 88 89 90 91 92 93 94 95 96 97 98 99 100 101 102 103 104 105 106 107 108 109 110 111 112 113 114 115 116 117 118 119 120 121 122 123 124 125 126 127,36684.0,False
base,active,,476719.0,477019.0,64 65 66 67 68 69 70 71 72 73 74 75 76 77 78 79 80 81,-1.0,
base,active,439923.0,476719.0,482668.0,82 83 84 85 86 87 88 89,37162.0,False
base,active,439893.0,476719.0,482697.0,90 91 92 93 94 95 96 97 98 99 100 101 102 103 104 105 106 107 108 109 110 111 112 113 114 115 116 117 118 119 120 121,37161.0,False
base,active,438540.0,476719.0,483805.0,122 123,37153.0,False
base,active,438512.0,476719.0,483833.0,124 125 126 127,37152.0,False
base,active,384513.0,476719.0,487643.0,0 1 2 3 4 5 6 7 8 9 10 11 12 13 14 15 16 17 18 19 20 21 22 23 24 25 26 27 28 29 30 31 32 33 34 35 36 37 38 39 40 41 42 43 44 45 46 47 48 49 50 51 52 53 54 55 56 57 58 59 60 61 62 63,36685.0,False
base,switching_off,,477019.0,478819.0,64 65 66 67 68 69 70 71 72 73 74 75 76 77 78 79 80 81,-2.0,
base,sleeping,,478819.0,487643.0,64 65 66 67 68 69 70 71 72 73 74 75 76 77 78 79 80 81,-4.0,
base,active,,482668.0,482968.0,82 83 84 85 86 87 88 89,-1.0,
base,active,,482697.0,482997.0,90 91 92 93 94 95 96 97 98 99 100 101 102 103 104 105 106 107 108 109 110 111 112 113 114 115 116 117 118 119 120 121,-1.0,
base,switching_off,,482968.0,484768.0,82 83 84 85 86 87 88 89,-2.0,
base,switching_off,,482997.0,484797.0,90 91 92 93 94 95 96 97 98 99 100 101 102 103 104 105 106 107 108 109 110 111 112 113 114 115 116 117 118 119 120 121,-2.0,
base,active,,483805.0,484105.0,122 123,-1.0,
base,active,,483833.0,484133.0,124 125 126 127,-1.0,
base,switching_off,,484105.0,485905.0,122 123,-2.0,
base,switching_off,,484133.0,485933.0,124 125 126 127,-2.0,
base,sleeping,,484768.0,487643.0,82 83 84 85 86 87 88 89,-4.0,
base,sleeping,,484797.0,487643.0,90 91 92 93 94 95 96 97 98 99 100 101 102 103 104 105 106 107 108 109 110 111 112 113 114 115 116 117 118 119 120 121,-4.0,
base,sleeping,,485905.0,487643.0,122 123,-4.0,
base,sleeping,,485933.0,487643.0,124 125 126 127,-4.0,
base,active,,487643.0,490343.0,0 1 2 3 4 5 6 7 8 9 10 11 12 13 14 15 16 17 18 19 20 21 22 23 24 25 26 27 28 29 30 31 32 33 34 35 36 37 38 39 40 41 42 43 44 45 46 47 48 49 50 51 52 53 54 55 56 57 58 59 60 61 62 63,-1.0,
base,switching_on,,487643.0,490343.0,64 65 66 67 68 69 70 71 72 73 74 75 76 77 78 79 80 81 82 83 84 85 86 87 88 89 90 91 92 93 94 95 96 97 98 99 100 101 102 103 104 105 106 107 108 109 110 111 112 113 114 115 116 117 118 119 120 121 122 123 124 125 126 127,-3.0,
base,active,395445.0,490343.0,490432.0,0 1 2 3 4 5 6 7 8 9 10 11 12 13 14 15 16 17 18 19 20 21 22 23 24 25 26 27 28 29 30 31 32 33 34 35 36 37 38 39 40 41 42 43 44 45 46 47 48 49 50 51 52 53 54 55 56 57 58 59 60 61 62 63 64 65 66 67 68 69 70 71 72 73 74 75 76 77 78 79 80 81 82 83 84 85 86 87 88 89 90 91 92 93 94 95 96 97 98 99 100 101 102 103 104 105 106 107 108 109 110 111 112 113 114 115 116 117 118 119 120 121 122 123 124 125 126 127,36762.0,False
base,active,395538.0,490432.0,501356.0,0 1 2 3 4 5 6 7 8 9 10 11 12 13 14 15 16 17 18 19 20 21 22 23 24 25 26 27 28 29 30 31 32 33 34 35 36 37 38 39 40 41 42 43 44 45 46 47 48 49 50 51 52 53 54 55 56 57 58 59 60 61 62 63 64 65 66 67 68 69 70 71 72 73 74 75 76 77 78 79 80 81 82 83 84 85 86 87 88 89 90 91 92 93 94 95 96 97 98 99 100 101 102 103 104 105 106 107 108 109 110 111 112 113 114 115 116 117 118 119 120 121 122 123 124 125 126 127,36763.0,False
base,active,411996.0,501356.0,501384.0,0 1 2 3 4 5 6 7 8 9 10 11 12 13 14 15 16 17 18 19 20 21 22 23 24 25 26 27 28 29 30 31 32 33 34 35 36 37 38 39 40 41 42 43 44 45 46 47 48 49 50 51 52 53 54 55 56 57 58 59 60 61 62 63 64 65 66 67 68 69 70 71 72 73 74 75 76 77 78 79 80 81 82 83 84 85 86 87 88 89 90 91 92 93 94 95 96 97 98 99 100 101 102 103 104 105 106 107 108 109 110 111 112 113 114 115 116 117 118 119 120 121 122 123 124 125 126 127,36836.0,False
base,active,412106.0,501384.0,501836.0,0 1 2 3 4 5 6 7 8 9 10 11 12 13 14 15 16 17 18 19 20 21 22 23 24 25 26 27 28 29 30 31 32 33 34 35 36 37 38 39 40 41 42 43 44 45 46 47 48 49 50 51 52 53 54 55 56 57 58 59 60 61 62 63 64 65 66 67 68 69 70 71 72 73 74 75 76 77 78 79 80 81 82 83 84 85 86 87 88 89 90 91 92 93 94 95 96 97 98 99 100 101 102 103 104 105 106 107 108 109 110 111 112 113 114 115 116 117 118 119 120 121 122 123 124 125 126 127,36837.0,False
base,active,414711.0,501836.0,501914.0,0 1 2 3 4 5 6 7 8 9 10 11 12 13 14 15 16 17 18 19 20 21 22 23 24 25 26 27 28 29 30 31 32 33 34 35 36 37 38 39 40 41 42 43 44 45 46 47 48 49 50 51 52 53 54 55 56 57 58 59 60 61 62 63 64 65 66 67 68 69 70 71 72 73 74 75 76 77 78 79 80 81 82 83 84 85 86 87 88 89 90 91 92 93 94 95 96 97 98 99 100 101 102 103 104 105 106 107 108 109 110 111 112 113 114 115 116 117 118 119 120 121 122 123 124 125 126 127,36868.0,False
base,active,414857.0,501914.0,502000.0,0 1 2 3 4 5 6 7 8 9 10 11 12 13 14 15 16 17 18 19 20 21 22 23 24 25 26 27 28 29 30 31 32 33 34 35 36 37 38 39 40 41 42 43 44 45 46 47 48 49 50 51 52 53 54 55 56 57 58 59 60 61 62 63 64 65 66 67 68 69 70 71 72 73 74 75 76 77 78 79 80 81 82 83 84 85 86 87 88 89 90 91 92 93 94 95 96 97 98 99 100 101 102 103 104 105 106 107 108 109 110 111 112 113 114 115 116 117 118 119 120 121 122 123 124 125 126 127,36869.0,False
base,active,501071.0,502000.0,502062.0,120 121 122 123 124 125 126 127,37605.0,False
base,active,445386.0,502000.0,502796.0,0 1 2 3 4 5 6 7 8 9 10 11 12 13 14 15 16 17 18 19 20 21 22 23 24 25 26 27 28 29 30 31 32 33 34 35 36 37 38 39 40 41 42 43 44 45 46 47 48 49 50 51 52 53 54 55 56 57 58 59 60 61 62 63,37224.0,False
base,active,446093.0,502000.0,513022.0,96 97 98 99 100 101 102 103,37232.0,False
base,active,446061.0,502000.0,513052.0,64 65 66 67 68 69 70 71 72 73 74 75 76 77 78 79 80 81 82 83 84 85 86 87 88 89 90 91 92 93 94 95,37230.0,False
base,active,449112.0,502000.0,513166.0,104 105 106 107 108 109 110 111 112 113 114 115 116 117 118 119,37287.0,False
base,active,501211.0,502062.0,502106.0,120 121 122 123,37608.0,False
base,active,,502062.0,502106.0,124 125 126 127,-1.0,
base,active,501295.0,502106.0,502158.0,120 121 122 123 124 125 126 127,37610.0,False
base,active,,502158.0,502458.0,120 121 122 123 124 125 126 127,-1.0,
base,switching_off,,502458.0,504258.0,120 121 122 123 124 125 126 127,-2.0,
base,active,446367.0,502796.0,503562.0,0 1 2 3 4 5 6 7 8 9 10 11 12 13 14 15 16 17 18 19 20 21 22 23 24 25 26 27 28 29 30 31 32 33 34 35 36 37 38 39 40 41 42 43 44 45 46 47 48 49 50 51 52 53 54 55 56 57 58 59 60 61 62 63,37240.0,False
base,active,447307.0,503562.0,503822.0,0 1 2 3 4 5 6 7 8 9 10 11 12 13 14 15 16 17 18 19 20 21 22 23 24 25 26 27 28 29 30 31 32 33 34 35 36 37 38 39 40 41 42 43 44 45 46 47 48 49 50 51 52 53 54 55 56 57 58 59 60 61 62 63,37257.0,False
base,active,447665.0,503822.0,504331.0,0 1 2 3 4 5 6 7 8 9 10 11 12 13 14 15 16 17 18 19 20 21 22 23 24 25 26 27 28 29 30 31 32 33 34 35 36 37 38 39 40 41 42 43 44 45 46 47 48 49 50 51 52 53 54 55 56 57 58 59 60 61 62 63,37264.0,False
base,sleeping,,504258.0,504331.0,127,-4.0,
base,switching_on,,504258.0,506958.0,120 121 122 123 124 125 126,-3.0,
base,active,,504331.0,504631.0,32,-1.0,
base,active,,504331.0,507031.0,33 34 35 36 37 38 39 40 41 42 43 44 45 46 47 48 49 50 51 52 53 54 55 56 57 58 59 60 61 62 63,-1.0,
base,switching_on,,504331.0,507031.0,127,-3.0,
base,active,449401.0,504331.0,515208.0,0 1 2 3 4 5 6 7 8 9 10 11 12 13 14 15 16 17 18 19 20 21 22 23 24 25 26 27 28 29 30 31,37292.0,False
base,switching_off,,504631.0,506431.0,32,-2.0,
base,sleeping,,506431.0,507031.0,32,-4.0,
base,active,503274.0,506958.0,506962.0,122,37642.0,False
base,active,503337.0,506958.0,506978.0,124,37644.0,False
base,active,503278.0,506958.0,506979.0,123,37643.0,False
base,active,503417.0,506958.0,506982.0,125,37645.0,False
base,active,502773.0,506958.0,506985.0,121,37634.0,False
base,active,502547.0,506958.0,506998.0,120,37630.0,False
base,active,503789.0,506958.0,507093.0,126,37650.0,False
base,active,,506962.0,507031.0,122,-1.0,
base,active,,506978.0,507031.0,124,-1.0,
base,active,,506979.0,507031.0,123,-1.0,
base,active,,506982.0,507031.0,125,-1.0,
base,active,,506985.0,507031.0,121,-1.0,
base,active,,506998.0,507031.0,120,-1.0,
base,active,504637.0,507031.0,507054.0,120,37661.0,False
base,active,506248.0,507031.0,507084.0,125,37678.0,False
base,active,504705.0,507031.0,507103.0,121 122 123 124,37662.0,False
base,active,499301.0,507031.0,507119.0,33 34 35 36 37 38 39 40 41 42 43 44 45 46 47 48 49 50 51 52 53 54 55 56 57 58 59 60 61 62 63 127,37587.0,False
base,switching_on,,507031.0,509731.0,32,-3.0,
base,active,506333.0,507054.0,507072.0,120,37681.0,False
base,active,506375.0,507072.0,507090.0,120,37682.0,False
base,active,506614.0,507084.0,507129.0,125,37688.0,False
base,active,,507090.0,507119.0,120,-1.0,
base,active,,507093.0,507119.0,126,-1.0,
base,active,,507103.0,507119.0,121 122 123 124,-1.0,
base,active,500168.0,507119.0,507139.0,39 40 41 42 43 44 45 46 47 48 49 50 51 52 53 54 55 56 57 58 59 60 61 62 63 120 121 122 123 124 126 127,37595.0,False
base,active,,507119.0,507139.0,33 34 35 36 37 38,-1.0,
base,active,,507129.0,507139.0,125,-1.0,
base,active,500720.0,507139.0,507211.0,33 34 35 36 37 38 39 40 41 42 43 44 45 46 47 48,37602.0,False
base,active,,507139.0,507439.0,49 50 51 52 53 54 55,-1.0,
base,active,505499.0,507139.0,507604.0,56 57 58 59 60 61 62 63,37667.0,False
base,active,503186.0,507139.0,509598.0,120 121 122 123 124 125 126 127,37641.0,False
base,active,505076.0,507211.0,507617.0,33 34 35 36 37 38 39 40 41 42 43 44 45 46 47 48,37664.0,False
base,switching_off,,507439.0,509239.0,49 50 51 52 53 54 55,-2.0,
base,active,505890.0,507604.0,508054.0,56 57 58 59 60 61 62 63,37674.0,False
base,active,506112.0,507617.0,508033.0,33 34 35 36 37 38 39 40 41 42 43 44 45 46 47 48,37676.0,False
base,active,507794.0,508033.0,508299.0,41 42 43 44 45 46 47 48,37699.0,False
base,active,506603.0,508033.0,508603.0,33 34 35 36 37 38 39 40,37687.0,False
base,active,,508054.0,508159.0,56,-1.0,
base,active,,508054.0,508299.0,57 58 59 60 61 62 63,-1.0,
base,active,508159.0,508159.0,508173.0,56,37701.0,False
base,active,,508173.0,508299.0,56,-1.0,
base,active,507554.0,508299.0,508454.0,41 42 43 44 45 46 47 48 56 57 58 59 60 61 62 63,37695.0,False
base,active,508012.0,508454.0,508593.0,41 42 43 44 45 46 47 48 56 57 58 59 60 61 62 63,37700.0,False
base,active,508284.0,508593.0,508942.0,41 42 43 44 45 46 47 48 56 57 58 59 60 61 62 63,37703.0,False
base,active,508352.0,508603.0,508803.0,33 34 35 36 37 38 39 40,37705.0,False
base,active,508610.0,508803.0,508810.0,33,37707.0,False
base,active,508620.0,508803.0,508815.0,34,37708.0,False
base,active,,508803.0,509103.0,35 36 37 38 39 40,-1.0,
base,active,,508810.0,509110.0,33,-1.0,
base,active,,508815.0,509115.0,34,-1.0,
base,active,,508942.0,509242.0,41 42 43 44 45 46 47 48 56 57 58 59 60 61 62 63,-1.0,
base,switching_off,,509103.0,510903.0,35 36 37 38 39 40,-2.0,
base,switching_off,,509110.0,510910.0,33,-2.0,
base,switching_off,,509115.0,510915.0,34,-2.0,
base,sleeping,,509239.0,510472.0,49 50 51 52 53 54 55,-4.0,
base,switching_off,,509242.0,511042.0,41 42 43 44 45 46 47 48 56 57 58 59 60 61 62 63,-2.0,
base,active,509269.0,509598.0,509999.0,120 121 122 123,37714.0,False
base,active,509332.0,509598.0,510283.0,124 125 126 127,37715.0,False
base,active,506262.0,509731.0,509760.0,32,37680.0,False
base,active,,509760.0,509999.0,32,-1.0,
base,active,,509999.0,510148.0,123,-1.0,
base,active,509580.0,509999.0,512194.0,32 120 121 122,37718.0,False
base,active,510148.0,510148.0,510172.0,123,37724.0,False
base,active,,510172.0,510216.0,123,-1.0,
base,active,510216.0,510216.0,510237.0,123,37726.0,False
base,active,,510237.0,510283.0,123,-1.0,
base,active,,510283.0,510317.0,125,-1.0,
base,active,,510283.0,510349.0,126,-1.0,
base,active,,510283.0,510583.0,127,-1.0,
base,active,509603.0,510283.0,512458.0,123 124,37719.0,False
base,active,510317.0,510317.0,510375.0,125,37731.0,False
base,active,510349.0,510349.0,510418.0,126,37732.0,False
base,active,,510375.0,510380.0,125,-1.0,
base,active,510380.0,510380.0,510426.0,125,37734.0,False
base,active,,510418.0,510718.0,126,-1.0,
base,active,,510426.0,513172.0,125,-1.0,
base,switching_on,,510472.0,513172.0,49 50 51 52 53 54 55,-3.0,
base,switching_off,,510583.0,512383.0,127,-2.0,
base,switching_off,,510718.0,512518.0,126,-2.0,
base,switching_on,,510903.0,513603.0,35 36 37 38 39 40,-3.0,
base,sleeping,,510910.0,511042.0,33,-4.0,
base,sleeping,,510915.0,511042.0,34,-4.0,
base,sleeping,,511042.0,511561.0,62,-4.0,
base,switching_on,,511042.0,513742.0,33 34 41 42 43 44 45 46 47 48 56 57 58 59 60 61,-3.0,
base,sleeping,,511042.0,514725.0,63,-4.0,
base,switching_on,,511561.0,514261.0,62,-3.0,
base,active,512152.0,512194.0,512231.0,32 120 121 122,37767.0,False
base,active,512173.0,512231.0,512260.0,32 120,37769.0,False
base,active,,512231.0,512531.0,121 122,-1.0,
base,active,,512260.0,512560.0,32 120,-1.0,
base,sleeping,,512383.0,513660.0,127,-4.0,
base,active,,512458.0,512744.0,123,-1.0,
base,active,,512458.0,512758.0,124,-1.0,
base,sleeping,,512518.0,514725.0,126,-4.0,
base,switching_off,,512531.0,514331.0,121 122,-2.0,
base,switching_off,,512560.0,514360.0,32 120,-2.0,
base,active,512744.0,512744.0,512759.0,123,37781.0,False
base,switching_off,,512758.0,514558.0,124,-2.0,
base,active,,512759.0,513059.0,123,-1.0,
base,active,,513022.0,513264.0,96 97 98 99 100 101 102 103,-1.0,
base,active,,513052.0,513264.0,64 65 66 67 68 69 70 71 72 73 74 75 76 77 78 79 80 81 82 83 84 85 86 87 88 89 90 91 92 93 94 95,-1.0,
base,switching_off,,513059.0,514859.0,123,-2.0,
base,active,,513166.0,513264.0,104 105 106 107 108 109 110 111 112 113 114 115 116 117 118 119,-1.0,
base,active,509391.0,513172.0,513264.0,49 50 51 52 53 54 55 125,37717.0,False
base,active,467042.0,513264.0,517879.0,49 50 51 52 53 54 55 64 65 66 67 68 69 70 71 72 73 74 75 76 77 78 79 80 81 82 83 84 85 86 87 88 89 90 91 92 93 94 95 96 97 98 99 100 101 102 103 104 105 106 107 108 109 110 111 112 113 114 115 116 117 118 119 125,37377.0,False
base,active,510823.0,513603.0,513628.0,40,37748.0,False
base,active,510756.0,513603.0,513639.0,39,37745.0,False
base,active,509945.0,513603.0,513992.0,35 36 37 38,37722.0,False
base,active,,513628.0,513928.0,40,-1.0,
base,active,,513639.0,513939.0,39,-1.0,
base,switching_on,,513660.0,516360.0,127,-3.0,
base,active,509823.0,513742.0,513829.0,33 34 41 42 43 44 45 46,37721.0,False
base,active,510434.0,513742.0,514186.0,47 48 56 57 58 59 60 61,37735.0,False
base,active,,513829.0,513831.0,41 42,-1.0,
base,active,,513829.0,514129.0,33 34,-1.0,
base,active,513804.0,513829.0,515902.0,43 44 45 46,37790.0,False
base,active,513831.0,513831.0,515879.0,41 42,37791.0,False
base,switching_off,,513928.0,515728.0,40,-2.0,
base,switching_off,,513939.0,515739.0,39,-2.0,
base,active,,513992.0,514292.0,35 36 37 38,-1.0,
base,switching_off,,514129.0,515929.0,33 34,-2.0,
base,active,,514186.0,514486.0,47 48 56 57 58 59 60 61,-1.0,
base,active,511561.0,514261.0,514581.0,62,37757.0,False
base,switching_off,,514292.0,516092.0,35 36 37 38,-2.0,
base,sleeping,,514331.0,514725.0,121 122,-4.0,
base,sleeping,,514360.0,514725.0,32 120,-4.0,
base,switching_off,,514486.0,516286.0,47 48 56 57 58 59 60 61,-2.0,
base,sleeping,,514558.0,514725.0,124,-4.0,
base,active,,514581.0,517425.0,62,-1.0,
base,switching_on,,514725.0,517425.0,32 63 120 121 122 124 126,-3.0,
base,sleeping,,514859.0,515110.0,123,-4.0,
base,switching_on,,515110.0,517810.0,123,-3.0,
base,active,500947.0,515208.0,515286.0,0 1 2 3 4 5 6 7 8 9 10 11 12 13 14 15 16 17 18 19 20 21 22 23 24 25 26 27 28 29 30 31,37604.0,False
base,active,501400.0,515286.0,515398.0,0 1 2 3 4 5 6 7 8 9 10 11 12 13 14 15 16 17 18 19 20 21 22 23 24 25 26 27 28 29 30 31,37613.0,False
base,active,501565.0,515398.0,515418.0,0 1 2 3 4 5 6 7 8 9 10 11 12 13 14 15 16 17 18 19 20 21 22 23 24 25 26 27 28 29 30 31,37615.0,False
base,active,501708.0,515418.0,515459.0,0 1 2 3 4 5 6 7 8 9 10 11 12 13 14 15 16 17 18 19 20 21 22 23 24 25 26 27 28 29 30 31,37616.0,False
base,active,501965.0,515459.0,515550.0,0 1 2 3 4 5 6 7 8 9 10 11 12 13 14 15 16 17 18 19 20 21 22 23 24 25 26 27 28 29 30 31,37622.0,False
base,active,502079.0,515550.0,515843.0,0 1 2 3 4 5 6 7 8 9 10 11 12 13 14 15 16 17 18 19 20 21 22 23 24 25 26 27 28 29 30 31,37623.0,False
base,sleeping,,515728.0,515843.0,40,-4.0,
base,sleeping,,515739.0,515843.0,39,-4.0,
base,active,,515843.0,515902.0,0 1,-1.0,
base,active,,515843.0,518543.0,2 3 4 5 6 7 8 9 10 11 12 13 14 15 16 17 18 19 20 21 22 23 24 25 26 27 28 29 30 31,-1.0,
base,switching_on,,515843.0,518543.0,39 40,-3.0,
base,active,,515879.0,515902.0,41 42,-1.0,
base,active,515113.0,515902.0,515951.0,0 1 41 42 43 44 45 46,37805.0,False
base,sleeping,,515929.0,516714.0,34,-4.0,
base,sleeping,,515929.0,516891.0,33,-4.0,
base,active,515211.0,515951.0,516414.0,0 1 41 42 43 44 45 46,37806.0,False
base,sleeping,,516092.0,516262.0,38,-4.0,
base,sleeping,,516092.0,516714.0,35 36 37,-4.0,
base,switching_on,,516262.0,518962.0,38,-3.0,
base,sleeping,,516286.0,516714.0,47 48 56 57 58 59 60 61,-4.0,
base,active,513660.0,516360.0,516368.0,127,37788.0,False
base,active,,516368.0,516414.0,127,-1.0,
base,active,,516414.0,516714.0,0,-1.0,
base,active,515725.0,516414.0,516891.0,1 41 42 43 44 45 46 127,37809.0,False
base,switching_off,,516714.0,518514.0,0,-2.0,
base,switching_on,,516714.0,519414.0,34 35 36 37 47 48 56 57 58 59 60 61,-3.0,
base,active,,516891.0,517191.0,1,-1.0,
base,active,,516891.0,519591.0,41 42 43 44 45 46 127,-1.0,
base,switching_on,,516891.0,519591.0,33,-3.0,
base,switching_off,,517191.0,518991.0,1,-2.0,
base,active,514725.0,517425.0,517498.0,32 62 63 120 121 122 124 126,37800.0,False
base,active,517428.0,517498.0,517533.0,32 62 63 120 121 122 124 126,37824.0,False
base,active,,517533.0,517820.0,126,-1.0,
base,active,,517533.0,517833.0,32 62 63 120 121 122 124,-1.0,
base,active,515110.0,517810.0,517827.0,123,37804.0,False
base,active,517820.0,517820.0,519380.0,126,37831.0,False
base,active,,517827.0,517879.0,123,-1.0,
base,switching_off,,517833.0,519633.0,32 62 63 120 121 122 124,-2.0,
base,active,502729.0,517879.0,518022.0,90 91 92 93 94 95 96 97 98 99 100 101 102 103 104 105 106 107 108 109 110 111 112 113 114 115 116 117 118 119 123 125,37633.0,False
base,active,,517879.0,518179.0,49,-1.0,
base,active,503164.0,517879.0,520360.0,50 51 52 53 54 55 64 65 66 67 68 69 70 71 72 73 74 75 76 77 78 79 80 81 82 83 84 85 86 87 88 89,37640.0,False
base,active,505868.0,518022.0,518494.0,90 91 92 93 94 95 96 97 98 99 100 101 102 103 104 105 106 107 108 109 110 111 112 113 114 115 116 117 118 119 123 125,37673.0,False
base,switching_off,,518179.0,519979.0,49,-2.0,
base,active,506249.0,518494.0,518739.0,90 91 92 93 94 95 96 97 98 99 100 101 102 103 104 105 106 107 108 109 110 111 112 113 114 115 116 117 118 119 123 125,37679.0,False
base,sleeping,,518514.0,518549.0,0,-4.0,
base,active,502684.0,518543.0,518549.0,2 3 4 5 6 7 8 9 10 11 12 13 14 15 16 17 18 19 20 21 22 23 24 25 26 27 28 29 30 31 39 40,37631.0,False
base,active,,518549.0,518849.0,2,-1.0,
base,active,,518549.0,521249.0,3 4 5 6 7 8 9 10 11 12 13 14 15 16 17 18 19 20 21 22 23 24 25 26 27 28 29 30 31 39 40,-1.0,
base,switching_on,,518549.0,521249.0,0,-3.0,
base,active,507620.0,518739.0,518771.0,90 91 92 93 94 95 96 97 98 99 100 101 102 103 104 105 106 107 108 109 110 111 112 113 114 115 116 117 118 119 123 125,37696.0,False
base,active,507756.0,518771.0,519073.0,90 91 92 93 94 95 96 97 98 99 100 101 102 103 104 105 106 107 108 109 110 111 112 113 114 115 116 117 118 119 123 125,37697.0,False
base,switching_off,,518849.0,520649.0,2,-2.0,
base,active,516262.0,518962.0,518971.0,38,37816.0,False
base,active,,518971.0,519271.0,38,-1.0,
base,sleeping,,518991.0,519073.0,1,-4.0,
base,active,,519073.0,519373.0,90,-1.0,
base,active,,519073.0,521773.0,91 92 93 94 95 96 97 98 99 100 101 102 103 104 105 106 107 108 109 110 111 112 113 114 115 116 117 118 119 123 125,-1.0,
base,switching_on,,519073.0,521773.0,1,-3.0,
base,switching_off,,519271.0,521071.0,38,-2.0,
base,switching_off,,519373.0,521173.0,90,-2.0,
base,active,,519380.0,519519.0,126,-1.0,
base,active,516545.0,519414.0,519451.0,34 35 36 37,37818.0,False
base,active,515869.0,519414.0,519523.0,47 48 56 57 58 59 60 61,37811.0,False
base,active,,519451.0,519751.0,34 35 36 37,-1.0,
base,active,519519.0,519519.0,519608.0,126,37843.0,False
base,active,518579.0,519523.0,519567.0,47 48 56 57 58 59 60 61,37834.0,False
base,active,518736.0,519567.0,519608.0,47 48 56 57 58 59 60 61,37835.0,False
base,active,516785.0,519591.0,520077.0,33 41 42 43 44 45 46 127,37821.0,False
base,active,,519608.0,522333.0,47 48 56 57 58 59 60 61 126,-1.0,
base,switching_on,,519633.0,522333.0,32 62 63 120 121 122 124,-3.0,
base,switching_off,,519751.0,521551.0,34 35 36 37,-2.0,
base,sleeping,,519979.0,520041.0,49,-4.0,
base,switching_on,,520041.0,522741.0,49,-3.0,
base,active,,520077.0,520360.0,127,-1.0,
base,active,,520077.0,520377.0,33 41 42 43 44 45 46,-1.0,
base,active,509339.0,520360.0,520502.0,51 52 53 54 55 64 65 66 67 68 69 70 71 72 73 74 75 76 77 78 79 80 81 82 83 84 85 86 87 88 89 127,37716.0,False
base,active,,520360.0,520660.0,50,-1.0,
base,switching_off,,520377.0,522177.0,33 41 42 43 44 45 46,-2.0,
base,active,510134.0,520502.0,520523.0,51 52 53 54 55 64 65 66 67 68 69 70 71 72 73 74 75 76 77 78 79 80 81 82 83 84 85 86 87 88 89 127,37723.0,False
base,active,510257.0,520523.0,520683.0,51 52 53 54 55 64 65 66 67 68 69 70 71 72 73 74 75 76 77 78 79 80 81 82 83 84 85 86 87 88 89 127,37728.0,False
base,sleeping,,520649.0,520652.0,2,-4.0,
base,switching_on,,520652.0,523352.0,2,-3.0,
base,switching_off,,520660.0,522460.0,50,-2.0,
base,active,510620.0,520683.0,521081.0,51 52 53 54 55 64 65 66 67 68 69 70 71 72 73 74 75 76 77 78 79 80 81 82 83 84 85 86 87 88 89 127,37740.0,False
base,sleeping,,521071.0,521999.0,38,-4.0,
base,active,511144.0,521081.0,523616.0,51 52 53 54 55 64 65 66 67 68 69 70 71 72 73 74 75 76 77 78 79 80 81 82 83 84 85 86 87 88 89 127,37754.0,False
base,sleeping,,521173.0,521999.0,90,-4.0,
base,active,506573.0,521249.0,521848.0,0 3 4 5 6 7 8 9 10 11 12 13 14 15 16 17 18 19 20 21 22 23 24 25 26 27 28 29 30 31 39 40,37685.0,False
base,sleeping,,521551.0,521999.0,34 35 36 37,-4.0,
base,active,508324.0,521773.0,521999.0,1 91 92 93 94 95 96 97 98 99 100 101 102 103 104 105 106 107 108 109 110 111 112 113 114 115 116 117 118 119 123 125,37704.0,False
base,active,513728.0,521848.0,524380.0,0 3 4 5 6 7 8 9 10 11 12 13 14 15 16 17 18 19 20 21 22 23 24 25 26 27 28 29 30 31 39 40,37789.0,False
base,active,,521999.0,522007.0,1 91,-1.0,
base,active,521985.0,521999.0,524095.0,92 93 94 95,37860.0,False
base,active,,521999.0,524699.0,96 97 98 99 100 101 102 103 104 105 106 107 108 109 110 111 112 113 114 115 116 117 118 119 123 125,-1.0,
base,switching_on,,521999.0,524699.0,34 35 36 37 38 90,-3.0,
base,active,522007.0,522007.0,524083.0,1 91,37861.0,False
base,sleeping,,522177.0,522254.0,46,-4.0,
base,sleeping,,522177.0,523374.0,33 41 42 43 44 45,-4.0,
base,switching_on,,522254.0,524954.0,46,-3.0,
base,active,510952.0,522333.0,522834.0,32 47 48 56 57 58 59 60 61 62 63 120 121 122 124 126,37752.0,False
base,sleeping,,522460.0,523374.0,50,-4.0,
base,active,520041.0,522741.0,522769.0,49,37845.0,False
base,active,,522769.0,522834.0,49,-1.0,
base,active,,522834.0,522935.0,32,-1.0,
base,active,518532.0,522834.0,523190.0,47 48 49 56 57 58 59 60 61 62 63 120 121 122 124 126,37833.0,False
base,active,522935.0,522935.0,522953.0,32,37873.0,False
base,active,,522953.0,523253.0,32,-1.0,
base,active,520072.0,523190.0,523535.0,47 48 49 56 57 58 59 60 61 62 63 120 121 122 124 126,37846.0,False
base,switching_off,,523253.0,525053.0,32,-2.0,
base,active,520652.0,523352.0,523374.0,2,37849.0,False
base,active,,523374.0,526074.0,2,-1.0,
base,switching_on,,523374.0,526074.0,33 41 42 43 44 45 50,-3.0,
base,active,521066.0,523535.0,523680.0,47 48 49 56 57 58 59 60 61 62 63 120 121 122 124 126,37856.0,False
base,active,514138.0,523616.0,523642.0,51 52 53 54 55 64 65 66 67 68 69 70 71 72 73 74 75 76 77 78 79 80 81 82 83 84 85 86 87 88 89 127,37794.0,False
base,active,514381.0,523642.0,523960.0,51 52 53 54 55 64 65 66 67 68 69 70 71 72 73 74 75 76 77 78 79 80 81 82 83 84 85 86 87 88 89 127,37798.0,False
base,active,521548.0,523680.0,524185.0,47 48 49 56 57 58 59 60 61 62 63 120 121 122 124 126,37858.0,False
base,active,516314.0,523960.0,524375.0,51 52 53 54 55 64 65 66 67 68 69 70 71 72 73 74 75 76 77 78 79 80 81 82 83 84 85 86 87 88 89 127,37817.0,False
base,active,523740.0,524083.0,524097.0,91,37879.0,False
base,active,,524083.0,524383.0,1,-1.0,
base,active,,524095.0,524185.0,92 93 94 95,-1.0,
base,active,,524097.0,524185.0,91,-1.0,
base,active,,524185.0,524326.0,57,-1.0,
base,active,522881.0,524185.0,524365.0,58 59 60 61 62 63 91 92 93 94 95 120 121 122 124 126,37872.0,False
base,active,,524185.0,524375.0,56,-1.0,
base,active,,524185.0,524380.0,47 48 49,-1.0,
base,active,524326.0,524326.0,524335.0,57,37889.0,False
base,active,,524335.0,524375.0,57,-1.0,
base,active,523083.0,524365.0,524666.0,58 59 60 61 62 63 91 92 93 94 95 120 121 122 124 126,37874.0,False
base,active,,524375.0,524380.0,51 52,-1.0,
base,active,516595.0,524375.0,524402.0,53 54 55 56 57 64 65 66 67 68 69 70 71 72 73 74 75 76 77 78 79 80 81 82 83 84 85 86 87 88 89 127,37819.0,False
base,active,,524380.0,524680.0,0 3 4 5 6,-1.0,
base,active,517747.0,524380.0,526013.0,7 8 9 10 11 12 13 14 15 16 17 18 19 20 21 22 23 24 25 26 27 28 29 30 31 39 40 47 48 49 51 52,37829.0,False
base,switching_off,,524383.0,526183.0,1,-2.0,
base,active,519449.0,524402.0,524559.0,53 54 55 56 57 64 65 66 67 68 69 70 71 72 73 74 75 76 77 78 79 80 81 82 83 84 85 86 87 88 89 127,37842.0,False
base,active,521743.0,524559.0,524638.0,53 54 55 56 57 64 65 66 67 68 69 70 71 72 73 74 75 76 77 78 79 80 81 82 83 84 85 86 87 88 89 127,37859.0,False
base,active,522131.0,524638.0,524770.0,53 54 55 56 57 64 65 66 67 68 69 70 71 72 73 74 75 76 77 78 79 80 81 82 83 84 85 86 87 88 89 127,37863.0,False
base,active,523850.0,524666.0,524758.0,58 59 60 61 62 63 91 92,37881.0,False
base,active,523330.0,524666.0,524762.0,93 94 95 120 121 122 124 126,37877.0,False
base,switching_off,,524680.0,526480.0,0 3 4 5 6,-2.0,
base,active,514051.0,524699.0,524723.0,34 35 36 37 38 90 96 97 98 99 100 101 102 103 104 105 106 107 108 109 110 111 112 113 114 115 116 117 118 119 123 125,37793.0,False
base,active,523309.0,524723.0,524838.0,34 35 36 37 38 90 96 97 98 99 100 101 102 103 104 105 106 107 108 109 110 111 112 113 114 115 116 117 118 119 123 125,37876.0,False
base,active,524207.0,524758.0,524786.0,58 59 60 61 62 63 91 92,37886.0,False
base,active,524244.0,524762.0,524844.0,93 94 95 120 121 122 124 126,37888.0,False
base,active,523824.0,524770.0,524886.0,53 54 55 56 57 64 65 66 67 68 69 70 71 72 73 74 75 76 77 78 79 80 81 82 83 84 85 86 87 88 89 127,37880.0,False
base,active,524582.0,524786.0,524907.0,58 59 60 61 62 63 91 92,37891.0,False
base,active,524797.0,524838.0,524870.0,102 103 104 105,37893.0,False
base,active,524837.0,524838.0,524909.0,98 99 100 101,37894.0,False
base,active,,524838.0,524909.0,34 35 36 37 38 90 96 97,-1.0,
base,active,524711.0,524838.0,525495.0,106 107 108 109 110 111 112 113 114 115 116 117 118 119 123 125,37892.0,False
base,active,,524844.0,524909.0,93 94 95 120 121 122 124 126,-1.0,
base,active,,524870.0,524909.0,102 103 104 105,-1.0,
base,active,,524886.0,524909.0,53 54 55 56 57 64 65 66 67 68 69 70 71 72 73 74 75 76 77 78 79 80 81 82 83 84 85 86 87 88 89 127,-1.0,
base,active,,524907.0,524909.0,58 59 60 61 62 63 91 92,-1.0,
base,active,503649.0,524909.0,527503.0,34 35 36 37 38 53 54 55 56 57 58 59 60 61 62 63 64 65 66 67 68 69 70 71 72 73 74 75 76 77 78 79 80 81 82 83 84 85 86 87 88 89 90 91 92 93 94 95 96 97 98 99 100 101 102 103 104 105 120 121 122 124 126 127,37648.0,False
base,active,522254.0,524954.0,524980.0,46,37865.0,False
base,active,,524980.0,525280.0,46,-1.0,
base,sleeping,,525053.0,525245.0,32,-4.0,
base,switching_on,,525245.0,527945.0,32,-3.0,
base,switching_off,,525280.0,527080.0,46,-2.0,
base,active,525299.0,525495.0,525513.0,117,37898.0,False
base,active,524993.0,525495.0,525558.0,118 119 123 125,37896.0,False
base,active,,525495.0,525795.0,106 107 108 109 110,-1.0,
base,active,525344.0,525495.0,528603.0,111 112,37901.0,False
base,active,525321.0,525495.0,528623.0,113 114 115 116,37899.0,False
base,active,,525513.0,525813.0,117,-1.0,
base,active,,525558.0,525649.0,118 119 123 125,-1.0,
base,active,525649.0,525649.0,525749.0,118 119 123 125,37903.0,False
base,active,,525749.0,526013.0,118 119 123 125,-1.0,
base,switching_off,,525795.0,527595.0,106 107 108 109 110,-2.0,
base,switching_off,,525813.0,527613.0,117,-2.0,
base,active,,526013.0,526147.0,10,-1.0,
base,active,525414.0,526013.0,526199.0,27 28 29 30 31 39 40 47 48 49 51 52 118 119 123 125,37902.0,False
base,active,,526013.0,526313.0,7 8 9,-1.0,
base,active,525745.0,526013.0,526379.0,11 12 13 14 15 16 17 18 19 20 21 22 23 24 25 26,37905.0,False
base,active,522152.0,526074.0,526187.0,2 33 41 42 43 44 45 50,37864.0,False
base,active,526147.0,526147.0,526163.0,10,37911.0,False
base,active,,526163.0,526166.0,10,-1.0,
base,active,526166.0,526166.0,526177.0,10,37912.0,False
base,active,,526177.0,526477.0,10,-1.0,
base,sleeping,,526183.0,526199.0,1,-4.0,
base,active,,526187.0,526487.0,2 33,-1.0,
base,active,,526187.0,528899.0,41 42 43 44 45 50,-1.0,
base,active,,526199.0,526499.0,27 28 29 30 31 39 40,-1.0,
base,active,,526199.0,528899.0,47 48 49 51 52 118 119 123 125,-1.0,
base,switching_on,,526199.0,528899.0,1,-3.0,
base,switching_off,,526313.0,528113.0,7 8 9,-2.0,
base,active,,526379.0,526679.0,11 12 13 14 15 16 17 18 19 20 21 22 23 24 25 26,-1.0,
base,switching_off,,526477.0,528277.0,10,-2.0,
base,sleeping,,526480.0,528287.0,0 3 4 5 6,-4.0,
base,switching_off,,526487.0,528287.0,2 33,-2.0,
base,switching_off,,526499.0,528299.0,27 28 29 30 31 39 40,-2.0,
base,switching_off,,526679.0,528479.0,11 12 13 14 15 16 17 18 19 20 21 22 23 24 25 26,-2.0,
base,sleeping,,527080.0,528287.0,46,-4.0,
base,active,506726.0,527503.0,528932.0,34 35 36 37 38 53 54 55 56 57 58 59 60 61 62 63 64 65 66 67 68 69 70 71 72 73 74 75 76 77 78 79 80 81 82 83 84 85 86 87 88 89 90 91 92 93 94 95 96 97 98 99 100 101 102 103 104 105 120 121 122 124 126 127,37691.0,False
base,sleeping,,527595.0,527665.0,110,-4.0,
base,sleeping,,527595.0,527683.0,109,-4.0,
base,sleeping,,527595.0,528287.0,106 107 108,-4.0,
base,sleeping,,527613.0,527633.0,117,-4.0,
base,switching_on,,527633.0,530333.0,117,-3.0,
base,switching_on,,527665.0,530365.0,110,-3.0,
base,switching_on,,527683.0,530383.0,109,-3.0,
base,active,525245.0,527945.0,527987.0,32,37897.0,False
base,active,,527987.0,530987.0,32,-1.0,
base,sleeping,,528113.0,528287.0,7 8 9,-4.0,
base,sleeping,,528277.0,528287.0,10,-4.0,
base,switching_on,,528287.0,530987.0,0 2 3 4 5 6 7 8 9 10 33 46 106 107 108,-3.0,
base,sleeping,,528299.0,528903.0,27 28 29 30 31 39 40,-4.0,
base,sleeping,,528479.0,528903.0,18 19 20 21 22 23 24 25 26,-4.0,
base,sleeping,,528479.0,528932.0,11 12 13 14 15 16 17,-4.0,
base,active,,528603.0,528903.0,111 112,-1.0,
base,active,,528623.0,528923.0,113 114 115 116,-1.0,
base,active,526118.0,528899.0,529298.0,1 41 42 43 44 45 47 48 49 50 51 52 118 119 123 125,37910.0,False
base,switching_off,,528903.0,530703.0,111 112,-2.0,
base,switching_on,,528903.0,531603.0,18 19 20 21 22 23 24 25 26 27 28 29 30 31 39 40,-3.0,
base,switching_off,,528923.0,530723.0,113 114 115 116,-2.0,
base,active,,528932.0,528959.0,54,-1.0,
base,active,,528932.0,529043.0,37 38 53,-1.0,
base,active,,528932.0,529066.0,35 36,-1.0,
base,active,,528932.0,529129.0,34,-1.0,
base,active,,528932.0,531632.0,55 56 57 58 59 60 61 62 63 64 65 66 67 68 69 70 71 72 73 74 75 76 77 78 79 80 81 82 83 84 85 86 87 88 89 90 91 92 93 94 95 96 97 98 99 100 101 102 103 104 105 120 121 122 124 126 127,-1.0,
base,switching_on,,528932.0,531632.0,11 12 13 14 15 16 17,-3.0,
base,active,528959.0,528959.0,529005.0,54,37935.0,False
base,active,,529005.0,529018.0,54,-1.0,
base,active,529018.0,529018.0,529037.0,54,37937.0,False
base,active,,529037.0,529043.0,54,-1.0,
base,active,529043.0,529043.0,532156.0,37 38 53 54,37938.0,False
base,active,529066.0,529066.0,532158.0,35 36,37940.0,False
base,active,529129.0,529129.0,529165.0,34,37941.0,False
base,active,529132.0,529165.0,529191.0,34,37942.0,False
base,active,,529191.0,529298.0,34,-1.0,
base,active,,529298.0,529358.0,1,-1.0,
base,active,527477.0,529298.0,529391.0,34 41 42 43 44 45 47 48 49 50 51 52 118 119 123 125,37921.0,False
base,active,529358.0,529358.0,529382.0,1,37945.0,False
base,active,,529382.0,529682.0,1,-1.0,
base,active,527821.0,529391.0,529449.0,34 41 42 43 44 45 47 48 49 50 51 52 118 119 123 125,37928.0,False
base,active,527884.0,529449.0,529585.0,34 41 42 43 44 45 47 48 49 50 51 52 118 119 123 125,37929.0,False
base,active,528300.0,529585.0,529662.0,34 41 42 43 44 45 47 48 49 50 51 52 118 119 123 125,37931.0,False
base,active,529479.0,529662.0,529745.0,34 41 42 43 44 45 47 48 49 50 51 52 118 119 123 125,37947.0,False
base,switching_off,,529682.0,531482.0,1,-2.0,
base,active,,529745.0,530045.0,34 41 42 43 44 45 47 48 49 50 51 52 118 119 123 125,-1.0,
base,switching_off,,530045.0,531845.0,34 41 42 43 44 45 47 48 49 50 51 52 118 119 123 125,-2.0,
base,active,527633.0,530333.0,530348.0,117,37924.0,False
base,active,,530348.0,530648.0,117,-1.0,
base,active,527665.0,530365.0,530371.0,110,37925.0,False
base,active,,530371.0,530671.0,110,-1.0,
base,active,527683.0,530383.0,530397.0,109,37927.0,False
base,active,,530397.0,530697.0,109,-1.0,
base,switching_off,,530648.0,532448.0,117,-2.0,
base,switching_off,,530671.0,532471.0,110,-2.0,
base,switching_off,,530697.0,532497.0,109,-2.0,
base,sleeping,,530703.0,531094.0,111 112,-4.0,
base,switching_on,,530723.0,533423.0,113 114 115 116,-3.0,
base,active,526827.0,530987.0,531094.0,0 2 3 4 5 6 7 8 9 10 32 33 46 106 107 108,37915.0,False
base,active,,531094.0,531175.0,3 4 5 6 7 8 9 10,-1.0,
base,active,,531094.0,531394.0,0 2,-1.0,
base,active,,531094.0,533794.0,32 33 46 106 107 108,-1.0,
base,switching_on,,531094.0,533794.0,111 112,-3.0,
base,active,531175.0,531175.0,531269.0,3 4 5 6 7 8 9 10,37961.0,False
base,active,,531269.0,531361.0,10,-1.0,
base,active,,531269.0,531569.0,3 4 5 6 7 8 9,-1.0,
base,active,531361.0,531361.0,531374.0,10,37963.0,False
base,active,,531374.0,531388.0,10,-1.0,
base,active,531388.0,531388.0,531397.0,10,37964.0,False
base,switching_off,,531394.0,533194.0,0 2,-2.0,
base,active,,531397.0,531697.0,10,-1.0,
base,sleeping,,531482.0,531739.0,1,-4.0,
base,switching_off,,531569.0,533369.0,3 4 5 6 7 8 9,-2.0,
base,active,527078.0,531603.0,531739.0,18 19 20 21 22 23 24 25 26 27 28 29 30 31 39 40,37917.0,False
base,active,508522.0,531632.0,531758.0,11 12 13 14 15 16 17 55 56 57 58 59 60 61 62 63 64 65 66 67 68 69 70 71 72 73 74 75 76 77 78 79 80 81 82 83 84 85 86 87 88 89 90 91 92 93 94 95 96 97 98 99 100 101 102 103 104 105 120 121 122 124 126 127,37706.0,False
base,switching_off,,531697.0,533497.0,10,-2.0,
base,active,,531739.0,531758.0,18,-1.0,
base,active,,531739.0,534439.0,19 20 21 22 23 24 25 26 27 28 29 30 31 39 40,-1.0,
base,switching_on,,531739.0,534439.0,1,-3.0,
base,active,,531758.0,532058.0,11,-1.0,
base,active,508711.0,531758.0,533193.0,12 13 14 15 16 17 18 55 56 57 58 59 60 61 62 63 64 65 66 67 68 69 70 71 72 73 74 75 76 77 78 79 80 81 82 83 84 85 86 87 88 89 90 91 92 93 94 95 96 97 98 99 100 101 102 103 104 105 120 121 122 124 126 127,37709.0,False
base,sleeping,,531845.0,531879.0,34 41 42 43 44 45 47 48 49 50 51 52 118 119 123 125,-4.0,
base,switching_on,,531879.0,534579.0,34 41 42 43 44 45 47 48 49 50 51 52 118 119 123 125,-3.0,
base,switching_off,,532058.0,533858.0,11,-2.0,
base,active,,532156.0,532456.0,37 38 53 54,-1.0,
base,active,,532158.0,532458.0,35 36,-1.0,
base,sleeping,,532448.0,532887.0,117,-4.0,
base,switching_off,,532456.0,534256.0,37 38 53 54,-2.0,
base,switching_off,,532458.0,534258.0,35 36,-2.0,
base,sleeping,,532471.0,532919.0,110,-4.0,
base,sleeping,,532497.0,532928.0,109,-4.0,
base,switching_on,,532887.0,535587.0,117,-3.0,
base,switching_on,,532919.0,535619.0,110,-3.0,
base,switching_on,,532928.0,535628.0,109,-3.0,
base,active,508716.0,533193.0,533338.0,12 13 14 15 16 17 18 55 56 57 58 59 60 61 62 63 64 65 66 67 68 69 70 71 72 73 74 75 76 77 78 79 80 81 82 83 84 85 86 87 88 89 90 91 92 93 94 95 96 97 98 99 100 101 102 103 104 105 120 121 122 124 126 127,37710.0,False
base,sleeping,,533194.0,533338.0,0 2,-4.0,
base,active,,533338.0,533638.0,12,-1.0,
base,active,,533338.0,536038.0,14 15 16 17 18 55 56 57 58 59 60 61 62 63 64 65 66 67 68 69 70 71 72 73 74 75 76 77 78 79 80 81 82 83 84 85 86 87 88 89 90 91 92 93 94 95 96 97 98 99 100 101 102 103 104 105 120 121 122 124 126 127,-1.0,
base,switching_on,,533338.0,536038.0,0 2,-3.0,
base,active,,533338.0,536069.0,13,-1.0,
base,switching_on,,533369.0,536069.0,3 4 5 6 7 8 9,-3.0,
base,active,530493.0,533423.0,533474.0,113 114 115 116,37954.0,False
base,active,533130.0,533474.0,533520.0,113 114 115 116,37979.0,False
base,sleeping,,533497.0,533781.0,10,-4.0,
base,active,,533520.0,533820.0,113 114 115 116,-1.0,
base,switching_off,,533638.0,535438.0,12,-2.0,
base,switching_on,,533781.0,536481.0,10,-3.0,
base,active,530126.0,533794.0,533893.0,32 33 46 106 107 108 111 112,37951.0,False
base,switching_off,,533820.0,535620.0,113 114 115 116,-2.0,
base,sleeping,,533858.0,533893.0,11,-4.0,
base,active,,533893.0,534088.0,32,-1.0,
base,active,,533893.0,536593.0,33 46 106 107 108 111 112,-1.0,
base,switching_on,,533893.0,536593.0,11,-3.0,
base,active,534088.0,534088.0,534106.0,32,37984.0,False
base,active,,534106.0,534124.0,32,-1.0,
base,active,534124.0,534124.0,534140.0,32,37985.0,False
base,active,,534140.0,534440.0,32,-1.0,
base,sleeping,,534256.0,534386.0,54,-4.0,
base,sleeping,,534256.0,534427.0,53,-4.0,
base,sleeping,,534256.0,534591.0,38,-4.0,
base,sleeping,,534256.0,534741.0,37,-4.0,
base,sleeping,,534258.0,534913.0,35 36,-4.0,
base,switching_on,,534386.0,537086.0,54,-3.0,
base,switching_on,,534427.0,537127.0,53,-3.0,
base,active,530158.0,534439.0,534913.0,1 19 20 21 22 23 24 25 26 27 28 29 30 31 39 40,37952.0,False
base,switching_off,,534440.0,536240.0,32,-2.0,
base,active,531879.0,534579.0,534632.0,34 41 42 43 44 45 47 48 49 50 51 52 118 119 123 125,37967.0,False
base,switching_on,,534591.0,537291.0,38,-3.0,
base,active,,534632.0,537613.0,34 41 42 43 44 45 47 48 49 50 51 52 118 119 123 125,-1.0,
base,switching_on,,534741.0,537441.0,37,-3.0,
base,active,,534913.0,535213.0,1 19,-1.0,
base,active,,534913.0,537613.0,20 21 22 23 24 25 26 27 28 29 30 31 39 40,-1.0,
base,switching_on,,534913.0,537613.0,35 36,-3.0,
base,switching_off,,535213.0,537013.0,1 19,-2.0,
base,sleeping,,535438.0,535547.0,12,-4.0,
base,switching_on,,535547.0,538247.0,12,-3.0,
base,active,532887.0,535587.0,535601.0,117,37975.0,False
base,active,535600.0,535601.0,535621.0,117,37993.0,False
base,active,532919.0,535619.0,535626.0,110,37976.0,False
base,sleeping,,535620.0,535625.0,113 114 115 116,-4.0,
base,active,,535621.0,535646.0,117,-1.0,
base,switching_on,,535625.0,538325.0,113 114 115 116,-3.0,
base,active,,535626.0,535646.0,110,-1.0,
base,active,532928.0,535628.0,535639.0,109,37977.0,False
base,active,,535639.0,535894.0,109,-1.0,
base,active,535646.0,535646.0,536439.0,110 117,37995.0,False
base,active,535894.0,535894.0,535907.0,109,37996.0,False
base,active,535895.0,535907.0,535929.0,109,37997.0,False
base,active,,535929.0,536151.0,109,-1.0,
base,active,508885.0,536038.0,536151.0,0 2 14 15 16 17 18 55 56 57 58 59 60 61 62 63 64 65 66 67 68 69 70 71 72 73 74 75 76 77 78 79 80 81 82 83 84 85 86 87 88 89 90 91 92 93 94 95 96 97 98 99 100 101 102 103 104 105 120 121 122 124 126 127,37711.0,False
base,active,532042.0,536069.0,536159.0,3 4 5 6 7 8 9 13,37969.0,False
base,active,509027.0,536151.0,536258.0,2 14 15 16 17 18 55 56 57 58 59 60 61 62 63 64 65 66 67 68 69 70 71 72 73 74 75 76 77 78 79 80 81 82 83 84 85 86 87 88 89 90 91 92 93 94 95 96 97 98 99 100 101 102 103 104 105 109 120 121 122 124 126 127,37712.0,False
base,active,,536151.0,536451.0,0,-1.0,
base,active,536007.0,536159.0,536688.0,3 4 5 6 7 8 9 13,37999.0,False
base,sleeping,,536240.0,536258.0,32,-4.0,
base,active,,536258.0,536434.0,2,-1.0,
base,active,,536258.0,538958.0,14 15 16 17 18 55 56 57 58 59 60 61 62 63 64 65 66 67 68 69 70 71 72 73 74 75 76 77 78 79 80 81 82 83 84 85 86 87 88 89 90 91 92 93 94 95 96 97 98 99 100 101 102 103 104 105 109 120 121 122 124 126 127,-1.0,
base,switching_on,,536258.0,538958.0,32,-3.0,
base,active,536434.0,536434.0,536440.0,2,38000.0,False
base,active,,536439.0,536739.0,110 117,-1.0,
base,active,,536440.0,536740.0,2,-1.0,
base,switching_off,,536451.0,538251.0,0,-2.0,
base,active,533781.0,536481.0,536495.0,10,37982.0,False
base,active,,536495.0,536795.0,10,-1.0,
base,active,533580.0,536593.0,536683.0,11 33 46 106 107 108 111 112,37981.0,False
base,active,,536683.0,536899.0,33 46 106 107 108 111 112,-1.0,
base,active,,536683.0,536952.0,11,-1.0,
base,active,,536688.0,536899.0,13,-1.0,
base,active,,536688.0,536988.0,3 4 5 6 7 8 9,-1.0,
base,switching_off,,536739.0,538539.0,110 117,-2.0,
base,switching_off,,536740.0,538540.0,2,-2.0,
base,switching_off,,536795.0,538595.0,10,-2.0,
base,active,536899.0,536899.0,537046.0,13 33 46 106 107 108 111 112,38002.0,False
base,active,536952.0,536952.0,536983.0,11,38003.0,False
base,active,,536983.0,537283.0,11,-1.0,
base,switching_off,,536988.0,538788.0,3 4 5 6 7 8 9,-2.0,
base,sleeping,,537013.0,537434.0,19,-4.0,
base,sleeping,,537013.0,537787.0,1,-4.0,
base,active,,537046.0,537346.0,13 33 46 106 107 108 111 112,-1.0,
base,active,534386.0,537086.0,537101.0,54,37986.0,False
base,active,,537101.0,537401.0,54,-1.0,
base,active,534427.0,537127.0,537136.0,53,37987.0,False
base,active,,537136.0,537436.0,53,-1.0,
base,switching_off,,537283.0,539083.0,11,-2.0,
base,active,534591.0,537291.0,537311.0,38,37989.0,False
base,active,,537311.0,537611.0,38,-1.0,
base,switching_off,,537346.0,539146.0,13 33 46 106 107 108 111 112,-2.0,
base,switching_off,,537401.0,539201.0,54,-2.0,
base,switching_on,,537434.0,540134.0,19,-3.0,
base,switching_off,,537436.0,539236.0,53,-2.0,
base,active,534741.0,537441.0,537533.0,37,37991.0,False
base,active,,537533.0,540487.0,37,-1.0,
base,switching_off,,537611.0,539411.0,38,-2.0,
base,active,528853.0,537613.0,537787.0,20 21 22 23 24 25 26 27 28 29 30 31 34 35 36 39 40 41 42 43 44 45 47 48 49 50 51 52 118 119 123 125,37933.0,False
base,active,,537787.0,538087.0,20 21,-1.0,
base,active,,537787.0,540487.0,22 23 24 25 26 27 28 29 30 31 34 35 36 39 40 41 42 43 44 45 47 48 49 50 51 52 118 119 123 125,-1.0,
base,switching_on,,537787.0,540487.0,1,-3.0,
base,switching_off,,538087.0,539887.0,20 21,-2.0,
base,active,535547.0,538247.0,538287.0,12,37992.0,False
base,switching_on,,538251.0,540951.0,0,-3.0,
base,active,,538287.0,538587.0,12,-1.0,
base,active,535625.0,538325.0,539136.0,113 114 115 116,37994.0,False
base,sleeping,,538539.0,538936.0,117,-4.0,
base,sleeping,,538539.0,538945.0,110,-4.0,
base,sleeping,,538540.0,539063.0,2,-4.0,
base,switching_off,,538587.0,540387.0,12,-2.0,
base,sleeping,,538595.0,538993.0,10,-4.0,
base,sleeping,,538788.0,539019.0,6 7 8 9,-4.0,
base,sleeping,,538788.0,539063.0,3 4 5,-4.0,
base,switching_on,,538936.0,541636.0,117,-3.0,
base,switching_on,,538945.0,541645.0,110,-3.0,
base,active,509154.0,538958.0,539063.0,14 15 16 17 18 32 55 56 57 58 59 60 61 62 63 64 65 66 67 68 69 70 71 72 73 74 75 76 77 78 79 80 81 82 83 84 85 86 87 88 89 90 91 92 93 94 95 96 97 98 99 100 101 102 103 104 105 109 120 121 122 124 126 127,37713.0,False
base,switching_on,,538993.0,541693.0,10,-3.0,
base,switching_on,,539019.0,541719.0,6 7 8 9,-3.0,
base,active,,539063.0,539363.0,14 15 16 17,-1.0,
base,active,,539063.0,541763.0,18 32 55 56 57 58 59 60 61 62 63 64 65 66 67 68 69 70 71 72 73 74 75 76 77 78 79 80 81 82 83 84 85 86 87 88 89 90 91 92 93 94 95 96 97 98 99 100 101 102 103 104 105 109 120 121 122 124 126 127,-1.0,
base,switching_on,,539063.0,541763.0,2 3 4 5,-3.0,
base,sleeping,,539083.0,540642.0,11,-4.0,
base,active,,539136.0,539436.0,113 114 115 116,-1.0,
base,sleeping,,539146.0,540256.0,112,-4.0,
base,sleeping,,539146.0,540414.0,111,-4.0,
base,sleeping,,539146.0,540642.0,13 33 46 106 107 108,-4.0,
base,sleeping,,539201.0,540642.0,54,-4.0,
base,sleeping,,539236.0,540642.0,53,-4.0,
base,switching_off,,539363.0,541163.0,14 15 16 17,-2.0,
base,sleeping,,539411.0,540642.0,38,-4.0,
base,switching_off,,539436.0,541236.0,113 114 115 116,-2.0,
base,sleeping,,539887.0,540642.0,20 21,-4.0,
base,active,537434.0,540134.0,540147.0,19,38004.0,False
base,active,,540147.0,540447.0,19,-1.0,
base,switching_on,,540256.0,542956.0,112,-3.0,
base,sleeping,,540387.0,540642.0,12,-4.0,
base,switching_on,,540414.0,543114.0,111,-3.0,
base,switching_off,,540447.0,542247.0,19,-2.0,
base,active,529475.0,540487.0,540642.0,1 22 23 24 25 26 27 28 29 30 31 34 35 36 37 39 40 41 42 43 44 45 47 48 49 50 51 52 118 119 123 125,37946.0,False
base,active,,540642.0,540719.0,26 27 28 29 30 31 34 35,-1.0,
base,active,,540642.0,540940.0,25,-1.0,
base,active,,540642.0,540942.0,1 22 23 24,-1.0,
base,active,,540642.0,543342.0,36 37 39 40 41 42 43 44 45 47 48 49 50 51 52 118 119 123 125,-1.0,
base,switching_on,,540642.0,543342.0,11 12 13 20 21 33 38 46 53 54 106 107 108,-3.0,
base,active,540719.0,540719.0,540760.0,26 27 28 29 30 31 34 35,38018.0,False
base,active,,540760.0,540769.0,26 27 28 29 30 31 34 35,-1.0,
base,active,540769.0,540769.0,540811.0,26 27 28 29 30 31 34 35,38019.0,False
base,active,,540811.0,540906.0,34 35,-1.0,
base,active,,540811.0,540914.0,30 31,-1.0,
base,active,,540811.0,540922.0,28 29,-1.0,
base,active,,540811.0,540930.0,26 27,-1.0,
base,active,540906.0,540906.0,540998.0,34 35,38020.0,False
base,active,540914.0,540914.0,541001.0,30 31,38021.0,False
base,active,540922.0,540922.0,541004.0,28 29,38022.0,False
base,active,540930.0,540930.0,541007.0,26 27,38023.0,False
base,active,540940.0,540940.0,541103.0,25,38024.0,False
base,switching_off,,540942.0,542742.0,1 22 23 24,-2.0,
base,active,538094.0,540951.0,540972.0,0,38007.0,False
base,active,,540972.0,541272.0,0,-1.0,
base,active,,540998.0,541298.0,34 35,-1.0,
base,active,,541001.0,541301.0,30 31,-1.0,
base,active,,541004.0,541304.0,28 29,-1.0,
base,active,,541007.0,541307.0,26 27,-1.0,
base,active,,541103.0,541403.0,25,-1.0,
base,sleeping,,541163.0,541807.0,14 15 16 17,-4.0,
base,sleeping,,541236.0,541807.0,113 114 115 116,-4.0,
base,switching_off,,541272.0,543072.0,0,-2.0,
base,switching_off,,541298.0,543098.0,34 35,-2.0,
base,switching_off,,541301.0,543101.0,30 31,-2.0,
base,switching_off,,541304.0,543104.0,28 29,-2.0,
base,switching_off,,541307.0,543107.0,26 27,-2.0,
base,switching_off,,541403.0,543203.0,25,-2.0,
base,active,538936.0,541636.0,541681.0,117,38010.0,False
base,active,538945.0,541645.0,541667.0,110,38011.0,False
base,active,,541667.0,544507.0,110,-1.0,
base,active,,541681.0,544507.0,117,-1.0,
base,active,538993.0,541693.0,541714.0,10,38012.0,False
base,active,,541714.0,542014.0,10,-1.0,
base,active,539019.0,541719.0,541741.0,6 7 8 9,38013.0,False
base,active,,541741.0,542041.0,6 7 8 9,-1.0,
base,active,510162.0,541763.0,541807.0,2 3 4 5 18 32 55 56 57 58 59 60 61 62 63 64 65 66 67 68 69 70 71 72 73 74 75 76 77 78 79 80 81 82 83 84 85 86 87 88 89 90 91 92 93 94 95 96 97 98 99 100 101 102 103 104 105 109 120 121 122 124 126 127,37725.0,False
base,active,,541807.0,542107.0,2 3 4 5 18 32 55 56 57 58,-1.0,
base,active,,541807.0,544507.0,59 60 61 62 63 64 65 66 67 68 69 70 71 72 73 74 75 76 77 78 79 80 81 82 83 84 85 86 87 88 89 90 91 92 93 94 95 96 97 98 99 100 101 102 103 104 105 109 120 121 122 124 126 127,-1.0,
base,switching_on,,541807.0,544507.0,14 15 16 17 113 114 115 116,-3.0,
base,switching_off,,542014.0,543814.0,10,-2.0,
base,switching_off,,542041.0,543841.0,6 7 8 9,-2.0,
base,switching_off,,542107.0,543907.0,2 3 4 5 18 32 55 56 57 58,-2.0,
base,sleeping,,542247.0,543134.0,19,-4.0,
base,sleeping,,542742.0,543134.0,1 22 23 24,-4.0,
base,active,540256.0,542956.0,542962.0,112,38015.0,False
base,active,,542962.0,545834.0,112,-1.0,
base,sleeping,,543072.0,543134.0,0,-4.0,
base,sleeping,,543098.0,543134.0,34 35,-4.0,
base,sleeping,,543101.0,543134.0,30 31,-4.0,
base,sleeping,,543104.0,543134.0,28 29,-4.0,
base,sleeping,,543107.0,543134.0,26 27,-4.0,
base,active,540414.0,543114.0,543134.0,111,38017.0,False
base,active,,543134.0,545834.0,111,-1.0,
base,switching_on,,543134.0,545834.0,0 1 19 22 23 24 26 27 28 29 30 31 34 35,-3.0,
base,sleeping,,543203.0,543222.0,25,-4.0,
base,switching_on,,543222.0,545922.0,25,-3.0,
base,active,530101.0,543342.0,543464.0,11 12 13 20 21 33 36 37 38 39 40 41 42 43 44 45 46 47 48 49 50 51 52 53 54 106 107 108 118 119 123 125,37950.0,False
base,active,531149.0,543464.0,543582.0,11 12 13 20 21 33 36 37 38 39 40 41 42 43 44 45 46 47 48 49 50 51 52 53 54 106 107 108 118 119 123 125,37960.0,False
base,active,532017.0,543582.0,543695.0,11 12 13 20 21 33 36 37 38 39 40 41 42 43 44 45 46 47 48 49 50 51 52 53 54 106 107 108 118 119 123 125,37968.0,False
base,active,533552.0,543695.0,543811.0,11 12 13 20 21 33 36 37 38 39 40 41 42 43 44 45 46 47 48 49 50 51 52 53 54 106 107 108 118 119 123 125,37980.0,False
base,active,534675.0,543811.0,543967.0,11 12 13 20 21 33 36 37 38 39 40 41 42 43 44 45 46 47 48 49 50 51 52 53 54 106 107 108 118 119 123 125,37990.0,False
base,switching_on,,543814.0,546514.0,10,-3.0,
base,sleeping,,543841.0,544904.0,6 7 8 9,-4.0,
base,sleeping,,543907.0,544904.0,2 3 4 5 18 32 55 56 57 58,-4.0,
base,active,536833.0,543967.0,544178.0,11 12 13 20 21 33 36 37 38 39 40 41 42 43 44 45 46 47 48 49 50 51 52 53 54 106 107 108 118 119 123 125,38001.0,False
base,active,538253.0,544178.0,544395.0,11 12 13 20 21 33 36 37 38 39 40 41 42 43 44 45 46 47 48 49 50 51 52 53 54 106 107 108 118 119 123 125,38008.0,False
base,active,538884.0,544395.0,544527.0,11 12 13 20 21 33 36 37 38 39 40 41 42 43 44 45 46 47 48 49 50 51 52 53 54 106 107 108 118 119 123 125,38009.0,False
base,active,510218.0,544507.0,544564.0,14 15 16 17 59 60 61 62 63 64 65 66 67 68 69 70 71 72 73 74 75 76 77 78 79 80 81 82 83 84 85 86 87 88 89 90 91 92 93 94 95 96 97 98 99 100 101 102 103 104 105 109 110 113 114 115 116 117 120 121 122 124 126 127,37727.0,False
base,active,542793.0,544527.0,544585.0,46 47 48 49 50 51 52 53 54 106 107 108 118 119 123 125,38028.0,False
base,active,543296.0,544527.0,544599.0,11 12 13 20 21 33 36 37,38031.0,False
base,active,543271.0,544527.0,544633.0,38 39 40 41 42 43 44 45,38030.0,False
base,active,510291.0,544564.0,544631.0,14 15 16 17 59 60 61 62 63 64 65 66 67 68 69 70 71 72 73 74 75 76 77 78 79 80 81 82 83 84 85 86 87 88 89 90 91 92 93 94 95 96 97 98 99 100 101 102 103 104 105 109 110 113 114 115 116 117 120 121 122 124 126 127,37730.0,False
base,active,543950.0,544585.0,544601.0,107,38035.0,False
base,active,,544585.0,544631.0,46 47 48,-1.0,
base,active,544234.0,544585.0,544659.0,50,38039.0,False
base,active,543392.0,544585.0,544661.0,108 118 119 123,38034.0,False
base,active,543380.0,544585.0,544697.0,125,38033.0,False
base,active,544011.0,544585.0,544722.0,51,38037.0,False
base,active,543975.0,544585.0,544919.0,52 53 54 106,38036.0,False
base,active,544411.0,544585.0,546023.0,49,38040.0,False
base,active,,544599.0,544899.0,11 12 13 20 21 33 36 37,-1.0,
base,active,,544601.0,544631.0,107,-1.0,
base,active,510372.0,544631.0,544698.0,46 47 48 59 60 61 62 63 64 65 66 67 68 69 70 71 72 73 74 75 76 77 78 79 80 81 82 83 84 85 86 87 88 89 90 91 92 93 94 95 96 97 98 99 100 101 102 103 104 105 107 109 110 113 114 115 116 117 120 121 122 124 126 127,37733.0,False
base,active,,544631.0,544931.0,14 15 16 17,-1.0,
base,active,,544633.0,544933.0,38 39 40 41 42 43 44 45,-1.0,
base,active,,544659.0,544959.0,50,-1.0,
base,active,,544661.0,544698.0,108 118 119 123,-1.0,
base,active,,544697.0,544698.0,125,-1.0,
base,active,510459.0,544698.0,544734.0,61 62 63 64 65 66 67 68 69 70 71 72 73 74 75 76 77 78 79 80 81 82 83 84 85 86 87 88 89 90 91 92 93 94 95 96 97 98 99 100 101 102 103 104 105 107 108 109 110 113 114 115 116 117 118 119 120 121 122 123 124 125 126 127,37736.0,False
base,active,,544698.0,544998.0,46 47 48 59 60,-1.0,
base,active,,544722.0,545022.0,51,-1.0,
base,active,510507.0,544734.0,544765.0,61 62 63 64 65 66 67 68 69 70 71 72 73 74 75 76 77 78 79 80 81 82 83 84 85 86 87 88 89 90 91 92 93 94 95 96 97 98 99 100 101 102 103 104 105 107 108 109 110 113 114 115 116 117 118 119 120 121 122 123 124 125 126 127,37737.0,False
base,active,510547.0,544765.0,544795.0,61 62 63 64 65 66 67 68 69 70 71 72 73 74 75 76 77 78 79 80 81 82 83 84 85 86 87 88 89 90 91 92 93 94 95 96 97 98 99 100 101 102 103 104 105 107 108 109 110 113 114 115 116 117 118 119 120 121 122 123 124 125 126 127,37738.0,False
base,active,510591.0,544795.0,544834.0,61 62 63 64 65 66 67 68 69 70 71 72 73 74 75 76 77 78 79 80 81 82 83 84 85 86 87 88 89 90 91 92 93 94 95 96 97 98 99 100 101 102 103 104 105 107 108 109 110 113 114 115 116 117 118 119 120 121 122 123 124 125 126 127,37739.0,False
base,active,510652.0,544834.0,544904.0,61 62 63 64 65 66 67 68 69 70 71 72 73 74 75 76 77 78 79 80 81 82 83 84 85 86 87 88 89 90 91 92 93 94 95 96 97 98 99 100 101 102 103 104 105 107 108 109 110 113 114 115 116 117 118 119 120 121 122 123 124 125 126 127,37741.0,False
base,switching_off,,544899.0,546699.0,11 12 13 20 21 33 36 37,-2.0,
base,active,,544904.0,545204.0,61 62 63 64 65 66 67 68 69 70 71 72 73 74,-1.0,
base,active,,544904.0,547604.0,75 76 77 78 79 80 81 82 83 84 85 86 87 88 89 90 91 92 93 94 95 96 97 98 99 100 101 102 103 104 105 107 108 109 110 113 114 115 116 117 118 119 120 121 122 123 124 125 126 127,-1.0,
base,switching_on,,544904.0,547604.0,2 3 4 5 6 7 8 9 18 32 55 56 57 58,-3.0,
base,active,,544919.0,545219.0,52 53 54 106,-1.0,
base,switching_off,,544931.0,546731.0,14 15 16 17,-2.0,
base,switching_off,,544933.0,546733.0,38 39 40 41 42 43 44 45,-2.0,
base,switching_off,,544959.0,546759.0,50,-2.0,
base,switching_off,,544998.0,546798.0,46 47 48 59 60,-2.0,
base,switching_off,,545022.0,546822.0,51,-2.0,
base,switching_off,,545204.0,547004.0,61 62 63 64 65 66 67 68 69 70 71 72 73 74,-2.0,
base,switching_off,,545219.0,547019.0,52 53 54 106,-2.0,
base,active,542535.0,545834.0,545897.0,0 1 19 22 23 24 26 27 28 29 30 31 34 35 111 112,38027.0,False
base,active,,545897.0,545946.0,0 1 19 22 23 24 26 27 28 29 30 31 34 35 111,-1.0,
base,active,545865.0,545897.0,546005.0,112,38041.0,False
base,active,543222.0,545922.0,545946.0,25,38029.0,False
base,active,545941.0,545946.0,545982.0,0 1 19 22 23 24 25 26 27 28 29 30 31 34 35 111,38043.0,False
base,active,,545982.0,546282.0,0 1 19 22 23 24 25 26 27 28 29 30 31 34 35 111,-1.0,
base,active,,546005.0,546025.0,112,-1.0,
base,active,,546023.0,546323.0,49,-1.0,
base,active,546025.0,546025.0,546151.0,112,38044.0,False
base,active,,546151.0,546257.0,112,-1.0,
base,active,546257.0,546257.0,546323.0,112,38045.0,False
base,switching_off,,546282.0,548082.0,0 1 19 22 23 24 25 26 27 28 29 30 31 34 35 111,-2.0,
base,active,,546323.0,546338.0,112,-1.0,
base,switching_off,,546323.0,548123.0,49,-2.0,
base,active,546338.0,546338.0,546639.0,112,38047.0,False
base,active,543371.0,546514.0,546520.0,10,38032.0,False
base,active,,546520.0,546820.0,10,-1.0,
base,active,,546639.0,546650.0,112,-1.0,
base,active,546650.0,546650.0,546666.0,112,38050.0,False
base,active,,546666.0,546966.0,112,-1.0,
base,sleeping,,546699.0,546733.0,20 21 33 36 37,-4.0,
base,sleeping,,546699.0,547648.0,11 12 13,-4.0,
base,sleeping,,546731.0,546733.0,15 16 17,-4.0,
base,sleeping,,546731.0,547648.0,14,-4.0,
base,switching_on,,546733.0,549433.0,15 16 17 20 21 33 36 37 38 39 40 41 42 43 44 45,-3.0,
base,sleeping,,546759.0,547461.0,50,-4.0,
base,sleeping,,546798.0,547004.0,59 60,-4.0,
base,sleeping,,546798.0,547461.0,47 48,-4.0,
base,sleeping,,546798.0,547648.0,46,-4.0,
base,switching_off,,546820.0,548620.0,10,-2.0,
base,sleeping,,546822.0,547461.0,51,-4.0,
base,switching_off,,546966.0,548766.0,112,-2.0,
base,switching_on,,547004.0,549704.0,59 60 61 62 63 64 65 66 67 68 69 70 71 72 73 74,-3.0,
base,sleeping,,547019.0,547426.0,52 53 54 106,-4.0,
base,switching_on,,547426.0,550126.0,52 53 54 106,-3.0,
base,switching_on,,547461.0,550161.0,47 48 50 51,-3.0,
base,active,510734.0,547604.0,547648.0,2 3 4 5 6 7 8 9 18 32 55 56 57 58 75 76 77 78 79 80 81 82 83 84 85 86 87 88 89 90 91 92 93 94 95 96 97 98 99 100 101 102 103 104 105 107 108 109 110 113 114 115 116 117 118 119 120 121 122 123 124 125 126 127,37743.0,False
base,active,,547648.0,547743.0,3 4 5 6,-1.0,
base,active,,547648.0,547948.0,2,-1.0,
base,active,,547648.0,550348.0,7 8 9 18 32 55 56 57 58 75 76 77 78 79 80 81 82 83 84 85 86 87 88 89 90 91 92 93 94 95 96 97 98 99 100 101 102 103 104 105 107 108 109 110 113 114 115 116 117 118 119 120 121 122 123 124 125 126 127,-1.0,
base,switching_on,,547648.0,550348.0,11 12 13 14 46,-3.0,
base,active,547743.0,547743.0,547801.0,3 4 5 6,38057.0,False
base,active,,547801.0,547806.0,3 4 5 6,-1.0,
base,active,547806.0,547806.0,548549.0,3 4 5 6,38058.0,False
base,switching_off,,547948.0,549748.0,2,-2.0,
base,switching_on,,548082.0,550782.0,0 1 19 22 23 24 25 26 27 28 29 30 31 34 35 111,-3.0,
base,switching_on,,548123.0,550823.0,49,-3.0,
base,active,548446.0,548549.0,548596.0,3 4 5 6,38061.0,False
base,active,,548596.0,548603.0,3 4 5 6,-1.0,
base,active,548603.0,548603.0,548910.0,3 4 5 6,38062.0,False
base,sleeping,,548620.0,548910.0,10,-4.0,
base,sleeping,,548766.0,548910.0,112,-4.0,
base,active,,548910.0,549210.0,3 4,-1.0,
base,active,,548910.0,551610.0,5 6,-1.0,
base,switching_on,,548910.0,551610.0,10 112,-3.0,
base,switching_off,,549210.0,551010.0,3 4,-2.0,
base,active,546428.0,549433.0,549474.0,15 16 17 20 21 33 36 37 38 39 40 41 42 43 44 45,38048.0,False
base,active,547691.0,549474.0,549509.0,15 16 17 20 21 33 36 37,38056.0,False
base,active,547575.0,549474.0,550432.0,38 39 40 41 42 43 44 45,38055.0,False
base,active,548258.0,549509.0,549828.0,15 16 17 20 21 33 36 37,38060.0,False
base,active,546474.0,549704.0,549739.0,59 60 61 62 63 64 65 66 67 68 69 70 71 72 73 74,38049.0,False
base,active,548783.0,549739.0,549771.0,71 72 73 74,38065.0,False
base,active,548856.0,549739.0,549771.0,59 60 61 62 63 64 65 66,38067.0,False
base,active,548819.0,549739.0,549774.0,67 68 69 70,38066.0,False
base,sleeping,,549748.0,550457.0,2,-4.0,
base,active,,549771.0,550071.0,59 60 61 62 63 64 65 66 71 72 73 74,-1.0,
base,active,,549774.0,550074.0,67 68 69 70,-1.0,
base,active,,549828.0,550128.0,15 16 17 20 21 33 36 37,-1.0,
base,switching_off,,550071.0,551871.0,59 60 61 62 63 64 65 66 71 72 73 74,-2.0,
base,switching_off,,550074.0,551874.0,67 68 69 70,-2.0,
base,active,547426.0,550126.0,550158.0,52 53 54 106,38053.0,False
base,switching_off,,550128.0,551928.0,15 16 17 20 21 33 36 37,-2.0,
base,active,,550158.0,553157.0,52 53 54 106,-1.0,
base,active,547461.0,550161.0,550237.0,47 48 50 51,38054.0,False
base,active,,550237.0,553157.0,47 48 50 51,-1.0,
base,active,510795.0,550348.0,550457.0,7 8 9 11 12 13 14 18 32 46 55 56 57 58 75 76 77 78 79 80 81 82 83 84 85 86 87 88 89 90 91 92 93 94 95 96 97 98 99 100 101 102 103 104 105 107 108 109 110 113 114 115 116 117 118 119 120 121 122 123 124 125 126 127,37747.0,False
base,active,,550432.0,550732.0,38 39 40 41 42 43 44 45,-1.0,
base,active,,550457.0,550757.0,7 8 9 11 12 13 14 18 32,-1.0,
base,active,,550457.0,553157.0,46 55 56 57 58 75 76 77 78 79 80 81 82 83 84 85 86 87 88 89 90 91 92 93 94 95 96 97 98 99 100 101 102 103 104 105 107 108 109 110 113 114 115 116 117 118 119 120 121 122 123 124 125 126 127,-1.0,
base,switching_on,,550457.0,553157.0,2,-3.0,
base,switching_off,,550732.0,552532.0,38 39 40 41 42 43 44 45,-2.0,
base,switching_off,,550757.0,552557.0,7 8 9 11 12 13 14 18 32,-2.0,
base,active,547387.0,550782.0,550818.0,0 1 19 22 23 24 25 26 27 28 29 30 31 34 35 111,38052.0,False
base,active,,550818.0,551118.0,0 1 19 22 23 24 25 26 27 28 29 30 31 34 35 111,-1.0,
base,active,548090.0,550823.0,550837.0,49,38059.0,False
base,active,,550837.0,551137.0,49,-1.0,
base,sleeping,,551010.0,551668.0,4,-4.0,
base,sleeping,,551010.0,551710.0,3,-4.0,
base,switching_off,,551118.0,552918.0,0 1 19 22 23 24 25 26 27 28 29 30 31 34 35 111,-2.0,
base,switching_off,,551137.0,552937.0,49,-2.0,
base,active,548744.0,551610.0,551643.0,5 6 10 112,38064.0,False
base,active,,551643.0,551943.0,5 6 10 112,-1.0,
base,switching_on,,551668.0,554368.0,4,-3.0,
base,switching_on,,551710.0,554410.0,3,-3.0,
base,sleeping,,551871.0,552532.0,59 60 61 62 63 64 65 66 71 72 73 74,-4.0,
base,sleeping,,551874.0,552532.0,67 68 69 70,-4.0,
base,sleeping,,551928.0,552532.0,15 16 17 20 21 33 36 37,-4.0,
base,switching_off,,551943.0,553743.0,5 6 10 112,-2.0,
base,switching_on,,552532.0,555232.0,15 16 17 20 21 33 36 37 38 39 40 41 42 43 44 45 59 60 61 62 63 64 65 66 67 68 69 70 71 72 73 74,-3.0,
base,sleeping,,552557.0,553263.0,7 8 9 11 12 13 14 18 32,-4.0,
base,sleeping,,552918.0,553263.0,0 1 19 22 23 24 25 26 27 28 29 30 31 34 35 111,-4.0,
base,sleeping,,552937.0,553263.0,49,-4.0,
base,active,510915.0,553157.0,553263.0,2 46 47 48 50 51 52 53 54 55 56 57 58 75 76 77 78 79 80 81 82 83 84 85 86 87 88 89 90 91 92 93 94 95 96 97 98 99 100 101 102 103 104 105 106 107 108 109 110 113 114 115 116 117 118 119 120 121 122 123 124 125 126 127,37750.0,False
base,active,,553263.0,553563.0,2 46 47 48 50 51 52 53 54 55 56 57 58 75 76 77 78 79 80 81 82 83 84 85 86 87,-1.0,
base,active,,553263.0,555963.0,88 89 90 91 92 93 94 95 96 97 98 99 100 101 102 103 104 105 106 107 108 109 110 113 114 115 116 117 118 119 120 121 122 123 124 125 126 127,-1.0,
base,switching_on,,553263.0,555963.0,0 1 7 8 9 11 12 13 14 18 19 22 23 24 25 26 27 28 29 30 31 32 34 35 49 111,-3.0,
base,switching_off,,553563.0,555363.0,2 46 47 48 50 51 52 53 54 55 56 57 58 75 76 77 78 79 80 81 82 83 84 85 86 87,-2.0,
base,sleeping,,553743.0,555270.0,5 6 10 112,-4.0,
base,active,551668.0,554368.0,554399.0,4,38069.0,False
base,active,,554399.0,554699.0,4,-1.0,
base,active,551710.0,554410.0,554464.0,3,38070.0,False
base,active,,554464.0,554764.0,3,-1.0,
base,switching_off,,554699.0,556499.0,4,-2.0,
base,switching_off,,554764.0,556564.0,3,-2.0,
base,active,545886.0,555232.0,555270.0,15 16 17 20 21 33 36 37 38 39 40 41 42 43 44 45 59 60 61 62 63 64 65 66 67 68 69 70 71 72 73 74,38042.0,False
base,active,,555270.0,555570.0,15 16 17 20,-1.0,
base,active,,555270.0,557970.0,21 33 36 37 38 39 40 41 42 43 44 45 59 60 61 62 63 64 65 66 67 68 69 70 71 72 73 74,-1.0,
base,switching_on,,555270.0,557970.0,5 6 10 112,-3.0,
base,sleeping,,555363.0,556065.0,2 46 47 48 50 51 52 53 54 55 56 57 58 75 76 77 78 79 80 81 82 83 84 85 86 87,-4.0,
base,switching_off,,555570.0,557370.0,15 16 17 20,-2.0,
base,active,511034.0,555963.0,556065.0,0 1 7 8 9 11 12 13 14 18 19 22 23 24 25 26 27 28 29 30 31 32 34 35 49 88 89 90 91 92 93 94 95 96 97 98 99 100 101 102 103 104 105 106 107 108 109 110 111 113 114 115 116 117 118 119 120 121 122 123 124 125 126 127,37753.0,False
base,active,,556065.0,556365.0,0 1 7 8 9 11 12 13 14 18 19 22 23 24 25 26 27 28 29 30 31 32 34 35 49 88,-1.0,
base,active,,556065.0,558765.0,89 90 91 92 93 94 95 96 97 98 99 100 101 102 103 104 105 106 107 108 109 110 111 113 114 115 116 117 118 119 120 121 122 123 124 125 126 127,-1.0,
base,switching_on,,556065.0,558765.0,2 46 47 48 50 51 52 53 54 55 56 57 58 75 76 77 78 79 80 81 82 83 84 85 86 87,-3.0,
base,switching_off,,556365.0,558165.0,0 1 7 8 9 11 12 13 14 18 19 22 23 24 25 26 27 28 29 30 31 32 34 35 49 88,-2.0,
base,sleeping,,556499.0,558875.0,4,-4.0,
base,sleeping,,556564.0,558875.0,3,-4.0,
base,sleeping,,557370.0,558875.0,15 16 17 20,-4.0,
base,active,546319.0,557970.0,558006.0,5 6 10 21 33 36 37 38 39 40 41 42 43 44 45 59 60 61 62 63 64 65 66 67 68 69 70 71 72 73 74 112,38046.0,False
base,active,,558006.0,558306.0,5 6 10 21 33 36 37 38 39 40 41 42 43 44 45 59 60 61 62 63 64 65 66 67 68 69 70 71 72 73 74 112,-1.0,
base,sleeping,,558165.0,558875.0,0 1 7 8 9 11 12 13 14 18 19 22 23 24 25 26 27 28 29 30 31 32 34 35 49 88,-4.0,
base,switching_off,,558306.0,560106.0,5 6 10 21 33 36 37 38 39 40 41 42 43 44 45 59 60 61 62 63 64 65 66 67 68 69 70 71 72 73 74 112,-2.0,
base,active,511154.0,558765.0,558875.0,2 46 47 48 50 51 52 53 54 55 56 57 58 75 76 77 78 79 80 81 82 83 84 85 86 87 89 90 91 92 93 94 95 96 97 98 99 100 101 102 103 104 105 106 107 108 109 110 111 113 114 115 116 117 118 119 120 121 122 123 124 125 126 127,37755.0,False
base,active,,558875.0,559175.0,2 46 47 48 50 51 52 53 54 55 56 57 58 75 76 77 78 79 80 81 82 83 84 85 86 87 89 90 91 92 93 94,-1.0,
base,active,,558875.0,561575.0,95 96 97 98 99 100 101 102 103 104 105 106 107 108 109 110 111 113 114 115 116 117 118 119 120 121 122 123 124 125 126 127,-1.0,
base,switching_on,,558875.0,561575.0,0 1 3 4 7 8 9 11 12 13 14 15 16 17 18 19 20 22 23 24 25 26 27 28 29 30 31 32 34 35 49 88,-3.0,
base,switching_off,,559175.0,560975.0,2 46 47 48 50 51 52 53 54 55 56 57 58 75 76 77 78 79 80 81 82 83 84 85 86 87 89 90 91 92 93 94,-2.0,
base,sleeping,,560106.0,561607.0,5 6 10 21 33 36 37 38 39 40 41 42 43 44 45 59 60 61 62 63 64 65 66 67 68 69 70 71 72 73 74 112,-4.0,
base,sleeping,,560975.0,561607.0,2 46 47 48 50 51 52 53 54 55 56 57 58 75 76 77 78 79 80 81 82 83 84 85 86 87 89 90 91 92 93 94,-4.0,
base,active,511797.0,561575.0,561607.0,0 1 3 4 7 8 9 11 12 13 14 15 16 17 18 19 20 22 23 24 25 26 27 28 29 30 31 32 34 35 49 88 95 96 97 98 99 100 101 102 103 104 105 106 107 108 109 110 111 113 114 115 116 117 118 119 120 121 122 123 124 125 126 127,37758.0,False
base,active,,561607.0,564307.0,0 1 3 4 7 8 9 11 12 13 14 15 16 17 18 19 20 22 23 24 25 26 27 28 29 30 31 32 34 35 49 88 95 96 97 98 99 100 101 102 103 104 105 106 107 108 109 110 111 113 114 115 116 117 118 119 120 121 122 123 124 125 126 127,-1.0,
base,switching_on,,561607.0,564307.0,2 5 6 10 21 33 36 37 38 39 40 41 42 43 44 45 46 47 48 50 51 52 53 54 55 56 57 58 59 60 61 62 63 64 65 66 67 68 69 70 71 72 73 74 75 76 77 78 79 80 81 82 83 84 85 86 87 89 90 91 92 93 94 112,-3.0,
base,active,471669.0,564307.0,564393.0,0 1 2 3 4 5 6 7 8 9 10 11 12 13 14 15 16 17 18 19 20 21 22 23 24 25 26 27 28 29 30 31 32 33 34 35 36 37 38 39 40 41 42 43 44 45 46 47 48 49 50 51 52 53 54 55 56 57 58 59 60 61 62 63 64 65 66 67 68 69 70 71 72 73 74 75 76 77 78 79 80 81 82 83 84 85 86 87 88 89 90 91 92 93 94 95 96 97 98 99 100 101 102 103 104 105 106 107 108 109 110 111 112 113 114 115 116 117 118 119 120 121 122 123 124 125 126 127,37382.0,False
base,active,471765.0,564393.0,575328.0,0 1 2 3 4 5 6 7 8 9 10 11 12 13 14 15 16 17 18 19 20 21 22 23 24 25 26 27 28 29 30 31 32 33 34 35 36 37 38 39 40 41 42 43 44 45 46 47 48 49 50 51 52 53 54 55 56 57 58 59 60 61 62 63 64 65 66 67 68 69 70 71 72 73 74 75 76 77 78 79 80 81 82 83 84 85 86 87 88 89 90 91 92 93 94 95 96 97 98 99 100 101 102 103 104 105 106 107 108 109 110 111 112 113 114 115 116 117 118 119 120 121 122 123 124 125 126 127,37383.0,False
base,active,511860.0,575328.0,575329.0,64 65 66 67 68 69 70 71 72 73 74 75 76 77 78 79 80 81 82 83 84 85 86 87 88 89 90 91 92 93 94 95 96 97 98 99 100 101 102 103 104 105 106 107 108 109 110 111 112 113 114 115 116 117 118 119 120 121 122 123 124 125 126 127,37759.0,False
base,active,482706.0,575328.0,586252.0,0 1 2 3 4 5 6 7 8 9 10 11 12 13 14 15 16 17 18 19 20 21 22 23 24 25 26 27 28 29 30 31 32 33 34 35 36 37 38 39 40 41 42 43 44 45 46 47 48 49 50 51 52 53 54 55 56 57 58 59 60 61 62 63,37384.0,False
base,active,511867.0,575329.0,575363.0,64 65 66 67 68 69 70 71 72 73 74 75 76 77 78 79 80 81 82 83 84 85 86 87 88 89 90 91 92 93 94 95 96 97 98 99 100 101 102 103 104 105 106 107 108 109 110 111 112 113 114 115 116 117 118 119 120 121 122 123 124 125 126 127,37760.0,False
base,active,511943.0,575363.0,575406.0,64 65 66 67 68 69 70 71 72 73 74 75 76 77 78 79 80 81 82 83 84 85 86 87 88 89 90 91 92 93 94 95 96 97 98 99 100 101 102 103 104 105 106 107 108 109 110 111 112 113 114 115 116 117 118 119 120 121 122 123 124 125 126 127,37762.0,False
base,active,512007.0,575406.0,575436.0,64 65 66 67 68 69 70 71 72 73 74 75 76 77 78 79 80 81 82 83 84 85 86 87 88 89 90 91 92 93 94 95 96 97 98 99 100 101 102 103 104 105 106 107 108 109 110 111 112 113 114 115 116 117 118 119 120 121 122 123 124 125 126 127,37764.0,False
base,active,512065.0,575436.0,575468.0,64 65 66 67 68 69 70 71 72 73 74 75 76 77 78 79 80 81 82 83 84 85 86 87 88 89 90 91 92 93 94 95 96 97 98 99 100 101 102 103 104 105 106 107 108 109 110 111 112 113 114 115 116 117 118 119 120 121 122 123 124 125 126 127,37765.0,False
base,active,512113.0,575468.0,575500.0,64 65 66 67 68 69 70 71 72 73 74 75 76 77 78 79 80 81 82 83 84 85 86 87 88 89 90 91 92 93 94 95 96 97 98 99 100 101 102 103 104 105 106 107 108 109 110 111 112 113 114 115 116 117 118 119 120 121 122 123 124 125 126 127,37766.0,False
base,active,512160.0,575500.0,575531.0,64 65 66 67 68 69 70 71 72 73 74 75 76 77 78 79 80 81 82 83 84 85 86 87 88 89 90 91 92 93 94 95 96 97 98 99 100 101 102 103 104 105 106 107 108 109 110 111 112 113 114 115 116 117 118 119 120 121 122 123 124 125 126 127,37768.0,False
base,active,512206.0,575531.0,575562.0,64 65 66 67 68 69 70 71 72 73 74 75 76 77 78 79 80 81 82 83 84 85 86 87 88 89 90 91 92 93 94 95 96 97 98 99 100 101 102 103 104 105 106 107 108 109 110 111 112 113 114 115 116 117 118 119 120 121 122 123 124 125 126 127,37770.0,False
base,active,512252.0,575562.0,575672.0,64 65 66 67 68 69 70 71 72 73 74 75 76 77 78 79 80 81 82 83 84 85 86 87 88 89 90 91 92 93 94 95 96 97 98 99 100 101 102 103 104 105 106 107 108 109 110 111 112 113 114 115 116 117 118 119 120 121 122 123 124 125 126 127,37771.0,False
base,active,512372.0,575672.0,575777.0,64 65 66 67 68 69 70 71 72 73 74 75 76 77 78 79 80 81 82 83 84 85 86 87 88 89 90 91 92 93 94 95 96 97 98 99 100 101 102 103 104 105 106 107 108 109 110 111 112 113 114 115 116 117 118 119 120 121 122 123 124 125 126 127,37774.0,False
base,active,512491.0,575777.0,575882.0,64 65 66 67 68 69 70 71 72 73 74 75 76 77 78 79 80 81 82 83 84 85 86 87 88 89 90 91 92 93 94 95 96 97 98 99 100 101 102 103 104 105 106 107 108 109 110 111 112 113 114 115 116 117 118 119 120 121 122 123 124 125 126 127,37777.0,False
base,active,512611.0,575882.0,575982.0,64 65 66 67 68 69 70 71 72 73 74 75 76 77 78 79 80 81 82 83 84 85 86 87 88 89 90 91 92 93 94 95 96 97 98 99 100 101 102 103 104 105 106 107 108 109 110 111 112 113 114 115 116 117 118 119 120 121 122 123 124 125 126 127,37779.0,False
base,active,512725.0,575982.0,576082.0,64 65 66 67 68 69 70 71 72 73 74 75 76 77 78 79 80 81 82 83 84 85 86 87 88 89 90 91 92 93 94 95 96 97 98 99 100 101 102 103 104 105 106 107 108 109 110 111 112 113 114 115 116 117 118 119 120 121 122 123 124 125 126 127,37780.0,False
base,active,512837.0,576082.0,576183.0,64 65 66 67 68 69 70 71 72 73 74 75 76 77 78 79 80 81 82 83 84 85 86 87 88 89 90 91 92 93 94 95 96 97 98 99 100 101 102 103 104 105 106 107 108 109 110 111 112 113 114 115 116 117 118 119 120 121 122 123 124 125 126 127,37782.0,False
base,active,512948.0,576183.0,576225.0,64 65 66 67 68 69 70 71 72 73 74 75 76 77 78 79 80 81 82 83 84 85 86 87 88 89 90 91 92 93 94 95 96 97 98 99 100 101 102 103 104 105 106 107 108 109 110 111 112 113 114 115 116 117 118 119 120 121 122 123 124 125 126 127,37783.0,False
base,active,512995.0,576225.0,576326.0,64 65 66 67 68 69 70 71 72 73 74 75 76 77 78 79 80 81 82 83 84 85 86 87 88 89 90 91 92 93 94 95 96 97 98 99 100 101 102 103 104 105 106 107 108 109 110 111 112 113 114 115 116 117 118 119 120 121 122 123 124 125 126 127,37784.0,False
base,active,513112.0,576326.0,576427.0,64 65 66 67 68 69 70 71 72 73 74 75 76 77 78 79 80 81 82 83 84 85 86 87 88 89 90 91 92 93 94 95 96 97 98 99 100 101 102 103 104 105 106 107 108 109 110 111 112 113 114 115 116 117 118 119 120 121 122 123 124 125 126 127,37786.0,False
base,active,514741.0,576427.0,576469.0,64 65 66 67 68 69 70 71 72 73 74 75 76 77 78 79 80 81 82 83 84 85 86 87 88 89 90 91 92 93 94 95 96 97 98 99 100 101 102 103 104 105 106 107 108 109 110 111 112 113 114 115 116 117 118 119 120 121 122 123 124 125 126 127,37801.0,False
base,active,515090.0,576469.0,576571.0,64 65 66 67 68 69 70 71 72 73 74 75 76 77 78 79 80 81 82 83 84 85 86 87 88 89 90 91 92 93 94 95 96 97 98 99 100 101 102 103 104 105 106 107 108 109 110 111 112 113 114 115 116 117 118 119 120 121 122 123 124 125 126 127,37803.0,False
base,active,515281.0,576571.0,576657.0,64 65 66 67 68 69 70 71 72 73 74 75 76 77 78 79 80 81 82 83 84 85 86 87 88 89 90 91 92 93 94 95 96 97 98 99 100 101 102 103 104 105 106 107 108 109 110 111 112 113 114 115 116 117 118 119 120 121 122 123 124 125 126 127,37807.0,False
base,active,516786.0,576657.0,579983.0,64 65 66 67 68 69 70 71 72 73 74 75 76 77 78 79 80 81 82 83 84 85 86 87 88 89 90 91 92 93 94 95 96 97 98 99 100 101 102 103 104 105 106 107 108 109 110 111 112 113 114 115 116 117 118 119 120 121 122 123 124 125 126 127,37822.0,False
base,active,520292.0,579983.0,580342.0,64 65 66 67 68 69 70 71 72 73 74 75 76 77 78 79 80 81 82 83 84 85 86 87 88 89 90 91 92 93 94 95 96 97 98 99 100 101 102 103 104 105 106 107 108 109 110 111 112 113 114 115 116 117 118 119 120 121 122 123 124 125 126 127,37847.0,False
base,active,520813.0,580342.0,581779.0,64 65 66 67 68 69 70 71 72 73 74 75 76 77 78 79 80 81 82 83 84 85 86 87 88 89 90 91 92 93 94 95 96 97 98 99 100 101 102 103 104 105 106 107 108 109 110 111 112 113 114 115 116 117 118 119 120 121 122 123 124 125 126 127,37852.0,False
base,active,522306.0,581779.0,583209.0,64 65 66 67 68 69 70 71 72 73 74 75 76 77 78 79 80 81 82 83 84 85 86 87 88 89 90 91 92 93 94 95 96 97 98 99 100 101 102 103 104 105 106 107 108 109 110 111 112 113 114 115 116 117 118 119 120 121 122 123 124 125 126 127,37866.0,False
base,active,524521.0,583209.0,584828.0,64 65 66 67 68 69 70 71 72 73 74 75 76 77 78 79 80 81 82 83 84 85 86 87 88 89 90 91 92 93 94 95 96 97 98 99 100 101 102 103 104 105 106 107 108 109 110 111 112 113 114 115 116 117 118 119 120 121 122 123 124 125 126 127,37890.0,False
base,active,526209.0,584828.0,586248.0,64 65 66 67 68 69 70 71 72 73 74 75 76 77 78 79 80 81 82 83 84 85 86 87 88 89 90 91 92 93 94 95 96 97 98 99 100 101 102 103 104 105 106 107 108 109 110 111 112 113 114 115 116 117 118 119 120 121 122 123 124 125 126 127,37913.0,False
base,active,527674.0,586248.0,587685.0,64 65 66 67 68 69 70 71 72 73 74 75 76 77 78 79 80 81 82 83 84 85 86 87 88 89 90 91 92 93 94 95 96 97 98 99 100 101 102 103 104 105 106 107 108 109 110 111 112 113 114 115 116 117 118 119 120 121 122 123 124 125 126 127,37926.0,False
base,active,529209.0,586252.0,586969.0,0 1 2 3 4 5 6 7 8 9 10 11 12 13 14 15 16 17 18 19 20 21 22 23 24 25 26 27 28 29 30 31 32 33 34 35 36 37 38 39 40 41 42 43 44 45 46 47 48 49 50 51 52 53 54 55 56 57 58 59 60 61 62 63,37944.0,False
base,active,529947.0,586969.0,588379.0,0 1 2 3 4 5 6 7 8 9 10 11 12 13 14 15 16 17 18 19 20 21 22 23 24 25 26 27 28 29 30 31 32 33 34 35 36 37 38 39 40 41 42 43 44 45 46 47 48 49 50 51 52 53 54 55 56 57 58 59 60 61 62 63,37949.0,False
base,active,531443.0,587685.0,589126.0,64 65 66 67 68 69 70 71 72 73 74 75 76 77 78 79 80 81 82 83 84 85 86 87 88 89 90 91 92 93 94 95 96 97 98 99 100 101 102 103 104 105 106 107 108 109 110 111 112 113 114 115 116 117 118 119 120 121 122 123 124 125 126 127,37965.0,False
base,active,532974.0,588379.0,589788.0,0 1 2 3 4 5 6 7 8 9 10 11 12 13 14 15 16 17 18 19 20 21 22 23 24 25 26 27 28 29 30 31 32 33 34 35 36 37 38 39 40 41 42 43 44 45 46 47 48 49 50 51 52 53 54 55 56 57 58 59 60 61 62 63,37978.0,False
base,active,533917.0,589126.0,589291.0,64 65 66 67 68 69 70 71 72 73 74 75 76 77 78 79 80 81 82 83 84 85 86 87 88 89 90 91 92 93 94 95 96 97 98 99 100 101 102 103 104 105 106 107 108 109 110 111 112 113 114 115 116 117 118 119 120 121 122 123 124 125 126 127,37983.0,False
base,active,534480.0,589291.0,590702.0,64 65 66 67 68 69 70 71 72 73 74 75 76 77 78 79 80 81 82 83 84 85 86 87 88 89 90 91 92 93 94 95 96 97 98 99 100 101 102 103 104 105 106 107 108 109 110 111 112 113 114 115 116 117 118 119 120 121 122 123 124 125 126 127,37988.0,False
base,active,535951.0,589788.0,591267.0,0 1 2 3 4 5 6 7 8 9 10 11 12 13 14 15 16 17 18 19 20 21 22 23 24 25 26 27 28 29 30 31 32 33 34 35 36 37 38 39 40 41 42 43 44 45 46 47 48 49 50 51 52 53 54 55 56 57 58 59 60 61 62 63,37998.0,False
base,active,537624.0,590702.0,591124.0,64 65 66 67 68 69 70 71 72 73 74 75 76 77 78 79 80 81 82 83 84 85 86 87 88 89 90 91 92 93 94 95 96 97 98 99 100 101 102 103 104 105 106 107 108 109 110 111 112 113 114 115 116 117 118 119 120 121 122 123 124 125 126 127,38005.0,False
base,active,538070.0,591124.0,592095.0,64 65 66 67 68 69 70 71 72 73 74 75 76 77 78 79 80 81 82 83 84 85 86 87 88 89 90 91 92 93 94 95 96 97 98 99 100 101 102 103 104 105 106 107 108 109 110 111 112 113 114 115 116 117 118 119 120 121 122 123 124 125 126 127,38006.0,False
base,active,540324.0,591267.0,593044.0,0 1 2 3 4 5 6 7 8 9 10 11 12 13 14 15 16 17 18 19 20 21 22 23 24 25 26 27 28 29 30 31 32 33 34 35 36 37 38 39 40 41 42 43 44 45 46 47 48 49 50 51 52 53 54 55 56 57 58 59 60 61 62 63,38016.0,False
base,active,541153.0,592095.0,592925.0,64 65 66 67 68 69 70 71 72 73 74 75 76 77 78 79 80 81 82 83 84 85 86 87 88 89 90 91 92 93 94 95 96 97 98 99 100 101 102 103 104 105 106 107 108 109 110 111 112 113 114 115 116 117 118 119 120 121 122 123 124 125 126 127,38025.0,False
base,active,542189.0,592925.0,594684.0,64 65 66 67 68 69 70 71 72 73 74 75 76 77 78 79 80 81 82 83 84 85 86 87 88 89 90 91 92 93 94 95 96 97 98 99 100 101 102 103 104 105 106 107 108 109 110 111 112 113 114 115 116 117 118 119 120 121 122 123 124 125 126 127,38026.0,False
base,active,544053.0,593044.0,595629.0,0 1 2 3 4 5 6 7 8 9 10 11 12 13 14 15 16 17 18 19 20 21 22 23 24 25 26 27 28 29 30 31 32 33 34 35 36 37 38 39 40 41 42 43 44 45 46 47 48 49 50 51 52 53 54 55 56 57 58 59 60 61 62 63,38038.0,False
base,active,548704.0,594684.0,594720.0,64 65 66 67 68 69 70 71 72 73 74 75 76 77 78 79 80 81 82 83 84 85 86 87 88 89 90 91 92 93 94 95 96 97 98 99 100 101 102 103 104 105 106 107 108 109 110 111 112 113 114 115 116 117 118 119 120 121 122 123 124 125 126 127,38063.0,False
base,active,586790.0,594720.0,594723.0,113 114 115 116,38125.0,False
base,active,587107.0,594720.0,594723.0,109 110 111 112,38126.0,False
base,active,587122.0,594720.0,594723.0,105 106 107 108,38127.0,False
base,active,587964.0,594720.0,594723.0,101 102 103 104,38128.0,False
base,active,589220.0,594720.0,594723.0,69 70 71 72 73 74 75 76 77 78 79 80 81 82 83 84 85 86 87 88 89 90 91 92 93 94 95 96 97 98 99 100,38129.0,False
base,active,590953.0,594720.0,594724.0,64,38139.0,False
base,active,584795.0,594720.0,594763.0,118,38120.0,False
base,active,584734.0,594720.0,594769.0,119,38119.0,False
base,active,585173.0,594720.0,594770.0,117,38122.0,False
base,active,584697.0,594720.0,594832.0,120 121 122 123 124 125 126 127,38118.0,False
base,active,590822.0,594720.0,594902.0,65 66 67 68,38138.0,False
base,active,589262.0,594723.0,594726.0,85 86 87 88 89 90 91 92 93 94 95 96 97 98 99 100 101 102 103 104 105 106 107 108 109 110 111 112 113 114 115 116,38130.0,False
base,active,591182.0,594723.0,594728.0,72,38142.0,False
base,active,592963.0,594723.0,594740.0,71,38155.0,False
base,active,593292.0,594723.0,594743.0,70,38160.0,False
base,active,593488.0,594723.0,594748.0,69,38163.0,False
base,active,591129.0,594723.0,594764.0,73 74 75 76,38141.0,False
base,active,591032.0,594723.0,594787.0,77 78 79 80 81 82 83 84,38140.0,False
base,active,594308.0,594724.0,594730.0,64,38169.0,False
base,active,589283.0,594726.0,594729.0,85 86 87 88 89 90 91 92 93 94 95 96 97 98 99 100 101 102 103 104 105 106 107 108 109 110 111 112 113 114 115 116,38131.0,False
base,active,,594728.0,594743.0,72,-1.0,
base,active,591634.0,594729.0,594808.0,85 86 87 88 89 90 91 92 93 94 95 96 97 98 99 100 101 102 103 104 105 106 107 108 109 110 111 112 113 114 115 116,38143.0,False
base,active,,594730.0,594743.0,64,-1.0,
base,active,,594740.0,594743.0,71,-1.0,
base,active,594226.0,594743.0,595332.0,64 70 71 72,38167.0,False
base,active,,594748.0,594770.0,69,-1.0,
base,active,,594763.0,594770.0,118,-1.0,
base,active,,594764.0,594770.0,73 74 75 76,-1.0,
base,active,,594769.0,594770.0,119,-1.0,
base,active,591656.0,594770.0,594828.0,69 73 74 75 76 117 118 119,38144.0,False
base,active,591795.0,594787.0,594892.0,77 78 79 80 81 82 83 84,38146.0,False
base,active,591775.0,594808.0,594933.0,85 86 87 88 89 90 91 92 93 94 95 96 97 98 99 100 101 102 103 104 105 106 107 108 109 110 111 112 113 114 115 116,38145.0,False
base,active,592057.0,594828.0,595169.0,69 73 74 75 76 117 118 119,38149.0,False
base,active,592659.0,594832.0,594873.0,120 121 122 123 124 125 126 127,38153.0,False
base,active,593184.0,594873.0,595007.0,120 121 122 123 124 125 126 127,38158.0,False
base,active,,594892.0,595007.0,77 78 79 80 81 82 83 84,-1.0,
base,active,,594902.0,595202.0,65 66 67 68,-1.0,
base,active,592109.0,594933.0,595069.0,85 86 87 88 89 90 91 92 93 94 95 96 97 98 99 100,38150.0,False
base,active,591883.0,594933.0,595101.0,101 102 103 104 105 106 107 108 109 110 111 112 113 114 115 116,38147.0,False
base,active,592612.0,595007.0,595184.0,77 78 79 80 81 82 83 84 120 121 122 123 124 125 126 127,38151.0,False
base,active,593196.0,595069.0,595257.0,85 86 87 88 89 90 91 92 93 94 95 96 97 98 99 100,38159.0,False
base,active,593440.0,595101.0,595241.0,101 102 103 104 105 106 107 108 109 110 111 112 113 114 115 116,38161.0,False
base,active,,595169.0,595184.0,117 118 119,-1.0,
base,active,,595169.0,595225.0,76,-1.0,
base,active,,595169.0,595469.0,69 73 74 75,-1.0,
base,active,,595184.0,595225.0,77 78 79,-1.0,
base,active,594004.0,595184.0,595357.0,80 81 82 83 84 117 118 119 120 121 122 123 124 125 126 127,38166.0,False
base,switching_off,,595202.0,597002.0,65 66 67 68,-2.0,
base,active,595225.0,595225.0,598654.0,76 77 78 79,38176.0,False
base,active,594796.0,595241.0,595616.0,101 102 103 104 105 106 107 108 109 110 111 112 113 114 115 116,38174.0,False
base,active,,595257.0,595343.0,100,-1.0,
base,active,,595257.0,595357.0,85 86 87 88 89 90 91 92 93 94 95 96 97 98 99,-1.0,
base,active,,595332.0,595629.0,64 70 71 72,-1.0,
base,active,595343.0,595343.0,595345.0,100,38177.0,False
base,active,,595345.0,595357.0,100,-1.0,
base,active,592034.0,595357.0,595720.0,80 81 82 83 84 85 86 87 88 89 90 91 92 93 94 95 96 97 98 99 100 117 118 119 120 121 122 123 124 125 126 127,38148.0,False
base,switching_off,,595469.0,597269.0,69 73 74 75,-2.0,
base,active,,595616.0,595629.0,101 102 103 104 105 106 107 108 109 110 111 112 113 114 115 116,-1.0,
base,active,592614.0,595629.0,595715.0,52 53 54 55 56 57 58 59 60 61 62 63 64 70 71 72 101 102 103 104 105 106 107 108 109 110 111 112 113 114 115 116,38152.0,False
base,active,593111.0,595629.0,595834.0,20 21 22 23 24 25 26 27 28 29 30 31 32 33 34 35 36 37 38 39 40 41 42 43 44 45 46 47 48 49 50 51,38157.0,False
base,active,,595629.0,595929.0,0 1 2 3 4 5 6 7 8 9 10 11 12 13 14 15 16 17 18 19,-1.0,
base,active,,595715.0,595929.0,101 102 103 104 105 106 107 108 109 110 111 112 113 114 115 116,-1.0,
base,active,,595715.0,596015.0,52 53 54 55 56 57 58 59 60 61 62 63 64 70 71 72,-1.0,
base,active,,595720.0,595929.0,96 97 98 99 100 117 118 119 120 121 122 123 124 125 126 127,-1.0,
base,active,,595720.0,596020.0,80 81 82 83 84 85 86 87 88 89 90 91 92 93 94 95,-1.0,
base,active,,595834.0,596134.0,20 21 22 23 24 25 26 27 28 29 30 31 32 33 34 35 36 37 38 39 40 41 42 43 44 45 46 47 48 49 50 51,-1.0,
base,switching_off,,595929.0,597729.0,0 1 2 3 4 5 6 7 8 9 10 11 12 13 14 15 16 17 18 19,-2.0,
base,active,595364.0,595929.0,600316.0,96 97 98 99 100 101 102 103 104 105 106 107 108 109 110 111 112 113 114 115 116 117 118 119 120 121 122 123 124 125 126 127,38178.0,False
base,switching_off,,596015.0,597815.0,52 53 54 55 56 57 58 59 60 61 62 63 64 70 71 72,-2.0,
base,switching_off,,596020.0,597820.0,80 81 82 83 84 85 86 87 88 89 90 91 92 93 94 95,-2.0,
base,switching_off,,596134.0,597934.0,20 21 22 23 24 25 26 27 28 29 30 31 32 33 34 35 36 37 38 39 40 41 42 43 44 45 46 47 48 49 50 51,-2.0,
base,sleeping,,597002.0,597234.0,68,-4.0,
base,sleeping,,597002.0,597729.0,65 66 67,-4.0,
base,switching_on,,597234.0,599934.0,68,-3.0,
base,sleeping,,597269.0,597582.0,69 73 74 75,-4.0,
base,switching_on,,597582.0,600282.0,69 73 74 75,-3.0,
base,sleeping,,597729.0,599437.0,6,-4.0,
base,sleeping,,597729.0,599713.0,2 3 4 5,-4.0,
base,sleeping,,597729.0,600316.0,0 1,-4.0,
base,switching_on,,597729.0,600429.0,7 8 9 10 11 12 13 14 15 16 17 18 19 65 66 67,-3.0,
base,switching_on,,597815.0,600515.0,52 53 54 55 56 57 58 59 60 61 62 63 64 70 71 72,-3.0,
base,switching_on,,597820.0,600520.0,80 81 82 83 84 85 86 87 88 89 90 91 92 93 94 95,-3.0,
base,sleeping,,597934.0,598973.0,20 21 22 23 24 25 26 27 28 29 30 31 32 33 34 35 36 37 38 39 40 41 42 43 44 45 46 47 48 49 50 51,-4.0,
base,active,598003.0,598654.0,598673.0,76 77 78 79,38205.0,False
base,active,,598673.0,598863.0,79,-1.0,
base,active,,598673.0,598973.0,76 77 78,-1.0,
base,active,598863.0,598863.0,598880.0,79,38208.0,False
base,active,,598880.0,599180.0,79,-1.0,
base,switching_off,,598973.0,600773.0,76 77 78,-2.0,
base,switching_on,,598973.0,601673.0,20 21 22 23 24 25 26 27 28 29 30 31 32 33 34 35 36 37 38 39 40 41 42 43 44 45 46 47 48 49 50 51,-3.0,
base,switching_off,,599180.0,600980.0,79,-2.0,
base,switching_on,,599437.0,602137.0,6,-3.0,
base,switching_on,,599713.0,602413.0,2 3 4 5,-3.0,
base,active,597234.0,599934.0,599953.0,68,38198.0,False
base,active,,599953.0,600253.0,68,-1.0,
base,switching_off,,600253.0,602053.0,68,-2.0,
base,active,597582.0,600282.0,600331.0,69 73 74 75,38203.0,False
base,active,597149.0,600316.0,600332.0,98 99 100 101 102 103 104 105 106 107 108 109 110 111 112 113,38195.0,False
base,active,,600316.0,600373.0,96 97,-1.0,
base,active,,600316.0,603016.0,114 115 116 117 118 119 120 121 122 123 124 125 126 127,-1.0,
base,switching_on,,600316.0,603016.0,0 1,-3.0,
base,active,,600331.0,600373.0,74 75,-1.0,
base,active,,600331.0,600442.0,69 73,-1.0,
base,active,597176.0,600332.0,600334.0,98 99 100 101 102 103 104 105 106 107 108 109 110 111 112 113,38196.0,False
base,active,597184.0,600334.0,600349.0,98 99 100 101 102 103 104 105 106 107 108 109 110 111 112 113,38197.0,False
base,active,598940.0,600349.0,600370.0,98 99 100 101 102 103 104 105 106 107 108 109 110 111 112 113,38210.0,False
base,active,598985.0,600370.0,600377.0,98 99 100 101 102 103 104 105 106 107 108 109 110 111 112 113,38211.0,False
base,active,600373.0,600373.0,600385.0,74 75 96 97,38224.0,False
base,active,598997.0,600377.0,600392.0,98 99 100 101 102 103 104 105 106 107 108 109 110 111 112 113,38213.0,False
base,active,,600385.0,600442.0,74 75 96 97,-1.0,
base,active,,600392.0,600433.0,110 111 112 113,-1.0,
base,active,,600392.0,600442.0,98 99 100 101 102 103 104 105 106 107 108 109,-1.0,
base,active,596169.0,600429.0,600442.0,7 8 9 10 11 12 13 14 15 16 17 18 19 65 66 67,38185.0,False
base,active,600433.0,600433.0,600448.0,110 111 112 113,38225.0,False
base,active,,600442.0,600742.0,7 8,-1.0,
base,active,598870.0,600442.0,600937.0,9 10 11 12 13 14 15 16 17 18 19 65 66 67 69 73 74 75 96 97 98 99 100 101 102 103 104 105 106 107 108 109,38209.0,False
base,active,,600448.0,600528.0,110 111 112 113,-1.0,
base,active,596209.0,600515.0,600528.0,52 53 54 55 56 57 58 59 60 61 62 63 64 70 71 72,38186.0,False
base,active,596455.0,600520.0,600521.0,80 81 82 83 84 85 86 87 88 89 90 91 92 93 94 95,38187.0,False
base,active,,600521.0,600528.0,80 81 82 83 84 85 86 87 88 89 90 91 92 93 94 95,-1.0,
base,active,599762.0,600528.0,600596.0,56 57 58 59 60 61 62 63 64 70 71 72 80 81 82 83 84 85 86 87 88 89 90 91 92 93 94 95 110 111 112 113,38222.0,False
base,active,,600528.0,600828.0,52 53 54 55,-1.0,
base,active,,600596.0,600896.0,56 57 58 59 60 61 62 63 64 70 71 72 80 81 82 83 84 85 86 87 88 89 90 91 92 93 94 95 110 111 112 113,-1.0,
base,switching_off,,600742.0,602542.0,7 8,-2.0,
base,sleeping,,600773.0,601210.0,76 77 78,-4.0,
base,switching_off,,600828.0,602628.0,52 53 54 55,-2.0,
base,switching_off,,600896.0,602696.0,56 57 58 59 60 61 62 63 64 70 71 72 80 81 82 83 84 85 86 87 88 89 90 91 92 93 94 95 110 111 112 113,-2.0,
base,active,,600937.0,601237.0,9 10 11 12,-1.0,
base,active,,600937.0,603910.0,13 14 15 16 17 18 19 65 66 67 69 73 74 75 96 97 98 99 100 101 102 103 104 105 106 107 108 109,-1.0,
base,sleeping,,600980.0,601210.0,79,-4.0,
base,switching_on,,601210.0,603910.0,76 77 78 79,-3.0,
base,switching_off,,601237.0,603037.0,9 10 11 12,-2.0,
base,active,596461.0,601673.0,601682.0,44 45 46 47 48 49 50 51,38188.0,False
base,active,596509.0,601673.0,601683.0,36 37 38 39 40 41 42 43,38190.0,False
base,active,596630.0,601673.0,601686.0,20 21 22 23 24 25 26 27 28 29 30 31 32 33 34 35,38191.0,False
base,active,601524.0,601682.0,601713.0,48 49 50 51,38233.0,False
base,active,,601682.0,601713.0,44 45 46 47,-1.0,
base,active,,601683.0,601713.0,36 37 38 39 40 41 42 43,-1.0,
base,active,,601686.0,601713.0,20 21 22 23 24 25 26 27 28 29 30 31 32 33 34 35,-1.0,
base,active,601559.0,601713.0,601858.0,20 21 22 23 24 25 26 27 28 29 30 31 32 33 34 35 36 37 38 39 40 41 42 43 44 45 46 47 48 49 50 51,38234.0,False
base,active,601847.0,601858.0,601914.0,48 49 50 51,38236.0,False
base,active,,601858.0,601937.0,20 21 22 23 24 25 26 27 28 29 30 31 32 33 34 35 36 37 38 39 40 41 42 43 44 45 46 47,-1.0,
base,active,,601914.0,601937.0,48 49 50 51,-1.0,
base,active,601937.0,601937.0,602395.0,20 21 22 23 24 25 26 27 28 29 30 31 32 33 34 35 36 37 38 39 40 41 42 43 44 45 46 47 48 49 50 51,38237.0,False
base,switching_on,,602053.0,604753.0,68,-3.0,
base,active,599437.0,602137.0,602289.0,6,38218.0,False
base,active,602120.0,602289.0,602311.0,6,38243.0,False
base,active,602260.0,602311.0,602355.0,6,38250.0,False
base,active,,602355.0,605242.0,6,-1.0,
base,active,602011.0,602395.0,602429.0,44 45 46 47,38239.0,False
base,active,601983.0,602395.0,602430.0,48 49 50 51,38238.0,False
base,active,602070.0,602395.0,602441.0,40 41 42 43,38242.0,False
base,active,602135.0,602395.0,602441.0,36 37 38 39,38244.0,False
base,active,602236.0,602395.0,602476.0,26 27 28 29,38248.0,False
base,active,602170.0,602395.0,604000.0,30 31,38247.0,False
base,active,602147.0,602395.0,604020.0,32 33 34 35,38245.0,False
base,active,,602395.0,605242.0,20 21 22 23 24 25,-1.0,
base,active,599713.0,602413.0,602426.0,2 3 4 5,38221.0,False
base,active,,602426.0,602726.0,2,-1.0,
base,active,,602426.0,605242.0,3 4 5,-1.0,
base,active,,602429.0,605242.0,44 45 46 47,-1.0,
base,active,,602430.0,605242.0,48 49 50 51,-1.0,
base,active,,602441.0,605242.0,36 37 38 39 40 41 42 43,-1.0,
base,active,,602476.0,605242.0,26 27 28 29,-1.0,
base,switching_on,,602542.0,605242.0,7 8,-3.0,
base,switching_on,,602628.0,605328.0,52 53 54 55,-3.0,
base,switching_on,,602696.0,605396.0,56 57 58 59 60 61 62 63 64 70 71 72 80 81 82 83 84 85 86 87 88 89 90 91 92 93 94 95 110 111 112 113,-3.0,
base,switching_off,,602726.0,604526.0,2,-2.0,
base,active,596713.0,603016.0,603027.0,0 1 114 115 116 117 118 119 120 121 122 123 124 125 126 127,38192.0,False
base,active,602988.0,603027.0,603061.0,119,38259.0,False
base,active,602688.0,603027.0,603073.0,124 125 126 127,38256.0,False
base,active,602826.0,603027.0,603302.0,120 121 122 123,38257.0,False
base,active,,603027.0,603327.0,0 1 114 115 116 117 118,-1.0,
base,sleeping,,603037.0,603168.0,9 10 11 12,-4.0,
base,active,,603061.0,603361.0,119,-1.0,
base,active,,603073.0,603235.0,124 125 126 127,-1.0,
base,switching_on,,603168.0,605868.0,9 10 11 12,-3.0,
base,active,603235.0,603235.0,603294.0,124 125 126 127,38262.0,False
base,active,,603294.0,603349.0,124 125 126 127,-1.0,
base,active,,603302.0,603386.0,123,-1.0,
base,active,,603302.0,603602.0,120 121 122,-1.0,
base,switching_off,,603327.0,605127.0,0 1 114 115 116 117 118,-2.0,
base,active,603349.0,603349.0,603393.0,124 125 126 127,38264.0,False
base,switching_off,,603361.0,605161.0,119,-2.0,
base,active,603386.0,603386.0,603406.0,123,38266.0,False
base,active,,603393.0,603617.0,127,-1.0,
base,active,,603393.0,603693.0,124 125 126,-1.0,
base,active,,603406.0,603706.0,123,-1.0,
base,switching_off,,603602.0,605402.0,120 121 122,-2.0,
base,active,603617.0,603617.0,603657.0,127,38268.0,False
base,active,,603657.0,603838.0,127,-1.0,
base,switching_off,,603693.0,605493.0,124 125 126,-2.0,
base,switching_off,,603706.0,605506.0,123,-2.0,
base,active,603838.0,603838.0,603864.0,127,38272.0,False
base,active,,603864.0,604020.0,127,-1.0,
base,active,601210.0,603910.0,604034.0,13 14 15 16 17 18 19 65 66 67 69 73 74 75 76 77 78 79 96 97 98 99 100 101 102 103 104 105 106 107 108 109,38232.0,False
base,active,,604000.0,604034.0,30 31,-1.0,
base,active,,604020.0,604034.0,32,-1.0,
base,active,603696.0,604020.0,604068.0,33 34 35 127,38269.0,False
base,active,,604034.0,604334.0,13 14 15,-1.0,
base,active,602397.0,604034.0,606275.0,16 17 18 19 30 31 32 65 66 67 69 73 74 75 76 77 78 79 96 97 98 99 100 101 102 103 104 105 106 107 108 109,38252.0,False
base,active,,604068.0,604142.0,127,-1.0,
base,active,,604068.0,604368.0,33 34 35,-1.0,
base,active,604142.0,604142.0,604241.0,127,38276.0,False
base,active,,604241.0,604367.0,127,-1.0,
base,switching_off,,604334.0,606134.0,13 14 15,-2.0,
base,active,604367.0,604367.0,604408.0,127,38278.0,False
base,switching_off,,604368.0,606168.0,33 34 35,-2.0,
base,active,,604408.0,604441.0,127,-1.0,
base,active,604441.0,604441.0,604609.0,127,38279.0,False
base,sleeping,,604526.0,604692.0,2,-4.0,
base,active,,604609.0,604909.0,127,-1.0,
base,switching_on,,604692.0,607392.0,2,-3.0,
base,active,602047.0,604753.0,604815.0,68,38240.0,False
base,active,,604815.0,605115.0,68,-1.0,
base,switching_off,,604909.0,606709.0,127,-2.0,
base,switching_off,,605115.0,606915.0,68,-2.0,
base,sleeping,,605127.0,605342.0,0 1 114,-4.0,
base,switching_on,,605127.0,607827.0,115 116 117 118,-3.0,
base,sleeping,,605161.0,605342.0,119,-4.0,
base,active,602264.0,605242.0,605462.0,3 4 5 6 7 8 20 21 22 23 24 25 26 27 28 29 36 37 38 39 40 41 42 43 44 45 46 47 48 49 50 51,38251.0,False
base,active,602598.0,605328.0,605342.0,52 53 54 55,38255.0,False
base,active,,605342.0,608042.0,52 53 54 55,-1.0,
base,switching_on,,605342.0,608042.0,0 1 114 119,-3.0,
base,active,602549.0,605396.0,605428.0,56 57 58 59 60 61 62 63 64 70 71 72 80 81 82 83 84 85 86 87 88 89 90 91 92 93 94 95 110 111 112 113,38254.0,False
base,sleeping,,605402.0,605428.0,120 121 122,-4.0,
base,active,,605428.0,605462.0,56 57 58,-1.0,
base,active,,605428.0,608128.0,59 60 61 62 63 64 70 71 72 80 81 82 83 84 85 86 87 88 89 90 91 92 93 94 95 110 111 112 113,-1.0,
base,switching_on,,605428.0,608128.0,120 121 122,-3.0,
base,active,603298.0,605462.0,605477.0,6 7 8 20 21 22 23 24 25 26 27 28 29 36 37 38 39 40 41 42 43 44 45 46 47 48 49 50 51 56 57 58,38263.0,False
base,active,,605462.0,605762.0,3 4 5,-1.0,
base,active,604180.0,605477.0,605649.0,6 7 8 20 21 22 23 24 25 26 27 28 29 36 37 38 39 40 41 42 43 44 45 46 47 48 49 50 51 56 57 58,38277.0,False
base,sleeping,,605493.0,605886.0,124 125 126,-4.0,
base,sleeping,,605506.0,605886.0,123,-4.0,
base,active,605244.0,605649.0,608674.0,6 7 8 20 21 22 23 24 25 26 27 28 29 36 37 38 39 40 41 42 43 44 45 46 47 48 49 50 51 56 57 58,38285.0,False
base,switching_off,,605762.0,607562.0,3 4 5,-2.0,
base,active,603168.0,605868.0,606177.0,9 10 11 12,38261.0,False
base,switching_on,,605886.0,608586.0,123 124 125 126,-3.0,
base,sleeping,,606134.0,606168.0,15,-4.0,
base,sleeping,,606134.0,606177.0,13 14,-4.0,
base,switching_on,,606168.0,608868.0,15 33 34 35,-3.0,
base,active,,606177.0,606477.0,9 10,-1.0,
base,active,,606177.0,608877.0,11 12,-1.0,
base,switching_on,,606177.0,608877.0,13 14,-3.0,
base,active,606245.0,606275.0,606287.0,30 31 32 65,38300.0,False
base,active,606167.0,606275.0,606317.0,66 67 69 73,38299.0,False
base,active,606074.0,606275.0,606327.0,98 99 100 101,38296.0,False
base,active,606110.0,606275.0,606542.0,74 75 76 77 78 79 96 97,38298.0,False
base,active,,606275.0,606575.0,16 17 18 19,-1.0,
base,active,605302.0,606275.0,606947.0,102 103 104 105 106 107 108 109,38286.0,False
base,active,,606287.0,606540.0,30 31 32 65,-1.0,
base,active,,606317.0,606425.0,66 67 69 73,-1.0,
base,active,,606327.0,606425.0,98 99 100 101,-1.0,
base,active,606425.0,606425.0,607028.0,66 67 69 73 98 99 100 101,38301.0,False
base,switching_off,,606477.0,608277.0,9 10,-2.0,
base,active,606540.0,606540.0,606556.0,30 31 32 65,38303.0,False
base,active,,606542.0,606842.0,74 75 76 77 78 79 96 97,-1.0,
base,active,,606556.0,606856.0,30 31 32 65,-1.0,
base,switching_off,,606575.0,608375.0,16 17 18 19,-2.0,
base,sleeping,,606709.0,607028.0,127,-4.0,
base,switching_off,,606842.0,608642.0,74 75 76 77 78 79 96 97,-2.0,
base,switching_off,,606856.0,608656.0,30 31 32 65,-2.0,
base,sleeping,,606915.0,607028.0,68,-4.0,
base,active,,606947.0,609728.0,102 103 104 105 106 107 108 109,-1.0,
base,active,,607028.0,607328.0,66 67,-1.0,
base,active,,607028.0,609728.0,69 73 98 99 100 101,-1.0,
base,switching_on,,607028.0,609728.0,68 127,-3.0,
base,switching_off,,607328.0,609128.0,66 67,-2.0,
base,active,604692.0,607392.0,607417.0,2,38283.0,False
base,active,,607417.0,607717.0,2,-1.0,
base,sleeping,,607562.0,608139.0,3 4 5,-4.0,
base,switching_off,,607717.0,609517.0,2,-2.0,
base,active,604441.0,607827.0,607853.0,115 116 117 118,38280.0,False
base,active,,607853.0,610839.0,115 116 117 118,-1.0,
base,active,604643.0,608042.0,608651.0,0 1 52 53 54 55 114 119,38282.0,False
base,active,603143.0,608128.0,608139.0,59 60 61 62 63 64 70 71 72 80 81 82 83 84 85 86 87 88 89 90 91 92 93 94 95 110 111 112 113 120 121 122,38260.0,False
base,active,,608139.0,608439.0,59,-1.0,
base,active,,608139.0,610839.0,71 72 80 81 82 83 84 85 86 87 88 89 90 91 92 93 94 95 110 111 112 113 120 121 122,-1.0,
base,switching_on,,608139.0,610839.0,3 4 5,-3.0,
base,active,,608139.0,610977.0,60 61 62 63 64 70,-1.0,
base,switching_on,,608277.0,610977.0,9 10,-3.0,
base,sleeping,,608375.0,608642.0,16 17 18 19,-4.0,
base,switching_off,,608439.0,610239.0,59,-2.0,
base,active,605886.0,608586.0,608604.0,123 124 125 126,38293.0,False
base,active,,608604.0,611342.0,123 124 125 126,-1.0,
base,switching_on,,608642.0,611342.0,16 17 18 19 74 75 76 77 78 79 96 97,-3.0,
base,active,,608651.0,608951.0,0 1,-1.0,
base,active,,608651.0,611374.0,52 53 54 55 114 119,-1.0,
base,sleeping,,608656.0,608674.0,30 31 32 65,-4.0,
base,active,,608674.0,608974.0,6 7 8 20 21 22 23 24 25 26,-1.0,
base,active,,608674.0,611374.0,27 28 29 36 37 38 39 40 41 42 43 44 45 46 47 48 49 50 51 56 57 58,-1.0,
base,switching_on,,608674.0,611374.0,30 31 32 65,-3.0,
base,active,605938.0,608868.0,608894.0,15 33 34 35,38294.0,False
base,active,605987.0,608877.0,608901.0,11 12 13 14,38295.0,False
base,active,,608894.0,609194.0,15 33 34 35,-1.0,
base,active,,608901.0,609201.0,11 12 13 14,-1.0,
base,switching_off,,608951.0,610751.0,0 1,-2.0,
base,switching_off,,608974.0,610774.0,6 7 8 20 21 22 23 24 25 26,-2.0,
base,sleeping,,609128.0,609334.0,67,-4.0,
base,sleeping,,609128.0,609788.0,66,-4.0,
base,switching_off,,609194.0,610994.0,15 33 34 35,-2.0,
base,switching_off,,609201.0,611001.0,11 12 13 14,-2.0,
base,switching_on,,609334.0,612034.0,67,-3.0,
base,sleeping,,609517.0,609788.0,2,-4.0,
base,active,606833.0,609728.0,609788.0,68 69 73 98 99 100 101 102 103 104 105 106 107 108 109 127,38304.0,False
base,active,,609788.0,609904.0,101 102 103 104,-1.0,
base,active,609533.0,609788.0,610085.0,105 106 107 108,38329.0,False
base,active,,609788.0,610088.0,68 69 73 98 99 100,-1.0,
base,active,,609788.0,612488.0,109 127,-1.0,
base,switching_on,,609788.0,612488.0,2 66,-3.0,
base,active,609904.0,609904.0,610210.0,101 102 103 104,38331.0,False
base,active,,610085.0,610385.0,105,-1.0,
base,active,,610085.0,612986.0,106 107 108,-1.0,
base,switching_off,,610088.0,611888.0,68 69 73 98 99 100,-2.0,
base,active,,610210.0,610510.0,101 102 103 104,-1.0,
base,sleeping,,610239.0,610286.0,59,-4.0,
base,switching_on,,610286.0,612986.0,59,-3.0,
base,switching_off,,610385.0,612185.0,105,-2.0,
base,switching_off,,610510.0,612310.0,101 102 103 104,-2.0,
base,sleeping,,610751.0,610767.0,0 1,-4.0,
base,switching_on,,610767.0,613467.0,0 1,-3.0,
base,sleeping,,610774.0,610888.0,23 24 25 26,-4.0,
base,sleeping,,610774.0,610982.0,8 20 21 22,-4.0,
base,sleeping,,610774.0,611028.0,6 7,-4.0,
base,active,605783.0,610839.0,611028.0,3 4 5 71 72 80 81 82 83 84 85 86 87 88 89 90 91 92 93 94 95 110 111 112 113 115 116 117 118 120 121 122,38292.0,False
base,switching_on,,610888.0,613588.0,23 24 25 26,-3.0,
base,active,607111.0,610977.0,611593.0,9 10 60 61 62 63 64 70,38310.0,False
base,switching_on,,610982.0,613682.0,8 20 21 22,-3.0,
base,sleeping,,610994.0,611001.0,15 33 34 35,-4.0,
base,switching_on,,611001.0,613701.0,11 12 13 14 15 33 34 35,-3.0,
base,active,,611028.0,611322.0,3 4,-1.0,
base,active,,611028.0,613728.0,5 71 72 80 81 82 83 84 85 86 87 88 89 90 91 92 93 94 95 110 111 112 113 115 116 117 118 120 121 122,-1.0,
base,switching_on,,611028.0,613728.0,6 7,-3.0,
base,active,611322.0,611322.0,612963.0,3 4,38348.0,False
base,active,607061.0,611342.0,611601.0,16 17 18 19 74 75 76 77 78 79 96 97 123 124 125 126,38309.0,False
base,active,607807.0,611374.0,611519.0,27 28 29 30 31 32 36 37 38 39 40 41 42 43 44 45 46 47 48 49 50 51 52 53 54 55 56 57 58 65 114 119,38313.0,False
base,active,608285.0,611519.0,611658.0,27 28 29 30 31 32 36 37 38 39 40 41 42 43 44 45 46 47 48 49 50 51 52 53 54 55 56 57 58 65 114 119,38316.0,False
base,active,611118.0,611593.0,611636.0,62 63 64 70,38346.0,False
base,active,611295.0,611593.0,613258.0,9 10 60 61,38347.0,False
base,active,611496.0,611601.0,611671.0,16 17 18 19 74 75 76 77,38351.0,False
base,active,611383.0,611601.0,611691.0,78 79 96 97 123 124 125 126,38349.0,False
base,active,,611636.0,611658.0,62 63 64 70,-1.0,
base,active,608440.0,611658.0,611800.0,31 32 36 37 38 39 40 41 42 43 44 45 46 47 48 49 50 51 52 53 54 55 56 57 58 62 63 64 65 70 114 119,38317.0,False
base,active,,611658.0,611958.0,27 28 29 30,-1.0,
base,active,,611671.0,611800.0,74 75 76 77,-1.0,
base,active,,611671.0,611971.0,16 17 18 19,-1.0,
base,active,,611691.0,611711.0,123 124 125 126,-1.0,
base,active,,611691.0,611800.0,78 79 96 97,-1.0,
base,active,611711.0,611711.0,611729.0,123 124 125 126,38352.0,False
base,active,,611729.0,611800.0,123 124 125 126,-1.0,
base,active,,611800.0,611839.0,42 43 44 45,-1.0,
base,active,608844.0,611800.0,611935.0,46 47 48 49 50 51 52 53 54 55 56 57 58 62 63 64 65 70 74 75 76 77 78 79 96 97 114 119 123 124 125 126,38323.0,False
base,active,,611800.0,612100.0,31 32 36 37 38 39 40 41,-1.0,
base,active,611839.0,611839.0,611887.0,42 43 44 45,38355.0,False
base,active,,611887.0,612187.0,42 43 44 45,-1.0,
base,sleeping,,611888.0,611935.0,68 69 73 98 99 100,-4.0,
base,active,,611935.0,612151.0,49 50 51,-1.0,
base,active,,611935.0,612235.0,46 47 48,-1.0,
base,active,,611935.0,614635.0,52 53 54 55 56 57 58 62 63 64 65 70 74 75 76 77 78 79 96 97 114 119 123 124 125 126,-1.0,
base,switching_on,,611935.0,614635.0,68 69 73 98 99 100,-3.0,
base,switching_off,,611958.0,613758.0,27 28 29 30,-2.0,
base,switching_off,,611971.0,613771.0,16 17 18 19,-2.0,
base,active,609334.0,612034.0,612050.0,67,38328.0,False
base,active,,612050.0,612151.0,67,-1.0,
base,switching_off,,612100.0,613900.0,31 32 36 37 38 39 40 41,-2.0,
base,active,612151.0,612151.0,612196.0,49 50 51 67,38359.0,False
base,sleeping,,612185.0,612839.0,105,-4.0,
base,switching_off,,612187.0,613987.0,42 43 44 45,-2.0,
base,active,,612196.0,612496.0,49 50 51 67,-1.0,
base,switching_off,,612235.0,614035.0,46 47 48,-2.0,
base,sleeping,,612310.0,612839.0,101 102 103 104,-4.0,
base,active,609215.0,612488.0,612785.0,2 66 109 127,38326.0,False
base,switching_off,,612496.0,614296.0,49 50 51 67,-2.0,
base,active,,612785.0,613085.0,2,-1.0,
base,active,,612785.0,615539.0,66 109 127,-1.0,
base,switching_on,,612839.0,615539.0,101 102 103 104 105,-3.0,
base,active,,612963.0,613263.0,3 4,-1.0,
base,active,610286.0,612986.0,613256.0,59 106 107 108,38336.0,False
base,switching_off,,613085.0,614885.0,2,-2.0,
base,active,,613256.0,613277.0,106 107 108,-1.0,
base,active,,613256.0,613298.0,59,-1.0,
base,active,,613258.0,613277.0,61,-1.0,
base,active,,613258.0,613298.0,60,-1.0,
base,active,,613258.0,613558.0,9 10,-1.0,
base,switching_off,,613263.0,615063.0,3 4,-2.0,
base,active,613277.0,613277.0,614935.0,61 106 107 108,38371.0,False
base,active,613298.0,613298.0,614938.0,59 60,38372.0,False
base,active,610767.0,613467.0,613564.0,0 1,38338.0,False
base,switching_off,,613558.0,615358.0,9 10,-2.0,
base,active,,613564.0,613864.0,0 1,-1.0,
base,active,610888.0,613588.0,613686.0,23 24 25 26,38339.0,False
base,active,610982.0,613682.0,613742.0,8 20 21 22,38343.0,False
base,active,,613686.0,616600.0,23 24 25 26,-1.0,
base,active,611000.0,613701.0,613773.0,11 12 13 14 15 33 34 35,38345.0,False
base,active,608011.0,613728.0,613864.0,5 6 7 71 72 80 81 82 83 84 85 86 87 88 89 90 91 92 93 94 95 110 111 112 113 115 116 117 118 120 121 122,38314.0,False
base,active,,613742.0,616600.0,8 20 21 22,-1.0,
base,sleeping,,613758.0,613900.0,27 28 29 30,-4.0,
base,sleeping,,613771.0,613900.0,16 17 18 19,-4.0,
base,active,,613773.0,613864.0,33 34 35,-1.0,
base,active,,613773.0,616600.0,11 12 13 14 15,-1.0,
base,switching_off,,613864.0,615664.0,0 1,-2.0,
base,active,,613864.0,616600.0,5 6 7,-1.0,
base,active,609332.0,613864.0,616879.0,33 34 35 71 72 80 81 82 83 84 85 86 87 88 89 90 91 92 93 94 95 110 111 112 113 115 116 117 118 120 121 122,38327.0,False
base,switching_on,,613900.0,616600.0,16 17 18 19 27 28 29 30 31 32 36 37 38 39 40 41,-3.0,
base,sleeping,,613987.0,614657.0,45,-4.0,
base,sleeping,,613987.0,614768.0,42 43 44,-4.0,
base,sleeping,,614035.0,614657.0,46 47 48,-4.0,
base,sleeping,,614296.0,614657.0,49 50 51 67,-4.0,
base,active,608999.0,614635.0,614768.0,52 53 54 55 56 57 58 62 63 64 65 68 69 70 73 74 75 76 77 78 79 96 97 98 99 100 114 119 123 124 125 126,38324.0,False
base,switching_on,,614657.0,617357.0,45 46 47 48 49 50 51 67,-3.0,
base,active,,614768.0,614938.0,53 54,-1.0,
base,active,,614768.0,617468.0,55 56 57 58 62 63 64 65 68 69 70 73 74 75 76 77 78 79 96 97 98 99 100 114 119 123 124 125 126,-1.0,
base,switching_on,,614768.0,617468.0,42 43 44,-3.0,
base,active,,614768.0,617763.0,52,-1.0,
base,sleeping,,614885.0,615063.0,2,-4.0,
base,active,,614935.0,614938.0,61 106 107 108,-1.0,
base,active,614858.0,614938.0,616081.0,53 54 59 60 61 106 107 108,38387.0,False
base,switching_on,,615063.0,617763.0,2 3 4,-3.0,
base,sleeping,,615358.0,616611.0,9 10,-4.0,
base,active,612839.0,615539.0,616116.0,66 101 102 103 104 105 109 127,38364.0,False
base,sleeping,,615664.0,616611.0,0 1,-4.0,
base,active,,616081.0,616381.0,53 54 59 60 61 106 107 108,-1.0,
base,active,,616116.0,616343.0,127,-1.0,
base,active,,616116.0,616416.0,66 101 102 103 104 105 109,-1.0,
base,active,616343.0,616343.0,616430.0,127,38394.0,False
base,switching_off,,616381.0,618181.0,53 54 59 60 61 106 107 108,-2.0,
base,switching_off,,616416.0,618216.0,66 101 102 103 104 105 109,-2.0,
base,active,,616430.0,616639.0,127,-1.0,
base,active,610910.0,616600.0,616639.0,5 6 7 8 11 12 13 14 15 16 17 18 19 20 21 22 23 24 25 26 27 28 29 30 31 32 36 37 38 39 40 41,38340.0,False
base,switching_on,,616611.0,619311.0,0 1 9 10,-3.0,
base,active,612599.0,616639.0,616808.0,6 7 8 11 12 13 14 15 16 17 18 19 20 21 22 23 24 25 26 27 28 29 30 31 32 36 37 38 39 40 41 127,38362.0,False
base,active,,616639.0,616939.0,5,-1.0,
base,active,612769.0,616808.0,617046.0,6 7 8 11 12 13 14 15 16 17 18 19 20 21 22 23 24 25 26 27 28 29 30 31 32 36 37 38 39 40 41 127,38363.0,False
base,active,613012.0,616879.0,617080.0,33 34 35 71 72 80 81 82 83 84 85 86 87 88 89 90 91 92 93 94 95 110 111 112 113 115 116 117 118 120 121 122,38365.0,False
base,switching_off,,616939.0,618739.0,5,-2.0,
base,active,613128.0,617046.0,617082.0,6 7 8 11 12 13 14 15 16 17 18 19 20 21 22 23 24 25 26 27 28 29 30 31 32 36 37 38 39 40 41 127,38367.0,False
base,active,613189.0,617080.0,617081.0,33 34 35 71 72 80 81 82 83 84 85 86 87 88 89 90 91 92 93 94 95 110 111 112 113 115 116 117 118 120 121 122,38368.0,False
base,active,613216.0,617081.0,617374.0,33 34 35 71 72 80 81 82 83 84 85 86 87 88 89 90 91 92 93 94 95 110 111 112 113 115 116 117 118 120 121 122,38369.0,False
base,active,613245.0,617082.0,617119.0,6 7 8 11 12 13 14 15 16 17 18 19 20 21 22 23 24 25 26 27 28 29 30 31 32 36 37 38 39 40 41 127,38370.0,False
base,active,613510.0,617119.0,617327.0,6 7 8 11 12 13 14 15 16 17 18 19 20 21 22 23 24 25 26 27 28 29 30 31 32 36 37 38 39 40 41 127,38374.0,False
base,active,613722.0,617327.0,617497.0,6 7 8 11 12 13 14 15 16 17 18 19 20 21 22 23 24 25 26 27 28 29 30 31 32 36 37 38 39 40 41 127,38378.0,False
base,active,614657.0,617357.0,617410.0,45 46 47 48 49 50 51 67,38385.0,False
base,active,613894.0,617374.0,617526.0,33 34 35 71 72 80 81 82 83 84 85 86 87 88 89 90 91 92 93 94 95 110 111 112 113 115 116 117 118 120 121 122,38380.0,False
base,active,,617410.0,617497.0,45 46 47 48 49 50,-1.0,
base,active,616649.0,617410.0,618676.0,51 67,38398.0,False
base,active,612355.0,617468.0,617710.0,42 43 44 55 56 57 58 62 63 64 65 68 69 70 73 74 75 76 77 78 79 96 97 98 99 100 114 119 123 124 125 126,38360.0,False
base,active,614047.0,617497.0,617681.0,14 15 16 17 18 19 20 21 22 23 24 25 26 27 28 29 30 31 32 36 37 38 39 40 41 45 46 47 48 49 50 127,38381.0,False
base,active,,617497.0,617797.0,6 7 8 11 12 13,-1.0,
base,active,614233.0,617526.0,617707.0,33 34 35 71 72 80 81 82 83 84 85 86 87 88 89 90 91 92 93 94 95 110 111 112 113 115 116 117 118 120 121 122,38382.0,False
base,active,614417.0,617681.0,617736.0,14 15 16 17 18 19 20 21 22 23 24 25 26 27 28 29 30 31 32 36 37 38 39 40 41 45 46 47 48 49 50 127,38384.0,False
base,active,616525.0,617707.0,619097.0,33 34 35 71 72 80 81 82 83 84 85 86 87 88 89 90 91 92 93 94 95 110 111 112 113 115 116 117 118 120 121 122,38395.0,False
base,active,617615.0,617710.0,617756.0,75 76 77 78 79 96 97 98,38405.0,False
base,active,617368.0,617710.0,617757.0,99 100 114 119 123 124 125 126,38404.0,False
base,active,,617710.0,617757.0,42 43 44 55 56 57 58 62 63 64 65 68 69 70 73 74,-1.0,
base,active,,617736.0,617757.0,14 15 16 17 18 19 20 21 22 23 24 25 26 27 28 29 30 31 32 36 37 38 39 40 41 45 46 47 48 49 50 127,-1.0,
base,active,,617756.0,617757.0,75 76 77 78 79 96 97 98,-1.0,
base,active,599459.0,617757.0,620548.0,14 15 16 17 18 19 20 21 22 23 24 25 26 27 28 29 30 31 32 36 37 38 39 40 41 42 43 44 45 46 47 48 49 50 55 56 57 58 62 63 64 65 68 69 70 73 74 75 76 77 78 79 96 97 98 99 100 114 119 123 124 125 126 127,38219.0,False
base,active,615050.0,617763.0,617821.0,2 3 4 52,38388.0,False
base,switching_off,,617797.0,619597.0,6 7 8 11 12 13,-2.0,
base,active,,617821.0,618121.0,2 3 4 52,-1.0,
base,switching_off,,618121.0,619921.0,2 3 4 52,-2.0,
base,switching_on,,618181.0,620881.0,53 54 59 60 61 106 107 108,-3.0,
base,sleeping,,618216.0,618525.0,103 104 105 109,-4.0,
base,sleeping,,618216.0,618854.0,66 101 102,-4.0,
base,switching_on,,618525.0,621225.0,103 104 105 109,-3.0,
base,active,,618676.0,618976.0,51 67,-1.0,
base,sleeping,,618739.0,618854.0,5,-4.0,
base,switching_on,,618854.0,621554.0,5 66 101 102,-3.0,
base,switching_off,,618976.0,620776.0,51 67,-2.0,
base,active,618538.0,619097.0,619999.0,33 34 35 71 72 80 81 82 83 84 85 86 87 88 89 90 91 92 93 94 95 110 111 112 113 115 116 117 118 120 121 122,38409.0,False
base,active,616611.0,619311.0,620615.0,0 1 9 10,38397.0,False
base,switching_on,,619597.0,622297.0,6 7 8 11 12 13,-3.0,
base,switching_on,,619921.0,622621.0,2 3 4 52,-3.0,
base,active,619688.0,619999.0,620033.0,71,38425.0,False
base,active,619644.0,619999.0,620067.0,72 80 81 82,38424.0,False
base,active,618546.0,619999.0,620111.0,113 115 116 117 118 120 121 122,38410.0,False
base,active,618798.0,619999.0,620132.0,91 92 93 94 95 110 111 112,38412.0,False
base,active,,619999.0,620299.0,33 34,-1.0,
base,active,619800.0,619999.0,620861.0,35,38428.0,False
base,active,618963.0,619999.0,621032.0,83 84 85 86 87 88 89 90,38417.0,False
base,active,,620033.0,620333.0,71,-1.0,
base,active,,620067.0,620367.0,72 80 81 82,-1.0,
base,active,,620111.0,620362.0,118 120 121 122,-1.0,
base,active,,620111.0,620411.0,113 115 116 117,-1.0,
base,active,,620132.0,620432.0,91 92 93 94 95 110 111 112,-1.0,
base,switching_off,,620299.0,622099.0,33 34,-2.0,
base,switching_off,,620333.0,622133.0,71,-2.0,
base,active,620362.0,620362.0,620406.0,118 120 121 122,38436.0,False
base,switching_off,,620367.0,622167.0,72 80 81 82,-2.0,
base,active,,620406.0,620548.0,118 120 121 122,-1.0,
base,switching_off,,620411.0,622211.0,113 115 116 117,-2.0,
base,switching_off,,620432.0,622232.0,91 92 93 94 95 110 111 112,-2.0,
base,active,,620548.0,620615.0,14 15 16 17,-1.0,
base,active,619203.0,620548.0,620783.0,57 58 62 63 64 65 68 69 70 73 74 75 76 77 78 79 96 97 98 99 100 114 118 119 120 121 122 123 124 125 126 127,38421.0,False
base,active,619735.0,620548.0,620859.0,18 19 20 21 22 23 24 25 26 27 28 29 30 31 32 36 37 38 39 40 41 42 43 44 45 46 47 48 49 50 55 56,38426.0,False
base,active,620521.0,620615.0,621421.0,0 1 9 10 14 15 16 17,38437.0,False
base,sleeping,,620776.0,620859.0,51 67,-4.0,
base,active,620642.0,620783.0,623064.0,57 58 62 63 64 65 68 69 70 73 74 75 76 77 78 79 96 97 98 99 100 114 118 119 120 121 122 123 124 125 126 127,38439.0,False
base,active,,620859.0,620887.0,25 26 27 28 29 30 31 32 36 37 38 39 40 41 42 43 44 45 46 47 48 49 50,-1.0,
base,active,,620859.0,621159.0,18 19 20 21 22 23 24,-1.0,
base,active,,620859.0,623559.0,55 56,-1.0,
base,switching_on,,620859.0,623559.0,51 67,-3.0,
base,active,,620861.0,620887.0,35,-1.0,
base,active,617909.0,620881.0,620887.0,53 54 59 60 61 106 107 108,38407.0,False
base,active,620792.0,620887.0,621797.0,25 26 27 28 29 30 31 32 35 36 37 38 39 40 41 42 43 44 45 46 47 48 49 50 53 54 59 60 61 106 107 108,38441.0,False
base,active,,621032.0,621332.0,83 84 85 86 87 88 89 90,-1.0,
base,switching_off,,621159.0,622959.0,18 19 20 21 22 23 24,-2.0,
base,active,618525.0,621225.0,621298.0,103 104 105 109,38408.0,False
base,active,,621298.0,621598.0,103 104 105 109,-1.0,
base,switching_off,,621332.0,623132.0,83 84 85 86 87 88 89 90,-2.0,
base,active,,621421.0,621721.0,0 1 9 10 14 15 16 17,-1.0,
base,active,618854.0,621554.0,621610.0,5 66 101 102,38415.0,False
base,switching_off,,621598.0,623398.0,103 104 105 109,-2.0,
base,active,,621610.0,621797.0,66 101 102,-1.0,
base,active,,621610.0,621910.0,5,-1.0,
base,switching_off,,621721.0,623521.0,0 1 9 10 14 15 16 17,-2.0,
base,active,,621797.0,622068.0,59,-1.0,
base,active,,621797.0,622097.0,25 26 27 28 29 30 31 32 35 36 37 38 39 40 41 42 43 44 45 46 47 48 49 50 53 54,-1.0,
base,active,621744.0,621797.0,622118.0,60 61 66 101 102 106 107 108,38447.0,False
base,switching_off,,621910.0,623710.0,5,-2.0,
base,active,622068.0,622068.0,622624.0,59,38449.0,False
base,switching_off,,622097.0,623897.0,25 26 27 28 29 30 31 32 35 36 37 38 39 40 41 42 43 44 45 46 47 48 49 50 53 54,-2.0,
base,sleeping,,622099.0,622994.0,33 34,-4.0,
base,active,,622118.0,622418.0,60 61 66 101 102 106 107 108,-1.0,
base,sleeping,,622133.0,622994.0,71,-4.0,
base,sleeping,,622167.0,622994.0,72 80 81 82,-4.0,
base,sleeping,,622211.0,622641.0,113 115 116 117,-4.0,
base,sleeping,,622232.0,622849.0,95 110 111 112,-4.0,
base,sleeping,,622232.0,622994.0,91 92 93 94,-4.0,
base,active,619136.0,622297.0,622310.0,6,38420.0,False
base,active,619106.0,622297.0,622321.0,7,38418.0,False
base,active,618862.0,622297.0,622420.0,8 11 12 13,38416.0,False
base,active,,622310.0,622610.0,6,-1.0,
base,active,,622321.0,622621.0,7,-1.0,
base,switching_off,,622418.0,624218.0,60 61 66 101 102 106 107 108,-2.0,
base,active,,622420.0,622720.0,8 11 12 13,-1.0,
base,switching_off,,622610.0,624410.0,6,-2.0,
base,active,619128.0,622621.0,622695.0,2 3 4 52,38419.0,False
base,switching_off,,622621.0,624421.0,7,-2.0,
base,active,,622624.0,622924.0,59,-1.0,
base,switching_on,,622641.0,625341.0,113 115 116 117,-3.0,
base,active,,622695.0,622995.0,2 3 4 52,-1.0,
base,switching_off,,622720.0,624520.0,8 11 12 13,-2.0,
base,switching_on,,622849.0,625549.0,95 110 111 112,-3.0,
base,switching_off,,622924.0,624724.0,59,-2.0,
base,sleeping,,622959.0,622994.0,20 21 22 23 24,-4.0,
base,sleeping,,622959.0,623064.0,18 19,-4.0,
base,switching_on,,622994.0,625694.0,20 21 22 23 24 33 34 71 72 80 81 82 91 92 93 94,-3.0,
base,switching_off,,622995.0,624795.0,2 3 4 52,-2.0,
base,active,,623064.0,623364.0,57 58,-1.0,
base,active,,623064.0,625764.0,62 63 64 65 68 69 70 73 74 75 76 77 78 79 96 97 98 99 100 114 118 119 120 121 122 123 124 125 126 127,-1.0,
base,switching_on,,623064.0,625764.0,18 19,-3.0,
base,sleeping,,623132.0,623170.0,83 84 85 86,-4.0,
base,switching_on,,623132.0,625832.0,87 88 89 90,-3.0,
base,switching_on,,623170.0,625870.0,83 84 85 86,-3.0,
base,switching_off,,623364.0,625164.0,57 58,-2.0,
base,sleeping,,623398.0,623521.0,103 104 105,-4.0,
base,switching_on,,623398.0,626098.0,109,-3.0,
base,sleeping,,623521.0,623710.0,0 1 9,-4.0,
base,switching_on,,623521.0,626221.0,10 14 15 16 17 103 104 105,-3.0,
base,active,620713.0,623559.0,623649.0,51 55 56 67,38440.0,False
base,active,,623649.0,626410.0,51 55 56 67,-1.0,
base,switching_on,,623710.0,626410.0,0 1 5 9,-3.0,
base,sleeping,,623897.0,624218.0,27 28 29 30 31 32 35 36 37 38 39 40 41 42 43 44 45 46 47 48 49 50 53 54,-4.0,
base,sleeping,,623897.0,624520.0,25 26,-4.0,
base,switching_on,,624218.0,626918.0,27 28 29 30 31 32 35 36 37 38 39 40 41 42 43 44 45 46 47 48 49 50 53 54 60 61 66 101 102 106 107 108,-3.0,
base,sleeping,,624410.0,624520.0,6,-4.0,
base,sleeping,,624421.0,624520.0,7,-4.0,
base,switching_on,,624520.0,627220.0,6 7 8 11 12 13 25 26,-3.0,
base,sleeping,,624724.0,626475.0,59,-4.0,
base,sleeping,,624795.0,626475.0,2 3 4 52,-4.0,
base,sleeping,,625164.0,626475.0,57 58,-4.0,
base,active,622641.0,625341.0,625487.0,113 115 116 117,38453.0,False
base,active,,625487.0,625596.0,113 115 116 117,-1.0,
base,active,622849.0,625549.0,625596.0,95 110 111 112,38456.0,False
base,active,624347.0,625596.0,625680.0,95 110 111 112 113 115 116 117,38472.0,False
base,active,625661.0,625680.0,625805.0,113 115 116 117,38484.0,False
base,active,,625680.0,625945.0,95 110 111 112,-1.0,
base,active,622994.0,625694.0,625779.0,20 21 22 23 24 33 34 71 72 80 81 82 91 92 93 94,38460.0,False
base,active,622544.0,625764.0,626009.0,18 19 62 63 64 65 68 69 70 73 74 75 76 77 78 79 96 97 98 99 100 114 118 119 120 121 122 123 124 125 126 127,38452.0,False
base,active,,625779.0,625945.0,20 21 22 23 24 33 34 71 72 80 81 82 91 92 93 94,-1.0,
base,active,,625805.0,625945.0,113 115 116 117,-1.0,
base,active,623002.0,625832.0,625945.0,87 88 89 90,38461.0,False
base,active,623170.0,625870.0,625925.0,83 84 85 86,38463.0,False
base,active,,625925.0,625945.0,83 84 85 86,-1.0,
base,active,623273.0,625945.0,626061.0,20 21 22 23 24 33 34 71 72 80 81 82 83 84 85 86 87 88 89 90 91 92 93 94 95 110 111 112 113 115 116 117,38465.0,False
base,active,625147.0,626009.0,626078.0,18 19 62 63 64 65 68 69 70 73 74 75 76 77 78 79 96 97 98 99 100 114 118 119 120 121 122 123 124 125 126 127,38479.0,False
base,active,625242.0,626061.0,626127.0,20 21 22 23 24 33 34 71 72 80 81 82 83 84 85 86 87 88 89 90 91 92 93 94 95 110 111 112 113 115 116 117,38480.0,False
base,active,625481.0,626078.0,626143.0,18 19 62 63 64 65 68 69 70 73 74 75 76 77 78 79 96 97 98 99 100 114 118 119 120 121 122 123 124 125 126 127,38482.0,False
base,active,623391.0,626098.0,626117.0,109,38466.0,False
base,active,625970.0,626117.0,626134.0,109,38486.0,False
base,active,625594.0,626127.0,626316.0,20 21 22 23 24 33 34 71 72 80 81 82 83 84 85 86 87 88 89 90 91 92 93 94 95 110 111 112 113 115 116 117,38483.0,False
base,active,,626134.0,626329.0,109,-1.0,
base,active,,626143.0,626292.0,124 125 126 127,-1.0,
base,active,,626143.0,626313.0,122 123,-1.0,
base,active,,626143.0,626329.0,96 97 98 99 100 114 118 119 120 121,-1.0,
base,active,,626143.0,626443.0,18 19 62 63 64 65 68 69 70 73 74 75 76 77 78 79,-1.0,
base,active,623264.0,626221.0,626286.0,10 14 15 16 17 103 104 105,38464.0,False
base,active,,626286.0,626329.0,103 104 105,-1.0,
base,active,,626286.0,629175.0,10 14 15 16 17,-1.0,
base,active,626292.0,626292.0,627916.0,124 125 126 127,38489.0,False
base,active,626313.0,626313.0,627919.0,122 123,38490.0,False
base,active,,626316.0,626329.0,85 86 87 88 89 90 91 92 93 94 95 110 111 112 113 115 116 117,-1.0,
base,active,,626316.0,629175.0,20 21 22 23 24 33 34 71 72 80 81 82 83 84,-1.0,
base,active,626329.0,626329.0,626421.0,85 86 87 88 89 90 91 92 93 94 95 96 97 98 99 100 103 104 105 109 110 111 112 113 114 115 116 117 118 119 120 121,38491.0,False
base,active,623450.0,626410.0,626475.0,0 1 5 9 51 55 56 67,38467.0,False
base,active,,626421.0,626425.0,118 119 120 121,-1.0,
base,active,,626421.0,626443.0,85 86 87 88 89 90 91 92 93 94 95 96 97 98 99 100 103 104 105 109 110 111 112 113 114 115 116 117,-1.0,
base,active,626425.0,626425.0,626442.0,118 119 120 121,38493.0,False
base,active,,626442.0,626443.0,118 119 120 121,-1.0,
base,switching_off,,626443.0,628243.0,18 19 62 63 64 65 68 69 70 73 74 75 76 77 78 79,-2.0,
base,active,624498.0,626443.0,629493.0,85 86 87 88 89 90 91 92 93 94 95 96 97 98 99 100 103 104 105 109 110 111 112 113 114 115 116 117 118 119 120 121,38474.0,False
base,active,,626475.0,626775.0,0 1,-1.0,
base,active,,626475.0,629175.0,5 9 51 55 56 67,-1.0,
base,switching_on,,626475.0,629175.0,2 3 4 52 57 58 59,-3.0,
base,switching_off,,626775.0,628575.0,0 1,-2.0,
base,active,622932.0,626918.0,627101.0,27 28 29 30 31 32 35 36 37 38 39 40 41 42 43 44 45 46 47 48 49 50 53 54 60 61 66 101 102 106 107 108,38458.0,False
base,active,,627101.0,627149.0,49 50 53 54 60 61 66 101,-1.0,
base,active,626521.0,627101.0,627209.0,102 106 107 108,38496.0,False
base,active,,627101.0,627283.0,27 28 29 30 31 32 35 36 37 38 39 40 41 42 43 44 45 46 47 48,-1.0,
base,active,627149.0,627149.0,627444.0,49 50 53 54 60 61 66 101,38500.0,False
base,active,,627209.0,627214.0,108,-1.0,
base,active,,627209.0,627283.0,102 106 107,-1.0,
base,active,627214.0,627214.0,627240.0,108,38501.0,False
base,active,624268.0,627220.0,627283.0,6 7 8 11 12 13 25 26,38471.0,False
base,active,,627240.0,627283.0,108,-1.0,
base,active,627123.0,627283.0,627601.0,6 7 8 11 12 13 25 26 27 28 29 30 31 32 35 36 37 38 39 40 41 42 43 44 45 46 47 48 102 106 107 108,38499.0,False
base,active,,627444.0,627561.0,101,-1.0,
base,active,,627444.0,627601.0,49 50 53 54 60 61 66,-1.0,
base,active,627561.0,627561.0,627601.0,101,38503.0,False
base,active,627562.0,627601.0,627665.0,6 7 8 11 12 13 25 26,38504.0,False
base,active,627512.0,627601.0,627716.0,27 28 29 30 31 32 35 36 37 38 39 40 41 42 43 44 45 46 47 48 49 50 53 54 60 61 66 101 102 106 107 108,38502.0,False
base,active,,627665.0,627965.0,6 7 8 11 12 13 25 26,-1.0,
base,active,,627716.0,628016.0,27 28 29 30 31 32 35 36 37 38 39 40 41 42 43 44 45 46 47 48 49 50 53 54 60 61 66 101 102 106 107 108,-1.0,
base,active,,627916.0,628190.0,127,-1.0,
base,active,,627916.0,628216.0,124 125 126,-1.0,
base,active,,627919.0,628219.0,122 123,-1.0,
base,switching_off,,627965.0,629765.0,6 7 8 11 12 13 25 26,-2.0,
base,switching_off,,628016.0,629816.0,27 28 29 30 31 32 35 36 37 38 39 40 41 42 43 44 45 46 47 48 49 50 53 54 60 61 66 101 102 106 107 108,-2.0,
base,active,628190.0,628190.0,628206.0,127,38510.0,False
base,active,,628206.0,628506.0,127,-1.0,
base,switching_off,,628216.0,630016.0,124 125 126,-2.0,
base,switching_off,,628219.0,630019.0,122 123,-2.0,
base,sleeping,,628243.0,628696.0,79,-4.0,
base,sleeping,,628243.0,628747.0,69 70 73 74 75 76 77 78,-4.0,
base,sleeping,,628243.0,629355.0,18 19 62 63 64 65 68,-4.0,
base,switching_off,,628506.0,630306.0,127,-2.0,
base,sleeping,,628575.0,629355.0,0 1,-4.0,
base,switching_on,,628696.0,631396.0,79,-3.0,
base,switching_on,,628747.0,631447.0,69 70 73 74 75 76 77 78,-3.0,
base,active,626449.0,629175.0,629355.0,2 3 4 5 9 10 14 15 16 17 20 21 22 23 24 33 34 51 52 55 56 57 58 59 67 71 72 80 81 82 83 84,38495.0,False
base,active,,629355.0,629628.0,4,-1.0,
base,active,,629355.0,629655.0,2 3,-1.0,
base,active,628917.0,629355.0,630982.0,5 9,38519.0,False
base,active,628893.0,629355.0,631001.0,10 14 15 16,38518.0,False
base,active,,629355.0,632055.0,17 20 21 22 23 24 33 34 51 52 55 56 57 58 59 67 71 72 80 81 82 83 84,-1.0,
base,switching_on,,629355.0,632055.0,0 1 18 19 62 63 64 65 68,-3.0,
base,active,628692.0,629493.0,629605.0,85 86 87 88 89 90 91 92 93 94 95 96 97 98 99 100 103 104 105 109 110 111 112 113 114 115 116 117 118 119 120 121,38513.0,False
base,active,628847.0,629605.0,629890.0,85 86 87 88 89 90 91 92 93 94 95 96 97 98 99 100 103 104 105 109 110 111 112 113 114 115 116 117 118 119 120 121,38517.0,False
base,active,629628.0,629628.0,629658.0,4,38523.0,False
base,switching_off,,629655.0,631455.0,2 3,-2.0,
base,active,,629658.0,629958.0,4,-1.0,
base,sleeping,,629765.0,629890.0,6 7 8 11 12 13 25 26,-4.0,
base,switching_on,,629816.0,632516.0,27 28 29 30 31 32 35 36 37 38 39 40 41 42 43 44 45 46 47 48 49 50 53 54 60 61 66 101 102 106 107 108,-3.0,
base,active,,629890.0,630190.0,85 86 87 88 89 90 91 92,-1.0,
base,active,,629890.0,632590.0,93 94 95 96 97 98 99 100 103 104 105 109 110 111 112 113 114 115 116 117 118 119 120 121,-1.0,
base,switching_on,,629890.0,632590.0,6 7 8 11 12 13 25 26,-3.0,
base,switching_off,,629958.0,631758.0,4,-2.0,
base,sleeping,,630016.0,630888.0,126,-4.0,
base,sleeping,,630016.0,631504.0,124 125,-4.0,
base,sleeping,,630019.0,631504.0,122 123,-4.0,
base,switching_off,,630190.0,631990.0,85 86 87 88 89 90 91 92,-2.0,
base,sleeping,,630306.0,630814.0,127,-4.0,
base,switching_on,,630814.0,633514.0,127,-3.0,
base,switching_on,,630888.0,633588.0,126,-3.0,
base,active,630931.0,630982.0,632675.0,5 9,38535.0,False
base,active,630910.0,631001.0,632713.0,10 14 15 16,38534.0,False
base,active,628696.0,631396.0,631435.0,79,38514.0,False
base,active,,631435.0,634204.0,79,-1.0,
base,active,628747.0,631447.0,631504.0,69 70 73 74 75 76 77 78,38515.0,False
base,sleeping,,631455.0,631504.0,2 3,-4.0,
base,active,,631504.0,631804.0,69 70 73 74 75 76 77,-1.0,
base,active,,631504.0,634204.0,78,-1.0,
base,switching_on,,631504.0,634204.0,2 3 122 123 124 125,-3.0,
base,sleeping,,631758.0,632211.0,4,-4.0,
base,switching_off,,631804.0,633604.0,69 70 73 74 75 76 77,-2.0,
base,sleeping,,631990.0,632211.0,85 86 87 88 89 90 91 92,-4.0,
base,active,628531.0,632055.0,632211.0,0 1 17 18 19 20 21 22 23 24 33 34 51 52 55 56 57 58 59 62 63 64 65 67 68 71 72 80 81 82 83 84,38512.0,False
base,active,,632211.0,632511.0,0 1 17 18 19 20 21 22 23,-1.0,
base,active,,632211.0,634911.0,24 33 34 51 52 55 56 57 58 59 62 63 64 65 67 68 71 72 80 81 82 83 84,-1.0,
base,switching_on,,632211.0,634911.0,4 85 86 87 88 89 90 91 92,-3.0,
base,switching_off,,632511.0,634311.0,0 1 17 18 19 20 21 22 23,-2.0,
base,active,629143.0,632516.0,632691.0,27 28 29 30 31 32 35 36 37 38 39 40 41 42 43 44 45 46 47 48 49 50 53 54 60 61 66 101 102 106 107 108,38520.0,False
base,active,629537.0,632590.0,632704.0,6 7 8 11 12 13 25 26 93 94 95 96 97 98 99 100 103 104 105 109 110 111 112 113 114 115 116 117 118 119 120 121,38522.0,False
base,active,632657.0,632675.0,632691.0,9,38546.0,False
base,active,,632675.0,632769.0,5,-1.0,
base,active,,632691.0,632704.0,9,-1.0,
base,active,630138.0,632691.0,635426.0,27 28 29 30 31 32 35 36 37 38 39 40 41 42 43 44 45 46 47 48 49 50 53 54 60 61 66 101 102 106 107 108,38530.0,False
base,active,,632704.0,632769.0,6,-1.0,
base,active,630955.0,632704.0,632833.0,7 8 9 11 12 13 25 26 93 94 95 96 97 98 99 100 103 104 105 109 110 111 112 113 114 115 116 117 118 119 120 121,38536.0,False
base,active,,632713.0,632751.0,15 16,-1.0,
base,active,,632713.0,632760.0,10 14,-1.0,
base,active,632751.0,632751.0,632866.0,15 16,38547.0,False
base,active,632760.0,632760.0,632869.0,10 14,38548.0,False
base,active,632769.0,632769.0,632870.0,5 6,38549.0,False
base,active,632793.0,632833.0,632913.0,118 119,38551.0,False
base,active,632782.0,632833.0,632923.0,120 121,38550.0,False
base,active,,632833.0,633133.0,7 8 9 11 12 13 25 26 93 94 95 96 97 98 99 100 103 104 105 109 110 111 112 113 114 115 116 117,-1.0,
base,active,,632866.0,633166.0,15 16,-1.0,
base,active,,632869.0,633169.0,10 14,-1.0,
base,active,,632870.0,633170.0,5 6,-1.0,
base,active,,632913.0,633213.0,118 119,-1.0,
base,active,,632923.0,633223.0,120 121,-1.0,
base,switching_off,,633133.0,634933.0,7 8 9 11 12 13 25 26 93 94 95 96 97 98 99 100 103 104 105 109 110 111 112 113 114 115 116 117,-2.0,
base,switching_off,,633166.0,634966.0,15 16,-2.0,
base,switching_off,,633169.0,634969.0,10 14,-2.0,
base,switching_off,,633170.0,634970.0,5 6,-2.0,
base,switching_off,,633213.0,635013.0,118 119,-2.0,
base,switching_off,,633223.0,635023.0,120 121,-2.0,
base,active,630814.0,633514.0,633562.0,127,38532.0,False
base,active,,633562.0,633862.0,127,-1.0,
base,active,630888.0,633588.0,633606.0,126,38533.0,False
base,sleeping,,633604.0,637526.0,69 70 73 74 75 76 77,-4.0,
base,active,,633606.0,633906.0,126,-1.0,
base,switching_off,,633862.0,635662.0,127,-2.0,
base,switching_off,,633906.0,635706.0,126,-2.0,
base,active,631012.0,634204.0,634276.0,2 3 78 79 122 123 124 125,38537.0,False
base,active,,634276.0,634576.0,2 3 78 79 122 123 124 125,-1.0,
base,sleeping,,634311.0,637526.0,0 1 17 18 19 20 21 22 23,-4.0,
base,switching_off,,634576.0,636376.0,2 3 78 79 122 123 124 125,-2.0,
base,active,629741.0,634911.0,635270.0,4 24 33 34 51 52 55 56 57 58 59 62 63 64 65 67 68 71 72 80 81 82 83 84 85 86 87 88 89 90 91 92,38525.0,False
base,sleeping,,634933.0,637526.0,7 8 9 11 12 13 25 26 93 94 95 96 97 98 99 100 103 104 105 109 110 111 112 113 114 115 116 117,-4.0,
base,sleeping,,634966.0,637526.0,15 16,-4.0,
base,sleeping,,634969.0,637526.0,10 14,-4.0,
base,sleeping,,634970.0,637526.0,5 6,-4.0,
base,sleeping,,635013.0,637526.0,118 119,-4.0,
base,sleeping,,635023.0,637526.0,120 121,-4.0,
base,active,,635270.0,635570.0,4 24 33 34 51 52 55 56 57 58 59 62 63 64 65 67 68 71 72 80 81 82 83 84 85 86 87 88 89 90 91 92,-1.0,
base,active,,635426.0,635726.0,27 28 29 30 31 32 35 36 37 38 39 40 41 42 43 44 45 46 47 48 49 50 53 54 60 61 66 101 102 106 107 108,-1.0,
base,switching_off,,635570.0,637370.0,4 24 33 34 51 52 55 56 57 58 59 62 63 64 65 67 68 71 72 80 81 82 83 84 85 86 87 88 89 90 91 92,-2.0,
base,sleeping,,635662.0,637526.0,127,-4.0,
base,sleeping,,635706.0,637526.0,126,-4.0,
base,switching_off,,635726.0,637526.0,27 28 29 30 31 32 35 36 37 38 39 40 41 42 43 44 45 46 47 48 49 50 53 54 60 61 66 101 102 106 107 108,-2.0,
base,sleeping,,636376.0,637526.0,2 3 78 79 122 123 124 125,-4.0,
base,sleeping,,637370.0,637526.0,4 24 33 34 51 52 55 56 57 58 59 62 63 64 65 67 68 71 72 80 81 82 83 84 85 86 87 88 89 90 91 92,-4.0,
base,switching_on,,637526.0,640226.0,0 1 2 3 4 5 6 7 8 9 10 11 12 13 14 15 16 17 18 19 20 21 22 23 24 25 26 27 28 29 30 31 32 33 34 35 36 37 38 39 40 41 42 43 44 45 46 47 48 49 50 51 52 53 54 55 56 57 58 59 60 61 62 63 64 65 66 67 68 69 70 71 72 73 74 75 76 77 78 79 80 81 82 83 84 85 86 87 88 89 90 91 92 93 94 95 96 97 98 99 100 101 102 103 104 105 106 107 108 109 110 111 112 113 114 115 116 117 118 119 120 121 122 123 124 125 126 127,-3.0,
base,active,547254.0,640226.0,640348.0,0 1 2 3 4 5 6 7 8 9 10 11 12 13 14 15 16 17 18 19 20 21 22 23 24 25 26 27 28 29 30 31 32 33 34 35 36 37 38 39 40 41 42 43 44 45 46 47 48 49 50 51 52 53 54 55 56 57 58 59 60 61 62 63 64 65 66 67 68 69 70 71 72 73 74 75 76 77 78 79 80 81 82 83 84 85 86 87 88 89 90 91 92 93 94 95 96 97 98 99 100 101 102 103 104 105 106 107 108 109 110 111 112 113 114 115 116 117 118 119 120 121 122 123 124 125 126 127,38051.0,False
base,active,554797.0,640348.0,640519.0,0 1 2 3 4 5 6 7 8 9 10 11 12 13 14 15 16 17 18 19 20 21 22 23 24 25 26 27 28 29 30 31 32 33 34 35 36 37 38 39 40 41 42 43 44 45 46 47 48 49 50 51 52 53 54 55 56 57 58 59 60 61 62 63 64 65 66 67 68 69 70 71 72 73 74 75 76 77 78 79 80 81 82 83 84 85 86 87 88 89 90 91 92 93 94 95 96 97 98 99 100 101 102 103 104 105 106 107 108 109 110 111 112 113 114 115 116 117 118 119 120 121 122 123 124 125 126 127,38074.0,False
base,active,554978.0,640519.0,651451.0,0 1 2 3 4 5 6 7 8 9 10 11 12 13 14 15 16 17 18 19 20 21 22 23 24 25 26 27 28 29 30 31 32 33 34 35 36 37 38 39 40 41 42 43 44 45 46 47 48 49 50 51 52 53 54 55 56 57 58 59 60 61 62 63 64 65 66 67 68 69 70 71 72 73 74 75 76 77 78 79 80 81 82 83 84 85 86 87 88 89 90 91 92 93 94 95 96 97 98 99 100 101 102 103 104 105 106 107 108 109 110 111 112 113 114 115 116 117 118 119 120 121 122 123 124 125 126 127,38075.0,False
base,active,565931.0,651451.0,651534.0,0 1 2 3 4 5 6 7 8 9 10 11 12 13 14 15 16 17 18 19 20 21 22 23 24 25 26 27 28 29 30 31 32 33 34 35 36 37 38 39 40 41 42 43 44 45 46 47 48 49 50 51 52 53 54 55 56 57 58 59 60 61 62 63 64 65 66 67 68 69 70 71 72 73 74 75 76 77 78 79 80 81 82 83 84 85 86 87 88 89 90 91 92 93 94 95 96 97 98 99 100 101 102 103 104 105 106 107 108 109 110 111 112 113 114 115 116 117 118 119 120 121 122 123 124 125 126 127,38076.0,False
base,active,593514.0,651534.0,656880.0,64 65 66 67 68 69 70 71 72 73 74 75 76 77 78 79 80 81 82 83 84 85 86 87 88 89 90 91 92 93 94 95 96 97 98 99 100 101 102 103 104 105 106 107 108 109 110 111 112 113 114 115 116 117 118 119 120 121 122 123 124 125 126 127,38164.0,False
base,active,566017.0,651534.0,662461.0,0 1 2 3 4 5 6 7 8 9 10 11 12 13 14 15 16 17 18 19 20 21 22 23 24 25 26 27 28 29 30 31 32 33 34 35 36 37 38 39 40 41 42 43 44 45 46 47 48 49 50 51 52 53 54 55 56 57 58 59 60 61 62 63,38077.0,False
base,active,640142.0,656880.0,660504.0,64 65 66 67 68 69 70 71 72 73 74 75 76 77 78 79 80 81 82 83 84 85 86 87 88 89 90 91 92 93 94 95 96 97 98 99 100 101 102 103 104 105 106 107 108 109 110 111 112 113 114 115 116 117 118 119 120 121 122 123 124 125 126 127,38552.0,False
base,active,640169.0,660504.0,660671.0,64 65 66 67 68 69 70 71 72 73 74 75 76 77 78 79 80 81 82 83 84 85 86 87 88 89 90 91 92 93 94 95 96 97 98 99 100 101 102 103 104 105 106 107 108 109 110 111 112 113 114 115 116 117 118 119 120 121 122 123 124 125 126 127,38553.0,False
base,active,646100.0,660671.0,660683.0,79,38576.0,False
base,active,646163.0,660671.0,660683.0,78,38577.0,False
base,active,640464.0,660671.0,660776.0,112 113,38561.0,False
base,active,640456.0,660671.0,660782.0,114 115,38560.0,False
base,active,640440.0,660671.0,660795.0,118 119,38558.0,False
base,active,640429.0,660671.0,660805.0,120 121,38557.0,False
base,active,640421.0,660671.0,660811.0,122 123,38556.0,False
base,active,640412.0,660671.0,660819.0,124 125,38555.0,False
base,active,640404.0,660671.0,660825.0,126 127,38554.0,False
base,active,640448.0,660671.0,660874.0,116 117,38559.0,False
base,active,,660671.0,660874.0,64 65 66 67 68 69 70 71 72 73 74 75 76 77,-1.0,
base,active,640694.0,660671.0,660887.0,80 81 82 83 84 85 86 87 88 89 90 91 92 93 94 95 96 97 98 99 100 101 102 103 104 105 106 107 108 109 110 111,38562.0,False
base,active,,660683.0,660874.0,78 79,-1.0,
base,active,,660776.0,660874.0,112 113,-1.0,
base,active,,660782.0,660874.0,114 115,-1.0,
base,active,,660795.0,660874.0,118 119,-1.0,
base,active,,660805.0,660874.0,120 121,-1.0,
base,active,,660811.0,660874.0,122 123,-1.0,
base,active,,660819.0,660874.0,124 125,-1.0,
base,active,,660825.0,660874.0,126 127,-1.0,
base,active,644214.0,660874.0,661404.0,64 65 66 67 68 69 70 71 72 73 74 75 76 77 78 79 112 113 114 115 116 117 118 119 120 121 122 123 124 125 126 127,38566.0,False
base,active,644820.0,660887.0,662165.0,80 81 82 83 84 85 86 87 88 89 90 91 92 93 94 95 96 97 98 99 100 101 102 103 104 105 106 107 108 109 110 111,38569.0,False
base,active,,661404.0,661704.0,64 65 66 67 68 69 70 71 72 73 74 75 76 77 78 79 112 113 114 115 116 117 118 119 120 121 122 123 124 125 126 127,-1.0,
base,switching_off,,661704.0,663504.0,64 65 66 67 68 69 70 71 72 73 74 75 76 77 78 79 112 113 114 115 116 117 118 119 120 121 122 123 124 125 126 127,-2.0,
base,active,,662165.0,662465.0,80 81 82 83 84 85 86 87 88 89 90 91 92 93 94 95 96 97 98 99 100 101 102 103 104 105 106 107 108 109 110 111,-1.0,
base,active,,662461.0,662761.0,0 1 2 3 4 5 6 7 8 9 10 11 12 13 14 15 16 17 18 19 20 21 22 23 24 25 26 27 28 29 30 31 32 33 34 35 36 37 38 39 40 41 42 43 44 45 46 47 48 49 50 51 52 53 54 55 56 57 58 59 60 61 62 63,-1.0,
base,switching_off,,662465.0,664265.0,80 81 82 83 84 85 86 87 88 89 90 91 92 93 94 95 96 97 98 99 100 101 102 103 104 105 106 107 108 109 110 111,-2.0,
base,switching_off,,662761.0,664561.0,0 1 2 3 4 5 6 7 8 9 10 11 12 13 14 15 16 17 18 19 20 21 22 23 24 25 26 27 28 29 30 31 32 33 34 35 36 37 38 39 40 41 42 43 44 45 46 47 48 49 50 51 52 53 54 55 56 57 58 59 60 61 62 63,-2.0,
base,sleeping,,663504.0,664561.0,64 65 66 67 68 69 70 71 72 73 74 75 76 77 78 79 112 113 114 115 116 117 118 119 120 121 122 123 124 125 126 127,-4.0,
base,sleeping,,664265.0,664561.0,80 81 82 83 84 85 86 87 88 89 90 91 92 93 94 95 96 97 98 99 100 101 102 103 104 105 106 107 108 109 110 111,-4.0,
base,switching_on,,664561.0,667261.0,0 1 2 3 4 5 6 7 8 9 10 11 12 13 14 15 16 17 18 19 20 21 22 23 24 25 26 27 28 29 30 31 32 33 34 35 36 37 38 39 40 41 42 43 44 45 46 47 48 49 50 51 52 53 54 55 56 57 58 59 60 61 62 63 64 65 66 67 68 69 70 71 72 73 74 75 76 77 78 79 80 81 82 83 84 85 86 87 88 89 90 91 92 93 94 95 96 97 98 99 100 101 102 103 104 105 106 107 108 109 110 111 112 113 114 115 116 117 118 119 120 121 122 123 124 125 126 127,-3.0,
base,active,592838.0,667261.0,667361.0,0 1 2 3 4 5 6 7 8 9 10 11 12 13 14 15 16 17 18 19 20 21 22 23 24 25 26 27 28 29 30 31 32 33 34 35 36 37 38 39 40 41 42 43 44 45 46 47 48 49 50 51 52 53 54 55 56 57 58 59 60 61 62 63 64 65 66 67 68 69 70 71 72 73 74 75 76 77 78 79 80 81 82 83 84 85 86 87 88 89 90 91 92 93 94 95 96 97 98 99 100 101 102 103 104 105 106 107 108 109 110 111 112 113 114 115 116 117 118 119 120 121 122 123 124 125 126 127,38154.0,False
base,active,666483.0,667361.0,667364.0,127,38654.0,False
base,active,610994.0,667361.0,673155.0,64 65 66 67 68 69 70 71,38344.0,False
base,active,610964.0,667361.0,673178.0,32 33 34 35 36 37 38 39 40 41 42 43 44 45 46 47 48 49 50 51 52 53 54 55 56 57 58 59 60 61 62 63,38342.0,False
base,active,620027.0,667361.0,673187.0,116 117,38434.0,False
base,active,620003.0,667361.0,673211.0,112 113 114 115,38432.0,False
base,active,618799.0,667361.0,674203.0,104 105 106 107 108 109 110 111,38413.0,False
base,active,618766.0,667361.0,674235.0,72 73 74 75 76 77 78 79 80 81 82 83 84 85 86 87 88 89 90 91 92 93 94 95 96 97 98 99 100 101 102 103,38411.0,False
base,active,603467.0,667361.0,676242.0,0 1 2 3 4 5 6 7 8 9 10 11 12 13 14 15 16 17 18 19 20 21 22 23 24 25 26 27 28 29 30 31,38267.0,False
base,active,622113.0,667361.0,676489.0,118 119 120 121 122 123 124 125,38450.0,False
base,active,623641.0,667361.0,676593.0,126,38469.0,False
base,active,,667364.0,667664.0,127,-1.0,
base,switching_off,,667664.0,669464.0,127,-2.0,
base,sleeping,,669464.0,678361.0,127,-4.0,
base,active,,673155.0,673455.0,64 65 66 67 68 69 70 71,-1.0,
base,active,,673178.0,673478.0,32 33 34 35 36 37 38 39 40 41 42 43 44 45 46 47 48 49 50 51 52 53 54 55 56 57 58 59 60 61 62 63,-1.0,
base,active,,673187.0,673487.0,116 117,-1.0,
base,active,,673211.0,673511.0,112 113 114 115,-1.0,
base,switching_off,,673455.0,675255.0,64 65 66 67 68 69 70 71,-2.0,
base,switching_off,,673478.0,675278.0,32 33 34 35 36 37 38 39 40 41 42 43 44 45 46 47 48 49 50 51 52 53 54 55 56 57 58 59 60 61 62 63,-2.0,
base,switching_off,,673487.0,675287.0,116 117,-2.0,
base,switching_off,,673511.0,675311.0,112 113 114 115,-2.0,
base,active,,674203.0,674503.0,104 105 106 107 108 109 110 111,-1.0,
base,active,,674235.0,674535.0,72 73 74 75 76 77 78 79 80 81 82 83 84 85 86 87 88 89 90 91 92 93 94 95 96 97 98 99 100 101 102 103,-1.0,
base,switching_off,,674503.0,676303.0,104 105 106 107 108 109 110 111,-2.0,
base,switching_off,,674535.0,676335.0,72 73 74 75 76 77 78 79 80 81 82 83 84 85 86 87 88 89 90 91 92 93 94 95 96 97 98 99 100 101 102 103,-2.0,
base,sleeping,,675255.0,689156.0,64 65 66 67 68 69 70 71,-4.0,
base,sleeping,,675278.0,676242.0,32 33 34 35 36 37 38 39 40 41 42 43 44 45 46 47 48 49 50 51 52 53 54 55 56 57 58 59 60 61 62 63,-4.0,
base,sleeping,,675287.0,689156.0,116 117,-4.0,
base,sleeping,,675311.0,689156.0,112 113 114 115,-4.0,
base,active,,676242.0,678942.0,0 1 2 3 4 5 6 7 8 9 10 11 12 13 14 15 16 17 18 19 20 21 22 23 24 25 26 27 28 29 30 31,-1.0,
base,switching_on,,676242.0,678942.0,32 33 34 35 36 37 38 39 40 41 42 43 44 45 46 47 48 49 50 51 52 53 54 55 56 57 58 59 60 61 62 63,-3.0,
base,sleeping,,676303.0,689156.0,104 105 106 107 108 109 110 111,-4.0,
base,sleeping,,676335.0,689156.0,72 73 74 75 76 77 78 79 80 81 82 83 84 85 86 87 88 89 90 91 92 93 94 95 96 97 98 99 100 101 102 103,-4.0,
base,active,,676489.0,676789.0,118 119 120 121 122 123 124 125,-1.0,
base,active,,676593.0,676893.0,126,-1.0,
base,switching_off,,676789.0,678589.0,118 119 120 121 122 123 124 125,-2.0,
base,switching_off,,676893.0,678693.0,126,-2.0,
base,switching_on,,678361.0,681061.0,127,-3.0,
base,sleeping,,678589.0,689156.0,118 119 120 121 122 123 124 125,-4.0,
base,sleeping,,678693.0,689156.0,126,-4.0,
base,active,643694.0,678942.0,689156.0,0 1 2 3 4 5 6 7 8 9 10 11 12 13 14 15 16 17 18 19 20 21 22 23 24 25 26 27 28 29 30 31 32 33 34 35 36 37 38 39 40 41 42 43 44 45 46 47 48 49 50 51 52 53 54 55 56 57 58 59 60 61 62 63,38564.0,False
base,active,678129.0,681061.0,681077.0,127,38761.0,False
base,active,,681077.0,681377.0,127,-1.0,
base,switching_off,,681377.0,683177.0,127,-2.0,
base,sleeping,,683177.0,683622.0,127,-4.0,
base,switching_on,,683622.0,686322.0,127,-3.0,
base,active,683622.0,686322.0,686345.0,127,38807.0,False
base,active,,686345.0,686645.0,127,-1.0,
base,switching_off,,686645.0,688445.0,127,-2.0,
base,sleeping,,688445.0,689156.0,127,-4.0,
base,active,,689156.0,691856.0,0 1 2 3 4 5 6 7 8 9 10 11 12 13 14 15 16 17 18 19 20 21 22 23 24 25 26 27 28 29 30 31 32 33 34 35 36 37 38 39 40 41 42 43 44 45 46 47 48 49 50 51 52 53 54 55 56 57 58 59 60 61 62 63,-1.0,
base,switching_on,,689156.0,691856.0,64 65 66 67 68 69 70 71 72 73 74 75 76 77 78 79 80 81 82 83 84 85 86 87 88 89 90 91 92 93 94 95 96 97 98 99 100 101 102 103 104 105 106 107 108 109 110 111 112 113 114 115 116 117 118 119 120 121 122 123 124 125 126 127,-3.0,
base,active,653912.0,691856.0,691954.0,0 1 2 3 4 5 6 7 8 9 10 11 12 13 14 15 16 17 18 19 20 21 22 23 24 25 26 27 28 29 30 31 32 33 34 35 36 37 38 39 40 41 42 43 44 45 46 47 48 49 50 51 52 53 54 55 56 57 58 59 60 61 62 63 64 65 66 67 68 69 70 71 72 73 74 75 76 77 78 79 80 81 82 83 84 85 86 87 88 89 90 91 92 93 94 95 96 97 98 99 100 101 102 103 104 105 106 107 108 109 110 111 112 113 114 115 116 117 118 119 120 121 122 123 124 125 126 127,38652.0,False
base,active,688492.0,691954.0,691970.0,64,38835.0,False
base,active,690268.0,691954.0,691970.0,127,38845.0,False
base,active,,691954.0,692226.0,65 66 67 68 69 70 71 72 73 74 75 76 77 78 79 80 81 82 83 84 85 86 87 88 89 90 91 92 93 94 95 96 97 98 99 100 101 102 103 104 105 106 107 108 109 110 111 112 113 114 115 116 117 118 119 120 121 122 123 124 125 126,-1.0,
base,active,678361.0,691954.0,702082.0,0 1 2 3 4 5 6 7 8 9 10 11 12 13 14 15 16 17 18 19 20 21 22 23 24 25 26 27 28 29 30 31 32 33 34 35 36 37 38 39 40 41 42 43 44 45 46 47 48 49 50 51 52 53 54 55 56 57 58 59 60 61 62 63,38762.0,False
base,active,,691970.0,692176.0,127,-1.0,
base,active,,691970.0,692226.0,64,-1.0,
base,active,692176.0,692176.0,692188.0,127,38855.0,False
base,active,,692188.0,692226.0,127,-1.0,
base,active,692226.0,692226.0,692723.0,64 65 66 67 68 69 70 71 72 73 74 75 76 77 78 79 80 81 82 83 84 85 86 87 88 89 90 91 92 93 94 95 96 97 98 99 100 101 102 103 104 105 106 107 108 109 110 111 112 113 114 115 116 117 118 119 120 121 122 123 124 125 126 127,38856.0,False
base,active,,692723.0,692731.0,127,-1.0,
base,active,,692723.0,692786.0,64 65 66 67 68 69 70 71 72 73 74 75 76 77 78 79 80 81 82 83 84 85 86 87 88 89 90 91 92 93 94 95 96 97 98 99 100 101 102 103 104 105 106 107 108 109 110 111 112 113 114 115 116 117 118 119 120 121 122 123 124 125 126,-1.0,
base,active,692731.0,692731.0,692753.0,127,38858.0,False
base,active,,692753.0,692786.0,127,-1.0,
base,active,692786.0,692786.0,694300.0,64 65 66 67 68 69 70 71 72 73 74 75 76 77 78 79 80 81 82 83 84 85 86 87 88 89 90 91 92 93 94 95 96 97 98 99 100 101 102 103 104 105 106 107 108 109 110 111 112 113 114 115 116 117 118 119 120 121 122 123 124 125 126 127,38859.0,False
base,active,,694300.0,694600.0,64 65 66 67 68 69 70 71 72 73 74 75 76 77 78 79 80 81 82 83 84 85 86 87 88 89 90 91 92 93 94 95 96 97 98 99 100 101 102 103 104 105 106 107 108 109 110 111 112 113 114 115 116 117 118 119 120 121 122 123 124 125 126 127,-1.0,
base,switching_off,,694600.0,696400.0,64 65 66 67 68 69 70 71 72 73 74 75 76 77 78 79 80 81 82 83 84 85 86 87 88 89 90 91 92 93 94 95 96 97 98 99 100 101 102 103 104 105 106 107 108 109 110 111 112 113 114 115 116 117 118 119 120 121 122 123 124 125 126 127,-2.0,
base,sleeping,,696400.0,702082.0,64 65 66 67 68 69 70 71 72 73 74 75 76 77 78 79 80 81 82 83 84 85 86 87 88 89 90 91 92 93 94 95 96 97 98 99 100 101 102 103 104 105 106 107 108 109 110 111 112 113 114 115 116 117 118 119 120 121 122 123 124 125 126 127,-4.0,
base,active,,702082.0,704782.0,0 1 2 3 4 5 6 7 8 9 10 11 12 13 14 15 16 17 18 19 20 21 22 23 24 25 26 27 28 29 30 31 32 33 34 35 36 37 38 39 40 41 42 43 44 45 46 47 48 49 50 51 52 53 54 55 56 57 58 59 60 61 62 63,-1.0,
base,switching_on,,702082.0,704782.0,64 65 66 67 68 69 70 71 72 73 74 75 76 77 78 79 80 81 82 83 84 85 86 87 88 89 90 91 92 93 94 95 96 97 98 99 100 101 102 103 104 105 106 107 108 109 110 111 112 113 114 115 116 117 118 119 120 121 122 123 124 125 126 127,-3.0,
base,active,690104.0,704782.0,704877.0,0 1 2 3 4 5 6 7 8 9 10 11 12 13 14 15 16 17 18 19 20 21 22 23 24 25 26 27 28 29 30 31 32 33 34 35 36 37 38 39 40 41 42 43 44 45 46 47 48 49 50 51 52 53 54 55 56 57 58 59 60 61 62 63 64 65 66 67 68 69 70 71 72 73 74 75 76 77 78 79 80 81 82 83 84 85 86 87 88 89 90 91 92 93 94 95 96 97 98 99 100 101 102 103 104 105 106 107 108 109 110 111 112 113 114 115 116 117 118 119 120 121 122 123 124 125 126 127,38844.0,False
base,active,690409.0,704877.0,704969.0,0 1 2 3 4 5 6 7 8 9 10 11 12 13 14 15 16 17 18 19 20 21 22 23 24 25 26 27 28 29 30 31 32 33 34 35 36 37 38 39 40 41 42 43 44 45 46 47 48 49 50 51 52 53 54 55 56 57 58 59 60 61 62 63 64 65 66 67 68 69 70 71 72 73 74 75 76 77 78 79 80 81 82 83 84 85 86 87 88 89 90 91 92 93 94 95 96 97 98 99 100 101 102 103 104 105 106 107 108 109 110 111 112 113 114 115 116 117 118 119 120 121 122 123 124 125 126 127,38846.0,False
base,active,700923.0,704969.0,704972.0,64,38895.0,False
base,active,704425.0,704969.0,704986.0,106,38913.0,False
base,active,703692.0,704969.0,704991.0,105,38907.0,False
base,active,703321.0,704969.0,705039.0,97 98 99 100 101 102 103 104,38906.0,False
base,active,703293.0,704969.0,705066.0,65 66 67 68 69 70 71 72 73 74 75 76 77 78 79 80 81 82 83 84 85 86 87 88 89 90 91 92 93 94 95 96,38905.0,False
base,active,,704969.0,705066.0,107 108 109 110 111 112 113 114 115 116 117 118 119 120 121 122 123 124 125 126 127,-1.0,
base,active,694322.0,704969.0,715070.0,0 1 2 3 4 5 6 7 8 9 10 11 12 13 14 15 16 17 18 19 20 21 22 23 24 25 26 27 28 29 30 31 32 33 34 35 36 37 38 39 40 41 42 43 44 45 46 47 48 49 50 51 52 53 54 55 56 57 58 59 60 61 62 63,38867.0,False
base,active,,704972.0,705066.0,64,-1.0,
base,active,,704986.0,705066.0,106,-1.0,
base,active,,704991.0,705066.0,105,-1.0,
base,active,,705039.0,705066.0,97 98 99 100 101 102 103 104,-1.0,
base,active,704507.0,705066.0,720125.0,64 65 66 67 68 69 70 71 72 73 74 75 76 77 78 79 80 81 82 83 84 85 86 87 88 89 90 91 92 93 94 95 96 97 98 99 100 101 102 103 104 105 106 107 108 109 110 111 112 113 114 115 116 117 118 119 120 121 122 123 124 125 126 127,38915.0,False
base,active,705635.0,715070.0,715074.0,0,38918.0,False
base,active,706522.0,715070.0,715074.0,1,38920.0,False
base,active,710056.0,715070.0,715074.0,54,38941.0,False
base,active,710038.0,715070.0,715076.0,46 47 48 49 50 51 52 53,38940.0,False
base,active,714954.0,715070.0,715076.0,60 61 62 63,38975.0,False
base,active,,715070.0,715076.0,59,-1.0,
base,active,710036.0,715070.0,715077.0,30 31 32 33 34 35 36 37 38 39 40 41 42 43 44 45,38939.0,False
base,active,710035.0,715070.0,715078.0,26 27 28 29,38938.0,False
base,active,710032.0,715070.0,715080.0,22 23 24 25,38937.0,False
base,active,710031.0,715070.0,715081.0,18 19 20 21,38936.0,False
base,active,710029.0,715070.0,715083.0,2 3 4 5 6 7 8 9 10 11 12 13 14 15 16 17,38935.0,False
base,active,710283.0,715070.0,715119.0,55 56 57 58,38943.0,False
base,active,,715074.0,715076.0,0 1 54,-1.0,
base,active,710282.0,715076.0,715125.0,0 1 46 47 48 49 50 51 52 53 54 59 60 61 62 63,38942.0,False
base,active,,715077.0,715080.0,38 39 40 41 42 43 44 45,-1.0,
base,active,710287.0,715077.0,715122.0,34 35 36 37,38945.0,False
base,active,710285.0,715077.0,715124.0,30 31 32 33,38944.0,False
base,active,,715078.0,715080.0,26 27 28 29,-1.0,
base,active,710290.0,715080.0,715123.0,22 23 24 25 26 27 28 29 38 39 40 41 42 43 44 45,38946.0,False
base,active,714950.0,715081.0,715093.0,18 19 20 21,38973.0,False
base,active,714952.0,715083.0,715091.0,10 11 12 13,38974.0,False
base,active,,715083.0,715091.0,14 15 16 17,-1.0,
base,active,710292.0,715083.0,715124.0,2 3 4 5 6 7 8 9,38947.0,False
base,active,714957.0,715091.0,715095.0,10 11 12 13 14 15 16 17,38977.0,False
base,active,,715093.0,715123.0,18 19 20 21,-1.0,
base,active,,715095.0,715123.0,10 11 12 13 14 15 16 17,-1.0,
base,active,,715119.0,715124.0,55 56 57 58,-1.0,
base,active,,715122.0,715123.0,34 35 36 37,-1.0,
base,active,711090.0,715123.0,715700.0,10 11 12 13 14 15 16 17 18 19 20 21 22 23 24 25 26 27 28 29 34 35 36 37 38 39 40 41 42 43 44 45,38950.0,False
base,active,711734.0,715124.0,715222.0,30 31 32 33 55 56 57 58,38958.0,False
base,active,711119.0,715124.0,715673.0,2 3 4 5 6 7 8 9,38951.0,False
base,active,,715125.0,715222.0,0 1 46 47 48 49 50 51,-1.0,
base,active,713890.0,715125.0,715231.0,52 53 54 59 60 61 62 63,38967.0,False
base,active,714949.0,715222.0,715234.0,0 1 30 31 32 33 46 47 48 49 50 51 55 56 57 58,38972.0,False
base,active,,715231.0,715234.0,52 53 54 59 60 61 62 63,-1.0,
base,active,714955.0,715234.0,715240.0,48 49 50 51 52 53 54 55 56 57 58 59 60 61 62 63,38976.0,False
base,active,,715234.0,715246.0,32 33 46 47,-1.0,
base,active,,715234.0,715247.0,0 1 30 31,-1.0,
base,active,,715240.0,715244.0,48 49 50 51 52 53 54 55 56 57 58 59 60 61 62 63,-1.0,
base,active,715244.0,715244.0,715343.0,48 49 50 51 52 53 54 55 56 57 58 59 60 61 62 63,38981.0,False
base,active,715246.0,715246.0,715340.0,32 33 46 47,38982.0,False
base,active,715247.0,715247.0,715341.0,0 1 30 31,38983.0,False
base,active,715249.0,715340.0,715433.0,32 33 46 47,38984.0,False
base,active,,715341.0,715433.0,0 1 30 31,-1.0,
base,active,715251.0,715343.0,715434.0,48 49 50 51 52 53 54 55 56 57 58 59 60 61 62 63,38985.0,False
base,active,715252.0,715433.0,715524.0,0 1 30 31 32 33 46 47,38986.0,False
base,active,715385.0,715434.0,715544.0,56 57 58 59 60 61 62 63,38988.0,False
base,active,,715434.0,715673.0,48 49 50 51 52 53 54 55,-1.0,
base,active,,715524.0,715673.0,0 1 30 31 32 33 46 47,-1.0,
base,active,,715544.0,715673.0,56 57 58 59 60 61 62 63,-1.0,
base,active,711689.0,715673.0,715817.0,0 1 2 3 4 5 6 7 8 9 30 31 32 33 46 47 48 49 50 51 52 53 54 55 56 57 58 59 60 61 62 63,38957.0,False
base,active,713833.0,715700.0,715862.0,10 11 12 13 14 15 16 17 18 19 20 21 22 23 24 25 26 27 28 29 34 35 36 37 38 39 40 41 42 43 44 45,38966.0,False
base,active,715360.0,715817.0,715952.0,0 1 2 3 4 5 6 7 8 9 30 31 32 33 46 47 48 49 50 51 52 53 54 55 56 57 58 59 60 61 62 63,38987.0,False
base,active,,715862.0,716162.0,10 11 12 13 14 15 16 17 18 19 20 21 22 23 24 25 26 27 28 29 34 35 36 37 38 39 40 41 42 43 44 45,-1.0,
base,active,,715952.0,716022.0,0,-1.0,
base,active,,715952.0,716252.0,1 2 3 4 5 6 7 8 9 30 31 32 33 46 47 48 49 50 51 52 53 54 55 56 57 58 59 60 61 62 63,-1.0,
base,active,716022.0,716022.0,716036.0,0,38990.0,False
base,active,,716036.0,716336.0,0,-1.0,
base,switching_off,,716162.0,717962.0,10 11 12 13 14 15 16 17 18 19 20 21 22 23 24 25 26 27 28 29 34 35 36 37 38 39 40 41 42 43 44 45,-2.0,
base,switching_off,,716252.0,718052.0,1 2 3 4 5 6 7 8 9 30 31 32 33 46 47 48 49 50 51 52 53 54 55 56 57 58 59 60 61 62 63,-2.0,
base,switching_off,,716336.0,718136.0,0,-2.0,
base,switching_on,,717962.0,720662.0,10 11 12 13 14 15 16 17 18 19 20 21 22 23 24 25 26 27 28 29 34 35 36 37 38 39 40 41 42 43 44 45,-3.0,
base,sleeping,,718052.0,718577.0,9 30 31 32 33 46 47,-4.0,
base,sleeping,,718052.0,718610.0,48 49 50 51 52 53 54 55,-4.0,
base,sleeping,,718052.0,719569.0,56,-4.0,
base,switching_on,,718052.0,720752.0,1 2 3 4 5 6 7 8,-3.0,
base,sleeping,,718052.0,722931.0,57 58 59 60 61 62 63,-4.0,
base,sleeping,,718136.0,718577.0,0,-4.0,
base,switching_on,,718577.0,721277.0,0 9 30 31 32 33 46 47,-3.0,
base,switching_on,,718610.0,721310.0,48 49 50 51 52 53 54 55,-3.0,
base,switching_on,,719569.0,722269.0,56,-3.0,
base,active,718276.0,720125.0,720276.0,64 65 66 67 68 69 70 71 72 73 74 75 76 77 78 79 80 81 82 83 84 85 86 87 88 89 90 91 92 93 94 95,39002.0,False
base,active,718577.0,720125.0,720448.0,96 97 98 99 100 101 102 103 104 105 106 107 108 109 110 111 112 113 114 115 116 117 118 119 120 121 122 123 124 125 126 127,39007.0,False
base,active,,720276.0,720576.0,64 65 66 67 68 69 70 71 72 73 74 75 76 77 78 79 80 81 82 83 84 85 86 87 88 89 90 91 92 93 94 95,-1.0,
base,active,,720448.0,720748.0,96 97 98 99 100 101 102 103 104 105 106 107 108 109 110 111 112 113 114 115 116 117 118 119 120 121 122 123 124 125 126 127,-1.0,
base,switching_off,,720576.0,722376.0,64 65 66 67 68 69 70 71 72 73 74 75 76 77 78 79 80 81 82 83 84 85 86 87 88 89 90 91 92 93 94 95,-2.0,
base,active,717272.0,720662.0,720801.0,10 11 12 13 14 15 16 17 18 19 20 21 22 23 24 25 26 27 28 29 34 35 36 37 38 39 40 41 42 43 44 45,38997.0,False
base,switching_off,,720748.0,722548.0,96 97 98 99 100 101 102 103 104 105 106 107 108 109 110 111 112 113 114 115 116 117 118 119 120 121 122 123 124 125 126 127,-2.0,
base,active,717302.0,720752.0,720860.0,1 2 3 4 5 6 7 8,38998.0,False
base,active,,720801.0,721101.0,10 11 12 13 14 15 16 17 18 19 20 21 22 23 24 25 26 27 28 29 34 35 36 37 38 39 40 41 42 43 44 45,-1.0,
base,active,,720860.0,721160.0,1 2 3 4 5 6 7 8,-1.0,
base,switching_off,,721101.0,722901.0,10 11 12 13 14 15 16 17 18 19 20 21 22 23 24 25 26 27 28 29 34 35 36 37 38 39 40 41 42 43 44 45,-2.0,
base,switching_off,,721160.0,722960.0,1 2 3 4 5 6 7 8,-2.0,
base,active,718305.0,721277.0,721400.0,0 9 30 31 32 33 46 47,39003.0,False
base,active,718610.0,721310.0,721601.0,48 49 50 51 52 53 54 55,39009.0,False
base,active,,721400.0,721700.0,0 9 30 31 32 33 46 47,-1.0,
base,active,,721601.0,721901.0,48 49 50 51 52 53 54 55,-1.0,
base,switching_off,,721700.0,723500.0,0 9 30 31 32 33 46 47,-2.0,
base,switching_off,,721901.0,723701.0,48 49 50 51 52 53 54 55,-2.0,
base,active,719569.0,722269.0,722283.0,56,39011.0,False
base,active,,722283.0,722583.0,56,-1.0,
base,sleeping,,722376.0,722931.0,64 65 66 67 68 69 70 71 72 73 74 75 76 77 78 79 80 81 82 83 84 85 86 87 88 89 90 91 92 93 94 95,-4.0,
base,sleeping,,722548.0,722931.0,96 97 98 99 100 101 102 103 104,-4.0,
base,sleeping,,722548.0,733130.0,105 106 107 108 109 110 111 112 113 114 115 116 117 118 119 120 121 122 123 124 125 126 127,-4.0,
base,switching_off,,722583.0,724383.0,56,-2.0,
base,sleeping,,722901.0,722929.0,10 11 12 13 14 15 16 17 18 19 20 21 22 23 24 25,-4.0,
base,sleeping,,722901.0,722931.0,26 27 28 29 34 35 36 37 38 39 40 41 42 43 44 45,-4.0,
base,switching_on,,722929.0,725629.0,10 11 12 13 14 15 16 17 18 19 20 21 22 23 24 25,-3.0,
base,switching_on,,722931.0,725631.0,26 27 28 29 34 35 36 37 38 39 40 41 42 43 44 45 57 58 59 60 61 62 63 64 65 66 67 68 69 70 71 72 73 74 75 76 77 78 79 80 81 82 83 84 85 86 87 88 89 90 91 92 93 94 95 96 97 98 99 100 101 102 103 104,-3.0,
base,sleeping,,722960.0,733130.0,1 2 3 4 5 6 7 8,-4.0,
base,sleeping,,723500.0,726962.0,0,-4.0,
base,sleeping,,723500.0,733130.0,9 30 31 32 33 46 47,-4.0,
base,sleeping,,723701.0,733130.0,48 49 50 51 52 53 54 55,-4.0,
base,sleeping,,724383.0,733130.0,56,-4.0,
base,active,722929.0,725629.0,730174.0,10 11 12 13 14 15 16 17 18 19 20 21 22 23 24 25,39026.0,False
base,active,722931.0,725631.0,735829.0,26 27 28 29 34 35 36 37 38 39 40 41 42 43 44 45 57 58 59 60 61 62 63 64 65 66 67 68 69 70 71 72 73 74 75 76 77 78 79 80 81 82 83 84 85 86 87 88 89 90 91 92 93 94 95 96 97 98 99 100 101 102 103 104,39027.0,False
base,switching_on,,726962.0,729662.0,0,-3.0,
base,active,726962.0,729662.0,729677.0,0,39043.0,False
base,active,,729677.0,729977.0,0,-1.0,
base,switching_off,,729977.0,731777.0,0,-2.0,
base,active,,730174.0,730474.0,10 11 12 13 14 15 16 17 18 19 20 21 22 23 24 25,-1.0,
base,switching_off,,730474.0,732274.0,10 11 12 13 14 15 16 17 18 19 20 21 22 23 24 25,-2.0,
base,sleeping,,731777.0,733130.0,0,-4.0,
base,sleeping,,732274.0,733130.0,10 11 12 13 14 15 16 17 18 19 20 21 22 23 24 25,-4.0,
base,switching_on,,733130.0,735830.0,0 1 2 3 4 5 6 7 8 9 10 11 12 13 14 15 16 17 18 19 20 21 22 23 24 25 30 31 32 33 46 47 48 49 50 51 52 53 54 55 56 105 106 107 108 109 110 111 112 113 114 115 116 117 118 119 120 121 122 123 124 125 126 127,-3.0,
base,active,,735829.0,736129.0,26 27 28 29 34 35 36 37 38 39 40 41 42 43 44 45 57 58 59 60 61 62 63 64 65 66 67 68 69 70 71 72 73 74 75 76 77 78 79 80 81 82 83 84 85 86 87 88 89 90 91 92 93 94 95 96 97 98 99 100 101 102 103 104,-1.0,
base,active,733130.0,735830.0,740665.0,0 1 2 3 4 5 6 7 8 9 10 11 12 13 14 15 16 17 18 19 20 21 22 23 24 25 30 31 32 33 46 47 48 49 50 51 52 53 54 55 56 105 106 107 108 109 110 111 112 113 114 115 116 117 118 119 120 121 122 123 124 125 126 127,39070.0,False
base,switching_off,,736129.0,737929.0,26 27 28 29 34 35 36 37 38 39 40 41 42 43 44 45 57 58 59 60 61 62 63 64 65 66 67 68 69 70 71 72 73 74 75 76 77 78 79 80 81 82 83 84 85 86 87 88 89 90 91 92 93 94 95 96 97 98 99 100 101 102 103 104,-2.0,
base,sleeping,,737929.0,739459.0,27 28,-4.0,
base,switching_on,,737929.0,740629.0,26,-3.0,
base,sleeping,,737929.0,759205.0,29 34 35 36 37 38 39 40 41 42 43 44 45 57 58 59 60 61 62 63,-4.0,
base,sleeping,,737929.0,759341.0,64 65 66 67 68 69 70 71 72 73 74 75 76 77 78 79 80 81 82 83 84 85 86 87 88 89 90 91 92 93 94 95,-4.0,
base,sleeping,,737929.0,759370.0,96 97 98 99 100 101 102 103,-4.0,
base,sleeping,,737929.0,760407.0,104,-4.0,
base,switching_on,,739459.0,742159.0,27 28,-3.0,
base,active,737849.0,740629.0,740641.0,26,39093.0,False
base,active,,740641.0,740665.0,26,-1.0,
base,active,,740665.0,740965.0,127,-1.0,
base,active,737974.0,740665.0,750841.0,0 1 2 3 4 5 6 7 8 9 10 11 12 13 14 15 16 17 18 19 20 21 22 23 24 25 26 30 31 32 33 46 47 48 49 50 51 52 53 54 55 56 105 106 107 108 109 110 111 112 113 114 115 116 117 118 119 120 121 122 123 124 125 126,39094.0,False
base,switching_off,,740965.0,742765.0,127,-2.0,
base,active,739281.0,742159.0,742260.0,27,39095.0,False
base,active,739459.0,742159.0,742298.0,28,39096.0,False
base,active,,742260.0,742560.0,27,-1.0,
base,active,,742298.0,742598.0,28,-1.0,
base,switching_off,,742560.0,744360.0,27,-2.0,
base,switching_off,,742598.0,744398.0,28,-2.0,
base,sleeping,,742765.0,760981.0,127,-4.0,
base,sleeping,,744360.0,759205.0,27,-4.0,
base,sleeping,,744398.0,759205.0,28,-4.0,
base,active,,750841.0,751141.0,0 1 2 3 4 5 6 7 8 9 10 11 12 13 14 15 16 17 18 19 20 21 22 23 24 25 26 30 31 32 33 46 47 48 49 50 51 52 53 54 55 56 105 106 107 108 109 110 111 112 113 114 115 116 117 118 119 120 121 122 123 124 125 126,-1.0,
base,switching_off,,751141.0,752941.0,0 1 2 3 4 5 6 7 8 9 10 11 12 13 14 15 16 17 18 19 20 21 22 23 24 25 26 30 31 32 33 46 47 48 49 50 51 52 53 54 55 56 105 106 107 108 109 110 111 112 113 114 115 116 117 118 119 120 121 122 123 124 125 126,-2.0,
base,sleeping,,752941.0,759205.0,0 1 2 3 4 5 6 7 8 9 10 11 12 13 14 15 16 17 18 19 20 21 22 23 24 25 26 30 31 32 33 46 47 48 49 50 51 52 53 54 55 56,-4.0,
base,sleeping,,752941.0,760407.0,105 106 107 108 109 110 111,-4.0,
base,sleeping,,752941.0,760439.0,112 113 114 115 116 117 118 119,-4.0,
base,sleeping,,752941.0,760981.0,120 121 122 123 124 125 126,-4.0,
base,switching_on,,759205.0,761905.0,0 1 2 3 4 5 6 7 8 9 10 11 12 13 14 15 16 17 18 19 20 21 22 23 24 25 26 27 28 29 30 31 32 33 34 35 36 37 38 39 40 41 42 43 44 45 46 47 48 49 50 51 52 53 54 55 56 57 58 59 60 61 62 63,-3.0,
base,switching_on,,759341.0,762041.0,64 65 66 67 68 69 70 71 72 73 74 75 76 77 78 79 80 81 82 83 84 85 86 87 88 89 90 91 92 93 94 95,-3.0,
base,switching_on,,759370.0,762070.0,96 97 98 99 100 101 102 103,-3.0,
base,switching_on,,760407.0,763107.0,104 105 106 107 108 109 110 111,-3.0,
base,switching_on,,760439.0,763139.0,112 113 114 115 116 117 118 119,-3.0,
base,switching_on,,760981.0,763681.0,120 121 122 123 124 125 126 127,-3.0,
base,active,759205.0,761905.0,776982.0,0 1 2 3 4 5 6 7 8 9 10 11 12 13 14 15 16 17 18 19 20 21 22 23 24 25 26 27 28 29 30 31 32 33 34 35 36 37 38 39 40 41 42 43 44 45 46 47 48 49 50 51 52 53 54 55 56 57 58 59 60 61 62 63,39097.0,False
base,active,759341.0,762041.0,762174.0,64 65 66 67 68 69 70 71 72 73 74 75 76 77 78 79 80 81 82 83 84 85 86 87 88 89 90 91 92 93 94 95,39098.0,False
base,active,759370.0,762070.0,762175.0,96 97 98 99 100 101 102 103,39099.0,False
base,active,759584.0,762174.0,762295.0,64 65 66 67 68 69 70 71 72 73 74 75 76 77 78 79 80 81 82 83 84 85 86 87 88 89 90 91 92 93 94 95,39100.0,False
base,active,,762175.0,762475.0,96 97 98 99 100 101 102 103,-1.0,
base,active,760407.0,762295.0,762476.0,64 65 66 67 68 69 70 71 72 73 74 75 76 77 78 79 80 81 82 83 84 85 86 87 88 89 90 91 92 93 94 95,39102.0,False
base,switching_off,,762475.0,764275.0,96 97 98 99 100 101 102 103,-2.0,
base,active,760955.0,762476.0,762600.0,64 65 66 67 68 69 70 71 72 73 74 75 76 77 78 79 80 81 82 83 84 85 86 87 88 89 90 91 92 93 94 95,39104.0,False
base,active,,762600.0,762900.0,64 65 66 67 68 69 70 71 72 73 74 75 76 77 78 79 80 81 82 83 84 85 86 87 88 89 90 91 92 93 94 95,-1.0,
base,switching_off,,762900.0,764700.0,64 65 66 67 68 69 70 71 72 73 74 75 76 77 78 79 80 81 82 83 84 85 86 87 88 89 90 91 92 93 94 95,-2.0,
base,active,759607.0,763107.0,763205.0,104 105 106 107 108 109 110 111,39101.0,False
base,active,760439.0,763139.0,763288.0,112 113 114 115 116 117 118 119,39103.0,False
base,active,,763205.0,763505.0,104 105 106 107 108 109 110 111,-1.0,
base,active,,763288.0,763588.0,112 113 114 115 116 117 118 119,-1.0,
base,switching_off,,763505.0,765305.0,104 105 106 107 108 109 110 111,-2.0,
base,switching_off,,763588.0,765388.0,112 113 114 115 116 117 118 119,-2.0,
base,active,760981.0,763681.0,763780.0,120 121 122 123 124 125 126 127,39105.0,False
base,active,,763780.0,764080.0,120 121 122 123 124 125 126 127,-1.0,
base,switching_off,,764080.0,765880.0,120 121 122 123 124 125 126 127,-2.0,
base,sleeping,,764275.0,773759.0,96 97 98 99 100 101,-4.0,
base,sleeping,,764275.0,773890.0,102 103,-4.0,
base,sleeping,,764700.0,768592.0,64,-4.0,
base,sleeping,,764700.0,770021.0,65,-4.0,
base,sleeping,,764700.0,772248.0,66,-4.0,
base,sleeping,,764700.0,772407.0,67,-4.0,
base,sleeping,,764700.0,772496.0,68,-4.0,
base,sleeping,,764700.0,772580.0,69 70 71 72 73 74 75 76,-4.0,
base,sleeping,,764700.0,773113.0,77 78 79 80 81 82 83 84,-4.0,
base,sleeping,,764700.0,773183.0,85,-4.0,
base,sleeping,,764700.0,773356.0,86 87 88 89 90 91 92 93,-4.0,
base,sleeping,,764700.0,773759.0,94 95,-4.0,
base,sleeping,,765305.0,773890.0,104 105 106 107 108 109,-4.0,
base,sleeping,,765305.0,774184.0,110,-4.0,
base,sleeping,,765305.0,774266.0,111,-4.0,
base,sleeping,,765388.0,774291.0,112,-4.0,
base,sleeping,,765388.0,774320.0,113,-4.0,
base,sleeping,,765388.0,774428.0,114 115 116 117 118 119,-4.0,
base,sleeping,,765880.0,774428.0,120 121,-4.0,
base,sleeping,,765880.0,774647.0,122,-4.0,
base,sleeping,,765880.0,774962.0,123,-4.0,
base,sleeping,,765880.0,775006.0,124,-4.0,
base,sleeping,,765880.0,786578.0,125 126 127,-4.0,
base,switching_on,,768592.0,771292.0,64,-3.0,
base,switching_on,,770021.0,772721.0,65,-3.0,
base,active,768592.0,771292.0,771308.0,64,39124.0,False
base,active,,771308.0,771608.0,64,-1.0,
base,switching_off,,771608.0,773408.0,64,-2.0,
base,switching_on,,772248.0,774948.0,66,-3.0,
base,switching_on,,772407.0,775107.0,67,-3.0,
base,switching_on,,772496.0,775196.0,68,-3.0,
base,switching_on,,772580.0,775280.0,69 70 71 72 73 74 75 76,-3.0,
base,active,770021.0,772721.0,772736.0,65,39131.0,False
base,active,,772736.0,773036.0,65,-1.0,
base,switching_off,,773036.0,774836.0,65,-2.0,
base,switching_on,,773113.0,775813.0,77 78 79 80 81 82 83 84,-3.0,
base,switching_on,,773183.0,775883.0,85,-3.0,
base,switching_on,,773356.0,776056.0,86 87 88 89 90 91 92 93,-3.0,
base,sleeping,,773408.0,773489.0,64,-4.0,
base,switching_on,,773489.0,776189.0,64,-3.0,
base,switching_on,,773759.0,776459.0,94 95 96 97 98 99 100 101,-3.0,
base,switching_on,,773890.0,776590.0,102 103 104 105 106 107 108 109,-3.0,
base,switching_on,,774184.0,776884.0,110,-3.0,
base,switching_on,,774266.0,776966.0,111,-3.0,
base,switching_on,,774291.0,776991.0,112,-3.0,
base,switching_on,,774320.0,777020.0,113,-3.0,
base,switching_on,,774428.0,777128.0,114 115 116 117 118 119 120 121,-3.0,
base,switching_on,,774647.0,777347.0,122,-3.0,
base,sleeping,,774836.0,774951.0,65,-4.0,
base,active,772248.0,774948.0,775055.0,66,39140.0,False
base,switching_on,,774951.0,777651.0,65,-3.0,
base,switching_on,,774962.0,777662.0,123,-3.0,
base,switching_on,,775006.0,777706.0,124,-3.0,
base,active,,775055.0,775300.0,66,-1.0,
base,active,772407.0,775107.0,775128.0,67,39144.0,False
base,active,,775128.0,775300.0,67,-1.0,
base,active,772496.0,775196.0,775214.0,68,39146.0,False
base,active,,775214.0,775300.0,68,-1.0,
base,active,772580.0,775280.0,775300.0,69 70 71 72 73 74 75 76,39148.0,False
base,active,774515.0,775300.0,775324.0,66 67 68 69 70 71 72 73,39168.0,False
base,active,,775300.0,775483.0,74,-1.0,
base,active,,775300.0,775600.0,75 76,-1.0,
base,active,774647.0,775324.0,775354.0,66 67 68 69 70 71 72 73,39170.0,False
base,active,775055.0,775354.0,775417.0,66 67 68 69 70 71 72 73,39175.0,False
base,active,775140.0,775417.0,775510.0,66 67 68 69 70 71 72 73,39176.0,False
base,active,775483.0,775483.0,775490.0,74,39178.0,False
base,active,,775490.0,775790.0,74,-1.0,
base,active,,775510.0,775562.0,66,-1.0,
base,active,,775510.0,775810.0,67 68 69 70 71 72 73,-1.0,
base,active,775562.0,775562.0,775566.0,66,39179.0,False
base,active,,775566.0,775866.0,66,-1.0,
base,switching_off,,775600.0,777400.0,75 76,-2.0,
base,switching_off,,775790.0,777590.0,74,-2.0,
base,switching_off,,775810.0,777610.0,67 68 69 70 71 72 73,-2.0,
base,active,773113.0,775813.0,775852.0,77 78 79 80 81 82 83 84,39150.0,False
base,active,,775852.0,776152.0,77 78 79 80 81 82 83 84,-1.0,
base,switching_off,,775866.0,777666.0,66,-2.0,
base,active,773183.0,775883.0,775903.0,85,39151.0,False
base,active,,775903.0,776203.0,85,-1.0,
base,active,773356.0,776056.0,776158.0,86 87 88 89 90 91 92 93,39152.0,False
base,switching_off,,776152.0,777952.0,77 78 79 80 81 82 83 84,-2.0,
base,active,,776158.0,776458.0,86 87 88 89 90 91 92 93,-1.0,
base,active,773489.0,776189.0,776223.0,64,39153.0,False
base,switching_off,,776203.0,778003.0,85,-2.0,
base,active,,776223.0,776523.0,64,-1.0,
base,switching_off,,776458.0,778258.0,86 87 88 89 90 91 92 93,-2.0,
base,active,773759.0,776459.0,776505.0,94 95 96 97 98 99 100 101,39155.0,False
base,active,,776505.0,776805.0,94 95 96 97 98 99 100 101,-1.0,
base,switching_off,,776523.0,778323.0,64,-2.0,
base,active,773890.0,776590.0,776730.0,102 103 104 105 106 107 108 109,39156.0,False
base,active,,776730.0,777030.0,102 103 104 105 106 107 108 109,-1.0,
base,switching_off,,776805.0,778605.0,94 95 96 97 98 99 100 101,-2.0,
base,active,774184.0,776884.0,776916.0,110,39162.0,False
base,active,,776916.0,777216.0,110,-1.0,
base,active,774266.0,776966.0,776992.0,111,39163.0,False
base,active,,776982.0,777282.0,0 1 2 3 4 5 6 7 8 9 10 11 12 13 14 15 16 17 18 19 20 21 22 23 24 25 26 27 28 29 30 31 32 33 34 35 36 37 38 39 40 41 42 43 44 45 46 47 48 49 50 51 52 53 54 55 56 57 58 59 60 61 62 63,-1.0,
base,active,774291.0,776991.0,777007.0,112,39165.0,False
base,active,,776992.0,777292.0,111,-1.0,
base,active,,777007.0,777307.0,112,-1.0,
base,active,774320.0,777020.0,777062.0,113,39166.0,False
base,switching_off,,777030.0,778830.0,102 103 104 105 106 107 108 109,-2.0,
base,active,,777062.0,777362.0,113,-1.0,
base,active,774428.0,777128.0,777149.0,114 115 116 117 118 119 120 121,39167.0,False
base,active,,777149.0,777449.0,114 115 116 117 118 119 120 121,-1.0,
base,switching_off,,777216.0,779016.0,110,-2.0,
base,switching_off,,777282.0,779082.0,0 1 2 3 4 5 6 7 8 9 10 11 12 13 14 15 16 17 18 19 20 21 22 23 24 25 26 27 28 29 30 31 32 33 34 35 36 37 38 39 40 41 42 43 44 45 46 47 48 49 50 51 52 53 54 55 56 57 58 59 60 61 62 63,-2.0,
base,switching_off,,777292.0,779092.0,111,-2.0,
base,switching_off,,777307.0,779107.0,112,-2.0,
base,active,774624.0,777347.0,777352.0,122,39169.0,False
base,active,,777352.0,777652.0,122,-1.0,
base,switching_off,,777362.0,779162.0,113,-2.0,
base,sleeping,,777400.0,786578.0,75 76,-4.0,
base,switching_off,,777449.0,779249.0,114 115 116 117 118 119 120 121,-2.0,
base,sleeping,,777590.0,786578.0,74,-4.0,
base,sleeping,,777610.0,786578.0,67 68 69 70 71 72 73,-4.0,
base,active,774951.0,777651.0,777654.0,65,39172.0,False
base,switching_off,,777652.0,779452.0,122,-2.0,
base,active,,777654.0,777936.0,65,-1.0,
base,active,774962.0,777662.0,777666.0,123,39173.0,False
base,active,,777666.0,777966.0,123,-1.0,
base,sleeping,,777666.0,786578.0,66,-4.0,
base,active,775006.0,777706.0,777709.0,124,39174.0,False
base,active,,777709.0,778009.0,124,-1.0,
base,active,777936.0,777936.0,777963.0,65,39195.0,False
base,sleeping,,777952.0,786578.0,77 78 79 80 81 82 83 84,-4.0,
base,active,,777963.0,778263.0,65,-1.0,
base,switching_off,,777966.0,779766.0,123,-2.0,
base,sleeping,,778003.0,786578.0,85,-4.0,
base,switching_off,,778009.0,779809.0,124,-2.0,
base,sleeping,,778258.0,786578.0,86 87 88 89 90 91 92 93,-4.0,
base,switching_off,,778263.0,780063.0,65,-2.0,
base,sleeping,,778323.0,779082.0,64,-4.0,
base,sleeping,,778605.0,786578.0,94 95 96 97 98 99 100 101,-4.0,
base,sleeping,,778830.0,786578.0,102 103 104 105 106 107 108 109,-4.0,
base,sleeping,,779016.0,786578.0,110,-4.0,
base,switching_on,,779082.0,781782.0,0 1 2 3 4 5 6 7 8 9 10 11 12 13 14 15 16 17 18 19 20 21 22 23 24 25 26 27 28 29 30 31 32 33 34 35 36 37 38 39 40 41 42 43 44 45 46 47 48 49 50 51 52 53 54 55 56 57 58 59 60 61 62 63 64,-3.0,
base,sleeping,,779092.0,786578.0,111,-4.0,
base,sleeping,,779107.0,786578.0,112,-4.0,
base,sleeping,,779162.0,786578.0,113,-4.0,
base,sleeping,,779249.0,786578.0,114 115 116 117 118 119 120 121,-4.0,
base,sleeping,,779452.0,786578.0,122,-4.0,
base,sleeping,,779766.0,786578.0,123,-4.0,
base,sleeping,,779809.0,786578.0,124,-4.0,
base,sleeping,,780063.0,780659.0,65,-4.0,
base,switching_on,,780659.0,783359.0,65,-3.0,
base,active,778064.0,781782.0,781799.0,64,39197.0,False
base,active,777961.0,781782.0,784478.0,0 1 2 3 4 5 6 7 8 9 10 11 12 13 14 15 16 17 18 19 20 21 22 23 24 25 26 27 28 29 30 31 32 33 34 35 36 37 38 39 40 41 42 43 44 45 46 47 48 49 50 51 52 53 54 55 56 57 58 59 60 61 62 63,39196.0,False
base,active,,781799.0,782099.0,64,-1.0,
base,switching_off,,782099.0,783899.0,64,-2.0,
base,active,780659.0,783359.0,783373.0,65,39207.0,False
base,active,,783373.0,783673.0,65,-1.0,
base,switching_off,,783673.0,785473.0,65,-2.0,
base,sleeping,,783899.0,786578.0,64,-4.0,
base,active,,784478.0,784778.0,0 1 2 3 4 5 6 7 8 9 10 11 12 13 14 15 16 17 18 19 20 21 22 23 24 25 26 27 28 29 30 31 32 33 34 35 36 37 38 39 40 41 42 43 44 45 46 47 48 49 50 51 52 53 54 55 56 57 58 59 60 61 62 63,-1.0,
base,switching_off,,784778.0,786578.0,0 1 2 3 4 5 6 7 8 9 10 11 12 13 14 15 16 17 18 19 20 21 22 23 24 25 26 27 28 29 30 31 32 33 34 35 36 37 38 39 40 41 42 43 44 45 46 47 48 49 50 51 52 53 54 55 56 57 58 59 60 61 62 63,-2.0,
base,sleeping,,785473.0,786578.0,65,-4.0,
base,switching_on,,786578.0,789278.0,0 1 2 3 4 5 6 7 8 9 10 11 12 13 14 15 16 17 18 19 20 21 22 23 24 25 26 27 28 29 30 31 32 33 34 35 36 37 38 39 40 41 42 43 44 45 46 47 48 49 50 51 52 53 54 55 56 57 58 59 60 61 62 63 64 65 66 67 68 69 70 71 72 73 74 75 76 77 78 79 80 81 82 83 84 85 86 87 88 89 90 91 92 93 94 95 96 97 98 99 100 101 102 103 104 105 106 107 108 109 110 111 112 113 114 115 116 117 118 119 120 121 122 123 124 125 126 127,-3.0,
base,active,783368.0,789278.0,789374.0,0 1 2 3 4 5 6 7 8 9 10 11 12 13 14 15 16 17 18 19 20 21 22 23 24 25 26 27 28 29 30 31 32 33 34 35 36 37 38 39 40 41 42 43 44 45 46 47 48 49 50 51 52 53 54 55 56 57 58 59 60 61 62 63 64 65 66 67 68 69 70 71 72 73 74 75 76 77 78 79 80 81 82 83 84 85 86 87 88 89 90 91 92 93 94 95 96 97 98 99 100 101 102 103 104 105 106 107 108 109 110 111 112 113 114 115 116 117 118 119 120 121 122 123 124 125 126 127,39220.0,False
base,active,784048.0,789374.0,790702.0,0 1 2 3 4 5 6 7 8 9 10 11 12 13 14 15 16 17 18 19 20 21 22 23 24 25 26 27 28 29 30 31 32 33 34 35 36 37 38 39 40 41 42 43 44 45 46 47 48 49 50 51 52 53 54 55 56 57 58 59 60 61 62 63,39222.0,False
base,active,785403.0,789374.0,790777.0,64 65 66 67 68 69 70 71 72 73 74 75 76 77 78 79 80 81 82 83 84 85 86 87 88 89 90 91 92 93 94 95 96 97 98 99 100 101 102 103 104 105 106 107 108 109 110 111 112 113 114 115 116 117 118 119 120 121 122 123 124 125 126 127,39229.0,False
base,active,786808.0,790702.0,790717.0,0,39237.0,False
base,active,789267.0,790702.0,790762.0,63,39251.0,False
base,active,,790702.0,790777.0,1 2 3 4 5 6 7 8 9 10 11 12 13 14 15 16 17 18 19 20 21 22 23 24 25 26 27 28 29 30 31 32 33 34 35 36 37 38 39 40 41 42 43 44 45 46 47 48 49 50 51 52 53 54 55 56 57 58 59 60 61 62,-1.0,
base,active,,790717.0,790777.0,0,-1.0,
base,active,,790762.0,790777.0,63,-1.0,
base,active,787724.0,790777.0,790868.0,0 1 2 3 4 5 6 7 8 9 10 11 12 13 14 15 16 17 18 19 20 21 22 23 24 25 26 27 28 29 30 31 32 33 34 35 36 37 38 39 40 41 42 43 44 45 46 47 48 49 50 51 52 53 54 55 56 57 58 59 60 61 62 63 64 65 66 67 68 69 70 71 72 73 74 75 76 77 78 79 80 81 82 83 84 85 86 87 88 89 90 91 92 93 94 95 96 97 98 99 100 101 102 103 104 105 106 107 108 109 110 111 112 113 114 115 116 117 118 119 120 121 122 123 124 125 126 127,39240.0,False
base,active,790592.0,790868.0,791422.0,64 65 66 67 68 69 70 71 72 73 74 75 76 77 78 79 80 81 82 83 84 85 86 87 88 89 90 91 92 93 94 95 96 97 98 99 100 101 102 103 104 105 106 107 108 109 110 111 112 113 114 115 116 117 118 119 120 121 122 123 124 125 126 127,39260.0,False
base,active,788165.0,790868.0,793268.0,0 1 2 3 4 5 6 7 8 9 10 11 12 13 14 15 16 17 18 19 20 21 22 23 24 25 26 27 28 29 30 31 32 33 34 35 36 37 38 39 40 41 42 43 44 45 46 47 48 49 50 51 52 53 54 55 56 57 58 59 60 61 62 63,39243.0,False
base,active,,791422.0,791722.0,64 65 66 67 68 69 70 71 72 73 74 75 76 77 78 79 80 81 82 83 84 85 86 87 88 89 90 91 92 93 94 95 96 97 98 99 100 101 102 103 104 105 106 107 108 109 110 111 112 113 114 115 116 117 118 119 120 121 122 123 124 125 126 127,-1.0,
base,switching_off,,791722.0,793522.0,64 65 66 67 68 69 70 71 72 73 74 75 76 77 78 79 80 81 82 83 84 85 86 87 88 89 90 91 92 93 94 95 96 97 98 99 100 101 102 103 104 105 106 107 108 109 110 111 112 113 114 115 116 117 118 119 120 121 122 123 124 125 126 127,-2.0,
base,active,792016.0,793268.0,797570.0,0 1 2 3 4 5 6 7 8 9 10 11 12 13 14 15 16 17 18 19 20 21 22 23 24 25 26 27 28 29 30 31 32 33 34 35 36 37 38 39 40 41 42 43 44 45 46 47 48 49 50 51 52 53 54 55 56 57 58 59 60 61 62 63,39265.0,False
base,sleeping,,793522.0,796319.0,64,-4.0,
base,sleeping,,793522.0,808302.0,65,-4.0,
base,sleeping,,793522.0,809328.0,66 67 68 69 70 71 72 73 74 75 76 77 78 79 80 81,-4.0,
base,sleeping,,793522.0,822952.0,82 83 84 85 86 87 88 89 90 91 92 93 94 95 96 97 98 99 100 101 102 103 104 105 106 107 108 109 110 111 112 113 114 115 116 117 118 119 120 121 122 123 124 125 126 127,-4.0,
base,switching_on,,796319.0,799019.0,64,-3.0,
base,active,796400.0,797570.0,809469.0,0 1 2 3 4 5 6 7 8 9 10 11 12 13 14 15 16 17 18 19 20 21 22 23 24 25 26 27 28 29 30 31 32 33 34 35 36 37 38 39 40 41 42 43 44 45 46 47 48 49 50 51 52 53 54 55 56 57 58 59 60 61 62 63,39267.0,False
base,active,796319.0,799019.0,799034.0,64,39266.0,False
base,active,,799034.0,799334.0,64,-1.0,
base,switching_off,,799334.0,801134.0,64,-2.0,
base,sleeping,,801134.0,802422.0,64,-4.0,
base,switching_on,,802422.0,805122.0,64,-3.0,
base,active,802422.0,805122.0,805146.0,64,39268.0,False
base,active,,805146.0,805446.0,64,-1.0,
base,switching_off,,805446.0,807246.0,64,-2.0,
base,sleeping,,807246.0,808168.0,64,-4.0,
base,switching_on,,808168.0,810868.0,64,-3.0,
base,switching_on,,808302.0,811002.0,65,-3.0,
base,switching_on,,809328.0,812028.0,66 67 68 69 70 71 72 73 74 75 76 77 78 79 80 81,-3.0,
base,active,809329.0,809469.0,820393.0,0 1 2 3 4 5 6 7 8 9 10 11 12 13 14 15 16 17 18 19 20 21 22 23 24 25 26 27 28 29 30 31 32 33 34 35 36 37 38 39 40 41 42 43 44 45 46 47 48 49 50 51 52 53 54 55 56 57 58 59 60 61 62 63,39272.0,False
base,active,808168.0,810868.0,810883.0,64,39269.0,False
base,active,,810883.0,810919.0,64,-1.0,
base,active,810919.0,810919.0,810924.0,64,39273.0,False
base,active,,810924.0,811224.0,64,-1.0,
base,active,808302.0,811002.0,811021.0,65,39270.0,False
base,active,,811021.0,811321.0,65,-1.0,
base,switching_off,,811224.0,813024.0,64,-2.0,
base,switching_off,,811321.0,813121.0,65,-2.0,
base,active,809328.0,812028.0,822952.0,66 67 68 69 70 71 72 73 74 75 76 77 78 79 80 81,39271.0,False
base,sleeping,,813024.0,822952.0,64,-4.0,
base,sleeping,,813121.0,822952.0,65,-4.0,
base,active,,820393.0,820693.0,0 1 2 3 4 5 6 7 8 9 10 11 12 13 14 15 16 17 18 19 20 21 22 23 24 25 26 27 28 29 30 31 32 33 34 35 36 37 38 39 40 41 42 43 44 45 46 47 48 49 50 51 52 53 54 55 56 57 58 59 60 61 62 63,-1.0,
base,switching_off,,820693.0,822493.0,0 1 2 3 4 5 6 7 8 9 10 11 12 13 14 15 16 17 18 19 20 21 22 23 24 25 26 27 28 29 30 31 32 33 34 35 36 37 38 39 40 41 42 43 44 45 46 47 48 49 50 51 52 53 54 55 56 57 58 59 60 61 62 63,-2.0,
base,sleeping,,822493.0,822952.0,0 1 2 3 4 5 6 7 8 9 10 11 12 13 14 15 16 17 18 19 20 21 22 23 24 25 26 27 28 29 30 31 32 33 34 35 36 37 38 39 40 41 42 43 44 45 46 47 48 49 50 51 52 53 54 55 56 57 58 59 60 61 62 63,-4.0,
base,active,,822952.0,825652.0,66 67 68 69 70 71 72 73 74 75 76 77 78 79 80 81,-1.0,
base,switching_on,,822952.0,825652.0,0 1 2 3 4 5 6 7 8 9 10 11 12 13 14 15 16 17 18 19 20 21 22 23 24 25 26 27 28 29 30 31 32 33 34 35 36 37 38 39 40 41 42 43 44 45 46 47 48 49 50 51 52 53 54 55 56 57 58 59 60 61 62 63 64 65 82 83 84 85 86 87 88 89 90 91 92 93 94 95 96 97 98 99 100 101 102 103 104 105 106 107 108 109 110 111 112 113 114 115 116 117 118 119 120 121 122 123 124 125 126 127,-3.0,
base,active,822566.0,825652.0,825739.0,0 1 2 3 4 5 6 7 8 9 10 11 12 13 14 15 16 17 18 19 20 21 22 23 24 25 26 27 28 29 30 31 32 33 34 35 36 37 38 39 40 41 42 43 44 45 46 47 48 49 50 51 52 53 54 55 56 57 58 59 60 61 62 63 64 65 66 67 68 69 70 71 72 73 74 75 76 77 78 79 80 81 82 83 84 85 86 87 88 89 90 91 92 93 94 95 96 97 98 99 100 101 102 103 104 105 106 107 108 109 110 111 112 113 114 115 116 117 118 119 120 121 122 123 124 125 126 127,39279.0,False
base,active,,825739.0,826039.0,0 1 2 3 4 5 6 7 8 9 10 11 12 13 14 15 16 17 18 19 20 21 22 23 24 25 26 27 28 29 30 31 32 33 34 35 36 37 38 39 40 41 42 43 44 45 46 47 48 49 50 51 52 53 54 55 56 57 58 59 60 61 62 63 64 65 66 67 68 69 70 71 72 73 74 75 76 77 78 79 80 81 82 83 84 85 86 87 88 89 90 91 92 93 94 95 96 97 98 99 100 101 102 103 104 105 106 107 108 109 110 111 112 113 114 115 116 117 118 119 120 121 122 123 124 125 126 127,-1.0,
base,switching_off,,826039.0,827839.0,0 1 2 3 4 5 6 7 8 9 10 11 12 13 14 15 16 17 18 19 20 21 22 23 24 25 26 27 28 29 30 31 32 33 34 35 36 37 38 39 40 41 42 43 44 45 46 47 48 49 50 51 52 53 54 55 56 57 58 59 60 61 62 63 64 65 66 67 68 69 70 71 72 73 74 75 76 77 78 79 80 81 82 83 84 85 86 87 88 89 90 91 92 93 94 95 96 97 98 99 100 101 102 103 104 105 106 107 108 109 110 111 112 113 114 115 116 117 118 119 120 121 122 123 124 125 126 127,-2.0,
base,sleeping,,827839.0,851460.0,0 1 2 3,-4.0,
base,sleeping,,827839.0,851760.0,4 5 6 7 8 9 10 11,-4.0,
base,sleeping,,827839.0,851945.0,12 13,-4.0,
base,sleeping,,827839.0,852323.0,14 15 16 17 18 19 20 21 22 23 24 25 26 27 28 29,-4.0,
base,sleeping,,827839.0,852779.0,30 31 32 33 34 35 36 37 38 39 40 41 42 43 44 45 46 47 48 49 50 51 52 53 54 55 56 57 58 59 60 61,-4.0,
base,sleeping,,827839.0,853137.0,62 63 64 65 66 67 68 69 70 71 72 73 74 75 76 77 78 79 80 81 82 83 84 85 86 87 88 89 90 91 92 93,-4.0,
base,sleeping,,827839.0,853160.0,94 95 96 97 98 99 100 101,-4.0,
base,sleeping,,827839.0,853287.0,102 103 104 105,-4.0,
base,sleeping,,827839.0,853694.0,106 107 108 109,-4.0,
base,sleeping,,827839.0,854334.0,110 111 112 113,-4.0,
base,sleeping,,827839.0,854873.0,114 115 116 117 118 119 120 121 122 123 124 125 126 127,-4.0,
base,switching_on,,851460.0,854160.0,0 1 2 3,-3.0,
base,switching_on,,851760.0,854460.0,4 5 6 7 8 9 10 11,-3.0,
base,switching_on,,851945.0,854645.0,12 13,-3.0,
base,switching_on,,852323.0,855023.0,14 15 16 17 18 19 20 21 22 23 24 25 26 27 28 29,-3.0,
base,switching_on,,852779.0,855479.0,30 31 32 33 34 35 36 37 38 39 40 41 42 43 44 45 46 47 48 49 50 51 52 53 54 55 56 57 58 59 60 61,-3.0,
base,switching_on,,853137.0,855837.0,62 63 64 65 66 67 68 69 70 71 72 73 74 75 76 77 78 79 80 81 82 83 84 85 86 87 88 89 90 91 92 93,-3.0,
base,switching_on,,853160.0,855860.0,94 95 96 97 98 99 100 101,-3.0,
base,switching_on,,853287.0,855987.0,102 103 104 105,-3.0,
base,switching_on,,853694.0,856394.0,106 107 108 109,-3.0,
base,active,851460.0,854160.0,854210.0,0 1 2 3,39514.0,False
base,active,,854210.0,857034.0,0 1 2 3,-1.0,
base,switching_on,,854334.0,857034.0,110 111 112 113,-3.0,
base,active,851760.0,854460.0,854521.0,4 5 6 7 8 9 10 11,39516.0,False
base,active,,854521.0,854821.0,4 5 6 7 8 9 10 11,-1.0,
base,active,851945.0,854645.0,854692.0,12 13,39519.0,False
base,active,,854692.0,857573.0,12 13,-1.0,
base,switching_off,,854821.0,856621.0,4 5 6 7 8 9 10 11,-2.0,
base,switching_on,,854873.0,857573.0,114 115 116 117 118 119 120 121 122 123 124 125 126 127,-3.0,
base,active,852323.0,855023.0,855381.0,14 15 16 17 18 19 20 21 22 23 24 25 26 27 28 29,39523.0,False
base,active,854879.0,855381.0,855385.0,22 23 24 25,39540.0,False
base,active,855246.0,855381.0,855387.0,26 27 28 29,39545.0,False
base,active,854877.0,855381.0,855390.0,18 19 20 21,39539.0,False
base,active,854874.0,855381.0,855392.0,14 15 16 17,39538.0,False
base,active,855247.0,855385.0,855391.0,22 23 24 25,39546.0,False
base,active,855249.0,855387.0,855392.0,26 27 28 29,39547.0,False
base,active,855360.0,855390.0,855419.0,18 19 20 21,39550.0,False
base,active,855362.0,855391.0,855418.0,22 23 24 25,39551.0,False
base,active,855363.0,855392.0,855418.0,14 15 16 17,39552.0,False
base,active,,855392.0,855442.0,26 27 28 29,-1.0,
base,active,855366.0,855418.0,855442.0,14 15 16 17 22 23 24 25,39554.0,False
base,active,,855419.0,855442.0,18 19 20 21,-1.0,
base,active,854881.0,855442.0,855444.0,14 15 16 17 18 19 20 21 22 23 24 25 26 27 28 29,39541.0,False
base,active,855244.0,855444.0,855456.0,14 15 16 17 18 19 20 21 22 23 24 25 26 27 28 29,39544.0,False
base,active,855250.0,855456.0,855461.0,14 15 16 17 18 19 20 21 22 23 24 25 26 27 28 29,39548.0,False
base,active,855359.0,855461.0,855493.0,14 15 16 17 18 19 20 21 22 23 24 25 26 27 28 29,39549.0,False
base,active,852779.0,855479.0,856730.0,30 31 32 33 34 35 36 37 38 39 40 41 42 43 44 45 46 47 48 49 50 51 52 53 54 55 56 57 58 59 60 61,39526.0,False
base,active,855365.0,855493.0,855518.0,14 15 16 17 18 19 20 21 22 23 24 25 26 27 28 29,39553.0,False
base,active,,855518.0,855607.0,14 15 16 17 18 19 20 21 22 23 24 25 26 27 28 29,-1.0,
base,active,855607.0,855607.0,855682.0,14 15 16 17 18 19 20 21 22 23 24 25 26 27 28 29,39555.0,False
base,active,,855682.0,855719.0,26,-1.0,
base,active,855613.0,855682.0,855749.0,22 23 24 25,39558.0,False
base,active,,855682.0,855749.0,27 28 29,-1.0,
base,active,855611.0,855682.0,855750.0,18 19 20 21,39557.0,False
base,active,855609.0,855682.0,855752.0,14 15 16 17,39556.0,False
base,active,855719.0,855719.0,855744.0,26,39561.0,False
base,active,,855744.0,855749.0,26,-1.0,
base,active,855617.0,855749.0,855813.0,22 23 24 25 26 27 28 29,39560.0,False
base,active,,855750.0,855780.0,18 19 20 21,-1.0,
base,active,,855752.0,855780.0,14 15 16 17,-1.0,
base,active,855780.0,855780.0,855787.0,14 15 16 17 18 19 20 21,39564.0,False
base,active,855782.0,855787.0,855793.0,14 15 16 17 18 19 20 21,39565.0,False
base,active,855783.0,855793.0,855799.0,14 15 16 17 18 19 20 21,39566.0,False
base,active,,855799.0,855813.0,14 15 16 17 18 19 20 21,-1.0,
base,active,855615.0,855813.0,855879.0,14 15 16 17 18 19 20 21 22 23 24 25 26 27 28 29,39559.0,False
base,active,853137.0,855837.0,856445.0,62 63 64 65 66 67 68 69 70 71 72 73 74 75 76 77 78 79 80 81 82 83 84 85 86 87 88 89 90 91 92 93,39528.0,False
base,active,853160.0,855860.0,856446.0,94 95 96 97 98 99 100 101,39529.0,False
base,active,,855879.0,855910.0,14 15 16 17 18 19 20 21,-1.0,
base,active,,855879.0,855912.0,22 23 24 25 26 27 28 29,-1.0,
base,active,855910.0,855910.0,855918.0,14 15 16 17 18 19 20 21,39570.0,False
base,active,855912.0,855912.0,855919.0,22 23 24 25 26 27 28 29,39571.0,False
base,active,855915.0,855918.0,855923.0,14 15 16 17 18 19 20 21,39572.0,False
base,active,,855919.0,856219.0,22 23 24 25 26 27 28 29,-1.0,
base,active,,855923.0,856223.0,14 15 16 17 18 19 20 21,-1.0,
base,active,853287.0,855987.0,856361.0,102 103 104 105,39530.0,False
base,switching_off,,856219.0,858019.0,22 23 24 25 26 27 28 29,-2.0,
base,switching_off,,856223.0,858023.0,14 15 16 17 18 19 20 21,-2.0,
base,active,,856361.0,856427.0,102,-1.0,
base,active,,856361.0,856661.0,103 104 105,-1.0,
base,active,853694.0,856394.0,858009.0,106 107 108 109,39532.0,False
base,active,856427.0,856427.0,856453.0,102,39578.0,False
base,active,854199.0,856445.0,857135.0,62 63 64 65 66 67 68 69 70 71 72 73 74 75 76 77 78 79 80 81 82 83 84 85 86 87 88 89 90 91 92 93,39533.0,False
base,active,,856446.0,856746.0,94 95 96 97 98 99 100 101,-1.0,
base,active,,856453.0,856753.0,102,-1.0,
base,sleeping,,856621.0,856814.0,4 5 6 7,-4.0,
base,sleeping,,856621.0,857057.0,8 9 10 11,-4.0,
base,switching_off,,856661.0,858461.0,103 104 105,-2.0,
base,active,854258.0,856730.0,861906.0,30 31 32 33 34 35 36 37 38 39 40 41 42 43 44 45 46 47 48 49 50 51 52 53 54 55 56 57 58 59 60 61,39534.0,False
base,switching_off,,856746.0,858546.0,94 95 96 97 98 99 100 101,-2.0,
base,switching_off,,856753.0,858553.0,102,-2.0,
base,switching_on,,856814.0,859514.0,4 5 6 7,-3.0,
base,active,854334.0,857034.0,862134.0,0 1 2 3 110 111 112 113,39535.0,False
base,switching_on,,857057.0,859757.0,8 9 10 11,-3.0,
base,active,854967.0,857135.0,857876.0,62 63 64 65 66 67 68 69 70 71 72 73 74 75 76 77 78 79 80 81 82 83 84 85 86 87 88 89 90 91 92 93,39542.0,False
base,active,854873.0,857573.0,857584.0,12 13 114 115 116 117 118 119 120 121 122 123 124 125 126 127,39537.0,False
base,active,856818.0,857584.0,857589.0,120 121 122 123 124 125 126 127,39583.0,False
base,active,856816.0,857584.0,857590.0,12 13 114 115 116 117 118 119,39582.0,False
base,active,857132.0,857589.0,857594.0,120 121 122 123 124 125 126 127,39587.0,False
base,active,857133.0,857590.0,857595.0,12 13 114 115 116 117 118 119,39588.0,False
base,active,857135.0,857594.0,857598.0,120 121 122 123 124 125 126 127,39589.0,False
base,active,857452.0,857595.0,857603.0,12 13 114 115 116 117 118 119,39591.0,False
base,active,857454.0,857598.0,857602.0,120 121 122 123 124 125 126 127,39592.0,False
base,active,857456.0,857602.0,857605.0,120 121 122 123 124 125 126 127,39593.0,False
base,active,,857603.0,857748.0,12,-1.0,
base,active,,857603.0,857838.0,13 114 115,-1.0,
base,active,,857603.0,857861.0,116 117,-1.0,
base,active,,857603.0,857903.0,118 119,-1.0,
base,active,,857605.0,857905.0,120 121 122 123 124 125 126 127,-1.0,
base,active,857748.0,857748.0,857792.0,12,39595.0,False
base,active,,857792.0,857812.0,12,-1.0,
base,active,857812.0,857812.0,857833.0,12,39596.0,False
base,active,,857833.0,857838.0,12,-1.0,
base,active,857838.0,857838.0,859434.0,12 13 114 115,39597.0,False
base,active,857861.0,857861.0,859434.0,116 117,39598.0,False
base,active,855779.0,857876.0,857884.0,62 63 64 65 66 67 68 69 70 71 72 73 74 75 76 77 78 79 80 81 82 83 84 85 86 87 88 89 90 91 92 93,39563.0,False
base,active,855785.0,857884.0,857889.0,62 63 64 65 66 67 68 69 70 71 72 73 74 75 76 77 78 79 80 81 82 83 84 85 86 87 88 89 90 91 92 93,39567.0,False
base,active,855808.0,857889.0,861515.0,62 63 64 65 66 67 68 69 70 71 72 73 74 75 76 77 78 79 80 81 82 83 84 85 86 87 88 89 90 91 92 93,39568.0,False
base,switching_off,,857903.0,859703.0,118 119,-2.0,
base,switching_off,,857905.0,859705.0,120 121 122 123 124 125 126 127,-2.0,
base,active,,858009.0,858309.0,106 107 108 109,-1.0,
base,sleeping,,858019.0,859434.0,22 23 24 25 26 27 28 29,-4.0,
base,sleeping,,858023.0,859434.0,14 15 16 17 18 19 20 21,-4.0,
base,switching_off,,858309.0,860109.0,106 107 108 109,-2.0,
base,sleeping,,858461.0,859434.0,103,-4.0,
base,sleeping,,858461.0,864346.0,104 105,-4.0,
base,sleeping,,858546.0,859434.0,94 95 96 97 98 99 100 101,-4.0,
base,sleeping,,858553.0,859434.0,102,-4.0,
base,active,,859434.0,862134.0,12 13 114 115 116 117,-1.0,
base,switching_on,,859434.0,862134.0,14 15 16 17 18 19 20 21 22 23 24 25 26 27 28 29 94 95 96 97 98 99 100 101 102 103,-3.0,
base,active,856814.0,859514.0,859576.0,4 5 6 7,39581.0,False
base,active,,859576.0,859876.0,4 5 6 7,-1.0,
base,sleeping,,859703.0,864346.0,118 119,-4.0,
base,sleeping,,859705.0,864346.0,120 121 122 123 124,-4.0,
base,sleeping,,859705.0,866251.0,125,-4.0,
base,sleeping,,859705.0,868233.0,126,-4.0,
base,sleeping,,859705.0,868348.0,127,-4.0,
base,active,857057.0,859757.0,859806.0,8 9 10 11,39585.0,False
base,active,,859806.0,860106.0,8 9 10 11,-1.0,
base,switching_off,,859876.0,861676.0,4 5 6 7,-2.0,
base,switching_off,,860106.0,861906.0,8 9 10 11,-2.0,
base,sleeping,,860109.0,864346.0,106 107 108 109,-4.0,
base,active,855996.0,861515.0,862246.0,62 63 64 65 66 67 68 69 70 71 72 73 74 75 76 77 78 79 80 81 82 83 84 85 86 87 88 89 90 91 92 93,39573.0,False
base,sleeping,,861676.0,863188.0,4,-4.0,
base,sleeping,,861676.0,864245.0,5 6 7,-4.0,
base,active,856812.0,861906.0,861915.0,30 31 32 33 34 35 36 37 38 39 40 41 42 43 44 45 46 47 48 49 50 51 52 53 54 55 56 57 58 59 60 61,39580.0,False
base,sleeping,,861906.0,864245.0,8 9 10 11,-4.0,
base,active,857130.0,861915.0,861922.0,30 31 32 33 34 35 36 37 38 39 40 41 42 43 44 45 46 47 48 49 50 51 52 53 54 55 56 57 58 59 60 61,39586.0,False
base,active,857451.0,861922.0,861931.0,30 31 32 33 34 35 36 37 38 39 40 41 42 43 44 45 46 47 48 49 50 51 52 53 54 55 56 57 58 59 60 61,39590.0,False
base,active,857882.0,861931.0,862353.0,30 31 32 33 34 35 36 37 38 39 40 41 42 43 44 45 46 47 48 49 50 51 52 53 54 55 56 57 58 59 60 61,39599.0,False
base,active,855907.0,862134.0,862145.0,12 13 14 15 16 17 18 19 20 21 22 23 24 25 26 27 28 29 94 95 96 97 98 99 100 101 102 103 114 115 116 117,39569.0,False
base,active,,862134.0,862434.0,0 1 2 3 110 111 112 113,-1.0,
base,active,,862145.0,862445.0,12 13 14 15 16 17 18 19 20 21 22 23 24 25 26 27 28 29 94 95 96 97 98 99 100 101 102 103 114 115 116 117,-1.0,
base,active,,862246.0,862546.0,62 63 64 65 66 67 68 69 70 71 72 73 74 75 76 77 78 79 80 81 82 83 84 85 86 87 88 89 90 91 92 93,-1.0,
base,active,,862353.0,862653.0,30 31 32 33 34 35 36 37 38 39 40 41 42 43 44 45 46 47 48 49 50 51 52 53 54 55 56 57 58 59 60 61,-1.0,
base,switching_off,,862434.0,864234.0,0 1 2 3 110 111 112 113,-2.0,
base,switching_off,,862445.0,864245.0,12 13 14 15 16 17 18 19 20 21 22 23 24 25 26 27 28 29 94 95 96 97 98 99 100 101 102 103 114 115 116 117,-2.0,
base,switching_off,,862546.0,864346.0,62 63 64 65 66 67 68 69 70 71 72 73 74 75 76 77 78 79 80 81 82 83 84 85 86 87 88 89 90 91 92 93,-2.0,
base,switching_off,,862653.0,864453.0,30 31 32 33 34 35 36 37 38 39 40 41 42 43 44 45 46 47 48 49 50 51 52 53 54 55 56 57 58 59 60 61,-2.0,
base,switching_on,,863188.0,865888.0,4,-3.0,
base,sleeping,,864234.0,864245.0,0 1 2 3,-4.0,
base,sleeping,,864234.0,864346.0,110 111 112 113,-4.0,
base,sleeping,,864245.0,864346.0,97 98 99 100 101 102 103 114 115 116 117,-4.0,
base,switching_on,,864245.0,866945.0,0 1 2 3 5 6 7 8 9 10 11 12 13 14 15 16 17 18 19 20 21 22 23 24 25 26 27 28 29 94 95 96,-3.0,
base,switching_on,,864346.0,867046.0,62 63 64 65 66 67 68 69 70 71 72 73 74 75 76 77 78 79 80 81 82 83 84 85 86 87 88 89 90 91 92 93 97 98 99 100 101 102 103 104 105 106 107 108 109 110 111 112 113 114 115 116 117 118 119 120 121 122 123 124,-3.0,
base,switching_on,,864453.0,867153.0,30 31 32 33 34 35 36 37 38 39 40 41 42 43 44 45 46 47 48 49 50 51 52 53 54 55 56 57 58 59 60 61,-3.0,
base,active,863188.0,865888.0,865920.0,4,39607.0,False
base,active,,865920.0,866220.0,4,-1.0,
base,switching_off,,866220.0,868020.0,4,-2.0,
base,switching_on,,866251.0,868951.0,125,-3.0,
base,active,863202.0,866945.0,866947.0,0 1 2 3 5 6 7 8 9 10 11 12 13 14 15 16 17 18 19 20 21 22 23 24 25 26 27 28 29 94 95 96,39608.0,False
base,active,863831.0,866947.0,867139.0,25 26 27 28 29 94 95 96,39618.0,False
base,active,863647.0,866947.0,867393.0,17 18 19 20 21 22 23 24,39616.0,False
base,active,863644.0,866947.0,867396.0,0 1 2 3 5 6 7 8 9 10 11 12 13 14 15 16,39615.0,False
base,active,863639.0,867046.0,867499.0,121 122 123 124,39614.0,False
base,active,863632.0,867046.0,867506.0,117 118 119 120,39613.0,False
base,active,863615.0,867046.0,867525.0,113 114 115 116,39612.0,False
base,active,863609.0,867046.0,867531.0,97 98 99 100 101 102 103 104 105 106 107 108 109 110 111 112,39611.0,False
base,active,863218.0,867046.0,870767.0,62 63 64 65 66 67 68 69 70 71 72 73 74 75 76 77 78 79 80 81 82 83 84 85 86 87 88 89 90 91 92 93,39609.0,False
base,active,864875.0,867139.0,867180.0,25 26 27 28 29 94 95 96,39623.0,False
base,active,863289.0,867153.0,868154.0,30 31 32 33 34 35 36 37 38 39 40 41 42 43 44 45 46 47 48 49 50 51 52 53 54 55 56 57 58 59 60 61,39610.0,False
base,active,864881.0,867180.0,867216.0,25 26 27 28 29 94 95 96,39624.0,False
base,active,864883.0,867216.0,867250.0,25 26 27 28 29 94 95 96,39625.0,False
base,active,865131.0,867250.0,867336.0,25 26 27 28 29 94 95 96,39629.0,False
base,active,865685.0,867336.0,867390.0,25 26 27 28 29 94 95 96,39634.0,False
base,active,,867390.0,867393.0,25 26 27 28 29 94 95 96,-1.0,
base,active,864739.0,867393.0,867545.0,17 18 19 20 21 22 23 24 25 26 27 28 29 94 95 96,39620.0,False
base,active,865135.0,867396.0,867479.0,9 10 11 12 13 14 15 16,39631.0,False
base,active,865133.0,867396.0,867480.0,0 1 2 3 5 6 7 8,39630.0,False
base,active,865810.0,867479.0,876136.0,9 10 11 12 13 14 15 16,39636.0,False
base,active,,867480.0,867506.0,0 1 2 3 5 6 7 8,-1.0,
base,active,,867499.0,867506.0,121 122 123 124,-1.0,
base,active,864911.0,867506.0,867513.0,0 1 2 3 5 6 7 8 117 118 119 120 121 122 123 124,39626.0,False
base,active,,867513.0,867531.0,0 1 2 3 5 6 7 8 117 118 119 120,-1.0,
base,active,,867513.0,867688.0,121,-1.0,
base,active,,867513.0,867813.0,122 123 124,-1.0,
base,active,,867525.0,867531.0,113 114 115 116,-1.0,
base,active,864873.0,867531.0,867574.0,0 1 2 3 5 6 7 8 97 98 99 100 101 102 103 104 105 106 107 108 109 110 111 112 113 114 115 116 117 118 119 120,39622.0,False
base,active,864923.0,867545.0,869569.0,17 18 19 20 21 22 23 24 25 26 27 28 29 94 95 96,39627.0,False
base,active,865129.0,867574.0,867663.0,0 1 2 3 5 6 7 8 97 98 99 100 101 102 103 104 105 106 107 108 109 110 111 112 113 114 115 116 117 118 119 120,39628.0,False
base,active,865656.0,867663.0,867745.0,0 1 2 3 5 6 7 8 97 98 99 100 101 102 103 104 105 106 107 108 109 110 111 112 113 114 115 116 117 118 119 120,39633.0,False
base,active,867688.0,867688.0,867793.0,121,39647.0,False
base,active,865785.0,867745.0,876426.0,0 1 2 3 5 6 7 8 97 98 99 100 101 102 103 104 105 106 107 108 109 110 111 112 113 114 115 116 117 118 119 120,39635.0,False
base,active,,867793.0,868093.0,121,-1.0,
base,switching_off,,867813.0,869613.0,122 123 124,-2.0,
base,sleeping,,868020.0,868219.0,4,-4.0,
base,switching_off,,868093.0,869893.0,121,-2.0,
base,active,866171.0,868154.0,868215.0,30 31 32 33 34 35 36 37 38 39 40 41 42 43 44 45 46 47 48 49 50 51 52 53 54 55 56 57 58 59 60 61,39638.0,False
base,active,866698.0,868215.0,868259.0,30 31 32 33 34 35 36 37 38 39 40 41 42 43 44 45 46 47 48 49 50 51 52 53 54 55 56 57 58 59 60 61,39641.0,False
base,switching_on,,868219.0,870919.0,4,-3.0,
base,switching_on,,868233.0,870933.0,126,-3.0,
base,active,,868259.0,868559.0,46 47 48 49 50 51 52 53 54 55 56 57 58 59 60 61,-1.0,
base,active,866971.0,868259.0,868659.0,30 31 32 33 34 35 36 37 38 39 40 41 42 43 44 45,39642.0,False
base,switching_on,,868348.0,871048.0,127,-3.0,
base,switching_off,,868559.0,870359.0,46 47 48 49 50 51 52 53 54 55 56 57 58 59 60 61,-2.0,
base,active,,868659.0,868959.0,30 31 32 33 34 35 36 37 38 39 40 41 42 43 44 45,-1.0,
base,active,866251.0,868951.0,868956.0,125,39639.0,False
base,active,,868956.0,869256.0,125,-1.0,
base,switching_off,,868959.0,870759.0,30 31 32 33 34 35 36 37 38 39 40 41 42 43 44 45,-2.0,
base,switching_off,,869256.0,871056.0,125,-2.0,
base,active,867380.0,869569.0,869981.0,17 18 19 20 21 22 23 24 25 26 27 28 29 94 95 96,39645.0,False
base,switching_on,,869613.0,872313.0,122 123,-3.0,
base,sleeping,,869613.0,872948.0,124,-4.0,
base,sleeping,,869893.0,872948.0,121,-4.0,
base,active,,869981.0,870281.0,25 26 27 28 29 94 95 96,-1.0,
base,active,868284.0,869981.0,870338.0,17 18 19 20,39653.0,False
base,active,868381.0,869981.0,871601.0,21 22 23 24,39655.0,False
base,switching_off,,870281.0,872081.0,25 26 27 28 29 94 95 96,-2.0,
base,active,,870338.0,873059.0,17 18 19 20,-1.0,
base,sleeping,,870359.0,872948.0,58 59 60 61,-4.0,
base,switching_on,,870359.0,873059.0,46 47 48 49 50 51 52 53 54 55 56 57,-3.0,
base,switching_on,,870759.0,873459.0,30 31 32 33 34 35 36 37 38 39 40 41 42 43 44 45,-3.0,
base,active,867000.0,870767.0,870891.0,62 63 64 65 66 67 68 69 70 71 72 73 74 75 76 77 78 79 80 81 82 83 84 85 86 87 88 89 90 91 92 93,39643.0,False
base,active,867857.0,870891.0,871006.0,62 63 64 65 66 67 68 69 70 71 72 73 74 75 76 77 78 79 80 81 82 83 84 85 86 87 88 89 90 91 92 93,39648.0,False
base,active,868219.0,870919.0,870938.0,4,39651.0,False
base,active,868233.0,870933.0,871027.0,126,39652.0,False
base,active,,870938.0,871006.0,4,-1.0,
base,active,,871006.0,871306.0,93,-1.0,
base,active,868213.0,871006.0,871433.0,4 62 63 64 65 66 67 68 69 70 71 72 73 74 75 76 77 78 79 80 81 82 83 84 85 86 87 88 89 90 91 92,39650.0,False
base,active,,871027.0,871327.0,126,-1.0,
base,active,868348.0,871048.0,871074.0,127,39654.0,False
base,sleeping,,871056.0,873106.0,125,-4.0,
base,active,,871074.0,871374.0,127,-1.0,
base,switching_off,,871306.0,873106.0,93,-2.0,
base,switching_off,,871327.0,873127.0,126,-2.0,
base,switching_off,,871374.0,873174.0,127,-2.0,
base,active,868649.0,871433.0,871463.0,4 62 63 64 65 66 67 68 69 70 71 72 73 74 75 76 77 78 79 80 81 82 83 84 85 86 87 88 89 90 91 92,39658.0,False
base,active,869037.0,871463.0,871567.0,4 62 63 64 65 66 67 68 69 70 71 72 73 74 75 76 77 78 79 80 81 82 83 84 85 86 87 88 89 90 91 92,39659.0,False
base,active,869613.0,871567.0,871610.0,4 62 63 64 65 66 67 68 69 70 71 72 73 74 75 76 77 78 79 80 81 82 83 84 85 86 87 88 89 90 91 92,39664.0,False
base,active,,871601.0,871610.0,21 22 23 24,-1.0,
base,active,,871610.0,871626.0,73,-1.0,
base,active,,871610.0,871706.0,74 75 76,-1.0,
base,active,,871610.0,871728.0,77 78,-1.0,
base,active,870903.0,871610.0,871858.0,4 21 22 23 24 62 63 64 65 66 67 68 69 70 71 72,39671.0,False
base,active,,871610.0,871910.0,79 80 81 82 83 84 85 86 87 88 89 90 91 92,-1.0,
base,active,871626.0,871626.0,871670.0,73,39677.0,False
base,active,,871670.0,871682.0,73,-1.0,
base,active,871682.0,871682.0,871700.0,73,39678.0,False
base,active,,871700.0,871706.0,73,-1.0,
base,active,871706.0,871706.0,871735.0,73 74 75 76,39679.0,False
base,active,871728.0,871728.0,871748.0,77 78,39680.0,False
base,active,,871735.0,872035.0,73 74 75 76,-1.0,
base,active,,871748.0,872048.0,77 78,-1.0,
base,active,,871858.0,872015.0,4 21 22 23,-1.0,
base,active,,871858.0,872036.0,24 62,-1.0,
base,active,,871858.0,872158.0,63 64 65 66 67 68 69 70 71 72,-1.0,
base,switching_off,,871910.0,873710.0,79 80 81 82 83 84 85 86 87 88 89 90 91 92,-2.0,
base,active,872015.0,872015.0,872948.0,4 21 22 23,39682.0,False
base,switching_off,,872035.0,873835.0,73 74 75 76,-2.0,
base,active,872036.0,872036.0,872949.0,24 62,39683.0,False
base,switching_off,,872048.0,873848.0,77 78,-2.0,
base,sleeping,,872081.0,872926.0,25 26,-4.0,
base,sleeping,,872081.0,872948.0,27 28 29 94 95 96,-4.0,
base,switching_off,,872158.0,873958.0,63 64 65 66 67 68 69 70 71 72,-2.0,
base,active,868406.0,872313.0,873910.0,122 123,39656.0,False
base,switching_on,,872926.0,875626.0,25 26,-3.0,
base,active,,872948.0,875648.0,4 21 22 23,-1.0,
base,switching_on,,872948.0,875648.0,27 28 29 58 59 60 61 94 95 96 121 124,-3.0,
base,active,,872949.0,875806.0,24 62,-1.0,
base,active,869826.0,873059.0,873311.0,17 18 19 20 46 47 48 49 50 51 52 53 54 55 56 57,39667.0,False
base,switching_on,,873106.0,875806.0,93 125,-3.0,
base,sleeping,,873127.0,873174.0,126,-4.0,
base,switching_on,,873174.0,875874.0,126 127,-3.0,
base,active,,873311.0,873611.0,17 18 19 20 46 47 48 49 50 51 52 53 54 55 56 57,-1.0,
base,active,870199.0,873459.0,873949.0,30 31 32 33 34 35 36 37 38 39 40 41 42 43 44 45,39668.0,False
base,switching_off,,873611.0,875411.0,17 18 19 20 46 47 48 49 50 51 52 53 54 55 56 57,-2.0,
base,sleeping,,873710.0,873793.0,79 80 81 82,-4.0,
base,sleeping,,873710.0,873814.0,83 84,-4.0,
base,sleeping,,873710.0,874500.0,85 86 87 88 89,-4.0,
base,sleeping,,873710.0,874538.0,90,-4.0,
base,sleeping,,873710.0,874677.0,91,-4.0,
base,sleeping,,873710.0,874803.0,92,-4.0,
base,switching_on,,873793.0,876493.0,79 80 81 82,-3.0,
base,switching_on,,873814.0,876514.0,83 84,-3.0,
base,sleeping,,873835.0,873871.0,73 74 75 76,-4.0,
base,sleeping,,873848.0,874500.0,77 78,-4.0,
base,switching_on,,873871.0,876571.0,73 74 75 76,-3.0,
base,active,,873910.0,874210.0,122 123,-1.0,
base,active,,873949.0,874019.0,30,-1.0,
base,active,,873949.0,874056.0,31 32 33,-1.0,
base,active,,873949.0,874073.0,34,-1.0,
base,active,,873949.0,874249.0,35 36 37 38 39 40 41 42 43 44 45,-1.0,
base,sleeping,,873958.0,874500.0,63 64 65 66 67 68 69 70 71 72,-4.0,
base,active,874019.0,874019.0,874050.0,30,39699.0,False
base,active,,874050.0,874056.0,30,-1.0,
base,active,874056.0,874056.0,874170.0,30 31 32 33,39700.0,False
base,active,874073.0,874073.0,874102.0,34,39701.0,False
base,active,,874102.0,874110.0,34,-1.0,
base,active,874110.0,874110.0,874235.0,34,39702.0,False
base,active,,874170.0,874303.0,30,-1.0,
base,active,,874170.0,874470.0,31 32 33,-1.0,
base,switching_off,,874210.0,876010.0,122 123,-2.0,
base,active,,874235.0,874535.0,34,-1.0,
base,switching_off,,874249.0,876049.0,35 36 37 38 39 40 41 42 43 44 45,-2.0,
base,active,874303.0,874303.0,874335.0,30,39703.0,False
base,active,,874335.0,874635.0,30,-1.0,
base,switching_off,,874470.0,876270.0,31 32 33,-2.0,
base,switching_on,,874500.0,877200.0,63 64 65 66 67 68 69 70 71 72 77 78 85 86 87 88 89,-3.0,
base,switching_off,,874535.0,876335.0,34,-2.0,
base,switching_on,,874538.0,877238.0,90,-3.0,
base,switching_off,,874635.0,876435.0,30,-2.0,
base,switching_on,,874677.0,877377.0,91,-3.0,
base,switching_on,,874803.0,877503.0,92,-3.0,
base,sleeping,,875411.0,875736.0,57,-4.0,
base,switching_on,,875411.0,878111.0,17 18 19 20 46 47 48 49 50 51 52 53 54 55 56,-3.0,
base,active,872926.0,875626.0,875647.0,26,39688.0,False
base,active,872842.0,875626.0,875690.0,25,39686.0,False
base,active,,875647.0,875947.0,26,-1.0,
base,active,872615.0,875648.0,876029.0,4 21 22 23 27 28 29 58 59 60 61 94 95 96 121 124,39685.0,False
base,active,,875690.0,875947.0,25,-1.0,
base,switching_on,,875736.0,878436.0,57,-3.0,
base,active,872951.0,875806.0,876646.0,24 62 93 125,39690.0,False
base,active,872978.0,875874.0,876688.0,126 127,39691.0,False
base,active,875885.0,875947.0,875972.0,25,39735.0,False
base,switching_off,,875947.0,877747.0,26,-2.0,
base,active,875899.0,875972.0,876056.0,25,39736.0,False
base,switching_on,,876010.0,878710.0,122 123,-3.0,
base,active,,876029.0,876329.0,23 27 28 29 58 59 60 61 94 95 96 121 124,-1.0,
base,active,,876029.0,878749.0,4 21 22,-1.0,
base,sleeping,,876049.0,876426.0,44 45,-4.0,
base,switching_on,,876049.0,878749.0,35 36 37 38 39 40 41 42 43,-3.0,
base,active,,876056.0,876356.0,25,-1.0,
base,active,,876136.0,876304.0,9,-1.0,
base,active,,876136.0,876350.0,10,-1.0,
base,active,,876136.0,876436.0,12 13 14 15 16,-1.0,
base,active,,876136.0,879126.0,11,-1.0,
base,sleeping,,876270.0,876426.0,31 32 33,-4.0,
base,active,876304.0,876304.0,888314.0,9,39740.0,False
base,switching_off,,876329.0,878129.0,23 27 28 29 58 59 60 61 94 95 96 121 124,-2.0,
base,sleeping,,876335.0,876426.0,34,-4.0,
base,active,876350.0,876350.0,876370.0,10,39741.0,False
base,switching_off,,876356.0,878156.0,25,-2.0,
base,active,,876370.0,879126.0,10,-1.0,
base,active,,876426.0,876726.0,97 98 99 100 101 102 103 104 105 106 107 108 109 110 111 112 113 114 115 116 117 118 119 120,-1.0,
base,active,,876426.0,879126.0,0 1 2 3 5 6 7 8,-1.0,
base,switching_on,,876426.0,879126.0,31 32 33 34 44 45,-3.0,
base,sleeping,,876435.0,876617.0,30,-4.0,
base,switching_off,,876436.0,878236.0,12 13 14 15 16,-2.0,
base,active,873793.0,876493.0,877087.0,79 80 81 82,39695.0,False
base,active,873814.0,876514.0,877088.0,83 84,39697.0,False
base,active,873871.0,876571.0,876616.0,73 74 75 76,39698.0,False
base,active,,876616.0,876916.0,73 74 75 76,-1.0,
base,switching_on,,876617.0,879317.0,30,-3.0,
base,active,,876646.0,876946.0,24 62 93 125,-1.0,
base,active,,876688.0,876988.0,126 127,-1.0,
base,switching_off,,876726.0,878526.0,97 98 99 100 101 102 103 104 105 106 107 108 109 110 111 112 113 114 115 116 117 118 119 120,-2.0,
base,switching_off,,876916.0,878716.0,73 74 75 76,-2.0,
base,switching_off,,876946.0,878746.0,24 62 93 125,-2.0,
base,switching_off,,876988.0,878788.0,126 127,-2.0,
base,active,,877087.0,877387.0,79 80 81 82,-1.0,
base,active,,877088.0,877388.0,83 84,-1.0,
base,active,874378.0,877200.0,877232.0,63,39705.0,False
base,active,874500.0,877200.0,877573.0,64 65 66 67 68 69 70 71 72 77 78 85 86 87 88 89,39707.0,False
base,active,,877232.0,877532.0,63,-1.0,
base,active,874538.0,877238.0,877287.0,90,39709.0,False
base,active,,877287.0,877587.0,90,-1.0,
base,active,874677.0,877377.0,877409.0,91,39710.0,False
base,switching_off,,877387.0,879187.0,79 80 81 82,-2.0,
base,switching_off,,877388.0,879188.0,83 84,-2.0,
base,active,,877409.0,877709.0,91,-1.0,
base,active,874803.0,877503.0,877537.0,92,39713.0,False
base,switching_off,,877532.0,879332.0,63,-2.0,
base,active,,877537.0,877837.0,92,-1.0,
base,active,,877573.0,877873.0,64 65 66 67 68 69 70 71 72 77 78 85 86 87 88 89,-1.0,
base,switching_off,,877587.0,879387.0,90,-2.0,
base,switching_off,,877709.0,879509.0,91,-2.0,
base,switching_on,,877747.0,880447.0,26,-3.0,
base,switching_off,,877837.0,879637.0,92,-2.0,
base,switching_off,,877873.0,879673.0,64 65 66 67 68 69 70 71 72 77 78 85 86 87 88 89,-2.0,
base,active,874904.0,878111.0,878130.0,48 49 50 51,39718.0,False
base,active,874929.0,878111.0,878142.0,52,39719.0,False
base,active,875013.0,878111.0,878161.0,53 54 55 56,39722.0,False
base,active,874831.0,878111.0,878910.0,46 47,39716.0,False
base,active,874806.0,878111.0,878932.0,17 18 19 20,39714.0,False
base,sleeping,,878129.0,879435.0,23 27 28 29 58 59 60 61 94 95 96 121 124,-4.0,
base,active,,878130.0,878430.0,48 49 50 51,-1.0,
base,active,,878142.0,878430.0,52,-1.0,
base,sleeping,,878156.0,879435.0,25,-4.0,
base,active,,878161.0,878430.0,53 54 55 56,-1.0,
base,sleeping,,878236.0,879435.0,12 13 14 15 16,-4.0,
base,active,877873.0,878430.0,878446.0,56,39764.0,False
base,active,877670.0,878430.0,878449.0,53,39761.0,False
base,active,877613.0,878430.0,878468.0,52,39760.0,False
base,active,877714.0,878430.0,879435.0,54 55,39763.0,False
base,switching_off,,878430.0,880230.0,48 49 50 51,-2.0,
base,active,875736.0,878436.0,878547.0,57,39730.0,False
base,active,,878446.0,878547.0,56,-1.0,
base,active,,878449.0,878547.0,53,-1.0,
base,active,,878468.0,878547.0,52,-1.0,
base,sleeping,,878526.0,879435.0,97 98 99 100 101 102 103 104 105 106 107 108 109 110 111 112 113 114 115 116 117 118 119 120,-4.0,
base,active,877693.0,878547.0,879573.0,52 53 56 57,39762.0,False
base,active,875790.0,878710.0,880611.0,122 123,39733.0,False
base,sleeping,,878716.0,879435.0,73 74 75 76,-4.0,
base,sleeping,,878746.0,879435.0,24 62 93 125,-4.0,
base,active,875631.0,878749.0,878815.0,36 37 38 39,39729.0,False
base,active,875262.0,878749.0,878881.0,4 21 22 35,39725.0,False
base,active,875769.0,878749.0,880671.0,40 41 42 43,39732.0,False
base,sleeping,,878788.0,879435.0,126 127,-4.0,
base,active,878721.0,878815.0,879895.0,36 37 38 39,39772.0,False
base,active,,878881.0,879181.0,22 35,-1.0,
base,active,878743.0,878881.0,879939.0,4 21,39773.0,False
base,active,,878910.0,879210.0,46 47,-1.0,
base,active,,878932.0,879100.0,17 18 19 20,-1.0,
base,active,879100.0,879100.0,879560.0,17 18 19 20,39778.0,False
base,active,874877.0,879126.0,879471.0,0 1 2 3 5 6 7 8 10 11 31 32 33 34 44 45,39717.0,False
base,switching_off,,879181.0,880981.0,22 35,-2.0,
base,sleeping,,879187.0,879435.0,79 80 81 82,-4.0,
base,sleeping,,879188.0,879435.0,83 84,-4.0,
base,switching_off,,879210.0,881010.0,46 47,-2.0,
base,active,876617.0,879317.0,879327.0,30,39746.0,False
base,active,,879327.0,882135.0,30,-1.0,
base,sleeping,,879332.0,879435.0,63,-4.0,
base,sleeping,,879387.0,879435.0,90,-4.0,
base,active,,879435.0,882135.0,54 55,-1.0,
base,switching_on,,879435.0,882135.0,12 13 14 15 16 23 24 25 27 28 29 58 59 60 61 62 63 73 74 75 76 79 80 81 82 83 84 90 93 94 95 96 97 98 99 100 101 102 103 104 105 106 107 108 109 110 111 112 113 114 115 116 117 118 119 120 121 124 125 126 127,-3.0,
base,active,,879471.0,882373.0,0 1 2 3 5 6 7 8 10 11 31 32 33 34 44 45,-1.0,
base,sleeping,,879509.0,880051.0,91,-4.0,
base,active,,879560.0,882373.0,17 18 19 20,-1.0,
base,active,,879573.0,882373.0,52 53 56 57,-1.0,
base,sleeping,,879637.0,882010.0,92,-4.0,
base,sleeping,,879673.0,879803.0,72 77 78 85,-4.0,
base,sleeping,,879673.0,879826.0,86 87,-4.0,
base,sleeping,,879673.0,879922.0,88,-4.0,
base,sleeping,,879673.0,880051.0,89,-4.0,
base,switching_on,,879673.0,882373.0,64 65 66 67 68 69 70 71,-3.0,
base,switching_on,,879803.0,882503.0,72 77 78 85,-3.0,
base,switching_on,,879826.0,882526.0,86 87,-3.0,
base,active,,879895.0,879908.0,36 37 38 39,-1.0,
base,active,879908.0,879908.0,880013.0,36 37 38 39,39787.0,False
base,switching_on,,879922.0,882622.0,88,-3.0,
base,active,,879939.0,882751.0,4 21,-1.0,
base,active,,880013.0,882751.0,36 37 38 39,-1.0,
base,switching_on,,880051.0,882751.0,89 91,-3.0,
base,sleeping,,880230.0,880660.0,48 49,-4.0,
base,sleeping,,880230.0,881170.0,50 51,-4.0,
base,active,876718.0,880447.0,880455.0,26,39748.0,False
base,active,,880455.0,880648.0,26,-1.0,
base,active,,880611.0,883360.0,122 123,-1.0,
base,active,880648.0,880648.0,880701.0,26,39795.0,False
base,switching_on,,880660.0,883360.0,48 49,-3.0,
base,active,,880671.0,880971.0,40 41 42 43,-1.0,
base,active,,880701.0,881001.0,26,-1.0,
base,switching_off,,880971.0,882771.0,40 41 42 43,-2.0,
base,sleeping,,880981.0,881149.0,22 35,-4.0,
base,switching_off,,881001.0,882801.0,26,-2.0,
base,sleeping,,881010.0,881149.0,46 47,-4.0,
base,switching_on,,881149.0,883849.0,22 35 46 47,-3.0,
base,switching_on,,881170.0,883870.0,50 51,-3.0,
base,switching_on,,882010.0,884710.0,92,-3.0,
base,active,874313.0,882135.0,882316.0,12 13 14 15 16 23 24 25 27 28 29 30 54 55 58 59 60 61 62 63 73 74 75 76 79 80 81 82 83 84 90 93 94 95 96 97 98 99 100 101 102 103 104 105 106 107 108 109 110 111 112 113 114 115 116 117 118 119 120 121 124 125 126 127,39704.0,False
base,active,874801.0,882316.0,882460.0,12 13 14 15 16 23 24 25 27 28 29 30 54 55 58 59 60 61 62 63 73 74 75 76 79 80 81 82 83 84 90 93 94 95 96 97 98 99 100 101 102 103 104 105 106 107 108 109 110 111 112 113 114 115 116 117 118 119 120 121 124 125 126 127,39712.0,False
base,active,874508.0,882373.0,884210.0,0 1 2 3 5 6 7 8 10 11 17 18 19 20 31 32 33 34 44 45 52 53 56 57 64 65 66 67 68 69 70 71,39708.0,False
base,active,875018.0,882460.0,882590.0,12 13 14 15 16 23 24 25 27 28 29 30 54 55 58 59 60 61 62 63 73 74 75 76 79 80 81 82 83 84 90 93 94 95 96 97 98 99 100 101 102 103 104 105 106 107 108 109 110 111 112 113 114 115 116 117 118 119 120 121 124 125 126 127,39723.0,False
base,active,879803.0,882503.0,883404.0,72 77 78 85,39785.0,False
base,active,879826.0,882526.0,883410.0,86 87,39786.0,False
base,active,882395.0,882590.0,882622.0,61,39811.0,False
base,active,876554.0,882590.0,882648.0,94 95 96 97 98 99 100 101 102 103 104 105 106 107 108 109 110 111 112 113 114 115 116 117 118 119 120 121 124 125 126 127,39745.0,False
base,active,882289.0,882590.0,882656.0,60,39809.0,False
base,active,875301.0,882590.0,882845.0,12 13 14 15 16 23 24 25 27 28 29 30 54 55 58 59,39726.0,False
base,active,882451.0,882590.0,883534.0,62 63,39813.0,False
base,active,,882590.0,885545.0,73 74 75 76 79 80 81 82 83 84 90 93,-1.0,
base,active,879922.0,882622.0,882643.0,88,39788.0,False
base,active,,882622.0,885545.0,61,-1.0,
base,active,,882643.0,885545.0,88,-1.0,
base,active,876689.0,882648.0,882811.0,94 95 96 97 98 99 100 101 102 103 104 105 106 107 108 109 110 111 112 113 114 115 116 117 118 119 120 121 124 125 126 127,39747.0,False
base,active,,882656.0,885471.0,60,-1.0,
base,active,880051.0,882751.0,886138.0,4 21 36 37 38 39 89 91,39790.0,False
base,sleeping,,882771.0,882845.0,43,-4.0,
base,switching_on,,882771.0,885471.0,40 41 42,-3.0,
base,sleeping,,882801.0,882845.0,26,-4.0,
base,active,,882811.0,885545.0,94 95 96 97 98 99 100 101 102 103 104 105 106 107 108 109 110 111 112 113 114 115 116 117 118 119 120 121 124 125 126 127,-1.0,
base,active,,882845.0,885545.0,12 13 14 15 16 23 24 25 27 28 29 30 54 55 58 59,-1.0,
base,switching_on,,882845.0,885545.0,26 43,-3.0,
base,active,880660.0,883360.0,883433.0,48 49 122 123,39796.0,False
base,active,883104.0,883404.0,883434.0,72,39818.0,False
base,active,,883404.0,883473.0,77,-1.0,
base,active,,883404.0,883704.0,78 85,-1.0,
base,active,,883410.0,883710.0,86 87,-1.0,
base,active,,883433.0,883473.0,48 49,-1.0,
base,active,,883433.0,883733.0,122 123,-1.0,
base,active,,883434.0,883473.0,72,-1.0,
base,active,883473.0,883473.0,883542.0,48 49 72 77,39821.0,False
base,active,,883534.0,883623.0,62 63,-1.0,
base,active,,883542.0,883623.0,48 49,-1.0,
base,active,,883542.0,883842.0,72 77,-1.0,
base,active,883623.0,883623.0,883939.0,48 49 62 63,39823.0,False
base,switching_off,,883704.0,885504.0,78 85,-2.0,
base,switching_off,,883710.0,885510.0,86 87,-2.0,
base,switching_off,,883733.0,885533.0,122 123,-2.0,
base,switching_off,,883842.0,885642.0,72 77,-2.0,
base,active,881149.0,883849.0,885128.0,22 35 46 47,39799.0,False
base,active,881170.0,883870.0,885128.0,50 51,39801.0,False
base,active,,883939.0,884083.0,48 49 62 63,-1.0,
base,active,884083.0,884083.0,885016.0,48 49 62 63,39827.0,False
base,active,875740.0,884210.0,884507.0,33 34 44 45 52 53 56 57 64 65 66 67 68 69 70 71,39731.0,False
base,active,875588.0,884210.0,884597.0,0 1 2 3 5 6 7 8 10 11 17 18 19 20 31 32,39728.0,False
base,active,876022.0,884507.0,884881.0,33 34 44 45 52 53 56 57 64 65 66 67 68 69 70 71,39737.0,False
base,active,,884597.0,884741.0,17,-1.0,
base,active,,884597.0,884881.0,18 19 20 31 32,-1.0,
base,active,884105.0,884597.0,885510.0,10 11,39828.0,False
base,active,883991.0,884597.0,892764.0,0 1 2 3 5 6 7 8,39826.0,False
base,active,882010.0,884710.0,884741.0,92,39808.0,False
base,active,884664.0,884741.0,884760.0,17,39833.0,False
base,active,,884741.0,885041.0,92,-1.0,
base,active,,884760.0,884881.0,17,-1.0,
base,active,884366.0,884881.0,884903.0,17 18 19 20,39830.0,False
base,active,884499.0,884881.0,884906.0,31 32 33 34,39832.0,False
base,active,,884881.0,885181.0,44 45 52 53 56 57 64 65 66 67 68 69 70 71,-1.0,
base,active,884896.0,884903.0,886010.0,17 18 19 20,39835.0,False
base,active,,884906.0,885206.0,31 32 33 34,-1.0,
base,active,,885016.0,885316.0,48 49 62 63,-1.0,
base,switching_off,,885041.0,886841.0,92,-2.0,
base,active,,885128.0,885428.0,22 35 46 47 50 51,-1.0,
base,switching_off,,885181.0,886981.0,44 45 52 53 56 57 64 65 66 67 68 69 70 71,-2.0,
base,switching_off,,885206.0,887006.0,31 32 33 34,-2.0,
base,switching_off,,885316.0,887116.0,48 49 62 63,-2.0,
base,switching_off,,885428.0,887228.0,22 35 46 47 50 51,-2.0,
base,active,882430.0,885471.0,886434.0,40 41 42 60,39812.0,False
base,sleeping,,885504.0,885602.0,78 85,-4.0,
base,active,,885510.0,885561.0,10,-1.0,
base,sleeping,,885510.0,885623.0,86 87,-4.0,
base,active,,885510.0,888302.0,11,-1.0,
base,sleeping,,885533.0,885956.0,122 123,-4.0,
base,active,875340.0,885545.0,885681.0,12 13 14 15 16 23 24 25 26 27 28 29 30 43 54 55 58 59 61 73 74 75 76 79 80 81 82 83 84 88 90 93 94 95 96 97 98 99 100 101 102 103 104 105 106 107 108 109 110 111 112 113 114 115 116 117 118 119 120 121 124 125 126 127,39727.0,False
base,active,885561.0,885561.0,885581.0,10,39836.0,False
base,active,,885581.0,888302.0,10,-1.0,
base,switching_on,,885602.0,888302.0,78 85,-3.0,
base,switching_on,,885623.0,888323.0,86 87,-3.0,
base,sleeping,,885642.0,885956.0,72 77,-4.0,
base,active,876067.0,885681.0,885827.0,12 13 14 15 16 23 24 25 26 27 28 29 30 43 54 55 58 59 61 73 74 75 76 79 80 81 82 83 84 88 90 93 94 95 96 97 98 99 100 101 102 103 104 105 106 107 108 109 110 111 112 113 114 115 116 117 118 119 120 121 124 125 126 127,39738.0,False
base,active,876263.0,885827.0,886117.0,12 13 14 15 16 23 24 25 26 27 28 29 30 43 54 55,39739.0,False
base,active,876404.0,885827.0,886228.0,58 59 61 73 74 75 76 79 80 81 82 83 84 88 90 93,39743.0,False
base,active,876437.0,885827.0,887884.0,94 95 96 97 98 99 100 101 102 103 104 105 106 107 108 109 110 111 112 113 114 115 116 117 118 119 120 121 124 125 126 127,39744.0,False
base,switching_on,,885956.0,888656.0,72 77 122 123,-3.0,
base,active,,886010.0,886091.0,17 18 19 20,-1.0,
base,active,886091.0,886091.0,892157.0,17 18 19 20,39841.0,False
base,active,876808.0,886117.0,886401.0,12 13 14 15 16 23 24 25 26 27 28 29 30 43 54 55,39751.0,False
base,active,,886138.0,886228.0,4 21 36 37 38 39,-1.0,
base,active,,886138.0,886438.0,89 91,-1.0,
base,active,,886228.0,886338.0,82 83 84 88,-1.0,
base,active,,886228.0,886528.0,90 93,-1.0,
base,active,876809.0,886228.0,886561.0,4 21 36 37 38 39 58 59 61 73 74 75 76 79 80 81,39752.0,False
base,active,886338.0,886338.0,886505.0,82 83 84 88,39842.0,False
base,active,877176.0,886401.0,886713.0,12 13 14 15 16 23 24 25 26 27 28 29 30 43 54 55,39754.0,False
base,active,,886434.0,886713.0,40 41 42 60,-1.0,
base,switching_off,,886438.0,888238.0,89 91,-2.0,
base,active,,886505.0,886805.0,82 83 84 88,-1.0,
base,switching_off,,886528.0,888328.0,90 93,-2.0,
base,active,,886561.0,886713.0,4 21 36 37 38 39 58 59 61 73 74 75,-1.0,
base,active,,886561.0,886861.0,76 79 80 81,-1.0,
base,active,877306.0,886713.0,886992.0,4 12 13 14 15 16 21 23 24 25 26 27 28 29 30 36 37 38 39 40 41 42 43 54 55 58 59 60 61 73 74 75,39756.0,False
base,switching_off,,886805.0,888605.0,82 83 84 88,-2.0,
base,sleeping,,886841.0,888314.0,92,-4.0,
base,switching_off,,886861.0,888661.0,76 79 80 81,-2.0,
base,sleeping,,886981.0,887006.0,44 45 52 53 56 57 64 65 66 67 68 69,-4.0,
base,sleeping,,886981.0,888314.0,70 71,-4.0,
base,active,877509.0,886992.0,887160.0,4 12 13 14 15 16 21 23 24 25 26 27 28 29 30 36,39758.0,False
base,active,877516.0,886992.0,887284.0,37 38 39 40 41 42 43 54 55 58 59 60 61 73 74 75,39759.0,False
base,switching_on,,887006.0,889706.0,31 32 33 34 44 45 52 53 56 57 64 65 66 67 68 69,-3.0,
base,sleeping,,887116.0,888314.0,48 49 62 63,-4.0,
base,active,878147.0,887160.0,887520.0,4 12 13 14 15 16 21 23 24 25 26 27 28 29 30 36,39767.0,False
base,sleeping,,887228.0,888314.0,22 35 46 47 50 51,-4.0,
base,active,,887284.0,887520.0,37 38 39 40 41 42 43 54 55 58 59 60 61 73 74 75,-1.0,
base,active,878393.0,887520.0,887651.0,4 12 13 14 15 16 21 23 24 25 26 27 28 29 30 36 37 38 39 40 41 42 43 54 55 58 59 60 61 73 74 75,39768.0,False
base,active,878508.0,887651.0,889700.0,4 12 13 14 15 16 21 23 24 25 26 27 28 29 30 36 37 38 39 40 41 42 43 54 55 58 59 60 61 73 74 75,39769.0,False
base,active,878538.0,887884.0,888114.0,94 95 96 97 98 99 100 101 102 103 104 105 106 107 108 109,39770.0,False
base,active,878834.0,887884.0,888147.0,110 111 112 113 114 115 116 117 118 119 120 121 124 125 126 127,39774.0,False
base,active,,888114.0,888147.0,94 95 96 97 98 99 100 101 102 103 104 105 106 107 108 109,-1.0,
base,active,879032.0,888147.0,888675.0,94 95 96 97 98 99 100 101 102 103 104 105 106 107 108 109 110 111 112 113 114 115 116 117 118 119 120 121 124 125 126 127,39776.0,False
base,sleeping,,888238.0,888314.0,89 91,-4.0,
base,active,885602.0,888302.0,889225.0,10 11 78 85,39837.0,False
base,active,,888314.0,891014.0,9,-1.0,
base,switching_on,,888314.0,891014.0,22 35 46 47 48 49 50 51 62 63 70 71 89 91 92,-3.0,
base,active,885623.0,888323.0,889227.0,86 87,39838.0,False
base,sleeping,,888328.0,890952.0,90 93,-4.0,
base,sleeping,,888605.0,890952.0,82 83 84 88,-4.0,
base,active,885956.0,888656.0,889025.0,72 77 122 123,39839.0,False
base,sleeping,,888661.0,888823.0,76,-4.0,
base,sleeping,,888661.0,889222.0,79,-4.0,
base,sleeping,,888661.0,889669.0,80,-4.0,
base,sleeping,,888661.0,890952.0,81,-4.0,
base,active,879257.0,888675.0,888852.0,94 95 96 97 98 99 100 101 102 103 104 105 106 107 108 109 110 111 112 113 114 115 116 117 118 119 120 121 124 125 126 127,39780.0,False
base,switching_on,,888823.0,891523.0,76,-3.0,
base,active,,888852.0,888856.0,110,-1.0,
base,active,879795.0,888852.0,889134.0,94 95 96 97 98 99 100 101 102 103 104 105 106 107 108 109,39784.0,False
base,active,,888852.0,889134.0,111 112 113 114 115 116 117 118 119 120 121,-1.0,
base,active,,888852.0,889152.0,124 125 126 127,-1.0,
base,active,888856.0,888856.0,888873.0,110,39845.0,False
base,active,,888873.0,888906.0,110,-1.0,
base,active,888906.0,888906.0,889130.0,110,39846.0,False
base,active,,889025.0,889134.0,72 77 122 123,-1.0,
base,active,,889130.0,889134.0,110,-1.0,
base,active,880012.0,889134.0,892559.0,72 77 94 95 96 97 98 99 100 101 102 103 104 105 106 107 108 109 110 111 112 113 114 115 116 117 118 119 120 121 122 123,39789.0,False
base,switching_off,,889152.0,890952.0,124 125 126 127,-2.0,
base,switching_on,,889222.0,891922.0,79,-3.0,
base,active,,889225.0,889525.0,10 11 78 85,-1.0,
base,active,,889227.0,889527.0,86 87,-1.0,
base,switching_off,,889525.0,891325.0,10 11 78 85,-2.0,
base,switching_off,,889527.0,891327.0,86 87,-2.0,
base,switching_on,,889669.0,892369.0,80,-3.0,
base,active,880296.0,889700.0,889783.0,4 12 13 14 15 16 21 23 24 25 26 27 28 29 30 36 37 38 39 40 41 42 43 54 55 58 59 60 61 73 74 75,39792.0,False
base,active,878039.0,889706.0,890024.0,31 32 33 34 44 45 52 53 56 57 64 65 66 67 68 69,39766.0,False
base,active,,889783.0,890024.0,37 38 39 40 41 42 43 54 55 58 59 60 61 73 74 75,-1.0,
base,active,880354.0,889783.0,890070.0,4 12 13 14 15 16 21 23 24 25 26 27 28 29 30 36,39793.0,False
base,active,880571.0,890024.0,892007.0,31 32 33 34 37 38 39 40 41 42 43 44 45 52 53 54 55 56 57 58 59 60 61 64 65 66 67 68 69 73 74 75,39794.0,False
base,active,881159.0,890070.0,890359.0,4 12 13 14 15 16 21 23 24 25 26 27 28 29 30 36,39800.0,False
base,active,881844.0,890359.0,890649.0,4 12 13 14 15 16 21 23 24 25 26 27 28 29 30 36,39806.0,False
base,active,,890649.0,890949.0,4 12 13 14 15 16 21 23 24 25 26 27 28 29 30 36,-1.0,
base,switching_off,,890949.0,892749.0,4 12 13 14 15 16 21 23 24 25 26 27 28 29 30 36,-2.0,
base,sleeping,,890952.0,891327.0,125 126,-4.0,
base,switching_on,,890952.0,893652.0,81 82 83 84 88 90 93 124,-3.0,
base,sleeping,,890952.0,907703.0,127,-4.0,
base,active,879583.0,891014.0,891187.0,9 22 35 46 47 48 49 50 51 62 63 70 71 89 91 92,39782.0,False
base,active,882306.0,891187.0,891527.0,9 22 35 46 47 48 49 50 51 62 63 70 71 89 91 92,39810.0,False
base,sleeping,,891325.0,891327.0,10 11 78 85,-4.0,
base,switching_on,,891327.0,894027.0,10 11 78 85 86 87 125 126,-3.0,
base,active,888823.0,891523.0,891539.0,76,39844.0,False
base,active,882790.0,891527.0,891895.0,9 22 35 46 47 48 49 50 51 62 63 70 71 89 91 92,39816.0,False
base,active,,891539.0,891839.0,76,-1.0,
base,switching_off,,891839.0,893639.0,76,-2.0,
base,active,883765.0,891895.0,892247.0,9 22 35 46 47 48 49 50 51 62 63 70 71 89 91 92,39824.0,False
base,active,889222.0,891922.0,892018.0,79,39847.0,False
base,active,881999.0,892007.0,892081.0,31 32 33 34 37 38 39 40 41 42 43 44 45 52 53 54 55 56 57 58 59 60 61 64 65 66 67 68 69 73 74 75,39807.0,False
base,active,,892018.0,892318.0,79,-1.0,
base,active,882553.0,892081.0,892283.0,31 32 33 34 37 38 39 40 41 42 43 44 45 52 53 54 55 56 57 58 59 60 61 64 65 66 67 68 69 73 74 75,39814.0,False
base,active,,892157.0,892247.0,17 18 19 20,-1.0,
base,active,890994.0,892247.0,892281.0,9 17 18 19 20 22 35 46,39851.0,False
base,active,891059.0,892247.0,892293.0,47 48 49 50 51 62 63 70,39852.0,False
base,active,,892247.0,892547.0,71 89 91 92,-1.0,
base,active,,892281.0,892283.0,9 17 18 19 20 22 35 46,-1.0,
base,active,,892283.0,892559.0,65 66 67 68 69 73 74 75,-1.0,
base,active,882631.0,892283.0,892874.0,9 17 18 19 20 22 31 32 33 34 35 37 38 39 40 41 42 43 44 45 46 52 53 54 55 56 57 58 59 60 61 64,39815.0,False
base,active,,892293.0,892559.0,47 48 49 50 51 62 63 70,-1.0,
base,switching_off,,892318.0,894118.0,79,-2.0,
base,active,889669.0,892369.0,892449.0,80,39848.0,False
base,active,,892449.0,892559.0,80,-1.0,
base,switching_off,,892547.0,894347.0,71 89 91 92,-2.0,
base,active,883005.0,892559.0,892633.0,47 48 49 50 51 62 63 65 66 67 68 69 70 72 73 74 75 77 80 94 95 96 97 98 99 100 101 102 103 104 105 106,39817.0,False
base,active,,892559.0,895449.0,107 108 109 110 111 112 113 114 115 116 117 118 119 120 121 122 123,-1.0,
base,active,883293.0,892633.0,894898.0,47 48 49 50 51 62 63 65 66 67 68 69 70 72 73 74 75 77 80 94 95 96 97 98 99 100 101 102 103 104 105 106,39819.0,False
base,sleeping,,892749.0,894647.0,36,-4.0,
base,switching_on,,892749.0,895449.0,4 12 13 14 15 16 21 23 24 25 26 27 28 29 30,-3.0,
base,active,,892764.0,892789.0,0 1 2 3,-1.0,
base,active,,892764.0,892874.0,5 6 7 8,-1.0,
base,active,892789.0,892789.0,892832.0,0 1 2 3,39854.0,False
base,active,892832.0,892832.0,895143.0,0 1 2 3,39855.0,False
base,active,,892874.0,892877.0,59 60 61 64,-1.0,
base,active,883564.0,892874.0,893250.0,5 6 7 8 9 17 18 19 20 22 31 32 33 34 35 37 38 39 40 41 42 43 44 45 46 52 53 54 55 56 57 58,39822.0,False
base,active,892877.0,892877.0,892913.0,59 60 61 64,39856.0,False
base,active,,892913.0,893155.0,59,-1.0,
base,active,,892913.0,893213.0,60 61 64,-1.0,
base,active,893155.0,893155.0,893174.0,59,39859.0,False
base,active,,893174.0,893474.0,59,-1.0,
base,switching_off,,893213.0,895013.0,60 61 64,-2.0,
base,active,883959.0,893250.0,901448.0,5 6 7 8 9 17 18 19 20 22 31 32 33 34 35 37 38 39 40 41 42 43 44 45 46 52 53 54 55 56 57 58,39825.0,False
base,switching_off,,893474.0,895274.0,59,-2.0,
base,sleeping,,893639.0,905003.0,76,-4.0,
base,active,890858.0,893652.0,893731.0,81 82 83 84 88 90 93 124,39849.0,False
base,active,,893731.0,894031.0,81 82 83 84 88 90 93 124,-1.0,
base,active,890941.0,894027.0,894061.0,10 11 78 85 86 87 125 126,39850.0,False
base,switching_off,,894031.0,895831.0,81 82 83 84 88 90 93 124,-2.0,
base,active,892916.0,894061.0,894200.0,10 11 78 85 86 87 125 126,39857.0,False
base,sleeping,,894118.0,905003.0,79,-4.0,
base,active,893063.0,894200.0,894234.0,10 11 78 85 86 87 125 126,39858.0,False
base,active,893265.0,894234.0,894269.0,10 11 78 85 86 87 125 126,39860.0,False
base,active,893304.0,894269.0,894302.0,10 11 78 85 86 87 125 126,39861.0,False
base,active,,894302.0,894602.0,10 11 78 85 86 87 125 126,-1.0,
base,sleeping,,894347.0,905003.0,71 89 91 92,-4.0,
base,switching_off,,894602.0,896402.0,10 11 78 85 86 87 125 126,-2.0,
base,switching_on,,894647.0,897347.0,36,-3.0,
base,active,884300.0,894898.0,894985.0,47 48 49 50 51 62 63 65 66 67 68 69 70 72 73 74 75 77 80 94 95 96 97 98 99 100 101 102 103 104 105 106,39829.0,False
base,active,884440.0,894985.0,895068.0,47 48 49 50 51 62 63 65 66 67 68 69 70 72 73 74 75 77 80 94 95 96 97 98 99 100 101 102 103 104 105 106,39831.0,False
base,sleeping,,895013.0,895844.0,60 61 64,-4.0,
base,active,884823.0,895068.0,896250.0,47 48 49 50 51 62 63 65 66 67 68 69 70 72 73 74 75 77 80 94 95 96 97 98 99 100 101 102 103 104 105 106,39834.0,False
base,active,,895143.0,895443.0,0 1 2 3,-1.0,
base,sleeping,,895274.0,895844.0,59,-4.0,
base,switching_off,,895443.0,897243.0,0 1 2 3,-2.0,
base,active,883400.0,895449.0,895590.0,4 12 13 14 15 16 21 23 24 25 26 27 28 29 30 107 108 109 110 111 112 113 114 115 116 117 118 119 120 121 122 123,39820.0,False
base,active,886028.0,895590.0,901718.0,4 12 13 14 15 16 21 23 24 25 26 27 28 29 30 107 108 109 110 111 112 113 114 115 116 117 118 119 120 121 122 123,39840.0,False
base,sleeping,,895831.0,905003.0,81 82 83 84 88 90 93,-4.0,
base,sleeping,,895831.0,907703.0,124,-4.0,
base,switching_on,,895844.0,898544.0,59 60 61 64,-3.0,
base,active,886374.0,896250.0,902033.0,47 48 49 50 51 62 63 65 66 67 68 69 70 72 73 74 75 77 80 94 95 96 97 98 99 100 101 102 103 104 105 106,39843.0,False
base,sleeping,,896402.0,905003.0,10 11 78 85 86 87,-4.0,
base,sleeping,,896402.0,907703.0,125 126,-4.0,
base,sleeping,,897243.0,905003.0,0 1 2 3,-4.0,
base,active,894647.0,897347.0,897376.0,36,39865.0,False
base,active,,897376.0,897676.0,36,-1.0,
base,switching_off,,897676.0,899476.0,36,-2.0,
base,active,895844.0,898544.0,908719.0,59 60 61 64,39868.0,False
base,sleeping,,899476.0,905003.0,36,-4.0,
base,active,892759.0,901448.0,903832.0,5 6 7 8 9 17 18 19 20 22 31 32 33 34 35 37 38 39 40 41 42 43 44 45 46 52 53 54 55 56 57 58,39853.0,False
base,active,893351.0,901718.0,901759.0,4 12 13 14 15 16 21 23 24 25 26 27 28 29 30 107 108 109 110 111 112 113 114 115 116 117 118 119 120 121 122 123,39862.0,False
base,active,893374.0,901759.0,902903.0,4 12 13 14 15 16 21 23 24 25 26 27 28 29 30 107 108 109 110 111 112 113 114 115 116 117 118 119 120 121 122 123,39863.0,False
base,active,893403.0,902033.0,902059.0,47 48 49 50 51 62 63 65 66 67 68 69 70 72 73 74 75 77 80 94 95 96 97 98 99 100 101 102 103 104 105 106,39864.0,False
base,active,,902059.0,902359.0,47 48 49 50 51 62 63 65 66 67 68 69 70 72 73 74 75 77 80 94 95 96 97 98 99 100 101 102 103 104 105 106,-1.0,
base,switching_off,,902359.0,904159.0,47 48 49 50 51 62 63 65 66 67 68 69 70 72 73 74 75 77 80 94 95 96 97 98 99 100 101 102 103 104 105 106,-2.0,
base,active,,902903.0,903203.0,4 12 13 14 15 16 21 23 24 25 26 27 28 29 30 107 108 109 110 111 112 113 114 115 116 117 118 119 120 121 122 123,-1.0,
base,switching_off,,903203.0,905003.0,4 12 13 14 15 16 21 23 24 25 26 27 28 29 30 107 108 109 110 111 112 113 114 115 116 117 118 119 120 121 122 123,-2.0,
base,active,,903832.0,904132.0,5 6 7 8 9 17 18 19 20 22 31 32 33 34 35 37 38 39 40 41 42 43 44 45 46 52 53 54 55 56 57 58,-1.0,
base,switching_off,,904132.0,905932.0,5 6 7 8 9 17 18 19 20 22 31 32 33 34 35 37 38 39 40 41 42 43 44 45 46 52 53 54 55 56 57 58,-2.0,
base,sleeping,,904159.0,905003.0,47 48 49 50 51 62 63 65 66 67 68 69 70 72 73 74 75 77 80 94 95 96 97 98 99,-4.0,
base,sleeping,,904159.0,922124.0,100 101 102 103 104 105 106,-4.0,
base,switching_on,,905003.0,907703.0,0 1 2 3 4 10 11 12 13 14 15 16 21 23 24 25 26 27 28 29 30 36 47 48 49 50 51 62 63 65 66 67 68 69 70 71 72 73 74 75 76 77 78 79 80 81 82 83 84 85 86 87 88 89 90 91 92 93 94 95 96 97 98 99,-3.0,
base,sleeping,,905003.0,913339.0,123,-4.0,
base,sleeping,,905003.0,913517.0,122,-4.0,
base,sleeping,,905003.0,913673.0,121,-4.0,
base,sleeping,,905003.0,922124.0,107 108 109 110 111 112 113 114 115 116 117 118 119 120,-4.0,
base,switching_on,,905932.0,908632.0,5 6 7 8 9 17 18 19 20 22 31 32 33 34 35 37 38 39 40 41 42 43 44 45 46 52 53 54 55 56 57 58,-3.0,
base,switching_on,,907703.0,910403.0,124 125 126 127,-3.0,
base,active,895730.0,907703.0,917981.0,0 1 2 3 4 10 11 12 13 14 15 16 21 23 24 25 26 27 28 29 30 36 47 48 49 50 51 62 63 65 66 67 68 69 70 71 72 73 74 75 76 77 78 79 80 81 82 83 84 85 86 87 88 89 90 91 92 93 94 95 96 97 98 99,39866.0,False
base,active,895745.0,908632.0,918902.0,5 6 7 8 9 17 18 19 20 22 31 32 33 34 35 37 38 39 40 41 42 43 44 45 46 52 53 54 55 56 57 58,39867.0,False
base,active,,908719.0,908878.0,59 60 61 64,-1.0,
base,active,908878.0,908878.0,916316.0,59 60 61 64,39882.0,False
base,active,906382.0,910403.0,912381.0,124 125 126 127,39872.0,False
base,active,,912381.0,912681.0,124 125 126 127,-1.0,
base,switching_off,,912681.0,914481.0,124 125 126 127,-2.0,
base,switching_on,,913339.0,916039.0,123,-3.0,
base,switching_on,,913517.0,916217.0,122,-3.0,
base,switching_on,,913673.0,916373.0,121,-3.0,
base,sleeping,,914481.0,922124.0,124 125 126 127,-4.0,
base,active,913339.0,916039.0,916143.0,123,39915.0,False
base,active,,916143.0,916443.0,123,-1.0,
base,active,913517.0,916217.0,916349.0,122,39916.0,False
base,active,,916316.0,916616.0,59 60 61 64,-1.0,
base,active,,916349.0,916649.0,122,-1.0,
base,active,913673.0,916373.0,916639.0,121,39917.0,False
base,switching_off,,916443.0,918243.0,123,-2.0,
base,switching_off,,916616.0,918416.0,59 60 61 64,-2.0,
base,active,,916639.0,916939.0,121,-1.0,
base,switching_off,,916649.0,918449.0,122,-2.0,
base,switching_off,,916939.0,918739.0,121,-2.0,
base,active,,917981.0,918281.0,0 1 2 3 4 10 11 12 13 14 15 16 21 23 24 25 26 27 28 29 30 36 47 48 49 50 51 62 63 65 66 67,-1.0,
base,active,906317.0,917981.0,920024.0,68 69 70 71 72 73 74 75 76 77 78 79 80 81 82 83 84 85 86 87 88 89 90 91 92 93 94 95 96 97 98 99,39871.0,False
base,sleeping,,918243.0,922124.0,123,-4.0,
base,switching_off,,918281.0,920081.0,0 1 2 3 4 10 11 12 13 14 15 16 21 23 24 25 26 27 28 29 30 36 47 48 49 50 51 62 63 65 66 67,-2.0,
base,sleeping,,918416.0,922124.0,59 60 61 64,-4.0,
base,sleeping,,918449.0,922124.0,122,-4.0,
base,sleeping,,918739.0,922124.0,121,-4.0,
base,active,,918902.0,919202.0,5 6 7 8 9 17 18 19 20 22 31 32 33 34 35 37 38 39 40 41 42 43 44 45 46 52 53 54 55 56 57 58,-1.0,
base,switching_off,,919202.0,921002.0,5 6 7 8 9 17 18 19 20 22 31 32 33 34 35 37 38 39 40 41 42 43 44 45 46 52 53 54 55 56 57 58,-2.0,
base,active,,920024.0,920324.0,68 69 70 71 72 73 74 75 76 77 78 79 80 81 82 83 84 85 86 87 88 89 90 91 92 93 94 95 96 97 98 99,-1.0,
base,sleeping,,920081.0,922124.0,0 1 2 3 4 10 11 12 13 14 15 16 21 23 24 25 26 27 28 29 30 36 47 48 49 50 51 62 63 65 66 67,-4.0,
base,switching_off,,920324.0,922124.0,68 69 70 71 72 73 74 75 76 77 78 79 80 81 82 83 84 85 86 87 88 89 90 91 92 93 94 95 96 97 98 99,-2.0,
base,sleeping,,921002.0,922124.0,5 6 7 8 9 17 18 19 20 22 31 32 33 34 35 37 38 39 40 41 42 43 44 45 46 52 53 54 55 56 57 58,-4.0,
base,switching_on,,922124.0,924824.0,0 1 2 3 4 5 6 7 8 9 10 11 12 13 14 15 16 17 18 19 20 21 22 23 24 25 26 27 28 29 30 31 32 33 34 35 36 37 38 39 40 41 42 43 44 45 46 47 48 49 50 51 52 53 54 55 56 57 58 59 60 61 62 63 64 65 66 67 68 69 70 71 72 73 74 75 76 77 78 79 80 81 82 83 84 85 86 87 88 89 90 91 92 93 94 95 96 97 98 99 100 101 102 103 104 105 106 107 108 109 110 111 112 113 114 115 116 117 118 119 120 121 122 123 124 125 126 127,-3.0,
base,active,906024.0,924824.0,924927.0,0 1 2 3 4 5 6 7 8 9 10 11 12 13 14 15 16 17 18 19 20 21 22 23 24 25 26 27 28 29 30 31 32 33 34 35 36 37 38 39 40 41 42 43 44 45 46 47 48 49 50 51 52 53 54 55 56 57 58 59 60 61 62 63 64 65 66 67 68 69 70 71 72 73 74 75 76 77 78 79 80 81 82 83 84 85 86 87 88 89 90 91 92 93 94 95 96 97 98 99 100 101 102 103 104 105 106 107 108 109 110 111 112 113 114 115 116 117 118 119 120 121 122 123 124 125 126 127,39869.0,False
base,active,,924927.0,925227.0,96 97 98 99 100 101 102 103 104 105 106 107 108 109 110 111 112 113 114 115 116 117 118 119 120 121 122 123 124 125 126 127,-1.0,
base,active,908803.0,924927.0,932437.0,64 65 66 67 68 69 70 71 72 73 74 75 76 77 78 79 80 81 82 83 84 85 86 87 88 89 90 91 92 93 94 95,39881.0,False
base,active,906131.0,924927.0,935104.0,0 1 2 3 4 5 6 7 8 9 10 11 12 13 14 15 16 17 18 19 20 21 22 23 24 25 26 27 28 29 30 31 32 33 34 35 36 37 38 39 40 41 42 43 44 45 46 47 48 49 50 51 52 53 54 55 56 57 58 59 60 61 62 63,39870.0,False
base,switching_off,,925227.0,927027.0,96 97 98 99 100 101 102 103 104 105 106 107 108 109 110 111 112 113 114 115 116 117 118 119 120 121 122 123 124 125 126 127,-2.0,
base,sleeping,,927027.0,929674.0,127,-4.0,
base,sleeping,,927027.0,933568.0,119 120 121 122 123 124 125 126,-4.0,
base,sleeping,,927027.0,935898.0,118,-4.0,
base,sleeping,,927027.0,936510.0,114 115 116 117,-4.0,
base,sleeping,,927027.0,937040.0,113,-4.0,
base,sleeping,,927027.0,937478.0,96 97 98 99 100 101 102 103 104 105 106 107 108 109 110 111 112,-4.0,
base,switching_on,,929674.0,932374.0,127,-3.0,
base,active,929674.0,932374.0,932397.0,127,40046.0,False
base,active,,932397.0,932437.0,127,-1.0,
base,active,,932437.0,932737.0,64,-1.0,
base,active,929854.0,932437.0,933375.0,65 66 67 68 69 70 71 72 73 74 75 76 77 78 79 80 81 82 83 84 85 86 87 88 89 90 91 92 93 94 95 127,40051.0,False
base,switching_off,,932737.0,934537.0,64,-2.0,
base,active,930827.0,933375.0,936822.0,65 66 67 68 69 70 71 72 73 74 75 76 77 78 79 80 81 82 83 84 85 86 87 88 89 90 91 92 93 94 95 127,40060.0,False
base,switching_on,,933568.0,936268.0,119 120 121 122 123 124 125 126,-3.0,
base,sleeping,,934537.0,937478.0,64,-4.0,
base,active,935071.0,935104.0,935211.0,60 61 62 63,40093.0,False
base,active,,935104.0,935404.0,0 1 2 3 4 5 6 7 8 9 10 11 12 13 14 15 16 17 18 19 20 21 22 23 24 25 26 27 28 29 30 31 32 33 34 35 36 37 38 39 40 41 42 43 44 45 46 47 48 49 50 51 52 53 54 55 56 57 58 59,-1.0,
base,active,,935211.0,935511.0,60 61 62 63,-1.0,
base,switching_off,,935404.0,937204.0,0 1 2 3 4 5 6 7 8 9 10 11 12 13 14 15 16 17 18 19 20 21 22 23 24 25 26 27 28 29 30 31 32 33 34 35 36 37 38 39 40 41 42 43 44 45 46 47 48 49 50 51 52 53 54 55 56 57 58 59,-2.0,
base,switching_off,,935511.0,937311.0,60 61 62 63,-2.0,
base,switching_on,,935898.0,938598.0,118,-3.0,
base,active,933568.0,936268.0,936829.0,119 120 121 122 123 124 125 126,40082.0,False
base,switching_on,,936510.0,939210.0,114 115 116 117,-3.0,
base,active,934298.0,936822.0,939965.0,65 66 67 68 69 70 71 72 73 74 75 76 77 78 79 80 81 82 83 84 85 86 87 88 89 90 91 92 93 94 95 127,40090.0,False
base,active,,936829.0,937129.0,119 120 121 122 123 124 125 126,-1.0,
base,switching_on,,937040.0,939740.0,113,-3.0,
base,switching_off,,937129.0,938929.0,119 120 121 122 123 124 125 126,-2.0,
base,sleeping,,937204.0,937478.0,50 51 52 53 54 55 56 57 58 59,-4.0,
base,sleeping,,937204.0,938527.0,34 35 36 37 38 39 40 41 42 43 44 45 46 47 48 49,-4.0,
base,sleeping,,937204.0,938923.0,18 19 20 21 22 23 24 25 26 27 28 29 30 31 32 33,-4.0,
base,sleeping,,937204.0,939015.0,10 11 12 13 14 15 16 17,-4.0,
base,sleeping,,937204.0,940591.0,6 7 8 9,-4.0,
base,sleeping,,937204.0,940630.0,2 3 4 5,-4.0,
base,sleeping,,937204.0,941419.0,0 1,-4.0,
base,sleeping,,937311.0,937478.0,60 61 62 63,-4.0,
base,switching_on,,937478.0,940178.0,50 51 52 53 54 55 56 57 58 59 60 61 62 63 64 96 97 98 99 100 101 102 103 104 105 106 107 108 109 110 111 112,-3.0,
base,switching_on,,938527.0,941227.0,34 35 36 37 38 39 40 41 42 43 44 45 46 47 48 49,-3.0,
base,active,935898.0,938598.0,938623.0,118,40098.0,False
base,active,,938623.0,938923.0,118,-1.0,
base,switching_off,,938923.0,940723.0,118,-2.0,
base,switching_on,,938923.0,941623.0,18 19 20 21 22 23 24 25 26 27 28 29 30 31 32 33,-3.0,
base,sleeping,,938929.0,939015.0,119 120 121 122 123 124 125 126,-4.0,
base,switching_on,,939015.0,941715.0,10 11 12 13 14 15 16 17 119 120 121 122 123 124 125 126,-3.0,
base,active,936510.0,939210.0,939268.0,114 115 116 117,40101.0,False
base,active,,939268.0,939568.0,114 115 116 117,-1.0,
base,switching_off,,939568.0,941368.0,114 115 116 117,-2.0,
base,active,937040.0,939740.0,939761.0,113,40103.0,False
base,active,,939761.0,940061.0,113,-1.0,
base,active,,939965.0,940265.0,65 66 67 68 69 70 71 72 73 74 75 76 77 78 79 80 81 82 83 84 85 86 87 88 89 90 91 92 93 94 95 127,-1.0,
base,switching_off,,940061.0,941861.0,113,-2.0,
base,active,937478.0,940178.0,941545.0,50 51 52 53 54 55 56 57 58 59 60 61 62 63 64 96 97 98 99 100 101 102 103 104 105 106 107 108 109 110 111 112,40105.0,False
base,switching_off,,940265.0,942065.0,65 66 67 68 69 70 71 72 73 74 75 76 77 78 79 80 81 82 83 84 85 86 87 88 89 90 91 92 93 94 95 127,-2.0,
base,switching_on,,940591.0,943291.0,6 7 8 9,-3.0,
base,switching_on,,940630.0,943330.0,2 3 4 5,-3.0,
base,sleeping,,940723.0,941102.0,118,-4.0,
base,switching_on,,941102.0,943802.0,118,-3.0,
base,active,938527.0,941227.0,941419.0,34 35 36 37 38 39 40 41 42 43 44 45 46 47 48 49,40112.0,False
base,switching_on,,941368.0,944068.0,114 115 116 117,-3.0,
base,active,941008.0,941419.0,941441.0,36 37 38 39,40126.0,False
base,active,940979.0,941419.0,941474.0,40 41 42 43,40125.0,False
base,active,,941419.0,941531.0,35,-1.0,
base,active,,941419.0,941719.0,34,-1.0,
base,active,,941419.0,944119.0,44 45 46 47 48 49,-1.0,
base,switching_on,,941419.0,944119.0,0 1,-3.0,
base,active,941070.0,941441.0,941497.0,36 37 38 39,40127.0,False
base,active,941145.0,941474.0,941498.0,40 41 42 43,40129.0,False
base,active,941171.0,941497.0,941567.0,36 37 38 39,40130.0,False
base,active,941244.0,941498.0,941577.0,40 41 42 43,40132.0,False
base,active,941531.0,941531.0,941551.0,35,40137.0,False
base,active,,941545.0,941549.0,58 59 60 61,-1.0,
base,active,941266.0,941545.0,941566.0,109 110 111 112,40133.0,False
base,active,941401.0,941545.0,941597.0,105 106 107 108,40134.0,False
base,active,941462.0,941545.0,941600.0,62 63 64 96,40136.0,False
base,active,941446.0,941545.0,941723.0,97 98 99 100 101 102 103 104,40135.0,False
base,active,,941545.0,941845.0,50 51 52 53 54 55 56 57,-1.0,
base,active,941549.0,941549.0,941570.0,58 59 60 61,40138.0,False
base,active,,941551.0,941851.0,35,-1.0,
base,active,,941566.0,941633.0,109 110 111 112,-1.0,
base,active,,941567.0,941867.0,36 37 38 39,-1.0,
base,active,,941570.0,941870.0,58 59 60 61,-1.0,
base,active,,941577.0,941877.0,40 41 42 43,-1.0,
base,active,,941597.0,941897.0,105 106 107 108,-1.0,
base,active,,941600.0,941900.0,62 63 64 96,-1.0,
base,active,938904.0,941623.0,941678.0,18 19 20 21 22 23 24 25 26 27 28 29 30 31 32 33,40115.0,False
base,active,941633.0,941633.0,941677.0,109 110 111 112,40139.0,False
base,active,,941677.0,941678.0,109 110 111 112,-1.0,
base,active,,941678.0,941978.0,18 19 20 21 22 23 24 25 26 27 28 29 30 31 32 33,-1.0,
base,active,941678.0,941678.0,941996.0,109 110 111 112,40140.0,False
base,active,939015.0,941715.0,941750.0,10 11 12 13 14 15 16 17 119 120 121 122 123 124 125 126,40116.0,False
base,switching_off,,941719.0,943519.0,34,-2.0,
base,active,,941723.0,942023.0,97,-1.0,
base,active,,941723.0,944665.0,98 99 100 101 102 103 104,-1.0,
base,active,,941750.0,941753.0,123 124 125 126,-1.0,
base,active,,941750.0,942050.0,10 11 12 13 14 15 16 17,-1.0,
base,active,,941750.0,944665.0,119 120 121 122,-1.0,
base,active,941753.0,941753.0,941775.0,123 124 125 126,40141.0,False
base,active,,941775.0,944665.0,123 124 125 126,-1.0,
base,switching_off,,941845.0,943645.0,50 51 52 53 54 55 56 57,-2.0,
base,switching_off,,941851.0,943651.0,35,-2.0,
base,sleeping,,941861.0,941965.0,113,-4.0,
base,switching_off,,941867.0,943667.0,36 37 38 39,-2.0,
base,switching_off,,941870.0,943670.0,58 59 60 61,-2.0,
base,switching_off,,941877.0,943677.0,40 41 42 43,-2.0,
base,switching_off,,941897.0,943697.0,105 106 107 108,-2.0,
base,switching_off,,941900.0,943700.0,62 63 64 96,-2.0,
base,switching_on,,941965.0,944665.0,113,-3.0,
base,switching_off,,941978.0,943778.0,18 19 20 21 22 23 24 25 26 27 28 29 30 31 32 33,-2.0,
base,active,,941996.0,942008.0,109 110 111 112,-1.0,
base,active,942008.0,942008.0,942030.0,109 110 111 112,40144.0,False
base,switching_off,,942023.0,943823.0,97,-2.0,
base,active,,942030.0,942330.0,109 110 111 112,-1.0,
base,switching_off,,942050.0,943850.0,10 11 12 13 14 15 16 17,-2.0,
base,sleeping,,942065.0,942066.0,93 94 95 127,-4.0,
base,sleeping,,942065.0,942072.0,89 90 91 92,-4.0,
base,sleeping,,942065.0,942218.0,85 86 87 88,-4.0,
base,sleeping,,942065.0,942556.0,81 82 83 84,-4.0,
base,sleeping,,942065.0,942652.0,80,-4.0,
base,sleeping,,942065.0,942712.0,72 73 74 75 76 77 78 79,-4.0,
base,sleeping,,942065.0,942825.0,71,-4.0,
base,sleeping,,942065.0,942878.0,67 68 69 70,-4.0,
base,sleeping,,942065.0,943313.0,65 66,-4.0,
base,switching_on,,942066.0,944766.0,93 94 95 127,-3.0,
base,switching_on,,942072.0,944772.0,89 90 91 92,-3.0,
base,switching_on,,942218.0,944918.0,85 86 87 88,-3.0,
base,switching_off,,942330.0,944130.0,109 110 111 112,-2.0,
base,switching_on,,942556.0,945256.0,81 82 83 84,-3.0,
base,switching_on,,942652.0,945352.0,80,-3.0,
base,switching_on,,942712.0,945412.0,72 73 74 75 76 77 78 79,-3.0,
base,switching_on,,942825.0,945525.0,71,-3.0,
base,switching_on,,942878.0,945578.0,67 68 69 70,-3.0,
base,active,940591.0,943291.0,943313.0,6 7 8 9,40121.0,False
base,active,,943313.0,943613.0,6 7,-1.0,
base,active,,943313.0,946013.0,8 9,-1.0,
base,switching_on,,943313.0,946013.0,65 66,-3.0,
base,active,940630.0,943330.0,943351.0,2 3 4 5,40122.0,False
base,active,,943351.0,943651.0,2 3 4 5,-1.0,
base,sleeping,,943519.0,943990.0,34,-4.0,
base,switching_off,,943613.0,945413.0,6 7,-2.0,
base,switching_on,,943645.0,946345.0,50 51 52 53 54 55 56 57,-3.0,
base,sleeping,,943651.0,943990.0,35,-4.0,
base,switching_off,,943651.0,945451.0,2 3 4 5,-2.0,
base,sleeping,,943667.0,943990.0,36 37 38 39,-4.0,
base,sleeping,,943670.0,943896.0,58 59 60 61,-4.0,
base,sleeping,,943677.0,943990.0,40 41 42 43,-4.0,
base,sleeping,,943697.0,943779.0,108,-4.0,
base,sleeping,,943697.0,943783.0,105 106 107,-4.0,
base,sleeping,,943700.0,943783.0,96,-4.0,
base,sleeping,,943700.0,943849.0,62 63 64,-4.0,
base,sleeping,,943778.0,943990.0,18 19 20 21 22 23 24 25 26 27 28 29 30 31 32 33,-4.0,
base,switching_on,,943779.0,946479.0,108,-3.0,
base,switching_on,,943783.0,946483.0,96 105 106 107,-3.0,
base,active,941102.0,943802.0,943824.0,118,40128.0,False
base,sleeping,,943823.0,943849.0,97,-4.0,
base,active,,943824.0,944124.0,118,-1.0,
base,switching_on,,943849.0,946549.0,62 63 64 97,-3.0,
base,sleeping,,943850.0,943990.0,12 13 14 15 16 17,-4.0,
base,sleeping,,943850.0,944165.0,10 11,-4.0,
base,switching_on,,943896.0,946596.0,58 59 60 61,-3.0,
base,switching_on,,943990.0,946690.0,12 13 14 15 16 17 18 19 20 21 22 23 24 25 26 27 28 29 30 31 32 33 34 35 36 37 38 39 40 41 42 43,-3.0,
base,active,940764.0,944068.0,944089.0,114 115 116 117,40124.0,False
base,active,,944089.0,946865.0,114 115 116 117,-1.0,
base,active,940710.0,944119.0,944165.0,0 1 44 45 46 47 48 49,40123.0,False
base,switching_off,,944124.0,945924.0,118,-2.0,
base,sleeping,,944130.0,944165.0,109 110 111 112,-4.0,
base,active,,944165.0,944465.0,0 1,-1.0,
base,active,,944165.0,946865.0,44 45 46 47 48 49,-1.0,
base,switching_on,,944165.0,946865.0,10 11 109 110 111 112,-3.0,
base,switching_off,,944465.0,946265.0,0 1,-2.0,
base,active,941965.0,944665.0,944727.0,98 99 100 101 102 103 104 113 119 120 121 122 123 124 125 126,40143.0,False
base,active,944513.0,944727.0,944797.0,119 120 121 122,40172.0,False
base,active,,944727.0,944819.0,98 99 100 101 102 103 104 113,-1.0,
base,active,944184.0,944727.0,944860.0,123 124 125 126,40169.0,False
base,active,942066.0,944766.0,944827.0,93 94 95 127,40145.0,False
base,active,942072.0,944772.0,944819.0,89 90 91 92,40146.0,False
base,active,,944797.0,944819.0,119 120 121 122,-1.0,
base,active,944275.0,944819.0,944961.0,89 90 91 92 98 99 100 101 102 103 104 113 119 120 121 122,40170.0,False
base,active,,944827.0,944961.0,127,-1.0,
base,active,,944827.0,945013.0,93 94 95,-1.0,
base,active,,944860.0,944961.0,123 124 125 126,-1.0,
base,active,942218.0,944918.0,945454.0,85 86 87 88,40147.0,False
base,active,,944961.0,944967.0,98,-1.0,
base,active,,944961.0,945013.0,89 90 91 92,-1.0,
base,active,944456.0,944961.0,945342.0,99 100 101 102 103 104 113 119 120 121 122 123 124 125 126 127,40171.0,False
base,active,944967.0,944967.0,944990.0,98,40178.0,False
base,active,,944990.0,945013.0,98,-1.0,
base,active,945013.0,945013.0,946151.0,89 90 91 92 93 94 95 98,40180.0,False
base,active,942556.0,945256.0,945301.0,81 82 83 84,40149.0,False
base,active,,945301.0,945601.0,81 82 83 84,-1.0,
base,active,,945342.0,945514.0,122 123 124 125,-1.0,
base,active,,945342.0,945642.0,99 100 101 102 103 104 113 119 120 121,-1.0,
base,active,,945342.0,948113.0,126 127,-1.0,
base,active,942652.0,945352.0,945370.0,80,40150.0,False
base,active,,945370.0,945670.0,80,-1.0,
base,active,942712.0,945412.0,945413.0,72 73 74 75 76 77 78 79,40151.0,False
base,active,,945413.0,945713.0,72 73 74 75 76 77 78 79,-1.0,
base,switching_on,,945413.0,948113.0,6 7,-3.0,
base,sleeping,,945451.0,945659.0,2 3 4 5,-4.0,
base,active,,945454.0,945754.0,85 86 87 88,-1.0,
base,active,945514.0,945514.0,947629.0,122 123 124 125,40184.0,False
base,active,942825.0,945525.0,945546.0,71,40155.0,False
base,active,,945546.0,945846.0,71,-1.0,
base,active,942878.0,945578.0,945722.0,67 68 69 70,40157.0,False
base,switching_off,,945601.0,947401.0,81 82 83 84,-2.0,
base,switching_off,,945642.0,947442.0,99 100 101 102 103 104 113 119 120 121,-2.0,
base,switching_on,,945659.0,948359.0,2 3 4 5,-3.0,
base,switching_off,,945670.0,947470.0,80,-2.0,
base,switching_off,,945713.0,947513.0,72 73 74 75 76 77 78 79,-2.0,
base,active,,945722.0,945870.0,68 69 70,-1.0,
base,active,,945722.0,946022.0,67,-1.0,
base,active,945754.0,945754.0,945800.0,88,40186.0,False
base,switching_off,,945754.0,947554.0,85 86 87,-2.0,
base,active,,945800.0,945870.0,88,-1.0,
base,switching_off,,945846.0,947646.0,71,-2.0,
base,active,945870.0,945870.0,945915.0,68 69 70 88,40188.0,False
base,active,,945915.0,946215.0,68 69 70 88,-1.0,
base,sleeping,,945924.0,946790.0,118,-4.0,
base,active,942959.0,946013.0,946059.0,8 9 65 66,40159.0,False
base,switching_off,,946022.0,947822.0,67,-2.0,
base,active,,946059.0,946359.0,8 9 65 66,-1.0,
base,active,,946151.0,946451.0,89 90 91 92 93 94 95 98,-1.0,
base,switching_off,,946215.0,948015.0,68 69 70 88,-2.0,
base,sleeping,,946265.0,946790.0,0 1,-4.0,
base,active,942724.0,946345.0,946394.0,50 51 52 53 54 55 56 57,40152.0,False
base,switching_off,,946359.0,948159.0,8 9 65 66,-2.0,
base,active,,946394.0,946694.0,50 51 52 53 54 55 56 57,-1.0,
base,switching_off,,946451.0,948251.0,89 90 91 92 93 94 95 98,-2.0,
base,active,943779.0,946479.0,946500.0,108,40162.0,False
base,active,943783.0,946483.0,946525.0,96 105 106 107,40163.0,False
base,active,,946500.0,949490.0,108,-1.0,
base,active,,946525.0,946812.0,96 105 106 107,-1.0,
base,active,943849.0,946549.0,946591.0,62 63 64 97,40164.0,False
base,active,,946591.0,946812.0,62 63 64 97,-1.0,
base,active,943896.0,946596.0,946643.0,58 59 60 61,40165.0,False
base,active,,946643.0,946812.0,58 59 60 61,-1.0,
base,active,943990.0,946690.0,946812.0,12 13 14 15 16 17 18 19 20 21 22 23 24 25 26 27 28 29 30 31 32 33 34 35 36 37 38 39 40 41 42 43,40166.0,False
base,switching_off,,946694.0,948494.0,50 51 52 53 54 55 56 57,-2.0,
base,switching_on,,946790.0,949490.0,0 1 118,-3.0,
base,active,,946812.0,947112.0,12 13 14 15 16 17 18 19 20 21,-1.0,
base,active,946812.0,946812.0,947688.0,22 23,40198.0,False
base,active,944968.0,946812.0,947993.0,24 25 26 27 28 29 30 31 32 33 34 35 36 37 38 39 40 41 42 43 58 59 60 61 62 63 64 96 97 105 106 107,40179.0,False
base,active,944045.0,946865.0,947023.0,10 11 44 45 46 47 48 49 109 110 111 112 114 115 116 117,40167.0,False
base,active,,947023.0,947323.0,10 11 44 45 46 47 48 49 109 110 111 112 114 115 116 117,-1.0,
base,switching_off,,947112.0,948912.0,12 13 14 15 16 17 18 19 20 21,-2.0,
base,switching_off,,947323.0,949123.0,10 11 44 45 46 47 48 49 109 110 111 112 114 115 116 117,-2.0,
base,sleeping,,947401.0,947688.0,81 82 83 84,-4.0,
base,sleeping,,947442.0,947688.0,99 100 101 102 103 104 113 119 120 121,-4.0,
base,sleeping,,947470.0,947688.0,80,-4.0,
base,sleeping,,947513.0,947688.0,72 73 74 75 76 77 78 79,-4.0,
base,sleeping,,947554.0,947688.0,85 86 87,-4.0,
base,active,,947629.0,950388.0,122 123 124 125,-1.0,
base,sleeping,,947646.0,947688.0,71,-4.0,
base,active,,947688.0,947988.0,22,-1.0,
base,active,,947688.0,950388.0,23,-1.0,
base,switching_on,,947688.0,950388.0,71 72 73 74 75 76 77 78 79 80 81 82 83 84 85 86 87 99 100 101 102 103 104 113 119 120 121,-3.0,
base,sleeping,,947822.0,948912.0,67,-4.0,
base,switching_off,,947988.0,949788.0,22,-2.0,
base,active,945441.0,947993.0,950182.0,24 25 26 27 28 29 30 31 32 33 34 35 36 37 38 39 40 41 42 43 58 59 60 61 62 63 64 96 97 105 106 107,40183.0,False
base,sleeping,,948015.0,948138.0,88,-4.0,
base,sleeping,,948015.0,948912.0,68 69 70,-4.0,
base,active,945413.0,948113.0,948158.0,6 7 126 127,40182.0,False
base,switching_on,,948138.0,950838.0,88,-3.0,
base,active,,948158.0,948458.0,6 7 126 127,-1.0,
base,sleeping,,948159.0,948912.0,9 65 66,-4.0,
base,sleeping,,948159.0,948952.0,8,-4.0,
base,sleeping,,948251.0,948890.0,98,-4.0,
base,sleeping,,948251.0,948912.0,89 90 91 92 93 94 95,-4.0,
base,active,945659.0,948359.0,948398.0,2 3 4 5,40185.0,False
base,active,,948398.0,948698.0,2 3 4 5,-1.0,
base,switching_off,,948458.0,950258.0,6 7 126 127,-2.0,
base,sleeping,,948494.0,948912.0,50 51 52 53 54 55 56 57,-4.0,
base,switching_off,,948698.0,950498.0,2 3 4 5,-2.0,
base,switching_on,,948890.0,951590.0,98,-3.0,
base,switching_on,,948912.0,951612.0,9 12 13 14 15 16 17 18 19 20 21 50 51 52 53 54 55 56 57 65 66 67 68 69 70 89 90 91 92 93 94 95,-3.0,
base,switching_on,,948952.0,951652.0,8,-3.0,
base,sleeping,,949123.0,949347.0,109,-4.0,
base,sleeping,,949123.0,949429.0,49,-4.0,
base,sleeping,,949123.0,949476.0,48,-4.0,
base,sleeping,,949123.0,949621.0,44 45 46 47,-4.0,
base,sleeping,,949123.0,949716.0,11,-4.0,
base,sleeping,,949123.0,949757.0,10,-4.0,
base,switching_on,,949123.0,951823.0,110 111 112 114 115 116 117,-3.0,
base,switching_on,,949347.0,952047.0,109,-3.0,
base,switching_on,,949429.0,952129.0,49,-3.0,
base,switching_on,,949476.0,952176.0,48,-3.0,
base,active,946790.0,949490.0,950385.0,0 1 108 118,40197.0,False
base,switching_on,,949621.0,952321.0,44 45 46 47,-3.0,
base,switching_on,,949716.0,952416.0,11,-3.0,
base,switching_on,,949757.0,952457.0,10,-3.0,
base,sleeping,,949788.0,949937.0,22,-4.0,
base,switching_on,,949937.0,952637.0,22,-3.0,
base,active,947337.0,950182.0,950246.0,24 25 26 27 28 29 30 31 32 33 34 35 36 37 38 39 40 41 42 43 58 59 60 61 62 63 64 96 97 105 106 107,40200.0,False
base,active,947819.0,950246.0,950301.0,24 25 26 27 28 29 30 31 32 33 34 35 36 37 38 39 40 41 42 43 58 59 60 61 62 63 64 96 97 105 106 107,40204.0,False
base,sleeping,,950258.0,950621.0,126,-4.0,
base,sleeping,,950258.0,950629.0,7,-4.0,
base,sleeping,,950258.0,951305.0,6,-4.0,
base,switching_on,,950258.0,952958.0,127,-3.0,
base,active,,950301.0,950601.0,24 25 26 27 28 29 30 31 32 33 34 35 36 37 38 39 40 41 42 43 58 59 60 61 62 63,-1.0,
base,active,949918.0,950301.0,952625.0,64 96,40230.0,False
base,active,949896.0,950301.0,952646.0,97 105 106 107,40229.0,False
base,active,,950385.0,950407.0,118,-1.0,
base,active,,950385.0,950622.0,108,-1.0,
base,active,,950385.0,950685.0,0 1,-1.0,
base,active,945786.0,950388.0,950454.0,23 71 72 73 74 75 76 77 78 79 80 81 82 83 84 85 86 87 99 100 101 102 103 104 113 119 120 121 122 123 124 125,40187.0,False
base,active,950407.0,950407.0,950546.0,118,40234.0,False
base,active,,950454.0,950458.0,113 119 120 121 122 123 124 125,-1.0,
base,active,,950454.0,950622.0,72 73 74 75 76 77 78 79 80 81 82 83 84 85 86 87 99 100 101 102 103 104,-1.0,
base,active,,950454.0,950754.0,23 71,-1.0,
base,active,950458.0,950458.0,950622.0,113 119 120 121 122 123 124 125,40235.0,False
base,sleeping,,950498.0,951674.0,5,-4.0,
base,sleeping,,950498.0,951767.0,4,-4.0,
base,sleeping,,950498.0,951834.0,3,-4.0,
base,sleeping,,950498.0,952106.0,2,-4.0,
base,active,,950546.0,950622.0,118,-1.0,
base,switching_off,,950601.0,952401.0,24 25 26 27 28 29 30 31 32 33 34 35 36 37 38 39 40 41 42 43 58 59 60 61 62 63,-2.0,
base,switching_on,,950621.0,953321.0,126,-3.0,
base,active,946561.0,950622.0,954347.0,72 73 74 75 76 77 78 79 80 81 82 83 84 85 86 87 99 100 101 102 103 104 108 113 118 119 120 121 122 123 124 125,40195.0,False
base,switching_on,,950629.0,953329.0,7,-3.0,
base,switching_off,,950685.0,952485.0,0 1,-2.0,
base,switching_off,,950754.0,952554.0,23 71,-2.0,
base,active,948138.0,950838.0,950853.0,88,40210.0,False
base,active,,950853.0,951153.0,88,-1.0,
base,switching_off,,951153.0,952953.0,88,-2.0,
base,switching_on,,951305.0,954005.0,6,-3.0,
base,active,948890.0,951590.0,951630.0,98,40212.0,False
base,active,946682.0,951612.0,951669.0,9 12 13 14 15 16 17 18 19 20 21 50 51 52 53 54 55 56 57 65 66 67 68 69 70 89 90 91 92 93 94 95,40196.0,False
base,active,,951630.0,951930.0,98,-1.0,
base,active,948952.0,951652.0,951674.0,8,40213.0,False
base,active,,951669.0,951969.0,9 12 13 14 15 16 17 18 19 20 21 50 51 52 53 54 55 56 57 65 66 67 68 69 70 89 90 91 92 93 94 95,-1.0,
base,active,,951674.0,951974.0,8,-1.0,
base,switching_on,,951674.0,954374.0,5,-3.0,
base,switching_on,,951767.0,954467.0,4,-3.0,
base,active,949099.0,951823.0,951840.0,110,40216.0,False
base,active,949002.0,951823.0,951853.0,111 112,40215.0,False
base,active,948980.0,951823.0,951878.0,114 115 116 117,40214.0,False
base,switching_on,,951834.0,954534.0,3,-3.0,
base,active,,951840.0,952140.0,110,-1.0,
base,active,,951853.0,952153.0,111 112,-1.0,
base,active,,951878.0,952178.0,114 115 116 117,-1.0,
base,switching_off,,951930.0,953730.0,98,-2.0,
base,switching_off,,951969.0,953769.0,9 12 13 14 15 16 17 18 19 20 21 50 51 52 53 54 55 56 57 65 66 67 68 69 70 89 90 91 92 93 94 95,-2.0,
base,switching_off,,951974.0,953774.0,8,-2.0,
base,active,949347.0,952047.0,952052.0,109,40218.0,False
base,active,,952052.0,952352.0,109,-1.0,
base,switching_on,,952106.0,954806.0,2,-3.0,
base,active,949429.0,952129.0,952139.0,49,40219.0,False
base,active,,952139.0,952439.0,49,-1.0,
base,switching_off,,952140.0,953940.0,110,-2.0,
base,switching_off,,952153.0,953953.0,111 112,-2.0,
base,active,949476.0,952176.0,952185.0,48,40220.0,False
base,switching_off,,952178.0,953978.0,114 115 116 117,-2.0,
base,active,,952185.0,952485.0,48,-1.0,
base,active,949621.0,952321.0,952577.0,44 45 46 47,40224.0,False
base,switching_off,,952352.0,954152.0,109,-2.0,
base,switching_on,,952401.0,955101.0,34 35 36 37 38 39 40 41 42 43 58 59 60 61 62 63,-3.0,
base,sleeping,,952401.0,955314.0,24 25 26 27 28 29 30 31 32 33,-4.0,
base,active,949716.0,952416.0,952452.0,11,40226.0,False
base,switching_off,,952439.0,954239.0,49,-2.0,
base,active,,952452.0,952752.0,11,-1.0,
base,active,949757.0,952457.0,952484.0,10,40228.0,False
base,active,,952484.0,952784.0,10,-1.0,
base,switching_off,,952485.0,954285.0,48,-2.0,
base,sleeping,,952485.0,955389.0,1,-4.0,
base,sleeping,,952485.0,956831.0,0,-4.0,
base,sleeping,,952554.0,955189.0,71,-4.0,
base,sleeping,,952554.0,955314.0,23,-4.0,
base,active,,952577.0,952877.0,44 45 46 47,-1.0,
base,active,,952625.0,952925.0,64 96,-1.0,
base,active,949937.0,952637.0,952638.0,22,40231.0,False
base,active,,952638.0,952938.0,22,-1.0,
base,active,,952646.0,952946.0,97 105 106 107,-1.0,
base,switching_off,,952752.0,954552.0,11,-2.0,
base,switching_off,,952784.0,954584.0,10,-2.0,
base,switching_off,,952877.0,954677.0,44 45 46 47,-2.0,
base,switching_off,,952925.0,954725.0,64 96,-2.0,
base,switching_off,,952938.0,954738.0,22,-2.0,
base,switching_off,,952946.0,954746.0,97 105 106 107,-2.0,
base,sleeping,,952953.0,955189.0,88,-4.0,
base,active,950167.0,952958.0,952986.0,127,40232.0,False
base,active,,952986.0,953286.0,127,-1.0,
base,switching_off,,953286.0,955086.0,127,-2.0,
base,active,950621.0,953321.0,953322.0,126,40236.0,False
base,active,,953322.0,953622.0,126,-1.0,
base,active,950629.0,953329.0,953704.0,7,40237.0,False
base,switching_off,,953622.0,955422.0,126,-2.0,
base,active,,953704.0,954004.0,7,-1.0,
base,sleeping,,953730.0,955189.0,98,-4.0,
base,sleeping,,953769.0,955189.0,51 52 53 54 55 56 57 65 66 67 68 69 70 89 90 91 92 93 94 95,-4.0,
base,sleeping,,953769.0,955209.0,50,-4.0,
base,sleeping,,953769.0,955314.0,9 12 13 14 15 16 17 18 19 20 21,-4.0,
base,sleeping,,953774.0,955314.0,8,-4.0,
base,sleeping,,953940.0,955189.0,110,-4.0,
base,sleeping,,953953.0,955065.0,111 112,-4.0,
base,sleeping,,953978.0,955042.0,114 115 116 117,-4.0,
base,switching_off,,954004.0,955804.0,7,-2.0,
base,active,951305.0,954005.0,954026.0,6,40244.0,False
base,active,,954026.0,954326.0,6,-1.0,
base,sleeping,,954152.0,955189.0,109,-4.0,
base,sleeping,,954239.0,955314.0,49,-4.0,
base,sleeping,,954285.0,955314.0,48,-4.0,
base,switching_off,,954326.0,956126.0,6,-2.0,
base,active,,954347.0,954647.0,72 73 74 75 76 77 78 79 80 81 82 83 84 85 86 87 99 100 101 102 103 104 108 113 118 119 120 121 122 123 124 125,-1.0,
base,active,951674.0,954374.0,954395.0,5,40246.0,False
base,active,,954395.0,954695.0,5,-1.0,
base,active,951767.0,954467.0,954514.0,4,40247.0,False
base,active,,954514.0,954814.0,4,-1.0,
base,active,951834.0,954534.0,954623.0,3,40249.0,False
base,sleeping,,954552.0,955314.0,11,-4.0,
base,sleeping,,954584.0,955314.0,10,-4.0,
base,active,,954623.0,954923.0,3,-1.0,
base,switching_off,,954647.0,956447.0,72 73 74 75 76 77 78 79 80 81 82 83 84 85 86 87 99 100 101 102 103 104 108 113 118 119 120 121 122 123 124 125,-2.0,
base,sleeping,,954677.0,955314.0,44 45 46 47,-4.0,
base,switching_off,,954695.0,956495.0,5,-2.0,
base,sleeping,,954725.0,955189.0,64 96,-4.0,
base,sleeping,,954738.0,955314.0,22,-4.0,
base,sleeping,,954746.0,955189.0,97 105 106 107,-4.0,
base,active,952106.0,954806.0,955014.0,2,40250.0,False
base,switching_off,,954814.0,956614.0,4,-2.0,
base,switching_off,,954923.0,956723.0,3,-2.0,
base,active,,955014.0,955314.0,2,-1.0,
base,switching_on,,955042.0,957742.0,114 115 116 117,-3.0,
base,switching_on,,955065.0,957765.0,111 112,-3.0,
base,sleeping,,955086.0,955189.0,127,-4.0,
base,active,952126.0,955101.0,955146.0,34 35 36 37 38 39 40 41 42 43 58 59 60 61 62 63,40251.0,False
base,active,,955146.0,955188.0,42 43 58 59 60 61 62 63,-1.0,
base,active,,955146.0,955446.0,34 35 36 37 38 39 40 41,-1.0,
base,active,955188.0,955188.0,956815.0,42 43 58 59 60 61 62 63,40263.0,False
base,switching_on,,955189.0,957889.0,51 52 53 54 55 56 57 64 65 66 67 68 69 70 71 88 89 90 91 92 93 94 95 96 97 98 105 106 107 109 110 127,-3.0,
base,switching_on,,955209.0,957909.0,50,-3.0,
base,switching_off,,955314.0,957114.0,2,-2.0,
base,switching_on,,955314.0,958014.0,8 9 10 11 12 13 14 15 16 17 18 19 20 21 22 23 24 25 26 27 28 29 30 31 32 33 44 45 46 47 48 49,-3.0,
base,switching_on,,955389.0,958089.0,1,-3.0,
base,sleeping,,955422.0,955459.0,126,-4.0,
base,switching_off,,955446.0,957246.0,34 35 36 37 38 39 40 41,-2.0,
base,switching_on,,955459.0,958159.0,126,-3.0,
base,sleeping,,955804.0,956831.0,7,-4.0,
base,sleeping,,956126.0,956831.0,6,-4.0,
base,sleeping,,956447.0,956831.0,72 73 74 75 76 77 78 79 80 81 82 83 84 85 86 87 99 100 101 102 103 104 108 113,-4.0,
base,switching_on,,956447.0,959147.0,118 119 120 121 122 123 124 125,-3.0,
base,sleeping,,956495.0,956831.0,5,-4.0,
base,sleeping,,956614.0,956831.0,4,-4.0,
base,sleeping,,956723.0,956831.0,3,-4.0,
base,active,,956815.0,957115.0,42 43 58 59 60 61,-1.0,
base,active,,956815.0,959531.0,62 63,-1.0,
base,switching_on,,956831.0,959531.0,0 3 4 5 6 7 72 73 74 75 76 77 78 79 80 81 82 83 84 85 86 87 99 100 101 102 103 104 108 113,-3.0,
base,sleeping,,957114.0,957618.0,2,-4.0,
base,switching_off,,957115.0,958915.0,42 43 58 59 60 61,-2.0,
base,sleeping,,957246.0,957344.0,41,-4.0,
base,sleeping,,957246.0,957518.0,40,-4.0,
base,sleeping,,957246.0,957570.0,39,-4.0,
base,sleeping,,957246.0,957595.0,35 36 37 38,-4.0,
base,sleeping,,957246.0,957618.0,34,-4.0,
base,switching_on,,957344.0,960044.0,41,-3.0,
base,switching_on,,957518.0,960218.0,40,-3.0,
base,switching_on,,957570.0,960270.0,39,-3.0,
base,switching_on,,957595.0,960295.0,35 36 37 38,-3.0,
base,switching_on,,957618.0,960318.0,2 34,-3.0,
base,active,955042.0,957742.0,958751.0,114 115 116 117,40259.0,False
base,active,955065.0,957765.0,958752.0,111 112,40261.0,False
base,active,955189.0,957889.0,957920.0,51 52 53 54 55 56 57 64 65 66 67 68 69 70 71 88 89 90 91 92 93 94 95 96 97 98 105 106 107 109 110 127,40264.0,False
base,active,955209.0,957909.0,957952.0,50,40265.0,False
base,active,955060.0,957920.0,960299.0,51 52 53 54 55 56 57 64 65 66 67 68 69 70 71 88 89 90 91 92 93 94 95 96 97 98 105 106 107 109 110 127,40260.0,False
base,active,,957952.0,958252.0,50,-1.0,
base,active,955119.0,958014.0,959709.0,8 9 10 11 12 13 14 15 16 17 18 19 20 21 22 23 24 25 26 27 28 29 30 31 32 33 44 45 46 47 48 49,40262.0,False
base,active,955389.0,958089.0,958099.0,1,40266.0,False
base,active,,958099.0,958399.0,1,-1.0,
base,active,955459.0,958159.0,958208.0,126,40268.0,False
base,active,,958208.0,958435.0,126,-1.0,
base,switching_off,,958252.0,960052.0,50,-2.0,
base,switching_off,,958399.0,960199.0,1,-2.0,
base,active,958435.0,958435.0,958478.0,126,40293.0,False
base,active,,958478.0,958491.0,126,-1.0,
base,active,958491.0,958491.0,958511.0,126,40294.0,False
base,active,,958511.0,958751.0,126,-1.0,
base,active,,958751.0,958752.0,114,-1.0,
base,active,958204.0,958751.0,958793.0,115 116 117 126,40292.0,False
base,active,,958752.0,958819.0,111,-1.0,
base,active,958536.0,958752.0,959725.0,112 114,40296.0,False
base,active,958514.0,958793.0,959785.0,115 116 117 126,40295.0,False
base,active,958819.0,958819.0,958837.0,111,40298.0,False
base,active,,958837.0,959137.0,111,-1.0,
base,sleeping,,958915.0,959353.0,42 43 58 59 60 61,-4.0,
base,switching_off,,959137.0,960937.0,111,-2.0,
base,active,955790.0,959147.0,959183.0,118 119 120 121 122 123 124 125,40271.0,False
base,active,,959183.0,959483.0,118 119 120 121 122 123,-1.0,
base,active,,959183.0,962053.0,124 125,-1.0,
base,switching_on,,959353.0,962053.0,42 43 58 59 60 61,-3.0,
base,switching_off,,959483.0,961283.0,118 119 120 121 122 123,-2.0,
base,active,956831.0,959531.0,959580.0,0 3 4 5 6 7 62 63 72 73 74 75 76 77 78 79 80 81 82 83 84 85 86 87 99 100 101 102 103 104 108 113,40278.0,False
base,active,957559.0,959580.0,960879.0,0 3 4 5 6 7 62 63 72 73 74 75 76 77 78 79 80 81 82 83 84 85 86 87 99 100 101 102 103 104 108 113,40283.0,False
base,active,958912.0,959709.0,960833.0,8 9 10 11 12 13 14 15 16 17 18 19 20 21 22 23 24 25 26 27 28 29 30 31 32 33 44 45 46 47 48 49,40299.0,False
base,active,,959725.0,960025.0,112 114,-1.0,
base,active,,959785.0,960039.0,126,-1.0,
base,active,,959785.0,962752.0,115 116 117,-1.0,
base,switching_off,,960025.0,961825.0,112 114,-2.0,
base,active,960039.0,960039.0,960060.0,126,40308.0,False
base,active,957344.0,960044.0,960072.0,41,40280.0,False
base,switching_on,,960052.0,962752.0,50,-3.0,
base,active,,960060.0,960074.0,126,-1.0,
base,active,,960072.0,960074.0,41,-1.0,
base,active,960074.0,960074.0,960078.0,41 126,40311.0,False
base,active,,960078.0,960378.0,41,-1.0,
base,active,,960078.0,962999.0,126,-1.0,
base,sleeping,,960199.0,960299.0,1,-4.0,
base,active,957518.0,960218.0,960255.0,40,40282.0,False
base,active,,960255.0,960555.0,40,-1.0,
base,active,957570.0,960270.0,960291.0,39,40284.0,False
base,active,,960291.0,960591.0,39,-1.0,
base,active,957595.0,960295.0,961212.0,35 36 37 38,40285.0,False
base,active,,960299.0,960599.0,51 52,-1.0,
base,active,,960299.0,962999.0,53 54 55 56 57 64 65 66 67 68 69 70 71 88 89 90 91 92 93 94 95 96 97 98 105 106 107 109 110 127,-1.0,
base,switching_on,,960299.0,962999.0,1,-3.0,
base,active,957618.0,960318.0,961213.0,2 34,40286.0,False
base,switching_off,,960378.0,962178.0,41,-2.0,
base,switching_off,,960555.0,962355.0,40,-2.0,
base,switching_off,,960591.0,962391.0,39,-2.0,
base,switching_off,,960599.0,962399.0,51 52,-2.0,
base,active,960066.0,960833.0,961277.0,8 9 10 11 12 13 14 15 16 17 18 19 20 21 22 23 24 25 26 27 28 29 30 31 32 33 44 45 46 47 48 49,40310.0,False
base,active,960557.0,960879.0,963821.0,0 3 4 5 6 7 62 63 72 73 74 75 76 77 78 79 80 81 82 83 84 85 86 87 99 100 101 102 103 104 108 113,40313.0,False
base,sleeping,,960937.0,961212.0,111,-4.0,
base,active,,961212.0,961213.0,35,-1.0,
base,active,,961212.0,963912.0,36 37 38,-1.0,
base,switching_on,,961212.0,963912.0,111,-3.0,
base,active,,961213.0,961513.0,2,-1.0,
base,active,960767.0,961213.0,962192.0,34 35,40315.0,False
base,active,960827.0,961277.0,961515.0,8 9 10 11 12 13 14 15 16 17 18 19 20 21 22 23 24 25 26 27 28 29 30 31 32 33 44 45 46 47 48 49,40316.0,False
base,sleeping,,961283.0,961515.0,118 119,-4.0,
base,switching_on,,961283.0,963983.0,120 121 122 123,-3.0,
base,switching_off,,961513.0,963313.0,2,-2.0,
base,active,961370.0,961515.0,961534.0,14 15 16 17,40325.0,False
base,active,961396.0,961515.0,961596.0,10 11 12 13,40326.0,False
base,active,961103.0,961515.0,961632.0,26 27 28 29 30 31 32 33,40320.0,False
base,active,,961515.0,961815.0,8 9,-1.0,
base,active,961142.0,961515.0,962218.0,18 19 20 21 22 23 24 25,40321.0,False
base,active,,961515.0,964215.0,44 45 46 47 48 49,-1.0,
base,switching_on,,961515.0,964215.0,118 119,-3.0,
base,active,961490.0,961534.0,961756.0,14 15 16 17,40327.0,False
base,active,,961596.0,961626.0,13,-1.0,
base,active,,961596.0,961896.0,10 11 12,-1.0,
base,active,961626.0,961626.0,961644.0,13,40330.0,False
base,active,,961632.0,961646.0,30 31 32 33,-1.0,
base,active,,961632.0,961749.0,26 27 28 29,-1.0,
base,active,,961644.0,961944.0,13,-1.0,
base,active,961646.0,961646.0,961734.0,30 31 32 33,40331.0,False
base,active,,961734.0,961749.0,30 31 32 33,-1.0,
base,active,961749.0,961749.0,961818.0,26 27 28 29 30 31 32 33,40332.0,False
base,active,,961756.0,962056.0,14 15 16 17,-1.0,
base,switching_off,,961815.0,963615.0,8 9,-2.0,
base,active,,961818.0,961894.0,30 31,-1.0,
base,active,,961818.0,962118.0,26 27 28 29,-1.0,
base,active,,961818.0,964573.0,32 33,-1.0,
base,sleeping,,961825.0,961873.0,112 114,-4.0,
base,switching_on,,961873.0,964573.0,112 114,-3.0,
base,active,961894.0,961894.0,962820.0,30 31,40334.0,False
base,switching_off,,961896.0,963696.0,10 11 12,-2.0,
base,switching_off,,961944.0,963744.0,13,-2.0,
base,active,959353.0,962053.0,962483.0,42 43 58 59 60 61 124 125,40302.0,False
base,switching_off,,962056.0,963856.0,14 15 16 17,-2.0,
base,switching_off,,962118.0,963918.0,26 27 28 29,-2.0,
base,sleeping,,962178.0,962218.0,41,-4.0,
base,active,,962192.0,964918.0,34 35,-1.0,
base,active,,962218.0,962518.0,18 19 20,-1.0,
base,active,,962218.0,964918.0,21 22 23 24 25,-1.0,
base,switching_on,,962218.0,964918.0,41,-3.0,
base,sleeping,,962355.0,962483.0,40,-4.0,
base,sleeping,,962391.0,962483.0,39,-4.0,
base,sleeping,,962399.0,962483.0,51 52,-4.0,
base,active,,962483.0,962732.0,59,-1.0,
base,active,,962483.0,962783.0,42 43 58,-1.0,
base,active,,962483.0,965183.0,60 61 124 125,-1.0,
base,switching_on,,962483.0,965183.0,39 40 51 52,-3.0,
base,switching_off,,962518.0,964318.0,18 19 20,-2.0,
base,active,962732.0,962732.0,962747.0,59,40344.0,False
base,active,,962747.0,963047.0,59,-1.0,
base,active,960052.0,962752.0,962790.0,50 115 116 117,40309.0,False
base,switching_off,,962783.0,964583.0,42 43 58,-2.0,
base,active,,962790.0,963090.0,50 115 116 117,-1.0,
base,active,,962820.0,963120.0,30 31,-1.0,
base,active,959324.0,962999.0,963458.0,1 53 54 55 56 57 64 65 66 67 68 69 70 71 88 89 90 91 92 93 94 95 96 97 98 105 106 107 109 110 126 127,40301.0,False
base,switching_off,,963047.0,964847.0,59,-2.0,
base,switching_off,,963090.0,964890.0,50 115 116 117,-2.0,
base,switching_off,,963120.0,964920.0,30 31,-2.0,
base,sleeping,,963313.0,963458.0,2,-4.0,
base,active,,963458.0,963502.0,1,-1.0,
base,active,,963458.0,966158.0,53 54 55 56 57 64 65 66 67 68 69 70 71 88 89 90 91 92 93 94 95 96 97 98 105 106 107 109 110 126 127,-1.0,
base,switching_on,,963458.0,966158.0,2,-3.0,
base,active,963502.0,963502.0,963520.0,1,40359.0,False
base,active,,963520.0,963820.0,1,-1.0,
base,sleeping,,963615.0,963675.0,9,-4.0,
base,sleeping,,963615.0,963821.0,8,-4.0,
base,switching_on,,963675.0,966375.0,9,-3.0,
base,sleeping,,963696.0,963731.0,12,-4.0,
base,sleeping,,963696.0,963821.0,10 11,-4.0,
base,switching_on,,963731.0,966431.0,12,-3.0,
base,sleeping,,963744.0,963821.0,13,-4.0,
base,switching_off,,963820.0,965620.0,1,-2.0,
base,active,962367.0,963821.0,963883.0,84 85 86 87 99 100 101 102,40339.0,False
base,active,962438.0,963821.0,963883.0,76 77 78 79 80 81 82 83,40340.0,False
base,active,962509.0,963821.0,963894.0,6 7 62 63 72 73 74 75,40341.0,False
base,active,,963821.0,966521.0,103 104 108 113,-1.0,
base,switching_on,,963821.0,966521.0,8 10 11 13,-3.0,
base,active,,963821.0,966556.0,0 3 4 5,-1.0,
base,switching_on,,963856.0,966556.0,14 15 16 17,-3.0,
base,active,962795.0,963883.0,963943.0,84 85 86 87 99 100 101 102,40345.0,False
base,active,962861.0,963883.0,963952.0,76 77 78 79 80 81 82 83,40346.0,False
base,active,962938.0,963894.0,964501.0,6 7 62 63 72 73 74 75,40348.0,False
base,active,960743.0,963912.0,964913.0,36 37 38 111,40314.0,False
base,sleeping,,963918.0,963943.0,26 27 28 29,-4.0,
base,active,,963943.0,963952.0,84 85 86 87,-1.0,
base,active,,963943.0,966643.0,99 100 101 102,-1.0,
base,switching_on,,963943.0,966643.0,26 27 28 29,-3.0,
base,active,963116.0,963952.0,964040.0,80 81 82 83 84 85 86 87,40351.0,False
base,active,,963952.0,964050.0,79,-1.0,
base,active,,963952.0,964085.0,76 77 78,-1.0,
base,active,961188.0,963983.0,964264.0,120 121 122 123,40322.0,False
base,active,963136.0,964040.0,964447.0,80 81 82 83 84 85 86 87,40352.0,False
base,active,964050.0,964050.0,964078.0,79,40366.0,False
base,active,,964078.0,964085.0,79,-1.0,
base,active,964085.0,964085.0,965183.0,76 77 78 79,40367.0,False
base,active,960872.0,964215.0,964409.0,44 45 46 47 48 49 118 119,40317.0,False
base,active,964107.0,964264.0,965342.0,122 123,40368.0,False
base,active,,964264.0,967109.0,120 121,-1.0,
base,sleeping,,964318.0,964409.0,18 19 20,-4.0,
base,active,,964409.0,964501.0,47 48,-1.0,
base,active,,964409.0,964709.0,44 45 46,-1.0,
base,active,,964409.0,967109.0,49 118 119,-1.0,
base,switching_on,,964409.0,967109.0,18 19 20,-3.0,
base,active,963478.0,964447.0,964575.0,80 81 82 83 84 85 86 87,40358.0,False
base,active,,964501.0,964801.0,6 7,-1.0,
base,active,963866.0,964501.0,965168.0,47 48 62 63 72 73 74 75,40364.0,False
base,active,961873.0,964573.0,965518.0,32 33 112 114,40333.0,False
base,active,,964575.0,964875.0,80 81 82 83 84 85 86 87,-1.0,
base,sleeping,,964583.0,964807.0,58,-4.0,
base,sleeping,,964583.0,965057.0,42 43,-4.0,
base,switching_off,,964709.0,966509.0,44 45 46,-2.0,
base,switching_off,,964801.0,966601.0,6 7,-2.0,
base,switching_on,,964807.0,967507.0,58,-3.0,
base,sleeping,,964847.0,965057.0,59,-4.0,
base,switching_off,,964875.0,966675.0,80 81 82 83 84 85 86 87,-2.0,
base,sleeping,,964890.0,965057.0,50 115 116 117,-4.0,
base,active,,964913.0,965213.0,36 37 38 111,-1.0,
base,active,962095.0,964918.0,964994.0,21 22 23 24 25 34 35 41,40336.0,False
base,sleeping,,964920.0,965057.0,31,-4.0,
base,sleeping,,964920.0,965376.0,30,-4.0,
base,active,,964994.0,965294.0,21 22 23 24 25 34 35 41,-1.0,
base,switching_on,,965057.0,967757.0,31 42 43 50 59 115 116 117,-3.0,
base,active,,965168.0,965388.0,62 63 72 73 74 75,-1.0,
base,active,,965168.0,965468.0,47 48,-1.0,
base,active,962183.0,965183.0,965251.0,39 40 51 52 60 61 124 125,40337.0,False
base,active,,965183.0,965388.0,76,-1.0,
base,active,,965183.0,968076.0,77 78 79,-1.0,
base,switching_off,,965213.0,967013.0,36 37 38 111,-2.0,
base,active,,965251.0,965388.0,61,-1.0,
base,active,,965251.0,965551.0,39 40 51 52 60,-1.0,
base,active,,965251.0,968076.0,124 125,-1.0,
base,switching_off,,965294.0,967094.0,21 22 23 24 25 34 35 41,-2.0,
base,active,,965342.0,968076.0,122 123,-1.0,
base,switching_on,,965376.0,968076.0,30,-3.0,
base,active,965388.0,965388.0,965443.0,61 62 63 72 73 74 75 76,40379.0,False
base,active,,965443.0,965477.0,61 62 63 72 73 74 75 76,-1.0,
base,switching_off,,965468.0,967268.0,47 48,-2.0,
base,active,965477.0,965477.0,965539.0,61 62 63 72 73 74 75 76,40381.0,False
base,active,,965518.0,965552.0,112 114,-1.0,
base,active,,965518.0,965818.0,32 33,-1.0,
base,active,,965539.0,965552.0,63 72 73 74 75 76,-1.0,
base,active,,965539.0,965839.0,61 62,-1.0,
base,switching_off,,965551.0,967351.0,39 40 51 52 60,-2.0,
base,active,965552.0,965552.0,965609.0,63 72 73 74 75 76 112 114,40383.0,False
base,active,965583.0,965609.0,965746.0,63 72 73 74 75 76 112 114,40384.0,False
base,sleeping,,965620.0,965746.0,1,-4.0,
base,active,,965746.0,966046.0,63,-1.0,
base,active,,965746.0,968446.0,72 73 74 75 76 112 114,-1.0,
base,switching_on,,965746.0,968446.0,1,-3.0,
base,switching_off,,965818.0,967618.0,32 33,-2.0,
base,switching_off,,965839.0,967639.0,61 62,-2.0,
base,switching_off,,966046.0,967846.0,63,-2.0,
base,active,961087.0,966158.0,966914.0,2 53 54 55 56 57 64 65 66 67 68 69 70 71 88 89 90 91 92 93 94 95 96 97 98 105 106 107 109 110 126 127,40319.0,False
base,active,963675.0,966375.0,966418.0,9,40361.0,False
base,active,,966418.0,966579.0,9,-1.0,
base,active,963731.0,966431.0,966470.0,12,40362.0,False
base,active,,966470.0,966579.0,12,-1.0,
base,sleeping,,966509.0,966579.0,44 45 46,-4.0,
base,active,962302.0,966521.0,966579.0,8 10 11 13 103 104 108 113,40338.0,False
base,active,962627.0,966556.0,966618.0,0 3 4 5 14 15 16 17,40343.0,False
base,active,965830.0,966579.0,968770.0,9 10 11 12,40390.0,False
base,active,,966579.0,969279.0,13 103 104 108 113,-1.0,
base,switching_on,,966579.0,969279.0,44 45 46,-3.0,
base,active,,966579.0,969318.0,8,-1.0,
base,sleeping,,966601.0,966618.0,6 7,-4.0,
base,active,,966618.0,966724.0,3 4,-1.0,
base,active,,966618.0,966918.0,0,-1.0,
base,active,,966618.0,969318.0,5 14 15 16 17,-1.0,
base,switching_on,,966618.0,969318.0,6 7,-3.0,
base,active,962962.0,966643.0,966700.0,26 27 28 29 99 100 101 102,40349.0,False
base,switching_on,,966675.0,969375.0,80 81 82 83 84 85 86 87,-3.0,
base,active,965840.0,966700.0,966802.0,26 27 28 29 99 100 101 102,40391.0,False
base,active,966724.0,966724.0,967808.0,3 4,40408.0,False
base,active,965933.0,966802.0,966873.0,26 27 28 29 99 100 101 102,40392.0,False
base,active,965945.0,966873.0,966963.0,26 27 28 29 99 100 101 102,40393.0,False
base,active,962902.0,966914.0,967558.0,2 53 54 55 56 57 64 65 66 67 68 69 70 71 88 89 90 91 92 93 94 95 96 97 98 105 106 107 109 110 126 127,40347.0,False
base,switching_off,,966918.0,968718.0,0,-2.0,
base,active,966015.0,966963.0,967029.0,26 27 28 29 99 100 101 102,40396.0,False
base,switching_on,,967013.0,969713.0,36 37 38 111,-3.0,
base,active,966050.0,967029.0,967109.0,26 27 28 29 99 100 101 102,40397.0,False
base,switching_on,,967094.0,969794.0,21 22 23 24 25 34 35 41,-3.0,
base,active,966146.0,967109.0,967117.0,26 27 28 29 99 100 101 102,40399.0,False
base,active,963231.0,967109.0,967179.0,18 19 20 49 118 119 120 121,40354.0,False
base,active,966174.0,967117.0,967123.0,26 27 28 29 99 100 101 102,40400.0,False
base,active,966194.0,967123.0,967177.0,26 27 28 29 99 100 101 102,40401.0,False
base,active,966491.0,967177.0,967830.0,26 27 28 29 99 100 101 102,40404.0,False
base,active,966932.0,967179.0,967242.0,18 19 20 49 118 119 120 121,40409.0,False
base,active,967013.0,967242.0,967348.0,18 19 20 49 118 119 120 121,40411.0,False
base,sleeping,,967268.0,967348.0,47 48,-4.0,
base,active,,967348.0,967648.0,18 19,-1.0,
base,active,,967348.0,970048.0,20 49 118 119 120 121,-1.0,
base,switching_on,,967348.0,970048.0,47 48,-3.0,
base,sleeping,,967351.0,967713.0,52 60,-4.0,
base,sleeping,,967351.0,967743.0,51,-4.0,
base,sleeping,,967351.0,967874.0,39 40,-4.0,
base,active,964807.0,967507.0,967527.0,58,40372.0,False
base,active,,967527.0,967558.0,58,-1.0,
base,active,,967558.0,967858.0,2,-1.0,
base,active,963536.0,967558.0,968810.0,53 54 55 56 57 58 64 65 66 67 68 69 70 71 88 89 90 91 92 93 94 95 96 97 98 105 106 107 109 110 126 127,40360.0,False
base,sleeping,,967618.0,967874.0,32 33,-4.0,
base,sleeping,,967639.0,967713.0,61 62,-4.0,
base,switching_off,,967648.0,969448.0,18 19,-2.0,
base,switching_on,,967713.0,970413.0,52 60 61 62,-3.0,
base,switching_on,,967743.0,970443.0,51,-3.0,
base,active,965057.0,967757.0,967832.0,31 42 43 50 59 115 116 117,40377.0,False
base,active,,967808.0,968108.0,3 4,-1.0,
base,active,,967830.0,968050.0,99 100 101 102,-1.0,
base,active,,967830.0,968130.0,26 27 28 29,-1.0,
base,active,,967832.0,968050.0,42 43 50 59,-1.0,
base,active,,967832.0,968132.0,31,-1.0,
base,active,,967832.0,970574.0,115 116 117,-1.0,
base,sleeping,,967846.0,967874.0,63,-4.0,
base,switching_off,,967858.0,969658.0,2,-2.0,
base,switching_on,,967874.0,970574.0,32 33 39 40 63,-3.0,
base,active,968050.0,968050.0,968166.0,42 43 50 59 99 100 101 102,40422.0,False
base,active,965376.0,968076.0,968142.0,30 77 78 79 122 123 124 125,40378.0,False
base,switching_off,,968108.0,969908.0,3 4,-2.0,
base,switching_off,,968130.0,969930.0,26 27 28 29,-2.0,
base,switching_off,,968132.0,969932.0,31,-2.0,
base,active,,968142.0,968378.0,122 123 124 125,-1.0,
base,active,,968142.0,968442.0,30 77 78 79,-1.0,
base,active,,968166.0,968466.0,42 43 50 59 99 100 101 102,-1.0,
base,active,968378.0,968378.0,968733.0,122 123 124 125,40427.0,False
base,switching_off,,968442.0,970242.0,30 77 78 79,-2.0,
base,active,965601.0,968446.0,968506.0,1 72 73 74 75 76 112 114,40385.0,False
base,switching_off,,968466.0,970266.0,42 43 50 59 99 100 101 102,-2.0,
base,active,,968506.0,968806.0,1 72 73 74 75 76 112 114,-1.0,
base,sleeping,,968718.0,968810.0,0,-4.0,
base,active,,968733.0,971510.0,122 123 124 125,-1.0,
base,active,,968770.0,969070.0,9 10 11 12,-1.0,
base,switching_off,,968806.0,970606.0,1 72 73 74 75 76 112 114,-2.0,
base,active,,968810.0,968977.0,54 55 56 57,-1.0,
base,active,,968810.0,969110.0,53,-1.0,
base,active,,968810.0,971510.0,58 64 65 66 67 68 69 70 71 88 89 90 91 92 93 94 95 96 97 98 105 106 107 109 110 126 127,-1.0,
base,switching_on,,968810.0,971510.0,0,-3.0,
base,active,968977.0,968977.0,969167.0,54 55 56 57,40433.0,False
base,switching_off,,969070.0,970870.0,9 10 11 12,-2.0,
base,switching_off,,969110.0,970910.0,53,-2.0,
base,active,,969167.0,969330.0,57,-1.0,
base,active,,969167.0,969467.0,54 55 56,-1.0,
base,active,965665.0,969279.0,969333.0,13 44 45 46 103 104 108 113,40386.0,False
base,active,965672.0,969318.0,969370.0,5 6 7 8 14 15 16 17,40387.0,False
base,active,969330.0,969330.0,969351.0,57,40435.0,False
base,active,,969333.0,969633.0,13 44 45 46 103 104 108 113,-1.0,
base,active,,969351.0,969651.0,57,-1.0,
base,active,,969370.0,969670.0,5 6 7 8 14 15 16 17,-1.0,
base,active,965721.0,969375.0,969469.0,80 81 82 83 84 85 86 87,40388.0,False
base,sleeping,,969448.0,970467.0,18 19,-4.0,
base,switching_off,,969467.0,971267.0,54 55 56,-2.0,
base,active,,969469.0,969769.0,80 81 82 83 84 85 86 87,-1.0,
base,switching_off,,969633.0,971433.0,13 44 45 46 103 104 108 113,-2.0,
base,switching_off,,969651.0,971451.0,57,-2.0,
base,sleeping,,969658.0,970467.0,2,-4.0,
base,switching_off,,969670.0,971470.0,5 6 7 8 14 15 16 17,-2.0,
base,active,966699.0,969713.0,970820.0,36 37 38 111,40407.0,False
base,switching_off,,969769.0,971569.0,80 81 82 83 84 85 86 87,-2.0,
base,active,966107.0,969794.0,969852.0,21 22 23 24 25 34 35 41,40398.0,False
base,active,,969852.0,970152.0,21 22 23 24 25 34 35 41,-1.0,
base,sleeping,,969908.0,970467.0,3 4,-4.0,
base,sleeping,,969930.0,970467.0,26 27 28 29,-4.0,
base,sleeping,,969932.0,970467.0,31,-4.0,
base,active,967228.0,970048.0,970354.0,20 47 48 49 118 119 120 121,40415.0,False
base,switching_off,,970152.0,971952.0,21 22 23 24 25 34 35 41,-2.0,
base,sleeping,,970242.0,970467.0,30 77 78 79,-4.0,
base,sleeping,,970266.0,970467.0,42 43 50 59 99 100 101 102,-4.0,
base,active,,970354.0,970654.0,20 47 48,-1.0,
base,active,,970354.0,973167.0,49 118 119 120 121,-1.0,
base,active,967713.0,970413.0,970467.0,52 60 61 62,40417.0,False
base,active,967743.0,970443.0,970463.0,51,40419.0,False
base,active,,970463.0,973167.0,51,-1.0,
base,active,,970467.0,973167.0,52 60 61 62,-1.0,
base,switching_on,,970467.0,973167.0,2 3 4 18 19 26 27 28 29 30 31 42 43 50 59 77 78 79 99 100 101 102,-3.0,
base,active,967874.0,970574.0,970636.0,32 33 39 40 63 115 116 117,40420.0,False
base,sleeping,,970606.0,970628.0,1 72 73 74 75 76 112 114,-4.0,
base,switching_on,,970628.0,973328.0,1 72 73 74 75 76 112 114,-3.0,
base,active,,970636.0,970732.0,117,-1.0,
base,active,,970636.0,970936.0,32 33 39 40 63 115 116,-1.0,
base,switching_off,,970654.0,972454.0,20 47 48,-2.0,
base,active,970732.0,970732.0,970752.0,117,40441.0,False
base,active,,970752.0,971052.0,117,-1.0,
base,active,,970820.0,971120.0,36 37 38 111,-1.0,
base,sleeping,,970870.0,971086.0,9 10 11 12,-4.0,
base,sleeping,,970910.0,971049.0,53,-4.0,
base,switching_off,,970936.0,972736.0,32 33 39 40 63 115 116,-2.0,
base,switching_on,,971049.0,973749.0,53,-3.0,
base,switching_off,,971052.0,972852.0,117,-2.0,
base,switching_on,,971086.0,973786.0,9 10 11 12,-3.0,
base,switching_off,,971120.0,972920.0,36 37 38 111,-2.0,
base,sleeping,,971267.0,971531.0,55,-4.0,
base,sleeping,,971267.0,972506.0,54,-4.0,
base,switching_on,,971267.0,973967.0,56,-3.0,
base,sleeping,,971433.0,971509.0,103 104 108 113,-4.0,
base,sleeping,,971433.0,972506.0,44 45 46,-4.0,
base,sleeping,,971433.0,974317.0,13,-4.0,
base,sleeping,,971451.0,971531.0,57,-4.0,
base,sleeping,,971470.0,974317.0,8 14 15 16 17,-4.0,
base,sleeping,,971470.0,974362.0,7,-4.0,
base,sleeping,,971470.0,975068.0,5 6,-4.0,
base,switching_on,,971509.0,974209.0,103 104 108 113,-3.0,
base,active,963835.0,971510.0,972206.0,0 58 64 65 66 67 68 69 70 71 88 89 90 91 92 93 94 95 96 97 98 105 106 107 109 110 122 123 124 125 126 127,40363.0,False
base,switching_on,,971531.0,974231.0,55 57,-3.0,
base,sleeping,,971569.0,971962.0,80 81 82 83 84 85 86 87,-4.0,
base,sleeping,,971952.0,972506.0,35 41,-4.0,
base,sleeping,,971952.0,974126.0,23 24 25 34,-4.0,
base,sleeping,,971952.0,974198.0,22,-4.0,
base,sleeping,,971952.0,974317.0,21,-4.0,
base,switching_on,,971962.0,974662.0,80 81 82 83 84 85 86 87,-3.0,
base,active,964876.0,972206.0,975068.0,0 58 64 65 66 67 68 69 70 71 88 89 90 91 92 93 94 95 96 97 98 105 106 107 109 110 122 123 124 125 126 127,40374.0,False
base,sleeping,,972454.0,972506.0,47 48,-4.0,
base,sleeping,,972454.0,974317.0,20,-4.0,
base,switching_on,,972506.0,975206.0,35 41 44 45 46 47 48 54,-3.0,
base,sleeping,,972736.0,974126.0,32 33 39 40 63 115 116,-4.0,
base,sleeping,,972852.0,974126.0,117,-4.0,
base,sleeping,,972920.0,974126.0,36 37 38 111,-4.0,
base,active,965548.0,973167.0,973340.0,2 3 4 18 19 26 27 28 29 30 31 42 43 49 50 51 52 59 60 61 62 77 78 79 99 100 101 102 118 119 120 121,40382.0,False
base,active,970628.0,973328.0,973844.0,1 72 73 74 75 76 112 114,40440.0,False
base,active,965748.0,973340.0,975613.0,2 3 4 18 19 26 27 28 29 30 31 42 43 49 50 51 52 59 60 61 62 77 78 79 99 100 101 102 118 119 120 121,40389.0,False
base,active,971049.0,973749.0,973766.0,53,40443.0,False
base,active,973469.0,973766.0,973783.0,53,40468.0,False
base,active,,973783.0,973886.0,53,-1.0,
base,active,971086.0,973786.0,973826.0,9 10 11 12,40444.0,False
base,active,,973826.0,974126.0,9 10 11 12,-1.0,
base,active,,973844.0,973886.0,72 73 74 75 76 112 114,-1.0,
base,active,,973844.0,974144.0,1,-1.0,
base,active,973886.0,973886.0,974160.0,53 72 73 74 75 76 112 114,40471.0,False
base,active,971240.0,973967.0,973974.0,56,40445.0,False
base,active,,973974.0,974274.0,56,-1.0,
base,switching_off,,974126.0,975926.0,9 10 11 12,-2.0,
base,switching_on,,974126.0,976826.0,23 24 25 32 33 34 36 37 38 39 40 63 111 115 116 117,-3.0,
base,switching_off,,974144.0,975944.0,1,-2.0,
base,active,,974160.0,974460.0,53 72 73 74 75 76 112 114,-1.0,
base,switching_on,,974198.0,976898.0,22,-3.0,
base,active,971509.0,974209.0,975269.0,103 104 108 113,40450.0,False
base,active,971531.0,974231.0,975272.0,55 57,40451.0,False
base,switching_off,,974274.0,976074.0,56,-2.0,
base,switching_on,,974317.0,977017.0,8 13 14 15 16 17 20 21,-3.0,
base,switching_on,,974362.0,977062.0,7,-3.0,
base,switching_off,,974460.0,976260.0,53 72 73 74 75 76 112 114,-2.0,
base,active,971962.0,974662.0,975149.0,80 81 82 83 84 85 86 87,40455.0,False
base,active,,975068.0,975223.0,58,-1.0,
base,active,,975068.0,975226.0,0,-1.0,
base,active,,975068.0,977768.0,64 65 66 67 68 69 70 71 88 89 90 91 92 93 94 95 96 97 98 105 106 107 109 110 122 123 124 125 126 127,-1.0,
base,switching_on,,975068.0,977768.0,5 6,-3.0,
base,active,,975149.0,975178.0,80 81 82 83 84 85 86 87,-1.0,
base,active,975178.0,975178.0,975775.0,80 81 82 83 84 85 86 87,40485.0,False
base,active,972506.0,975206.0,975452.0,35 41 44 45 46 47 48 54,40459.0,False
base,active,975223.0,975223.0,975242.0,58,40486.0,False
base,active,975226.0,975226.0,975256.0,0,40487.0,False
base,active,,975242.0,975542.0,58,-1.0,
base,active,,975256.0,975556.0,0,-1.0,
base,active,,975269.0,975452.0,113,-1.0,
base,active,,975269.0,975569.0,103 104 108,-1.0,
base,active,,975272.0,975572.0,55 57,-1.0,
base,active,975452.0,975452.0,975475.0,113,40488.0,False
base,active,,975452.0,975613.0,35 41 44 45 46 47 48 54,-1.0,
base,active,,975475.0,975613.0,113,-1.0,
base,switching_off,,975542.0,977342.0,58,-2.0,
base,switching_off,,975556.0,977356.0,0,-2.0,
base,switching_off,,975569.0,977369.0,103 104 108,-2.0,
base,switching_off,,975572.0,977372.0,55 57,-2.0,
base,active,,975613.0,975634.0,26 27 28 29,-1.0,
base,active,,975613.0,975655.0,18 19,-1.0,
base,active,,975613.0,975913.0,2 3 4,-1.0,
base,active,968236.0,975613.0,978424.0,30 31 35 41 42 43 44 45 46 47 48 49 50 51 52 54 59 60 61 62 77 78 79 99 100 101 102 113 118 119 120 121,40426.0,False
base,active,975634.0,975634.0,976693.0,26 27 28 29,40489.0,False
base,active,975655.0,975655.0,976695.0,18 19,40490.0,False
base,active,,975775.0,976075.0,80 81 82 83 84 85 86 87,-1.0,
base,switching_off,,975913.0,977713.0,2 3 4,-2.0,
base,sleeping,,975926.0,977142.0,9 10 11 12,-4.0,
base,sleeping,,975944.0,977142.0,1,-4.0,
base,sleeping,,976074.0,976141.0,56,-4.0,
base,switching_off,,976075.0,977875.0,80 81 82 83 84 85 86 87,-2.0,
base,switching_on,,976141.0,978841.0,56,-3.0,
base,sleeping,,976260.0,976608.0,114,-4.0,
base,sleeping,,976260.0,977142.0,53 72 73 74 75 76 112,-4.0,
base,switching_on,,976608.0,979308.0,114,-3.0,
base,active,,976693.0,976993.0,26 27 28 29,-1.0,
base,active,,976695.0,976995.0,18 19,-1.0,
base,active,973426.0,976826.0,977005.0,23 24 25 32 33 34 36 37 38 39 40 63 111 115 116 117,40467.0,False
base,active,974198.0,976898.0,976921.0,22,40472.0,False
base,active,,976921.0,979842.0,22,-1.0,
base,switching_off,,976993.0,978793.0,26 27 28 29,-2.0,
base,switching_off,,976995.0,978795.0,18 19,-2.0,
base,active,,977005.0,979842.0,23 24 25 32 33 34 36 37 38 39 40 63 111 115 116 117,-1.0,
base,active,974317.0,977017.0,977142.0,8 13 14 15 16 17 20 21,40476.0,False
base,active,974362.0,977062.0,977083.0,7,40478.0,False
base,active,,977083.0,977383.0,7,-1.0,
base,active,,977142.0,977251.0,16,-1.0,
base,active,,977142.0,977442.0,8 13 14 15,-1.0,
base,active,,977142.0,979842.0,17 20 21,-1.0,
base,switching_on,,977142.0,979842.0,1 9 10 11 12 53 72 73 74 75 76 112,-3.0,
base,active,977251.0,977251.0,977268.0,16,40495.0,False
base,active,,977268.0,977568.0,16,-1.0,
base,sleeping,,977342.0,978458.0,58,-4.0,
base,sleeping,,977356.0,978458.0,0,-4.0,
base,sleeping,,977369.0,978458.0,103 104 108,-4.0,
base,sleeping,,977372.0,978458.0,55 57,-4.0,
base,switching_off,,977383.0,979183.0,7,-2.0,
base,switching_off,,977442.0,979242.0,8 13 14 15,-2.0,
base,switching_off,,977568.0,979368.0,16,-2.0,
base,sleeping,,977713.0,978458.0,2 3 4,-4.0,
base,active,966451.0,977768.0,978458.0,5 6 64 65 66 67 68 69 70 71 88 89 90 91 92 93 94 95 96 97 98 105 106 107 109 110 122 123 124 125 126 127,40403.0,False
base,sleeping,,977875.0,978458.0,80 81 82 83 84 85 86 87,-4.0,
base,active,971314.0,978424.0,981305.0,30 31 35 41 42 43 44 45 46 47 48 49 50 51 52 54 59 60 61 62 77 78 79 99 100 101 102 113 118 119 120 121,40446.0,False
base,active,,978458.0,978758.0,5 6 64 65 66 67 68 69 70 71 88 89 90 91 92 93 94 95,-1.0,
base,active,,978458.0,981158.0,96 97 98 105 106 107 109 110 122 123 124 125 126 127,-1.0,
base,switching_on,,978458.0,981158.0,0 2 3 4 55 57 58 80 81 82 83 84 85 86 87 103 104 108,-3.0,
base,switching_off,,978758.0,980558.0,5 6 64 65 66 67 68 69 70 71 88 89 90 91 92 93 94 95,-2.0,
base,sleeping,,978793.0,979500.0,29,-4.0,
base,sleeping,,978793.0,979785.0,26 27 28,-4.0,
base,sleeping,,978795.0,979785.0,19,-4.0,
base,sleeping,,978795.0,979802.0,18,-4.0,
base,active,976141.0,978841.0,978861.0,56,40491.0,False
base,active,,978861.0,979161.0,56,-1.0,
base,switching_off,,979161.0,980961.0,56,-2.0,
base,sleeping,,979183.0,980389.0,7,-4.0,
base,sleeping,,979242.0,980064.0,8 13 14 15,-4.0,
base,active,976608.0,979308.0,979326.0,114,40494.0,False
base,active,,979326.0,979626.0,114,-1.0,
base,sleeping,,979368.0,979857.0,16,-4.0,
base,switching_on,,979500.0,982200.0,29,-3.0,
base,switching_off,,979626.0,981426.0,114,-2.0,
base,switching_on,,979785.0,982485.0,19 26 27 28,-3.0,
base,switching_on,,979802.0,982502.0,18,-3.0,
base,active,970597.0,979842.0,980389.0,1 9 10 11 12 17 20 21 22 23 24 25 32 33 34 36 37 38 39 40 53 63 72 73 74 75 76 111 112 115 116 117,40439.0,False
base,switching_on,,979857.0,982557.0,16,-3.0,
base,switching_on,,980064.0,982764.0,8 13 14 15,-3.0,
base,active,,980389.0,980689.0,1,-1.0,
base,active,,980389.0,983089.0,9 10 11 12 17 20 21 22 23 24 25 32 33 34 36 37 38 39 40 53 63 72 73 74 75 76 111 112 115 116 117,-1.0,
base,switching_on,,980389.0,983089.0,7,-3.0,
base,sleeping,,980558.0,980689.0,92 93 94 95,-4.0,
base,sleeping,,980558.0,981305.0,5 6 64 65 66 67 68 69 70 71 88 89 90 91,-4.0,
base,switching_off,,980689.0,982489.0,1,-2.0,
base,switching_on,,980689.0,983389.0,92 93 94 95,-3.0,
base,sleeping,,980961.0,981305.0,56,-4.0,
base,active,971930.0,981158.0,981676.0,0 2 3 4 55 57 58 80 81 82 83 84 85 86 87 96 97 98 103 104 105 106 107 108 109 110 122 123 124 125 126 127,40454.0,False
base,active,,981305.0,981605.0,30 31 35 41 42 43 44 45 46,-1.0,
base,active,979903.0,981305.0,983382.0,47 48,40504.0,False
base,active,979881.0,981305.0,983402.0,49 50 51 52,40503.0,False
base,active,,981305.0,984005.0,54 59 60 61 62 77 78 79 99 100 101 102 113 118 119 120 121,-1.0,
base,switching_on,,981305.0,984005.0,5 6 56 64 65 66 67 68 69 70 71 88 89 90 91,-3.0,
base,sleeping,,981426.0,981676.0,114,-4.0,
base,switching_off,,981605.0,983405.0,30 31 35 41 42 43 44 45 46,-2.0,
base,active,,981676.0,981976.0,0,-1.0,
base,active,,981676.0,984376.0,2 3 4 55 57 58 80 81 82 83 84 85 86 87 96 97 98 103 104 105 106 107 108 109 110 122 123 124 125 126 127,-1.0,
base,switching_on,,981676.0,984376.0,114,-3.0,
base,switching_off,,981976.0,983776.0,0,-2.0,
base,active,979500.0,982200.0,982214.0,29,40497.0,False
base,active,,982214.0,985189.0,29,-1.0,
base,active,979785.0,982485.0,982661.0,19 26 27 28,40500.0,False
base,switching_on,,982489.0,985189.0,1,-3.0,
base,active,979802.0,982502.0,982545.0,18,40501.0,False
base,active,,982545.0,982845.0,18,-1.0,
base,active,979857.0,982557.0,982576.0,16,40502.0,False
base,active,,982576.0,982876.0,16,-1.0,
base,active,982070.0,982661.0,982741.0,19 26 27 28,40518.0,False
base,active,,982741.0,983041.0,19 26 27 28,-1.0,
base,active,980064.0,982764.0,983284.0,8 13 14 15,40506.0,False
base,switching_off,,982845.0,984645.0,18,-2.0,
base,switching_off,,982876.0,984676.0,16,-2.0,
base,switching_off,,983041.0,984841.0,19 26 27 28,-2.0,
base,active,972459.0,983089.0,983095.0,7 9 10 11 12 17 20 21 22 23 24 25 32 33 34 36 37 38 39 40 53 63 72 73 74 75 76 111 112 115 116 117,40457.0,False
base,active,973862.0,983095.0,983392.0,7 9 10 11 12 17 20 21 22 23 24 25 32 33 34 36 37 38 39 40 53 63 72 73 74 75 76 111 112 115 116 117,40470.0,False
base,active,,983284.0,983392.0,13 14 15,-1.0,
base,active,,983284.0,983584.0,8,-1.0,
base,active,,983382.0,983392.0,47 48,-1.0,
base,active,980676.0,983389.0,984874.0,92 93 94 95,40512.0,False
base,active,974275.0,983392.0,983561.0,13 14 15 17 20 21 22 23 24 25 32 33 34 36 37 38 39 40 47 48 53 63 72 73 74 75 76 111 112 115 116 117,40475.0,False
base,active,,983392.0,983692.0,7 9 10 11 12,-1.0,
base,active,,983402.0,983561.0,49 50 51 52,-1.0,
base,sleeping,,983405.0,984285.0,30 31 35 41 42 43 44 45 46,-4.0,
base,active,,983561.0,983861.0,13 14 15 17,-1.0,
base,active,974352.0,983561.0,986457.0,20 21 22 23 24 25 32 33 34 36 37 38 39 40 47 48 49 50 51 52 53 63 72 73 74 75 76 111 112 115 116 117,40477.0,False
base,switching_off,,983584.0,985384.0,8,-2.0,
base,switching_off,,983692.0,985492.0,7 9 10 11 12,-2.0,
base,sleeping,,983776.0,984285.0,0,-4.0,
base,switching_off,,983861.0,985661.0,13 14 15 17,-2.0,
base,active,972471.0,984005.0,984285.0,5 6 54 56 59 60 61 62 64 65 66 67 68 69 70 71 77 78 79 88 89 90 91 99 100 101 102 113 118 119 120 121,40458.0,False
base,active,,984285.0,984585.0,5 6 54 56 59 60 61 62 64 65,-1.0,
base,active,,984285.0,986985.0,66 67 68 69 70 71 77 78 79 88 89 90 91 99 100 101 102 113 118 119 120 121,-1.0,
base,switching_on,,984285.0,986985.0,0 30 31 35 41 42 43 44 45 46,-3.0,
base,active,973157.0,984376.0,984602.0,2 3 4 55 57 58 80 81 82 83 84 85 86 87 96 97 98 103 104 105 106 107 108 109 110 114 122 123 124 125 126 127,40466.0,False
base,switching_off,,984585.0,986385.0,5 6 54 56 59 60 61 62 64 65,-2.0,
base,active,979721.0,984602.0,984840.0,2 3 4 55 57 58 80 81 82 83 84 85 86 87 96 97 98 103 104 105 106 107 108 109 110 114 122 123 124 125 126 127,40499.0,False
base,sleeping,,984645.0,984840.0,18,-4.0,
base,sleeping,,984676.0,984840.0,16,-4.0,
base,active,,984840.0,985140.0,2 3,-1.0,
base,active,,984840.0,987540.0,4 55 57 58 80 81 82 83 84 85 86 87 96 97 98 103 104 105 106 107 108 109 110 114 122 123 124 125 126 127,-1.0,
base,switching_on,,984840.0,987540.0,16 18,-3.0,
base,sleeping,,984841.0,995475.0,19 26 27 28,-4.0,
base,active,,984874.0,985174.0,92 93 94 95,-1.0,
base,switching_off,,985140.0,986940.0,2 3,-2.0,
base,switching_off,,985174.0,986974.0,92 93 94 95,-2.0,
base,active,982092.0,985189.0,985241.0,1 29,40519.0,False
base,active,,985241.0,985541.0,1 29,-1.0,
base,sleeping,,985384.0,995475.0,8,-4.0,
base,sleeping,,985492.0,995475.0,7 9 10 11 12,-4.0,
base,switching_off,,985541.0,987341.0,1 29,-2.0,
base,sleeping,,985661.0,995475.0,13 14 15 17,-4.0,
base,sleeping,,986385.0,995475.0,5 6 54 56 59 60 61 62 64 65,-4.0,
base,active,980611.0,986457.0,988018.0,20 21 22 23 24 25 32 33 34 36 37 38 39 40 47 48 49 50 51 52 53 63 72 73 74 75 76 111 112 115 116 117,40510.0,False
base,sleeping,,986940.0,995475.0,2 3,-4.0,
base,sleeping,,986974.0,995475.0,92 93 94 95,-4.0,
base,active,975131.0,986985.0,987627.0,0 30 31 35 41 42 43 44 45 46 66 67 68 69 70 71 77 78 79 88 89 90 91 99 100 101 102 113 118 119 120 121,40484.0,False
base,sleeping,,987341.0,995475.0,1 29,-4.0,
base,active,979988.0,987540.0,988135.0,4 16 18 55 57 58 80 81 82 83 84 85 86 87 96 97 98 103 104 105 106 107 108 109 110 114 122 123 124 125 126 127,40505.0,False
base,active,,987627.0,987927.0,0 30 31 35 41 42 43 44 45 46 66 67 68 69 70 71 77 78 79 88 89 90 91 99 100 101 102 113 118 119 120 121,-1.0,
base,switching_off,,987927.0,989727.0,0 30 31 35 41 42 43 44 45 46 66 67 68 69 70 71 77 78 79 88 89 90 91 99 100 101 102 113 118 119 120 121,-2.0,
base,active,,988018.0,988203.0,63 72 73 74 75,-1.0,
base,active,,988018.0,988257.0,52 53,-1.0,
base,active,,988018.0,988318.0,20 21 22 23 24 25 32 33 34 36 37 38 39 40 47 48 49 50 51,-1.0,
base,active,987965.0,988018.0,989996.0,76 111,40524.0,False
base,active,987941.0,988018.0,990017.0,112 115 116 117,40523.0,False
base,active,,988135.0,988203.0,58 80 81 82 83 84 85 86 87 96 97 98 103 104 105 106 107 108 109 110 114 122 123 124 125 126 127,-1.0,
base,active,,988135.0,988257.0,55 57,-1.0,
base,active,,988135.0,988435.0,4 16 18,-1.0,
base,active,988203.0,988203.0,992052.0,58 63 72 73 74 75 80 81 82 83 84 85 86 87 96 97 98 103 104 105 106 107 108 109 110 114 122 123 124 125 126 127,40526.0,False
base,active,988257.0,988257.0,992055.0,52 53 55 57,40527.0,False
base,switching_off,,988318.0,990118.0,20 21 22 23 24 25 32 33 34 36 37 38 39 40 47 48 49 50 51,-2.0,
base,switching_off,,988435.0,990235.0,4 16 18,-2.0,
base,sleeping,,989727.0,990666.0,121,-4.0,
base,sleeping,,989727.0,995475.0,0 30 31 35 41 42 43 44 45 46 66 67 68 69 70 71 77 78 79 88 89 90 91 99 100 101 102 113 118 119 120,-4.0,
base,active,,989996.0,990296.0,76 111,-1.0,
base,active,,990017.0,990317.0,112 115 116 117,-1.0,
base,sleeping,,990118.0,995475.0,20 21 22 23 24 25 32 33 34 36 37 38 39 40 47 48 49 50 51,-4.0,
base,sleeping,,990235.0,995475.0,4 16 18,-4.0,
base,switching_off,,990296.0,992096.0,76 111,-2.0,
base,switching_off,,990317.0,992117.0,112 115 116 117,-2.0,
base,switching_on,,990666.0,993366.0,121,-3.0,
base,active,,992052.0,992352.0,58 63 72 73 74 75 80 81 82 83 84 85 86 87 96 97 98 103 104 105 106 107 108 109 110 114 122 123 124 125 126 127,-1.0,
base,active,,992055.0,992355.0,52 53 55 57,-1.0,
base,sleeping,,992096.0,995475.0,76 111,-4.0,
base,sleeping,,992117.0,995475.0,112 115 116 117,-4.0,
base,switching_off,,992352.0,994152.0,58 63 72 73 74 75 80 81 82 83 84 85 86 87 96 97 98 103 104 105 106 107 108 109 110 114 122 123 124 125 126 127,-2.0,
base,switching_off,,992355.0,994155.0,52 53 55 57,-2.0,
base,active,990666.0,993366.0,993375.0,121,40537.0,False
base,active,,993375.0,993675.0,121,-1.0,
base,switching_off,,993675.0,995475.0,121,-2.0,
base,sleeping,,994152.0,995475.0,58 63 72 73 74 75 80 81 82 83 84 85 86 87 96 97 98 103 104 105 106 107 108 109 110 114 122 123 124 125 126 127,-4.0,
base,sleeping,,994155.0,995475.0,52 53 55 57,-4.0,
base,switching_on,,995475.0,998175.0,0 1 2 3 4 5 6 7 8 9 10 11 12 13 14 15 16 17 18 19 20 21 22 23 24 25 26 27 28 29 30 31 32 33 34 35 36 37 38 39 40 41 42 43 44 45 46 47 48 49 50 51 52 53 54 55 56 57 58 59 60 61 62 63 64 65 66 67 68 69 70 71 72 73 74 75 76 77 78 79 80 81 82 83 84 85 86 87 88 89 90 91 92 93 94 95 96 97 98 99 100 101 102 103 104 105 106 107 108 109 110 111 112 113 114 115 116 117 118 119 120 121 122 123 124 125 126 127,-3.0,
base,active,916319.0,998175.0,998290.0,0 1 2 3 4 5 6 7 8 9 10 11 12 13 14 15 16 17 18 19 20 21 22 23 24 25 26 27 28 29 30 31 32 33 34 35 36 37 38 39 40 41 42 43 44 45 46 47 48 49 50 51 52 53 54 55 56 57 58 59 60 61 62 63 64 65 66 67 68 69 70 71 72 73 74 75 76 77 78 79 80 81 82 83 84 85 86 87 88 89 90 91 92 93 94 95 96 97 98 99 100 101 102 103 104 105 106 107 108 109 110 111 112 113 114 115 116 117 118 119 120 121 122 123 124 125 126 127,39938.0,False
base,active,976466.0,998290.0,1003963.0,116 117 118 119 120 121 122 123,40493.0,False
base,active,992417.0,998290.0,1007885.0,124 125 126 127,40552.0,False
base,active,955569.0,998290.0,1008401.0,108 109 110 111,40270.0,False
base,active,916439.0,998290.0,1008456.0,0 1 2 3 4 5 6 7 8 9 10 11 12 13 14 15 16 17 18 19 20 21 22 23 24 25 26 27 28 29 30 31 32 33 34 35 36 37 38 39 40 41 42 43 44 45 46 47 48 49 50 51 52 53 54 55 56 57 58 59 60 61 62 63,39939.0,False
base,active,968128.0,998290.0,1009789.0,112 113 114 115,40424.0,False
base,active,927735.0,998290.0,1013885.0,100 101 102 103 104 105 106 107,40031.0,False
base,active,916688.0,998290.0,1026828.0,96 97 98 99,39941.0,False
base,active,916619.0,998290.0,1026896.0,64 65 66 67 68 69 70 71 72 73 74 75 76 77 78 79 80 81 82 83 84 85 86 87 88 89 90 91 92 93 94 95,39940.0,False
base,active,,1003963.0,1004263.0,120 121 122 123,-1.0,
base,active,1002374.0,1003963.0,1033003.0,116 117 118 119,40627.0,False
base,switching_off,,1004263.0,1006063.0,120 121 122 123,-2.0,
base,sleeping,,1006063.0,1022962.0,120 121 122 123,-4.0,
base,active,,1007885.0,1008185.0,124 125 126 127,-1.0,
base,switching_off,,1008185.0,1009985.0,124 125 126 127,-2.0,
base,active,,1008401.0,1008701.0,108 109 110 111,-1.0,
base,active,938882.0,1008456.0,1015323.0,32 33 34 35 36 37 38 39 40 41 42 43 44 45 46 47 48 49 50 51 52 53 54 55 56 57 58 59 60 61 62 63,40114.0,False
base,active,927712.0,1008456.0,1024073.0,0 1 2 3 4 5 6 7 8 9 10 11 12 13 14 15 16 17 18 19 20 21 22 23 24 25 26 27 28 29 30 31,40030.0,False
base,switching_off,,1008701.0,1010501.0,108 109 110 111,-2.0,
base,active,,1009789.0,1010089.0,112 113 114 115,-1.0,
base,sleeping,,1009985.0,1022962.0,124 125 126 127,-4.0,
base,switching_off,,1010089.0,1011889.0,112 113 114 115,-2.0,
base,sleeping,,1010501.0,1019485.0,108 109,-4.0,
base,sleeping,,1010501.0,1022962.0,110 111,-4.0,
base,sleeping,,1011889.0,1022962.0,112 113 114 115,-4.0,
base,active,,1013885.0,1014185.0,100 101 102 103 104 105 106 107,-1.0,
base,switching_off,,1014185.0,1015985.0,100 101 102 103 104 105 106 107,-2.0,
base,active,955507.0,1015323.0,1025498.0,32 33 34 35 36 37 38 39 40 41 42 43 44 45 46 47 48 49 50 51 52 53 54 55 56 57 58 59 60 61 62 63,40269.0,False
base,sleeping,,1015985.0,1016070.0,100,-4.0,
base,sleeping,,1015985.0,1016966.0,101,-4.0,
base,sleeping,,1015985.0,1019485.0,102 103 104 105 106 107,-4.0,
base,switching_on,,1016070.0,1018770.0,100,-3.0,
base,switching_on,,1016966.0,1019666.0,101,-3.0,
base,active,1016070.0,1018770.0,1019640.0,100,40638.0,False
base,switching_on,,1019485.0,1022185.0,102 103 104 105 106 107 108 109,-3.0,
base,active,,1019640.0,1019940.0,100,-1.0,
base,active,1016966.0,1019666.0,1019696.0,101,40648.0,False
base,active,,1019696.0,1019996.0,101,-1.0,
base,switching_off,,1019940.0,1021740.0,100,-2.0,
base,switching_off,,1019996.0,1021796.0,101,-2.0,
base,sleeping,,1021740.0,1022962.0,100,-4.0,
base,sleeping,,1021796.0,1022962.0,101,-4.0,
base,active,1019485.0,1022185.0,1040137.0,102 103 104 105 106 107 108 109,40653.0,False
base,switching_on,,1022962.0,1025662.0,100 101 110 111 112 113 114 115 120 121 122 123 124 125 126 127,-3.0,
base,active,968051.0,1024073.0,1035649.0,0 1 2 3 4 5 6 7 8 9 10 11 12 13 14 15 16 17 18 19 20 21 22 23 24 25 26 27 28 29 30 31,40423.0,False
base,active,976440.0,1025498.0,1031197.0,32 33 34 35 36 37 38 39 40 41 42 43 44 45 46 47 48 49 50 51 52 53 54 55 56 57 58 59 60 61 62 63,40492.0,False
base,active,1022962.0,1025662.0,1025719.0,100 101 110 111 112 113 114 115 120 121 122 123 124 125 126 127,40665.0,False
base,active,1023228.0,1025719.0,1025793.0,100 101 110 111 112 113 114 115 120 121 122 123 124 125 126 127,40666.0,False
base,active,1024858.0,1025793.0,1025984.0,100 101 110 111 112 113 114 115 120 121 122 123 124 125 126 127,40668.0,False
base,active,1024876.0,1025984.0,1026000.0,100,40669.0,False
base,active,1025800.0,1025984.0,1026003.0,113,40674.0,False
base,active,1025042.0,1025984.0,1026046.0,101 110 111 112,40670.0,False
base,active,,1025984.0,1026284.0,114 115 120 121 122 123 124 125 126 127,-1.0,
base,active,,1026000.0,1026300.0,100,-1.0,
base,active,,1026003.0,1026303.0,113,-1.0,
base,active,,1026046.0,1026346.0,101 110 111 112,-1.0,
base,switching_off,,1026284.0,1028084.0,114 115 120 121 122 123 124 125 126 127,-2.0,
base,switching_off,,1026300.0,1028100.0,100,-2.0,
base,switching_off,,1026303.0,1028103.0,113,-2.0,
base,switching_off,,1026346.0,1028146.0,101 110 111 112,-2.0,
base,active,,1026828.0,1026896.0,96 97 98 99,-1.0,
base,active,1014484.0,1026896.0,1026926.0,68 69 70 71 72 73 74 75 76 77 78 79 80 81 82 83 84 85 86 87 88 89 90 91 92 93 94 95 96 97 98 99,40630.0,False
base,active,,1026896.0,1027196.0,64 65 66 67,-1.0,
base,active,1023320.0,1026926.0,1027009.0,68 69 70 71 72 73 74 75 76 77 78 79 80 81 82 83 84 85 86 87 88 89 90 91 92 93 94 95 96 97 98 99,40667.0,False
base,active,1025142.0,1027009.0,1027081.0,68 69 70 71 72 73 74 75 76 77 78 79 80 81 82 83 84 85 86 87 88 89 90 91 92 93 94 95 96 97 98 99,40671.0,False
base,active,1025339.0,1027081.0,1027110.0,68 69 70 71 72 73 74 75 76 77 78 79 80 81 82 83 84 85 86 87 88 89 90 91 92 93 94 95 96 97 98 99,40672.0,False
base,active,,1027110.0,1027410.0,68 69 70 71 72 73 74 75 76 77 78 79 80 81 82 83 84 85 86 87 88 89 90 91 92 93 94 95 96 97 98 99,-1.0,
base,switching_off,,1027196.0,1028996.0,64 65 66 67,-2.0,
base,switching_off,,1027410.0,1029210.0,68 69 70 71 72 73 74 75 76 77 78 79 80 81 82 83 84 85 86 87 88 89 90 91 92 93 94 95 96 97 98 99,-2.0,
base,sleeping,,1028084.0,1028103.0,126 127,-4.0,
base,switching_on,,1028084.0,1030784.0,114 115 120 121 122 123 124 125,-3.0,
base,sleeping,,1028100.0,1028103.0,100,-4.0,
base,switching_on,,1028103.0,1030803.0,100 113 126 127,-3.0,
base,sleeping,,1028146.0,1028367.0,101 110 111 112,-4.0,
base,switching_on,,1028367.0,1031067.0,101 110 111 112,-3.0,
base,sleeping,,1028996.0,1031197.0,64 65 66 67,-4.0,
base,sleeping,,1029210.0,1031197.0,68 69 70 71 72 73 74 75 76 77 78 79 80 81 82 83 84 85 86 87 88 89 90 91 92 93 94 95,-4.0,
base,sleeping,,1029210.0,1031526.0,96,-4.0,
base,sleeping,,1029210.0,1031563.0,97,-4.0,
base,sleeping,,1029210.0,1032696.0,98,-4.0,
base,sleeping,,1029210.0,1033091.0,99,-4.0,
base,active,1027550.0,1030784.0,1030836.0,114 115 120 121 122 123 124 125,40689.0,False
base,active,1027669.0,1030803.0,1030845.0,100 113 126 127,40692.0,False
base,active,1029735.0,1030836.0,1030840.0,123,40707.0,False
base,active,1029967.0,1030836.0,1030841.0,124,40708.0,False
base,active,1030008.0,1030836.0,1030852.0,125,40710.0,False
base,active,1029137.0,1030836.0,1030857.0,115,40702.0,False
base,active,1029222.0,1030836.0,1030857.0,121,40704.0,False
base,active,1029668.0,1030836.0,1030857.0,122,40706.0,False
base,active,1028988.0,1030836.0,1030860.0,114,40699.0,False
base,active,1029202.0,1030836.0,1030862.0,120,40703.0,False
base,active,1030011.0,1030840.0,1030861.0,123,40711.0,False
base,active,1030041.0,1030841.0,1030863.0,124,40712.0,False
base,active,,1030845.0,1030852.0,113 126 127,-1.0,
base,active,1030440.0,1030845.0,1030854.0,100,40716.0,False
base,active,1030645.0,1030852.0,1030896.0,113 125 126 127,40720.0,False
base,active,,1030854.0,1030857.0,100,-1.0,
base,active,1030796.0,1030857.0,1030883.0,100 115 121 122,40722.0,False
base,active,,1030860.0,1030883.0,114,-1.0,
base,active,,1030861.0,1030883.0,123,-1.0,
base,active,,1030862.0,1030883.0,120,-1.0,
base,active,,1030863.0,1030883.0,124,-1.0,
base,active,1030205.0,1030883.0,1031558.0,100 114 115 120 121 122 123 124,40714.0,False
base,active,,1030896.0,1030919.0,113 125 126 127,-1.0,
base,active,1030919.0,1030919.0,1030966.0,113 125 126 127,40723.0,False
base,active,,1030966.0,1031095.0,113 125 126 127,-1.0,
base,active,1028367.0,1031067.0,1031121.0,101 110 111 112,40694.0,False
base,active,1031095.0,1031095.0,1031124.0,113 125 126 127,40726.0,False
base,active,,1031121.0,1031124.0,101 110 111 112,-1.0,
base,active,1030930.0,1031124.0,1031760.0,101 110 111 112 113 125 126 127,40724.0,False
base,active,,1031197.0,1033897.0,32 33 34 35 36 37 38 39 40 41 42 43 44 45 46 47 48 49 50 51 52 53 54 55 56 57 58 59 60 61 62 63,-1.0,
base,switching_on,,1031197.0,1033897.0,64 65 66 67 68 69 70 71 72 73 74 75 76 77 78 79 80 81 82 83 84 85 86 87 88 89 90 91 92 93 94 95,-3.0,
base,switching_on,,1031526.0,1034226.0,96,-3.0,
base,active,,1031558.0,1031858.0,100 114 115 120 121 122 123 124,-1.0,
base,switching_on,,1031563.0,1034263.0,97,-3.0,
base,active,,1031760.0,1032060.0,101 110 111 112 113 125 126 127,-1.0,
base,switching_off,,1031858.0,1033658.0,100 114 115 120 121 122 123 124,-2.0,
base,switching_off,,1032060.0,1033860.0,101 110 111 112 113 125 126 127,-2.0,
base,switching_on,,1032696.0,1035396.0,98,-3.0,
base,active,,1033003.0,1033303.0,116 117 118 119,-1.0,
base,switching_on,,1033091.0,1035791.0,99,-3.0,
base,switching_off,,1033303.0,1035103.0,116 117 118 119,-2.0,
base,switching_on,,1033658.0,1036358.0,100 114 115 120 121 122 123 124,-3.0,
base,switching_on,,1033860.0,1036560.0,101 110 111 112 113 125 126 127,-3.0,
base,active,982148.0,1033897.0,1043796.0,32 33 34 35 36 37 38 39 40 41 42 43 44 45 46 47 48 49 50 51 52 53 54 55 56 57 58 59 60 61 62 63 64 65 66 67 68 69 70 71 72 73 74 75 76 77 78 79 80 81 82 83 84 85 86 87 88 89 90 91 92 93 94 95,40521.0,False
base,active,1031526.0,1034226.0,1034242.0,96,40731.0,False
base,active,1034217.0,1034242.0,1034269.0,96,40760.0,False
base,active,1031563.0,1034263.0,1034282.0,97,40732.0,False
base,active,,1034269.0,1034569.0,96,-1.0,
base,active,,1034282.0,1034576.0,97,-1.0,
base,switching_off,,1034569.0,1036369.0,96,-2.0,
base,active,1034576.0,1034576.0,1034597.0,97,40768.0,False
base,active,,1034597.0,1034808.0,97,-1.0,
base,active,1034808.0,1034808.0,1034815.0,97,40771.0,False
base,active,,1034815.0,1035115.0,97,-1.0,
base,switching_on,,1035103.0,1037803.0,116 117 118 119,-3.0,
base,switching_off,,1035115.0,1036915.0,97,-2.0,
base,active,1032696.0,1035396.0,1035413.0,98,40747.0,False
base,active,1035267.0,1035413.0,1035438.0,98,40775.0,False
base,active,1035276.0,1035438.0,1035456.0,98,40776.0,False
base,active,,1035456.0,1035649.0,98,-1.0,
base,active,1033575.0,1035649.0,1035668.0,1 2 3 4,40751.0,False
base,active,1031972.0,1035649.0,1035687.0,29 30 31 98,40738.0,False
base,active,1032026.0,1035649.0,1035687.0,25 26 27 28,40739.0,False
base,active,1032746.0,1035649.0,1035690.0,5 6 7 8,40748.0,False
base,active,1032661.0,1035649.0,1035737.0,9 10 11 12 13 14 15 16,40746.0,False
base,active,,1035649.0,1035949.0,0,-1.0,
base,active,1032499.0,1035649.0,1036286.0,17 18 19 20 21 22 23 24,40744.0,False
base,active,1033580.0,1035668.0,1036014.0,1 2 3 4,40752.0,False
base,active,1033724.0,1035687.0,1035730.0,29 30 31 98,40754.0,False
base,active,1033827.0,1035687.0,1035738.0,25 26 27 28,40755.0,False
base,active,1033977.0,1035690.0,1036052.0,5 6 7 8,40756.0,False
base,active,1034151.0,1035730.0,1035783.0,29 30 31 98,40757.0,False
base,active,1034213.0,1035737.0,1035789.0,13 14 15 16,40759.0,False
base,active,1034479.0,1035737.0,1037410.0,9 10 11 12,40766.0,False
base,active,1034485.0,1035738.0,1035758.0,25 26 27 28,40767.0,False
base,active,1034586.0,1035758.0,1035762.0,25 26 27 28,40769.0,False
base,active,1034618.0,1035762.0,1036074.0,25 26 27 28,40770.0,False
base,active,1034966.0,1035783.0,1035786.0,29 30 31 98,40772.0,False
base,active,1035144.0,1035786.0,1036129.0,29 30 31 98,40774.0,False
base,active,,1035789.0,1036089.0,13 14 15 16,-1.0,
base,active,1033091.0,1035791.0,1035797.0,99,40750.0,False
base,active,,1035797.0,1035862.0,99,-1.0,
base,active,1035862.0,1035862.0,1035871.0,99,40780.0,False
base,active,,1035871.0,1036118.0,99,-1.0,
base,switching_off,,1035949.0,1037749.0,0,-2.0,
base,active,,1036014.0,1036314.0,1 2 3 4,-1.0,
base,active,,1036052.0,1036352.0,5 6 7 8,-1.0,
base,active,,1036074.0,1036118.0,26 27 28,-1.0,
base,active,,1036074.0,1036374.0,25,-1.0,
base,switching_off,,1036089.0,1037889.0,13 14 15 16,-2.0,
base,active,1036118.0,1036118.0,1036266.0,26 27 28 99,40784.0,False
base,active,,1036129.0,1036272.0,30 31 98,-1.0,
base,active,,1036129.0,1036311.0,29,-1.0,
base,active,,1036266.0,1036272.0,99,-1.0,
base,active,,1036266.0,1036311.0,26 27 28,-1.0,
base,active,1036272.0,1036272.0,1038904.0,30 31 98 99,40787.0,False
base,active,,1036286.0,1036508.0,22 23 24,-1.0,
base,active,,1036286.0,1036519.0,18 19 20 21,-1.0,
base,active,,1036286.0,1036586.0,17,-1.0,
base,active,1036311.0,1036311.0,1036352.0,26 27 28 29,40788.0,False
base,switching_off,,1036314.0,1038114.0,1 2 3 4,-2.0,
base,active,,1036352.0,1036508.0,26,-1.0,
base,switching_off,,1036352.0,1038152.0,5 6 7 8,-2.0,
base,active,,1036352.0,1039090.0,27 28 29,-1.0,
base,active,1031624.0,1036358.0,1037011.0,100 114 115 120 121 122 123 124,40733.0,False
base,sleeping,,1036369.0,1036390.0,96,-4.0,
base,switching_off,,1036374.0,1038174.0,25,-2.0,
base,switching_on,,1036390.0,1039090.0,96,-3.0,
base,active,1036508.0,1036508.0,1036570.0,22 23 24 26,40790.0,False
base,active,1036519.0,1036519.0,1036606.0,18 19 20 21,40791.0,False
base,active,1031867.0,1036560.0,1036586.0,113 125 126 127,40736.0,False
base,active,1031755.0,1036560.0,1036596.0,101 110 111 112,40734.0,False
base,active,,1036570.0,1036854.0,22 23 24 26,-1.0,
base,active,,1036586.0,1036734.0,113 125 126 127,-1.0,
base,switching_off,,1036586.0,1038386.0,17,-2.0,
base,active,,1036596.0,1036734.0,101 110 111 112,-1.0,
base,active,,1036606.0,1036854.0,18 19 20 21,-1.0,
base,active,1036734.0,1036734.0,1036802.0,101 110 111 112 113 125 126 127,40793.0,False
base,active,,1036802.0,1036854.0,101 110 111 112 113 125 126 127,-1.0,
base,active,1036854.0,1036854.0,1036926.0,18 19 20 21 22 23 24 26 101 110 111 112 113 125 126 127,40794.0,False
base,sleeping,,1036915.0,1036928.0,97,-4.0,
base,active,,1036926.0,1037006.0,18 19 20 21 22 23 24 26 101 110 111 112 113 125 126 127,-1.0,
base,switching_on,,1036928.0,1039628.0,97,-3.0,
base,active,1037006.0,1037006.0,1037158.0,18 19 20 21 22 23 24 26 101 110 111 112 113 125 126 127,40796.0,False
base,active,,1037011.0,1037079.0,124,-1.0,
base,active,,1037011.0,1037101.0,123,-1.0,
base,active,,1037011.0,1037281.0,114 115 120 121 122,-1.0,
base,active,,1037011.0,1037311.0,100,-1.0,
base,active,1037079.0,1037079.0,1037120.0,124,40797.0,False
base,active,1037101.0,1037101.0,1037107.0,123,40798.0,False
base,active,,1037107.0,1037281.0,123,-1.0,
base,active,,1037120.0,1037242.0,124,-1.0,
base,active,,1037158.0,1037242.0,125 126 127,-1.0,
base,active,,1037158.0,1037281.0,112 113,-1.0,
base,active,,1037158.0,1037458.0,18 19 20 21 22 23 24 26 101 110 111,-1.0,
base,active,1037242.0,1037242.0,1037287.0,124 125 126 127,40801.0,False
base,active,1037281.0,1037281.0,1037340.0,112 113 114 115 120 121 122 123,40802.0,False
base,active,,1037287.0,1037391.0,124 125 126 127,-1.0,
base,switching_off,,1037311.0,1039111.0,100,-2.0,
base,active,,1037340.0,1037391.0,120 121 122 123,-1.0,
base,active,,1037340.0,1037412.0,112 113 114 115,-1.0,
base,active,1037391.0,1037391.0,1037457.0,120 121 122 123 124 125 126 127,40803.0,False
base,active,,1037410.0,1037710.0,9 10 11 12,-1.0,
base,active,1037412.0,1037412.0,1037471.0,112 113 114 115,40804.0,False
base,active,,1037457.0,1037510.0,120 121 122 123 124 125 126 127,-1.0,
base,switching_off,,1037458.0,1039258.0,18 19 20 21 22 23 24 26 101 110 111,-2.0,
base,active,,1037471.0,1037718.0,112 113 114 115,-1.0,
base,active,1037510.0,1037510.0,1037565.0,120 121 122 123 124 125 126 127,40805.0,False
base,active,,1037565.0,1037652.0,120 121 122 123 124 125 126 127,-1.0,
base,active,1037652.0,1037652.0,1037724.0,120 121 122 123 124 125 126 127,40808.0,False
base,switching_off,,1037710.0,1039510.0,9 10 11 12,-2.0,
base,active,1037718.0,1037718.0,1037780.0,112 113 114 115,40811.0,False
base,active,1037715.0,1037724.0,1037796.0,120 121 122 123 124 125 126 127,40810.0,False
base,sleeping,,1037749.0,1038698.0,0,-4.0,
base,active,,1037780.0,1038080.0,112 113 114 115,-1.0,
base,active,,1037796.0,1038096.0,120 121 122 123 124 125 126 127,-1.0,
base,active,1031901.0,1037803.0,1037829.0,116 117 118 119,40737.0,False
base,active,,1037829.0,1038129.0,116 117 118 119,-1.0,
base,sleeping,,1037889.0,1037966.0,16,-4.0,
base,sleeping,,1037889.0,1038007.0,14 15,-4.0,
base,sleeping,,1037889.0,1038583.0,13,-4.0,
base,switching_on,,1037966.0,1040666.0,16,-3.0,
base,switching_on,,1038007.0,1040707.0,14 15,-3.0,
base,switching_off,,1038080.0,1039880.0,112 113 114 115,-2.0,
base,switching_off,,1038096.0,1039896.0,120 121 122 123 124 125 126 127,-2.0,
base,sleeping,,1038114.0,1038583.0,2 3 4,-4.0,
base,sleeping,,1038114.0,1038698.0,1,-4.0,
base,switching_off,,1038129.0,1039929.0,116 117 118 119,-2.0,
base,sleeping,,1038152.0,1038583.0,5 6 7 8,-4.0,
base,sleeping,,1038174.0,1038351.0,25,-4.0,
base,switching_on,,1038351.0,1041051.0,25,-3.0,
base,sleeping,,1038386.0,1038535.0,17,-4.0,
base,switching_on,,1038535.0,1041235.0,17,-3.0,
base,switching_on,,1038583.0,1041283.0,2 3 4 5 6 7 8 13,-3.0,
base,switching_on,,1038698.0,1041398.0,0 1,-3.0,
base,active,,1038904.0,1039027.0,30 31 98 99,-1.0,
base,active,1039027.0,1039027.0,1039057.0,30 31 98 99,40826.0,False
base,active,1039038.0,1039057.0,1039080.0,30 31 98 99,40827.0,False
base,active,1039046.0,1039080.0,1039298.0,30 31 98 99,40828.0,False
base,active,1036390.0,1039090.0,1039135.0,27 28 29 96,40789.0,False
base,sleeping,,1039111.0,1039284.0,100,-4.0,
base,active,,1039135.0,1039298.0,27 28 29 96,-1.0,
base,sleeping,,1039258.0,1039284.0,22 23 24 26 101 110 111,-4.0,
base,sleeping,,1039258.0,1039425.0,18 19 20 21,-4.0,
base,switching_on,,1039284.0,1041984.0,22 23 24 26 100 101 110 111,-3.0,
base,active,1039226.0,1039298.0,1040204.0,27 28 29 30 31 96 98 99,40830.0,False
base,switching_on,,1039425.0,1042125.0,18 19 20 21,-3.0,
base,sleeping,,1039510.0,1039571.0,9 10 11 12,-4.0,
base,switching_on,,1039571.0,1042271.0,9 10 11 12,-3.0,
base,active,1036928.0,1039628.0,1039644.0,97,40795.0,False
base,active,,1039644.0,1039944.0,97,-1.0,
base,switching_on,,1039880.0,1042580.0,112 113 114 115,-3.0,
base,sleeping,,1039896.0,1039944.0,120 121 122 123,-4.0,
base,sleeping,,1039896.0,1040003.0,124 125 126 127,-4.0,
base,sleeping,,1039929.0,1039944.0,116 117 118 119,-4.0,
base,switching_off,,1039944.0,1041744.0,97,-2.0,
base,switching_on,,1039944.0,1042644.0,116 117 118 119 120 121 122 123,-3.0,
base,switching_on,,1040003.0,1042703.0,124 125 126 127,-3.0,
base,active,,1040137.0,1040398.0,102 103 104 105,-1.0,
base,active,,1040137.0,1040427.0,106 107,-1.0,
base,active,,1040137.0,1040437.0,108 109,-1.0,
base,active,,1040204.0,1040395.0,27 28 29 30 31 96 98 99,-1.0,
base,active,1040395.0,1040395.0,1040600.0,27 28 29 30 31 96 98 99,40846.0,False
base,active,1040398.0,1040398.0,1042602.0,102 103 104 105,40847.0,False
base,active,1040427.0,1040427.0,1042607.0,106 107,40848.0,False
base,switching_off,,1040437.0,1042237.0,108 109,-2.0,
base,active,,1040600.0,1040616.0,27,-1.0,
base,active,,1040600.0,1040661.0,28 29 30 31 96 98 99,-1.0,
base,active,1040616.0,1040616.0,1040661.0,27,40849.0,False
base,active,1040635.0,1040661.0,1040698.0,27 28 29 30 31 96 98 99,40850.0,False
base,active,1037966.0,1040666.0,1040672.0,16,40814.0,False
base,active,,1040672.0,1040713.0,16,-1.0,
base,active,,1040698.0,1040713.0,27 28 29 30 31 96 98,-1.0,
base,active,,1040698.0,1040998.0,99,-1.0,
base,active,1038007.0,1040707.0,1040849.0,14 15,40815.0,False
base,active,1040713.0,1040713.0,1040843.0,16 27 28 29 30 31 96 98,40852.0,False
base,active,,1040843.0,1041000.0,16 27 28 29 30 31,-1.0,
base,active,,1040843.0,1041143.0,96 98,-1.0,
base,active,,1040849.0,1041000.0,14 15,-1.0,
base,switching_off,,1040998.0,1042798.0,99,-2.0,
base,active,1041000.0,1041000.0,1041048.0,14 15 16 27 28 29 30 31,40853.0,False
base,active,,1041048.0,1041061.0,14 15 16 27 28 29 30 31,-1.0,
base,active,1038351.0,1041051.0,1041068.0,25,40819.0,False
base,active,1041061.0,1041061.0,1041187.0,14 15 16 27 28 29 30 31,40855.0,False
base,active,,1041068.0,1041242.0,25,-1.0,
base,switching_off,,1041143.0,1042943.0,96 98,-2.0,
base,active,,1041187.0,1041242.0,14 15 16 27 28 29 30,-1.0,
base,active,,1041187.0,1041487.0,31,-1.0,
base,active,1038535.0,1041235.0,1041257.0,17,40821.0,False
base,active,1041242.0,1041242.0,1041458.0,14 15 16 25 27 28 29 30,40858.0,False
base,active,,1041257.0,1041343.0,17,-1.0,
base,active,1038583.0,1041283.0,1041355.0,2 3 4 5 6 7 8 13,40822.0,False
base,active,1041343.0,1041343.0,1041369.0,17,40860.0,False
base,active,,1041355.0,1041655.0,2 3 4 5 6 7 8 13,-1.0,
base,active,,1041369.0,1041669.0,17,-1.0,
base,active,1038698.0,1041398.0,1041591.0,0 1,40823.0,False
base,active,,1041458.0,1041758.0,14 15 16 25 27 28 29 30,-1.0,
base,switching_off,,1041487.0,1043287.0,31,-2.0,
base,active,,1041591.0,1041891.0,0 1,-1.0,
base,switching_off,,1041655.0,1043455.0,2 3 4 5 6 7 8 13,-2.0,
base,switching_off,,1041669.0,1043469.0,17,-2.0,
base,sleeping,,1041744.0,1043049.0,97,-4.0,
base,switching_off,,1041758.0,1043558.0,14 15 16 25 27 28 29 30,-2.0,
base,switching_off,,1041891.0,1043691.0,0 1,-2.0,
base,active,1039284.0,1041984.0,1042198.0,22 23 24 26 100 101 110 111,40832.0,False
base,active,1039425.0,1042125.0,1042164.0,18 19 20 21,40836.0,False
base,active,,1042164.0,1042464.0,18 19 20 21,-1.0,
base,active,,1042198.0,1042498.0,22 23 24 26 100 101 110 111,-1.0,
base,sleeping,,1042237.0,1043351.0,108 109,-4.0,
base,active,1039571.0,1042271.0,1042314.0,9 10 11 12,40839.0,False
base,active,,1042314.0,1042602.0,9 10 11 12,-1.0,
base,switching_off,,1042464.0,1044264.0,18 19 20 21,-2.0,
base,switching_off,,1042498.0,1044298.0,22 23 24 26 100 101 110 111,-2.0,
base,active,1039851.0,1042580.0,1042607.0,112 113 114 115,40842.0,False
base,active,1042511.0,1042602.0,1043516.0,9 10 11 12 102 103 104 105,40865.0,False
base,active,,1042607.0,1042907.0,106 107 112 113 114 115,-1.0,
base,active,1038391.0,1042644.0,1049075.0,116 117 118 119 120 121 122 123,40820.0,False
base,active,1040003.0,1042703.0,1042751.0,124 125 126 127,40843.0,False
base,active,,1042751.0,1042933.0,124,-1.0,
base,active,,1042751.0,1043013.0,125 126 127,-1.0,
base,sleeping,,1042798.0,1043351.0,99,-4.0,
base,switching_off,,1042907.0,1044707.0,106 107 112 113 114 115,-2.0,
base,active,1042933.0,1042933.0,1042940.0,124,40870.0,False
base,active,,1042940.0,1043013.0,124,-1.0,
base,sleeping,,1042943.0,1043018.0,96,-4.0,
base,sleeping,,1042943.0,1043230.0,98,-4.0,
base,active,1043013.0,1043013.0,1043071.0,124 125 126 127,40872.0,False
base,switching_on,,1043018.0,1045718.0,96,-3.0,
base,switching_on,,1043049.0,1045749.0,97,-3.0,
base,active,,1043071.0,1043093.0,124 125 126 127,-1.0,
base,active,1043093.0,1043093.0,1043138.0,124 125 126 127,40875.0,False
base,active,,1043138.0,1043220.0,124 125 126 127,-1.0,
base,active,1043220.0,1043220.0,1047797.0,124 125 126 127,40877.0,False
base,switching_on,,1043230.0,1045930.0,98,-3.0,
base,sleeping,,1043287.0,1043351.0,31,-4.0,
base,switching_on,,1043351.0,1046051.0,31 99 108 109,-3.0,
base,sleeping,,1043455.0,1044075.0,13,-4.0,
base,switching_on,,1043455.0,1046155.0,2 3 4 5 6 7 8,-3.0,
base,sleeping,,1043469.0,1044005.0,17,-4.0,
base,active,,1043516.0,1043527.0,9,-1.0,
base,active,,1043516.0,1043718.0,10 11 12 102 103 104 105,-1.0,
base,active,1043527.0,1043527.0,1043558.0,9,40884.0,False
base,active,,1043558.0,1043602.0,9,-1.0,
base,sleeping,,1043558.0,1043933.0,27 28 29 30,-4.0,
base,sleeping,,1043558.0,1044005.0,15 16 25,-4.0,
base,sleeping,,1043558.0,1044075.0,14,-4.0,
base,active,1043602.0,1043602.0,1043713.0,9,40885.0,False
base,sleeping,,1043691.0,1044075.0,0 1,-4.0,
base,active,,1043713.0,1043718.0,9,-1.0,
base,active,1043718.0,1043718.0,1043786.0,9 10 11 12 102 103 104 105,40886.0,False
base,active,,1043786.0,1043796.0,9 10 11 12,-1.0,
base,active,,1043786.0,1046775.0,102 103 104 105,-1.0,
base,active,,1043796.0,1044096.0,92 93 94 95,-1.0,
base,active,982195.0,1043796.0,1049529.0,9 10 11 12 32 33 34 35 36 37 38 39 40 41 42 43 44 45 46 47 48 49 50 51 52 53 54 55 56 57 58 59 60 61 62 63 64 65 66 67 68 69 70 71 72 73 74 75 76 77 78 79 80 81 82 83 84 85 86 87 88 89 90 91,40522.0,False
base,switching_on,,1043933.0,1046633.0,27 28 29 30,-3.0,
base,switching_on,,1044005.0,1046705.0,15 16 17 25,-3.0,
base,switching_on,,1044075.0,1046775.0,0 1 13 14,-3.0,
base,switching_off,,1044096.0,1045896.0,92 93 94 95,-2.0,
base,switching_on,,1044264.0,1046964.0,18 19 20 21,-3.0,
base,sleeping,,1044298.0,1044466.0,111,-4.0,
base,sleeping,,1044298.0,1044496.0,26 100 101 110,-4.0,
base,sleeping,,1044298.0,1044707.0,23 24,-4.0,
base,sleeping,,1044298.0,1044849.0,22,-4.0,
base,switching_on,,1044466.0,1047166.0,111,-3.0,
base,switching_on,,1044496.0,1047196.0,26 100 101 110,-3.0,
base,switching_on,,1044707.0,1047407.0,23 24 106 107 112 113 114 115,-3.0,
base,switching_on,,1044849.0,1047549.0,22,-3.0,
base,active,1043018.0,1045718.0,1045760.0,96,40873.0,False
base,active,1043049.0,1045749.0,1045825.0,97,40874.0,False
base,active,1044921.0,1045760.0,1045786.0,96,40900.0,False
base,active,1045067.0,1045786.0,1045793.0,96,40902.0,False
base,active,1045295.0,1045793.0,1045828.0,96,40905.0,False
base,active,1045379.0,1045825.0,1045833.0,97,40907.0,False
base,active,1045422.0,1045828.0,1045902.0,96,40909.0,False
base,active,,1045833.0,1048751.0,97,-1.0,
base,sleeping,,1045896.0,1045948.0,93,-4.0,
base,sleeping,,1045896.0,1046051.0,92,-4.0,
base,switching_on,,1045896.0,1048596.0,94 95,-3.0,
base,active,,1045902.0,1046202.0,96,-1.0,
base,active,1043230.0,1045930.0,1046077.0,98,40878.0,False
base,switching_on,,1045948.0,1048648.0,93,-3.0,
base,active,1043351.0,1046051.0,1046135.0,31 99 108 109,40879.0,False
base,switching_on,,1046051.0,1048751.0,92,-3.0,
base,active,,1046077.0,1046377.0,98,-1.0,
base,active,,1046135.0,1046138.0,109,-1.0,
base,active,,1046135.0,1046435.0,31 99 108,-1.0,
base,active,1046138.0,1046138.0,1046142.0,109,40920.0,False
base,active,,1046142.0,1046176.0,109,-1.0,
base,active,1043404.0,1046155.0,1046229.0,6,40881.0,False
base,active,1043429.0,1046155.0,1048500.0,7 8,40882.0,False
base,active,1043397.0,1046155.0,1048529.0,2 3 4 5,40880.0,False
base,active,1046176.0,1046176.0,1046342.0,109,40921.0,False
base,switching_off,,1046202.0,1048002.0,96,-2.0,
base,active,,1046229.0,1046529.0,6,-1.0,
base,active,,1046342.0,1046546.0,109,-1.0,
base,switching_off,,1046377.0,1048177.0,98,-2.0,
base,switching_off,,1046435.0,1048235.0,31 99 108,-2.0,
base,switching_off,,1046529.0,1048329.0,6,-2.0,
base,active,1046546.0,1046546.0,1046617.0,109,40927.0,False
base,active,,1046617.0,1046669.0,109,-1.0,
base,active,1043933.0,1046633.0,1046683.0,27 28 29 30,40887.0,False
base,active,1046669.0,1046669.0,1046697.0,109,40929.0,False
base,active,,1046683.0,1046753.0,27 28 29 30,-1.0,
base,active,,1046697.0,1046751.0,109,-1.0,
base,active,1044005.0,1046705.0,1046765.0,15 16 17 25,40888.0,False
base,active,1046751.0,1046751.0,1046802.0,109,40931.0,False
base,active,1046753.0,1046753.0,1046765.0,27 28 29 30,40932.0,False
base,active,1045413.0,1046765.0,1049748.0,15 16 17 25 27 28 29 30,40908.0,False
base,active,1044075.0,1046775.0,1046853.0,0 1 13 14 102 103 104 105,40889.0,False
base,active,,1046802.0,1046853.0,109,-1.0,
base,active,1045650.0,1046853.0,1046891.0,1 13 14 102 103 104 105 109,40911.0,False
base,active,,1046853.0,1046957.0,0,-1.0,
base,active,1045743.0,1046891.0,1047245.0,1 13 14 102 103 104 105 109,40913.0,False
base,active,1046957.0,1046957.0,1046965.0,0,40933.0,False
base,active,1044157.0,1046964.0,1047152.0,18 19 20 21,40890.0,False
base,active,,1046965.0,1047175.0,0,-1.0,
base,active,1046969.0,1047152.0,1047261.0,18 19 20 21,40934.0,False
base,active,1044466.0,1047166.0,1047175.0,111,40891.0,False
base,active,1046992.0,1047175.0,1047263.0,0 111,40935.0,False
base,active,1044496.0,1047196.0,1047258.0,26 100 101 110,40893.0,False
base,active,1046235.0,1047245.0,1047317.0,1 13 14 102 103 104 105 109,40922.0,False
base,active,,1047258.0,1047261.0,26 100 101 110,-1.0,
base,active,1046491.0,1047261.0,1049511.0,18 19 20 21 26 100 101 110,40924.0,False
base,active,,1047263.0,1047295.0,111,-1.0,
base,active,,1047263.0,1047563.0,0,-1.0,
base,active,1047295.0,1047295.0,1047347.0,111,40937.0,False
base,active,1046495.0,1047317.0,1047437.0,1 13 14 102 103 104 105 109,40926.0,False
base,active,,1047347.0,1047427.0,111,-1.0,
base,active,1044688.0,1047407.0,1047470.0,23 24 106 107,40895.0,False
base,active,1044597.0,1047407.0,1047492.0,112 113 114 115,40894.0,False
base,active,1047427.0,1047427.0,1047492.0,111,40939.0,False
base,active,1047416.0,1047437.0,1047530.0,1 13 14 102 103 104 105 109,40938.0,False
base,active,,1047470.0,1047770.0,23 24 106 107,-1.0,
base,active,,1047492.0,1047528.0,112 113 114 115,-1.0,
base,active,,1047492.0,1047549.0,111,-1.0,
base,active,1047528.0,1047528.0,1049677.0,112 113 114 115,40940.0,False
base,active,,1047530.0,1047549.0,109,-1.0,
base,active,,1047530.0,1047830.0,1 13 14 102 103 104 105,-1.0,
base,active,1044849.0,1047549.0,1048043.0,22,40898.0,False
base,active,1047549.0,1047549.0,1049680.0,109 111,40941.0,False
base,switching_off,,1047563.0,1049363.0,0,-2.0,
base,switching_off,,1047770.0,1049570.0,23 24 106 107,-2.0,
base,active,,1047797.0,1047837.0,127,-1.0,
base,active,,1047797.0,1048097.0,124 125 126,-1.0,
base,switching_off,,1047830.0,1049630.0,1 13 14 102 103 104 105,-2.0,
base,active,1047837.0,1047837.0,1047870.0,127,40942.0,False
base,active,,1047870.0,1048170.0,127,-1.0,
base,sleeping,,1048002.0,1048500.0,96,-4.0,
base,active,,1048043.0,1048343.0,22,-1.0,
base,switching_off,,1048097.0,1049897.0,124 125 126,-2.0,
base,switching_off,,1048170.0,1049970.0,127,-2.0,
base,sleeping,,1048177.0,1048500.0,98,-4.0,
base,sleeping,,1048235.0,1048500.0,31 99 108,-4.0,
base,sleeping,,1048329.0,1048500.0,6,-4.0,
base,switching_off,,1048343.0,1050143.0,22,-2.0,
base,active,,1048500.0,1051200.0,7 8,-1.0,
base,switching_on,,1048500.0,1051200.0,6 31 96 98 99 108,-3.0,
base,active,1048385.0,1048529.0,1052171.0,2 3 4 5,40954.0,False
base,active,1044870.0,1048596.0,1048738.0,94 95,40899.0,False
base,active,1045948.0,1048648.0,1048747.0,93,40917.0,False
base,active,,1048738.0,1049038.0,94 95,-1.0,
base,active,,1048747.0,1049047.0,93,-1.0,
base,active,1046051.0,1048751.0,1049050.0,92 97,40918.0,False
base,switching_off,,1049038.0,1050838.0,94 95,-2.0,
base,switching_off,,1049047.0,1050847.0,93,-2.0,
base,active,,1049050.0,1049350.0,92 97,-1.0,
base,active,1048856.0,1049075.0,1051334.0,116 117 118 119 120 121 122 123,40958.0,False
base,switching_off,,1049350.0,1051150.0,92 97,-2.0,
base,sleeping,,1049363.0,1049529.0,0,-4.0,
base,active,,1049511.0,1049529.0,100 101 110,-1.0,
base,active,,1049511.0,1052330.0,18 19 20 21 26,-1.0,
base,active,,1049529.0,1049829.0,9 10 11 12,-1.0,
base,active,1034393.0,1049529.0,1051293.0,63 64 65 66 67 68 69 70 71 72 73 74 75 76 77 78 79 80 81 82 83 84 85 86 87 88 89 90 91 100 101 110,40764.0,False
base,active,,1049529.0,1052229.0,32 33 34 35 36 37 38 39 40 41 42 43 44 45 46 47 48 49 50 51 52 53 54 55 56 57 58 59 60 61 62,-1.0,
base,switching_on,,1049529.0,1052229.0,0,-3.0,
base,sleeping,,1049570.0,1049630.0,23 24 106 107,-4.0,
base,switching_on,,1049630.0,1052330.0,1 13 14 23 24 102 103 104 105 106 107,-3.0,
base,active,,1049677.0,1049977.0,112 113 114 115,-1.0,
base,active,,1049680.0,1049980.0,109 111,-1.0,
base,active,,1049748.0,1050048.0,15 16 17 25 27 28 29 30,-1.0,
base,switching_off,,1049829.0,1051629.0,9 10 11 12,-2.0,
base,sleeping,,1049897.0,1050370.0,126,-4.0,
base,sleeping,,1049897.0,1050537.0,125,-4.0,
base,sleeping,,1049897.0,1050594.0,124,-4.0,
base,sleeping,,1049970.0,1050262.0,127,-4.0,
base,switching_off,,1049977.0,1051777.0,112 113 114 115,-2.0,
base,switching_off,,1049980.0,1051780.0,109 111,-2.0,
base,switching_off,,1050048.0,1051848.0,15 16 17 25 27 28 29 30,-2.0,
base,sleeping,,1050143.0,1050617.0,22,-4.0,
base,switching_on,,1050262.0,1052962.0,127,-3.0,
base,switching_on,,1050370.0,1053070.0,126,-3.0,
base,switching_on,,1050537.0,1053237.0,125,-3.0,
base,switching_on,,1050594.0,1053294.0,124,-3.0,
base,switching_on,,1050617.0,1053317.0,22,-3.0,
base,sleeping,,1050838.0,1050914.0,94,-4.0,
base,switching_on,,1050838.0,1053538.0,95,-3.0,
base,sleeping,,1050847.0,1051040.0,93,-4.0,
base,switching_on,,1050914.0,1053614.0,94,-3.0,
base,switching_on,,1051040.0,1053740.0,93,-3.0,
base,sleeping,,1051150.0,1051241.0,97,-4.0,
base,sleeping,,1051150.0,1051325.0,92,-4.0,
base,active,1047866.0,1051200.0,1051278.0,6 7 8 31 96 98 99 108,40943.0,False
base,switching_on,,1051241.0,1053941.0,97,-3.0,
base,active,,1051278.0,1051293.0,96 98 99 108,-1.0,
base,active,,1051278.0,1051578.0,6 7 8 31,-1.0,
base,active,,1051293.0,1051593.0,63 64 65 66,-1.0,
base,active,1036178.0,1051293.0,1053718.0,67 68 69 70 71 72 73 74 75 76 77 78 79 80 81 82 83 84 85 86 87 88 89 90 91 96 98 99 100 101 108 110,40785.0,False
base,switching_on,,1051325.0,1054025.0,92,-3.0,
base,active,,1051334.0,1051462.0,122 123,-1.0,
base,active,,1051334.0,1051634.0,116 117 118 119 120 121,-1.0,
base,active,1051462.0,1051462.0,1051606.0,122 123,40977.0,False
base,switching_off,,1051578.0,1053378.0,6 7 8 31,-2.0,
base,switching_off,,1051593.0,1053393.0,63 64 65 66,-2.0,
base,active,,1051606.0,1051906.0,122 123,-1.0,
base,sleeping,,1051629.0,1051654.0,12,-4.0,
base,sleeping,,1051629.0,1052424.0,9 10 11,-4.0,
base,switching_off,,1051634.0,1053434.0,116 117 118 119 120 121,-2.0,
base,switching_on,,1051654.0,1054354.0,12,-3.0,
base,sleeping,,1051777.0,1051936.0,115,-4.0,
base,sleeping,,1051777.0,1052424.0,112 113 114,-4.0,
base,sleeping,,1051780.0,1052424.0,109 111,-4.0,
base,sleeping,,1051848.0,1052424.0,15 16 17 25 27 28 29 30,-4.0,
base,switching_off,,1051906.0,1053706.0,122 123,-2.0,
base,switching_on,,1051936.0,1054636.0,115,-3.0,
base,active,1052128.0,1052171.0,1054685.0,2 3 4 5,40987.0,False
base,active,1035508.0,1052229.0,1053796.0,0 32 33 34 35 36 37 38 39 40 41 42 43 44 45 46 47 48 49 50 51 52 53 54 55 56 57 58 59 60 61 62,40777.0,False
base,active,1045106.0,1052330.0,1052424.0,1 13 14 18 19 20 21 23 24 26 102 103 104 105 106 107,40903.0,False
base,active,,1052424.0,1055124.0,1 13 14 18 19 20 21 23 24 26 102 103 104 105 106 107,-1.0,
base,switching_on,,1052424.0,1055124.0,9 10 11 15 16 17 25 27 28 29 30 109 111 112 113 114,-3.0,
base,active,1050262.0,1052962.0,1052998.0,127,40964.0,False
base,active,,1052998.0,1053107.0,127,-1.0,
base,active,1050370.0,1053070.0,1053107.0,126,40965.0,False
base,active,1052890.0,1053107.0,1053183.0,126 127,40993.0,False
base,active,1053156.0,1053183.0,1053205.0,127,40995.0,False
base,active,,1053183.0,1053312.0,126,-1.0,
base,active,,1053205.0,1053312.0,127,-1.0,
base,active,1050537.0,1053237.0,1053284.0,125,40966.0,False
base,active,,1053284.0,1053312.0,125,-1.0,
base,active,1050594.0,1053294.0,1053312.0,124,40967.0,False
base,active,1052869.0,1053312.0,1053408.0,124 125 126 127,40992.0,False
base,active,1050617.0,1053317.0,1053363.0,22,40968.0,False
base,active,,1053363.0,1056280.0,22,-1.0,
base,sleeping,,1053378.0,1053393.0,6 7 8 31,-4.0,
base,switching_on,,1053393.0,1056093.0,6 7 8 31 63 64 65 66,-3.0,
base,active,1053308.0,1053408.0,1055981.0,124 125 126 127,40999.0,False
base,sleeping,,1053434.0,1053580.0,116 117 118 119 120 121,-4.0,
base,active,1050743.0,1053538.0,1053580.0,95,40971.0,False
base,active,,1053580.0,1056280.0,95,-1.0,
base,switching_on,,1053580.0,1056280.0,116 117 118 119 120 121,-3.0,
base,active,1050914.0,1053614.0,1053652.0,94,40972.0,False
base,active,,1053652.0,1053718.0,94,-1.0,
base,sleeping,,1053706.0,1054869.0,122 123,-4.0,
base,active,,1053718.0,1053779.0,67,-1.0,
base,active,1037162.0,1053718.0,1055910.0,68 69 70 71 72 73 74 75 76 77 78 79 80 81 82 83 84 85 86 87 88 89 90 91 94 96 98 99 100 101 108 110,40799.0,False
base,active,1051040.0,1053740.0,1053779.0,93,40973.0,False
base,active,1053334.0,1053779.0,1056330.0,67 93,41000.0,False
base,active,1038909.0,1053796.0,1053916.0,0 32 33 34 35 36 37 38 39 40 41 42 43 44 45 46 47 48 49 50 51 52 53 54 55 56 57 58 59 60 61 62,40825.0,False
base,active,1039329.0,1053916.0,1054041.0,0 32 33 34 35 36 37 38 39 40 41 42 43 44 45 46 47 48 49 50 51 52 53 54 55 56 57 58 59 60 61 62,40833.0,False
base,active,1051241.0,1053941.0,1053981.0,97,40975.0,False
base,active,,1053981.0,1054041.0,97,-1.0,
base,active,1051325.0,1054025.0,1054119.0,92,40976.0,False
base,active,,1054041.0,1054341.0,0,-1.0,
base,active,1039370.0,1054041.0,1056009.0,32 33 34 35 36 37 38 39 40 41 42 43 44 45 46 47 48 49 50 51 52 53 54 55 56 57 58 59 60 61 62 97,40835.0,False
base,active,,1054119.0,1054419.0,92,-1.0,
base,switching_off,,1054341.0,1056141.0,0,-2.0,
base,active,1051654.0,1054354.0,1054401.0,12,40980.0,False
base,active,,1054401.0,1054701.0,12,-1.0,
base,switching_off,,1054419.0,1056219.0,92,-2.0,
base,active,1051936.0,1054636.0,1054674.0,115,40984.0,False
base,active,,1054674.0,1057569.0,115,-1.0,
base,active,,1054685.0,1054985.0,2 3 4,-1.0,
base,active,,1054685.0,1057569.0,5,-1.0,
base,switching_off,,1054701.0,1056501.0,12,-2.0,
base,switching_on,,1054869.0,1057569.0,122 123,-3.0,
base,switching_off,,1054985.0,1056785.0,2 3 4,-2.0,
base,active,1038198.0,1055124.0,1055243.0,1 9 10 11 13 14 15 16 17 18 19 20 21 23 24 25 26 27 28 29 30 102 103 104 105 106 107 109 111 112 113 114,40816.0,False
base,active,1039751.0,1055243.0,1055623.0,1 9 10 11 13 14 15 16 17 18 19 20 21 23 24 25 26 27 28 29 30 102 103 104 105 106 107 109 111 112 113 114,40840.0,False
base,active,1041375.0,1055623.0,1057647.0,1 9 10 11 13 14 15 16 17 18 19 20 21 23 24 25 26 27 28 29 30 102 103 104 105 106 107 109 111 112 113 114,40861.0,False
base,active,1043437.0,1055910.0,1057385.0,68 69 70 71 72 73 74 75 76 77 78 79 80 81 82 83 84 85 86 87 88 89 90 91 94 96 98 99 100 101 108 110,40883.0,False
base,active,,1055981.0,1056009.0,124 125 126 127,-1.0,
base,active,1045263.0,1056009.0,1056152.0,36 37 38 39 40 41 42 43 44 45 46 47 48 49 50 51 52 53 54 55 56 57 58 59 60 61 62 97 124 125 126 127,40904.0,False
base,active,,1056009.0,1056309.0,32 33 34 35,-1.0,
base,active,1052674.0,1056093.0,1056124.0,6 7 8 31 63 64 65 66,40989.0,False
base,active,,1056124.0,1056152.0,63 64 65 66,-1.0,
base,active,,1056124.0,1056424.0,6 7 8 31,-1.0,
base,sleeping,,1056141.0,1057385.0,0,-4.0,
base,active,,1056152.0,1056304.0,36 37 38 39,-1.0,
base,active,1045363.0,1056152.0,1059184.0,40 41 42 43 44 45 46 47 48 49 50 51 52 53 54 55 56 57 58 59 60 61 62 63 64 65 66 97 124 125 126 127,40906.0,False
base,sleeping,,1056219.0,1057385.0,92,-4.0,
base,active,1052709.0,1056280.0,1056317.0,22 95 116 117 118 119 120 121,40990.0,False
base,active,1056304.0,1056304.0,1058362.0,36 37 38 39,41010.0,False
base,switching_off,,1056309.0,1058109.0,32 33 34 35,-2.0,
base,active,,1056317.0,1056326.0,120 121,-1.0,
base,active,,1056317.0,1056617.0,22 95 116 117 118 119,-1.0,
base,active,1056326.0,1056326.0,1058365.0,120 121,41011.0,False
base,active,,1056330.0,1056630.0,67 93,-1.0,
base,switching_off,,1056424.0,1058224.0,6 7 8 31,-2.0,
base,sleeping,,1056501.0,1057385.0,12,-4.0,
base,switching_off,,1056617.0,1058417.0,22 95 116 117 118 119,-2.0,
base,switching_off,,1056630.0,1058430.0,67 93,-2.0,
base,sleeping,,1056785.0,1057385.0,2 3 4,-4.0,
base,active,,1057385.0,1057647.0,68 69 70 71 72 73,-1.0,
base,active,,1057385.0,1060085.0,74 75 76 77 78 79 80 81 82 83 84 85 86 87 88 89 90 91 94 96 98 99 100 101 108 110,-1.0,
base,switching_on,,1057385.0,1060085.0,0 2 3 4 12 92,-3.0,
base,active,1054869.0,1057569.0,1058846.0,5 115 122 123,41006.0,False
base,active,1045768.0,1057647.0,1057679.0,15 16 17 18 19 20 21 23 24 25 26 27 28 29 30 68 69 70 71 72 73 102 103 104 105 106 107 109 111 112 113 114,40914.0,False
base,active,,1057647.0,1057947.0,1 9 10 11 13 14,-1.0,
base,active,1045844.0,1057679.0,1057728.0,15 16 17 18 19 20 21 23 24 25 26 27 28 29 30 68 69 70 71 72 73 102 103 104 105 106 107 109 111 112 113 114,40915.0,False
base,active,1045897.0,1057728.0,1059666.0,15 16 17 18 19 20 21 23 24 25 26 27 28 29 30 68 69 70 71 72 73 102 103 104 105 106 107 109 111 112 113 114,40916.0,False
base,switching_off,,1057947.0,1059747.0,1 9 10 11 13 14,-2.0,
base,sleeping,,1058109.0,1058411.0,35,-4.0,
base,sleeping,,1058109.0,1059077.0,32 33 34,-4.0,
base,sleeping,,1058224.0,1059184.0,6 7 8 31,-4.0,
base,active,,1058362.0,1058662.0,36 37 38 39,-1.0,
base,active,,1058365.0,1058665.0,120 121,-1.0,
base,switching_on,,1058411.0,1061111.0,35,-3.0,
base,sleeping,,1058417.0,1058427.0,116 117 118 119,-4.0,
base,sleeping,,1058417.0,1058783.0,95,-4.0,
base,sleeping,,1058417.0,1059184.0,22,-4.0,
base,switching_on,,1058427.0,1061127.0,116 117 118 119,-3.0,
base,sleeping,,1058430.0,1059019.0,93,-4.0,
base,sleeping,,1058430.0,1059077.0,67,-4.0,
base,switching_off,,1058662.0,1060462.0,36 37 38 39,-2.0,
base,switching_off,,1058665.0,1060465.0,120 121,-2.0,
base,switching_on,,1058783.0,1061483.0,95,-3.0,
base,active,,1058846.0,1059146.0,5 115 122 123,-1.0,
base,switching_on,,1059019.0,1061719.0,93,-3.0,
base,switching_on,,1059077.0,1061777.0,32 33 34 67,-3.0,
base,switching_off,,1059146.0,1060946.0,5 115 122 123,-2.0,
base,active,,1059184.0,1059484.0,40 41 42 43 44,-1.0,
base,active,,1059184.0,1061884.0,45 46 47 48 49 50 51 52 53 54 55 56 57 58 59 60 61 62 63 64 65 66 97 124 125 126 127,-1.0,
base,switching_on,,1059184.0,1061884.0,6 7 8 22 31,-3.0,
base,switching_off,,1059484.0,1061284.0,40 41 42 43 44,-2.0,
base,active,1048055.0,1059666.0,1062144.0,15 16 17 18 19 20 21 23 24 25 26 27 28 29 30 68 69 70 71 72 73 102 103 104 105 106 107 109 111 112 113 114,40946.0,False
base,sleeping,,1059747.0,1059896.0,14,-4.0,
base,sleeping,,1059747.0,1059981.0,13,-4.0,
base,sleeping,,1059747.0,1060064.0,11,-4.0,
base,sleeping,,1059747.0,1060126.0,1 9 10,-4.0,
base,switching_on,,1059896.0,1062596.0,14,-3.0,
base,switching_on,,1059981.0,1062681.0,13,-3.0,
base,switching_on,,1060064.0,1062764.0,11,-3.0,
base,active,1045708.0,1060085.0,1060126.0,0 2 3 4 12 74 75 76 77 78 79 80 81 82 83 84 85 86 87 88 89 90 91 92 94 96 98 99 100 101 108 110,40912.0,False
base,active,,1060126.0,1060134.0,3,-1.0,
base,active,,1060126.0,1060426.0,0 2,-1.0,
base,active,,1060126.0,1062826.0,4 12 74 75 76 77 78 79 80 81 82 83 84 85 86 87 88 89 90 91 92 94 96 98 99 100 101 108 110,-1.0,
base,switching_on,,1060126.0,1062826.0,1 9 10,-3.0,
base,active,1060134.0,1060134.0,1060172.0,3,41023.0,False
base,active,,1060172.0,1060472.0,3,-1.0,
base,switching_off,,1060426.0,1062226.0,0 2,-2.0,
base,sleeping,,1060462.0,1061558.0,38 39,-4.0,
base,sleeping,,1060462.0,1061626.0,37,-4.0,
base,sleeping,,1060462.0,1061928.0,36,-4.0,
base,sleeping,,1060465.0,1061387.0,120 121,-4.0,
base,switching_off,,1060472.0,1062272.0,3,-2.0,
base,sleeping,,1060946.0,1061387.0,122 123,-4.0,
base,sleeping,,1060946.0,1061558.0,115,-4.0,
base,sleeping,,1060946.0,1061928.0,5,-4.0,
base,active,1058411.0,1061111.0,1061133.0,35,41012.0,False
base,active,1058427.0,1061127.0,1061453.0,116 117 118 119,41013.0,False
base,active,,1061133.0,1061433.0,35,-1.0,
base,sleeping,,1061284.0,1061558.0,40 41 42 43 44,-4.0,
base,switching_on,,1061387.0,1064087.0,120 121 122 123,-3.0,
base,switching_off,,1061433.0,1063233.0,35,-2.0,
base,active,,1061453.0,1061753.0,116 117 118 119,-1.0,
base,active,1058783.0,1061483.0,1061492.0,95,41015.0,False
base,active,,1061492.0,1061792.0,95,-1.0,
base,switching_on,,1061558.0,1064258.0,38 39 40 41 42 43 44 115,-3.0,
base,switching_on,,1061626.0,1064326.0,37,-3.0,
base,active,1059019.0,1061719.0,1061724.0,93,41016.0,False
base,active,,1061724.0,1064628.0,93,-1.0,
base,switching_off,,1061753.0,1063553.0,116 117 118 119,-2.0,
base,active,1059077.0,1061777.0,1062498.0,32 33 34 67,41017.0,False
base,switching_off,,1061792.0,1063592.0,95,-2.0,
base,active,1048033.0,1061884.0,1061928.0,6 7 8 22 31 45 46 47 48 49 50 51 52 53 54 55 56 57 58 59 60 61 62 63 64 65 66 97 124 125 126 127,40944.0,False
base,active,,1061928.0,1062228.0,6 7 8,-1.0,
base,active,,1061928.0,1064628.0,22 31 45 46 47 48 49 50 51 52 53 54 55 56 57 58 59 60 61 62 63 64 65 66 97 124 125 126 127,-1.0,
base,switching_on,,1061928.0,1064628.0,5 36,-3.0,
base,active,1048313.0,1062144.0,1065858.0,15 16 17 18 19 20 21 23 24 25 26 27 28 29 30 68 69 70 71 72 73 102 103 104 105 106 107 109 111 112 113 114,40952.0,False
base,sleeping,,1062226.0,1062830.0,0 2,-4.0,
base,switching_off,,1062228.0,1064028.0,6 7 8,-2.0,
base,sleeping,,1062272.0,1062830.0,3,-4.0,
base,active,,1062498.0,1062798.0,32 33 34 67,-1.0,
base,active,1059896.0,1062596.0,1062649.0,14,41019.0,False
base,active,,1062649.0,1065530.0,14,-1.0,
base,active,1059981.0,1062681.0,1062715.0,13,41020.0,False
base,active,,1062715.0,1065530.0,13,-1.0,
base,active,1060064.0,1062764.0,1062807.0,11,41022.0,False
base,switching_off,,1062798.0,1064598.0,32 33 34 67,-2.0,
base,active,,1062807.0,1063107.0,11,-1.0,
base,active,1048099.0,1062826.0,1062830.0,1 4 9 10 12 74 75 76 77 78 79 80 81 82 83 84 85 86 87 88 89 90 91 92 94 96 98 99 100 101 108 110,40947.0,False
base,active,,1062830.0,1063130.0,1 4 9 10 12,-1.0,
base,active,,1062830.0,1065530.0,74 75 76 77 78 79 80 81 82 83 84 85 86 87 88 89 90 91 92 94 96 98 99 100 101 108 110,-1.0,
base,switching_on,,1062830.0,1065530.0,0 2 3,-3.0,
base,switching_off,,1063107.0,1064907.0,11,-2.0,
base,switching_off,,1063130.0,1064930.0,1 4 9 10 12,-2.0,
base,sleeping,,1063233.0,1065858.0,35,-4.0,
base,sleeping,,1063553.0,1065858.0,116 117 118 119,-4.0,
base,sleeping,,1063592.0,1065858.0,95,-4.0,
base,sleeping,,1064028.0,1065858.0,6 7 8,-4.0,
base,active,1061387.0,1064087.0,1064914.0,120 121 122 123,41025.0,False
base,active,1061558.0,1064258.0,1064486.0,38 39 40 41 42 43 44 115,41027.0,False
base,active,1061626.0,1064326.0,1064345.0,37,41028.0,False
base,active,,1064345.0,1064645.0,37,-1.0,
base,active,,1064486.0,1064700.0,42 43 44 115,-1.0,
base,active,,1064486.0,1064786.0,38 39 40 41,-1.0,
base,sleeping,,1064598.0,1065858.0,32 33 34 67,-4.0,
base,active,1048200.0,1064628.0,1064700.0,5 22 31 36 45 46 47 48 49 50 51 52 53 54 55 56 57 58 59 60 61 62 63 64 65 66 93 97 124 125 126 127,40950.0,False
base,switching_off,,1064645.0,1066445.0,37,-2.0,
base,active,,1064700.0,1065000.0,5 22 31 36,-1.0,
base,active,1050687.0,1064700.0,1067166.0,42 43 44 45 46 47 48 49 50 51 52 53 54 55 56 57 58 59 60 61 62 63 64 65 66 93 97 115 124 125 126 127,40969.0,False
base,switching_off,,1064786.0,1066586.0,38 39 40 41,-2.0,
base,sleeping,,1064907.0,1065858.0,11,-4.0,
base,active,,1064914.0,1065214.0,120 121 122 123,-1.0,
base,sleeping,,1064930.0,1065858.0,1 4 9 10 12,-4.0,
base,switching_off,,1065000.0,1066800.0,5 22 31 36,-2.0,
base,switching_off,,1065214.0,1067014.0,120 121 122 123,-2.0,
base,active,1048546.0,1065530.0,1065567.0,0 2 3 13 14 74 75 76 77 78 79 80 81 82 83 84 85 86 87 88 89 90 91 92 94 96 98 99 100 101 108 110,40955.0,False
base,active,1052053.0,1065567.0,1068155.0,0 2 3 13 14 74 75 76 77 78 79 80 81 82 83 84 85 86 87 88 89 90 91 92 94 96 98 99 100 101 108 110,40986.0,False
base,active,,1065858.0,1066158.0,15 16 17 18 19 20 21 23 24 25 26 27 28 29 30 68 69 70 71,-1.0,
base,active,,1065858.0,1068558.0,72 73 102 103 104 105 106 107 109 111 112 113 114,-1.0,
base,switching_on,,1065858.0,1068558.0,1 4 6 7 8 9 10 11 12 32 33 34 35 67 95 116 117 118 119,-3.0,
base,switching_off,,1066158.0,1067958.0,15 16 17 18 19 20 21 23 24 25 26 27 28 29 30 68 69 70 71,-2.0,
base,sleeping,,1066445.0,1070902.0,37,-4.0,
base,sleeping,,1066586.0,1070902.0,38 39 40 41,-4.0,
base,sleeping,,1066800.0,1070902.0,5 22 31 36,-4.0,
base,sleeping,,1067014.0,1070902.0,120 121 122 123,-4.0,
base,active,1054627.0,1067166.0,1068514.0,42 43 44 45 46 47 48 49 50 51 52 53 54 55 56 57 58 59 60 61 62 63 64 65 66 93 97 115 124 125 126 127,41004.0,False
base,sleeping,,1067958.0,1070902.0,15 16 17 18 19 20 21 23 24 25 26 27 28 29 30 68 69 70 71,-4.0,
base,active,1054804.0,1068155.0,1069497.0,0 2 3 13 14 74 75 76 77 78 79 80 81 82 83 84 85 86 87 88 89 90 91 92 94 96 98 99 100 101 108 110,41005.0,False
base,active,1056018.0,1068514.0,1070902.0,42 43 44 45 46 47 48 49 50 51 52 53 54 55 56 57 58 59 60 61 62 63 64 65 66 93 97 115 124 125 126 127,41007.0,False
base,active,1054147.0,1068558.0,1069008.0,1 4 6 7 8 9 10 11 12 32 33 34 35 67 72 73 95 102 103 104 105 106 107 109 111 112 113 114 116 117 118 119,41003.0,False
base,active,1058626.0,1069008.0,1069747.0,1 4 6 7 8 9 10 11 12 32 33 34 35 67 72 73 95 102 103 104 105 106 107 109 111 112 113 114 116 117 118 119,41014.0,False
base,active,1059390.0,1069497.0,1070143.0,0 2 3 13 14 74 75 76 77 78 79 80 81 82 83 84 85 86 87 88 89 90 91 92 94 96 98 99 100 101 108 110,41018.0,False
base,active,1061327.0,1069747.0,1070633.0,1 4 6 7 8 9 10 11 12 32 33 34 35 67 72 73 95 102 103 104 105 106 107 109 111 112 113 114 116 117 118 119,41024.0,False
base,active,1061532.0,1070143.0,1070395.0,0 2 3 13 14 74 75 76 77 78 79 80 81 82 83 84 85 86 87 88 89 90 91 92 94 96 98 99 100 101 108 110,41026.0,False
base,active,1062512.0,1070395.0,1070765.0,0 2 3 13 14 74 75 76 77 78 79 80 81 82 83 84 85 86 87 88 89 90 91 92 94 96 98 99 100 101 108 110,41031.0,False
base,active,1068539.0,1070633.0,1070674.0,119,41034.0,False
base,active,,1070633.0,1073602.0,1 4 6 7 8 9 10 11 12 32 33 34 35 67 72 73 95 102 103 104 105 106 107 109 111 112 113 114 116 117 118,-1.0,
base,active,,1070674.0,1073602.0,119,-1.0,
base,active,,1070765.0,1073602.0,0 2 3 13 14 74 75 76 77 78 79 80 81 82 83 84 85 86 87 88 89 90 91 92 94 96 98 99 100 101 108 110,-1.0,
base,active,,1070902.0,1073602.0,42 43 44 45 46 47 48 49 50 51 52 53 54 55 56 57 58 59 60 61 62 63 64 65 66 93 97 115 124 125 126 127,-1.0,
base,switching_on,,1070902.0,1073602.0,5 15 16 17 18 19 20 21 22 23 24 25 26 27 28 29 30 31 36 37 38 39 40 41 68 69 70 71 120 121 122 123,-3.0,
base,active,992059.0,1073602.0,1073708.0,0 1 2 3 4 5 6 7 8 9 10 11 12 13 14 15 16 17 18 19 20 21 22 23 24 25 26 27 28 29 30 31 32 33 34 35 36 37 38 39 40 41 42 43 44 45 46 47 48 49 50 51 52 53 54 55 56 57 58 59 60 61 62 63 64 65 66 67 68 69 70 71 72 73 74 75 76 77 78 79 80 81 82 83 84 85 86 87 88 89 90 91 92 93 94 95 96 97 98 99 100 101 102 103 104 105 106 107 108 109 110 111 112 113 114 115 116 117 118 119 120 121 122 123 124 125 126 127,40545.0,False
base,active,1026026.0,1073708.0,1082946.0,96 97 98 99 100 101 102 103 104 105 106 107 108 109 110 111 112 113 114 115 116 117 118 119 120 121 122 123 124 125 126 127,40676.0,False
base,active,992354.0,1073708.0,1083361.0,64 65 66 67 68 69 70 71 72 73 74 75 76 77 78 79 80 81 82 83 84 85 86 87 88 89 90 91 92 93 94 95,40550.0,False
base,active,992171.0,1073708.0,1083543.0,0 1 2 3 4 5 6 7 8 9 10 11 12 13 14 15 16 17 18 19 20 21 22 23 24 25 26 27 28 29 30 31 32 33 34 35 36 37 38 39 40 41 42 43 44 45 46 47 48 49 50 51 52 53 54 55 56 57 58 59 60 61 62 63,40546.0,False
base,active,1080707.0,1082946.0,1082951.0,126,41042.0,False
base,active,1080492.0,1082946.0,1082956.0,127,41041.0,False
base,active,,1082946.0,1083246.0,96 97 98 99 100 101 102 103 104 105 106 107 108 109 110 111 112 113 114 115 116 117 118 119 120 121 122 123 124 125,-1.0,
base,active,,1082951.0,1083251.0,126,-1.0,
base,active,,1082956.0,1083256.0,127,-1.0,
base,switching_off,,1083246.0,1085046.0,96 97 98 99 100 101 102 103 104 105 106 107 108 109 110 111 112 113 114 115 116 117 118 119 120 121 122 123 124 125,-2.0,
base,switching_off,,1083251.0,1085051.0,126,-2.0,
base,switching_off,,1083256.0,1085056.0,127,-2.0,
base,active,1002309.0,1083361.0,1112465.0,64 65 66 67 68 69 70 71 72 73 74 75 76 77 78 79 80 81 82 83 84 85 86 87 88 89 90 91 92 93 94 95,40626.0,False
base,active,1002023.0,1083543.0,1093370.0,0 1 2 3 4 5 6 7 8 9 10 11 12 13 14 15 16 17 18 19 20 21 22 23 24 25 26 27 28 29 30 31 32 33 34 35 36 37 38 39 40 41 42 43 44 45 46 47 48 49 50 51 52 53 54 55 56 57 58 59 60 61 62 63,40624.0,False
base,sleeping,,1085046.0,1085056.0,96 97 98 99 100 101 102 103 104 105 106 107 108 109 110 111 112 113 114 115 116 117 118 119 120 121 122 123 124 125,-4.0,
base,sleeping,,1085051.0,1085056.0,126,-4.0,
base,switching_on,,1085056.0,1087756.0,96 97 98 99 100 101 102 103 104 105 106 107 108 109 110 111 112 113 114 115 116 117 118 119 120 121 122 123 124 125 126 127,-3.0,
base,active,1019461.0,1087756.0,1105728.0,96 97 98 99 100 101 102 103 104 105 106 107 108 109 110 111 112 113 114 115 116 117 118 119 120 121 122 123 124 125 126 127,40652.0,False
base,active,1043154.0,1093370.0,1098012.0,32 33 34 35 36 37 38 39 40 41 42 43 44 45 46 47 48 49 50 51 52 53 54 55 56 57 58 59 60 61 62 63,40876.0,False
base,active,1038343.0,1093370.0,1099847.0,0 1 2 3 4 5 6 7 8 9 10 11 12 13 14 15 16 17 18 19 20 21 22 23 24 25 26 27 28 29 30 31,40818.0,False
base,active,1048754.0,1098012.0,1110558.0,32 33 34 35 36 37 38 39 40 41 42 43 44 45 46 47 48 49 50 51 52 53 54 55 56 57 58 59 60 61 62 63,40956.0,False
base,active,1056214.0,1099847.0,1104872.0,12 13 14 15,41009.0,False
base,active,1052046.0,1099847.0,1106199.0,8 9 10 11,40985.0,False
base,active,1062294.0,1099847.0,1106389.0,16 17 18 19,41030.0,False
base,active,1079754.0,1099847.0,1106656.0,28 29 30 31,41039.0,False
base,active,1062920.0,1099847.0,1109440.0,20 21 22 23 24 25 26 27,41033.0,False
base,active,1048795.0,1099847.0,1112353.0,0 1 2 3 4 5 6 7,40957.0,False
base,active,1086546.0,1104872.0,1104881.0,12,41087.0,False
base,active,,1104872.0,1104881.0,13 14 15,-1.0,
base,active,1086930.0,1104881.0,1134660.0,12 13 14 15,41092.0,False
base,active,1056151.0,1105728.0,1110816.0,96 97 98 99 100 101 102 103 104 105 106 107 108 109 110 111 112 113 114 115 116 117 118 119 120 121 122 123 124 125 126 127,41008.0,False
base,active,1105855.0,1106199.0,1106223.0,8,41340.0,False
base,active,,1106199.0,1106389.0,9 10 11,-1.0,
base,active,,1106223.0,1106389.0,8,-1.0,
base,active,1072573.0,1106389.0,1113969.0,8 9 10 11 16 17 18 19,41037.0,False
base,active,,1106656.0,1106956.0,28 29 30 31,-1.0,
base,switching_off,,1106956.0,1108756.0,28 29 30 31,-2.0,
base,switching_on,,1108756.0,1111456.0,28,-3.0,
base,sleeping,,1108756.0,1113228.0,29,-4.0,
base,sleeping,,1108756.0,1113295.0,30,-4.0,
base,sleeping,,1108756.0,1114304.0,31,-4.0,
base,active,1101506.0,1109440.0,1109509.0,20 21 22 23 24 25 26 27,41249.0,False
base,active,1107412.0,1109509.0,1111417.0,20 21 22 23 24 25 26 27,41366.0,False
base,active,1060063.0,1110558.0,1119025.0,32 33 34 35 36 37 38 39 40 41 42 43 44 45 46 47 48 49 50 51 52 53 54 55 56 57 58 59 60 61 62 63,41021.0,False
base,active,1062222.0,1110816.0,1117130.0,96 97 98 99 100 101 102 103 104 105 106 107 108 109 110 111 112 113 114 115 116 117 118 119 120 121 122 123 124 125 126 127,41029.0,False
base,active,,1111417.0,1111717.0,20 21 22 23 24 25 26 27,-1.0,
base,active,1107268.0,1111456.0,1111460.0,28,41361.0,False
base,active,,1111460.0,1111760.0,28,-1.0,
base,switching_off,,1111717.0,1113517.0,20 21 22 23 24 25 26 27,-2.0,
base,switching_off,,1111760.0,1113560.0,28,-2.0,
base,active,,1112353.0,1112465.0,0 1 2 3 4 5 6 7,-1.0,
base,active,,1112465.0,1112765.0,88 89 90 91 92 93 94 95,-1.0,
base,active,1062896.0,1112465.0,1122082.0,0 1 2 3 4 5 6 7 64 65 66 67 68 69 70 71 72 73 74 75 76 77 78 79 80 81 82 83 84 85 86 87,41032.0,False
base,switching_off,,1112765.0,1114565.0,88 89 90 91 92 93 94 95,-2.0,
base,switching_on,,1113228.0,1115928.0,29,-3.0,
base,switching_on,,1113295.0,1115995.0,30,-3.0,
base,sleeping,,1113517.0,1113969.0,20 21 22 23 24 25 26 27,-4.0,
base,sleeping,,1113560.0,1114133.0,28,-4.0,
base,active,,1113969.0,1116669.0,8 9 10 11 16 17 18 19,-1.0,
base,switching_on,,1113969.0,1116669.0,20 21 22 23 24 25 26 27,-3.0,
base,switching_on,,1114133.0,1116833.0,28,-3.0,
base,switching_on,,1114304.0,1117004.0,31,-3.0,
base,sleeping,,1114565.0,1116944.0,88 89 90,-4.0,
base,sleeping,,1114565.0,1118302.0,91 92 93,-4.0,
base,sleeping,,1114565.0,1119391.0,94 95,-4.0,
base,active,1113228.0,1115928.0,1115950.0,29,41421.0,False
base,active,1115636.0,1115950.0,1115969.0,29,41446.0,False
base,active,,1115969.0,1116269.0,29,-1.0,
base,active,1113295.0,1115995.0,1116010.0,30,41422.0,False
base,active,,1116010.0,1116310.0,30,-1.0,
base,switching_off,,1116269.0,1118069.0,29,-2.0,
base,switching_off,,1116310.0,1118110.0,30,-2.0,
base,active,1105152.0,1116669.0,1116761.0,8 9 10 11 16 17 18 19 20 21 22 23 24 25 26 27,41318.0,False
base,active,1105294.0,1116761.0,1116831.0,8 9 10 11 16 17 18 19 20 21 22 23 24 25 26 27,41321.0,False
base,active,1105390.0,1116831.0,1116887.0,8 9 10 11 16 17 18 19 20 21 22 23 24 25 26 27,41325.0,False
base,active,1114133.0,1116833.0,1116852.0,28,41434.0,False
base,active,,1116852.0,1119644.0,28,-1.0,
base,active,1105555.0,1116887.0,1116949.0,8 9 10 11 16 17 18 19 20 21 22 23 24 25 26 27,41328.0,False
base,switching_on,,1116944.0,1119644.0,88 89 90,-3.0,
base,active,1105627.0,1116949.0,1117019.0,8 9 10 11 16 17 18 19 20 21 22 23 24 25 26 27,41330.0,False
base,active,1114304.0,1117004.0,1117010.0,31,41438.0,False
base,active,,1117010.0,1117184.0,31,-1.0,
base,active,1105758.0,1117019.0,1117100.0,8 9 10 11 16 17 18 19 20 21 22 23 24 25 26 27,41337.0,False
base,active,1105864.0,1117100.0,1117173.0,8 9 10 11 16 17 18 19 20 21 22 23 24 25 26 27,41341.0,False
base,active,1101582.0,1117130.0,1117421.0,96 97 98 99 100 101 102 103 104 105 106 107 108 109 110 111 112 113 114 115 116 117 118 119 120 121 122 123 124 125 126 127,41250.0,False
base,active,1106049.0,1117173.0,1117245.0,8 9 10 11 16 17 18 19 20 21 22 23 24 25 26 27,41345.0,False
base,active,1117184.0,1117184.0,1117228.0,31,41457.0,False
base,active,,1117228.0,1117298.0,31,-1.0,
base,active,1106148.0,1117245.0,1117318.0,8 9 10 11 16 17 18 19 20 21 22 23 24 25 26 27,41348.0,False
base,active,1117298.0,1117298.0,1117318.0,31,41459.0,False
base,active,1106303.0,1117318.0,1117330.0,8 9 10 11 16 17 18 19 20 21 22 23 24 25 26 27,41351.0,False
base,active,,1117318.0,1117618.0,31,-1.0,
base,active,1106413.0,1117330.0,1117365.0,8 9 10 11 16 17 18 19 20 21 22 23 24 25 26 27,41352.0,False
base,active,1106511.0,1117365.0,1117425.0,8 9 10 11 16 17 18 19 20 21 22 23 24 25 26 27,41354.0,False
base,active,1102032.0,1117421.0,1117875.0,96 97 98 99 100 101 102 103 104 105 106 107 108 109 110 111 112 113 114 115 116 117 118 119 120 121 122 123 124 125 126 127,41259.0,False
base,active,1106572.0,1117425.0,1118086.0,8 9 10 11 16 17 18 19 20 21 22 23 24 25 26 27,41355.0,False
base,switching_off,,1117618.0,1119418.0,31,-2.0,
base,active,1108492.0,1117875.0,1117895.0,112 113 114 115 116 117 118 119 120 121 122 123 124 125 126 127,41374.0,False
base,active,1108017.0,1117875.0,1117939.0,96 97 98 99 100 101 102 103 104 105 106 107 108 109 110 111,41371.0,False
base,active,1108527.0,1117895.0,1118246.0,112 113 114 115 116 117 118 119 120 121 122 123 124 125 126 127,41375.0,False
base,active,1111945.0,1117939.0,1118002.0,96 97 98 99 100 101 102 103 104 105 106 107 108 109 110 111,41405.0,False
base,active,1112231.0,1118002.0,1118264.0,96 97 98 99 100 101 102 103 104 105 106 107 108 109 110 111,41410.0,False
base,sleeping,,1118069.0,1118148.0,29,-4.0,
base,active,1112796.0,1118086.0,1118335.0,8 9 10 11 16 17 18 19 20 21 22 23 24 25 26 27,41415.0,False
base,sleeping,,1118110.0,1118302.0,30,-4.0,
base,switching_on,,1118148.0,1120848.0,29,-3.0,
base,active,1113389.0,1118246.0,1118342.0,112 113 114 115 116 117 118 119 120 121 122 123 124 125 126 127,41425.0,False
base,active,1113801.0,1118264.0,1118429.0,96 97 98 99 100 101 102 103 104 105 106 107 108 109 110 111,41431.0,False
base,switching_on,,1118302.0,1121002.0,30 91 92 93,-3.0,
base,active,1113909.0,1118335.0,1118529.0,8 9 10 11 16 17 18 19 20 21 22 23 24 25 26 27,41432.0,False
base,active,1114047.0,1118342.0,1118419.0,112 113 114 115 116 117 118 119 120 121 122 123 124 125 126 127,41433.0,False
base,active,1114220.0,1118419.0,1118448.0,112 113 114 115 116 117 118 119 120 121 122 123 124 125 126 127,41436.0,False
base,active,1115466.0,1118429.0,1118458.0,96 97 98 99 100 101 102 103 104 105 106 107 108 109 110 111,41444.0,False
base,active,1115544.0,1118448.0,1118576.0,112 113 114 115 116 117 118 119 120 121 122 123 124 125 126 127,41445.0,False
base,active,1118067.0,1118458.0,1118511.0,96 97 98 99 100 101 102 103,41466.0,False
base,active,1118286.0,1118458.0,1118521.0,104 105 106 107 108 109 110 111,41469.0,False
base,active,,1118511.0,1118529.0,96 97 98 99 100 101 102 103,-1.0,
base,active,,1118521.0,1118529.0,104 105 106 107 108 109 110 111,-1.0,
base,active,1109491.0,1118529.0,1118665.0,8 9 10 11 16 17 18 19 20 21 22 23 24 25 26 27 96 97 98 99 100 101 102 103 104 105 106 107 108 109 110 111,41384.0,False
base,active,1118565.0,1118576.0,1118629.0,112 113 114 115 116 117 118 119,41473.0,False
base,active,,1118576.0,1118665.0,120 121 122 123 124 125 126 127,-1.0,
base,active,,1118629.0,1118665.0,112 113 114 115 116 117 118 119,-1.0,
base,active,1110410.0,1118665.0,1118697.0,96 97 98 99 100 101 102 103 104 105 106 107 108 109 110 111 112 113 114 115 116 117 118 119 120 121 122 123 124 125 126 127,41392.0,False
base,active,,1118665.0,1118831.0,8 9,-1.0,
base,active,,1118665.0,1118965.0,10 11 16 17 18 19 20 21 22 23 24 25 26 27,-1.0,
base,active,1110496.0,1118697.0,1118887.0,96 97 98 99 100 101 102 103 104 105 106 107 108 109 110 111 112 113 114 115 116 117 118 119 120 121 122 123 124 125 126 127,41395.0,False
base,active,1118831.0,1118831.0,1118961.0,8 9,41474.0,False
base,active,1116915.0,1118887.0,1118912.0,96 97 98 99 100 101 102 103 104 105 106 107 108 109 110 111 112 113 114 115 116 117 118 119 120 121 122 123 124 125 126 127,41454.0,False
base,active,,1118912.0,1119025.0,96 97 98 99 100 101 102 103 104 105 106 107 108 109 110 111 112 113 114 115 116 117 118 119 120 121 122 123 124 125,-1.0,
base,active,,1118912.0,1119083.0,126,-1.0,
base,active,,1118912.0,1119132.0,127,-1.0,
base,active,,1118961.0,1119025.0,8 9,-1.0,
base,switching_off,,1118965.0,1120765.0,10 11 16 17 18 19 20 21 22 23 24 25 26 27,-2.0,
base,active,1068541.0,1119025.0,1129960.0,8 9 32 33 34 35 36 37 38 39 40 41 42 43 44 45 46 47 48 49 50 51 52 53 54 55 56 57 58 59 60 61 62 63 96 97 98 99 100 101 102 103 104 105 106 107 108 109 110 111 112 113 114 115 116 117 118 119 120 121 122 123 124 125,41035.0,False
base,active,1119083.0,1119083.0,1119096.0,126,41477.0,False
base,active,,1119096.0,1119132.0,126,-1.0,
base,active,1119132.0,1119132.0,1119325.0,126 127,41479.0,False
base,active,,1119325.0,1122091.0,126 127,-1.0,
base,switching_on,,1119391.0,1122091.0,94 95,-3.0,
base,sleeping,,1119418.0,1119901.0,31,-4.0,
base,active,1116944.0,1119644.0,1119716.0,28 88 89 90,41455.0,False
base,active,1119696.0,1119716.0,1120004.0,28 88 89 90,41489.0,False
base,switching_on,,1119901.0,1122601.0,31,-3.0,
base,active,,1120004.0,1120304.0,28 88 89 90,-1.0,
base,switching_off,,1120304.0,1122104.0,28 88 89 90,-2.0,
base,sleeping,,1120765.0,1120891.0,22 23 24,-4.0,
base,sleeping,,1120765.0,1122104.0,25 26 27,-4.0,
base,switching_on,,1120765.0,1123465.0,10 11 16 17 18 19 20 21,-3.0,
base,active,1118148.0,1120848.0,1120866.0,29,41467.0,False
base,active,,1120866.0,1123591.0,29,-1.0,
base,switching_on,,1120891.0,1123591.0,22 23 24,-3.0,
base,active,1118302.0,1121002.0,1126784.0,30 91 92 93,41470.0,False
base,active,1072544.0,1122082.0,1129691.0,0 1 2 3 4 5 6 7 64 65 66 67 68 69 70 71 72 73 74 75 76 77 78 79 80 81 82 83 84 85 86 87,41036.0,False
base,active,1119391.0,1122091.0,1122314.0,94 95 126 127,41484.0,False
base,sleeping,,1122104.0,1122638.0,88 89 90,-4.0,
base,switching_on,,1122104.0,1124804.0,25 26 27 28,-3.0,
base,active,1122218.0,1122314.0,1122479.0,94 95 126 127,41517.0,False
base,active,,1122479.0,1125338.0,94 95 126 127,-1.0,
base,active,1119901.0,1122601.0,1122638.0,31,41491.0,False
base,active,,1122638.0,1125338.0,31,-1.0,
base,switching_on,,1122638.0,1125338.0,88 89 90,-3.0,
base,active,1118976.0,1123465.0,1123531.0,10 11 16 17 18 19 20 21,41476.0,False
base,active,1119769.0,1123531.0,1123592.0,10 11 16 17 18 19 20 21,41490.0,False
base,active,1120891.0,1123591.0,1124037.0,22 23 24 29,41501.0,False
base,active,1119906.0,1123592.0,1123642.0,10 11 16 17 18 19 20 21,41492.0,False
base,active,1120009.0,1123642.0,1123700.0,10 11 16 17 18 19 20 21,41493.0,False
base,active,1120238.0,1123700.0,1123782.0,10 11 16 17 18 19 20 21,41496.0,False
base,active,1120494.0,1123782.0,1123868.0,10 11 16 17 18 19 20 21,41497.0,False
base,active,1120615.0,1123868.0,1123926.0,10 11 16 17 18 19 20 21,41499.0,False
base,active,1120813.0,1123926.0,1123989.0,10 11 16 17 18 19 20 21,41500.0,False
base,active,1121194.0,1123989.0,1124131.0,10 11 16 17 18 19 20 21,41508.0,False
base,active,1123420.0,1124037.0,1124060.0,22 23 24 29,41527.0,False
base,active,1123455.0,1124060.0,1124080.0,22 23 24 29,41528.0,False
base,active,1123464.0,1124080.0,1124087.0,22,41529.0,False
base,active,,1124080.0,1124098.0,24,-1.0,
base,active,1123479.0,1124080.0,1124101.0,23,41530.0,False
base,active,,1124080.0,1124267.0,29,-1.0,
base,active,,1124087.0,1124098.0,22,-1.0,
base,active,1124098.0,1124098.0,1124267.0,22 24,41539.0,False
base,active,,1124101.0,1124267.0,23,-1.0,
base,active,1121821.0,1124131.0,1131394.0,10 11 16 17 18 19 20 21,41515.0,False
base,active,1123560.0,1124267.0,1124291.0,22 23 24 29,41532.0,False
base,active,1123615.0,1124291.0,1124334.0,22 23 24 29,41533.0,False
base,active,1123863.0,1124334.0,1124428.0,22 23 24 29,41535.0,False
base,active,1124189.0,1124428.0,1129323.0,22 23 24 29,41542.0,False
base,active,1121706.0,1124804.0,1125087.0,25 26 27 28,41512.0,False
base,active,,1125087.0,1125387.0,25 26 27 28,-1.0,
base,active,1119689.0,1125338.0,1125394.0,31 88 89 90 94 95 126 127,41488.0,False
base,switching_off,,1125387.0,1127187.0,25 26 27 28,-2.0,
base,active,1122625.0,1125394.0,1125434.0,31 88 89 90 94 95 126 127,41522.0,False
base,active,1122891.0,1125434.0,1125474.0,31 88 89 90 94 95 126 127,41524.0,False
base,active,1123047.0,1125474.0,1125533.0,31 88 89 90 94 95 126 127,41525.0,False
base,active,1123507.0,1125533.0,1125608.0,31 88 89 90 94 95 126 127,41531.0,False
base,active,1123940.0,1125608.0,1125649.0,31 88 89 90 94 95 126 127,41536.0,False
base,active,1123996.0,1125649.0,1125711.0,31 88 89 90 94 95 126 127,41537.0,False
base,active,1124433.0,1125711.0,1126409.0,31 88 89 90 94 95 126 127,41545.0,False
base,active,1125648.0,1126409.0,1126917.0,31 88 89 90,41548.0,False
base,active,1125656.0,1126409.0,1127438.0,94 95 126 127,41549.0,False
base,active,1126732.0,1126784.0,1127230.0,30 91 92 93,41555.0,False
base,active,,1126917.0,1127063.0,31 88 89 90,-1.0,
base,active,1127063.0,1127063.0,1127085.0,31 88 89 90,41557.0,False
base,active,,1127085.0,1127211.0,31 88 89 90,-1.0,
base,sleeping,,1127187.0,1127894.0,25,-4.0,
base,sleeping,,1127187.0,1128873.0,26,-4.0,
base,sleeping,,1127187.0,1129854.0,27 28,-4.0,
base,active,1127211.0,1127211.0,1128292.0,31 88 89 90,41558.0,False
base,active,,1127230.0,1127250.0,30,-1.0,
base,active,,1127230.0,1127530.0,91 92 93,-1.0,
base,active,1127250.0,1127250.0,1127306.0,30,41559.0,False
base,active,,1127306.0,1127606.0,30,-1.0,
base,active,,1127438.0,1127738.0,94 95 126 127,-1.0,
base,switching_off,,1127530.0,1129330.0,91 92 93,-2.0,
base,switching_off,,1127606.0,1129406.0,30,-2.0,
base,switching_off,,1127738.0,1129538.0,94 95 126 127,-2.0,
base,switching_on,,1127894.0,1130594.0,25,-3.0,
base,active,,1128292.0,1128592.0,31 88 89 90,-1.0,
base,switching_off,,1128592.0,1130392.0,31 88 89 90,-2.0,
base,switching_on,,1128873.0,1131573.0,26,-3.0,
base,active,1129076.0,1129323.0,1129331.0,22 23 24 29,41571.0,False
base,sleeping,,1129330.0,1129854.0,91 92 93,-4.0,
base,active,,1129331.0,1129631.0,22 23 24 29,-1.0,
base,sleeping,,1129406.0,1129854.0,30,-4.0,
base,sleeping,,1129538.0,1129854.0,94 95,-4.0,
base,sleeping,,1129538.0,1130244.0,127,-4.0,
base,sleeping,,1129538.0,1130392.0,126,-4.0,
base,switching_off,,1129631.0,1131431.0,22 23 24 29,-2.0,
base,active,1079691.0,1129691.0,1136560.0,0 1 2 3 4 5 6 7 64 65 66 67 68 69 70 71 72 73 74 75 76 77 78 79 80 81 82 83 84 85 86 87,41038.0,False
base,switching_on,,1129854.0,1132554.0,27 28 30 91 92 93 94 95,-3.0,
base,active,1086575.0,1129960.0,1140899.0,8 9 32 33 34 35 36 37 38 39 40 41 42 43 44 45 46 47 48 49 50 51 52 53 54 55 56 57 58 59 60 61 62 63 96 97 98 99 100 101 102 103 104 105 106 107 108 109 110 111 112 113 114 115 116 117 118 119 120 121 122 123 124 125,41088.0,False
base,switching_on,,1130244.0,1132944.0,127,-3.0,
base,sleeping,,1130392.0,1131394.0,31,-4.0,
base,switching_on,,1130392.0,1133092.0,88 89 90 126,-3.0,
base,active,1127894.0,1130594.0,1130620.0,25,41566.0,False
base,active,,1130620.0,1130920.0,25,-1.0,
base,switching_off,,1130920.0,1132720.0,25,-2.0,
base,active,1130041.0,1131394.0,1131511.0,11 16 17 18,41579.0,False
base,active,,1131394.0,1131566.0,10,-1.0,
base,active,,1131394.0,1134094.0,19 20 21,-1.0,
base,switching_on,,1131394.0,1134094.0,31,-3.0,
base,switching_on,,1131431.0,1134131.0,22 23 24 29,-3.0,
base,active,1130226.0,1131511.0,1131687.0,11 16 17 18,41582.0,False
base,active,1131566.0,1131566.0,1131588.0,10,41593.0,False
base,active,1128873.0,1131573.0,1131594.0,26,41569.0,False
base,active,,1131588.0,1131888.0,10,-1.0,
base,active,,1131594.0,1131687.0,26,-1.0,
base,active,1130247.0,1131687.0,1131764.0,16 17 18 26,41584.0,False
base,active,,1131687.0,1131987.0,11,-1.0,
base,active,1130903.0,1131764.0,1131839.0,16 17 18 26,41588.0,False
base,active,,1131839.0,1132139.0,16 17 18 26,-1.0,
base,switching_off,,1131888.0,1133688.0,10,-2.0,
base,switching_off,,1131987.0,1133787.0,11,-2.0,
base,switching_off,,1132139.0,1133939.0,16 17 18 26,-2.0,
base,active,1129854.0,1132554.0,1132986.0,27 28 30 91 92 93 94 95,41574.0,False
base,switching_on,,1132720.0,1135420.0,25,-3.0,
base,active,1130244.0,1132944.0,1132973.0,127,41583.0,False
base,active,,1132973.0,1133273.0,127,-1.0,
base,active,,1132986.0,1133115.0,92 93 94 95,-1.0,
base,active,1129885.0,1132986.0,1138127.0,27 28 30 91,41576.0,False
base,active,1129864.0,1133092.0,1133115.0,88 89 90 126,41575.0,False
base,active,1130353.0,1133115.0,1139962.0,88 89 90 92 93 94 95 126,41586.0,False
base,switching_off,,1133273.0,1135073.0,127,-2.0,
base,sleeping,,1133688.0,1135135.0,10,-4.0,
base,sleeping,,1133787.0,1135135.0,11,-4.0,
base,sleeping,,1133939.0,1135135.0,16 17,-4.0,
base,sleeping,,1133939.0,1135927.0,18,-4.0,
base,sleeping,,1133939.0,1136230.0,26,-4.0,
base,active,1129907.0,1134094.0,1134130.0,19 20 21 31,41577.0,False
base,active,,1134130.0,1134260.0,19,-1.0,
base,active,,1134130.0,1134430.0,20 21 31,-1.0,
base,active,1130173.0,1134131.0,1134152.0,22 23 24 29,41581.0,False
base,active,,1134152.0,1134452.0,22 23 24 29,-1.0,
base,active,1134260.0,1134260.0,1134374.0,19,41605.0,False
base,active,,1134374.0,1134674.0,19,-1.0,
base,switching_off,,1134430.0,1136230.0,20 21 31,-2.0,
base,switching_off,,1134452.0,1136252.0,22 23 24 29,-2.0,
base,active,,1134660.0,1134731.0,12,-1.0,
base,active,,1134660.0,1134960.0,13 14 15,-1.0,
base,switching_off,,1134674.0,1136474.0,19,-2.0,
base,active,1134731.0,1134731.0,1134753.0,12,41607.0,False
base,active,,1134753.0,1135009.0,12,-1.0,
base,switching_off,,1134960.0,1136760.0,13 14 15,-2.0,
base,active,1135009.0,1135009.0,1135034.0,12,41608.0,False
base,active,,1135034.0,1135075.0,12,-1.0,
base,sleeping,,1135073.0,1141744.0,127,-4.0,
base,active,1135075.0,1135075.0,1135190.0,12,41610.0,False
base,switching_on,,1135135.0,1137835.0,10 11 16 17,-3.0,
base,active,,1135190.0,1135490.0,12,-1.0,
base,active,1132369.0,1135420.0,1135439.0,25,41595.0,False
base,active,,1135439.0,1135739.0,25,-1.0,
base,switching_off,,1135490.0,1137290.0,12,-2.0,
base,switching_off,,1135739.0,1137539.0,25,-2.0,
base,switching_on,,1135927.0,1138627.0,18,-3.0,
base,switching_on,,1136230.0,1138930.0,20 21 26 31,-3.0,
base,sleeping,,1136252.0,1139962.0,22 23 24,-4.0,
base,sleeping,,1136252.0,1140428.0,29,-4.0,
base,sleeping,,1136474.0,1137050.0,19,-4.0,
base,active,1086862.0,1136560.0,1166408.0,0 1 2 3 4 5 6 7 64 65 66 67 68 69 70 71 72 73 74 75 76 77 78 79 80 81 82 83 84 85 86 87,41091.0,False
base,sleeping,,1136760.0,1136939.0,13,-4.0,
base,sleeping,,1136760.0,1136960.0,14,-4.0,
base,sleeping,,1136760.0,1137016.0,15,-4.0,
base,switching_on,,1136939.0,1139639.0,13,-3.0,
base,switching_on,,1136960.0,1139660.0,14,-3.0,
base,switching_on,,1137016.0,1139716.0,15,-3.0,
base,switching_on,,1137050.0,1139750.0,19,-3.0,
base,sleeping,,1137290.0,1139962.0,12,-4.0,
base,sleeping,,1137539.0,1139962.0,25,-4.0,
base,active,1135135.0,1137835.0,1138362.0,10 11 16 17,41611.0,False
base,active,,1138127.0,1138427.0,27 28 30 91,-1.0,
base,active,,1138362.0,1138606.0,10,-1.0,
base,active,,1138362.0,1138662.0,11 16 17,-1.0,
base,switching_off,,1138427.0,1140227.0,27 28 30 91,-2.0,
base,active,1138606.0,1138606.0,1138623.0,10,41629.0,False
base,active,,1138623.0,1138683.0,10,-1.0,
base,active,1135927.0,1138627.0,1138647.0,18,41619.0,False
base,active,,1138647.0,1138947.0,18,-1.0,
base,switching_off,,1138662.0,1140462.0,11 16 17,-2.0,
base,active,1138683.0,1138683.0,1138700.0,10,41630.0,False
base,active,,1138700.0,1139000.0,10,-1.0,
base,active,1135748.0,1138930.0,1143529.0,20 21 26 31,41615.0,False
base,switching_off,,1138947.0,1140747.0,18,-2.0,
base,switching_off,,1139000.0,1140800.0,10,-2.0,
base,active,1136939.0,1139639.0,1139644.0,13,41622.0,False
base,active,,1139644.0,1139944.0,13,-1.0,
base,active,1136960.0,1139660.0,1139688.0,14,41623.0,False
base,active,,1139688.0,1142662.0,14,-1.0,
base,active,1137016.0,1139716.0,1139733.0,15,41624.0,False
base,active,,1139733.0,1142662.0,15,-1.0,
base,active,1137050.0,1139750.0,1139849.0,19,41625.0,False
base,active,,1139849.0,1142662.0,19,-1.0,
base,switching_off,,1139944.0,1141744.0,13,-2.0,
base,active,,1139962.0,1142662.0,88 89 90 92 93 94 95 126,-1.0,
base,switching_on,,1139962.0,1142662.0,12 22 23 24 25,-3.0,
base,sleeping,,1140227.0,1140428.0,27 28 30,-4.0,
base,sleeping,,1140227.0,1141744.0,91,-4.0,
base,switching_on,,1140428.0,1143128.0,27 28 29 30,-3.0,
base,sleeping,,1140462.0,1141744.0,11 16 17,-4.0,
base,sleeping,,1140747.0,1141744.0,18,-4.0,
base,sleeping,,1140800.0,1141744.0,10,-4.0,
base,active,1104211.0,1140899.0,1140946.0,8 9 32 33 34 35 36 37 38 39 40 41 42 43 44 45 46 47 48 49 50 51 52 53 54 55 56 57 58 59 60 61 62 63 96 97 98 99 100 101 102 103 104 105 106 107 108 109 110 111 112 113 114 115 116 117 118 119 120 121 122 123 124 125,41301.0,False
base,active,1104325.0,1140946.0,1141131.0,8 9 32 33 34 35 36 37 38 39 40 41 42 43 44 45 46 47 48 49 50 51 52 53 54 55 56 57 58 59 60 61 62 63 96 97 98 99 100 101 102 103 104 105 106 107 108 109 110 111 112 113 114 115 116 117 118 119 120 121 122 123 124 125,41305.0,False
base,active,1107372.0,1141131.0,1143077.0,62 63 96 97 98 99 100 101 102 103 104 105 106 107 108 109 110 111 112 113 114 115 116 117 118 119 120 121 122 123 124 125,41365.0,False
base,active,1105881.0,1141131.0,1148365.0,8 9 32 33 34 35 36 37 38 39 40 41 42 43 44 45 46 47 48 49 50 51 52 53 54 55 56 57 58 59 60 61,41342.0,False
base,switching_on,,1141744.0,1144444.0,10 11 13 16 17 18 91 127,-3.0,
base,active,1121503.0,1142662.0,1142852.0,12 14 15 19 22 23 24 25 88 89 90 92 93 94 95 126,41510.0,False
base,active,1142035.0,1142852.0,1142862.0,14,41639.0,False
base,active,1142029.0,1142852.0,1142873.0,12,41638.0,False
base,active,,1142852.0,1143077.0,15 19 22 23 24 25 88 89 90 92 93 94 95,-1.0,
base,active,,1142852.0,1143152.0,126,-1.0,
base,active,,1142862.0,1143077.0,14,-1.0,
base,active,,1142873.0,1143077.0,12,-1.0,
base,active,,1143077.0,1143377.0,111 112 113 114 115 116 117 118 119 120 121 122 123 124 125,-1.0,
base,active,1111112.0,1143077.0,1143543.0,12 14 15 19 22 23 24 25 62 63 88 89 90 92 93 94 95 96 97 98 99 100 101 102 103 104 105 106 107 108 109 110,41400.0,False
base,active,1140428.0,1143128.0,1167234.0,27 28 29 30,41635.0,False
base,switching_off,,1143152.0,1144952.0,126,-2.0,
base,switching_off,,1143377.0,1145177.0,111 112 113 114 115 116 117 118 119 120 121 122 123 124 125,-2.0,
base,active,,1143529.0,1143543.0,20 21 26 31,-1.0,
base,active,,1143543.0,1143843.0,107 108 109 110,-1.0,
base,active,1112252.0,1143543.0,1143845.0,12 14 15 19 20 21 22 23 24 25 26 31 62 63 88 89 90 92 93 94 95 96 97 98 99 100 101 102 103 104 105 106,41411.0,False
base,switching_off,,1143843.0,1145643.0,107 108 109 110,-2.0,
base,active,1112738.0,1143845.0,1144157.0,12 14 15 19 20 21 22 23 24 25 26 31 62 63 88 89 90 92 93 94 95 96 97 98 99 100 101 102 103 104 105 106,41414.0,False
base,active,1113311.0,1144157.0,1144906.0,12 14 15 19 20 21 22 23 24 25 26 31 62 63 88 89 90 92 93 94 95 96 97 98 99 100 101 102 103 104 105 106,41423.0,False
base,active,1140739.0,1144444.0,1168234.0,10 11 13 16 17 18 91 127,41637.0,False
base,active,1113568.0,1144906.0,1145237.0,12 14 15 19 20 21 22 23 24 25 26 31 62 63 88 89 90 92 93 94 95 96 97 98 99 100 101 102 103 104 105 106,41428.0,False
base,switching_on,,1144952.0,1147652.0,126,-3.0,
base,switching_on,,1145177.0,1147877.0,111,-3.0,
base,sleeping,,1145177.0,1162001.0,112 113 114,-4.0,
base,sleeping,,1145177.0,1162757.0,115 116 117 118,-4.0,
base,sleeping,,1145177.0,1162935.0,119 120 121 122,-4.0,
base,sleeping,,1145177.0,1163021.0,123 124 125,-4.0,
base,active,1114155.0,1145237.0,1148233.0,12 14 15 19 20 21 22 23 24 25 26 31 62 63 88 89 90 92 93 94 95 96 97 98 99 100 101 102 103 104 105 106,41435.0,False
base,sleeping,,1145643.0,1146905.0,107,-4.0,
base,sleeping,,1145643.0,1149560.0,108,-4.0,
base,sleeping,,1145643.0,1150679.0,109,-4.0,
base,sleeping,,1145643.0,1161140.0,110,-4.0,
base,switching_on,,1146905.0,1149605.0,107,-3.0,
base,active,1144461.0,1147652.0,1147672.0,126,41641.0,False
base,active,,1147672.0,1147972.0,126,-1.0,
base,active,1144465.0,1147877.0,1147885.0,111,41642.0,False
base,active,,1147885.0,1148023.0,111,-1.0,
base,switching_off,,1147972.0,1149772.0,126,-2.0,
base,active,1148023.0,1148023.0,1148040.0,111,41646.0,False
base,active,,1148040.0,1148340.0,111,-1.0,
base,active,1117095.0,1148233.0,1148559.0,12 14 15 19 20 21 22 23 24 25 26 31 62 63 88 89 90 92 93 94 95 96 97 98 99 100 101 102 103 104 105 106,41456.0,False
base,switching_off,,1148340.0,1150140.0,111,-2.0,
base,active,1117319.0,1148365.0,1150099.0,8 9 32 33 34 35 36 37 38 39 40 41 42 43 44 45 46 47 48 49 50 51 52 53 54 55 56 57 58 59 60 61,41460.0,False
base,active,1118215.0,1148559.0,1154428.0,12 14 15 19 20 21 22 23 24 25 26 31 62 63 88 89 90 92 93 94 95 96 97 98 99 100 101 102 103 104 105 106,41468.0,False
base,switching_on,,1149560.0,1152260.0,108,-3.0,
base,active,1146905.0,1149605.0,1149631.0,107,41644.0,False
base,active,,1149631.0,1149931.0,107,-1.0,
base,sleeping,,1149772.0,1163021.0,126,-4.0,
base,switching_off,,1149931.0,1151731.0,107,-2.0,
base,active,1118411.0,1150099.0,1150223.0,8 9 32 33 34 35 36 37 38 39 40 41 42 43 44 45 46 47 48 49 50 51 52 53 54 55 56 57 58 59 60 61,41472.0,False
base,sleeping,,1150140.0,1162001.0,111,-4.0,
base,active,1119098.0,1150223.0,1150978.0,8 9 32 33 34 35 36 37 38 39 40 41 42 43 44 45 46 47 48 49 50 51 52 53 54 55 56 57 58 59 60 61,41478.0,False
base,switching_on,,1150679.0,1153379.0,109,-3.0,
base,active,1119354.0,1150978.0,1151116.0,8 9 32 33 34 35 36 37 38 39 40 41 42 43 44 45 46 47 48 49 50 51 52 53 54 55 56 57 58 59 60 61,41482.0,False
base,active,1119559.0,1151116.0,1151667.0,8 9 32 33 34 35 36 37 38 39 40 41 42 43 44 45 46 47 48 49 50 51 52 53 54 55 56 57 58 59 60 61,41487.0,False
base,active,1120025.0,1151667.0,1158890.0,8 9 32 33 34 35 36 37 38 39 40 41 42 43 44 45 46 47 48 49 50 51 52 53 54 55 56 57 58 59 60 61,41494.0,False
base,sleeping,,1151731.0,1161140.0,107,-4.0,
base,active,1149560.0,1152260.0,1152285.0,108,41647.0,False
base,active,,1152285.0,1152585.0,108,-1.0,
base,switching_off,,1152585.0,1154385.0,108,-2.0,
base,active,1150679.0,1153379.0,1153388.0,109,41648.0,False
base,active,,1153388.0,1153688.0,109,-1.0,
base,switching_off,,1153688.0,1155488.0,109,-2.0,
base,sleeping,,1154385.0,1161140.0,108,-4.0,
base,active,1121170.0,1154428.0,1154593.0,12 14 15 19 20 21 22 23 24 25 26 31 62 63 88 89 90 92 93 94 95 96 97 98 99 100 101 102 103 104 105 106,41507.0,False
base,active,1121405.0,1154593.0,1154933.0,12 14 15 19 20 21 22 23 24 25 26 31 62 63 88 89 90 92 93 94 95 96 97 98 99 100 101 102 103 104 105 106,41509.0,False
base,active,1121756.0,1154933.0,1154944.0,12 14 15 19 20 21 22 23 24 25 26 31 62 63 88 89 90 92 93 94 95 96 97 98 99 100 101 102 103 104 105 106,41513.0,False
base,active,1121791.0,1154944.0,1162237.0,12 14 15 19 20 21 22 23 24 25 26 31 62 63 88 89 90 92 93 94 95 96 97 98 99 100 101 102 103 104 105 106,41514.0,False
base,sleeping,,1155488.0,1161140.0,109,-4.0,
base,active,1124118.0,1158890.0,1163856.0,8 9 32 33 34 35 36 37 38 39 40 41 42 43 44 45 46 47 48 49 50 51 52 53 54 55 56 57 58 59 60 61,41541.0,False
base,switching_on,,1161140.0,1163840.0,107 108 109 110,-3.0,
base,switching_on,,1162001.0,1164701.0,111 112 113 114,-3.0,
base,active,1127375.0,1162237.0,1163328.0,12 14 15 19 20 21 22 23 24 25 26 31 62 63 88 89 90 92 93 94 95 96 97 98 99 100 101 102 103 104 105 106,41562.0,False
base,switching_on,,1162757.0,1165457.0,115 116 117 118,-3.0,
base,switching_on,,1162935.0,1165635.0,119 120 121 122,-3.0,
base,switching_on,,1163021.0,1165721.0,123 124 125 126,-3.0,
base,active,1128506.0,1163328.0,1163906.0,12 14 15 19 20 21 22 23 24 25 26 31 62 63 88 89 90 92 93 94 95 96 97 98 99 100 101 102 103 104 105 106,41568.0,False
base,active,1161140.0,1163840.0,1164015.0,107 108 109 110,41651.0,False
base,active,1129766.0,1163856.0,1169115.0,8 9 32 33 34 35 36 37 38 39 40 41 42 43 44 45 46 47 48 49 50 51 52 53 54 55 56 57 58 59 60 61,41572.0,False
base,active,1129789.0,1163906.0,1164403.0,12 14 15 19 20 21 22 23 24 25 26 31 62 63 88 89 90 92 93 94 95 96 97 98 99 100 101 102 103 104 105 106,41573.0,False
base,active,1163198.0,1164015.0,1164037.0,107 108,41656.0,False
base,active,,1164015.0,1164315.0,109 110,-1.0,
base,active,,1164037.0,1164337.0,107 108,-1.0,
base,switching_off,,1164315.0,1166115.0,109 110,-2.0,
base,switching_off,,1164337.0,1166137.0,107 108,-2.0,
base,active,1129910.0,1164403.0,1166860.0,12 14 15 19 20 21 22 23 24 25 26 31 62 63 88 89 90 92 93 94 95 96 97 98 99 100 101 102 103 104 105 106,41578.0,False
base,active,1162001.0,1164701.0,1165139.0,111 112 113 114,41652.0,False
base,active,,1165139.0,1165439.0,111 112 113 114,-1.0,
base,switching_off,,1165439.0,1167239.0,111 112 113 114,-2.0,
base,active,1162757.0,1165457.0,1165595.0,115 116 117 118,41653.0,False
base,active,,1165595.0,1165895.0,115 116 117 118,-1.0,
base,active,1162935.0,1165635.0,1165660.0,119 120 121 122,41654.0,False
base,active,,1165660.0,1165960.0,119 120 121 122,-1.0,
base,active,1163021.0,1165721.0,1165744.0,123 124 125 126,41655.0,False
base,active,,1165744.0,1166044.0,123 124 125 126,-1.0,
base,switching_off,,1165895.0,1167695.0,115 116 117 118,-2.0,
base,switching_off,,1165960.0,1167760.0,119 120 121 122,-2.0,
base,switching_off,,1166044.0,1167844.0,123 124 125 126,-2.0,
base,sleeping,,1166115.0,1170334.0,109 110,-4.0,
base,sleeping,,1166137.0,1170334.0,107 108,-4.0,
base,active,1130316.0,1166408.0,1173289.0,0 1 2 3 4 5 6 7 64 65 66 67 68 69 70 71 72 73 74 75 76 77 78 79 80 81 82 83 84 85 86 87,41585.0,False
base,active,1132446.0,1166860.0,1167636.0,12 14 15 19 20 21 22 23 24 25 26 31 62 63 88 89 90 92 93 94 95 96 97 98 99 100 101 102 103 104 105 106,41597.0,False
base,active,,1167234.0,1167534.0,27 28 29 30,-1.0,
base,sleeping,,1167239.0,1170334.0,111 112 113 114,-4.0,
base,switching_off,,1167534.0,1169334.0,27 28 29 30,-2.0,
base,active,1133346.0,1167636.0,1171248.0,12 14 15 19 20 21 22 23 24 25 26 31 62 63 88 89 90 92 93 94 95 96 97 98 99 100 101 102 103 104 105 106,41599.0,False
base,sleeping,,1167695.0,1170334.0,115 116 117 118,-4.0,
base,sleeping,,1167760.0,1170334.0,119 120 121 122,-4.0,
base,sleeping,,1167844.0,1170334.0,123 124 125 126,-4.0,
base,active,,1168234.0,1168534.0,10 11 13 16 17 18 91 127,-1.0,
base,switching_off,,1168534.0,1170334.0,10 11 13 16 17 18 91 127,-2.0,
base,active,1135066.0,1169115.0,1169710.0,8 9 32 33 34 35 36 37 38 39 40 41 42 43 44 45 46 47 48 49 50 51 52 53 54 55 56 57 58 59 60 61,41609.0,False
base,sleeping,,1169334.0,1170334.0,27 28 29 30,-4.0,
base,active,1135682.0,1169710.0,1174374.0,8 9 32 33 34 35 36 37 38 39 40 41 42 43 44 45 46 47 48 49 50 51 52 53 54 55 56 57 58 59 60 61,41613.0,False
base,switching_on,,1170334.0,1173034.0,10 11 13 16 17 18 27 28 29 30 91 107 108 109 110 111 112 113 114 115 116 117 118 119 120 121 122 123 124 125 126 127,-3.0,
base,active,1138729.0,1171248.0,1172123.0,12 14 15 19 20 21 22 23 24 25 26 31 62 63 88 89 90 92 93 94 95 96 97 98 99 100 101 102 103 104 105 106,41631.0,False
base,active,1139648.0,1172123.0,1174499.0,12 14 15 19 20 21 22 23 24 25 26 31 62 63 88 89 90 92 93 94 95 96 97 98 99 100 101 102 103 104 105 106,41632.0,False
base,active,1137079.0,1173034.0,1174637.0,10 11 13 16 17 18 27 28 29 30 91 107 108 109 110 111 112 113 114 115 116 117 118 119 120 121 122 123 124 125 126 127,41626.0,False
base,active,1139994.0,1173289.0,1173301.0,0 1 2 3 4 5 6 7 64 65 66 67 68 69 70 71 72 73 74 75 76 77 78 79 80 81 82 83 84 85 86 87,41633.0,False
base,active,1140363.0,1173301.0,1187863.0,0 1 2 3 4 5 6 7 64 65 66 67 68 69 70 71 72 73 74 75 76 77 78 79 80 81 82 83 84 85 86 87,41634.0,False
base,active,1140707.0,1174374.0,1198196.0,8 9 32 33 34 35 36 37 38 39 40 41 42 43 44 45 46 47 48 49 50 51 52 53 54 55 56 57 58 59 60 61,41636.0,False
base,active,1142079.0,1174499.0,1176879.0,12 14 15 19 20 21 22 23 24 25 26 31 62 63 88 89 90 92 93 94 95 96 97 98 99 100 101 102 103 104 105 106,41640.0,False
base,active,1144510.0,1174637.0,1177030.0,10 11 13 16 17 18 27 28 29 30 91 107 108 109 110 111 112 113 114 115 116 117 118 119 120 121 122 123 124 125 126 127,41643.0,False
base,active,1147227.0,1176879.0,1179210.0,12 14 15 19 20 21 22 23 24 25 26 31 62 63 88 89 90 92 93 94 95 96 97 98 99 100 101 102 103 104 105 106,41645.0,False
base,active,1150790.0,1177030.0,1177864.0,10 11 13 16 17 18 27 28 29 30 91 107 108 109 110 111 112 113 114 115 116 117 118 119 120 121 122 123 124 125 126 127,41649.0,False
base,active,,1177864.0,1178164.0,10 11 13 16 17 18 27 28 29 30 91 107 108 109 110 111 112 113 114 115 116 117 118 119 120 121 122 123 124 125 126 127,-1.0,
base,switching_off,,1178164.0,1179964.0,10 11 13 16 17 18 27 28 29 30 91 107 108 109 110 111 112 113 114 115 116 117 118 119 120 121 122 123 124 125 126 127,-2.0,
base,active,,1179210.0,1179510.0,12 14 15 19 20 21 22 23 24 25 26 31 62 63 88 89 90 92 93 94 95 96 97 98 99 100 101 102 103 104 105 106,-1.0,
base,switching_off,,1179510.0,1181310.0,12 14 15 19 20 21 22 23 24 25 26 31 62 63 88 89 90 92 93 94 95 96 97 98 99 100 101 102 103 104 105 106,-2.0,
base,sleeping,,1179964.0,1181310.0,10 11 13 16 17 18 27 28 29 30 91 107 108 109 110 111 112 113 114 115 116 117 118 119 120 121 122 123 124 125 126 127,-4.0,
base,switching_on,,1181310.0,1184010.0,10 11 12 13 14 15 16 17 18 19 20 21 22 23 24 25 26 27 28 29 30 31 62 63 88 89 90 91 92 93 94 95 96 97 98 99 100 101 102 103 104 105 106 107 108 109 110 111 112 113 114 115 116 117 118 119 120 121 122 123 124 125 126 127,-3.0,
base,active,1154931.0,1184010.0,1193606.0,10 11 12 13 14 15 16 17 18 19 20 21 22 23 24 25 26 27 28 29 30 31 62 63 88 89 90 91 92 93 94 95 96 97 98 99 100 101 102 103 104 105 106 107 108 109 110 111 112 113 114 115 116 117 118 119 120 121 122 123 124 125 126 127,41650.0,False
base,active,,1187863.0,1188163.0,0 1 2 3 4 5 6 7 64 65 66 67 68 69 70 71 72 73 74 75 76 77 78 79 80 81 82 83 84 85 86 87,-1.0,
base,switching_off,,1188163.0,1189963.0,0 1 2 3 4 5 6 7 64 65 66 67 68 69 70 71 72 73 74 75 76 77 78 79 80 81 82 83 84 85 86 87,-2.0,
base,sleeping,,1189963.0,1682786.0,0 1 2 3 4 5 6 7,-4.0,
base,sleeping,,1189963.0,1683107.0,64 65 66 67 68 69 70 71 72 73 74 75 76 77 78 79 80 81 82 83 84 85 86 87,-4.0,
base,active,1164538.0,1193606.0,1198743.0,10 11 12 13 14 15 16 17 18 19 20 21 22 23 24 25 26 27 28 29 30 31 62 63 88 89 90 91 92 93 94 95 96 97 98 99 100 101 102 103 104 105 106 107 108 109 110 111 112 113 114 115 116 117 118 119 120 121 122 123 124 125 126 127,41657.0,False
base,active,,1198196.0,1198496.0,8 9 32 33 34 35 36 37 38 39 40 41 42 43 44 45 46 47 48 49 50 51 52 53 54 55 56 57 58 59 60 61,-1.0,
base,switching_off,,1198496.0,1200296.0,8 9 32 33 34 35 36 37 38 39 40 41 42 43 44 45 46 47 48 49 50 51 52 53 54 55 56 57 58 59 60 61,-2.0,
base,active,,1198743.0,1199043.0,10 11 12 13 14 15 16 17 18 19 20 21 22 23 24 25 26 27 28 29 30 31 62 63 88 89 90 91 92 93 94 95 96 97 98 99 100 101 102 103 104 105 106 107 108 109 110 111 112 113 114 115 116 117 118 119 120 121 122 123 124 125 126 127,-1.0,
base,switching_off,,1199043.0,1200843.0,10 11 12 13 14 15 16 17 18 19 20 21 22 23 24 25 26 27 28 29 30 31 62 63 88 89 90 91 92 93 94 95 96 97 98 99 100 101 102 103 104 105 106 107 108 109 110 111 112 113 114 115 116 117 118 119 120 121 122 123 124 125 126 127,-2.0,
base,sleeping,,1200296.0,1682786.0,8 9 32 33 34 35 36 37 38 39 40 41 42 43 44 45 46 47 48 49 50 51 52 53 54 55 56 57 58 59 60 61,-4.0,
base,sleeping,,1200843.0,1682786.0,10 11 12 13 14 15 16 17 18 19 20 21 22 23 24 25 26 27 28 29 30 31 62 63,-4.0,
base,sleeping,,1200843.0,1683107.0,88 89 90 91 92 93 94 95 96 97 98 99 100 101 102 103 104 105 106 107 108 109 110 111 112 113 114 115 116 117 118 119 120 121 122 123 124 125 126 127,-4.0,
base,switching_on,,1682786.0,1685486.0,0 1 2 3 4 5 6 7 8 9 10 11 12 13 14 15 16 17 18 19 20 21 22 23 24 25 26 27 28 29 30 31 32 33 34 35 36 37 38 39 40 41 42 43 44 45 46 47 48 49 50 51 52 53 54 55 56 57 58 59 60 61 62 63,-3.0,
base,switching_on,,1683107.0,1685807.0,64 65 66 67 68 69 70 71 72 73 74 75 76 77 78 79 80 81 82 83 84 85 86 87 88 89 90 91 92 93 94 95 96 97 98 99 100 101 102 103 104 105 106 107 108 109 110 111 112 113 114 115 116 117 118 119 120 121 122 123 124 125 126 127,-3.0,
base,active,1682786.0,1685486.0,1685792.0,0 1 2 3 4 5 6 7 8 9 10 11 12 13 14 15 16 17 18 19 20 21 22 23 24 25 26 27 28 29 30 31 32 33 34 35 36 37 38 39 40 41 42 43 44 45 46 47 48 49 50 51 52 53 54 55 56 57 58 59 60 61 62 63,41679.0,False
base,active,,1685792.0,1686092.0,0 1 2 3 4 5 6 7 8 9 10 11 12 13 14 15 16 17 18 19 20 21 22 23 24 25 26 27 28 29 30 31 32 33 34 35 36 37 38 39 40 41 42 43 44 45 46 47 48 49 50 51 52 53 54 55 56 57 58 59 60 61 62 63,-1.0,
base,active,1683107.0,1685807.0,1695376.0,64 65 66 67 68 69 70 71 72 73 74 75 76 77 78 79 80 81 82 83 84 85 86 87 88 89 90 91 92 93 94 95 96 97 98 99 100 101 102 103 104 105 106 107 108 109 110 111 112 113 114 115 116 117 118 119 120 121 122 123 124 125 126 127,41680.0,False
base,switching_off,,1686092.0,1687892.0,0 1 2 3 4 5 6 7 8 9 10 11 12 13 14 15 16 17 18 19 20 21 22 23 24 25 26 27 28 29 30 31 32 33 34 35 36 37 38 39 40 41 42 43 44 45 46 47 48 49 50 51 52 53 54 55 56 57 58 59 60 61 62 63,-2.0,
base,sleeping,,1687892.0,1690717.0,0 1 2 3 4 5 6 7,-4.0,
base,sleeping,,1687892.0,1694718.0,8 9 10 11 12 13 14 15 16 17 18 19 20 21 22 23 24 25 26 27 28 29 30 31 32 33 34 35 36 37 38 39 40 41 42 43 44 45 46 47 48 49 50 51 52 53 54 55 56 57 58 59 60 61 62 63,-4.0,
base,switching_on,,1690717.0,1693417.0,0 1 2 3 4 5 6 7,-3.0,
base,active,1690717.0,1693417.0,1694718.0,0 1 2 3 4 5 6 7,41702.0,False
base,active,,1694718.0,1697418.0,0 1 2 3 4 5 6 7,-1.0,
base,switching_on,,1694718.0,1697418.0,8 9 10 11 12 13 14 15 16 17 18 19 20 21 22 23 24 25 26 27 28 29 30 31 32 33 34 35 36 37 38 39 40 41 42 43 44 45 46 47 48 49 50 51 52 53 54 55 56 57 58 59 60 61 62 63,-3.0,
base,active,,1695376.0,1695676.0,64 65 66 67 68 69 70 71 72 73 74 75 76 77 78 79 80 81 82 83 84 85 86 87 88 89 90 91 92 93 94 95 96 97 98 99 100 101 102 103 104 105 106 107 108 109 110 111 112 113 114 115 116 117 118 119 120 121 122 123 124 125 126 127,-1.0,
base,switching_off,,1695676.0,1697476.0,64 65 66 67 68 69 70 71 72 73 74 75 76 77 78 79 80 81 82 83 84 85 86 87 88 89 90 91 92 93 94 95 96 97 98 99 100 101 102 103 104 105 106 107 108 109 110 111 112 113 114 115 116 117 118 119 120 121 122 123 124 125 126 127,-2.0,
base,active,1692675.0,1697418.0,1707071.0,0 1 2 3 4 5 6 7 8 9 10 11 12 13 14 15 16 17 18 19 20 21 22 23 24 25 26 27 28 29 30 31 32 33 34 35 36 37 38 39 40 41 42 43 44 45 46 47 48 49 50 51 52 53 54 55 56 57 58 59 60 61 62 63,41709.0,False
base,sleeping,,1697476.0,1716148.0,64,-4.0,
base,sleeping,,1697476.0,1717909.0,65 66 67 68 69 70 71 72 73 74 75 76 77 78 79 80 81 82 83 84 85 86 87,-4.0,
base,sleeping,,1697476.0,1718095.0,88 89 90 91 92 93 94 95 96 97 98 99 100 101 102 103 104 105 106 107 108 109 110 111 112 113 114 115 116 117 118 119,-4.0,
base,sleeping,,1697476.0,1718127.0,120 121 122 123 124 125 126 127,-4.0,
base,active,,1707071.0,1707371.0,0 1 2 3 4 5 6 7 8 9 10 11 12 13 14 15 16 17 18 19 20 21 22 23 24 25 26 27 28 29 30 31 32 33 34 35 36 37 38 39 40 41 42 43 44 45 46 47 48 49 50 51 52 53 54 55 56 57 58 59 60 61 62 63,-1.0,
base,switching_off,,1707371.0,1709171.0,0 1 2 3 4 5 6 7 8 9 10 11 12 13 14 15 16 17 18 19 20 21 22 23 24 25 26 27 28 29 30 31 32 33 34 35 36 37 38 39 40 41 42 43 44 45 46 47 48 49 50 51 52 53 54 55 56 57 58 59 60 61 62 63,-2.0,
base,sleeping,,1709171.0,1709237.0,0 1 2 3 4 5 6 7 8 9 10 11 12 13 14 15 16 17 18 19 20 21 22 23 24 25 26 27 28 29 30 31,-4.0,
base,sleeping,,1709171.0,1712272.0,32,-4.0,
base,sleeping,,1709171.0,1712887.0,33,-4.0,
base,sleeping,,1709171.0,1713050.0,34 35 36 37 38 39 40 41,-4.0,
base,sleeping,,1709171.0,1714067.0,42 43 44 45 46 47 48 49,-4.0,
base,sleeping,,1709171.0,1715030.0,50 51 52 53 54 55 56,-4.0,
base,sleeping,,1709171.0,1716148.0,57 58 59 60 61 62 63,-4.0,
base,switching_on,,1709237.0,1711937.0,0 1 2 3 4 5 6 7 8 9 10 11 12 13 14 15 16 17 18 19 20 21 22 23 24 25 26 27 28 29 30 31,-3.0,
base,active,1709237.0,1711937.0,1720787.0,0 1 2 3 4 5 6 7 8 9 10 11 12 13 14 15 16 17 18 19 20 21 22 23 24 25 26 27 28 29 30 31,41770.0,False
base,switching_on,,1712272.0,1714972.0,32,-3.0,
base,switching_on,,1712887.0,1715587.0,33,-3.0,
base,switching_on,,1713050.0,1715750.0,34 35 36 37 38 39 40 41,-3.0,
base,switching_on,,1714067.0,1716767.0,42 43 44 45 46 47 48 49,-3.0,
base,active,1712272.0,1714972.0,1714975.0,32,41780.0,False
base,active,,1714975.0,1717730.0,32,-1.0,
base,switching_on,,1715030.0,1717730.0,50 51 52 53 54 55 56,-3.0,
base,active,1712887.0,1715587.0,1715604.0,33,41786.0,False
base,active,,1715604.0,1715904.0,33,-1.0,
base,active,1713050.0,1715750.0,1715818.0,34 35 36 37 38 39 40 41,41787.0,False
base,active,,1715818.0,1716118.0,34 35 36 37 38 39 40 41,-1.0,
base,switching_off,,1715904.0,1717704.0,33,-2.0,
base,switching_off,,1716118.0,1717918.0,34 35 36 37 38 39 40 41,-2.0,
base,switching_on,,1716148.0,1718848.0,57 58 59 60 61 62 63 64,-3.0,
base,active,1714067.0,1716767.0,1716837.0,42 43 44 45 46 47 48 49,41790.0,False
base,active,,1716837.0,1717137.0,42 43 44 45 46 47 48 49,-1.0,
base,switching_off,,1717137.0,1718937.0,42 43 44 45 46 47 48 49,-2.0,
base,sleeping,,1717704.0,1717909.0,33,-4.0,
base,active,1715030.0,1717730.0,1717782.0,32 50 51 52 53 54 55 56,41796.0,False
base,active,,1717782.0,1720609.0,32 50 51 52 53 54 55 56,-1.0,
base,switching_on,,1717909.0,1720609.0,33 65 66 67 68 69 70 71 72 73 74 75 76 77 78 79 80 81 82 83 84 85 86 87,-3.0,
base,sleeping,,1717918.0,1717936.0,34 35 36 37 38 39 40 41,-4.0,
base,switching_on,,1717936.0,1720636.0,34 35 36 37 38 39 40 41,-3.0,
base,switching_on,,1718095.0,1720795.0,88 89 90 91 92 93 94 95 96 97 98 99 100 101 102 103 104 105 106 107 108 109 110 111 112 113 114 115 116 117 118 119,-3.0,
base,switching_on,,1718127.0,1720827.0,120 121 122 123 124 125 126 127,-3.0,
base,active,1716148.0,1718848.0,1718931.0,57 58 59 60 61 62 63 64,41799.0,False
base,active,1718745.0,1718931.0,1718992.0,57 58 59 60 61 62 63 64,41815.0,False
base,sleeping,,1718937.0,1720423.0,42,-4.0,
base,sleeping,,1718937.0,1722162.0,43 44 45 46 47 48 49,-4.0,
base,active,,1718992.0,1719292.0,57 58 59 60 61 62 63 64,-1.0,
base,switching_off,,1719292.0,1721092.0,57 58 59 60 61 62 63 64,-2.0,
base,switching_on,,1720423.0,1723123.0,42,-3.0,
base,active,1717909.0,1720609.0,1720656.0,32 33 50 51 52 53 54 55 56 65 66 67 68 69 70 71 72 73 74 75 76 77 78 79 80 81 82 83 84 85 86 87,41803.0,False
base,active,1717936.0,1720636.0,1720657.0,34 35 36 37 38 39 40 41,41804.0,False
base,active,,1720656.0,1720787.0,32 33 50 51 52 53 54 55 56 65 66 67 68 69 70 71 72 73 74 75 76 77 78 79,-1.0,
base,active,,1720656.0,1720829.0,80 81 82 83 84 85 86 87,-1.0,
base,active,,1720657.0,1720787.0,34 35 36 37 38 39 40 41,-1.0,
base,active,1718002.0,1720787.0,1720888.0,0 1 2 3 4 5 6 7 8 9 10 11 12 13 14 15 16 17 18 19 20 21 22 23 24 25 26 27 28 29 30 31 32 33 34 35 36 37 38 39 40 41 50 51 52 53 54 55 56 65 66 67 68 69 70 71 72 73 74 75 76 77 78 79,41805.0,False
base,active,1718013.0,1720795.0,1720829.0,88 89 90 91 92 93 94 95 96 97 98 99 100 101 102 103 104 105 106 107 108 109 110 111 112 113 114 115 116 117 118 119,41806.0,False
base,active,1718127.0,1720827.0,1744786.0,120 121 122 123 124 125 126 127,41808.0,False
base,active,,1720829.0,1721129.0,112 113 114 115 116 117 118 119,-1.0,
base,active,1718095.0,1720829.0,1744820.0,80 81 82 83 84 85 86 87 88 89 90 91 92 93 94 95 96 97 98 99 100 101 102 103 104 105 106 107 108 109 110 111,41807.0,False
base,active,1718682.0,1720888.0,1720912.0,0 1 2 3 4 5 6 7 8 9 10 11 12 13 14 15 16 17 18 19 20 21 22 23 24 25 26 27 28 29 30 31 32 33 34 35 36 37 38 39 40 41 50 51 52 53 54 55 56 65 66 67 68 69 70 71 72 73 74 75 76 77 78 79,41814.0,False
base,active,,1720912.0,1721049.0,0,-1.0,
base,active,,1720912.0,1721169.0,1 2 3 4 5 6 7 8 9 10 11 12 13 14 15 16 17 18 19 20 21 22 23 24 25 26 27 28 29 30 31,-1.0,
base,active,,1720912.0,1721212.0,32 33 34 35 36 37 38 39 40 41 50 51 52 53 54 55 56 65 66 67 68 69 70 71 72 73 74 75 76 77 78 79,-1.0,
base,active,1721049.0,1721049.0,1721062.0,0,41825.0,False
base,active,,1721062.0,1721169.0,0,-1.0,
base,sleeping,,1721092.0,1722162.0,57,-4.0,
base,sleeping,,1721092.0,1723012.0,58 59 60 61 62 63 64,-4.0,
base,switching_off,,1721129.0,1722929.0,112 113 114 115 116 117 118 119,-2.0,
base,active,1721169.0,1721169.0,1721358.0,0 1 2 3 4 5 6 7 8 9 10 11 12 13 14 15 16 17 18 19 20 21 22 23 24 25 26 27 28 29 30 31,41826.0,False
base,switching_off,,1721212.0,1723012.0,32 33 34 35 36 37 38 39 40 41 50 51 52 53 54 55 56 65 66 67 68 69 70 71 72 73 74 75 76 77 78 79,-2.0,
base,active,,1721358.0,1721463.0,0 1 2 3 4 5 6 7 8 9 10 11 12 13 14 15 16 17 18 19 20 21 22 23 24 25 26 27 28 29 30 31,-1.0,
base,active,1721463.0,1721463.0,1726227.0,0 1 2 3 4 5 6 7 8 9 10 11 12 13 14 15 16 17 18 19 20 21 22 23 24 25 26 27 28 29 30 31,41827.0,False
base,switching_on,,1722162.0,1724862.0,43 44 45 46 47 48 49 57,-3.0,
base,sleeping,,1722929.0,1723012.0,112,-4.0,
base,sleeping,,1722929.0,1723331.0,113 114 115 116 117 118 119,-4.0,
base,switching_on,,1723012.0,1725712.0,32 33 34 35 36 37 38 39 40 41 50 51 52 53 54 55 56 58 59 60 61 62 63 64 65 66 67 68 69 70 71 72 73 74 75 76 77 78 79 112,-3.0,
base,active,1720423.0,1723123.0,1723145.0,42,41823.0,False
base,active,,1723145.0,1726031.0,42,-1.0,
base,switching_on,,1723331.0,1726031.0,113 114 115 116 117 118 119,-3.0,
base,active,1722162.0,1724862.0,1724921.0,43 44 45 46 47 48 49 57,41832.0,False
base,active,,1724921.0,1725221.0,43 44 45 46 47 48 49 57,-1.0,
base,switching_off,,1725221.0,1727021.0,43 44 45 46 47 48 49 57,-2.0,
base,active,1722831.0,1725712.0,1725750.0,73 74 75 76 77 78 79 112,41837.0,False
base,active,1722662.0,1725712.0,1725937.0,32 33 34 35 36 37 38 39 40 41 50 51 52 53 54 55 56 58 59 60 61 62 63 64 65 66 67 68 69 70 71 72,41835.0,False
base,active,,1725750.0,1726050.0,73 74 75 76 77 78 79 112,-1.0,
base,active,,1725937.0,1726187.0,32,-1.0,
base,active,,1725937.0,1726237.0,33 34 35 36 37 38 39 40 41 50 51 52 53 54 55 56 58 59 60 61 62 63 64 65 66 67 68 69 70 71 72,-1.0,
base,active,1723331.0,1726031.0,1726055.0,42 113 114 115 116 117 118 119,41838.0,False
base,switching_off,,1726050.0,1727850.0,73 74 75 76 77 78 79 112,-2.0,
base,active,,1726055.0,1726355.0,42 113 114 115 116 117 118 119,-1.0,
base,active,1726187.0,1726187.0,1726203.0,32,41852.0,False
base,active,,1726203.0,1726463.0,32,-1.0,
base,active,,1726227.0,1726391.0,0 1 2 3 4 5 6 7 8 9 10 11 12 13 14 15 16 17 18 19 20 21 22 23 24 25 26 27 28 29 30 31,-1.0,
base,switching_off,,1726237.0,1728037.0,33 34 35 36 37 38 39 40 41 50 51 52 53 54 55 56 58 59 60 61 62 63 64 65 66 67 68 69 70 71 72,-2.0,
base,switching_off,,1726355.0,1728155.0,42 113 114 115 116 117 118 119,-2.0,
base,active,1726391.0,1726391.0,1726655.0,0 1 2 3 4 5 6 7 8 9 10 11 12 13 14 15 16 17 18 19 20 21 22 23 24 25 26 27 28 29 30 31,41853.0,False
base,active,1726463.0,1726463.0,1726543.0,32,41854.0,False
base,active,,1726543.0,1726843.0,32,-1.0,
base,active,1726571.0,1726655.0,1726718.0,0 1,41856.0,False
base,active,1726646.0,1726655.0,1726760.0,2 3 4 5,41857.0,False
base,active,,1726655.0,1726760.0,6 7 8 9 10 11 12 13 14 15 16 17 18 19 20 21 22 23 24 25 26 27 28 29 30 31,-1.0,
base,active,,1726718.0,1726760.0,0 1,-1.0,
base,active,1726738.0,1726760.0,1727777.0,0 1 2 3 4 5 6 7 8 9 10 11 12 13 14 15 16 17 18 19 20 21 22 23 24 25 26 27 28 29 30 31,41858.0,False
base,switching_off,,1726843.0,1728643.0,32,-2.0,
base,switching_on,,1727021.0,1729721.0,43 44 45 46 47 48 49 57,-3.0,
base,active,1726884.0,1727777.0,1727867.0,0 1 2 3 4 5 6 7 8 9 10 11 12 13 14 15,41860.0,False
base,active,,1727777.0,1727867.0,16 17 18 19 20 21 22 23 24 25 26 27 28 29 30 31,-1.0,
base,switching_on,,1727850.0,1730550.0,73 74 75 76 77 78 79 112,-3.0,
base,active,1726990.0,1727867.0,1727977.0,0 1 2 3 4 5 6 7 8 9 10 11 12 13 14 15 16 17 18 19 20 21 22 23 24 25 26 27 28 29 30 31,41861.0,False
base,active,1727546.0,1727977.0,1727989.0,16,41869.0,False
base,active,1727366.0,1727977.0,1728011.0,0 1 2 3,41864.0,False
base,active,1727616.0,1727977.0,1728057.0,17 18 19 20 21 22 23 24,41870.0,False
base,active,1727505.0,1727977.0,1728073.0,4 5 6 7,41867.0,False
base,active,1727536.0,1727977.0,1728095.0,8 9 10 11 12 13 14 15,41868.0,False
base,active,,1727977.0,1730737.0,25 26 27 28 29 30 31,-1.0,
base,active,,1727989.0,1730737.0,16,-1.0,
base,active,,1728011.0,1730737.0,0 1 2 3,-1.0,
base,sleeping,,1728037.0,1728057.0,37 38 39 40 41 50 51 52 53 54 55 56 58 59 60 61 62 63 64 65 66 67 68 69,-4.0,
base,sleeping,,1728037.0,1728753.0,70,-4.0,
base,sleeping,,1728037.0,1728795.0,71 72,-4.0,
base,switching_on,,1728037.0,1730737.0,33 34 35 36,-3.0,
base,active,,1728057.0,1730757.0,17 18 19 20 21 22 23 24,-1.0,
base,switching_on,,1728057.0,1730757.0,37 38 39 40 41 50 51 52 53 54 55 56 58 59 60 61 62 63 64 65 66 67 68 69,-3.0,
base,active,,1728073.0,1728373.0,4 5 6 7,-1.0,
base,active,,1728095.0,1728395.0,8 9 10 11 12 13 14 15,-1.0,
base,sleeping,,1728155.0,1728753.0,42,-4.0,
base,sleeping,,1728155.0,1728795.0,113 114,-4.0,
base,sleeping,,1728155.0,1729746.0,115 116 117 118,-4.0,
base,sleeping,,1728155.0,1731728.0,119,-4.0,
base,switching_off,,1728373.0,1730173.0,4 5 6 7,-2.0,
base,switching_off,,1728395.0,1730195.0,8 9 10 11 12 13 14 15,-2.0,
base,sleeping,,1728643.0,1728714.0,32,-4.0,
base,switching_on,,1728714.0,1731414.0,32,-3.0,
base,switching_on,,1728753.0,1731453.0,42 70,-3.0,
base,switching_on,,1728795.0,1731495.0,71 72 113 114,-3.0,
base,active,1726763.0,1729721.0,1729831.0,43 44 45 46 47 48 49 57,41859.0,False
base,switching_on,,1729746.0,1732446.0,115 116 117 118,-3.0,
base,active,1728896.0,1729831.0,1729907.0,43 44 45 46 47 48 49 57,41876.0,False
base,active,,1729907.0,1732895.0,43 44 45 46 47 48 49 57,-1.0,
base,sleeping,,1730173.0,1730195.0,4 5 6 7,-4.0,
base,sleeping,,1730195.0,1730839.0,12,-4.0,
base,sleeping,,1730195.0,1730859.0,13,-4.0,
base,sleeping,,1730195.0,1730908.0,14 15,-4.0,
base,switching_on,,1730195.0,1732895.0,4 5 6 7 8 9 10 11,-3.0,
base,active,1727285.0,1730550.0,1730559.0,73,41862.0,False
base,active,1727420.0,1730550.0,1730577.0,78,41865.0,False
base,active,1727463.0,1730550.0,1730579.0,79 112,41866.0,False
base,active,1727303.0,1730550.0,1730669.0,74 75 76 77,41863.0,False
base,active,,1730559.0,1730859.0,73,-1.0,
base,active,,1730577.0,1733559.0,78,-1.0,
base,active,,1730579.0,1733559.0,79 112,-1.0,
base,active,,1730669.0,1733559.0,74 75 76 77,-1.0,
base,active,1727714.0,1730737.0,1730824.0,0 1 2 3 16 25 26 27 28 29 30 31 33 34 35 36,41871.0,False
base,active,1727812.0,1730757.0,1730872.0,17 18 19 20 21 22 23 24 37 38 39 40 41 50 51 52 53 54 55 56 58 59 60 61 62 63 64 65 66 67 68 69,41872.0,False
base,active,,1730824.0,1730859.0,0 1 2 3 16 25 26 27,-1.0,
base,active,,1730824.0,1733559.0,28 29 30 31 33 34 35 36,-1.0,
base,switching_on,,1730839.0,1733539.0,12,-3.0,
base,active,1729859.0,1730859.0,1730950.0,0 1 2 3 16 25 26 27,41882.0,False
base,switching_off,,1730859.0,1732659.0,73,-2.0,
base,switching_on,,1730859.0,1733559.0,13,-3.0,
base,active,1729113.0,1730872.0,1731004.0,17 18 19 20 21 22 23 24 37 38 39 40 41 50 51 52 53 54 55 56 58 59 60 61 62 63 64 65 66 67 68 69,41878.0,False
base,switching_on,,1730908.0,1733608.0,14 15,-3.0,
base,active,1730505.0,1730950.0,1731296.0,0 1 2 3 16 25 26 27,41886.0,False
base,active,1729234.0,1731004.0,1731373.0,17 18 19 20 21 22 23 24 37 38 39 40 41 50 51 52 53 54 55 56 58 59 60 61 62 63 64 65 66 67 68 69,41879.0,False
base,active,,1731296.0,1731373.0,16 25 26 27,-1.0,
base,active,1730998.0,1731296.0,1731428.0,0 1 2 3,41890.0,False
base,active,,1731373.0,1731673.0,66 67 68 69,-1.0,
base,active,1729645.0,1731373.0,1731776.0,16 17 18 19 20 21 22 23 24 25 26 27 37 38 39 40 41 50 51 52 53 54 55 56 58 59 60 61 62 63 64 65,41880.0,False
base,active,1728714.0,1731414.0,1731440.0,32,41873.0,False
base,active,,1731428.0,1731728.0,0 1 2 3,-1.0,
base,active,,1731440.0,1734428.0,32,-1.0,
base,active,1728753.0,1731453.0,1731485.0,42 70,41874.0,False
base,active,,1731485.0,1734428.0,42 70,-1.0,
base,active,1728795.0,1731495.0,1731584.0,71 72 113 114,41875.0,False
base,active,,1731584.0,1734428.0,71 72 113 114,-1.0,
base,switching_off,,1731673.0,1733473.0,66 67 68 69,-2.0,
base,switching_off,,1731728.0,1733528.0,0 1 2 3,-2.0,
base,switching_on,,1731728.0,1734428.0,119,-3.0,
base,active,1730030.0,1731776.0,1731995.0,16 17 18 19 20 21 22 23 24 25 26 27 37 38 39 40 41 50 51 52 53 54 55 56 58 59 60 61 62 63 64 65,41883.0,False
base,active,1730848.0,1731995.0,1732350.0,16 17 18 19 20 21 22 23 24 25 26 27 37 38 39 40 41 50 51 52 53 54 55 56 58 59 60 61 62 63 64 65,41888.0,False
base,active,,1732350.0,1732387.0,16,-1.0,
base,active,,1732350.0,1732435.0,17,-1.0,
base,active,,1732350.0,1732650.0,18 19 20 21 22 23 24 25 26 27 37 38 39 40 41 50 51 52 53 54 55 56 58 59 60 61 62 63 64 65,-1.0,
base,active,1732387.0,1732387.0,1732415.0,16,41899.0,False
base,active,,1732415.0,1732435.0,16,-1.0,
base,active,1732435.0,1732435.0,1732462.0,16 17,41900.0,False
base,active,1729746.0,1732446.0,1732553.0,115 116 117 118,41881.0,False
base,active,,1732462.0,1732552.0,16,-1.0,
base,active,,1732462.0,1732762.0,17,-1.0,
base,active,1732552.0,1732552.0,1732568.0,16,41902.0,False
base,active,,1732553.0,1732853.0,115 116 117 118,-1.0,
base,active,,1732568.0,1732571.0,16,-1.0,
base,active,1732571.0,1732571.0,1732584.0,16,41903.0,False
base,active,,1732584.0,1732884.0,16,-1.0,
base,switching_off,,1732650.0,1734450.0,18 19 20 21 22 23 24 25 26 27 37 38 39 40 41 50 51 52 53 54 55 56 58 59 60 61 62 63 64 65,-2.0,
base,sleeping,,1732659.0,1733759.0,73,-4.0,
base,switching_off,,1732762.0,1734562.0,17,-2.0,
base,switching_off,,1732853.0,1734653.0,115 116 117 118,-2.0,
base,switching_off,,1732884.0,1734684.0,16,-2.0,
base,active,1728991.0,1732895.0,1733003.0,4 5 6 7 8 9 10 11 43 44 45 46 47 48 49 57,41877.0,False
base,active,1731771.0,1733003.0,1733031.0,4 5 6 7,41895.0,False
base,active,1732025.0,1733003.0,1733138.0,8 9 10 11,41897.0,False
base,active,1732172.0,1733003.0,1733229.0,43 44 45 46 47 48 49 57,41898.0,False
base,active,1732473.0,1733031.0,1733125.0,4 5 6 7,41901.0,False
base,active,,1733125.0,1733138.0,4 5 6 7,-1.0,
base,active,1732582.0,1733138.0,1733227.0,4 5 6 7 8 9 10 11,41904.0,False
base,active,,1733227.0,1733391.0,4 5 6 7 8 9 10 11,-1.0,
base,active,,1733229.0,1733395.0,43,-1.0,
base,active,,1733229.0,1733466.0,44,-1.0,
base,active,,1733229.0,1733529.0,45 46 47 48 49 57,-1.0,
base,active,1733391.0,1733391.0,1733509.0,4 5 6 7 8 9 10 11,41910.0,False
base,active,1733395.0,1733395.0,1733449.0,43,41911.0,False
base,active,,1733449.0,1733466.0,43,-1.0,
base,active,1733466.0,1733466.0,1733472.0,43 44,41912.0,False
base,active,,1733472.0,1736459.0,43 44,-1.0,
base,sleeping,,1733473.0,1733759.0,66 67 68 69,-4.0,
base,active,,1733509.0,1733549.0,4,-1.0,
base,active,,1733509.0,1733617.0,5,-1.0,
base,active,,1733509.0,1733668.0,6 7,-1.0,
base,active,,1733509.0,1733721.0,8 9 10 11,-1.0,
base,sleeping,,1733528.0,1733759.0,0 1 2 3,-4.0,
base,switching_off,,1733529.0,1735329.0,45 46 47 48 49 57,-2.0,
base,active,1730839.0,1733539.0,1733593.0,12,41887.0,False
base,active,1733549.0,1733549.0,1733606.0,4,41913.0,False
base,active,1730488.0,1733559.0,1733737.0,13 28 29 30 31 33 34 35 36 74 75 76 77 78 79 112,41885.0,False
base,active,,1733593.0,1736459.0,12,-1.0,
base,active,,1733606.0,1733617.0,4,-1.0,
base,active,1730908.0,1733608.0,1733671.0,14 15,41889.0,False
base,active,1733617.0,1733617.0,1733657.0,4 5,41914.0,False
base,active,,1733657.0,1733668.0,4 5,-1.0,
base,active,1733668.0,1733668.0,1733711.0,4 5 6 7,41915.0,False
base,active,,1733671.0,1736459.0,14 15,-1.0,
base,active,,1733711.0,1733721.0,4 5 6 7,-1.0,
base,active,1733721.0,1733721.0,1733759.0,4 5 6 7 8 9 10 11,41916.0,False
base,active,,1733737.0,1736459.0,13 28 29 30 31 33 34 35 36 74 75 76 77 78 79 112,-1.0,
base,active,,1733759.0,1734059.0,4 5 6 7 8 9,-1.0,
base,active,,1733759.0,1736459.0,10 11,-1.0,
base,switching_on,,1733759.0,1736459.0,0 1 2 3 66 67 68 69 73,-3.0,
base,switching_off,,1734059.0,1735859.0,4 5 6 7 8 9,-2.0,
base,active,1731152.0,1734428.0,1734511.0,32 42 70 71 72 113 114 119,41891.0,False
base,sleeping,,1734450.0,1736885.0,18 19 20 21 22 23 24 25 26 27 37 38 39 40 41 50 51 52 53 54 55 56 58 59 60 61 62 63 64 65,-4.0,
base,active,,1734511.0,1734653.0,32,-1.0,
base,active,,1734511.0,1734811.0,42 70 71 72 113 114 119,-1.0,
base,sleeping,,1734562.0,1736885.0,17,-4.0,
base,active,1734187.0,1734653.0,1734708.0,32,41919.0,False
base,sleeping,,1734653.0,1736885.0,115 116 117 118,-4.0,
base,sleeping,,1734684.0,1736885.0,16,-4.0,
base,active,,1734708.0,1734756.0,32,-1.0,
base,active,1734756.0,1734756.0,1735265.0,32,41921.0,False
base,switching_off,,1734811.0,1736611.0,42 70 71 72 113 114 119,-2.0,
base,active,,1735265.0,1735336.0,32,-1.0,
base,sleeping,,1735329.0,1736885.0,45 46 47 48 49 57,-4.0,
base,active,1735336.0,1735336.0,1735406.0,32,41923.0,False
base,active,,1735406.0,1735706.0,32,-1.0,
base,switching_off,,1735706.0,1737506.0,32,-2.0,
base,sleeping,,1735859.0,1736885.0,4 5 6 7 8 9,-4.0,
base,active,1731251.0,1736459.0,1736885.0,0 1 2 3 10 11 12 13 14 15 28 29 30 31 33 34 35 36 43 44 66 67 68 69 73 74 75 76 77 78 79 112,41893.0,False
base,sleeping,,1736611.0,1736885.0,42 70 71 72 113 114 119,-4.0,
base,active,,1736885.0,1739585.0,0 1 2 3 10 11 12 13 14 15 28 29 30 31 33 34 35 36 43 44 66 67 68 69 73 74 75 76 77 78 79 112,-1.0,
base,switching_on,,1736885.0,1739585.0,4 5 6 7 8 9 16 17 18 19 20 21 22 23 24 25 26 27 37 38 39 40 41 42 45 46 47 48 49 50 51 52 53 54 55 56 57 58 59 60 61 62 63 64 65 70 71 72 113 114 115 116 117 118 119,-3.0,
base,switching_on,,1737506.0,1740206.0,32,-3.0,
base,active,1735796.0,1739585.0,1739605.0,119,41926.0,False
base,active,1735582.0,1739585.0,1739616.0,115 116 117 118,41925.0,False
base,active,1731244.0,1739585.0,1739677.0,53 54 55 56 57 58 59 60 61 62 63 64 65 70 71 72,41892.0,False
base,active,1735415.0,1739585.0,1739742.0,113 114,41924.0,False
base,active,1730255.0,1739585.0,1739747.0,0 1 2 3 4 5 6 7 8 9 10 11 12 13 14 15 16 17 18 19 20 21 22 23 24 25 26 27 28 29 30 31 33 34 35 36 37 38 39 40 41 42 43 44 45 46 47 48 49 50 51 52 66 67 68 69 73 74 75 76 77 78 79 112,41884.0,False
base,active,1737072.0,1739605.0,1739687.0,119,41935.0,False
base,active,1736370.0,1739616.0,1739729.0,115 116 117 118,41928.0,False
base,active,1732684.0,1739677.0,1739801.0,53 54 55 56 57 58 59 60 61 62 63 64 65 70 71 72,41906.0,False
base,active,1737408.0,1739687.0,1739708.0,119,41936.0,False
base,active,1737409.0,1739708.0,1739735.0,119,41937.0,False
base,active,1737446.0,1739729.0,1739782.0,117 118,41938.0,False
base,active,1736406.0,1739729.0,1739809.0,115 116,41929.0,False
base,active,1738480.0,1739735.0,1739755.0,119,41943.0,False
base,active,1738591.0,1739742.0,1739763.0,113,41944.0,False
base,active,1738733.0,1739742.0,1739774.0,114,41945.0,False
base,active,1731353.0,1739747.0,1739852.0,0 1 2 3 4 5 6 7 8 9 10 11 12 13 14 15 16 17 18 19 20 21 22 23 24 25 26 27 28 29 30 31,41894.0,False
base,active,1731982.0,1739747.0,1740315.0,33 34 35 36 37 38 39 40 41 42 43 44 45 46 47 48 49 50 51 52 66 67 68 69 73 74 75 76 77 78 79 112,41896.0,False
base,active,1738927.0,1739755.0,1739784.0,119,41946.0,False
base,active,1739510.0,1739763.0,1739777.0,113,41952.0,False
base,active,,1739774.0,1739777.0,114,-1.0,
base,active,1738972.0,1739777.0,1739823.0,113 114,41947.0,False
base,active,,1739782.0,1739809.0,117 118,-1.0,
base,active,,1739784.0,1740084.0,119,-1.0,
base,active,1733770.0,1739801.0,1739853.0,53 54 55 56 57 58 59 60 61 62 63 64 65 70 71 72,41917.0,False
base,active,1736473.0,1739809.0,1740158.0,115 116 117 118,41930.0,False
base,active,,1739823.0,1739966.0,113,-1.0,
base,active,,1739823.0,1740034.0,114,-1.0,
base,active,1732643.0,1739852.0,1746717.0,0 1 2 3 4 5 6 7 8 9 10 11 12 13 14 15 16 17 18 19 20 21 22 23 24 25 26 27 28 29 30 31,41905.0,False
base,active,1736495.0,1739853.0,1739909.0,53 54 55 56,41931.0,False
base,active,1737510.0,1739853.0,1739912.0,65 70 71 72,41939.0,False
base,active,1736567.0,1739853.0,1739919.0,57 58 59 60 61 62 63 64,41932.0,False
base,active,1739034.0,1739909.0,1739960.0,53 54 55 56,41948.0,False
base,active,,1739912.0,1739960.0,65 70 71 72,-1.0,
base,active,1737579.0,1739919.0,1739981.0,57 58 59 60 61 62 63 64,41940.0,False
base,active,1739096.0,1739960.0,1740011.0,53 54 55 56 65 70 71 72,41949.0,False
base,active,1739966.0,1739966.0,1740020.0,113,41953.0,False
base,active,,1739981.0,1740011.0,57 58 59 60 61 62 63 64,-1.0,
base,active,1736650.0,1740011.0,1740076.0,53 54 55 56 57 58 59 60 61 62 63 64 65 70 71 72,41933.0,False
base,active,,1740020.0,1740034.0,113,-1.0,
base,active,1740034.0,1740034.0,1740097.0,113 114,41955.0,False
base,active,1737655.0,1740076.0,1740144.0,53 54 55 56 57 58 59 60 61 62 63 64 65 70 71 72,41941.0,False
base,switching_off,,1740084.0,1741884.0,119,-2.0,
base,active,,1740097.0,1740158.0,113 114,-1.0,
base,active,1739157.0,1740144.0,1740212.0,53 54 55 56 57 58 59 60 61 62 63 64 65 70 71 72,41950.0,False
base,active,1740116.0,1740158.0,1740194.0,113 114 115 116,41956.0,False
base,active,,1740158.0,1740458.0,117 118,-1.0,
base,active,,1740194.0,1740494.0,113 114 115 116,-1.0,
base,active,1736301.0,1740206.0,1740294.0,32,41927.0,False
base,active,1740167.0,1740212.0,1740255.0,53 54 55 56 57 58 59 60,41957.0,False
base,active,,1740212.0,1740255.0,61 62 63 64 65 70 71 72,-1.0,
base,active,1740222.0,1740255.0,1740315.0,53 54 55 56 57 58 59 60 61 62 63 64 65 70 71 72,41958.0,False
base,active,,1740294.0,1740315.0,32,-1.0,
base,active,1732824.0,1740315.0,1740344.0,32 33 34 35 36 37 38 39 40 41 42 43 44 45 46 47 48 49 50 51 52 53 54 55 56 57 58 59 60 61 62 63,41907.0,False
base,active,,1740315.0,1740373.0,64,-1.0,
base,active,,1740315.0,1740615.0,65 66 67 68 69 70 71 72 73 74 75 76 77 78 79 112,-1.0,
base,active,1732912.0,1740344.0,1740376.0,32 33 34 35 36 37 38 39 40 41 42 43 44 45 46 47 48 49 50 51 52 53 54 55 56 57 58 59 60 61 62 63,41908.0,False
base,active,1740373.0,1740373.0,1740384.0,64,41960.0,False
base,active,1733033.0,1740376.0,1740479.0,32 33 34 35 36 37 38 39 40 41 42 43 44 45 46 47 48 49 50 51 52 53 54 55 56 57 58 59 60 61 62 63,41909.0,False
base,active,,1740384.0,1740684.0,64,-1.0,
base,switching_off,,1740458.0,1742258.0,117 118,-2.0,
base,active,1733837.0,1740479.0,1740569.0,32 33 34 35 36 37 38 39 40 41 42 43 44 45 46 47 48 49 50 51 52 53 54 55 56 57 58 59 60 61 62 63,41918.0,False
base,switching_off,,1740494.0,1742294.0,113 114 115 116,-2.0,
base,active,1734192.0,1740569.0,1740612.0,32 33 34 35 36 37 38 39 40 41 42 43 44 45 46 47 48 49 50 51 52 53 54 55 56 57 58 59 60 61 62 63,41920.0,False
base,active,1734911.0,1740612.0,1740648.0,32 33 34 35 36 37 38 39 40 41 42 43 44 45 46 47 48 49 50 51 52 53 54 55 56 57 58 59 60 61 62 63,41922.0,False
base,switching_off,,1740615.0,1742415.0,65 66 67 68 69 70 71 72 73 74 75 76 77 78 79 112,-2.0,
base,active,1736731.0,1740648.0,1740748.0,32 33 34 35 36 37 38 39 40 41 42 43 44 45 46 47 48 49 50 51 52 53 54 55 56 57 58 59 60 61 62 63,41934.0,False
base,switching_off,,1740684.0,1742484.0,64,-2.0,
base,active,1737742.0,1740748.0,1740784.0,32 33 34 35 36 37 38 39 40 41 42 43 44 45 46 47 48 49 50 51 52 53 54 55 56 57 58 59 60 61 62 63,41942.0,False
base,active,1739236.0,1740784.0,1740879.0,32 33 34 35 36 37 38 39 40 41 42 43 44 45 46 47 48 49 50 51 52 53 54 55 56 57 58 59 60 61 62 63,41951.0,False
base,active,1739976.0,1740879.0,1742171.0,32 33 34 35 36 37 38 39 40 41 42 43 44 45 46 47 48 49 50 51 52 53 54 55 56 57 58 59 60 61 62 63,41954.0,False
base,switching_on,,1741884.0,1744584.0,119,-3.0,
base,active,1740295.0,1742171.0,1742259.0,32 33 34 35 36 37 38 39 40 41 42 43 44 45 46 47 48 49 50 51 52 53 54 55 56 57 58 59 60 61 62 63,41959.0,False
base,switching_on,,1742258.0,1744958.0,117 118,-3.0,
base,active,1741024.0,1742259.0,1742346.0,32 33 34 35 36 37 38 39 40 41 42 43 44 45 46 47 48 49 50 51 52 53 54 55 56 57 58 59 60 61 62 63,41962.0,False
base,switching_on,,1742294.0,1744994.0,113 114 115 116,-3.0,
base,active,1741094.0,1742346.0,1742351.0,32 33 34 35,41965.0,False
base,active,1741120.0,1742346.0,1742432.0,36 37 38 39 40 41 42 43 44 45 46 47 48 49 50 51,41966.0,False
base,active,,1742346.0,1745115.0,52 53 54 55 56 57 58 59 60 61 62 63,-1.0,
base,active,,1742351.0,1745115.0,32 33 34 35,-1.0,
base,switching_on,,1742415.0,1745115.0,65 66 67 68 69 70 71 72 73 74 75 76 77 78 79 112,-3.0,
base,active,1741270.0,1742432.0,1742450.0,36,41968.0,False
base,active,1741410.0,1742432.0,1742458.0,37 38,41969.0,False
base,active,,1742432.0,1742732.0,39 40 41 42 43 44 45 46 47 48 49 50 51,-1.0,
base,active,,1742450.0,1742750.0,36,-1.0,
base,active,,1742458.0,1742758.0,37 38,-1.0,
base,switching_on,,1742484.0,1745184.0,64,-3.0,
base,switching_off,,1742732.0,1744532.0,39 40 41 42 43 44 45 46 47 48 49 50 51,-2.0,
base,switching_off,,1742750.0,1744550.0,36,-2.0,
base,switching_off,,1742758.0,1744558.0,37 38,-2.0,
base,switching_on,,1744532.0,1747232.0,39 40 41 42 43 44 45 46 47 48 49 50 51,-3.0,
base,switching_on,,1744550.0,1747250.0,36,-3.0,
base,switching_on,,1744558.0,1747258.0,37 38,-3.0,
base,active,1740960.0,1744584.0,1744625.0,119,41961.0,False
base,active,,1744625.0,1744786.0,119,-1.0,
base,active,1741532.0,1744786.0,1744812.0,119 120 121 122 123 124 125 126,41974.0,False
base,active,,1744786.0,1745086.0,127,-1.0,
base,active,1741612.0,1744812.0,1744833.0,119 120 121 122 123 124 125 126,41975.0,False
base,active,1741413.0,1744820.0,1754002.0,80 81 82 83 84 85 86 87 88 89 90 91 92 93 94 95 96 97 98 99 100 101 102 103 104 105 106 107 108 109 110 111,41970.0,False
base,active,,1744833.0,1745115.0,119 120 121 122 123 124 125 126,-1.0,
base,active,1741026.0,1744958.0,1744960.0,117 118,41963.0,False
base,active,,1744960.0,1745115.0,117 118,-1.0,
base,active,1741087.0,1744994.0,1745017.0,113 114 115 116,41964.0,False
base,active,,1745017.0,1745115.0,113 114 115 116,-1.0,
base,switching_off,,1745086.0,1746886.0,127,-2.0,
base,active,1742274.0,1745115.0,1745136.0,117 118 119 120,41982.0,False
base,active,1742137.0,1745115.0,1745137.0,113 114 115 116,41981.0,False
base,active,1743221.0,1745115.0,1745180.0,125 126,41987.0,False
base,active,1741223.0,1745115.0,1745251.0,32 33 34 35 52 53 54 55 56 57 58 59 60 61 62 63 65 66 67 68 69 70 71 72 73 74 75 76 77 78 79 112,41967.0,False
base,active,1742879.0,1745115.0,1747996.0,121 122 123 124,41984.0,False
base,active,,1745136.0,1745137.0,117 118 119 120,-1.0,
base,active,1743878.0,1745137.0,1745648.0,113 114 115 116 117 118 119 120,41990.0,False
base,active,,1745180.0,1745480.0,125 126,-1.0,
base,active,1741421.0,1745184.0,1745220.0,64,41971.0,False
base,active,,1745220.0,1745251.0,64,-1.0,
base,active,1741654.0,1745251.0,1745438.0,32 33 34 35 52 53 54 55 56 57 58 59 60 61 62 63 64 65 66 67 68 69 70 71 72 73 74 75 76 77 78 79,41976.0,False
base,active,,1745251.0,1745551.0,112,-1.0,
base,active,1741876.0,1745438.0,1745568.0,32 33 34 35 52 53 54 55 56 57 58 59 60 61 62 63 64 65 66 67 68 69 70 71 72 73 74 75 76 77 78 79,41978.0,False
base,switching_off,,1745480.0,1747280.0,125 126,-2.0,
base,switching_off,,1745551.0,1747351.0,112,-2.0,
base,active,1742027.0,1745568.0,1745656.0,32 33 34 35 52 53 54 55 56 57 58 59 60 61 62 63 64 65 66 67 68 69 70 71 72 73 74 75 76 77 78 79,41979.0,False
base,active,1744441.0,1745648.0,1745685.0,113 114 115 116 117 118 119 120,41991.0,False
base,active,1742097.0,1745656.0,1755730.0,32 33 34 35 52 53 54 55 56 57 58 59 60 61 62 63 64 65 66 67 68 69 70 71 72 73 74 75 76 77 78 79,41980.0,False
base,active,1744496.0,1745685.0,1746828.0,113 114 115 116 117 118 119 120,41992.0,False
base,active,1742313.0,1746717.0,1746739.0,0 1 2 3 4 5 6 7 8 9 10 11 12 13 14 15,41983.0,False
base,active,,1746717.0,1746739.0,16 17 18 19 20 21 22 23 24 25 26 27 28 29 30 31,-1.0,
base,active,1742937.0,1746739.0,1746769.0,0 1 2 3 4 5 6 7 8 9 10 11 12 13 14 15 16 17 18 19 20 21 22 23 24 25 26 27 28 29 30 31,41985.0,False
base,active,1745397.0,1746769.0,1746800.0,0 1 2 3 4 5 6 7 8 9 10 11 12 13 14 15 16 17 18 19 20 21 22 23 24 25 26 27 28 29 30 31,41993.0,False
base,active,1745742.0,1746800.0,1746824.0,0,41994.0,False
base,active,,1746800.0,1746828.0,9 10 11 12 13 14 15 16 17 18 19 20 21 22 23 24 25 26 27 28 29 30 31,-1.0,
base,active,1745935.0,1746800.0,1747543.0,1 2 3 4 5 6 7 8,41995.0,False
base,active,,1746824.0,1746828.0,0,-1.0,
base,active,1746558.0,1746828.0,1746864.0,0 9 10 11 12 13 14 15 16 17 18 19 20 21 22 23 24 25 26 27 28 29 30 31 113 114 115 116 117 118 119 120,41996.0,False
base,active,1746775.0,1746864.0,1747039.0,0 9 10 11 12 13 14 15,41997.0,False
base,active,,1746864.0,1747039.0,16 17 18 19 20 21 22 23 24 25 26 27 28 29 30 31 113 114 115 116 117 118 119 120,-1.0,
base,sleeping,,1746886.0,1749455.0,127,-4.0,
base,active,1746966.0,1747039.0,1747083.0,0 9 10 11 12 13 14 15 16 17 18 19 20 21 22 23 24 25 26 27 28 29 30 31 113 114 115 116 117 118 119 120,41998.0,False
base,active,1746968.0,1747083.0,1747128.0,0 9 10 11 12 13 14 15,41999.0,False
base,active,,1747083.0,1747383.0,24 25 26 27 28 29 30 31 113 114 115 116 117 118 119 120,-1.0,
base,active,1747035.0,1747083.0,1747473.0,16 17 18 19 20 21 22 23,42000.0,False
base,active,,1747128.0,1747428.0,0 9 10 11 12 13 14 15,-1.0,
base,active,1743315.0,1747232.0,1747247.0,51,41988.0,False
base,active,1741745.0,1747232.0,1747253.0,47 48 49 50,41977.0,False
base,active,1741488.0,1747232.0,1747264.0,39 40 41 42,41972.0,False
base,active,1741506.0,1747232.0,1756622.0,43 44 45 46,41973.0,False
base,active,,1747247.0,1747547.0,51,-1.0,
base,active,1743411.0,1747250.0,1747265.0,36,41989.0,False
base,active,,1747253.0,1747553.0,47 48 49 50,-1.0,
base,active,1743186.0,1747258.0,1747355.0,37 38,41986.0,False
base,active,,1747264.0,1747564.0,39 40 41 42,-1.0,
base,active,,1747265.0,1747565.0,36,-1.0,
base,sleeping,,1747280.0,1749353.0,125 126,-4.0,
base,sleeping,,1747351.0,1749353.0,112,-4.0,
base,active,,1747355.0,1747655.0,37 38,-1.0,
base,switching_off,,1747383.0,1749183.0,24 25 26 27 28 29 30 31 113 114 115 116 117 118 119 120,-2.0,
base,switching_off,,1747428.0,1749228.0,0 9 10 11 12 13 14 15,-2.0,
base,active,,1747473.0,1747773.0,16 17 18 19 20 21 22 23,-1.0,
base,active,,1747543.0,1747843.0,1 2 3 4 5 6 7 8,-1.0,
base,switching_off,,1747547.0,1749347.0,51,-2.0,
base,switching_off,,1747553.0,1749353.0,47 48 49 50,-2.0,
base,switching_off,,1747564.0,1749364.0,39 40 41 42,-2.0,
base,switching_off,,1747565.0,1749365.0,36,-2.0,
base,switching_off,,1747655.0,1749455.0,37 38,-2.0,
base,switching_off,,1747773.0,1749573.0,16 17 18 19 20 21 22 23,-2.0,
base,switching_off,,1747843.0,1749643.0,1 2 3 4 5 6 7 8,-2.0,
base,active,,1747996.0,1748296.0,121 122 123 124,-1.0,
base,switching_off,,1748296.0,1750096.0,121 122 123 124,-2.0,
base,sleeping,,1749183.0,1749353.0,24 25 26 27 28 29 30 31 113 114 115 116 117 118 119 120,-4.0,
base,sleeping,,1749228.0,1749353.0,0 9 10 11 12 13 14 15,-4.0,
base,sleeping,,1749347.0,1749353.0,51,-4.0,
base,switching_on,,1749353.0,1752053.0,0 9 10 11 12 13 14 15 24 25 26 27 28 29 30 31 47 48 49 50 51 112 113 114 115 116 117 118 119 120 125 126,-3.0,
base,sleeping,,1749364.0,1749455.0,39 40 41 42,-4.0,
base,sleeping,,1749365.0,1749455.0,36,-4.0,
base,switching_on,,1749455.0,1752155.0,36 37 38 39 40 41 42 127,-3.0,
base,sleeping,,1749573.0,1749643.0,16 17 18 19 20 21 22 23,-4.0,
base,switching_on,,1749643.0,1752343.0,1 2 3 4 5 6 7 8 16 17 18 19 20 21 22 23,-3.0,
base,sleeping,,1750096.0,1750547.0,121,-4.0,
base,sleeping,,1750096.0,1752175.0,122,-4.0,
base,sleeping,,1750096.0,1778416.0,123 124,-4.0,
base,switching_on,,1750547.0,1753247.0,121,-3.0,
base,active,1747715.0,1752053.0,1752275.0,0 9 10 11 12 13 14 15 24 25 26 27 28 29 30 31 47 48 49 50 51 112 113 114 115 116 117 118 119 120 125 126,42001.0,False
base,active,1747895.0,1752155.0,1752284.0,36 37 38 39 40 41 42 127,42002.0,False
base,switching_on,,1752175.0,1754875.0,122,-3.0,
base,active,,1752275.0,1752284.0,24 25 26 27 28 29 30 31 47 48 49 50 51 112 113 114 115 116 117 118 119 120 125 126,-1.0,
base,active,1748165.0,1752275.0,1756154.0,0 9 10 11 12 13 14 15,42004.0,False
base,active,1749875.0,1752284.0,1762139.0,24 25 26 27 28 29 30 31 36 37 38 39 40 41 42 47 48 49 50 51 112 113 114 115 116 117 118 119 120 125 126 127,42005.0,False
base,active,1747947.0,1752343.0,1752525.0,1 2 3 4 5 6 7 8 16 17 18 19 20 21 22 23,42003.0,False
base,active,,1752525.0,1752823.0,20,-1.0,
base,active,,1752525.0,1752825.0,21 22 23,-1.0,
base,active,1751557.0,1752525.0,1761002.0,16 17 18 19,42011.0,False
base,active,1749903.0,1752525.0,1762352.0,1 2 3 4 5 6 7 8,42006.0,False
base,active,1752823.0,1752823.0,1752840.0,20,42014.0,False
base,switching_off,,1752825.0,1754625.0,21 22 23,-2.0,
base,active,,1752840.0,1753140.0,20,-1.0,
base,switching_off,,1753140.0,1754940.0,20,-2.0,
base,active,1750547.0,1753247.0,1753252.0,121,42007.0,False
base,active,,1753252.0,1753552.0,121,-1.0,
base,switching_off,,1753552.0,1755352.0,121,-2.0,
base,active,1750616.0,1754002.0,1754033.0,80 81 82 83 84 85 86 87 88 89 90 91 92 93 94 95 96 97 98 99 100 101 102 103 104 105 106 107 108 109 110 111,42008.0,False
base,active,1750883.0,1754033.0,1754450.0,80 81 82 83 84 85 86 87 88 89 90 91 92 93 94 95 96 97 98 99 100 101 102 103 104 105 106 107 108 109 110 111,42009.0,False
base,active,1751501.0,1754450.0,1762683.0,80 81 82 83 84 85 86 87 88 89 90 91 92 93 94 95 96 97 98 99 100 101 102 103 104 105 106 107 108 109 110 111,42010.0,False
base,sleeping,,1754625.0,1764783.0,21 22 23,-4.0,
base,active,1752175.0,1754875.0,1754889.0,122,42012.0,False
base,active,,1754889.0,1755189.0,122,-1.0,
base,sleeping,,1754940.0,1764783.0,20,-4.0,
base,switching_off,,1755189.0,1756989.0,122,-2.0,
base,sleeping,,1755352.0,1778416.0,121,-4.0,
base,active,1752438.0,1755730.0,1765779.0,32 33 34 35 52 53 54 55 56 57 58 59 60 61 62 63 64 65 66 67 68 69 70 71 72 73 74 75 76 77 78 79,42013.0,False
base,active,,1756154.0,1756454.0,0 9 10 11 12 13 14 15,-1.0,
base,switching_off,,1756454.0,1758254.0,0 9 10 11 12 13 14 15,-2.0,
base,active,,1756622.0,1756922.0,43 44 45 46,-1.0,
base,switching_off,,1756922.0,1758722.0,43 44 45 46,-2.0,
base,sleeping,,1756989.0,1778416.0,122,-4.0,
base,sleeping,,1758254.0,1764783.0,0 9 10 11 12 13 14 15,-4.0,
base,sleeping,,1758722.0,1764783.0,43 44 45 46,-4.0,
base,active,,1761002.0,1761302.0,16 17 18 19,-1.0,
base,switching_off,,1761302.0,1763102.0,16 17 18 19,-2.0,
base,active,,1762139.0,1762439.0,24 25 26 27 28 29 30 31 36 37 38 39 40 41 42 47 48 49 50 51 112 113 114 115 116 117 118 119 120 125 126 127,-1.0,
base,active,,1762352.0,1762489.0,1,-1.0,
base,active,,1762352.0,1762635.0,2 3 4,-1.0,
base,active,,1762352.0,1762652.0,5 6 7 8,-1.0,
base,switching_off,,1762439.0,1764239.0,24 25 26 27 28 29 30 31 36 37 38 39 40 41 42 47 48 49 50 51 112 113 114 115 116 117 118 119 120 125 126 127,-2.0,
base,active,1762489.0,1762489.0,1762502.0,1,42023.0,False
base,active,,1762502.0,1762635.0,1,-1.0,
base,active,1762635.0,1762635.0,1770678.0,1 2 3 4,42025.0,False
base,switching_off,,1762652.0,1764452.0,5 6 7 8,-2.0,
base,active,,1762683.0,1762983.0,80 81 82 83 84 85 86 87 88 89 90 91 92 93 94 95 96 97 98 99 100 101 102 103 104 105 106 107 108 109 110 111,-1.0,
base,switching_off,,1762983.0,1764783.0,80 81 82 83 84 85 86 87 88 89 90 91 92 93 94 95 96 97 98 99 100 101 102 103 104 105 106 107 108 109 110 111,-2.0,
base,sleeping,,1763102.0,1764783.0,16 17 18 19,-4.0,
base,sleeping,,1764239.0,1764783.0,24 25 26 27 28 29 30 31 36 37 38 39 40 41 42 47 48 49 50 51,-4.0,
base,sleeping,,1764239.0,1778416.0,112 113 114 115 116 117 118 119 120 125 126 127,-4.0,
base,sleeping,,1764452.0,1764783.0,5 6 7 8,-4.0,
base,switching_on,,1764783.0,1767483.0,0 5 6 7 8 9 10 11 12 13 14 15 16 17 18 19 20 21 22 23 24 25 26 27 28 29 30 31 36 37 38 39 40 41 42 43 44 45 46 47 48 49 50 51 80 81 82 83 84 85 86 87 88 89 90 91 92 93 94 95 96 97 98 99,-3.0,
base,sleeping,,1764783.0,1778416.0,100 101 102 103 104 105 106 107 108 109 110 111,-4.0,
base,active,1760036.0,1765779.0,1765841.0,32 33 34 35 52 53 54 55 56 57 58 59 60 61 62 63 64 65 66 67 68 69 70 71 72 73 74 75 76 77 78 79,42016.0,False
base,active,1760400.0,1765841.0,1765904.0,32 33 34 35 52 53 54 55 56 57 58 59 60 61 62 63 64 65 66 67 68 69 70 71 72 73 74 75 76 77 78 79,42017.0,False
base,active,1760764.0,1765904.0,1765963.0,32 33 34 35 52 53 54 55 56 57 58 59 60 61 62 63 64 65 66 67 68 69 70 71 72 73 74 75 76 77 78 79,42018.0,False
base,active,1761126.0,1765963.0,1766024.0,32 33 34 35 52 53 54 55 56 57 58 59 60 61 62 63 64 65 66 67 68 69 70 71 72 73 74 75 76 77 78 79,42019.0,False
base,active,1761488.0,1766024.0,1766090.0,32 33 34 35 52 53 54 55 56 57 58 59 60 61 62 63 64 65 66 67 68 69 70 71 72 73 74 75 76 77 78 79,42020.0,False
base,active,1761855.0,1766090.0,1766148.0,32 33 34 35 52 53 54 55 56 57 58 59 60 61 62 63 64 65 66 67 68 69 70 71 72 73 74 75 76 77 78 79,42021.0,False
base,active,1762214.0,1766148.0,1766205.0,32 33 34 35 52 53 54 55 56 57 58 59 60 61 62 63 64 65 66 67 68 69 70 71 72 73 74 75 76 77 78 79,42022.0,False
base,active,1762572.0,1766205.0,1774308.0,32 33 34 35 52 53 54 55 56 57 58 59 60 61 62 63 64 65 66 67 68 69 70 71 72 73 74 75 76 77 78 79,42024.0,False
base,active,1759737.0,1767483.0,1778416.0,0 5 6 7 8 9 10 11 12 13 14 15 16 17 18 19 20 21 22 23 24 25 26 27 28 29 30 31 36 37 38 39 40 41 42 43 44 45 46 47 48 49 50 51 80 81 82 83 84 85 86 87 88 89 90 91 92 93 94 95 96 97 98 99,42015.0,False
base,active,,1770678.0,1770978.0,1 2 3 4,-1.0,
base,switching_off,,1770978.0,1772778.0,1 2 3 4,-2.0,
base,sleeping,,1772778.0,1778416.0,1 2 3 4,-4.0,
base,active,,1774308.0,1774608.0,32 33 34 35 52 53 54 55 56 57 58 59 60 61 62 63 64 65 66 67 68 69 70 71 72 73 74 75 76 77 78 79,-1.0,
base,switching_off,,1774608.0,1776408.0,32 33 34 35 52 53 54 55 56 57 58 59 60 61 62 63 64 65 66 67 68 69 70 71 72 73 74 75 76 77 78 79,-2.0,
base,sleeping,,1776408.0,1778416.0,32 33 34 35 52 53 54 55 56 57 58 59 60 61 62 63 64 65 66 67 68 69 70 71 72 73 74 75 76 77 78 79,-4.0,
base,active,,1778416.0,1781116.0,0 5 6 7 8 9 10 11 12 13 14 15 16 17 18 19 20 21 22 23 24 25 26 27 28 29 30 31 36 37 38 39 40 41 42 43 44 45 46 47 48 49 50 51 80 81 82 83 84 85 86 87 88 89 90 91 92 93 94 95 96 97 98 99,-1.0,
base,switching_on,,1778416.0,1781116.0,1 2 3 4 32 33 34 35 52 53 54 55 56 57 58 59 60 61 62 63 64 65 66 67 68 69 70 71 72 73 74 75 76 77 78 79 100 101 102 103 104 105 106 107 108 109 110 111 112 113 114 115 116 117 118 119 120 121 122 123 124 125 126 127,-3.0,
base,active,1770683.0,1781116.0,1781220.0,0 1 2 3 4 5 6 7 8 9 10 11 12 13 14 15 16 17 18 19 20 21 22 23 24 25 26 27 28 29 30 31 32 33 34 35 36 37 38 39 40 41 42 43 44 45 46 47 48 49 50 51 52 53 54 55 56 57 58 59 60 61 62 63 64 65 66 67 68 69 70 71 72 73 74 75 76 77 78 79 80 81 82 83 84 85 86 87 88 89 90 91 92 93 94 95 96 97 98 99 100 101 102 103 104 105 106 107 108 109 110 111 112 113 114 115 116 117 118 119 120 121 122 123 124 125 126 127,42026.0,False
base,active,,1781220.0,1781520.0,76 77 78 79 80 81 82 83 84 85 86 87 88 89 90 91 92 93 94 95 96 97 98 99 100 101 102 103 104 105 106 107 108 109 110 111 112 113 114 115 116 117 118 119 120 121 122 123 124 125 126 127,-1.0,
base,active,1778106.0,1781220.0,1813886.0,68 69 70 71 72 73 74 75,42045.0,False
base,active,1778076.0,1781220.0,1813914.0,36 37 38 39 40 41 42 43 44 45 46 47 48 49 50 51 52 53 54 55 56 57 58 59 60 61 62 63 64 65 66 67,42044.0,False
base,active,1771039.0,1781220.0,1843801.0,32 33 34 35,42028.0,False
base,active,1770977.0,1781220.0,1843863.0,0 1 2 3 4 5 6 7 8 9 10 11 12 13 14 15 16 17 18 19 20 21 22 23 24 25 26 27 28 29 30 31,42027.0,False
base,switching_off,,1781520.0,1783320.0,76 77 78 79 80 81 82 83 84 85 86 87 88 89 90 91 92 93 94 95 96 97 98 99 100 101 102 103 104 105 106 107 108 109 110 111 112 113 114 115 116 117 118 119 120 121 122 123 124 125 126 127,-2.0,
base,sleeping,,1783320.0,1795649.0,76 77 78 79 80 81 82 83 84 85 86 87 88 89 90 91 92 93 94 95 96 97 98 99 100 101 102 103 104 105 106 107,-4.0,
base,sleeping,,1783320.0,1805005.0,108 109,-4.0,
base,sleeping,,1783320.0,1805065.0,110 111,-4.0,
base,sleeping,,1783320.0,1805754.0,112,-4.0,
base,sleeping,,1783320.0,1808452.0,113,-4.0,
base,sleeping,,1783320.0,1845149.0,114 115 116 117 118 119 120 121 122 123 124 125 126 127,-4.0,
base,switching_on,,1795649.0,1798349.0,76 77 78 79 80 81 82 83 84 85 86 87 88 89 90 91 92 93 94 95 96 97 98 99 100 101 102 103 104 105 106 107,-3.0,
base,active,1795649.0,1798349.0,1808452.0,76 77 78 79 80 81 82 83 84 85 86 87 88 89 90 91 92 93 94 95 96 97 98 99 100 101 102 103 104 105 106 107,42122.0,False
base,switching_on,,1805005.0,1807705.0,108 109,-3.0,
base,switching_on,,1805065.0,1807765.0,110 111,-3.0,
base,switching_on,,1805754.0,1808454.0,112,-3.0,
base,active,1805005.0,1807705.0,1807725.0,108 109,42154.0,False
base,active,,1807725.0,1808025.0,108 109,-1.0,
base,active,1805065.0,1807765.0,1807793.0,110 111,42155.0,False
base,active,,1807793.0,1808093.0,110 111,-1.0,
base,switching_off,,1808025.0,1809825.0,108 109,-2.0,
base,switching_off,,1808093.0,1809893.0,110 111,-2.0,
base,switching_on,,1808452.0,1811152.0,113,-3.0,
base,active,1806441.0,1808452.0,1818532.0,76 77 78 79 80 81 82 83 84 85 86 87 88 89 90 91 92 93 94 95 96 97 98 99 100 101 102 103 104 105 106 107,42163.0,False
base,active,1805754.0,1808454.0,1808471.0,112,42160.0,False
base,active,,1808471.0,1808771.0,112,-1.0,
base,switching_off,,1808771.0,1810571.0,112,-2.0,
base,sleeping,,1809825.0,1845149.0,108 109,-4.0,
base,sleeping,,1809893.0,1845149.0,110 111,-4.0,
base,sleeping,,1810571.0,1845149.0,112,-4.0,
base,active,1806823.0,1811152.0,1811178.0,113,42165.0,False
base,active,,1811178.0,1811478.0,113,-1.0,
base,switching_off,,1811478.0,1813278.0,113,-2.0,
base,sleeping,,1813278.0,1845149.0,113,-4.0,
base,active,,1813886.0,1814186.0,68 69 70 71 72 73 74 75,-1.0,
base,active,,1813914.0,1814214.0,36 37 38 39 40 41 42 43 44 45 46 47 48 49 50 51 52 53 54 55 56 57 58 59 60 61 62 63 64 65 66 67,-1.0,
base,switching_off,,1814186.0,1815986.0,68 69 70 71 72 73 74 75,-2.0,
base,switching_off,,1814214.0,1816014.0,36 37 38 39 40 41 42 43 44 45 46 47 48 49 50 51 52 53 54 55 56 57 58 59 60 61 62 63 64 65 66 67,-2.0,
base,sleeping,,1815986.0,1817234.0,68,-4.0,
base,sleeping,,1815986.0,1828033.0,69 70 71 72 73 74 75,-4.0,
base,sleeping,,1816014.0,1816523.0,36,-4.0,
base,sleeping,,1816014.0,1817234.0,37 38 39 40 41 42 43 44 45 46 47 48 49 50 51 52 53 54 55 56 57 58 59 60 61 62 63 64 65 66 67,-4.0,
base,switching_on,,1816523.0,1819223.0,36,-3.0,
base,switching_on,,1817234.0,1819934.0,37 38 39 40 41 42 43 44 45 46 47 48 49 50 51 52 53 54 55 56 57 58 59 60 61 62 63 64 65 66 67 68,-3.0,
base,active,,1818532.0,1818705.0,76 77 78 79,-1.0,
base,active,,1818532.0,1818829.0,80 81 82 83,-1.0,
base,active,,1818532.0,1818832.0,84 85 86 87 88 89 90 91 92 93 94 95 96 97 98 99 100 101 102 103 104 105 106 107,-1.0,
base,active,1818705.0,1818705.0,1818819.0,76 77 78 79,42212.0,False
base,active,,1818819.0,1818829.0,76 77 78 79,-1.0,
base,active,1818829.0,1818829.0,1818987.0,76 77 78 79 80 81 82 83,42214.0,False
base,switching_off,,1818832.0,1820632.0,84 85 86 87 88 89 90 91 92 93 94 95 96 97 98 99 100 101 102 103 104 105 106 107,-2.0,
base,active,,1818987.0,1819037.0,76 77 78 79,-1.0,
base,active,,1818987.0,1819287.0,80 81 82 83,-1.0,
base,active,1819037.0,1819037.0,1819095.0,76 77 78 79,42215.0,False
base,active,,1819095.0,1819395.0,76 77 78 79,-1.0,
base,active,1816523.0,1819223.0,1819236.0,36,42201.0,False
base,active,,1819236.0,1819536.0,36,-1.0,
base,switching_off,,1819287.0,1821087.0,80 81 82 83,-2.0,
base,switching_off,,1819395.0,1821195.0,76 77 78 79,-2.0,
base,switching_off,,1819536.0,1821336.0,36,-2.0,
base,active,1817234.0,1819934.0,1830005.0,37 38 39 40 41 42 43 44 45 46 47 48 49 50 51 52 53 54 55 56 57 58 59 60 61 62 63 64 65 66 67 68,42206.0,False
base,sleeping,,1820632.0,1828033.0,84 85 86 87 88 89 90 91 92 93 94 95 96 97 98 99 100,-4.0,
base,sleeping,,1820632.0,1839223.0,101,-4.0,
base,sleeping,,1820632.0,1840332.0,102,-4.0,
base,sleeping,,1820632.0,1845149.0,103 104 105 106 107,-4.0,
base,sleeping,,1821087.0,1828033.0,80 81 82 83,-4.0,
base,sleeping,,1821195.0,1828033.0,76 77 78 79,-4.0,
base,sleeping,,1821336.0,1827306.0,36,-4.0,
base,switching_on,,1827306.0,1830006.0,36,-3.0,
base,switching_on,,1828033.0,1830733.0,69 70 71 72 73 74 75 76 77 78 79 80 81 82 83 84 85 86 87 88 89 90 91 92 93 94 95 96 97 98 99 100,-3.0,
base,active,,1830005.0,1830305.0,37 38 39 40 41 42 43 44 45 46 47 48 49 50 51 52 53 54 55 56 57 58 59 60 61 62 63 64 65 66 67 68,-1.0,
base,active,1827306.0,1830006.0,1830020.0,36,42248.0,False
base,active,,1830020.0,1830320.0,36,-1.0,
base,switching_off,,1830305.0,1832105.0,37 38 39 40 41 42 43 44 45 46 47 48 49 50 51 52 53 54 55 56 57 58 59 60 61 62 63 64 65 66 67 68,-2.0,
base,switching_off,,1830320.0,1832120.0,36,-2.0,
base,active,1828033.0,1830733.0,1840802.0,69 70 71 72 73 74 75 76 77 78 79 80 81 82 83 84 85 86 87 88 89 90 91 92 93 94 95 96 97 98 99 100,42253.0,False
base,sleeping,,1832105.0,1838834.0,37 38 39 40 41 42 43 44 45 46 47 48 49 50 51 52 53 54 55 56 57 58 59 60 61 62 63 64 65 66 67 68,-4.0,
base,sleeping,,1832120.0,1838104.0,36,-4.0,
base,switching_on,,1838104.0,1840804.0,36,-3.0,
base,switching_on,,1838834.0,1841534.0,37 38 39 40 41 42 43 44 45 46 47 48 49 50 51 52 53 54 55 56 57 58 59 60 61 62 63 64 65 66 67 68,-3.0,
base,switching_on,,1839223.0,1841923.0,101,-3.0,
base,switching_on,,1840332.0,1843032.0,102,-3.0,
base,active,,1840802.0,1841102.0,69 70 71 72 73 74 75 76 77 78 79 80 81 82 83 84 85 86 87 88 89 90 91 92 93 94 95 96 97 98 99 100,-1.0,
base,active,1838104.0,1840804.0,1840817.0,36,42256.0,False
base,active,,1840817.0,1841117.0,36,-1.0,
base,switching_off,,1841102.0,1842902.0,69 70 71 72 73 74 75 76 77 78 79 80 81 82 83 84 85 86 87 88 89 90 91 92 93 94 95 96 97 98 99 100,-2.0,
base,switching_off,,1841117.0,1842917.0,36,-2.0,
base,active,1838834.0,1841534.0,1848251.0,37 38 39 40 41 42 43 44 45 46 47 48 49 50 51 52 53 54 55 56 57 58 59 60 61 62 63 64 65 66 67 68,42257.0,False
base,active,1839223.0,1841923.0,1841937.0,101,42258.0,False
base,active,,1841937.0,1842237.0,101,-1.0,
base,switching_off,,1842237.0,1844037.0,101,-2.0,
base,sleeping,,1842902.0,1843863.0,69 70 71 72 73 74 75 76 77 78 79 80 81 82 83 84 85 86 87 88 89 90 91 92 93 94 95,-4.0,
base,sleeping,,1842902.0,1845149.0,96 97 98 99 100,-4.0,
base,sleeping,,1842917.0,1843863.0,36,-4.0,
base,active,1840332.0,1843032.0,1843049.0,102,42261.0,False
base,active,,1843049.0,1843349.0,102,-1.0,
base,switching_off,,1843349.0,1845149.0,102,-2.0,
base,active,,1843801.0,1846563.0,32 33 34 35,-1.0,
base,active,,1843863.0,1846563.0,0 1 2 3 4 5 6 7 8 9 10 11 12 13 14 15 16 17 18 19 20 21 22 23 24 25 26 27 28 29 30 31,-1.0,
base,switching_on,,1843863.0,1846563.0,36 69 70 71 72 73 74 75 76 77 78 79 80 81 82 83 84 85 86 87 88 89 90 91 92 93 94 95,-3.0,
base,sleeping,,1844037.0,1845149.0,101,-4.0,
base,switching_on,,1845149.0,1847849.0,96 97 98 99 100 101 102 103 104 105 106 107 108 109 110 111 112 113 114 115 116 117 118 119 120 121 122 123 124 125 126 127,-3.0,
base,active,1840146.0,1846563.0,1846723.0,0 1 2 3 4 5 6 7 8 9 10 11 12 13 14 15 16 17 18 19 20 21 22 23 24 25 26 27 28 29 30 31 32 33 34 35 36 69 70 71 72 73 74 75 76 77 78 79 80 81 82 83 84 85 86 87 88 89 90 91 92 93 94 95,42259.0,False
base,active,1845553.0,1846723.0,1846736.0,0,42262.0,False
base,active,,1846723.0,1846736.0,1 2 3 4 5 6 7 8 9 10 11 12 13 14 15 16 17 18 19 20 21 22 23 24 25 26 27 28 29 30 31 32 33 34 35 36 69 70 71 72 73 74 75 76 77 78 79 80 81 82 83 84 85 86 87 88 89 90 91 92 93 94 95,-1.0,
base,active,1846128.0,1846736.0,1857659.0,0 1 2 3 4 5 6 7 8 9 10 11 12 13 14 15 16 17 18 19 20 21 22 23 24 25 26 27 28 29 30 31 32 33 34 35 36 69 70 71 72 73 74 75 76 77 78 79 80 81 82 83 84 85 86 87 88 89 90 91 92 93 94 95,42263.0,False
base,active,1840162.0,1847849.0,1848066.0,96 97 98 99 100 101 102 103 104 105 106 107 108 109 110 111 112 113 114 115 116 117 118 119 120 121 122 123 124 125 126 127,42260.0,False
base,active,,1848066.0,1848366.0,96 97 98 99 100 101 102 103 104 105 106 107 108 109 110 111 112 113 114 115 116 117 118 119 120 121 122 123 124 125 126 127,-1.0,
base,active,,1848251.0,1848551.0,37 38 39 40 41 42 43 44 45 46 47 48 49 50 51 52 53 54 55 56 57 58 59 60 61 62 63 64 65 66 67 68,-1.0,
base,switching_off,,1848366.0,1850166.0,96 97 98 99 100 101 102 103 104 105 106 107 108 109 110 111 112 113 114 115 116 117 118 119 120 121 122 123 124 125 126 127,-2.0,
base,switching_off,,1848551.0,1850351.0,37 38 39 40 41 42 43 44 45 46 47 48 49 50 51 52 53 54 55 56 57 58 59 60 61 62 63 64 65 66 67 68,-2.0,
base,sleeping,,1850166.0,1857659.0,96 97 98 99 100 101 102 103 104 105 106 107 108 109 110 111 112 113 114 115 116 117 118 119 120 121 122 123 124 125 126 127,-4.0,
base,sleeping,,1850351.0,1857659.0,37 38 39 40 41 42 43 44 45 46 47 48 49 50 51 52 53 54 55 56 57 58 59 60 61 62 63 64 65 66 67 68,-4.0,
base,active,,1857659.0,1860359.0,0 1 2 3 4 5 6 7 8 9 10 11 12 13 14 15 16 17 18 19 20 21 22 23 24 25 26 27 28 29 30 31 32 33 34 35 36 69 70 71 72 73 74 75 76 77 78 79 80 81 82 83 84 85 86 87 88 89 90 91 92 93 94 95,-1.0,
base,switching_on,,1857659.0,1860359.0,37 38 39 40 41 42 43 44 45 46 47 48 49 50 51 52 53 54 55 56 57 58 59 60 61 62 63 64 65 66 67 68 96 97 98 99 100 101 102 103 104 105 106 107 108 109 110 111 112 113 114 115 116 117 118 119 120 121 122 123 124 125 126 127,-3.0,
base,active,1857058.0,1860359.0,1860445.0,0 1 2 3 4 5 6 7 8 9 10 11 12 13 14 15 16 17 18 19 20 21 22 23 24 25 26 27 28 29 30 31 32 33 34 35 36 37 38 39 40 41 42 43 44 45 46 47 48 49 50 51 52 53 54 55 56 57 58 59 60 61 62 63 64 65 66 67 68 69 70 71 72 73 74 75 76 77 78 79 80 81 82 83 84 85 86 87 88 89 90 91 92 93 94 95 96 97 98 99 100 101 102 103 104 105 106 107 108 109 110 111 112 113 114 115 116 117 118 119 120 121 122 123 124 125 126 127,42264.0,False
base,active,,1860445.0,1860745.0,0 1 2 3 4 5 6 7 8 9 10 11 12 13 14 15 16 17 18 19 20 21 22 23 24 25 26 27 28 29 30 31 32 33 34 35 36 37 38 39 40 41 42 43 44 45 46 47 48 49 50 51 52 53 54 55 56 57 58 59 60 61 62 63 64 65 66 67 68 69 70 71 72 73 74 75 76 77 78 79 80 81 82 83 84 85 86 87 88 89 90 91 92 93 94 95 96 97 98 99 100 101 102 103 104 105 106 107 108 109 110 111 112 113 114 115 116 117 118 119 120 121 122 123 124 125 126 127,-1.0,
base,switching_off,,1860745.0,1862545.0,0 1 2 3 4 5 6 7 8 9 10 11 12 13 14 15 16 17 18 19 20 21 22 23 24 25 26 27 28 29 30 31 32 33 34 35 36 37 38 39 40 41 42 43 44 45 46 47 48 49 50 51 52 53 54 55 56 57 58 59 60 61 62 63 64 65 66 67 68 69 70 71 72 73 74 75 76 77 78 79 80 81 82 83 84 85 86 87 88 89 90 91 92 93 94 95 96 97 98 99 100 101 102 103 104 105 106 107 108 109 110 111 112 113 114 115 116 117 118 119 120 121 122 123 124 125 126 127,-2.0,
