time,nb_sleeping,nb_switching_on,nb_switching_off,nb_idle,nb_computing
0.0,0,0,0,128,0
0.0,0,0,0,124,4
132.0,0,0,0,128,0
256.0,0,0,0,128,0
256.0,0,0,0,127,1
297.0,0,0,0,127,1
297.0,0,0,0,123,5
300.0,0,0,0,123,5
300.0,0,0,123,0,5
321.0,0,0,123,4,1
328.0,0,0,123,4,1
328.0,0,0,123,3,2
337.0,0,0,123,4,1
367.0,0,0,123,5,0
455.0,0,0,123,5,0
455.0,0,0,123,4,1
490.0,0,0,123,4,1
494.0,0,0,123,4,1
571.0,0,0,123,5,0
576.0,0,0,123,5,0
621.0,0,0,123,5,0
621.0,0,0,126,2,0
637.0,0,0,126,2,0
637.0,0,0,127,1,0
871.0,0,0,127,1,0
871.0,0,0,128,0,0
1300.0,0,0,128,0,0
1307.0,0,0,128,0,0
1316.0,0,0,128,0,0
1326.0,0,0,128,0,0
1343.0,0,0,128,0,0
1535.0,0,0,128,0,0
1651.0,0,0,128,0,0
1795.0,0,0,128,0,0
1817.0,0,0,128,0,0
1906.0,0,0,128,0,0
1924.0,0,0,128,0,0
1927.0,0,0,128,0,0
2030.0,0,0,128,0,0
2100.0,123,0,5,0,0
2100.0,3,120,5,0,0
2349.0,3,120,5,0,0
2349.0,0,123,5,0,0
2421.0,3,123,2,0,0
2421.0,0,126,2,0,0
2437.0,1,126,1,0,0
2671.0,2,126,0,0,0
2800.0,2,126,0,0,0
2846.0,2,126,0,0,0
2889.0,2,126,0,0,0
2953.0,2,126,0,0,0
2953.0,1,127,0,0,0
3239.0,1,127,0,0,0
3252.0,1,127,0,0,0
3267.0,1,127,0,0,0
3968.0,1,127,0,0,0
4150.0,1,127,0,0,0
4161.0,1,127,0,0,0
4297.0,1,127,0,0,0
4800.0,1,7,0,0,120
4834.0,1,7,0,1,119
4834.0,0,8,0,1,119
4868.0,0,8,0,2,118
4945.0,0,8,0,10,110
4953.0,0,8,0,18,102
4953.0,0,8,0,2,118
4961.0,0,8,0,18,102
4990.0,0,8,0,34,86
4990.0,0,8,0,2,118
5000.0,0,8,0,6,114
5000.0,0,8,0,2,118
5038.0,0,8,0,6,114
5038.0,0,8,0,2,118
5044.0,0,8,0,2,118
5049.0,0,5,0,2,121
5077.0,0,5,0,4,119
5114.0,0,5,0,4,119
5121.0,0,2,0,4,122
5138.0,0,2,0,6,120
5138.0,0,2,0,2,124
5140.0,0,2,0,34,92
5140.0,0,2,0,2,124
5168.0,0,2,0,2,124
5175.0,0,2,0,2,124
5179.0,0,2,0,6,120
5198.0,0,2,0,7,119
5203.0,0,2,0,8,118
5253.0,0,2,0,8,118
5274.0,0,2,0,8,118
5290.0,0,2,0,8,118
5377.0,0,2,0,8,118
5377.0,0,2,1,7,118
5450.0,0,2,1,7,118
5479.0,0,2,1,7,118
5479.0,0,2,5,3,118
5498.0,0,2,5,3,118
5498.0,0,2,6,2,118
5503.0,0,2,6,2,118
5503.0,0,2,7,1,118
5532.0,0,2,7,33,86
5532.0,0,2,7,1,118
5555.0,0,2,7,33,86
5555.0,0,2,7,25,94
5555.0,0,2,7,17,102
5555.0,0,2,7,9,110
5555.0,0,2,7,1,118
5587.0,0,2,7,1,118
5624.0,0,2,7,9,110
5624.0,0,2,7,1,118
5631.0,0,2,7,9,110
5633.0,0,2,7,17,102
5653.0,0,1,7,17,103
5666.0,0,1,7,25,95
5672.0,0,1,7,26,94
5731.0,0,1,7,26,94
5731.0,0,1,7,18,102
5815.0,0,1,7,18,102
5818.0,0,1,7,26,94
5855.0,0,1,7,26,94
5921.0,0,1,7,42,78
5921.0,0,1,7,10,110
5931.0,0,1,7,10,110
5931.0,0,1,8,9,110
5966.0,0,1,8,9,110
5966.0,0,1,16,1,110
6066.0,0,1,16,5,106
6132.0,0,1,16,7,104
6193.0,0,1,16,7,104
6193.0,0,1,16,3,108
6200.0,0,1,16,35,76
6200.0,0,1,16,3,108
6238.0,0,1,16,7,104
6366.0,0,1,16,7,104
6366.0,0,1,18,5,104
6538.0,0,1,18,5,104
6538.0,0,1,22,1,104
6675.0,0,1,22,1,104
6908.0,0,1,22,33,72
6908.0,0,1,22,1,104
6928.0,0,1,22,1,104
6935.0,0,1,22,1,104
6994.0,0,1,22,17,88
6994.0,0,1,22,9,96
7007.0,0,1,22,9,96
7007.0,0,1,22,1,104
7067.0,0,1,22,1,104
7080.0,0,1,22,9,96
7080.0,0,1,22,1,104
7099.0,0,1,22,9,96
7125.0,0,1,22,9,96
7161.0,0,1,22,9,96
7161.0,0,1,22,1,104
7168.0,0,1,22,1,104
7177.0,1,1,21,1,104
7209.0,1,1,21,9,96
7209.0,1,1,21,1,104
7224.0,1,1,21,1,104
7234.0,1,1,21,9,96
7234.0,1,1,21,1,104
7267.0,1,1,21,1,104
7279.0,5,1,17,1,104
7294.0,5,1,17,1,104
7298.0,6,1,16,1,104
7303.0,7,1,15,1,104
7331.0,7,1,15,9,96
7331.0,7,1,15,1,104
7385.0,7,1,15,1,104
7388.0,7,1,15,1,104
7390.0,7,1,15,9,96
7390.0,7,1,15,1,104
7399.0,7,1,15,1,104
7451.0,7,1,15,1,104
7480.0,7,1,15,9,96
7480.0,7,1,15,1,104
7496.0,7,1,15,9,96
7496.0,7,1,15,1,104
7534.0,7,0,15,0,106
7548.0,7,0,15,8,98
7556.0,7,0,15,8,98
7556.0,7,0,15,0,106
7558.0,7,0,15,0,106
7559.0,7,0,15,2,104
7559.0,1,6,15,2,104
7664.0,1,6,15,10,96
7698.0,1,6,15,10,96
7698.0,1,6,15,2,104
7731.0,2,6,14,2,104
7766.0,10,6,6,2,104
7797.0,10,6,6,10,96
7822.0,10,6,6,18,88
7822.0,10,6,6,17,89
7839.0,10,6,6,49,57
7839.0,10,6,6,17,89
7848.0,10,6,6,17,89
7877.0,10,6,6,18,88
7892.0,10,6,6,18,88
7892.0,10,6,6,17,89
7917.0,10,6,6,18,88
7923.0,10,6,6,18,88
7923.0,7,9,6,18,88
7945.0,7,9,6,18,88
7945.0,5,11,6,18,88
7964.0,5,11,6,18,88
8010.0,5,11,6,18,88
8010.0,4,12,6,18,88
8034.0,4,12,6,34,72
8034.0,3,13,6,34,72
8097.0,3,13,6,34,72
8139.0,3,13,6,34,72
8166.0,5,13,4,34,72
8338.0,9,13,0,34,72
8443.0,9,13,0,66,40
8443.0,9,13,0,34,72
8466.0,9,13,0,34,72
8466.0,1,21,0,34,72
8715.0,1,21,0,66,40
8715.0,1,21,0,34,72
8772.0,1,21,0,34,72
8795.0,1,21,0,34,72
8831.0,1,21,0,34,72
8852.0,1,21,0,34,72
8941.0,1,21,0,66,40
8941.0,1,21,0,34,72
9003.0,1,21,0,34,72
9047.0,1,21,0,34,72
9057.0,1,21,0,66,40
9057.0,1,21,0,34,72
9098.0,1,21,0,34,72
9121.0,1,21,0,34,72
9137.0,1,21,0,34,72
9196.0,1,21,0,34,72
9208.0,1,21,0,34,72
9233.0,1,21,0,34,72
9240.0,1,21,0,34,72
9339.0,1,21,0,66,40
9339.0,1,21,0,34,72
9381.0,1,21,0,34,72
9451.0,1,21,0,34,72
9541.0,1,21,0,34,72
9541.0,0,22,0,34,72
9565.0,0,22,0,34,72
9569.0,0,22,0,34,72
9572.0,0,22,0,34,72
9594.0,0,22,0,34,72
9632.0,0,22,0,34,72
9750.0,0,22,0,34,72
9758.0,0,22,0,34,72
9780.0,0,22,0,34,72
9892.0,0,22,0,34,72
9899.0,0,22,0,34,72
10146.0,0,22,0,34,72
10175.0,0,22,0,34,72
10231.0,0,22,0,34,72
10259.0,0,16,0,32,80
10265.0,0,16,0,32,80
10290.0,0,16,0,32,80
10320.0,0,16,0,40,72
10320.0,0,16,0,34,78
10336.0,0,16,0,36,76
10336.0,0,16,0,32,80
10359.0,0,16,0,36,76
10359.0,0,16,0,32,80
10369.0,0,16,0,32,80
10379.0,0,16,0,34,78
10379.0,0,16,0,32,80
10402.0,0,16,0,34,78
10402.0,0,16,0,32,80
10433.0,0,16,0,36,76
10433.0,0,16,0,32,80
10435.0,0,16,0,34,78
10435.0,0,16,0,32,80
10471.0,0,16,0,38,74
10471.0,0,16,0,34,78
10509.0,0,16,0,34,78
10517.0,0,16,0,38,74
10517.0,0,16,0,34,78
10620.0,0,16,0,34,78
10623.0,0,13,0,33,82
10645.0,0,11,0,33,84
10710.0,0,10,0,33,85
10713.0,0,10,0,34,84
10713.0,0,10,0,33,85
10734.0,0,9,0,2,117
10745.0,0,9,0,6,113
10747.0,0,9,0,8,111
10747.0,0,9,0,0,119
10755.0,0,9,0,1,118
10755.0,0,9,0,0,119
10771.0,0,9,0,0,119
10772.0,0,9,0,1,118
10772.0,0,9,0,0,119
10790.0,0,9,0,2,117
10790.0,0,9,0,0,119
10792.0,0,9,0,8,111
10792.0,0,9,0,0,119
10813.0,0,9,0,1,118
10813.0,0,9,0,0,119
10819.0,0,9,0,2,117
10819.0,0,9,0,0,119
10826.0,0,9,0,0,119
10837.0,0,9,0,1,118
10847.0,0,9,0,1,118
10879.0,0,9,0,9,110
10879.0,0,9,0,1,118
10890.0,0,9,0,5,114
10890.0,0,9,0,1,118
10919.0,0,9,0,9,110
10919.0,0,9,0,1,118
10932.0,0,9,0,5,114
10932.0,0,9,0,1,118
10936.0,0,9,0,3,116
10936.0,0,9,0,1,118
10960.0,0,9,0,33,86
10960.0,0,9,0,1,118
10965.0,0,9,0,9,110
10998.0,0,9,0,17,102
10998.0,0,9,0,1,118
11013.0,0,9,0,3,116
11013.0,0,9,0,1,118
11028.0,0,9,0,1,118
11050.0,0,9,0,1,118
11063.0,0,9,0,9,110
11063.0,0,9,0,1,118
11069.0,0,9,0,5,114
11069.0,0,9,0,1,118
11094.0,0,9,0,17,102
11094.0,0,9,0,1,118
11117.0,0,9,0,3,116
11117.0,0,9,0,1,118
11136.0,0,9,0,1,118
11137.0,0,9,0,1,118
11144.0,0,9,0,9,110
11144.0,0,9,0,1,118
11166.0,0,1,0,1,126
11172.0,0,1,0,5,122
11178.0,0,1,0,13,114
11178.0,0,1,0,5,122
11179.0,0,1,0,5,122
11179.0,0,1,1,4,122
11187.0,0,1,1,12,114
11210.0,0,1,1,28,98
11249.0,0,1,1,36,90
11269.0,0,1,1,40,86
11327.0,0,1,1,40,86
11327.0,0,1,1,36,90
11376.0,0,1,1,40,86
11441.0,0,1,1,40,86
11441.0,0,1,1,38,88
11458.0,0,1,1,40,86
11478.0,0,1,1,40,86
11478.0,0,1,5,36,86
11479.0,0,1,5,36,86
11479.0,0,1,5,32,90
11487.0,0,1,5,32,90
11487.0,0,1,13,24,90
11510.0,0,1,13,24,90
11510.0,0,1,29,8,90
11516.0,0,1,29,12,86
11536.0,0,1,29,12,86
11536.0,0,1,29,4,94
11549.0,0,1,29,4,94
11549.0,0,1,33,0,94
11579.0,0,1,33,8,86
11597.0,0,1,33,16,78
11598.0,0,1,33,16,78
11598.0,0,1,33,0,94
11660.0,0,1,33,16,78
11692.0,0,1,33,16,78
11739.0,0,1,33,16,78
11879.0,0,1,33,16,78
11883.0,0,1,33,16,78
11883.0,0,1,33,12,82
11938.0,0,1,33,16,78
11960.0,0,1,33,16,78
11960.0,0,1,45,4,78
11980.0,0,1,45,36,46
11980.0,0,1,45,4,78
12077.0,0,1,45,6,76
12110.0,0,1,45,6,76
12126.0,0,1,45,10,72
12130.0,0,1,45,42,40
12130.0,0,1,45,6,76
12135.0,0,1,45,6,76
12135.0,0,1,45,4,78
12208.0,0,1,45,4,78
12238.0,0,1,45,4,78
12241.0,0,0,45,4,79
12245.0,0,0,45,5,78
12253.0,0,0,45,37,46
12253.0,0,0,45,5,78
12277.0,0,0,45,5,78
12280.0,0,0,45,5,78
12280.0,0,0,49,1,78
12303.0,0,0,49,33,46
12545.0,0,0,49,33,46
12545.0,0,0,50,32,46
12554.0,0,0,50,32,46
12603.0,0,0,50,32,46
12603.0,0,0,82,0,46
12674.0,0,0,82,2,44
12693.0,0,0,82,6,40
12908.0,0,0,82,6,40
12908.0,0,0,82,4,42
12911.0,0,0,82,5,41
12965.0,0,0,82,6,40
12974.0,0,0,82,6,40
12974.0,0,0,84,4,40
12979.0,1,0,83,4,40
12983.0,1,0,83,4,40
12993.0,1,0,83,4,40
12993.0,1,0,85,2,40
13009.0,1,0,85,2,40
13009.0,1,0,85,1,41
13027.0,1,0,85,2,40
13032.0,1,0,85,2,40
13032.0,1,0,85,0,42
13211.0,1,0,85,0,42
13265.0,1,0,85,0,42
13278.0,5,0,81,0,42
13287.0,13,0,73,0,42
13310.0,29,0,57,0,42
13349.0,33,0,53,0,42
13548.0,33,0,53,0,42
13548.0,21,12,53,0,42
13760.0,33,12,41,0,42
13947.0,33,12,41,0,42
13975.0,33,12,41,2,40
14080.0,37,12,37,2,40
14129.0,37,12,37,2,40
14129.0,37,12,37,0,42
14275.0,37,12,37,0,42
14307.0,37,12,37,2,40
14345.0,38,12,36,2,40
14392.0,38,12,36,2,40
14392.0,38,12,36,0,42
14403.0,70,12,4,0,42
14403.0,6,76,4,0,42
14491.0,6,76,4,2,40
14607.0,6,76,4,2,40
14639.0,6,76,4,2,40
14687.0,6,76,4,2,40
14687.0,4,78,4,0,42
14692.0,4,78,4,2,40
14774.0,6,78,2,2,40
14791.0,6,78,2,2,40
14793.0,8,78,0,2,40
14992.0,8,78,0,2,40
14992.0,8,78,2,0,40
15235.0,8,78,2,0,40
15273.0,8,78,2,0,40
15273.0,6,80,2,0,40
15281.0,6,80,2,0,40
15356.0,6,80,2,0,40
15445.0,6,80,2,0,40
15445.0,4,82,2,0,40
15500.0,4,82,2,0,40
15528.0,4,82,2,0,40
15572.0,4,82,2,0,40
15596.0,4,82,2,0,40
15894.0,4,82,2,0,40
15894.0,2,84,2,0,40
15920.0,2,84,2,0,40
15948.0,2,84,2,0,40
15962.0,2,84,2,0,40
15962.0,1,85,2,0,40
16248.0,1,73,2,0,52
16626.0,1,73,2,0,52
16632.0,1,73,2,8,44
16684.0,1,73,2,8,44
16684.0,1,73,2,6,46
16769.0,1,73,2,8,44
16792.0,3,73,0,8,44
16798.0,3,73,0,8,44
16798.0,3,73,0,7,45
16828.0,3,73,0,8,44
16932.0,3,73,0,8,44
16932.0,3,73,6,2,44
16961.0,3,73,6,2,44
16985.0,3,73,6,2,44
16985.0,3,73,6,0,46
17069.0,3,73,6,0,46
17070.0,3,73,6,0,46
17083.0,3,73,6,0,46
17103.0,3,9,6,0,110
17160.0,3,9,6,2,108
17161.0,3,9,6,66,44
17161.0,3,9,6,34,76
17161.0,3,9,6,2,108
17168.0,3,9,6,34,76
17168.0,3,9,6,2,108
17178.0,3,9,6,34,76
17178.0,3,9,6,2,108
17211.0,3,9,6,6,104
17256.0,3,9,6,6,104
17276.0,3,9,6,6,104
17387.0,3,7,6,6,106
17430.0,3,7,6,38,74
17430.0,3,7,6,6,106
17447.0,3,7,6,8,104
17460.0,3,7,6,8,104
17461.0,3,7,6,8,104
17461.0,3,7,8,6,104
17511.0,3,7,8,6,104
17511.0,3,7,12,2,104
17538.0,3,7,12,2,104
17575.0,3,7,12,2,104
17575.0,3,7,12,0,106
17673.0,3,7,12,32,74
17673.0,1,9,12,32,74
17747.0,1,9,12,32,74
17773.0,1,9,12,34,72
17834.0,1,9,12,34,72
17972.0,1,9,12,34,72
17973.0,1,7,12,34,74
17973.0,1,7,30,16,74
17973.0,1,7,30,14,76
18032.0,1,7,30,16,74
18034.0,1,7,30,18,72
18073.0,1,7,30,18,72
18107.0,1,7,30,34,56
18107.0,1,7,30,18,72
18115.0,1,7,30,18,72
18120.0,1,7,30,34,56
18120.0,1,7,30,18,72
18145.0,1,5,30,18,74
18174.0,1,5,30,34,58
18174.0,1,5,30,18,74
18176.0,1,5,30,26,66
18206.0,1,5,30,28,64
18331.0,1,5,30,44,48
18331.0,1,5,30,28,64
18332.0,1,5,30,28,64
18332.0,1,5,32,26,64
18334.0,1,5,32,26,64
18334.0,1,5,34,24,64
18374.0,1,5,34,40,48
18374.0,1,5,34,24,64
18394.0,1,5,34,24,64
18506.0,1,5,34,24,64
18506.0,1,5,36,22,64
18542.0,1,5,36,22,64
18547.0,1,5,36,22,64
18594.0,1,3,36,22,66
18604.0,1,3,36,38,50
18604.0,1,3,36,22,66
18631.0,1,3,36,22,66
18631.0,1,3,44,14,66
18655.0,1,3,44,16,64
18662.0,1,2,44,16,65
18680.0,1,2,44,17,64
18681.0,1,2,44,17,64
18732.0,7,2,38,17,64
18736.0,7,2,38,17,64
18742.0,7,2,38,17,64
18742.0,2,7,38,17,64
18846.0,2,7,38,17,64
18872.0,2,7,38,17,64
18904.0,2,7,38,33,48
18904.0,2,7,38,17,64
18944.0,2,7,38,17,64
18944.0,1,8,38,17,64
18950.0,1,8,38,17,64
18950.0,0,9,38,17,64
18955.0,0,9,38,17,64
19091.0,0,9,38,33,48
19091.0,0,9,38,17,64
19241.0,0,9,38,17,64
19252.0,0,9,38,17,64
19261.0,2,9,36,17,64
19261.0,1,10,36,17,64
19263.0,1,10,36,33,48
19263.0,1,10,36,17,64
19293.0,1,10,36,17,64
19302.0,1,10,36,33,48
19302.0,1,10,36,17,64
19311.0,5,10,32,17,64
19419.0,5,10,32,17,64
19419.0,4,11,32,17,64
19530.0,4,11,32,17,64
19578.0,4,11,32,17,64
19657.0,4,11,32,17,64
19657.0,3,12,32,17,64
19670.0,3,12,32,33,48
19670.0,3,12,32,17,64
19684.0,3,12,32,17,64
19684.0,2,13,32,17,64
19690.0,2,13,32,33,48
19690.0,2,13,32,17,64
19766.0,2,13,32,17,64
19773.0,20,13,14,17,64
19773.0,8,25,14,17,64
19788.0,8,25,14,17,64
19788.0,6,27,14,17,64
19802.0,6,27,14,17,64
19887.0,6,27,14,33,48
19887.0,6,27,14,17,64
19895.0,6,27,14,17,64
19895.0,4,29,14,17,64
19961.0,4,29,14,17,64
19996.0,4,29,14,17,64
19996.0,3,30,14,17,64
20063.0,3,30,14,33,48
20063.0,3,30,14,17,64
20105.0,3,30,14,33,48
20108.0,3,30,14,33,48
20128.0,3,30,14,33,48
20132.0,5,30,12,33,48
20134.0,7,30,10,33,48
20134.0,0,37,10,33,48
20174.0,0,37,10,33,48
20306.0,2,37,8,33,48
20346.0,2,37,8,65,16
20373.0,2,35,8,51,32
20384.0,2,35,8,67,16
20384.0,1,36,8,67,16
20386.0,1,36,8,83,0
20405.0,1,36,8,83,0
20431.0,9,36,0,83,0
20431.0,2,43,0,83,0
20467.0,2,43,0,83,0
20481.0,2,43,0,83,0
20481.0,0,45,0,83,0
20556.0,0,45,0,83,0
20686.0,0,45,0,83,0
20686.0,0,45,15,68,0
20883.0,0,45,15,68,0
20895.0,0,45,15,68,0
21442.0,0,40,15,65,8
21523.0,0,40,15,73,0
21644.0,0,39,15,73,1
21650.0,0,38,15,73,2
21664.0,0,38,15,74,1
21680.0,0,38,15,75,0
21823.0,0,38,15,75,0
21823.0,0,38,23,67,0
21961.0,0,37,23,67,1
21964.0,0,37,23,67,1
21964.0,0,37,24,66,1
21969.0,0,37,24,67,0
21980.0,0,37,24,67,0
21980.0,0,37,25,66,0
22088.0,0,37,25,66,0
22101.0,0,37,25,66,0
22119.0,0,36,25,66,1
22138.0,0,36,25,67,0
22151.0,0,36,25,67,0
22216.0,0,36,25,67,0
22238.0,0,36,25,67,0
22269.0,0,36,25,67,0
22269.0,0,36,26,66,0
22327.0,0,36,26,66,0
22357.0,0,35,26,66,1
22374.0,0,35,26,66,1
22384.0,0,34,26,66,2
22413.0,0,34,26,66,2
22438.0,0,34,26,66,2
22438.0,0,34,27,65,2
22443.0,0,34,27,66,1
22461.0,0,34,27,67,0
22473.0,0,22,27,67,12
22486.0,15,22,12,67,12
22486.0,0,37,12,67,12
22488.0,0,35,12,67,14
22503.0,0,35,12,67,14
22515.0,0,35,12,67,14
22554.0,0,35,12,67,14
22557.0,0,35,12,67,14
22595.0,0,33,12,67,16
22618.0,0,33,12,69,14
22626.0,0,33,12,69,14
22696.0,0,32,12,69,15
22703.0,0,32,12,69,15
22717.0,0,32,12,70,14
22724.0,0,32,12,70,14
22743.0,0,32,12,70,14
22743.0,0,32,13,69,14
22761.0,0,32,13,69,14
22761.0,0,32,14,68,14
22763.0,0,32,14,68,14
22834.0,0,25,14,67,22
22840.0,0,25,14,67,22
22857.0,0,25,14,67,22
22878.0,0,25,14,75,14
22878.0,0,25,14,74,15
22884.0,0,25,14,75,14
22884.0,0,25,14,74,15
22886.0,0,25,14,74,15
22898.0,0,25,14,75,14
22898.0,0,25,14,74,15
22908.0,0,25,14,74,15
22918.0,0,25,14,74,15
22918.0,0,25,16,72,15
22928.0,0,25,16,73,14
22928.0,0,25,16,72,15
22991.0,0,25,16,73,14
22991.0,0,25,16,72,15
23017.0,0,25,16,72,15
23017.0,0,25,17,71,15
23063.0,0,25,17,72,14
23063.0,0,25,17,71,15
23067.0,0,25,17,71,15
23084.0,0,24,17,8,79
23084.0,0,24,17,2,85
23087.0,0,24,17,3,84
23087.0,0,24,17,1,86
23109.0,0,24,17,65,22
23109.0,0,24,17,1,86
23126.0,0,24,17,65,22
23126.0,0,24,17,1,86
23131.0,0,17,17,0,94
23138.0,0,17,17,64,30
23138.0,0,17,17,0,94
23157.0,0,17,17,64,30
23157.0,0,17,17,0,94
23169.0,0,17,17,2,92
23169.0,0,17,17,0,94
23174.0,0,17,17,8,86
23174.0,0,17,17,0,94
23178.0,0,17,17,0,94
23181.0,0,15,17,0,96
23194.0,0,15,17,0,96
23203.0,0,15,17,2,94
23203.0,0,15,17,0,96
23216.0,0,15,17,4,92
23216.0,0,15,17,0,96
23252.0,0,15,17,8,88
23252.0,0,15,17,0,96
23260.0,0,15,17,2,94
23266.0,0,15,17,4,92
23295.0,0,15,17,4,92
23295.0,0,15,17,3,93
23351.0,0,15,17,35,61
23351.0,0,15,17,3,93
23356.0,0,15,17,4,92
23429.0,0,15,17,4,92
23429.0,0,15,17,3,93
23517.0,0,15,17,4,92
23521.0,0,15,17,4,92
23560.0,0,15,17,4,92
23566.0,0,15,17,4,92
23566.0,0,15,18,3,92
23573.0,0,15,18,3,92
23573.0,0,15,18,2,93
23606.0,0,15,18,34,61
23606.0,0,15,18,2,93
23623.0,8,15,10,2,93
23623.0,1,22,10,2,93
23651.0,1,22,10,2,93
23651.0,1,22,11,1,93
23693.0,1,22,11,2,92
23708.0,1,22,11,4,90
23715.0,1,22,11,8,86
23764.0,2,22,10,8,86
23780.0,3,22,9,8,86
23865.0,3,22,9,8,86
23993.0,3,22,9,8,86
23993.0,3,22,10,7,86
23993.0,1,24,10,7,86
24008.0,1,24,10,7,86
24048.0,1,24,10,15,78
24069.0,2,24,9,15,78
24089.0,2,24,9,15,78
24188.0,2,24,9,23,70
24188.0,2,24,9,7,86
24194.0,2,24,9,7,86
24238.0,3,24,8,7,86
24348.0,3,24,8,7,86
24397.0,3,24,8,23,70
24535.0,3,24,8,23,70
24543.0,4,24,7,23,70
24561.0,5,24,6,23,70
24697.0,5,24,6,23,70
24697.0,5,24,22,7,70
24718.0,7,24,20,7,70
24817.0,8,24,19,7,70
24822.0,8,24,19,7,70
24822.0,7,25,19,7,70
24954.0,7,25,19,7,70
25095.0,7,25,19,7,70
25186.0,7,10,19,7,85
25234.0,7,10,19,8,84
25236.0,7,10,19,12,80
25246.0,7,10,19,13,79
25250.0,7,10,19,13,79
25255.0,7,10,19,14,78
25311.0,7,10,19,22,70
25311.0,6,11,19,22,70
25362.0,6,11,19,54,38
25362.0,6,11,19,22,70
25366.0,7,11,18,22,70
25424.0,7,11,18,22,70
25451.0,8,11,17,22,70
25534.0,8,11,17,22,70
25569.0,8,11,17,54,38
25569.0,8,11,17,38,54
25635.0,8,11,17,54,38
25635.0,8,11,17,22,70
25793.0,9,11,16,22,70
25808.0,9,11,16,22,70
25808.0,8,12,16,22,70
25869.0,8,12,16,22,70
25941.0,8,12,16,54,38
25941.0,8,12,16,38,54
25962.0,8,12,16,54,38
25962.0,8,12,16,22,70
26092.0,8,12,16,22,70
26185.0,8,12,16,54,38
26185.0,8,12,16,22,70
26241.0,8,12,16,22,70
26262.0,8,12,16,24,68
26293.0,8,12,16,28,64
26323.0,8,5,16,27,72
26360.0,8,5,16,59,40
26360.0,8,5,16,27,72
26497.0,24,5,0,27,72
26511.0,24,5,0,59,40
26511.0,24,5,0,27,72
26562.0,24,5,0,27,72
26562.0,24,5,2,25,72
26582.0,24,5,2,57,40
26582.0,24,5,2,25,72
26593.0,24,5,2,25,72
26593.0,24,5,4,23,72
26620.0,24,5,4,55,40
26659.0,24,5,4,63,32
26659.0,2,27,4,63,32
26660.0,2,27,4,63,32
26693.0,2,25,4,57,40
26774.0,2,25,4,65,32
26901.0,2,25,4,97,0
27074.0,2,25,4,97,0
27074.0,2,25,12,89,0
27102.0,2,25,12,89,0
27102.0,0,27,12,89,0
27201.0,0,27,12,89,0
27201.0,0,27,44,57,0
27374.0,0,27,44,57,0
27447.0,0,27,44,57,0
27522.0,0,26,44,57,1
27527.0,0,26,44,57,1
27535.0,0,26,44,58,0
27555.0,0,26,44,58,0
27599.0,0,26,44,58,0
27750.0,0,26,44,58,0
27835.0,0,26,44,58,0
27835.0,0,26,45,57,0
28011.0,0,25,45,42,16
28077.0,0,25,45,58,0
28356.0,0,25,45,58,0
28362.0,2,25,43,58,0
28362.0,1,26,43,58,0
28377.0,1,26,43,58,0
28377.0,1,26,58,43,0
28393.0,3,26,56,43,0
28393.0,1,28,56,43,0
28508.0,1,27,56,43,1
28526.0,1,27,56,44,0
28526.0,0,28,56,44,0
28874.0,8,28,48,44,0
28874.0,4,32,48,44,0
29001.0,36,32,16,44,0
29001.0,4,64,16,44,0
29359.0,4,42,16,2,64
29387.0,4,42,16,66,0
29387.0,4,42,16,2,64
29582.0,4,42,16,66,0
29582.0,4,42,16,2,64
29622.0,4,42,16,34,32
29622.0,4,42,16,2,64
29623.0,4,42,16,34,32
29623.0,4,42,16,2,64
29635.0,5,42,15,2,64
29718.0,5,42,15,34,32
29718.0,0,47,15,34,32
29802.0,0,45,15,34,34
29825.0,0,45,15,36,32
29901.0,0,45,15,68,0
30018.0,0,45,15,68,0
30018.0,0,45,20,63,0
30125.0,0,45,20,63,0
30125.0,0,45,22,61,0
30177.0,15,45,7,61,0
30201.0,15,45,7,61,0
30201.0,15,45,39,29,0
30568.0,15,45,39,29,0
31062.0,15,44,39,28,2
31081.0,15,44,39,30,0
31093.0,15,42,39,30,2
31112.0,15,42,39,32,0
31226.0,15,41,39,31,2
31247.0,15,41,39,33,0
31381.0,15,41,39,33,0
31381.0,15,41,41,31,0
31412.0,15,41,41,31,0
31412.0,15,41,43,29,0
31547.0,15,41,43,29,0
31547.0,15,41,45,27,0
31574.0,15,37,45,27,4
31597.0,15,37,45,31,0
31701.0,15,5,45,31,32
31727.0,15,5,45,31,32
31818.0,20,5,40,31,32
31897.0,20,5,40,31,32
31897.0,20,5,44,27,32
31913.0,20,5,44,59,0
31913.0,0,25,44,59,0
31925.0,2,25,42,59,0
32001.0,34,25,10,59,0
32213.0,34,25,10,59,0
32213.0,34,25,30,39,0
32418.0,34,20,30,12,32
32522.0,34,20,30,44,0
32822.0,34,20,30,44,0
32822.0,34,20,62,12,0
33181.0,36,20,60,12,0
33212.0,38,20,58,12,0
33347.0,40,20,56,12,0
33697.0,44,20,52,12,0
34013.0,64,20,32,12,0
34613.0,64,0,32,0,32
34622.0,96,0,0,0,32
34832.0,96,0,0,32,0
34832.0,0,96,0,32,0
37532.0,0,0,0,0,128
37978.0,0,0,0,128,0
37978.0,0,0,0,0,128
38438.0,0,0,0,128,0
38438.0,0,0,0,0,128
38907.0,0,0,0,128,0
38907.0,0,0,0,0,128
42658.0,0,0,0,0,128
44124.0,0,0,0,0,128
47990.0,0,0,0,0,128
48084.0,0,0,0,0,128
48441.0,0,0,0,0,128
48659.0,0,0,0,0,128
48784.0,0,0,0,0,128
48923.0,0,0,0,0,128
49833.0,0,0,0,128,0
49833.0,0,0,0,0,128
49918.0,0,0,0,128,0
49918.0,0,0,0,126,2
49918.0,0,0,0,121,7
49935.0,0,0,0,125,3
49942.0,0,0,0,126,2
49966.0,0,0,0,127,1
50001.0,0,0,0,128,0
50001.0,0,0,0,0,128
50218.0,0,0,0,0,128
50357.0,0,0,0,128,0
50357.0,0,0,0,127,1
50474.0,0,0,0,128,0
50474.0,0,0,0,0,128
50564.0,0,0,0,128,0
50657.0,0,0,0,128,0
50864.0,0,0,0,128,0
50864.0,0,0,128,0,0
51180.0,0,0,128,0,0
52303.0,0,0,128,0,0
52664.0,128,0,0,0,0
52664.0,126,2,0,0,0
53039.0,126,2,0,0,0
53039.0,125,3,0,0,0
53376.0,125,3,0,0,0
53376.0,124,4,0,0,0
54553.0,124,4,0,0,0
54553.0,123,5,0,0,0
54927.0,123,5,0,0,0
54927.0,122,6,0,0,0
55364.0,122,4,0,0,2
55535.0,122,4,0,1,1
55650.0,122,4,0,2,0
55739.0,122,3,0,2,1
55835.0,122,3,0,2,1
55835.0,122,3,1,1,1
55860.0,122,3,1,2,0
55950.0,122,3,1,2,0
55950.0,122,3,2,1,0
55952.0,122,3,2,1,0
55952.0,122,3,2,0,1
56076.0,122,2,2,0,2
56160.0,122,2,2,0,2
56216.0,122,2,2,1,1
56516.0,122,2,2,1,1
56516.0,122,2,3,0,1
57253.0,122,1,3,0,2
57537.0,122,1,3,1,1
57627.0,122,0,3,1,2
57635.0,123,0,2,1,2
57750.0,124,0,1,1,2
57837.0,124,0,1,1,2
57837.0,124,0,2,0,2
57869.0,124,0,2,1,1
57879.0,124,0,2,2,0
57895.0,124,0,2,2,0
57895.0,124,0,2,1,1
58169.0,124,0,2,1,1
58179.0,124,0,2,1,1
58179.0,124,0,3,0,1
58316.0,125,0,2,0,1
58838.0,125,0,2,1,0
58847.0,125,0,2,1,0
58847.0,125,0,2,0,1
59138.0,125,0,2,0,1
59575.0,125,0,2,1,0
59631.0,125,0,2,1,0
59631.0,125,0,2,0,1
59637.0,126,0,1,0,1
59758.0,126,0,1,1,0
59875.0,126,0,1,1,0
59979.0,127,0,0,1,0
60058.0,127,0,0,1,0
60058.0,127,0,1,0,0
60245.0,127,0,1,0,0
60245.0,126,1,1,0,0
60663.0,126,1,1,0,0
60663.0,125,2,1,0,0
60778.0,125,2,1,0,0
60778.0,124,3,1,0,0
61128.0,124,3,1,0,0
61128.0,123,4,1,0,0
61376.0,123,4,1,0,0
61376.0,122,5,1,0,0
61592.0,122,5,1,0,0
61592.0,121,6,1,0,0
61858.0,122,6,0,0,0
62489.0,122,6,0,0,0
62489.0,121,7,0,0,0
62765.0,121,7,0,0,0
62765.0,120,8,0,0,0
62945.0,120,7,0,0,1
63355.0,120,7,0,1,0
63363.0,120,6,0,1,1
63466.0,120,6,0,2,0
63478.0,120,5,0,2,1
63592.0,120,5,0,3,0
63655.0,120,5,0,3,0
63655.0,120,5,1,2,0
63766.0,120,5,1,2,0
63766.0,120,5,2,1,0
63828.0,120,4,2,1,1
63892.0,120,4,2,1,1
63892.0,120,4,3,0,1
63951.0,120,4,3,1,0
63954.0,120,4,3,1,0
63954.0,120,4,3,0,1
64076.0,120,3,3,0,2
64164.0,120,3,3,1,1
64170.0,120,3,3,2,0
64245.0,120,3,3,2,0
64245.0,120,3,3,1,1
64251.0,120,3,3,1,1
64292.0,120,2,3,1,2
64368.0,120,2,3,2,1
64403.0,120,2,3,2,1
64403.0,120,2,3,1,2
64418.0,120,2,3,2,1
64464.0,120,2,3,2,1
64464.0,120,2,4,1,1
64510.0,120,2,4,2,0
64559.0,120,2,4,2,0
64559.0,120,2,4,1,1
64679.0,120,2,4,2,0
64718.0,120,2,4,2,0
64718.0,120,2,5,1,0
64979.0,120,2,5,1,0
64979.0,120,2,6,0,0
65189.0,120,1,6,0,1
65305.0,120,1,6,1,0
65455.0,121,1,5,1,0
65465.0,121,0,5,1,1
65566.0,122,0,4,1,1
65577.0,122,0,4,2,0
65605.0,122,0,4,2,0
65605.0,122,0,5,1,0
65692.0,123,0,4,1,0
65877.0,123,0,4,1,0
65877.0,123,0,5,0,0
66264.0,124,0,4,0,0
66518.0,125,0,3,0,0
66779.0,126,0,2,0,0
67405.0,127,0,1,0,0
67677.0,128,0,0,0,0
70008.0,128,0,0,0,0
70008.0,126,2,0,0,0
70141.0,126,2,0,0,0
70141.0,124,4,0,0,0
70340.0,124,4,0,0,0
70340.0,122,6,0,0,0
70430.0,122,6,0,0,0
70430.0,120,8,0,0,0
70831.0,120,8,0,0,0
70831.0,118,10,0,0,0
71099.0,118,10,0,0,0
71099.0,116,12,0,0,0
71444.0,116,12,0,0,0
71444.0,114,14,0,0,0
71846.0,114,14,0,0,0
71846.0,112,16,0,0,0
71941.0,112,16,0,0,0
71941.0,111,17,0,0,0
71964.0,111,17,0,0,0
71964.0,109,19,0,0,0
71972.0,109,19,0,0,0
71972.0,107,21,0,0,0
72033.0,107,21,0,0,0
72033.0,106,22,0,0,0
72062.0,106,22,0,0,0
72062.0,104,24,0,0,0
72106.0,104,24,0,0,0
72106.0,102,26,0,0,0
72143.0,102,26,0,0,0
72143.0,94,34,0,0,0
72201.0,94,34,0,0,0
72201.0,62,66,0,0,0
72369.0,62,66,0,0,0
72369.0,60,68,0,0,0
72437.0,60,68,0,0,0
72437.0,28,100,0,0,0
72708.0,28,98,0,0,2
72729.0,28,98,0,2,0
72841.0,28,96,0,2,2
72852.0,28,96,0,2,2
72852.0,26,98,0,2,2
72861.0,26,98,0,4,0
72949.0,26,98,0,4,0
72949.0,26,98,0,2,2
73029.0,26,98,0,2,2
73034.0,26,98,0,4,0
73040.0,26,96,0,4,2
73080.0,26,96,0,6,0
73129.0,26,96,0,6,0
73129.0,26,96,0,2,4
73130.0,26,94,0,2,6
73161.0,26,94,0,2,6
73170.0,26,94,0,6,2
73184.0,26,94,0,8,0
73234.0,26,94,0,8,0
73234.0,26,94,0,4,4
73275.0,26,94,0,8,0
73308.0,26,94,0,8,0
73308.0,26,94,0,4,4
73328.0,26,94,0,4,4
73328.0,26,94,0,2,6
73334.0,26,94,0,2,6
73377.0,26,94,0,6,2
73448.0,26,94,0,8,0
73470.0,26,94,0,8,0
73484.0,26,94,0,8,0
73531.0,26,92,0,8,2
73593.0,26,92,0,10,0
73677.0,26,92,0,10,0
73677.0,26,92,4,6,0
73706.0,26,92,4,6,0
73748.0,26,92,4,6,0
73748.0,26,92,6,4,0
73799.0,26,90,6,4,2
73858.0,26,90,6,4,2
73893.0,26,90,6,4,2
73893.0,26,90,8,2,2
73921.0,26,90,8,2,2
73921.0,24,92,8,2,2
73945.0,24,92,8,4,0
74031.0,24,92,8,4,0
74144.0,24,90,8,4,2
74209.0,24,90,8,6,0
74239.0,24,90,8,6,0
74239.0,24,90,8,4,2
74245.0,24,90,8,4,2
74322.0,24,90,8,6,0
74509.0,24,90,8,6,0
74509.0,24,90,10,4,0
74546.0,24,88,10,4,2
74616.0,24,88,10,6,0
74622.0,24,88,10,6,0
74622.0,24,88,12,4,0
74641.0,24,87,12,4,1
74658.0,24,87,12,5,0
74664.0,24,85,12,5,2
74672.0,24,83,12,5,4
74690.0,24,83,12,5,4
74690.0,24,83,12,3,6
74717.0,24,83,12,5,4
74733.0,24,82,12,5,5
74747.0,24,82,12,7,3
74753.0,24,82,12,8,2
74762.0,24,80,12,8,4
74778.0,24,80,12,10,2
74778.0,0,104,12,10,2
74806.0,0,102,12,10,4
74829.0,0,102,12,12,2
74830.0,0,102,12,14,0
74843.0,0,94,12,14,8
74881.0,0,94,12,22,0
74901.0,0,62,12,22,32
74916.0,0,62,12,22,32
74929.0,0,62,12,22,32
74929.0,0,62,12,20,34
74958.0,0,62,12,20,34
74998.0,0,62,12,52,2
74998.0,0,62,12,20,34
75006.0,0,62,12,22,32
75069.0,0,60,12,22,34
75129.0,0,60,12,22,34
75135.0,0,60,12,54,2
75135.0,0,60,12,22,34
75137.0,0,28,12,22,66
75227.0,0,28,12,54,34
75235.0,0,28,12,56,32
75254.0,0,28,12,88,0
75254.0,0,28,12,86,2
75298.0,0,28,12,86,2
75298.0,0,28,22,76,2
75332.0,0,28,22,78,0
75435.0,0,28,22,78,0
75435.0,0,28,24,76,0
75477.0,4,28,20,76,0
75527.0,4,28,20,76,0
75527.0,4,28,50,46,0
75535.0,4,28,50,46,0
75535.0,4,28,52,44,0
75540.0,4,28,52,44,0
75540.0,4,28,52,42,2
75548.0,6,28,50,42,2
75552.0,6,26,50,40,6
75554.0,6,26,50,40,6
75554.0,6,26,82,8,6
75587.0,6,26,82,12,2
75683.0,6,26,82,14,0
75693.0,8,26,80,14,0
75887.0,8,26,80,14,0
75887.0,8,26,84,10,0
75983.0,8,26,84,10,0
75983.0,8,26,86,8,0
76254.0,8,26,86,8,0
76254.0,6,28,86,8,0
76309.0,8,28,84,8,0
76323.0,8,28,84,8,0
76323.0,7,29,84,8,0
76422.0,9,29,82,8,0
76444.0,9,29,82,8,0
76546.0,9,29,82,8,0
76559.0,9,29,82,8,0
76559.0,7,31,82,8,0
76621.0,7,29,82,8,2
76722.0,7,29,82,10,0
76771.0,7,29,82,10,0
76892.0,7,29,82,10,0
76892.0,5,31,82,10,0
77022.0,5,31,82,10,0
77022.0,5,31,84,8,0
77098.0,15,31,74,8,0
77147.0,15,31,74,8,0
77147.0,13,33,74,8,0
77235.0,15,33,72,8,0
77327.0,45,33,42,8,0
77327.0,13,65,42,8,0
77335.0,15,65,40,8,0
77354.0,47,65,8,8,0
77478.0,47,41,8,0,32
77581.0,47,41,8,32,0
77687.0,51,41,4,32,0
77783.0,53,41,2,32,0
77881.0,53,41,2,32,0
77881.0,53,41,34,0,0
78558.0,53,41,34,0,0
78558.0,51,43,34,0,0
78822.0,53,43,32,0,0
78824.0,53,43,32,0,0
78824.0,52,44,32,0,0
78949.0,52,44,32,0,0
78949.0,50,46,32,0,0
78954.0,50,44,32,0,2
79023.0,50,43,32,0,3
79040.0,50,43,32,1,2
79087.0,50,43,32,3,0
79259.0,50,41,32,3,2
79279.0,50,41,32,3,2
79279.0,48,43,32,3,2
79339.0,48,43,32,5,0
79340.0,48,43,32,5,0
79340.0,48,43,33,4,0
79387.0,48,43,33,4,0
79387.0,48,43,35,2,0
79476.0,48,43,35,2,0
79476.0,46,45,35,2,0
79592.0,46,43,35,2,2
79639.0,46,43,35,2,2
79639.0,46,43,37,0,2
79661.0,46,43,37,2,0
79681.0,78,43,5,2,0
79847.0,78,41,5,2,2
79961.0,78,41,5,2,2
79961.0,78,41,7,0,2
79988.0,78,41,7,2,0
80027.0,78,9,7,2,32
80027.0,76,11,7,2,32
80248.0,76,11,7,34,0
80288.0,76,11,7,34,0
80288.0,76,11,9,32,0
80531.0,76,11,9,32,0
80531.0,74,13,9,32,0
80548.0,74,13,9,32,0
80548.0,74,13,41,0,0
80827.0,74,13,41,0,0
80827.0,72,15,41,0,0
81140.0,73,15,40,0,0
81187.0,75,15,38,0,0
81258.0,75,13,38,0,2
81367.0,75,13,38,2,0
81439.0,77,13,36,2,0
81524.0,77,12,36,2,1
81537.0,77,12,36,3,0
81649.0,77,10,36,3,2
81667.0,77,10,36,3,2
81667.0,77,10,38,1,2
81743.0,77,10,38,3,0
81761.0,79,10,36,3,0
81836.0,79,10,36,3,0
81836.0,78,11,36,3,0
81837.0,78,11,36,3,0
81837.0,78,11,37,2,0
81884.0,78,11,37,2,0
81884.0,77,12,37,2,0
81907.0,77,12,37,2,0
81929.0,77,12,37,2,0
81929.0,77,12,37,0,2
81979.0,77,10,37,0,4
82043.0,77,10,37,0,4
82088.0,79,10,35,0,4
82156.0,79,10,35,2,2
82176.0,79,8,35,2,4
82326.0,79,8,35,4,2
82326.0,79,8,35,0,6
82348.0,111,8,3,0,6
82456.0,111,8,3,0,6
82727.0,111,6,3,0,8
83205.0,111,6,3,2,6
83231.0,111,4,3,2,8
83389.0,111,4,3,4,6
83467.0,113,4,1,4,6
83505.0,113,4,1,4,6
83505.0,113,4,3,2,6
83527.0,113,2,3,2,8
83637.0,114,2,2,2,8
83670.0,114,2,2,4,6
83689.0,114,2,2,4,6
83689.0,114,2,4,2,6
83927.0,114,2,4,4,4
83970.0,114,2,4,4,4
83970.0,114,2,6,2,4
84227.0,114,2,6,2,4
84227.0,114,2,8,0,4
84343.0,114,2,8,4,0
84536.0,114,1,8,4,1
84571.0,114,1,8,5,0
84584.0,114,0,8,5,1
84602.0,114,0,8,6,0
84643.0,114,0,8,6,0
84643.0,114,0,12,2,0
84871.0,114,0,12,2,0
84871.0,114,0,13,1,0
84902.0,114,0,13,1,0
84902.0,114,0,14,0,0
85305.0,116,0,12,0,0
85489.0,118,0,10,0,0
85770.0,120,0,8,0,0
86027.0,122,0,6,0,0
86443.0,126,0,2,0,0
86671.0,127,0,1,0,0
86702.0,128,0,0,0,0
86702.0,0,128,0,0,0
88999.0,0,128,0,0,0
89123.0,0,128,0,0,0
89402.0,0,0,0,0,128
89458.0,0,0,0,0,128
89499.0,0,0,0,128,0
89499.0,0,0,0,0,128
89593.0,0,0,0,128,0
89593.0,0,0,0,62,66
89676.0,0,0,0,94,34
89687.0,0,0,0,96,32
89766.0,0,0,0,96,32
89766.0,0,0,0,64,64
89893.0,0,0,0,64,64
89893.0,0,0,62,2,64
89972.0,0,0,62,34,32
89976.0,0,0,62,34,32
89976.0,0,0,64,32,32
90272.0,0,0,64,32,32
90272.0,0,0,96,0,32
90523.0,0,0,96,32,0
90544.0,0,0,96,32,0
90544.0,0,0,96,0,32
90702.0,0,0,96,32,0
90780.0,0,0,96,32,0
90780.0,0,0,96,0,32
90823.0,0,0,96,0,32
90847.0,0,0,96,32,0
91002.0,0,0,96,32,0
91111.0,0,0,96,32,0
91111.0,0,0,96,30,2
91147.0,0,0,96,30,2
91147.0,0,0,126,0,2
91151.0,0,0,126,2,0
91393.0,0,0,126,2,0
91451.0,0,0,126,2,0
91451.0,0,0,128,0,0
91682.0,0,0,128,0,0
91693.0,62,0,66,0,0
91693.0,30,32,66,0,0
91713.0,30,32,66,0,0
91776.0,32,32,64,0,0
91776.0,0,64,64,0,0
92072.0,32,64,32,0,0
92072.0,30,66,32,0,0
92227.0,30,66,32,0,0
92227.0,28,68,32,0,0
92393.0,28,68,32,0,0
92446.0,28,68,32,0,0
92776.0,28,68,32,0,0
92776.0,24,72,32,0,0
92947.0,54,72,2,0,0
92947.0,22,104,2,0,0
93231.0,22,104,2,0,0
93231.0,20,106,2,0,0
93251.0,22,106,0,0,0
93363.0,22,106,0,0,0
93363.0,20,108,0,0,0
93446.0,20,108,0,0,0
93446.0,18,110,0,0,0
93491.0,18,110,0,0,0
93630.0,18,110,0,0,0
93687.0,18,110,0,0,0
93687.0,14,114,0,0,0
93768.0,14,114,0,0,0
93808.0,14,114,0,0,0
93808.0,10,118,0,0,0
93848.0,10,118,0,0,0
93961.0,10,118,0,0,0
93961.0,6,122,0,0,0
94049.0,6,122,0,0,0
94215.0,6,122,0,0,0
94215.0,2,126,0,0,0
94288.0,2,126,0,0,0
94315.0,2,126,0,0,0
94315.0,1,127,0,0,0
94343.0,1,127,0,0,0
94393.0,1,95,0,0,32
94476.0,1,63,0,0,64
94557.0,1,63,0,32,32
94557.0,1,63,0,0,64
94657.0,1,63,0,32,32
94657.0,1,63,0,28,36
94677.0,1,63,0,30,34
94692.0,1,63,0,32,32
94772.0,1,61,0,32,34
94837.0,1,61,0,34,32
94927.0,1,59,0,34,34
94957.0,1,59,0,34,34
94957.0,1,59,28,6,34
94977.0,1,59,28,6,34
94977.0,1,59,30,4,34
94992.0,1,59,30,4,34
94992.0,1,59,32,2,34
95004.0,1,59,32,4,32
95070.0,1,59,32,4,32
95070.0,1,59,32,3,33
95074.0,1,59,32,4,32
95079.0,1,59,32,4,32
95137.0,1,59,32,4,32
95137.0,1,59,33,3,32
95142.0,1,59,33,3,32
95143.0,1,59,33,35,0
95143.0,1,59,33,19,16
95153.0,1,59,33,35,0
95153.0,1,59,33,3,32
95304.0,1,59,33,3,32
95315.0,1,59,33,35,0
95335.0,1,59,33,35,0
95335.0,1,59,33,33,2
95366.0,1,59,33,35,0
95427.0,1,59,33,35,0
95427.0,1,59,33,33,2
95443.0,1,59,33,33,2
95443.0,1,59,36,30,2
95457.0,1,59,36,32,0
95462.0,1,59,36,32,0
95462.0,1,59,36,30,2
95476.0,1,55,36,30,6
95494.0,1,55,36,32,4
95509.0,1,55,36,32,4
95509.0,1,55,36,30,6
95570.0,1,55,36,30,6
95570.0,1,55,36,28,8
95579.0,1,55,36,30,6
95595.0,1,55,36,32,4
95600.0,1,55,36,34,2
95601.0,1,55,36,34,2
95601.0,1,55,36,32,4
95615.0,1,55,36,32,4
95615.0,1,55,64,4,4
95633.0,1,55,64,6,2
95647.0,1,23,64,6,34
95850.0,1,23,64,38,2
95855.0,1,23,64,40,0
95879.0,1,23,64,40,0
95879.0,1,23,66,38,0
95895.0,1,23,66,38,0
95895.0,1,23,67,37,0
95900.0,1,23,67,37,0
95900.0,1,23,68,36,0
95931.0,1,21,68,36,2
95933.0,1,21,68,36,2
95933.0,1,21,70,34,2
95936.0,1,21,70,34,2
95936.0,1,21,70,32,4
95951.0,1,21,70,34,2
95972.0,1,21,70,36,0
95995.0,1,21,70,36,0
95995.0,1,21,70,34,2
96016.0,1,21,70,36,0
96063.0,1,19,70,36,2
96101.0,1,19,70,36,2
96101.0,1,19,70,35,3
96103.0,1,19,70,37,1
96107.0,1,19,70,38,0
96116.0,1,19,70,38,0
96146.0,1,17,70,38,2
96150.0,1,17,70,38,2
96150.0,1,17,102,6,2
96187.0,1,17,102,8,0
96242.0,1,17,102,8,0
96242.0,0,18,102,4,4
96245.0,0,18,102,8,0
96272.0,0,18,102,8,0
96302.0,0,18,102,8,0
96316.0,0,18,102,8,0
96316.0,0,18,103,7,0
96333.0,0,18,103,7,0
96333.0,0,18,103,1,6
96336.0,0,18,103,7,0
96387.0,0,14,103,7,4
96403.0,0,14,103,7,4
96407.0,0,14,103,7,4
96407.0,0,14,104,6,4
96418.0,0,14,104,8,2
96436.0,0,14,104,10,0
96451.0,0,14,104,10,0
96508.0,0,10,104,10,4
96533.0,0,10,104,12,2
96542.0,0,10,104,14,0
96548.0,0,10,104,14,0
96548.0,0,10,104,12,2
96551.0,0,10,104,14,0
96610.0,0,10,104,14,0
96610.0,0,10,104,12,2
96613.0,0,10,104,14,0
96636.0,0,10,104,14,0
96636.0,0,10,110,8,0
96661.0,0,6,110,8,4
96690.0,0,6,110,10,2
96697.0,0,6,110,12,0
96718.0,0,6,110,12,0
96718.0,0,6,112,10,0
96736.0,0,6,112,10,0
96736.0,0,6,114,8,0
96757.0,28,6,86,8,0
96777.0,30,6,84,8,0
96792.0,32,6,82,8,0
96805.0,32,6,82,8,0
96805.0,15,23,82,8,0
96833.0,15,23,82,8,0
96833.0,15,23,84,6,0
96865.0,15,23,84,6,0
96913.0,15,23,84,6,0
96913.0,15,23,86,4,0
96915.0,15,19,86,4,4
96937.0,16,19,85,4,4
96973.0,16,19,85,6,2
96990.0,16,19,85,6,2
96990.0,16,19,87,4,2
96997.0,16,19,87,4,2
96997.0,16,19,89,2,2
96999.0,16,19,89,4,0
97015.0,16,18,89,4,1
97017.0,16,18,89,5,0
97243.0,19,18,86,5,0
97273.0,19,18,86,5,0
97273.0,19,18,88,3,0
97299.0,19,18,88,3,0
97299.0,19,18,90,1,0
97317.0,19,18,90,1,0
97317.0,19,18,91,0,0
97415.0,47,18,63,0,0
97533.0,47,18,63,0,0
97533.0,45,20,63,0,0
97626.0,45,20,63,0,0
97679.0,47,20,61,0,0
97695.0,48,20,60,0,0
97700.0,49,20,59,0,0
97733.0,51,20,57,0,0
97950.0,83,20,25,0,0
97978.0,83,20,25,0,0
97978.0,82,21,25,0,0
98012.0,82,21,25,0,0
98116.0,83,21,24,0,0
98207.0,84,21,23,0,0
98239.0,84,21,23,0,0
98239.0,52,53,23,0,0
98436.0,58,53,17,0,0
98516.0,58,53,17,0,0
98516.0,26,85,17,0,0
98518.0,28,85,15,0,0
98536.0,30,85,13,0,0
98633.0,32,85,11,0,0
98713.0,34,85,9,0,0
98749.0,34,85,9,0,0
98790.0,36,85,7,0,0
98797.0,38,85,5,0,0
98942.0,38,84,5,0,1
98956.0,38,84,5,1,0
98992.0,38,84,5,1,0
99073.0,40,84,3,1,0
99099.0,42,84,1,1,0
99117.0,43,84,0,1,0
99256.0,43,84,0,1,0
99256.0,43,84,1,0,0
99256.0,11,116,1,0,0
99324.0,11,116,1,0,0
99324.0,10,117,1,0,0
99345.0,10,117,1,0,0
99464.0,10,117,1,0,0
99505.0,10,100,1,0,17
99508.0,10,100,1,17,0
99508.0,0,110,1,17,0
99717.0,0,110,1,17,0
99717.0,0,110,1,16,1
99741.0,0,110,1,17,0
99744.0,0,110,1,17,0
99808.0,0,110,1,17,0
99808.0,0,110,11,7,0
100041.0,0,110,11,7,0
100041.0,0,110,12,6,0
100102.0,0,110,12,6,0
100231.0,0,110,12,6,0
100233.0,0,108,12,6,2
100236.0,0,108,12,7,1
100236.0,0,108,12,6,2
100237.0,0,108,12,7,1
100250.0,0,108,12,8,0
100461.0,0,108,12,8,0
100537.0,0,108,12,8,0
100537.0,0,108,13,7,0
100550.0,0,108,13,7,0
100550.0,0,108,14,6,0
100678.0,0,107,14,6,1
100683.0,0,107,14,7,0
100939.0,0,75,14,7,32
100983.0,0,75,14,7,32
100983.0,0,75,15,6,32
101056.0,1,75,14,6,32
101060.0,1,75,14,6,32
101204.0,1,75,14,38,0
101204.0,0,76,14,38,0
101216.0,0,44,14,38,32
101345.0,0,44,14,70,0
101345.0,0,44,14,38,32
101504.0,0,44,14,38,32
101608.0,10,44,4,38,32
101644.0,10,44,4,38,32
101644.0,9,45,4,38,32
101645.0,9,45,4,38,32
101645.0,9,45,5,37,32
101690.0,9,45,5,37,32
101702.0,9,45,5,69,0
101702.0,0,54,5,69,0
101841.0,1,54,4,69,0
101956.0,1,22,4,69,32
102002.0,1,22,4,69,32
102002.0,1,22,13,60,32
102024.0,1,21,13,60,33
102047.0,1,21,13,61,32
102189.0,1,21,13,61,32
102189.0,0,22,13,61,32
102192.0,0,22,13,61,32
102192.0,0,22,13,60,33
102201.0,0,22,13,61,32
102208.0,0,12,13,55,48
102215.0,0,12,13,71,32
102267.0,0,12,13,103,0
102267.0,0,12,13,71,32
102337.0,1,12,12,71,32
102347.0,1,12,12,71,32
102350.0,2,12,11,71,32
102501.0,2,12,11,71,32
102501.0,2,12,12,70,32
102515.0,2,12,12,70,32
102515.0,2,12,22,60,32
102567.0,2,12,22,60,32
102567.0,2,12,28,54,32
102678.0,2,12,28,54,32
102678.0,1,13,28,54,32
102783.0,2,13,27,54,32
102850.0,2,13,27,86,0
102850.0,0,15,27,86,0
102958.0,0,15,27,86,0
102958.0,0,15,27,85,1
103150.0,0,15,27,85,1
103150.0,0,15,28,84,1
103208.0,0,15,28,85,0
103229.0,0,15,28,85,0
103229.0,0,15,28,84,1
103315.0,0,15,28,85,0
103428.0,0,15,28,85,0
103428.0,0,15,28,84,1
103445.0,1,15,27,84,1
103508.0,1,15,27,84,1
103554.0,1,15,27,85,0
103615.0,1,15,27,85,0
103802.0,10,15,18,85,0
103854.0,10,15,18,85,0
103854.0,10,15,19,84,0
103904.0,10,14,19,53,32
103956.0,10,14,19,53,32
103956.0,9,15,19,53,32
104033.0,9,15,19,53,32
104250.0,9,15,19,53,32
104273.0,9,15,19,85,0
104273.0,0,24,19,85,0
104301.0,1,24,18,85,0
104315.0,11,24,8,85,0
104344.0,11,23,8,85,1
104361.0,11,23,8,86,0
104367.0,17,23,2,86,0
104402.0,17,14,2,63,32
104573.0,17,14,2,63,32
104573.0,17,14,11,54,32
104661.0,17,14,11,54,32
104661.0,17,14,12,53,32
104688.0,17,14,12,53,32
104688.0,16,15,12,53,32
104692.0,16,15,12,53,32
104692.0,15,16,12,53,32
104794.0,15,16,12,53,32
104889.0,15,15,12,53,33
104913.0,15,15,12,54,32
104948.0,15,15,12,86,0
104948.0,0,30,12,86,0
104950.0,1,30,11,86,0
105062.0,1,30,11,86,0
105062.0,0,31,11,86,0
105213.0,0,31,11,86,0
105248.0,0,31,11,86,0
105248.0,0,31,27,70,0
105378.0,0,30,27,70,1
105458.0,0,30,27,71,0
105550.0,0,28,27,41,32
105654.0,1,28,26,41,32
105678.0,1,28,26,41,32
105678.0,0,29,26,41,32
105758.0,0,29,26,41,32
105758.0,0,29,27,40,32
105812.0,0,29,27,40,32
106045.0,0,29,27,72,0
106045.0,0,29,27,40,32
106054.0,0,29,27,40,32
106310.0,0,29,27,40,32
106373.0,9,29,18,40,32
106373.0,8,30,18,40,32
106461.0,9,30,17,40,32
106481.0,9,30,17,72,0
106481.0,0,39,17,72,0
106499.0,0,39,17,72,0
106499.0,0,39,17,71,1
106644.0,0,39,17,72,0
106656.0,0,38,17,72,1
106781.0,0,38,17,72,1
106781.0,0,38,25,64,1
106820.0,0,38,25,64,1
106820.0,0,38,25,63,2
106944.0,0,38,25,63,2
106973.0,0,29,25,40,34
106987.0,0,29,25,40,34
107013.0,0,29,25,40,34
107015.0,0,29,25,41,33
107015.0,0,29,25,40,34
107024.0,0,29,25,40,34
107037.0,0,29,25,41,33
107037.0,0,29,25,40,34
107042.0,0,29,25,41,33
107042.0,0,29,25,40,34
107048.0,16,29,9,40,34
107049.0,16,29,9,41,33
107254.0,16,29,9,73,1
107254.0,0,45,9,73,1
107329.0,0,45,9,74,0
107349.0,0,45,9,74,0
107349.0,0,45,10,73,0
107388.0,0,44,10,73,1
107392.0,0,43,10,73,2
107399.0,0,43,10,74,1
107407.0,0,43,10,75,0
107503.0,0,43,10,75,0
107554.0,0,43,10,75,0
107554.0,0,43,26,59,0
107558.0,1,43,25,59,0
107629.0,1,43,25,59,0
107629.0,1,43,26,58,0
107648.0,1,28,26,41,32
107699.0,1,28,26,41,32
107699.0,1,28,27,40,32
107707.0,1,28,27,40,32
107707.0,1,28,28,39,32
107762.0,1,27,28,39,33
107826.0,1,27,28,71,1
107826.0,0,28,28,71,1
107979.0,0,28,28,71,1
107979.0,0,28,28,70,2
108061.0,0,28,28,70,2
108126.0,0,28,28,70,2
108149.0,0,28,28,71,1
108218.0,0,28,28,72,0
108378.0,0,27,28,72,1
108449.0,0,27,28,72,1
108449.0,0,27,29,71,1
108518.0,0,27,29,71,1
108518.0,0,27,30,70,1
108551.0,0,27,30,71,0
108580.0,0,27,30,71,0
108580.0,0,27,30,70,1
108581.0,8,27,22,70,1
108588.0,8,27,22,70,1
108588.0,7,28,22,70,1
108597.0,7,28,22,70,1
108597.0,6,29,22,70,1
108602.0,6,29,22,71,0
108628.0,6,29,22,71,0
108628.0,5,30,22,71,0
108716.0,5,30,22,71,0
108851.0,5,30,22,71,0
108870.0,5,30,22,71,0
108902.0,5,30,22,71,0
108902.0,5,30,23,70,0
109073.0,5,29,23,70,1
109149.0,6,29,22,70,1
109181.0,6,20,22,47,33
109216.0,6,20,22,48,32
109337.0,6,20,22,48,32
109354.0,22,20,6,48,32
109429.0,23,20,5,48,32
109499.0,24,20,4,48,32
109507.0,25,20,3,48,32
109516.0,25,20,3,48,32
109516.0,25,20,4,47,32
109566.0,25,20,4,47,32
109566.0,24,21,4,47,32
109815.0,24,21,4,47,32
109954.0,24,5,4,31,64
110125.0,24,5,4,63,32
110125.0,0,29,4,63,32
110148.0,0,29,4,95,0
110148.0,0,29,4,63,32
110249.0,1,29,3,63,32
110318.0,2,29,2,63,32
110425.0,2,29,2,63,32
110425.0,2,29,14,51,32
110448.0,2,29,14,51,32
110448.0,2,29,26,39,32
110526.0,2,28,26,8,64
110665.0,2,28,26,40,32
110665.0,0,30,26,40,32
110702.0,1,30,25,40,32
110725.0,1,30,25,40,32
110965.0,1,30,25,40,32
110965.0,1,30,27,38,32
111198.0,1,30,27,70,0
111224.0,1,30,27,70,0
111224.0,0,31,27,70,0
111235.0,0,31,27,70,0
111288.0,0,30,27,70,1
111294.0,0,30,27,71,0
111297.0,0,29,27,71,1
111306.0,0,29,27,72,0
111316.0,1,29,26,72,0
111328.0,1,28,26,72,1
111498.0,1,28,26,72,1
111498.0,1,28,58,40,1
111550.0,1,28,58,40,1
111550.0,0,29,58,40,1
111589.0,0,29,58,41,0
111594.0,0,29,58,41,0
111594.0,0,29,59,40,0
111606.0,0,29,59,40,0
111606.0,0,29,60,39,0
111889.0,0,29,60,39,0
111889.0,0,29,61,38,0
112225.0,12,29,49,38,0
112248.0,24,29,37,38,0
112266.0,24,28,37,38,1
112368.0,24,28,37,39,0
112418.0,24,28,37,39,0
112418.0,23,29,37,39,0
112668.0,23,29,37,39,0
112668.0,23,29,38,38,0
112765.0,25,29,36,38,0
112766.0,25,29,36,38,0
112766.0,23,31,36,38,0
112825.0,23,7,36,30,32
113023.0,23,7,36,62,0
113036.0,23,7,36,62,0
113036.0,0,30,36,62,0
113298.0,32,30,4,62,0
113323.0,32,30,4,62,0
113323.0,32,30,27,39,0
113365.0,32,28,27,9,32
113394.0,33,28,26,9,32
113406.0,34,28,25,9,32
113447.0,34,28,25,9,32
113447.0,2,60,25,9,32
113597.0,2,60,25,41,0
113689.0,3,60,24,41,0
113897.0,3,60,24,41,0
113897.0,3,60,56,9,0
113924.0,3,59,56,9,1
113942.0,3,59,56,10,0
114242.0,3,59,56,10,0
114242.0,3,59,57,9,0
114250.0,3,58,57,9,1
114387.0,3,58,57,10,0
114468.0,4,58,56,10,0
114687.0,4,58,56,10,0
114687.0,4,58,57,9,0
115118.0,4,57,57,9,1
115123.0,27,57,34,9,1
115178.0,27,57,34,10,0
115330.0,27,57,34,10,0
115454.0,27,57,34,10,0
115466.0,27,55,34,10,2
115478.0,27,55,34,10,2
115478.0,27,55,35,9,2
115559.0,27,55,35,11,0
115697.0,59,55,3,11,0
115736.0,59,32,3,2,32
115859.0,59,32,3,2,32
115859.0,59,32,5,0,32
115953.0,59,32,5,32,0
115953.0,0,91,5,32,0
116042.0,1,91,4,32,0
116147.0,1,59,4,32,32
116253.0,1,59,4,32,32
116253.0,1,59,31,5,32
116487.0,2,59,30,5,32
116555.0,2,59,30,37,0
116855.0,2,59,30,37,0
116855.0,2,59,62,5,0
116876.0,2,59,62,5,0
117269.0,2,59,62,5,0
117269.0,1,60,62,5,0
117278.0,2,60,61,5,0
117474.0,2,60,61,5,0
117659.0,4,60,59,5,0
117663.0,4,60,59,5,0
117663.0,3,61,59,5,0
117950.0,3,61,59,5,0
118053.0,30,61,32,5,0
118066.0,30,61,32,5,0
118066.0,29,62,32,5,0
118127.0,29,62,32,5,0
118130.0,29,62,32,5,0
118653.0,29,3,32,0,64
118655.0,61,3,0,0,64
119108.0,61,3,0,64,0
119108.0,61,3,0,0,64
119151.0,61,3,0,0,64
119391.0,61,3,0,64,0
119391.0,61,3,0,0,64
119851.0,61,3,0,64,0
119851.0,61,3,0,0,64
119969.0,61,2,0,0,65
119977.0,61,2,0,1,64
120269.0,61,2,0,65,0
120269.0,61,2,0,1,64
120277.0,61,2,0,1,64
120363.0,61,1,0,1,65
120382.0,61,1,0,2,64
120470.0,61,1,0,66,0
120470.0,61,1,0,2,64
120569.0,61,1,0,2,64
120569.0,61,1,1,1,64
120569.0,29,33,1,1,64
120742.0,29,33,1,65,0
120742.0,0,62,1,65,0
120766.0,0,61,1,65,1
120770.0,0,61,1,65,1
120770.0,0,61,2,64,1
120782.0,0,61,2,65,0
121042.0,0,61,2,65,0
121042.0,0,61,31,36,0
121082.0,0,61,31,36,0
121082.0,0,61,32,35,0
122369.0,1,61,31,35,0
122570.0,2,61,30,35,0
122842.0,31,61,1,35,0
122882.0,32,61,0,35,0
123269.0,32,29,0,35,32
123358.0,32,29,0,67,0
123358.0,32,29,0,35,32
123362.0,32,29,0,67,0
123362.0,32,29,0,35,32
123442.0,32,0,0,0,96
123833.0,32,0,0,64,32
123833.0,32,0,0,32,64
123876.0,32,0,0,64,32
124133.0,32,0,0,64,32
124133.0,32,0,32,32,32
124176.0,32,0,32,32,32
124176.0,32,0,64,0,32
124226.0,32,0,64,32,0
124526.0,32,0,64,32,0
124526.0,32,0,96,0,0
125933.0,64,0,64,0,0
125976.0,96,0,32,0,0
126326.0,128,0,0,0,0
126326.0,0,128,0,0,0
126975.0,0,128,0,0,0
127058.0,0,128,0,0,0
127339.0,0,128,0,0,0
129026.0,0,0,0,0,128
129031.0,0,0,0,128,0
129031.0,0,0,0,0,128
129355.0,0,0,0,128,0
129355.0,0,0,0,0,128
129549.0,0,0,0,128,0
129549.0,0,0,0,0,128
129787.0,0,0,0,128,0
129787.0,0,0,0,0,128
129954.0,0,0,0,128,0
129954.0,0,0,0,0,128
130010.0,0,0,0,128,0
130010.0,0,0,0,0,128
130777.0,0,0,0,128,0
130777.0,0,0,0,55,73
130827.0,0,0,0,56,72
131051.0,0,0,0,64,64
131077.0,0,0,0,64,64
131077.0,0,0,55,9,64
131127.0,0,0,55,9,64
131127.0,0,0,56,8,64
131351.0,0,0,56,8,64
131351.0,0,0,64,0,64
132877.0,55,0,9,0,64
132927.0,56,0,8,0,64
133151.0,64,0,0,0,64
138273.0,64,0,0,0,64
139973.0,64,0,0,64,0
139973.0,0,64,0,64,0
142673.0,0,0,0,0,128
150853.0,0,0,0,0,128
151501.0,0,0,0,0,128
152781.0,0,0,0,0,128
153105.0,0,0,0,0,128
153425.0,0,0,0,0,128
153603.0,0,0,0,128,0
153603.0,0,0,0,0,128
153670.0,0,0,0,16,112
153670.0,0,0,0,0,128
153789.0,0,0,0,16,112
153795.0,0,0,0,32,96
153800.0,0,0,0,48,80
153825.0,0,0,0,64,64
154089.0,0,0,0,64,64
154089.0,0,0,16,48,64
154095.0,0,0,16,48,64
154095.0,0,0,32,32,64
154100.0,0,0,32,32,64
154100.0,0,0,48,16,64
154125.0,0,0,48,16,64
154125.0,0,0,64,0,64
154165.0,0,0,64,0,64
154608.0,0,0,64,0,64
155047.0,0,0,64,0,64
155889.0,16,0,48,0,64
155889.0,0,16,48,0,64
155895.0,16,16,32,0,64
155895.0,0,32,32,0,64
155900.0,16,32,16,0,64
155925.0,32,32,0,0,64
155925.0,0,64,0,0,64
157831.0,0,64,0,0,64
158589.0,0,48,0,0,80
158595.0,0,32,0,0,96
158625.0,0,0,0,0,128
158768.0,0,0,0,16,112
158795.0,0,0,0,32,96
158795.0,0,0,0,0,128
158950.0,0,0,0,0,128
159021.0,0,0,0,32,96
159068.0,0,0,0,32,96
159215.0,0,0,0,64,64
159215.0,0,0,0,0,128
159321.0,0,0,0,0,128
161478.0,0,0,0,0,128
161850.0,0,0,0,0,128
162011.0,0,0,0,0,128
162089.0,0,0,0,0,128
162665.0,0,0,0,0,128
162773.0,0,0,0,0,128
163265.0,0,0,0,0,128
163448.0,0,0,0,0,128
163648.0,0,0,0,0,128
163931.0,0,0,0,0,128
163980.0,0,0,0,0,128
164169.0,0,0,0,0,128
164193.0,0,0,0,64,64
164193.0,0,0,0,0,128
164270.0,0,0,0,16,112
164270.0,0,0,0,15,113
164270.0,0,0,0,13,115
164278.0,0,0,0,14,114
164283.0,0,0,0,15,113
164288.0,0,0,0,16,112
164288.0,0,0,0,0,128
164290.0,0,0,0,32,96
164290.0,0,0,0,0,128
164460.0,0,0,0,0,128
164509.0,0,0,0,32,96
164509.0,0,0,0,15,113
164527.0,0,0,0,79,49
164527.0,0,0,0,15,113
164530.0,0,0,0,16,112
164570.0,0,0,0,16,112
164664.0,0,0,0,32,96
164741.0,0,0,0,48,80
164743.0,0,0,0,48,80
164747.0,0,0,0,64,64
164747.0,0,0,0,0,128
164750.0,0,0,0,0,128
164809.0,0,0,0,0,128
164881.0,0,0,0,32,96
164881.0,0,0,0,30,98
164896.0,0,0,0,31,97
164903.0,0,0,0,31,97
164904.0,0,0,0,32,96
164920.0,0,0,0,64,64
164920.0,0,0,0,0,128
165033.0,0,0,0,64,64
165180.0,0,0,0,64,64
165180.0,0,0,0,63,65
165181.0,0,0,0,63,65
165195.0,0,0,0,127,1
165200.0,0,0,0,128,0
165208.0,0,0,0,128,0
165208.0,0,0,0,127,1
165220.0,0,0,0,128,0
165226.0,0,0,0,128,0
165226.0,0,0,0,127,1
165243.0,0,0,0,128,0
165285.0,0,0,0,128,0
165285.0,0,0,0,64,64
165333.0,0,0,0,64,64
165333.0,0,0,63,1,64
165492.0,0,0,63,65,0
165500.0,0,0,63,65,0
165500.0,0,0,64,64,0
165792.0,0,0,64,64,0
165792.0,0,0,128,0,0
167133.0,63,0,65,0,0
167300.0,64,0,64,0,0
167592.0,128,0,0,0,0
167845.0,128,0,0,0,0
167845.0,64,64,0,0,0
168077.0,64,64,0,0,0
168077.0,0,128,0,0,0
168372.0,0,128,0,0,0
168377.0,0,128,0,0,0
168432.0,0,128,0,0,0
168856.0,0,128,0,0,0
169536.0,0,128,0,0,0
169884.0,0,128,0,0,0
169941.0,0,128,0,0,0
169945.0,0,128,0,0,0
170027.0,0,128,0,0,0
170207.0,0,128,0,0,0
170355.0,0,128,0,0,0
170545.0,0,64,0,0,64
170754.0,0,64,0,64,0
170754.0,0,64,0,62,2
170766.0,0,64,0,63,1
170769.0,0,64,0,64,0
170769.0,0,64,0,0,64
170777.0,0,0,0,0,128
170933.0,0,0,0,0,128
170978.0,0,0,0,0,128
171054.0,0,0,0,0,128
171056.0,0,0,0,64,64
171056.0,0,0,0,0,128
171075.0,0,0,0,64,64
171075.0,0,0,0,0,128
171483.0,0,0,0,64,64
171483.0,0,0,0,30,98
171494.0,0,0,0,31,97
171505.0,0,0,0,32,96
171505.0,0,0,0,0,128
171592.0,0,0,0,0,128
171601.0,0,0,0,64,64
171601.0,0,0,0,0,128
171717.0,0,0,0,32,96
171717.0,0,0,0,0,128
171759.0,0,0,0,64,64
171759.0,0,0,0,0,128
171783.0,0,0,0,0,128
171852.0,0,0,0,0,128
171862.0,0,0,0,0,128
171980.0,0,0,0,32,96
171980.0,0,0,0,31,97
172003.0,0,0,0,32,96
172003.0,0,0,0,0,128
172082.0,0,0,0,64,64
172082.0,0,0,0,0,128
172122.0,0,0,0,32,96
172126.0,0,0,0,64,64
172126.0,0,0,0,0,128
172280.0,0,0,0,0,128
172384.0,0,0,0,64,64
172422.0,0,0,0,64,64
172542.0,0,0,0,128,0
172684.0,0,0,0,128,0
172684.0,0,0,64,64,0
172842.0,0,0,64,64,0
172842.0,0,0,128,0,0
174484.0,64,0,64,0,0
174642.0,128,0,0,0,0
179095.0,128,0,0,0,0
179095.0,96,32,0,0,0
179420.0,96,32,0,0,0
179420.0,32,96,0,0,0
179794.0,32,96,0,0,0
180315.0,32,96,0,0,0
180697.0,32,96,0,0,0
180697.0,31,97,0,0,0
180709.0,31,97,0,0,0
180709.0,30,98,0,0,0
180766.0,30,98,0,0,0
181795.0,30,66,0,0,32
181987.0,30,66,0,0,32
182010.0,30,66,0,32,0
182120.0,30,2,0,32,64
182310.0,30,2,0,32,64
182310.0,30,2,32,0,64
182369.0,30,2,32,0,64
182369.0,29,3,32,0,64
182430.0,29,3,32,64,0
182430.0,29,3,32,0,64
182517.0,29,3,32,0,64
182517.0,28,4,32,0,64
182573.0,28,4,32,0,64
182724.0,28,4,32,64,0
182724.0,28,4,32,0,64
182732.0,28,4,32,0,64
182732.0,27,5,32,0,64
182869.0,27,5,32,0,64
182869.0,26,6,32,0,64
183104.0,26,6,32,64,0
183104.0,26,6,32,0,64
183135.0,26,6,32,0,64
183135.0,25,7,32,0,64
183212.0,25,7,32,0,64
183383.0,25,7,32,64,0
183383.0,25,7,32,0,64
183397.0,25,6,32,0,65
183409.0,25,5,32,0,66
183420.0,25,5,32,1,65
183421.0,25,5,32,2,64
183720.0,25,5,32,2,64
183720.0,25,5,33,1,64
183721.0,25,5,33,1,64
183721.0,25,5,34,0,64
183764.0,25,5,34,64,0
183764.0,25,5,34,0,64
184034.0,25,5,34,0,64
184058.0,25,5,34,64,0
184058.0,25,5,34,0,64
184110.0,57,5,2,0,64
184110.0,25,37,2,0,64
184151.0,25,37,2,0,64
185069.0,25,36,2,0,65
185084.0,25,36,2,1,64
185217.0,25,35,2,1,65
185317.0,25,35,2,2,64
185384.0,25,35,2,2,64
185384.0,25,35,3,1,64
185432.0,25,34,3,1,65
185520.0,26,34,2,1,65
185521.0,27,34,1,1,65
185569.0,27,33,1,1,66
185576.0,27,33,1,2,65
185593.0,27,33,1,3,64
185617.0,27,33,1,3,64
185617.0,27,33,2,2,64
185835.0,27,32,2,2,65
185843.0,27,32,2,3,64
185876.0,27,32,2,3,64
185876.0,27,32,3,2,64
185893.0,27,32,3,2,64
185893.0,27,32,4,1,64
186143.0,27,32,4,1,64
186143.0,27,32,5,0,64
186810.0,27,0,5,0,96
186896.0,27,0,5,32,64
186896.0,27,0,5,0,96
187067.0,27,0,5,0,96
187067.0,26,1,5,0,96
187184.0,27,1,4,0,96
187348.0,27,1,4,0,96
187348.0,26,2,4,0,96
187417.0,27,2,3,0,96
187676.0,28,2,2,0,96
187693.0,29,2,1,0,96
187843.0,29,2,1,32,64
187943.0,30,2,0,32,64
188143.0,30,2,0,32,64
188143.0,30,2,32,0,64
189767.0,30,1,32,0,65
189891.0,30,1,32,1,64
189943.0,62,1,0,1,64
190048.0,62,0,0,1,65
190147.0,62,0,0,2,64
190191.0,62,0,0,2,64
190191.0,62,0,1,1,64
190447.0,62,0,1,1,64
190447.0,62,0,2,0,64
191991.0,63,0,1,0,64
192247.0,64,0,0,0,64
194565.0,64,0,0,0,64
194565.0,32,32,0,0,64
195022.0,32,32,0,0,64
195553.0,32,32,0,0,64
196201.0,32,32,0,0,64
196702.0,32,32,0,0,64
196702.0,16,48,0,0,64
197118.0,16,48,0,0,64
197118.0,0,64,0,0,64
197265.0,0,32,0,0,96
197623.0,0,32,0,0,96
197686.0,0,32,0,32,64
197686.0,0,32,0,0,96
198058.0,0,32,0,32,64
198058.0,0,32,0,31,65
198074.0,0,32,0,32,64
198358.0,0,32,0,32,64
198358.0,0,32,31,1,64
198374.0,0,32,31,1,64
198374.0,0,32,32,0,64
199041.0,0,32,32,64,0
199041.0,0,32,32,0,64
199402.0,0,16,32,0,80
199517.0,0,16,32,64,16
199517.0,0,16,32,0,80
199818.0,0,0,32,0,96
199852.0,0,0,32,16,80
199970.0,0,0,32,80,16
200152.0,0,0,32,80,16
200152.0,0,0,48,64,16
200158.0,31,0,17,64,16
200174.0,32,0,16,64,16
200270.0,32,0,16,64,16
200270.0,32,0,80,0,16
200405.0,32,0,80,16,0
200705.0,32,0,80,16,0
200705.0,32,0,96,0,0
201952.0,48,0,80,0,0
202070.0,112,0,16,0,0
202505.0,128,0,0,0,0
204527.0,128,0,0,0,0
204527.0,0,128,0,0,0
207227.0,0,0,0,0,128
215458.0,0,0,0,0,128
218152.0,0,0,0,128,0
218152.0,0,0,0,0,128
218239.0,0,0,0,128,0
218476.0,0,0,0,128,0
218476.0,0,0,0,64,64
218539.0,0,0,0,64,64
218539.0,0,0,64,0,64
218871.0,0,0,64,64,0
218873.0,0,0,64,64,0
218873.0,0,0,64,63,1
218899.0,0,0,64,64,0
218948.0,0,0,64,64,0
218948.0,0,0,64,0,64
218950.0,0,0,64,0,64
219171.0,0,0,64,0,64
220339.0,64,0,0,0,64
220339.0,63,1,0,0,64
221165.0,63,1,0,0,64
221165.0,62,2,0,0,64
221312.0,62,2,0,0,64
221312.0,61,3,0,0,64
221545.0,61,3,0,0,64
221545.0,60,4,0,0,64
223039.0,60,3,0,0,65
223055.0,60,3,0,1,64
223355.0,60,3,0,1,64
223355.0,60,3,1,0,64
223865.0,60,2,1,0,65
223961.0,60,2,1,1,64
224012.0,60,1,1,1,65
224158.0,60,1,1,2,64
224245.0,60,0,1,2,65
224261.0,60,0,1,2,65
224261.0,60,0,2,1,65
224372.0,60,0,2,2,64
224458.0,60,0,2,2,64
224458.0,60,0,3,1,64
224672.0,60,0,3,1,64
224672.0,60,0,4,0,64
224822.0,60,0,4,0,64
224822.0,59,1,4,0,64
224974.0,59,1,4,0,64
224974.0,58,2,4,0,64
225155.0,59,2,3,0,64
226061.0,60,2,2,0,64
226258.0,61,2,1,0,64
226472.0,62,2,0,0,64
227522.0,62,1,0,0,65
227644.0,62,1,0,1,64
227674.0,62,0,0,1,65
227779.0,62,0,0,2,64
227944.0,62,0,0,2,64
227944.0,62,0,1,1,64
228079.0,62,0,1,1,64
228079.0,62,0,2,0,64
229744.0,63,0,1,0,64
229875.0,63,0,1,64,0
229879.0,64,0,0,64,0
230175.0,64,0,0,64,0
230175.0,64,0,64,0,0
230770.0,64,0,64,0,0
230770.0,63,1,64,0,0
230968.0,63,1,64,0,0
230968.0,62,2,64,0,0
231339.0,62,2,64,0,0
231339.0,61,3,64,0,0
231472.0,61,3,64,0,0
231472.0,60,4,64,0,0
231975.0,124,4,0,0,0
233470.0,124,3,0,0,1
233597.0,124,3,0,1,0
233668.0,124,2,0,1,1
233786.0,124,2,0,2,0
233897.0,124,2,0,2,0
233897.0,124,2,1,1,0
234039.0,124,1,1,1,1
234086.0,124,1,1,1,1
234086.0,124,1,2,0,1
234137.0,124,1,2,1,0
234172.0,124,0,2,1,1
234283.0,124,0,2,2,0
234437.0,124,0,2,2,0
234437.0,124,0,3,1,0
234583.0,124,0,3,1,0
234583.0,124,0,4,0,0
235697.0,125,0,3,0,0
235886.0,126,0,2,0,0
236237.0,127,0,1,0,0
236383.0,128,0,0,0,0
236883.0,128,0,0,0,0
236883.0,127,1,0,0,0
237128.0,127,1,0,0,0
237128.0,126,2,0,0,0
237403.0,126,2,0,0,0
237403.0,125,3,0,0,0
238040.0,125,3,0,0,0
238040.0,124,4,0,0,0
239583.0,124,3,0,0,1
239742.0,124,3,0,1,0
239828.0,124,2,0,1,1
239924.0,124,2,0,2,0
240042.0,124,2,0,2,0
240042.0,124,2,1,1,0
240103.0,124,1,1,1,1
240220.0,124,1,1,2,0
240224.0,124,1,1,2,0
240224.0,124,1,2,1,0
240520.0,124,1,2,1,0
240520.0,124,1,3,0,0
240740.0,124,0,3,0,1
240850.0,124,0,3,1,0
241150.0,124,0,3,1,0
241150.0,124,0,4,0,0
241842.0,125,0,3,0,0
242024.0,126,0,2,0,0
242320.0,127,0,1,0,0
242950.0,128,0,0,0,0
244640.0,128,0,0,0,0
244640.0,64,64,0,0,0
246356.0,64,64,0,0,0
246356.0,0,128,0,0,0
246573.0,0,128,0,0,0
246773.0,0,128,0,0,0
246963.0,0,128,0,0,0
247147.0,0,128,0,0,0
247340.0,0,64,0,0,64
247351.0,0,64,0,0,64
247363.0,0,64,0,0,64
247488.0,0,64,0,0,64
247578.0,0,64,0,0,64
247747.0,0,64,0,0,64
247844.0,0,64,0,0,64
248045.0,0,64,0,0,64
248268.0,0,64,0,0,64
248445.0,0,64,0,0,64
248530.0,0,64,0,0,64
248681.0,0,64,0,0,64
248824.0,0,64,0,0,64
248964.0,0,64,0,0,64
249018.0,0,64,0,0,64
249056.0,0,0,0,0,128
249167.0,0,0,0,64,64
249167.0,0,0,0,0,128
249194.0,0,0,0,0,128
249273.0,0,0,0,64,64
249273.0,0,0,0,0,128
249379.0,0,0,0,64,64
249379.0,0,0,0,0,128
249486.0,0,0,0,64,64
249486.0,0,0,0,0,128
249597.0,0,0,0,64,64
249597.0,0,0,0,0,128
249598.0,0,0,0,64,64
249598.0,0,0,0,0,128
249705.0,0,0,0,64,64
249705.0,0,0,0,60,68
249705.0,0,0,0,40,88
249724.0,0,0,0,40,88
249726.0,0,0,0,48,80
249761.0,0,0,0,64,64
249761.0,0,0,0,0,128
249866.0,0,0,0,64,64
249866.0,0,0,0,0,128
249888.0,0,0,0,0,128
249989.0,0,0,0,64,64
249989.0,0,0,0,0,128
249992.0,0,0,0,0,128
250005.0,0,0,0,0,128
250074.0,0,0,0,0,128
250096.0,0,0,0,64,64
250096.0,0,0,0,0,128
250203.0,0,0,0,64,64
250203.0,0,0,0,0,128
250247.0,0,0,0,0,128
250255.0,0,0,0,0,128
250309.0,0,0,0,64,64
250309.0,0,0,0,0,128
250344.0,0,0,0,0,128
250413.0,0,0,0,0,128
250417.0,0,0,0,64,64
250417.0,0,0,0,24,104
250417.0,0,0,0,4,124
250528.0,0,0,0,4,124
250528.0,0,0,0,3,125
250551.0,0,0,0,4,124
250553.0,0,0,0,4,124
250568.0,0,0,0,8,120
250581.0,0,0,0,8,120
250640.0,0,0,0,40,88
250640.0,0,0,0,8,120
250668.0,0,0,0,8,120
250674.0,0,0,0,8,120
250691.0,0,0,0,24,104
250691.0,0,0,0,8,120
250717.0,0,0,0,8,120
250760.0,0,0,0,8,120
250786.0,0,0,0,8,120
250817.0,0,0,0,40,88
250885.0,0,0,0,40,88
250885.0,0,0,0,36,92
250940.0,0,0,0,36,92
250940.0,0,0,8,28,92
250940.0,0,0,8,20,100
250944.0,0,0,8,20,100
251017.0,0,0,8,36,84
251017.0,0,0,8,4,116
251057.0,0,0,8,8,112
251060.0,0,0,8,8,112
251060.0,0,0,8,4,116
251065.0,0,0,8,4,116
251082.0,0,0,8,12,108
251117.0,0,0,8,12,108
251141.0,0,0,8,12,108
251173.0,0,0,8,12,108
251225.0,0,0,8,12,108
251287.0,0,0,8,12,108
251317.0,0,0,8,12,108
251317.0,0,0,12,8,108
251333.0,0,0,12,12,104
251353.0,0,0,12,12,104
251382.0,0,0,12,12,104
251382.0,0,0,20,4,104
251402.0,0,0,20,12,96
251420.0,0,0,20,12,96
251471.0,0,0,20,12,96
251511.0,0,0,20,12,96
251598.0,0,0,20,12,96
251624.0,0,0,20,12,96
251624.0,0,0,20,11,97
251633.0,0,0,20,11,97
251633.0,0,0,24,7,97
251651.0,0,0,24,8,96
251661.0,0,0,24,8,96
251661.0,0,0,24,4,100
251702.0,0,0,24,4,100
251702.0,0,0,28,0,100
251726.0,0,0,28,0,100
251744.0,0,0,28,4,96
251773.0,0,0,28,36,64
251773.0,0,0,28,4,96
251809.0,0,0,28,4,96
251810.0,0,0,28,4,96
251912.0,0,0,28,4,96
251980.0,0,0,28,4,96
252039.0,0,0,28,20,80
252039.0,0,0,28,4,96
252044.0,0,0,28,4,96
252052.0,0,0,28,20,80
252070.0,0,0,28,20,80
252073.0,0,0,28,20,80
252073.0,0,0,32,16,80
252088.0,0,0,32,16,80
252088.0,0,0,32,12,84
252132.0,0,0,32,12,84
252171.0,0,0,32,12,84
252173.0,0,0,32,12,84
252173.0,0,0,32,11,85
252201.0,0,0,32,12,84
252213.0,0,0,32,16,80
252213.0,0,0,32,0,96
252216.0,0,0,32,0,96
252273.0,0,0,32,0,96
252312.0,0,0,32,16,80
252312.0,0,0,32,12,84
252350.0,0,0,32,12,84
252352.0,0,0,32,12,84
252388.0,0,0,32,16,80
252410.0,0,0,32,16,80
252418.0,0,0,32,16,80
252476.0,0,0,32,16,80
252476.0,0,0,32,0,96
252487.0,0,0,32,16,80
252489.0,0,0,32,16,80
252502.0,0,0,32,80,16
252502.0,0,0,32,16,80
252565.0,0,0,32,16,80
252607.0,0,0,32,16,80
252607.0,0,0,32,15,81
252612.0,0,0,32,15,81
252617.0,0,0,32,16,80
252620.0,0,0,32,80,16
252620.0,0,0,32,16,80
252633.0,0,0,32,16,80
252720.0,0,0,32,16,80
252721.0,0,0,32,16,80
252740.0,8,0,24,16,80
252741.0,8,0,24,80,16
252741.0,8,0,24,16,80
252752.0,8,0,24,32,64
252752.0,8,0,24,0,96
252787.0,8,0,24,0,96
252806.0,8,0,24,0,96
252858.0,8,0,24,0,96
252897.0,8,0,24,0,96
252897.0,4,4,24,0,96
252934.0,4,4,24,64,32
252934.0,4,4,24,0,96
253053.0,4,4,24,0,96
253056.0,4,4,24,64,32
253056.0,4,4,24,0,96
253117.0,8,4,20,0,96
253177.0,8,4,20,64,32
253177.0,8,4,20,0,96
253182.0,16,4,12,0,96
253182.0,0,20,12,0,96
253186.0,0,20,12,32,64
253186.0,0,20,12,0,96
253307.0,0,20,12,64,32
253307.0,0,20,12,0,96
253390.0,0,20,12,32,64
253390.0,0,20,12,0,96
253433.0,4,20,8,0,96
253434.0,4,20,8,64,32
253434.0,4,20,8,0,96
253465.0,4,20,8,0,96
253465.0,3,21,8,0,96
253502.0,7,21,4,0,96
253556.0,7,21,4,64,32
253556.0,7,21,4,0,96
253567.0,7,21,4,0,96
253567.0,3,25,4,0,96
253631.0,3,25,4,64,32
253631.0,3,25,4,0,96
253633.0,3,25,4,0,96
253633.0,2,26,4,0,96
253671.0,2,26,4,64,32
253671.0,2,26,4,0,96
253694.0,2,26,4,0,96
253710.0,2,26,4,64,32
253710.0,2,26,4,0,96
253741.0,2,26,4,64,32
253741.0,2,26,4,0,96
253765.0,2,26,4,0,96
253773.0,2,26,4,64,32
253773.0,2,26,4,0,96
253801.0,2,26,4,32,64
253801.0,2,26,4,0,96
253809.0,2,26,4,64,32
253809.0,2,26,4,0,96
253846.0,2,26,4,64,32
253846.0,2,26,4,0,96
253873.0,6,26,0,0,96
253887.0,6,26,0,64,32
253887.0,6,26,0,0,96
253910.0,6,26,0,64,32
253910.0,6,26,0,0,96
253947.0,6,26,0,64,32
253947.0,6,26,0,0,96
253996.0,6,26,0,64,32
253996.0,6,26,0,0,96
254037.0,6,26,0,64,32
254037.0,6,26,0,0,96
254057.0,6,26,0,32,64
254057.0,6,26,0,16,80
254076.0,6,26,0,80,16
254076.0,6,26,0,16,80
254136.0,6,26,0,80,16
254136.0,6,26,0,16,80
254145.0,6,26,0,32,64
254145.0,6,26,0,0,96
254172.0,6,26,0,64,32
254172.0,6,26,0,0,96
254209.0,6,26,0,64,32
254209.0,6,26,0,0,96
254210.0,6,26,0,64,32
254210.0,6,26,0,0,96
254241.0,6,26,0,64,32
254241.0,6,26,0,0,96
254279.0,6,26,0,0,96
254287.0,6,26,0,64,32
254287.0,6,26,0,0,96
254321.0,6,26,0,64,32
254321.0,6,26,0,0,96
254357.0,6,26,0,0,96
254362.0,6,26,0,64,32
254362.0,6,26,0,0,96
254364.0,6,26,0,0,96
254364.0,2,30,0,0,96
254415.0,2,30,0,64,32
254415.0,2,30,0,0,96
254467.0,2,30,0,0,96
254476.0,2,30,0,64,32
254476.0,1,31,0,0,96
254513.0,1,31,0,0,96
254534.0,1,31,0,0,96
254554.0,1,31,0,0,96
254554.0,0,32,0,0,96
254592.0,0,32,0,64,32
254592.0,0,32,0,52,44
254601.0,0,32,0,84,12
254620.0,0,32,0,88,8
254627.0,0,32,0,96,0
254711.0,0,32,0,96,0
254711.0,0,32,0,92,4
254734.0,0,32,0,96,0
254892.0,0,32,0,96,0
254892.0,0,32,52,44,0
254901.0,0,32,52,44,0
254901.0,0,32,84,12,0
254906.0,0,32,84,12,0
254906.0,0,32,84,8,4
254927.0,0,32,84,8,4
254927.0,0,32,92,0,4
255060.0,0,32,92,0,4
255136.0,0,32,92,0,4
255137.0,0,32,92,4,0
255137.0,0,32,92,2,2
255144.0,0,32,92,3,1
255145.0,0,32,92,4,0
255391.0,0,32,92,4,0
255419.0,0,32,92,4,0
255437.0,0,32,92,4,0
255437.0,0,32,94,2,0
255444.0,0,32,94,2,0
255444.0,0,32,95,1,0
255445.0,0,32,95,1,0
255445.0,0,32,96,0,0
255447.0,0,32,96,0,0
255597.0,0,28,96,0,4
255669.0,0,28,96,4,0
255724.0,0,28,96,4,0
255773.0,0,28,96,4,0
255806.0,0,28,96,4,0
255882.0,0,12,96,4,16
255884.0,0,12,96,4,16
255940.0,0,12,96,4,16
255940.0,0,12,96,0,20
255967.0,0,12,96,4,16
255969.0,0,12,96,4,16
256165.0,0,11,96,4,17
256167.0,0,11,96,20,1
256167.0,0,11,96,4,17
256169.0,0,11,96,12,9
256169.0,0,11,96,4,17
256179.0,0,11,96,5,16
256195.0,0,11,96,13,8
256239.0,0,11,96,21,0
256267.0,0,7,96,21,4
256333.0,0,6,96,21,5
256341.0,0,6,96,22,4
256372.0,0,6,96,22,4
256456.0,0,6,96,26,0
256467.0,0,6,96,26,0
256467.0,0,6,100,22,0
256479.0,0,6,100,22,0
256479.0,0,6,101,21,0
256495.0,0,6,101,21,0
256495.0,0,6,109,13,0
256539.0,0,6,109,13,0
256539.0,0,6,117,5,0
256576.0,0,6,117,5,0
256614.0,0,6,117,5,0
256617.0,0,6,117,5,0
256641.0,0,6,117,5,0
256641.0,0,6,118,4,0
256677.0,0,6,118,4,0
256692.0,52,6,66,4,0
256692.0,24,34,66,4,0
256701.0,56,34,34,4,0
256701.0,16,74,34,4,0
256727.0,24,74,26,4,0
256744.0,24,74,26,4,0
256744.0,8,90,26,4,0
256756.0,8,90,26,4,0
256918.0,8,90,26,4,0
257064.0,8,86,26,4,4
257115.0,8,86,26,4,4
257150.0,8,86,26,8,0
257176.0,8,85,26,8,1
257197.0,8,85,26,9,0
257215.0,8,85,26,9,0
257237.0,10,85,24,9,0
257244.0,11,85,23,9,0
257245.0,12,85,22,9,0
257254.0,12,84,22,9,1
257272.0,12,84,22,10,0
257432.0,12,84,22,10,0
257450.0,12,84,22,10,0
257450.0,12,84,26,6,0
257497.0,12,84,26,6,0
257497.0,12,84,27,5,0
257568.0,12,84,27,5,0
257572.0,12,84,27,5,0
257572.0,12,84,28,4,0
257648.0,12,84,28,4,0
257648.0,4,92,28,4,0
257664.0,4,92,28,4,0
257664.0,0,96,28,4,0
257704.0,0,96,28,4,0
257798.0,0,96,28,4,0
257818.0,0,96,28,4,0
258013.0,0,96,28,4,0
258066.0,0,96,28,4,0
258069.0,0,96,28,4,0
258229.0,0,96,28,4,0
258267.0,4,96,24,4,0
258278.0,4,96,24,4,0
258279.0,5,96,23,4,0
258295.0,13,96,15,4,0
258295.0,5,104,15,4,0
258330.0,5,104,15,4,0
258339.0,13,104,7,4,0
258339.0,5,112,7,4,0
258378.0,5,112,7,4,0
258383.0,5,112,7,4,0
258383.0,1,116,7,4,0
258423.0,1,116,7,4,0
258430.0,1,116,7,4,0
258441.0,2,116,6,4,0
258457.0,2,116,6,4,0
258540.0,2,116,6,4,0
258710.0,2,116,6,4,0
258733.0,2,116,6,4,0
258742.0,2,116,6,4,0
258750.0,2,116,6,4,0
258805.0,2,116,6,4,0
258924.0,2,116,6,4,0
258974.0,2,116,6,4,0
259250.0,6,116,2,4,0
259297.0,7,116,1,4,0
259309.0,7,116,1,4,0
259372.0,8,116,0,4,0
259372.0,0,124,0,4,0
259392.0,0,96,0,0,32
259401.0,0,56,0,0,72
259421.0,0,56,0,32,40
259421.0,0,56,0,0,72
259426.0,0,56,0,32,40
259426.0,0,56,0,0,72
259444.0,0,40,0,0,88
259447.0,0,40,0,32,56
259447.0,0,40,0,0,88
259452.0,0,40,0,32,56
259452.0,0,40,0,0,88
259469.0,0,40,0,16,72
259469.0,0,40,0,0,88
259473.0,0,40,0,32,56
259473.0,0,40,0,0,88
259495.0,0,40,0,16,72
259495.0,0,40,0,0,88
259501.0,0,40,0,32,56
259501.0,0,40,0,0,88
259522.0,0,40,0,16,72
259522.0,0,40,0,0,88
259527.0,0,40,0,32,56
259527.0,0,40,0,0,88
259548.0,0,40,0,16,72
259548.0,0,40,0,0,88
259553.0,0,40,0,32,56
259553.0,0,40,0,0,88
259579.0,0,40,0,8,80
259584.0,0,40,0,40,48
259584.0,0,40,0,8,80
259602.0,0,40,0,16,72
259711.0,0,40,0,48,40
259711.0,0,40,0,16,72
259855.0,0,40,0,16,72
259879.0,0,40,0,16,72
259879.0,0,40,8,8,72
259950.0,0,40,8,40,40
259950.0,0,40,8,8,72
259991.0,0,40,8,40,40
259991.0,0,40,8,8,72
260001.0,0,40,8,40,40
260001.0,0,40,8,8,72
260003.0,0,40,8,8,72
260011.0,0,40,8,8,72
260011.0,0,40,16,0,72
260023.0,0,40,16,32,40
260023.0,0,40,16,0,72
260095.0,0,40,16,0,72
260189.0,0,40,16,0,72
260272.0,0,40,16,0,72
260348.0,0,32,16,0,80
260364.0,0,28,16,0,84
260407.0,0,28,16,8,76
260474.0,0,28,16,8,76
260513.0,0,28,16,12,72
260660.0,0,28,16,12,72
260707.0,0,28,16,12,72
260707.0,0,28,24,4,72
260738.0,0,28,24,4,72
260763.0,0,28,24,4,72
260809.0,0,28,24,4,72
260813.0,0,28,24,4,72
260813.0,0,28,28,0,72
260916.0,0,28,28,0,72
260967.0,0,28,28,0,72
260995.0,0,20,28,0,80
261021.0,0,20,28,8,72
261021.0,0,20,28,4,76
261021.0,0,20,28,3,77
261030.0,0,20,28,4,76
261036.0,0,20,28,5,75
261039.0,0,12,28,5,83
261042.0,0,12,28,6,82
261043.0,0,12,28,7,81
261043.0,0,12,28,6,82
261045.0,0,12,28,7,81
261069.0,0,12,28,47,41
261069.0,0,12,28,15,73
261072.0,0,12,28,16,72
261083.0,0,8,28,16,76
261110.0,0,8,28,16,76
261110.0,0,8,28,15,77
261114.0,0,8,28,47,45
261114.0,0,8,28,15,77
261142.0,0,8,28,16,76
261168.0,0,8,28,20,72
261173.0,0,8,28,20,72
261188.0,0,8,28,20,72
261188.0,0,8,28,19,73
261316.0,0,8,28,19,73
261316.0,0,8,28,18,74
261321.0,0,8,28,18,74
261369.0,0,8,28,18,74
261369.0,0,8,41,5,74
261391.0,0,8,41,6,73
261414.0,0,8,41,6,73
261414.0,0,8,42,5,73
261415.0,0,8,42,5,73
261415.0,0,8,42,4,74
261443.0,0,8,42,5,73
261451.0,0,8,42,5,73
261451.0,0,8,42,1,77
261468.0,0,8,42,1,77
261468.0,0,8,43,0,77
261473.0,0,8,43,0,77
261572.0,0,8,43,1,76
261588.0,0,8,43,5,72
261588.0,0,8,43,3,74
261679.0,8,8,35,3,74
261721.0,8,8,35,3,74
261735.0,8,8,35,3,74
261811.0,16,8,27,3,74
261872.0,16,8,27,3,74
261888.0,16,8,27,3,74
261888.0,16,8,30,0,74
262072.0,16,0,30,0,82
262115.0,16,0,30,8,74
262125.0,16,0,30,8,74
262207.0,16,0,30,8,74
262213.0,16,0,30,40,42
262213.0,0,16,30,40,42
262415.0,0,16,30,40,42
262507.0,8,16,22,40,42
262513.0,8,16,22,40,42
262513.0,8,16,46,16,42
262613.0,12,16,42,16,42
262757.0,12,16,42,16,42
262770.0,12,16,42,18,40
262778.0,12,16,42,18,40
262882.0,12,16,42,18,40
263070.0,12,16,42,18,40
263070.0,12,16,44,16,40
263169.0,25,16,31,16,40
263214.0,26,16,30,16,40
263268.0,27,16,29,16,40
263688.0,30,16,26,16,40
263767.0,30,16,26,16,40
263788.0,30,16,26,16,40
263864.0,30,16,26,16,40
264023.0,30,16,26,16,40
264068.0,30,16,26,16,40
264106.0,30,16,26,16,40
264133.0,30,16,26,16,40
264178.0,30,16,26,16,40
264208.0,30,16,26,16,40
264218.0,30,16,26,16,40
264248.0,30,16,26,16,40
264267.0,30,16,26,16,40
264313.0,54,16,2,16,40
264322.0,54,16,2,16,40
264604.0,54,16,2,16,40
264625.0,54,16,2,16,40
264801.0,54,16,2,16,40
264870.0,56,16,0,16,40
264913.0,56,0,0,0,72
264956.0,56,0,0,0,72
264983.0,56,0,0,0,72
265031.0,56,0,0,32,40
265031.0,8,48,0,32,40
265106.0,8,48,0,32,40
265106.0,0,56,0,32,40
265165.0,0,56,0,32,40
265211.0,0,56,0,32,40
265230.0,0,56,0,32,40
265284.0,0,56,0,32,40
265355.0,0,56,0,32,40
265832.0,0,56,0,32,40
266128.0,0,56,0,32,40
266277.0,0,56,0,32,40
266458.0,0,56,0,32,40
266459.0,0,56,0,32,40
266514.0,0,56,0,32,40
266529.0,0,56,0,32,40
266648.0,0,56,0,32,40
266693.0,0,56,0,32,40
266726.0,0,56,0,32,40
266776.0,0,56,0,32,40
267731.0,0,8,0,0,120
267758.0,0,8,0,8,112
267758.0,0,8,0,0,120
267806.0,0,0,0,0,128
267847.0,0,0,0,8,120
267847.0,0,0,0,0,128
267893.0,0,0,0,8,120
267893.0,0,0,0,0,128
267909.0,0,0,0,64,64
267909.0,0,0,0,0,128
267915.0,0,0,0,12,116
267915.0,0,0,0,0,128
267938.0,0,0,0,64,64
267938.0,0,0,0,32,96
267938.0,0,0,0,0,128
267945.0,0,0,0,1,127
267946.0,0,0,0,2,126
267950.0,0,0,0,3,125
267952.0,0,0,0,19,109
267955.0,0,0,0,36,92
267958.0,0,0,0,44,84
267959.0,0,0,0,64,64
267959.0,0,0,0,0,128
267968.0,0,0,0,0,128
267971.0,0,0,0,64,64
267971.0,0,0,0,0,128
268001.0,0,0,0,0,128
268003.0,0,0,0,16,112
268003.0,0,0,0,0,128
268025.0,0,0,0,2,126
268025.0,0,0,0,0,128
268030.0,0,0,0,1,127
268030.0,0,0,0,0,128
268031.0,0,0,0,1,127
268031.0,0,0,0,0,128
268033.0,0,0,0,1,127
268033.0,0,0,0,0,128
268034.0,0,0,0,1,127
268034.0,0,0,0,0,128
268039.0,0,0,0,1,127
268039.0,0,0,0,0,128
268047.0,0,0,0,7,121
268047.0,0,0,0,5,123
268048.0,0,0,0,6,122
268049.0,0,0,0,7,121
268052.0,0,0,0,8,120
268054.0,0,0,0,9,119
268055.0,0,0,0,17,111
268058.0,0,0,0,33,95
268058.0,0,0,0,1,127
268065.0,0,0,0,5,123
268065.0,0,0,0,1,127
268090.0,0,0,0,5,123
268090.0,0,0,0,1,127
268092.0,0,0,0,2,126
268145.0,0,0,0,4,124
268145.0,0,0,0,0,128
268157.0,0,0,0,4,124
268164.0,0,0,0,6,122
268189.0,0,0,0,38,90
268189.0,0,0,0,6,122
268201.0,0,0,0,10,118
268201.0,0,0,0,2,126
268221.0,0,0,0,6,122
268223.0,0,0,0,14,114
268223.0,0,0,0,6,122
268235.0,0,0,0,10,118
268235.0,0,0,0,2,126
268238.0,0,0,0,2,126
268245.0,0,0,0,2,126
268261.0,0,0,0,6,122
268308.0,0,0,0,14,114
268308.0,0,0,0,6,122
268323.0,0,0,0,14,114
268343.0,0,0,0,16,112
268347.0,0,0,0,16,112
268358.0,0,0,0,16,112
268413.0,0,0,0,24,104
268440.0,0,0,0,56,72
268440.0,0,0,0,24,104
268457.0,0,0,0,24,104
268457.0,0,0,1,23,104
268489.0,0,0,1,23,104
268489.0,0,0,2,22,104
268561.0,0,0,2,22,104
268561.0,0,0,3,21,104
268608.0,0,0,3,21,104
268608.0,0,0,6,18,104
268623.0,0,0,6,18,104
268623.0,0,0,14,10,104
268635.0,0,0,14,10,104
268643.0,0,0,14,10,104
268643.0,0,0,16,8,104
268713.0,0,0,16,8,104
268713.0,0,0,17,7,104
268740.0,0,0,17,7,104
268740.0,0,0,24,0,104
268808.0,0,0,24,0,104
268857.0,0,0,24,32,72
268857.0,0,0,24,0,104
268890.0,0,0,24,0,104
268905.0,0,0,24,0,104
269103.0,0,0,24,0,104
269450.0,0,0,24,0,104
269529.0,0,0,24,32,72
269529.0,0,0,24,0,104
269627.0,0,0,24,0,104
269660.0,0,0,24,0,104
269661.0,0,0,24,0,104
269711.0,0,0,24,0,104
269832.0,0,0,24,0,104
270054.0,0,0,24,0,104
270192.0,0,0,24,0,104
270257.0,1,0,23,0,104
270257.0,0,1,23,0,104
270289.0,1,1,22,0,104
270334.0,1,1,22,32,72
270334.0,1,1,22,0,104
270337.0,1,1,22,8,96
270337.0,1,1,22,0,104
270361.0,2,1,21,0,104
270361.0,0,3,21,0,104
270391.0,0,3,21,0,104
270408.0,3,3,18,0,104
270419.0,3,3,18,0,104
270423.0,11,3,10,0,104
270423.0,3,11,10,0,104
270424.0,3,11,10,32,72
270424.0,3,11,10,0,104
270443.0,5,11,8,0,104
270443.0,1,15,8,0,104
270449.0,1,15,8,0,104
270482.0,1,15,8,8,96
270482.0,1,15,8,0,104
270513.0,2,15,7,0,104
270540.0,9,15,0,0,104
270540.0,1,23,0,0,104
270674.0,1,23,0,0,104
270742.0,1,23,0,0,104
270742.0,0,24,0,0,104
270751.0,0,24,0,0,104
271346.0,0,24,0,0,104
271387.0,0,24,0,0,104
271478.0,0,24,0,0,104
271581.0,0,24,0,0,104
271608.0,0,24,0,0,104
271741.0,0,24,0,0,104
272018.0,0,24,0,0,104
272232.0,0,24,0,32,72
272232.0,0,24,0,0,104
272246.0,0,24,0,0,104
272350.0,0,24,0,32,72
272350.0,0,24,0,0,104
272401.0,0,24,0,32,72
272401.0,0,24,0,0,104
272485.0,0,24,0,32,72
272485.0,0,24,0,0,104
272569.0,0,24,0,32,72
272569.0,0,24,0,0,104
272578.0,0,24,0,0,104
272619.0,0,24,0,16,88
272619.0,0,24,0,0,104
272637.0,0,24,0,0,104
272659.0,0,24,0,16,88
272659.0,0,24,0,15,89
272670.0,0,24,0,23,81
272670.0,0,24,0,7,97
272764.0,0,24,0,23,81
272764.0,0,24,0,7,97
272849.0,0,24,0,7,97
272864.0,0,24,0,23,81
272864.0,0,24,0,7,97
272957.0,0,23,0,7,98
272959.0,0,23,0,7,98
272959.0,0,23,7,0,98
272975.0,0,23,7,16,82
272975.0,0,23,7,0,98
273009.0,0,23,7,0,98
273046.0,0,23,7,16,82
273046.0,0,23,7,0,98
273054.0,0,23,7,1,97
273061.0,0,21,7,1,99
273123.0,0,13,7,1,107
273134.0,0,13,7,3,105
273143.0,0,9,7,3,109
273213.0,0,9,7,7,105
273235.0,0,9,7,15,97
273240.0,0,1,7,15,105
273253.0,0,1,7,31,89
273253.0,0,1,7,15,105
273319.0,0,1,7,23,97
273354.0,0,1,7,23,97
273381.0,0,1,7,39,81
273384.0,0,1,7,71,49
273384.0,0,1,7,7,113
273405.0,0,1,7,71,49
273405.0,0,1,7,7,113
273442.0,0,0,7,7,114
273452.0,0,0,7,71,50
273452.0,0,0,7,7,114
273462.0,0,0,7,8,113
273508.0,0,0,7,8,113
273508.0,0,0,7,4,117
273535.0,0,0,7,4,117
273563.0,0,0,7,8,113
273681.0,0,0,7,8,113
273681.0,0,0,10,5,113
273762.0,0,0,10,5,113
273762.0,0,0,11,4,113
273798.0,0,0,11,4,113
273799.0,0,0,11,36,81
273799.0,0,0,11,4,113
273807.0,0,0,11,36,81
273807.0,0,0,11,4,113
273818.0,0,0,11,4,113
273818.0,0,0,11,3,114
273825.0,0,0,11,35,82
273825.0,0,0,11,3,114
273846.0,0,0,11,35,82
273846.0,0,0,11,3,114
273856.0,0,0,11,4,113
273863.0,0,0,11,4,113
274002.0,0,0,11,36,81
274002.0,0,0,11,4,113
274015.0,0,0,11,4,113
274015.0,0,0,11,3,114
274047.0,0,0,11,3,114
274099.0,0,0,11,3,114
274099.0,0,0,14,0,114
274135.0,0,0,14,1,113
274188.0,0,0,14,1,113
274192.0,0,0,14,1,113
274192.0,0,0,14,0,114
274205.0,0,0,14,0,114
274209.0,0,0,14,1,113
274225.0,0,0,14,1,113
274225.0,0,0,14,0,114
274237.0,0,0,14,0,114
274293.0,0,0,14,8,106
274293.0,0,0,14,0,114
274301.0,0,0,14,1,113
274325.0,0,0,14,1,113
274362.0,0,0,14,2,112
274369.0,0,0,14,2,112
274378.0,0,0,14,2,112
274434.0,0,0,14,10,104
274435.0,0,0,14,10,104
274451.0,0,0,14,10,104
274451.0,0,0,14,6,108
274491.0,0,0,14,38,76
274491.0,0,0,14,6,108
274497.0,0,0,14,10,104
274509.0,0,0,14,10,104
274533.0,0,0,14,42,72
274533.0,0,0,14,10,104
274536.0,0,0,14,10,104
274601.0,0,0,14,10,104
274671.0,0,0,14,10,104
274680.0,0,0,14,42,72
274680.0,0,0,14,10,104
274682.0,0,0,14,10,104
274682.0,0,0,14,6,108
274690.0,0,0,14,38,76
274690.0,0,0,14,6,108
274721.0,0,0,14,10,104
274733.0,0,0,14,42,72
274733.0,0,0,14,10,104
274734.0,0,0,14,10,104
274756.0,0,0,14,42,72
274756.0,0,0,14,10,104
274757.0,0,0,14,42,72
274757.0,0,0,14,10,104
274759.0,7,0,7,10,104
274759.0,1,6,7,10,104
274777.0,1,6,7,42,72
274777.0,1,6,7,10,104
274791.0,1,6,7,10,104
274797.0,1,6,7,10,104
274797.0,0,7,7,10,104
274801.0,0,7,7,42,72
274826.0,0,7,7,42,72
275018.0,0,7,7,42,72
275101.0,0,7,7,42,72
275101.0,0,7,39,10,72
275234.0,0,7,39,10,72
275481.0,3,7,36,10,72
275481.0,2,8,36,10,72
275485.0,2,8,36,10,72
275544.0,2,8,36,10,72
275544.0,1,9,36,10,72
275562.0,2,9,35,10,72
275634.0,2,9,35,10,72
275634.0,1,10,35,10,72
275689.0,1,10,35,10,72
275689.0,0,11,35,10,72
275725.0,0,11,35,10,72
275741.0,0,11,35,10,72
275764.0,0,11,35,10,72
275899.0,3,11,32,10,72
275899.0,1,13,32,10,72
275966.0,1,13,32,10,72
276131.0,1,13,32,42,40
276136.0,1,13,32,74,8
276136.0,1,13,32,10,72
276170.0,1,13,32,74,8
276170.0,1,13,32,42,40
276170.0,1,13,32,30,52
276170.0,1,13,32,22,60
276208.0,1,13,32,30,52
276211.0,1,13,32,34,48
276212.0,1,13,32,38,44
276232.0,1,13,32,38,44
276232.0,1,13,32,34,48
276269.0,1,13,32,38,44
276295.0,1,13,32,38,44
276295.0,1,13,32,34,48
276321.0,1,13,32,38,44
276335.0,1,13,32,42,40
276431.0,1,13,32,42,40
276470.0,1,13,32,42,40
276470.0,1,13,44,30,40
276508.0,1,13,44,30,40
276508.0,1,13,52,22,40
276511.0,1,13,52,22,40
276511.0,1,13,56,18,40
276558.0,1,13,56,18,40
276612.0,1,13,56,18,40
276621.0,1,13,56,18,40
276621.0,1,13,60,14,40
276635.0,1,13,60,14,40
276635.0,1,13,64,10,40
276649.0,1,13,64,10,40
276671.0,1,13,64,10,40
276787.0,1,13,64,10,40
276901.0,33,13,32,10,40
277068.0,33,13,32,10,40
277098.0,33,13,32,10,40
277130.0,33,13,32,10,40
277152.0,33,13,32,10,40
277159.0,33,13,32,10,40
277159.0,1,45,32,10,40
277218.0,1,45,32,10,40
277429.0,1,45,32,10,40
277459.0,1,39,32,0,56
277497.0,1,38,32,0,57
277562.0,1,38,32,0,57
277584.0,1,38,32,0,57
277658.0,1,38,32,0,57
277698.0,1,38,32,16,41
277698.0,1,38,32,12,45
277698.0,1,38,32,8,49
277698.0,1,38,32,4,53
277698.0,1,38,32,0,57
277710.0,1,38,32,0,57
277719.0,1,38,32,4,53
277719.0,1,38,32,0,57
277731.0,1,38,32,1,56
277736.0,1,38,32,2,55
277736.0,1,38,32,0,57
277761.0,1,38,32,4,53
277761.0,1,38,32,0,57
277769.0,1,38,32,1,56
277791.0,1,38,32,1,56
277802.0,1,38,32,5,52
277802.0,1,38,32,1,56
277820.0,1,38,32,3,54
277820.0,1,38,32,1,56
277825.0,1,38,32,5,52
277825.0,1,38,32,1,56
277863.0,1,38,32,5,52
277863.0,1,38,32,1,56
277891.0,1,38,32,1,56
277901.0,1,38,32,5,52
277901.0,1,38,32,1,56
277953.0,1,38,32,5,52
277953.0,1,38,32,1,56
277982.0,1,38,32,1,56
277985.0,1,38,32,3,54
277990.0,1,38,32,7,50
277998.0,1,38,32,7,50
278007.0,1,38,32,11,46
278031.0,1,38,32,11,46
278069.0,1,38,32,11,46
278102.0,1,38,32,11,46
278102.0,1,38,33,10,46
278115.0,1,38,33,10,46
278181.0,1,37,33,10,47
278182.0,1,37,33,12,45
278187.0,1,37,33,16,41
278213.0,1,37,33,17,40
278244.0,1,36,33,17,41
278270.0,13,36,21,17,41
278285.0,13,36,21,17,41
278285.0,13,36,23,15,41
278290.0,13,36,23,15,41
278290.0,13,36,27,11,41
278307.0,13,36,27,11,41
278307.0,13,36,31,7,41
278308.0,21,36,23,7,41
278311.0,25,36,19,7,41
278315.0,25,36,19,7,41
278334.0,25,35,19,7,42
278375.0,25,35,19,8,41
278389.0,25,34,19,8,42
278421.0,29,34,15,8,42
278421.0,29,34,15,0,50
278434.0,29,34,15,1,49
278435.0,33,34,11,1,49
278469.0,33,34,11,9,41
278482.0,33,34,11,9,41
278541.0,33,34,11,9,41
278541.0,33,34,11,5,45
278579.0,33,34,11,9,41
278594.0,33,34,11,9,41
278599.0,33,32,11,9,43
278686.0,33,32,11,9,43
278693.0,33,32,11,9,43
278727.0,33,32,11,11,41
278734.0,33,32,11,11,41
278734.0,33,32,12,10,41
278768.0,33,32,12,10,41
278769.0,33,32,12,10,41
278769.0,33,32,16,6,41
278879.0,33,32,16,6,41
278879.0,33,32,20,2,41
279027.0,33,32,20,2,41
279027.0,33,32,22,0,41
279222.0,33,32,22,0,41
279266.0,33,32,22,0,41
279295.0,33,32,22,0,41
279345.0,33,32,22,0,41
279349.0,33,32,22,0,41
279357.0,33,32,22,0,41
279364.0,33,32,22,0,41
279372.0,33,32,22,0,41
279601.0,33,32,22,0,41
279611.0,33,32,22,0,41
279695.0,33,32,22,0,41
279856.0,33,32,22,0,41
279859.0,33,0,22,0,73
279902.0,34,0,21,0,73
279934.0,34,0,21,0,73
279995.0,34,0,21,32,41
279995.0,1,33,21,32,41
280085.0,3,33,19,32,41
280090.0,7,33,15,32,41
280090.0,3,37,15,32,41
280107.0,7,37,11,32,41
280107.0,3,41,11,32,41
280161.0,3,41,11,32,41
280228.0,3,41,11,32,41
280272.0,3,41,11,32,41
280337.0,3,41,11,32,41
280436.0,3,41,11,32,41
280488.0,3,41,11,32,41
280534.0,4,41,10,32,41
280534.0,0,45,10,32,41
280569.0,4,45,6,32,41
280569.0,0,49,6,32,41
280584.0,0,49,6,32,41
280666.0,0,49,6,32,41
280679.0,4,49,2,32,41
280679.0,0,53,2,32,41
280827.0,2,53,0,32,41
281105.0,2,53,0,33,40
281146.0,2,53,0,33,40
281265.0,2,53,0,33,40
281405.0,2,53,0,33,40
281405.0,2,53,1,32,40
281421.0,2,53,1,40,32
281421.0,2,53,1,36,36
281721.0,2,53,1,36,36
281721.0,2,53,5,32,36
282695.0,2,20,5,0,101
282698.0,2,20,5,1,100
282706.0,2,20,5,65,36
282706.0,2,20,5,49,52
282706.0,2,20,5,9,92
282706.0,2,20,5,1,100
282735.0,2,20,5,9,92
282764.0,2,20,5,9,92
282764.0,2,20,5,8,93
282790.0,2,16,5,8,97
282805.0,2,16,5,8,97
282807.0,2,12,5,8,101
282828.0,2,12,5,12,97
282874.0,2,12,5,16,93
282892.0,2,12,5,16,93
282937.0,2,12,5,48,61
282998.0,2,12,5,64,45
282998.0,2,12,5,0,109
283006.0,2,12,5,0,109
283202.0,2,12,5,8,101
283202.0,2,12,5,0,109
283203.0,2,12,5,64,45
283203.0,2,12,5,0,109
283205.0,3,12,4,0,109
283234.0,3,8,4,0,113
283267.0,3,8,4,64,49
283267.0,3,8,4,32,81
283267.0,3,8,4,24,89
283267.0,3,8,4,8,105
283269.0,3,4,4,8,109
283307.0,3,4,4,12,105
283325.0,3,4,4,12,105
283326.0,3,4,4,28,89
283326.0,3,4,4,12,105
283332.0,3,4,4,28,89
283332.0,3,4,4,12,105
283334.0,3,4,4,28,89
283334.0,3,4,4,12,105
283338.0,3,4,4,28,89
283338.0,3,4,4,12,105
283340.0,3,4,4,28,89
283344.0,3,4,4,44,73
283348.0,3,4,4,60,57
283379.0,3,0,4,60,61
283380.0,3,0,4,68,53
283380.0,3,0,4,4,117
283422.0,3,0,4,8,113
283446.0,3,0,4,8,113
283492.0,3,0,4,12,109
283521.0,7,0,0,12,109
283521.0,3,4,0,12,109
283567.0,3,4,0,12,109
283603.0,3,4,0,76,45
283603.0,3,4,0,12,109
283607.0,3,4,0,12,109
283644.0,3,4,0,12,109
283651.0,3,4,0,28,93
283651.0,3,4,0,12,109
283671.0,3,4,0,28,93
283691.0,3,4,0,44,77
283691.0,3,4,0,12,109
283725.0,3,4,0,28,93
283808.0,3,4,0,29,92
283835.0,3,4,0,29,92
283835.0,3,4,0,28,93
283943.0,3,4,0,29,92
283971.0,3,4,0,29,92
284025.0,3,4,0,29,92
284025.0,3,4,16,13,92
284026.0,3,4,16,13,92
284026.0,2,5,16,13,92
284043.0,2,5,16,29,76
284243.0,2,5,16,29,76
284243.0,2,5,17,28,76
284310.0,2,5,17,36,68
284343.0,2,5,17,36,68
284343.0,2,5,33,20,68
284610.0,2,5,33,20,68
284610.0,2,5,41,12,68
284617.0,2,5,41,12,68
285002.0,2,5,41,12,68
285002.0,1,6,41,12,68
285120.0,1,6,41,12,68
285120.0,0,7,41,12,68
285440.0,0,7,41,12,68
285681.0,0,7,41,12,68
285825.0,16,7,25,12,68
285825.0,0,23,25,12,68
286043.0,1,23,24,12,68
286043.0,0,24,24,12,68
286143.0,16,24,8,12,68
286143.0,0,40,8,12,68
286184.0,0,40,8,12,68
286221.0,0,36,8,0,84
286410.0,8,36,0,0,84
286410.0,6,38,0,0,84
286642.0,6,38,0,16,68
286642.0,6,38,0,0,84
286726.0,6,37,0,0,85
286739.0,6,37,0,1,84
286754.0,6,37,0,17,68
286842.0,6,37,0,17,68
286842.0,6,37,0,16,69
286885.0,6,37,0,48,37
286885.0,6,37,0,16,69
286971.0,6,37,0,48,37
286971.0,6,37,0,16,69
286982.0,6,37,0,17,68
287039.0,6,37,0,17,68
287054.0,6,37,0,17,68
287054.0,6,37,6,11,68
287159.0,6,37,6,43,36
287159.0,6,37,6,11,68
287174.0,6,37,6,11,68
287174.0,6,37,6,10,69
287185.0,6,37,6,10,69
287185.0,6,37,16,0,69
287283.0,6,37,16,32,37
287283.0,6,37,16,0,69
287365.0,6,37,16,32,37
287365.0,6,37,16,0,69
287421.0,6,37,16,1,68
287447.0,6,37,16,1,68
287447.0,6,37,16,0,69
287481.0,6,37,16,32,37
287481.0,6,37,16,0,69
287539.0,6,37,16,1,68
287546.0,6,37,16,1,68
287702.0,6,36,16,1,69
287721.0,6,36,16,1,69
287797.0,6,36,16,2,68
287820.0,6,35,16,2,69
287839.0,6,35,16,2,69
287839.0,6,35,17,1,69
287946.0,6,35,17,2,68
288097.0,6,35,17,2,68
288097.0,6,35,18,1,68
288246.0,6,35,18,1,68
288246.0,6,35,19,0,68
288449.0,6,35,19,0,68
288449.0,5,36,19,0,68
288504.0,5,36,19,0,68
288504.0,1,40,19,0,68
288510.0,1,40,19,0,68
288525.0,1,24,19,0,84
288529.0,1,24,19,0,84
288529.0,0,25,19,0,84
288572.0,0,25,19,16,68
288572.0,0,25,19,12,72
288588.0,0,25,19,12,72
288588.0,0,25,19,11,73
288624.0,0,25,19,15,69
288626.0,0,25,19,47,37
288626.0,0,25,19,15,69
288651.0,0,25,19,15,69
288671.0,0,25,19,16,68
288688.0,0,25,19,16,68
288688.0,0,25,19,11,73
288698.0,0,25,19,15,69
288709.0,0,25,19,15,69
288716.0,0,25,19,19,65
288722.0,0,25,19,20,64
288743.0,0,24,19,20,65
288843.0,0,8,19,20,81
288852.0,0,8,19,21,80
288854.0,6,8,13,21,80
288872.0,6,8,13,21,80
288872.0,6,8,24,10,80
288928.0,6,8,24,10,80
288928.0,3,11,24,10,80
288935.0,3,11,24,26,64
288985.0,13,11,14,26,64
288985.0,6,18,14,26,64
288998.0,6,18,14,26,64
289046.0,6,18,14,26,64
289046.0,1,23,14,26,64
289062.0,1,23,14,26,64
289110.0,1,21,14,26,66
289215.0,1,21,14,27,65
289216.0,1,21,14,28,64
289515.0,1,21,14,28,64
289515.0,1,21,15,27,64
289516.0,1,21,15,27,64
289516.0,1,21,16,26,64
289639.0,2,21,15,26,64
289897.0,3,21,14,26,64
290046.0,4,21,13,26,64
290672.0,15,21,2,26,64
291149.0,15,20,2,26,65
291169.0,15,20,2,27,64
291204.0,15,16,2,27,68
291229.0,15,15,2,27,69
291236.0,15,15,2,28,68
291283.0,15,15,2,32,64
291315.0,16,15,1,32,64
291316.0,17,15,0,32,64
291469.0,17,15,0,32,64
291469.0,17,15,1,31,64
291536.0,17,15,1,31,64
291536.0,17,15,2,30,64
291547.0,17,15,2,62,32
291547.0,17,15,2,29,65
291553.0,17,15,2,30,64
291583.0,17,15,2,30,64
291583.0,17,15,5,27,64
291628.0,17,12,5,26,68
291652.0,17,12,5,30,64
291685.0,17,5,5,5,96
291746.0,17,0,5,5,101
291751.0,17,0,5,6,100
291766.0,17,0,5,38,68
291853.0,17,0,5,38,68
291853.0,17,0,6,37,68
291863.0,17,0,6,69,36
291913.0,17,0,6,73,32
291952.0,17,0,6,73,32
291952.0,17,0,10,69,32
292051.0,17,0,10,69,32
292051.0,17,0,11,68,32
292066.0,17,0,11,68,32
292066.0,17,0,43,36,32
292163.0,17,0,43,36,32
292163.0,17,0,75,4,32
292213.0,17,0,75,4,32
292213.0,17,0,79,0,32
292412.0,17,0,79,0,32
292412.0,13,4,79,0,32
292742.0,13,4,79,0,32
292742.0,9,8,79,0,32
292774.0,9,8,79,0,32
292774.0,1,16,79,0,32
292783.0,1,16,79,0,32
292945.0,1,16,79,0,32
292950.0,1,16,79,0,32
292968.0,1,16,79,0,32
292968.0,0,17,79,0,32
293002.0,0,17,79,0,32
293028.0,0,17,79,0,32
293041.0,0,17,79,0,32
293058.0,0,17,79,0,32
293269.0,1,17,78,0,32
293269.0,0,18,78,0,32
293304.0,0,18,78,0,32
293336.0,1,18,77,0,32
293336.0,0,19,77,0,32
293383.0,3,19,74,0,32
293383.0,1,21,74,0,32
293653.0,2,21,73,0,32
293752.0,6,21,69,0,32
293752.0,2,25,69,0,32
293851.0,3,25,68,0,32
293866.0,35,25,36,0,32
293866.0,27,33,36,0,32
293963.0,59,33,4,0,32
293963.0,19,73,4,0,32
294013.0,23,73,0,0,32
294238.0,23,73,0,32,0
294538.0,23,73,0,32,0
294538.0,23,73,32,0,0
295112.0,23,69,32,0,4
295147.0,23,69,32,4,0
295442.0,23,65,32,4,4
295447.0,23,65,32,4,4
295447.0,23,65,36,0,4
295467.0,23,65,36,4,0
295474.0,23,57,36,4,8
295575.0,23,57,36,4,8
295580.0,23,57,36,12,0
295668.0,23,56,36,12,1
295672.0,23,56,36,13,0
295767.0,23,56,36,13,0
295767.0,23,56,40,9,0
295880.0,23,56,40,9,0
295880.0,23,56,48,1,0
295969.0,23,55,48,1,1
295972.0,23,55,48,1,1
295972.0,23,55,49,0,1
295973.0,23,55,49,1,0
296036.0,23,54,49,1,1
296042.0,23,54,49,2,0
296083.0,23,52,49,2,2
296086.0,23,52,49,4,0
296273.0,23,52,49,4,0
296273.0,23,52,50,3,0
296338.0,55,52,18,3,0
296342.0,55,52,18,3,0
296342.0,55,52,19,2,0
296386.0,55,52,19,2,0
296386.0,55,52,21,0,0
296452.0,55,48,21,0,4
296503.0,55,48,21,4,0
296566.0,55,40,21,4,8
296608.0,55,40,21,4,8
296663.0,55,0,21,4,48
296664.0,55,0,21,12,40
296705.0,55,0,21,20,32
296763.0,55,0,21,52,0
296803.0,55,0,21,52,0
296803.0,55,0,25,48,0
296964.0,55,0,25,48,0
296964.0,55,0,33,40,0
297005.0,55,0,33,40,0
297005.0,55,0,41,32,0
297063.0,55,0,41,32,0
297063.0,55,0,73,0,0
297112.0,55,0,73,0,0
297247.0,59,0,69,0,0
297505.0,59,0,69,0,0
297567.0,63,0,65,0,0
297680.0,71,0,57,0,0
297680.0,7,64,57,0,0
297772.0,8,64,56,0,0
298073.0,9,64,55,0,0
298131.0,9,64,55,0,0
298142.0,10,64,54,0,0
298176.0,10,64,54,0,0
298176.0,9,65,54,0,0
298186.0,11,65,52,0,0
298320.0,11,65,52,0,0
298320.0,3,73,52,0,0
298490.0,3,73,52,0,0
298603.0,7,73,48,0,0
298627.0,7,73,48,0,0
298649.0,7,73,48,0,0
298762.0,7,73,48,0,0
298764.0,15,73,40,0,0
298805.0,23,73,32,0,0
298863.0,55,73,0,0,0
299106.0,55,73,0,0,0
300380.0,55,9,0,0,64
300852.0,55,9,0,64,0
300852.0,55,9,0,0,64
300876.0,55,8,0,0,65
300924.0,55,8,0,32,33
300924.0,55,8,0,16,49
300940.0,55,8,0,17,48
301020.0,55,0,0,17,56
301143.0,55,0,0,25,48
301224.0,55,0,0,25,48
301224.0,55,0,16,9,48
301224.0,0,55,16,9,48
301225.0,0,55,16,41,16
301225.0,0,55,16,9,48
301230.0,0,55,16,41,16
301240.0,0,55,16,41,16
301530.0,0,55,16,41,16
301530.0,0,55,48,9,16
301784.0,0,55,48,25,0
302084.0,0,55,48,25,0
302084.0,0,55,64,9,0
303024.0,16,55,48,9,0
303302.0,16,55,48,9,0
303330.0,48,55,16,9,0
303397.0,48,55,16,9,0
303884.0,64,55,0,9,0
303924.0,64,0,0,0,64
303976.0,64,0,0,32,32
304205.0,64,0,0,64,0
304205.0,0,64,0,64,0
304276.0,0,64,0,64,0
304596.0,0,64,0,64,0
304653.0,0,64,0,64,0
304822.0,0,64,0,64,0
304857.0,0,64,0,64,0
305026.0,0,64,0,64,0
305178.0,0,64,0,64,0
305442.0,0,64,0,64,0
306437.0,0,64,0,64,0
306649.0,0,64,0,64,0
306808.0,0,64,0,64,0
306905.0,0,0,0,0,128
307013.0,0,0,0,0,128
307648.0,0,0,0,128,0
307648.0,0,0,0,0,128
308148.0,0,0,0,128,0
308148.0,0,0,0,64,64
308148.0,0,0,0,53,75
308158.0,0,0,0,54,74
308176.0,0,0,0,55,73
308236.0,0,0,0,57,71
308238.0,0,0,0,58,70
308243.0,0,0,0,59,69
308244.0,0,0,0,60,68
308246.0,0,0,0,61,67
308247.0,0,0,0,62,66
308255.0,0,0,0,63,65
308260.0,0,0,0,64,64
308448.0,0,0,0,64,64
308448.0,0,0,53,11,64
308458.0,0,0,53,11,64
308458.0,0,0,54,10,64
308476.0,0,0,54,10,64
308476.0,0,0,55,9,64
308536.0,0,0,55,9,64
308536.0,0,0,57,7,64
308538.0,0,0,57,7,64
308538.0,0,0,58,6,64
308543.0,0,0,58,6,64
308543.0,0,0,59,5,64
308544.0,0,0,59,5,64
308544.0,0,0,60,4,64
308546.0,0,0,60,4,64
308546.0,0,0,61,3,64
308547.0,0,0,61,3,64
308547.0,0,0,62,2,64
308555.0,0,0,62,2,64
308555.0,0,0,63,1,64
308560.0,0,0,63,1,64
308560.0,0,0,64,0,64
310240.0,0,0,64,0,64
310248.0,53,0,11,0,64
310248.0,52,1,11,0,64
310258.0,53,1,10,0,64
310276.0,54,1,9,0,64
310336.0,56,1,7,0,64
310338.0,57,1,6,0,64
310343.0,58,1,5,0,64
310344.0,59,1,4,0,64
310346.0,60,1,3,0,64
310347.0,61,1,2,0,64
310355.0,62,1,1,0,64
310360.0,63,1,0,0,64
310504.0,63,1,0,0,64
310504.0,62,2,0,0,64
310785.0,62,2,0,0,64
310785.0,61,3,0,0,64
311000.0,61,3,0,0,64
311000.0,60,4,0,0,64
312948.0,60,3,0,0,65
313183.0,60,3,0,1,64
313204.0,60,2,0,1,65
313452.0,60,2,0,2,64
313483.0,60,2,0,2,64
313483.0,60,2,1,1,64
313485.0,60,1,1,1,65
313566.0,60,1,1,2,64
313700.0,60,0,1,2,65
313752.0,60,0,1,2,65
313752.0,60,0,2,1,65
313821.0,60,0,2,2,64
313866.0,60,0,2,2,64
313866.0,60,0,3,1,64
314076.0,60,0,3,1,64
314076.0,59,1,3,1,64
314121.0,59,1,3,1,64
314121.0,59,1,4,0,64
314333.0,59,1,4,64,0
314633.0,59,1,4,64,0
314633.0,59,1,68,0,0
315283.0,60,1,67,0,0
315552.0,61,1,66,0,0
315666.0,62,1,65,0,0
315921.0,63,1,64,0,0
316433.0,127,1,0,0,0
316776.0,127,0,0,0,1
316888.0,127,0,0,1,0
316888.0,0,127,0,1,0
319096.0,0,127,0,1,0
319266.0,0,127,0,1,0
319490.0,0,127,0,1,0
319526.0,0,127,0,1,0
319588.0,0,0,0,0,128
319679.0,0,0,0,128,0
319679.0,0,0,0,60,68
319706.0,0,0,0,61,67
319763.0,0,0,0,62,66
319776.0,0,0,0,63,65
319784.0,0,0,0,64,64
319979.0,0,0,0,64,64
319979.0,0,0,60,4,64
320006.0,0,0,60,4,64
320006.0,0,0,61,3,64
320063.0,0,0,61,3,64
320063.0,0,0,62,2,64
320076.0,0,0,62,2,64
320076.0,0,0,63,1,64
320084.0,0,0,63,1,64
320084.0,0,0,64,0,64
321523.0,0,0,64,0,64
321779.0,60,0,4,0,64
321779.0,59,1,4,0,64
321806.0,60,1,3,0,64
321820.0,60,1,3,0,64
321820.0,59,2,3,0,64
321863.0,60,2,2,0,64
321876.0,61,2,1,0,64
321884.0,62,2,0,0,64
322246.0,62,2,0,0,64
322246.0,61,3,0,0,64
322449.0,61,3,0,0,64
322449.0,60,4,0,0,64
322628.0,60,4,0,0,64
322628.0,59,5,0,0,64
322817.0,59,5,0,0,64
322817.0,58,6,0,0,64
323017.0,58,6,0,0,64
323017.0,57,7,0,0,64
323236.0,57,7,0,0,64
323236.0,56,8,0,0,64
324479.0,56,7,0,0,65
324520.0,56,6,0,0,66
324524.0,56,6,0,0,66
324524.0,55,7,0,0,66
324618.0,55,7,0,1,65
324628.0,55,7,0,2,64
324685.0,55,7,0,2,64
324918.0,55,7,0,2,64
324918.0,55,7,1,1,64
324928.0,55,7,1,1,64
324928.0,55,7,2,0,64
324946.0,55,6,2,0,65
325063.0,55,6,2,1,64
325149.0,55,5,2,1,65
325259.0,55,5,2,2,64
325328.0,55,4,2,2,65
325363.0,55,4,2,2,65
325363.0,55,4,3,1,65
325429.0,55,4,3,2,64
325517.0,55,3,3,2,65
325559.0,55,3,3,2,65
325559.0,55,3,4,1,65
325620.0,55,3,4,2,64
325717.0,55,2,4,2,65
325729.0,55,2,4,2,65
325729.0,55,2,5,1,65
325813.0,55,2,5,2,64
325894.0,55,2,5,2,64
325915.0,55,2,5,2,64
325915.0,53,4,5,2,64
325920.0,53,4,5,2,64
325920.0,53,4,6,1,64
325936.0,53,3,6,1,65
326054.0,53,3,6,2,64
326113.0,53,3,6,2,64
326113.0,53,3,7,1,64
326279.0,53,3,7,1,64
326354.0,53,3,7,1,64
326354.0,53,3,8,0,64
326599.0,53,3,8,0,64
326599.0,37,19,8,0,64
326658.0,37,19,8,0,64
326718.0,38,19,7,0,64
326728.0,39,19,6,0,64
326988.0,39,19,6,0,64
326988.0,30,28,6,0,64
327007.0,30,28,6,0,64
327163.0,31,28,5,0,64
327224.0,31,27,5,0,65
327324.0,31,27,5,1,64
327355.0,31,27,5,1,64
327355.0,30,28,5,1,64
327359.0,31,28,4,1,64
327409.0,31,28,4,1,64
327409.0,30,29,4,1,64
327437.0,30,29,4,1,64
327437.0,29,30,4,1,64
327512.0,29,30,4,1,64
327529.0,30,30,3,1,64
327624.0,30,30,3,1,64
327624.0,30,30,4,0,64
327720.0,31,30,3,0,64
327913.0,32,30,2,0,64
328154.0,33,30,1,0,64
328184.0,33,30,1,0,64
328615.0,33,28,1,0,66
328622.0,33,28,1,1,65
328922.0,33,28,1,1,65
328922.0,33,28,2,0,65
329076.0,33,28,2,0,65
329299.0,33,12,2,0,81
329314.0,33,12,2,8,73
329321.0,33,12,2,16,65
329424.0,34,12,1,16,65
329614.0,34,12,1,16,65
329614.0,34,12,9,8,65
329621.0,34,12,9,8,65
329621.0,34,12,17,0,65
329688.0,34,3,17,0,74
329696.0,34,3,17,1,73
329699.0,34,3,17,9,65
329716.0,34,3,17,10,64
329996.0,34,3,17,10,64
329996.0,34,3,18,9,64
329999.0,34,3,18,9,64
329999.0,34,3,26,1,64
330016.0,34,3,26,1,64
330016.0,34,3,27,0,64
330055.0,34,2,27,0,65
330059.0,34,2,27,1,64
330109.0,34,1,27,1,65
330115.0,34,1,27,2,64
330137.0,34,0,27,2,65
330150.0,34,0,27,3,64
330359.0,34,0,27,3,64
330359.0,34,0,28,2,64
330415.0,34,0,28,2,64
330415.0,34,0,29,1,64
330450.0,34,0,29,1,64
330450.0,34,0,30,0,64
330604.0,34,0,30,64,0
330604.0,34,0,30,32,32
330722.0,35,0,29,32,32
330904.0,35,0,29,32,32
330904.0,35,0,61,0,32
331014.0,35,0,61,0,32
331014.0,34,1,61,0,32
331068.0,34,1,61,0,32
331068.0,33,2,61,0,32
331414.0,41,2,53,0,32
331421.0,49,2,45,0,32
331435.0,49,2,45,0,32
331435.0,48,3,45,0,32
331521.0,48,3,45,0,32
331521.0,47,4,45,0,32
331551.0,47,4,45,0,32
331551.0,46,5,45,0,32
331623.0,46,5,45,0,32
331623.0,45,6,45,0,32
331796.0,46,6,44,0,32
331799.0,54,6,36,0,32
331809.0,54,6,36,0,32
331809.0,53,7,36,0,32
331816.0,54,7,35,0,32
332041.0,54,7,35,0,32
332041.0,53,8,35,0,32
332159.0,54,8,34,0,32
332215.0,55,8,33,0,32
332250.0,56,8,32,0,32
332299.0,56,8,32,0,32
332299.0,55,9,32,0,32
332543.0,55,9,32,0,32
332680.0,55,9,32,0,32
332704.0,87,9,0,0,32
332799.0,87,9,0,0,32
333056.0,87,9,0,0,32
333125.0,87,9,0,0,32
333217.0,87,9,0,0,32
333334.0,87,9,0,0,32
333380.0,87,9,0,0,32
333457.0,87,9,0,0,32
333469.0,87,9,0,0,32
333474.0,87,9,0,0,32
333714.0,87,8,0,0,33
333719.0,87,8,0,1,32
333719.0,87,8,0,0,33
333768.0,87,7,0,1,33
333768.0,87,7,0,0,34
333773.0,87,7,0,1,33
333773.0,87,7,0,0,34
333780.0,87,7,0,1,33
333780.0,87,7,0,0,34
333849.0,87,7,0,1,33
333896.0,87,7,0,1,33
333896.0,87,7,0,0,34
333909.0,87,7,0,1,33
333953.0,87,7,0,2,32
333961.0,87,7,0,2,32
333961.0,87,7,0,1,33
333973.0,87,7,0,2,32
334105.0,87,7,0,2,32
334130.0,87,7,0,2,32
334130.0,87,7,0,1,33
334135.0,87,6,0,1,34
334143.0,87,6,0,1,34
334146.0,87,6,0,2,33
334149.0,87,6,0,3,32
334203.0,87,6,0,3,32
334209.0,87,6,0,3,32
334221.0,87,5,0,3,33
334226.0,87,5,0,4,32
334226.0,87,5,0,0,36
334251.0,87,4,0,0,37
334253.0,87,4,0,0,37
334266.0,87,4,0,0,37
334267.0,87,4,0,1,36
334267.0,87,4,0,0,37
334270.0,87,4,0,0,37
334281.0,87,4,0,1,36
334323.0,87,3,0,1,37
334325.0,87,3,0,33,5
334325.0,87,3,0,1,37
334327.0,87,3,0,2,36
334378.0,87,3,0,2,36
334411.0,87,3,0,6,32
334411.0,87,3,0,2,36
334471.0,87,3,0,2,36
334471.0,87,3,0,1,37
334484.0,87,3,0,2,36
334509.0,87,2,0,2,37
334528.0,87,2,0,3,36
334545.0,87,2,0,7,32
334545.0,87,2,0,3,36
334581.0,87,2,0,3,36
334599.0,87,2,0,7,32
334612.0,87,2,0,7,32
334625.0,87,2,0,7,32
334625.0,87,2,1,6,32
334625.0,15,74,1,6,32
334657.0,15,74,1,6,32
334672.0,15,74,1,6,32
334672.0,14,75,1,6,32
334714.0,14,75,1,6,32
334741.0,14,74,1,6,33
334746.0,14,74,1,7,32
334774.0,14,74,1,7,32
334774.0,13,75,1,7,32
334784.0,13,75,1,7,32
334784.0,13,75,2,6,32
334817.0,13,75,2,6,32
334817.0,9,79,2,6,32
334828.0,9,79,2,6,32
334828.0,9,79,3,5,32
334889.0,9,79,3,5,32
334899.0,9,79,3,5,32
334899.0,9,79,7,1,32
334958.0,9,79,7,1,32
334999.0,9,78,7,1,33
335007.0,9,78,7,2,32
335046.0,9,78,7,2,32
335046.0,9,78,8,1,32
335219.0,9,78,8,1,32
335219.0,5,82,8,1,32
335228.0,5,82,8,33,0
335228.0,5,82,8,1,32
335231.0,5,82,8,1,32
335307.0,5,82,8,1,32
335400.0,5,82,8,1,32
335400.0,4,83,8,1,32
335504.0,4,83,8,1,32
335504.0,0,87,8,1,32
335528.0,0,87,8,1,32
335528.0,0,87,9,0,32
335540.0,0,87,9,0,32
335690.0,0,87,9,0,32
335717.0,0,87,9,0,32
335836.0,0,87,9,0,32
335899.0,0,87,9,0,32
335915.0,0,87,9,0,32
335948.0,0,87,9,0,32
336089.0,0,87,9,0,32
336153.0,0,87,9,0,32
336236.0,0,87,9,0,32
336425.0,1,87,8,0,32
336425.0,0,88,8,0,32
336572.0,0,88,8,0,32
336584.0,1,88,7,0,32
336584.0,0,89,7,0,32
336628.0,1,89,6,0,32
336628.0,0,90,6,0,32
336689.0,0,90,6,0,32
336699.0,4,90,2,0,32
336699.0,0,94,2,0,32
336846.0,1,94,1,0,32
336846.0,0,95,1,0,32
336917.0,0,95,1,0,32
336943.0,0,95,1,0,32
336960.0,0,95,1,0,32
337017.0,0,95,1,0,32
337325.0,0,23,1,0,104
337328.0,1,23,0,0,104
337339.0,1,23,0,0,104
337347.0,1,23,0,32,72
337347.0,1,23,0,0,104
337356.0,1,23,0,32,72
337356.0,1,23,0,0,104
337372.0,1,22,0,0,105
337382.0,1,22,0,32,73
337382.0,1,22,0,0,105
337398.0,1,22,0,1,104
337398.0,1,22,0,0,105
337408.0,1,22,0,32,73
337408.0,1,22,0,0,105
337420.0,1,22,0,1,104
337434.0,1,22,0,33,72
337434.0,1,22,0,1,104
337474.0,1,21,0,1,105
337479.0,1,21,0,2,104
337517.0,1,17,0,2,108
337519.0,1,17,0,2,108
337536.0,1,17,0,2,108
337567.0,1,17,0,6,104
337567.0,1,17,0,2,108
337569.0,1,17,0,2,108
337569.0,1,17,0,1,109
337574.0,1,17,0,9,101
337574.0,1,17,0,1,109
337585.0,1,17,0,2,108
337594.0,1,17,0,6,104
337594.0,1,17,0,2,108
337621.0,1,17,0,2,108
337643.0,1,17,0,34,76
337643.0,1,17,0,2,108
337656.0,1,17,0,34,76
337656.0,1,17,0,2,108
337678.0,1,17,0,34,76
337678.0,1,17,0,2,108
337685.0,1,17,0,34,76
337685.0,1,17,0,10,100
337720.0,1,17,0,10,100
337727.0,1,17,0,14,96
337733.0,1,17,0,18,92
337734.0,1,17,0,22,88
337738.0,1,17,0,26,84
337746.0,1,17,0,30,80
337781.0,1,17,0,34,76
337781.0,1,17,0,2,108
337811.0,1,17,0,6,104
337867.0,1,17,0,6,104
337867.0,1,17,1,5,104
337872.0,1,17,1,5,104
337872.0,0,18,1,5,104
337885.0,0,18,1,5,104
337885.0,0,18,2,4,104
337919.0,0,14,2,4,108
337966.0,0,14,2,8,104
338000.0,0,14,2,8,104
338000.0,0,14,2,7,105
338038.0,0,14,2,7,105
338038.0,0,14,2,6,106
338070.0,0,14,2,7,105
338100.0,0,13,2,7,106
338111.0,0,13,2,7,106
338115.0,0,13,2,8,105
338204.0,0,9,2,8,109
338206.0,0,9,2,16,101
338250.0,0,9,2,20,97
338266.0,0,9,2,20,97
338266.0,0,9,5,17,97
338341.0,0,9,5,49,65
338370.0,0,9,5,49,65
338370.0,0,9,6,48,65
338415.0,0,9,6,48,65
338415.0,0,9,7,47,65
338506.0,0,9,7,47,65
338506.0,0,9,15,39,65
338550.0,0,9,15,39,65
338550.0,0,9,19,35,65
338641.0,0,9,19,35,65
338641.0,0,9,51,3,65
338809.0,0,9,51,3,65
338877.0,0,9,51,3,65
338945.0,0,9,51,3,65
338956.0,0,9,51,35,33
338956.0,0,9,51,19,49
338958.0,0,9,51,19,49
338958.0,0,9,51,3,65
339015.0,0,9,51,19,49
339030.0,0,9,51,35,33
339125.0,0,8,51,35,34
339137.0,0,8,51,36,33
339179.0,0,8,51,36,33
339179.0,0,8,51,35,34
339207.0,0,8,51,36,33
339255.0,0,8,51,37,32
339256.0,0,8,51,37,32
339284.0,0,7,51,37,33
339289.0,0,7,51,38,32
339315.0,0,7,51,38,32
339315.0,0,7,67,22,32
339328.0,0,6,67,22,33
339330.0,0,6,67,22,33
339330.0,0,6,82,7,33
339339.0,0,6,82,8,32
339389.0,0,6,82,8,32
339397.0,0,6,82,8,32
339399.0,0,2,82,8,36
339437.0,0,2,82,8,36
339437.0,0,2,83,7,36
339445.0,0,2,83,11,32
339507.0,0,2,83,11,32
339507.0,0,2,84,10,32
339508.0,0,2,84,10,32
339546.0,0,1,84,10,33
339555.0,0,1,84,11,32
339555.0,0,1,85,10,32
339589.0,0,1,85,10,32
339589.0,0,1,86,9,32
339600.0,0,1,86,9,32
339600.0,0,1,86,8,33
339620.0,0,1,86,9,32
339639.0,0,1,86,9,32
339639.0,0,1,87,8,32
339652.0,0,1,87,8,32
339667.0,1,1,86,8,32
339685.0,2,1,85,8,32
339745.0,2,1,85,8,32
339745.0,2,1,88,5,32
339803.0,2,1,88,5,32
339855.0,2,1,88,5,32
339855.0,2,1,89,4,32
339863.0,2,1,89,4,32
339899.0,2,1,89,4,32
339920.0,2,1,89,4,32
339920.0,2,1,90,3,32
340066.0,5,1,87,3,32
340170.0,6,1,86,3,32
340191.0,6,1,86,3,32
340215.0,7,1,85,3,32
340306.0,15,1,77,3,32
340339.0,15,1,77,3,32
340339.0,14,2,77,3,32
340350.0,18,2,73,3,32
340350.0,2,18,73,3,32
340372.0,2,18,73,3,32
340372.0,1,19,73,3,32
340410.0,1,19,73,35,0
340410.0,0,20,73,35,0
340441.0,32,20,41,35,0
340441.0,0,52,41,35,0
340448.0,0,52,41,35,0
340512.0,0,52,41,35,0
340572.0,0,51,41,32,4
340710.0,0,51,41,32,4
340710.0,0,51,42,31,4
340718.0,0,51,42,35,0
341018.0,0,51,42,35,0
341018.0,0,51,46,31,0
341115.0,16,51,30,31,0
341115.0,0,67,30,31,0
341130.0,15,67,15,31,0
341235.0,15,67,15,31,0
341237.0,16,67,14,31,0
341237.0,0,83,14,31,0
341302.0,0,83,14,31,0
341307.0,1,83,13,31,0
341307.0,0,84,13,31,0
341328.0,0,84,13,31,0
341355.0,1,84,12,31,0
341355.0,0,85,12,31,0
341382.0,0,85,12,31,0
341389.0,1,85,11,31,0
341439.0,2,85,10,31,0
341545.0,5,85,7,31,0
341655.0,6,85,6,31,0
341720.0,7,85,5,31,0
341935.0,7,85,5,31,0
342105.0,7,85,5,31,0
342105.0,6,86,5,31,0
342170.0,6,86,5,31,0
342178.0,6,86,5,31,0
342178.0,5,87,5,31,0
342180.0,5,87,5,31,0
342180.0,4,88,5,31,0
342231.0,4,88,5,31,0
342231.0,3,89,5,31,0
342243.0,3,89,5,31,0
342295.0,3,89,5,31,0
342375.0,3,89,5,31,0
342375.0,2,90,5,31,0
342440.0,2,90,5,31,0
342440.0,1,91,5,31,0
342449.0,1,91,5,31,0
342449.0,0,92,5,31,0
342471.0,0,92,5,31,0
342494.0,0,92,5,31,0
342498.0,0,92,5,31,0
342510.0,1,92,4,31,0
342510.0,0,93,4,31,0
342781.0,0,93,4,31,0
342818.0,4,93,0,31,0
342898.0,4,93,0,31,0
343039.0,4,92,0,31,1
343050.0,4,76,0,31,17
343056.0,4,76,0,32,16
343056.0,4,76,0,31,17
343072.0,4,75,0,31,18
343083.0,4,75,0,32,17
343083.0,4,75,0,31,18
343110.0,4,74,0,0,50
343116.0,4,74,0,1,49
343131.0,4,74,0,2,48
343131.0,4,74,0,0,50
343133.0,4,74,0,0,50
343141.0,4,42,0,0,82
343179.0,4,42,0,32,50
343179.0,4,42,0,0,82
343190.0,4,42,0,0,82
343213.0,4,42,0,0,82
343235.0,4,42,0,0,82
343277.0,4,42,0,16,66
343277.0,4,42,0,0,82
343309.0,4,42,0,0,82
343310.0,4,42,0,32,50
343310.0,4,42,0,0,82
343317.0,4,42,0,2,80
343317.0,4,42,0,0,82
343332.0,4,42,0,0,82
343336.0,4,42,0,1,81
343351.0,4,42,0,17,65
343351.0,4,42,0,1,81
343357.0,4,42,0,2,80
343357.0,4,42,0,0,82
343399.0,4,42,0,16,66
343399.0,4,42,0,0,82
343416.0,4,42,0,0,82
343431.0,4,42,0,0,82
343452.0,4,42,0,16,66
343452.0,4,42,0,5,77
343481.0,4,42,0,7,75
343486.0,4,42,0,9,73
343492.0,4,42,0,9,73
343492.0,4,42,0,8,74
343496.0,4,42,0,9,73
343500.0,4,42,0,9,73
343500.0,4,42,0,7,75
343517.0,4,42,0,9,73
343519.0,4,42,0,10,72
343522.0,4,42,0,10,72
343522.0,4,42,0,6,76
343545.0,4,42,0,6,76
343545.0,4,42,0,4,78
343596.0,4,42,0,8,74
343617.0,4,42,0,40,42
343617.0,4,42,0,8,74
343636.0,4,42,0,8,74
343655.0,4,42,0,12,70
343658.0,4,42,0,14,68
343665.0,4,42,0,18,64
343677.0,4,42,0,18,64
343752.0,4,42,0,18,64
343752.0,4,42,3,15,64
343781.0,4,42,3,15,64
343781.0,4,42,4,14,64
343806.0,4,42,4,14,64
343815.0,4,26,4,14,80
343828.0,4,26,4,14,80
343828.0,3,27,4,14,80
343896.0,3,27,4,14,80
343896.0,3,27,5,13,80
343917.0,3,27,5,13,80
343917.0,3,27,8,10,80
343937.0,3,11,8,10,96
343941.0,3,11,8,10,96
343941.0,1,13,8,10,96
343955.0,1,13,8,10,96
343955.0,0,14,12,6,96
343957.0,0,14,12,6,96
343957.0,0,14,12,5,97
343958.0,0,14,12,5,97
343958.0,0,14,14,3,97
343965.0,0,14,14,3,97
343965.0,0,14,17,0,97
343997.0,0,14,17,1,96
344007.0,0,13,17,1,97
344019.0,0,13,17,17,81
344023.0,0,13,17,18,80
344043.0,0,13,17,34,64
344043.0,0,13,17,2,96
344055.0,0,12,17,2,97
344065.0,0,12,17,3,96
344087.0,0,12,17,3,96
344098.0,0,12,17,35,64
344098.0,0,12,17,3,96
344116.0,0,12,17,3,96
344116.0,0,12,17,1,98
344127.0,0,12,17,1,98
344256.0,0,12,17,1,98
344297.0,0,12,17,1,98
344297.0,0,12,18,0,98
344317.0,0,12,18,0,98
344408.0,0,12,18,32,66
344408.0,0,12,18,0,98
344549.0,0,12,18,2,96
344549.0,0,12,18,0,98
344574.0,0,12,18,2,96
344574.0,0,12,18,1,97
344614.0,0,12,18,2,96
344733.0,0,12,18,2,96
344756.0,0,12,18,2,96
344756.0,0,12,18,0,98
344805.0,0,11,18,0,99
344840.0,0,11,18,0,99
344845.0,0,11,18,1,98
344874.0,0,11,18,1,98
344878.0,0,10,18,1,99
344880.0,0,9,18,1,100
344886.0,0,9,18,1,100
344886.0,0,9,18,0,101
344890.0,0,9,18,0,101
344893.0,0,9,18,1,100
344893.0,0,9,18,0,101
344903.0,0,9,18,1,100
344911.0,0,9,18,2,99
344911.0,0,9,18,0,101
344918.0,0,9,18,1,100
344931.0,0,8,18,1,101
344949.0,0,8,18,3,99
344992.0,0,8,18,35,67
344992.0,0,8,18,3,99
344996.0,0,8,18,3,99
344996.0,0,8,18,1,101
345002.0,0,8,18,33,69
345002.0,0,8,18,25,77
345026.0,0,8,18,27,75
345075.0,0,7,18,27,76
345091.0,0,7,18,28,75
345095.0,0,7,18,28,75
345095.0,0,7,18,26,77
345097.0,0,7,18,26,77
345097.0,0,7,18,25,78
345119.0,0,7,18,27,76
345120.0,0,7,18,28,75
345128.0,0,7,18,29,74
345130.0,0,7,18,31,72
345132.0,0,7,18,31,72
345132.0,0,7,18,27,76
345138.0,0,7,18,31,72
345140.0,0,6,18,31,73
345145.0,0,6,18,31,73
345149.0,0,5,18,31,74
345156.0,0,5,18,32,73
345156.0,0,5,18,0,105
345157.0,0,5,18,0,105
345164.0,0,5,18,1,104
345203.0,0,5,18,1,104
345210.0,0,4,18,1,105
345218.0,0,4,18,1,105
345227.0,0,4,18,2,104
345227.0,0,4,18,0,106
345255.0,0,4,18,4,102
345292.0,0,4,18,4,102
345310.0,0,4,18,4,102
345310.0,0,4,18,0,106
345325.0,0,4,18,2,104
345332.0,0,4,18,2,104
345332.0,0,4,18,0,106
345334.0,0,4,18,32,74
345443.0,0,4,18,32,74
345443.0,0,4,18,30,76
345462.0,0,4,18,34,72
345464.0,0,4,18,34,72
345487.0,0,4,18,36,70
345507.0,0,4,18,40,66
345549.0,0,4,18,40,66
345549.0,0,4,18,38,68
345552.0,3,4,15,38,68
345555.0,3,4,15,38,68
345581.0,4,4,14,38,68
345594.0,4,4,14,40,66
345595.0,4,4,14,40,66
345595.0,4,4,14,8,98
345625.0,4,4,14,8,98
345634.0,4,4,14,8,98
345634.0,4,4,16,6,98
345696.0,5,4,15,6,98
345717.0,8,4,12,6,98
345755.0,12,4,8,6,98
345758.0,14,4,6,6,98
345762.0,14,4,6,6,98
345762.0,14,4,10,2,98
345765.0,17,4,7,2,98
345807.0,17,4,7,2,98
345807.0,17,4,9,0,98
345866.0,17,4,9,0,98
345866.0,15,6,9,0,98
345908.0,15,6,9,32,66
345920.0,15,6,9,32,66
345920.0,13,8,9,32,66
345981.0,13,8,9,32,66
345981.0,11,10,9,32,66
346097.0,12,10,8,32,66
346147.0,12,10,8,32,66
346147.0,10,12,8,32,66
346191.0,10,12,8,32,66
346191.0,8,14,8,32,66
346208.0,8,14,8,32,66
346208.0,8,14,40,0,66
346263.0,8,14,40,0,66
346263.0,6,16,40,0,66
346329.0,6,16,40,0,66
346329.0,4,18,40,0,66
346337.0,4,18,40,0,66
346447.0,4,18,40,0,66
346447.0,2,20,40,0,66
346453.0,2,20,40,0,66
346453.0,1,21,40,0,66
346528.0,1,20,40,0,67
346574.0,1,20,40,1,66
346611.0,1,20,40,1,66
346611.0,0,21,40,1,66
346641.0,0,19,40,1,68
346655.0,0,18,40,1,69
346688.0,0,18,40,3,67
346710.0,0,18,40,4,66
346753.0,0,18,40,4,66
346753.0,0,18,40,2,68
346778.0,0,18,40,34,36
346778.0,0,18,40,2,68
346858.0,0,18,40,2,68
346863.0,0,18,40,4,66
346874.0,0,18,40,4,66
346892.0,0,18,40,36,34
346892.0,0,18,40,4,66
346957.0,0,18,40,4,66
346957.0,0,18,40,3,67
346977.0,0,18,40,4,66
346984.0,0,18,40,4,66
346984.0,0,18,40,2,68
346988.0,0,18,40,2,68
346997.0,0,18,40,34,36
346997.0,0,18,40,2,68
347010.0,0,18,40,2,68
347010.0,0,18,41,1,68
347081.0,0,18,41,3,66
347094.0,0,18,41,35,34
347226.0,0,18,41,35,34
347226.0,0,18,41,33,36
347329.0,0,18,41,35,34
347381.0,0,18,41,35,34
347381.0,0,18,43,33,34
347394.0,0,18,43,33,34
347394.0,0,18,73,3,34
347396.0,0,18,73,35,2
347409.0,0,18,73,35,2
347409.0,0,18,73,3,34
347434.0,2,18,71,3,34
347480.0,2,18,71,3,34
347541.0,2,18,71,3,34
347541.0,1,19,71,3,34
347562.0,5,19,67,3,34
347604.0,5,19,67,35,2
347604.0,0,24,67,35,2
347607.0,2,24,65,35,2
347610.0,2,24,65,35,2
347629.0,2,24,65,35,2
347696.0,2,24,65,35,2
347696.0,2,24,67,33,2
347759.0,2,24,67,33,2
347848.0,2,24,67,33,2
347897.0,2,24,67,33,2
347897.0,1,25,67,33,2
347904.0,1,25,67,33,2
347904.0,1,25,72,28,2
347931.0,1,25,72,30,0
347941.0,1,25,72,30,0
348008.0,33,25,40,30,0
348008.0,1,57,40,30,0
348098.0,1,57,40,30,0
348098.0,0,58,40,30,0
348231.0,0,58,40,30,0
348231.0,0,58,42,28,0
348566.0,0,56,42,28,2
348600.0,0,56,42,30,0
348620.0,0,54,42,30,2
348638.0,0,54,42,32,0
348638.0,0,54,42,28,4
348670.0,0,54,42,32,0
348681.0,0,52,42,32,2
348718.0,0,52,42,34,0
348810.0,1,52,41,34,0
348847.0,1,50,41,34,2
348850.0,1,50,41,34,2
348850.0,0,51,41,34,2
348864.0,0,51,41,36,0
348871.0,0,51,41,36,0
348871.0,0,51,41,34,2
348891.0,0,49,41,34,4
348900.0,0,49,41,34,4
348911.0,0,49,41,36,2
348963.0,0,47,41,36,4
348970.0,0,47,41,36,4
348986.0,0,47,41,38,2
349018.0,0,47,41,38,2
349018.0,0,47,43,36,2
349029.0,0,45,43,36,4
349130.0,0,45,43,38,2
349147.0,0,43,43,38,4
349153.0,0,42,43,38,5
349164.0,0,42,43,38,5
349164.0,0,42,44,37,5
349172.0,0,42,44,38,4
349181.0,2,42,42,38,4
349181.0,0,44,42,38,4
349194.0,30,44,12,38,4
349203.0,30,44,12,38,4
349211.0,30,44,12,38,4
349250.0,30,44,12,40,2
349250.0,0,74,12,40,2
349309.0,0,74,12,40,2
349309.0,0,74,12,39,3
349311.0,0,73,12,38,5
349327.0,0,73,12,39,4
349417.0,0,73,12,41,2
349472.0,0,73,12,41,2
349496.0,2,73,10,41,2
349530.0,2,73,10,41,2
349627.0,2,73,10,41,2
349627.0,2,73,11,40,2
349632.0,2,73,11,40,2
349632.0,1,74,11,40,2
349704.0,6,74,6,40,2
349717.0,6,74,6,40,2
349717.0,6,74,8,38,2
350031.0,8,74,6,38,2
350129.0,8,74,6,38,2
350241.0,8,73,6,38,3
350243.0,8,73,6,38,3
350243.0,7,74,6,38,3
350275.0,7,74,6,39,2
350304.0,7,69,6,12,34
350541.0,7,69,6,12,34
350541.0,6,70,6,12,34
350575.0,6,70,6,12,34
350575.0,6,70,7,11,34
350579.0,6,70,7,11,34
350585.0,6,70,7,11,34
350585.0,5,71,7,11,34
350597.0,5,70,7,11,35
350628.0,5,70,7,12,34
350708.0,5,38,7,12,66
350798.0,5,37,7,12,67
350818.0,7,37,5,13,66
350918.0,7,37,5,45,34
350918.0,0,44,5,45,34
350928.0,0,44,5,45,34
350928.0,0,44,6,44,34
350937.0,0,44,6,76,2
350937.0,0,44,6,44,34
350964.0,1,44,5,44,34
351049.0,1,44,5,76,2
351049.0,0,45,5,76,2
351118.0,0,45,5,76,2
351118.0,0,45,6,75,2
351171.0,0,45,6,75,2
351171.0,0,45,6,74,3
351196.0,0,45,6,75,2
351197.0,0,45,6,77,0
351198.0,0,45,6,77,0
351198.0,0,45,6,73,4
351222.0,0,45,6,73,4
351222.0,0,45,6,71,6
351237.0,0,45,6,71,6
351237.0,0,45,13,64,6
351349.0,0,45,13,64,6
351349.0,0,45,24,53,6
351367.0,0,45,24,57,2
351386.0,0,45,24,57,2
351386.0,0,45,24,56,3
351396.0,0,45,24,56,3
351427.0,1,45,23,57,2
351497.0,1,45,23,57,2
351497.0,1,45,25,55,2
351517.0,3,45,23,55,2
351550.0,3,44,23,52,6
351592.0,3,44,23,52,6
351592.0,2,45,23,52,6
351616.0,2,45,23,54,4
351617.0,2,45,23,54,4
351617.0,0,47,23,54,4
351640.0,0,47,23,54,4
351640.0,0,47,23,52,6
351667.0,0,47,23,52,6
351714.0,0,47,23,56,2
351854.0,0,47,23,58,0
351856.0,0,47,23,58,0
351856.0,0,47,23,54,4
351881.0,0,45,23,48,12
351882.0,0,45,23,48,12
351882.0,0,45,23,46,14
351916.0,0,45,23,46,14
351919.0,0,45,23,46,14
351950.0,0,15,23,44,46
351971.0,0,15,23,44,46
351971.0,0,15,23,43,47
352005.0,0,15,23,44,46
352014.0,0,15,23,44,46
352014.0,0,15,24,43,46
352028.0,0,15,24,51,38
352035.0,0,15,24,51,38
352035.0,0,15,24,50,39
352053.0,0,15,24,82,7
352053.0,0,15,24,66,23
352068.0,0,15,24,67,22
352084.0,0,15,24,71,18
352112.0,0,15,24,87,2
352112.0,0,15,24,55,34
352114.0,0,15,24,55,34
352114.0,0,15,24,54,35
352115.0,0,15,24,54,35
352115.0,0,15,24,53,36
352156.0,0,15,24,54,35
352182.0,0,15,24,55,34
352261.0,0,15,24,55,34
352261.0,0,15,24,54,35
352283.0,0,15,24,55,34
352285.0,0,15,24,57,32
352286.0,0,15,24,57,32
352286.0,0,15,24,53,36
352305.0,0,15,24,53,36
352305.0,0,15,25,52,36
352307.0,0,15,25,52,36
352322.0,0,15,25,52,36
352322.0,0,15,25,51,37
352328.0,0,15,25,51,37
352328.0,0,15,31,45,37
352332.0,0,14,31,45,38
352349.0,0,14,31,46,37
352353.0,0,14,31,46,37
352353.0,0,14,33,44,37
352375.0,1,14,32,44,37
352432.0,1,14,32,45,36
352448.0,1,14,32,49,32
352471.0,1,14,32,49,32
352471.0,0,15,32,49,32
352505.0,0,15,32,49,32
352505.0,0,15,32,48,33
352506.0,0,15,32,48,33
352506.0,0,15,32,47,34
352515.0,0,15,32,48,33
352525.0,0,15,32,48,33
352525.0,0,15,32,47,34
352526.0,0,15,32,48,33
352533.0,0,15,32,49,32
352585.0,0,15,32,49,32
352585.0,0,15,33,48,32
352614.0,0,15,33,48,32
352694.0,0,15,33,80,0
352694.0,0,15,33,48,32
352728.0,1,15,32,48,32
352732.0,1,15,32,48,32
352732.0,1,15,33,47,32
352748.0,1,15,33,47,32
352748.0,1,15,36,44,32
352826.0,1,15,36,44,32
352826.0,1,15,37,43,32
352918.0,2,15,36,43,32
352943.0,2,14,36,43,33
352943.0,1,15,36,43,33
352962.0,1,15,36,44,32
352994.0,1,15,36,44,32
352994.0,1,15,37,43,32
353037.0,8,15,30,43,32
353148.0,8,15,30,43,32
353148.0,7,16,30,43,32
353149.0,18,16,19,43,32
353180.0,18,16,19,43,32
353214.0,18,16,19,75,0
353214.0,18,16,19,43,32
353241.0,18,15,19,43,33
353243.0,18,15,19,44,32
353262.0,18,15,19,44,32
353285.0,18,14,19,44,33
353297.0,20,14,17,44,33
353308.0,20,14,17,45,32
353462.0,20,14,17,45,32
353462.0,19,15,17,45,32
353514.0,19,15,17,45,32
353514.0,19,15,18,44,32
353519.0,19,15,18,44,32
353519.0,18,16,18,44,32
353543.0,18,16,18,44,32
353543.0,18,16,19,43,32
353608.0,18,16,19,43,32
353608.0,18,16,20,42,32
353618.0,18,9,20,17,64
353717.0,18,9,20,49,32
353749.0,18,8,20,34,48
353814.0,19,8,19,34,48
353821.0,19,8,19,34,48
353821.0,0,27,19,34,48
354017.0,0,27,19,34,48
354017.0,0,27,38,15,48
354042.0,0,27,38,15,48
354105.0,1,27,37,15,48
354125.0,1,27,37,31,32
354125.0,0,28,37,31,32
354128.0,6,28,31,31,32
354153.0,8,28,29,31,32
354292.0,8,27,29,31,33
354314.0,8,27,29,32,32
354317.0,8,25,29,30,36
354385.0,9,25,28,30,36
354425.0,9,25,28,30,36
354425.0,9,25,29,29,36
354437.0,9,25,29,29,36
354437.0,8,26,29,29,36
354490.0,8,26,29,33,32
354532.0,9,26,28,33,32
354536.0,9,26,28,33,32
354536.0,5,30,28,33,32
354548.0,8,30,25,33,32
354601.0,8,30,25,33,32
354601.0,7,31,25,33,32
354614.0,7,31,25,33,32
354614.0,7,31,26,32,32
354626.0,8,31,25,32,32
354776.0,8,31,25,32,32
354776.0,7,32,25,32,32
354790.0,7,32,25,32,32
354790.0,7,32,29,28,32
354794.0,8,32,28,28,32
354827.0,8,32,28,28,32
354838.0,8,32,28,28,32
354930.0,8,32,28,28,32
354931.0,8,32,28,60,0
354931.0,0,40,28,44,16
354957.0,0,40,28,44,16
354973.0,0,40,28,44,16
355060.0,0,40,28,60,0
355060.0,0,40,28,44,16
355142.0,0,40,28,60,0
355142.0,0,40,28,44,16
355171.0,0,39,28,44,17
355202.0,0,39,28,45,16
355211.0,0,39,28,45,16
355231.0,0,39,28,45,16
355231.0,0,39,36,37,16
355314.0,1,39,35,37,16
355337.0,1,39,35,53,0
355337.0,0,40,35,53,0
355343.0,1,40,34,53,0
355408.0,2,40,33,53,0
355502.0,2,40,33,53,0
355637.0,2,40,33,53,0
355637.0,2,40,35,51,0
355643.0,2,39,35,51,1
355653.0,2,39,35,52,0
355817.0,21,39,16,52,0
355817.0,5,55,16,52,0
355848.0,5,54,16,52,1
355851.0,5,54,16,53,0
355953.0,5,54,16,53,0
355953.0,5,54,17,52,0
356151.0,5,54,17,52,0
356151.0,5,54,18,51,0
356162.0,5,53,18,51,1
356173.0,5,53,18,52,0
356219.0,5,52,18,52,1
356225.0,6,52,17,52,1
356232.0,6,52,17,53,0
356391.0,6,52,17,53,0
356414.0,7,52,16,53,0
356473.0,7,52,16,53,0
356473.0,7,52,17,52,0
356521.0,7,33,17,39,32
356532.0,7,33,17,39,32
356532.0,7,33,18,38,32
356590.0,11,33,14,38,32
356595.0,11,33,14,38,32
356595.0,10,34,14,38,32
356606.0,10,34,14,38,32
356825.0,10,33,14,23,48
357031.0,18,33,6,23,48
357137.0,18,32,6,23,49
357155.0,18,32,6,23,49
357223.0,18,32,6,55,17
357223.0,18,32,6,23,49
357236.0,18,28,6,23,53
357280.0,18,28,6,23,53
357280.0,17,29,6,23,53
357285.0,17,29,6,24,52
357301.0,17,28,6,24,53
357304.0,17,28,6,28,49
357349.0,17,28,6,28,49
357349.0,13,32,6,28,49
357382.0,13,32,6,44,33
357382.0,0,45,6,44,33
357428.0,0,45,6,45,32
357437.0,2,45,4,45,32
357476.0,2,44,4,45,33
357542.0,2,44,4,45,33
357585.0,2,44,4,45,33
357604.0,2,44,4,45,33
357604.0,2,44,6,43,33
357625.0,2,44,6,43,33
357631.0,2,36,6,35,49
357665.0,2,36,6,36,48
357722.0,2,36,6,52,32
357722.0,0,38,6,52,32
357728.0,0,38,6,52,32
357728.0,0,38,7,51,32
357753.0,1,38,6,51,32
357951.0,2,38,5,51,32
357965.0,2,38,5,51,32
357965.0,2,38,6,50,32
357980.0,2,38,6,50,32
358022.0,2,38,6,50,32
358022.0,2,38,16,40,32
358037.0,2,37,16,25,48
358105.0,2,37,16,25,48
358200.0,2,37,16,25,48
358236.0,2,37,16,25,48
358249.0,2,37,16,41,32
358249.0,0,39,16,41,32
358273.0,1,39,15,41,32
358332.0,2,39,14,41,32
358403.0,2,39,14,73,0
358403.0,0,41,14,73,0
358455.0,0,41,14,73,0
358517.0,0,25,14,73,16
358549.0,0,25,14,73,16
358578.0,0,25,14,73,16
358578.0,0,25,14,69,20
358599.0,0,25,14,73,16
358647.0,0,25,14,73,16
358703.0,0,25,14,73,16
358703.0,0,25,26,61,16
358741.0,0,25,26,77,0
358779.0,0,25,26,77,0
358779.0,0,25,26,73,4
358810.0,0,25,26,77,0
358899.0,0,25,26,77,0
358899.0,0,25,30,73,0
358957.0,0,25,30,73,0
358957.0,0,25,30,69,4
359041.0,0,25,30,69,4
359041.0,0,25,42,57,4
359099.0,0,25,42,61,0
359295.0,0,24,42,61,1
359304.0,0,24,42,62,0
359316.0,0,24,42,62,0
359399.0,0,24,42,62,0
359399.0,0,24,46,58,0
359404.0,2,24,44,58,0
359528.0,3,24,43,58,0
359604.0,3,24,43,58,0
359604.0,3,24,44,57,0
359715.0,3,24,44,57,0
359765.0,4,24,43,57,0
359765.0,0,28,43,57,0
359822.0,10,28,33,57,0
359980.0,10,27,33,57,1
360018.0,10,27,33,58,0
360049.0,10,23,33,58,4
360081.0,10,23,33,62,0
360082.0,10,10,33,43,32
360318.0,10,10,33,43,32
360318.0,10,10,34,42,32
360381.0,10,10,34,42,32
360381.0,10,10,38,38,32
360422.0,10,8,38,32,40
360477.0,10,8,38,40,32
360503.0,22,8,26,40,32
360522.0,22,8,26,72,0
360522.0,0,30,26,72,0
360699.0,4,30,22,72,0
360777.0,4,30,22,72,0
360777.0,4,30,25,69,0
360822.0,4,30,25,69,0
360822.0,4,30,52,42,0
360841.0,16,30,40,42,0
360949.0,16,28,40,40,4
361103.0,16,26,40,10,36
361185.0,16,26,40,10,36
361199.0,20,26,36,10,36
361215.0,20,26,36,14,32
361392.0,20,26,36,14,32
361404.0,21,26,35,14,32
361515.0,21,26,35,14,32
361515.0,21,26,39,10,32
361702.0,21,26,39,42,0
362002.0,21,26,39,42,0
362002.0,21,26,71,10,0
362044.0,21,26,71,10,0
362118.0,22,26,70,10,0
362181.0,26,26,66,10,0
362465.0,26,22,66,10,4
362534.0,26,22,66,14,0
362577.0,29,22,63,14,0
362622.0,56,22,36,14,0
362834.0,56,22,36,14,0
362834.0,56,22,40,10,0
363212.0,56,22,40,10,0
363212.0,55,23,40,10,0
363222.0,55,1,40,0,32
363229.0,55,1,40,0,32
363229.0,54,2,40,0,32
363234.0,54,2,40,0,32
363234.0,53,3,40,0,32
363315.0,57,3,36,0,32
363603.0,57,3,36,0,32
363802.0,89,3,4,0,32
363802.0,25,67,4,0,32
364073.0,25,67,4,0,32
364073.0,24,68,4,0,32
364394.0,24,68,4,0,32
364413.0,24,68,4,0,32
364413.0,16,76,4,0,32
364424.0,16,76,4,32,0
364424.0,16,76,4,0,32
364634.0,20,76,0,0,32
364808.0,20,76,0,0,32
365054.0,20,76,0,0,32
365261.0,20,76,0,0,32
365543.0,20,76,0,32,0
365543.0,20,76,0,0,32
365693.0,20,76,0,32,0
365693.0,20,76,0,0,32
365784.0,20,76,0,0,32
365852.0,20,76,0,32,0
365852.0,20,76,0,0,32
365883.0,20,76,0,0,32
365912.0,20,75,0,0,33
365922.0,20,75,0,1,32
365922.0,20,75,0,0,33
365929.0,20,74,0,0,34
365932.0,20,74,0,1,33
365934.0,20,73,0,1,34
365948.0,20,73,0,2,33
365951.0,20,73,0,3,32
366033.0,20,73,0,35,0
366033.0,20,73,0,3,32
366232.0,20,73,0,3,32
366333.0,20,73,0,3,32
366333.0,20,73,3,0,32
366422.0,20,73,3,32,0
366422.0,0,93,3,32,0
366502.0,0,29,3,32,64
366542.0,0,29,3,96,0
366542.0,0,29,3,32,64
366707.0,0,29,3,32,64
366707.0,0,29,3,31,65
366722.0,0,29,3,31,65
366722.0,0,29,20,14,65
366770.0,0,29,20,78,1
366770.0,0,29,20,14,65
366773.0,0,28,20,14,66
366816.0,0,28,20,15,65
366842.0,0,28,20,15,65
366842.0,0,28,22,13,65
366912.0,0,28,22,13,65
366912.0,0,28,22,12,66
366914.0,0,28,22,12,66
366915.0,0,28,22,76,2
366915.0,0,28,22,12,66
366938.0,0,28,22,13,65
367040.0,0,28,22,14,64
367042.0,0,28,22,78,0
367042.0,0,28,22,14,64
367113.0,0,20,22,14,72
367116.0,0,20,22,14,72
367238.0,0,20,22,14,72
367238.0,0,20,23,13,72
367248.0,0,20,23,21,64
367297.0,0,20,23,85,0
367297.0,0,20,23,21,64
367340.0,0,20,23,21,64
367340.0,0,20,24,20,64
367466.0,0,20,24,20,64
367522.0,0,20,24,84,0
367522.0,0,20,24,20,64
367548.0,0,20,24,20,64
367548.0,0,20,32,12,64
367649.0,0,20,32,76,0
367649.0,0,20,32,12,64
367676.0,0,20,32,12,64
367731.0,0,20,32,12,64
367770.0,0,20,32,76,0
367770.0,0,20,32,12,64
367883.0,0,20,32,76,0
367883.0,0,20,32,12,64
367915.0,0,20,32,12,64
367947.0,0,20,32,12,64
367991.0,0,20,32,76,0
367991.0,0,20,32,12,64
368028.0,0,20,32,76,0
368028.0,0,20,32,12,64
368067.0,0,20,32,76,0
368067.0,0,20,32,12,64
368133.0,3,20,29,12,64
368133.0,0,23,29,12,64
368173.0,0,23,29,12,64
368201.0,0,23,29,76,0
368201.0,0,23,29,12,64
368381.0,0,23,29,12,64
368508.0,0,23,29,12,64
368510.0,0,23,29,12,64
368522.0,17,23,12,12,64
368522.0,14,26,12,12,64
368593.0,14,26,12,12,64
368630.0,14,26,12,12,64
368630.0,13,27,12,12,64
368641.0,13,27,12,12,64
368642.0,15,27,10,12,64
368707.0,15,27,10,12,64
368707.0,7,35,10,12,64
368858.0,7,35,10,12,64
368858.0,6,36,10,12,64
369038.0,7,36,9,12,64
369122.0,7,16,9,0,96
369140.0,8,16,8,0,96
369348.0,16,16,0,0,96
369378.0,16,16,0,32,64
369378.0,16,16,0,0,96
369580.0,16,16,0,32,64
369580.0,16,16,0,0,96
369783.0,16,16,0,32,64
369783.0,16,16,0,0,96
369856.0,16,16,0,64,32
369856.0,16,16,0,0,96
369919.0,16,16,0,0,96
369965.0,16,16,0,32,64
369965.0,16,16,0,0,96
370030.0,16,16,0,64,32
370030.0,16,16,0,0,96
370056.0,16,16,0,0,96
370081.0,16,16,0,0,96
370129.0,16,16,0,64,32
370129.0,16,16,0,0,96
370298.0,16,16,0,32,64
370298.0,16,16,0,0,96
370304.0,16,16,0,64,32
370304.0,16,16,0,0,96
370336.0,16,16,0,0,96
370397.0,16,16,0,0,96
370428.0,16,16,0,0,96
370452.0,16,16,0,32,64
370452.0,16,16,0,13,83
370473.0,16,16,0,14,82
370510.0,16,16,0,78,18
370510.0,16,16,0,14,82
370518.0,16,16,0,22,74
370528.0,16,16,0,26,70
370530.0,16,16,0,30,66
370591.0,16,16,0,31,65
370691.0,16,16,0,95,1
370691.0,16,16,0,31,65
370704.0,16,16,0,32,64
370752.0,16,16,0,32,64
370752.0,16,16,13,19,64
370773.0,16,16,13,19,64
370773.0,16,16,14,18,64
370818.0,16,16,14,18,64
370818.0,16,16,20,12,64
370833.0,16,13,20,12,67
370852.0,16,13,20,13,66
370893.0,16,13,20,77,2
370893.0,0,29,20,77,2
370918.0,0,29,20,77,2
370918.0,0,29,20,76,3
370926.0,0,29,20,77,2
370991.0,0,29,20,78,1
370991.0,0,29,31,67,1
371044.0,0,29,31,68,0
371143.0,0,29,31,68,0
371143.0,0,29,31,52,16
371152.0,0,29,31,52,16
371152.0,0,29,32,51,16
371159.0,0,29,32,67,0
371172.0,0,29,32,67,0
371172.0,0,29,32,51,16
371193.0,0,29,32,51,16
371193.0,0,29,33,50,16
371222.0,0,26,33,50,19
371226.0,0,26,33,50,19
371226.0,0,26,34,49,19
371231.0,0,26,34,50,18
371243.0,0,26,34,51,17
371278.0,0,26,34,67,1
371291.0,0,26,34,67,1
371291.0,0,26,35,66,1
371325.0,0,26,35,67,0
371330.0,0,25,35,67,1
371399.0,0,25,35,67,1
371399.0,0,25,35,51,17
371407.0,0,17,35,51,25
371479.0,0,17,35,52,24
371500.0,0,17,35,60,16
371528.0,0,17,35,76,0
371531.0,0,17,35,76,0
371531.0,0,17,36,75,0
371543.0,0,17,36,75,0
371543.0,0,17,37,74,0
371547.0,0,17,37,74,0
371547.0,0,17,37,66,8
371558.0,0,16,37,66,9
371605.0,0,16,37,74,1
371625.0,0,16,37,74,1
371625.0,0,16,38,73,1
371654.0,0,16,38,73,1
371654.0,0,16,38,69,5
371668.0,0,16,38,70,4
371724.0,0,16,38,74,0
371725.0,0,16,38,74,0
371725.0,0,16,38,73,1
371779.0,0,16,38,73,1
371779.0,0,16,39,72,1
371800.0,0,16,39,72,1
371800.0,0,16,47,64,1
371828.0,0,16,47,64,1
371828.0,0,16,55,56,1
371829.0,0,16,55,56,1
371829.0,0,16,55,52,5
371849.0,0,16,55,53,4
371905.0,0,16,55,53,4
371905.0,0,16,58,50,4
371907.0,0,16,58,54,0
371918.0,0,16,58,54,0
371968.0,0,16,58,54,0
371968.0,0,16,59,53,0
372010.0,0,16,59,53,0
372149.0,0,16,59,53,0
372149.0,0,16,60,52,0
372207.0,0,16,60,52,0
372207.0,0,16,64,48,0
372284.0,0,16,64,48,0
372346.0,0,16,64,48,0
372373.0,0,16,64,48,0
372552.0,13,16,51,48,0
372552.0,4,25,51,48,0
372573.0,5,25,50,48,0
372618.0,11,25,44,48,0
372618.0,3,33,44,48,0
372623.0,3,33,44,48,0
372623.0,2,34,44,48,0
372791.0,13,34,33,48,0
372868.0,13,34,33,48,0
372868.0,12,35,33,48,0
372952.0,13,35,32,48,0
372993.0,14,35,31,48,0
373026.0,15,35,30,48,0
373091.0,16,35,29,48,0
373091.0,0,51,29,48,0
373163.0,0,51,29,48,0
373265.0,0,51,29,48,0
373331.0,1,51,28,48,0
373331.0,0,52,28,48,0
373343.0,1,52,27,48,0
373354.0,1,52,27,48,0
373425.0,2,52,26,48,0
373470.0,2,52,26,48,0
373539.0,2,52,26,48,0
373539.0,1,53,26,48,0
373579.0,2,53,25,48,0
373593.0,2,37,25,0,64
373600.0,10,37,17,0,64
373600.0,6,41,17,0,64
373628.0,14,41,9,0,64
373628.0,6,49,9,0,64
373705.0,9,49,6,0,64
373768.0,10,49,5,0,64
373785.0,10,49,5,64,0
373785.0,0,59,5,64,0
373800.0,0,59,5,64,0
373800.0,0,59,5,63,1
373916.0,0,59,5,64,0
373928.0,0,59,5,64,0
373928.0,0,59,5,63,1
373949.0,1,59,4,63,1
374007.0,5,59,0,63,1
374057.0,5,59,0,64,0
374085.0,5,59,0,64,0
374085.0,5,59,9,55,0
374356.0,5,59,9,55,0
374357.0,5,59,9,55,0
374357.0,5,59,10,54,0
374394.0,5,59,10,54,0
374394.0,4,60,10,54,0
374667.0,4,60,10,54,0
374667.0,3,61,10,54,0
374937.0,3,61,10,54,0
374961.0,3,61,10,54,0
374961.0,2,62,10,54,0
375141.0,2,62,10,54,0
375246.0,2,62,10,54,0
375246.0,1,63,10,54,0
375252.0,1,54,10,54,9
375318.0,1,46,10,54,17
375319.0,1,46,10,62,9
375319.0,1,46,10,54,17
375323.0,1,45,10,54,18
375375.0,1,45,10,62,10
375396.0,1,45,10,63,9
375444.0,1,45,10,64,8
375536.0,1,45,10,64,8
375536.0,0,46,10,64,8
375568.0,0,45,10,64,9
375675.0,0,45,10,64,9
375675.0,0,45,18,56,9
375682.0,0,45,18,57,8
375696.0,0,45,18,57,8
375696.0,0,45,19,56,8
375744.0,0,45,19,56,8
375744.0,0,45,20,55,8
375791.0,0,29,20,55,24
375815.0,0,29,20,55,24
375815.0,0,29,20,54,25
375885.0,9,29,11,54,25
375887.0,9,29,11,70,9
375887.0,0,38,11,70,9
375929.0,0,38,11,71,8
375982.0,0,38,11,71,8
376031.0,0,37,11,71,9
376032.0,0,37,11,71,9
376032.0,0,37,11,70,10
376145.0,0,37,11,71,9
376157.0,1,37,10,71,9
376159.0,1,37,10,72,8
376187.0,1,37,10,72,8
376187.0,1,37,19,63,8
376206.0,1,37,19,63,8
376206.0,0,38,19,63,8
376226.0,0,38,19,63,8
376226.0,0,38,19,62,9
376239.0,0,37,19,62,10
376300.0,0,33,19,62,14
376328.0,0,25,19,62,22
376350.0,0,25,19,63,21
376352.0,0,25,19,64,20
376369.0,0,25,19,68,16
376390.0,0,25,19,76,8
376445.0,0,25,19,76,8
376445.0,0,25,20,75,8
376485.0,0,15,20,21,72
376650.0,0,15,20,21,72
376650.0,0,15,21,20,72
376652.0,0,15,21,20,72
376652.0,0,15,22,19,72
376669.0,0,15,22,19,72
376669.0,0,15,26,15,72
376684.0,0,15,26,79,8
376684.0,0,15,26,15,72
376690.0,0,15,26,15,72
376984.0,0,15,26,15,72
376984.0,0,15,34,7,72
377094.0,0,14,34,7,73
377268.0,0,14,34,8,72
377331.0,0,14,34,8,72
377360.0,0,14,34,8,72
377360.0,0,14,34,7,73
377367.0,0,13,34,8,73
377371.0,0,13,34,8,73
377371.0,0,13,34,7,74
377380.0,0,13,34,8,73
377475.0,8,13,26,8,73
377476.0,8,13,26,9,72
377496.0,9,13,25,9,72
377527.0,9,13,25,9,72
377544.0,10,13,24,9,72
377568.0,10,13,24,9,72
377661.0,10,12,24,9,73
377667.0,10,12,24,9,73
377680.0,10,12,24,9,73
377680.0,10,12,25,8,73
377698.0,10,12,25,16,65
377698.0,0,22,25,16,65
377776.0,0,22,25,16,65
377829.0,0,22,25,17,64
377850.0,0,22,25,81,0
377850.0,0,22,25,17,64
377946.0,0,21,25,17,65
377987.0,9,21,16,17,65
377998.0,9,21,16,17,65
377998.0,9,21,19,14,65
378100.0,9,21,19,15,64
378150.0,9,21,19,15,64
378150.0,9,21,20,14,64
378236.0,9,20,20,14,65
378245.0,10,20,19,14,65
378348.0,10,20,19,46,33
378364.0,10,20,19,47,32
378400.0,10,20,19,47,32
378400.0,10,20,20,46,32
378400.0,10,20,20,14,64
378450.0,11,20,19,14,64
378452.0,12,20,18,14,64
378469.0,16,20,14,14,64
378587.0,16,11,14,7,80
378648.0,16,11,14,7,80
378651.0,16,11,14,23,64
378664.0,16,11,14,23,64
378664.0,16,11,15,22,64
378784.0,24,11,7,22,64
378906.0,24,10,7,22,65
378919.0,24,10,7,23,64
378951.0,24,10,7,23,64
378951.0,24,10,23,7,64
379117.0,24,10,23,39,32
379219.0,24,10,23,39,32
379219.0,24,10,24,38,32
379417.0,24,10,24,38,32
379417.0,24,10,56,6,32
379480.0,25,10,55,6,32
379798.0,28,10,52,6,32
379950.0,29,10,51,6,32
380200.0,30,10,50,6,32
380398.0,30,0,50,0,48
380458.0,30,0,50,16,32
380464.0,31,0,49,16,32
380751.0,47,0,33,16,32
380758.0,47,0,33,16,32
380758.0,47,0,49,0,32
381019.0,48,0,48,0,32
381217.0,80,0,16,0,32
382558.0,96,0,0,0,32
382893.0,96,0,0,32,0
382893.0,0,96,0,32,0
384404.0,0,96,0,32,0
384513.0,0,96,0,32,0
384718.0,0,96,0,32,0
385593.0,0,0,0,0,128
386340.0,0,0,0,128,0
386340.0,0,0,0,0,128
386368.0,0,0,0,128,0
386368.0,0,0,0,0,128
386712.0,0,0,0,128,0
386712.0,0,0,0,0,128
387453.0,0,0,0,128,0
387453.0,0,0,0,62,66
387753.0,0,0,0,62,66
387753.0,0,0,62,0,66
389553.0,62,0,0,0,66
392895.0,62,0,0,32,34
392895.0,30,32,0,32,34
395445.0,30,32,0,32,34
395538.0,30,32,0,32,34
395595.0,30,0,0,0,98
402173.0,30,0,0,64,34
402173.0,30,0,0,0,98
403372.0,30,0,0,32,66
403672.0,30,0,0,32,66
403672.0,30,0,32,0,66
405472.0,62,0,0,0,66
409041.0,62,0,0,64,2
409041.0,0,62,0,64,2
409341.0,0,62,0,64,2
409341.0,0,62,62,2,2
410112.0,0,62,62,2,2
410206.0,0,62,62,2,2
410270.0,0,62,62,2,2
410291.0,0,62,62,2,2
410351.0,0,62,62,2,2
410955.0,0,62,62,2,2
410980.0,0,62,62,2,2
411010.0,0,62,62,2,2
411052.0,0,62,62,2,2
411101.0,0,62,62,2,2
411123.0,0,62,62,2,2
411141.0,62,62,0,2,2
411438.0,62,62,0,2,2
411741.0,62,0,0,0,66
411897.0,62,0,0,64,2
411897.0,62,0,0,6,60
411900.0,62,0,0,7,59
411914.0,62,0,0,12,54
411915.0,62,0,0,14,52
411919.0,62,0,0,18,48
411932.0,62,0,0,20,46
411934.0,62,0,0,28,38
411951.0,62,0,0,30,36
411968.0,62,0,0,32,34
411968.0,62,0,0,0,66
411996.0,62,0,0,0,66
412005.0,62,0,0,16,50
412013.0,62,0,0,32,34
412106.0,62,0,0,32,34
412197.0,62,0,0,32,34
412250.0,62,0,0,64,2
412305.0,62,0,0,64,2
412305.0,62,0,16,48,2
412313.0,62,0,16,48,2
412313.0,62,0,32,32,2
412550.0,62,0,32,32,2
412550.0,62,0,64,0,2
412661.0,62,0,64,2,0
412961.0,62,0,64,2,0
412961.0,62,0,66,0,0
413270.0,62,0,66,0,0
413270.0,60,2,66,0,0
413329.0,60,2,66,0,0
413329.0,44,18,66,0,0
413414.0,44,18,66,0,0
413414.0,28,34,66,0,0
413422.0,28,34,66,0,0
413422.0,12,50,66,0,0
413661.0,12,50,66,0,0
413938.0,12,50,66,0,0
413938.0,11,51,66,0,0
414103.0,11,51,66,0,0
414105.0,27,51,50,0,0
414113.0,43,51,34,0,0
414113.0,11,83,34,0,0
414126.0,11,83,34,0,0
414126.0,3,91,34,0,0
414350.0,35,91,2,0,0
414516.0,35,91,2,0,0
414516.0,3,123,2,0,0
414544.0,3,123,2,0,0
414711.0,3,123,2,0,0
414761.0,5,123,0,0,0
414857.0,5,123,0,0,0
415528.0,5,123,0,0,0
415552.0,5,123,0,0,0
415811.0,5,123,0,0,0
415970.0,5,121,0,0,2
416000.0,5,121,0,2,0
416000.0,5,121,0,1,1
416014.0,5,121,0,2,0
416029.0,5,105,0,2,16
416085.0,5,105,0,18,0
416085.0,5,105,0,2,16
416101.0,5,105,0,2,16
416114.0,5,89,0,2,32
416120.0,5,89,0,2,32
416122.0,5,73,0,2,48
416146.0,5,73,0,10,40
416146.0,5,73,0,2,48
416159.0,5,73,0,10,40
416215.0,5,73,0,18,32
416218.0,5,73,0,34,16
416218.0,5,73,0,2,48
416223.0,5,73,0,18,32
416300.0,5,73,0,18,32
416314.0,5,73,0,50,0
416314.0,5,73,0,18,32
416385.0,5,73,0,18,32
416400.0,5,73,0,50,0
416518.0,5,73,0,50,0
416518.0,5,73,2,48,0
416523.0,5,73,2,48,0
416523.0,5,73,18,32,0
416638.0,5,72,18,32,1
416654.0,5,72,18,33,0
416700.0,5,72,18,33,0
416700.0,5,72,50,1,0
416813.0,5,40,50,1,32
416826.0,5,32,50,1,40
416888.0,5,32,50,1,40
416896.0,5,32,50,9,32
416905.0,5,32,50,41,0
416905.0,0,37,50,41,0
416907.0,0,37,50,41,0
416907.0,0,37,50,33,8
416954.0,0,37,50,33,8
416980.0,0,37,50,41,0
417196.0,0,37,50,41,0
417196.0,0,37,56,35,0
417216.0,0,5,56,35,32
417273.0,0,5,56,35,32
417280.0,0,5,56,35,32
417280.0,0,5,64,27,32
417303.0,0,5,64,59,0
417303.0,0,5,64,27,32
417413.0,0,5,64,59,0
417413.0,0,5,64,51,8
417495.0,0,5,64,59,0
417602.0,0,5,64,59,0
417602.0,0,5,64,58,1
417623.0,0,5,64,59,0
417650.0,0,5,64,59,0
417650.0,0,5,64,58,1
417687.0,0,5,64,59,0
417697.0,0,5,64,59,0
417697.0,0,5,64,58,1
417713.0,0,5,64,58,1
417713.0,0,5,88,34,1
417736.0,0,5,88,35,0
417740.0,0,5,88,35,0
417740.0,0,5,88,31,4
417763.0,0,5,88,31,4
417763.0,0,5,88,29,6
417769.0,0,5,88,29,6
417772.0,0,5,88,29,6
417772.0,0,5,88,28,7
417795.0,0,5,88,28,7
417795.0,0,5,89,27,7
417808.0,0,5,89,28,6
417843.0,0,5,89,30,4
417844.0,0,5,89,34,0
417847.0,0,5,89,34,0
417847.0,0,5,89,30,4
417863.0,0,5,89,34,0
417886.0,0,5,89,34,0
417886.0,0,5,89,30,4
417908.0,0,5,89,30,4
417908.0,0,5,89,28,6
417927.0,0,5,89,28,6
417971.0,0,5,89,28,6
418108.0,0,5,89,28,6
418108.0,0,5,90,27,6
418318.0,2,5,88,27,6
418323.0,18,5,72,27,6
418323.0,10,13,72,27,6
418469.0,10,13,72,27,6
418469.0,6,17,72,27,6
418500.0,38,17,40,27,6
418500.0,6,49,40,27,6
418559.0,6,49,40,27,6
418736.0,6,49,40,31,2
418739.0,6,49,40,33,0
418996.0,12,49,34,33,0
419036.0,12,49,34,33,0
419036.0,12,49,38,29,0
419039.0,12,49,38,29,0
419039.0,12,49,40,27,0
419068.0,12,49,40,27,0
419068.0,11,50,40,27,0
419080.0,19,50,32,27,0
419111.0,19,50,32,27,0
419111.0,15,54,32,27,0
419132.0,15,54,32,27,0
419132.0,13,56,32,27,0
419228.0,13,56,32,27,0
419228.0,9,60,32,27,0
419272.0,9,60,32,27,0
419272.0,8,61,32,27,0
419326.0,8,61,32,27,0
419326.0,4,65,32,27,0
419348.0,4,65,32,27,0
419348.0,2,67,32,27,0
419429.0,2,67,32,27,0
419513.0,26,67,8,27,0
419528.0,26,67,8,27,0
419528.0,25,68,8,27,0
419587.0,25,68,8,27,0
419587.0,24,69,8,27,0
419595.0,25,69,7,27,0
419605.0,25,64,7,0,32
419651.0,25,64,7,0,32
419673.0,25,64,7,0,32
419694.0,25,64,7,32,0
419694.0,0,89,7,32,0
419827.0,0,89,7,32,0
419879.0,0,89,7,32,0
419879.0,0,89,7,31,1
419904.0,0,89,7,32,0
419908.0,1,89,6,32,0
419985.0,1,89,6,32,0
419985.0,0,90,6,32,0
419994.0,0,90,6,32,0
419994.0,0,90,30,8,0
419999.0,0,90,30,8,0
419999.0,0,90,30,7,1
420010.0,0,90,30,8,0
420061.0,0,90,30,8,0
420204.0,0,90,30,8,0
420235.0,0,90,30,8,0
420309.0,0,90,30,8,0
420309.0,0,90,30,7,1
420310.0,0,90,30,7,1
420330.0,0,90,30,8,0
420358.0,0,90,30,8,0
420395.0,0,90,30,8,0
420572.0,0,90,30,8,0
420572.0,0,90,30,7,1
420587.0,0,90,30,8,0
420630.0,0,90,30,8,0
420667.0,0,90,30,8,0
420767.0,0,90,30,8,0
420792.0,0,90,30,8,0
420836.0,4,90,26,8,0
420836.0,0,94,26,8,0
420839.0,2,94,24,8,0
420839.0,0,96,24,8,0
420884.0,0,96,24,8,0
420884.0,0,96,24,7,1
420887.0,0,96,24,7,1
420896.0,0,96,24,7,1
420914.0,0,96,24,8,0
420952.0,0,96,24,8,0
420952.0,0,96,24,7,1
420962.0,0,96,24,8,0
421016.0,0,96,24,8,0
421023.0,0,88,24,8,8
421169.0,0,84,24,8,12
421182.0,0,84,24,16,4
421182.0,0,84,24,8,12
421200.0,0,52,24,8,44
421214.0,0,52,24,8,44
421224.0,0,52,24,8,44
421224.0,0,52,24,7,45
421225.0,0,52,24,7,45
421230.0,0,52,24,11,41
421230.0,0,52,24,10,42
421235.0,0,52,24,11,41
421252.0,0,52,24,12,40
421262.0,0,52,24,12,40
421275.0,0,52,24,12,40
421298.0,0,52,24,12,40
421298.0,0,52,24,11,41
421327.0,0,52,24,12,40
421339.0,0,52,24,44,8
421339.0,0,52,24,12,40
421340.0,0,52,24,20,32
421350.0,0,52,24,20,32
421400.0,0,52,24,52,0
421400.0,0,52,24,20,32
421435.0,0,52,24,52,0
421435.0,0,52,24,20,32
421480.0,0,52,24,20,32
421482.0,0,52,24,20,32
421497.0,0,52,24,52,0
421497.0,0,52,24,20,32
421505.0,0,52,24,20,32
421505.0,0,52,24,19,33
421519.0,0,52,24,20,32
421530.0,0,52,24,20,32
421530.0,0,52,27,17,32
421552.0,0,52,27,17,32
421552.0,0,52,28,16,32
421621.0,0,52,28,16,32
421627.0,0,52,28,16,32
421627.0,0,52,29,15,32
421640.0,0,52,29,15,32
421640.0,0,52,36,8,32
421755.0,0,52,36,40,0
421755.0,0,52,36,8,32
421768.0,0,51,36,8,33
421776.0,0,51,36,8,33
421776.0,0,51,36,7,34
421794.0,24,51,12,7,34
421801.0,24,51,12,7,34
421802.0,24,51,12,8,33
421811.0,24,47,12,8,37
421819.0,24,47,12,8,37
421824.0,24,47,12,8,37
421824.0,23,48,12,8,37
421832.0,23,46,12,8,39
421876.0,23,46,12,8,39
421926.0,23,46,12,12,35
421927.0,23,46,12,14,33
421928.0,23,42,12,14,37
421933.0,23,42,12,18,33
421933.0,0,65,12,18,33
421937.0,0,65,12,18,33
421972.0,0,64,12,18,34
421991.0,0,64,12,19,33
422013.0,0,64,12,19,33
422013.0,0,64,12,18,34
422026.0,0,60,12,18,38
422032.0,0,60,12,19,37
422048.0,0,58,12,19,39
422069.0,0,58,12,19,39
422102.0,0,58,12,19,39
422203.0,0,58,12,19,39
422228.0,0,57,12,19,40
422233.0,0,57,12,19,40
422233.0,0,57,13,18,40
422237.0,0,57,13,19,39
422250.0,0,57,13,19,39
422287.0,0,56,13,19,40
422291.0,0,56,13,19,40
422291.0,0,56,14,18,40
422297.0,0,56,14,19,39
422332.0,0,56,14,19,39
422332.0,0,56,15,18,39
422362.0,0,56,15,18,39
422394.0,0,31,15,11,71
422407.0,0,31,15,12,70
422444.0,0,31,15,12,70
422444.0,0,31,15,11,71
422491.0,0,31,15,11,71
422505.0,0,31,15,12,70
422525.0,0,31,15,12,70
422525.0,0,31,15,11,71
422537.0,0,31,15,11,71
422592.0,0,31,15,43,39
422592.0,0,31,15,11,71
422597.0,0,31,15,11,71
422685.0,0,30,15,11,72
422695.0,0,30,15,12,71
422744.0,0,30,15,44,39
422744.0,0,30,15,12,71
422745.0,0,30,15,12,71
422745.0,0,30,15,11,72
422769.0,0,30,15,12,71
422800.0,0,30,15,12,71
422862.0,0,30,15,16,67
422865.0,0,30,15,18,65
422880.0,0,30,15,19,64
422892.0,0,30,15,19,64
422892.0,0,30,17,17,64
422893.0,0,30,17,17,64
422924.0,0,30,17,49,32
422966.0,0,30,17,49,32
423036.0,0,30,17,49,32
423069.0,0,30,17,49,32
423069.0,0,30,18,48,32
423096.0,0,30,18,48,32
423146.0,0,30,18,48,32
423162.0,0,30,18,48,32
423162.0,0,30,22,44,32
423165.0,0,30,22,44,32
423165.0,0,30,24,42,32
423180.0,0,30,24,42,32
423180.0,0,30,25,41,32
423190.0,0,30,25,41,32
423224.0,0,30,25,41,32
423224.0,0,30,57,9,32
423232.0,0,30,57,9,32
423244.0,0,30,57,9,32
423245.0,0,30,57,9,32
423280.0,0,30,57,9,32
423295.0,0,30,57,9,32
423302.0,0,30,57,9,32
423330.0,3,30,54,9,32
423330.0,1,32,54,9,32
423350.0,1,32,54,9,32
423352.0,2,32,53,9,32
423352.0,0,34,53,9,32
423374.0,0,34,53,9,32
423409.0,0,34,53,9,32
423427.0,1,34,52,9,32
423427.0,0,35,52,9,32
423440.0,7,35,45,9,32
423440.0,3,39,45,9,32
423457.0,3,39,45,9,32
423474.0,3,39,45,9,32
423536.0,3,35,45,9,36
423537.0,3,35,45,9,36
423539.0,3,33,45,9,38
423598.0,3,33,45,9,38
423651.0,3,33,45,9,38
423692.0,3,33,45,9,38
423744.0,3,33,45,9,38
423759.0,3,33,45,41,6
423759.0,0,36,45,41,6
423802.0,0,36,45,41,6
423824.0,0,36,45,41,6
423824.0,0,36,45,39,8
423833.0,0,36,45,39,8
423833.0,0,36,45,38,9
423846.0,0,36,45,38,9
423853.0,0,36,45,39,8
423910.0,0,36,45,39,8
423910.0,0,36,45,38,9
423920.0,0,36,45,39,8
423982.0,0,36,45,39,8
423992.0,0,36,45,39,8
424033.0,1,36,44,39,8
424059.0,1,36,44,39,8
424091.0,2,36,43,39,8
424115.0,2,36,43,39,8
424132.0,3,36,42,39,8
424153.0,3,36,42,39,8
424220.0,3,36,42,39,8
424220.0,3,36,43,38,8
424239.0,3,36,43,38,8
424352.0,3,36,43,40,6
424369.0,3,36,43,40,6
424373.0,3,36,43,44,2
424373.0,3,36,43,40,6
424424.0,3,36,43,40,6
424424.0,2,37,43,40,6
424493.0,2,37,43,40,6
424524.0,2,36,43,40,7
424553.0,2,36,43,41,6
424580.0,2,36,43,41,6
424580.0,1,37,43,41,6
424581.0,1,37,43,41,6
424581.0,0,38,43,41,6
424605.0,0,38,43,41,6
424633.0,0,15,43,32,38
424649.0,0,15,43,32,38
424652.0,0,15,43,32,38
424652.0,0,15,45,30,38
424668.0,0,15,45,30,38
424692.0,2,15,43,30,38
424700.0,2,15,43,30,38
424700.0,1,16,43,30,38
424779.0,1,16,43,30,38
424813.0,1,16,43,30,38
424826.0,1,16,43,62,6
424826.0,0,17,43,62,6
424853.0,0,17,43,62,6
424869.0,1,17,42,62,6
424956.0,1,17,42,62,6
424962.0,5,17,38,62,6
424965.0,7,17,36,62,6
424965.0,0,24,36,62,6
424980.0,1,24,35,62,6
425024.0,33,24,3,62,6
425024.0,1,56,3,62,6
425104.0,1,56,3,62,6
425126.0,1,56,3,62,6
425126.0,1,56,4,61,6
425228.0,1,56,4,61,6
425354.0,1,56,4,61,6
425483.0,1,56,4,61,6
425811.0,1,56,4,61,6
425811.0,0,57,4,61,6
425824.0,0,57,4,61,6
425907.0,0,57,4,61,6
425936.0,0,57,4,61,6
426020.0,1,57,3,61,6
426020.0,0,58,3,61,6
426030.0,0,56,3,61,8
426041.0,0,56,3,62,7
426052.0,0,54,3,62,9
426059.0,0,54,3,63,8
426127.0,0,53,3,63,9
426140.0,0,49,3,63,13
426153.0,0,49,3,64,12
426341.0,0,49,3,64,12
426341.0,0,49,4,63,12
426359.0,0,49,4,63,12
426359.0,0,49,5,62,12
426404.0,0,49,5,64,10
426405.0,0,49,5,64,10
426433.0,0,49,5,64,10
426433.0,0,49,5,62,12
426452.0,2,49,3,62,12
426453.0,2,49,3,62,12
426453.0,2,49,4,61,12
426454.0,2,49,4,63,10
426454.0,0,51,4,63,10
426459.0,0,48,4,34,42
426564.0,0,48,4,38,38
426834.0,0,48,4,70,6
426834.0,0,48,4,38,38
426864.0,0,48,4,38,38
426864.0,0,48,5,37,38
426926.0,1,48,4,37,38
426962.0,1,48,4,37,38
426962.0,0,49,4,37,38
426974.0,0,49,4,41,34
427122.0,0,49,4,41,34
427122.0,0,49,4,40,35
427124.0,0,48,4,40,36
427132.0,0,48,4,41,35
427134.0,0,48,4,41,35
427134.0,0,48,7,38,35
427139.0,0,48,7,39,34
427176.0,0,48,7,39,34
427274.0,0,48,7,39,34
427274.0,0,48,10,36,34
427280.0,0,47,10,36,35
427281.0,0,46,10,36,36
427296.0,0,46,10,37,35
427321.0,0,46,10,37,35
427324.0,0,46,10,38,34
427324.0,0,46,10,34,38
427398.0,0,46,10,34,38
427400.0,0,45,10,38,35
427422.0,0,45,10,39,34
427432.0,0,45,10,39,34
427463.0,0,45,10,39,34
427463.0,0,45,10,38,35
427467.0,0,45,10,38,35
427506.0,0,45,10,39,34
427520.0,0,45,10,39,34
427520.0,0,45,10,38,35
427526.0,0,44,10,7,67
427538.0,0,44,10,8,66
427541.0,0,44,10,10,64
427544.0,0,44,10,10,64
427544.0,0,44,10,6,68
427565.0,0,44,10,6,68
427565.0,0,44,10,4,70
427634.0,0,44,10,4,70
427665.0,0,37,10,3,78
427700.0,0,37,10,3,78
427722.0,0,37,10,3,78
427722.0,0,37,11,2,78
427724.0,0,5,11,2,110
427780.0,0,5,11,10,102
427780.0,0,5,11,2,110
427791.0,0,5,11,2,110
427846.0,0,5,11,34,78
427846.0,0,5,11,2,110
427847.0,0,5,11,10,102
427847.0,0,5,11,6,106
427881.0,0,5,11,38,74
427881.0,0,5,11,6,106
427931.0,0,5,11,10,102
427931.0,0,5,11,2,110
427946.0,0,5,11,2,110
427991.0,0,5,11,2,110
427998.0,0,5,11,10,102
427998.0,0,5,11,6,106
428033.0,0,5,11,6,106
428043.0,0,5,11,10,102
428109.0,0,5,11,10,102
428111.0,0,5,11,42,70
428111.0,0,5,11,10,102
428118.0,0,5,11,42,70
428118.0,0,5,11,10,102
428141.0,1,5,10,10,102
428147.0,1,5,10,10,102
428159.0,2,5,9,10,102
428186.0,2,5,9,26,86
428186.0,0,7,9,26,86
428200.0,0,7,9,42,70
428200.0,0,7,9,26,86
428215.0,0,7,9,26,86
428253.0,1,7,8,26,86
428258.0,1,7,8,42,70
428258.0,0,8,8,41,71
428260.0,0,8,8,41,71
428260.0,0,8,8,40,72
428276.0,0,8,8,41,71
428289.0,0,8,8,42,70
428298.0,0,8,8,42,70
428298.0,0,8,12,38,70
428343.0,0,8,12,38,70
428343.0,0,8,14,36,70
428367.0,0,8,14,36,70
428411.0,0,8,14,36,70
428411.0,0,8,16,34,70
428479.0,0,8,16,34,70
428486.0,0,8,16,34,70
428486.0,0,8,17,33,70
428511.0,0,7,17,33,71
428513.0,0,7,17,33,71
428520.0,0,7,17,34,70
428526.0,0,7,17,38,66
428529.0,0,7,17,40,64
428529.0,0,7,17,32,72
428576.0,0,7,17,32,72
428605.0,0,7,17,40,64
428664.0,1,7,16,40,64
428713.0,1,7,16,40,64
428720.0,1,6,16,40,65
428736.0,1,6,16,41,64
428829.0,1,6,16,41,64
428829.0,1,6,17,40,64
428849.0,1,6,17,40,64
428899.0,1,6,17,72,32
428899.0,0,7,17,72,32
428905.0,0,7,17,72,32
428905.0,0,7,23,66,32
428934.0,3,7,20,66,32
429036.0,3,7,20,66,32
429036.0,3,7,21,65,32
429074.0,6,7,18,65,32
429125.0,6,7,18,65,32
429154.0,6,5,18,63,36
429188.0,6,5,18,95,4
429188.0,0,11,18,95,4
429199.0,0,11,18,95,4
429199.0,0,11,21,92,4
429488.0,0,11,21,92,4
429488.0,0,11,27,86,4
429522.0,1,11,26,86,4
429605.0,1,11,26,86,4
429605.0,0,12,26,86,4
429662.0,0,11,26,86,5
429668.0,0,11,26,86,5
429679.0,0,11,26,87,4
429679.0,0,11,26,86,5
429688.0,0,11,26,87,4
429808.0,0,11,26,87,4
429829.0,0,11,26,87,4
429988.0,0,11,26,87,4
429988.0,0,11,27,86,4
430098.0,4,11,23,86,4
430098.0,0,15,23,86,4
430143.0,2,15,21,86,4
430143.0,0,17,21,86,4
430211.0,2,17,19,86,4
430248.0,2,17,19,86,4
430273.0,2,17,19,86,4
430286.0,3,17,18,86,4
430289.0,3,17,18,90,0
430380.0,3,17,18,90,0
430553.0,3,17,18,90,0
430589.0,3,17,18,90,0
430589.0,3,17,22,86,0
430592.0,3,17,22,86,0
430629.0,4,17,21,86,0
430705.0,10,17,15,86,0
430705.0,2,25,15,86,0
430796.0,2,25,15,86,0
430836.0,3,25,14,86,0
430845.0,3,25,14,86,0
430845.0,2,26,14,86,0
430857.0,2,26,14,86,0
430886.0,2,24,14,72,16
430891.0,2,24,14,72,16
430891.0,0,26,14,72,16
430955.0,0,26,14,88,0
430955.0,0,26,14,72,16
430958.0,0,25,14,57,32
430965.0,0,25,14,57,32
430999.0,3,25,11,57,32
431018.0,3,25,11,73,16
431018.0,0,28,11,73,16
431035.0,0,28,11,89,0
431035.0,0,28,11,73,16
431188.0,0,28,11,89,0
431188.0,0,28,11,73,16
431212.0,0,28,11,73,16
431288.0,6,28,5,73,16
431288.0,2,32,5,73,16
431318.0,2,32,5,73,16
431318.0,2,32,7,71,16
431335.0,2,32,7,71,16
431335.0,2,32,8,70,16
431347.0,2,32,8,70,16
431434.0,2,32,8,86,0
431434.0,0,34,8,86,0
431599.0,0,33,8,55,32
431609.0,0,33,8,87,0
431609.0,0,33,8,55,32
431718.0,0,33,8,87,0
431718.0,0,33,8,55,32
431734.0,0,33,8,55,32
431734.0,0,33,9,54,32
431746.0,0,33,9,54,32
431746.0,0,33,9,53,33
431788.0,1,33,8,53,33
431888.0,1,27,8,27,65
431892.0,1,27,8,28,64
431909.0,1,27,8,28,64
432163.0,1,27,8,28,64
432163.0,0,28,8,28,64
432192.0,0,28,8,28,64
432192.0,0,28,9,27,64
432196.0,0,28,9,59,32
432196.0,0,28,9,27,64
432305.0,0,27,9,27,65
432322.0,0,27,9,28,64
432389.0,4,27,5,28,64
432399.0,4,27,5,28,64
432399.0,3,28,5,28,64
432426.0,3,28,5,60,32
432426.0,0,31,5,60,32
432508.0,0,31,5,60,32
432616.0,0,31,5,92,0
432616.0,0,31,5,60,32
432622.0,0,31,5,60,32
432622.0,0,31,6,59,32
432672.0,0,31,6,75,16
432672.0,0,31,6,59,32
432690.0,0,31,6,75,16
432690.0,0,31,6,59,32
432723.0,0,31,6,59,32
432723.0,0,31,6,58,33
432740.0,0,31,6,74,17
432750.0,0,31,6,90,1
432798.0,0,27,6,90,5
432826.0,0,27,6,94,1
432843.0,0,25,6,94,3
432864.0,0,25,6,96,1
432866.0,0,25,6,96,1
432866.0,0,25,6,64,33
432916.0,0,25,6,64,33
432916.0,0,25,8,62,33
433118.0,2,25,6,62,33
433124.0,2,25,6,62,33
433124.0,0,27,6,62,33
433126.0,0,27,6,62,33
433126.0,0,27,10,58,33
433135.0,1,27,9,58,33
433147.0,1,27,9,58,33
433268.0,1,27,9,58,33
433268.0,0,28,9,58,33
433332.0,0,28,9,90,1
433332.0,0,28,9,88,3
433337.0,0,28,9,88,3
433337.0,0,28,9,87,4
433341.0,0,28,9,87,4
433341.0,0,28,9,86,5
433355.0,0,28,9,87,4
433360.0,0,28,9,88,3
433405.0,0,20,9,88,11
433447.0,0,20,9,88,11
433534.0,1,20,8,88,11
433545.0,1,19,8,88,12
433591.0,1,17,8,88,14
433613.0,1,17,8,96,6
433613.0,0,18,8,96,6
433632.0,0,18,8,96,6
433632.0,0,18,10,94,6
433705.0,0,18,10,95,5
433718.0,0,15,10,82,21
433774.0,0,15,10,98,5
433913.0,0,15,10,98,5
433913.0,0,15,15,93,5
433983.0,0,15,15,94,4
433985.0,0,15,15,94,4
433988.0,0,11,15,94,8
433992.0,1,11,14,94,8
434005.0,1,11,14,94,8
434005.0,1,11,15,93,8
434072.0,1,11,15,93,8
434072.0,0,12,15,93,8
434074.0,0,12,15,93,8
434074.0,0,12,31,77,8
434134.0,0,10,31,63,24
434156.0,0,10,31,79,8
434283.0,0,10,31,79,8
434283.0,0,10,32,78,8
434286.0,0,10,32,80,6
434301.0,0,10,32,80,6
434301.0,0,10,32,76,10
434324.0,0,10,32,76,10
434324.0,0,10,32,74,12
434422.0,1,10,31,74,12
434456.0,1,10,31,74,12
434456.0,1,10,43,62,12
434564.0,1,10,43,62,12
434564.0,0,11,43,62,12
434565.0,0,11,43,64,10
434569.0,0,11,43,64,10
434569.0,0,11,43,63,11
434593.0,0,11,43,64,10
434658.0,0,11,43,64,10
434716.0,2,11,41,64,10
434726.0,2,11,41,64,10
434863.0,2,10,41,64,11
434865.0,2,10,41,64,11
434865.0,2,10,42,63,11
434893.0,2,10,42,63,11
434893.0,2,10,43,62,11
434926.0,6,10,39,62,11
434945.0,6,10,39,63,10
434964.0,6,10,39,63,10
434964.0,5,11,39,63,10
434994.0,5,11,39,67,6
435014.0,5,11,39,67,6
435014.0,4,12,39,67,6
435028.0,4,12,39,67,6
435028.0,3,13,39,67,6
435099.0,3,12,39,67,7
435126.0,3,9,39,38,39
435245.0,3,9,39,38,39
435245.0,3,9,40,37,39
435261.0,3,9,40,41,35
435263.0,3,9,40,43,33
435273.0,3,9,40,44,32
435294.0,3,9,40,44,32
435294.0,3,9,44,40,32
435432.0,5,9,42,40,32
435561.0,5,9,42,40,32
435561.0,5,9,46,36,32
435563.0,5,9,46,36,32
435563.0,5,9,48,34,32
435573.0,5,9,48,34,32
435573.0,5,9,49,33,32
435583.0,5,9,49,33,32
435631.0,5,9,49,33,32
435631.0,4,10,49,33,32
435695.0,4,10,49,33,32
435695.0,3,11,49,33,32
435713.0,8,11,44,33,32
435713.0,0,19,44,33,32
435718.0,0,19,44,33,32
435739.0,0,19,44,33,32
435774.0,0,19,44,33,32
435796.0,0,19,44,33,32
435800.0,0,19,44,33,32
435805.0,1,19,43,33,32
435824.0,1,17,43,31,36
435833.0,1,17,43,31,36
435849.0,1,17,43,31,36
435859.0,1,17,43,31,36
435874.0,17,17,27,31,36
435874.0,1,33,27,31,36
435887.0,1,33,27,31,36
435892.0,1,33,27,63,4
435892.0,0,34,27,63,4
435915.0,0,34,27,63,4
435928.0,0,34,27,63,4
435935.0,0,34,27,63,4
435940.0,0,34,27,63,4
435950.0,0,34,27,63,4
435968.0,0,33,27,63,5
435982.0,0,33,27,63,5
435995.0,0,33,27,63,5
436064.0,0,33,27,63,5
436070.0,0,33,27,63,5
436083.0,1,33,26,63,5
436083.0,0,34,26,63,5
436192.0,0,34,26,63,5
436256.0,12,34,14,63,5
436256.0,0,46,14,63,5
436265.0,0,46,14,63,5
436313.0,0,45,14,32,37
436665.0,1,45,13,32,37
436665.0,0,46,13,32,37
436684.0,0,46,13,33,36
436693.0,1,46,12,33,36
436693.0,0,47,12,33,36
436772.0,0,46,12,33,37
436799.0,0,46,12,37,33
436799.0,0,46,12,33,37
436802.0,0,46,12,37,33
436806.0,0,46,12,69,1
436806.0,0,46,12,37,33
436873.0,0,46,12,38,32
436984.0,0,46,12,38,32
437045.0,1,46,11,38,32
437094.0,5,46,7,38,32
437094.0,0,51,7,38,32
437102.0,0,51,7,38,32
437102.0,0,51,9,36,32
437264.0,0,50,9,36,33
437299.0,0,50,9,37,32
437361.0,4,50,5,37,32
437363.0,6,50,3,37,32
437373.0,7,50,2,37,32
437373.0,0,57,2,37,32
437599.0,0,57,2,37,32
437664.0,0,56,2,37,33
437685.0,0,56,2,38,32
437714.0,0,55,2,38,33
437721.0,0,55,2,39,32
437728.0,0,54,2,39,33
437852.0,0,54,2,40,32
437985.0,0,54,2,40,32
437985.0,0,54,3,39,32
438021.0,0,54,3,39,32
438021.0,0,54,4,38,32
438103.0,0,54,4,38,32
438132.0,0,54,4,38,32
438135.0,0,54,4,38,32
438152.0,0,54,4,38,32
438152.0,0,54,5,37,32
438162.0,0,54,5,37,32
438182.0,0,54,5,37,32
438210.0,0,54,5,69,0
438210.0,0,54,5,37,32
438241.0,0,54,5,37,32
438254.0,0,54,5,37,32
438299.0,0,54,5,37,32
438331.0,0,53,5,37,33
438380.0,0,53,5,38,32
438390.0,0,53,5,38,32
438395.0,0,52,5,38,33
438413.0,0,44,5,39,40
438413.0,0,44,5,37,42
438438.0,0,44,5,39,40
438438.0,0,44,5,37,42
438450.0,0,44,5,37,42
438473.0,0,44,5,69,10
438473.0,0,44,5,37,42
438476.0,0,44,5,45,34
438476.0,0,44,5,37,42
438481.0,0,44,5,39,40
438490.0,0,44,5,39,40
438505.0,0,44,5,43,36
438505.0,0,44,5,39,40
438512.0,0,44,5,39,40
438528.0,0,44,5,43,36
438528.0,0,44,5,39,40
438532.0,0,44,5,43,36
438539.0,0,44,5,51,28
438539.0,0,44,5,43,36
438540.0,0,44,5,43,36
438561.0,0,44,5,47,32
438574.0,0,28,5,47,48
438577.0,0,28,5,49,46
438578.0,0,28,5,51,44
438588.0,0,28,5,55,40
438588.0,0,28,5,39,56
438591.0,0,28,5,55,40
438592.0,0,27,5,24,72
438599.0,0,27,5,28,68
438600.0,0,27,5,36,60
438680.0,0,27,5,36,60
438708.0,0,27,5,52,44
438708.0,0,27,5,20,76
438711.0,0,27,5,52,44
438711.0,0,27,5,20,76
438714.0,0,27,5,52,44
438714.0,0,27,5,20,76
438781.0,0,27,5,28,68
438783.0,0,26,5,27,70
438786.0,0,26,5,29,68
438839.0,0,26,5,29,68
438839.0,0,26,7,27,68
438874.0,0,26,7,31,64
438891.0,0,26,7,31,64
438891.0,0,26,15,23,64
438900.0,0,26,15,23,64
438900.0,0,26,19,19,64
438902.0,2,26,17,19,64
438956.0,2,14,17,19,76
438959.0,2,14,17,23,72
438960.0,2,14,17,27,68
438987.0,2,14,17,31,64
439014.0,2,14,17,63,32
439081.0,2,14,17,63,32
439081.0,2,14,25,55,32
439086.0,2,14,25,55,32
439086.0,2,14,27,53,32
439153.0,2,14,27,85,0
439153.0,0,16,27,85,0
439174.0,0,16,27,85,0
439174.0,0,16,31,81,0
439260.0,0,16,31,81,0
439260.0,0,16,33,79,0
439314.0,0,16,33,79,0
439314.0,0,16,43,69,0
439343.0,0,16,43,69,0
439343.0,0,16,43,68,1
439358.0,0,16,43,69,0
439365.0,0,15,43,69,1
439368.0,0,15,43,70,0
439393.0,0,14,43,69,2
439396.0,0,14,43,71,0
439444.0,0,14,43,71,0
439444.0,0,14,43,70,1
439453.0,0,14,43,70,1
439453.0,0,14,44,69,1
439486.0,0,14,44,69,1
439668.0,0,14,44,69,1
439668.0,0,14,45,68,1
439696.0,0,14,45,68,1
439696.0,0,14,47,66,1
439705.0,0,14,47,67,0
439785.0,1,14,46,67,0
439794.0,1,9,46,64,8
439797.0,1,9,46,72,0
439797.0,0,10,46,72,0
439821.0,1,10,45,72,0
439829.0,1,10,45,72,0
439829.0,0,11,45,72,0
439893.0,0,11,45,72,0
439923.0,0,11,45,72,0
439952.0,1,11,44,72,0
440005.0,1,11,44,72,0
440073.0,1,4,44,71,8
440076.0,1,4,44,79,0
440097.0,1,4,44,79,0
440097.0,1,4,50,73,0
440295.0,1,4,50,73,0
440295.0,0,5,50,73,0
440376.0,0,5,50,73,0
440376.0,0,5,58,65,0
440516.0,0,5,58,65,0
440517.0,0,5,58,65,0
440579.0,0,5,58,65,0
440639.0,2,5,56,65,0
440639.0,0,7,56,65,0
440691.0,8,7,48,65,0
440691.0,7,8,48,65,0
440700.0,11,8,44,65,0
440718.0,11,8,44,65,0
440881.0,19,8,36,65,0
440884.0,19,8,36,65,0
440884.0,15,12,36,65,0
440886.0,17,12,34,65,0
440951.0,17,12,34,65,0
440951.0,16,13,34,65,0
440974.0,20,13,30,65,0
440993.0,20,13,30,65,0
440993.0,12,21,30,65,0
441060.0,14,21,28,65,0
441114.0,24,21,18,65,0
441187.0,24,21,18,65,0
441187.0,23,22,18,65,0
441253.0,24,22,17,65,0
441468.0,25,22,16,65,0
441496.0,27,22,14,65,0
441684.0,27,22,14,65,0
441684.0,19,30,14,65,0
441853.0,19,28,14,3,64
441897.0,25,28,8,3,64
442127.0,25,28,8,67,0
442127.0,25,28,8,3,64
442176.0,33,28,0,3,64
442199.0,33,28,0,3,64
442344.0,33,28,0,3,64
442351.0,33,28,0,67,0
442351.0,33,28,0,3,64
442497.0,33,27,0,0,68
442529.0,33,26,0,0,69
442594.0,33,26,0,64,5
442594.0,33,26,0,0,69
442659.0,33,26,0,1,68
442659.0,33,26,0,0,69
442705.0,33,26,0,0,69
442711.0,33,26,0,0,69
442776.0,33,26,0,1,68
442776.0,33,26,0,0,69
442787.0,33,26,0,4,65
442787.0,33,26,0,3,66
442805.0,33,26,0,67,2
442805.0,33,26,0,3,66
442807.0,33,26,0,4,65
442814.0,33,26,0,4,65
442815.0,33,26,0,5,64
442914.0,33,26,0,5,64
442919.0,33,26,0,69,0
442919.0,33,26,0,5,64
442995.0,33,25,0,5,65
443002.0,33,25,0,5,65
443002.0,33,25,0,4,66
443087.0,33,25,0,4,66
443087.0,33,25,1,3,66
443087.0,17,41,1,3,66
443105.0,17,41,1,3,66
443105.0,17,41,3,1,66
443107.0,17,41,3,1,66
443107.0,17,41,4,0,66
443122.0,17,41,4,1,65
443125.0,17,41,4,65,1
443125.0,0,58,4,65,1
443170.0,0,58,4,66,0
443237.0,0,58,4,66,0
443237.0,0,58,4,65,1
443308.0,0,58,4,66,0
443311.0,0,58,4,66,0
443339.0,0,56,4,66,2
443354.0,0,56,4,67,1
443357.0,0,56,4,67,1
443357.0,0,56,4,63,5
443359.0,0,56,4,67,1
443391.0,0,55,4,67,2
443414.0,0,55,4,68,1
443422.0,0,55,4,68,1
443422.0,0,55,5,67,1
443425.0,0,55,5,67,1
443425.0,0,55,18,54,1
443470.0,0,55,18,54,1
443470.0,0,55,19,53,1
443552.0,0,55,19,54,0
443584.0,0,51,19,54,4
443650.0,0,51,19,58,0
443651.0,0,50,19,58,1
443654.0,0,50,19,58,1
443654.0,0,50,20,49,9
443693.0,0,42,20,49,17
443709.0,0,42,20,49,17
443709.0,0,42,20,48,18
443710.0,0,42,20,48,18
443710.0,0,42,20,47,19
443724.0,0,42,20,48,18
443732.0,0,42,20,49,17
443787.0,0,42,20,49,17
443810.0,0,42,20,50,16
443835.0,0,42,20,58,8
443852.0,0,42,20,58,8
443872.0,0,42,20,58,8
443872.0,0,42,20,50,16
443887.0,0,41,20,50,17
444008.0,0,41,20,50,17
444008.0,0,41,20,49,18
444024.0,0,41,20,49,18
444032.0,0,41,20,49,18
444032.0,0,41,21,48,18
444042.0,0,41,21,49,17
444048.0,0,41,21,50,16
444052.0,0,41,21,58,8
444110.0,0,41,21,58,8
444110.0,0,41,22,57,8
444137.0,0,41,22,65,0
444297.0,0,41,22,65,0
444297.0,0,41,22,64,1
444307.0,0,41,22,64,1
444307.0,0,41,22,63,2
444313.0,0,41,22,64,1
444316.0,0,41,22,65,0
444342.0,0,41,22,65,0
444342.0,0,41,23,64,0
444348.0,0,41,23,64,0
444348.0,0,41,24,63,0
444352.0,0,41,24,63,0
444352.0,0,41,32,55,0
444384.0,0,33,32,55,8
444416.0,0,33,32,55,8
444437.0,0,33,32,55,8
444437.0,0,33,38,49,8
444597.0,0,33,38,49,8
444613.0,0,33,38,49,8
444613.0,0,33,39,48,8
444616.0,0,33,39,48,8
444616.0,0,33,40,47,8
444669.0,0,33,40,55,0
444669.0,0,33,40,47,8
444703.0,0,33,40,47,8
444821.0,0,33,40,55,0
444821.0,0,33,40,51,4
444864.0,0,33,40,55,0
444887.0,1,33,39,55,0
444890.0,1,33,39,55,0
444890.0,0,34,39,55,0
444905.0,2,34,37,55,0
444907.0,3,34,36,55,0
444932.0,3,34,36,55,0
444932.0,0,37,36,55,0
445121.0,0,37,36,55,0
445130.0,0,37,36,55,0
445203.0,0,37,36,55,0
445222.0,1,37,35,55,0
445225.0,14,37,22,55,0
445225.0,2,49,22,55,0
445270.0,3,49,21,55,0
445386.0,3,49,21,55,0
445433.0,3,49,21,55,0
445454.0,4,49,20,55,0
445454.0,0,53,20,55,0
445465.0,0,53,20,55,0
445683.0,0,53,20,55,0
445706.0,0,53,20,55,0
445787.0,0,37,20,55,16
445825.0,0,20,20,8,80
445832.0,1,20,19,8,80
445869.0,1,20,19,72,16
445869.0,0,21,19,72,16
445910.0,1,21,18,72,16
445910.0,0,22,18,72,16
445981.0,0,22,18,80,8
445981.0,0,22,18,72,16
445996.0,0,22,18,80,8
445996.0,0,22,18,76,12
446061.0,0,22,18,76,12
446086.0,0,22,18,76,12
446086.0,0,22,18,72,16
446093.0,0,22,18,72,16
446122.0,0,22,18,72,16
446123.0,0,22,18,80,8
446123.0,0,22,18,78,10
446142.0,1,22,17,78,10
446148.0,2,22,16,78,10
446152.0,10,22,8,78,10
446169.0,10,22,8,78,10
446193.0,10,22,8,78,10
446193.0,9,23,8,78,10
446196.0,9,23,8,78,10
446196.0,8,24,8,78,10
446224.0,8,24,8,78,10
446224.0,4,28,8,78,10
446237.0,10,28,2,78,10
446294.0,10,28,2,82,6
446295.0,10,28,2,84,4
446296.0,10,28,2,84,4
446307.0,10,28,2,84,4
446343.0,10,28,2,84,4
446343.0,10,28,2,80,8
446367.0,10,28,2,80,8
446369.0,10,28,2,80,8
446369.0,10,28,2,78,10
446371.0,10,28,2,82,6
446413.0,11,28,1,82,6
446416.0,12,28,0,82,6
446423.0,12,28,0,82,6
446423.0,12,28,2,80,6
446423.0,0,40,2,80,6
446594.0,0,40,2,80,6
446594.0,0,40,6,76,6
446757.0,0,40,6,80,2
446760.0,0,40,6,80,2
446760.0,0,40,6,76,6
446782.0,0,40,6,80,2
446824.0,0,40,6,80,2
446824.0,0,40,6,79,3
446827.0,0,40,6,79,3
446854.0,0,40,6,81,1
446863.0,0,40,6,81,1
446863.0,0,40,6,77,5
446885.0,0,40,6,78,4
446889.0,0,40,6,78,4
446889.0,0,40,6,76,6
446911.0,0,40,6,76,6
447029.0,0,40,6,76,6
447057.0,0,40,6,76,6
447082.0,0,40,6,76,6
447145.0,0,40,6,76,6
447147.0,0,40,6,76,6
447154.0,0,40,6,76,6
447186.0,0,40,6,76,6
447307.0,0,40,6,76,6
447435.0,0,40,6,82,0
447435.0,0,40,6,76,6
447461.0,0,40,6,77,5
447473.0,0,40,6,78,4
447485.0,0,40,6,78,4
447522.0,0,40,6,82,0
447524.0,0,40,6,82,0
447524.0,0,40,6,78,4
447548.0,0,40,6,78,4
447548.0,0,40,6,76,6
447553.0,0,40,6,76,6
447590.0,0,39,6,73,10
447612.0,0,39,6,73,10
447632.0,0,36,6,68,18
447665.0,0,36,6,72,14
447665.0,0,36,6,71,15
447717.0,0,36,6,71,15
447717.0,0,36,6,70,16
447751.0,0,36,6,70,16
447751.0,0,36,6,68,18
447752.0,0,36,6,76,10
447752.0,0,36,6,68,18
447761.0,0,36,6,68,18
447770.0,0,36,6,69,17
447777.0,0,36,6,70,16
447870.0,0,36,6,72,14
447893.0,0,36,6,72,14
447893.0,0,36,6,68,18
447925.0,0,24,6,68,30
447931.0,0,24,6,68,30
447965.0,0,24,6,68,30
447971.0,0,24,6,72,26
447971.0,0,24,6,71,27
447975.0,0,24,6,75,23
447986.0,0,24,6,76,22
447986.0,0,24,6,68,30
447991.0,0,24,6,68,30
448006.0,0,24,6,76,22
448006.0,0,24,6,68,30
448046.0,0,24,6,76,22
448070.0,0,24,6,76,22
448086.0,0,24,6,76,22
448087.0,0,24,6,84,14
448087.0,0,24,6,68,30
448154.0,0,20,6,68,34
448176.0,0,20,6,68,34
448199.0,0,20,6,84,18
448199.0,0,20,6,68,34
448216.0,0,20,6,84,18
448216.0,0,20,6,68,34
448223.0,2,20,4,68,34
448243.0,2,20,4,84,18
448243.0,0,22,4,84,18
448271.0,0,22,4,84,18
448279.0,0,22,4,92,10
448346.0,0,22,4,92,10
448354.0,0,22,4,92,10
448354.0,0,22,4,90,12
448369.0,0,22,4,90,12
448369.0,0,22,4,89,13
448390.0,0,22,4,90,12
448394.0,4,22,0,90,12
448470.0,4,22,0,92,10
448471.0,4,22,0,92,10
448502.0,4,22,0,92,10
448502.0,4,22,0,91,11
448543.0,4,22,0,92,10
448543.0,4,22,2,90,10
448569.0,4,21,2,27,74
448574.0,4,21,2,33,68
448579.0,4,21,2,33,68
448579.0,4,21,7,28,68
448586.0,4,21,7,28,68
448586.0,4,21,7,24,72
448588.0,4,21,7,24,72
448609.0,4,21,7,24,72
448609.0,4,21,7,22,74
448610.0,4,20,7,21,76
448628.0,4,20,7,21,76
448628.0,0,24,7,21,76
448672.0,0,24,7,85,12
448672.0,0,24,7,21,76
448690.0,0,24,7,21,76
448716.0,0,24,7,21,76
448757.0,0,24,7,21,76
448780.0,0,24,7,85,12
448780.0,0,24,7,21,76
448826.0,0,24,7,85,12
448826.0,0,24,7,21,76
448830.0,0,24,7,21,76
448830.0,0,24,7,20,77
448854.0,0,24,7,21,76
448864.0,0,24,7,85,12
448864.0,0,24,7,21,76
448890.0,0,24,7,21,76
448893.0,0,23,7,21,77
448896.0,0,22,7,21,78
448915.0,0,22,7,22,77
448915.0,0,22,7,18,81
448917.0,0,22,7,19,80
448918.0,0,22,7,19,80
448924.0,0,18,7,19,84
448934.0,0,18,7,23,80
448950.0,0,18,7,27,76
448950.0,0,18,7,19,84
448961.0,0,18,7,21,82
448971.0,0,18,7,85,18
448971.0,0,18,7,21,82
448972.0,0,18,7,21,82
448988.0,0,18,7,25,78
449031.0,0,18,7,25,78
449074.0,0,18,7,33,70
449077.0,0,18,7,97,6
449077.0,0,18,7,33,70
449112.0,0,18,7,33,70
449123.0,0,6,7,29,86
449147.0,0,6,7,93,22
449147.0,0,6,7,28,87
449169.0,0,6,7,29,86
449175.0,0,6,7,29,86
449175.0,0,6,7,28,87
449182.0,0,6,7,29,86
449188.0,0,6,7,29,86
449188.0,0,6,7,28,87
449196.0,0,6,7,29,86
449217.0,0,6,7,29,86
449234.0,0,6,7,29,86
449234.0,0,6,8,28,86
449261.0,0,6,8,28,86
449261.0,0,6,9,27,86
449271.0,0,6,9,27,86
449271.0,0,6,10,26,86
449274.0,0,6,10,90,22
449274.0,0,6,10,26,86
449303.0,0,6,10,26,86
449374.0,0,6,10,26,86
449374.0,0,6,14,22,86
449377.0,0,6,14,22,86
449377.0,0,6,21,15,86
449401.0,0,6,21,15,86
449496.0,0,6,21,15,86
449496.0,0,6,22,14,86
449525.0,0,6,22,78,22
449525.0,0,6,22,14,86
449622.0,0,6,22,30,70
449622.0,0,6,22,14,86
449794.0,0,6,22,30,70
449946.0,0,6,22,94,6
449946.0,0,6,22,30,70
450005.0,0,6,22,94,6
450005.0,0,6,22,30,70
450057.0,0,6,22,94,6
450057.0,0,6,22,30,70
450094.0,0,6,22,30,70
450094.0,0,6,30,22,70
450103.0,0,6,30,86,6
450103.0,0,6,30,22,70
450139.0,0,6,30,86,6
450139.0,0,6,30,22,70
450172.0,0,6,30,86,6
450172.0,0,6,30,22,70
450210.0,0,6,30,86,6
450210.0,0,6,30,22,70
450244.0,0,6,30,86,6
450244.0,0,6,30,22,70
450246.0,0,6,30,22,70
450246.0,0,6,38,14,70
450282.0,0,6,38,78,6
450282.0,0,6,38,14,70
450328.0,0,6,38,78,6
450328.0,0,6,38,14,70
450343.0,2,6,36,14,70
450369.0,2,6,36,78,6
450369.0,0,8,36,78,6
450379.0,5,8,31,78,6
450448.0,5,8,31,78,6
450669.0,5,8,31,78,6
450669.0,5,8,33,76,6
450943.0,5,6,33,62,22
451022.0,5,6,33,78,6
451034.0,6,6,32,78,6
451061.0,7,6,31,78,6
451071.0,8,6,30,78,6
451115.0,8,6,30,82,2
451127.0,8,6,30,84,0
451174.0,12,6,26,84,0
451174.0,0,18,26,84,0
451177.0,7,18,19,84,0
451282.0,7,18,19,84,0
451296.0,8,18,18,84,0
451322.0,8,18,18,84,0
451322.0,8,18,20,82,0
451328.0,8,14,20,82,4
451361.0,8,14,20,86,0
451661.0,8,14,20,86,0
451661.0,8,14,24,82,0
451894.0,16,14,16,82,0
452046.0,24,14,8,82,0
452341.0,24,14,8,82,0
452341.0,23,15,8,82,0
452469.0,25,15,6,82,0
452695.0,25,15,6,82,0
452695.0,24,16,6,82,0
452696.0,24,16,6,82,0
452696.0,23,17,6,82,0
452835.0,23,17,6,82,0
453069.0,23,15,6,20,64
453115.0,23,15,6,84,0
453115.0,0,38,6,84,0
453122.0,2,38,4,84,0
453415.0,2,38,4,84,0
453415.0,2,38,27,61,0
453454.0,2,38,27,61,0
453461.0,6,38,23,61,0
453874.0,6,26,23,41,32
454268.0,6,26,23,73,0
454268.0,0,32,23,73,0
454568.0,0,32,23,73,0
454568.0,0,32,29,67,0
454776.0,0,32,29,67,0
455041.0,0,31,29,67,1
455060.0,0,31,29,68,0
455060.0,0,31,29,67,1
455078.0,0,31,29,68,0
455215.0,23,31,6,68,0
455378.0,23,31,6,68,0
455378.0,23,31,7,67,0
455395.0,23,30,7,67,1
455396.0,23,29,7,67,2
455407.0,23,29,7,68,1
455418.0,23,29,7,69,0
455707.0,23,29,7,69,0
455707.0,23,29,8,68,0
455718.0,23,29,8,68,0
455718.0,23,29,9,67,0
455815.0,23,6,9,26,64
455864.0,23,6,9,90,0
455864.0,0,29,9,90,0
455961.0,0,29,9,90,0
456038.0,0,29,9,90,0
456164.0,0,29,9,90,0
456164.0,0,29,32,67,0
456368.0,6,29,26,67,0
456643.0,6,29,26,67,0
456643.0,5,30,26,67,0
456743.0,5,30,26,67,0
456822.0,5,30,26,67,0
456822.0,4,31,26,67,0
456968.0,4,25,26,41,32
457178.0,5,25,25,41,32
457476.0,5,25,25,73,0
457476.0,0,30,25,73,0
457507.0,1,30,24,73,0
457518.0,2,30,23,73,0
457635.0,2,30,23,73,0
457635.0,1,31,23,73,0
457751.0,1,31,23,73,0
457751.0,0,32,23,73,0
457776.0,0,32,23,73,0
457776.0,0,32,28,68,0
457964.0,23,32,5,68,0
457964.0,7,48,5,68,0
458012.0,7,48,5,68,0
458012.0,5,50,5,68,0
458564.0,5,27,5,27,64
458601.0,5,27,5,91,0
458601.0,0,32,5,91,0
458628.0,0,32,5,91,0
458901.0,0,32,5,91,0
458901.0,0,32,10,86,0
459343.0,0,31,10,86,1
459391.0,0,31,10,87,0
459522.0,0,30,10,87,1
459542.0,0,30,10,88,0
459576.0,5,30,5,88,0
459691.0,5,30,5,88,0
459691.0,5,30,6,87,0
459842.0,5,30,6,87,0
459842.0,5,30,7,86,0
460176.0,5,25,7,59,32
460335.0,5,24,7,59,33
460427.0,5,24,7,60,32
460451.0,5,23,7,60,33
460556.0,5,23,7,61,32
460583.0,5,23,7,93,0
460583.0,0,28,7,93,0
460664.0,0,12,7,93,16
460701.0,5,12,2,93,16
460712.0,5,10,2,93,18
460727.0,5,10,2,93,18
460803.0,5,10,2,95,16
460850.0,5,10,2,111,0
460883.0,5,10,2,111,0
460883.0,5,10,9,104,0
461103.0,5,10,9,104,0
461103.0,5,10,11,102,0
461150.0,5,10,11,102,0
461150.0,5,10,27,86,0
461301.0,5,5,27,27,64
461332.0,5,5,27,91,0
461332.0,0,10,27,91,0
461491.0,1,10,26,91,0
461632.0,1,10,26,91,0
461632.0,1,10,31,86,0
461642.0,2,10,30,86,0
462683.0,9,10,23,86,0
462903.0,11,10,21,86,0
462950.0,27,10,5,86,0
463283.0,27,5,5,59,32
463432.0,32,5,0,59,32
463452.0,32,5,0,91,0
463452.0,32,5,0,59,32
463883.0,32,5,0,91,0
463883.0,32,5,0,59,32
464032.0,32,0,0,0,96
464065.0,32,0,0,64,32
464065.0,32,0,0,0,96
464098.0,32,0,0,64,32
464098.0,32,0,0,0,96
464134.0,32,0,0,32,64
464134.0,32,0,0,0,96
464212.0,32,0,0,64,32
464212.0,32,0,0,0,96
464329.0,32,0,0,64,32
464329.0,32,0,0,0,96
464440.0,32,0,0,64,32
464440.0,32,0,0,0,96
464489.0,32,0,0,32,64
464489.0,32,0,0,0,96
464551.0,32,0,0,64,32
464551.0,32,0,0,0,96
464654.0,32,0,0,32,64
464654.0,32,0,0,0,96
464657.0,32,0,0,64,32
464657.0,32,0,0,0,96
464790.0,32,0,0,64,32
464790.0,32,0,0,0,96
464878.0,32,0,0,32,64
464878.0,32,0,0,0,96
464920.0,32,0,0,64,32
464920.0,32,0,0,0,96
465043.0,32,0,0,64,32
465043.0,32,0,0,0,96
465158.0,32,0,0,64,32
465158.0,32,0,0,0,96
465269.0,32,0,0,64,32
465269.0,32,0,0,0,96
465374.0,32,0,0,64,32
465374.0,32,0,0,0,96
465481.0,32,0,0,64,32
465481.0,32,0,0,0,96
465587.0,32,0,0,64,32
465587.0,32,0,0,0,96
466286.0,32,0,0,32,64
466286.0,32,0,0,0,96
466613.0,32,0,0,32,64
466613.0,32,0,0,0,96
467042.0,32,0,0,0,96
467927.0,32,0,0,0,96
467934.0,32,0,0,32,64
467934.0,32,0,0,0,96
467937.0,32,0,0,64,32
467937.0,32,0,0,0,96
467949.0,32,0,0,0,96
467982.0,32,0,0,32,64
467982.0,32,0,0,0,96
468124.0,32,0,0,32,64
468124.0,32,0,0,0,96
468340.0,32,0,0,32,64
468340.0,32,0,0,26,70
468640.0,32,0,0,26,70
468640.0,32,0,26,0,70
469926.0,32,0,26,64,6
469926.0,0,32,26,64,6
470041.0,0,32,26,64,6
470041.0,0,32,26,60,10
470062.0,0,32,26,60,10
470062.0,0,32,26,58,12
470226.0,0,32,26,58,12
470226.0,0,32,52,32,12
470357.0,0,32,52,34,10
470377.0,0,32,52,38,6
470440.0,26,32,26,38,6
470657.0,26,32,26,38,6
470657.0,26,32,28,36,6
470677.0,26,32,28,36,6
470677.0,26,32,32,32,6
471663.0,26,32,32,34,4
471666.0,26,32,32,38,0
471669.0,26,32,32,38,0
471765.0,26,32,32,38,0
471963.0,26,32,32,38,0
471963.0,26,32,34,36,0
471966.0,26,32,34,36,0
471966.0,26,32,38,32,0
472026.0,52,32,12,32,0
472457.0,54,32,10,32,0
472477.0,58,32,6,32,0
472626.0,58,0,6,0,64
473042.0,58,0,6,64,0
473042.0,58,0,6,0,64
473763.0,60,0,4,0,64
473766.0,64,0,0,0,64
473914.0,64,0,0,64,0
473914.0,0,64,0,64,0
476614.0,0,0,0,0,128
476719.0,0,0,0,128,0
476719.0,0,0,0,64,64
476719.0,0,0,0,18,110
477019.0,0,0,0,18,110
477019.0,0,0,18,0,110
478819.0,18,0,0,0,110
482668.0,18,0,0,8,102
482697.0,18,0,0,40,70
482706.0,18,0,0,40,70
482968.0,18,0,0,40,70
482968.0,18,0,8,32,70
482997.0,18,0,8,32,70
482997.0,18,0,40,0,70
483805.0,18,0,40,2,68
483833.0,18,0,40,6,64
484105.0,18,0,40,6,64
484105.0,18,0,42,4,64
484133.0,18,0,42,4,64
484133.0,18,0,46,0,64
484768.0,26,0,38,0,64
484797.0,58,0,6,0,64
485905.0,60,0,4,0,64
485933.0,64,0,0,0,64
487643.0,64,0,0,64,0
487643.0,0,64,0,64,0
490343.0,0,0,0,0,128
490432.0,0,0,0,128,0
490432.0,0,0,0,0,128
499301.0,0,0,0,0,128
500168.0,0,0,0,0,128
500720.0,0,0,0,0,128
500947.0,0,0,0,0,128
501071.0,0,0,0,0,128
501211.0,0,0,0,0,128
501295.0,0,0,0,0,128
501356.0,0,0,0,128,0
501356.0,0,0,0,0,128
501384.0,0,0,0,128,0
501384.0,0,0,0,0,128
501400.0,0,0,0,0,128
501565.0,0,0,0,0,128
501708.0,0,0,0,0,128
501836.0,0,0,0,128,0
501836.0,0,0,0,0,128
501914.0,0,0,0,128,0
501914.0,0,0,0,0,128
501965.0,0,0,0,0,128
502000.0,0,0,0,128,0
502000.0,0,0,0,24,104
502000.0,0,0,0,0,128
502062.0,0,0,0,8,120
502062.0,0,0,0,4,124
502079.0,0,0,0,4,124
502106.0,0,0,0,8,120
502106.0,0,0,0,0,128
502158.0,0,0,0,8,120
502300.0,0,0,0,8,120
502362.0,0,0,0,8,120
502458.0,0,0,0,8,120
502458.0,0,0,8,0,120
502547.0,0,0,8,0,120
502684.0,0,0,8,0,120
502729.0,0,0,8,0,120
502773.0,0,0,8,0,120
502796.0,0,0,8,64,56
502796.0,0,0,8,0,120
503164.0,0,0,8,0,120
503186.0,0,0,8,0,120
503274.0,0,0,8,0,120
503278.0,0,0,8,0,120
503337.0,0,0,8,0,120
503417.0,0,0,8,0,120
503562.0,0,0,8,64,56
503562.0,0,0,8,0,120
503649.0,0,0,8,0,120
503789.0,0,0,8,0,120
503822.0,0,0,8,64,56
503822.0,0,0,8,0,120
504258.0,8,0,0,0,120
504258.0,1,7,0,0,120
504331.0,1,7,0,64,56
504331.0,1,7,0,32,88
504331.0,0,8,0,32,88
504631.0,0,8,0,32,88
504631.0,0,8,1,31,88
504637.0,0,8,1,31,88
504705.0,0,8,1,31,88
505076.0,0,8,1,31,88
505499.0,0,8,1,31,88
505868.0,0,8,1,31,88
505890.0,0,8,1,31,88
506112.0,0,8,1,31,88
506248.0,0,8,1,31,88
506249.0,0,8,1,31,88
506262.0,0,8,1,31,88
506333.0,0,8,1,31,88
506375.0,0,8,1,31,88
506431.0,1,8,0,31,88
506573.0,1,8,0,31,88
506603.0,1,8,0,31,88
506614.0,1,8,0,31,88
506726.0,1,8,0,31,88
506958.0,1,1,0,31,95
506962.0,1,1,0,32,94
506978.0,1,1,0,33,93
506979.0,1,1,0,34,92
506982.0,1,1,0,35,91
506985.0,1,1,0,36,90
506998.0,1,1,0,37,89
507031.0,1,0,0,6,121
507031.0,0,1,0,0,127
507054.0,0,1,0,1,126
507054.0,0,1,0,0,127
507072.0,0,1,0,1,126
507072.0,0,1,0,0,127
507084.0,0,1,0,1,126
507084.0,0,1,0,0,127
507090.0,0,1,0,1,126
507093.0,0,1,0,2,125
507103.0,0,1,0,6,121
507119.0,0,1,0,38,89
507119.0,0,1,0,6,121
507129.0,0,1,0,7,120
507139.0,0,1,0,39,88
507139.0,0,1,0,7,120
507211.0,0,1,0,23,104
507211.0,0,1,0,7,120
507262.0,0,1,0,7,120
507390.0,0,1,0,7,120
507419.0,0,1,0,7,120
507439.0,0,1,0,7,120
507439.0,0,1,7,0,120
507554.0,0,1,7,0,120
507604.0,0,1,7,8,112
507604.0,0,1,7,0,120
507617.0,0,1,7,16,104
507617.0,0,1,7,0,120
507620.0,0,1,7,0,120
507756.0,0,1,7,0,120
507794.0,0,1,7,0,120
508012.0,0,1,7,0,120
508033.0,0,1,7,16,104
508033.0,0,1,7,0,120
508054.0,0,1,7,8,112
508159.0,0,1,7,8,112
508159.0,0,1,7,7,113
508173.0,0,1,7,8,112
508284.0,0,1,7,8,112
508299.0,0,1,7,16,104
508299.0,0,1,7,0,120
508324.0,0,1,7,0,120
508352.0,0,1,7,0,120
508354.0,0,1,7,0,120
508454.0,0,1,7,16,104
508454.0,0,1,7,0,120
508522.0,0,1,7,0,120
508593.0,0,1,7,16,104
508593.0,0,1,7,0,120
508603.0,0,1,7,8,112
508603.0,0,1,7,0,120
508610.0,0,1,7,0,120
508620.0,0,1,7,0,120
508711.0,0,1,7,0,120
508716.0,0,1,7,0,120
508803.0,0,1,7,8,112
508803.0,0,1,7,6,114
508810.0,0,1,7,7,113
508815.0,0,1,7,8,112
508885.0,0,1,7,8,112
508942.0,0,1,7,24,96
509027.0,0,1,7,24,96
509103.0,0,1,7,24,96
509103.0,0,1,13,18,96
509110.0,0,1,13,18,96
509110.0,0,1,14,17,96
509115.0,0,1,14,17,96
509115.0,0,1,15,16,96
509154.0,0,1,15,16,96
509239.0,7,1,8,16,96
509242.0,7,1,8,16,96
509242.0,7,1,24,0,96
509269.0,7,1,24,0,96
509332.0,7,1,24,0,96
509339.0,7,1,24,0,96
509391.0,7,1,24,0,96
509580.0,7,1,24,0,96
509598.0,7,1,24,8,88
509598.0,7,1,24,0,96
509603.0,7,1,24,0,96
509731.0,7,0,24,0,97
509760.0,7,0,24,1,96
509823.0,7,0,24,1,96
509945.0,7,0,24,1,96
509999.0,7,0,24,5,92
509999.0,7,0,24,1,96
510060.0,7,0,24,1,96
510134.0,7,0,24,1,96
510148.0,7,0,24,1,96
510148.0,7,0,24,0,97
510162.0,7,0,24,0,97
510172.0,7,0,24,1,96
510216.0,7,0,24,1,96
510216.0,7,0,24,0,97
510218.0,7,0,24,0,97
510237.0,7,0,24,1,96
510257.0,7,0,24,1,96
510283.0,7,0,24,5,92
510283.0,7,0,24,3,94
510291.0,7,0,24,3,94
510299.0,7,0,24,3,94
510317.0,7,0,24,3,94
510317.0,7,0,24,2,95
510349.0,7,0,24,2,95
510349.0,7,0,24,1,96
510372.0,7,0,24,1,96
510375.0,7,0,24,2,95
510380.0,7,0,24,2,95
510380.0,7,0,24,1,96
510418.0,7,0,24,2,95
510426.0,7,0,24,3,94
510434.0,7,0,24,3,94
510459.0,7,0,24,3,94
510472.0,7,0,24,3,94
510472.0,0,7,24,3,94
510507.0,0,7,24,3,94
510537.0,0,7,24,3,94
510547.0,0,7,24,3,94
510583.0,0,7,24,3,94
510583.0,0,7,25,2,94
510591.0,0,7,25,2,94
510620.0,0,7,25,2,94
510652.0,0,7,25,2,94
510718.0,0,7,25,2,94
510718.0,0,7,26,1,94
510734.0,0,7,26,1,94
510756.0,0,7,26,1,94
510795.0,0,7,26,1,94
510823.0,0,7,26,1,94
510903.0,6,7,20,1,94
510903.0,0,13,20,1,94
510910.0,1,13,19,1,94
510915.0,2,13,18,1,94
510952.0,2,13,18,1,94
511034.0,2,13,18,1,94
511042.0,18,13,2,1,94
511042.0,2,29,2,1,94
511144.0,2,29,2,1,94
511154.0,2,29,2,1,94
511561.0,2,29,2,1,94
511561.0,1,30,2,1,94
511797.0,1,30,2,1,94
511860.0,1,30,2,1,94
511867.0,1,30,2,1,94
511943.0,1,30,2,1,94
512007.0,1,30,2,1,94
512065.0,1,30,2,1,94
512113.0,1,30,2,1,94
512152.0,1,30,2,1,94
512160.0,1,30,2,1,94
512173.0,1,30,2,1,94
512194.0,1,30,2,5,90
512194.0,1,30,2,1,94
512206.0,1,30,2,1,94
512231.0,1,30,2,5,90
512231.0,1,30,2,3,92
512252.0,1,30,2,3,92
512260.0,1,30,2,5,90
512372.0,1,30,2,5,90
512383.0,2,30,1,5,90
512458.0,2,30,1,7,88
512491.0,2,30,1,7,88
512518.0,3,30,0,7,88
512531.0,3,30,0,7,88
512531.0,3,30,2,5,88
512560.0,3,30,2,5,88
512560.0,3,30,4,3,88
512611.0,3,30,4,3,88
512725.0,3,30,4,3,88
512744.0,3,30,4,3,88
512744.0,3,30,4,2,89
512758.0,3,30,4,2,89
512758.0,3,30,5,1,89
512759.0,3,30,5,2,88
512837.0,3,30,5,2,88
512948.0,3,30,5,2,88
512995.0,3,30,5,2,88
513022.0,3,30,5,10,80
513052.0,3,30,5,42,48
513059.0,3,30,5,42,48
513059.0,3,30,6,41,48
513112.0,3,30,6,41,48
513166.0,3,30,6,57,32
513172.0,3,23,6,56,40
513264.0,3,23,6,64,32
513264.0,3,23,6,0,96
513322.0,3,23,6,0,96
513603.0,3,17,6,0,102
513628.0,3,17,6,1,101
513639.0,3,17,6,2,100
513660.0,3,17,6,2,100
513660.0,2,18,6,2,100
513728.0,2,18,6,2,100
513742.0,2,2,6,2,116
513804.0,2,2,6,2,116
513829.0,2,2,6,10,108
513829.0,2,2,6,6,112
513831.0,2,2,6,6,112
513831.0,2,2,6,4,114
513928.0,2,2,6,4,114
513928.0,2,2,7,3,114
513939.0,2,2,7,3,114
513939.0,2,2,8,2,114
513992.0,2,2,8,6,110
514051.0,2,2,8,6,110
514129.0,2,2,8,6,110
514129.0,2,2,10,4,110
514138.0,2,2,10,4,110
514186.0,2,2,10,12,102
514261.0,2,1,10,12,103
514292.0,2,1,10,12,103
514292.0,2,1,14,8,103
514331.0,4,1,12,8,103
514360.0,6,1,10,8,103
514381.0,6,1,10,8,103
514486.0,6,1,10,8,103
514486.0,6,1,18,0,103
514558.0,7,1,17,0,103
514581.0,7,1,17,1,102
514725.0,7,1,17,1,102
514725.0,0,8,17,1,102
514741.0,0,8,17,1,102
514859.0,1,8,16,1,102
514881.0,1,8,16,1,102
515090.0,1,8,16,1,102
515110.0,1,8,16,1,102
515110.0,0,9,16,1,102
515113.0,0,9,16,1,102
515208.0,0,9,16,33,70
515208.0,0,9,16,1,102
515211.0,0,9,16,1,102
515281.0,0,9,16,1,102
515286.0,0,9,16,33,70
515286.0,0,9,16,1,102
515398.0,0,9,16,33,70
515398.0,0,9,16,1,102
515418.0,0,9,16,33,70
515418.0,0,9,16,1,102
515459.0,0,9,16,33,70
515459.0,0,9,16,1,102
515550.0,0,9,16,33,70
515550.0,0,9,16,1,102
515725.0,0,9,16,1,102
515728.0,1,9,15,1,102
515739.0,2,9,14,1,102
515843.0,2,9,14,33,70
515843.0,0,11,14,33,70
515869.0,0,11,14,33,70
515879.0,0,11,14,35,68
515902.0,0,11,14,39,64
515902.0,0,11,14,31,72
515929.0,2,11,12,31,72
515951.0,2,11,12,39,64
515951.0,2,11,12,31,72
516092.0,6,11,8,31,72
516143.0,6,11,8,31,72
516262.0,6,11,8,31,72
516262.0,5,12,8,31,72
516286.0,13,12,0,31,72
516314.0,13,12,0,31,72
516360.0,13,11,0,31,73
516368.0,13,11,0,32,72
516414.0,13,11,0,40,64
516414.0,13,11,0,32,72
516545.0,13,11,0,32,72
516595.0,13,11,0,32,72
516668.0,13,11,0,32,72
516714.0,13,11,0,32,72
516714.0,13,11,1,31,72
516714.0,1,23,1,31,72
516785.0,1,23,1,31,72
516786.0,1,23,1,31,72
516891.0,1,23,1,39,64
516891.0,0,24,1,39,64
517191.0,0,24,1,39,64
517191.0,0,24,2,38,64
517425.0,0,17,2,37,72
517428.0,0,17,2,37,72
517498.0,0,17,2,45,64
517498.0,0,17,2,37,72
517533.0,0,17,2,45,64
517747.0,0,17,2,45,64
517810.0,0,16,2,45,65
517820.0,0,16,2,45,65
517820.0,0,16,2,44,66
517827.0,0,16,2,45,65
517833.0,0,16,2,45,65
517833.0,0,16,9,38,65
517879.0,0,16,9,102,1
517879.0,0,16,9,38,65
518022.0,0,16,9,70,33
518022.0,0,16,9,38,65
518127.0,0,16,9,38,65
518179.0,0,16,9,38,65
518179.0,0,16,10,37,65
518494.0,0,16,10,69,33
518494.0,0,16,10,37,65
518514.0,1,16,9,37,65
518532.0,1,16,9,37,65
518543.0,1,14,9,7,97
518549.0,1,14,9,39,65
518549.0,0,15,9,39,65
518579.0,0,15,9,39,65
518736.0,0,15,9,39,65
518739.0,0,15,9,71,33
518739.0,0,15,9,39,65
518771.0,0,15,9,71,33
518771.0,0,15,9,39,65
518849.0,0,15,9,39,65
518849.0,0,15,10,38,65
518962.0,0,14,10,38,66
518971.0,0,14,10,39,65
518991.0,1,14,9,39,65
519073.0,1,14,9,71,33
519073.0,0,15,9,71,33
519271.0,0,15,9,71,33
519271.0,0,15,10,70,33
519373.0,0,15,10,70,33
519373.0,0,15,11,69,33
519380.0,0,15,11,70,32
519414.0,0,3,11,70,44
519449.0,0,3,11,70,44
519451.0,0,3,11,74,40
519519.0,0,3,11,74,40
519519.0,0,3,11,73,41
519523.0,0,3,11,81,33
519523.0,0,3,11,73,41
519567.0,0,3,11,81,33
519567.0,0,3,11,73,41
519591.0,0,2,11,66,49
519608.0,0,2,11,75,40
519633.0,7,2,4,75,40
519633.0,0,9,4,75,40
519680.0,0,9,4,75,40
519751.0,0,9,4,75,40
519751.0,0,9,8,71,40
519979.0,1,9,7,71,40
520041.0,1,9,7,71,40
520041.0,0,10,7,71,40
520072.0,0,10,7,71,40
520077.0,0,10,7,79,32
520292.0,0,10,7,79,32
520360.0,0,10,7,111,0
520360.0,0,10,7,79,32
520377.0,0,10,7,79,32
520377.0,0,10,14,72,32
520502.0,0,10,14,104,0
520502.0,0,10,14,72,32
520523.0,0,10,14,104,0
520523.0,0,10,14,72,32
520649.0,1,10,13,72,32
520652.0,1,10,13,72,32
520652.0,0,11,13,72,32
520660.0,0,11,13,72,32
520660.0,0,11,14,71,32
520683.0,0,11,14,103,0
520683.0,0,11,14,71,32
520813.0,0,11,14,71,32
521066.0,0,11,14,71,32
521071.0,1,11,13,71,32
521081.0,1,11,13,103,0
521081.0,1,11,13,71,32
521173.0,2,11,12,71,32
521249.0,2,10,12,40,64
521548.0,2,10,12,40,64
521551.0,6,10,8,40,64
521743.0,6,10,8,40,64
521773.0,6,9,8,9,96
521848.0,6,9,8,41,64
521848.0,6,9,8,9,96
521985.0,6,9,8,9,96
521999.0,6,9,8,41,64
521999.0,0,15,8,37,68
522007.0,0,15,8,37,68
522007.0,0,15,8,35,70
522131.0,0,15,8,35,70
522152.0,0,15,8,35,70
522177.0,7,15,1,35,70
522254.0,7,15,1,35,70
522254.0,6,16,1,35,70
522299.0,6,16,1,35,70
522306.0,6,16,1,35,70
522333.0,6,9,1,26,86
522460.0,7,9,0,26,86
522741.0,7,8,0,26,87
522769.0,7,8,0,27,86
522834.0,7,8,0,43,70
522834.0,7,8,0,27,86
522881.0,7,8,0,27,86
522935.0,7,8,0,27,86
522935.0,7,8,0,26,87
522953.0,7,8,0,27,86
523069.0,7,8,0,27,86
523083.0,7,8,0,27,86
523134.0,7,8,0,27,86
523190.0,7,8,0,43,70
523190.0,7,8,0,27,86
523253.0,7,8,0,27,86
523253.0,7,8,1,26,86
523309.0,7,8,1,26,86
523330.0,7,8,1,26,86
523352.0,7,7,1,26,87
523374.0,7,7,1,27,86
523374.0,0,14,1,27,86
523535.0,0,14,1,43,70
523535.0,0,14,1,27,86
523616.0,0,14,1,59,54
523616.0,0,14,1,27,86
523642.0,0,14,1,59,54
523642.0,0,14,1,27,86
523680.0,0,14,1,43,70
523680.0,0,14,1,27,86
523740.0,0,14,1,27,86
523824.0,0,14,1,27,86
523850.0,0,14,1,27,86
523960.0,0,14,1,59,54
523960.0,0,14,1,27,86
524083.0,0,14,1,29,84
524083.0,0,14,1,28,85
524095.0,0,14,1,32,81
524097.0,0,14,1,33,80
524185.0,0,14,1,49,64
524185.0,0,14,1,33,80
524207.0,0,14,1,33,80
524244.0,0,14,1,33,80
524326.0,0,14,1,33,80
524326.0,0,14,1,32,81
524335.0,0,14,1,33,80
524365.0,0,14,1,49,64
524365.0,0,14,1,33,80
524375.0,0,14,1,65,48
524375.0,0,14,1,33,80
524380.0,0,14,1,65,48
524380.0,0,14,1,33,80
524383.0,0,14,1,33,80
524383.0,0,14,2,32,80
524402.0,0,14,2,64,48
524402.0,0,14,2,32,80
524521.0,0,14,2,32,80
524559.0,0,14,2,64,48
524559.0,0,14,2,32,80
524582.0,0,14,2,32,80
524638.0,0,14,2,64,48
524638.0,0,14,2,32,80
524666.0,0,14,2,48,64
524666.0,0,14,2,32,80
524680.0,0,14,2,32,80
524680.0,0,14,7,27,80
524699.0,0,8,7,1,112
524711.0,0,8,7,1,112
524723.0,0,8,7,33,80
524723.0,0,8,7,1,112
524758.0,0,8,7,9,104
524758.0,0,8,7,1,112
524762.0,0,8,7,9,104
524762.0,0,8,7,1,112
524770.0,0,8,7,33,80
524770.0,0,8,7,1,112
524786.0,0,8,7,9,104
524786.0,0,8,7,1,112
524797.0,0,8,7,1,112
524837.0,0,8,7,1,112
524838.0,0,8,7,33,80
524838.0,0,8,7,9,104
524844.0,0,8,7,17,96
524870.0,0,8,7,21,92
524886.0,0,8,7,53,60
524907.0,0,8,7,61,52
524909.0,0,8,7,65,48
524909.0,0,8,7,1,112
524954.0,0,7,7,1,113
524980.0,0,7,7,2,112
524993.0,0,7,7,2,112
525053.0,1,7,6,2,112
525138.0,1,7,6,2,112
525245.0,1,7,6,2,112
525245.0,0,8,6,2,112
525280.0,0,8,6,2,112
525280.0,0,8,7,1,112
525299.0,0,8,7,1,112
525321.0,0,8,7,1,112
525344.0,0,8,7,1,112
525414.0,0,8,7,1,112
525495.0,0,8,7,17,96
525495.0,0,8,7,6,107
525513.0,0,8,7,7,106
525558.0,0,8,7,11,102
525649.0,0,8,7,11,102
525649.0,0,8,7,7,106
525745.0,0,8,7,7,106
525749.0,0,8,7,11,102
525795.0,0,8,7,11,102
525795.0,0,8,12,6,102
525813.0,0,8,12,6,102
525813.0,0,8,13,5,102
526013.0,0,8,13,37,70
526013.0,0,8,13,5,102
526049.0,0,8,13,5,102
526074.0,0,1,13,4,110
526118.0,0,1,13,4,110
526147.0,0,1,13,4,110
526147.0,0,1,13,3,111
526163.0,0,1,13,4,110
526166.0,0,1,13,4,110
526166.0,0,1,13,3,111
526177.0,0,1,13,4,110
526183.0,1,1,12,4,110
526187.0,1,1,12,12,102
526199.0,1,1,12,28,86
526199.0,0,2,12,28,86
526209.0,0,2,12,28,86
526313.0,0,2,12,28,86
526313.0,0,2,15,25,86
526379.0,0,2,15,41,70
526477.0,0,2,15,41,70
526477.0,0,2,16,40,70
526480.0,5,2,11,40,70
526487.0,5,2,11,40,70
526487.0,5,2,13,38,70
526499.0,5,2,13,38,70
526499.0,5,2,20,31,70
526679.0,5,2,20,31,70
526679.0,5,2,36,15,70
526827.0,5,2,36,15,70
527078.0,5,2,36,15,70
527080.0,6,2,35,15,70
527477.0,6,2,35,15,70
527503.0,6,2,35,79,6
527503.0,6,2,35,15,70
527595.0,11,2,30,15,70
527613.0,12,2,29,15,70
527633.0,12,2,29,15,70
527633.0,11,3,29,15,70
527665.0,11,3,29,15,70
527665.0,10,4,29,15,70
527674.0,10,4,29,15,70
527683.0,10,4,29,15,70
527683.0,9,5,29,15,70
527821.0,9,5,29,15,70
527884.0,9,5,29,15,70
527945.0,9,4,29,15,71
527987.0,9,4,29,16,70
528113.0,12,4,26,16,70
528277.0,13,4,25,16,70
528287.0,15,4,23,16,70
528287.0,0,19,23,16,70
528299.0,7,19,16,16,70
528300.0,7,19,16,16,70
528479.0,23,19,0,16,70
528603.0,23,19,0,18,68
528623.0,23,19,0,22,64
528853.0,23,19,0,22,64
528899.0,23,18,0,7,80
528903.0,23,18,0,7,80
528903.0,23,18,2,5,80
528903.0,7,34,2,5,80
528923.0,7,34,2,5,80
528923.0,7,34,6,1,80
528932.0,7,34,6,65,16
528932.0,0,41,6,65,16
528959.0,0,41,6,65,16
528959.0,0,41,6,64,17
529005.0,0,41,6,65,16
529018.0,0,41,6,65,16
529018.0,0,41,6,64,17
529037.0,0,41,6,65,16
529043.0,0,41,6,65,16
529043.0,0,41,6,61,20
529066.0,0,41,6,61,20
529066.0,0,41,6,59,22
529129.0,0,41,6,59,22
529129.0,0,41,6,58,23
529132.0,0,41,6,58,23
529165.0,0,41,6,59,22
529165.0,0,41,6,58,23
529191.0,0,41,6,59,22
529209.0,0,41,6,59,22
529232.0,0,41,6,59,22
529298.0,0,41,6,75,6
529298.0,0,41,6,59,22
529358.0,0,41,6,59,22
529358.0,0,41,6,58,23
529382.0,0,41,6,59,22
529391.0,0,41,6,75,6
529391.0,0,41,6,59,22
529449.0,0,41,6,75,6
529449.0,0,41,6,59,22
529475.0,0,41,6,59,22
529479.0,0,41,6,59,22
529491.0,0,41,6,59,22
529585.0,0,41,6,75,6
529585.0,0,41,6,59,22
529598.0,0,41,6,59,22
529662.0,0,41,6,75,6
529662.0,0,41,6,59,22
529682.0,0,41,6,59,22
529682.0,0,41,7,58,22
529745.0,0,41,7,74,6
529947.0,0,41,7,74,6
530045.0,0,41,7,74,6
530045.0,0,41,23,58,6
530101.0,0,41,23,58,6
530126.0,0,41,23,58,6
530158.0,0,41,23,58,6
530333.0,0,40,23,58,7
530348.0,0,40,23,59,6
530365.0,0,39,23,59,7
530371.0,0,39,23,60,6
530383.0,0,38,23,60,7
530397.0,0,38,23,61,6
530493.0,0,38,23,61,6
530648.0,0,38,23,61,6
530648.0,0,38,24,60,6
530671.0,0,38,24,60,6
530671.0,0,38,25,59,6
530697.0,0,38,25,59,6
530697.0,0,38,26,58,6
530703.0,2,38,24,58,6
530723.0,6,38,20,58,6
530723.0,2,42,20,58,6
530987.0,2,27,20,57,22
531094.0,2,27,20,73,6
531094.0,0,29,20,73,6
531149.0,0,29,20,73,6
531175.0,0,29,20,73,6
531175.0,0,29,20,65,14
531269.0,0,29,20,73,6
531361.0,0,29,20,73,6
531361.0,0,29,20,72,7
531374.0,0,29,20,73,6
531388.0,0,29,20,73,6
531388.0,0,29,20,72,7
531394.0,0,29,20,72,7
531394.0,0,29,22,70,7
531397.0,0,29,22,71,6
531443.0,0,29,22,71,6
531482.0,1,29,21,71,6
531569.0,1,29,21,71,6
531569.0,1,29,28,64,6
531603.0,1,13,28,64,22
531632.0,1,6,28,7,86
531697.0,1,6,28,7,86
531697.0,1,6,29,6,86
531739.0,1,6,29,22,70
531739.0,0,7,29,22,70
531758.0,0,7,29,86,6
531758.0,0,7,29,22,70
531845.0,16,7,13,22,70
531879.0,16,7,13,22,70
531879.0,0,23,13,22,70
532017.0,0,23,13,22,70
532039.0,0,23,13,22,70
532042.0,0,23,13,22,70
532058.0,0,23,13,22,70
532058.0,0,23,14,21,70
532156.0,0,23,14,25,66
532158.0,0,23,14,27,64
532448.0,1,23,13,27,64
532456.0,1,23,13,27,64
532456.0,1,23,17,23,64
532458.0,1,23,17,23,64
532458.0,1,23,19,21,64
532471.0,2,23,18,21,64
532497.0,3,23,17,21,64
532887.0,3,23,17,21,64
532887.0,2,24,17,21,64
532919.0,2,24,17,21,64
532919.0,1,25,17,21,64
532928.0,1,25,17,21,64
532928.0,0,26,17,21,64
532974.0,0,26,17,21,64
533130.0,0,26,17,21,64
533193.0,0,26,17,85,0
533193.0,0,26,17,21,64
533194.0,2,26,15,21,64
533338.0,2,26,15,85,0
533338.0,0,28,15,85,0
533369.0,7,28,8,85,0
533369.0,0,35,8,85,0
533423.0,0,31,8,85,4
533474.0,0,31,8,89,0
533474.0,0,31,8,85,4
533497.0,1,31,7,85,4
533520.0,1,31,7,89,0
533552.0,1,31,7,89,0
533580.0,1,31,7,89,0
533638.0,1,31,7,89,0
533638.0,1,31,8,88,0
533781.0,1,31,8,88,0
533781.0,0,32,8,88,0
533794.0,0,30,8,82,8
533820.0,0,30,8,82,8
533820.0,0,30,12,78,8
533858.0,1,30,11,78,8
533893.0,1,30,11,86,0
533893.0,0,31,11,86,0
533917.0,0,31,11,86,0
534088.0,0,31,11,86,0
534088.0,0,31,11,85,1
534106.0,0,31,11,86,0
534124.0,0,31,11,86,0
534124.0,0,31,11,85,1
534140.0,0,31,11,86,0
534193.0,0,31,11,86,0
534256.0,4,31,7,86,0
534258.0,6,31,5,86,0
534386.0,6,31,5,86,0
534386.0,5,32,5,86,0
534406.0,5,32,5,86,0
534427.0,5,32,5,86,0
534427.0,4,33,5,86,0
534439.0,4,32,5,71,16
534440.0,4,32,5,71,16
534440.0,4,32,6,70,16
534480.0,4,32,6,70,16
534579.0,4,16,6,70,32
534591.0,4,16,6,70,32
534591.0,3,17,6,70,32
534632.0,3,17,6,86,16
534675.0,3,17,6,86,16
534741.0,3,17,6,86,16
534741.0,2,18,6,86,16
534913.0,2,18,6,102,0
534913.0,0,20,6,102,0
534932.0,0,20,6,102,0
535213.0,0,20,6,102,0
535213.0,0,20,8,100,0
535438.0,1,20,7,100,0
535547.0,1,20,7,100,0
535547.0,0,21,7,100,0
535587.0,0,20,7,100,1
535600.0,0,20,7,100,1
535601.0,0,20,7,101,0
535601.0,0,20,7,100,1
535619.0,0,19,7,100,2
535620.0,4,19,3,100,2
535621.0,4,19,3,101,1
535625.0,4,19,3,101,1
535625.0,0,23,3,101,1
535626.0,0,23,3,102,0
535628.0,0,22,3,102,1
535639.0,0,22,3,103,0
535646.0,0,22,3,103,0
535646.0,0,22,3,101,2
535894.0,0,22,3,101,2
535894.0,0,22,3,100,3
535895.0,0,22,3,100,3
535907.0,0,22,3,101,2
535907.0,0,22,3,100,3
535921.0,0,22,3,100,3
535929.0,0,22,3,101,2
535939.0,0,22,3,101,2
535951.0,0,22,3,101,2
536007.0,0,22,3,101,2
536038.0,0,20,3,39,66
536069.0,0,13,3,38,74
536151.0,0,13,3,102,10
536151.0,0,13,3,38,74
536159.0,0,13,3,46,66
536159.0,0,13,3,38,74
536229.0,0,13,3,38,74
536240.0,1,13,2,38,74
536258.0,1,13,2,102,10
536258.0,0,14,2,102,10
536434.0,0,14,2,102,10
536434.0,0,14,2,101,11
536439.0,0,14,2,103,9
536440.0,0,14,2,104,8
536451.0,0,14,2,104,8
536451.0,0,14,3,103,8
536481.0,0,13,3,103,9
536495.0,0,13,3,104,8
536593.0,0,12,3,97,16
536683.0,0,12,3,105,8
536688.0,0,12,3,113,0
536739.0,0,12,3,113,0
536739.0,0,12,5,111,0
536740.0,0,12,5,111,0
536740.0,0,12,6,110,0
536795.0,0,12,6,110,0
536795.0,0,12,7,109,0
536833.0,0,12,7,109,0
536899.0,0,12,7,109,0
536899.0,0,12,7,101,8
536952.0,0,12,7,101,8
536952.0,0,12,7,100,9
536983.0,0,12,7,101,8
536988.0,0,12,7,101,8
536988.0,0,12,14,94,8
537013.0,2,12,12,94,8
537046.0,2,12,12,102,0
537086.0,2,11,12,102,1
537101.0,2,11,12,103,0
537127.0,2,10,12,103,1
537136.0,2,10,12,104,0
537283.0,2,10,12,104,0
537283.0,2,10,13,103,0
537291.0,2,9,13,103,1
537311.0,2,9,13,104,0
537346.0,2,9,13,104,0
537346.0,2,9,21,96,0
537401.0,2,9,21,96,0
537401.0,2,9,22,95,0
537434.0,2,9,22,95,0
537434.0,1,10,22,95,0
537436.0,1,10,22,95,0
537436.0,1,10,23,94,0
537441.0,1,9,23,94,1
537533.0,1,9,23,95,0
537611.0,1,9,23,95,0
537611.0,1,9,24,94,0
537613.0,1,7,24,64,32
537624.0,1,7,24,64,32
537787.0,1,7,24,96,0
537787.0,0,8,24,96,0
537833.0,0,8,24,96,0
538070.0,0,8,24,96,0
538087.0,0,8,24,96,0
538087.0,0,8,26,94,0
538094.0,0,8,26,94,0
538247.0,0,7,26,94,1
538251.0,1,7,25,94,1
538251.0,0,8,25,94,1
538253.0,0,8,25,94,1
538287.0,0,8,25,95,0
538325.0,0,4,25,95,4
538539.0,2,4,23,95,4
538540.0,3,4,22,95,4
538587.0,3,4,22,95,4
538587.0,3,4,23,94,4
538595.0,4,4,22,94,4
538788.0,11,4,15,94,4
538884.0,11,4,15,94,4
538936.0,11,4,15,94,4
538936.0,10,5,15,94,4
538945.0,10,5,15,94,4
538945.0,9,6,15,94,4
538958.0,9,5,15,31,68
538993.0,9,5,15,31,68
538993.0,8,6,15,31,68
539019.0,8,6,15,31,68
539019.0,4,10,15,31,68
539063.0,4,10,15,95,4
539063.0,0,14,15,95,4
539083.0,1,14,14,95,4
539136.0,1,14,14,99,0
539146.0,9,14,6,99,0
539201.0,10,14,5,99,0
539236.0,11,14,4,99,0
539363.0,11,14,4,99,0
539363.0,11,14,8,95,0
539411.0,12,14,7,95,0
539436.0,12,14,7,95,0
539436.0,12,14,11,91,0
539887.0,14,14,9,91,0
540134.0,14,13,9,91,1
540147.0,14,13,9,92,0
540256.0,14,13,9,92,0
540256.0,13,14,9,92,0
540324.0,13,14,9,92,0
540387.0,14,14,8,92,0
540414.0,14,14,8,92,0
540414.0,13,15,8,92,0
540447.0,13,15,8,92,0
540447.0,13,15,9,91,0
540487.0,13,14,9,60,32
540642.0,13,14,9,92,0
540642.0,0,27,9,92,0
540719.0,0,27,9,92,0
540719.0,0,27,9,84,8
540760.0,0,27,9,92,0
540769.0,0,27,9,92,0
540769.0,0,27,9,84,8
540811.0,0,27,9,92,0
540906.0,0,27,9,92,0
540906.0,0,27,9,90,2
540914.0,0,27,9,90,2
540914.0,0,27,9,88,4
540922.0,0,27,9,88,4
540922.0,0,27,9,86,6
540930.0,0,27,9,86,6
540930.0,0,27,9,84,8
540940.0,0,27,9,84,8
540940.0,0,27,9,83,9
540942.0,0,27,9,83,9
540942.0,0,27,13,79,9
540951.0,0,26,13,79,10
540972.0,0,26,13,80,9
540998.0,0,26,13,82,7
541001.0,0,26,13,84,5
541004.0,0,26,13,86,3
541007.0,0,26,13,88,1
541103.0,0,26,13,89,0
541153.0,0,26,13,89,0
541163.0,4,26,9,89,0
541236.0,8,26,5,89,0
541272.0,8,26,5,89,0
541272.0,8,26,6,88,0
541298.0,8,26,6,88,0
541298.0,8,26,8,86,0
541301.0,8,26,8,86,0
541301.0,8,26,10,84,0
541304.0,8,26,10,84,0
541304.0,8,26,12,82,0
541307.0,8,26,12,82,0
541307.0,8,26,14,80,0
541403.0,8,26,14,80,0
541403.0,8,26,15,79,0
541636.0,8,25,15,79,1
541645.0,8,24,15,79,2
541667.0,8,24,15,80,1
541681.0,8,24,15,81,0
541693.0,8,23,15,81,1
541714.0,8,23,15,82,0
541719.0,8,19,15,82,4
541741.0,8,19,15,86,0
541763.0,8,15,15,26,64
541807.0,8,15,15,90,0
541807.0,0,23,15,90,0
541967.0,0,23,15,90,0
542014.0,0,23,15,90,0
542014.0,0,23,16,89,0
542041.0,0,23,16,89,0
542041.0,0,23,20,85,0
542107.0,0,23,20,85,0
542107.0,0,23,30,75,0
542189.0,0,23,30,75,0
542247.0,1,23,29,75,0
542535.0,1,23,29,75,0
542742.0,5,23,25,75,0
542793.0,5,23,25,75,0
542956.0,5,22,25,75,1
542962.0,5,22,25,76,0
543072.0,6,22,24,76,0
543098.0,8,22,22,76,0
543101.0,10,22,20,76,0
543104.0,12,22,18,76,0
543107.0,14,22,16,76,0
543114.0,14,21,16,76,1
543134.0,14,21,16,77,0
543134.0,0,35,16,77,0
543203.0,1,35,15,77,0
543222.0,1,35,15,77,0
543222.0,0,36,15,77,0
543262.0,0,36,15,77,0
543271.0,0,36,15,77,0
543296.0,0,36,15,77,0
543342.0,0,23,15,58,32
543371.0,0,23,15,58,32
543380.0,0,23,15,58,32
543392.0,0,23,15,58,32
543464.0,0,23,15,90,0
543464.0,0,23,15,58,32
543582.0,0,23,15,90,0
543582.0,0,23,15,58,32
543695.0,0,23,15,90,0
543695.0,0,23,15,58,32
543811.0,0,23,15,90,0
543811.0,0,23,15,58,32
543814.0,1,23,14,58,32
543814.0,0,24,14,58,32
543841.0,4,24,10,58,32
543907.0,14,24,0,58,32
543950.0,14,24,0,58,32
543967.0,14,24,0,90,0
543967.0,14,24,0,58,32
543975.0,14,24,0,58,32
544011.0,14,24,0,58,32
544053.0,14,24,0,58,32
544178.0,14,24,0,90,0
544178.0,14,24,0,58,32
544234.0,14,24,0,58,32
544395.0,14,24,0,90,0
544395.0,14,24,0,58,32
544411.0,14,24,0,58,32
544507.0,14,16,0,2,96
544527.0,14,16,0,34,64
544527.0,14,16,0,2,96
544564.0,14,16,0,66,32
544564.0,14,16,0,2,96
544585.0,14,16,0,18,80
544585.0,14,16,0,5,93
544599.0,14,16,0,13,85
544601.0,14,16,0,14,84
544631.0,14,16,0,78,20
544631.0,14,16,0,14,84
544633.0,14,16,0,22,76
544659.0,14,16,0,23,75
544661.0,14,16,0,27,71
544697.0,14,16,0,28,70
544698.0,14,16,0,92,6
544698.0,14,16,0,28,70
544722.0,14,16,0,29,69
544734.0,14,16,0,93,5
544734.0,14,16,0,29,69
544765.0,14,16,0,93,5
544765.0,14,16,0,29,69
544795.0,14,16,0,93,5
544795.0,14,16,0,29,69
544834.0,14,16,0,93,5
544834.0,14,16,0,29,69
544885.0,14,16,0,29,69
544899.0,14,16,0,29,69
544899.0,14,16,8,21,69
544904.0,14,16,8,85,5
544904.0,0,30,8,85,5
544919.0,0,30,8,89,1
544931.0,0,30,8,89,1
544931.0,0,30,12,85,1
544933.0,0,30,12,85,1
544933.0,0,30,20,77,1
544959.0,0,30,20,77,1
544959.0,0,30,21,76,1
544998.0,0,30,21,76,1
544998.0,0,30,26,71,1
545022.0,0,30,26,71,1
545022.0,0,30,27,70,1
545204.0,0,30,27,70,1
545204.0,0,30,41,56,1
545219.0,0,30,41,56,1
545219.0,0,30,45,52,1
545834.0,0,16,45,50,17
545865.0,0,16,45,50,17
545886.0,0,16,45,50,17
545897.0,0,16,45,66,1
545897.0,0,16,45,65,2
545922.0,0,15,45,65,3
545941.0,0,15,45,65,3
545946.0,0,15,45,66,2
545946.0,0,15,45,50,18
545982.0,0,15,45,66,2
546005.0,0,15,45,67,1
546023.0,0,15,45,68,0
546025.0,0,15,45,68,0
546025.0,0,15,45,67,1
546151.0,0,15,45,68,0
546197.0,0,15,45,68,0
546257.0,0,15,45,68,0
546257.0,0,15,45,67,1
546282.0,0,15,45,67,1
546282.0,0,15,61,51,1
546319.0,0,15,61,51,1
546323.0,0,15,61,52,0
546323.0,0,15,62,51,0
546338.0,0,15,62,51,0
546338.0,0,15,62,50,1
546428.0,0,15,62,50,1
546474.0,0,15,62,50,1
546514.0,0,14,62,50,2
546520.0,0,14,62,51,1
546623.0,0,14,62,51,1
546639.0,0,14,62,52,0
546650.0,0,14,62,52,0
546650.0,0,14,62,51,1
546666.0,0,14,62,52,0
546699.0,8,14,54,52,0
546731.0,12,14,50,52,0
546733.0,20,14,42,52,0
546733.0,4,30,42,52,0
546759.0,5,30,41,52,0
546798.0,10,30,36,52,0
546820.0,10,30,36,52,0
546820.0,10,30,37,51,0
546822.0,11,30,36,51,0
546966.0,11,30,36,51,0
546966.0,11,30,37,50,0
547004.0,25,30,23,50,0
547004.0,9,46,23,50,0
547019.0,13,46,19,50,0
547254.0,13,46,19,50,0
547387.0,13,46,19,50,0
547426.0,13,46,19,50,0
547426.0,9,50,19,50,0
547461.0,9,50,19,50,0
547461.0,5,54,19,50,0
547575.0,5,54,19,50,0
547604.0,5,40,19,0,64
547648.0,5,40,19,64,0
547648.0,0,45,19,64,0
547691.0,0,45,19,64,0
547743.0,0,45,19,64,0
547743.0,0,45,19,60,4
547801.0,0,45,19,64,0
547806.0,0,45,19,64,0
547806.0,0,45,19,60,4
547948.0,0,45,19,60,4
547948.0,0,45,20,59,4
548082.0,16,45,4,59,4
548082.0,0,61,4,59,4
548090.0,0,61,4,59,4
548123.0,1,61,3,59,4
548123.0,0,62,3,59,4
548258.0,0,62,3,59,4
548446.0,0,62,3,59,4
548549.0,0,62,3,63,0
548549.0,0,62,3,59,4
548596.0,0,62,3,63,0
548603.0,0,62,3,63,0
548603.0,0,62,3,59,4
548620.0,1,62,2,59,4
548704.0,1,62,2,59,4
548744.0,1,62,2,59,4
548766.0,2,62,1,59,4
548783.0,2,62,1,59,4
548819.0,2,62,1,59,4
548856.0,2,62,1,59,4
548896.0,2,62,1,59,4
548910.0,2,62,1,63,0
548910.0,0,64,1,63,0
549210.0,0,64,1,63,0
549210.0,0,64,3,61,0
549433.0,0,48,3,61,16
549474.0,0,48,3,77,0
549474.0,0,48,3,61,16
549509.0,0,48,3,69,8
549509.0,0,48,3,61,16
549704.0,0,32,3,61,32
549739.0,0,32,3,77,16
549739.0,0,32,3,61,32
549748.0,1,32,2,61,32
549771.0,1,32,2,73,20
549774.0,1,32,2,77,16
549828.0,1,32,2,85,8
550071.0,1,32,2,85,8
550071.0,1,32,14,73,8
550074.0,1,32,14,73,8
550074.0,1,32,18,69,8
550126.0,1,28,18,69,12
550128.0,1,28,18,69,12
550128.0,1,28,26,61,12
550158.0,1,28,26,65,8
550161.0,1,24,26,65,12
550237.0,1,24,26,69,8
550348.0,1,19,26,10,72
550432.0,1,19,26,18,64
550457.0,1,19,26,82,0
550457.0,0,20,26,82,0
550458.0,0,20,26,82,0
550732.0,0,20,26,82,0
550732.0,0,20,34,74,0
550757.0,0,20,34,74,0
550757.0,0,20,43,65,0
550782.0,0,4,43,65,16
550818.0,0,4,43,81,0
550823.0,0,3,43,81,1
550837.0,0,3,43,82,0
551010.0,2,3,41,82,0
551118.0,2,3,41,82,0
551118.0,2,3,57,66,0
551137.0,2,3,57,66,0
551137.0,2,3,58,65,0
551610.0,2,1,58,63,4
551643.0,2,1,58,67,0
551668.0,2,1,58,67,0
551668.0,1,2,58,67,0
551710.0,1,2,58,67,0
551710.0,0,3,58,67,0
551871.0,12,3,46,67,0
551874.0,16,3,42,67,0
551928.0,24,3,34,67,0
551943.0,24,3,34,67,0
551943.0,24,3,38,63,0
552532.0,32,3,30,63,0
552532.0,0,35,30,63,0
552557.0,9,35,21,63,0
552918.0,25,35,5,63,0
552937.0,26,35,4,63,0
553157.0,26,34,4,0,64
553263.0,26,34,4,64,0
553263.0,0,60,4,64,0
553563.0,0,60,4,64,0
553563.0,0,60,30,38,0
553743.0,4,60,26,38,0
554368.0,4,59,26,38,1
554399.0,4,59,26,39,0
554410.0,4,58,26,39,1
554464.0,4,58,26,40,0
554699.0,4,58,26,40,0
554699.0,4,58,27,39,0
554764.0,4,58,27,39,0
554764.0,4,58,28,38,0
554797.0,4,58,28,38,0
554978.0,4,58,28,38,0
555232.0,4,26,28,38,32
555270.0,4,26,28,70,0
555270.0,0,30,28,70,0
555363.0,26,30,2,70,0
555570.0,26,30,2,70,0
555570.0,26,30,6,66,0
555963.0,26,4,6,28,64
556065.0,26,4,6,92,0
556065.0,0,30,6,92,0
556365.0,0,30,6,92,0
556365.0,0,30,32,66,0
556499.0,1,30,31,66,0
556564.0,2,30,30,66,0
557370.0,6,30,26,66,0
557970.0,6,26,26,38,32
558006.0,6,26,26,70,0
558165.0,32,26,0,70,0
558306.0,32,26,0,70,0
558306.0,32,26,32,38,0
558765.0,32,0,32,0,64
558875.0,32,0,32,64,0
558875.0,0,32,32,64,0
559175.0,0,32,32,64,0
559175.0,0,32,64,32,0
560106.0,32,32,32,32,0
560975.0,64,32,0,32,0
561575.0,64,0,0,0,64
561607.0,64,0,0,64,0
561607.0,0,64,0,64,0
564307.0,0,0,0,0,128
564393.0,0,0,0,128,0
564393.0,0,0,0,0,128
565931.0,0,0,0,0,128
566017.0,0,0,0,0,128
575328.0,0,0,0,128,0
575328.0,0,0,0,0,128
575329.0,0,0,0,64,64
575329.0,0,0,0,0,128
575363.0,0,0,0,64,64
575363.0,0,0,0,0,128
575406.0,0,0,0,64,64
575406.0,0,0,0,0,128
575436.0,0,0,0,64,64
575436.0,0,0,0,0,128
575468.0,0,0,0,64,64
575468.0,0,0,0,0,128
575500.0,0,0,0,64,64
575500.0,0,0,0,0,128
575531.0,0,0,0,64,64
575531.0,0,0,0,0,128
575562.0,0,0,0,64,64
575562.0,0,0,0,0,128
575672.0,0,0,0,64,64
575672.0,0,0,0,0,128
575777.0,0,0,0,64,64
575777.0,0,0,0,0,128
575882.0,0,0,0,64,64
575882.0,0,0,0,0,128
575982.0,0,0,0,64,64
575982.0,0,0,0,0,128
576082.0,0,0,0,64,64
576082.0,0,0,0,0,128
576183.0,0,0,0,64,64
576183.0,0,0,0,0,128
576225.0,0,0,0,64,64
576225.0,0,0,0,0,128
576326.0,0,0,0,64,64
576326.0,0,0,0,0,128
576427.0,0,0,0,64,64
576427.0,0,0,0,0,128
576469.0,0,0,0,64,64
576469.0,0,0,0,0,128
576571.0,0,0,0,64,64
576571.0,0,0,0,0,128
576657.0,0,0,0,64,64
576657.0,0,0,0,0,128
579983.0,0,0,0,64,64
579983.0,0,0,0,0,128
580342.0,0,0,0,64,64
580342.0,0,0,0,0,128
581779.0,0,0,0,64,64
581779.0,0,0,0,0,128
583209.0,0,0,0,64,64
583209.0,0,0,0,0,128
584697.0,0,0,0,0,128
584734.0,0,0,0,0,128
584795.0,0,0,0,0,128
584828.0,0,0,0,64,64
584828.0,0,0,0,0,128
585173.0,0,0,0,0,128
586248.0,0,0,0,64,64
586248.0,0,0,0,0,128
586252.0,0,0,0,64,64
586252.0,0,0,0,0,128
586790.0,0,0,0,0,128
586969.0,0,0,0,64,64
586969.0,0,0,0,0,128
587107.0,0,0,0,0,128
587122.0,0,0,0,0,128
587685.0,0,0,0,64,64
587685.0,0,0,0,0,128
587964.0,0,0,0,0,128
588379.0,0,0,0,64,64
588379.0,0,0,0,0,128
589126.0,0,0,0,64,64
589126.0,0,0,0,0,128
589220.0,0,0,0,0,128
589262.0,0,0,0,0,128
589283.0,0,0,0,0,128
589291.0,0,0,0,64,64
589291.0,0,0,0,0,128
589788.0,0,0,0,64,64
589788.0,0,0,0,0,128
590702.0,0,0,0,64,64
590702.0,0,0,0,0,128
590822.0,0,0,0,0,128
590953.0,0,0,0,0,128
591032.0,0,0,0,0,128
591124.0,0,0,0,64,64
591124.0,0,0,0,0,128
591129.0,0,0,0,0,128
591182.0,0,0,0,0,128
591267.0,0,0,0,64,64
591267.0,0,0,0,0,128
591634.0,0,0,0,0,128
591656.0,0,0,0,0,128
591775.0,0,0,0,0,128
591795.0,0,0,0,0,128
591883.0,0,0,0,0,128
592034.0,0,0,0,0,128
592057.0,0,0,0,0,128
592095.0,0,0,0,64,64
592095.0,0,0,0,0,128
592109.0,0,0,0,0,128
592612.0,0,0,0,0,128
592614.0,0,0,0,0,128
592659.0,0,0,0,0,128
592838.0,0,0,0,0,128
592925.0,0,0,0,64,64
592925.0,0,0,0,0,128
592963.0,0,0,0,0,128
593044.0,0,0,0,64,64
593044.0,0,0,0,0,128
593111.0,0,0,0,0,128
593184.0,0,0,0,0,128
593196.0,0,0,0,0,128
593292.0,0,0,0,0,128
593440.0,0,0,0,0,128
593488.0,0,0,0,0,128
593514.0,0,0,0,0,128
594004.0,0,0,0,0,128
594226.0,0,0,0,0,128
594308.0,0,0,0,0,128
594684.0,0,0,0,64,64
594684.0,0,0,0,0,128
594720.0,0,0,0,64,64
594720.0,0,0,0,0,128
594723.0,0,0,0,48,80
594723.0,0,0,0,0,128
594724.0,0,0,0,1,127
594724.0,0,0,0,0,128
594726.0,0,0,0,32,96
594726.0,0,0,0,0,128
594728.0,0,0,0,1,127
594729.0,0,0,0,33,95
594729.0,0,0,0,1,127
594730.0,0,0,0,2,126
594740.0,0,0,0,3,125
594743.0,0,0,0,4,124
594743.0,0,0,0,0,128
594748.0,0,0,0,1,127
594763.0,0,0,0,2,126
594764.0,0,0,0,6,122
594769.0,0,0,0,7,121
594770.0,0,0,0,8,120
594770.0,0,0,0,0,128
594787.0,0,0,0,8,120
594787.0,0,0,0,0,128
594796.0,0,0,0,0,128
594808.0,0,0,0,32,96
594808.0,0,0,0,0,128
594828.0,0,0,0,8,120
594828.0,0,0,0,0,128
594832.0,0,0,0,8,120
594832.0,0,0,0,0,128
594873.0,0,0,0,8,120
594873.0,0,0,0,0,128
594892.0,0,0,0,8,120
594902.0,0,0,0,12,116
594933.0,0,0,0,44,84
594933.0,0,0,0,12,116
595007.0,0,0,0,20,108
595007.0,0,0,0,4,124
595028.0,0,0,0,4,124
595048.0,0,0,0,4,124
595069.0,0,0,0,20,108
595069.0,0,0,0,4,124
595101.0,0,0,0,20,108
595101.0,0,0,0,4,124
595169.0,0,0,0,12,116
595184.0,0,0,0,28,100
595184.0,0,0,0,12,116
595192.0,0,0,0,12,116
595202.0,0,0,0,12,116
595202.0,0,0,4,8,116
595225.0,0,0,4,8,116
595225.0,0,0,4,4,120
595241.0,0,0,4,20,104
595241.0,0,0,4,4,120
595257.0,0,0,4,20,104
595332.0,0,0,4,24,100
595343.0,0,0,4,24,100
595343.0,0,0,4,23,101
595345.0,0,0,4,24,100
595357.0,0,0,4,40,84
595357.0,0,0,4,8,116
595364.0,0,0,4,8,116
595469.0,0,0,4,8,116
595469.0,0,0,8,4,116
595616.0,0,0,8,20,100
595629.0,0,0,8,84,36
595629.0,0,0,8,20,100
595632.0,0,0,8,20,100
595715.0,0,0,8,52,68
595720.0,0,0,8,84,36
595834.0,0,0,8,116,4
595929.0,0,0,8,116,4
595929.0,0,0,28,96,4
595929.0,0,0,28,64,36
596015.0,0,0,28,64,36
596015.0,0,0,44,48,36
596020.0,0,0,44,48,36
596020.0,0,0,60,32,36
596134.0,0,0,60,32,36
596134.0,0,0,92,0,36
596169.0,0,0,92,0,36
596209.0,0,0,92,0,36
596455.0,0,0,92,0,36
596461.0,0,0,92,0,36
596509.0,0,0,92,0,36
596630.0,0,0,92,0,36
596713.0,0,0,92,0,36
597002.0,4,0,88,0,36
597149.0,4,0,88,0,36
597176.0,4,0,88,0,36
597184.0,4,0,88,0,36
597234.0,4,0,88,0,36
597234.0,3,1,88,0,36
597269.0,7,1,84,0,36
597582.0,7,1,84,0,36
597582.0,3,5,84,0,36
597729.0,23,5,64,0,36
597729.0,7,21,64,0,36
597815.0,23,21,48,0,36
597815.0,7,37,48,0,36
597820.0,23,37,32,0,36
597820.0,7,53,32,0,36
597934.0,39,53,0,0,36
598003.0,39,53,0,0,36
598654.0,39,53,0,4,32
598654.0,39,53,0,0,36
598673.0,39,53,0,4,32
598863.0,39,53,0,4,32
598863.0,39,53,0,3,33
598870.0,39,53,0,3,33
598880.0,39,53,0,4,32
598940.0,39,53,0,4,32
598973.0,39,53,0,4,32
598973.0,39,53,3,1,32
598973.0,7,85,3,1,32
598985.0,7,85,3,1,32
598997.0,7,85,3,1,32
599180.0,7,85,3,1,32
599180.0,7,85,4,0,32
599437.0,7,85,4,0,32
599437.0,6,86,4,0,32
599459.0,6,86,4,0,32
599713.0,6,86,4,0,32
599713.0,2,90,4,0,32
599762.0,2,90,4,0,32
599934.0,2,89,4,0,33
599953.0,2,89,4,1,32
600253.0,2,89,4,1,32
600253.0,2,89,5,0,32
600282.0,2,85,5,0,36
600316.0,2,85,5,32,4
600316.0,0,87,5,16,20
600331.0,0,87,5,20,16
600332.0,0,87,5,36,0
600332.0,0,87,5,20,16
600334.0,0,87,5,36,0
600334.0,0,87,5,20,16
600349.0,0,87,5,36,0
600349.0,0,87,5,20,16
600370.0,0,87,5,36,0
600370.0,0,87,5,20,16
600373.0,0,87,5,20,16
600373.0,0,87,5,16,20
600377.0,0,87,5,32,4
600377.0,0,87,5,16,20
600385.0,0,87,5,20,16
600392.0,0,87,5,36,0
600429.0,0,71,5,36,16
600433.0,0,71,5,36,16
600433.0,0,71,5,32,20
600442.0,0,71,5,48,4
600442.0,0,71,5,16,36
600448.0,0,71,5,20,32
600515.0,0,55,5,20,48
600520.0,0,39,5,20,64
600521.0,0,39,5,36,48
600528.0,0,39,5,52,32
600528.0,0,39,5,20,64
600596.0,0,39,5,52,32
600616.0,0,39,5,52,32
600631.0,0,39,5,52,32
600742.0,0,39,5,52,32
600742.0,0,39,7,50,32
600773.0,3,39,4,50,32
600828.0,3,39,4,50,32
600828.0,3,39,8,46,32
600896.0,3,39,8,46,32
600896.0,3,39,40,14,32
600937.0,3,39,40,46,0
600980.0,4,39,39,46,0
601210.0,4,39,39,46,0
601210.0,0,43,39,46,0
601237.0,0,43,39,46,0
601237.0,0,43,43,42,0
601524.0,0,43,43,42,0
601559.0,0,43,43,42,0
601673.0,0,11,43,42,32
601682.0,0,11,43,50,24
601682.0,0,11,43,46,28
601683.0,0,11,43,54,20
601686.0,0,11,43,70,4
601713.0,0,11,43,74,0
601713.0,0,11,43,42,32
601847.0,0,11,43,42,32
601858.0,0,11,43,74,0
601858.0,0,11,43,70,4
601914.0,0,11,43,74,0
601937.0,0,11,43,74,0
601937.0,0,11,43,42,32
601982.0,0,11,43,42,32
601983.0,0,11,43,42,32
602011.0,0,11,43,42,32
602047.0,0,11,43,42,32
602053.0,1,11,42,42,32
602053.0,0,12,42,42,32
602070.0,0,12,42,42,32
602120.0,0,12,42,42,32
602135.0,0,12,42,42,32
602137.0,0,11,42,42,33
602147.0,0,11,42,42,33
602158.0,0,11,42,42,33
602170.0,0,11,42,42,33
602236.0,0,11,42,42,33
602260.0,0,11,42,42,33
602264.0,0,11,42,42,33
602289.0,0,11,42,43,32
602289.0,0,11,42,42,33
602311.0,0,11,42,43,32
602311.0,0,11,42,42,33
602355.0,0,11,42,43,32
602395.0,0,11,42,75,0
602395.0,0,11,42,49,26
602397.0,0,11,42,49,26
602413.0,0,7,42,49,30
602426.0,0,7,42,53,26
602429.0,0,7,42,57,22
602430.0,0,7,42,61,18
602441.0,0,7,42,69,10
602476.0,0,7,42,73,6
602542.0,2,7,40,73,6
602542.0,0,9,40,73,6
602549.0,0,9,40,73,6
602598.0,0,9,40,73,6
602628.0,4,9,36,73,6
602628.0,0,13,36,73,6
602655.0,0,13,36,73,6
602688.0,0,13,36,73,6
602696.0,32,13,4,73,6
602696.0,0,45,4,73,6
602726.0,0,45,4,73,6
602726.0,0,45,5,72,6
602826.0,0,45,5,72,6
602988.0,0,45,5,72,6
603016.0,0,43,5,58,22
603027.0,0,43,5,74,6
603027.0,0,43,5,65,15
603037.0,4,43,1,65,15
603061.0,4,43,1,66,14
603073.0,4,43,1,70,10
603143.0,4,43,1,70,10
603168.0,4,43,1,70,10
603168.0,0,47,1,70,10
603235.0,0,47,1,70,10
603235.0,0,47,1,66,14
603294.0,0,47,1,70,10
603298.0,0,47,1,70,10
603302.0,0,47,1,74,6
603327.0,0,47,1,74,6
603327.0,0,47,8,67,6
603349.0,0,47,8,67,6
603349.0,0,47,8,63,10
603361.0,0,47,8,63,10
603361.0,0,47,9,62,10
603386.0,0,47,9,62,10
603386.0,0,47,9,61,11
603393.0,0,47,9,65,7
603406.0,0,47,9,66,6
603467.0,0,47,9,66,6
603602.0,0,47,9,66,6
603602.0,0,47,12,63,6
603617.0,0,47,12,63,6
603617.0,0,47,12,62,7
603657.0,0,47,12,63,6
603693.0,0,47,12,63,6
603693.0,0,47,15,60,6
603696.0,0,47,15,60,6
603706.0,0,47,15,60,6
603706.0,0,47,16,59,6
603838.0,0,47,16,59,6
603838.0,0,47,16,58,7
603864.0,0,47,16,59,6
603910.0,0,43,16,31,38
603957.0,0,43,16,31,38
604000.0,0,43,16,33,36
604020.0,0,43,16,37,32
604020.0,0,43,16,33,36
604034.0,0,43,16,65,4
604034.0,0,43,16,33,36
604068.0,0,43,16,37,32
604142.0,0,43,16,37,32
604142.0,0,43,16,36,33
604164.0,0,43,16,36,33
604180.0,0,43,16,36,33
604241.0,0,43,16,37,32
604300.0,0,43,16,37,32
604334.0,0,43,16,37,32
604334.0,0,43,19,34,32
604367.0,0,43,19,34,32
604367.0,0,43,19,33,33
604368.0,0,43,19,33,33
604368.0,0,43,22,30,33
604408.0,0,43,22,31,32
604441.0,0,43,22,31,32
604441.0,0,43,22,30,33
604526.0,1,43,21,30,33
604609.0,1,43,21,31,32
604643.0,1,43,21,31,32
604692.0,1,43,21,31,32
604692.0,0,44,21,31,32
604708.0,0,44,21,31,32
604753.0,0,43,21,31,33
604815.0,0,43,21,32,32
604909.0,0,43,21,32,32
604909.0,0,43,22,31,32
605115.0,0,43,22,31,32
605115.0,0,43,23,30,32
605127.0,7,43,16,30,32
605127.0,3,47,16,30,32
605161.0,4,47,15,30,32
605242.0,4,45,15,0,64
605244.0,4,45,15,0,64
605302.0,4,45,15,0,64
605328.0,4,41,15,0,68
605342.0,4,41,15,4,64
605342.0,0,45,15,4,64
605396.0,0,13,15,4,96
605402.0,3,13,12,4,96
605428.0,3,13,12,36,64
605428.0,0,16,12,36,64
605462.0,0,16,12,68,32
605462.0,0,16,12,36,64
605477.0,0,16,12,68,32
605477.0,0,16,12,36,64
605493.0,3,16,9,36,64
605506.0,4,16,8,36,64
605649.0,4,16,8,68,32
605649.0,4,16,8,36,64
605728.0,4,16,8,36,64
605762.0,4,16,8,36,64
605762.0,4,16,11,33,64
605783.0,4,16,11,33,64
605868.0,4,12,11,33,68
605886.0,4,12,11,33,68
605886.0,0,16,11,33,68
605938.0,0,16,11,33,68
605987.0,0,16,11,33,68
606074.0,0,16,11,33,68
606110.0,0,16,11,33,68
606134.0,3,16,8,33,68
606167.0,3,16,8,33,68
606168.0,6,16,5,33,68
606168.0,2,20,5,33,68
606177.0,2,20,5,37,64
606177.0,0,22,5,37,64
606245.0,0,22,5,37,64
606275.0,0,22,5,69,32
606275.0,0,22,5,41,60
606287.0,0,22,5,45,56
606317.0,0,22,5,49,52
606327.0,0,22,5,53,48
606425.0,0,22,5,53,48
606425.0,0,22,5,45,56
606477.0,0,22,5,45,56
606477.0,0,22,7,43,56
606540.0,0,22,7,43,56
606540.0,0,22,7,39,60
606542.0,0,22,7,47,52
606556.0,0,22,7,51,48
606575.0,0,22,7,51,48
606575.0,0,22,11,47,48
606709.0,1,22,10,47,48
606833.0,1,22,10,47,48
606842.0,1,22,10,47,48
606842.0,1,22,18,39,48
606856.0,1,22,18,39,48
606856.0,1,22,22,35,48
606915.0,2,22,21,35,48
606947.0,2,22,21,43,40
607028.0,2,22,21,51,32
607028.0,0,24,21,51,32
607061.0,0,24,21,51,32
607111.0,0,24,21,51,32
607247.0,0,24,21,51,32
607328.0,0,24,21,51,32
607328.0,0,24,23,49,32
607392.0,0,23,23,49,33
607417.0,0,23,23,50,32
607562.0,3,23,20,50,32
607717.0,3,23,20,50,32
607717.0,3,23,21,49,32
607807.0,3,23,21,49,32
607827.0,3,19,21,49,36
607853.0,3,19,21,53,32
608011.0,3,19,21,53,32
608042.0,3,15,21,49,40
608128.0,3,12,21,20,72
608139.0,3,12,21,52,40
608139.0,0,15,21,52,40
608153.0,0,15,21,52,40
608277.0,2,15,19,52,40
608277.0,0,17,19,52,40
608285.0,0,17,19,52,40
608375.0,4,17,15,52,40
608439.0,4,17,15,52,40
608439.0,4,17,16,51,40
608440.0,4,17,16,51,40
608586.0,4,13,16,51,44
608604.0,4,13,16,55,40
608642.0,12,13,8,55,40
608642.0,0,25,8,55,40
608651.0,0,25,8,63,32
608656.0,4,25,4,63,32
608674.0,4,25,4,95,0
608674.0,0,29,4,95,0
608844.0,0,29,4,95,0
608868.0,0,25,4,95,4
608877.0,0,23,4,93,8
608894.0,0,23,4,97,4
608901.0,0,23,4,101,0
608904.0,0,23,4,101,0
608951.0,0,23,4,101,0
608951.0,0,23,6,99,0
608974.0,0,23,6,99,0
608974.0,0,23,16,89,0
608999.0,0,23,16,89,0
609128.0,2,23,14,89,0
609194.0,2,23,14,89,0
609194.0,2,23,18,85,0
609201.0,2,23,18,85,0
609201.0,2,23,22,81,0
609215.0,2,23,22,81,0
609332.0,2,23,22,81,0
609334.0,2,23,22,81,0
609334.0,1,24,22,81,0
609517.0,2,24,21,81,0
609533.0,2,24,21,81,0
609728.0,2,22,21,67,16
609788.0,2,22,21,83,0
609788.0,0,24,21,79,4
609904.0,0,24,21,79,4
609904.0,0,24,21,75,8
610085.0,0,24,21,79,4
610088.0,0,24,21,79,4
610088.0,0,24,27,73,4
610210.0,0,24,27,77,0
610239.0,1,24,26,77,0
610286.0,1,24,26,77,0
610286.0,0,25,26,77,0
610385.0,0,25,26,77,0
610385.0,0,25,27,76,0
610510.0,0,25,27,76,0
610510.0,0,25,31,72,0
610751.0,2,25,29,72,0
610767.0,2,25,29,72,0
610767.0,0,27,29,72,0
610774.0,10,27,19,72,0
610839.0,10,24,19,43,32
610888.0,10,24,19,43,32
610888.0,6,28,19,43,32
610910.0,6,28,19,43,32
610964.0,6,28,19,43,32
610977.0,6,26,19,37,40
610982.0,6,26,19,37,40
610982.0,2,30,19,37,40
610994.0,6,30,15,37,40
611000.0,6,30,15,37,40
611001.0,10,30,11,37,40
611001.0,2,38,11,37,40
611028.0,2,38,11,69,8
611028.0,0,40,11,69,8
611118.0,0,40,11,69,8
611295.0,0,40,11,69,8
611322.0,0,40,11,69,8
611322.0,0,40,11,67,10
611328.0,0,40,11,67,10
611342.0,0,28,11,63,26
611374.0,0,24,11,35,58
611383.0,0,24,11,35,58
611496.0,0,24,11,35,58
611519.0,0,24,11,67,26
611519.0,0,24,11,35,58
611593.0,0,24,11,43,50
611593.0,0,24,11,35,58
611601.0,0,24,11,51,42
611601.0,0,24,11,35,58
611636.0,0,24,11,39,54
611658.0,0,24,11,71,22
611658.0,0,24,11,39,54
611671.0,0,24,11,47,46
611691.0,0,24,11,55,38
611711.0,0,24,11,55,38
611711.0,0,24,11,51,42
611729.0,0,24,11,55,38
611800.0,0,24,11,87,6
611800.0,0,24,11,55,38
611839.0,0,24,11,55,38
611839.0,0,24,11,51,42
611887.0,0,24,11,55,38
611888.0,6,24,5,55,38
611935.0,6,24,5,87,6
611935.0,0,30,5,87,6
611936.0,0,30,5,87,6
611958.0,0,30,5,87,6
611958.0,0,30,9,83,6
611971.0,0,30,9,83,6
611971.0,0,30,13,79,6
612034.0,0,29,13,79,7
612050.0,0,29,13,80,6
612100.0,0,29,13,80,6
612100.0,0,29,21,72,6
612151.0,0,29,21,72,6
612151.0,0,29,21,68,10
612185.0,1,29,20,68,10
612187.0,1,29,20,68,10
612187.0,1,29,24,64,10
612196.0,1,29,24,68,6
612235.0,1,29,24,68,6
612235.0,1,29,27,65,6
612310.0,5,29,23,65,6
612355.0,5,29,23,65,6
612488.0,5,27,23,63,10
612496.0,5,27,23,63,10
612496.0,5,27,27,59,10
612599.0,5,27,27,59,10
612769.0,5,27,27,59,10
612785.0,5,27,27,63,6
612839.0,5,27,27,63,6
612839.0,0,32,27,63,6
612963.0,0,32,27,65,4
612986.0,0,31,27,62,8
613012.0,0,31,27,62,8
613085.0,0,31,27,62,8
613085.0,0,31,28,61,8
613128.0,0,31,28,61,8
613189.0,0,31,28,61,8
613216.0,0,31,28,61,8
613245.0,0,31,28,61,8
613256.0,0,31,28,65,4
613258.0,0,31,28,69,0
613263.0,0,31,28,69,0
613263.0,0,31,30,67,0
613277.0,0,31,30,67,0
613277.0,0,31,30,63,4
613298.0,0,31,30,63,4
613298.0,0,31,30,61,6
613467.0,0,29,30,61,8
613510.0,0,29,30,61,8
613556.0,0,29,30,61,8
613558.0,0,29,30,61,8
613558.0,0,29,32,59,8
613564.0,0,29,32,61,6
613588.0,0,25,32,61,10
613682.0,0,21,32,61,14
613686.0,0,21,32,65,10
613701.0,0,13,32,65,18
613722.0,0,13,32,65,18
613728.0,0,11,32,35,50
613742.0,0,11,32,39,46
613758.0,4,11,28,39,46
613771.0,8,11,24,39,46
613773.0,8,11,24,47,38
613864.0,8,11,24,79,6
613864.0,8,11,26,45,38
613894.0,8,11,26,45,38
613900.0,16,11,18,45,38
613900.0,0,27,18,45,38
613986.0,0,27,18,45,38
613987.0,4,27,14,45,38
614035.0,7,27,11,45,38
614047.0,7,27,11,45,38
614233.0,7,27,11,45,38
614296.0,11,27,7,45,38
614417.0,11,27,7,45,38
614635.0,11,21,7,19,70
614657.0,11,21,7,19,70
614657.0,3,29,7,19,70
614768.0,3,29,7,51,38
614768.0,0,32,7,51,38
614858.0,0,32,7,51,38
614885.0,1,32,6,51,38
614935.0,1,32,6,55,34
614938.0,1,32,6,57,32
614938.0,1,32,6,49,40
615050.0,1,32,6,49,40
615063.0,3,32,4,49,40
615063.0,0,35,4,49,40
615068.0,0,35,4,49,40
615358.0,2,35,2,49,40
615539.0,2,30,2,46,48
615664.0,4,30,0,46,48
616081.0,4,30,0,54,40
616116.0,4,30,0,62,32
616343.0,4,30,0,62,32
616343.0,4,30,0,61,33
616381.0,4,30,0,61,33
616381.0,4,30,8,53,33
616416.0,4,30,8,53,33
616416.0,4,30,15,46,33
616430.0,4,30,15,47,32
616525.0,4,30,15,47,32
616600.0,4,14,15,31,64
616611.0,4,14,15,31,64
616611.0,0,18,15,31,64
616639.0,0,18,15,63,32
616639.0,0,18,15,31,64
616649.0,0,18,15,31,64
616730.0,0,18,15,31,64
616808.0,0,18,15,63,32
616808.0,0,18,15,31,64
616879.0,0,18,15,63,32
616879.0,0,18,15,31,64
616939.0,0,18,15,31,64
616939.0,0,18,16,30,64
617046.0,0,18,16,62,32
617046.0,0,18,16,30,64
617080.0,0,18,16,62,32
617080.0,0,18,16,30,64
617081.0,0,18,16,62,32
617081.0,0,18,16,30,64
617082.0,0,18,16,62,32
617082.0,0,18,16,30,64
617119.0,0,18,16,62,32
617119.0,0,18,16,30,64
617327.0,0,18,16,62,32
617327.0,0,18,16,30,64
617357.0,0,10,16,30,72
617368.0,0,10,16,30,72
617374.0,0,10,16,62,40
617374.0,0,10,16,30,72
617410.0,0,10,16,38,64
617410.0,0,10,16,36,66
617468.0,0,7,16,7,98
617497.0,0,7,16,39,66
617497.0,0,7,16,7,98
617526.0,0,7,16,39,66
617526.0,0,7,16,7,98
617615.0,0,7,16,7,98
617681.0,0,7,16,39,66
617681.0,0,7,16,7,98
617707.0,0,7,16,39,66
617707.0,0,7,16,7,98
617710.0,0,7,16,39,66
617710.0,0,7,16,23,82
617736.0,0,7,16,55,50
617756.0,0,7,16,63,42
617757.0,0,7,16,71,34
617757.0,0,7,16,7,98
617763.0,0,4,16,6,102
617797.0,0,4,16,6,102
617797.0,0,4,22,0,102
617821.0,0,4,22,4,98
617909.0,0,4,22,4,98
618121.0,0,4,22,4,98
618121.0,0,4,26,0,98
618181.0,8,4,18,0,98
618181.0,0,12,18,0,98
618216.0,7,12,11,0,98
618525.0,7,12,11,0,98
618525.0,3,16,11,0,98
618538.0,3,16,11,0,98
618546.0,3,16,11,0,98
618676.0,3,16,11,2,96
618739.0,4,16,10,2,96
618766.0,4,16,10,2,96
618798.0,4,16,10,2,96
618799.0,4,16,10,2,96
618854.0,4,16,10,2,96
618854.0,0,20,10,2,96
618862.0,0,20,10,2,96
618963.0,0,20,10,2,96
618976.0,0,20,10,2,96
618976.0,0,20,12,0,96
619097.0,0,20,12,32,64
619097.0,0,20,12,0,96
619106.0,0,20,12,0,96
619128.0,0,20,12,0,96
619136.0,0,20,12,0,96
619203.0,0,20,12,0,96
619311.0,0,16,12,0,100
619597.0,6,16,6,0,100
619597.0,0,22,6,0,100
619644.0,0,22,6,0,100
619688.0,0,22,6,0,100
619735.0,0,22,6,0,100
619800.0,0,22,6,0,100
619921.0,4,22,2,0,100
619921.0,0,26,2,0,100
619999.0,0,26,2,32,68
619999.0,0,26,2,2,98
620003.0,0,26,2,2,98
620027.0,0,26,2,2,98
620033.0,0,26,2,3,97
620067.0,0,26,2,7,93
620111.0,0,26,2,15,85
620132.0,0,26,2,23,77
620299.0,0,26,2,23,77
620299.0,0,26,4,21,77
620333.0,0,26,4,21,77
620333.0,0,26,5,20,77
620362.0,0,26,5,20,77
620362.0,0,26,5,16,81
620367.0,0,26,5,16,81
620367.0,0,26,9,12,81
620406.0,0,26,9,16,77
620411.0,0,26,9,16,77
620411.0,0,26,13,12,77
620432.0,0,26,13,12,77
620432.0,0,26,21,4,77
620521.0,0,26,21,4,77
620548.0,0,26,21,68,13
620548.0,0,26,21,4,77
620615.0,0,26,21,8,73
620615.0,0,26,21,0,81
620642.0,0,26,21,0,81
620706.0,0,26,21,0,81
620713.0,0,26,21,0,81
620776.0,2,26,19,0,81
620783.0,2,26,19,32,49
620783.0,2,26,19,0,81
620792.0,2,26,19,0,81
620848.0,2,26,19,0,81
620859.0,2,26,19,32,49
620859.0,0,28,19,32,49
620861.0,0,28,19,33,48
620881.0,0,20,19,33,56
620887.0,0,20,19,41,48
620887.0,0,20,19,9,80
621032.0,0,20,19,17,72
621159.0,0,20,19,17,72
621159.0,0,20,26,10,72
621225.0,0,16,26,10,76
621298.0,0,16,26,14,72
621332.0,0,16,26,14,72
621332.0,0,16,34,6,72
621421.0,0,16,34,14,64
621554.0,0,12,34,14,68
621598.0,0,12,34,14,68
621598.0,0,12,38,10,68
621610.0,0,12,38,14,64
621721.0,0,12,38,14,64
621721.0,0,12,46,6,64
621744.0,0,12,46,6,64
621797.0,0,12,46,38,32
621797.0,0,12,46,30,40
621910.0,0,12,46,30,40
621910.0,0,12,47,29,40
622068.0,0,12,47,29,40
622068.0,0,12,47,28,41
622097.0,0,12,47,28,41
622097.0,0,12,73,2,41
622099.0,2,12,71,2,41
622113.0,2,12,71,2,41
622118.0,2,12,71,10,33
622133.0,3,12,70,10,33
622167.0,7,12,66,10,33
622211.0,11,12,62,10,33
622232.0,19,12,54,10,33
622297.0,19,6,54,10,39
622310.0,19,6,54,11,38
622321.0,19,6,54,12,37
622418.0,19,6,54,12,37
622418.0,19,6,62,4,37
622420.0,19,6,62,8,33
622544.0,19,6,62,8,33
622610.0,19,6,62,8,33
622610.0,19,6,63,7,33
622621.0,19,2,63,7,37
622621.0,19,2,64,6,37
622624.0,19,2,64,7,36
622641.0,19,2,64,7,36
622641.0,15,6,64,7,36
622695.0,15,6,64,11,32
622720.0,15,6,64,11,32
622720.0,15,6,68,7,32
622849.0,15,6,68,7,32
622849.0,11,10,68,7,32
622924.0,11,10,68,7,32
622924.0,11,10,69,6,32
622932.0,11,10,69,6,32
622959.0,18,10,62,6,32
622994.0,18,10,62,6,32
622994.0,2,26,62,6,32
622995.0,2,26,62,6,32
622995.0,2,26,66,2,32
623002.0,2,26,66,2,32
623064.0,2,26,66,34,0
623064.0,0,28,66,34,0
623132.0,8,28,58,34,0
623132.0,4,32,58,34,0
623170.0,4,32,58,34,0
623170.0,0,36,58,34,0
623264.0,0,36,58,34,0
623273.0,0,36,58,34,0
623364.0,0,36,58,34,0
623364.0,0,36,60,32,0
623391.0,0,36,60,32,0
623398.0,4,36,56,32,0
623398.0,3,37,56,32,0
623450.0,3,37,56,32,0
623521.0,11,37,48,32,0
623521.0,3,45,48,32,0
623559.0,3,43,48,30,4
623641.0,3,43,48,30,4
623649.0,3,43,48,34,0
623710.0,4,43,47,34,0
623710.0,0,47,47,34,0
623897.0,26,47,21,34,0
623949.0,26,47,21,34,0
624218.0,34,47,13,34,0
624218.0,2,79,13,34,0
624268.0,2,79,13,34,0
624347.0,2,79,13,34,0
624410.0,3,79,12,34,0
624421.0,4,79,11,34,0
624498.0,4,79,11,34,0
624520.0,8,79,7,34,0
624520.0,0,87,7,34,0
624724.0,1,87,6,34,0
624795.0,5,87,2,34,0
625147.0,5,87,2,34,0
625164.0,7,87,0,34,0
625242.0,7,87,0,34,0
625341.0,7,83,0,34,4
625481.0,7,83,0,34,4
625487.0,7,83,0,38,0
625549.0,7,79,0,38,4
625594.0,7,79,0,38,4
625596.0,7,79,0,42,0
625596.0,7,79,0,34,8
625661.0,7,79,0,34,8
625680.0,7,79,0,42,0
625680.0,7,79,0,38,4
625694.0,7,63,0,38,20
625764.0,7,61,0,8,52
625779.0,7,61,0,24,36
625787.0,7,61,0,24,36
625805.0,7,61,0,28,32
625832.0,7,57,0,28,36
625870.0,7,53,0,28,40
625925.0,7,53,0,32,36
625945.0,7,53,0,36,32
625945.0,7,53,0,4,64
625970.0,7,53,0,4,64
625980.0,7,53,0,4,64
626009.0,7,53,0,36,32
626009.0,7,53,0,4,64
626061.0,7,53,0,36,32
626061.0,7,53,0,4,64
626078.0,7,53,0,36,32
626078.0,7,53,0,4,64
626098.0,7,52,0,4,65
626117.0,7,52,0,5,64
626117.0,7,52,0,4,65
626127.0,7,52,0,36,33
626127.0,7,52,0,4,65
626134.0,7,52,0,5,64
626143.0,7,52,0,37,32
626221.0,7,44,0,37,40
626286.0,7,44,0,45,32
626292.0,7,44,0,45,32
626292.0,7,44,0,41,36
626313.0,7,44,0,41,36
626313.0,7,44,0,39,38
626316.0,7,44,0,71,6
626329.0,7,44,0,71,6
626329.0,7,44,0,39,38
626410.0,7,40,0,35,46
626421.0,7,40,0,67,14
626425.0,7,40,0,67,14
626425.0,7,40,0,63,18
626434.0,7,40,0,63,18
626442.0,7,40,0,67,14
626443.0,7,40,0,67,14
626443.0,7,40,16,51,14
626443.0,7,40,16,19,46
626449.0,7,40,16,19,46
626475.0,7,40,16,27,38
626475.0,0,47,16,27,38
626521.0,0,47,16,27,38
626586.0,0,47,16,27,38
626775.0,0,47,16,27,38
626775.0,0,47,18,25,38
626918.0,0,15,18,25,70
627101.0,0,15,18,57,38
627101.0,0,15,18,53,42
627123.0,0,15,18,53,42
627149.0,0,15,18,53,42
627149.0,0,15,18,45,50
627209.0,0,15,18,49,46
627214.0,0,15,18,49,46
627214.0,0,15,18,48,47
627220.0,0,7,18,48,55
627240.0,0,7,18,49,54
627283.0,0,7,18,57,46
627283.0,0,7,18,25,78
627401.0,0,7,18,25,78
627444.0,0,7,18,33,70
627512.0,0,7,18,33,70
627561.0,0,7,18,33,70
627561.0,0,7,18,32,71
627562.0,0,7,18,32,71
627601.0,0,7,18,65,38
627601.0,0,7,18,25,78
627665.0,0,7,18,33,70
627716.0,0,7,18,65,38
627744.0,0,7,18,65,38
627916.0,0,7,18,69,34
627919.0,0,7,18,71,32
627965.0,0,7,18,71,32
627965.0,0,7,26,63,32
628016.0,0,7,26,63,32
628016.0,0,7,58,31,32
628190.0,0,7,58,31,32
628190.0,0,7,58,30,33
628206.0,0,7,58,31,32
628216.0,0,7,58,31,32
628216.0,0,7,61,28,32
628219.0,0,7,61,28,32
628219.0,0,7,63,26,32
628243.0,16,7,47,26,32
628506.0,16,7,47,26,32
628506.0,16,7,48,25,32
628531.0,16,7,48,25,32
628575.0,18,7,46,25,32
628692.0,18,7,46,25,32
628696.0,18,7,46,25,32
628696.0,17,8,46,25,32
628747.0,17,8,46,25,32
628747.0,9,16,46,25,32
628847.0,9,16,46,25,32
628893.0,9,16,46,25,32
628917.0,9,16,46,25,32
629143.0,9,16,46,25,32
629175.0,9,9,46,0,64
629355.0,9,9,46,32,32
629355.0,0,18,46,26,38
629493.0,0,18,46,58,6
629493.0,0,18,46,26,38
629537.0,0,18,46,26,38
629605.0,0,18,46,58,6
629605.0,0,18,46,26,38
629628.0,0,18,46,26,38
629628.0,0,18,46,25,39
629655.0,0,18,46,25,39
629655.0,0,18,48,23,39
629658.0,0,18,48,24,38
629741.0,0,18,48,24,38
629765.0,8,18,40,24,38
629816.0,40,18,8,24,38
629816.0,8,50,8,24,38
629890.0,8,50,8,56,6
629890.0,0,58,8,56,6
629958.0,0,58,8,56,6
629958.0,0,58,9,55,6
630016.0,3,58,6,55,6
630019.0,5,58,4,55,6
630138.0,5,58,4,55,6
630190.0,5,58,4,55,6
630190.0,5,58,12,47,6
630306.0,6,58,11,47,6
630814.0,6,58,11,47,6
630814.0,5,59,11,47,6
630888.0,5,59,11,47,6
630888.0,4,60,11,47,6
630910.0,4,60,11,47,6
630931.0,4,60,11,47,6
630955.0,4,60,11,47,6
630982.0,4,60,11,49,4
630982.0,4,60,11,47,6
631001.0,4,60,11,51,2
631001.0,4,60,11,47,6
631012.0,4,60,11,47,6
631396.0,4,59,11,47,7
631435.0,4,59,11,48,6
631447.0,4,51,11,48,14
631455.0,6,51,9,48,14
631504.0,6,51,9,56,6
631504.0,0,57,9,56,6
631735.0,0,57,9,56,6
631758.0,1,57,8,56,6
631804.0,1,57,8,56,6
631804.0,1,57,15,49,6
631990.0,9,57,7,49,6
632055.0,9,48,7,26,38
632211.0,9,48,7,58,6
632211.0,0,57,7,58,6
632511.0,0,57,7,58,6
632511.0,0,57,16,49,6
632516.0,0,25,16,49,38
632590.0,0,17,16,25,70
632657.0,0,17,16,25,70
632675.0,0,17,16,27,68
632675.0,0,17,16,26,69
632691.0,0,17,16,59,36
632691.0,0,17,16,27,68
632704.0,0,17,16,59,36
632704.0,0,17,16,27,68
632713.0,0,17,16,31,64
632751.0,0,17,16,31,64
632751.0,0,17,16,29,66
632760.0,0,17,16,29,66
632760.0,0,17,16,27,68
632769.0,0,17,16,27,68
632769.0,0,17,16,25,70
632782.0,0,17,16,25,70
632793.0,0,17,16,25,70
632833.0,0,17,16,57,38
632833.0,0,17,16,53,42
632866.0,0,17,16,55,40
632869.0,0,17,16,57,38
632870.0,0,17,16,59,36
632913.0,0,17,16,61,34
632923.0,0,17,16,63,32
632975.0,0,17,16,63,32
633133.0,0,17,16,63,32
633133.0,0,17,44,35,32
633166.0,0,17,44,35,32
633166.0,0,17,46,33,32
633169.0,0,17,46,33,32
633169.0,0,17,48,31,32
633170.0,0,17,48,31,32
633170.0,0,17,50,29,32
633213.0,0,17,50,29,32
633213.0,0,17,52,27,32
633223.0,0,17,52,27,32
633223.0,0,17,54,25,32
633514.0,0,16,54,25,33
633562.0,0,16,54,26,32
633588.0,0,15,54,26,33
633604.0,7,15,47,26,33
633606.0,7,15,47,27,32
633862.0,7,15,47,27,32
633862.0,7,15,48,26,32
633906.0,7,15,48,26,32
633906.0,7,15,49,25,32
634204.0,7,9,49,23,40
634276.0,7,9,49,31,32
634311.0,16,9,40,31,32
634576.0,16,9,40,31,32
634576.0,16,9,48,23,32
634911.0,16,0,48,0,64
634933.0,44,0,20,0,64
634966.0,46,0,18,0,64
634969.0,48,0,16,0,64
634970.0,50,0,14,0,64
635013.0,52,0,12,0,64
635023.0,54,0,10,0,64
635270.0,54,0,10,32,32
635426.0,54,0,10,64,0
635570.0,54,0,10,64,0
635570.0,54,0,42,32,0
635662.0,55,0,41,32,0
635706.0,56,0,40,32,0
635726.0,56,0,40,32,0
635726.0,56,0,72,0,0
636376.0,64,0,64,0,0
637370.0,96,0,32,0,0
637526.0,128,0,0,0,0
637526.0,0,128,0,0,0
640142.0,0,128,0,0,0
640169.0,0,128,0,0,0
640226.0,0,0,0,0,128
640348.0,0,0,0,128,0
640348.0,0,0,0,0,128
640404.0,0,0,0,0,128
640412.0,0,0,0,0,128
640421.0,0,0,0,0,128
640429.0,0,0,0,0,128
640440.0,0,0,0,0,128
640448.0,0,0,0,0,128
640456.0,0,0,0,0,128
640464.0,0,0,0,0,128
640519.0,0,0,0,128,0
640519.0,0,0,0,0,128
640694.0,0,0,0,0,128
643694.0,0,0,0,0,128
644214.0,0,0,0,0,128
644820.0,0,0,0,0,128
646100.0,0,0,0,0,128
646163.0,0,0,0,0,128
651451.0,0,0,0,128,0
651451.0,0,0,0,0,128
651534.0,0,0,0,128,0
651534.0,0,0,0,64,64
651534.0,0,0,0,0,128
651834.0,0,0,0,0,128
653912.0,0,0,0,0,128
656880.0,0,0,0,64,64
656880.0,0,0,0,0,128
660504.0,0,0,0,64,64
660504.0,0,0,0,0,128
660671.0,0,0,0,64,64
660671.0,0,0,0,14,114
660683.0,0,0,0,16,112
660776.0,0,0,0,18,110
660782.0,0,0,0,20,108
660795.0,0,0,0,22,106
660805.0,0,0,0,24,104
660811.0,0,0,0,26,102
660819.0,0,0,0,28,100
660825.0,0,0,0,30,98
660874.0,0,0,0,32,96
660874.0,0,0,0,0,128
660887.0,0,0,0,32,96
660887.0,0,0,0,0,128
660971.0,0,0,0,0,128
661404.0,0,0,0,32,96
661704.0,0,0,0,32,96
661704.0,0,0,32,0,96
662165.0,0,0,32,32,64
662461.0,0,0,32,96,0
662465.0,0,0,32,96,0
662465.0,0,0,64,64,0
662761.0,0,0,64,64,0
662761.0,0,0,128,0,0
663504.0,32,0,96,0,0
664265.0,64,0,64,0,0
664561.0,128,0,0,0,0
664561.0,0,128,0,0,0
666483.0,0,128,0,0,0
667261.0,0,0,0,0,128
667361.0,0,0,0,128,0
667361.0,0,0,0,1,127
667361.0,0,0,0,0,128
667364.0,0,0,0,1,127
667661.0,0,0,0,1,127
667664.0,0,0,0,1,127
667664.0,0,0,1,0,127
669464.0,1,0,0,0,127
673155.0,1,0,0,8,119
673178.0,1,0,0,40,87
673187.0,1,0,0,42,85
673211.0,1,0,0,46,81
673455.0,1,0,0,46,81
673455.0,1,0,8,38,81
673478.0,1,0,8,38,81
673478.0,1,0,40,6,81
673487.0,1,0,40,6,81
673487.0,1,0,42,4,81
673511.0,1,0,42,4,81
673511.0,1,0,46,0,81
674203.0,1,0,46,8,73
674235.0,1,0,46,40,41
674503.0,1,0,46,40,41
674503.0,1,0,54,32,41
674535.0,1,0,54,32,41
674535.0,1,0,86,0,41
675255.0,9,0,78,0,41
675278.0,41,0,46,0,41
675287.0,43,0,44,0,41
675311.0,47,0,40,0,41
676242.0,47,0,40,32,9
676242.0,15,32,40,32,9
676303.0,23,32,32,32,9
676335.0,55,32,0,32,9
676489.0,55,32,0,40,1
676593.0,55,32,0,41,0
676789.0,55,32,0,41,0
676789.0,55,32,8,33,0
676893.0,55,32,8,33,0
676893.0,55,32,9,32,0
678129.0,55,32,9,32,0
678361.0,55,32,9,32,0
678361.0,54,33,9,32,0
678589.0,62,33,1,32,0
678693.0,63,33,0,32,0
678942.0,63,1,0,0,64
681061.0,63,0,0,0,65
681077.0,63,0,0,1,64
681377.0,63,0,0,1,64
681377.0,63,0,1,0,64
683177.0,64,0,0,0,64
683622.0,64,0,0,0,64
683622.0,63,1,0,0,64
686322.0,63,0,0,0,65
686345.0,63,0,0,1,64
686645.0,63,0,0,1,64
686645.0,63,0,1,0,64
688445.0,64,0,0,0,64
688492.0,64,0,0,0,64
689156.0,64,0,0,64,0
689156.0,0,64,0,64,0
690104.0,0,64,0,64,0
690268.0,0,64,0,64,0
690409.0,0,64,0,64,0
691856.0,0,0,0,0,128
691954.0,0,0,0,128,0
691954.0,0,0,0,63,65
691954.0,0,0,0,62,66
691970.0,0,0,0,64,64
692176.0,0,0,0,64,64
692176.0,0,0,0,63,65
692188.0,0,0,0,64,64
692226.0,0,0,0,64,64
692226.0,0,0,0,0,128
692254.0,0,0,0,0,128
692723.0,0,0,0,64,64
692731.0,0,0,0,64,64
692731.0,0,0,0,63,65
692753.0,0,0,0,64,64
692786.0,0,0,0,64,64
692786.0,0,0,0,0,128
693023.0,0,0,0,0,128
694300.0,0,0,0,64,64
694322.0,0,0,0,64,64
694600.0,0,0,0,64,64
694600.0,0,0,64,0,64
696400.0,64,0,0,0,64
700923.0,64,0,0,0,64
702082.0,64,0,0,64,0
702082.0,0,64,0,64,0
703293.0,0,64,0,64,0
703321.0,0,64,0,64,0
703692.0,0,64,0,64,0
704425.0,0,64,0,64,0
704507.0,0,64,0,64,0
704782.0,0,0,0,0,128
704877.0,0,0,0,128,0
704877.0,0,0,0,0,128
704969.0,0,0,0,128,0
704969.0,0,0,0,21,107
704972.0,0,0,0,22,106
704986.0,0,0,0,23,105
704991.0,0,0,0,24,104
705039.0,0,0,0,32,96
705066.0,0,0,0,64,64
705066.0,0,0,0,0,128
705269.0,0,0,0,0,128
705635.0,0,0,0,0,128
706522.0,0,0,0,0,128
710029.0,0,0,0,0,128
710031.0,0,0,0,0,128
710032.0,0,0,0,0,128
710035.0,0,0,0,0,128
710036.0,0,0,0,0,128
710038.0,0,0,0,0,128
710056.0,0,0,0,0,128
710282.0,0,0,0,0,128
710283.0,0,0,0,0,128
710285.0,0,0,0,0,128
710287.0,0,0,0,0,128
710290.0,0,0,0,0,128
710292.0,0,0,0,0,128
711090.0,0,0,0,0,128
711119.0,0,0,0,0,128
711689.0,0,0,0,0,128
711734.0,0,0,0,0,128
713833.0,0,0,0,0,128
713890.0,0,0,0,0,128
714949.0,0,0,0,0,128
714950.0,0,0,0,0,128
714952.0,0,0,0,0,128
714954.0,0,0,0,0,128
714955.0,0,0,0,0,128
714957.0,0,0,0,0,128
715070.0,0,0,0,64,64
715070.0,0,0,0,9,119
715070.0,0,0,0,1,127
715074.0,0,0,0,4,124
715076.0,0,0,0,16,112
715076.0,0,0,0,0,128
715077.0,0,0,0,16,112
715077.0,0,0,0,8,120
715078.0,0,0,0,12,116
715080.0,0,0,0,16,112
715080.0,0,0,0,0,128
715081.0,0,0,0,4,124
715081.0,0,0,0,0,128
715083.0,0,0,0,16,112
715083.0,0,0,0,4,124
715091.0,0,0,0,8,120
715091.0,0,0,0,0,128
715093.0,0,0,0,4,124
715095.0,0,0,0,12,116
715119.0,0,0,0,16,112
715122.0,0,0,0,20,108
715123.0,0,0,0,36,92
715123.0,0,0,0,4,124
715124.0,0,0,0,16,112
715124.0,0,0,0,8,120
715124.0,0,0,0,0,128
715125.0,0,0,0,16,112
715125.0,0,0,0,8,120
715222.0,0,0,0,16,112
715222.0,0,0,0,0,128
715231.0,0,0,0,8,120
715234.0,0,0,0,24,104
715234.0,0,0,0,8,120
715240.0,0,0,0,24,104
715244.0,0,0,0,24,104
715244.0,0,0,0,8,120
715246.0,0,0,0,8,120
715246.0,0,0,0,4,124
715247.0,0,0,0,4,124
715247.0,0,0,0,0,128
715249.0,0,0,0,0,128
715251.0,0,0,0,0,128
715252.0,0,0,0,0,128
715340.0,0,0,0,4,124
715340.0,0,0,0,0,128
715341.0,0,0,0,4,124
715343.0,0,0,0,20,108
715343.0,0,0,0,4,124
715360.0,0,0,0,4,124
715370.0,0,0,0,4,124
715377.0,0,0,0,4,124
715383.0,0,0,0,4,124
715385.0,0,0,0,4,124
715393.0,0,0,0,4,124
715419.0,0,0,0,4,124
715425.0,0,0,0,4,124
715433.0,0,0,0,8,120
715433.0,0,0,0,0,128
715434.0,0,0,0,16,112
715434.0,0,0,0,8,120
715524.0,0,0,0,16,112
715531.0,0,0,0,16,112
715534.0,0,0,0,16,112
715544.0,0,0,0,24,104
715641.0,0,0,0,24,104
715673.0,0,0,0,32,96
715673.0,0,0,0,0,128
715700.0,0,0,0,32,96
715700.0,0,0,0,0,128
715734.0,0,0,0,0,128
715817.0,0,0,0,32,96
715817.0,0,0,0,0,128
715862.0,0,0,0,32,96
715952.0,0,0,0,64,64
716022.0,0,0,0,64,64
716022.0,0,0,0,63,65
716036.0,0,0,0,64,64
716162.0,0,0,0,64,64
716162.0,0,0,32,32,64
716252.0,0,0,32,32,64
716252.0,0,0,63,1,64
716336.0,0,0,63,1,64
716336.0,0,0,64,0,64
717272.0,0,0,64,0,64
717302.0,0,0,64,0,64
717962.0,32,0,32,0,64
717962.0,0,32,32,0,64
718052.0,31,32,1,0,64
718052.0,23,40,1,0,64
718136.0,24,40,0,0,64
718276.0,24,40,0,0,64
718305.0,24,40,0,0,64
718577.0,24,40,0,0,64
718577.0,16,48,0,0,64
718610.0,16,48,0,0,64
718610.0,8,56,0,0,64
719569.0,8,56,0,0,64
719569.0,7,57,0,0,64
720125.0,7,57,0,64,0
720125.0,7,57,0,0,64
720276.0,7,57,0,32,32
720448.0,7,57,0,64,0
720576.0,7,57,0,64,0
720576.0,7,57,32,32,0
720662.0,7,25,32,32,32
720748.0,7,25,32,32,32
720748.0,7,25,64,0,32
720752.0,7,17,64,0,40
720801.0,7,17,64,32,8
720860.0,7,17,64,40,0
721101.0,7,17,64,40,0
721101.0,7,17,96,8,0
721160.0,7,17,96,8,0
721160.0,7,17,104,0,0
721277.0,7,9,104,0,8
721310.0,7,1,104,0,16
721400.0,7,1,104,8,8
721601.0,7,1,104,16,0
721700.0,7,1,104,16,0
721700.0,7,1,112,8,0
721901.0,7,1,112,8,0
721901.0,7,1,120,0,0
722269.0,7,0,120,0,1
722283.0,7,0,120,1,0
722376.0,39,0,88,1,0
722548.0,71,0,56,1,0
722583.0,71,0,56,1,0
722583.0,71,0,57,0,0
722901.0,103,0,25,0,0
722929.0,103,0,25,0,0
722929.0,87,16,25,0,0
722931.0,87,16,25,0,0
722931.0,23,80,25,0,0
722960.0,31,80,17,0,0
723500.0,39,80,9,0,0
723701.0,47,80,1,0,0
724383.0,48,80,0,0,0
725629.0,48,64,0,0,16
725631.0,48,0,0,0,80
726962.0,48,0,0,0,80
726962.0,47,1,0,0,80
729662.0,47,0,0,0,81
729677.0,47,0,0,1,80
729977.0,47,0,0,1,80
729977.0,47,0,1,0,80
730174.0,47,0,1,16,64
730474.0,47,0,1,16,64
730474.0,47,0,17,0,64
731777.0,48,0,16,0,64
732274.0,64,0,0,0,64
733130.0,64,0,0,0,64
733130.0,0,64,0,0,64
735829.0,0,64,0,64,0
735830.0,0,0,0,64,64
736129.0,0,0,0,64,64
736129.0,0,0,64,0,64
737849.0,0,0,64,0,64
737929.0,64,0,0,0,64
737929.0,63,1,0,0,64
737974.0,63,1,0,0,64
739281.0,63,1,0,0,64
739459.0,63,1,0,0,64
739459.0,61,3,0,0,64
740629.0,61,2,0,0,65
740641.0,61,2,0,1,64
740665.0,61,2,0,65,0
740665.0,61,2,0,1,64
740941.0,61,2,0,1,64
740965.0,61,2,0,1,64
740965.0,61,2,1,0,64
742159.0,61,0,1,0,66
742260.0,61,0,1,1,65
742298.0,61,0,1,2,64
742560.0,61,0,1,2,64
742560.0,61,0,2,1,64
742598.0,61,0,2,1,64
742598.0,61,0,3,0,64
742765.0,62,0,2,0,64
744360.0,63,0,1,0,64
744398.0,64,0,0,0,64
750841.0,64,0,0,64,0
751141.0,64,0,0,64,0
751141.0,64,0,64,0,0
752941.0,128,0,0,0,0
759205.0,128,0,0,0,0
759205.0,64,64,0,0,0
759341.0,64,64,0,0,0
759341.0,32,96,0,0,0
759370.0,32,96,0,0,0
759370.0,24,104,0,0,0
759584.0,24,104,0,0,0
759607.0,24,104,0,0,0
760407.0,24,104,0,0,0
760407.0,16,112,0,0,0
760439.0,16,112,0,0,0
760439.0,8,120,0,0,0
760955.0,8,120,0,0,0
760981.0,8,120,0,0,0
760981.0,0,128,0,0,0
761905.0,0,64,0,0,64
762041.0,0,32,0,0,96
762070.0,0,24,0,0,104
762174.0,0,24,0,32,72
762174.0,0,24,0,0,104
762175.0,0,24,0,8,96
762295.0,0,24,0,40,64
762295.0,0,24,0,8,96
762475.0,0,24,0,8,96
762475.0,0,24,8,0,96
762476.0,0,24,8,32,64
762476.0,0,24,8,0,96
762600.0,0,24,8,32,64
762900.0,0,24,8,32,64
762900.0,0,24,40,0,64
763107.0,0,16,40,0,72
763139.0,0,8,40,0,80
763205.0,0,8,40,8,72
763288.0,0,8,40,16,64
763505.0,0,8,40,16,64
763505.0,0,8,48,8,64
763588.0,0,8,48,8,64
763588.0,0,8,56,0,64
763681.0,0,0,56,0,72
763780.0,0,0,56,8,64
764080.0,0,0,56,8,64
764080.0,0,0,64,0,64
764275.0,8,0,56,0,64
764700.0,40,0,24,0,64
765305.0,48,0,16,0,64
765388.0,56,0,8,0,64
765880.0,64,0,0,0,64
768592.0,64,0,0,0,64
768592.0,63,1,0,0,64
770021.0,63,1,0,0,64
770021.0,62,2,0,0,64
771292.0,62,1,0,0,65
771308.0,62,1,0,1,64
771608.0,62,1,0,1,64
771608.0,62,1,1,0,64
772248.0,62,1,1,0,64
772248.0,61,2,1,0,64
772407.0,61,2,1,0,64
772407.0,60,3,1,0,64
772496.0,60,3,1,0,64
772496.0,59,4,1,0,64
772580.0,59,4,1,0,64
772580.0,51,12,1,0,64
772721.0,51,11,1,0,65
772736.0,51,11,1,1,64
773036.0,51,11,1,1,64
773036.0,51,11,2,0,64
773113.0,51,11,2,0,64
773113.0,43,19,2,0,64
773183.0,43,19,2,0,64
773183.0,42,20,2,0,64
773356.0,42,20,2,0,64
773356.0,34,28,2,0,64
773408.0,35,28,1,0,64
773489.0,35,28,1,0,64
773489.0,34,29,1,0,64
773759.0,34,29,1,0,64
773759.0,26,37,1,0,64
773890.0,26,37,1,0,64
773890.0,18,45,1,0,64
774184.0,18,45,1,0,64
774184.0,17,46,1,0,64
774266.0,17,46,1,0,64
774266.0,16,47,1,0,64
774291.0,16,47,1,0,64
774291.0,15,48,1,0,64
774320.0,15,48,1,0,64
774320.0,14,49,1,0,64
774428.0,14,49,1,0,64
774428.0,6,57,1,0,64
774515.0,6,57,1,0,64
774624.0,6,57,1,0,64
774647.0,6,57,1,0,64
774647.0,5,58,1,0,64
774836.0,6,58,0,0,64
774948.0,6,57,0,0,65
774951.0,6,57,0,0,65
774951.0,5,58,0,0,65
774962.0,5,58,0,0,65
774962.0,4,59,0,0,65
775006.0,4,59,0,0,65
775006.0,3,60,0,0,65
775055.0,3,60,0,1,64
775107.0,3,59,0,1,65
775128.0,3,59,0,2,64
775140.0,3,59,0,2,64
775196.0,3,58,0,2,65
775214.0,3,58,0,3,64
775280.0,3,50,0,3,72
775300.0,3,50,0,11,64
775300.0,3,50,0,3,72
775324.0,3,50,0,11,64
775324.0,3,50,0,3,72
775354.0,3,50,0,11,64
775354.0,3,50,0,3,72
775355.0,3,50,0,3,72
775417.0,3,50,0,11,64
775417.0,3,50,0,3,72
775483.0,3,50,0,3,72
775483.0,3,50,0,2,73
775490.0,3,50,0,3,72
775510.0,3,50,0,11,64
775562.0,3,50,0,11,64
775562.0,3,50,0,10,65
775566.0,3,50,0,11,64
775600.0,3,50,0,11,64
775600.0,3,50,2,9,64
775790.0,3,50,2,9,64
775790.0,3,50,3,8,64
775810.0,3,50,3,8,64
775810.0,3,50,10,1,64
775813.0,3,42,10,1,72
775852.0,3,42,10,9,64
775866.0,3,42,10,9,64
775866.0,3,42,11,8,64
775883.0,3,41,11,8,65
775903.0,3,41,11,9,64
776056.0,3,33,11,9,72
776152.0,3,33,11,9,72
776152.0,3,33,19,1,72
776158.0,3,33,19,9,64
776189.0,3,32,19,9,65
776203.0,3,32,19,9,65
776203.0,3,32,20,8,65
776223.0,3,32,20,9,64
776458.0,3,32,20,9,64
776458.0,3,32,28,1,64
776459.0,3,24,28,1,72
776505.0,3,24,28,9,64
776523.0,3,24,28,9,64
776523.0,3,24,29,8,64
776590.0,3,16,29,8,72
776730.0,3,16,29,16,64
776805.0,3,16,29,16,64
776805.0,3,16,37,8,64
776884.0,3,15,37,8,65
776916.0,3,15,37,9,64
776966.0,3,14,37,9,65
776982.0,3,14,37,73,1
776991.0,3,13,37,73,2
776992.0,3,13,37,74,1
777007.0,3,13,37,75,0
777020.0,3,12,37,75,1
777030.0,3,12,37,75,1
777030.0,3,12,45,67,1
777062.0,3,12,45,68,0
777128.0,3,4,45,68,8
777149.0,3,4,45,76,0
777216.0,3,4,45,76,0
777216.0,3,4,46,75,0
777282.0,3,4,46,75,0
777282.0,3,4,110,11,0
777292.0,3,4,110,11,0
777292.0,3,4,111,10,0
777307.0,3,4,111,10,0
777307.0,3,4,112,9,0
777347.0,3,3,112,9,1
777352.0,3,3,112,10,0
777362.0,3,3,112,10,0
777362.0,3,3,113,9,0
777400.0,5,3,111,9,0
777449.0,5,3,111,9,0
777449.0,5,3,119,1,0
777590.0,6,3,118,1,0
777610.0,13,3,111,1,0
777651.0,13,2,111,1,1
777652.0,13,2,111,1,1
777652.0,13,2,112,0,1
777654.0,13,2,112,1,0
777662.0,13,1,112,1,1
777666.0,14,1,111,2,0
777706.0,14,0,111,2,1
777709.0,14,0,111,3,0
777936.0,14,0,111,3,0
777936.0,14,0,111,2,1
777952.0,22,0,103,2,1
777954.0,22,0,103,2,1
777961.0,22,0,103,2,1
777963.0,22,0,103,3,0
777966.0,22,0,103,3,0
777966.0,22,0,104,2,0
778003.0,23,0,103,2,0
778009.0,23,0,103,2,0
778009.0,23,0,104,1,0
778064.0,23,0,104,1,0
778258.0,31,0,96,1,0
778263.0,31,0,96,1,0
778263.0,31,0,97,0,0
778323.0,32,0,96,0,0
778605.0,40,0,88,0,0
778830.0,48,0,80,0,0
779016.0,49,0,79,0,0
779082.0,113,0,15,0,0
779082.0,48,65,15,0,0
779092.0,49,65,14,0,0
779107.0,50,65,13,0,0
779162.0,51,65,12,0,0
779249.0,59,65,4,0,0
779452.0,60,65,3,0,0
779766.0,61,65,2,0,0
779809.0,62,65,1,0,0
780063.0,63,65,0,0,0
780659.0,63,65,0,0,0
780659.0,62,66,0,0,0
781782.0,62,1,0,0,65
781799.0,62,1,0,1,64
782099.0,62,1,0,1,64
782099.0,62,1,1,0,64
783359.0,62,0,1,0,65
783368.0,62,0,1,0,65
783373.0,62,0,1,1,64
783673.0,62,0,1,1,64
783673.0,62,0,2,0,64
783899.0,63,0,1,0,64
784048.0,63,0,1,0,64
784478.0,63,0,1,64,0
784778.0,63,0,1,64,0
784778.0,63,0,65,0,0
785403.0,63,0,65,0,0
785473.0,64,0,64,0,0
786578.0,128,0,0,0,0
786578.0,0,128,0,0,0
786808.0,0,128,0,0,0
787724.0,0,128,0,0,0
788165.0,0,128,0,0,0
789267.0,0,128,0,0,0
789278.0,0,0,0,0,128
789374.0,0,0,0,128,0
789374.0,0,0,0,0,128
790592.0,0,0,0,0,128
790702.0,0,0,0,64,64
790702.0,0,0,0,62,66
790717.0,0,0,0,63,65
790762.0,0,0,0,64,64
790777.0,0,0,0,128,0
790777.0,0,0,0,0,128
790868.0,0,0,0,128,0
790868.0,0,0,0,0,128
791002.0,0,0,0,0,128
791422.0,0,0,0,64,64
791722.0,0,0,0,64,64
791722.0,0,0,64,0,64
792016.0,0,0,64,0,64
793268.0,0,0,64,64,0
793268.0,0,0,64,0,64
793522.0,64,0,0,0,64
796319.0,64,0,0,0,64
796319.0,63,1,0,0,64
796400.0,63,1,0,0,64
797570.0,63,1,0,64,0
797570.0,63,1,0,0,64
799019.0,63,0,0,0,65
799034.0,63,0,0,1,64
799334.0,63,0,0,1,64
799334.0,63,0,1,0,64
801134.0,64,0,0,0,64
802422.0,64,0,0,0,64
802422.0,63,1,0,0,64
805122.0,63,0,0,0,65
805146.0,63,0,0,1,64
805446.0,63,0,0,1,64
805446.0,63,0,1,0,64
807246.0,64,0,0,0,64
808168.0,64,0,0,0,64
808168.0,63,1,0,0,64
808302.0,63,1,0,0,64
808302.0,62,2,0,0,64
809328.0,62,2,0,0,64
809328.0,46,18,0,0,64
809329.0,46,18,0,0,64
809469.0,46,18,0,64,0
809469.0,46,18,0,0,64
810868.0,46,17,0,0,65
810883.0,46,17,0,1,64
810919.0,46,17,0,1,64
810919.0,46,17,0,0,65
810924.0,46,17,0,1,64
811002.0,46,16,0,1,65
811021.0,46,16,0,2,64
811183.0,46,16,0,2,64
811224.0,46,16,0,2,64
811224.0,46,16,1,1,64
811321.0,46,16,1,1,64
811321.0,46,16,2,0,64
812028.0,46,0,2,0,80
813024.0,47,0,1,0,80
813121.0,48,0,0,0,80
820393.0,48,0,0,64,16
820693.0,48,0,0,64,16
820693.0,48,0,64,0,16
822493.0,112,0,0,0,16
822566.0,112,0,0,0,16
822952.0,112,0,0,16,0
822952.0,0,112,0,16,0
825652.0,0,0,0,0,128
825739.0,0,0,0,128,0
826039.0,0,0,0,128,0
826039.0,0,0,128,0,0
827839.0,128,0,0,0,0
851460.0,128,0,0,0,0
851460.0,124,4,0,0,0
851760.0,124,4,0,0,0
851760.0,116,12,0,0,0
851945.0,116,12,0,0,0
851945.0,114,14,0,0,0
852323.0,114,14,0,0,0
852323.0,98,30,0,0,0
852779.0,98,30,0,0,0
852779.0,66,62,0,0,0
853137.0,66,62,0,0,0
853137.0,34,94,0,0,0
853160.0,34,94,0,0,0
853160.0,26,102,0,0,0
853287.0,26,102,0,0,0
853287.0,22,106,0,0,0
853694.0,22,106,0,0,0
853694.0,18,110,0,0,0
854160.0,18,106,0,0,4
854199.0,18,106,0,0,4
854210.0,18,106,0,4,0
854258.0,18,106,0,4,0
854334.0,18,106,0,4,0
854334.0,14,110,0,4,0
854460.0,14,102,0,4,8
854510.0,14,102,0,4,8
854521.0,14,102,0,12,0
854645.0,14,100,0,12,2
854692.0,14,100,0,14,0
854821.0,14,100,0,14,0
854821.0,14,100,8,6,0
854873.0,14,100,8,6,0
854873.0,0,114,8,6,0
854874.0,0,114,8,6,0
854877.0,0,114,8,6,0
854879.0,0,114,8,6,0
854881.0,0,114,8,6,0
854967.0,0,114,8,6,0
854992.0,0,114,8,6,0
855023.0,0,98,8,6,16
855244.0,0,98,8,6,16
855246.0,0,98,8,6,16
855247.0,0,98,8,6,16
855249.0,0,98,8,6,16
855250.0,0,98,8,6,16
855359.0,0,98,8,6,16
855360.0,0,98,8,6,16
855362.0,0,98,8,6,16
855363.0,0,98,8,6,16
855365.0,0,98,8,6,16
855366.0,0,98,8,6,16
855381.0,0,98,8,22,0
855381.0,0,98,8,6,16
855385.0,0,98,8,10,12
855385.0,0,98,8,6,16
855387.0,0,98,8,10,12
855387.0,0,98,8,6,16
855390.0,0,98,8,10,12
855390.0,0,98,8,6,16
855391.0,0,98,8,10,12
855391.0,0,98,8,6,16
855392.0,0,98,8,14,8
855392.0,0,98,8,10,12
855418.0,0,98,8,18,4
855418.0,0,98,8,10,12
855419.0,0,98,8,14,8
855442.0,0,98,8,22,0
855442.0,0,98,8,6,16
855444.0,0,98,8,22,0
855444.0,0,98,8,6,16
855456.0,0,98,8,22,0
855456.0,0,98,8,6,16
855461.0,0,98,8,22,0
855461.0,0,98,8,6,16
855479.0,0,66,8,6,48
855493.0,0,66,8,22,32
855493.0,0,66,8,6,48
855518.0,0,66,8,22,32
855607.0,0,66,8,22,32
855607.0,0,66,8,6,48
855609.0,0,66,8,6,48
855611.0,0,66,8,6,48
855613.0,0,66,8,6,48
855615.0,0,66,8,6,48
855617.0,0,66,8,6,48
855682.0,0,66,8,22,32
855682.0,0,66,8,10,44
855692.0,0,66,8,10,44
855719.0,0,66,8,10,44
855719.0,0,66,8,9,45
855744.0,0,66,8,10,44
855749.0,0,66,8,14,40
855749.0,0,66,8,6,48
855750.0,0,66,8,10,44
855752.0,0,66,8,14,40
855779.0,0,66,8,14,40
855780.0,0,66,8,14,40
855780.0,0,66,8,6,48
855782.0,0,66,8,6,48
855783.0,0,66,8,6,48
855785.0,0,66,8,6,48
855787.0,0,66,8,14,40
855787.0,0,66,8,6,48
855793.0,0,66,8,14,40
855793.0,0,66,8,6,48
855799.0,0,66,8,14,40
855808.0,0,66,8,14,40
855813.0,0,66,8,22,32
855813.0,0,66,8,6,48
855818.0,0,66,8,6,48
855837.0,0,34,8,6,80
855860.0,0,26,8,6,88
855879.0,0,26,8,22,72
855907.0,0,26,8,22,72
855910.0,0,26,8,22,72
855910.0,0,26,8,14,80
855912.0,0,26,8,14,80
855912.0,0,26,8,6,88
855915.0,0,26,8,6,88
855918.0,0,26,8,14,80
855918.0,0,26,8,6,88
855919.0,0,26,8,14,80
855923.0,0,26,8,22,72
855982.0,0,26,8,22,72
855987.0,0,22,8,22,76
855996.0,0,22,8,22,76
856050.0,0,22,8,22,76
856099.0,0,22,8,22,76
856179.0,0,22,8,22,76
856219.0,0,22,8,22,76
856219.0,0,22,16,14,76
856223.0,0,22,16,14,76
856223.0,0,22,24,6,76
856361.0,0,22,24,10,72
856394.0,0,18,24,10,76
856427.0,0,18,24,10,76
856427.0,0,18,24,9,77
856445.0,0,18,24,41,45
856445.0,0,18,24,9,77
856446.0,0,18,24,17,69
856453.0,0,18,24,18,68
856621.0,8,18,16,18,68
856661.0,8,18,16,18,68
856661.0,8,18,19,15,68
856730.0,8,18,19,47,36
856730.0,8,18,19,15,68
856746.0,8,18,19,15,68
856746.0,8,18,27,7,68
856753.0,8,18,27,7,68
856753.0,8,18,28,6,68
856812.0,8,18,28,6,68
856814.0,8,18,28,6,68
856814.0,4,22,28,6,68
856816.0,4,22,28,6,68
856818.0,4,22,28,6,68
857034.0,4,18,28,2,76
857057.0,4,18,28,2,76
857057.0,0,22,28,2,76
857130.0,0,22,28,2,76
857132.0,0,22,28,2,76
857133.0,0,22,28,2,76
857135.0,0,22,28,34,44
857135.0,0,22,28,2,76
857451.0,0,22,28,2,76
857452.0,0,22,28,2,76
857454.0,0,22,28,2,76
857456.0,0,22,28,2,76
857573.0,0,8,28,0,92
857584.0,0,8,28,16,76
857584.0,0,8,28,0,92
857589.0,0,8,28,8,84
857589.0,0,8,28,0,92
857590.0,0,8,28,8,84
857590.0,0,8,28,0,92
857594.0,0,8,28,8,84
857594.0,0,8,28,0,92
857595.0,0,8,28,8,84
857595.0,0,8,28,0,92
857598.0,0,8,28,8,84
857598.0,0,8,28,0,92
857602.0,0,8,28,8,84
857602.0,0,8,28,0,92
857603.0,0,8,28,8,84
857605.0,0,8,28,16,76
857748.0,0,8,28,16,76
857748.0,0,8,28,15,77
857792.0,0,8,28,16,76
857812.0,0,8,28,16,76
857812.0,0,8,28,15,77
857833.0,0,8,28,16,76
857838.0,0,8,28,16,76
857838.0,0,8,28,12,80
857861.0,0,8,28,12,80
857861.0,0,8,28,10,82
857876.0,0,8,28,42,50
857876.0,0,8,28,10,82
857882.0,0,8,28,10,82
857884.0,0,8,28,42,50
857884.0,0,8,28,10,82
857889.0,0,8,28,42,50
857889.0,0,8,28,10,82
857903.0,0,8,28,10,82
857903.0,0,8,30,8,82
857905.0,0,8,30,8,82
857905.0,0,8,38,0,82
858009.0,0,8,38,4,78
858019.0,8,8,30,4,78
858023.0,16,8,22,4,78
858309.0,16,8,22,4,78
858309.0,16,8,26,0,78
858461.0,19,8,23,0,78
858546.0,27,8,15,0,78
858553.0,28,8,14,0,78
859434.0,28,8,14,6,72
859434.0,2,34,14,6,72
859514.0,2,30,14,6,76
859576.0,2,30,14,10,72
859703.0,4,30,12,10,72
859705.0,12,30,4,10,72
859757.0,12,26,4,10,76
859806.0,12,26,4,14,72
859876.0,12,26,4,14,72
859876.0,12,26,8,10,72
860106.0,12,26,8,10,72
860106.0,12,26,12,6,72
860109.0,16,26,8,6,72
861515.0,16,26,8,38,40
861515.0,16,26,8,6,72
861676.0,20,26,4,6,72
861906.0,24,26,0,38,40
861906.0,24,26,0,6,72
861915.0,24,26,0,38,40
861915.0,24,26,0,6,72
861922.0,24,26,0,38,40
861922.0,24,26,0,6,72
861931.0,24,26,0,38,40
861931.0,24,26,0,6,72
862134.0,24,0,0,8,96
862145.0,24,0,0,40,64
862246.0,24,0,0,72,32
862353.0,24,0,0,104,0
862434.0,24,0,0,104,0
862434.0,24,0,8,96,0
862445.0,24,0,8,96,0
862445.0,24,0,40,64,0
862546.0,24,0,40,64,0
862546.0,24,0,72,32,0
862653.0,24,0,72,32,0
862653.0,24,0,104,0,0
863188.0,24,0,104,0,0
863188.0,23,1,104,0,0
863202.0,23,1,104,0,0
863218.0,23,1,104,0,0
863289.0,23,1,104,0,0
863609.0,23,1,104,0,0
863615.0,23,1,104,0,0
863632.0,23,1,104,0,0
863639.0,23,1,104,0,0
863644.0,23,1,104,0,0
863647.0,23,1,104,0,0
863831.0,23,1,104,0,0
864234.0,31,1,96,0,0
864245.0,63,1,64,0,0
864245.0,31,33,64,0,0
864346.0,63,33,32,0,0
864346.0,3,93,32,0,0
864453.0,35,93,0,0,0
864453.0,3,125,0,0,0
864739.0,3,125,0,0,0
864873.0,3,125,0,0,0
864875.0,3,125,0,0,0
864881.0,3,125,0,0,0
864883.0,3,125,0,0,0
864911.0,3,125,0,0,0
864923.0,3,125,0,0,0
865129.0,3,125,0,0,0
865131.0,3,125,0,0,0
865133.0,3,125,0,0,0
865135.0,3,125,0,0,0
865656.0,3,125,0,0,0
865685.0,3,125,0,0,0
865785.0,3,125,0,0,0
865810.0,3,125,0,0,0
865888.0,3,124,0,0,1
865920.0,3,124,0,1,0
866171.0,3,124,0,1,0
866220.0,3,124,0,1,0
866220.0,3,124,1,0,0
866251.0,3,124,1,0,0
866251.0,2,125,1,0,0
866698.0,2,125,1,0,0
866945.0,2,93,1,0,32
866947.0,2,93,1,32,0
866947.0,2,93,1,0,32
866971.0,2,93,1,0,32
867000.0,2,93,1,0,32
867046.0,2,33,1,0,92
867139.0,2,33,1,8,84
867139.0,2,33,1,0,92
867153.0,2,1,1,0,124
867180.0,2,1,1,8,116
867180.0,2,1,1,0,124
867216.0,2,1,1,8,116
867216.0,2,1,1,0,124
867250.0,2,1,1,8,116
867250.0,2,1,1,0,124
867336.0,2,1,1,8,116
867336.0,2,1,1,0,124
867380.0,2,1,1,0,124
867390.0,2,1,1,8,116
867393.0,2,1,1,16,108
867393.0,2,1,1,0,124
867396.0,2,1,1,16,108
867396.0,2,1,1,8,116
867396.0,2,1,1,0,124
867479.0,2,1,1,8,116
867479.0,2,1,1,0,124
867480.0,2,1,1,8,116
867499.0,2,1,1,12,112
867506.0,2,1,1,16,108
867506.0,2,1,1,0,124
867513.0,2,1,1,16,108
867525.0,2,1,1,20,104
867531.0,2,1,1,36,88
867531.0,2,1,1,4,120
867545.0,2,1,1,20,104
867545.0,2,1,1,4,120
867574.0,2,1,1,36,88
867574.0,2,1,1,4,120
867663.0,2,1,1,36,88
867663.0,2,1,1,4,120
867688.0,2,1,1,4,120
867688.0,2,1,1,3,121
867690.0,2,1,1,3,121
867696.0,2,1,1,3,121
867745.0,2,1,1,35,89
867745.0,2,1,1,3,121
867780.0,2,1,1,3,121
867793.0,2,1,1,4,120
867813.0,2,1,1,4,120
867813.0,2,1,4,1,120
867857.0,2,1,4,1,120
868020.0,3,1,3,1,120
868093.0,3,1,3,1,120
868093.0,3,1,4,0,120
868154.0,3,1,4,32,88
868154.0,3,1,4,0,120
868213.0,3,1,4,0,120
868215.0,3,1,4,32,88
868215.0,3,1,4,0,120
868219.0,3,1,4,0,120
868219.0,2,2,4,0,120
868233.0,2,2,4,0,120
868233.0,1,3,4,0,120
868259.0,1,3,4,32,88
868259.0,1,3,4,16,104
868284.0,1,3,4,16,104
868348.0,1,3,4,16,104
868348.0,0,4,4,16,104
868381.0,0,4,4,16,104
868406.0,0,4,4,16,104
868559.0,0,4,4,16,104
868559.0,0,4,20,0,104
868649.0,0,4,20,0,104
868659.0,0,4,20,16,88
868951.0,0,3,20,16,89
868956.0,0,3,20,17,88
868959.0,0,3,20,17,88
868959.0,0,3,36,1,88
869037.0,0,3,36,1,88
869256.0,0,3,36,1,88
869256.0,0,3,37,0,88
869569.0,0,3,37,16,72
869569.0,0,3,37,0,88
869613.0,3,3,34,0,88
869613.0,1,5,34,0,88
869826.0,1,5,34,0,88
869893.0,2,5,33,0,88
869981.0,2,5,33,16,72
869981.0,2,5,33,8,80
870199.0,2,5,33,8,80
870281.0,2,5,33,8,80
870281.0,2,5,41,0,80
870338.0,2,5,41,4,76
870359.0,18,5,25,4,76
870359.0,6,17,25,4,76
870638.0,6,17,25,4,76
870759.0,22,17,9,4,76
870759.0,6,33,9,4,76
870767.0,6,33,9,36,44
870767.0,6,33,9,4,76
870891.0,6,33,9,36,44
870891.0,6,33,9,4,76
870903.0,6,33,9,4,76
870919.0,6,32,9,4,77
870933.0,6,31,9,4,78
870938.0,6,31,9,5,77
871006.0,6,31,9,37,45
871006.0,6,31,9,5,77
871027.0,6,31,9,6,76
871048.0,6,30,9,6,77
871056.0,7,30,8,6,77
871074.0,7,30,8,7,76
871238.0,7,30,8,7,76
871306.0,7,30,8,7,76
871306.0,7,30,9,6,76
871327.0,7,30,9,6,76
871327.0,7,30,10,5,76
871374.0,7,30,10,5,76
871374.0,7,30,11,4,76
871433.0,7,30,11,36,44
871433.0,7,30,11,4,76
871463.0,7,30,11,36,44
871463.0,7,30,11,4,76
871567.0,7,30,11,36,44
871567.0,7,30,11,4,76
871601.0,7,30,11,8,72
871610.0,7,30,11,40,40
871610.0,7,30,11,24,56
871626.0,7,30,11,24,56
871626.0,7,30,11,23,57
871670.0,7,30,11,24,56
871682.0,7,30,11,24,56
871682.0,7,30,11,23,57
871700.0,7,30,11,24,56
871706.0,7,30,11,24,56
871706.0,7,30,11,20,60
871728.0,7,30,11,20,60
871728.0,7,30,11,18,62
871735.0,7,30,11,22,58
871748.0,7,30,11,24,56
871858.0,7,30,11,40,40
871901.0,7,30,11,40,40
871910.0,7,30,11,40,40
871910.0,7,30,25,26,40
872015.0,7,30,25,26,40
872015.0,7,30,25,22,44
872035.0,7,30,25,22,44
872035.0,7,30,29,18,44
872036.0,7,30,29,18,44
872036.0,7,30,29,16,46
872048.0,7,30,29,16,46
872048.0,7,30,31,14,46
872081.0,15,30,23,14,46
872158.0,15,30,23,14,46
872158.0,15,30,33,4,46
872313.0,15,28,33,4,48
872615.0,15,28,33,4,48
872842.0,15,28,33,4,48
872926.0,15,28,33,4,48
872926.0,13,30,33,4,48
872948.0,13,30,33,8,44
872948.0,1,42,33,8,44
872949.0,1,42,33,10,42
872951.0,1,42,33,10,42
872978.0,1,42,33,10,42
873059.0,1,30,33,6,58
873106.0,2,30,32,6,58
873106.0,0,32,32,6,58
873127.0,1,32,31,6,58
873174.0,2,32,30,6,58
873174.0,0,34,30,6,58
873249.0,0,34,30,6,58
873311.0,0,34,30,22,42
873459.0,0,18,30,22,58
873611.0,0,18,30,22,58
873611.0,0,18,46,6,58
873710.0,14,18,32,6,58
873793.0,14,18,32,6,58
873793.0,10,22,32,6,58
873814.0,10,22,32,6,58
873814.0,8,24,32,6,58
873835.0,12,24,28,6,58
873848.0,14,24,26,6,58
873871.0,14,24,26,6,58
873871.0,10,28,26,6,58
873910.0,10,28,26,8,56
873949.0,10,28,26,24,40
873958.0,20,28,16,24,40
874019.0,20,28,16,24,40
874019.0,20,28,16,23,41
874050.0,20,28,16,24,40
874056.0,20,28,16,24,40
874056.0,20,28,16,20,44
874073.0,20,28,16,20,44
874073.0,20,28,16,19,45
874102.0,20,28,16,20,44
874110.0,20,28,16,20,44
874110.0,20,28,16,19,45
874170.0,20,28,16,23,41
874210.0,20,28,16,23,41
874210.0,20,28,18,21,41
874235.0,20,28,18,22,40
874249.0,20,28,18,22,40
874249.0,20,28,29,11,40
874303.0,20,28,29,11,40
874303.0,20,28,29,10,41
874313.0,20,28,29,10,41
874335.0,20,28,29,11,40
874378.0,20,28,29,11,40
874470.0,20,28,29,11,40
874470.0,20,28,32,8,40
874500.0,20,28,32,8,40
874500.0,3,45,32,8,40
874508.0,3,45,32,8,40
874535.0,3,45,32,8,40
874535.0,3,45,33,7,40
874538.0,3,45,33,7,40
874538.0,2,46,33,7,40
874635.0,2,46,33,7,40
874635.0,2,46,34,6,40
874677.0,2,46,34,6,40
874677.0,1,47,34,6,40
874801.0,1,47,34,6,40
874803.0,1,47,34,6,40
874803.0,0,48,34,6,40
874806.0,0,48,34,6,40
874831.0,0,48,34,6,40
874877.0,0,48,34,6,40
874904.0,0,48,34,6,40
874929.0,0,48,34,6,40
875013.0,0,48,34,6,40
875018.0,0,48,34,6,40
875262.0,0,48,34,6,40
875301.0,0,48,34,6,40
875340.0,0,48,34,6,40
875411.0,16,48,18,6,40
875411.0,1,63,18,6,40
875588.0,1,63,18,6,40
875626.0,1,61,18,6,42
875631.0,1,61,18,6,42
875647.0,1,61,18,7,41
875648.0,1,49,18,3,57
875690.0,1,49,18,4,56
875736.0,1,49,18,4,56
875736.0,0,50,18,4,56
875740.0,0,50,18,4,56
875769.0,0,50,18,4,56
875790.0,0,50,18,4,56
875806.0,0,48,18,2,60
875874.0,0,46,18,2,62
875885.0,0,46,18,2,62
875899.0,0,46,18,2,62
875947.0,0,46,18,2,62
875947.0,0,46,19,1,62
875947.0,0,46,19,0,63
875972.0,0,46,19,1,62
875972.0,0,46,19,0,63
875990.0,0,46,19,0,63
876010.0,2,46,17,0,63
876010.0,0,48,17,0,63
876022.0,0,48,17,0,63
876029.0,0,48,17,16,47
876049.0,11,48,6,16,47
876049.0,2,57,6,16,47
876056.0,2,57,6,17,46
876067.0,2,57,6,17,46
876136.0,2,57,6,25,38
876263.0,2,57,6,25,38
876270.0,5,57,3,25,38
876304.0,5,57,3,25,38
876304.0,5,57,3,24,39
876329.0,5,57,3,24,39
876329.0,5,57,16,11,39
876335.0,6,57,15,11,39
876350.0,6,57,15,11,39
876350.0,6,57,15,10,40
876356.0,6,57,15,10,40
876356.0,6,57,16,9,40
876370.0,6,57,16,10,39
876404.0,6,57,16,10,39
876426.0,6,57,16,42,7
876426.0,0,63,16,42,7
876435.0,1,63,15,42,7
876436.0,1,63,15,42,7
876436.0,1,63,20,37,7
876437.0,1,63,20,37,7
876493.0,1,59,20,37,11
876514.0,1,57,20,37,13
876554.0,1,57,20,37,13
876571.0,1,53,20,37,17
876616.0,1,53,20,41,13
876617.0,1,53,20,41,13
876617.0,0,54,20,41,13
876646.0,0,54,20,45,9
876688.0,0,54,20,47,7
876689.0,0,54,20,47,7
876718.0,0,54,20,47,7
876726.0,0,54,20,47,7
876726.0,0,54,44,23,7
876808.0,0,54,44,23,7
876809.0,0,54,44,23,7
876916.0,0,54,44,23,7
876916.0,0,54,48,19,7
876946.0,0,54,48,19,7
876946.0,0,54,52,15,7
876988.0,0,54,52,15,7
876988.0,0,54,54,13,7
877087.0,0,54,54,17,3
877088.0,0,54,54,19,1
877176.0,0,54,54,19,1
877200.0,0,37,54,19,18
877232.0,0,37,54,20,17
877238.0,0,36,54,20,18
877287.0,0,36,54,21,17
877306.0,0,36,54,21,17
877377.0,0,35,54,21,18
877387.0,0,35,54,21,18
877387.0,0,35,58,17,18
877388.0,0,35,58,17,18
877388.0,0,35,60,15,18
877409.0,0,35,60,16,17
877503.0,0,34,60,16,18
877509.0,0,34,60,16,18
877516.0,0,34,60,16,18
877532.0,0,34,60,16,18
877532.0,0,34,61,15,18
877537.0,0,34,61,16,17
877573.0,0,34,61,32,1
877587.0,0,34,61,32,1
877587.0,0,34,62,31,1
877613.0,0,34,62,31,1
877670.0,0,34,62,31,1
877693.0,0,34,62,31,1
877709.0,0,34,62,31,1
877709.0,0,34,63,30,1
877714.0,0,34,63,30,1
877747.0,1,34,62,30,1
877747.0,0,35,62,30,1
877837.0,0,35,62,30,1
877837.0,0,35,63,29,1
877873.0,0,35,63,29,1
877873.0,0,35,79,13,1
878039.0,0,35,79,13,1
878111.0,0,20,79,13,16
878129.0,13,20,66,13,16
878130.0,13,20,66,17,12
878142.0,13,20,66,18,11
878147.0,13,20,66,18,11
878156.0,14,20,65,18,11
878161.0,14,20,65,22,7
878236.0,19,20,60,22,7
878393.0,19,20,60,22,7
878430.0,19,20,60,22,7
878430.0,19,20,64,18,7
878430.0,19,20,64,13,12
878436.0,19,19,64,13,13
878442.0,19,19,64,13,13
878446.0,19,19,64,14,12
878449.0,19,19,64,15,11
878468.0,19,19,64,16,10
878508.0,19,19,64,16,10
878526.0,43,19,40,16,10
878538.0,43,19,40,16,10
878547.0,43,19,40,17,9
878547.0,43,19,40,13,13
878710.0,43,17,40,13,15
878716.0,47,17,36,13,15
878721.0,47,17,36,13,15
878743.0,47,17,36,13,15
878746.0,51,17,32,13,15
878749.0,51,8,32,10,27
878788.0,53,8,30,10,27
878815.0,53,8,30,14,23
878815.0,53,8,30,10,27
878834.0,53,8,30,10,27
878881.0,53,8,30,14,23
878881.0,53,8,30,12,25
878910.0,53,8,30,14,23
878932.0,53,8,30,18,19
879032.0,53,8,30,18,19
879100.0,53,8,30,18,19
879100.0,53,8,30,14,23
879126.0,53,2,30,4,39
879181.0,53,2,30,4,39
879181.0,53,2,32,2,39
879187.0,57,2,28,2,39
879188.0,59,2,26,2,39
879210.0,59,2,26,2,39
879210.0,59,2,28,0,39
879257.0,59,2,28,0,39
879317.0,59,1,28,0,40
879327.0,59,1,28,1,39
879332.0,60,1,27,1,39
879387.0,61,1,26,1,39
879435.0,61,1,26,3,37
879435.0,0,62,26,3,37
879471.0,0,62,26,19,21
879509.0,1,62,25,19,21
879560.0,1,62,25,23,17
879573.0,1,62,25,27,13
879583.0,1,62,25,27,13
879627.0,1,62,25,27,13
879637.0,2,62,24,27,13
879673.0,18,62,8,27,13
879673.0,10,70,8,27,13
879771.0,10,70,8,27,13
879795.0,10,70,8,27,13
879803.0,10,70,8,27,13
879803.0,6,74,8,27,13
879826.0,6,74,8,27,13
879826.0,4,76,8,27,13
879895.0,4,76,8,31,9
879908.0,4,76,8,31,9
879908.0,4,76,8,27,13
879922.0,4,76,8,27,13
879922.0,3,77,8,27,13
879939.0,3,77,8,29,11
880012.0,3,77,8,29,11
880013.0,3,77,8,33,7
880051.0,3,77,8,33,7
880051.0,1,79,8,33,7
880195.0,1,79,8,33,7
880230.0,5,79,4,33,7
880239.0,5,79,4,33,7
880296.0,5,79,4,33,7
880354.0,5,79,4,33,7
880447.0,5,78,4,33,8
880455.0,5,78,4,34,7
880571.0,5,78,4,34,7
880611.0,5,78,4,36,5
880648.0,5,78,4,36,5
880648.0,5,78,4,35,6
880660.0,5,78,4,35,6
880660.0,3,80,4,35,6
880671.0,3,80,4,39,2
880701.0,3,80,4,40,1
880755.0,3,80,4,40,1
880911.0,3,80,4,40,1
880971.0,3,80,4,40,1
880971.0,3,80,8,36,1
880981.0,5,80,6,36,1
881001.0,5,80,6,36,1
881001.0,5,80,7,35,1
881010.0,7,80,5,35,1
881149.0,7,80,5,35,1
881149.0,3,84,5,35,1
881159.0,3,84,5,35,1
881170.0,3,84,5,35,1
881170.0,1,86,5,35,1
881844.0,1,86,5,35,1
881999.0,1,86,5,35,1
882010.0,1,86,5,35,1
882010.0,0,87,5,35,1
882135.0,0,26,5,32,65
882289.0,0,26,5,32,65
882306.0,0,26,5,32,65
882316.0,0,26,5,96,1
882316.0,0,26,5,32,65
882373.0,0,18,5,8,97
882395.0,0,18,5,8,97
882430.0,0,18,5,8,97
882451.0,0,18,5,8,97
882460.0,0,18,5,72,33
882460.0,0,18,5,8,97
882503.0,0,14,5,8,101
882526.0,0,12,5,8,103
882553.0,0,12,5,8,103
882590.0,0,12,5,72,39
882590.0,0,12,5,56,55
882590.0,0,12,5,20,91
882622.0,0,11,5,21,91
882631.0,0,11,5,21,91
882643.0,0,11,5,22,90
882648.0,0,11,5,54,58
882648.0,0,11,5,22,90
882656.0,0,11,5,23,89
882751.0,0,9,5,17,97
882771.0,4,9,1,17,97
882771.0,1,12,1,17,97
882790.0,1,12,1,17,97
882801.0,2,12,0,17,97
882811.0,2,12,0,49,65
882845.0,2,12,0,65,49
882845.0,0,14,0,65,49
882890.0,0,14,0,65,49
883005.0,0,14,0,65,49
883104.0,0,14,0,65,49
883293.0,0,14,0,65,49
883360.0,0,12,0,63,53
883400.0,0,12,0,63,53
883404.0,0,12,0,67,49
883404.0,0,12,0,66,50
883410.0,0,12,0,68,48
883433.0,0,12,0,72,44
883434.0,0,12,0,73,43
883473.0,0,12,0,73,43
883473.0,0,12,0,69,47
883534.0,0,12,0,71,45
883542.0,0,12,0,75,41
883564.0,0,12,0,75,41
883623.0,0,12,0,75,41
883623.0,0,12,0,71,45
883704.0,0,12,0,71,45
883704.0,0,12,2,69,45
883710.0,0,12,2,69,45
883710.0,0,12,4,67,45
883733.0,0,12,4,67,45
883733.0,0,12,6,65,45
883765.0,0,12,6,65,45
883842.0,0,12,6,65,45
883842.0,0,12,8,63,45
883849.0,0,8,8,63,49
883870.0,0,6,8,63,51
883939.0,0,6,8,67,47
883959.0,0,6,8,67,47
883991.0,0,6,8,67,47
884083.0,0,6,8,67,47
884083.0,0,6,8,63,51
884105.0,0,6,8,63,51
884210.0,0,6,8,95,19
884210.0,0,6,8,63,51
884239.0,0,6,8,63,51
884300.0,0,6,8,63,51
884366.0,0,6,8,63,51
884440.0,0,6,8,63,51
884499.0,0,6,8,63,51
884507.0,0,6,8,79,35
884507.0,0,6,8,63,51
884597.0,0,6,8,79,35
884597.0,0,6,8,69,45
884664.0,0,6,8,69,45
884710.0,0,5,8,69,46
884741.0,0,5,8,70,45
884741.0,0,5,8,69,46
884760.0,0,5,8,70,45
884823.0,0,5,8,70,45
884881.0,0,5,8,86,29
884881.0,0,5,8,78,37
884896.0,0,5,8,78,37
884897.0,0,5,8,78,37
884903.0,0,5,8,82,33
884903.0,0,5,8,78,37
884906.0,0,5,8,82,33
885016.0,0,5,8,86,29
885041.0,0,5,8,86,29
885041.0,0,5,9,85,29
885128.0,0,5,9,91,23
885181.0,0,5,9,91,23
885181.0,0,5,23,77,23
885206.0,0,5,23,77,23
885206.0,0,5,27,73,23
885316.0,0,5,27,73,23
885316.0,0,5,31,69,23
885428.0,0,5,31,69,23
885428.0,0,5,37,63,23
885471.0,0,2,37,62,27
885504.0,2,2,35,62,27
885510.0,4,2,33,64,25
885533.0,6,2,31,64,25
885545.0,6,0,31,2,89
885561.0,6,0,31,2,89
885561.0,6,0,31,1,90
885581.0,6,0,31,2,89
885602.0,6,0,31,2,89
885602.0,4,2,31,2,89
885623.0,4,2,31,2,89
885623.0,2,4,31,2,89
885642.0,4,4,29,2,89
885681.0,4,4,29,66,25
885681.0,4,4,29,2,89
885810.0,4,4,29,2,89
885827.0,4,4,29,66,25
885827.0,4,4,29,2,89
885956.0,4,4,29,2,89
885956.0,0,8,29,2,89
886010.0,0,8,29,6,85
886028.0,0,8,29,6,85
886091.0,0,8,29,6,85
886091.0,0,8,29,2,89
886117.0,0,8,29,18,73
886117.0,0,8,29,2,89
886138.0,0,8,29,10,81
886228.0,0,8,29,26,65
886228.0,0,8,29,10,81
886310.0,0,8,29,10,81
886338.0,0,8,29,10,81
886338.0,0,8,29,6,85
886374.0,0,8,29,6,85
886401.0,0,8,29,22,69
886401.0,0,8,29,6,85
886434.0,0,8,29,10,81
886438.0,0,8,29,10,81
886438.0,0,8,31,8,81
886505.0,0,8,31,12,77
886528.0,0,8,31,12,77
886528.0,0,8,33,10,77
886561.0,0,8,33,26,61
886713.0,0,8,33,42,45
886713.0,0,8,33,10,77
886734.0,0,8,33,10,77
886805.0,0,8,33,10,77
886805.0,0,8,37,6,77
886841.0,1,8,36,6,77
886861.0,1,8,36,6,77
886861.0,1,8,40,2,77
886981.0,15,8,26,2,77
886992.0,15,8,26,34,45
886992.0,15,8,26,2,77
887006.0,19,8,22,2,77
887006.0,3,24,22,2,77
887116.0,7,24,18,2,77
887160.0,7,24,18,18,61
887160.0,7,24,18,2,77
887228.0,13,24,12,2,77
887284.0,13,24,12,18,61
887520.0,13,24,12,34,45
887520.0,13,24,12,2,77
887584.0,13,24,12,2,77
887651.0,13,24,12,34,45
887651.0,13,24,12,2,77
887884.0,13,24,12,34,45
887884.0,13,24,12,2,77
888114.0,13,24,12,18,61
888147.0,13,24,12,34,45
888147.0,13,24,12,2,77
888238.0,15,24,10,2,77
888302.0,15,22,10,0,81
888314.0,15,22,10,1,80
888314.0,0,37,10,1,80
888323.0,0,35,10,1,82
888328.0,2,35,8,1,82
888414.0,2,35,8,1,82
888605.0,6,35,4,1,82
888656.0,6,31,4,1,86
888661.0,10,31,0,1,86
888675.0,10,31,0,33,54
888675.0,10,31,0,1,86
888823.0,10,31,0,1,86
888823.0,9,32,0,1,86
888852.0,9,32,0,33,54
888852.0,9,32,0,17,70
888856.0,9,32,0,17,70
888856.0,9,32,0,16,71
888873.0,9,32,0,17,70
888906.0,9,32,0,17,70
888906.0,9,32,0,16,71
889025.0,9,32,0,20,67
889130.0,9,32,0,21,66
889134.0,9,32,0,37,50
889134.0,9,32,0,5,82
889152.0,9,32,0,5,82
889152.0,9,32,4,1,82
889222.0,9,32,4,1,82
889222.0,8,33,4,1,82
889225.0,8,33,4,5,78
889227.0,8,33,4,7,76
889525.0,8,33,4,7,76
889525.0,8,33,8,3,76
889527.0,8,33,8,3,76
889527.0,8,33,10,1,76
889669.0,8,33,10,1,76
889669.0,7,34,10,1,76
889700.0,7,34,10,33,44
889700.0,7,34,10,1,76
889706.0,7,18,10,1,92
889783.0,7,18,10,33,60
889783.0,7,18,10,17,76
890024.0,7,18,10,33,60
890024.0,7,18,10,1,92
890070.0,7,18,10,17,76
890070.0,7,18,10,1,92
890083.0,7,18,10,1,92
890359.0,7,18,10,17,76
890359.0,7,18,10,1,92
890649.0,7,18,10,17,76
890858.0,7,18,10,17,76
890941.0,7,18,10,17,76
890949.0,7,18,10,17,76
890949.0,7,18,26,1,76
890952.0,11,18,22,1,76
890952.0,3,26,22,1,76
890994.0,3,26,22,1,76
891014.0,3,11,22,0,92
891059.0,3,11,22,0,92
891187.0,3,11,22,16,76
891187.0,3,11,22,0,92
891325.0,7,11,18,0,92
891327.0,9,11,16,0,92
891327.0,1,19,16,0,92
891523.0,1,18,16,0,93
891527.0,1,18,16,16,77
891527.0,1,18,16,0,93
891539.0,1,18,16,1,92
891839.0,1,18,16,1,92
891839.0,1,18,17,0,92
891895.0,1,18,17,16,76
891895.0,1,18,17,0,92
891922.0,1,17,17,0,93
892007.0,1,17,17,32,61
892007.0,1,17,17,0,93
892018.0,1,17,17,1,92
892081.0,1,17,17,33,60
892081.0,1,17,17,1,92
892157.0,1,17,17,5,88
892247.0,1,17,17,21,72
892247.0,1,17,17,5,88
892281.0,1,17,17,13,80
892283.0,1,17,17,45,48
892283.0,1,17,17,13,80
892293.0,1,17,17,21,72
892318.0,1,17,17,21,72
892318.0,1,17,18,20,72
892369.0,1,16,18,20,73
892449.0,1,16,18,21,72
892547.0,1,16,18,21,72
892547.0,1,16,22,17,72
892559.0,1,16,22,49,40
892559.0,1,16,22,17,72
892583.0,1,16,22,17,72
892633.0,1,16,22,49,40
892633.0,1,16,22,17,72
892749.0,17,16,6,17,72
892749.0,2,31,6,17,72
892759.0,2,31,6,17,72
892764.0,2,31,6,25,64
892789.0,2,31,6,25,64
892789.0,2,31,6,21,68
892832.0,2,31,6,25,64
892832.0,2,31,6,21,68
892859.0,2,31,6,21,68
892874.0,2,31,6,53,36
892874.0,2,31,6,21,68
892877.0,2,31,6,21,68
892877.0,2,31,6,17,72
892913.0,2,31,6,21,68
892916.0,2,31,6,21,68
893063.0,2,31,6,21,68
893064.0,2,31,6,21,68
893155.0,2,31,6,21,68
893155.0,2,31,6,20,69
893174.0,2,31,6,21,68
893213.0,2,31,6,21,68
893213.0,2,31,9,18,68
893250.0,2,31,9,50,36
893250.0,2,31,9,18,68
893265.0,2,31,9,18,68
893304.0,2,31,9,18,68
893351.0,2,31,9,18,68
893374.0,2,31,9,18,68
893403.0,2,31,9,18,68
893474.0,2,31,9,18,68
893474.0,2,31,10,17,68
893639.0,3,31,9,17,68
893652.0,3,23,9,17,76
893731.0,3,23,9,25,68
894027.0,3,15,9,25,76
894031.0,3,15,9,25,76
894031.0,3,15,17,17,76
894061.0,3,15,17,25,68
894061.0,3,15,17,17,76
894118.0,4,15,16,17,76
894200.0,4,15,16,25,68
894200.0,4,15,16,17,76
894234.0,4,15,16,25,68
894234.0,4,15,16,17,76
894269.0,4,15,16,25,68
894269.0,4,15,16,17,76
894302.0,4,15,16,25,68
894347.0,8,15,12,25,68
894602.0,8,15,12,25,68
894602.0,8,15,20,17,68
894647.0,8,15,20,17,68
894647.0,7,16,20,17,68
894898.0,7,16,20,49,36
894898.0,7,16,20,17,68
894985.0,7,16,20,49,36
894985.0,7,16,20,17,68
895013.0,10,16,17,17,68
895068.0,10,16,17,49,36
895068.0,10,16,17,17,68
895143.0,10,16,17,21,64
895274.0,11,16,16,21,64
895443.0,11,16,16,21,64
895443.0,11,16,20,17,64
895449.0,11,1,20,0,96
895590.0,11,1,20,32,64
895590.0,11,1,20,0,96
895730.0,11,1,20,0,96
895745.0,11,1,20,0,96
895831.0,19,1,12,0,96
895844.0,19,1,12,0,96
895844.0,15,5,12,0,96
896250.0,15,5,12,32,64
896250.0,15,5,12,0,96
896402.0,23,5,4,0,96
897243.0,27,5,0,0,96
897347.0,27,4,0,0,97
897376.0,27,4,0,1,96
897676.0,27,4,0,1,96
897676.0,27,4,1,0,96
898544.0,27,0,1,0,100
899476.0,28,0,0,0,100
901448.0,28,0,0,32,68
901448.0,28,0,0,0,100
901718.0,28,0,0,32,68
901718.0,28,0,0,0,100
901759.0,28,0,0,32,68
901759.0,28,0,0,0,100
902033.0,28,0,0,32,68
902033.0,28,0,0,0,100
902059.0,28,0,0,32,68
902359.0,28,0,0,32,68
902359.0,28,0,32,0,68
902903.0,28,0,32,32,36
903203.0,28,0,32,32,36
903203.0,28,0,64,0,36
903832.0,28,0,64,32,4
904132.0,28,0,64,32,4
904132.0,28,0,96,0,4
904159.0,60,0,64,0,4
905003.0,92,0,32,0,4
905003.0,28,64,32,0,4
905932.0,60,64,0,0,4
905932.0,28,96,0,0,4
906024.0,28,96,0,0,4
906131.0,28,96,0,0,4
906317.0,28,96,0,0,4
906382.0,28,96,0,0,4
907703.0,28,32,0,0,68
907703.0,24,36,0,0,68
908632.0,24,4,0,0,100
908719.0,24,4,0,4,96
908803.0,24,4,0,4,96
908878.0,24,4,0,4,96
908878.0,24,4,0,0,100
909019.0,24,4,0,0,100
910403.0,24,0,0,0,104
912381.0,24,0,0,4,100
912681.0,24,0,0,4,100
912681.0,24,0,4,0,100
913339.0,24,0,4,0,100
913339.0,23,1,4,0,100
913517.0,23,1,4,0,100
913517.0,22,2,4,0,100
913673.0,22,2,4,0,100
913673.0,21,3,4,0,100
914481.0,25,3,0,0,100
916039.0,25,2,0,0,101
916143.0,25,2,0,1,100
916217.0,25,1,0,1,101
916316.0,25,1,0,5,97
916319.0,25,1,0,5,97
916349.0,25,1,0,6,96
916373.0,25,0,0,6,97
916439.0,25,0,0,6,97
916443.0,25,0,0,6,97
916443.0,25,0,1,5,97
916616.0,25,0,1,5,97
916616.0,25,0,5,1,97
916619.0,25,0,5,1,97
916639.0,25,0,5,2,96
916649.0,25,0,5,2,96
916649.0,25,0,6,1,96
916688.0,25,0,6,1,96
916939.0,25,0,6,1,96
916939.0,25,0,7,0,96
917981.0,25,0,7,64,32
917981.0,25,0,7,32,64
918243.0,26,0,6,32,64
918281.0,26,0,6,32,64
918281.0,26,0,38,0,64
918416.0,30,0,34,0,64
918449.0,31,0,33,0,64
918739.0,32,0,32,0,64
918902.0,32,0,32,32,32
919202.0,32,0,32,32,32
919202.0,32,0,64,0,32
920024.0,32,0,64,32,0
920081.0,64,0,32,32,0
920324.0,64,0,32,32,0
920324.0,64,0,64,0,0
921002.0,96,0,32,0,0
922124.0,128,0,0,0,0
922124.0,0,128,0,0,0
924824.0,0,0,0,0,128
924927.0,0,0,0,128,0
924927.0,0,0,0,32,96
925227.0,0,0,0,32,96
925227.0,0,0,32,0,96
927027.0,32,0,0,0,96
927712.0,32,0,0,0,96
927735.0,32,0,0,0,96
929674.0,32,0,0,0,96
929674.0,31,1,0,0,96
929854.0,31,1,0,0,96
930827.0,31,1,0,0,96
932374.0,31,0,0,0,97
932397.0,31,0,0,1,96
932437.0,31,0,0,33,64
932437.0,31,0,0,1,96
932697.0,31,0,0,1,96
932737.0,31,0,0,1,96
932737.0,31,0,1,0,96
933375.0,31,0,1,32,64
933375.0,31,0,1,0,96
933568.0,31,0,1,0,96
933568.0,23,8,1,0,96
934298.0,23,8,1,0,96
934537.0,24,8,0,0,96
935071.0,24,8,0,0,96
935104.0,24,8,0,64,32
935104.0,24,8,0,60,36
935211.0,24,8,0,64,32
935404.0,24,8,0,64,32
935404.0,24,8,60,4,32
935511.0,24,8,60,4,32
935511.0,24,8,64,0,32
935898.0,24,8,64,0,32
935898.0,23,9,64,0,32
936268.0,23,1,64,0,40
936510.0,23,1,64,0,40
936510.0,19,5,64,0,40
936822.0,19,5,64,32,8
936822.0,19,5,64,0,40
936829.0,19,5,64,8,32
937040.0,19,5,64,8,32
937040.0,18,6,64,8,32
937129.0,18,6,64,8,32
937129.0,18,6,72,0,32
937204.0,78,6,12,0,32
937311.0,82,6,8,0,32
937478.0,82,6,8,0,32
937478.0,50,38,8,0,32
938527.0,50,38,8,0,32
938527.0,34,54,8,0,32
938598.0,34,53,8,0,33
938623.0,34,53,8,1,32
938882.0,34,53,8,1,32
938904.0,34,53,8,1,32
938923.0,34,53,8,1,32
938923.0,34,53,9,0,32
938923.0,18,69,9,0,32
938929.0,26,69,1,0,32
939015.0,26,69,1,0,32
939015.0,10,85,1,0,32
939210.0,10,81,1,0,36
939268.0,10,81,1,4,32
939568.0,10,81,1,4,32
939568.0,10,81,5,0,32
939740.0,10,80,5,0,33
939761.0,10,80,5,1,32
939965.0,10,80,5,33,0
940061.0,10,80,5,33,0
940061.0,10,80,6,32,0
940178.0,10,48,6,32,32
940265.0,10,48,6,32,32
940265.0,10,48,38,0,32
940591.0,10,48,38,0,32
940591.0,6,52,38,0,32
940630.0,6,52,38,0,32
940630.0,2,56,38,0,32
940710.0,2,56,38,0,32
940723.0,3,56,37,0,32
940764.0,3,56,37,0,32
940979.0,3,56,37,0,32
941008.0,3,56,37,0,32
941070.0,3,56,37,0,32
941102.0,3,56,37,0,32
941102.0,2,57,37,0,32
941145.0,2,57,37,0,32
941171.0,2,57,37,0,32
941227.0,2,41,37,0,48
941244.0,2,41,37,0,48
941266.0,2,41,37,0,48
941368.0,6,41,33,0,48
941368.0,2,45,33,0,48
941401.0,2,45,33,0,48
941419.0,2,45,33,16,32
941419.0,0,47,33,8,40
941441.0,0,47,33,12,36
941441.0,0,47,33,8,40
941446.0,0,47,33,8,40
941462.0,0,47,33,8,40
941474.0,0,47,33,12,36
941474.0,0,47,33,8,40
941497.0,0,47,33,12,36
941497.0,0,47,33,8,40
941498.0,0,47,33,12,36
941498.0,0,47,33,8,40
941531.0,0,47,33,8,40
941531.0,0,47,33,7,41
941545.0,0,47,33,39,9
941545.0,0,47,33,19,29
941549.0,0,47,33,19,29
941549.0,0,47,33,15,33
941551.0,0,47,33,16,32
941566.0,0,47,33,20,28
941567.0,0,47,33,24,24
941570.0,0,47,33,28,20
941577.0,0,47,33,32,16
941597.0,0,47,33,36,12
941600.0,0,47,33,40,8
941623.0,0,31,33,40,24
941633.0,0,31,33,40,24
941633.0,0,31,33,36,28
941677.0,0,31,33,40,24
941678.0,0,31,33,56,8
941678.0,0,31,33,52,12
941715.0,0,15,33,52,28
941719.0,0,15,33,52,28
941719.0,0,15,34,51,28
941723.0,0,15,34,59,20
941750.0,0,15,34,75,4
941753.0,0,15,34,75,4
941753.0,0,15,34,71,8
941775.0,0,15,34,75,4
941845.0,0,15,34,75,4
941845.0,0,15,42,67,4
941851.0,0,15,42,67,4
941851.0,0,15,43,66,4
941861.0,1,15,42,66,4
941867.0,1,15,42,66,4
941867.0,1,15,46,62,4
941870.0,1,15,46,62,4
941870.0,1,15,50,58,4
941877.0,1,15,50,58,4
941877.0,1,15,54,54,4
941897.0,1,15,54,54,4
941897.0,1,15,58,50,4
941900.0,1,15,58,50,4
941900.0,1,15,62,46,4
941965.0,1,15,62,46,4
941965.0,0,16,62,46,4
941978.0,0,16,62,46,4
941978.0,0,16,78,30,4
941996.0,0,16,78,34,0
942008.0,0,16,78,34,0
942008.0,0,16,78,30,4
942023.0,0,16,78,30,4
942023.0,0,16,79,29,4
942030.0,0,16,79,33,0
942050.0,0,16,79,33,0
942050.0,0,16,87,25,0
942065.0,32,16,55,25,0
942066.0,32,16,55,25,0
942066.0,28,20,55,25,0
942072.0,28,20,55,25,0
942072.0,24,24,55,25,0
942218.0,24,24,55,25,0
942218.0,20,28,55,25,0
942330.0,20,28,55,25,0
942330.0,20,28,59,21,0
942556.0,20,28,59,21,0
942556.0,16,32,59,21,0
942652.0,16,32,59,21,0
942652.0,15,33,59,21,0
942712.0,15,33,59,21,0
942712.0,7,41,59,21,0
942724.0,7,41,59,21,0
942825.0,7,41,59,21,0
942825.0,6,42,59,21,0
942878.0,6,42,59,21,0
942878.0,2,46,59,21,0
942959.0,2,46,59,21,0
943291.0,2,42,59,21,4
943313.0,2,42,59,25,0
943313.0,0,44,59,25,0
943330.0,0,40,59,25,4
943351.0,0,40,59,29,0
943519.0,1,40,58,29,0
943613.0,1,40,58,29,0
943613.0,1,40,60,27,0
943645.0,9,40,52,27,0
943645.0,1,48,52,27,0
943651.0,2,48,51,27,0
943651.0,2,48,55,23,0
943667.0,6,48,51,23,0
943670.0,10,48,47,23,0
943677.0,14,48,43,23,0
943697.0,18,48,39,23,0
943700.0,22,48,35,23,0
943778.0,38,48,19,23,0
943779.0,38,48,19,23,0
943779.0,37,49,19,23,0
943783.0,37,49,19,23,0
943783.0,33,53,19,23,0
943802.0,33,52,19,23,1
943823.0,34,52,18,23,1
943824.0,34,52,18,24,0
943849.0,34,52,18,24,0
943849.0,30,56,18,24,0
943850.0,38,56,10,24,0
943896.0,38,56,10,24,0
943896.0,34,60,10,24,0
943990.0,34,60,10,24,0
943990.0,2,92,10,24,0
944045.0,2,92,10,24,0
944068.0,2,88,10,24,4
944089.0,2,88,10,28,0
944119.0,2,86,10,22,8
944124.0,2,86,10,22,8
944124.0,2,86,11,21,8
944130.0,6,86,7,21,8
944165.0,6,86,7,29,0
944165.0,0,92,7,29,0
944184.0,0,92,7,29,0
944275.0,0,92,7,29,0
944389.0,0,92,7,29,0
944456.0,0,92,7,29,0
944465.0,0,92,7,29,0
944465.0,0,92,9,27,0
944513.0,0,92,9,27,0
944665.0,0,91,9,12,16
944727.0,0,91,9,28,0
944727.0,0,91,9,20,8
944766.0,0,87,9,20,12
944772.0,0,83,9,20,16
944797.0,0,83,9,24,12
944819.0,0,83,9,28,8
944819.0,0,83,9,12,24
944827.0,0,83,9,16,20
944860.0,0,83,9,20,16
944918.0,0,79,9,20,20
944961.0,0,79,9,36,4
944961.0,0,79,9,20,20
944967.0,0,79,9,20,20
944967.0,0,79,9,19,21
944968.0,0,79,9,19,21
944990.0,0,79,9,20,20
945013.0,0,79,9,20,20
945013.0,0,79,9,12,28
945027.0,0,79,9,12,28
945127.0,0,79,9,12,28
945256.0,0,75,9,12,32
945301.0,0,75,9,16,28
945342.0,0,75,9,32,12
945352.0,0,74,9,32,13
945370.0,0,74,9,33,12
945412.0,0,66,9,33,20
945413.0,2,66,7,41,12
945413.0,0,68,7,41,12
945441.0,0,68,7,41,12
945451.0,4,68,3,41,12
945454.0,4,68,3,45,8
945514.0,4,68,3,45,8
945514.0,4,68,3,41,12
945525.0,4,67,3,41,13
945546.0,4,67,3,42,12
945578.0,4,63,3,42,16
945601.0,4,63,3,42,16
945601.0,4,63,7,38,16
945642.0,4,63,7,38,16
945642.0,4,63,17,28,16
945659.0,4,63,17,28,16
945659.0,0,67,17,28,16
945670.0,0,67,17,28,16
945670.0,0,67,18,27,16
945713.0,0,67,18,27,16
945713.0,0,67,26,19,16
945722.0,0,67,26,23,12
945754.0,0,67,26,23,12
945754.0,0,67,29,19,13
945786.0,0,67,29,19,13
945800.0,0,67,29,20,12
945846.0,0,67,29,20,12
945846.0,0,67,30,19,12
945870.0,0,67,30,19,12
945870.0,0,67,30,15,16
945915.0,0,67,30,19,12
945924.0,1,67,29,19,12
946013.0,1,65,29,17,16
946022.0,1,65,29,17,16
946022.0,1,65,30,16,16
946059.0,1,65,30,20,12
946151.0,1,65,30,28,4
946215.0,1,65,30,28,4
946215.0,1,65,34,24,4
946265.0,3,65,32,24,4
946345.0,3,57,32,24,12
946359.0,3,57,32,24,12
946359.0,3,57,36,20,12
946394.0,3,57,36,28,4
946451.0,3,57,36,28,4
946451.0,3,57,44,20,4
946479.0,3,56,44,20,5
946483.0,3,52,44,20,9
946500.0,3,52,44,21,8
946525.0,3,52,44,25,4
946549.0,3,48,44,25,8
946561.0,3,48,44,25,8
946591.0,3,48,44,29,4
946596.0,3,44,44,29,8
946643.0,3,44,44,33,4
946682.0,3,44,44,33,4
946690.0,3,12,44,33,36
946694.0,3,12,44,33,36
946694.0,3,12,52,25,36
946790.0,3,12,52,25,36
946790.0,0,15,52,25,36
946800.0,0,15,52,25,36
946812.0,0,15,52,57,4
946812.0,0,15,52,23,38
946825.0,0,15,52,23,38
946865.0,0,9,52,13,54
947023.0,0,9,52,29,38
947112.0,0,9,52,29,38
947112.0,0,9,62,19,38
947323.0,0,9,62,19,38
947323.0,0,9,78,3,38
947337.0,0,9,78,3,38
947401.0,4,9,74,3,38
947442.0,14,9,64,3,38
947470.0,15,9,63,3,38
947513.0,23,9,55,3,38
947554.0,26,9,52,3,38
947629.0,26,9,52,7,34
947646.0,27,9,51,7,34
947688.0,27,9,51,9,32
947688.0,0,36,51,9,32
947819.0,0,36,51,9,32
947822.0,1,36,50,9,32
947929.0,1,36,50,9,32
947988.0,1,36,50,9,32
947988.0,1,36,51,8,32
947993.0,1,36,51,40,0
947993.0,1,36,51,8,32
948015.0,5,36,47,8,32
948113.0,5,34,47,6,36
948138.0,5,34,47,6,36
948138.0,4,35,47,6,36
948158.0,4,35,47,10,32
948159.0,8,35,43,10,32
948251.0,16,35,35,10,32
948359.0,16,31,35,10,36
948398.0,16,31,35,14,32
948458.0,16,31,35,14,32
948458.0,16,31,39,10,32
948494.0,24,31,31,10,32
948698.0,24,31,31,10,32
948698.0,24,31,35,6,32
948890.0,24,31,35,6,32
948890.0,23,32,35,6,32
948912.0,33,32,25,6,32
948912.0,1,64,25,6,32
948952.0,1,64,25,6,32
948952.0,0,65,25,6,32
948980.0,0,65,25,6,32
949002.0,0,65,25,6,32
949099.0,0,65,25,6,32
949123.0,16,65,9,6,32
949123.0,9,72,9,6,32
949347.0,9,72,9,6,32
949347.0,8,73,9,6,32
949429.0,8,73,9,6,32
949429.0,7,74,9,6,32
949476.0,7,74,9,6,32
949476.0,6,75,9,6,32
949490.0,6,72,9,5,36
949621.0,6,72,9,5,36
949621.0,2,76,9,5,36
949716.0,2,76,9,5,36
949716.0,1,77,9,5,36
949757.0,1,77,9,5,36
949757.0,0,78,9,5,36
949788.0,1,78,8,5,36
949896.0,1,78,8,5,36
949918.0,1,78,8,5,36
949937.0,1,78,8,5,36
949937.0,0,79,8,5,36
950167.0,0,79,8,5,36
950182.0,0,79,8,37,4
950182.0,0,79,8,5,36
950246.0,0,79,8,37,4
950246.0,0,79,8,5,36
950258.0,4,79,4,5,36
950258.0,3,80,4,5,36
950301.0,3,80,4,37,4
950301.0,3,80,4,31,10
950385.0,3,80,4,35,6
950388.0,3,53,4,30,38
950407.0,3,53,4,30,38
950407.0,3,53,4,29,39
950454.0,3,53,4,61,7
950458.0,3,53,4,61,7
950458.0,3,53,4,53,15
950498.0,7,53,0,53,15
950546.0,7,53,0,54,14
950601.0,7,53,0,54,14
950601.0,7,53,26,28,14
950621.0,7,53,26,28,14
950621.0,6,54,26,28,14
950622.0,6,54,26,36,6
950622.0,6,54,26,4,38
950629.0,6,54,26,4,38
950629.0,5,55,26,4,38
950685.0,5,55,26,4,38
950685.0,5,55,28,2,38
950754.0,5,55,28,2,38
950754.0,5,55,30,0,38
950838.0,5,54,30,0,39
950853.0,5,54,30,1,38
951153.0,5,54,30,1,38
951153.0,5,54,31,0,38
951305.0,5,54,31,0,38
951305.0,4,55,31,0,38
951590.0,4,54,31,0,39
951612.0,4,22,31,0,71
951630.0,4,22,31,1,70
951652.0,4,21,31,1,71
951669.0,4,21,31,33,39
951674.0,4,21,31,34,38
951674.0,3,22,31,34,38
951767.0,3,22,31,34,38
951767.0,2,23,31,34,38
951823.0,2,16,31,34,45
951834.0,2,16,31,34,45
951834.0,1,17,31,34,45
951840.0,1,17,31,35,44
951853.0,1,17,31,37,42
951878.0,1,17,31,41,38
951930.0,1,17,31,41,38
951930.0,1,17,32,40,38
951969.0,1,17,32,40,38
951969.0,1,17,64,8,38
951974.0,1,17,64,8,38
951974.0,1,17,65,7,38
952047.0,1,16,65,7,39
952052.0,1,16,65,8,38
952106.0,1,16,65,8,38
952106.0,0,17,65,8,38
952126.0,0,17,65,8,38
952129.0,0,16,65,8,39
952139.0,0,16,65,9,38
952140.0,0,16,65,9,38
952140.0,0,16,66,8,38
952153.0,0,16,66,8,38
952153.0,0,16,68,6,38
952176.0,0,15,68,6,39
952178.0,0,15,68,6,39
952178.0,0,15,72,2,39
952185.0,0,15,72,3,38
952321.0,0,11,72,3,42
952352.0,0,11,72,3,42
952352.0,0,11,73,2,42
952401.0,26,11,47,2,42
952401.0,10,27,47,2,42
952416.0,10,26,47,2,43
952439.0,10,26,47,2,43
952439.0,10,26,48,1,43
952452.0,10,26,48,2,42
952457.0,10,25,48,2,43
952484.0,10,25,48,3,42
952485.0,12,25,46,3,42
952485.0,12,25,47,2,42
952554.0,14,25,45,2,42
952577.0,14,25,45,6,38
952625.0,14,25,45,8,36
952637.0,14,24,45,8,37
952638.0,14,24,45,9,36
952646.0,14,24,45,13,32
952752.0,14,24,45,13,32
952752.0,14,24,46,12,32
952784.0,14,24,46,12,32
952784.0,14,24,47,11,32
952877.0,14,24,47,11,32
952877.0,14,24,51,7,32
952925.0,14,24,51,7,32
952925.0,14,24,53,5,32
952938.0,14,24,53,5,32
952938.0,14,24,54,4,32
952946.0,14,24,54,4,32
952946.0,14,24,58,0,32
952953.0,15,24,57,0,32
952958.0,15,23,57,0,33
952986.0,15,23,57,1,32
953286.0,15,23,57,1,32
953286.0,15,23,58,0,32
953321.0,15,22,58,0,33
953322.0,15,22,58,1,32
953329.0,15,21,58,1,33
953622.0,15,21,58,1,33
953622.0,15,21,59,0,33
953704.0,15,21,59,1,32
953730.0,16,21,58,1,32
953769.0,48,21,26,1,32
953774.0,49,21,25,1,32
953940.0,50,21,24,1,32
953953.0,52,21,22,1,32
953978.0,56,21,18,1,32
954004.0,56,21,18,1,32
954004.0,56,21,19,0,32
954005.0,56,20,19,0,33
954026.0,56,20,19,1,32
954152.0,57,20,18,1,32
954239.0,58,20,17,1,32
954285.0,59,20,16,1,32
954326.0,59,20,16,1,32
954326.0,59,20,17,0,32
954347.0,59,20,17,32,0
954374.0,59,19,17,32,1
954395.0,59,19,17,33,0
954467.0,59,18,17,33,1
954514.0,59,18,17,34,0
954534.0,59,17,17,34,1
954552.0,60,17,16,34,1
954584.0,61,17,15,34,1
954623.0,61,17,15,35,0
954647.0,61,17,15,35,0
954647.0,61,17,47,3,0
954677.0,65,17,43,3,0
954695.0,65,17,43,3,0
954695.0,65,17,44,2,0
954725.0,67,17,42,2,0
954738.0,68,17,41,2,0
954746.0,72,17,37,2,0
954806.0,72,16,37,2,1
954814.0,72,16,37,2,1
954814.0,72,16,38,1,1
954923.0,72,16,38,1,1
954923.0,72,16,39,0,1
955014.0,72,16,39,1,0
955042.0,72,16,39,1,0
955042.0,68,20,39,1,0
955060.0,68,20,39,1,0
955065.0,68,20,39,1,0
955065.0,66,22,39,1,0
955086.0,67,22,38,1,0
955101.0,67,6,38,1,16
955119.0,67,6,38,1,16
955146.0,67,6,38,17,0
955188.0,67,6,38,17,0
955188.0,67,6,38,9,8
955189.0,67,6,38,9,8
955189.0,35,38,38,9,8
955209.0,35,38,38,9,8
955209.0,34,39,38,9,8
955314.0,34,39,38,9,8
955314.0,34,39,39,8,8
955314.0,2,71,39,8,8
955389.0,2,71,39,8,8
955389.0,1,72,39,8,8
955422.0,2,72,38,8,8
955446.0,2,72,38,8,8
955446.0,2,72,46,0,8
955459.0,2,72,46,0,8
955459.0,1,73,46,0,8
955507.0,1,73,46,0,8
955569.0,1,73,46,0,8
955790.0,1,73,46,0,8
955804.0,2,73,45,0,8
956126.0,3,73,44,0,8
956447.0,35,73,12,0,8
956447.0,27,81,12,0,8
956495.0,28,81,11,0,8
956614.0,29,81,10,0,8
956723.0,30,81,9,0,8
956815.0,30,81,9,8,0
956831.0,30,81,9,8,0
956831.0,0,111,9,8,0
957114.0,1,111,8,8,0
957115.0,1,111,8,8,0
957115.0,1,111,14,2,0
957246.0,9,111,6,2,0
957344.0,9,111,6,2,0
957344.0,8,112,6,2,0
957518.0,8,112,6,2,0
957518.0,7,113,6,2,0
957559.0,7,113,6,2,0
957570.0,7,113,6,2,0
957570.0,6,114,6,2,0
957595.0,6,114,6,2,0
957595.0,2,118,6,2,0
957618.0,2,118,6,2,0
957618.0,0,120,6,2,0
957742.0,0,116,6,2,4
957765.0,0,114,6,2,6
957889.0,0,82,6,2,38
957909.0,0,81,6,2,39
957920.0,0,81,6,34,7
957920.0,0,81,6,2,39
957952.0,0,81,6,3,38
958014.0,0,49,6,3,70
958089.0,0,48,6,3,71
958099.0,0,48,6,4,70
958159.0,0,47,6,4,71
958204.0,0,47,6,4,71
958208.0,0,47,6,5,70
958252.0,0,47,6,5,70
958252.0,0,47,7,4,70
958399.0,0,47,7,4,70
958399.0,0,47,8,3,70
958435.0,0,47,8,3,70
958435.0,0,47,8,2,71
958478.0,0,47,8,3,70
958491.0,0,47,8,3,70
958491.0,0,47,8,2,71
958508.0,0,47,8,2,71
958511.0,0,47,8,3,70
958514.0,0,47,8,3,70
958536.0,0,47,8,3,70
958751.0,0,47,8,7,66
958751.0,0,47,8,3,70
958752.0,0,47,8,5,68
958752.0,0,47,8,3,70
958778.0,0,47,8,3,70
958793.0,0,47,8,7,66
958793.0,0,47,8,3,70
958811.0,0,47,8,3,70
958819.0,0,47,8,3,70
958819.0,0,47,8,2,71
958837.0,0,47,8,3,70
958912.0,0,47,8,3,70
958915.0,6,47,2,3,70
959051.0,6,47,2,3,70
959052.0,6,47,2,3,70
959137.0,6,47,2,3,70
959137.0,6,47,3,2,70
959147.0,6,39,3,2,78
959183.0,6,39,3,10,70
959324.0,6,39,3,10,70
959353.0,6,39,3,10,70
959353.0,0,45,3,10,70
959483.0,0,45,3,10,70
959483.0,0,45,9,4,70
959531.0,0,15,9,2,102
959580.0,0,15,9,34,70
959580.0,0,15,9,2,102
959709.0,0,15,9,34,70
959709.0,0,15,9,2,102
959725.0,0,15,9,4,100
959785.0,0,15,9,8,96
960025.0,0,15,9,8,96
960025.0,0,15,11,6,96
960039.0,0,15,11,6,96
960039.0,0,15,11,5,97
960044.0,0,14,11,5,98
960052.0,1,14,10,5,98
960052.0,0,15,10,5,98
960060.0,0,15,10,6,97
960066.0,0,15,10,6,97
960072.0,0,15,10,7,96
960074.0,0,15,10,7,96
960074.0,0,15,10,5,98
960078.0,0,15,10,7,96
960085.0,0,15,10,7,96
960199.0,1,15,9,7,96
960218.0,1,14,9,7,97
960255.0,1,14,9,8,96
960270.0,1,13,9,8,97
960291.0,1,13,9,9,96
960295.0,1,9,9,9,100
960299.0,1,9,9,41,68
960299.0,0,10,9,41,68
960318.0,0,8,9,41,70
960360.0,0,8,9,41,70
960378.0,0,8,9,41,70
960378.0,0,8,10,40,70
960555.0,0,8,10,40,70
960555.0,0,8,11,39,70
960557.0,0,8,11,39,70
960591.0,0,8,11,39,70
960591.0,0,8,12,38,70
960599.0,0,8,12,38,70
960599.0,0,8,14,36,70
960743.0,0,8,14,36,70
960767.0,0,8,14,36,70
960827.0,0,8,14,36,70
960833.0,0,8,14,68,38
960833.0,0,8,14,36,70
960872.0,0,8,14,36,70
960879.0,0,8,14,68,38
960879.0,0,8,14,36,70
960937.0,1,8,13,36,70
961087.0,1,8,13,36,70
961103.0,1,8,13,36,70
961142.0,1,8,13,36,70
961188.0,1,8,13,36,70
961212.0,1,8,13,40,66
961212.0,0,9,13,40,66
961213.0,0,9,13,42,64
961213.0,0,9,13,40,66
961277.0,0,9,13,72,34
961277.0,0,9,13,40,66
961283.0,6,9,7,40,66
961283.0,2,13,7,40,66
961370.0,2,13,7,40,66
961396.0,2,13,7,40,66
961490.0,2,13,7,40,66
961512.0,2,13,7,40,66
961513.0,2,13,7,40,66
961513.0,2,13,8,39,66
961515.0,2,13,8,71,34
961515.0,0,15,8,47,58
961534.0,0,15,8,51,54
961534.0,0,15,8,47,58
961596.0,0,15,8,51,54
961626.0,0,15,8,51,54
961626.0,0,15,8,50,55
961632.0,0,15,8,58,47
961644.0,0,15,8,59,46
961646.0,0,15,8,59,46
961646.0,0,15,8,55,50
961734.0,0,15,8,59,46
961749.0,0,15,8,59,46
961749.0,0,15,8,51,54
961756.0,0,15,8,55,50
961815.0,0,15,8,55,50
961815.0,0,15,10,53,50
961818.0,0,15,10,61,42
961825.0,2,15,8,61,42
961873.0,2,15,8,61,42
961873.0,0,17,8,61,42
961894.0,0,17,8,61,42
961894.0,0,17,8,59,44
961896.0,0,17,8,59,44
961896.0,0,17,11,56,44
961944.0,0,17,11,56,44
961944.0,0,17,12,55,44
962053.0,0,11,12,53,52
962056.0,0,11,12,53,52
962056.0,0,11,16,49,52
962095.0,0,11,16,49,52
962118.0,0,11,16,49,52
962118.0,0,11,20,45,52
962178.0,1,11,19,45,52
962183.0,1,11,19,45,52
962192.0,1,11,19,47,50
962218.0,1,11,19,55,42
962218.0,0,12,19,55,42
962302.0,0,12,19,55,42
962355.0,1,12,18,55,42
962367.0,1,12,18,55,42
962391.0,2,12,17,55,42
962399.0,4,12,15,55,42
962438.0,4,12,15,55,42
962483.0,4,12,15,63,34
962483.0,0,16,15,63,34
962492.0,0,16,15,63,34
962509.0,0,16,15,63,34
962518.0,0,16,15,63,34
962518.0,0,16,18,60,34
962627.0,0,16,18,60,34
962732.0,0,16,18,60,34
962732.0,0,16,18,59,35
962747.0,0,16,18,60,34
962752.0,0,15,18,57,38
962783.0,0,15,18,57,38
962783.0,0,15,21,54,38
962790.0,0,15,21,58,34
962795.0,0,15,21,58,34
962820.0,0,15,21,60,32
962861.0,0,15,21,60,32
962902.0,0,15,21,60,32
962938.0,0,15,21,60,32
962962.0,0,15,21,60,32
962999.0,0,14,21,29,64
963047.0,0,14,21,29,64
963047.0,0,14,22,28,64
963090.0,0,14,22,28,64
963090.0,0,14,26,24,64
963116.0,0,14,26,24,64
963120.0,0,14,26,24,64
963120.0,0,14,28,22,64
963136.0,0,14,28,22,64
963231.0,0,14,28,22,64
963313.0,1,14,27,22,64
963458.0,1,14,27,54,32
963458.0,0,15,27,54,32
963478.0,0,15,27,54,32
963502.0,0,15,27,54,32
963502.0,0,15,27,53,33
963520.0,0,15,27,54,32
963536.0,0,15,27,54,32
963615.0,2,15,25,54,32
963675.0,2,15,25,54,32
963675.0,1,16,25,54,32
963696.0,4,16,22,54,32
963731.0,4,16,22,54,32
963731.0,3,17,22,54,32
963744.0,4,17,21,54,32
963758.0,4,17,21,54,32
963820.0,4,17,21,54,32
963820.0,4,17,22,53,32
963821.0,4,17,22,85,0
963821.0,0,21,22,61,24
963835.0,0,21,22,61,24
963856.0,4,21,18,61,24
963856.0,0,25,18,61,24
963866.0,0,25,18,61,24
963883.0,0,25,18,77,8
963883.0,0,25,18,61,24
963894.0,0,25,18,69,16
963894.0,0,25,18,61,24
963912.0,0,24,18,58,28
963918.0,4,24,14,58,28
963943.0,4,24,14,66,20
963943.0,0,28,14,66,20
963952.0,0,28,14,74,12
963952.0,0,28,14,66,20
963983.0,0,24,14,66,24
964040.0,0,24,14,74,16
964040.0,0,24,14,66,24
964050.0,0,24,14,66,24
964050.0,0,24,14,65,25
964078.0,0,24,14,66,24
964085.0,0,24,14,66,24
964085.0,0,24,14,62,28
964107.0,0,24,14,62,28
964121.0,0,24,14,62,28
964215.0,0,22,14,56,36
964243.0,0,22,14,56,36
964252.0,0,22,14,56,36
964264.0,0,22,14,60,32
964264.0,0,22,14,58,34
964318.0,3,22,11,58,34
964409.0,3,22,11,66,26
964409.0,0,25,11,66,26
964447.0,0,25,11,74,18
964447.0,0,25,11,66,26
964501.0,0,25,11,74,18
964501.0,0,25,11,66,26
964564.0,0,25,11,66,26
964573.0,0,23,11,64,30
964575.0,0,23,11,72,22
964583.0,3,23,8,72,22
964709.0,3,23,8,72,22
964709.0,3,23,11,69,22
964801.0,3,23,11,69,22
964801.0,3,23,13,67,22
964807.0,3,23,13,67,22
964807.0,2,24,13,67,22
964847.0,3,24,12,67,22
964875.0,3,24,12,67,22
964875.0,3,24,20,59,22
964876.0,3,24,20,59,22
964890.0,7,24,16,59,22
964913.0,7,24,16,63,18
964918.0,7,23,16,56,26
964920.0,9,23,14,56,26
964994.0,9,23,14,64,18
965057.0,9,23,14,64,18
965057.0,1,31,14,64,18
965168.0,1,31,14,72,10
965183.0,1,27,14,72,14
965213.0,1,27,14,72,14
965213.0,1,27,18,68,14
965251.0,1,27,18,76,6
965294.0,1,27,18,76,6
965294.0,1,27,26,68,6
965342.0,1,27,26,70,4
965376.0,1,27,26,70,4
965376.0,0,28,26,70,4
965388.0,0,28,26,70,4
965388.0,0,28,26,62,12
965443.0,0,28,26,70,4
965468.0,0,28,26,70,4
965468.0,0,28,28,68,4
965477.0,0,28,28,68,4
965477.0,0,28,28,60,12
965518.0,0,28,28,64,8
965539.0,0,28,28,72,0
965548.0,0,28,28,72,0
965551.0,0,28,28,72,0
965551.0,0,28,33,67,0
965552.0,0,28,33,67,0
965552.0,0,28,33,59,8
965583.0,0,28,33,59,8
965601.0,0,28,33,59,8
965609.0,0,28,33,67,0
965609.0,0,28,33,59,8
965620.0,1,28,32,59,8
965665.0,1,28,32,59,8
965672.0,1,28,32,59,8
965721.0,1,28,32,59,8
965746.0,1,28,32,67,0
965746.0,0,29,32,67,0
965748.0,0,29,32,67,0
965818.0,0,29,32,67,0
965818.0,0,29,34,65,0
965830.0,0,29,34,65,0
965839.0,0,29,34,65,0
965839.0,0,29,36,63,0
965840.0,0,29,36,63,0
965933.0,0,29,36,63,0
965945.0,0,29,36,63,0
966015.0,0,29,36,63,0
966046.0,0,29,36,63,0
966046.0,0,29,37,62,0
966050.0,0,29,37,62,0
966107.0,0,29,37,62,0
966146.0,0,29,37,62,0
966158.0,0,28,37,31,32
966174.0,0,28,37,31,32
966194.0,0,28,37,31,32
966375.0,0,27,37,31,33
966418.0,0,27,37,32,32
966431.0,0,26,37,32,33
966451.0,0,26,37,32,33
966470.0,0,26,37,33,32
966491.0,0,26,37,33,32
966509.0,3,26,34,33,32
966521.0,3,22,34,29,40
966556.0,3,18,34,25,48
966579.0,3,18,34,33,40
966579.0,0,21,34,29,44
966601.0,2,21,32,29,44
966618.0,2,21,32,37,36
966618.0,0,23,32,37,36
966643.0,0,19,32,33,44
966675.0,8,19,24,33,44
966675.0,0,27,24,33,44
966699.0,0,27,24,33,44
966700.0,0,27,24,41,36
966700.0,0,27,24,33,44
966718.0,0,27,24,33,44
966724.0,0,27,24,33,44
966724.0,0,27,24,31,46
966802.0,0,27,24,39,38
966802.0,0,27,24,31,46
966873.0,0,27,24,39,38
966873.0,0,27,24,31,46
966879.0,0,27,24,31,46
966914.0,0,27,24,63,14
966914.0,0,27,24,31,46
966918.0,0,27,24,31,46
966918.0,0,27,25,30,46
966932.0,0,27,25,30,46
966963.0,0,27,25,38,38
966963.0,0,27,25,30,46
967013.0,4,27,21,30,46
967013.0,0,31,21,30,46
967029.0,0,31,21,38,38
967029.0,0,31,21,30,46
967094.0,8,31,13,30,46
967094.0,0,39,13,30,46
967109.0,0,36,13,33,46
967109.0,0,36,13,25,54
967117.0,0,36,13,33,46
967117.0,0,36,13,25,54
967123.0,0,36,13,33,46
967123.0,0,36,13,25,54
967177.0,0,36,13,33,46
967177.0,0,36,13,25,54
967179.0,0,36,13,33,46
967179.0,0,36,13,25,54
967228.0,0,36,13,25,54
967242.0,0,36,13,33,46
967242.0,0,36,13,25,54
967268.0,2,36,11,25,54
967348.0,2,36,11,33,46
967348.0,0,38,11,33,46
967351.0,5,38,6,33,46
967507.0,5,37,6,33,47
967527.0,5,37,6,34,46
967558.0,5,37,6,66,14
967558.0,5,37,6,34,46
967618.0,7,37,4,34,46
967639.0,9,37,2,34,46
967648.0,9,37,2,34,46
967648.0,9,37,4,32,46
967713.0,9,37,4,32,46
967713.0,5,41,4,32,46
967743.0,5,41,4,32,46
967743.0,4,42,4,32,46
967757.0,4,34,4,32,54
967808.0,4,34,4,34,52
967830.0,4,34,4,42,44
967832.0,4,34,4,50,36
967846.0,5,34,3,50,36
967858.0,5,34,3,50,36
967858.0,5,34,4,49,36
967874.0,5,34,4,49,36
967874.0,0,39,4,49,36
968050.0,0,39,4,49,36
968050.0,0,39,4,41,44
968051.0,0,39,4,41,44
968076.0,0,38,4,34,52
968108.0,0,38,4,34,52
968108.0,0,38,6,32,52
968128.0,0,38,6,32,52
968130.0,0,38,6,32,52
968130.0,0,38,10,28,52
968132.0,0,38,10,28,52
968132.0,0,38,11,27,52
968142.0,0,38,11,35,44
968166.0,0,38,11,43,36
968236.0,0,38,11,43,36
968378.0,0,38,11,43,36
968378.0,0,38,11,39,40
968442.0,0,38,11,39,40
968442.0,0,38,15,35,40
968446.0,0,37,15,28,48
968466.0,0,37,15,28,48
968466.0,0,37,23,20,48
968506.0,0,37,23,28,40
968718.0,1,37,22,28,40
968733.0,1,37,22,32,36
968770.0,1,37,22,36,32
968806.0,1,37,22,36,32
968806.0,1,37,30,28,32
968810.0,1,37,30,60,0
968810.0,0,38,30,60,0
968977.0,0,38,30,60,0
968977.0,0,38,30,56,4
969033.0,0,38,30,56,4
969070.0,0,38,30,56,4
969070.0,0,38,34,52,4
969110.0,0,38,34,52,4
969110.0,0,38,35,51,4
969167.0,0,38,35,55,0
969279.0,0,35,35,50,8
969318.0,0,33,35,44,16
969330.0,0,33,35,44,16
969330.0,0,33,35,43,17
969333.0,0,33,35,51,9
969351.0,0,33,35,52,8
969370.0,0,33,35,60,0
969375.0,0,25,35,60,8
969448.0,2,25,33,60,8
969467.0,2,25,33,60,8
969467.0,2,25,36,57,8
969469.0,2,25,36,65,0
969633.0,2,25,36,65,0
969633.0,2,25,44,57,0
969651.0,2,25,44,57,0
969651.0,2,25,45,56,0
969658.0,3,25,44,56,0
969670.0,3,25,44,56,0
969670.0,3,25,52,48,0
969713.0,3,21,52,48,4
969769.0,3,21,52,48,4
969769.0,3,21,60,40,4
969794.0,3,13,60,40,12
969852.0,3,13,60,48,4
969908.0,5,13,58,48,4
969930.0,9,13,54,48,4
969932.0,10,13,53,48,4
970048.0,10,11,53,42,12
970152.0,10,11,53,42,12
970152.0,10,11,61,34,12
970242.0,14,11,57,34,12
970266.0,22,11,49,34,12
970354.0,22,11,49,42,4
970413.0,22,7,49,42,8
970443.0,22,6,49,42,9
970463.0,22,6,49,43,8
970467.0,22,6,49,47,4
970467.0,0,28,49,47,4
970574.0,0,23,49,44,12
970597.0,0,23,49,44,12
970606.0,8,23,41,44,12
970628.0,8,23,41,44,12
970628.0,0,31,41,44,12
970636.0,0,31,41,52,4
970654.0,0,31,41,52,4
970654.0,0,31,44,49,4
970732.0,0,31,44,49,4
970732.0,0,31,44,48,5
970752.0,0,31,44,49,4
970820.0,0,31,44,53,0
970870.0,4,31,40,53,0
970910.0,5,31,39,53,0
970936.0,5,31,39,53,0
970936.0,5,31,46,46,0
971049.0,5,31,46,46,0
971049.0,4,32,46,46,0
971052.0,4,32,46,46,0
971052.0,4,32,47,45,0
971086.0,4,32,47,45,0
971086.0,0,36,47,45,0
971120.0,0,36,47,45,0
971120.0,0,36,51,41,0
971240.0,0,36,51,41,0
971267.0,3,36,48,41,0
971267.0,2,37,48,41,0
971314.0,2,37,48,41,0
971433.0,10,37,40,41,0
971451.0,11,37,39,41,0
971470.0,19,37,31,41,0
971509.0,19,37,31,41,0
971509.0,15,41,31,41,0
971510.0,15,40,31,10,32
971531.0,15,40,31,10,32
971531.0,13,42,31,10,32
971569.0,21,42,23,10,32
971930.0,21,42,23,10,32
971952.0,29,42,15,10,32
971962.0,29,42,15,10,32
971962.0,21,50,15,10,32
972206.0,21,50,15,42,0
972206.0,21,50,15,10,32
972454.0,24,50,12,10,32
972459.0,24,50,12,10,32
972471.0,24,50,12,10,32
972506.0,24,50,12,10,32
972506.0,16,58,12,10,32
972736.0,23,58,5,10,32
972852.0,24,58,4,10,32
972920.0,28,58,0,10,32
973157.0,28,58,0,10,32
973167.0,28,36,0,0,64
973328.0,28,28,0,0,72
973340.0,28,28,0,32,40
973340.0,28,28,0,0,72
973426.0,28,28,0,0,72
973469.0,28,28,0,0,72
973749.0,28,27,0,0,73
973766.0,28,27,0,1,72
973766.0,28,27,0,0,73
973783.0,28,27,0,1,72
973786.0,28,23,0,1,76
973826.0,28,23,0,5,72
973844.0,28,23,0,13,64
973862.0,28,23,0,13,64
973886.0,28,23,0,13,64
973886.0,28,23,0,5,72
973967.0,28,22,0,5,73
973974.0,28,22,0,6,72
974083.0,28,22,0,6,72
974126.0,28,22,0,6,72
974126.0,28,22,4,2,72
974126.0,12,38,4,2,72
974144.0,12,38,4,2,72
974144.0,12,38,5,1,72
974160.0,12,38,5,9,64
974198.0,12,38,5,9,64
974198.0,11,39,5,9,64
974209.0,11,35,5,9,68
974231.0,11,33,5,9,70
974274.0,11,33,5,9,70
974274.0,11,33,6,8,70
974275.0,11,33,6,8,70
974317.0,11,33,6,8,70
974317.0,3,41,6,8,70
974352.0,3,41,6,8,70
974362.0,3,41,6,8,70
974362.0,2,42,6,8,70
974460.0,2,42,6,8,70
974460.0,2,42,14,0,70
974662.0,2,34,14,0,78
975068.0,2,34,14,32,46
975068.0,0,36,14,32,46
975131.0,0,36,14,32,46
975149.0,0,36,14,40,38
975178.0,0,36,14,40,38
975178.0,0,36,14,32,46
975206.0,0,28,14,32,54
975223.0,0,28,14,32,54
975223.0,0,28,14,31,55
975226.0,0,28,14,31,55
975226.0,0,28,14,30,56
975242.0,0,28,14,31,55
975256.0,0,28,14,32,54
975269.0,0,28,14,36,50
975272.0,0,28,14,38,48
975368.0,0,28,14,38,48
975452.0,0,28,14,46,40
975452.0,0,28,14,45,41
975475.0,0,28,14,46,40
975542.0,0,28,14,46,40
975542.0,0,28,15,45,40
975556.0,0,28,15,45,40
975556.0,0,28,16,44,40
975569.0,0,28,16,44,40
975569.0,0,28,19,41,40
975572.0,0,28,19,41,40
975572.0,0,28,21,39,40
975613.0,0,28,21,71,8
975613.0,0,28,21,39,40
975634.0,0,28,21,39,40
975634.0,0,28,21,35,44
975655.0,0,28,21,35,44
975655.0,0,28,21,33,46
975752.0,0,28,21,33,46
975775.0,0,28,21,41,38
975913.0,0,28,21,41,38
975913.0,0,28,24,38,38
975926.0,4,28,20,38,38
975944.0,5,28,19,38,38
976074.0,6,28,18,38,38
976075.0,6,28,18,38,38
976075.0,6,28,26,30,38
976141.0,6,28,26,30,38
976141.0,5,29,26,30,38
976260.0,13,29,18,30,38
976440.0,13,29,18,30,38
976466.0,13,29,18,30,38
976608.0,13,29,18,30,38
976608.0,12,30,18,30,38
976693.0,12,30,18,34,34
976695.0,12,30,18,36,32
976826.0,12,14,18,36,48
976898.0,12,13,18,36,49
976921.0,12,13,18,37,48
976993.0,12,13,18,37,48
976993.0,12,13,22,33,48
976995.0,12,13,22,33,48
976995.0,12,13,24,31,48
977005.0,12,13,24,47,32
977017.0,12,5,24,47,40
977062.0,12,4,24,47,41
977083.0,12,4,24,48,40
977142.0,12,4,24,56,32
977142.0,0,16,24,56,32
977221.0,0,16,24,56,32
977251.0,0,16,24,56,32
977251.0,0,16,24,55,33
977268.0,0,16,24,56,32
977342.0,1,16,23,56,32
977356.0,2,16,22,56,32
977369.0,5,16,19,56,32
977372.0,7,16,17,56,32
977383.0,7,16,17,56,32
977383.0,7,16,18,55,32
977442.0,7,16,18,55,32
977442.0,7,16,22,51,32
977568.0,7,16,22,51,32
977568.0,7,16,23,50,32
977713.0,10,16,20,50,32
977768.0,10,14,20,20,64
977875.0,18,14,12,20,64
978424.0,18,14,12,52,32
978424.0,18,14,12,20,64
978458.0,18,14,12,52,32
978458.0,0,32,12,52,32
978758.0,0,32,12,52,32
978758.0,0,32,30,34,32
978793.0,4,32,26,34,32
978795.0,6,32,24,34,32
978841.0,6,31,24,34,33
978861.0,6,31,24,35,32
979161.0,6,31,24,35,32
979161.0,6,31,25,34,32
979183.0,7,31,24,34,32
979242.0,11,31,20,34,32
979308.0,11,30,20,34,33
979326.0,11,30,20,35,32
979368.0,12,30,19,35,32
979500.0,12,30,19,35,32
979500.0,11,31,19,35,32
979626.0,11,31,19,35,32
979626.0,11,31,20,34,32
979721.0,11,31,20,34,32
979785.0,11,31,20,34,32
979785.0,7,35,20,34,32
979802.0,7,35,20,34,32
979802.0,6,36,20,34,32
979842.0,6,24,20,14,64
979857.0,6,24,20,14,64
979857.0,5,25,20,14,64
979881.0,5,25,20,14,64
979903.0,5,25,20,14,64
979988.0,5,25,20,14,64
980064.0,5,25,20,14,64
980064.0,1,29,20,14,64
980389.0,1,29,20,46,32
980389.0,0,30,20,46,32
980558.0,18,30,2,46,32
980611.0,18,30,2,46,32
980676.0,18,30,2,46,32
980689.0,18,30,2,46,32
980689.0,18,30,3,45,32
980689.0,14,34,3,45,32
980961.0,15,34,2,45,32
981158.0,15,16,2,31,64
981305.0,15,16,2,63,32
981305.0,0,31,2,57,38
981426.0,1,31,1,57,38
981605.0,1,31,1,57,38
981605.0,1,31,10,48,38
981676.0,1,31,10,80,6
981676.0,0,32,10,80,6
981976.0,0,32,10,80,6
981976.0,0,32,11,79,6
982070.0,0,32,11,79,6
982092.0,0,32,11,79,6
982148.0,0,32,11,79,6
982195.0,0,32,11,79,6
982200.0,0,31,11,79,7
982214.0,0,31,11,80,6
982485.0,0,27,11,80,10
982489.0,1,27,10,80,10
982489.0,0,28,10,80,10
982502.0,0,27,10,80,11
982514.0,0,27,10,80,11
982545.0,0,27,10,81,10
982557.0,0,26,10,81,11
982576.0,0,26,10,82,10
982661.0,0,26,10,86,6
982661.0,0,26,10,82,10
982741.0,0,26,10,86,6
982764.0,0,22,10,86,10
982845.0,0,22,10,86,10
982845.0,0,22,11,85,10
982876.0,0,22,11,85,10
982876.0,0,22,12,84,10
983041.0,0,22,12,84,10
983041.0,0,22,16,80,10
983089.0,0,21,16,49,42
983095.0,0,21,16,81,10
983095.0,0,21,16,49,42
983284.0,0,21,16,53,38
983382.0,0,21,16,55,36
983389.0,0,17,16,55,40
983392.0,0,17,16,87,8
983392.0,0,17,16,55,40
983402.0,0,17,16,59,36
983405.0,9,17,7,59,36
983561.0,9,17,7,91,4
983561.0,9,17,7,59,36
983584.0,9,17,7,59,36
983584.0,9,17,8,58,36
983692.0,9,17,8,58,36
983692.0,9,17,13,53,36
983776.0,10,17,12,53,36
983861.0,10,17,12,53,36
983861.0,10,17,16,49,36
984005.0,10,2,16,32,68
984285.0,10,2,16,64,36
984285.0,0,12,16,64,36
984376.0,0,11,16,33,68
984585.0,0,11,16,33,68
984585.0,0,11,26,23,68
984602.0,0,11,26,55,36
984602.0,0,11,26,23,68
984645.0,1,11,25,23,68
984676.0,2,11,24,23,68
984840.0,2,11,24,55,36
984840.0,0,13,24,55,36
984841.0,4,13,20,55,36
984874.0,4,13,20,59,32
985140.0,4,13,20,59,32
985140.0,4,13,22,57,32
985174.0,4,13,22,57,32
985174.0,4,13,26,53,32
985189.0,4,12,26,52,34
985241.0,4,12,26,54,32
985384.0,5,12,25,54,32
985492.0,10,12,20,54,32
985541.0,10,12,20,54,32
985541.0,10,12,22,52,32
985661.0,14,12,18,52,32
986385.0,24,12,8,52,32
986457.0,24,12,8,84,0
986457.0,24,12,8,52,32
986940.0,26,12,6,52,32
986974.0,30,12,2,52,32
986985.0,30,2,2,30,64
987341.0,32,2,0,30,64
987540.0,32,0,0,0,96
987627.0,32,0,0,32,64
987927.0,32,0,0,32,64
987927.0,32,0,32,0,64
987941.0,32,0,32,0,64
987965.0,32,0,32,0,64
988018.0,32,0,32,32,32
988018.0,32,0,32,26,38
988135.0,32,0,32,58,6
988203.0,32,0,32,58,6
988203.0,32,0,32,26,38
988257.0,32,0,32,26,38
988257.0,32,0,32,22,42
988318.0,32,0,32,22,42
988318.0,32,0,51,3,42
988435.0,32,0,51,3,42
988435.0,32,0,54,0,42
989727.0,64,0,22,0,42
989996.0,64,0,22,2,40
990017.0,64,0,22,6,36
990118.0,83,0,3,6,36
990235.0,86,0,0,6,36
990296.0,86,0,0,6,36
990296.0,86,0,2,4,36
990317.0,86,0,2,4,36
990317.0,86,0,6,0,36
990666.0,86,0,6,0,36
990666.0,85,1,6,0,36
992052.0,85,1,6,32,4
992055.0,85,1,6,36,0
992059.0,85,1,6,36,0
992096.0,87,1,4,36,0
992117.0,91,1,0,36,0
992171.0,91,1,0,36,0
992352.0,91,1,0,36,0
992352.0,91,1,32,4,0
992354.0,91,1,32,4,0
992355.0,91,1,32,4,0
992355.0,91,1,36,0,0
992417.0,91,1,36,0,0
993366.0,91,0,36,0,1
993375.0,91,0,36,1,0
993675.0,91,0,36,1,0
993675.0,91,0,37,0,0
994152.0,123,0,5,0,0
994155.0,127,0,1,0,0
995475.0,128,0,0,0,0
995475.0,0,128,0,0,0
998175.0,0,0,0,0,128
998290.0,0,0,0,128,0
998290.0,0,0,0,28,100
998290.0,0,0,0,0,128
998590.0,0,0,0,0,128
1002023.0,0,0,0,0,128
1002309.0,0,0,0,0,128
1002374.0,0,0,0,0,128
1003963.0,0,0,0,8,120
1003963.0,0,0,0,4,124
1004263.0,0,0,0,4,124
1004263.0,0,0,4,0,124
1006063.0,4,0,0,0,124
1007885.0,4,0,0,4,120
1008185.0,4,0,0,4,120
1008185.0,4,0,4,0,120
1008401.0,4,0,4,4,116
1008456.0,4,0,4,68,52
1008456.0,4,0,4,4,116
1008701.0,4,0,4,4,116
1008701.0,4,0,8,0,116
1009789.0,4,0,8,4,112
1009985.0,8,0,4,4,112
1010089.0,8,0,4,4,112
1010089.0,8,0,8,0,112
1010501.0,12,0,4,0,112
1011889.0,16,0,0,0,112
1013885.0,16,0,0,8,104
1014185.0,16,0,0,8,104
1014185.0,16,0,8,0,104
1014484.0,16,0,8,0,104
1015323.0,16,0,8,32,72
1015323.0,16,0,8,0,104
1015985.0,24,0,0,0,104
1016070.0,24,0,0,0,104
1016070.0,23,1,0,0,104
1016966.0,23,1,0,0,104
1016966.0,22,2,0,0,104
1018770.0,22,1,0,0,105
1019461.0,22,1,0,0,105
1019485.0,22,1,0,0,105
1019485.0,14,9,0,0,105
1019640.0,14,9,0,1,104
1019666.0,14,8,0,1,105
1019696.0,14,8,0,2,104
1019940.0,14,8,0,2,104
1019940.0,14,8,1,1,104
1019996.0,14,8,1,1,104
1019996.0,14,8,2,0,104
1021740.0,15,8,1,0,104
1021796.0,16,8,0,0,104
1022185.0,16,0,0,0,112
1022962.0,16,0,0,0,112
1022962.0,0,16,0,0,112
1023228.0,0,16,0,0,112
1023320.0,0,16,0,0,112
1024073.0,0,16,0,32,80
1024073.0,0,16,0,0,112
1024858.0,0,16,0,0,112
1024876.0,0,16,0,0,112
1025042.0,0,16,0,0,112
1025142.0,0,16,0,0,112
1025339.0,0,16,0,0,112
1025498.0,0,16,0,32,80
1025498.0,0,16,0,0,112
1025662.0,0,0,0,0,128
1025719.0,0,0,0,16,112
1025719.0,0,0,0,0,128
1025793.0,0,0,0,16,112
1025793.0,0,0,0,0,128
1025800.0,0,0,0,0,128
1025984.0,0,0,0,16,112
1025984.0,0,0,0,10,118
1026000.0,0,0,0,11,117
1026003.0,0,0,0,12,116
1026026.0,0,0,0,12,116
1026046.0,0,0,0,16,112
1026284.0,0,0,0,16,112
1026284.0,0,0,10,6,112
1026300.0,0,0,10,6,112
1026300.0,0,0,11,5,112
1026303.0,0,0,11,5,112
1026303.0,0,0,12,4,112
1026346.0,0,0,12,4,112
1026346.0,0,0,16,0,112
1026828.0,0,0,16,4,108
1026896.0,0,0,16,36,76
1026896.0,0,0,16,4,108
1026926.0,0,0,16,36,76
1026926.0,0,0,16,4,108
1027009.0,0,0,16,36,76
1027009.0,0,0,16,4,108
1027081.0,0,0,16,36,76
1027081.0,0,0,16,4,108
1027110.0,0,0,16,36,76
1027128.0,0,0,16,36,76
1027196.0,0,0,16,36,76
1027196.0,0,0,20,32,76
1027410.0,0,0,20,32,76
1027410.0,0,0,52,0,76
1027550.0,0,0,52,0,76
1027669.0,0,0,52,0,76
1028084.0,10,0,42,0,76
1028084.0,2,8,42,0,76
1028100.0,3,8,41,0,76
1028103.0,4,8,40,0,76
1028103.0,0,12,40,0,76
1028146.0,4,12,36,0,76
1028367.0,4,12,36,0,76
1028367.0,0,16,36,0,76
1028988.0,0,16,36,0,76
1028996.0,4,16,32,0,76
1029137.0,4,16,32,0,76
1029202.0,4,16,32,0,76
1029210.0,36,16,0,0,76
1029222.0,36,16,0,0,76
1029668.0,36,16,0,0,76
1029735.0,36,16,0,0,76
1029967.0,36,16,0,0,76
1030008.0,36,16,0,0,76
1030011.0,36,16,0,0,76
1030041.0,36,16,0,0,76
1030205.0,36,16,0,0,76
1030440.0,36,16,0,0,76
1030645.0,36,16,0,0,76
1030784.0,36,8,0,0,84
1030796.0,36,8,0,0,84
1030803.0,36,4,0,0,88
1030836.0,36,4,0,8,80
1030836.0,36,4,0,0,88
1030840.0,36,4,0,1,87
1030840.0,36,4,0,0,88
1030841.0,36,4,0,1,87
1030841.0,36,4,0,0,88
1030845.0,36,4,0,4,84
1030845.0,36,4,0,3,85
1030852.0,36,4,0,4,84
1030852.0,36,4,0,0,88
1030854.0,36,4,0,1,87
1030857.0,36,4,0,4,84
1030857.0,36,4,0,0,88
1030860.0,36,4,0,1,87
1030861.0,36,4,0,2,86
1030862.0,36,4,0,3,85
1030863.0,36,4,0,4,84
1030883.0,36,4,0,8,80
1030883.0,36,4,0,0,88
1030896.0,36,4,0,4,84
1030919.0,36,4,0,4,84
1030919.0,36,4,0,0,88
1030930.0,36,4,0,0,88
1030966.0,36,4,0,4,84
1031067.0,36,0,0,4,88
1031095.0,36,0,0,4,88
1031095.0,36,0,0,0,92
1031121.0,36,0,0,4,88
1031124.0,36,0,0,8,84
1031124.0,36,0,0,0,92
1031145.0,36,0,0,0,92
1031154.0,36,0,0,0,92
1031160.0,36,0,0,0,92
1031196.0,36,0,0,0,92
1031197.0,36,0,0,32,60
1031197.0,4,32,0,32,60
1031266.0,4,32,0,32,60
1031421.0,4,32,0,32,60
1031526.0,4,32,0,32,60
1031526.0,3,33,0,32,60
1031558.0,3,33,0,40,52
1031563.0,3,33,0,40,52
1031563.0,2,34,0,40,52
1031624.0,2,34,0,40,52
1031755.0,2,34,0,40,52
1031760.0,2,34,0,48,44
1031858.0,2,34,0,48,44
1031858.0,2,34,8,40,44
1031867.0,2,34,8,40,44
1031901.0,2,34,8,40,44
1031972.0,2,34,8,40,44
1032026.0,2,34,8,40,44
1032060.0,2,34,8,40,44
1032060.0,2,34,16,32,44
1032499.0,2,34,16,32,44
1032661.0,2,34,16,32,44
1032696.0,2,34,16,32,44
1032696.0,1,35,16,32,44
1032746.0,1,35,16,32,44
1033003.0,1,35,16,36,40
1033091.0,1,35,16,36,40
1033091.0,0,36,16,36,40
1033303.0,0,36,16,36,40
1033303.0,0,36,20,32,40
1033575.0,0,36,20,32,40
1033580.0,0,36,20,32,40
1033658.0,8,36,12,32,40
1033658.0,0,44,12,32,40
1033724.0,0,44,12,32,40
1033827.0,0,44,12,32,40
1033860.0,8,44,4,32,40
1033860.0,0,52,4,32,40
1033897.0,0,20,4,0,104
1033977.0,0,20,4,0,104
1034151.0,0,20,4,0,104
1034213.0,0,20,4,0,104
1034217.0,0,20,4,0,104
1034226.0,0,19,4,0,105
1034242.0,0,19,4,1,104
1034242.0,0,19,4,0,105
1034263.0,0,18,4,0,106
1034269.0,0,18,4,1,105
1034282.0,0,18,4,2,104
1034393.0,0,18,4,2,104
1034479.0,0,18,4,2,104
1034485.0,0,18,4,2,104
1034569.0,0,18,4,2,104
1034569.0,0,18,5,1,104
1034576.0,0,18,5,1,104
1034576.0,0,18,5,0,105
1034582.0,0,18,5,0,105
1034586.0,0,18,5,0,105
1034597.0,0,18,5,1,104
1034618.0,0,18,5,1,104
1034808.0,0,18,5,1,104
1034808.0,0,18,5,0,105
1034815.0,0,18,5,1,104
1034897.0,0,18,5,1,104
1034966.0,0,18,5,1,104
1035103.0,4,18,1,1,104
1035103.0,0,22,1,1,104
1035115.0,0,22,1,1,104
1035115.0,0,22,2,0,104
1035144.0,0,22,2,0,104
1035267.0,0,22,2,0,104
1035276.0,0,22,2,0,104
1035396.0,0,21,2,0,105
1035413.0,0,21,2,1,104
1035413.0,0,21,2,0,105
1035438.0,0,21,2,1,104
1035438.0,0,21,2,0,105
1035456.0,0,21,2,1,104
1035508.0,0,21,2,1,104
1035649.0,0,21,2,33,72
1035649.0,0,21,2,1,104
1035668.0,0,21,2,5,100
1035668.0,0,21,2,1,104
1035687.0,0,21,2,9,96
1035687.0,0,21,2,1,104
1035690.0,0,21,2,5,100
1035690.0,0,21,2,1,104
1035730.0,0,21,2,5,100
1035730.0,0,21,2,1,104
1035737.0,0,21,2,9,96
1035737.0,0,21,2,1,104
1035738.0,0,21,2,5,100
1035738.0,0,21,2,1,104
1035756.0,0,21,2,1,104
1035758.0,0,21,2,5,100
1035758.0,0,21,2,1,104
1035762.0,0,21,2,5,100
1035762.0,0,21,2,1,104
1035783.0,0,21,2,5,100
1035783.0,0,21,2,1,104
1035786.0,0,21,2,5,100
1035786.0,0,21,2,1,104
1035789.0,0,21,2,5,100
1035791.0,0,20,2,5,101
1035797.0,0,20,2,6,100
1035862.0,0,20,2,6,100
1035862.0,0,20,2,5,101
1035871.0,0,20,2,6,100
1035949.0,0,20,2,6,100
1035949.0,0,20,3,5,100
1036014.0,0,20,3,9,96
1036052.0,0,20,3,13,92
1036074.0,0,20,3,17,88
1036089.0,0,20,3,17,88
1036089.0,0,20,7,13,88
1036118.0,0,20,7,13,88
1036118.0,0,20,7,9,92
1036129.0,0,20,7,13,88
1036171.0,0,20,7,13,88
1036178.0,0,20,7,13,88
1036266.0,0,20,7,17,84
1036272.0,0,20,7,17,84
1036272.0,0,20,7,13,88
1036286.0,0,20,7,21,80
1036311.0,0,20,7,21,80
1036311.0,0,20,7,17,84
1036314.0,0,20,7,17,84
1036314.0,0,20,11,13,84
1036352.0,0,20,11,17,80
1036352.0,0,20,15,13,80
1036358.0,0,12,15,13,88
1036369.0,1,12,14,13,88
1036374.0,1,12,14,13,88
1036374.0,1,12,15,12,88
1036390.0,1,12,15,12,88
1036390.0,0,13,15,12,88
1036508.0,0,13,15,12,88
1036508.0,0,13,15,8,92
1036519.0,0,13,15,8,92
1036519.0,0,13,15,4,96
1036560.0,0,5,15,4,104
1036570.0,0,5,15,8,100
1036586.0,0,5,15,12,96
1036586.0,0,5,16,11,96
1036596.0,0,5,16,15,92
1036606.0,0,5,16,19,88
1036734.0,0,5,16,19,88
1036734.0,0,5,16,11,96
1036802.0,0,5,16,19,88
1036854.0,0,5,16,19,88
1036854.0,0,5,16,3,104
1036870.0,0,5,16,3,104
1036915.0,1,5,15,3,104
1036926.0,1,5,15,19,88
1036928.0,1,5,15,19,88
1036928.0,0,6,15,19,88
1037006.0,0,6,15,19,88
1037006.0,0,6,15,3,104
1037011.0,0,6,15,11,96
1037079.0,0,6,15,11,96
1037079.0,0,6,15,10,97
1037101.0,0,6,15,10,97
1037101.0,0,6,15,9,98
1037107.0,0,6,15,10,97
1037120.0,0,6,15,11,96
1037158.0,0,6,15,27,80
1037162.0,0,6,15,27,80
1037226.0,0,6,15,27,80
1037242.0,0,6,15,27,80
1037242.0,0,6,15,23,84
1037281.0,0,6,15,23,84
1037281.0,0,6,15,15,92
1037287.0,0,6,15,19,88
1037311.0,0,6,15,19,88
1037311.0,0,6,16,18,88
1037340.0,0,6,16,26,80
1037391.0,0,6,16,26,80
1037391.0,0,6,16,18,88
1037410.0,0,6,16,22,84
1037412.0,0,6,16,22,84
1037412.0,0,6,16,18,88
1037457.0,0,6,16,26,80
1037458.0,0,6,16,26,80
1037458.0,0,6,27,15,80
1037471.0,0,6,27,19,76
1037510.0,0,6,27,19,76
1037510.0,0,6,27,11,84
1037565.0,0,6,27,19,76
1037652.0,0,6,27,19,76
1037652.0,0,6,27,11,84
1037710.0,0,6,27,11,84
1037710.0,0,6,31,7,84
1037715.0,0,6,31,7,84
1037718.0,0,6,31,7,84
1037718.0,0,6,31,3,88
1037724.0,0,6,31,11,80
1037724.0,0,6,31,3,88
1037749.0,1,6,30,3,88
1037771.0,1,6,30,3,88
1037780.0,1,6,30,7,84
1037796.0,1,6,30,15,76
1037803.0,1,2,30,15,80
1037829.0,1,2,30,19,76
1037889.0,5,2,26,19,76
1037966.0,5,2,26,19,76
1037966.0,4,3,26,19,76
1038007.0,4,3,26,19,76
1038007.0,2,5,26,19,76
1038080.0,2,5,26,19,76
1038080.0,2,5,30,15,76
1038096.0,2,5,30,15,76
1038096.0,2,5,38,7,76
1038114.0,6,5,34,7,76
1038129.0,6,5,34,7,76
1038129.0,6,5,38,3,76
1038152.0,10,5,34,3,76
1038174.0,11,5,33,3,76
1038198.0,11,5,33,3,76
1038343.0,11,5,33,3,76
1038351.0,11,5,33,3,76
1038351.0,10,6,33,3,76
1038386.0,11,6,32,3,76
1038391.0,11,6,32,3,76
1038535.0,11,6,32,3,76
1038535.0,10,7,32,3,76
1038583.0,10,7,32,3,76
1038583.0,2,15,32,3,76
1038698.0,2,15,32,3,76
1038698.0,0,17,32,3,76
1038904.0,0,17,32,7,72
1038909.0,0,17,32,7,72
1039027.0,0,17,32,7,72
1039027.0,0,17,32,3,76
1039038.0,0,17,32,3,76
1039046.0,0,17,32,3,76
1039057.0,0,17,32,7,72
1039057.0,0,17,32,3,76
1039080.0,0,17,32,7,72
1039080.0,0,17,32,3,76
1039090.0,0,16,32,0,80
1039111.0,1,16,31,0,80
1039135.0,1,16,31,4,76
1039204.0,1,16,31,4,76
1039226.0,1,16,31,4,76
1039258.0,12,16,20,4,76
1039284.0,12,16,20,4,76
1039284.0,4,24,20,4,76
1039298.0,4,24,20,8,72
1039298.0,4,24,20,0,80
1039329.0,4,24,20,0,80
1039370.0,4,24,20,0,80
1039425.0,4,24,20,0,80
1039425.0,0,28,20,0,80
1039435.0,0,28,20,0,80
1039510.0,4,28,16,0,80
1039571.0,4,28,16,0,80
1039571.0,0,32,16,0,80
1039628.0,0,31,16,0,81
1039644.0,0,31,16,1,80
1039751.0,0,31,16,1,80
1039851.0,0,31,16,1,80
1039880.0,4,31,12,1,80
1039880.0,0,35,12,1,80
1039896.0,8,35,4,1,80
1039929.0,12,35,0,1,80
1039944.0,12,35,0,1,80
1039944.0,12,35,1,0,80
1039944.0,4,43,1,0,80
1040003.0,4,43,1,0,80
1040003.0,0,47,1,0,80
1040137.0,0,47,1,8,72
1040204.0,0,47,1,16,64
1040395.0,0,47,1,16,64
1040395.0,0,47,1,8,72
1040398.0,0,47,1,8,72
1040398.0,0,47,1,4,76
1040427.0,0,47,1,4,76
1040427.0,0,47,1,2,78
1040437.0,0,47,1,2,78
1040437.0,0,47,3,0,78
1040600.0,0,47,3,8,70
1040616.0,0,47,3,8,70
1040616.0,0,47,3,7,71
1040635.0,0,47,3,7,71
1040661.0,0,47,3,8,70
1040661.0,0,47,3,0,78
1040666.0,0,46,3,0,79
1040672.0,0,46,3,1,78
1040698.0,0,46,3,9,70
1040707.0,0,44,3,9,72
1040713.0,0,44,3,9,72
1040713.0,0,44,3,1,80
1040843.0,0,44,3,9,72
1040849.0,0,44,3,11,70
1040900.0,0,44,3,11,70
1040972.0,0,44,3,11,70
1040998.0,0,44,3,11,70
1040998.0,0,44,4,10,70
1041000.0,0,44,4,10,70
1041000.0,0,44,4,2,78
1041048.0,0,44,4,10,70
1041051.0,0,43,4,10,71
1041061.0,0,43,4,10,71
1041061.0,0,43,4,2,79
1041068.0,0,43,4,3,78
1041143.0,0,43,4,3,78
1041143.0,0,43,6,1,78
1041187.0,0,43,6,9,70
1041235.0,0,42,6,9,71
1041242.0,0,42,6,9,71
1041242.0,0,42,6,1,79
1041257.0,0,42,6,2,78
1041283.0,0,34,6,2,86
1041343.0,0,34,6,2,86
1041343.0,0,34,6,1,87
1041355.0,0,34,6,9,79
1041368.0,0,34,6,9,79
1041369.0,0,34,6,10,78
1041375.0,0,34,6,10,78
1041398.0,0,32,6,10,80
1041458.0,0,32,6,18,72
1041487.0,0,32,6,18,72
1041487.0,0,32,7,17,72
1041591.0,0,32,7,19,70
1041655.0,0,32,7,19,70
1041655.0,0,32,15,11,70
1041669.0,0,32,15,11,70
1041669.0,0,32,16,10,70
1041744.0,1,32,15,10,70
1041758.0,1,32,15,10,70
1041758.0,1,32,23,2,70
1041891.0,1,32,23,2,70
1041891.0,1,32,25,0,70
1041984.0,1,24,25,0,78
1042125.0,1,20,25,0,82
1042164.0,1,20,25,4,78
1042198.0,1,20,25,12,70
1042237.0,3,20,23,12,70
1042271.0,3,16,23,12,74
1042314.0,3,16,23,16,70
1042464.0,3,16,23,16,70
1042464.0,3,16,27,12,70
1042498.0,3,16,27,12,70
1042498.0,3,16,35,4,70
1042511.0,3,16,35,4,70
1042580.0,3,12,35,4,74
1042602.0,3,12,35,8,70
1042602.0,3,12,35,0,78
1042607.0,3,12,35,6,72
1042614.0,3,12,35,6,72
1042644.0,3,4,35,6,80
1042703.0,3,0,35,6,84
1042751.0,3,0,35,10,80
1042798.0,4,0,34,10,80
1042907.0,4,0,34,10,80
1042907.0,4,0,40,4,80
1042933.0,4,0,40,4,80
1042933.0,4,0,40,3,81
1042940.0,4,0,40,4,80
1042943.0,6,0,38,4,80
1043013.0,6,0,38,4,80
1043013.0,6,0,38,0,84
1043018.0,6,0,38,0,84
1043018.0,5,1,38,0,84
1043049.0,5,1,38,0,84
1043049.0,4,2,38,0,84
1043051.0,4,2,38,0,84
1043071.0,4,2,38,4,80
1043093.0,4,2,38,4,80
1043093.0,4,2,38,0,84
1043138.0,4,2,38,4,80
1043154.0,4,2,38,4,80
1043220.0,4,2,38,4,80
1043220.0,4,2,38,0,84
1043230.0,4,2,38,0,84
1043230.0,3,3,38,0,84
1043287.0,4,3,37,0,84
1043351.0,4,3,37,0,84
1043351.0,0,7,37,0,84
1043371.0,0,7,37,0,84
1043397.0,0,7,37,0,84
1043404.0,0,7,37,0,84
1043429.0,0,7,37,0,84
1043437.0,0,7,37,0,84
1043438.0,0,7,37,0,84
1043455.0,8,7,29,0,84
1043455.0,1,14,29,0,84
1043469.0,2,14,28,0,84
1043516.0,2,14,28,8,76
1043527.0,2,14,28,8,76
1043527.0,2,14,28,7,77
1043558.0,10,14,20,8,76
1043602.0,10,14,20,8,76
1043602.0,10,14,20,7,77
1043691.0,12,14,18,7,77
1043713.0,12,14,18,8,76
1043718.0,12,14,18,8,76
1043718.0,12,14,18,0,84
1043786.0,12,14,18,8,76
1043796.0,12,14,18,72,12
1043796.0,12,14,18,8,76
1043816.0,12,14,18,8,76
1043933.0,12,14,18,8,76
1043933.0,8,18,18,8,76
1044005.0,8,18,18,8,76
1044005.0,4,22,18,8,76
1044075.0,4,22,18,8,76
1044075.0,0,26,18,8,76
1044086.0,0,26,18,8,76
1044096.0,0,26,18,8,76
1044096.0,0,26,22,4,76
1044157.0,0,26,22,4,76
1044264.0,4,26,18,4,76
1044264.0,0,30,18,4,76
1044298.0,8,30,10,4,76
1044466.0,8,30,10,4,76
1044466.0,7,31,10,4,76
1044496.0,7,31,10,4,76
1044496.0,3,35,10,4,76
1044597.0,3,35,10,4,76
1044688.0,3,35,10,4,76
1044707.0,9,35,4,4,76
1044707.0,1,43,4,4,76
1044849.0,1,43,4,4,76
1044849.0,0,44,4,4,76
1044870.0,0,44,4,4,76
1044921.0,0,44,4,4,76
1045067.0,0,44,4,4,76
1045106.0,0,44,4,4,76
1045263.0,0,44,4,4,76
1045295.0,0,44,4,4,76
1045363.0,0,44,4,4,76
1045379.0,0,44,4,4,76
1045413.0,0,44,4,4,76
1045422.0,0,44,4,4,76
1045650.0,0,44,4,4,76
1045708.0,0,44,4,4,76
1045718.0,0,43,4,4,77
1045743.0,0,43,4,4,77
1045749.0,0,42,4,4,78
1045760.0,0,42,4,5,77
1045760.0,0,42,4,4,78
1045768.0,0,42,4,4,78
1045786.0,0,42,4,5,77
1045786.0,0,42,4,4,78
1045793.0,0,42,4,5,77
1045793.0,0,42,4,4,78
1045825.0,0,42,4,5,77
1045825.0,0,42,4,4,78
1045828.0,0,42,4,5,77
1045828.0,0,42,4,4,78
1045833.0,0,42,4,5,77
1045844.0,0,42,4,5,77
1045896.0,4,42,0,5,77
1045896.0,2,44,0,5,77
1045897.0,2,44,0,5,77
1045902.0,2,44,0,6,76
1045930.0,2,43,0,6,77
1045948.0,2,43,0,6,77
1045948.0,1,44,0,6,77
1046051.0,1,40,0,6,81
1046051.0,0,41,0,6,81
1046077.0,0,41,0,7,80
1046133.0,0,41,0,7,80
1046135.0,0,41,0,11,76
1046138.0,0,41,0,11,76
1046138.0,0,41,0,10,77
1046142.0,0,41,0,11,76
1046155.0,0,34,0,11,83
1046176.0,0,34,0,11,83
1046176.0,0,34,0,10,84
1046202.0,0,34,0,10,84
1046202.0,0,34,1,9,84
1046229.0,0,34,1,10,83
1046235.0,0,34,1,10,83
1046342.0,0,34,1,11,82
1046377.0,0,34,1,11,82
1046377.0,0,34,2,10,82
1046435.0,0,34,2,10,82
1046435.0,0,34,5,7,82
1046491.0,0,34,5,7,82
1046495.0,0,34,5,7,82
1046529.0,0,34,5,7,82
1046529.0,0,34,6,6,82
1046546.0,0,34,6,6,82
1046546.0,0,34,6,5,83
1046617.0,0,34,6,6,82
1046633.0,0,30,6,6,86
1046642.0,0,30,6,6,86
1046669.0,0,30,6,6,86
1046669.0,0,30,6,5,87
1046683.0,0,30,6,9,83
1046697.0,0,30,6,10,82
1046705.0,0,26,6,10,86
1046751.0,0,26,6,10,86
1046751.0,0,26,6,9,87
1046753.0,0,26,6,9,87
1046753.0,0,26,6,5,91
1046765.0,0,26,6,13,83
1046765.0,0,26,6,5,91
1046775.0,0,22,6,1,99
1046802.0,0,22,6,2,98
1046853.0,0,22,6,10,90
1046853.0,0,22,6,2,98
1046891.0,0,22,6,10,90
1046891.0,0,22,6,2,98
1046917.0,0,22,6,2,98
1046957.0,0,22,6,2,98
1046957.0,0,22,6,1,99
1046964.0,0,18,6,1,103
1046965.0,0,18,6,2,102
1046969.0,0,18,6,2,102
1046983.0,0,18,6,2,102
1046992.0,0,18,6,2,102
1047102.0,0,18,6,2,102
1047152.0,0,18,6,6,98
1047152.0,0,18,6,2,102
1047153.0,0,18,6,2,102
1047166.0,0,17,6,2,103
1047175.0,0,17,6,3,102
1047175.0,0,17,6,1,104
1047196.0,0,13,6,1,108
1047245.0,0,13,6,9,100
1047245.0,0,13,6,1,108
1047258.0,0,13,6,5,104
1047261.0,0,13,6,9,100
1047261.0,0,13,6,1,108
1047263.0,0,13,6,3,106
1047265.0,0,13,6,3,106
1047295.0,0,13,6,3,106
1047295.0,0,13,6,2,107
1047317.0,0,13,6,10,99
1047317.0,0,13,6,2,107
1047347.0,0,13,6,3,106
1047407.0,0,5,6,3,114
1047416.0,0,5,6,3,114
1047427.0,0,5,6,3,114
1047427.0,0,5,6,2,115
1047437.0,0,5,6,10,107
1047437.0,0,5,6,2,115
1047470.0,0,5,6,6,111
1047492.0,0,5,6,11,106
1047528.0,0,5,6,11,106
1047528.0,0,5,6,7,110
1047530.0,0,5,6,15,102
1047549.0,0,4,6,15,103
1047549.0,0,4,6,13,105
1047558.0,0,4,6,13,105
1047563.0,0,4,6,13,105
1047563.0,0,4,7,12,105
1047770.0,0,4,7,12,105
1047770.0,0,4,11,8,105
1047797.0,0,4,11,12,101
1047830.0,0,4,11,12,101
1047830.0,0,4,18,5,101
1047837.0,0,4,18,5,101
1047837.0,0,4,18,4,102
1047866.0,0,4,18,4,102
1047870.0,0,4,18,5,101
1048002.0,1,4,17,5,101
1048033.0,1,4,17,5,101
1048043.0,1,4,17,6,100
1048055.0,1,4,17,6,100
1048097.0,1,4,17,6,100
1048097.0,1,4,20,3,100
1048099.0,1,4,20,3,100
1048170.0,1,4,20,3,100
1048170.0,1,4,21,2,100
1048177.0,2,4,20,2,100
1048200.0,2,4,20,2,100
1048235.0,5,4,17,2,100
1048313.0,5,4,17,2,100
1048329.0,6,4,16,2,100
1048343.0,6,4,16,2,100
1048343.0,6,4,17,1,100
1048385.0,6,4,17,1,100
1048500.0,6,4,17,3,98
1048500.0,0,10,17,3,98
1048529.0,0,10,17,7,94
1048529.0,0,10,17,3,98
1048546.0,0,10,17,3,98
1048596.0,0,8,17,3,100
1048648.0,0,7,17,3,101
1048738.0,0,7,17,5,99
1048747.0,0,7,17,6,98
1048751.0,0,6,17,5,100
1048754.0,0,6,17,5,100
1048795.0,0,6,17,5,100
1048856.0,0,6,17,5,100
1049038.0,0,6,17,5,100
1049038.0,0,6,19,3,100
1049047.0,0,6,19,3,100
1049047.0,0,6,20,2,100
1049050.0,0,6,20,4,98
1049075.0,0,6,20,12,90
1049075.0,0,6,20,4,98
1049350.0,0,6,20,4,98
1049350.0,0,6,22,2,98
1049363.0,1,6,21,2,98
1049511.0,1,6,21,10,90
1049529.0,1,6,21,74,26
1049529.0,0,7,21,42,58
1049570.0,4,7,17,42,58
1049630.0,11,7,10,42,58
1049630.0,0,18,10,42,58
1049677.0,0,18,10,46,54
1049680.0,0,18,10,48,52
1049748.0,0,18,10,56,44
1049811.0,0,18,10,56,44
1049829.0,0,18,10,56,44
1049829.0,0,18,14,52,44
1049897.0,3,18,11,52,44
1049970.0,4,18,10,52,44
1049977.0,4,18,10,52,44
1049977.0,4,18,14,48,44
1049980.0,4,18,14,48,44
1049980.0,4,18,16,46,44
1050048.0,4,18,16,46,44
1050048.0,4,18,24,38,44
1050143.0,5,18,23,38,44
1050262.0,5,18,23,38,44
1050262.0,4,19,23,38,44
1050370.0,4,19,23,38,44
1050370.0,3,20,23,38,44
1050537.0,3,20,23,38,44
1050537.0,2,21,23,38,44
1050594.0,2,21,23,38,44
1050594.0,1,22,23,38,44
1050617.0,1,22,23,38,44
1050617.0,0,23,23,38,44
1050687.0,0,23,23,38,44
1050743.0,0,23,23,38,44
1050838.0,2,23,21,38,44
1050838.0,1,24,21,38,44
1050847.0,2,24,20,38,44
1050914.0,2,24,20,38,44
1050914.0,1,25,20,38,44
1051040.0,1,25,20,38,44
1051040.0,0,26,20,38,44
1051150.0,2,26,18,38,44
1051200.0,2,20,18,36,52
1051241.0,2,20,18,36,52
1051241.0,1,21,18,36,52
1051278.0,1,21,18,44,44
1051293.0,1,21,18,76,12
1051293.0,1,21,18,44,44
1051325.0,1,21,18,44,44
1051325.0,0,22,18,44,44
1051334.0,0,22,18,52,36
1051462.0,0,22,18,52,36
1051462.0,0,22,18,50,38
1051578.0,0,22,18,50,38
1051578.0,0,22,22,46,38
1051593.0,0,22,22,46,38
1051593.0,0,22,26,42,38
1051606.0,0,22,26,44,36
1051629.0,4,22,22,44,36
1051634.0,4,22,22,44,36
1051634.0,4,22,28,38,36
1051654.0,4,22,28,38,36
1051654.0,3,23,28,38,36
1051777.0,7,23,24,38,36
1051780.0,9,23,22,38,36
1051848.0,17,23,14,38,36
1051906.0,17,23,14,38,36
1051906.0,17,23,16,36,36
1051936.0,17,23,16,36,36
1051936.0,16,24,16,36,36
1052046.0,16,24,16,36,36
1052053.0,16,24,16,36,36
1052128.0,16,24,16,36,36
1052171.0,16,24,16,40,32
1052171.0,16,24,16,36,36
1052229.0,16,23,16,5,68
1052330.0,16,12,16,0,84
1052424.0,16,12,16,16,68
1052424.0,0,28,16,16,68
1052674.0,0,28,16,16,68
1052709.0,0,28,16,16,68
1052869.0,0,28,16,16,68
1052890.0,0,28,16,16,68
1052962.0,0,27,16,16,69
1052998.0,0,27,16,17,68
1053070.0,0,26,16,17,69
1053107.0,0,26,16,18,68
1053107.0,0,26,16,16,70
1053156.0,0,26,16,16,70
1053183.0,0,26,16,18,68
1053183.0,0,26,16,17,69
1053205.0,0,26,16,18,68
1053237.0,0,25,16,18,69
1053284.0,0,25,16,19,68
1053294.0,0,24,16,19,69
1053298.0,0,24,16,19,69
1053308.0,0,24,16,19,69
1053312.0,0,24,16,20,68
1053312.0,0,24,16,16,72
1053317.0,0,23,16,16,73
1053334.0,0,23,16,16,73
1053363.0,0,23,16,17,72
1053378.0,4,23,12,17,72
1053393.0,8,23,8,17,72
1053393.0,0,31,8,17,72
1053408.0,0,31,8,21,68
1053408.0,0,31,8,17,72
1053434.0,6,31,2,17,72
1053483.0,6,31,2,17,72
1053538.0,6,30,2,17,73
1053580.0,6,30,2,18,72
1053580.0,0,36,2,18,72
1053614.0,0,35,2,18,73
1053652.0,0,35,2,19,72
1053663.0,0,35,2,19,72
1053706.0,2,35,0,19,72
1053718.0,2,35,0,51,40
1053718.0,2,35,0,19,72
1053740.0,2,34,0,19,73
1053779.0,2,34,0,20,72
1053779.0,2,34,0,18,74
1053796.0,2,34,0,50,42
1053796.0,2,34,0,18,74
1053916.0,2,34,0,50,42
1053916.0,2,34,0,18,74
1053941.0,2,33,0,18,75
1053952.0,2,33,0,18,75
1053981.0,2,33,0,19,74
1054018.0,2,33,0,19,74
1054025.0,2,32,0,19,75
1054041.0,2,32,0,51,43
1054041.0,2,32,0,19,75
1054119.0,2,32,0,20,74
1054147.0,2,32,0,20,74
1054281.0,2,32,0,20,74
1054341.0,2,32,0,20,74
1054341.0,2,32,1,19,74
1054354.0,2,31,1,19,75
1054401.0,2,31,1,20,74
1054419.0,2,31,1,20,74
1054419.0,2,31,2,19,74
1054627.0,2,31,2,19,74
1054636.0,2,30,2,19,75
1054674.0,2,30,2,20,74
1054685.0,2,30,2,24,70
1054701.0,2,30,2,24,70
1054701.0,2,30,3,23,70
1054804.0,2,30,3,23,70
1054869.0,2,30,3,23,70
1054869.0,0,32,3,23,70
1054974.0,0,32,3,23,70
1054985.0,0,32,3,23,70
1054985.0,0,32,6,20,70
1055124.0,0,16,6,4,102
1055243.0,0,16,6,36,70
1055243.0,0,16,6,4,102
1055623.0,0,16,6,36,70
1055623.0,0,16,6,4,102
1055910.0,0,16,6,36,70
1055910.0,0,16,6,4,102
1055981.0,0,16,6,8,98
1056009.0,0,16,6,40,66
1056009.0,0,16,6,8,98
1056018.0,0,16,6,8,98
1056093.0,0,8,6,8,106
1056124.0,0,8,6,16,98
1056141.0,1,8,5,16,98
1056151.0,1,8,5,16,98
1056152.0,1,8,5,48,66
1056152.0,1,8,5,16,98
1056214.0,1,8,5,16,98
1056219.0,2,8,4,16,98
1056280.0,2,2,4,14,106
1056281.0,2,2,4,14,106
1056304.0,2,2,4,14,106
1056304.0,2,2,4,10,110
1056309.0,2,2,4,10,110
1056309.0,2,2,8,6,110
1056317.0,2,2,8,14,102
1056326.0,2,2,8,14,102
1056326.0,2,2,8,12,104
1056330.0,2,2,8,14,102
1056424.0,2,2,8,14,102
1056424.0,2,2,12,10,102
1056501.0,3,2,11,10,102
1056617.0,3,2,11,10,102
1056617.0,3,2,17,4,102
1056630.0,3,2,17,4,102
1056630.0,3,2,19,2,102
1056785.0,6,2,16,2,102
1057385.0,6,2,16,34,70
1057385.0,0,8,16,34,70
1057569.0,0,6,16,32,74
1057647.0,0,6,16,64,42
1057647.0,0,6,16,32,74
1057679.0,0,6,16,64,42
1057679.0,0,6,16,32,74
1057685.0,0,6,16,32,74
1057728.0,0,6,16,64,42
1057728.0,0,6,16,32,74
1057947.0,0,6,16,32,74
1057947.0,0,6,22,26,74
1058109.0,4,6,18,26,74
1058224.0,8,6,14,26,74
1058362.0,8,6,14,30,70
1058365.0,8,6,14,32,68
1058411.0,8,6,14,32,68
1058411.0,7,7,14,32,68
1058417.0,13,7,8,32,68
1058427.0,13,7,8,32,68
1058427.0,9,11,8,32,68
1058430.0,11,11,6,32,68
1058626.0,11,11,6,32,68
1058662.0,11,11,6,32,68
1058662.0,11,11,10,28,68
1058665.0,11,11,10,28,68
1058665.0,11,11,12,26,68
1058783.0,11,11,12,26,68
1058783.0,10,12,12,26,68
1058846.0,10,12,12,30,64
1059019.0,10,12,12,30,64
1059019.0,9,13,12,30,64
1059077.0,9,13,12,30,64
1059077.0,5,17,12,30,64
1059146.0,5,17,12,30,64
1059146.0,5,17,16,26,64
1059184.0,5,17,16,58,32
1059184.0,0,22,16,58,32
1059390.0,0,22,16,58,32
1059484.0,0,22,16,58,32
1059484.0,0,22,21,53,32
1059666.0,0,22,21,85,0
1059666.0,0,22,21,53,32
1059747.0,6,22,15,53,32
1059896.0,6,22,15,53,32
1059896.0,5,23,15,53,32
1059981.0,5,23,15,53,32
1059981.0,4,24,15,53,32
1060063.0,4,24,15,53,32
1060064.0,4,24,15,53,32
1060064.0,3,25,15,53,32
1060085.0,3,19,15,27,64
1060126.0,3,19,15,59,32
1060126.0,0,22,15,59,32
1060134.0,0,22,15,59,32
1060134.0,0,22,15,58,33
1060172.0,0,22,15,59,32
1060426.0,0,22,15,59,32
1060426.0,0,22,17,57,32
1060462.0,4,22,13,57,32
1060465.0,6,22,11,57,32
1060472.0,6,22,11,57,32
1060472.0,6,22,12,56,32
1060946.0,10,22,8,56,32
1061111.0,10,21,8,56,33
1061127.0,10,17,8,56,37
1061133.0,10,17,8,57,36
1061284.0,15,17,3,57,36
1061327.0,15,17,3,57,36
1061387.0,15,17,3,57,36
1061387.0,11,21,3,57,36
1061433.0,11,21,3,57,36
1061433.0,11,21,4,56,36
1061453.0,11,21,4,60,32
1061483.0,11,20,4,60,33
1061492.0,11,20,4,61,32
1061532.0,11,20,4,61,32
1061558.0,11,20,4,61,32
1061558.0,3,28,4,61,32
1061626.0,3,28,4,61,32
1061626.0,2,29,4,61,32
1061719.0,2,28,4,61,33
1061724.0,2,28,4,62,32
1061753.0,2,28,4,62,32
1061753.0,2,28,8,58,32
1061777.0,2,24,8,58,36
1061792.0,2,24,8,58,36
1061792.0,2,24,9,57,36
1061884.0,2,19,9,30,68
1061928.0,2,19,9,62,36
1061928.0,0,21,9,62,36
1062024.0,0,21,9,62,36
1062144.0,0,21,9,94,4
1062144.0,0,21,9,62,36
1062222.0,0,21,9,62,36
1062226.0,2,21,7,62,36
1062228.0,2,21,7,62,36
1062228.0,2,21,10,59,36
1062272.0,3,21,9,59,36
1062294.0,3,21,9,59,36
1062498.0,3,21,9,63,32
1062512.0,3,21,9,63,32
1062596.0,3,20,9,63,33
1062649.0,3,20,9,64,32
1062681.0,3,19,9,64,33
1062715.0,3,19,9,65,32
1062764.0,3,18,9,65,33
1062798.0,3,18,9,65,33
1062798.0,3,18,13,61,33
1062807.0,3,18,13,62,32
1062826.0,3,15,13,33,64
1062830.0,3,15,13,65,32
1062830.0,0,18,13,65,32
1062896.0,0,18,13,65,32
1062920.0,0,18,13,65,32
1062949.0,0,18,13,65,32
1063107.0,0,18,13,65,32
1063107.0,0,18,14,64,32
1063130.0,0,18,14,64,32
1063130.0,0,18,19,59,32
1063233.0,1,18,18,59,32
1063553.0,5,18,14,59,32
1063592.0,6,18,13,59,32
1064028.0,9,18,10,59,32
1064087.0,9,14,10,59,36
1064258.0,9,6,10,59,44
1064326.0,9,5,10,59,45
1064345.0,9,5,10,60,44
1064486.0,9,5,10,68,36
1064598.0,13,5,6,68,36
1064628.0,13,3,6,38,68
1064645.0,13,3,6,38,68
1064645.0,13,3,7,37,68
1064700.0,13,3,7,69,36
1064700.0,13,3,7,37,68
1064786.0,13,3,7,37,68
1064786.0,13,3,11,33,68
1064907.0,14,3,10,33,68
1064914.0,14,3,10,37,64
1064930.0,19,3,5,37,64
1065000.0,19,3,5,37,64
1065000.0,19,3,9,33,64
1065214.0,19,3,9,33,64
1065214.0,19,3,13,29,64
1065530.0,19,0,13,0,96
1065567.0,19,0,13,32,64
1065567.0,19,0,13,0,96
1065858.0,19,0,13,32,64
1065858.0,0,19,13,32,64
1066158.0,0,19,13,32,64
1066158.0,0,19,32,13,64
1066445.0,1,19,31,13,64
1066586.0,5,19,27,13,64
1066800.0,9,19,23,13,64
1067014.0,13,19,19,13,64
1067166.0,13,19,19,45,32
1067166.0,13,19,19,13,64
1067958.0,32,19,0,13,64
1068155.0,32,19,0,45,32
1068155.0,32,19,0,13,64
1068514.0,32,19,0,45,32
1068514.0,32,19,0,13,64
1068539.0,32,19,0,13,64
1068541.0,32,19,0,13,64
1068558.0,32,0,0,0,96
1069008.0,32,0,0,32,64
1069008.0,32,0,0,0,96
1069497.0,32,0,0,32,64
1069497.0,32,0,0,0,96
1069747.0,32,0,0,32,64
1069747.0,32,0,0,0,96
1070143.0,32,0,0,32,64
1070143.0,32,0,0,0,96
1070395.0,32,0,0,32,64
1070395.0,32,0,0,0,96
1070633.0,32,0,0,32,64
1070633.0,32,0,0,31,65
1070674.0,32,0,0,32,64
1070765.0,32,0,0,64,32
1070902.0,32,0,0,96,0
1070902.0,0,32,0,96,0
1070933.0,0,32,0,96,0
1072544.0,0,32,0,96,0
1072573.0,0,32,0,96,0
1073602.0,0,0,0,0,128
1073708.0,0,0,0,128,0
1073708.0,0,0,0,32,96
1073708.0,0,0,0,0,128
1074008.0,0,0,0,0,128
1079691.0,0,0,0,0,128
1079754.0,0,0,0,0,128
1080492.0,0,0,0,0,128
1080707.0,0,0,0,0,128
1082946.0,0,0,0,32,96
1082946.0,0,0,0,30,98
1082951.0,0,0,0,31,97
1082956.0,0,0,0,32,96
1083246.0,0,0,0,32,96
1083246.0,0,0,30,2,96
1083251.0,0,0,30,2,96
1083251.0,0,0,31,1,96
1083256.0,0,0,31,1,96
1083256.0,0,0,32,0,96
1083361.0,0,0,32,32,64
1083361.0,0,0,32,0,96
1083543.0,0,0,32,64,32
1083543.0,0,0,32,0,96
1085046.0,30,0,2,0,96
1085051.0,31,0,1,0,96
1085056.0,32,0,0,0,96
1085056.0,0,32,0,0,96
1086546.0,0,32,0,0,96
1086575.0,0,32,0,0,96
1086862.0,0,32,0,0,96
1086930.0,0,32,0,0,96
1087756.0,0,0,0,0,128
1093370.0,0,0,0,64,64
1093370.0,0,0,0,0,128
1098012.0,0,0,0,32,96
1098012.0,0,0,0,0,128
1099847.0,0,0,0,32,96
1099847.0,0,0,0,20,108
1099847.0,0,0,0,0,128
1100147.0,0,0,0,0,128
1101506.0,0,0,0,0,128
1101582.0,0,0,0,0,128
1102032.0,0,0,0,0,128
1104211.0,0,0,0,0,128
1104325.0,0,0,0,0,128
1104872.0,0,0,0,4,124
1104872.0,0,0,0,3,125
1104881.0,0,0,0,4,124
1104881.0,0,0,0,0,128
1105152.0,0,0,0,0,128
1105172.0,0,0,0,0,128
1105294.0,0,0,0,0,128
1105390.0,0,0,0,0,128
1105555.0,0,0,0,0,128
1105627.0,0,0,0,0,128
1105728.0,0,0,0,32,96
1105728.0,0,0,0,0,128
1105758.0,0,0,0,0,128
1105855.0,0,0,0,0,128
1105864.0,0,0,0,0,128
1105881.0,0,0,0,0,128
1106049.0,0,0,0,0,128
1106148.0,0,0,0,0,128
1106199.0,0,0,0,4,124
1106199.0,0,0,0,3,125
1106223.0,0,0,0,4,124
1106303.0,0,0,0,4,124
1106389.0,0,0,0,8,120
1106389.0,0,0,0,0,128
1106413.0,0,0,0,0,128
1106499.0,0,0,0,0,128
1106511.0,0,0,0,0,128
1106572.0,0,0,0,0,128
1106656.0,0,0,0,4,124
1106956.0,0,0,0,4,124
1106956.0,0,0,4,0,124
1107268.0,0,0,4,0,124
1107372.0,0,0,4,0,124
1107412.0,0,0,4,0,124
1108017.0,0,0,4,0,124
1108492.0,0,0,4,0,124
1108527.0,0,0,4,0,124
1108756.0,4,0,0,0,124
1108756.0,3,1,0,0,124
1109440.0,3,1,0,8,116
1109440.0,3,1,0,0,124
1109491.0,3,1,0,0,124
1109509.0,3,1,0,8,116
1109509.0,3,1,0,0,124
1110410.0,3,1,0,0,124
1110496.0,3,1,0,0,124
1110558.0,3,1,0,32,92
1110558.0,3,1,0,0,124
1110816.0,3,1,0,32,92
1110816.0,3,1,0,0,124
1111112.0,3,1,0,0,124
1111417.0,3,1,0,8,116
1111456.0,3,0,0,8,117
1111460.0,3,0,0,9,116
1111717.0,3,0,0,9,116
1111717.0,3,0,8,1,116
1111760.0,3,0,8,1,116
1111760.0,3,0,9,0,116
1111945.0,3,0,9,0,116
1112231.0,3,0,9,0,116
1112252.0,3,0,9,0,116
1112353.0,3,0,9,8,108
1112465.0,3,0,9,40,76
1112465.0,3,0,9,8,108
1112653.0,3,0,9,8,108
1112738.0,3,0,9,8,108
1112765.0,3,0,9,8,108
1112765.0,3,0,17,0,108
1112796.0,3,0,17,0,108
1113228.0,3,0,17,0,108
1113228.0,2,1,17,0,108
1113295.0,2,1,17,0,108
1113295.0,1,2,17,0,108
1113311.0,1,2,17,0,108
1113389.0,1,2,17,0,108
1113517.0,9,2,9,0,108
1113560.0,10,2,8,0,108
1113568.0,10,2,8,0,108
1113801.0,10,2,8,0,108
1113909.0,10,2,8,0,108
1113969.0,10,2,8,8,100
1113969.0,2,10,8,8,100
1114047.0,2,10,8,8,100
1114133.0,2,10,8,8,100
1114133.0,1,11,8,8,100
1114155.0,1,11,8,8,100
1114220.0,1,11,8,8,100
1114304.0,1,11,8,8,100
1114304.0,0,12,8,8,100
1114565.0,8,12,0,8,100
1115466.0,8,12,0,8,100
1115544.0,8,12,0,8,100
1115636.0,8,12,0,8,100
1115928.0,8,11,0,8,101
1115950.0,8,11,0,9,100
1115950.0,8,11,0,8,101
1115969.0,8,11,0,9,100
1115995.0,8,10,0,9,101
1116010.0,8,10,0,10,100
1116269.0,8,10,0,10,100
1116269.0,8,10,1,9,100
1116310.0,8,10,1,9,100
1116310.0,8,10,2,8,100
1116669.0,8,2,2,0,116
1116761.0,8,2,2,16,100
1116761.0,8,2,2,0,116
1116831.0,8,2,2,16,100
1116831.0,8,2,2,0,116
1116833.0,8,1,2,0,117
1116852.0,8,1,2,1,116
1116887.0,8,1,2,17,100
1116887.0,8,1,2,1,116
1116915.0,8,1,2,1,116
1116944.0,8,1,2,1,116
1116944.0,5,4,2,1,116
1116949.0,5,4,2,17,100
1116949.0,5,4,2,1,116
1117004.0,5,3,2,1,117
1117010.0,5,3,2,2,116
1117019.0,5,3,2,18,100
1117019.0,5,3,2,2,116
1117095.0,5,3,2,2,116
1117100.0,5,3,2,18,100
1117100.0,5,3,2,2,116
1117130.0,5,3,2,34,84
1117130.0,5,3,2,2,116
1117152.0,5,3,2,2,116
1117173.0,5,3,2,18,100
1117173.0,5,3,2,2,116
1117184.0,5,3,2,2,116
1117184.0,5,3,2,1,117
1117228.0,5,3,2,2,116
1117245.0,5,3,2,18,100
1117245.0,5,3,2,2,116
1117298.0,5,3,2,2,116
1117298.0,5,3,2,1,117
1117310.0,5,3,2,1,117
1117318.0,5,3,2,18,100
1117318.0,5,3,2,2,116
1117319.0,5,3,2,2,116
1117330.0,5,3,2,18,100
1117330.0,5,3,2,2,116
1117365.0,5,3,2,18,100
1117365.0,5,3,2,2,116
1117421.0,5,3,2,34,84
1117421.0,5,3,2,2,116
1117425.0,5,3,2,18,100
1117425.0,5,3,2,2,116
1117528.0,5,3,2,2,116
1117618.0,5,3,2,2,116
1117618.0,5,3,3,1,116
1117875.0,5,3,3,33,84
1117875.0,5,3,3,1,116
1117895.0,5,3,3,17,100
1117895.0,5,3,3,1,116
1117939.0,5,3,3,17,100
1117939.0,5,3,3,1,116
1118002.0,5,3,3,17,100
1118002.0,5,3,3,1,116
1118067.0,5,3,3,1,116
1118069.0,6,3,2,1,116
1118086.0,6,3,2,17,100
1118086.0,6,3,2,1,116
1118110.0,7,3,1,1,116
1118148.0,7,3,1,1,116
1118148.0,6,4,1,1,116
1118215.0,6,4,1,1,116
1118246.0,6,4,1,17,100
1118246.0,6,4,1,1,116
1118264.0,6,4,1,17,100
1118264.0,6,4,1,1,116
1118286.0,6,4,1,1,116
1118302.0,6,4,1,1,116
1118302.0,2,8,1,1,116
1118335.0,2,8,1,17,100
1118335.0,2,8,1,1,116
1118342.0,2,8,1,17,100
1118342.0,2,8,1,1,116
1118411.0,2,8,1,1,116
1118419.0,2,8,1,17,100
1118419.0,2,8,1,1,116
1118429.0,2,8,1,17,100
1118429.0,2,8,1,1,116
1118448.0,2,8,1,17,100
1118448.0,2,8,1,1,116
1118458.0,2,8,1,17,100
1118458.0,2,8,1,1,116
1118511.0,2,8,1,9,108
1118521.0,2,8,1,17,100
1118529.0,2,8,1,33,84
1118529.0,2,8,1,1,116
1118565.0,2,8,1,1,116
1118576.0,2,8,1,17,100
1118576.0,2,8,1,9,108
1118629.0,2,8,1,17,100
1118665.0,2,8,1,49,68
1118665.0,2,8,1,17,100
1118697.0,2,8,1,49,68
1118697.0,2,8,1,17,100
1118811.0,2,8,1,17,100
1118831.0,2,8,1,17,100
1118831.0,2,8,1,15,102
1118876.0,2,8,1,15,102
1118887.0,2,8,1,47,70
1118887.0,2,8,1,15,102
1118912.0,2,8,1,47,70
1118961.0,2,8,1,49,68
1118965.0,2,8,1,49,68
1118965.0,2,8,15,35,68
1118976.0,2,8,15,35,68
1119025.0,2,8,15,67,36
1119025.0,2,8,15,3,100
1119083.0,2,8,15,3,100
1119083.0,2,8,15,2,101
1119096.0,2,8,15,3,100
1119098.0,2,8,15,3,100
1119132.0,2,8,15,3,100
1119132.0,2,8,15,1,102
1119212.0,2,8,15,1,102
1119325.0,2,8,15,3,100
1119354.0,2,8,15,3,100
1119391.0,2,8,15,3,100
1119391.0,0,10,15,3,100
1119418.0,1,10,14,3,100
1119559.0,1,10,14,3,100
1119625.0,1,10,14,3,100
1119644.0,1,7,14,2,104
1119689.0,1,7,14,2,104
1119696.0,1,7,14,2,104
1119716.0,1,7,14,6,100
1119716.0,1,7,14,2,104
1119769.0,1,7,14,2,104
1119901.0,1,7,14,2,104
1119901.0,0,8,14,2,104
1119906.0,0,8,14,2,104
1120004.0,0,8,14,6,100
1120009.0,0,8,14,6,100
1120025.0,0,8,14,6,100
1120238.0,0,8,14,6,100
1120304.0,0,8,14,6,100
1120304.0,0,8,18,2,100
1120494.0,0,8,18,2,100
1120615.0,0,8,18,2,100
1120765.0,14,8,4,2,100
1120765.0,6,16,4,2,100
1120813.0,6,16,4,2,100
1120848.0,6,15,4,2,101
1120866.0,6,15,4,3,100
1120891.0,6,15,4,3,100
1120891.0,3,18,4,3,100
1121002.0,3,14,4,3,104
1121166.0,3,14,4,3,104
1121170.0,3,14,4,3,104
1121194.0,3,14,4,3,104
1121405.0,3,14,4,3,104
1121503.0,3,14,4,3,104
1121706.0,3,14,4,3,104
1121756.0,3,14,4,3,104
1121791.0,3,14,4,3,104
1121821.0,3,14,4,3,104
1122082.0,3,14,4,35,72
1122082.0,3,14,4,3,104
1122091.0,3,12,4,1,108
1122104.0,7,12,0,1,108
1122104.0,3,16,0,1,108
1122218.0,3,16,0,1,108
1122314.0,3,16,0,5,104
1122314.0,3,16,0,1,108
1122479.0,3,16,0,5,104
1122601.0,3,15,0,5,105
1122625.0,3,15,0,5,105
1122638.0,3,15,0,6,104
1122638.0,0,18,0,6,104
1122779.0,0,18,0,6,104
1122891.0,0,18,0,6,104
1123047.0,0,18,0,6,104
1123420.0,0,18,0,6,104
1123455.0,0,18,0,6,104
1123464.0,0,18,0,6,104
1123465.0,0,10,0,6,112
1123479.0,0,10,0,6,112
1123507.0,0,10,0,6,112
1123531.0,0,10,0,14,104
1123531.0,0,10,0,6,112
1123560.0,0,10,0,6,112
1123591.0,0,7,0,5,116
1123592.0,0,7,0,13,108
1123592.0,0,7,0,5,116
1123615.0,0,7,0,5,116
1123642.0,0,7,0,13,108
1123642.0,0,7,0,5,116
1123700.0,0,7,0,13,108
1123700.0,0,7,0,5,116
1123782.0,0,7,0,13,108
1123782.0,0,7,0,5,116
1123863.0,0,7,0,5,116
1123868.0,0,7,0,13,108
1123868.0,0,7,0,5,116
1123926.0,0,7,0,13,108
1123926.0,0,7,0,5,116
1123940.0,0,7,0,5,116
1123989.0,0,7,0,13,108
1123989.0,0,7,0,5,116
1123996.0,0,7,0,5,116
1124037.0,0,7,0,9,112
1124037.0,0,7,0,5,116
1124060.0,0,7,0,9,112
1124060.0,0,7,0,5,116
1124080.0,0,7,0,9,112
1124080.0,0,7,0,7,114
1124087.0,0,7,0,8,113
1124098.0,0,7,0,8,113
1124098.0,0,7,0,6,115
1124101.0,0,7,0,7,114
1124118.0,0,7,0,7,114
1124131.0,0,7,0,15,106
1124131.0,0,7,0,7,114
1124189.0,0,7,0,7,114
1124267.0,0,7,0,9,112
1124267.0,0,7,0,5,116
1124291.0,0,7,0,9,112
1124291.0,0,7,0,5,116
1124334.0,0,7,0,9,112
1124334.0,0,7,0,5,116
1124380.0,0,7,0,5,116
1124428.0,0,7,0,9,112
1124428.0,0,7,0,5,116
1124433.0,0,7,0,5,116
1124804.0,0,3,0,5,120
1125087.0,0,3,0,9,116
1125338.0,0,0,0,4,124
1125387.0,0,0,0,4,124
1125387.0,0,0,4,0,124
1125394.0,0,0,4,8,116
1125394.0,0,0,4,0,124
1125434.0,0,0,4,8,116
1125434.0,0,0,4,0,124
1125474.0,0,0,4,8,116
1125474.0,0,0,4,0,124
1125533.0,0,0,4,8,116
1125533.0,0,0,4,0,124
1125608.0,0,0,4,8,116
1125608.0,0,0,4,0,124
1125648.0,0,0,4,0,124
1125649.0,0,0,4,8,116
1125649.0,0,0,4,0,124
1125656.0,0,0,4,0,124
1125711.0,0,0,4,8,116
1125711.0,0,0,4,0,124
1126409.0,0,0,4,8,116
1126409.0,0,0,4,0,124
1126732.0,0,0,4,0,124
1126784.0,0,0,4,4,120
1126784.0,0,0,4,0,124
1126917.0,0,0,4,4,120
1127063.0,0,0,4,4,120
1127063.0,0,0,4,0,124
1127085.0,0,0,4,4,120
1127187.0,4,0,0,4,120
1127211.0,4,0,0,4,120
1127211.0,4,0,0,0,124
1127217.0,4,0,0,0,124
1127230.0,4,0,0,4,120
1127250.0,4,0,0,4,120
1127250.0,4,0,0,3,121
1127306.0,4,0,0,4,120
1127375.0,4,0,0,4,120
1127385.0,4,0,0,4,120
1127438.0,4,0,0,8,116
1127530.0,4,0,0,8,116
1127530.0,4,0,3,5,116
1127606.0,4,0,3,5,116
1127606.0,4,0,4,4,116
1127738.0,4,0,4,4,116
1127738.0,4,0,8,0,116
1127894.0,4,0,8,0,116
1127894.0,3,1,8,0,116
1128292.0,3,1,8,4,112
1128506.0,3,1,8,4,112
1128592.0,3,1,8,4,112
1128592.0,3,1,12,0,112
1128873.0,3,1,12,0,112
1128873.0,2,2,12,0,112
1129076.0,2,2,12,0,112
1129323.0,2,2,12,4,108
1129323.0,2,2,12,0,112
1129330.0,5,2,9,0,112
1129331.0,5,2,9,4,108
1129406.0,6,2,8,4,108
1129538.0,10,2,4,4,108
1129631.0,10,2,4,4,108
1129631.0,10,2,8,0,108
1129691.0,10,2,8,32,76
1129691.0,10,2,8,0,108
1129766.0,10,2,8,0,108
1129789.0,10,2,8,0,108
1129854.0,10,2,8,0,108
1129854.0,2,10,8,0,108
1129864.0,2,10,8,0,108
1129885.0,2,10,8,0,108
1129907.0,2,10,8,0,108
1129910.0,2,10,8,0,108
1129960.0,2,10,8,64,44
1129960.0,2,10,8,0,108
1130041.0,2,10,8,0,108
1130173.0,2,10,8,0,108
1130226.0,2,10,8,0,108
1130244.0,2,10,8,0,108
1130244.0,1,11,8,0,108
1130247.0,1,11,8,0,108
1130316.0,1,11,8,0,108
1130353.0,1,11,8,0,108
1130392.0,5,11,4,0,108
1130392.0,1,15,4,0,108
1130594.0,1,14,4,0,109
1130620.0,1,14,4,1,108
1130903.0,1,14,4,1,108
1130920.0,1,14,4,1,108
1130920.0,1,14,5,0,108
1131394.0,1,14,5,8,100
1131394.0,0,15,5,4,104
1131431.0,4,15,1,4,104
1131431.0,0,19,1,4,104
1131511.0,0,19,1,8,100
1131511.0,0,19,1,4,104
1131566.0,0,19,1,4,104
1131566.0,0,19,1,3,105
1131573.0,0,18,1,3,106
1131588.0,0,18,1,4,105
1131594.0,0,18,1,5,104
1131687.0,0,18,1,9,100
1131687.0,0,18,1,5,104
1131694.0,0,18,1,5,104
1131764.0,0,18,1,9,100
1131764.0,0,18,1,5,104
1131839.0,0,18,1,9,100
1131888.0,0,18,1,9,100
1131888.0,0,18,2,8,100
1131987.0,0,18,2,8,100
1131987.0,0,18,3,7,100
1132139.0,0,18,3,7,100
1132139.0,0,18,7,3,100
1132369.0,0,18,7,3,100
1132446.0,0,18,7,3,100
1132554.0,0,10,7,3,108
1132720.0,1,10,6,3,108
1132720.0,0,11,6,3,108
1132944.0,0,10,6,3,109
1132973.0,0,10,6,4,108
1132986.0,0,10,6,12,100
1132986.0,0,10,6,8,104
1133092.0,0,6,6,8,108
1133115.0,0,6,6,12,104
1133115.0,0,6,6,4,112
1133273.0,0,6,6,4,112
1133273.0,0,6,7,3,112
1133346.0,0,6,7,3,112
1133688.0,1,6,6,3,112
1133787.0,2,6,5,3,112
1133939.0,6,6,1,3,112
1134094.0,6,5,1,0,116
1134130.0,6,5,1,4,112
1134131.0,6,1,1,4,116
1134152.0,6,1,1,8,112
1134260.0,6,1,1,8,112
1134260.0,6,1,1,7,113
1134374.0,6,1,1,8,112
1134430.0,6,1,1,8,112
1134430.0,6,1,4,5,112
1134452.0,6,1,4,5,112
1134452.0,6,1,8,1,112
1134660.0,6,1,8,5,108
1134674.0,6,1,8,5,108
1134674.0,6,1,9,4,108
1134731.0,6,1,9,4,108
1134731.0,6,1,9,3,109
1134753.0,6,1,9,4,108
1134960.0,6,1,9,4,108
1134960.0,6,1,12,1,108
1135009.0,6,1,12,1,108
1135009.0,6,1,12,0,109
1135034.0,6,1,12,1,108
1135053.0,6,1,12,1,108
1135066.0,6,1,12,1,108
1135073.0,7,1,11,1,108
1135075.0,7,1,11,1,108
1135075.0,7,1,11,0,109
1135135.0,7,1,11,0,109
1135135.0,3,5,11,0,109
1135190.0,3,5,11,1,108
1135334.0,3,5,11,1,108
1135420.0,3,4,11,1,109
1135439.0,3,4,11,2,108
1135490.0,3,4,11,2,108
1135490.0,3,4,12,1,108
1135682.0,3,4,12,1,108
1135739.0,3,4,12,1,108
1135739.0,3,4,13,0,108
1135748.0,3,4,13,0,108
1135927.0,3,4,13,0,108
1135927.0,2,5,13,0,108
1136230.0,5,5,10,0,108
1136230.0,1,9,10,0,108
1136252.0,5,9,6,0,108
1136474.0,6,9,5,0,108
1136560.0,6,9,5,32,76
1136560.0,6,9,5,0,108
1136760.0,9,9,2,0,108
1136939.0,9,9,2,0,108
1136939.0,8,10,2,0,108
1136960.0,8,10,2,0,108
1136960.0,7,11,2,0,108
1137016.0,7,11,2,0,108
1137016.0,6,12,2,0,108
1137050.0,6,12,2,0,108
1137050.0,5,13,2,0,108
1137079.0,5,13,2,0,108
1137290.0,6,13,1,0,108
1137539.0,7,13,0,0,108
1137835.0,7,9,0,0,112
1138127.0,7,9,0,4,108
1138362.0,7,9,0,8,104
1138427.0,7,9,0,8,104
1138427.0,7,9,4,4,104
1138606.0,7,9,4,4,104
1138606.0,7,9,4,3,105
1138623.0,7,9,4,4,104
1138627.0,7,8,4,4,105
1138647.0,7,8,4,5,104
1138662.0,7,8,4,5,104
1138662.0,7,8,7,2,104
1138683.0,7,8,7,2,104
1138683.0,7,8,7,1,105
1138700.0,7,8,7,2,104
1138729.0,7,8,7,2,104
1138923.0,7,8,7,2,104
1138930.0,7,4,7,2,108
1138947.0,7,4,7,2,108
1138947.0,7,4,8,1,108
1139000.0,7,4,8,1,108
1139000.0,7,4,9,0,108
1139639.0,7,3,9,0,109
1139644.0,7,3,9,1,108
1139648.0,7,3,9,1,108
1139660.0,7,2,9,1,109
1139688.0,7,2,9,2,108
1139716.0,7,1,9,2,109
1139733.0,7,1,9,3,108
1139750.0,7,0,9,3,109
1139849.0,7,0,9,4,108
1139944.0,7,0,9,4,108
1139944.0,7,0,10,3,108
1139962.0,7,0,10,11,100
1139962.0,2,5,10,11,100
1139988.0,2,5,10,11,100
1139994.0,2,5,10,11,100
1140227.0,6,5,6,11,100
1140363.0,6,5,6,11,100
1140428.0,6,5,6,11,100
1140428.0,2,9,6,11,100
1140462.0,5,9,3,11,100
1140707.0,5,9,3,11,100
1140739.0,5,9,3,11,100
1140747.0,6,9,2,11,100
1140800.0,7,9,1,11,100
1140899.0,7,9,1,75,36
1140899.0,7,9,1,11,100
1140946.0,7,9,1,75,36
1140946.0,7,9,1,11,100
1141131.0,7,9,1,75,36
1141131.0,7,9,1,11,100
1141744.0,8,9,0,11,100
1141744.0,0,17,0,11,100
1142029.0,0,17,0,11,100
1142035.0,0,17,0,11,100
1142079.0,0,17,0,11,100
1142662.0,0,12,0,0,116
1142852.0,0,12,0,16,100
1142852.0,0,12,0,14,102
1142862.0,0,12,0,15,101
1142873.0,0,12,0,16,100
1143077.0,0,12,0,48,68
1143077.0,0,12,0,16,100
1143128.0,0,8,0,16,104
1143152.0,0,8,0,16,104
1143152.0,0,8,1,15,104
1143377.0,0,8,1,15,104
1143377.0,0,8,16,0,104
1143529.0,0,8,16,4,100
1143543.0,0,8,16,36,68
1143543.0,0,8,16,4,100
1143829.0,0,8,16,4,100
1143843.0,0,8,16,4,100
1143843.0,0,8,20,0,100
1143845.0,0,8,20,32,68
1143845.0,0,8,20,0,100
1144157.0,0,8,20,32,68
1144157.0,0,8,20,0,100
1144444.0,0,0,20,0,108
1144461.0,0,0,20,0,108
1144465.0,0,0,20,0,108
1144510.0,0,0,20,0,108
1144906.0,0,0,20,32,76
1144906.0,0,0,20,0,108
1144952.0,1,0,19,0,108
1144952.0,0,1,19,0,108
1145177.0,15,1,4,0,108
1145177.0,14,2,4,0,108
1145237.0,14,2,4,32,76
1145237.0,14,2,4,0,108
1145643.0,18,2,0,0,108
1146905.0,18,2,0,0,108
1146905.0,17,3,0,0,108
1147227.0,17,3,0,0,108
1147652.0,17,2,0,0,109
1147672.0,17,2,0,1,108
1147877.0,17,1,0,1,109
1147885.0,17,1,0,2,108
1147972.0,17,1,0,2,108
1147972.0,17,1,1,1,108
1148023.0,17,1,1,1,108
1148023.0,17,1,1,0,109
1148040.0,17,1,1,1,108
1148185.0,17,1,1,1,108
1148233.0,17,1,1,33,76
1148233.0,17,1,1,1,108
1148340.0,17,1,1,1,108
1148340.0,17,1,2,0,108
1148365.0,17,1,2,32,76
1148365.0,17,1,2,0,108
1148559.0,17,1,2,32,76
1148559.0,17,1,2,0,108
1149560.0,17,1,2,0,108
1149560.0,16,2,2,0,108
1149605.0,16,1,2,0,109
1149631.0,16,1,2,1,108
1149772.0,17,1,1,1,108
1149931.0,17,1,1,1,108
1149931.0,17,1,2,0,108
1150099.0,17,1,2,32,76
1150099.0,17,1,2,0,108
1150140.0,18,1,1,0,108
1150223.0,18,1,1,32,76
1150223.0,18,1,1,0,108
1150679.0,18,1,1,0,108
1150679.0,17,2,1,0,108
1150790.0,17,2,1,0,108
1150978.0,17,2,1,32,76
1150978.0,17,2,1,0,108
1151116.0,17,2,1,32,76
1151116.0,17,2,1,0,108
1151667.0,17,2,1,32,76
1151667.0,17,2,1,0,108
1151731.0,18,2,0,0,108
1152260.0,18,1,0,0,109
1152285.0,18,1,0,1,108
1152585.0,18,1,0,1,108
1152585.0,18,1,1,0,108
1153379.0,18,0,1,0,109
1153388.0,18,0,1,1,108
1153688.0,18,0,1,1,108
1153688.0,18,0,2,0,108
1154385.0,19,0,1,0,108
1154428.0,19,0,1,32,76
1154428.0,19,0,1,0,108
1154593.0,19,0,1,32,76
1154593.0,19,0,1,0,108
1154931.0,19,0,1,0,108
1154933.0,19,0,1,32,76
1154933.0,19,0,1,0,108
1154944.0,19,0,1,32,76
1154944.0,19,0,1,0,108
1155488.0,20,0,0,0,108
1158890.0,20,0,0,32,76
1158890.0,20,0,0,0,108
1161140.0,20,0,0,0,108
1161140.0,16,4,0,0,108
1162001.0,16,4,0,0,108
1162001.0,12,8,0,0,108
1162237.0,12,8,0,32,76
1162237.0,12,8,0,0,108
1162757.0,12,8,0,0,108
1162757.0,8,12,0,0,108
1162935.0,8,12,0,0,108
1162935.0,4,16,0,0,108
1163021.0,4,16,0,0,108
1163021.0,0,20,0,0,108
1163198.0,0,20,0,0,108
1163328.0,0,20,0,32,76
1163328.0,0,20,0,0,108
1163840.0,0,16,0,0,112
1163856.0,0,16,0,32,80
1163856.0,0,16,0,0,112
1163906.0,0,16,0,32,80
1163906.0,0,16,0,0,112
1164015.0,0,16,0,4,108
1164015.0,0,16,0,2,110
1164037.0,0,16,0,4,108
1164315.0,0,16,0,4,108
1164315.0,0,16,2,2,108
1164337.0,0,16,2,2,108
1164337.0,0,16,4,0,108
1164403.0,0,16,4,32,76
1164403.0,0,16,4,0,108
1164538.0,0,16,4,0,108
1164701.0,0,12,4,0,112
1165139.0,0,12,4,4,108
1165439.0,0,12,4,4,108
1165439.0,0,12,8,0,108
1165457.0,0,8,8,0,112
1165595.0,0,8,8,4,108
1165635.0,0,4,8,4,112
1165660.0,0,4,8,8,108
1165721.0,0,0,8,8,112
1165744.0,0,0,8,12,108
1165895.0,0,0,8,12,108
1165895.0,0,0,12,8,108
1165960.0,0,0,12,8,108
1165960.0,0,0,16,4,108
1166044.0,0,0,16,4,108
1166044.0,0,0,20,0,108
1166115.0,2,0,18,0,108
1166137.0,4,0,16,0,108
1166408.0,4,0,16,32,76
1166408.0,4,0,16,0,108
1166860.0,4,0,16,32,76
1166860.0,4,0,16,0,108
1167234.0,4,0,16,4,104
1167239.0,8,0,12,4,104
1167534.0,8,0,12,4,104
1167534.0,8,0,16,0,104
1167636.0,8,0,16,32,72
1167636.0,8,0,16,0,104
1167695.0,12,0,12,0,104
1167760.0,16,0,8,0,104
1167844.0,20,0,4,0,104
1168234.0,20,0,4,8,96
1168534.0,20,0,4,8,96
1168534.0,20,0,12,0,96
1169115.0,20,0,12,32,64
1169115.0,20,0,12,0,96
1169334.0,24,0,8,0,96
1169710.0,24,0,8,32,64
1169710.0,24,0,8,0,96
1170334.0,32,0,0,0,96
1170334.0,0,32,0,0,96
1171248.0,0,32,0,32,64
1171248.0,0,32,0,0,96
1172123.0,0,32,0,32,64
1172123.0,0,32,0,0,96
1173034.0,0,0,0,0,128
1173289.0,0,0,0,32,96
1173289.0,0,0,0,0,128
1173301.0,0,0,0,32,96
1173301.0,0,0,0,0,128
1174374.0,0,0,0,32,96
1174374.0,0,0,0,0,128
1174499.0,0,0,0,32,96
1174499.0,0,0,0,0,128
1174637.0,0,0,0,32,96
1174637.0,0,0,0,0,128
1176879.0,0,0,0,32,96
1176879.0,0,0,0,0,128
1177030.0,0,0,0,32,96
1177030.0,0,0,0,0,128
1177864.0,0,0,0,32,96
1178164.0,0,0,0,32,96
1178164.0,0,0,32,0,96
1179210.0,0,0,32,32,64
1179510.0,0,0,32,32,64
1179510.0,0,0,64,0,64
1179964.0,32,0,32,0,64
1181310.0,64,0,0,0,64
1181310.0,0,64,0,0,64
1184010.0,0,0,0,0,128
1187863.0,0,0,0,32,96
1188163.0,0,0,0,32,96
1188163.0,0,0,32,0,96
1189963.0,32,0,0,0,96
1193606.0,32,0,0,64,32
1193606.0,32,0,0,0,96
1198196.0,32,0,0,32,64
1198496.0,32,0,0,32,64
1198496.0,32,0,32,0,64
1198743.0,32,0,32,64,0
1199043.0,32,0,32,64,0
1199043.0,32,0,96,0,0
1200296.0,64,0,64,0,0
1200843.0,128,0,0,0,0
1682786.0,128,0,0,0,0
1682786.0,64,64,0,0,0
1683107.0,64,64,0,0,0
1683107.0,0,128,0,0,0
1685486.0,0,64,0,0,64
1685792.0,0,64,0,64,0
1685807.0,0,0,0,64,64
1686092.0,0,0,0,64,64
1686092.0,0,0,64,0,64
1687892.0,64,0,0,0,64
1690717.0,64,0,0,0,64
1690717.0,56,8,0,0,64
1692675.0,56,8,0,0,64
1693417.0,56,0,0,0,72
1694718.0,56,0,0,8,64
1694718.0,0,56,0,8,64
1695376.0,0,56,0,72,0
1695676.0,0,56,0,72,0
1695676.0,0,56,64,8,0
1697418.0,0,0,64,0,64
1697476.0,64,0,0,0,64
1707071.0,64,0,0,64,0
1707371.0,64,0,0,64,0
1707371.0,64,0,64,0,0
1709171.0,128,0,0,0,0
1709237.0,128,0,0,0,0
1709237.0,96,32,0,0,0
1711937.0,96,0,0,0,32
1712272.0,96,0,0,0,32
1712272.0,95,1,0,0,32
1712887.0,95,1,0,0,32
1712887.0,94,2,0,0,32
1713050.0,94,2,0,0,32
1713050.0,86,10,0,0,32
1714067.0,86,10,0,0,32
1714067.0,78,18,0,0,32
1714972.0,78,17,0,0,33
1714975.0,78,17,0,1,32
1715030.0,78,17,0,1,32
1715030.0,71,24,0,1,32
1715275.0,71,24,0,1,32
1715587.0,71,23,0,1,33
1715604.0,71,23,0,2,32
1715750.0,71,15,0,2,40
1715818.0,71,15,0,10,32
1715904.0,71,15,0,10,32
1715904.0,71,15,1,9,32
1716118.0,71,15,1,9,32
1716118.0,71,15,9,1,32
1716148.0,71,15,9,1,32
1716148.0,63,23,9,1,32
1716767.0,63,15,9,1,40
1716837.0,63,15,9,9,32
1717137.0,63,15,9,9,32
1717137.0,63,15,17,1,32
1717704.0,64,15,16,1,32
1717730.0,64,8,16,0,40
1717782.0,64,8,16,8,32
1717909.0,64,8,16,8,32
1717909.0,40,32,16,8,32
1717918.0,48,32,8,8,32
1717936.0,48,32,8,8,32
1717936.0,40,40,8,8,32
1718002.0,40,40,8,8,32
1718013.0,40,40,8,8,32
1718082.0,40,40,8,8,32
1718095.0,40,40,8,8,32
1718095.0,8,72,8,8,32
1718127.0,8,72,8,8,32
1718127.0,0,80,8,8,32
1718682.0,0,80,8,8,32
1718745.0,0,80,8,8,32
1718848.0,0,72,8,8,40
1718931.0,0,72,8,16,32
1718931.0,0,72,8,8,40
1718937.0,8,72,0,8,40
1718992.0,8,72,0,16,32
1719292.0,8,72,0,16,32
1719292.0,8,72,8,8,32
1720423.0,8,72,8,8,32
1720423.0,7,73,8,8,32
1720609.0,7,49,8,0,64
1720636.0,7,41,8,0,72
1720656.0,7,41,8,32,40
1720657.0,7,41,8,40,32
1720787.0,7,41,8,72,0
1720787.0,7,41,8,8,64
1720795.0,7,9,8,8,96
1720827.0,7,1,8,8,104
1720829.0,7,1,8,40,72
1720829.0,7,1,8,8,104
1720888.0,7,1,8,72,40
1720888.0,7,1,8,8,104
1720912.0,7,1,8,72,40
1720956.0,7,1,8,72,40
1721049.0,7,1,8,72,40
1721049.0,7,1,8,71,41
1721062.0,7,1,8,72,40
1721092.0,15,1,0,72,40
1721129.0,15,1,0,72,40
1721129.0,15,1,8,64,40
1721169.0,15,1,8,64,40
1721169.0,15,1,8,32,72
1721212.0,15,1,8,32,72
1721212.0,15,1,40,0,72
1721358.0,15,1,40,32,40
1721463.0,15,1,40,32,40
1721463.0,15,1,40,0,72
1721658.0,15,1,40,0,72
1722162.0,15,1,40,0,72
1722162.0,7,9,40,0,72
1722662.0,7,9,40,0,72
1722831.0,7,9,40,0,72
1722929.0,15,9,32,0,72
1723012.0,47,9,0,0,72
1723012.0,7,49,0,0,72
1723123.0,7,48,0,0,73
1723145.0,7,48,0,1,72
1723331.0,7,48,0,1,72
1723331.0,0,55,0,1,72
1723445.0,0,55,0,1,72
1724862.0,0,47,0,1,80
1724921.0,0,47,0,9,72
1725221.0,0,47,0,9,72
1725221.0,0,47,8,1,72
1725712.0,0,7,8,1,112
1725750.0,0,7,8,9,104
1725937.0,0,7,8,41,72
1726031.0,0,0,8,40,80
1726050.0,0,0,8,40,80
1726050.0,0,0,16,32,80
1726055.0,0,0,16,40,72
1726187.0,0,0,16,40,72
1726187.0,0,0,16,39,73
1726203.0,0,0,16,40,72
1726227.0,0,0,16,72,40
1726237.0,0,0,16,72,40
1726237.0,0,0,47,41,40
1726355.0,0,0,47,41,40
1726355.0,0,0,55,33,40
1726391.0,0,0,55,33,40
1726391.0,0,0,55,1,72
1726463.0,0,0,55,1,72
1726463.0,0,0,55,0,73
1726503.0,0,0,55,0,73
1726543.0,0,0,55,1,72
1726571.0,0,0,55,1,72
1726646.0,0,0,55,1,72
1726655.0,0,0,55,33,40
1726655.0,0,0,55,27,46
1726718.0,0,0,55,29,44
1726738.0,0,0,55,29,44
1726760.0,0,0,55,33,40
1726760.0,0,0,55,1,72
1726763.0,0,0,55,1,72
1726843.0,0,0,55,1,72
1726843.0,0,0,56,0,72
1726884.0,0,0,56,0,72
1726990.0,0,0,56,0,72
1727021.0,8,0,48,0,72
1727021.0,0,8,48,0,72
1727285.0,0,8,48,0,72
1727303.0,0,8,48,0,72
1727366.0,0,8,48,0,72
1727420.0,0,8,48,0,72
1727463.0,0,8,48,0,72
1727505.0,0,8,48,0,72
1727536.0,0,8,48,0,72
1727546.0,0,8,48,0,72
1727616.0,0,8,48,0,72
1727714.0,0,8,48,0,72
1727777.0,0,8,48,32,40
1727777.0,0,8,48,16,56
1727812.0,0,8,48,16,56
1727850.0,8,8,40,16,56
1727850.0,0,16,40,16,56
1727867.0,0,16,40,32,40
1727867.0,0,16,40,0,72
1727977.0,0,16,40,32,40
1727977.0,0,16,40,7,65
1727989.0,0,16,40,8,64
1728011.0,0,16,40,12,60
1728037.0,31,16,9,12,60
1728037.0,27,20,9,12,60
1728057.0,27,20,9,20,52
1728057.0,3,44,9,20,52
1728073.0,3,44,9,24,48
1728077.0,3,44,9,24,48
1728095.0,3,44,9,32,40
1728155.0,11,44,1,32,40
1728277.0,11,44,1,32,40
1728373.0,11,44,1,32,40
1728373.0,11,44,5,28,40
1728395.0,11,44,5,28,40
1728395.0,11,44,13,20,40
1728643.0,12,44,12,20,40
1728714.0,12,44,12,20,40
1728714.0,11,45,12,20,40
1728753.0,11,45,12,20,40
1728753.0,9,47,12,20,40
1728795.0,9,47,12,20,40
1728795.0,5,51,12,20,40
1728896.0,5,51,12,20,40
1728991.0,5,51,12,20,40
1729113.0,5,51,12,20,40
1729234.0,5,51,12,20,40
1729645.0,5,51,12,20,40
1729721.0,5,43,12,20,48
1729746.0,5,43,12,20,48
1729746.0,1,47,12,20,48
1729831.0,1,47,12,28,40
1729831.0,1,47,12,20,48
1729859.0,1,47,12,20,48
1729907.0,1,47,12,28,40
1730030.0,1,47,12,28,40
1730173.0,5,47,8,28,40
1730195.0,13,47,0,28,40
1730195.0,5,55,0,28,40
1730207.0,5,55,0,28,40
1730255.0,5,55,0,28,40
1730488.0,5,55,0,28,40
1730505.0,5,55,0,28,40
1730550.0,5,47,0,28,48
1730559.0,5,47,0,29,47
1730577.0,5,47,0,30,46
1730579.0,5,47,0,32,44
1730669.0,5,47,0,36,40
1730737.0,5,43,0,24,56
1730757.0,5,19,0,16,88
1730824.0,5,19,0,32,72
1730839.0,5,19,0,32,72
1730839.0,4,20,0,32,72
1730848.0,4,20,0,32,72
1730859.0,4,20,0,32,72
1730859.0,4,20,1,31,72
1730859.0,3,21,1,23,80
1730872.0,3,21,1,55,48
1730872.0,3,21,1,23,80
1730877.0,3,21,1,23,80
1730908.0,3,21,1,23,80
1730908.0,1,23,1,23,80
1730950.0,1,23,1,31,72
1730950.0,1,23,1,23,80
1730998.0,1,23,1,23,80
1731004.0,1,23,1,55,48
1731004.0,1,23,1,23,80
1731152.0,1,23,1,23,80
1731244.0,1,23,1,23,80
1731251.0,1,23,1,23,80
1731296.0,1,23,1,31,72
1731296.0,1,23,1,27,76
1731353.0,1,23,1,27,76
1731373.0,1,23,1,59,44
1731373.0,1,23,1,27,76
1731414.0,1,22,1,27,77
1731428.0,1,22,1,31,73
1731440.0,1,22,1,32,72
1731453.0,1,20,1,32,74
1731485.0,1,20,1,34,72
1731495.0,1,16,1,34,76
1731584.0,1,16,1,38,72
1731596.0,1,16,1,38,72
1731673.0,1,16,1,38,72
1731673.0,1,16,5,34,72
1731728.0,1,16,5,34,72
1731728.0,1,16,9,30,72
1731728.0,0,17,9,30,72
1731740.0,0,17,9,30,72
1731771.0,0,17,9,30,72
1731776.0,0,17,9,62,40
1731776.0,0,17,9,30,72
1731982.0,0,17,9,30,72
1731995.0,0,17,9,62,40
1731995.0,0,17,9,30,72
1732025.0,0,17,9,30,72
1732172.0,0,17,9,30,72
1732350.0,0,17,9,62,40
1732387.0,0,17,9,62,40
1732387.0,0,17,9,61,41
1732415.0,0,17,9,62,40
1732435.0,0,17,9,62,40
1732435.0,0,17,9,60,42
1732446.0,0,13,9,60,46
1732462.0,0,13,9,62,44
1732473.0,0,13,9,62,44
1732552.0,0,13,9,62,44
1732552.0,0,13,9,61,45
1732553.0,0,13,9,65,41
1732568.0,0,13,9,66,40
1732571.0,0,13,9,66,40
1732571.0,0,13,9,65,41
1732582.0,0,13,9,65,41
1732584.0,0,13,9,66,40
1732643.0,0,13,9,66,40
1732650.0,0,13,9,66,40
1732650.0,0,13,39,36,40
1732659.0,1,13,38,36,40
1732684.0,1,13,38,36,40
1732762.0,1,13,38,36,40
1732762.0,1,13,39,35,40
1732824.0,1,13,39,35,40
1732853.0,1,13,39,35,40
1732853.0,1,13,43,31,40
1732884.0,1,13,43,31,40
1732884.0,1,13,44,30,40
1732895.0,1,5,44,22,56
1732912.0,1,5,44,22,56
1733003.0,1,5,44,38,40
1733003.0,1,5,44,30,48
1733003.0,1,5,44,22,56
1733031.0,1,5,44,26,52
1733031.0,1,5,44,22,56
1733033.0,1,5,44,22,56
1733125.0,1,5,44,26,52
1733138.0,1,5,44,30,48
1733138.0,1,5,44,22,56
1733227.0,1,5,44,30,48
1733229.0,1,5,44,38,40
1733303.0,1,5,44,38,40
1733391.0,1,5,44,38,40
1733391.0,1,5,44,30,48
1733395.0,1,5,44,30,48
1733395.0,1,5,44,29,49
1733425.0,1,5,44,29,49
1733449.0,1,5,44,30,48
1733466.0,1,5,44,30,48
1733466.0,1,5,44,28,50
1733472.0,1,5,44,30,48
1733473.0,5,5,40,30,48
1733509.0,5,5,40,38,40
1733527.0,5,5,40,38,40
1733528.0,9,5,36,38,40
1733529.0,9,5,36,38,40
1733529.0,9,5,42,32,40
1733539.0,9,4,42,32,41
1733549.0,9,4,42,32,41
1733549.0,9,4,42,31,42
1733559.0,9,3,42,16,58
1733593.0,9,3,42,17,57
1733606.0,9,3,42,18,56
1733608.0,9,1,42,18,58
1733617.0,9,1,42,18,58
1733617.0,9,1,42,16,60
1733657.0,9,1,42,18,58
1733668.0,9,1,42,18,58
1733668.0,9,1,42,14,62
1733671.0,9,1,42,16,60
1733711.0,9,1,42,20,56
1733721.0,9,1,42,20,56
1733721.0,9,1,42,12,64
1733737.0,9,1,42,28,48
1733759.0,9,1,42,36,40
1733759.0,0,10,42,36,40
1733770.0,0,10,42,36,40
1733772.0,0,10,42,36,40
1733837.0,0,10,42,36,40
1734059.0,0,10,42,36,40
1734059.0,0,10,48,30,40
1734187.0,0,10,48,30,40
1734192.0,0,10,48,30,40
1734428.0,0,9,48,23,48
1734450.0,30,9,18,23,48
1734511.0,30,9,18,31,40
1734562.0,31,9,17,31,40
1734653.0,35,9,13,31,40
1734653.0,35,9,13,30,41
1734684.0,36,9,12,30,41
1734708.0,36,9,12,31,40
1734756.0,36,9,12,31,40
1734756.0,36,9,12,30,41
1734811.0,36,9,12,30,41
1734811.0,36,9,19,23,41
1734911.0,36,9,19,23,41
1735265.0,36,9,19,24,40
1735329.0,42,9,13,24,40
1735336.0,42,9,13,24,40
1735336.0,42,9,13,23,41
1735406.0,42,9,13,24,40
1735415.0,42,9,13,24,40
1735565.0,42,9,13,24,40
1735582.0,42,9,13,24,40
1735706.0,42,9,13,24,40
1735706.0,42,9,14,23,40
1735796.0,42,9,14,23,40
1735859.0,48,9,8,23,40
1736301.0,48,9,8,23,40
1736370.0,48,9,8,23,40
1736406.0,48,9,8,23,40
1736459.0,48,0,8,0,72
1736473.0,48,0,8,0,72
1736495.0,48,0,8,0,72
1736567.0,48,0,8,0,72
1736611.0,55,0,1,0,72
1736650.0,55,0,1,0,72
1736731.0,55,0,1,0,72
1736885.0,55,0,1,32,40
1736885.0,0,55,1,32,40
1737072.0,0,55,1,32,40
1737408.0,0,55,1,32,40
1737409.0,0,55,1,32,40
1737446.0,0,55,1,32,40
1737506.0,1,55,0,32,40
1737506.0,0,56,0,32,40
1737510.0,0,56,0,32,40
1737579.0,0,56,0,32,40
1737655.0,0,56,0,32,40
1737742.0,0,56,0,32,40
1738480.0,0,56,0,32,40
1738591.0,0,56,0,32,40
1738733.0,0,56,0,32,40
1738927.0,0,56,0,32,40
1738972.0,0,56,0,32,40
1739034.0,0,56,0,32,40
1739096.0,0,56,0,32,40
1739157.0,0,56,0,32,40
1739236.0,0,56,0,32,40
1739510.0,0,56,0,32,40
1739585.0,0,1,0,0,127
1739605.0,0,1,0,1,126
1739605.0,0,1,0,0,127
1739616.0,0,1,0,4,123
1739616.0,0,1,0,0,127
1739677.0,0,1,0,16,111
1739677.0,0,1,0,0,127
1739687.0,0,1,0,1,126
1739687.0,0,1,0,0,127
1739708.0,0,1,0,1,126
1739708.0,0,1,0,0,127
1739729.0,0,1,0,4,123
1739729.0,0,1,0,0,127
1739735.0,0,1,0,1,126
1739735.0,0,1,0,0,127
1739742.0,0,1,0,2,125
1739742.0,0,1,0,0,127
1739747.0,0,1,0,64,63
1739747.0,0,1,0,0,127
1739755.0,0,1,0,1,126
1739755.0,0,1,0,0,127
1739763.0,0,1,0,1,126
1739763.0,0,1,0,0,127
1739774.0,0,1,0,1,126
1739777.0,0,1,0,2,125
1739777.0,0,1,0,0,127
1739782.0,0,1,0,2,125
1739784.0,0,1,0,3,124
1739801.0,0,1,0,19,108
1739801.0,0,1,0,3,124
1739809.0,0,1,0,5,122
1739809.0,0,1,0,1,126
1739823.0,0,1,0,3,124
1739852.0,0,1,0,35,92
1739852.0,0,1,0,3,124
1739853.0,0,1,0,19,108
1739853.0,0,1,0,3,124
1739909.0,0,1,0,7,120
1739909.0,0,1,0,3,124
1739912.0,0,1,0,7,120
1739919.0,0,1,0,15,112
1739919.0,0,1,0,7,120
1739960.0,0,1,0,11,116
1739960.0,0,1,0,3,124
1739966.0,0,1,0,3,124
1739966.0,0,1,0,2,125
1739976.0,0,1,0,2,125
1739981.0,0,1,0,10,117
1740011.0,0,1,0,18,109
1740011.0,0,1,0,2,125
1740020.0,0,1,0,3,124
1740034.0,0,1,0,3,124
1740034.0,0,1,0,1,126
1740074.0,0,1,0,1,126
1740076.0,0,1,0,17,110
1740076.0,0,1,0,1,126
1740082.0,0,1,0,1,126
1740084.0,0,1,0,1,126
1740084.0,0,1,1,0,126
1740097.0,0,1,1,2,124
1740116.0,0,1,1,2,124
1740144.0,0,1,1,18,108
1740144.0,0,1,1,2,124
1740158.0,0,1,1,6,120
1740158.0,0,1,1,2,124
1740167.0,0,1,1,2,124
1740194.0,0,1,1,6,120
1740206.0,0,0,1,6,121
1740212.0,0,0,1,22,105
1740212.0,0,0,1,14,113
1740222.0,0,0,1,14,113
1740255.0,0,0,1,22,105
1740255.0,0,0,1,6,121
1740294.0,0,0,1,7,120
1740295.0,0,0,1,7,120
1740315.0,0,0,1,55,72
1740315.0,0,0,1,23,104
1740344.0,0,0,1,55,72
1740344.0,0,0,1,23,104
1740373.0,0,0,1,23,104
1740373.0,0,0,1,22,105
1740376.0,0,0,1,54,73
1740376.0,0,0,1,22,105
1740384.0,0,0,1,23,104
1740397.0,0,0,1,23,104
1740458.0,0,0,1,23,104
1740458.0,0,0,3,21,104
1740479.0,0,0,3,53,72
1740479.0,0,0,3,21,104
1740494.0,0,0,3,21,104
1740494.0,0,0,7,17,104
1740569.0,0,0,7,49,72
1740569.0,0,0,7,17,104
1740612.0,0,0,7,49,72
1740612.0,0,0,7,17,104
1740615.0,0,0,7,17,104
1740615.0,0,0,23,1,104
1740648.0,0,0,23,33,72
1740648.0,0,0,23,1,104
1740684.0,0,0,23,1,104
1740684.0,0,0,24,0,104
1740748.0,0,0,24,32,72
1740748.0,0,0,24,0,104
1740784.0,0,0,24,32,72
1740784.0,0,0,24,0,104
1740879.0,0,0,24,32,72
1740879.0,0,0,24,0,104
1740960.0,0,0,24,0,104
1741024.0,0,0,24,0,104
1741026.0,0,0,24,0,104
1741087.0,0,0,24,0,104
1741094.0,0,0,24,0,104
1741120.0,0,0,24,0,104
1741223.0,0,0,24,0,104
1741270.0,0,0,24,0,104
1741410.0,0,0,24,0,104
1741413.0,0,0,24,0,104
1741421.0,0,0,24,0,104
1741488.0,0,0,24,0,104
1741506.0,0,0,24,0,104
1741532.0,0,0,24,0,104
1741612.0,0,0,24,0,104
1741654.0,0,0,24,0,104
1741745.0,0,0,24,0,104
1741876.0,0,0,24,0,104
1741884.0,1,0,23,0,104
1741884.0,0,1,23,0,104
1742027.0,0,1,23,0,104
1742097.0,0,1,23,0,104
1742137.0,0,1,23,0,104
1742171.0,0,1,23,32,72
1742171.0,0,1,23,0,104
1742258.0,2,1,21,0,104
1742258.0,0,3,21,0,104
1742259.0,0,3,21,32,72
1742259.0,0,3,21,0,104
1742274.0,0,3,21,0,104
1742294.0,4,3,17,0,104
1742294.0,0,7,17,0,104
1742313.0,0,7,17,0,104
1742346.0,0,7,17,32,72
1742346.0,0,7,17,12,92
1742351.0,0,7,17,16,88
1742415.0,16,7,1,16,88
1742415.0,0,23,1,16,88
1742432.0,0,23,1,32,72
1742432.0,0,23,1,29,75
1742450.0,0,23,1,30,74
1742458.0,0,23,1,32,72
1742484.0,1,23,0,32,72
1742484.0,0,24,0,32,72
1742646.0,0,24,0,32,72
1742732.0,0,24,0,32,72
1742732.0,0,24,13,19,72
1742750.0,0,24,13,19,72
1742750.0,0,24,14,18,72
1742758.0,0,24,14,18,72
1742758.0,0,24,16,16,72
1742879.0,0,24,16,16,72
1742937.0,0,24,16,16,72
1743186.0,0,24,16,16,72
1743221.0,0,24,16,16,72
1743315.0,0,24,16,16,72
1743411.0,0,24,16,16,72
1743878.0,0,24,16,16,72
1744441.0,0,24,16,16,72
1744496.0,0,24,16,16,72
1744532.0,13,24,3,16,72
1744532.0,0,37,3,16,72
1744550.0,1,37,2,16,72
1744550.0,0,38,2,16,72
1744558.0,2,38,0,16,72
1744558.0,0,40,0,16,72
1744584.0,0,39,0,16,73
1744625.0,0,39,0,17,72
1744786.0,0,39,0,25,64
1744786.0,0,39,0,17,72
1744812.0,0,39,0,25,64
1744812.0,0,39,0,17,72
1744820.0,0,39,0,49,40
1744820.0,0,39,0,17,72
1744833.0,0,39,0,25,64
1744925.0,0,39,0,25,64
1744958.0,0,37,0,25,66
1744960.0,0,37,0,27,64
1744994.0,0,33,0,27,68
1745017.0,0,33,0,31,64
1745086.0,0,33,0,31,64
1745086.0,0,33,1,30,64
1745115.0,0,17,1,14,96
1745115.0,0,17,1,0,110
1745133.0,0,17,1,0,110
1745136.0,0,17,1,4,106
1745137.0,0,17,1,8,102
1745137.0,0,17,1,0,110
1745180.0,0,17,1,2,108
1745184.0,0,16,1,2,109
1745220.0,0,16,1,3,108
1745251.0,0,16,1,35,76
1745251.0,0,16,1,3,108
1745397.0,0,16,1,3,108
1745436.0,0,16,1,3,108
1745438.0,0,16,1,35,76
1745438.0,0,16,1,3,108
1745480.0,0,16,1,3,108
1745480.0,0,16,3,1,108
1745551.0,0,16,3,1,108
1745551.0,0,16,4,0,108
1745568.0,0,16,4,32,76
1745568.0,0,16,4,0,108
1745648.0,0,16,4,8,100
1745648.0,0,16,4,0,108
1745656.0,0,16,4,32,76
1745656.0,0,16,4,0,108
1745685.0,0,16,4,8,100
1745685.0,0,16,4,0,108
1745742.0,0,16,4,0,108
1745935.0,0,16,4,0,108
1746558.0,0,16,4,0,108
1746717.0,0,16,4,32,76
1746717.0,0,16,4,16,92
1746739.0,0,16,4,32,76
1746739.0,0,16,4,0,108
1746769.0,0,16,4,32,76
1746769.0,0,16,4,0,108
1746775.0,0,16,4,0,108
1746800.0,0,16,4,32,76
1746800.0,0,16,4,23,85
1746824.0,0,16,4,24,84
1746828.0,0,16,4,32,76
1746828.0,0,16,4,0,108
1746864.0,0,16,4,32,76
1746864.0,0,16,4,24,84
1746886.0,1,16,3,24,84
1746966.0,1,16,3,24,84
1746968.0,1,16,3,24,84
1747017.0,1,16,3,24,84
1747035.0,1,16,3,24,84
1747039.0,1,16,3,32,76
1747039.0,1,16,3,0,108
1747083.0,1,16,3,32,76
1747083.0,1,16,3,16,92
1747100.0,1,16,3,16,92
1747128.0,1,16,3,24,84
1747164.0,1,16,3,24,84
1747232.0,1,3,3,24,97
1747247.0,1,3,3,25,96
1747250.0,1,2,3,25,97
1747253.0,1,2,3,29,93
1747258.0,1,0,3,29,95
1747264.0,1,0,3,33,91
1747265.0,1,0,3,34,90
1747280.0,3,0,1,34,90
1747351.0,4,0,0,34,90
1747355.0,4,0,0,36,88
1747383.0,4,0,0,36,88
1747383.0,4,0,16,20,88
1747428.0,4,0,16,20,88
1747428.0,4,0,24,12,88
1747473.0,4,0,24,20,80
1747543.0,4,0,24,28,72
1747547.0,4,0,24,28,72
1747547.0,4,0,25,27,72
1747553.0,4,0,25,27,72
1747553.0,4,0,29,23,72
1747564.0,4,0,29,23,72
1747564.0,4,0,33,19,72
1747565.0,4,0,33,19,72
1747565.0,4,0,34,18,72
1747655.0,4,0,34,18,72
1747655.0,4,0,36,16,72
1747715.0,4,0,36,16,72
1747773.0,4,0,36,16,72
1747773.0,4,0,44,8,72
1747843.0,4,0,44,8,72
1747843.0,4,0,52,0,72
1747895.0,4,0,52,0,72
1747947.0,4,0,52,0,72
1747996.0,4,0,52,4,68
1748165.0,4,0,52,4,68
1748296.0,4,0,52,4,68
1748296.0,4,0,56,0,68
1749183.0,20,0,40,0,68
1749228.0,28,0,32,0,68
1749347.0,29,0,31,0,68
1749353.0,33,0,27,0,68
1749353.0,1,32,27,0,68
1749364.0,5,32,23,0,68
1749365.0,6,32,22,0,68
1749455.0,8,32,20,0,68
1749455.0,0,40,20,0,68
1749573.0,8,40,12,0,68
1749643.0,16,40,4,0,68
1749643.0,0,56,4,0,68
1749875.0,0,56,4,0,68
1749903.0,0,56,4,0,68
1750096.0,4,56,0,0,68
1750547.0,4,56,0,0,68
1750547.0,3,57,0,0,68
1750616.0,3,57,0,0,68
1750883.0,3,57,0,0,68
1751501.0,3,57,0,0,68
1751557.0,3,57,0,0,68
1752053.0,3,25,0,0,100
1752155.0,3,17,0,0,108
1752175.0,3,17,0,0,108
1752175.0,2,18,0,0,108
1752275.0,2,18,0,32,76
1752275.0,2,18,0,24,84
1752284.0,2,18,0,32,76
1752284.0,2,18,0,0,108
1752343.0,2,2,0,0,124
1752438.0,2,2,0,0,124
1752525.0,2,2,0,16,108
1752525.0,2,2,0,4,120
1752575.0,2,2,0,4,120
1752823.0,2,2,0,4,120
1752823.0,2,2,0,3,121
1752825.0,2,2,0,3,121
1752825.0,2,2,3,0,121
1752840.0,2,2,3,1,120
1753140.0,2,2,3,1,120
1753140.0,2,2,4,0,120
1753247.0,2,1,4,0,121
1753252.0,2,1,4,1,120
1753552.0,2,1,4,1,120
1753552.0,2,1,5,0,120
1754002.0,2,1,5,32,88
1754002.0,2,1,5,0,120
1754033.0,2,1,5,32,88
1754033.0,2,1,5,0,120
1754450.0,2,1,5,32,88
1754450.0,2,1,5,0,120
1754625.0,5,1,2,0,120
1754875.0,5,0,2,0,121
1754889.0,5,0,2,1,120
1754940.0,6,0,1,1,120
1755189.0,6,0,1,1,120
1755189.0,6,0,2,0,120
1755352.0,7,0,1,0,120
1755730.0,7,0,1,32,88
1755730.0,7,0,1,0,120
1756154.0,7,0,1,8,112
1756454.0,7,0,1,8,112
1756454.0,7,0,9,0,112
1756622.0,7,0,9,4,108
1756922.0,7,0,9,4,108
1756922.0,7,0,13,0,108
1756989.0,8,0,12,0,108
1758254.0,16,0,4,0,108
1758722.0,20,0,0,0,108
1759737.0,20,0,0,0,108
1760036.0,20,0,0,0,108
1760400.0,20,0,0,0,108
1760764.0,20,0,0,0,108
1761002.0,20,0,0,4,104
1761126.0,20,0,0,4,104
1761302.0,20,0,0,4,104
1761302.0,20,0,4,0,104
1761488.0,20,0,4,0,104
1761855.0,20,0,4,0,104
1762139.0,20,0,4,32,72
1762214.0,20,0,4,32,72
1762352.0,20,0,4,40,64
1762439.0,20,0,4,40,64
1762439.0,20,0,36,8,64
1762489.0,20,0,36,8,64
1762489.0,20,0,36,7,65
1762502.0,20,0,36,8,64
1762572.0,20,0,36,8,64
1762635.0,20,0,36,8,64
1762635.0,20,0,36,4,68
1762652.0,20,0,36,4,68
1762652.0,20,0,40,0,68
1762683.0,20,0,40,32,36
1762983.0,20,0,40,32,36
1762983.0,20,0,72,0,36
1763102.0,24,0,68,0,36
1764239.0,56,0,36,0,36
1764452.0,60,0,32,0,36
1764783.0,92,0,0,0,36
1764783.0,28,64,0,0,36
1765779.0,28,64,0,32,4
1765779.0,28,64,0,0,36
1765841.0,28,64,0,32,4
1765841.0,28,64,0,0,36
1765904.0,28,64,0,32,4
1765904.0,28,64,0,0,36
1765963.0,28,64,0,32,4
1765963.0,28,64,0,0,36
1766024.0,28,64,0,32,4
1766024.0,28,64,0,0,36
1766090.0,28,64,0,32,4
1766090.0,28,64,0,0,36
1766148.0,28,64,0,32,4
1766148.0,28,64,0,0,36
1766205.0,28,64,0,32,4
1766205.0,28,64,0,0,36
1767483.0,28,0,0,0,100
1770678.0,28,0,0,4,96
1770683.0,28,0,0,4,96
1770977.0,28,0,0,4,96
1770978.0,28,0,0,4,96
1770978.0,28,0,4,0,96
1771039.0,28,0,4,0,96
1772778.0,32,0,0,0,96
1774308.0,32,0,0,32,64
1774608.0,32,0,0,32,64
1774608.0,32,0,32,0,64
1776408.0,64,0,0,0,64
1778076.0,64,0,0,0,64
1778106.0,64,0,0,0,64
1778416.0,64,0,0,64,0
1778416.0,0,64,0,64,0
1781116.0,0,0,0,0,128
1781220.0,0,0,0,128,0
1781220.0,0,0,0,52,76
1781520.0,0,0,0,52,76
1781520.0,0,0,52,0,76
1783320.0,52,0,0,0,76
1795649.0,52,0,0,0,76
1795649.0,20,32,0,0,76
1798349.0,20,0,0,0,108
1805005.0,20,0,0,0,108
1805005.0,18,2,0,0,108
1805065.0,18,2,0,0,108
1805065.0,16,4,0,0,108
1805754.0,16,4,0,0,108
1805754.0,15,5,0,0,108
1806441.0,15,5,0,0,108
1806823.0,15,5,0,0,108
1807705.0,15,3,0,0,110
1807725.0,15,3,0,2,108
1807765.0,15,1,0,2,110
1807793.0,15,1,0,4,108
1808025.0,15,1,0,4,108
1808025.0,15,1,2,2,108
1808093.0,15,1,2,2,108
1808093.0,15,1,4,0,108
1808452.0,15,1,4,32,76
1808452.0,14,2,4,0,108
1808454.0,14,1,4,0,109
1808471.0,14,1,4,1,108
1808771.0,14,1,4,1,108
1808771.0,14,1,5,0,108
1809825.0,16,1,3,0,108
1809893.0,18,1,1,0,108
1810571.0,19,1,0,0,108
1811152.0,19,0,0,0,109
1811178.0,19,0,0,1,108
1811478.0,19,0,0,1,108
1811478.0,19,0,1,0,108
1813278.0,20,0,0,0,108
1813886.0,20,0,0,8,100
1813914.0,20,0,0,40,68
1814186.0,20,0,0,40,68
1814186.0,20,0,8,32,68
1814214.0,20,0,8,32,68
1814214.0,20,0,40,0,68
1815986.0,28,0,32,0,68
1816014.0,60,0,0,0,68
1816523.0,60,0,0,0,68
1816523.0,59,1,0,0,68
1817234.0,59,1,0,0,68
1817234.0,27,33,0,0,68
1818532.0,27,33,0,32,36
1818705.0,27,33,0,32,36
1818705.0,27,33,0,28,40
1818819.0,27,33,0,32,36
1818829.0,27,33,0,32,36
1818829.0,27,33,0,24,44
1818832.0,27,33,0,24,44
1818832.0,27,33,24,0,44
1818987.0,27,33,24,8,36
1819037.0,27,33,24,8,36
1819037.0,27,33,24,4,40
1819095.0,27,33,24,8,36
1819223.0,27,32,24,8,37
1819236.0,27,32,24,9,36
1819287.0,27,32,24,9,36
1819287.0,27,32,28,5,36
1819395.0,27,32,28,5,36
1819395.0,27,32,32,1,36
1819536.0,27,32,32,1,36
1819536.0,27,32,33,0,36
1819934.0,27,0,33,0,68
1820632.0,51,0,9,0,68
1821087.0,55,0,5,0,68
1821195.0,59,0,1,0,68
1821336.0,60,0,0,0,68
1827306.0,60,0,0,0,68
1827306.0,59,1,0,0,68
1828033.0,59,1,0,0,68
1828033.0,27,33,0,0,68
1830005.0,27,33,0,32,36
1830006.0,27,32,0,32,37
1830020.0,27,32,0,33,36
1830305.0,27,32,0,33,36
1830305.0,27,32,32,1,36
1830320.0,27,32,32,1,36
1830320.0,27,32,33,0,36
1830733.0,27,0,33,0,68
1832105.0,59,0,1,0,68
1832120.0,60,0,0,0,68
1838104.0,60,0,0,0,68
1838104.0,59,1,0,0,68
1838834.0,59,1,0,0,68
1838834.0,27,33,0,0,68
1839223.0,27,33,0,0,68
1839223.0,26,34,0,0,68
1840146.0,26,34,0,0,68
1840162.0,26,34,0,0,68
1840332.0,26,34,0,0,68
1840332.0,25,35,0,0,68
1840802.0,25,35,0,32,36
1840804.0,25,34,0,32,37
1840817.0,25,34,0,33,36
1841102.0,25,34,0,33,36
1841102.0,25,34,32,1,36
1841117.0,25,34,32,1,36
1841117.0,25,34,33,0,36
1841534.0,25,2,33,0,68
1841923.0,25,1,33,0,69
1841937.0,25,1,33,1,68
1842237.0,25,1,33,1,68
1842237.0,25,1,34,0,68
1842902.0,57,1,2,0,68
1842917.0,58,1,1,0,68
1843032.0,58,0,1,0,69
1843049.0,58,0,1,1,68
1843349.0,58,0,1,1,68
1843349.0,58,0,2,0,68
1843801.0,58,0,2,4,64
1843863.0,58,0,2,36,32
1843863.0,30,28,2,36,32
1844037.0,31,28,1,36,32
1844101.0,31,28,1,36,32
1845149.0,32,28,0,36,32
1845149.0,0,60,0,36,32
1845553.0,0,60,0,36,32
1846128.0,0,60,0,36,32
1846563.0,0,32,0,0,96
1846723.0,0,32,0,64,32
1846723.0,0,32,0,63,33
1846736.0,0,32,0,64,32
1846736.0,0,32,0,0,96
1847023.0,0,32,0,0,96
1847849.0,0,0,0,0,128
1848066.0,0,0,0,32,96
1848251.0,0,0,0,64,64
1848366.0,0,0,0,64,64
1848366.0,0,0,32,32,64
1848551.0,0,0,32,32,64
1848551.0,0,0,64,0,64
1850166.0,32,0,32,0,64
1850351.0,64,0,0,0,64
1857058.0,64,0,0,0,64
1857659.0,64,0,0,64,0
1857659.0,0,64,0,64,0
1860359.0,0,0,0,0,128
1860445.0,0,0,0,128,0
1860745.0,0,0,0,128,0
1860745.0,0,0,128,0,0
1862545.0,128,0,0,0,0
