job_id,subtime,start_time,finish_time,waiting_time
34036,0,0.0,132.0,0.0
34040,297,297.0,321.0,0.0
34041,328,328.0,337.0,0.0
34039,256,256.0,367.0,0.0
34042,455,455.0,571.0,0.0
34051,1326,4800.0,4834.0,3474.0
34049,1307,4800.0,4868.0,3493.0
34047,871,4800.0,4945.0,3929.0
34045,576,4800.0,4953.0,4224.0
34079,3252,4953.0,4961.0,1701.0
34050,1316,4800.0,4990.0,3484.0
34048,1300,4800.0,5000.0,3500.0
34060,1795,5000.0,5038.0,3205.0
34061,1817,5049.0,5077.0,3232.0
34052,1343,4800.0,5138.0,3457.0
34056,1535,4800.0,5140.0,3265.0
34092,4297,5138.0,5179.0,841.0
34070,2349,5121.0,5198.0,2772.0
34065,2030,5049.0,5203.0,3019.0
34063,1924,5140.0,5532.0,3216.0
34044,494,4800.0,5555.0,4306.0
34106,5450,5555.0,5624.0,105.0
34105,5274,5555.0,5631.0,281.0
34104,5175,5555.0,5633.0,380.0
34109,5587,5624.0,5666.0,37.0
34075,2953,5653.0,5672.0,2700.0
34111,5731,5731.0,5818.0,0.0
34043,490,4800.0,5921.0,4310.0
34062,1906,5038.0,6066.0,3132.0
34064,1927,5121.0,6132.0,3194.0
34074,2889,5921.0,6200.0,3032.0
34115,6193,6193.0,6238.0,0.0
34078,3239,6200.0,6908.0,2961.0
34086,3968,6908.0,6994.0,2940.0
34123,6928,6994.0,7080.0,66.0
34125,7007,7007.0,7099.0,0.0
34127,7067,7080.0,7209.0,13.0
34130,7161,7161.0,7234.0,0.0
34132,7224,7234.0,7331.0,10.0
34133,7267,7331.0,7390.0,64.0
34135,7385,7390.0,7480.0,5.0
34136,7388,7480.0,7496.0,92.0
34137,7451,7496.0,7548.0,45.0
34088,4150,7534.0,7559.0,3384.0
34138,7556,7556.0,7664.0,0.0
34141,7698,7698.0,7797.0,0.0
34073,2846,5555.0,7822.0,2709.0
34072,2800,5532.0,7839.0,2732.0
34144,7822,7822.0,7877.0,0.0
34146,7892,7892.0,7917.0,0.0
34080,3267,6908.0,8034.0,3641.0
34058,1651,4990.0,8443.0,3339.0
34089,4161,7839.0,8715.0,3678.0
34112,5815,8715.0,8941.0,2900.0
34121,6675,8941.0,9057.0,2266.0
34124,6935,9057.0,9339.0,2122.0
34139,7558,10259.0,10320.0,2701.0
34159,8795,10320.0,10336.0,1525.0
34158,8772,10320.0,10359.0,1548.0
34163,9003,10359.0,10379.0,1356.0
34168,9121,10379.0,10402.0,1258.0
34160,8831,10336.0,10433.0,1505.0
34161,8852,10359.0,10435.0,1507.0
34172,9196,10402.0,10471.0,1206.0
34164,9047,10433.0,10471.0,1386.0
34166,9098,10471.0,10517.0,1373.0
34151,8010,10710.0,10713.0,2700.0
34148,7923,10623.0,10745.0,2700.0
34149,7945,10645.0,10747.0,2700.0
34182,9572,10713.0,10755.0,1141.0
34189,9758,10755.0,10772.0,997.0
34174,9233,10435.0,10790.0,1202.0
34169,9137,10747.0,10792.0,1610.0
34196,10175,10772.0,10813.0,597.0
34185,9632,10790.0,10819.0,1158.0
34197,10231,10813.0,10837.0,582.0
34175,9240,10792.0,10879.0,1552.0
34173,9208,10517.0,10890.0,1309.0
34177,9381,10879.0,10919.0,1498.0
34183,9594,10890.0,10932.0,1296.0
34190,9780,10819.0,10936.0,1039.0
34101,5044,10734.0,10960.0,5690.0
34192,9892,10960.0,10965.0,1068.0
34178,9451,10919.0,10998.0,1468.0
34200,10290,10936.0,11013.0,646.0
34180,9565,10960.0,11063.0,1395.0
34188,9750,10932.0,11069.0,1182.0
34193,9899,10998.0,11094.0,1099.0
34208,10847,11013.0,11117.0,166.0
34195,10146,11063.0,11144.0,917.0
34198,10265,11069.0,11172.0,804.0
34205,10509,11094.0,11178.0,585.0
34202,10369,11094.0,11187.0,725.0
34181,9569,10960.0,11210.0,1391.0
34154,8466,11166.0,11249.0,2700.0
34207,10826,11144.0,11269.0,318.0
34217,11327,11327.0,11376.0,0.0
34218,11441,11441.0,11458.0,0.0
34219,11479,11479.0,11516.0,0.0
34220,11536,11536.0,11579.0,0.0
34215,11136,11178.0,11597.0,42.0
34222,11598,11598.0,11660.0,0.0
34228,11883,11883.0,11938.0,0.0
34103,5114,8443.0,11980.0,3329.0
34213,11050,11117.0,12077.0,67.0
34211,11028,11144.0,12126.0,116.0
34224,11692,11980.0,12130.0,288.0
34179,9541,12241.0,12245.0,2700.0
34226,11739,12130.0,12253.0,391.0
34232,12208,12253.0,12303.0,45.0
34231,12135,12135.0,12674.0,0.0
34230,12110,12130.0,12693.0,20.0
34239,12554,12908.0,12911.0,354.0
34243,12908,12908.0,12965.0,0.0
34245,12983,13009.0,13027.0,26.0
34248,13032,13032.0,13975.0,0.0
34257,14129,14129.0,14307.0,0.0
34261,14392,14392.0,14491.0,0.0
34266,14639,14687.0,14692.0,48.0
34250,13548,16248.0,16632.0,2700.0
34297,16684,16684.0,16769.0,0.0
34298,16798,16798.0,16828.0,0.0
34303,16985,16985.0,17160.0,0.0
34234,12277,17103.0,17161.0,4826.0
34279,15528,17161.0,17168.0,1633.0
34280,15572,17168.0,17178.0,1596.0
34246,13009,16248.0,17211.0,3239.0
34296,16626,17178.0,17430.0,552.0
34267,14687,17387.0,17447.0,2700.0
34302,16961,17430.0,17673.0,469.0
34313,17575,17575.0,17773.0,0.0
34317,17834,17973.0,18032.0,139.0
34274,15273,17973.0,18034.0,2700.0
34273,15235,17161.0,18107.0,1926.0
34288,15920,18107.0,18120.0,2187.0
34305,17070,18120.0,18174.0,1050.0
34131,7168,7209.0,18176.0,41.0
34277,15445,18145.0,18206.0,2700.0
34306,17083,18174.0,18331.0,1091.0
34256,13947,17161.0,18374.0,3214.0
34309,17276,18331.0,18604.0,1055.0
34287,15894,18594.0,18655.0,2700.0
34290,15962,18662.0,18680.0,2700.0
34318,17972,18604.0,18904.0,632.0
34319,18115,18904.0,19091.0,789.0
34326,18542,19091.0,19263.0,549.0
34311,17538,18374.0,19302.0,836.0
34329,18736,19302.0,19670.0,566.0
34331,18846,19670.0,19690.0,824.0
34332,18872,19690.0,19887.0,818.0
34327,18547,19263.0,20063.0,716.0
34345,19530,19887.0,20105.0,357.0
34128,7125,9339.0,20346.0,2214.0
34282,15596,20373.0,20384.0,4777.0
34346,19578,20063.0,20386.0,485.0
34330,18742,21442.0,21523.0,2700.0
34335,18950,21650.0,21664.0,2700.0
34334,18944,21644.0,21680.0,2700.0
34340,19241,21961.0,21969.0,2720.0
34343,19419,22119.0,22138.0,2700.0
34348,19657,22357.0,22443.0,2700.0
34349,19684,22384.0,22461.0,2700.0
34356,19895,22595.0,22618.0,2700.0
34358,19996,22696.0,22717.0,2700.0
34357,19961,22834.0,22878.0,2873.0
34382,22503,22878.0,22884.0,375.0
34384,22554,22884.0,22898.0,330.0
34385,22557,22898.0,22928.0,341.0
34387,22626,22928.0,22991.0,302.0
34390,22763,22991.0,23063.0,228.0
34392,22857,23063.0,23087.0,206.0
34275,15281,23084.0,23109.0,7803.0
34276,15356,23109.0,23126.0,7753.0
34278,15500,23126.0,23138.0,7626.0
34289,15948,23138.0,23157.0,7190.0
34381,22413,23087.0,23169.0,674.0
34359,20108,23131.0,23174.0,3023.0
34378,22238,23084.0,23203.0,846.0
34377,22216,23084.0,23216.0,868.0
34383,22515,23174.0,23252.0,659.0
34368,20481,23181.0,23260.0,2700.0
34389,22724,23169.0,23266.0,445.0
34324,18394,23157.0,23351.0,4763.0
34398,23295,23295.0,23356.0,0.0
34400,23429,23429.0,23517.0,0.0
34328,18681,23351.0,23606.0,4670.0
34404,23573,23573.0,23693.0,0.0
34353,19788,22488.0,23708.0,2700.0
34352,19766,22473.0,23715.0,2707.0
34388,22703,23252.0,24048.0,549.0
34342,19293,22473.0,24188.0,3180.0
34354,19802,24188.0,24397.0,4386.0
34374,22088,25186.0,25234.0,3098.0
34372,20895,25186.0,25236.0,4291.0
34376,22151,25186.0,25246.0,3035.0
34379,22327,25186.0,25255.0,2859.0
34371,20883,25186.0,25311.0,4303.0
34341,19252,23606.0,25362.0,4354.0
34360,20128,25362.0,25569.0,5234.0
34365,20386,25569.0,25635.0,5183.0
34367,20467,25635.0,25941.0,5168.0
34370,20556,25941.0,25962.0,5385.0
34375,22101,25962.0,26185.0,3861.0
34394,22908,23203.0,26262.0,295.0
34393,22886,23216.0,26293.0,330.0
34380,22374,26185.0,26360.0,3811.0
34391,22840,26360.0,26511.0,3520.0
34396,23067,26511.0,26582.0,3444.0
34308,17256,23157.0,26620.0,5901.0
34402,23521,26323.0,26659.0,2802.0
34407,23865,26693.0,26774.0,2828.0
34397,23194,26582.0,26901.0,3388.0
34413,24822,27522.0,27535.0,2700.0
34361,20174,28011.0,28077.0,7837.0
34424,25808,28508.0,28526.0,2700.0
34408,24089,29359.0,29387.0,5270.0
34410,24194,29387.0,29582.0,5193.0
34419,25095,29582.0,29622.0,4487.0
34415,24954,29582.0,29623.0,4628.0
34421,25250,29622.0,29718.0,4372.0
34428,27102,29802.0,29825.0,2700.0
34422,25424,29623.0,29901.0,4199.0
34430,27374,31062.0,31081.0,3688.0
34431,27447,31093.0,31112.0,3646.0
34432,27527,31226.0,31247.0,3699.0
34433,27555,31574.0,31597.0,4019.0
34411,24535,31701.0,31913.0,7166.0
34434,27599,32418.0,32522.0,4819.0
34446,30568,34613.0,34832.0,4045.0
34426,26092,37532.0,37978.0,11440.0
34436,27750,37978.0,38438.0,10228.0
34438,28356,38438.0,38907.0,10082.0
34454,31727,38907.0,49833.0,7180.0
34455,42658,49833.0,49918.0,7175.0
34480,48923,49918.0,49935.0,995.0
34463,44124,49918.0,49942.0,5794.0
34475,48441,49918.0,49966.0,1477.0
34473,47990,49918.0,50001.0,1928.0
34474,48084,50001.0,50357.0,1917.0
34476,48659,50357.0,50474.0,1698.0
34478,48784,50474.0,50564.0,1690.0
34489,51180,55364.0,55535.0,4184.0
34496,52303,55364.0,55650.0,3061.0
34499,53039,55739.0,55860.0,2700.0
34505,53376,56076.0,56216.0,2700.0
34508,54553,57253.0,57537.0,2700.0
34517,55952,55952.0,57869.0,0.0
34514,54927,57627.0,57879.0,2700.0
34530,57895,57895.0,58838.0,0.0
34533,58847,58847.0,59575.0,0.0
34539,59631,59631.0,59758.0,0.0
34542,60245,62945.0,63355.0,2700.0
34546,60663,63363.0,63466.0,2700.0
34548,60778,63478.0,63592.0,2700.0
34550,61128,63828.0,63951.0,2700.0
34552,61376,64076.0,64164.0,2700.0
34569,63954,63954.0,64170.0,0.0
34571,64245,64245.0,64368.0,0.0
34553,61592,64292.0,64418.0,2700.0
34572,64403,64403.0,64510.0,0.0
34573,64559,64559.0,64679.0,0.0
34560,62489,65189.0,65305.0,2700.0
34562,62765,65465.0,65577.0,2700.0
34602,70008,72708.0,72729.0,2700.0
34603,70141,72841.0,72861.0,2700.0
34634,72949,72949.0,73034.0,0.0
34604,70340,73040.0,73080.0,2700.0
34636,73129,73129.0,73170.0,0.0
34605,70430,73130.0,73184.0,2700.0
34637,73234,73234.0,73275.0,0.0
34638,73308,73308.0,73377.0,0.0
34639,73328,73328.0,73448.0,0.0
34608,70831,73531.0,73593.0,2700.0
34613,71099,73799.0,73945.0,2700.0
34614,71444,74144.0,74209.0,2700.0
34649,74239,74239.0,74322.0,0.0
34616,71846,74546.0,74616.0,2700.0
34617,71941,74641.0,74658.0,2700.0
34619,71972,74672.0,74717.0,2700.0
34618,71964,74664.0,74747.0,2700.0
34621,72033,74733.0,74753.0,2700.0
34622,72062,74762.0,74778.0,2700.0
34623,72106,74806.0,74829.0,2700.0
34650,74690,74690.0,74830.0,0.0
34624,72143,74843.0,74881.0,2700.0
34625,72201,74901.0,74998.0,2700.0
34651,74929,74929.0,75006.0,0.0
34643,73858,74998.0,75135.0,1140.0
34648,74031,75135.0,75227.0,1104.0
34627,72369,75069.0,75235.0,2700.0
34629,72437,75137.0,75254.0,2700.0
34652,75254,75254.0,75332.0,0.0
34633,72852,75552.0,75587.0,2700.0
34653,75540,75540.0,75683.0,0.0
34645,73921,76621.0,76722.0,2700.0
34641,73706,77478.0,77581.0,3772.0
34655,76323,79023.0,79040.0,2700.0
34654,76254,78954.0,79087.0,2700.0
34658,76559,79259.0,79339.0,2700.0
34660,76892,79592.0,79661.0,2700.0
34661,77147,79847.0,79988.0,2700.0
34657,76546,80027.0,80248.0,3481.0
34663,78558,81258.0,81367.0,2700.0
34665,78824,81524.0,81537.0,2700.0
34666,78949,81649.0,81743.0,2700.0
34668,79279,81979.0,82156.0,2700.0
34669,79476,82176.0,82326.0,2700.0
34675,80027,82727.0,83205.0,2700.0
34677,80531,83231.0,83389.0,2700.0
34679,80827,83527.0,83670.0,2700.0
34689,81929,81929.0,83927.0,0.0
34688,81907,82326.0,84343.0,419.0
34686,81836,84536.0,84571.0,2700.0
34687,81884,84584.0,84602.0,2700.0
34656,76444,89402.0,89499.0,12958.0
34659,76771,89499.0,89593.0,12728.0
34726,89123,89593.0,89676.0,470.0
34724,88999,89593.0,89687.0,594.0
34729,89766,89766.0,89972.0,0.0
34727,89458,89593.0,90523.0,135.0
34735,90544,90544.0,90702.0,0.0
34737,90780,90780.0,90847.0,0.0
34739,91111,91111.0,91151.0,0.0
34740,91393,94393.0,94557.0,3000.0
34745,91682,94476.0,94657.0,2794.0
34778,94315,94657.0,94677.0,342.0
34779,94343,94657.0,94692.0,314.0
34747,91713,94772.0,94837.0,3059.0
34749,92227,94927.0,95004.0,2700.0
34781,95070,95070.0,95074.0,0.0
34762,93491,94557.0,95143.0,1066.0
34782,95079,95143.0,95153.0,64.0
34784,95142,95153.0,95315.0,11.0
34787,95335,95335.0,95366.0,0.0
34788,95427,95427.0,95457.0,0.0
34789,95462,95462.0,95494.0,0.0
34753,92776,95476.0,95579.0,2700.0
34791,95570,95570.0,95595.0,0.0
34751,92446,95476.0,95600.0,3030.0
34792,95601,95601.0,95633.0,0.0
34750,92393,95647.0,95850.0,3254.0
34790,95509,95509.0,95855.0,0.0
34794,95936,95936.0,95951.0,0.0
34758,93231,95931.0,95972.0,2700.0
34795,95995,95995.0,96016.0,0.0
34760,93363,96063.0,96103.0,2700.0
34796,96101,96101.0,96107.0,0.0
34761,93446,96146.0,96187.0,2700.0
34800,96242,96242.0,96245.0,0.0
34801,96302,96333.0,96336.0,31.0
34802,96333,96333.0,96336.0,0.0
34764,93687,96387.0,96418.0,2700.0
34763,93630,96387.0,96436.0,2757.0
34767,93768,96508.0,96533.0,2740.0
34769,93808,96508.0,96542.0,2700.0
34803,96451,96548.0,96551.0,97.0
34810,96610,96610.0,96613.0,0.0
34771,93848,96661.0,96690.0,2813.0
34772,93961,96661.0,96697.0,2700.0
34773,94049,96915.0,96973.0,2866.0
34776,94215,96915.0,96999.0,2700.0
34777,94288,97015.0,97017.0,2727.0
34799,96187,98942.0,98956.0,2755.0
34807,96548,99505.0,99508.0,2957.0
34812,96805,99505.0,99508.0,2700.0
34830,99717,99717.0,99741.0,0.0
34814,96865,100233.0,100236.0,3368.0
34816,97533,100233.0,100237.0,2700.0
34834,100102,100236.0,100250.0,134.0
34819,97978,100678.0,100683.0,2700.0
34821,98239,100939.0,101204.0,2700.0
34823,98516,101216.0,101345.0,2700.0
34831,99744,101345.0,101702.0,1601.0
34826,99324,102024.0,102047.0,2700.0
34850,102192,102192.0,102201.0,0.0
34829,99464,102208.0,102215.0,2744.0
34825,98992,101956.0,102267.0,2964.0
34838,101060,102267.0,102850.0,1207.0
34855,102958,102958.0,103208.0,0.0
34857,103229,103229.0,103315.0,0.0
34861,103428,103428.0,103554.0,0.0
34827,99345,103904.0,104273.0,4559.0
34844,101644,104344.0,104361.0,2700.0
34849,102189,104889.0,104913.0,2700.0
34836,100461,104402.0,104948.0,3941.0
34853,102678,105378.0,105458.0,2700.0
34845,101690,105550.0,106045.0,3860.0
34866,104250,106045.0,106481.0,1795.0
34887,106499,106499.0,106644.0,0.0
34889,106820,106820.0,107015.0,0.0
34891,106987,107015.0,107037.0,28.0
34892,107013,107037.0,107042.0,24.0
34893,107024,107042.0,107049.0,18.0
34848,102047,106973.0,107254.0,4926.0
34864,103956,106656.0,107329.0,2700.0
34869,104692,107392.0,107399.0,2700.0
34868,104688,107388.0,107407.0,2700.0
34865,104033,107648.0,107826.0,3615.0
34876,105062,107762.0,108149.0,2700.0
34901,107979,107979.0,108218.0,0.0
34878,105678,108378.0,108551.0,2700.0
34904,108580,108580.0,108602.0,0.0
34881,106054,109073.0,109216.0,3019.0
34879,105812,109954.0,110125.0,4142.0
34871,104794,109181.0,110148.0,4387.0
34902,108061,110148.0,110665.0,2087.0
34883,106310,110526.0,111198.0,4216.0
34905,108588,111288.0,111294.0,2700.0
34906,108597,111297.0,111306.0,2700.0
34907,108628,111328.0,111589.0,2700.0
34917,109566,112266.0,112368.0,2700.0
34895,107503,112825.0,113023.0,5322.0
34909,108870,113365.0,113597.0,4495.0
34927,111224,113924.0,113942.0,2700.0
34930,111550,114250.0,114387.0,2700.0
34936,112418,115118.0,115178.0,2700.0
34938,112766,115466.0,115559.0,2700.0
34940,113036,115736.0,115953.0,2700.0
34942,113447,116147.0,116555.0,2700.0
34908,108716,118653.0,119108.0,9937.0
34913,109337,119108.0,119391.0,9771.0
34918,109815,119391.0,119851.0,9576.0
34961,117269,119969.0,119977.0,2700.0
34921,110725,119851.0,120269.0,9126.0
34966,117663,120363.0,120382.0,2700.0
34928,111235,120269.0,120470.0,9034.0
34957,116555,120470.0,120742.0,3915.0
34970,118066,120766.0,120782.0,2700.0
34962,117474,123269.0,123358.0,5795.0
34969,117950,123358.0,123362.0,5408.0
34959,116876,123442.0,123833.0,6566.0
34971,118127,123362.0,123876.0,5235.0
34979,119151,123833.0,124226.0,4682.0
34797,96116,129026.0,129031.0,32910.0
34818,97626,129031.0,129355.0,31405.0
34820,98012,129355.0,129549.0,31343.0
34824,98749,129549.0,129787.0,30800.0
34835,100231,129787.0,129954.0,29556.0
34954,115330,129954.0,130010.0,14624.0
34955,115454,130010.0,130777.0,14556.0
35017,126975,130777.0,130827.0,3802.0
35018,127058,130777.0,131051.0,3719.0
34972,118130,130777.0,139973.0,12647.0
35019,127339,142673.0,153603.0,15334.0
35069,151501,153603.0,153670.0,2102.0
35068,150853,153603.0,153789.0,2750.0
35072,153425,153670.0,153795.0,245.0
35070,152781,153603.0,153800.0,822.0
35071,153105,153603.0,153825.0,498.0
35074,154608,158595.0,158768.0,3987.0
35073,154165,158589.0,158795.0,4424.0
35075,155047,158625.0,159021.0,3578.0
35076,157831,158795.0,159215.0,964.0
35077,158950,159215.0,164193.0,265.0
35089,161850,164193.0,164270.0,2343.0
35111,163980,164270.0,164278.0,290.0
35110,163931,164270.0,164283.0,339.0
35092,162089,164270.0,164288.0,2181.0
35088,161478,164193.0,164290.0,2715.0
35099,162773,164290.0,164509.0,1517.0
35020,138273,153603.0,164527.0,15330.0
35103,163448,164509.0,164530.0,1061.0
35091,162011,164193.0,164664.0,2182.0
35098,162665,164288.0,164741.0,1623.0
35101,163265,164509.0,164747.0,1244.0
35104,163648,164527.0,164881.0,879.0
35115,164743,164881.0,164896.0,138.0
35116,164750,164881.0,164904.0,131.0
35112,164169,164527.0,164920.0,358.0
35114,164460,164747.0,165033.0,287.0
35118,164903,164920.0,165195.0,17.0
35121,165180,165180.0,165200.0,0.0
35122,165208,165208.0,165220.0,0.0
35123,165226,165226.0,165243.0,0.0
35125,165285,165285.0,165492.0,0.0
35137,167845,170545.0,170754.0,2700.0
35144,168372,170754.0,170766.0,2382.0
35145,168377,170754.0,170769.0,2377.0
35146,168432,170769.0,171056.0,2337.0
35140,168077,170777.0,171075.0,2700.0
35153,169536,171075.0,171483.0,1539.0
35157,169941,171483.0,171494.0,1542.0
35158,169945,171483.0,171505.0,1538.0
35148,168856,171056.0,171601.0,2200.0
35156,169884,171483.0,171717.0,1599.0
35159,170027,171601.0,171759.0,1574.0
35161,170207,171505.0,171980.0,1298.0
35173,171852,171980.0,172003.0,128.0
35162,170355,171759.0,172082.0,1404.0
35166,170978,171717.0,172122.0,739.0
35174,171862,172003.0,172126.0,141.0
35171,171592,172126.0,172384.0,534.0
35164,170933,172082.0,172542.0,1149.0
35177,179095,181795.0,182010.0,2700.0
35178,179420,182120.0,182430.0,2700.0
35179,179794,182430.0,182724.0,2636.0
35184,180315,182724.0,183104.0,2409.0
35187,180766,183104.0,183383.0,2338.0
35185,180697,183397.0,183420.0,2700.0
35186,180709,183409.0,183421.0,2700.0
35192,181987,183383.0,183764.0,1396.0
35195,182573,183764.0,184058.0,1191.0
35193,182369,185069.0,185084.0,2700.0
35194,182517,185217.0,185317.0,2700.0
35197,182732,185432.0,185576.0,2700.0
35200,182869,185569.0,185593.0,2700.0
35202,183135,185835.0,185843.0,2700.0
35205,184034,186810.0,186896.0,2776.0
35208,184151,186896.0,187843.0,2745.0
35218,187067,189767.0,189891.0,2700.0
35219,187348,190048.0,190147.0,2700.0
35224,194565,197265.0,197686.0,2700.0
35228,196702,197686.0,198058.0,984.0
35230,197623,198058.0,198074.0,435.0
35203,183212,184058.0,199041.0,846.0
35225,195022,199041.0,199517.0,4019.0
35226,195553,199402.0,199852.0,3849.0
35227,196201,199517.0,199970.0,3316.0
35229,197118,199818.0,200405.0,2700.0
35231,204527,207227.0,218152.0,2700.0
35232,215458,218152.0,218239.0,2694.0
35255,218476,218476.0,218871.0,0.0
35258,218873,218873.0,218899.0,0.0
35262,218950,223039.0,223055.0,4089.0
35284,221165,223865.0,223961.0,2700.0
35285,221312,224012.0,224158.0,2700.0
35288,221545,224245.0,224372.0,2700.0
35312,224822,227522.0,227644.0,2700.0
35313,224974,227674.0,227779.0,2700.0
35261,218948,218948.0,229875.0,0.0
35366,230770,233470.0,233597.0,2700.0
35368,230968,233668.0,233786.0,2700.0
35374,231339,234039.0,234137.0,2700.0
35375,231472,234172.0,234283.0,2700.0
35421,236883,239583.0,239742.0,2700.0
35428,237128,239828.0,239924.0,2700.0
35429,237403,240103.0,240220.0,2700.0
35434,238040,240740.0,240850.0,2700.0
35509,246356,249056.0,249167.0,2700.0
35512,246573,249167.0,249273.0,2594.0
35514,246773,249273.0,249379.0,2500.0
35517,246963,249379.0,249486.0,2416.0
35518,247147,249486.0,249597.0,2339.0
35521,247351,249597.0,249598.0,2246.0
35522,247363,249598.0,249705.0,2235.0
35536,248964,249705.0,249726.0,741.0
35523,247488,249705.0,249761.0,2217.0
35526,247747,249705.0,249761.0,1958.0
35532,248445,249705.0,249761.0,1260.0
35538,249194,249705.0,249761.0,511.0
35525,247578,249761.0,249866.0,2183.0
35527,247844,249866.0,249989.0,2022.0
35529,248045,249989.0,250096.0,1944.0
35531,248268,250096.0,250203.0,1828.0
35533,248530,250203.0,250309.0,1673.0
35534,248681,250309.0,250417.0,1628.0
35551,250528,250528.0,250551.0,0.0
35548,250344,250417.0,250568.0,73.0
35535,248824,250417.0,250640.0,1593.0
35547,250255,250417.0,250691.0,162.0
35552,250553,250640.0,250817.0,87.0
35555,250674,250691.0,251017.0,17.0
35560,250885,250885.0,251057.0,0.0
35537,249018,250417.0,251082.0,1399.0
35564,251060,251060.0,251333.0,0.0
35554,250668,250940.0,251402.0,272.0
35577,251624,251624.0,251651.0,0.0
35578,251661,251661.0,251744.0,0.0
35558,250786,251017.0,251773.0,231.0
35568,251173,251773.0,252039.0,600.0
35573,251471,251773.0,252052.0,302.0
35589,252173,252173.0,252201.0,0.0
35585,252088,252088.0,252213.0,0.0
35581,251810,252039.0,252312.0,229.0
35590,252216,252312.0,252388.0,96.0
35587,252132,252213.0,252487.0,81.0
35493,244640,247340.0,252502.0,2700.0
35601,252607,252607.0,252617.0,0.0
35540,249724,252502.0,252620.0,2778.0
35542,249888,252620.0,252741.0,2732.0
35596,252476,252476.0,252752.0,0.0
35543,249992,252741.0,252934.0,2749.0
35544,250074,252934.0,253056.0,2860.0
35546,250247,253056.0,253177.0,2809.0
35579,251726,252752.0,253186.0,1026.0
35550,250413,253177.0,253307.0,2764.0
35606,252721,253186.0,253390.0,465.0
35553,250581,253307.0,253434.0,2726.0
35556,250760,253434.0,253556.0,2674.0
35562,250944,253556.0,253631.0,2612.0
35565,251065,253631.0,253671.0,2566.0
35567,251141,253671.0,253710.0,2530.0
35569,251225,253710.0,253741.0,2485.0
35570,251287,253741.0,253773.0,2454.0
35611,253053,253390.0,253801.0,337.0
35571,251353,253773.0,253809.0,2420.0
35572,251420,253809.0,253846.0,2389.0
35574,251511,253846.0,253887.0,2335.0
35576,251598,253887.0,253910.0,2289.0
35580,251809,253910.0,253947.0,2101.0
35582,251912,253947.0,253996.0,2035.0
35583,251980,253996.0,254037.0,2016.0
35617,253694,253801.0,254057.0,107.0
35584,252070,254037.0,254076.0,1967.0
35588,252171,254076.0,254136.0,1905.0
35618,253765,254057.0,254145.0,292.0
35591,252273,254136.0,254172.0,1863.0
35592,252350,254172.0,254209.0,1822.0
35593,252410,254209.0,254210.0,1799.0
35594,252418,254210.0,254241.0,1792.0
35597,252489,254241.0,254287.0,1752.0
35599,252565,254287.0,254321.0,1722.0
35603,252633,254321.0,254362.0,1688.0
35605,252720,254362.0,254415.0,1642.0
35609,252858,254415.0,254476.0,1557.0
35624,254279,254476.0,254592.0,197.0
35620,254076,254145.0,254601.0,69.0
35628,254513,254592.0,254620.0,79.0
35630,254554,254592.0,254627.0,38.0
35631,254711,254711.0,254734.0,0.0
35633,254906,254906.0,255137.0,0.0
35635,255136,255137.0,255144.0,1.0
35634,255060,255137.0,255145.0,77.0
35610,252897,255597.0,255669.0,2700.0
35649,255940,255940.0,255967.0,0.0
35608,252806,255882.0,256167.0,3076.0
35637,255391,256167.0,256169.0,776.0
35613,253465,256165.0,256179.0,2700.0
35638,255419,256167.0,256195.0,748.0
35639,255447,256169.0,256239.0,722.0
35615,253633,256333.0,256341.0,2700.0
35614,253567,256267.0,256456.0,2700.0
35626,254364,257064.0,257150.0,2700.0
35627,254467,257176.0,257197.0,2709.0
35629,254534,257254.0,257272.0,2720.0
35644,255724,259392.0,259421.0,3668.0
35646,255773,259401.0,259426.0,3628.0
35647,255806,259421.0,259447.0,3615.0
35648,255884,259426.0,259452.0,3542.0
35657,256744,259444.0,259469.0,2700.0
35651,256372,259447.0,259473.0,3075.0
35664,257215,259469.0,259495.0,2254.0
35654,256617,259473.0,259501.0,2856.0
35668,257432,259495.0,259522.0,2063.0
35655,256677,259501.0,259527.0,2824.0
35669,257568,259522.0,259548.0,1954.0
35658,256918,259527.0,259553.0,2609.0
35678,258069,259548.0,259579.0,1479.0
35661,257115,259553.0,259584.0,2438.0
35679,258229,259548.0,259602.0,1319.0
35677,258066,259584.0,259711.0,1518.0
35685,258423,259711.0,259950.0,1288.0
35687,258457,259950.0,259991.0,1493.0
35691,258733,259991.0,260001.0,1258.0
35692,258742,260001.0,260023.0,1259.0
35670,257648,260348.0,260407.0,2700.0
35671,257664,260364.0,260513.0,2700.0
35672,257704,260995.0,261021.0,3291.0
35713,260763,261021.0,261030.0,258.0
35711,260660,261021.0,261036.0,361.0
35715,260916,261021.0,261042.0,105.0
35712,260738,261021.0,261043.0,283.0
35705,260095,261021.0,261045.0,926.0
35695,258805,260023.0,261069.0,1218.0
35674,257818,261039.0,261069.0,3221.0
35717,261043,261043.0,261072.0,0.0
35699,258974,261069.0,261114.0,2095.0
35719,261110,261110.0,261142.0,0.0
35684,258383,261083.0,261168.0,2700.0
35722,261316,261316.0,261391.0,0.0
35723,261415,261415.0,261443.0,0.0
35721,261188,261188.0,261572.0,0.0
35724,261451,261451.0,261588.0,0.0
35676,258013,262072.0,262115.0,4059.0
35703,259855,261114.0,262213.0,1259.0
35726,261473,261588.0,262770.0,115.0
35704,260003,264913.0,265031.0,4910.0
35680,258278,267731.0,267758.0,9453.0
35709,260474,267758.0,267847.0,7284.0
35701,259309,267806.0,267893.0,8497.0
35673,257798,267731.0,267909.0,9933.0
35733,262125,267847.0,267915.0,5722.0
35731,261735,267893.0,267915.0,6158.0
35683,258378,267909.0,267938.0,9531.0
35776,265355,267938.0,267945.0,2583.0
35768,264983,267938.0,267946.0,2955.0
35785,266458,267938.0,267950.0,1480.0
35693,258750,267938.0,267952.0,9188.0
35688,258540,267938.0,267955.0,9398.0
35773,265211,267938.0,267955.0,2727.0
35770,265031,267938.0,267958.0,2907.0
35772,265165,267938.0,267958.0,2773.0
35686,258430,267938.0,267959.0,9508.0
35771,265106,267938.0,267959.0,2832.0
35690,258710,267959.0,267971.0,9249.0
35697,258924,267971.0,268003.0,9047.0
35767,264956,268003.0,268025.0,3047.0
35774,265230,268003.0,268025.0,2773.0
35758,264322,268003.0,268030.0,3681.0
35788,266514,268003.0,268031.0,1489.0
35750,264068,268003.0,268033.0,3935.0
35752,264133,268003.0,268034.0,3870.0
35753,264178,268003.0,268039.0,3825.0
35738,262778,267915.0,268047.0,5137.0
35748,263864,268003.0,268047.0,4139.0
35751,264106,268003.0,268047.0,3897.0
35792,266693,268033.0,268048.0,1340.0
35793,266726,268034.0,268049.0,1308.0
35791,266648,268031.0,268052.0,1383.0
35794,266776,268039.0,268054.0,1263.0
35681,258330,267731.0,268055.0,9401.0
35708,260272,267971.0,268058.0,7699.0
35737,262757,267915.0,268065.0,5158.0
35745,263767,267915.0,268090.0,4148.0
35789,266529,268030.0,268092.0,1501.0
35761,264625,268047.0,268145.0,3422.0
35757,264267,268090.0,268157.0,3823.0
35756,264248,268025.0,268164.0,3777.0
35714,260809,268058.0,268189.0,7249.0
35749,264023,268003.0,268201.0,3980.0
35730,261721,267847.0,268221.0,6126.0
35764,264801,268201.0,268223.0,3400.0
35755,264218,268065.0,268235.0,3847.0
35760,264604,268145.0,268261.0,3541.0
35775,265284,268223.0,268308.0,2939.0
35780,266128,268235.0,268323.0,2107.0
35747,263788,267915.0,268343.0,4127.0
35781,266277,268308.0,268413.0,2031.0
35707,260189,267971.0,268440.0,7782.0
35716,260967,268189.0,268857.0,7222.0
35734,262207,268857.0,269529.0,6650.0
35720,261173,268440.0,270334.0,7267.0
35653,256614,259401.0,270337.0,2787.0
35652,256576,259452.0,270424.0,2876.0
35807,268890,270337.0,270482.0,1447.0
35754,264208,270334.0,272232.0,6126.0
35739,262882,269529.0,272350.0,6647.0
35802,268055,272350.0,272401.0,4295.0
35805,268635,272401.0,272485.0,3766.0
35808,268905,272485.0,272569.0,3580.0
35825,270391,272569.0,272619.0,2178.0
35812,269450,272569.0,272659.0,3119.0
35828,270674,272619.0,272670.0,1945.0
35827,270449,272670.0,272764.0,2221.0
35831,270751,272764.0,272864.0,2013.0
35832,271346,272864.0,272975.0,1518.0
35833,271387,272975.0,273046.0,1588.0
35818,269661,272957.0,273054.0,3296.0
35821,269832,273061.0,273134.0,3229.0
35822,270054,273143.0,273213.0,3089.0
35816,269627,273123.0,273235.0,3496.0
35835,271478,273046.0,273253.0,1568.0
35823,270192,273240.0,273319.0,3048.0
35846,272578,273253.0,273381.0,675.0
35778,265832,270424.0,273384.0,4592.0
35799,267968,273384.0,273405.0,5416.0
35800,268001,273405.0,273452.0,5404.0
35830,270742,273442.0,273462.0,2700.0
35853,273508,273508.0,273563.0,0.0
35786,266459,272232.0,273799.0,5773.0
35837,271608,273799.0,273807.0,2191.0
35847,272637,273807.0,273825.0,1170.0
35849,272670,273825.0,273846.0,1155.0
35860,273818,273818.0,273856.0,0.0
35850,272849,273846.0,274002.0,997.0
35862,274015,274015.0,274135.0,0.0
35865,274192,274192.0,274209.0,0.0
35826,270419,272619.0,274293.0,2200.0
35845,272246,272659.0,274301.0,413.0
35867,274225,274225.0,274362.0,0.0
35864,274188,274293.0,274434.0,105.0
35851,273009,274002.0,274491.0,993.0
35873,274451,274451.0,274497.0,0.0
35861,274015,274491.0,274533.0,476.0
35863,274047,274533.0,274680.0,486.0
35866,274205,274680.0,274690.0,475.0
35877,274682,274682.0,274721.0,0.0
35868,274237,274690.0,274733.0,453.0
35870,274325,274733.0,274756.0,408.0
35871,274369,274756.0,274757.0,387.0
35872,274378,274757.0,274777.0,379.0
35876,274671,274777.0,274801.0,106.0
35806,268808,273452.0,276131.0,4644.0
35801,268054,273452.0,276136.0,5398.0
35810,269103,276136.0,276170.0,7033.0
35888,275485,276170.0,276208.0,685.0
35892,275725,276170.0,276208.0,445.0
35896,275966,276170.0,276211.0,204.0
35880,274826,276170.0,276212.0,1344.0
35897,276232,276232.0,276269.0,0.0
35893,275741,276170.0,276321.0,429.0
35898,276295,276295.0,276335.0,0.0
35838,271741,277459.0,277698.0,5718.0
35905,277068,277698.0,277719.0,630.0
35901,276612,277698.0,277731.0,1086.0
35900,276558,277698.0,277736.0,1140.0
35906,277098,277698.0,277761.0,600.0
35879,274797,277497.0,277769.0,2700.0
35910,277218,277761.0,277802.0,543.0
35908,277152,277736.0,277820.0,584.0
35907,277130,277719.0,277825.0,589.0
35914,277658,277825.0,277863.0,167.0
35915,277710,277863.0,277901.0,153.0
35916,277791,277901.0,277953.0,110.0
35903,276671,277698.0,277985.0,1027.0
35917,277891,277953.0,277990.0,62.0
35902,276649,277698.0,278007.0,1049.0
35913,277584,277820.0,278182.0,236.0
35912,277562,277802.0,278187.0,240.0
35885,275234,278181.0,278213.0,2947.0
35890,275634,278334.0,278375.0,2700.0
35891,275689,278389.0,278434.0,2700.0
35918,277982,278421.0,278469.0,439.0
35921,278541,278541.0,278579.0,0.0
35894,275764,278599.0,278727.0,2835.0
35909,277159,279859.0,279995.0,2700.0
35889,275544,278244.0,281105.0,2700.0
35819,269711,270482.0,281421.0,771.0
35933,279372,282695.0,282698.0,3323.0
35836,271581,282695.0,282706.0,11114.0
35927,279266,282706.0,282735.0,3440.0
35929,279345,282790.0,282828.0,3445.0
35936,279695,282807.0,282874.0,3112.0
35920,278315,282706.0,282937.0,4391.0
35842,272018,282706.0,282998.0,10688.0
35935,279611,282706.0,283202.0,3095.0
35858,273798,282998.0,283203.0,9200.0
35875,274536,283203.0,283267.0,8667.0
35937,279856,283234.0,283307.0,3378.0
35922,278594,283267.0,283326.0,4673.0
35923,278686,283326.0,283332.0,4640.0
35881,275018,283267.0,283334.0,8249.0
35930,279349,283332.0,283338.0,3983.0
35931,279357,283334.0,283340.0,3977.0
35952,283325,283338.0,283344.0,13.0
35904,276787,283267.0,283348.0,6480.0
35947,281146,283267.0,283380.0,2121.0
35940,280228,283379.0,283422.0,3151.0
35938,279934,283269.0,283492.0,3335.0
35911,277429,283380.0,283603.0,5951.0
35928,279295,283603.0,283651.0,4308.0
35926,279222,283603.0,283671.0,4381.0
35924,278693,283603.0,283691.0,4910.0
35932,279364,283651.0,283725.0,4287.0
35949,282764,282764.0,283808.0,0.0
35954,283835,283835.0,283943.0,0.0
35925,278768,283603.0,284043.0,4835.0
35946,280666,283202.0,284310.0,2536.0
35919,278115,286221.0,286642.0,8106.0
35955,284026,286726.0,286739.0,2700.0
35945,280584,286642.0,286754.0,6058.0
35934,279601,283691.0,286885.0,4090.0
35939,280161,286885.0,286971.0,6724.0
35962,286842,286842.0,286982.0,0.0
35817,269660,276170.0,287159.0,6510.0
35948,281265,287159.0,287283.0,5894.0
35950,282805,287283.0,287365.0,4478.0
35963,287174,287174.0,287421.0,0.0
35951,282892,287365.0,287481.0,4473.0
35964,287447,287447.0,287539.0,0.0
35957,285002,287702.0,287797.0,2700.0
35958,285120,287820.0,287946.0,2700.0
35943,280436,288525.0,288572.0,8089.0
35942,280337,281421.0,288624.0,1084.0
35953,283446,287481.0,288626.0,4035.0
35970,288588,288588.0,288671.0,0.0
35968,288510,288572.0,288698.0,62.0
35971,288651,288688.0,288716.0,37.0
35972,288688,288688.0,288722.0,0.0
35959,285440,288743.0,288852.0,3303.0
35944,280488,288843.0,288935.0,8355.0
35960,285681,289110.0,289215.0,3429.0
35961,286184,289110.0,289216.0,2926.0
35965,287546,291149.0,291169.0,3603.0
35969,288529,291229.0,291236.0,2700.0
35967,288504,291204.0,291283.0,2700.0
35956,284617,288626.0,291547.0,4009.0
35977,289062,291547.0,291553.0,2485.0
35973,288709,291628.0,291652.0,2919.0
35976,289046,291746.0,291751.0,2700.0
35974,288928,291547.0,291766.0,2619.0
35966,288449,291685.0,291863.0,3236.0
35975,288985,291746.0,291913.0,2761.0
35941,280272,286971.0,294238.0,6699.0
35978,292412,295112.0,295147.0,2700.0
35979,292742,295442.0,295467.0,2700.0
35980,292774,295474.0,295580.0,2700.0
35984,292968,295668.0,295672.0,2700.0
35986,293028,295969.0,295973.0,2941.0
35987,293041,296036.0,296042.0,2995.0
35988,293058,296083.0,296086.0,3025.0
35989,293304,296083.0,296086.0,2779.0
35985,293002,296452.0,296503.0,3450.0
35981,292783,296566.0,296664.0,3783.0
35983,292950,296663.0,296705.0,3713.0
35982,292945,296663.0,296763.0,3718.0
35993,297505,300380.0,300852.0,2875.0
35997,298490,300852.0,300924.0,2362.0
35995,298176,300876.0,300940.0,2700.0
35996,298320,301020.0,301143.0,2700.0
35994,298131,300852.0,301225.0,2721.0
36001,299106,301225.0,301230.0,2119.0
35998,298627,300924.0,301784.0,2297.0
35999,298649,303924.0,303976.0,5275.0
36000,298762,303924.0,304205.0,5162.0
35990,295575,306905.0,307648.0,11330.0
35991,296608,307648.0,308148.0,11040.0
36008,304822,308148.0,308158.0,3326.0
36005,304596,308148.0,308176.0,3552.0
36013,305442,308148.0,308236.0,2706.0
36021,306649,308148.0,308236.0,1499.0
36024,307013,308148.0,308238.0,1135.0
36023,306808,308148.0,308243.0,1340.0
36006,304653,308148.0,308244.0,3495.0
36009,304857,308148.0,308246.0,3291.0
36010,305026,308148.0,308247.0,3122.0
36020,306437,308148.0,308255.0,1711.0
36011,305178,308148.0,308260.0,2970.0
36044,310240,312948.0,313183.0,2708.0
36045,310504,313204.0,313452.0,2700.0
36047,310785,313485.0,313566.0,2700.0
36048,311000,313700.0,313821.0,2700.0
35992,297112,308148.0,314333.0,11036.0
36063,314076,316776.0,316888.0,2700.0
36002,303302,319588.0,319679.0,16286.0
36094,319490,319679.0,319706.0,189.0
36092,319266,319679.0,319763.0,413.0
36095,319526,319679.0,319776.0,153.0
36091,319096,319679.0,319784.0,583.0
36104,321523,324479.0,324618.0,2956.0
36108,321820,324520.0,324628.0,2700.0
36111,322246,324946.0,325063.0,2700.0
36113,322449,325149.0,325259.0,2700.0
36114,322628,325328.0,325429.0,2700.0
36116,322817,325517.0,325620.0,2700.0
36117,323017,325717.0,325813.0,2700.0
36120,323236,325936.0,326054.0,2700.0
36126,324524,327224.0,327324.0,2700.0
36131,325894,328615.0,328622.0,2721.0
36139,326599,329299.0,329314.0,2700.0
36134,326279,329299.0,329321.0,3020.0
36142,326988,329688.0,329696.0,2700.0
36141,326658,329688.0,329699.0,3030.0
36132,325915,328615.0,329716.0,2700.0
36143,327007,330055.0,330059.0,3048.0
36146,327409,330109.0,330115.0,2700.0
36147,327437,330137.0,330150.0,2700.0
36003,303397,319679.0,330604.0,16282.0
36165,331014,333714.0,333719.0,2700.0
36182,332680,333719.0,333768.0,1039.0
36166,331068,333768.0,333773.0,2700.0
36192,333380,333768.0,333780.0,388.0
36195,333469,333780.0,333849.0,311.0
36198,333896,333896.0,333909.0,0.0
36194,333457,333773.0,333953.0,316.0
36199,333961,333961.0,333973.0,0.0
36168,331435,334135.0,334146.0,2700.0
36202,334130,334130.0,334149.0,0.0
36169,331521,334221.0,334226.0,2700.0
36170,331551,334251.0,334267.0,2700.0
36206,334266,334267.0,334281.0,1.0
36156,329076,330604.0,334325.0,1528.0
36171,331623,334323.0,334327.0,2700.0
36187,333217,334226.0,334411.0,1009.0
36209,334471,334471.0,334484.0,0.0
36176,331809,334509.0,334528.0,2700.0
36196,333474,334411.0,334545.0,937.0
36208,334378,334545.0,334599.0,167.0
36178,332041,334741.0,334746.0,2700.0
36179,332299,334999.0,335007.0,2700.0
36181,332543,334325.0,335228.0,1782.0
36186,333125,337325.0,337347.0,4200.0
36185,333056,337325.0,337356.0,4269.0
36190,333334,337347.0,337382.0,4013.0
36213,334672,337372.0,337398.0,2700.0
36205,334203,337382.0,337408.0,3179.0
36243,336917,337398.0,337420.0,481.0
36207,334270,337408.0,337434.0,3138.0
36216,334774,337474.0,337479.0,2700.0
36217,334817,337517.0,337567.0,2700.0
36203,334143,337325.0,337574.0,3182.0
36253,337569,337569.0,337585.0,0.0
36237,336089,337567.0,337594.0,1478.0
36201,334105,337356.0,337643.0,3251.0
36211,334612,337434.0,337656.0,2822.0
36212,334657,337643.0,337678.0,2986.0
36215,334714,337656.0,337685.0,2942.0
36251,337519,337685.0,337727.0,166.0
36241,336572,337685.0,337733.0,1113.0
36238,336153,337594.0,337734.0,1441.0
36248,337339,337685.0,337738.0,346.0
36239,336236,337685.0,337746.0,1449.0
36255,337621,337685.0,337781.0,64.0
36246,337017,337685.0,337811.0,668.0
36225,335219,337919.0,337966.0,2700.0
36260,338038,338038.0,338070.0,0.0
36227,335400,338100.0,338115.0,2700.0
36235,335948,337574.0,338206.0,1626.0
36228,335504,338204.0,338250.0,2700.0
36234,335915,337678.0,338341.0,1763.0
36183,332799,335228.0,338956.0,2429.0
36266,338958,338958.0,339015.0,0.0
36264,338877,338956.0,339030.0,79.0
36231,335717,339125.0,339137.0,3408.0
36268,339179,339179.0,339207.0,0.0
36259,338000,338000.0,339255.0,0.0
36232,335836,339284.0,339289.0,3448.0
36233,335899,339328.0,339339.0,3429.0
36230,335690,339399.0,339445.0,3709.0
36242,336689,339546.0,339555.0,2857.0
36276,339600,339600.0,339620.0,0.0
36245,336960,337781.0,340410.0,821.0
36258,337872,340572.0,340718.0,2700.0
36284,340339,343039.0,343056.0,2700.0
36285,340372,343072.0,343083.0,2700.0
36319,342781,343056.0,343116.0,275.0
36320,342898,343083.0,343131.0,185.0
36274,339397,343110.0,343179.0,3713.0
36282,340191,343050.0,343277.0,2859.0
36277,339652,343141.0,343310.0,3489.0
36318,342498,343131.0,343317.0,633.0
36323,343190,343317.0,343336.0,127.0
36299,341935,343277.0,343351.0,1342.0
36322,343133,343317.0,343357.0,184.0
36302,342170,343351.0,343399.0,1181.0
36307,342243,343399.0,343452.0,1156.0
36325,343235,343357.0,343481.0,122.0
36326,343309,343452.0,343486.0,143.0
36328,343431,343452.0,343496.0,21.0
36331,343500,343500.0,343517.0,0.0
36330,343492,343492.0,343519.0,0.0
36324,343213,343452.0,343596.0,239.0
36281,339899,343179.0,343617.0,3280.0
36332,343522,343522.0,343655.0,0.0
36333,343545,343545.0,343658.0,0.0
36316,342471,343452.0,343665.0,981.0
36339,343957,343957.0,343997.0,0.0
36293,341235,343937.0,344019.0,2702.0
36294,341302,344007.0,344023.0,2705.0
36286,340448,343815.0,344043.0,3367.0
36295,341328,344055.0,344065.0,2727.0
36287,340512,343310.0,344098.0,2798.0
36297,341382,343617.0,344408.0,2235.0
36342,344116,344116.0,344549.0,0.0
36344,344256,344549.0,344574.0,293.0
36345,344317,344574.0,344614.0,257.0
36300,342105,344805.0,344845.0,2700.0
36304,342180,344880.0,344893.0,2700.0
36303,342178,344878.0,344903.0,2700.0
36351,344890,344893.0,344911.0,3.0
36350,344886,344886.0,344918.0,0.0
36349,344840,344911.0,344949.0,71.0
36309,342295,344043.0,344992.0,1748.0
36327,343332,344408.0,345002.0,1076.0
36352,344996,344996.0,345026.0,0.0
36306,342231,344931.0,345091.0,2700.0
36354,345095,345095.0,345119.0,0.0
36311,342375,345075.0,345120.0,2700.0
36355,345097,345097.0,345128.0,0.0
36348,344756,344756.0,345130.0,0.0
36347,344733,345002.0,345138.0,269.0
36314,342449,345149.0,345156.0,2700.0
36312,342440,345140.0,345164.0,2700.0
36315,342471,345210.0,345227.0,2739.0
36356,345132,345132.0,345255.0,0.0
36357,345157,345227.0,345325.0,70.0
36317,342494,344098.0,345334.0,1604.0
36341,344087,345002.0,345462.0,915.0
36361,345443,345443.0,345487.0,0.0
36358,345310,345310.0,345507.0,0.0
36364,345549,345549.0,345594.0,0.0
36343,344127,345156.0,345908.0,1029.0
36336,343828,346528.0,346574.0,2700.0
36337,343941,346641.0,346688.0,2700.0
36338,343955,346655.0,346710.0,2700.0
36335,343806,344992.0,346778.0,1186.0
36381,346753,346753.0,346863.0,0.0
36375,346337,346778.0,346892.0,441.0
36384,346957,346957.0,346977.0,0.0
36380,346641,346892.0,346997.0,251.0
36385,346984,346984.0,347081.0,0.0
36383,346858,346997.0,347094.0,139.0
36387,347226,347226.0,347329.0,0.0
36365,345595,345595.0,347396.0,0.0
36391,347409,347409.0,347604.0,0.0
36359,345332,345332.0,347931.0,0.0
36368,345866,348566.0,348600.0,2700.0
36369,345920,348620.0,348638.0,2700.0
36399,347941,348638.0,348670.0,697.0
36370,345981,348681.0,348718.0,2700.0
36371,346147,348847.0,348864.0,2700.0
36372,346191,348891.0,348911.0,2700.0
36373,346263,348963.0,348986.0,2700.0
36374,346329,349029.0,349130.0,2700.0
36378,346453,349153.0,349172.0,2700.0
36377,346447,349147.0,349250.0,2700.0
36411,349309,349309.0,349327.0,0.0
36379,346611,349311.0,349417.0,2700.0
36394,347541,350241.0,350275.0,2700.0
36398,347897,350597.0,350628.0,2700.0
36401,348098,350798.0,350818.0,2700.0
36393,347480,350304.0,350918.0,2824.0
36396,347759,350708.0,350937.0,2949.0
36416,350129,350937.0,351049.0,808.0
36427,351171,351171.0,351196.0,0.0
36406,348871,348871.0,351197.0,0.0
36428,351198,351198.0,351367.0,0.0
36430,351386,351386.0,351427.0,0.0
36429,351222,351222.0,351616.0,0.0
36404,348850,351550.0,351714.0,2700.0
36435,351640,351640.0,351854.0,0.0
36441,351971,351971.0,352005.0,0.0
36397,347848,351881.0,352028.0,4033.0
36410,349203,351950.0,352053.0,2747.0
36442,352035,352035.0,352068.0,0.0
36437,351856,351856.0,352084.0,0.0
36431,351396,352053.0,352112.0,657.0
36444,352114,352114.0,352156.0,0.0
36445,352115,352115.0,352182.0,0.0
36447,352261,352261.0,352283.0,0.0
36439,351882,351882.0,352285.0,0.0
36414,349632,352332.0,352349.0,2700.0
36450,352322,352322.0,352432.0,0.0
36448,352286,352286.0,352448.0,0.0
36452,352505,352505.0,352515.0,0.0
36453,352506,352506.0,352526.0,0.0
36454,352525,352525.0,352533.0,0.0
36440,351919,352112.0,352694.0,193.0
36417,350243,352943.0,352962.0,2700.0
36455,352614,352694.0,353214.0,80.0
36423,350541,353241.0,353243.0,2700.0
36425,350585,353285.0,353308.0,2700.0
36413,349530,353618.0,353717.0,4088.0
36424,350579,353749.0,354125.0,3170.0
36433,351592,354292.0,354314.0,2700.0
36434,351617,354317.0,354490.0,2700.0
36460,353180,353214.0,354931.0,34.0
36477,354827,354931.0,355060.0,104.0
36478,354838,355060.0,355142.0,222.0
36451,352471,355171.0,355202.0,2700.0
36480,354957,355142.0,355337.0,185.0
36457,352943,355643.0,355653.0,2700.0
36459,353148,355848.0,355851.0,2700.0
36462,353462,356162.0,356173.0,2700.0
36464,353519,356219.0,356232.0,2700.0
36468,353821,356521.0,357223.0,2700.0
36471,354437,357137.0,357285.0,2700.0
36473,354536,357236.0,357304.0,2700.0
36469,354042,356825.0,357382.0,2783.0
36474,354601,357301.0,357428.0,2700.0
36476,354776,357476.0,357665.0,2700.0
36472,354532,357631.0,357722.0,3099.0
36481,354973,358037.0,358249.0,3064.0
36484,355202,357223.0,358403.0,2021.0
36511,358578,358578.0,358599.0,0.0
36485,355211,358517.0,358741.0,3306.0
36515,358779,358779.0,358810.0,0.0
36519,358957,358957.0,359099.0,0.0
36491,356595,359295.0,359304.0,2700.0
36499,357280,359980.0,360018.0,2700.0
36501,357349,360049.0,360081.0,2700.0
36502,357542,360422.0,360477.0,2880.0
36490,356391,360082.0,360522.0,3691.0
36507,358200,360949.0,361215.0,2749.0
36497,357155,361103.0,361702.0,3948.0
36522,359715,362465.0,362534.0,2750.0
36506,358105,363222.0,364424.0,5117.0
36550,363603,364424.0,365543.0,821.0
36554,364394,365543.0,365693.0,1149.0
36561,364808,365693.0,365852.0,885.0
36547,363212,365912.0,365922.0,2700.0
36548,363229,365929.0,365932.0,2700.0
36549,363234,365934.0,365948.0,2700.0
36567,365883,365922.0,365951.0,39.0
36562,365054,365852.0,366033.0,798.0
36564,365261,366033.0,366422.0,772.0
36220,334889,366502.0,366542.0,31613.0
36223,334958,366542.0,366770.0,31584.0
36573,366707,366707.0,366816.0,0.0
36226,335231,366770.0,366915.0,31539.0
36552,364073,366773.0,366938.0,2700.0
36575,366912,366912.0,367040.0,0.0
36229,335540,366915.0,367042.0,31375.0
36555,364413,367113.0,367248.0,2700.0
36244,336943,367042.0,367297.0,30099.0
36252,337536,367297.0,367522.0,29761.0
36263,338809,367522.0,367649.0,28713.0
36265,338945,367649.0,367770.0,28704.0
36273,339389,367770.0,367883.0,28381.0
36275,339508,367883.0,367991.0,28375.0
36278,339803,367991.0,368028.0,28188.0
36280,339863,368028.0,368067.0,28165.0
36334,343677,368067.0,368201.0,24390.0
36566,365784,369122.0,369378.0,3338.0
36576,366914,369378.0,369580.0,2464.0
36578,367466,369580.0,369783.0,2114.0
36479,354930,368201.0,369856.0,13271.0
36582,367731,369783.0,369965.0,2052.0
36492,356606,369856.0,370030.0,13250.0
36503,357625,370030.0,370129.0,12405.0
36588,368173,369965.0,370298.0,1792.0
36505,357980,370129.0,370304.0,12149.0
36595,368641,370298.0,370452.0,1657.0
36610,370428,370452.0,370473.0,24.0
36508,358236,370304.0,370510.0,12068.0
36609,370397,370452.0,370518.0,55.0
36607,370081,370452.0,370528.0,371.0
36604,369919,370452.0,370530.0,533.0
36608,370336,370452.0,370591.0,116.0
36510,358455,370510.0,370691.0,12055.0
36606,370056,370452.0,370704.0,396.0
36585,367915,370833.0,370852.0,2918.0
36512,358647,370691.0,370893.0,12044.0
36587,367947,370833.0,370926.0,2886.0
36580,367676,370833.0,370991.0,3157.0
36615,370918,370918.0,371044.0,0.0
36618,371143,371143.0,371159.0,0.0
36592,368510,371222.0,371231.0,2712.0
36591,368508,371222.0,371243.0,2714.0
36619,371172,371172.0,371278.0,0.0
36589,368381,371222.0,371325.0,2841.0
36594,368630,371330.0,371479.0,2700.0
36596,368707,371407.0,371500.0,2700.0
36620,371399,371399.0,371528.0,0.0
36622,371547,371547.0,371605.0,0.0
36597,368858,371558.0,371668.0,2700.0
36623,371654,371654.0,371724.0,0.0
36624,371725,371725.0,371849.0,0.0
36625,371829,371829.0,371907.0,0.0
36532,361185,373593.0,373785.0,12408.0
36646,373800,373800.0,373916.0,0.0
36650,373928,373928.0,374057.0,0.0
36626,371918,375252.0,375319.0,3334.0
36629,372284,375318.0,375375.0,3034.0
36632,372373,375252.0,375396.0,2879.0
36637,372623,375323.0,375444.0,2700.0
36638,372868,375568.0,375682.0,2700.0
36628,372010,375791.0,375887.0,3781.0
36668,375815,375815.0,375929.0,0.0
36640,373163,376031.0,376145.0,2868.0
36669,376032,376032.0,376159.0,0.0
36645,373539,376239.0,376350.0,2700.0
36672,376226,376226.0,376352.0,0.0
36641,373265,376300.0,376369.0,3035.0
36642,373354,376328.0,376390.0,2974.0
36534,361392,376485.0,376684.0,15093.0
36654,374394,377094.0,377268.0,2700.0
36680,377360,377360.0,377367.0,0.0
36681,377371,377371.0,377380.0,0.0
36656,374667,377367.0,377476.0,2700.0
36660,375141,375319.0,377698.0,178.0
36658,374961,377661.0,377829.0,2700.0
36539,362044,376684.0,377850.0,14640.0
36661,375246,377946.0,378100.0,2700.0
36653,374356,377850.0,378348.0,3494.0
36664,375536,378236.0,378364.0,2700.0
36631,372346,378587.0,378651.0,6241.0
36671,376206,378906.0,378919.0,2700.0
36657,374937,377850.0,379117.0,2913.0
36644,373470,380398.0,380458.0,6928.0
36593,368593,378400.0,382893.0,9807.0
36129,324685,385593.0,386340.0,60908.0
36145,327355,386340.0,386368.0,58985.0
36148,327512,386368.0,386712.0,58856.0
36154,328184,386712.0,387453.0,58528.0
36395,347610,387453.0,392895.0,39843.0
36679,377331,395595.0,402173.0,18264.0
36520,359316,387453.0,403372.0,28137.0
36682,377527,402173.0,409041.0,24646.0
36687,384718,411741.0,411897.0,27023.0
36806,410270,411897.0,411900.0,1627.0
36807,410291,411897.0,411914.0,1606.0
36816,410955,411897.0,411914.0,942.0
36817,410980,411897.0,411914.0,917.0
36821,411101,411897.0,411915.0,796.0
36818,411010,411897.0,411919.0,887.0
36810,410351,411897.0,411932.0,1546.0
36819,411052,411897.0,411934.0,845.0
36804,410112,411897.0,411951.0,1785.0
36805,410206,411897.0,411968.0,1691.0
36824,411141,411897.0,412005.0,756.0
36822,411123,411897.0,412013.0,774.0
36827,411438,411968.0,412250.0,530.0
36449,352307,387453.0,412661.0,35146.0
36845,413270,415970.0,416000.0,2700.0
36875,415811,416000.0,416014.0,189.0
36847,413329,416029.0,416085.0,2700.0
36867,414544,416085.0,416146.0,1541.0
36874,415552,416085.0,416159.0,533.0
36877,416120,416146.0,416215.0,26.0
36848,413414,416114.0,416218.0,2700.0
36849,413422,416122.0,416223.0,2700.0
36873,415528,416218.0,416314.0,690.0
36876,416101,416314.0,416400.0,213.0
36855,413938,416638.0,416654.0,2700.0
36861,414126,416826.0,416896.0,2700.0
36860,414103,416813.0,416905.0,2710.0
36879,416907,416907.0,416980.0,0.0
36866,414516,417216.0,417303.0,2700.0
36880,417273,417303.0,417413.0,30.0
36881,417303,417413.0,417495.0,110.0
36882,417602,417602.0,417623.0,0.0
36883,417650,417650.0,417687.0,0.0
36884,417697,417697.0,417736.0,0.0
36888,417772,417772.0,417808.0,0.0
36886,417763,417763.0,417843.0,0.0
36885,417740,417740.0,417844.0,0.0
36889,417847,417847.0,417863.0,0.0
36890,417886,417886.0,418736.0,0.0
36891,417908,417908.0,418739.0,0.0
36878,416888,419605.0,419694.0,2717.0
36909,419879,419879.0,419904.0,0.0
36911,419999,419999.0,420010.0,0.0
36914,420309,420309.0,420330.0,0.0
36917,420572,420572.0,420587.0,0.0
36921,420884,420884.0,420914.0,0.0
36923,420952,420952.0,420962.0,0.0
36893,417971,421023.0,421182.0,3052.0
36894,418469,421169.0,421230.0,2700.0
36925,421224,421224.0,421235.0,0.0
36926,421225,421230.0,421252.0,5.0
36928,421298,421298.0,421327.0,0.0
36887,417769,421200.0,421339.0,3431.0
36916,420395,421182.0,421340.0,787.0
36895,418559,421339.0,421400.0,2780.0
36903,419429,421400.0,421435.0,1971.0
36907,419673,421435.0,421497.0,1762.0
36931,421505,421505.0,421519.0,0.0
36908,419827,421497.0,421755.0,1670.0
36896,419068,421768.0,421802.0,2700.0
36897,419111,421811.0,421926.0,2700.0
36898,419132,421832.0,421927.0,2700.0
36899,419228,421928.0,421933.0,2700.0
36900,419272,421972.0,421991.0,2700.0
36938,422013,422013.0,422032.0,0.0
36904,419528,422228.0,422237.0,2700.0
36905,419587,422287.0,422297.0,2700.0
36933,421776,421776.0,422407.0,0.0
36943,422444,422444.0,422505.0,0.0
36892,417927,422394.0,422592.0,4467.0
36910,419985,422685.0,422695.0,2700.0
36932,421621,422592.0,422744.0,971.0
36947,422745,422745.0,422769.0,0.0
36901,419326,422026.0,422862.0,2700.0
36902,419348,422048.0,422865.0,2700.0
36945,422525,422525.0,422880.0,0.0
36941,422250,422744.0,422924.0,494.0
36913,420235,421755.0,423759.0,1520.0
36974,423833,423833.0,423853.0,0.0
36976,423910,423910.0,423920.0,0.0
36920,420792,423539.0,424352.0,2747.0
36919,420767,423536.0,424373.0,2769.0
36935,421824,424524.0,424553.0,2700.0
36915,420358,424633.0,424826.0,4275.0
36955,423232,426030.0,426041.0,2798.0
36957,423245,426030.0,426059.0,2785.0
36962,423374,426127.0,426153.0,2753.0
36973,423824,423824.0,426404.0,0.0
36960,423302,426052.0,426454.0,2750.0
36958,423280,426140.0,426564.0,2860.0
36964,423457,426459.0,426834.0,3002.0
36972,423802,424373.0,426974.0,571.0
37016,427122,427122.0,427132.0,0.0
36985,424424,427124.0,427139.0,2700.0
36988,424581,427281.0,427296.0,2700.0
36987,424580,427280.0,427324.0,2700.0
37019,427321,427324.0,427400.0,3.0
36993,424700,427400.0,427422.0,2700.0
37023,427463,427463.0,427506.0,0.0
37026,427520,427520.0,427538.0,0.0
37012,426433,426433.0,427541.0,0.0
36990,424649,427665.0,427780.0,3016.0
36994,424779,426834.0,427846.0,2055.0
37021,427398,427780.0,427847.0,382.0
36989,424605,427724.0,427881.0,3119.0
37029,427634,427847.0,427931.0,213.0
37030,427722,427931.0,427998.0,209.0
37033,427946,427998.0,428043.0,52.0
36980,423992,427526.0,428111.0,3534.0
37009,425936,427881.0,428118.0,1945.0
37031,427791,428118.0,428186.0,327.0
37024,427467,428118.0,428200.0,651.0
37036,428109,428200.0,428258.0,91.0
37039,428260,428260.0,428276.0,0.0
37038,428258,428258.0,428289.0,0.0
37006,425811,428511.0,428520.0,2700.0
37027,427544,427544.0,428526.0,0.0
37028,427565,427565.0,428529.0,0.0
37043,428513,428529.0,428605.0,16.0
37007,425824,428720.0,428736.0,2896.0
37008,425907,427846.0,428899.0,1939.0
37017,427176,428111.0,429188.0,935.0
37014,426962,429662.0,429679.0,2700.0
37054,429668,429679.0,429688.0,11.0
37011,426405,429154.0,430289.0,2749.0
37035,428033,430886.0,430955.0,2853.0
37044,428713,430955.0,431018.0,2242.0
37037,428215,430958.0,431035.0,2743.0
37061,430380,431035.0,431188.0,655.0
37063,430553,431188.0,431434.0,635.0
37034,427991,431599.0,431609.0,3608.0
37042,428479,431609.0,431718.0,3130.0
37078,431746,431746.0,431892.0,0.0
37047,429125,431718.0,432196.0,2593.0
37053,429605,432305.0,432322.0,2700.0
37059,430248,432196.0,432426.0,1948.0
37041,428367,431888.0,432616.0,3521.0
37071,431212,432616.0,432672.0,1404.0
37069,430965,432616.0,432690.0,1651.0
37072,431347,432672.0,432740.0,1325.0
37083,432508,432690.0,432750.0,182.0
37056,429808,432798.0,432826.0,2990.0
37057,429829,432843.0,432864.0,3014.0
37086,432866,432866.0,433332.0,0.0
37095,433341,433341.0,433355.0,0.0
37094,433337,433337.0,433360.0,0.0
37060,430273,433405.0,433613.0,3132.0
37066,430845,433545.0,433705.0,2700.0
37046,428849,433718.0,433774.0,4869.0
37084,432723,432723.0,433983.0,0.0
37065,430796,434134.0,434156.0,3338.0
37092,433147,433332.0,434286.0,185.0
37068,430891,433591.0,434565.0,2700.0
37104,434569,434569.0,434593.0,0.0
37080,432163,434863.0,434945.0,2700.0
37067,430857,433988.0,434994.0,3131.0
37101,434301,434301.0,435261.0,0.0
37102,434324,434324.0,435263.0,0.0
37081,432399,435099.0,435273.0,2700.0
37064,430592,435126.0,435892.0,4534.0
37093,433268,435968.0,436684.0,2700.0
37090,433124,435824.0,436799.0,2700.0
37133,435950,436799.0,436802.0,849.0
37096,433447,436313.0,436806.0,2866.0
37099,434072,436772.0,436873.0,2700.0
37103,434564,437264.0,437299.0,2700.0
37111,434964,437664.0,437685.0,2700.0
37113,435014,437714.0,437721.0,2700.0
37114,435028,437728.0,437852.0,2700.0
37106,434658,436806.0,438210.0,2148.0
37117,435631,438331.0,438380.0,2700.0
37118,435695,438395.0,438413.0,2700.0
37142,438132,438413.0,438438.0,281.0
37108,434726,438210.0,438473.0,3484.0
37134,435982,438473.0,438476.0,2491.0
37148,438299,438438.0,438481.0,139.0
37145,438182,438476.0,438505.0,294.0
37141,438103,438473.0,438528.0,370.0
37143,438135,438473.0,438532.0,338.0
37116,435583,438413.0,438539.0,2830.0
37147,438254,438505.0,438561.0,251.0
37122,435796,438574.0,438577.0,2778.0
37120,435739,438574.0,438578.0,2835.0
37146,438241,438476.0,438588.0,235.0
37137,436070,438588.0,438591.0,2518.0
37119,435718,438574.0,438599.0,2856.0
37121,435774,438574.0,438600.0,2800.0
37123,435800,438574.0,438600.0,2774.0
37124,435833,438473.0,438708.0,2640.0
37129,435928,438708.0,438711.0,2780.0
37136,436064,438711.0,438714.0,2647.0
37150,438450,438539.0,438781.0,89.0
37127,435887,438783.0,438786.0,2896.0
37151,438490,438528.0,438874.0,38.0
37125,435849,438956.0,438959.0,3107.0
37131,435935,438956.0,438960.0,3021.0
37126,435859,438956.0,438987.0,3097.0
37149,438390,438714.0,439014.0,324.0
37098,433985,438592.0,439153.0,4607.0
37156,439343,439343.0,439358.0,0.0
37138,436265,439365.0,439368.0,3100.0
37135,435995,439393.0,439396.0,3398.0
37157,439444,439444.0,439705.0,0.0
37128,435915,439794.0,439797.0,3879.0
37132,435940,440073.0,440076.0,4133.0
36853,413661,441853.0,442127.0,28192.0
36906,419651,442127.0,442351.0,22476.0
36912,420061,442351.0,442594.0,22290.0
37160,439829,442529.0,442659.0,2700.0
37187,442344,442659.0,442776.0,315.0
37158,439486,442497.0,442787.0,3011.0
36918,420667,442594.0,442805.0,21927.0
37188,442705,442776.0,442807.0,71.0
37189,442711,442787.0,442815.0,76.0
36922,420896,442805.0,442919.0,21909.0
37168,440295,442995.0,443122.0,2700.0
36924,421016,442919.0,443125.0,21903.0
37193,443002,443002.0,443170.0,0.0
37196,443237,443237.0,443308.0,0.0
37170,440517,443339.0,443354.0,2822.0
37199,443357,443357.0,443359.0,0.0
37171,440579,443391.0,443414.0,2812.0
37169,440516,443339.0,443552.0,2823.0
37174,440884,443584.0,443650.0,2700.0
37203,443709,443709.0,443724.0,0.0
37204,443710,443710.0,443732.0,0.0
37175,440951,443651.0,443810.0,2700.0
37202,443654,443654.0,443835.0,0.0
37178,441187,443887.0,444042.0,2700.0
37208,444008,444008.0,444048.0,0.0
37176,440993,443693.0,444052.0,2700.0
37206,443872,443872.0,444137.0,0.0
37209,444297,444297.0,444313.0,0.0
37210,444307,444307.0,444316.0,0.0
37182,441684,444384.0,444669.0,2700.0
37213,444597,444669.0,444821.0,72.0
37214,444703,444821.0,444864.0,118.0
36927,421275,445825.0,445869.0,24550.0
37185,442199,445787.0,445981.0,3588.0
37192,442914,445787.0,445996.0,2873.0
37226,445465,445981.0,446123.0,516.0
37231,446086,446086.0,446294.0,0.0
37233,446122,446123.0,446295.0,1.0
37228,445683,445996.0,446371.0,313.0
37239,446343,446343.0,446757.0,0.0
37246,446760,446760.0,446782.0,0.0
37241,446369,446369.0,446854.0,0.0
37248,446824,446824.0,446885.0,0.0
37250,446863,446863.0,447435.0,0.0
37251,446889,446889.0,447435.0,0.0
37255,447147,447435.0,447461.0,288.0
37254,447145,447435.0,447473.0,290.0
37252,446911,447435.0,447522.0,524.0
37217,444890,447590.0,447665.0,2700.0
37219,444932,447632.0,447752.0,2700.0
37265,447717,447717.0,447770.0,0.0
37263,447612,447665.0,447777.0,53.0
37266,447751,447751.0,447870.0,0.0
37223,445203,447925.0,447971.0,2722.0
37268,447893,447893.0,447975.0,0.0
37269,447931,447971.0,447986.0,40.0
37222,445130,447925.0,448006.0,2795.0
37253,447029,447986.0,448046.0,957.0
37270,447991,448006.0,448087.0,15.0
37256,447186,448087.0,448199.0,901.0
37259,447485,448199.0,448216.0,714.0
37262,447553,448216.0,448243.0,663.0
37249,446827,447752.0,448279.0,925.0
37274,448369,448369.0,448390.0,0.0
37273,448354,448354.0,448470.0,0.0
37276,448502,448502.0,448543.0,0.0
37260,447524,447524.0,448574.0,0.0
37261,447548,447548.0,448574.0,0.0
36929,421350,448569.0,448672.0,27219.0
36930,421480,448672.0,448780.0,27192.0
36934,421801,448780.0,448826.0,26979.0
37283,448830,448830.0,448854.0,0.0
36936,421876,448826.0,448864.0,26950.0
37236,446196,448896.0,448915.0,2700.0
37235,446193,448893.0,448917.0,2700.0
37225,445433,448154.0,448934.0,2721.0
37281,448716,448915.0,448950.0,199.0
37229,445706,448610.0,448961.0,2904.0
36937,421937,448864.0,448971.0,26927.0
37237,446224,448924.0,448988.0,2700.0
37282,448757,448950.0,449074.0,193.0
36939,422069,448971.0,449077.0,26902.0
36940,422203,449077.0,449147.0,26874.0
37288,449147,449147.0,449169.0,0.0
37289,449175,449175.0,449182.0,0.0
37290,449188,449188.0,449196.0,0.0
36942,422362,449147.0,449274.0,26785.0
36944,422491,449274.0,449525.0,26783.0
37238,446307,449123.0,449622.0,2816.0
37285,448918,449622.0,449794.0,704.0
36948,422800,449525.0,449946.0,26725.0
36949,422893,449946.0,450005.0,27053.0
36950,422966,450005.0,450057.0,27039.0
36951,423036,450057.0,450103.0,27021.0
36952,423096,450103.0,450139.0,27007.0
36953,423146,450139.0,450172.0,26993.0
36954,423190,450172.0,450210.0,26982.0
36956,423244,450210.0,450244.0,26966.0
36959,423295,450244.0,450282.0,26949.0
36961,423350,450282.0,450328.0,26932.0
36963,423409,450328.0,450369.0,26919.0
37271,448086,450943.0,451022.0,2857.0
37277,448586,448586.0,451115.0,0.0
37279,448609,448609.0,451127.0,0.0
37280,448628,451328.0,451361.0,2700.0
36965,423474,453069.0,453115.0,29595.0
37198,443311,453874.0,454268.0,10563.0
37304,452341,455041.0,455060.0,2700.0
37322,454776,455060.0,455078.0,284.0
37307,452696,455396.0,455407.0,2700.0
37306,452695,455395.0,455418.0,2700.0
36966,423537,455815.0,455864.0,32278.0
37205,443787,456968.0,457476.0,13181.0
36968,423598,458564.0,458601.0,34966.0
37339,456643,459343.0,459391.0,2700.0
37344,456822,459522.0,459542.0,2700.0
37350,457635,460335.0,460427.0,2700.0
37352,457751,460451.0,460556.0,2700.0
37272,448176,460176.0,460583.0,12000.0
37357,458012,460712.0,460803.0,2700.0
37342,456743,460664.0,460850.0,3921.0
36969,423651,461301.0,461332.0,37650.0
37275,448471,463283.0,463452.0,14812.0
37278,448588,463452.0,463883.0,14864.0
36970,423692,464032.0,464065.0,40340.0
36971,423744,464065.0,464098.0,40321.0
37284,448890,463883.0,464134.0,14993.0
36975,423846,464098.0,464212.0,40252.0
36979,423982,464212.0,464329.0,40230.0
36981,424115,464329.0,464440.0,40214.0
37286,449031,464134.0,464489.0,15103.0
36983,424239,464440.0,464551.0,40201.0
37291,449303,464489.0,464654.0,15186.0
36984,424369,464551.0,464657.0,40182.0
36986,424493,464657.0,464790.0,40164.0
37295,450448,464654.0,464878.0,14206.0
36991,424668,464790.0,464920.0,40122.0
36995,424813,464920.0,465043.0,40107.0
36996,424956,465043.0,465158.0,40087.0
36997,425104,465158.0,465269.0,40054.0
36999,425228,465269.0,465374.0,40041.0
37000,425354,465374.0,465481.0,40020.0
37002,425483,465481.0,465587.0,39998.0
37300,451282,464878.0,466286.0,13596.0
37310,452835,466286.0,466613.0,13451.0
37314,453454,466613.0,467934.0,13159.0
37144,438162,465587.0,467937.0,27425.0
37326,455961,467934.0,467982.0,11973.0
37329,456038,467982.0,468124.0,11944.0
37363,458628,468124.0,468340.0,9496.0
37172,440718,467937.0,469926.0,27219.0
37379,467949,468340.0,470357.0,391.0
37378,467927,468340.0,470377.0,413.0
37381,470062,470062.0,471663.0,0.0
37380,470041,470041.0,471666.0,0.0
37191,442814,472626.0,473042.0,29812.0
37211,444416,473042.0,473914.0,28626.0
36684,384404,476614.0,476719.0,92210.0
37162,439923,476719.0,482668.0,36796.0
37161,439893,476719.0,482697.0,36826.0
37153,438540,476719.0,483805.0,38179.0
37152,438512,476719.0,483833.0,38207.0
36685,384513,476719.0,487643.0,92206.0
36762,395445,490343.0,490432.0,94898.0
36763,395538,490432.0,501356.0,94894.0
36836,411996,501356.0,501384.0,89360.0
36837,412106,501384.0,501836.0,89278.0
36868,414711,501836.0,501914.0,87125.0
36869,414857,501914.0,502000.0,87057.0
37605,501071,502000.0,502062.0,929.0
37608,501211,502062.0,502106.0,851.0
37610,501295,502106.0,502158.0,811.0
37224,445386,502000.0,502796.0,56614.0
37240,446367,502796.0,503562.0,56429.0
37257,447307,503562.0,503822.0,56255.0
37264,447665,503822.0,504331.0,56157.0
37642,503274,506958.0,506962.0,3684.0
37644,503337,506958.0,506978.0,3621.0
37643,503278,506958.0,506979.0,3680.0
37645,503417,506958.0,506982.0,3541.0
37634,502773,506958.0,506985.0,4185.0
37630,502547,506958.0,506998.0,4411.0
37661,504637,507031.0,507054.0,2394.0
37681,506333,507054.0,507072.0,721.0
37678,506248,507031.0,507084.0,783.0
37682,506375,507072.0,507090.0,697.0
37650,503789,506958.0,507093.0,3169.0
37662,504705,507031.0,507103.0,2326.0
37587,499301,507031.0,507119.0,7730.0
37688,506614,507084.0,507129.0,470.0
37595,500168,507119.0,507139.0,6951.0
37602,500720,507139.0,507211.0,6419.0
37667,505499,507139.0,507604.0,1640.0
37664,505076,507211.0,507617.0,2135.0
37676,506112,507617.0,508033.0,1505.0
37674,505890,507604.0,508054.0,1714.0
37701,508159,508159.0,508173.0,0.0
37699,507794,508033.0,508299.0,239.0
37695,507554,508299.0,508454.0,745.0
37700,508012,508454.0,508593.0,442.0
37687,506603,508033.0,508603.0,1430.0
37705,508352,508603.0,508803.0,251.0
37707,508610,508803.0,508810.0,193.0
37708,508620,508803.0,508815.0,183.0
37703,508284,508593.0,508942.0,309.0
37641,503186,507139.0,509598.0,3953.0
37680,506262,509731.0,509760.0,3469.0
37714,509269,509598.0,509999.0,329.0
37724,510148,510148.0,510172.0,0.0
37726,510216,510216.0,510237.0,0.0
37715,509332,509598.0,510283.0,266.0
37731,510317,510317.0,510375.0,0.0
37732,510349,510349.0,510418.0,0.0
37734,510380,510380.0,510426.0,0.0
37718,509580,509999.0,512194.0,419.0
37767,512152,512194.0,512231.0,42.0
37769,512173,512231.0,512260.0,58.0
37719,509603,510283.0,512458.0,680.0
37781,512744,512744.0,512759.0,0.0
37232,446093,502000.0,513022.0,55907.0
37230,446061,502000.0,513052.0,55939.0
37287,449112,502000.0,513166.0,52888.0
37717,509391,513172.0,513264.0,3781.0
37748,510823,513603.0,513628.0,2780.0
37745,510756,513603.0,513639.0,2847.0
37721,509823,513742.0,513829.0,3919.0
37722,509945,513603.0,513992.0,3658.0
37735,510434,513742.0,514186.0,3308.0
37757,511561,514261.0,514581.0,2700.0
37292,449401,504331.0,515208.0,54930.0
37604,500947,515208.0,515286.0,14261.0
37613,501400,515286.0,515398.0,13886.0
37615,501565,515398.0,515418.0,13833.0
37616,501708,515418.0,515459.0,13710.0
37622,501965,515459.0,515550.0,13494.0
37623,502079,515550.0,515843.0,13471.0
37791,513831,513831.0,515879.0,0.0
37790,513804,513829.0,515902.0,25.0
37805,515113,515902.0,515951.0,789.0
37788,513660,516360.0,516368.0,2700.0
37806,515211,515951.0,516414.0,740.0
37809,515725,516414.0,516891.0,689.0
37800,514725,517425.0,517498.0,2700.0
37824,517428,517498.0,517533.0,70.0
37804,515110,517810.0,517827.0,2700.0
37377,467042,513264.0,517879.0,46222.0
37633,502729,517879.0,518022.0,15150.0
37673,505868,518022.0,518494.0,12154.0
37631,502684,518543.0,518549.0,15859.0
37679,506249,518494.0,518739.0,12245.0
37696,507620,518739.0,518771.0,11119.0
37816,516262,518962.0,518971.0,2700.0
37697,507756,518771.0,519073.0,11015.0
37831,517820,517820.0,519380.0,0.0
37818,516545,519414.0,519451.0,2869.0
37811,515869,519414.0,519523.0,3545.0
37834,518579,519523.0,519567.0,944.0
37843,519519,519519.0,519608.0,0.0
37835,518736,519567.0,519608.0,831.0
37821,516785,519591.0,520077.0,2806.0
37640,503164,517879.0,520360.0,14715.0
37716,509339,520360.0,520502.0,11021.0
37723,510134,520502.0,520523.0,10368.0
37728,510257,520523.0,520683.0,10266.0
37740,510620,520683.0,521081.0,10063.0
37685,506573,521249.0,521848.0,14676.0
37704,508324,521773.0,521999.0,13449.0
37845,520041,522741.0,522769.0,2700.0
37752,510952,522333.0,522834.0,11381.0
37873,522935,522935.0,522953.0,0.0
37833,518532,522834.0,523190.0,4302.0
37849,520652,523352.0,523374.0,2700.0
37846,520072,523190.0,523535.0,3118.0
37754,511144,521081.0,523616.0,9937.0
37794,514138,523616.0,523642.0,9478.0
37856,521066,523535.0,523680.0,2469.0
37798,514381,523642.0,523960.0,9261.0
37861,522007,522007.0,524083.0,0.0
37860,521985,521999.0,524095.0,14.0
37879,523740,524083.0,524097.0,343.0
37858,521548,523680.0,524185.0,2132.0
37889,524326,524326.0,524335.0,0.0
37872,522881,524185.0,524365.0,1304.0
37817,516314,523960.0,524375.0,7646.0
37789,513728,521848.0,524380.0,8120.0
37819,516595,524375.0,524402.0,7780.0
37842,519449,524402.0,524559.0,4953.0
37859,521743,524559.0,524638.0,2816.0
37874,523083,524365.0,524666.0,1282.0
37793,514051,524699.0,524723.0,10648.0
37881,523850,524666.0,524758.0,816.0
37877,523330,524666.0,524762.0,1336.0
37863,522131,524638.0,524770.0,2507.0
37886,524207,524758.0,524786.0,551.0
37876,523309,524723.0,524838.0,1414.0
37888,524244,524762.0,524844.0,518.0
37893,524797,524838.0,524870.0,41.0
37880,523824,524770.0,524886.0,946.0
37891,524582,524786.0,524907.0,204.0
37894,524837,524838.0,524909.0,1.0
37865,522254,524954.0,524980.0,2700.0
37892,524711,524838.0,525495.0,127.0
37898,525299,525495.0,525513.0,196.0
37896,524993,525495.0,525558.0,502.0
37903,525649,525649.0,525749.0,0.0
37829,517747,524380.0,526013.0,6633.0
37911,526147,526147.0,526163.0,0.0
37912,526166,526166.0,526177.0,0.0
37864,522152,526074.0,526187.0,3922.0
37902,525414,526013.0,526199.0,599.0
37905,525745,526013.0,526379.0,268.0
37648,503649,524909.0,527503.0,21260.0
37897,525245,527945.0,527987.0,2700.0
37901,525344,525495.0,528603.0,151.0
37899,525321,525495.0,528623.0,174.0
37691,506726,527503.0,528932.0,20777.0
37935,528959,528959.0,529005.0,0.0
37937,529018,529018.0,529037.0,0.0
37941,529129,529129.0,529165.0,0.0
37942,529132,529165.0,529191.0,33.0
37910,526118,528899.0,529298.0,2781.0
37945,529358,529358.0,529382.0,0.0
37921,527477,529298.0,529391.0,1821.0
37928,527821,529391.0,529449.0,1570.0
37929,527884,529449.0,529585.0,1565.0
37931,528300,529585.0,529662.0,1285.0
37947,529479,529662.0,529745.0,183.0
37924,527633,530333.0,530348.0,2700.0
37925,527665,530365.0,530371.0,2700.0
37927,527683,530383.0,530397.0,2700.0
37915,526827,530987.0,531094.0,4160.0
37961,531175,531175.0,531269.0,0.0
37963,531361,531361.0,531374.0,0.0
37964,531388,531388.0,531397.0,0.0
37917,527078,531603.0,531739.0,4525.0
37706,508522,531632.0,531758.0,23110.0
37938,529043,529043.0,532156.0,0.0
37940,529066,529066.0,532158.0,0.0
37709,508711,531758.0,533193.0,23047.0
37710,508716,533193.0,533338.0,24477.0
37954,530493,533423.0,533474.0,2930.0
37979,533130,533474.0,533520.0,344.0
37951,530126,533794.0,533893.0,3668.0
37984,534088,534088.0,534106.0,0.0
37985,534124,534124.0,534140.0,0.0
37967,531879,534579.0,534632.0,2700.0
37952,530158,534439.0,534913.0,4281.0
37975,532887,535587.0,535601.0,2700.0
37993,535600,535601.0,535621.0,1.0
37976,532919,535619.0,535626.0,2700.0
37977,532928,535628.0,535639.0,2700.0
37996,535894,535894.0,535907.0,0.0
37997,535895,535907.0,535929.0,12.0
37711,508885,536038.0,536151.0,27153.0
37969,532042,536069.0,536159.0,4027.0
37712,509027,536151.0,536258.0,27124.0
37995,535646,535646.0,536439.0,0.0
38000,536434,536434.0,536440.0,0.0
37982,533781,536481.0,536495.0,2700.0
37981,533580,536593.0,536683.0,3013.0
37999,536007,536159.0,536688.0,152.0
38003,536952,536952.0,536983.0,0.0
38002,536899,536899.0,537046.0,0.0
37986,534386,537086.0,537101.0,2700.0
37987,534427,537127.0,537136.0,2700.0
37989,534591,537291.0,537311.0,2700.0
37991,534741,537441.0,537533.0,2700.0
37933,528853,537613.0,537787.0,8760.0
37992,535547,538247.0,538287.0,2700.0
37713,509154,538958.0,539063.0,29804.0
37994,535625,538325.0,539136.0,2700.0
38004,537434,540134.0,540147.0,2700.0
37946,529475,540487.0,540642.0,11012.0
38018,540719,540719.0,540760.0,0.0
38019,540769,540769.0,540811.0,0.0
38007,538094,540951.0,540972.0,2857.0
38020,540906,540906.0,540998.0,0.0
38021,540914,540914.0,541001.0,0.0
38022,540922,540922.0,541004.0,0.0
38023,540930,540930.0,541007.0,0.0
38024,540940,540940.0,541103.0,0.0
38011,538945,541645.0,541667.0,2700.0
38010,538936,541636.0,541681.0,2700.0
38012,538993,541693.0,541714.0,2700.0
38013,539019,541719.0,541741.0,2700.0
37725,510162,541763.0,541807.0,31601.0
38015,540256,542956.0,542962.0,2700.0
38017,540414,543114.0,543134.0,2700.0
37950,530101,543342.0,543464.0,13241.0
37960,531149,543464.0,543582.0,12315.0
37968,532017,543582.0,543695.0,11565.0
37980,533552,543695.0,543811.0,10143.0
37990,534675,543811.0,543967.0,9136.0
38001,536833,543967.0,544178.0,7134.0
38008,538253,544178.0,544395.0,5925.0
38009,538884,544395.0,544527.0,5511.0
37727,510218,544507.0,544564.0,34289.0
38028,542793,544527.0,544585.0,1734.0
38031,543296,544527.0,544599.0,1231.0
38035,543950,544585.0,544601.0,635.0
37730,510291,544564.0,544631.0,34273.0
38030,543271,544527.0,544633.0,1256.0
38039,544234,544585.0,544659.0,351.0
38034,543392,544585.0,544661.0,1193.0
38033,543380,544585.0,544697.0,1205.0
37733,510372,544631.0,544698.0,34259.0
38037,544011,544585.0,544722.0,574.0
37736,510459,544698.0,544734.0,34239.0
37737,510507,544734.0,544765.0,34227.0
37738,510547,544765.0,544795.0,34218.0
37739,510591,544795.0,544834.0,34204.0
37741,510652,544834.0,544904.0,34182.0
38036,543975,544585.0,544919.0,610.0
38027,542535,545834.0,545897.0,3299.0
38029,543222,545922.0,545946.0,2700.0
38043,545941,545946.0,545982.0,5.0
38041,545865,545897.0,546005.0,32.0
38040,544411,544585.0,546023.0,174.0
38044,546025,546025.0,546151.0,0.0
38045,546257,546257.0,546323.0,0.0
38032,543371,546514.0,546520.0,3143.0
38047,546338,546338.0,546639.0,0.0
38050,546650,546650.0,546666.0,0.0
37743,510734,547604.0,547648.0,36870.0
38057,547743,547743.0,547801.0,0.0
38058,547806,547806.0,548549.0,0.0
38061,548446,548549.0,548596.0,103.0
38062,548603,548603.0,548910.0,0.0
38048,546428,549433.0,549474.0,3005.0
38056,547691,549474.0,549509.0,1783.0
38049,546474,549704.0,549739.0,3230.0
38065,548783,549739.0,549771.0,956.0
38067,548856,549739.0,549771.0,883.0
38066,548819,549739.0,549774.0,920.0
38060,548258,549509.0,549828.0,1251.0
38053,547426,550126.0,550158.0,2700.0
38054,547461,550161.0,550237.0,2700.0
38055,547575,549474.0,550432.0,1899.0
37747,510795,550348.0,550457.0,39553.0
38052,547387,550782.0,550818.0,3395.0
38059,548090,550823.0,550837.0,2733.0
38064,548744,551610.0,551643.0,2866.0
37750,510915,553157.0,553263.0,42242.0
38069,551668,554368.0,554399.0,2700.0
38070,551710,554410.0,554464.0,2700.0
38042,545886,555232.0,555270.0,9346.0
37753,511034,555963.0,556065.0,44929.0
38046,546319,557970.0,558006.0,11651.0
37755,511154,558765.0,558875.0,47611.0
37758,511797,561575.0,561607.0,49778.0
37382,471669,564307.0,564393.0,92638.0
37383,471765,564393.0,575328.0,92628.0
37759,511860,575328.0,575329.0,63468.0
37760,511867,575329.0,575363.0,63462.0
37762,511943,575363.0,575406.0,63420.0
37764,512007,575406.0,575436.0,63399.0
37765,512065,575436.0,575468.0,63371.0
37766,512113,575468.0,575500.0,63355.0
37768,512160,575500.0,575531.0,63340.0
37770,512206,575531.0,575562.0,63325.0
37771,512252,575562.0,575672.0,63310.0
37774,512372,575672.0,575777.0,63300.0
37777,512491,575777.0,575882.0,63286.0
37779,512611,575882.0,575982.0,63271.0
37780,512725,575982.0,576082.0,63257.0
37782,512837,576082.0,576183.0,63245.0
37783,512948,576183.0,576225.0,63235.0
37784,512995,576225.0,576326.0,63230.0
37786,513112,576326.0,576427.0,63214.0
37801,514741,576427.0,576469.0,61686.0
37803,515090,576469.0,576571.0,61379.0
37807,515281,576571.0,576657.0,61290.0
37822,516786,576657.0,579983.0,59871.0
37847,520292,579983.0,580342.0,59691.0
37852,520813,580342.0,581779.0,59529.0
37866,522306,581779.0,583209.0,59473.0
37890,524521,583209.0,584828.0,58688.0
37913,526209,584828.0,586248.0,58619.0
37384,482706,575328.0,586252.0,92622.0
37944,529209,586252.0,586969.0,57043.0
37926,527674,586248.0,587685.0,58574.0
37949,529947,586969.0,588379.0,57022.0
37965,531443,587685.0,589126.0,56242.0
37983,533917,589126.0,589291.0,55209.0
37978,532974,588379.0,589788.0,55405.0
37988,534480,589291.0,590702.0,54811.0
38005,537624,590702.0,591124.0,53078.0
37998,535951,589788.0,591267.0,53837.0
38006,538070,591124.0,592095.0,53054.0
38025,541153,592095.0,592925.0,50942.0
38016,540324,591267.0,593044.0,50943.0
38026,542189,592925.0,594684.0,50736.0
38063,548704,594684.0,594720.0,45980.0
38125,586790,594720.0,594723.0,7930.0
38126,587107,594720.0,594723.0,7613.0
38127,587122,594720.0,594723.0,7598.0
38128,587964,594720.0,594723.0,6756.0
38129,589220,594720.0,594723.0,5500.0
38139,590953,594720.0,594724.0,3767.0
38130,589262,594723.0,594726.0,5461.0
38142,591182,594723.0,594728.0,3541.0
38131,589283,594726.0,594729.0,5443.0
38169,594308,594724.0,594730.0,416.0
38155,592963,594723.0,594740.0,1760.0
38160,593292,594723.0,594743.0,1431.0
38163,593488,594723.0,594748.0,1235.0
38120,584795,594720.0,594763.0,9925.0
38141,591129,594723.0,594764.0,3594.0
38119,584734,594720.0,594769.0,9986.0
38122,585173,594720.0,594770.0,9547.0
38140,591032,594723.0,594787.0,3691.0
38143,591634,594729.0,594808.0,3095.0
38144,591656,594770.0,594828.0,3114.0
38118,584697,594720.0,594832.0,10023.0
38153,592659,594832.0,594873.0,2173.0
38146,591795,594787.0,594892.0,2992.0
38138,590822,594720.0,594902.0,3898.0
38145,591775,594808.0,594933.0,3033.0
38158,593184,594873.0,595007.0,1689.0
38150,592109,594933.0,595069.0,2824.0
38147,591883,594933.0,595101.0,3050.0
38149,592057,594828.0,595169.0,2771.0
38151,592612,595007.0,595184.0,2395.0
38161,593440,595101.0,595241.0,1661.0
38159,593196,595069.0,595257.0,1873.0
38167,594226,594743.0,595332.0,517.0
38177,595343,595343.0,595345.0,0.0
38166,594004,595184.0,595357.0,1180.0
38174,594796,595241.0,595616.0,445.0
38038,544053,593044.0,595629.0,48991.0
38152,592614,595629.0,595715.0,3015.0
38148,592034,595357.0,595720.0,3323.0
38157,593111,595629.0,595834.0,2518.0
38176,595225,595225.0,598654.0,0.0
38205,598003,598654.0,598673.0,651.0
38208,598863,598863.0,598880.0,0.0
38198,597234,599934.0,599953.0,2700.0
38178,595364,595929.0,600316.0,565.0
38203,597582,600282.0,600331.0,2700.0
38195,597149,600316.0,600332.0,3167.0
38196,597176,600332.0,600334.0,3156.0
38197,597184,600334.0,600349.0,3150.0
38210,598940,600349.0,600370.0,1409.0
38211,598985,600370.0,600377.0,1385.0
38224,600373,600373.0,600385.0,0.0
38213,598997,600377.0,600392.0,1380.0
38185,596169,600429.0,600442.0,4260.0
38225,600433,600433.0,600448.0,0.0
38187,596455,600520.0,600521.0,4065.0
38186,596209,600515.0,600528.0,4306.0
38222,599762,600528.0,600596.0,766.0
38209,598870,600442.0,600937.0,1572.0
38188,596461,601673.0,601682.0,5212.0
38190,596509,601673.0,601683.0,5164.0
38191,596630,601673.0,601686.0,5043.0
38233,601524,601682.0,601713.0,158.0
38234,601559,601713.0,601858.0,154.0
38236,601847,601858.0,601914.0,11.0
38218,599437,602137.0,602289.0,2700.0
38243,602120,602289.0,602311.0,169.0
38250,602260,602311.0,602355.0,51.0
38237,601937,601937.0,602395.0,0.0
38221,599713,602413.0,602426.0,2700.0
38239,602011,602395.0,602429.0,384.0
38238,601983,602395.0,602430.0,412.0
38242,602070,602395.0,602441.0,325.0
38244,602135,602395.0,602441.0,260.0
38248,602236,602395.0,602476.0,159.0
38192,596713,603016.0,603027.0,6303.0
38259,602988,603027.0,603061.0,39.0
38256,602688,603027.0,603073.0,339.0
38262,603235,603235.0,603294.0,0.0
38257,602826,603027.0,603302.0,201.0
38264,603349,603349.0,603393.0,0.0
38266,603386,603386.0,603406.0,0.0
38268,603617,603617.0,603657.0,0.0
38272,603838,603838.0,603864.0,0.0
38247,602170,602395.0,604000.0,225.0
38245,602147,602395.0,604020.0,248.0
38232,601210,603910.0,604034.0,2700.0
38269,603696,604020.0,604068.0,324.0
38276,604142,604142.0,604241.0,0.0
38278,604367,604367.0,604408.0,0.0
38279,604441,604441.0,604609.0,0.0
38240,602047,604753.0,604815.0,2706.0
38255,602598,605328.0,605342.0,2730.0
38254,602549,605396.0,605428.0,2847.0
38251,602264,605242.0,605462.0,2978.0
38263,603298,605462.0,605477.0,2164.0
38277,604180,605477.0,605649.0,1297.0
38261,603168,605868.0,606177.0,2700.0
38252,602397,604034.0,606275.0,1637.0
38300,606245,606275.0,606287.0,30.0
38299,606167,606275.0,606317.0,108.0
38296,606074,606275.0,606327.0,201.0
38298,606110,606275.0,606542.0,165.0
38303,606540,606540.0,606556.0,0.0
38286,605302,606275.0,606947.0,973.0
38301,606425,606425.0,607028.0,0.0
38283,604692,607392.0,607417.0,2700.0
38280,604441,607827.0,607853.0,3386.0
38260,603143,608128.0,608139.0,4985.0
38293,605886,608586.0,608604.0,2700.0
38282,604643,608042.0,608651.0,3399.0
38285,605244,605649.0,608674.0,405.0
38294,605938,608868.0,608894.0,2930.0
38295,605987,608877.0,608901.0,2890.0
38304,606833,609728.0,609788.0,2895.0
38329,609533,609788.0,610085.0,255.0
38331,609904,609904.0,610210.0,0.0
38292,605783,610839.0,611028.0,5056.0
38313,607807,611374.0,611519.0,3567.0
38310,607111,610977.0,611593.0,3866.0
38309,607061,611342.0,611601.0,4281.0
38346,611118,611593.0,611636.0,475.0
38316,608285,611519.0,611658.0,3234.0
38351,611496,611601.0,611671.0,105.0
38349,611383,611601.0,611691.0,218.0
38352,611711,611711.0,611729.0,0.0
38317,608440,611658.0,611800.0,3218.0
38355,611839,611839.0,611887.0,0.0
38323,608844,611800.0,611935.0,2956.0
38328,609334,612034.0,612050.0,2700.0
38359,612151,612151.0,612196.0,0.0
38326,609215,612488.0,612785.0,3273.0
38348,611322,611322.0,612963.0,0.0
38336,610286,612986.0,613256.0,2700.0
38347,611295,611593.0,613258.0,298.0
38338,610767,613467.0,613564.0,2700.0
38339,610888,613588.0,613686.0,2700.0
38343,610982,613682.0,613742.0,2700.0
38345,611000,613701.0,613773.0,2701.0
38314,608011,613728.0,613864.0,5717.0
38324,608999,614635.0,614768.0,5636.0
38371,613277,613277.0,614935.0,0.0
38372,613298,613298.0,614938.0,0.0
38387,614858,614938.0,616081.0,80.0
38364,612839,615539.0,616116.0,2700.0
38394,616343,616343.0,616430.0,0.0
38340,610910,616600.0,616639.0,5690.0
38362,612599,616639.0,616808.0,4040.0
38327,609332,613864.0,616879.0,4532.0
38363,612769,616808.0,617046.0,4039.0
38365,613012,616879.0,617080.0,3867.0
38368,613189,617080.0,617081.0,3891.0
38367,613128,617046.0,617082.0,3918.0
38370,613245,617082.0,617119.0,3837.0
38374,613510,617119.0,617327.0,3609.0
38369,613216,617081.0,617374.0,3865.0
38385,614657,617357.0,617410.0,2700.0
38378,613722,617327.0,617497.0,3605.0
38380,613894,617374.0,617526.0,3480.0
38381,614047,617497.0,617681.0,3450.0
38382,614233,617526.0,617707.0,3293.0
38360,612355,617468.0,617710.0,5113.0
38384,614417,617681.0,617736.0,3264.0
38405,617615,617710.0,617756.0,95.0
38404,617368,617710.0,617757.0,342.0
38388,615050,617763.0,617821.0,2713.0
38398,616649,617410.0,618676.0,761.0
38395,616525,617707.0,619097.0,1182.0
38409,618538,619097.0,619999.0,559.0
38425,619688,619999.0,620033.0,311.0
38424,619644,619999.0,620067.0,355.0
38410,618546,619999.0,620111.0,1453.0
38412,618798,619999.0,620132.0,1201.0
38436,620362,620362.0,620406.0,0.0
38219,599459,617757.0,620548.0,18298.0
38397,616611,619311.0,620615.0,2700.0
38421,619203,620548.0,620783.0,1345.0
38426,619735,620548.0,620859.0,813.0
38428,619800,619999.0,620861.0,199.0
38407,617909,620881.0,620887.0,2972.0
38417,618963,619999.0,621032.0,1036.0
38408,618525,621225.0,621298.0,2700.0
38437,620521,620615.0,621421.0,94.0
38415,618854,621554.0,621610.0,2700.0
38441,620792,620887.0,621797.0,95.0
38447,621744,621797.0,622118.0,53.0
38420,619136,622297.0,622310.0,3161.0
38418,619106,622297.0,622321.0,3191.0
38416,618862,622297.0,622420.0,3435.0
38449,622068,622068.0,622624.0,0.0
38419,619128,622621.0,622695.0,3493.0
38439,620642,620783.0,623064.0,141.0
38440,620713,623559.0,623649.0,2846.0
38453,622641,625341.0,625487.0,2700.0
38456,622849,625549.0,625596.0,2700.0
38472,624347,625596.0,625680.0,1249.0
38460,622994,625694.0,625779.0,2700.0
38484,625661,625680.0,625805.0,19.0
38463,623170,625870.0,625925.0,2700.0
38461,623002,625832.0,625945.0,2830.0
38452,622544,625764.0,626009.0,3220.0
38465,623273,625945.0,626061.0,2672.0
38479,625147,626009.0,626078.0,862.0
38466,623391,626098.0,626117.0,2707.0
38480,625242,626061.0,626127.0,819.0
38486,625970,626117.0,626134.0,147.0
38482,625481,626078.0,626143.0,597.0
38464,623264,626221.0,626286.0,2957.0
38483,625594,626127.0,626316.0,533.0
38491,626329,626329.0,626421.0,0.0
38493,626425,626425.0,626442.0,0.0
38467,623450,626410.0,626475.0,2960.0
38458,622932,626918.0,627101.0,3986.0
38496,626521,627101.0,627209.0,580.0
38501,627214,627214.0,627240.0,0.0
38471,624268,627220.0,627283.0,2952.0
38500,627149,627149.0,627444.0,0.0
38499,627123,627283.0,627601.0,160.0
38503,627561,627561.0,627601.0,0.0
38504,627562,627601.0,627665.0,39.0
38502,627512,627601.0,627716.0,89.0
38489,626292,626292.0,627916.0,0.0
38490,626313,626313.0,627919.0,0.0
38510,628190,628190.0,628206.0,0.0
38495,626449,629175.0,629355.0,2726.0
38474,624498,626443.0,629493.0,1945.0
38513,628692,629493.0,629605.0,801.0
38523,629628,629628.0,629658.0,0.0
38517,628847,629605.0,629890.0,758.0
38519,628917,629355.0,630982.0,438.0
38518,628893,629355.0,631001.0,462.0
38514,628696,631396.0,631435.0,2700.0
38515,628747,631447.0,631504.0,2700.0
38512,628531,632055.0,632211.0,3524.0
38535,630931,630982.0,632675.0,51.0
38520,629143,632516.0,632691.0,3373.0
38546,632657,632675.0,632691.0,18.0
38522,629537,632590.0,632704.0,3053.0
38534,630910,631001.0,632713.0,91.0
38536,630955,632704.0,632833.0,1749.0
38547,632751,632751.0,632866.0,0.0
38548,632760,632760.0,632869.0,0.0
38549,632769,632769.0,632870.0,0.0
38551,632793,632833.0,632913.0,40.0
38550,632782,632833.0,632923.0,51.0
38532,630814,633514.0,633562.0,2700.0
38533,630888,633588.0,633606.0,2700.0
38537,631012,634204.0,634276.0,3192.0
38525,629741,634911.0,635270.0,5170.0
38530,630138,632691.0,635426.0,2553.0
38051,547254,640226.0,640348.0,92972.0
38074,554797,640348.0,640519.0,85551.0
38075,554978,640519.0,651451.0,85541.0
38076,565931,651451.0,651534.0,85520.0
38164,593514,651534.0,656880.0,58020.0
38552,640142,656880.0,660504.0,16738.0
38553,640169,660504.0,660671.0,20335.0
38576,646100,660671.0,660683.0,14571.0
38577,646163,660671.0,660683.0,14508.0
38561,640464,660671.0,660776.0,20207.0
38560,640456,660671.0,660782.0,20215.0
38558,640440,660671.0,660795.0,20231.0
38557,640429,660671.0,660805.0,20242.0
38556,640421,660671.0,660811.0,20250.0
38555,640412,660671.0,660819.0,20259.0
38554,640404,660671.0,660825.0,20267.0
38559,640448,660671.0,660874.0,20223.0
38562,640694,660671.0,660887.0,19977.0
38566,644214,660874.0,661404.0,16660.0
38569,644820,660887.0,662165.0,16067.0
38077,566017,651534.0,662461.0,85517.0
38154,592838,667261.0,667361.0,74423.0
38654,666483,667361.0,667364.0,878.0
38344,610994,667361.0,673155.0,56367.0
38342,610964,667361.0,673178.0,56397.0
38434,620027,667361.0,673187.0,47334.0
38432,620003,667361.0,673211.0,47358.0
38413,618799,667361.0,674203.0,48562.0
38411,618766,667361.0,674235.0,48595.0
38267,603467,667361.0,676242.0,63894.0
38450,622113,667361.0,676489.0,45248.0
38469,623641,667361.0,676593.0,43720.0
38761,678129,681061.0,681077.0,2932.0
38807,683622,686322.0,686345.0,2700.0
38564,643694,678942.0,689156.0,35248.0
38652,653912,691856.0,691954.0,37944.0
38835,688492,691954.0,691970.0,3462.0
38845,690268,691954.0,691970.0,1686.0
38855,692176,692176.0,692188.0,0.0
38856,692226,692226.0,692723.0,0.0
38858,692731,692731.0,692753.0,0.0
38859,692786,692786.0,694300.0,0.0
38762,678361,691954.0,702082.0,13593.0
38844,690104,704782.0,704877.0,14678.0
38846,690409,704877.0,704969.0,14468.0
38895,700923,704969.0,704972.0,4046.0
38913,704425,704969.0,704986.0,544.0
38907,703692,704969.0,704991.0,1277.0
38906,703321,704969.0,705039.0,1648.0
38905,703293,704969.0,705066.0,1676.0
38867,694322,704969.0,715070.0,10647.0
38918,705635,715070.0,715074.0,9435.0
38920,706522,715070.0,715074.0,8548.0
38941,710056,715070.0,715074.0,5014.0
38940,710038,715070.0,715076.0,5032.0
38975,714954,715070.0,715076.0,116.0
38939,710036,715070.0,715077.0,5034.0
38938,710035,715070.0,715078.0,5035.0
38937,710032,715070.0,715080.0,5038.0
38936,710031,715070.0,715081.0,5039.0
38935,710029,715070.0,715083.0,5041.0
38974,714952,715083.0,715091.0,131.0
38973,714950,715081.0,715093.0,131.0
38977,714957,715091.0,715095.0,134.0
38943,710283,715070.0,715119.0,4787.0
38945,710287,715077.0,715122.0,4790.0
38946,710290,715080.0,715123.0,4790.0
38944,710285,715077.0,715124.0,4792.0
38947,710292,715083.0,715124.0,4791.0
38942,710282,715076.0,715125.0,4794.0
38958,711734,715124.0,715222.0,3390.0
38967,713890,715125.0,715231.0,1235.0
38972,714949,715222.0,715234.0,273.0
38976,714955,715234.0,715240.0,279.0
38982,715246,715246.0,715340.0,0.0
38983,715247,715247.0,715341.0,0.0
38981,715244,715244.0,715343.0,0.0
38984,715249,715340.0,715433.0,91.0
38985,715251,715343.0,715434.0,92.0
38986,715252,715433.0,715524.0,181.0
38988,715385,715434.0,715544.0,49.0
38951,711119,715124.0,715673.0,4005.0
38950,711090,715123.0,715700.0,4033.0
38957,711689,715673.0,715817.0,3984.0
38966,713833,715700.0,715862.0,1867.0
38987,715360,715817.0,715952.0,457.0
38990,716022,716022.0,716036.0,0.0
38915,704507,705066.0,720125.0,559.0
39002,718276,720125.0,720276.0,1849.0
39007,718577,720125.0,720448.0,1548.0
38997,717272,720662.0,720801.0,3390.0
38998,717302,720752.0,720860.0,3450.0
39003,718305,721277.0,721400.0,2972.0
39009,718610,721310.0,721601.0,2700.0
39011,719569,722269.0,722283.0,2700.0
39043,726962,729662.0,729677.0,2700.0
39026,722929,725629.0,730174.0,2700.0
39027,722931,725631.0,735829.0,2700.0
39093,737849,740629.0,740641.0,2780.0
39070,733130,735830.0,740665.0,2700.0
39095,739281,742159.0,742260.0,2878.0
39096,739459,742159.0,742298.0,2700.0
39094,737974,740665.0,750841.0,2691.0
39098,759341,762041.0,762174.0,2700.0
39099,759370,762070.0,762175.0,2700.0
39100,759584,762174.0,762295.0,2590.0
39102,760407,762295.0,762476.0,1888.0
39104,760955,762476.0,762600.0,1521.0
39101,759607,763107.0,763205.0,3500.0
39103,760439,763139.0,763288.0,2700.0
39105,760981,763681.0,763780.0,2700.0
39124,768592,771292.0,771308.0,2700.0
39131,770021,772721.0,772736.0,2700.0
39140,772248,774948.0,775055.0,2700.0
39144,772407,775107.0,775128.0,2700.0
39146,772496,775196.0,775214.0,2700.0
39148,772580,775280.0,775300.0,2700.0
39168,774515,775300.0,775324.0,785.0
39170,774647,775324.0,775354.0,677.0
39175,775055,775354.0,775417.0,299.0
39178,775483,775483.0,775490.0,0.0
39176,775140,775417.0,775510.0,277.0
39179,775562,775562.0,775566.0,0.0
39150,773113,775813.0,775852.0,2700.0
39151,773183,775883.0,775903.0,2700.0
39152,773356,776056.0,776158.0,2700.0
39153,773489,776189.0,776223.0,2700.0
39155,773759,776459.0,776505.0,2700.0
39156,773890,776590.0,776730.0,2700.0
39162,774184,776884.0,776916.0,2700.0
39097,759205,761905.0,776982.0,2700.0
39163,774266,776966.0,776992.0,2700.0
39165,774291,776991.0,777007.0,2700.0
39166,774320,777020.0,777062.0,2700.0
39167,774428,777128.0,777149.0,2700.0
39169,774624,777347.0,777352.0,2723.0
39172,774951,777651.0,777654.0,2700.0
39173,774962,777662.0,777666.0,2700.0
39174,775006,777706.0,777709.0,2700.0
39195,777936,777936.0,777963.0,0.0
39197,778064,781782.0,781799.0,3718.0
39207,780659,783359.0,783373.0,2700.0
39196,777961,781782.0,784478.0,3821.0
39220,783368,789278.0,789374.0,5910.0
39222,784048,789374.0,790702.0,5326.0
39237,786808,790702.0,790717.0,3894.0
39251,789267,790702.0,790762.0,1435.0
39229,785403,789374.0,790777.0,3971.0
39240,787724,790777.0,790868.0,3053.0
39260,790592,790868.0,791422.0,276.0
39243,788165,790868.0,793268.0,2703.0
39265,792016,793268.0,797570.0,1252.0
39266,796319,799019.0,799034.0,2700.0
39268,802422,805122.0,805146.0,2700.0
39267,796400,797570.0,809469.0,1170.0
39269,808168,810868.0,810883.0,2700.0
39273,810919,810919.0,810924.0,0.0
39270,808302,811002.0,811021.0,2700.0
39272,809329,809469.0,820393.0,140.0
39271,809328,812028.0,822952.0,2700.0
39279,822566,825652.0,825739.0,3086.0
39514,851460,854160.0,854210.0,2700.0
39516,851760,854460.0,854521.0,2700.0
39519,851945,854645.0,854692.0,2700.0
39523,852323,855023.0,855381.0,2700.0
39540,854879,855381.0,855385.0,502.0
39545,855246,855381.0,855387.0,135.0
39539,854877,855381.0,855390.0,504.0
39546,855247,855385.0,855391.0,138.0
39538,854874,855381.0,855392.0,507.0
39547,855249,855387.0,855392.0,138.0
39551,855362,855391.0,855418.0,29.0
39552,855363,855392.0,855418.0,29.0
39550,855360,855390.0,855419.0,30.0
39554,855366,855418.0,855442.0,52.0
39541,854881,855442.0,855444.0,561.0
39544,855244,855444.0,855456.0,200.0
39548,855250,855456.0,855461.0,206.0
39549,855359,855461.0,855493.0,102.0
39553,855365,855493.0,855518.0,128.0
39555,855607,855607.0,855682.0,0.0
39561,855719,855719.0,855744.0,0.0
39558,855613,855682.0,855749.0,69.0
39557,855611,855682.0,855750.0,71.0
39556,855609,855682.0,855752.0,73.0
39564,855780,855780.0,855787.0,0.0
39565,855782,855787.0,855793.0,5.0
39566,855783,855793.0,855799.0,10.0
39560,855617,855749.0,855813.0,132.0
39559,855615,855813.0,855879.0,198.0
39570,855910,855910.0,855918.0,0.0
39571,855912,855912.0,855919.0,0.0
39572,855915,855918.0,855923.0,3.0
39530,853287,855987.0,856361.0,2700.0
39528,853137,855837.0,856445.0,2700.0
39529,853160,855860.0,856446.0,2700.0
39578,856427,856427.0,856453.0,0.0
39526,852779,855479.0,856730.0,2700.0
39533,854199,856445.0,857135.0,2246.0
39537,854873,857573.0,857584.0,2700.0
39583,856818,857584.0,857589.0,766.0
39582,856816,857584.0,857590.0,768.0
39587,857132,857589.0,857594.0,457.0
39588,857133,857590.0,857595.0,457.0
39589,857135,857594.0,857598.0,459.0
39592,857454,857598.0,857602.0,144.0
39591,857452,857595.0,857603.0,143.0
39593,857456,857602.0,857605.0,146.0
39595,857748,857748.0,857792.0,0.0
39596,857812,857812.0,857833.0,0.0
39542,854967,857135.0,857876.0,2168.0
39563,855779,857876.0,857884.0,2097.0
39567,855785,857884.0,857889.0,2099.0
39532,853694,856394.0,858009.0,2700.0
39597,857838,857838.0,859434.0,0.0
39598,857861,857861.0,859434.0,0.0
39581,856814,859514.0,859576.0,2700.0
39585,857057,859757.0,859806.0,2700.0
39568,855808,857889.0,861515.0,2081.0
39534,854258,856730.0,861906.0,2472.0
39580,856812,861906.0,861915.0,5094.0
39586,857130,861915.0,861922.0,4785.0
39590,857451,861922.0,861931.0,4471.0
39535,854334,857034.0,862134.0,2700.0
39569,855907,862134.0,862145.0,6227.0
39573,855996,861515.0,862246.0,5519.0
39599,857882,861931.0,862353.0,4049.0
39607,863188,865888.0,865920.0,2700.0
39608,863202,866945.0,866947.0,3743.0
39618,863831,866947.0,867139.0,3116.0
39623,864875,867139.0,867180.0,2264.0
39624,864881,867180.0,867216.0,2299.0
39625,864883,867216.0,867250.0,2333.0
39629,865131,867250.0,867336.0,2119.0
39634,865685,867336.0,867390.0,1651.0
39616,863647,866947.0,867393.0,3300.0
39615,863644,866947.0,867396.0,3303.0
39631,865135,867396.0,867479.0,2261.0
39630,865133,867396.0,867480.0,2263.0
39614,863639,867046.0,867499.0,3407.0
39613,863632,867046.0,867506.0,3414.0
39626,864911,867506.0,867513.0,2595.0
39612,863615,867046.0,867525.0,3431.0
39611,863609,867046.0,867531.0,3437.0
39620,864739,867393.0,867545.0,2654.0
39622,864873,867531.0,867574.0,2658.0
39628,865129,867574.0,867663.0,2445.0
39633,865656,867663.0,867745.0,2007.0
39647,867688,867688.0,867793.0,0.0
39610,863289,867153.0,868154.0,3864.0
39638,866171,868154.0,868215.0,1983.0
39641,866698,868215.0,868259.0,1517.0
39642,866971,868259.0,868659.0,1288.0
39639,866251,868951.0,868956.0,2700.0
39627,864923,867545.0,869569.0,2622.0
39645,867380,869569.0,869981.0,2189.0
39653,868284,869981.0,870338.0,1697.0
39609,863218,867046.0,870767.0,3828.0
39643,867000,870767.0,870891.0,3767.0
39651,868219,870919.0,870938.0,2700.0
39648,867857,870891.0,871006.0,3034.0
39652,868233,870933.0,871027.0,2700.0
39654,868348,871048.0,871074.0,2700.0
39650,868213,871006.0,871433.0,2793.0
39658,868649,871433.0,871463.0,2784.0
39659,869037,871463.0,871567.0,2426.0
39655,868381,869981.0,871601.0,1600.0
39664,869613,871567.0,871610.0,1954.0
39677,871626,871626.0,871670.0,0.0
39678,871682,871682.0,871700.0,0.0
39679,871706,871706.0,871735.0,0.0
39680,871728,871728.0,871748.0,0.0
39671,870903,871610.0,871858.0,707.0
39682,872015,872015.0,872948.0,0.0
39683,872036,872036.0,872949.0,0.0
39667,869826,873059.0,873311.0,3233.0
39656,868406,872313.0,873910.0,3907.0
39668,870199,873459.0,873949.0,3260.0
39699,874019,874019.0,874050.0,0.0
39701,874073,874073.0,874102.0,0.0
39700,874056,874056.0,874170.0,0.0
39702,874110,874110.0,874235.0,0.0
39703,874303,874303.0,874335.0,0.0
39688,872926,875626.0,875647.0,2700.0
39686,872842,875626.0,875690.0,2784.0
39735,875885,875947.0,875972.0,62.0
39685,872615,875648.0,876029.0,3033.0
39736,875899,875972.0,876056.0,73.0
39636,865810,867479.0,876136.0,1669.0
39741,876350,876350.0,876370.0,0.0
39635,865785,867745.0,876426.0,1960.0
39698,873871,876571.0,876616.0,2700.0
39690,872951,875806.0,876646.0,2855.0
39691,872978,875874.0,876688.0,2896.0
39695,873793,876493.0,877087.0,2700.0
39697,873814,876514.0,877088.0,2700.0
39705,874378,877200.0,877232.0,2822.0
39709,874538,877238.0,877287.0,2700.0
39710,874677,877377.0,877409.0,2700.0
39713,874803,877503.0,877537.0,2700.0
39707,874500,877200.0,877573.0,2700.0
39718,874904,878111.0,878130.0,3207.0
39719,874929,878111.0,878142.0,3182.0
39722,875013,878111.0,878161.0,3098.0
39764,877873,878430.0,878446.0,557.0
39761,877670,878430.0,878449.0,760.0
39760,877613,878430.0,878468.0,817.0
39730,875736,878436.0,878547.0,2700.0
39729,875631,878749.0,878815.0,3118.0
39725,875262,878749.0,878881.0,3487.0
39716,874831,878111.0,878910.0,3280.0
39714,874806,878111.0,878932.0,3305.0
39746,876617,879317.0,879327.0,2700.0
39763,877714,878430.0,879435.0,716.0
39717,874877,879126.0,879471.0,4249.0
39778,879100,879100.0,879560.0,0.0
39762,877693,878547.0,879573.0,854.0
39772,878721,878815.0,879895.0,94.0
39773,878743,878881.0,879939.0,138.0
39787,879908,879908.0,880013.0,0.0
39748,876718,880447.0,880455.0,3729.0
39733,875790,878710.0,880611.0,2920.0
39732,875769,878749.0,880671.0,2980.0
39795,880648,880648.0,880701.0,0.0
39704,874313,882135.0,882316.0,7822.0
39712,874801,882316.0,882460.0,7515.0
39723,875018,882460.0,882590.0,7442.0
39811,882395,882590.0,882622.0,195.0
39788,879922,882622.0,882643.0,2700.0
39745,876554,882590.0,882648.0,6036.0
39809,882289,882590.0,882656.0,301.0
39747,876689,882648.0,882811.0,5959.0
39726,875301,882590.0,882845.0,7289.0
39785,879803,882503.0,883404.0,2700.0
39786,879826,882526.0,883410.0,2700.0
39796,880660,883360.0,883433.0,2700.0
39818,883104,883404.0,883434.0,300.0
39813,882451,882590.0,883534.0,139.0
39821,883473,883473.0,883542.0,0.0
39823,883623,883623.0,883939.0,0.0
39708,874508,882373.0,884210.0,7865.0
39731,875740,884210.0,884507.0,8470.0
39728,875588,884210.0,884597.0,8622.0
39808,882010,884710.0,884741.0,2700.0
39833,884664,884741.0,884760.0,77.0
39737,876022,884507.0,884881.0,8485.0
39830,884366,884881.0,884903.0,515.0
39832,884499,884881.0,884906.0,382.0
39827,884083,884083.0,885016.0,0.0
39799,881149,883849.0,885128.0,2700.0
39801,881170,883870.0,885128.0,2700.0
39828,884105,884597.0,885510.0,492.0
39836,885561,885561.0,885581.0,0.0
39727,875340,885545.0,885681.0,10205.0
39738,876067,885681.0,885827.0,9614.0
39835,884896,884903.0,886010.0,7.0
39739,876263,885827.0,886117.0,9564.0
39790,880051,882751.0,886138.0,2700.0
39743,876404,885827.0,886228.0,9423.0
39751,876808,886117.0,886401.0,9309.0
39812,882430,885471.0,886434.0,3041.0
39842,886338,886338.0,886505.0,0.0
39752,876809,886228.0,886561.0,9419.0
39754,877176,886401.0,886713.0,9225.0
39756,877306,886713.0,886992.0,9407.0
39758,877509,886992.0,887160.0,9483.0
39759,877516,886992.0,887284.0,9476.0
39767,878147,887160.0,887520.0,9013.0
39768,878393,887520.0,887651.0,9127.0
39744,876437,885827.0,887884.0,9390.0
39770,878538,887884.0,888114.0,9346.0
39774,878834,887884.0,888147.0,9050.0
39740,876304,876304.0,888314.0,0.0
39776,879032,888147.0,888675.0,9115.0
39780,879257,888675.0,888852.0,9418.0
39845,888856,888856.0,888873.0,0.0
39839,885956,888656.0,889025.0,2700.0
39846,888906,888906.0,889130.0,0.0
39784,879795,888852.0,889134.0,9057.0
39837,885602,888302.0,889225.0,2700.0
39838,885623,888323.0,889227.0,2700.0
39769,878508,887651.0,889700.0,9143.0
39792,880296,889700.0,889783.0,9404.0
39766,878039,889706.0,890024.0,11667.0
39793,880354,889783.0,890070.0,9429.0
39800,881159,890070.0,890359.0,8911.0
39806,881844,890359.0,890649.0,8515.0
39782,879583,891014.0,891187.0,11431.0
39810,882306,891187.0,891527.0,8881.0
39844,888823,891523.0,891539.0,2700.0
39816,882790,891527.0,891895.0,8737.0
39794,880571,890024.0,892007.0,9453.0
39847,889222,891922.0,892018.0,2700.0
39807,881999,892007.0,892081.0,10008.0
39841,886091,886091.0,892157.0,0.0
39824,883765,891895.0,892247.0,8130.0
39851,890994,892247.0,892281.0,1253.0
39814,882553,892081.0,892283.0,9528.0
39852,891059,892247.0,892293.0,1188.0
39848,889669,892369.0,892449.0,2700.0
39789,880012,889134.0,892559.0,9122.0
39817,883005,892559.0,892633.0,9554.0
39826,883991,884597.0,892764.0,606.0
39854,892789,892789.0,892832.0,0.0
39815,882631,892283.0,892874.0,9652.0
39856,892877,892877.0,892913.0,0.0
39859,893155,893155.0,893174.0,0.0
39822,883564,892874.0,893250.0,9310.0
39849,890858,893652.0,893731.0,2794.0
39850,890941,894027.0,894061.0,3086.0
39857,892916,894061.0,894200.0,1145.0
39858,893063,894200.0,894234.0,1137.0
39860,893265,894234.0,894269.0,969.0
39861,893304,894269.0,894302.0,965.0
39819,883293,892633.0,894898.0,9340.0
39829,884300,894898.0,894985.0,10598.0
39831,884440,894985.0,895068.0,10545.0
39855,892832,892832.0,895143.0,0.0
39820,883400,895449.0,895590.0,12049.0
39834,884823,895068.0,896250.0,10245.0
39865,894647,897347.0,897376.0,2700.0
39825,883959,893250.0,901448.0,9291.0
39840,886028,895590.0,901718.0,9562.0
39862,893351,901718.0,901759.0,8367.0
39843,886374,896250.0,902033.0,9876.0
39864,893403,902033.0,902059.0,8630.0
39863,893374,901759.0,902903.0,8385.0
39853,892759,901448.0,903832.0,8689.0
39868,895844,898544.0,908719.0,2700.0
39872,906382,910403.0,912381.0,4021.0
39915,913339,916039.0,916143.0,2700.0
39882,908878,908878.0,916316.0,0.0
39916,913517,916217.0,916349.0,2700.0
39917,913673,916373.0,916639.0,2700.0
39866,895730,907703.0,917981.0,11973.0
39867,895745,908632.0,918902.0,12887.0
39871,906317,917981.0,920024.0,11664.0
39869,906024,924824.0,924927.0,18800.0
40046,929674,932374.0,932397.0,2700.0
39881,908803,924927.0,932437.0,16124.0
40051,929854,932437.0,933375.0,2583.0
39870,906131,924927.0,935104.0,18796.0
40093,935071,935104.0,935211.0,33.0
40060,930827,933375.0,936822.0,2548.0
40082,933568,936268.0,936829.0,2700.0
40098,935898,938598.0,938623.0,2700.0
40101,936510,939210.0,939268.0,2700.0
40103,937040,939740.0,939761.0,2700.0
40090,934298,936822.0,939965.0,2524.0
40112,938527,941227.0,941419.0,2700.0
40126,941008,941419.0,941441.0,411.0
40125,940979,941419.0,941474.0,440.0
40127,941070,941441.0,941497.0,371.0
40129,941145,941474.0,941498.0,329.0
40105,937478,940178.0,941545.0,2700.0
40137,941531,941531.0,941551.0,0.0
40133,941266,941545.0,941566.0,279.0
40130,941171,941497.0,941567.0,326.0
40138,941549,941549.0,941570.0,0.0
40132,941244,941498.0,941577.0,254.0
40134,941401,941545.0,941597.0,144.0
40136,941462,941545.0,941600.0,83.0
40139,941633,941633.0,941677.0,0.0
40115,938904,941623.0,941678.0,2719.0
40135,941446,941545.0,941723.0,99.0
40116,939015,941715.0,941750.0,2700.0
40141,941753,941753.0,941775.0,0.0
40140,941678,941678.0,941996.0,0.0
40144,942008,942008.0,942030.0,0.0
40121,940591,943291.0,943313.0,2700.0
40122,940630,943330.0,943351.0,2700.0
40128,941102,943802.0,943824.0,2700.0
40124,940764,944068.0,944089.0,3304.0
40123,940710,944119.0,944165.0,3409.0
40143,941965,944665.0,944727.0,2700.0
40172,944513,944727.0,944797.0,214.0
40146,942072,944772.0,944819.0,2700.0
40145,942066,944766.0,944827.0,2700.0
40169,944184,944727.0,944860.0,543.0
40170,944275,944819.0,944961.0,544.0
40178,944967,944967.0,944990.0,0.0
40149,942556,945256.0,945301.0,2700.0
40171,944456,944961.0,945342.0,505.0
40150,942652,945352.0,945370.0,2700.0
40151,942712,945412.0,945413.0,2700.0
40147,942218,944918.0,945454.0,2700.0
40155,942825,945525.0,945546.0,2700.0
40157,942878,945578.0,945722.0,2700.0
40186,945754,945754.0,945800.0,0.0
40188,945870,945870.0,945915.0,0.0
40159,942959,946013.0,946059.0,3054.0
40180,945013,945013.0,946151.0,0.0
40152,942724,946345.0,946394.0,3621.0
40162,943779,946479.0,946500.0,2700.0
40163,943783,946483.0,946525.0,2700.0
40164,943849,946549.0,946591.0,2700.0
40165,943896,946596.0,946643.0,2700.0
40166,943990,946690.0,946812.0,2700.0
40167,944045,946865.0,947023.0,2820.0
40184,945514,945514.0,947629.0,0.0
40198,946812,946812.0,947688.0,0.0
40179,944968,946812.0,947993.0,1844.0
40182,945413,948113.0,948158.0,2700.0
40185,945659,948359.0,948398.0,2700.0
40183,945441,947993.0,950182.0,2552.0
40200,947337,950182.0,950246.0,2845.0
40204,947819,950246.0,950301.0,2427.0
40197,946790,949490.0,950385.0,2700.0
40187,945786,950388.0,950454.0,4602.0
40234,950407,950407.0,950546.0,0.0
40235,950458,950458.0,950622.0,0.0
40210,948138,950838.0,950853.0,2700.0
40212,948890,951590.0,951630.0,2700.0
40196,946682,951612.0,951669.0,4930.0
40213,948952,951652.0,951674.0,2700.0
40216,949099,951823.0,951840.0,2724.0
40215,949002,951823.0,951853.0,2821.0
40214,948980,951823.0,951878.0,2843.0
40218,949347,952047.0,952052.0,2700.0
40219,949429,952129.0,952139.0,2700.0
40220,949476,952176.0,952185.0,2700.0
40226,949716,952416.0,952452.0,2700.0
40228,949757,952457.0,952484.0,2700.0
40224,949621,952321.0,952577.0,2700.0
40230,949918,950301.0,952625.0,383.0
40231,949937,952637.0,952638.0,2700.0
40229,949896,950301.0,952646.0,405.0
40232,950167,952958.0,952986.0,2791.0
40236,950621,953321.0,953322.0,2700.0
40237,950629,953329.0,953704.0,2700.0
40244,951305,954005.0,954026.0,2700.0
40195,946561,950622.0,954347.0,4061.0
40246,951674,954374.0,954395.0,2700.0
40247,951767,954467.0,954514.0,2700.0
40249,951834,954534.0,954623.0,2700.0
40250,952106,954806.0,955014.0,2700.0
40251,952126,955101.0,955146.0,2975.0
40263,955188,955188.0,956815.0,0.0
40264,955189,957889.0,957920.0,2700.0
40265,955209,957909.0,957952.0,2700.0
40266,955389,958089.0,958099.0,2700.0
40268,955459,958159.0,958208.0,2700.0
40293,958435,958435.0,958478.0,0.0
40294,958491,958491.0,958511.0,0.0
40259,955042,957742.0,958751.0,2700.0
40261,955065,957765.0,958752.0,2700.0
40292,958204,958751.0,958793.0,547.0
40298,958819,958819.0,958837.0,0.0
40271,955790,959147.0,959183.0,3357.0
40278,956831,959531.0,959580.0,2700.0
40262,955119,958014.0,959709.0,2895.0
40296,958536,958752.0,959725.0,216.0
40295,958514,958793.0,959785.0,279.0
40308,960039,960039.0,960060.0,0.0
40280,957344,960044.0,960072.0,2700.0
40311,960074,960074.0,960078.0,0.0
40282,957518,960218.0,960255.0,2700.0
40284,957570,960270.0,960291.0,2700.0
40260,955060,957920.0,960299.0,2860.0
40299,958912,959709.0,960833.0,797.0
40283,957559,959580.0,960879.0,2021.0
40285,957595,960295.0,961212.0,2700.0
40286,957618,960318.0,961213.0,2700.0
40310,960066,960833.0,961277.0,767.0
40316,960827,961277.0,961515.0,450.0
40325,961370,961515.0,961534.0,145.0
40326,961396,961515.0,961596.0,119.0
40320,961103,961515.0,961632.0,412.0
40330,961626,961626.0,961644.0,0.0
40331,961646,961646.0,961734.0,0.0
40327,961490,961534.0,961756.0,44.0
40332,961749,961749.0,961818.0,0.0
40315,960767,961213.0,962192.0,446.0
40321,961142,961515.0,962218.0,373.0
40302,959353,962053.0,962483.0,2700.0
40344,962732,962732.0,962747.0,0.0
40309,960052,962752.0,962790.0,2700.0
40334,961894,961894.0,962820.0,0.0
40301,959324,962999.0,963458.0,3675.0
40359,963502,963502.0,963520.0,0.0
40313,960557,960879.0,963821.0,322.0
40339,962367,963821.0,963883.0,1454.0
40340,962438,963821.0,963883.0,1383.0
40341,962509,963821.0,963894.0,1312.0
40345,962795,963883.0,963943.0,1088.0
40346,962861,963883.0,963952.0,1022.0
40351,963116,963952.0,964040.0,836.0
40366,964050,964050.0,964078.0,0.0
40322,961188,963983.0,964264.0,2795.0
40317,960872,964215.0,964409.0,3343.0
40352,963136,964040.0,964447.0,904.0
40348,962938,963894.0,964501.0,956.0
40358,963478,964447.0,964575.0,969.0
40314,960743,963912.0,964913.0,3169.0
40336,962095,964918.0,964994.0,2823.0
40364,963866,964501.0,965168.0,635.0
40367,964085,964085.0,965183.0,0.0
40337,962183,965183.0,965251.0,3000.0
40368,964107,964264.0,965342.0,157.0
40379,965388,965388.0,965443.0,0.0
40333,961873,964573.0,965518.0,2700.0
40381,965477,965477.0,965539.0,0.0
40383,965552,965552.0,965609.0,0.0
40384,965583,965609.0,965746.0,26.0
40361,963675,966375.0,966418.0,2700.0
40362,963731,966431.0,966470.0,2700.0
40338,962302,966521.0,966579.0,4219.0
40343,962627,966556.0,966618.0,3929.0
40349,962962,966643.0,966700.0,3681.0
40391,965840,966700.0,966802.0,860.0
40392,965933,966802.0,966873.0,869.0
40319,961087,966158.0,966914.0,5071.0
40393,965945,966873.0,966963.0,928.0
40396,966015,966963.0,967029.0,948.0
40397,966050,967029.0,967109.0,979.0
40399,966146,967109.0,967117.0,963.0
40400,966174,967117.0,967123.0,943.0
40401,966194,967123.0,967177.0,929.0
40354,963231,967109.0,967179.0,3878.0
40409,966932,967179.0,967242.0,247.0
40411,967013,967242.0,967348.0,229.0
40372,964807,967507.0,967527.0,2700.0
40347,962902,966914.0,967558.0,4012.0
40408,966724,966724.0,967808.0,0.0
40404,966491,967177.0,967830.0,686.0
40377,965057,967757.0,967832.0,2700.0
40378,965376,968076.0,968142.0,2700.0
40422,968050,968050.0,968166.0,0.0
40385,965601,968446.0,968506.0,2845.0
40427,968378,968378.0,968733.0,0.0
40390,965830,966579.0,968770.0,749.0
40360,963536,967558.0,968810.0,4022.0
40433,968977,968977.0,969167.0,0.0
40386,965665,969279.0,969333.0,3614.0
40435,969330,969330.0,969351.0,0.0
40387,965672,969318.0,969370.0,3646.0
40388,965721,969375.0,969469.0,3654.0
40398,966107,969794.0,969852.0,3687.0
40415,967228,970048.0,970354.0,2820.0
40419,967743,970443.0,970463.0,2700.0
40417,967713,970413.0,970467.0,2700.0
40420,967874,970574.0,970636.0,2700.0
40441,970732,970732.0,970752.0,0.0
40407,966699,969713.0,970820.0,3014.0
40363,963835,971510.0,972206.0,7675.0
40382,965548,973167.0,973340.0,7619.0
40443,971049,973749.0,973766.0,2700.0
40468,973469,973766.0,973783.0,297.0
40444,971086,973786.0,973826.0,2700.0
40440,970628,973328.0,973844.0,2700.0
40445,971240,973967.0,973974.0,2727.0
40471,973886,973886.0,974160.0,0.0
40374,964876,972206.0,975068.0,7330.0
40455,971962,974662.0,975149.0,2700.0
40486,975223,975223.0,975242.0,0.0
40487,975226,975226.0,975256.0,0.0
40450,971509,974209.0,975269.0,2700.0
40451,971531,974231.0,975272.0,2700.0
40459,972506,975206.0,975452.0,2700.0
40488,975452,975452.0,975475.0,0.0
40389,965748,973340.0,975613.0,7592.0
40485,975178,975178.0,975775.0,0.0
40489,975634,975634.0,976693.0,0.0
40490,975655,975655.0,976695.0,0.0
40472,974198,976898.0,976921.0,2700.0
40467,973426,976826.0,977005.0,3400.0
40478,974362,977062.0,977083.0,2700.0
40476,974317,977017.0,977142.0,2700.0
40495,977251,977251.0,977268.0,0.0
40426,968236,975613.0,978424.0,7377.0
40403,966451,977768.0,978458.0,11317.0
40491,976141,978841.0,978861.0,2700.0
40494,976608,979308.0,979326.0,2700.0
40439,970597,979842.0,980389.0,9245.0
40446,971314,978424.0,981305.0,7110.0
40454,971930,981158.0,981676.0,9228.0
40497,979500,982200.0,982214.0,2700.0
40501,979802,982502.0,982545.0,2700.0
40502,979857,982557.0,982576.0,2700.0
40500,979785,982485.0,982661.0,2700.0
40518,982070,982661.0,982741.0,591.0
40457,972459,983089.0,983095.0,10630.0
40506,980064,982764.0,983284.0,2700.0
40504,979903,981305.0,983382.0,1402.0
40470,973862,983095.0,983392.0,9233.0
40503,979881,981305.0,983402.0,1424.0
40475,974275,983392.0,983561.0,9117.0
40458,972471,984005.0,984285.0,11534.0
40466,973157,984376.0,984602.0,11219.0
40499,979721,984602.0,984840.0,4881.0
40512,980676,983389.0,984874.0,2713.0
40519,982092,985189.0,985241.0,3097.0
40477,974352,983561.0,986457.0,9209.0
40484,975131,986985.0,987627.0,11854.0
40510,980611,986457.0,988018.0,5846.0
40505,979988,987540.0,988135.0,7552.0
40524,987965,988018.0,989996.0,53.0
40523,987941,988018.0,990017.0,77.0
40526,988203,988203.0,992052.0,0.0
40527,988257,988257.0,992055.0,0.0
40537,990666,993366.0,993375.0,2700.0
39938,916319,998175.0,998290.0,81856.0
40493,976466,998290.0,1003963.0,21824.0
40552,992417,998290.0,1007885.0,5873.0
40270,955569,998290.0,1008401.0,42721.0
39939,916439,998290.0,1008456.0,81851.0
40424,968128,998290.0,1009789.0,30162.0
40031,927735,998290.0,1013885.0,70555.0
40114,938882,1008456.0,1015323.0,69574.0
40638,1016070,1018770.0,1019640.0,2700.0
40648,1016966,1019666.0,1019696.0,2700.0
40030,927712,1008456.0,1024073.0,80744.0
40269,955507,1015323.0,1025498.0,59816.0
40665,1022962,1025662.0,1025719.0,2700.0
40666,1023228,1025719.0,1025793.0,2491.0
40668,1024858,1025793.0,1025984.0,935.0
40669,1024876,1025984.0,1026000.0,1108.0
40674,1025800,1025984.0,1026003.0,184.0
40670,1025042,1025984.0,1026046.0,942.0
39941,916688,998290.0,1026828.0,81602.0
39940,916619,998290.0,1026896.0,81671.0
40630,1014484,1026896.0,1026926.0,12412.0
40667,1023320,1026926.0,1027009.0,3606.0
40671,1025142,1027009.0,1027081.0,1867.0
40672,1025339,1027081.0,1027110.0,1742.0
40689,1027550,1030784.0,1030836.0,3234.0
40707,1029735,1030836.0,1030840.0,1101.0
40708,1029967,1030836.0,1030841.0,869.0
40692,1027669,1030803.0,1030845.0,3134.0
40710,1030008,1030836.0,1030852.0,828.0
40716,1030440,1030845.0,1030854.0,405.0
40702,1029137,1030836.0,1030857.0,1699.0
40704,1029222,1030836.0,1030857.0,1614.0
40706,1029668,1030836.0,1030857.0,1168.0
40699,1028988,1030836.0,1030860.0,1848.0
40711,1030011,1030840.0,1030861.0,829.0
40703,1029202,1030836.0,1030862.0,1634.0
40712,1030041,1030841.0,1030863.0,800.0
40722,1030796,1030857.0,1030883.0,61.0
40720,1030645,1030852.0,1030896.0,207.0
40723,1030919,1030919.0,1030966.0,0.0
40694,1028367,1031067.0,1031121.0,2700.0
40726,1031095,1031095.0,1031124.0,0.0
40492,976440,1025498.0,1031197.0,49058.0
40714,1030205,1030883.0,1031558.0,678.0
40724,1030930,1031124.0,1031760.0,194.0
40627,1002374,1003963.0,1033003.0,1589.0
40731,1031526,1034226.0,1034242.0,2700.0
40760,1034217,1034242.0,1034269.0,25.0
40732,1031563,1034263.0,1034282.0,2700.0
40768,1034576,1034576.0,1034597.0,0.0
40771,1034808,1034808.0,1034815.0,0.0
40747,1032696,1035396.0,1035413.0,2700.0
40775,1035267,1035413.0,1035438.0,146.0
40776,1035276,1035438.0,1035456.0,162.0
40423,968051,1024073.0,1035649.0,56022.0
40751,1033575,1035649.0,1035668.0,2074.0
40738,1031972,1035649.0,1035687.0,3677.0
40739,1032026,1035649.0,1035687.0,3623.0
40748,1032746,1035649.0,1035690.0,2903.0
40754,1033724,1035687.0,1035730.0,1963.0
40746,1032661,1035649.0,1035737.0,2988.0
40755,1033827,1035687.0,1035738.0,1860.0
40767,1034485,1035738.0,1035758.0,1253.0
40769,1034586,1035758.0,1035762.0,1172.0
40757,1034151,1035730.0,1035783.0,1579.0
40772,1034966,1035783.0,1035786.0,817.0
40759,1034213,1035737.0,1035789.0,1524.0
40750,1033091,1035791.0,1035797.0,2700.0
40780,1035862,1035862.0,1035871.0,0.0
40752,1033580,1035668.0,1036014.0,2088.0
40756,1033977,1035690.0,1036052.0,1713.0
40770,1034618,1035762.0,1036074.0,1144.0
40774,1035144,1035786.0,1036129.0,642.0
40784,1036118,1036118.0,1036266.0,0.0
40744,1032499,1035649.0,1036286.0,3150.0
40788,1036311,1036311.0,1036352.0,0.0
40790,1036508,1036508.0,1036570.0,0.0
40736,1031867,1036560.0,1036586.0,4693.0
40734,1031755,1036560.0,1036596.0,4805.0
40791,1036519,1036519.0,1036606.0,0.0
40793,1036734,1036734.0,1036802.0,0.0
40794,1036854,1036854.0,1036926.0,0.0
40733,1031624,1036358.0,1037011.0,4734.0
40798,1037101,1037101.0,1037107.0,0.0
40797,1037079,1037079.0,1037120.0,0.0
40796,1037006,1037006.0,1037158.0,0.0
40801,1037242,1037242.0,1037287.0,0.0
40802,1037281,1037281.0,1037340.0,0.0
40766,1034479,1035737.0,1037410.0,1258.0
40803,1037391,1037391.0,1037457.0,0.0
40804,1037412,1037412.0,1037471.0,0.0
40805,1037510,1037510.0,1037565.0,0.0
40808,1037652,1037652.0,1037724.0,0.0
40811,1037718,1037718.0,1037780.0,0.0
40810,1037715,1037724.0,1037796.0,9.0
40737,1031901,1037803.0,1037829.0,5902.0
40787,1036272,1036272.0,1038904.0,0.0
40826,1039027,1039027.0,1039057.0,0.0
40827,1039038,1039057.0,1039080.0,19.0
40789,1036390,1039090.0,1039135.0,2700.0
40828,1039046,1039080.0,1039298.0,34.0
40795,1036928,1039628.0,1039644.0,2700.0
40653,1019485,1022185.0,1040137.0,2700.0
40830,1039226,1039298.0,1040204.0,72.0
40846,1040395,1040395.0,1040600.0,0.0
40849,1040616,1040616.0,1040661.0,0.0
40814,1037966,1040666.0,1040672.0,2700.0
40850,1040635,1040661.0,1040698.0,26.0
40852,1040713,1040713.0,1040843.0,0.0
40815,1038007,1040707.0,1040849.0,2700.0
40853,1041000,1041000.0,1041048.0,0.0
40819,1038351,1041051.0,1041068.0,2700.0
40855,1041061,1041061.0,1041187.0,0.0
40821,1038535,1041235.0,1041257.0,2700.0
40822,1038583,1041283.0,1041355.0,2700.0
40860,1041343,1041343.0,1041369.0,0.0
40858,1041242,1041242.0,1041458.0,0.0
40823,1038698,1041398.0,1041591.0,2700.0
40836,1039425,1042125.0,1042164.0,2700.0
40832,1039284,1041984.0,1042198.0,2700.0
40839,1039571,1042271.0,1042314.0,2700.0
40847,1040398,1040398.0,1042602.0,0.0
40848,1040427,1040427.0,1042607.0,0.0
40842,1039851,1042580.0,1042607.0,2729.0
40843,1040003,1042703.0,1042751.0,2700.0
40870,1042933,1042933.0,1042940.0,0.0
40872,1043013,1043013.0,1043071.0,0.0
40875,1043093,1043093.0,1043138.0,0.0
40865,1042511,1042602.0,1043516.0,91.0
40884,1043527,1043527.0,1043558.0,0.0
40885,1043602,1043602.0,1043713.0,0.0
40886,1043718,1043718.0,1043786.0,0.0
40521,982148,1033897.0,1043796.0,51749.0
40873,1043018,1045718.0,1045760.0,2700.0
40900,1044921,1045760.0,1045786.0,839.0
40902,1045067,1045786.0,1045793.0,719.0
40874,1043049,1045749.0,1045825.0,2700.0
40905,1045295,1045793.0,1045828.0,498.0
40907,1045379,1045825.0,1045833.0,446.0
40909,1045422,1045828.0,1045902.0,406.0
40878,1043230,1045930.0,1046077.0,2700.0
40879,1043351,1046051.0,1046135.0,2700.0
40920,1046138,1046138.0,1046142.0,0.0
40881,1043404,1046155.0,1046229.0,2751.0
40921,1046176,1046176.0,1046342.0,0.0
40927,1046546,1046546.0,1046617.0,0.0
40887,1043933,1046633.0,1046683.0,2700.0
40929,1046669,1046669.0,1046697.0,0.0
40888,1044005,1046705.0,1046765.0,2700.0
40932,1046753,1046753.0,1046765.0,0.0
40931,1046751,1046751.0,1046802.0,0.0
40889,1044075,1046775.0,1046853.0,2700.0
40911,1045650,1046853.0,1046891.0,1203.0
40933,1046957,1046957.0,1046965.0,0.0
40890,1044157,1046964.0,1047152.0,2807.0
40891,1044466,1047166.0,1047175.0,2700.0
40913,1045743,1046891.0,1047245.0,1148.0
40893,1044496,1047196.0,1047258.0,2700.0
40934,1046969,1047152.0,1047261.0,183.0
40935,1046992,1047175.0,1047263.0,183.0
40922,1046235,1047245.0,1047317.0,1010.0
40937,1047295,1047295.0,1047347.0,0.0
40926,1046495,1047317.0,1047437.0,822.0
40895,1044688,1047407.0,1047470.0,2719.0
40894,1044597,1047407.0,1047492.0,2810.0
40939,1047427,1047427.0,1047492.0,0.0
40938,1047416,1047437.0,1047530.0,21.0
40877,1043220,1043220.0,1047797.0,0.0
40942,1047837,1047837.0,1047870.0,0.0
40898,1044849,1047549.0,1048043.0,2700.0
40882,1043429,1046155.0,1048500.0,2726.0
40880,1043397,1046155.0,1048529.0,2758.0
40899,1044870,1048596.0,1048738.0,3726.0
40917,1045948,1048648.0,1048747.0,2700.0
40918,1046051,1048751.0,1049050.0,2700.0
40820,1038391,1042644.0,1049075.0,4253.0
40924,1046491,1047261.0,1049511.0,770.0
40522,982195,1043796.0,1049529.0,61601.0
40940,1047528,1047528.0,1049677.0,0.0
40941,1047549,1047549.0,1049680.0,0.0
40908,1045413,1046765.0,1049748.0,1352.0
40943,1047866,1051200.0,1051278.0,3334.0
40764,1034393,1049529.0,1051293.0,15136.0
40958,1048856,1049075.0,1051334.0,219.0
40977,1051462,1051462.0,1051606.0,0.0
40954,1048385,1048529.0,1052171.0,144.0
40903,1045106,1052330.0,1052424.0,7224.0
40964,1050262,1052962.0,1052998.0,2700.0
40965,1050370,1053070.0,1053107.0,2700.0
40993,1052890,1053107.0,1053183.0,217.0
40995,1053156,1053183.0,1053205.0,27.0
40966,1050537,1053237.0,1053284.0,2700.0
40967,1050594,1053294.0,1053312.0,2700.0
40968,1050617,1053317.0,1053363.0,2700.0
40992,1052869,1053312.0,1053408.0,443.0
40971,1050743,1053538.0,1053580.0,2795.0
40972,1050914,1053614.0,1053652.0,2700.0
40785,1036178,1051293.0,1053718.0,15115.0
40973,1051040,1053740.0,1053779.0,2700.0
40777,1035508,1052229.0,1053796.0,16721.0
40825,1038909,1053796.0,1053916.0,14887.0
40975,1051241,1053941.0,1053981.0,2700.0
40833,1039329,1053916.0,1054041.0,14587.0
40976,1051325,1054025.0,1054119.0,2700.0
40980,1051654,1054354.0,1054401.0,2700.0
40984,1051936,1054636.0,1054674.0,2700.0
40987,1052128,1052171.0,1054685.0,43.0
40816,1038198,1055124.0,1055243.0,16926.0
40840,1039751,1055243.0,1055623.0,15492.0
40799,1037162,1053718.0,1055910.0,16556.0
40999,1053308,1053408.0,1055981.0,100.0
40835,1039370,1054041.0,1056009.0,14671.0
40989,1052674,1056093.0,1056124.0,3419.0
40904,1045263,1056009.0,1056152.0,10746.0
40990,1052709,1056280.0,1056317.0,3571.0
41000,1053334,1053779.0,1056330.0,445.0
40883,1043437,1055910.0,1057385.0,12473.0
40861,1041375,1055623.0,1057647.0,14248.0
40914,1045768,1057647.0,1057679.0,11879.0
40915,1045844,1057679.0,1057728.0,11835.0
41010,1056304,1056304.0,1058362.0,0.0
41011,1056326,1056326.0,1058365.0,0.0
41006,1054869,1057569.0,1058846.0,2700.0
40906,1045363,1056152.0,1059184.0,10789.0
40916,1045897,1057728.0,1059666.0,11831.0
40912,1045708,1060085.0,1060126.0,14377.0
41023,1060134,1060134.0,1060172.0,0.0
41012,1058411,1061111.0,1061133.0,2700.0
41013,1058427,1061127.0,1061453.0,2700.0
41015,1058783,1061483.0,1061492.0,2700.0
41016,1059019,1061719.0,1061724.0,2700.0
40944,1048033,1061884.0,1061928.0,13851.0
40946,1048055,1059666.0,1062144.0,11611.0
41017,1059077,1061777.0,1062498.0,2700.0
41019,1059896,1062596.0,1062649.0,2700.0
41020,1059981,1062681.0,1062715.0,2700.0
41022,1060064,1062764.0,1062807.0,2700.0
40947,1048099,1062826.0,1062830.0,14727.0
41028,1061626,1064326.0,1064345.0,2700.0
41027,1061558,1064258.0,1064486.0,2700.0
40950,1048200,1064628.0,1064700.0,16428.0
41025,1061387,1064087.0,1064914.0,2700.0
40955,1048546,1065530.0,1065567.0,16984.0
40952,1048313,1062144.0,1065858.0,13831.0
40969,1050687,1064700.0,1067166.0,14013.0
40986,1052053,1065567.0,1068155.0,13514.0
41004,1054627,1067166.0,1068514.0,12539.0
41003,1054147,1068558.0,1069008.0,14411.0
41005,1054804,1068155.0,1069497.0,13351.0
41014,1058626,1069008.0,1069747.0,10382.0
41018,1059390,1069497.0,1070143.0,10107.0
41026,1061532,1070143.0,1070395.0,8611.0
41024,1061327,1069747.0,1070633.0,8420.0
41034,1068539,1070633.0,1070674.0,2094.0
41031,1062512,1070395.0,1070765.0,7883.0
41007,1056018,1068514.0,1070902.0,12496.0
40545,992059,1073602.0,1073708.0,81543.0
40676,1026026,1073708.0,1082946.0,47682.0
41042,1080707,1082946.0,1082951.0,2239.0
41041,1080492,1082946.0,1082956.0,2454.0
40550,992354,1073708.0,1083361.0,81354.0
40546,992171,1073708.0,1083543.0,81537.0
40624,1002023,1083543.0,1093370.0,81520.0
40876,1043154,1093370.0,1098012.0,50216.0
40818,1038343,1093370.0,1099847.0,55027.0
41009,1056214,1099847.0,1104872.0,43633.0
41087,1086546,1104872.0,1104881.0,18326.0
40652,1019461,1087756.0,1105728.0,68295.0
40985,1052046,1099847.0,1106199.0,47801.0
41340,1105855,1106199.0,1106223.0,344.0
41030,1062294,1099847.0,1106389.0,37553.0
41039,1079754,1099847.0,1106656.0,20093.0
41033,1062920,1099847.0,1109440.0,36927.0
41249,1101506,1109440.0,1109509.0,7934.0
40956,1048754,1098012.0,1110558.0,49258.0
41008,1056151,1105728.0,1110816.0,49577.0
41366,1107412,1109509.0,1111417.0,2097.0
41361,1107268,1111456.0,1111460.0,4188.0
40957,1048795,1099847.0,1112353.0,51052.0
40626,1002309,1083361.0,1112465.0,81052.0
41037,1072573,1106389.0,1113969.0,33816.0
41421,1113228,1115928.0,1115950.0,2700.0
41446,1115636,1115950.0,1115969.0,314.0
41422,1113295,1115995.0,1116010.0,2700.0
41318,1105152,1116669.0,1116761.0,11517.0
41321,1105294,1116761.0,1116831.0,11467.0
41434,1114133,1116833.0,1116852.0,2700.0
41325,1105390,1116831.0,1116887.0,11441.0
41328,1105555,1116887.0,1116949.0,11332.0
41438,1114304,1117004.0,1117010.0,2700.0
41330,1105627,1116949.0,1117019.0,11322.0
41337,1105758,1117019.0,1117100.0,11261.0
41029,1062222,1110816.0,1117130.0,48594.0
41341,1105864,1117100.0,1117173.0,11236.0
41457,1117184,1117184.0,1117228.0,0.0
41345,1106049,1117173.0,1117245.0,11124.0
41348,1106148,1117245.0,1117318.0,11097.0
41459,1117298,1117298.0,1117318.0,0.0
41351,1106303,1117318.0,1117330.0,11015.0
41352,1106413,1117330.0,1117365.0,10917.0
41250,1101582,1117130.0,1117421.0,15548.0
41354,1106511,1117365.0,1117425.0,10854.0
41259,1102032,1117421.0,1117875.0,15389.0
41374,1108492,1117875.0,1117895.0,9383.0
41371,1108017,1117875.0,1117939.0,9858.0
41405,1111945,1117939.0,1118002.0,5994.0
41355,1106572,1117425.0,1118086.0,10853.0
41375,1108527,1117895.0,1118246.0,9368.0
41410,1112231,1118002.0,1118264.0,5771.0
41415,1112796,1118086.0,1118335.0,5290.0
41425,1113389,1118246.0,1118342.0,4857.0
41433,1114047,1118342.0,1118419.0,4295.0
41431,1113801,1118264.0,1118429.0,4463.0
41436,1114220,1118419.0,1118448.0,4199.0
41444,1115466,1118429.0,1118458.0,2963.0
41466,1118067,1118458.0,1118511.0,391.0
41469,1118286,1118458.0,1118521.0,172.0
41432,1113909,1118335.0,1118529.0,4426.0
41445,1115544,1118448.0,1118576.0,2904.0
41473,1118565,1118576.0,1118629.0,11.0
41384,1109491,1118529.0,1118665.0,9038.0
41392,1110410,1118665.0,1118697.0,8255.0
41395,1110496,1118697.0,1118887.0,8201.0
41454,1116915,1118887.0,1118912.0,1972.0
41474,1118831,1118831.0,1118961.0,0.0
41021,1060063,1110558.0,1119025.0,50495.0
41477,1119083,1119083.0,1119096.0,0.0
41479,1119132,1119132.0,1119325.0,0.0
41455,1116944,1119644.0,1119716.0,2700.0
41489,1119696,1119716.0,1120004.0,20.0
41467,1118148,1120848.0,1120866.0,2700.0
41032,1062896,1112465.0,1122082.0,49569.0
41484,1119391,1122091.0,1122314.0,2700.0
41517,1122218,1122314.0,1122479.0,96.0
41491,1119901,1122601.0,1122638.0,2700.0
41476,1118976,1123465.0,1123531.0,4489.0
41490,1119769,1123531.0,1123592.0,3762.0
41492,1119906,1123592.0,1123642.0,3686.0
41493,1120009,1123642.0,1123700.0,3633.0
41496,1120238,1123700.0,1123782.0,3462.0
41497,1120494,1123782.0,1123868.0,3288.0
41499,1120615,1123868.0,1123926.0,3253.0
41500,1120813,1123926.0,1123989.0,3113.0
41501,1120891,1123591.0,1124037.0,2700.0
41527,1123420,1124037.0,1124060.0,617.0
41528,1123455,1124060.0,1124080.0,605.0
41529,1123464,1124080.0,1124087.0,616.0
41530,1123479,1124080.0,1124101.0,601.0
41508,1121194,1123989.0,1124131.0,2795.0
41539,1124098,1124098.0,1124267.0,0.0
41532,1123560,1124267.0,1124291.0,707.0
41533,1123615,1124291.0,1124334.0,676.0
41535,1123863,1124334.0,1124428.0,471.0
41512,1121706,1124804.0,1125087.0,3098.0
41488,1119689,1125338.0,1125394.0,5649.0
41522,1122625,1125394.0,1125434.0,2769.0
41524,1122891,1125434.0,1125474.0,2543.0
41525,1123047,1125474.0,1125533.0,2427.0
41531,1123507,1125533.0,1125608.0,2026.0
41536,1123940,1125608.0,1125649.0,1668.0
41537,1123996,1125649.0,1125711.0,1653.0
41545,1124433,1125711.0,1126409.0,1278.0
41470,1118302,1121002.0,1126784.0,2700.0
41548,1125648,1126409.0,1126917.0,761.0
41557,1127063,1127063.0,1127085.0,0.0
41555,1126732,1126784.0,1127230.0,52.0
41559,1127250,1127250.0,1127306.0,0.0
41549,1125656,1126409.0,1127438.0,753.0
41558,1127211,1127211.0,1128292.0,0.0
41542,1124189,1124428.0,1129323.0,239.0
41571,1129076,1129323.0,1129331.0,247.0
41036,1072544,1122082.0,1129691.0,49538.0
41035,1068541,1119025.0,1129960.0,50484.0
41566,1127894,1130594.0,1130620.0,2700.0
41515,1121821,1124131.0,1131394.0,2310.0
41579,1130041,1131394.0,1131511.0,1353.0
41593,1131566,1131566.0,1131588.0,0.0
41569,1128873,1131573.0,1131594.0,2700.0
41582,1130226,1131511.0,1131687.0,1285.0
41584,1130247,1131687.0,1131764.0,1440.0
41588,1130903,1131764.0,1131839.0,861.0
41583,1130244,1132944.0,1132973.0,2700.0
41574,1129854,1132554.0,1132986.0,2700.0
41575,1129864,1133092.0,1133115.0,3228.0
41577,1129907,1134094.0,1134130.0,4187.0
41581,1130173,1134131.0,1134152.0,3958.0
41605,1134260,1134260.0,1134374.0,0.0
41092,1086930,1104881.0,1134660.0,17951.0
41607,1134731,1134731.0,1134753.0,0.0
41608,1135009,1135009.0,1135034.0,0.0
41610,1135075,1135075.0,1135190.0,0.0
41595,1132369,1135420.0,1135439.0,3051.0
41038,1079691,1129691.0,1136560.0,50000.0
41576,1129885,1132986.0,1138127.0,3101.0
41611,1135135,1137835.0,1138362.0,2700.0
41629,1138606,1138606.0,1138623.0,0.0
41619,1135927,1138627.0,1138647.0,2700.0
41630,1138683,1138683.0,1138700.0,0.0
41622,1136939,1139639.0,1139644.0,2700.0
41623,1136960,1139660.0,1139688.0,2700.0
41624,1137016,1139716.0,1139733.0,2700.0
41625,1137050,1139750.0,1139849.0,2700.0
41586,1130353,1133115.0,1139962.0,2762.0
41088,1086575,1129960.0,1140899.0,43385.0
41301,1104211,1140899.0,1140946.0,36688.0
41305,1104325,1140946.0,1141131.0,36621.0
41510,1121503,1142662.0,1142852.0,21159.0
41639,1142035,1142852.0,1142862.0,817.0
41638,1142029,1142852.0,1142873.0,823.0
41365,1107372,1141131.0,1143077.0,33759.0
41615,1135748,1138930.0,1143529.0,3182.0
41400,1111112,1143077.0,1143543.0,31965.0
41411,1112252,1143543.0,1143845.0,31291.0
41414,1112738,1143845.0,1144157.0,31107.0
41423,1113311,1144157.0,1144906.0,30846.0
41428,1113568,1144906.0,1145237.0,31338.0
41641,1144461,1147652.0,1147672.0,3191.0
41642,1144465,1147877.0,1147885.0,3412.0
41646,1148023,1148023.0,1148040.0,0.0
41435,1114155,1145237.0,1148233.0,31082.0
41342,1105881,1141131.0,1148365.0,35250.0
41456,1117095,1148233.0,1148559.0,31138.0
41644,1146905,1149605.0,1149631.0,2700.0
41460,1117319,1148365.0,1150099.0,31046.0
41472,1118411,1150099.0,1150223.0,31688.0
41478,1119098,1150223.0,1150978.0,31125.0
41482,1119354,1150978.0,1151116.0,31624.0
41487,1119559,1151116.0,1151667.0,31557.0
41647,1149560,1152260.0,1152285.0,2700.0
41648,1150679,1153379.0,1153388.0,2700.0
41468,1118215,1148559.0,1154428.0,30344.0
41507,1121170,1154428.0,1154593.0,33258.0
41509,1121405,1154593.0,1154933.0,33188.0
41513,1121756,1154933.0,1154944.0,33177.0
41494,1120025,1151667.0,1158890.0,31642.0
41514,1121791,1154944.0,1162237.0,33153.0
41562,1127375,1162237.0,1163328.0,34862.0
41541,1124118,1158890.0,1163856.0,34772.0
41568,1128506,1163328.0,1163906.0,34822.0
41651,1161140,1163840.0,1164015.0,2700.0
41656,1163198,1164015.0,1164037.0,817.0
41573,1129789,1163906.0,1164403.0,34117.0
41652,1162001,1164701.0,1165139.0,2700.0
41653,1162757,1165457.0,1165595.0,2700.0
41654,1162935,1165635.0,1165660.0,2700.0
41655,1163021,1165721.0,1165744.0,2700.0
41091,1086862,1136560.0,1166408.0,49698.0
41578,1129910,1164403.0,1166860.0,34493.0
41635,1140428,1143128.0,1167234.0,2700.0
41597,1132446,1166860.0,1167636.0,34414.0
41637,1140739,1144444.0,1168234.0,3705.0
41572,1129766,1163856.0,1169115.0,34090.0
41609,1135066,1169115.0,1169710.0,34049.0
41599,1133346,1167636.0,1171248.0,34290.0
41631,1138729,1171248.0,1172123.0,32519.0
41585,1130316,1166408.0,1173289.0,36092.0
41633,1139994,1173289.0,1173301.0,33295.0
41613,1135682,1169710.0,1174374.0,34028.0
41632,1139648,1172123.0,1174499.0,32475.0
41626,1137079,1173034.0,1174637.0,35955.0
41640,1142079,1174499.0,1176879.0,32420.0
41643,1144510,1174637.0,1177030.0,30127.0
41649,1150790,1177030.0,1177864.0,26240.0
41645,1147227,1176879.0,1179210.0,29652.0
41634,1140363,1173301.0,1187863.0,32938.0
41650,1154931,1184010.0,1193606.0,29079.0
41636,1140707,1174374.0,1198196.0,33667.0
41657,1164538,1193606.0,1198743.0,29068.0
41679,1682786,1685486.0,1685792.0,2700.0
41702,1690717,1693417.0,1694718.0,2700.0
41680,1683107,1685807.0,1695376.0,2700.0
41709,1692675,1697418.0,1707071.0,4743.0
41780,1712272,1714972.0,1714975.0,2700.0
41786,1712887,1715587.0,1715604.0,2700.0
41787,1713050,1715750.0,1715818.0,2700.0
41790,1714067,1716767.0,1716837.0,2700.0
41796,1715030,1717730.0,1717782.0,2700.0
41799,1716148,1718848.0,1718931.0,2700.0
41815,1718745,1718931.0,1718992.0,186.0
41803,1717909,1720609.0,1720656.0,2700.0
41804,1717936,1720636.0,1720657.0,2700.0
41770,1709237,1711937.0,1720787.0,2700.0
41806,1718013,1720795.0,1720829.0,2782.0
41805,1718002,1720787.0,1720888.0,2785.0
41814,1718682,1720888.0,1720912.0,2206.0
41825,1721049,1721049.0,1721062.0,0.0
41826,1721169,1721169.0,1721358.0,0.0
41823,1720423,1723123.0,1723145.0,2700.0
41832,1722162,1724862.0,1724921.0,2700.0
41837,1722831,1725712.0,1725750.0,2881.0
41835,1722662,1725712.0,1725937.0,3050.0
41838,1723331,1726031.0,1726055.0,2700.0
41852,1726187,1726187.0,1726203.0,0.0
41827,1721463,1721463.0,1726227.0,0.0
41854,1726463,1726463.0,1726543.0,0.0
41853,1726391,1726391.0,1726655.0,0.0
41856,1726571,1726655.0,1726718.0,84.0
41857,1726646,1726655.0,1726760.0,9.0
41858,1726738,1726760.0,1727777.0,22.0
41860,1726884,1727777.0,1727867.0,893.0
41861,1726990,1727867.0,1727977.0,877.0
41869,1727546,1727977.0,1727989.0,431.0
41864,1727366,1727977.0,1728011.0,611.0
41870,1727616,1727977.0,1728057.0,361.0
41867,1727505,1727977.0,1728073.0,472.0
41868,1727536,1727977.0,1728095.0,441.0
41859,1726763,1729721.0,1729831.0,2958.0
41876,1728896,1729831.0,1729907.0,935.0
41862,1727285,1730550.0,1730559.0,3265.0
41865,1727420,1730550.0,1730577.0,3130.0
41866,1727463,1730550.0,1730579.0,3087.0
41863,1727303,1730550.0,1730669.0,3247.0
41871,1727714,1730737.0,1730824.0,3023.0
41872,1727812,1730757.0,1730872.0,2945.0
41882,1729859,1730859.0,1730950.0,1000.0
41878,1729113,1730872.0,1731004.0,1759.0
41886,1730505,1730950.0,1731296.0,445.0
41879,1729234,1731004.0,1731373.0,1770.0
41890,1730998,1731296.0,1731428.0,298.0
41873,1728714,1731414.0,1731440.0,2700.0
41874,1728753,1731453.0,1731485.0,2700.0
41875,1728795,1731495.0,1731584.0,2700.0
41880,1729645,1731373.0,1731776.0,1728.0
41883,1730030,1731776.0,1731995.0,1746.0
41888,1730848,1731995.0,1732350.0,1147.0
41899,1732387,1732387.0,1732415.0,0.0
41900,1732435,1732435.0,1732462.0,0.0
41881,1729746,1732446.0,1732553.0,2700.0
41902,1732552,1732552.0,1732568.0,0.0
41903,1732571,1732571.0,1732584.0,0.0
41877,1728991,1732895.0,1733003.0,3904.0
41895,1731771,1733003.0,1733031.0,1232.0
41901,1732473,1733031.0,1733125.0,558.0
41897,1732025,1733003.0,1733138.0,978.0
41904,1732582,1733138.0,1733227.0,556.0
41898,1732172,1733003.0,1733229.0,831.0
41911,1733395,1733395.0,1733449.0,0.0
41912,1733466,1733466.0,1733472.0,0.0
41910,1733391,1733391.0,1733509.0,0.0
41887,1730839,1733539.0,1733593.0,2700.0
41913,1733549,1733549.0,1733606.0,0.0
41914,1733617,1733617.0,1733657.0,0.0
41889,1730908,1733608.0,1733671.0,2700.0
41915,1733668,1733668.0,1733711.0,0.0
41885,1730488,1733559.0,1733737.0,3071.0
41916,1733721,1733721.0,1733759.0,0.0
41891,1731152,1734428.0,1734511.0,3276.0
41919,1734187,1734653.0,1734708.0,466.0
41921,1734756,1734756.0,1735265.0,0.0
41923,1735336,1735336.0,1735406.0,0.0
41893,1731251,1736459.0,1736885.0,5208.0
41926,1735796,1739585.0,1739605.0,3789.0
41925,1735582,1739585.0,1739616.0,4003.0
41892,1731244,1739585.0,1739677.0,8341.0
41935,1737072,1739605.0,1739687.0,2533.0
41936,1737408,1739687.0,1739708.0,2279.0
41928,1736370,1739616.0,1739729.0,3246.0
41937,1737409,1739708.0,1739735.0,2299.0
41924,1735415,1739585.0,1739742.0,4170.0
41884,1730255,1739585.0,1739747.0,9330.0
41943,1738480,1739735.0,1739755.0,1255.0
41944,1738591,1739742.0,1739763.0,1151.0
41945,1738733,1739742.0,1739774.0,1009.0
41952,1739510,1739763.0,1739777.0,253.0
41938,1737446,1739729.0,1739782.0,2283.0
41946,1738927,1739755.0,1739784.0,828.0
41906,1732684,1739677.0,1739801.0,6993.0
41929,1736406,1739729.0,1739809.0,3323.0
41947,1738972,1739777.0,1739823.0,805.0
41894,1731353,1739747.0,1739852.0,8394.0
41917,1733770,1739801.0,1739853.0,6031.0
41931,1736495,1739853.0,1739909.0,3358.0
41939,1737510,1739853.0,1739912.0,2343.0
41932,1736567,1739853.0,1739919.0,3286.0
41948,1739034,1739909.0,1739960.0,875.0
41940,1737579,1739919.0,1739981.0,2340.0
41949,1739096,1739960.0,1740011.0,864.0
41953,1739966,1739966.0,1740020.0,0.0
41933,1736650,1740011.0,1740076.0,3361.0
41955,1740034,1740034.0,1740097.0,0.0
41941,1737655,1740076.0,1740144.0,2421.0
41930,1736473,1739809.0,1740158.0,3336.0
41956,1740116,1740158.0,1740194.0,42.0
41950,1739157,1740144.0,1740212.0,987.0
41957,1740167,1740212.0,1740255.0,45.0
41927,1736301,1740206.0,1740294.0,3905.0
41896,1731982,1739747.0,1740315.0,7765.0
41958,1740222,1740255.0,1740315.0,33.0
41907,1732824,1740315.0,1740344.0,7491.0
41908,1732912,1740344.0,1740376.0,7432.0
41960,1740373,1740373.0,1740384.0,0.0
41909,1733033,1740376.0,1740479.0,7343.0
41918,1733837,1740479.0,1740569.0,6642.0
41920,1734192,1740569.0,1740612.0,6377.0
41922,1734911,1740612.0,1740648.0,5701.0
41934,1736731,1740648.0,1740748.0,3917.0
41942,1737742,1740748.0,1740784.0,3006.0
41951,1739236,1740784.0,1740879.0,1548.0
41954,1739976,1740879.0,1742171.0,903.0
41959,1740295,1742171.0,1742259.0,1876.0
41962,1741024,1742259.0,1742346.0,1235.0
41965,1741094,1742346.0,1742351.0,1252.0
41966,1741120,1742346.0,1742432.0,1226.0
41968,1741270,1742432.0,1742450.0,1162.0
41969,1741410,1742432.0,1742458.0,1022.0
41961,1740960,1744584.0,1744625.0,3624.0
41808,1718127,1720827.0,1744786.0,2700.0
41974,1741532,1744786.0,1744812.0,3254.0
41807,1718095,1720829.0,1744820.0,2734.0
41975,1741612,1744812.0,1744833.0,3200.0
41963,1741026,1744958.0,1744960.0,3932.0
41964,1741087,1744994.0,1745017.0,3907.0
41982,1742274,1745115.0,1745136.0,2841.0
41981,1742137,1745115.0,1745137.0,2978.0
41987,1743221,1745115.0,1745180.0,1894.0
41971,1741421,1745184.0,1745220.0,3763.0
41967,1741223,1745115.0,1745251.0,3892.0
41976,1741654,1745251.0,1745438.0,3597.0
41978,1741876,1745438.0,1745568.0,3562.0
41990,1743878,1745137.0,1745648.0,1259.0
41979,1742027,1745568.0,1745656.0,3541.0
41991,1744441,1745648.0,1745685.0,1207.0
41905,1732643,1739852.0,1746717.0,7209.0
41983,1742313,1746717.0,1746739.0,4404.0
41985,1742937,1746739.0,1746769.0,3802.0
41993,1745397,1746769.0,1746800.0,1372.0
41994,1745742,1746800.0,1746824.0,1058.0
41992,1744496,1745685.0,1746828.0,1189.0
41996,1746558,1746828.0,1746864.0,270.0
41997,1746775,1746864.0,1747039.0,89.0
41998,1746966,1747039.0,1747083.0,73.0
41999,1746968,1747083.0,1747128.0,115.0
41988,1743315,1747232.0,1747247.0,3917.0
41977,1741745,1747232.0,1747253.0,5487.0
41972,1741488,1747232.0,1747264.0,5744.0
41989,1743411,1747250.0,1747265.0,3839.0
41986,1743186,1747258.0,1747355.0,4072.0
42000,1747035,1747083.0,1747473.0,48.0
41995,1745935,1746800.0,1747543.0,865.0
41984,1742879,1745115.0,1747996.0,2236.0
42001,1747715,1752053.0,1752275.0,4338.0
42002,1747895,1752155.0,1752284.0,4260.0
42003,1747947,1752343.0,1752525.0,4396.0
42014,1752823,1752823.0,1752840.0,0.0
42007,1750547,1753247.0,1753252.0,2700.0
41970,1741413,1744820.0,1754002.0,3407.0
42008,1750616,1754002.0,1754033.0,3386.0
42009,1750883,1754033.0,1754450.0,3150.0
42012,1752175,1754875.0,1754889.0,2700.0
41980,1742097,1745656.0,1755730.0,3559.0
42004,1748165,1752275.0,1756154.0,4110.0
41973,1741506,1747232.0,1756622.0,5726.0
42011,1751557,1752525.0,1761002.0,968.0
42005,1749875,1752284.0,1762139.0,2409.0
42006,1749903,1752525.0,1762352.0,2622.0
42023,1762489,1762489.0,1762502.0,0.0
42010,1751501,1754450.0,1762683.0,2949.0
42013,1752438,1755730.0,1765779.0,3292.0
42016,1760036,1765779.0,1765841.0,5743.0
42017,1760400,1765841.0,1765904.0,5441.0
42018,1760764,1765904.0,1765963.0,5140.0
42019,1761126,1765963.0,1766024.0,4837.0
42020,1761488,1766024.0,1766090.0,4536.0
42021,1761855,1766090.0,1766148.0,4235.0
42022,1762214,1766148.0,1766205.0,3934.0
42025,1762635,1762635.0,1770678.0,0.0
42024,1762572,1766205.0,1774308.0,3633.0
42015,1759737,1767483.0,1778416.0,7746.0
42026,1770683,1781116.0,1781220.0,10433.0
42154,1805005,1807705.0,1807725.0,2700.0
42155,1805065,1807765.0,1807793.0,2700.0
42122,1795649,1798349.0,1808452.0,2700.0
42160,1805754,1808454.0,1808471.0,2700.0
42165,1806823,1811152.0,1811178.0,4329.0
42045,1778106,1781220.0,1813886.0,3114.0
42044,1778076,1781220.0,1813914.0,3144.0
42163,1806441,1808452.0,1818532.0,2011.0
42212,1818705,1818705.0,1818819.0,0.0
42214,1818829,1818829.0,1818987.0,0.0
42215,1819037,1819037.0,1819095.0,0.0
42201,1816523,1819223.0,1819236.0,2700.0
42206,1817234,1819934.0,1830005.0,2700.0
42248,1827306,1830006.0,1830020.0,2700.0
42253,1828033,1830733.0,1840802.0,2700.0
42256,1838104,1840804.0,1840817.0,2700.0
42258,1839223,1841923.0,1841937.0,2700.0
42261,1840332,1843032.0,1843049.0,2700.0
42028,1771039,1781220.0,1843801.0,10181.0
42027,1770977,1781220.0,1843863.0,10243.0
42259,1840146,1846563.0,1846723.0,6417.0
42262,1845553,1846723.0,1846736.0,1170.0
42260,1840162,1847849.0,1848066.0,7687.0
42257,1838834,1841534.0,1848251.0,2700.0
42263,1846128,1846736.0,1857659.0,608.0
42264,1857058,1860359.0,1860445.0,3301.0
