job_id,type,res,nodes,start_time,subtime,reqtime,req_finish_time,runtime,actual_finish_time,terminated,finish_time
34036,execution_finished,4,"[0, 1, 2, 3]",0.0,0,132,132.0,132,132.0,False,132.0
34040,execution_finished,4,"[5, 6, 7, 8]",297.0,297,24,321.0,24,321.0,False,321.0
34041,execution_finished,1,[9],328.0,328,9,337.0,9,337.0,False,337.0
34039,execution_finished,1,[4],256.0,256,111,367.0,111,367.0,False,367.0
34042,execution_finished,1,[10],455.0,455,116,571.0,116,571.0,False,571.0
34045,execution_finished,8,"[59, 60, 61, 62, 63, 64, 65, 66]",576.0,576,153,729.0,153,729.0,False,729.0
34047,execution_finished,8,"[5, 6, 7, 8, 9, 4, 10, 59]",871.0,871,145,1016.0,145,1016.0,False,1016.0
34044,execution_finished,32,"[27, 28, 29, 30, 31, 32, 33, 34, 35, 36, 37, 38, 39, 40, 41, 42, 43, 44, 45, 46, 47, 48, 49, 50, 51, 52, 53, 54, 55, 56, 57, 58]",494.0,494,755,1249.0,755,1249.0,False,1249.0
34051,execution_finished,1,[33],1326.0,1326,34,1360.0,34,1360.0,False,1360.0
34049,execution_finished,1,[64],1307.0,1307,68,1375.0,68,1375.0,False,1375.0
34048,execution_finished,4,"[60, 61, 62, 63]",1300.0,1300,200,1500.0,200,1500.0,False,1500.0
34050,execution_finished,16,"[65, 66, 4, 5, 6, 7, 8, 9, 10, 59, 27, 28, 29, 30, 31, 32]",1316.0,1316,190,1506.0,190,1506.0,False,1506.0
34043,execution_finished,16,"[11, 12, 13, 14, 15, 16, 17, 18, 19, 20, 21, 22, 23, 24, 25, 26]",490.0,490,1121,1611.0,1121,1611.0,False,1611.0
34052,execution_finished,2,"[34, 35]",1343.0,1343,338,1681.0,338,1681.0,False,1681.0
34061,execution_finished,2,"[27, 28]",1817.0,1817,28,1845.0,28,1845.0,False,1845.0
34060,execution_finished,4,"[7, 8, 9, 10]",1817.0,1795,38,1855.0,38,1855.0,False,1855.0
34056,execution_finished,32,"[36, 37, 38, 39, 40, 41, 42, 43, 44, 45, 46, 47, 48, 49, 50, 51, 52, 53, 54, 55, 56, 57, 58, 33, 64, 60, 61, 62, 63, 4, 5, 6]",1535.0,1535,340,1875.0,340,1875.0,False,1875.0
34065,execution_finished,1,[39],2030.0,2030,154,2184.0,154,2184.0,False,2184.0
34070,execution_finished,1,[40],2400.0,2349,77,2477.0,77,2477.0,False,2477.0
34062,execution_finished,4,"[5, 6, 33, 36]",1906.0,1906,1028,2934.0,1028,2934.0,False,2934.0
34064,execution_finished,2,"[37, 38]",2030.0,1927,1011,3041.0,1011,3041.0,False,3041.0
34058,execution_finished,32,"[29, 30, 31, 32, 59, 65, 66, 11, 12, 13, 14, 15, 16, 17, 18, 19, 20, 21, 22, 23, 24, 25, 26, 34, 35, 27, 28, 7, 8, 9, 10, 4]",1875.0,1651,3453,5328.0,3453,5328.0,False,5328.0
34063,execution_finished,32,"[67, 68, 69, 70, 71, 72, 73, 74, 75, 76, 77, 78, 79, 80, 81, 82, 83, 84, 85, 86, 87, 88, 89, 90, 91, 92, 93, 94, 95, 96, 97, 98]",5100.0,1924,392,5492.0,392,5492.0,False,5492.0
34074,execution_finished,32,"[4, 7, 8, 9, 10, 11, 12, 13, 14, 15, 16, 17, 18, 19, 20, 21, 22, 23, 24, 25, 26, 27, 28, 29, 30, 31, 32, 34, 35, 59, 65, 66]",5328.0,2889,279,5607.0,279,5607.0,False,5607.0
34075,execution_finished,1,[127],5653.0,2953,19,5672.0,19,5672.0,False,5672.0
34086,execution_finished,16,"[22, 23, 24, 25, 26, 27, 28, 29, 30, 31, 32, 34, 35, 59, 65, 66]",5607.0,3968,86,5693.0,86,5693.0,False,5693.0
34105,execution_finished,8,"[28, 29, 30, 31, 32, 34, 35, 59]",5693.0,5274,76,5769.0,76,5769.0,False,5769.0
34106,execution_finished,8,"[65, 66, 28, 29, 30, 31, 32, 34]",5769.0,5450,69,5838.0,69,5838.0,False,5838.0
34109,execution_finished,8,"[35, 59, 28, 29, 30, 31, 32, 34]",5838.0,5587,42,5880.0,42,5880.0,False,5880.0
34111,execution_finished,8,"[65, 66, 28, 29, 30, 31, 32, 34]",5880.0,5731,87,5967.0,87,5967.0,False,5967.0
34078,execution_finished,32,"[67, 68, 69, 70, 71, 72, 73, 74, 75, 76, 77, 78, 79, 80, 81, 82, 83, 84, 85, 86, 87, 88, 89, 90, 91, 92, 93, 94, 95, 96, 97, 98]",5492.0,3239,708,6200.0,708,6200.0,False,6200.0
34115,execution_finished,4,"[35, 59, 28, 29]",6193.0,6193,45,6238.0,45,6238.0,False,6238.0
34080,execution_finished,16,"[4, 7, 8, 9, 10, 11, 12, 13, 14, 15, 16, 17, 18, 19, 20, 21]",5607.0,3267,1126,6733.0,1126,6733.0,False,6733.0
34123,execution_finished,8,"[4, 7, 8, 9, 10, 11, 12, 13]",6928.0,6928,86,7014.0,86,7014.0,False,7014.0
34089,execution_finished,32,"[30, 31, 32, 34, 65, 66, 67, 68, 69, 70, 71, 72, 73, 74, 75, 76, 77, 78, 79, 80, 81, 82, 83, 84, 85, 86, 87, 88, 89, 90, 91, 92]",6200.0,4161,876,7076.0,876,7076.0,False,7076.0
34125,execution_finished,8,"[14, 15, 16, 17, 18, 19, 20, 21]",7007.0,7007,92,7099.0,92,7099.0,False,7099.0
34127,execution_finished,8,"[4, 7, 8, 9, 10, 11, 12, 13]",7067.0,7067,129,7196.0,129,7196.0,False,7196.0
34130,execution_finished,8,"[14, 15, 16, 17, 18, 19, 20, 21]",7161.0,7161,73,7234.0,73,7234.0,False,7234.0
34101,execution_finished,32,"[30, 31, 32, 34, 65, 66, 67, 68, 69, 70, 71, 72, 73, 74, 75, 76, 77, 78, 79, 80, 81, 82, 83, 84, 85, 86, 87, 88, 89, 90, 91, 92]",7076.0,5044,226,7302.0,226,7302.0,False,7302.0
34132,execution_finished,8,"[14, 15, 16, 17, 18, 19, 20, 21]",7234.0,7224,97,7331.0,97,7331.0,False,7331.0
34133,execution_finished,8,"[14, 15, 16, 17, 18, 19, 20, 21]",7331.0,7267,59,7390.0,59,7390.0,False,7390.0
34135,execution_finished,8,"[14, 15, 16, 17, 18, 19, 20, 21]",7390.0,7385,90,7480.0,90,7480.0,False,7480.0
34136,execution_finished,8,"[14, 15, 16, 17, 18, 19, 20, 21]",7480.0,7388,16,7496.0,16,7496.0,False,7496.0
34137,execution_finished,8,"[14, 15, 16, 17, 18, 19, 20, 21]",7496.0,7451,52,7548.0,52,7548.0,False,7548.0
34138,execution_finished,8,"[14, 15, 16, 17, 18, 19, 20, 21]",7556.0,7556,108,7664.0,108,7664.0,False,7664.0
34139,execution_finished,8,"[14, 15, 16, 17, 18, 19, 20, 21]",7664.0,7558,61,7725.0,61,7725.0,False,7725.0
34072,execution_finished,32,"[0, 1, 2, 3, 99, 100, 101, 102, 103, 104, 105, 106, 107, 108, 109, 110, 111, 112, 113, 114, 115, 116, 117, 118, 119, 120, 121, 122, 123, 124, 125, 126]",5500.0,2800,2307,7807.0,2307,7807.0,False,7807.0
34141,execution_finished,8,"[14, 15, 16, 17, 18, 19, 20, 21]",7725.0,7698,99,7824.0,99,7824.0,False,7824.0
34144,execution_finished,1,[14],7824.0,7822,55,7879.0,55,7879.0,False,7879.0
34146,execution_finished,1,[15],7892.0,7892,25,7917.0,25,7917.0,False,7917.0
34151,execution_finished,1,[14],8010.0,8010,3,8013.0,3,8013.0,False,8013.0
34112,execution_finished,32,"[0, 1, 2, 3, 99, 100, 101, 102, 103, 104, 105, 106, 107, 108, 109, 110, 111, 112, 113, 114, 115, 116, 117, 118, 119, 120, 121, 122, 123, 124, 125, 126]",7807.0,5815,226,8033.0,226,8033.0,False,8033.0
34148,execution_finished,4,"[16, 17, 18, 19]",7923.0,7923,122,8045.0,122,8045.0,False,8045.0
34149,execution_finished,2,"[20, 21]",7945.0,7945,102,8047.0,102,8047.0,False,8047.0
34121,execution_finished,32,"[15, 14, 0, 1, 2, 3, 99, 100, 101, 102, 103, 104, 105, 106, 107, 108, 109, 110, 111, 112, 113, 114, 115, 116, 117, 118, 119, 120, 121, 122, 123, 124]",8033.0,6675,116,8149.0,116,8149.0,False,8149.0
34079,execution_finished,16,"[5, 6, 33, 36, 37, 38, 39, 40, 49, 50, 51, 52, 53, 54, 55, 56]",8192.0,3252,8,8200.0,8,8200.0,False,8200.0
34088,execution_finished,2,"[57, 58]",8307.0,4150,25,8332.0,25,8332.0,False,8332.0
34124,execution_finished,32,"[125, 126, 16, 17, 18, 19, 20, 21, 0, 1, 2, 3, 14, 15, 99, 100, 101, 102, 103, 104, 105, 106, 107, 108, 109, 110, 111, 112, 113, 114, 115, 116]",8149.0,6935,282,8431.0,282,8431.0,False,8431.0
34092,execution_finished,4,"[60, 61, 62, 63]",8393.0,4297,41,8434.0,41,8434.0,False,8434.0
34104,execution_finished,8,"[64, 127, 22, 23, 24, 25, 26, 27]",8393.0,5175,78,8471.0,78,8471.0,False,8471.0
34154,execution_finished,8,"[16, 17, 18, 19, 20, 21, 99, 100]",8466.0,8466,83,8549.0,83,8549.0,False,8549.0
34158,execution_finished,4,"[101, 102, 103, 104]",8772.0,8772,39,8811.0,39,8811.0,False,8811.0
34159,execution_finished,2,"[105, 106]",8795.0,8795,16,8811.0,16,8811.0,False,8811.0
34160,execution_finished,4,"[107, 108, 109, 110]",8831.0,8831,97,8928.0,97,8928.0,False,8928.0
34161,execution_finished,2,"[111, 112]",8852.0,8852,76,8928.0,76,8928.0,False,8928.0
34163,execution_finished,2,"[113, 114]",9003.0,9003,20,9023.0,20,9023.0,False,9023.0
34164,execution_finished,4,"[22, 23, 24, 25]",9047.0,9047,38,9085.0,38,9085.0,False,9085.0
34166,execution_finished,4,"[16, 17, 18, 19]",9098.0,9098,46,9144.0,46,9144.0,False,9144.0
34168,execution_finished,2,"[20, 21]",9121.0,9121,23,9144.0,23,9144.0,False,9144.0
34169,execution_finished,8,"[99, 100, 101, 102, 103, 104, 105, 106]",9137.0,9137,45,9182.0,45,9182.0,False,9182.0
34073,execution_finished,8,"[41, 42, 43, 44, 45, 46, 47, 48]",6975.0,2846,2267,9242.0,2267,9242.0,False,9242.0
34172,execution_finished,2,"[107, 108]",9196.0,9196,69,9265.0,69,9265.0,False,9265.0
34175,execution_finished,8,"[22, 23, 24, 25, 16, 17, 18, 19]",9240.0,9240,87,9327.0,87,9327.0,False,9327.0
34177,execution_finished,8,"[20, 21, 99, 100, 101, 102, 103, 104]",9381.0,9381,40,9421.0,40,9421.0,False,9421.0
34178,execution_finished,8,"[105, 106, 41, 42, 43, 44, 45, 46]",9451.0,9451,79,9530.0,79,9530.0,False,9530.0
34179,execution_finished,1,[47],9541.0,9541,4,9545.0,4,9545.0,False,9545.0
34173,execution_finished,4,"[109, 110, 111, 112]",9208.0,9208,373,9581.0,373,9581.0,False,9581.0
34174,execution_finished,2,"[113, 114]",9233.0,9233,355,9588.0,355,9588.0,False,9588.0
34182,execution_finished,1,[46],9572.0,9572,42,9614.0,42,9614.0,False,9614.0
34183,execution_finished,4,"[105, 106, 47, 109]",9594.0,9594,42,9636.0,42,9636.0,False,9636.0
34185,execution_finished,2,"[110, 111]",9632.0,9632,29,9661.0,29,9661.0,False,9661.0
34180,execution_finished,8,"[48, 107, 108, 16, 17, 18, 19, 22]",9565.0,9565,103,9668.0,103,9668.0,False,9668.0
34189,execution_finished,1,[47],9758.0,9758,17,9775.0,17,9775.0,False,9775.0
34181,execution_finished,16,"[23, 24, 25, 20, 21, 99, 100, 101, 102, 103, 104, 41, 42, 43, 44, 45]",9569.0,9569,250,9819.0,250,9819.0,False,9819.0
34188,execution_finished,4,"[112, 113, 114, 46]",9750.0,9750,137,9887.0,137,9887.0,False,9887.0
34190,execution_finished,2,"[105, 106]",9780.0,9780,117,9897.0,117,9897.0,False,9897.0
34192,execution_finished,8,"[109, 110, 111, 16, 17, 18, 19, 22]",9892.0,9892,5,9897.0,5,9897.0,False,9897.0
34193,execution_finished,16,"[48, 107, 108, 47, 20, 21, 23, 24, 25, 41, 42, 43, 44, 45, 99, 100]",9899.0,9899,96,9995.0,96,9995.0,False,9995.0
34196,execution_finished,1,[16],10175.0,10175,41,10216.0,41,10216.0,False,10216.0
34195,execution_finished,8,"[101, 102, 103, 104, 46, 112, 113, 114]",10146.0,10146,81,10227.0,81,10227.0,False,10227.0
34197,execution_finished,1,[17],10231.0,10231,24,10255.0,24,10255.0,False,10255.0
34200,execution_finished,2,"[106, 109]",10290.0,10290,77,10367.0,77,10367.0,False,10367.0
34198,execution_finished,4,"[18, 19, 22, 105]",10265.0,10265,103,10368.0,103,10368.0,False,10368.0
34202,execution_finished,8,"[110, 111, 20, 21, 23, 24, 25, 41]",10369.0,10369,93,10462.0,93,10462.0,False,10462.0
34205,execution_finished,8,"[42, 43, 44, 45, 47, 48, 99, 100]",10509.0,10509,84,10593.0,84,10593.0,False,10593.0
34103,execution_finished,32,"[30, 31, 32, 34, 65, 66, 67, 68, 69, 70, 71, 72, 73, 74, 75, 76, 77, 78, 79, 80, 81, 82, 83, 84, 85, 86, 87, 88, 89, 90, 91, 92]",7302.0,5114,3537,10839.0,3537,10839.0,False,10839.0
34207,execution_finished,4,"[46, 101, 102, 103]",10826.0,10826,125,10951.0,125,10951.0,False,10951.0
34208,execution_finished,2,"[17, 106]",10847.0,10847,104,10951.0,104,10951.0,False,10951.0
34217,execution_finished,4,"[30, 31, 32, 34]",11327.0,11327,49,11376.0,49,11376.0,False,11376.0
34218,execution_finished,2,"[17, 46]",11441.0,11441,17,11458.0,17,11458.0,False,11458.0
34219,execution_finished,4,"[101, 102, 103, 106]",11479.0,11479,37,11516.0,37,11516.0,False,11516.0
34215,execution_finished,8,"[42, 43, 44, 45, 47, 48, 99, 100]",11136.0,11136,419,11555.0,419,11555.0,False,11555.0
34220,execution_finished,8,"[30, 31, 32, 34, 17, 46, 101, 102]",11536.0,11536,43,11579.0,43,11579.0,False,11579.0
34222,execution_finished,16,"[103, 106, 42, 43, 44, 45, 47, 48, 99, 100, 17, 30, 31, 32, 34, 46]",11598.0,11598,62,11660.0,62,11660.0,False,11660.0
34211,execution_finished,4,"[20, 21, 23, 24]",11028.0,11028,982,12010.0,982,12010.0,False,12010.0
34213,execution_finished,2,"[25, 41]",11050.0,11050,960,12010.0,960,12010.0,False,12010.0
34228,execution_finished,4,"[20, 21, 23, 24]",12110.0,11883,55,12165.0,55,12165.0,False,12165.0
34230,execution_finished,4,"[106, 103, 100, 99]",12110.0,12110,563,12673.0,563,12673.0,False,12673.0
34231,execution_finished,2,"[25, 41]",12208.0,12135,539,12747.0,539,12747.0,False,12747.0
34246,execution_finished,4,"[106, 103, 100, 99]",13009.0,13009,963,13972.0,963,13972.0,False,13972.0
34248,execution_finished,2,"[41, 25]",13032.0,13032,943,13975.0,943,13975.0,False,13975.0
34257,execution_finished,2,"[106, 103]",14129.0,14129,178,14307.0,178,14307.0,False,14307.0
34261,execution_finished,2,"[106, 103]",14392.0,14392,99,14491.0,99,14491.0,False,14491.0
34224,execution_finished,32,"[26, 27, 28, 29, 35, 59, 60, 61, 62, 63, 64, 93, 94, 95, 96, 97, 98, 115, 116, 125, 126, 127, 101, 102, 17, 30, 31, 32, 34, 42, 43, 44]",14392.0,11692,150,14542.0,150,14542.0,False,14542.0
34232,execution_finished,32,"[99, 100, 25, 41, 103, 106, 17, 26, 27, 28, 29, 30, 31, 32, 34, 35, 42, 43, 44, 59, 60, 61, 62, 63, 64, 93, 94, 95, 96, 97, 98, 101]",14542.0,12208,50,14592.0,50,14592.0,False,14592.0
34239,execution_finished,1,[107],15254.0,12554,3,15257.0,3,15257.0,False,15257.0
34243,execution_finished,1,[16],15608.0,12908,57,15665.0,57,15665.0,False,15665.0
34245,execution_finished,1,[18],15683.0,12983,18,15701.0,18,15701.0,False,15701.0
34256,execution_finished,16,"[127, 126, 125, 116, 115, 106, 103, 102, 101, 100, 99, 98, 97, 96, 95, 94]",14592.0,13947,1213,15805.0,1213,15805.0,False,15805.0
34287,execution_finished,2,"[16, 18]",15894.0,15894,61,15955.0,61,15955.0,False,15955.0
34290,execution_finished,1,[16],15962.0,15962,18,15980.0,18,15980.0,False,15980.0
34226,execution_finished,32,"[19, 22, 65, 66, 67, 68, 69, 70, 71, 72, 73, 74, 75, 76, 77, 78, 79, 80, 81, 82, 83, 84, 85, 86, 87, 88, 89, 90, 91, 92, 104, 105]",15939.0,11739,123,16062.0,123,16062.0,False,16062.0
34279,execution_finished,32,"[105, 104, 92, 91, 90, 89, 88, 87, 86, 85, 84, 83, 82, 81, 80, 79, 78, 77, 76, 75, 74, 73, 72, 71, 70, 69, 68, 67, 66, 65, 22, 19]",16062.0,15528,7,16069.0,7,16069.0,False,16069.0
34280,execution_finished,32,"[105, 104, 92, 91, 90, 89, 88, 87, 86, 85, 84, 83, 82, 81, 80, 79, 78, 77, 76, 75, 74, 73, 72, 71, 70, 69, 68, 67, 66, 65, 22, 19]",16069.0,15572,10,16079.0,10,16079.0,False,16079.0
34282,execution_finished,16,"[105, 104, 92, 91, 90, 89, 88, 87, 86, 85, 84, 83, 82, 81, 80, 79]",16079.0,15596,11,16090.0,11,16090.0,False,16090.0
34288,execution_finished,16,"[78, 77, 76, 75, 74, 73, 72, 71, 70, 69, 68, 67, 66, 65, 22, 19]",16079.0,15920,13,16092.0,13,16092.0,False,16092.0
34273,execution_finished,16,"[127, 126, 125, 116, 115, 106, 103, 102, 101, 100, 99, 98, 97, 96, 95, 94]",15805.0,15235,946,16751.0,946,16751.0,False,16751.0
34298,execution_finished,1,[96],16798.0,16798,30,16828.0,30,16828.0,False,16828.0
34297,execution_finished,2,"[94, 95]",16751.0,16684,85,16836.0,85,16836.0,False,16836.0
34296,execution_finished,32,"[105, 104, 92, 91, 90, 89, 88, 87, 86, 85, 84, 83, 82, 81, 80, 79, 78, 77, 76, 75, 74, 73, 72, 71, 70, 69, 68, 67, 66, 65, 22, 19]",16626.0,16626,252,16878.0,252,16878.0,False,16878.0
34303,execution_finished,2,"[19, 22]",16985.0,16985,175,17160.0,175,17160.0,False,17160.0
34302,execution_finished,32,"[127, 126, 125, 116, 115, 106, 105, 104, 103, 102, 101, 100, 99, 98, 97, 96, 95, 94, 92, 91, 90, 89, 88, 87, 86, 85, 84, 83, 82, 81, 80, 79]",16961.0,16961,243,17204.0,243,17204.0,False,17204.0
34305,execution_finished,16,"[78, 77, 76, 75, 74, 73, 72, 71, 70, 69, 68, 67, 66, 65, 22, 19]",17160.0,17070,54,17214.0,54,17214.0,False,17214.0
34306,execution_finished,16,"[127, 126, 125, 116, 115, 106, 105, 104, 103, 102, 101, 100, 99, 98, 97, 96]",17204.0,17083,157,17361.0,157,17361.0,False,17361.0
34266,execution_finished,2,"[108, 109]",17387.0,14639,5,17392.0,5,17392.0,False,17392.0
34267,execution_finished,2,"[110, 111]",17387.0,14687,60,17447.0,60,17447.0,False,17447.0
34309,execution_finished,16,"[95, 94, 92, 91, 90, 89, 88, 87, 86, 85, 84, 83, 82, 81, 80, 79]",17276.0,17276,273,17549.0,273,17549.0,False,17549.0
34250,execution_finished,8,"[20, 21, 23, 24, 45, 46, 47, 48]",17292.0,13548,384,17676.0,384,17676.0,False,17676.0
34313,execution_finished,2,"[85, 86]",17575.0,17575,198,17773.0,198,17773.0,False,17773.0
34317,execution_finished,2,"[20, 21]",17834.0,17834,59,17893.0,59,17893.0,False,17893.0
34131,execution_finished,8,"[4, 7, 8, 9, 10, 11, 12, 13]",7196.0,7168,10967,18163.0,10967,18163.0,False,18163.0
34319,execution_finished,16,"[86, 85, 48, 47, 46, 45, 24, 23, 21, 20, 13, 12, 11, 10, 9, 8]",18163.0,18115,187,18350.0,187,18350.0,False,18350.0
34274,execution_finished,2,"[112, 113]",18365.0,15273,61,18426.0,61,18426.0,False,18426.0
34277,execution_finished,2,"[114, 107]",18365.0,15445,61,18426.0,61,18426.0,False,18426.0
34318,execution_finished,16,"[114, 113, 112, 107, 86, 85, 48, 47, 46, 45, 24, 23, 21, 20, 13, 12]",18763.0,17972,300,19063.0,300,19063.0,False,19063.0
34326,execution_finished,16,"[114, 113, 112, 107, 86, 85, 48, 47, 46, 45, 24, 23, 21, 20, 13, 12]",19063.0,18542,172,19235.0,172,19235.0,False,19235.0
34340,execution_finished,1,[47],19241.0,19241,8,19249.0,8,19249.0,False,19249.0
34330,execution_finished,8,"[12, 13, 20, 21, 23, 24, 45, 46]",19235.0,18742,81,19316.0,81,19316.0,False,19316.0
34331,execution_finished,16,"[114, 113, 112, 107, 86, 85, 48, 47, 46, 45, 24, 23, 21, 20, 13, 12]",19316.0,18846,20,19336.0,20,19336.0,False,19336.0
34128,execution_finished,32,"[117, 118, 119, 120, 121, 122, 123, 124, 5, 6, 33, 36, 37, 38, 39, 40, 49, 50, 51, 52, 53, 54, 55, 56, 57, 58, 0, 1, 2, 3, 14, 15]",8431.0,7125,11007,19438.0,11007,19438.0,False,19438.0
34343,execution_finished,1,[47],19419.0,19419,19,19438.0,19,19438.0,False,19438.0
34349,execution_finished,1,[50],19936.0,19684,77,20013.0,77,20013.0,False,20013.0
34348,execution_finished,1,[49],19936.0,19657,86,20022.0,86,20022.0,False,20022.0
34329,execution_finished,16,"[124, 123, 122, 121, 120, 119, 118, 117, 58, 57, 56, 55, 54, 53, 52, 51]",19936.0,18736,368,20304.0,368,20304.0,False,20304.0
34234,execution_finished,64,"[17, 25, 26, 27, 28, 29, 30, 31, 32, 34, 35, 41, 42, 43, 44, 59, 60, 61, 62, 63, 64, 93, 19, 22, 65, 66, 67, 68, 69, 70, 71, 72, 73, 74, 75, 76, 77, 78, 96, 97, 98, 99, 100, 101, 102, 103, 104, 105, 106, 115, 116, 125, 126, 127, 108, 109, 110, 111, 79, 80, 81, 82, 83, 84]",20249.0,12277,58,20307.0,58,20307.0,False,20307.0
34275,execution_finished,64,"[58, 117, 118, 119, 120, 121, 122, 123, 124, 17, 19, 22, 25, 26, 27, 28, 29, 30, 31, 32, 34, 35, 41, 42, 43, 44, 59, 60, 61, 62, 63, 64, 65, 66, 67, 68, 69, 70, 71, 72, 73, 74, 75, 76, 77, 78, 79, 80, 81, 82, 83, 84, 93, 96, 97, 98, 99, 100, 101, 102, 103, 104, 105, 106]",20307.0,15281,25,20332.0,25,20332.0,False,20332.0
34357,execution_finished,8,"[49, 51, 52, 53, 54, 55, 56, 57]",20304.0,19961,44,20348.0,44,20348.0,False,20348.0
34276,execution_finished,64,"[127, 17, 19, 22, 25, 26, 27, 28, 29, 30, 31, 32, 34, 35, 41, 42, 43, 44, 58, 59, 60, 61, 62, 63, 64, 65, 66, 67, 68, 69, 70, 71, 72, 73, 74, 75, 76, 77, 78, 79, 80, 81, 82, 83, 84, 93, 96, 97, 98, 99, 100, 101, 102, 103, 104, 105, 106, 117, 118, 119, 120, 121, 122, 123]",20332.0,15356,17,20349.0,17,20349.0,False,20349.0
34359,execution_finished,8,"[108, 109, 110, 111, 115, 116, 125, 126]",20307.0,20108,43,20350.0,43,20350.0,False,20350.0
34278,execution_finished,64,"[124, 49, 51, 52, 53, 54, 55, 56, 57, 17, 19, 22, 25, 26, 27, 28, 29, 30, 31, 32, 34, 35, 41, 42, 43, 44, 58, 59, 60, 61, 62, 63, 64, 65, 66, 67, 68, 69, 70, 71, 72, 73, 74, 75, 76, 77, 78, 79, 80, 81, 82, 83, 84, 93, 96, 97, 98, 99, 100, 101, 102, 103, 104, 105]",20349.0,15500,12,20361.0,12,20361.0,False,20361.0
34311,execution_finished,16,"[48, 0, 1, 2, 3, 5, 6, 14, 15, 33, 36, 37, 38, 39, 40, 47]",19438.0,17538,928,20366.0,928,20366.0,False,20366.0
34289,execution_finished,64,"[126, 17, 19, 22, 25, 26, 27, 28, 29, 30, 31, 32, 34, 35, 41, 42, 43, 44, 49, 51, 52, 53, 54, 55, 56, 57, 58, 59, 60, 61, 62, 63, 64, 65, 66, 67, 68, 69, 70, 71, 72, 73, 74, 75, 76, 77, 78, 79, 80, 81, 82, 83, 84, 93, 96, 97, 98, 99, 100, 101, 102, 103, 104, 105]",20361.0,15948,19,20380.0,19,20380.0,False,20380.0
34332,execution_finished,16,"[124, 0, 1, 2, 3, 5, 6, 14, 15, 33, 36, 37, 38, 39, 40, 47]",20366.0,18872,197,20563.0,197,20563.0,False,20563.0
34324,execution_finished,32,"[64, 65, 66, 67, 68, 69, 70, 71, 72, 73, 74, 75, 76, 77, 78, 79, 80, 81, 82, 83, 84, 93, 96, 97, 98, 99, 100, 101, 102, 103, 104, 105]",20380.0,18394,194,20574.0,194,20574.0,False,20574.0
34368,execution_finished,2,"[40, 47]",20563.0,20481,79,20642.0,79,20642.0,False,20642.0
34328,execution_finished,32,"[124, 64, 65, 66, 67, 68, 69, 70, 71, 72, 73, 74, 75, 76, 77, 78, 79, 80, 81, 82, 83, 84, 93, 96, 97, 98, 99, 100, 101, 102, 103, 104]",20574.0,18681,255,20829.0,255,20829.0,False,20829.0
34342,execution_finished,8,"[12, 13, 20, 21, 23, 24, 45, 46]",19336.0,19293,1715,21051.0,1715,21051.0,False,21051.0
34327,execution_finished,16,"[106, 117, 118, 119, 120, 121, 122, 123, 127, 108, 109, 110, 111, 115, 116, 125]",20350.0,18547,800,21150.0,800,21150.0,False,21150.0
34346,execution_finished,16,"[103, 104, 124, 12, 13, 20, 21, 23, 24, 45, 46, 106, 108, 109, 110, 111]",21150.0,19578,323,21473.0,323,21473.0,False,21473.0
34371,execution_finished,8,"[124, 111, 110, 109, 108, 106, 104, 103]",21473.0,20883,125,21598.0,125,21598.0,False,21598.0
34372,execution_finished,4,"[124, 111, 110, 109]",21598.0,20895,50,21648.0,50,21648.0,False,21648.0
34335,execution_finished,1,[18],21650.0,18950,14,21664.0,14,21664.0,False,21664.0
34334,execution_finished,1,[16],21644.0,18944,36,21680.0,36,21680.0,False,21680.0
34354,execution_finished,16,"[115, 116, 117, 118, 119, 120, 121, 122, 123, 125, 127, 12, 13, 20, 21, 23]",21473.0,19802,209,21682.0,209,21682.0,False,21682.0
34341,execution_finished,32,"[105, 40, 47, 64, 65, 66, 67, 68, 69, 70, 71, 72, 73, 74, 75, 76, 77, 78, 79, 80, 81, 82, 83, 84, 93, 96, 97, 98, 99, 100, 101, 102]",20829.0,19252,1756,22585.0,1756,22585.0,False,22585.0
34361,execution_finished,16,"[40, 47, 64, 65, 66, 67, 68, 69, 70, 71, 72, 73, 74, 75, 76, 77]",22585.0,20174,66,22651.0,66,22651.0,False,22651.0
34365,execution_finished,16,"[78, 79, 80, 81, 82, 83, 84, 93, 96, 97, 98, 99, 100, 101, 102, 105]",22585.0,20386,66,22651.0,66,22651.0,False,22651.0
34358,execution_finished,1,[87],22713.0,19996,21,22734.0,21,22734.0,False,22734.0
34356,execution_finished,2,"[90, 91]",22722.0,19895,23,22745.0,23,22745.0,False,22745.0
34387,execution_finished,1,[87],22734.0,22626,63,22797.0,63,22797.0,False,22797.0
34378,execution_finished,2,"[90, 91]",22745.0,22238,119,22864.0,119,22864.0,False,22864.0
34390,execution_finished,1,[87],22797.0,22763,72,22869.0,72,22869.0,False,22869.0
34392,execution_finished,1,[87],22869.0,22857,24,22893.0,24,22893.0,False,22893.0
34381,execution_finished,2,"[90, 91]",22864.0,22413,82,22946.0,82,22946.0,False,22946.0
34367,execution_finished,32,"[40, 47, 64, 65, 66, 67, 68, 69, 70, 71, 72, 73, 74, 75, 76, 77, 78, 79, 80, 81, 82, 83, 84, 93, 96, 97, 98, 99, 100, 101, 102, 105]",22651.0,20467,306,22957.0,306,22957.0,False,22957.0
34370,execution_finished,16,"[91, 40, 47, 64, 65, 66, 67, 68, 69, 70, 71, 72, 73, 74, 75, 76]",22957.0,20556,21,22978.0,21,22978.0,False,22978.0
34389,execution_finished,2,"[87, 90]",22946.0,22724,97,23043.0,97,23043.0,False,23043.0
34383,execution_finished,8,"[81, 40, 47, 64, 65, 66, 67, 68]",22978.0,22515,78,23056.0,78,23056.0,False,23056.0
34377,execution_finished,4,"[77, 78, 79, 80]",22957.0,22216,132,23089.0,132,23089.0,False,23089.0
34398,execution_finished,1,[66],23295.0,23295,61,23356.0,61,23356.0,False,23356.0
34345,execution_finished,16,"[4, 7, 126, 0, 1, 2, 3, 5, 6, 14, 15, 33, 36, 37, 38, 39]",23263.0,19530,218,23481.0,218,23481.0,False,23481.0
34400,execution_finished,1,[67],23429.0,23429,88,23517.0,88,23517.0,False,23517.0
34375,execution_finished,32,"[84, 93, 96, 97, 98, 99, 100, 101, 102, 105, 91, 87, 90, 68, 81, 77, 78, 79, 80, 66, 0, 1, 2, 3, 4, 5, 6, 7, 14, 15, 33, 36]",23481.0,22101,223,23704.0,223,23704.0,False,23704.0
34388,execution_finished,8,"[69, 70, 71, 72, 73, 74, 75, 76]",22978.0,22703,796,23774.0,796,23774.0,False,23774.0
34308,execution_finished,32,"[48, 17, 19, 22, 25, 26, 27, 28, 29, 30, 31, 32, 34, 35, 41, 42, 43, 44, 49, 51, 52, 53, 54, 55, 56, 57, 58, 59, 60, 61, 62, 63]",20380.0,17256,3463,23843.0,3463,23843.0,False,23843.0
34380,execution_finished,32,"[37, 38, 39, 126, 67, 0, 1, 2, 3, 4, 5, 6, 7, 14, 15, 33, 36, 66, 68, 77, 78, 79, 80, 81, 84, 87, 90, 91, 93, 96, 97, 98]",23704.0,22374,175,23879.0,175,23879.0,False,23879.0
34353,execution_finished,2,"[88, 89]",22722.0,19788,1220,23942.0,1220,23942.0,False,23942.0
34396,execution_finished,32,"[51, 52, 53, 54, 55, 56, 57, 58, 59, 60, 61, 62, 63, 0, 1, 2, 3, 4, 5, 6, 7, 14, 15, 33, 36, 37, 38, 39, 66, 67, 68, 77]",23879.0,23067,71,23950.0,71,23950.0,False,23950.0
34391,execution_finished,32,"[99, 100, 101, 102, 105, 69, 70, 71, 72, 73, 74, 75, 76, 17, 19, 22, 25, 26, 27, 28, 29, 30, 31, 32, 34, 35, 41, 42, 43, 44, 48, 49]",23843.0,22840,151,23994.0,151,23994.0,False,23994.0
34404,execution_finished,1,[78],23942.0,23573,120,24062.0,120,24062.0,False,24062.0
34407,execution_finished,8,"[62, 63, 66, 67, 68, 77, 17, 19]",23994.0,23865,81,24075.0,81,24075.0,False,24075.0
34352,execution_finished,4,"[92, 94, 95, 50]",23004.0,19766,1242,24246.0,1242,24246.0,False,24246.0
34397,execution_finished,32,"[79, 80, 81, 84, 87, 90, 91, 93, 96, 97, 98, 126, 88, 89, 0, 1, 2, 3, 4, 5, 6, 7, 14, 15, 33, 36, 37, 38, 39, 51, 52, 53]",23950.0,23194,319,24269.0,319,24269.0,False,24269.0
34402,execution_finished,8,"[54, 55, 56, 57, 58, 59, 60, 61]",23950.0,23521,336,24286.0,336,24286.0,False,24286.0
34408,execution_finished,64,"[22, 25, 26, 27, 28, 29, 30, 31, 32, 34, 35, 41, 42, 43, 44, 48, 49, 69, 70, 71, 72, 73, 74, 75, 76, 99, 100, 101, 102, 105, 78, 17, 19, 62, 63, 66, 67, 68, 77, 50, 92, 94, 95, 0, 1, 2, 3, 4, 5, 6, 7, 14, 15, 33, 36, 37, 38, 39, 51, 52, 53, 79, 80, 81]",24269.0,24089,28,24297.0,28,24297.0,False,24297.0
34410,execution_finished,64,"[84, 87, 88, 89, 90, 91, 93, 96, 97, 98, 126, 54, 55, 56, 57, 58, 59, 60, 61, 0, 1, 2, 3, 4, 5, 6, 7, 14, 15, 17, 19, 22, 25, 26, 27, 28, 29, 30, 31, 32, 33, 34, 35, 36, 37, 38, 39, 41, 42, 43, 44, 48, 49, 50, 51, 52, 53, 62, 63, 66, 67, 68, 69, 70]",24297.0,24194,195,24492.0,195,24492.0,False,24492.0
34360,execution_finished,32,"[8, 9, 10, 11, 24, 45, 46, 103, 104, 106, 108, 109, 110, 111, 124, 18, 16, 12, 13, 20, 21, 23, 115, 116, 117, 118, 119, 120, 121, 122, 123, 125]",24382.0,20128,207,24589.0,207,24589.0,False,24589.0
34411,execution_finished,32,"[71, 72, 73, 74, 75, 76, 77, 78, 79, 80, 81, 92, 94, 95, 99, 100, 101, 102, 105, 0, 1, 2, 3, 4, 5, 6, 7, 14, 15, 17, 19, 22]",24535.0,24535,212,24747.0,212,24747.0,False,24747.0
34413,execution_finished,1,[25],24822.0,24822,13,24835.0,13,24835.0,False,24835.0
34415,execution_finished,32,"[26, 27, 28, 29, 30, 31, 32, 33, 34, 35, 36, 37, 38, 39, 41, 42, 43, 44, 48, 49, 50, 51, 52, 53, 54, 55, 56, 57, 58, 59, 60, 61]",24954.0,24954,41,24995.0,41,24995.0,False,24995.0
34419,execution_finished,32,"[8, 9, 10, 11, 12, 13, 16, 18, 20, 21, 23, 24, 45, 46, 103, 104, 106, 108, 109, 110, 111, 115, 116, 117, 118, 119, 120, 121, 122, 123, 124, 125]",25095.0,25095,40,25135.0,40,25135.0,False,25135.0
34421,execution_finished,32,"[0, 1, 2, 3, 4, 5, 6, 7, 14, 15, 17, 19, 22, 71, 72, 73, 74, 75, 76, 77, 78, 79, 80, 81, 92, 94, 95, 99, 100, 101, 102, 105]",25250.0,25250,96,25346.0,96,25346.0,False,25346.0
34382,execution_finished,1,[112],25434.0,22503,6,25440.0,6,25440.0,False,25440.0
34384,execution_finished,1,[113],25434.0,22554,14,25448.0,14,25448.0,False,25448.0
34385,execution_finished,1,[114],25434.0,22557,30,25464.0,30,25464.0,False,25464.0
34374,execution_finished,1,[85],25434.0,22088,48,25482.0,48,25482.0,False,25482.0
34376,execution_finished,1,[86],25434.0,22151,60,25494.0,60,25494.0,False,25494.0
34379,execution_finished,1,[107],25434.0,22327,69,25503.0,69,25503.0,False,25503.0
34422,execution_finished,32,"[25, 26, 27, 28, 29, 30, 31, 32, 33, 34, 35, 36, 37, 38, 39, 41, 42, 43, 44, 48, 49, 50, 51, 52, 53, 54, 55, 56, 57, 58, 59, 60]",25424.0,25424,278,25702.0,278,25702.0,False,25702.0
34424,execution_finished,1,[0],25808.0,25808,18,25826.0,18,25826.0,False,25826.0
34394,execution_finished,2,"[82, 83]",23043.0,22908,3059,26102.0,3059,26102.0,False,26102.0
34393,execution_finished,4,"[40, 47, 64, 65]",23056.0,22886,3077,26133.0,3077,26133.0,False,26133.0
34426,execution_finished,128,"[0, 1, 2, 3, 4, 5, 6, 7, 8, 9, 10, 11, 12, 13, 14, 15, 16, 17, 18, 19, 20, 21, 22, 23, 24, 25, 26, 27, 28, 29, 30, 31, 32, 33, 34, 35, 36, 37, 38, 39, 40, 41, 42, 43, 44, 45, 46, 47, 48, 49, 50, 51, 52, 53, 54, 55, 56, 57, 58, 59, 60, 61, 62, 63, 64, 65, 66, 67, 68, 69, 70, 71, 72, 73, 74, 75, 76, 77, 78, 79, 80, 81, 82, 83, 84, 85, 86, 87, 88, 89, 90, 91, 92, 93, 94, 95, 96, 97, 98, 99, 100, 101, 102, 103, 104, 105, 106, 107, 108, 109, 110, 111, 112, 113, 114, 115, 116, 117, 118, 119, 120, 121, 122, 123, 124, 125, 126, 127]",31233.0,26092,446,31679.0,446,31679.0,False,31679.0
34430,execution_finished,2,"[2, 3]",31679.0,27374,19,31698.0,19,31698.0,False,31698.0
34431,execution_finished,2,"[4, 5]",31679.0,27447,19,31698.0,19,31698.0,False,31698.0
34432,execution_finished,2,"[6, 7]",31679.0,27527,21,31700.0,21,31700.0,False,31700.0
34428,execution_finished,2,"[0, 1]",31679.0,27102,23,31702.0,23,31702.0,False,31702.0
34433,execution_finished,4,"[8, 9, 10, 11]",31679.0,27555,23,31702.0,23,31702.0,False,31702.0
34434,execution_finished,32,"[12, 13, 14, 15, 16, 17, 18, 19, 20, 21, 22, 23, 24, 25, 26, 27, 28, 29, 30, 31, 32, 33, 34, 35, 36, 37, 38, 39, 40, 41, 42, 43]",31679.0,27599,104,31783.0,104,31783.0,False,31783.0
34436,execution_finished,128,"[44, 45, 46, 47, 48, 49, 50, 51, 52, 53, 54, 55, 56, 57, 58, 59, 60, 61, 62, 63, 64, 65, 66, 67, 68, 69, 70, 71, 72, 73, 74, 75, 76, 77, 78, 79, 80, 81, 82, 83, 84, 85, 86, 87, 88, 89, 90, 91, 92, 93, 94, 95, 96, 97, 98, 99, 100, 101, 102, 103, 104, 105, 106, 107, 108, 109, 110, 111, 112, 113, 114, 115, 116, 117, 118, 119, 120, 121, 122, 123, 124, 125, 126, 127, 2, 3, 4, 5, 6, 7, 0, 1, 8, 9, 10, 11, 12, 13, 14, 15, 16, 17, 18, 19, 20, 21, 22, 23, 24, 25, 26, 27, 28, 29, 30, 31, 32, 33, 34, 35, 36, 37, 38, 39, 40, 41, 42, 43]",31783.0,27750,460,32243.0,460,32243.0,False,32243.0
34438,execution_finished,128,"[0, 1, 2, 3, 4, 5, 6, 7, 8, 9, 10, 11, 12, 13, 14, 15, 16, 17, 18, 19, 20, 21, 22, 23, 24, 25, 26, 27, 28, 29, 30, 31, 32, 33, 34, 35, 36, 37, 38, 39, 40, 41, 42, 43, 44, 45, 46, 47, 48, 49, 50, 51, 52, 53, 54, 55, 56, 57, 58, 59, 60, 61, 62, 63, 64, 65, 66, 67, 68, 69, 70, 71, 72, 73, 74, 75, 76, 77, 78, 79, 80, 81, 82, 83, 84, 85, 86, 87, 88, 89, 90, 91, 92, 93, 94, 95, 96, 97, 98, 99, 100, 101, 102, 103, 104, 105, 106, 107, 108, 109, 110, 111, 112, 113, 114, 115, 116, 117, 118, 119, 120, 121, 122, 123, 124, 125, 126, 127]",32243.0,28356,469,32712.0,469,32712.0,False,32712.0
34446,execution_finished,32,"[0, 1, 2, 3, 4, 5, 6, 7, 8, 9, 10, 11, 12, 13, 14, 15, 16, 17, 18, 19, 20, 21, 22, 23, 24, 25, 26, 27, 28, 29, 30, 31]",32712.0,30568,219,32931.0,219,32931.0,False,32931.0
34454,execution_finished,128,"[32, 33, 34, 35, 36, 37, 38, 39, 40, 41, 42, 43, 44, 45, 46, 47, 48, 49, 50, 51, 52, 53, 54, 55, 56, 57, 58, 59, 60, 61, 62, 63, 64, 65, 66, 67, 68, 69, 70, 71, 72, 73, 74, 75, 76, 77, 78, 79, 80, 81, 82, 83, 84, 85, 86, 87, 88, 89, 90, 91, 92, 93, 94, 95, 96, 97, 98, 99, 100, 101, 102, 103, 104, 105, 106, 107, 108, 109, 110, 111, 112, 113, 114, 115, 116, 117, 118, 119, 120, 121, 122, 123, 124, 125, 126, 127, 0, 1, 2, 3, 4, 5, 6, 7, 8, 9, 10, 11, 12, 13, 14, 15, 16, 17, 18, 19, 20, 21, 22, 23, 24, 25, 26, 27, 28, 29, 30, 31]",32931.0,31727,10926,43857.0,10926,43857.0,False,43857.0
34455,execution_finished,128,"[0, 1, 2, 3, 4, 5, 6, 7, 8, 9, 10, 11, 12, 13, 14, 15, 16, 17, 18, 19, 20, 21, 22, 23, 24, 25, 26, 27, 28, 29, 30, 31, 32, 33, 34, 35, 36, 37, 38, 39, 40, 41, 42, 43, 44, 45, 46, 47, 48, 49, 50, 51, 52, 53, 54, 55, 56, 57, 58, 59, 60, 61, 62, 63, 64, 65, 66, 67, 68, 69, 70, 71, 72, 73, 74, 75, 76, 77, 78, 79, 80, 81, 82, 83, 84, 85, 86, 87, 88, 89, 90, 91, 92, 93, 94, 95, 96, 97, 98, 99, 100, 101, 102, 103, 104, 105, 106, 107, 108, 109, 110, 111, 112, 113, 114, 115, 116, 117, 118, 119, 120, 121, 122, 123, 124, 125, 126, 127]",43857.0,42658,85,43942.0,85,43942.0,False,43942.0
34463,execution_finished,1,[0],44124.0,44124,24,44148.0,24,44148.0,False,44148.0
34473,execution_finished,1,[0],50690.0,47990,83,50773.0,83,50773.0,False,50773.0
34474,execution_finished,128,"[1, 2, 3, 4, 5, 6, 7, 8, 9, 10, 11, 12, 13, 14, 15, 16, 17, 18, 19, 20, 21, 22, 23, 24, 25, 26, 27, 28, 29, 30, 31, 32, 33, 34, 35, 36, 37, 38, 39, 40, 41, 42, 43, 44, 45, 46, 47, 48, 49, 50, 51, 52, 53, 54, 55, 56, 57, 58, 59, 60, 61, 62, 63, 64, 65, 66, 67, 68, 69, 70, 71, 72, 73, 74, 75, 76, 77, 78, 79, 80, 81, 82, 83, 84, 85, 86, 87, 88, 89, 90, 91, 92, 93, 94, 95, 96, 97, 98, 99, 100, 101, 102, 103, 104, 105, 106, 107, 108, 109, 110, 111, 112, 113, 114, 115, 116, 117, 118, 119, 120, 121, 122, 123, 124, 125, 126, 127, 0]",53473.0,48084,356,53829.0,356,53829.0,False,53829.0
34480,execution_finished,4,"[127, 126, 125, 124]",53829.0,48923,17,53846.0,17,53846.0,False,53846.0
34475,execution_finished,1,[0],53829.0,48441,48,53877.0,48,53877.0,False,53877.0
34476,execution_finished,1,[1],53829.0,48659,117,53946.0,117,53946.0,False,53946.0
34478,execution_finished,128,"[2, 3, 4, 5, 6, 7, 8, 9, 10, 11, 12, 13, 14, 15, 16, 17, 18, 19, 20, 21, 22, 23, 24, 25, 26, 27, 28, 29, 30, 31, 32, 33, 34, 35, 36, 37, 38, 39, 40, 41, 42, 43, 44, 45, 46, 47, 48, 49, 50, 51, 52, 53, 54, 55, 56, 57, 58, 59, 60, 61, 62, 63, 64, 65, 66, 67, 68, 69, 70, 71, 72, 73, 74, 75, 76, 77, 78, 79, 80, 81, 82, 83, 84, 85, 86, 87, 88, 89, 90, 91, 92, 93, 94, 95, 96, 97, 98, 99, 100, 101, 102, 103, 104, 105, 106, 107, 108, 109, 110, 111, 112, 113, 114, 115, 116, 117, 118, 119, 120, 121, 122, 123, 124, 125, 126, 127, 0, 1]",53946.0,48784,90,54036.0,90,54036.0,False,54036.0
34499,execution_finished,1,[2],54036.0,53039,121,54157.0,121,54157.0,False,54157.0
34505,execution_finished,1,[3],54036.0,53376,140,54176.0,140,54176.0,False,54176.0
34489,execution_finished,1,[0],54036.0,51180,171,54207.0,171,54207.0,False,54207.0
34496,execution_finished,1,[1],54036.0,52303,286,54322.0,286,54322.0,False,54322.0
34508,execution_finished,1,[4],54553.0,54553,284,54837.0,284,54837.0,False,54837.0
34514,execution_finished,1,[4],54927.0,54927,252,55179.0,252,55179.0,False,55179.0
34517,execution_finished,1,[5],59136.0,55952,1917,61053.0,1917,61053.0,False,61053.0
34550,execution_finished,1,[5],61128.0,61128,123,61251.0,123,61251.0,False,61251.0
34552,execution_finished,1,[5],61376.0,61376,88,61464.0,88,61464.0,False,61464.0
34530,execution_finished,1,[0],60595.0,57895,943,61538.0,943,61538.0,False,61538.0
34553,execution_finished,1,[5],61592.0,61592,126,61718.0,126,61718.0,False,61718.0
34533,execution_finished,1,[1],61547.0,58847,728,62275.0,728,62275.0,False,62275.0
34539,execution_finished,1,[2],62331.0,59631,127,62458.0,127,62458.0,False,62458.0
34560,execution_finished,1,[1],62489.0,62489,116,62605.0,116,62605.0,False,62605.0
34562,execution_finished,1,[2],62765.0,62765,112,62877.0,112,62877.0,False,62877.0
34542,execution_finished,1,[3],62945.0,60245,410,63355.0,410,63355.0,False,63355.0
34546,execution_finished,1,[4],63363.0,60663,103,63466.0,103,63466.0,False,63466.0
34548,execution_finished,1,[6],63478.0,60778,114,63592.0,114,63592.0,False,63592.0
34569,execution_finished,1,[3],63954.0,63954,216,64170.0,216,64170.0,False,64170.0
34571,execution_finished,1,[3],64245.0,64245,123,64368.0,123,64368.0,False,64368.0
34572,execution_finished,1,[3],64403.0,64403,107,64510.0,107,64510.0,False,64510.0
34573,execution_finished,1,[3],64559.0,64559,120,64679.0,120,64679.0,False,64679.0
34602,execution_finished,2,"[0, 1]",72708.0,70008,21,72729.0,21,72729.0,False,72729.0
34603,execution_finished,2,"[2, 3]",72841.0,70141,20,72861.0,20,72861.0,False,72861.0
34634,execution_finished,2,"[0, 1]",72949.0,72949,85,73034.0,85,73034.0,False,73034.0
34604,execution_finished,2,"[4, 5]",73040.0,70340,40,73080.0,40,73080.0,False,73080.0
34636,execution_finished,4,"[2, 3, 0, 1]",73129.0,73129,41,73170.0,41,73170.0,False,73170.0
34605,execution_finished,2,"[6, 7]",73130.0,70430,54,73184.0,54,73184.0,False,73184.0
34637,execution_finished,4,"[4, 5, 0, 1]",73234.0,73234,41,73275.0,41,73275.0,False,73275.0
34638,execution_finished,4,"[2, 3, 6, 7]",73308.0,73308,69,73377.0,69,73377.0,False,73377.0
34639,execution_finished,2,"[0, 1]",73328.0,73328,120,73448.0,120,73448.0,False,73448.0
34608,execution_finished,2,"[8, 9]",73531.0,70831,62,73593.0,62,73593.0,False,73593.0
34613,execution_finished,2,"[10, 11]",73799.0,71099,146,73945.0,146,73945.0,False,73945.0
34645,execution_finished,2,"[11, 10]",74031.0,73921,101,74132.0,101,74132.0,False,74132.0
34614,execution_finished,2,"[12, 13]",74144.0,71444,65,74209.0,65,74209.0,False,74209.0
34649,execution_finished,2,"[13, 12]",74239.0,74239,83,74322.0,83,74322.0,False,74322.0
34616,execution_finished,2,"[14, 15]",74546.0,71846,70,74616.0,70,74616.0,False,74616.0
34617,execution_finished,1,[16],74641.0,71941,17,74658.0,17,74658.0,False,74658.0
34619,execution_finished,2,"[19, 20]",74672.0,71972,45,74717.0,45,74717.0,False,74717.0
34618,execution_finished,2,"[17, 18]",74664.0,71964,83,74747.0,83,74747.0,False,74747.0
34621,execution_finished,1,[21],74733.0,72033,20,74753.0,20,74753.0,False,74753.0
34622,execution_finished,2,"[22, 23]",74762.0,72062,16,74778.0,16,74778.0,False,74778.0
34623,execution_finished,2,"[24, 25]",74806.0,72106,23,74829.0,23,74829.0,False,74829.0
34650,execution_finished,2,"[16, 15]",74690.0,74690,140,74830.0,140,74830.0,False,74830.0
34624,execution_finished,8,"[26, 27, 28, 29, 30, 31, 32, 33]",74843.0,72143,38,74881.0,38,74881.0,False,74881.0
34625,execution_finished,32,"[34, 35, 36, 37, 38, 39, 40, 41, 42, 43, 44, 45, 46, 47, 48, 49, 50, 51, 52, 53, 54, 55, 56, 57, 58, 59, 60, 61, 62, 63, 64, 65]",74901.0,72201,97,74998.0,97,74998.0,False,74998.0
34651,execution_finished,2,"[14, 19]",74929.0,74929,77,75006.0,77,75006.0,False,75006.0
34643,execution_finished,32,"[20, 17, 18, 21, 22, 23, 24, 25, 15, 16, 26, 27, 28, 29, 30, 31, 32, 33, 34, 35, 36, 37, 38, 39, 40, 41, 42, 43, 44, 45, 46, 47]",74998.0,73858,137,75135.0,137,75135.0,False,75135.0
34648,execution_finished,32,"[48, 49, 50, 51, 52, 53, 54, 55, 56, 57, 58, 59, 60, 61, 62, 63, 64, 65, 14, 19, 15, 16, 17, 18, 20, 21, 22, 23, 24, 25, 26, 27]",75135.0,74031,92,75227.0,92,75227.0,False,75227.0
34627,execution_finished,2,"[66, 67]",75069.0,72369,166,75235.0,166,75235.0,False,75235.0
34629,execution_finished,32,"[68, 69, 70, 71, 72, 73, 74, 75, 76, 77, 78, 79, 80, 81, 82, 83, 84, 85, 86, 87, 88, 89, 90, 91, 92, 93, 94, 95, 96, 97, 98, 99]",75137.0,72437,117,75254.0,117,75254.0,False,75254.0
34652,execution_finished,2,"[28, 29]",75254.0,75254,78,75332.0,78,75332.0,False,75332.0
34633,execution_finished,4,"[100, 101, 102, 103]",75552.0,72852,35,75587.0,35,75587.0,False,75587.0
34653,execution_finished,2,"[30, 31]",75540.0,75540,143,75683.0,143,75683.0,False,75683.0
34654,execution_finished,2,"[30, 31]",76254.0,76254,133,76387.0,133,76387.0,False,76387.0
34641,execution_finished,32,"[104, 105, 106, 107, 108, 109, 110, 111, 112, 113, 114, 115, 116, 117, 118, 119, 120, 121, 122, 123, 124, 125, 126, 127, 4, 5, 2, 3, 6, 7, 0, 1]",76406.0,73706,103,76509.0,103,76509.0,False,76509.0
34658,execution_finished,2,"[1, 0]",76559.0,76559,80,76639.0,80,76639.0,False,76639.0
34657,execution_finished,32,"[127, 126, 125, 124, 123, 122, 121, 120, 119, 118, 117, 116, 115, 114, 113, 112, 111, 110, 109, 108, 107, 106, 105, 104, 31, 30, 7, 6, 5, 4, 3, 2]",76559.0,76546,221,76780.0,221,76780.0,False,76780.0
34660,execution_finished,2,"[127, 126]",76892.0,76892,69,76961.0,69,76961.0,False,76961.0
34661,execution_finished,2,"[127, 126]",77147.0,77147,141,77288.0,141,77288.0,False,77288.0
34655,execution_finished,1,[8],79023.0,76323,17,79040.0,17,79040.0,False,79040.0
34665,execution_finished,1,[8],79040.0,78824,13,79053.0,13,79053.0,False,79053.0
34656,execution_finished,128,"[0, 1, 2, 3, 4, 5, 6, 7, 8, 9, 10, 11, 12, 13, 14, 15, 16, 17, 18, 19, 20, 21, 22, 23, 24, 25, 26, 27, 28, 29, 30, 31, 32, 33, 34, 35, 36, 37, 38, 39, 40, 41, 42, 43, 44, 45, 46, 47, 48, 49, 50, 51, 52, 53, 54, 55, 56, 57, 58, 59, 60, 61, 62, 63, 64, 65, 66, 67, 68, 69, 70, 71, 72, 73, 74, 75, 76, 77, 78, 79, 80, 81, 82, 83, 84, 85, 86, 87, 88, 89, 90, 91, 92, 93, 94, 95, 96, 97, 98, 99, 100, 101, 102, 103, 104, 105, 106, 107, 108, 109, 110, 111, 112, 113, 114, 115, 116, 117, 118, 119, 120, 121, 122, 123, 124, 125, 126, 127]",84153.0,76444,97,84250.0,97,84250.0,False,84250.0
34659,execution_finished,128,"[0, 1, 2, 3, 4, 5, 6, 7, 8, 9, 10, 11, 12, 13, 14, 15, 16, 17, 18, 19, 20, 21, 22, 23, 24, 25, 26, 27, 28, 29, 30, 31, 32, 33, 34, 35, 36, 37, 38, 39, 40, 41, 42, 43, 44, 45, 46, 47, 48, 49, 50, 51, 52, 53, 54, 55, 56, 57, 58, 59, 60, 61, 62, 63, 64, 65, 66, 67, 68, 69, 70, 71, 72, 73, 74, 75, 76, 77, 78, 79, 80, 81, 82, 83, 84, 85, 86, 87, 88, 89, 90, 91, 92, 93, 94, 95, 96, 97, 98, 99, 100, 101, 102, 103, 104, 105, 106, 107, 108, 109, 110, 111, 112, 113, 114, 115, 116, 117, 118, 119, 120, 121, 122, 123, 124, 125, 126, 127]",84250.0,76771,94,84344.0,94,84344.0,False,84344.0
34687,execution_finished,1,[15],84344.0,81884,18,84362.0,18,84362.0,False,84362.0
34686,execution_finished,1,[14],84344.0,81836,35,84379.0,35,84379.0,False,84379.0
34666,execution_finished,2,"[2, 3]",84344.0,78949,94,84438.0,94,84438.0,False,84438.0
34663,execution_finished,2,"[0, 1]",84344.0,78558,109,84453.0,109,84453.0,False,84453.0
34679,execution_finished,2,"[12, 13]",84344.0,80827,143,84487.0,143,84487.0,False,84487.0
34669,execution_finished,2,"[6, 7]",84344.0,79476,150,84494.0,150,84494.0,False,84494.0
34677,execution_finished,2,"[10, 11]",84344.0,80531,158,84502.0,158,84502.0,False,84502.0
34668,execution_finished,2,"[4, 5]",84344.0,79279,177,84521.0,177,84521.0,False,84521.0
34675,execution_finished,2,"[8, 9]",84344.0,80027,478,84822.0,478,84822.0,False,84822.0
34689,execution_finished,2,"[20, 21]",84344.0,81929,1998,86342.0,1998,86342.0,False,86342.0
34688,execution_finished,4,"[16, 17, 18, 19]",84344.0,81907,2017,86361.0,2017,86361.0,False,86361.0
34724,execution_finished,2,"[0, 1]",91699.0,88999,94,91793.0,94,91793.0,False,91793.0
34726,execution_finished,32,"[2, 3, 4, 5, 6, 7, 8, 9, 10, 11, 12, 13, 14, 15, 16, 17, 18, 19, 20, 21, 22, 23, 24, 25, 26, 27, 28, 29, 30, 31, 32, 33]",91823.0,89123,83,91906.0,83,91906.0,False,91906.0
34737,execution_finished,32,"[2, 3, 4, 5, 6, 7, 8, 9, 10, 11, 12, 13, 14, 15, 16, 17, 18, 19, 20, 21, 22, 23, 24, 25, 26, 27, 28, 29, 30, 31, 32, 33]",91906.0,90780,67,91973.0,67,91973.0,False,91973.0
34739,execution_finished,2,"[2, 3]",91973.0,91111,40,92013.0,40,92013.0,False,92013.0
34740,execution_finished,32,"[4, 5, 6, 7, 8, 9, 10, 11, 12, 13, 14, 15, 16, 17, 18, 19, 20, 21, 22, 23, 24, 25, 26, 27, 28, 29, 30, 31, 32, 33, 2, 3]",92013.0,91393,164,92177.0,164,92177.0,False,92177.0
34745,execution_finished,32,"[2, 3, 4, 5, 6, 7, 8, 9, 10, 11, 12, 13, 14, 15, 16, 17, 18, 19, 20, 21, 22, 23, 24, 25, 26, 27, 28, 29, 30, 31, 32, 33]",92177.0,91682,181,92358.0,181,92358.0,False,92358.0
34747,execution_finished,2,"[2, 3]",92358.0,91713,65,92423.0,65,92423.0,False,92423.0
34749,execution_finished,2,"[4, 5]",92358.0,92227,77,92435.0,77,92435.0,False,92435.0
34750,execution_finished,32,"[6, 7, 8, 9, 10, 11, 12, 13, 14, 15, 16, 17, 18, 19, 20, 21, 22, 23, 24, 25, 26, 27, 28, 29, 30, 31, 32, 33, 2, 3, 4, 5]",92435.0,92393,203,92638.0,203,92638.0,False,92638.0
34729,execution_finished,32,"[66, 67, 68, 69, 70, 71, 72, 73, 74, 75, 76, 77, 78, 79, 80, 81, 82, 83, 84, 85, 86, 87, 88, 89, 90, 91, 92, 93, 94, 95, 96, 97]",92466.0,89766,206,92672.0,206,92672.0,False,92672.0
34751,execution_finished,2,"[2, 3]",92638.0,92446,124,92762.0,124,92762.0,False,92762.0
34753,execution_finished,2,"[4, 5]",92776.0,92776,103,92879.0,103,92879.0,False,92879.0
34727,execution_finished,32,"[34, 35, 36, 37, 38, 39, 40, 41, 42, 43, 44, 45, 46, 47, 48, 49, 50, 51, 52, 53, 54, 55, 56, 57, 58, 59, 60, 61, 62, 63, 64, 65]",92158.0,89458,930,93088.0,930,93088.0,False,93088.0
34758,execution_finished,2,"[6, 7]",93231.0,93231,41,93272.0,41,93272.0,False,93272.0
34760,execution_finished,2,"[4, 5]",93363.0,93363,40,93403.0,40,93403.0,False,93403.0
34761,execution_finished,2,"[34, 35]",93446.0,93446,41,93487.0,41,93487.0,False,93487.0
34763,execution_finished,2,"[4, 5]",93630.0,93630,49,93679.0,49,93679.0,False,93679.0
34764,execution_finished,2,"[34, 35]",93687.0,93687,31,93718.0,31,93718.0,False,93718.0
34767,execution_finished,2,"[4, 5]",93768.0,93768,25,93793.0,25,93793.0,False,93793.0
34769,execution_finished,2,"[34, 35]",93808.0,93808,34,93842.0,34,93842.0,False,93842.0
34771,execution_finished,2,"[4, 5]",93848.0,93848,29,93877.0,29,93877.0,False,93877.0
34772,execution_finished,2,"[34, 35]",93961.0,93961,36,93997.0,36,93997.0,False,93997.0
34762,execution_finished,32,"[36, 37, 38, 39, 40, 41, 42, 43, 44, 45, 46, 47, 48, 49, 50, 51, 52, 53, 54, 55, 56, 57, 58, 59, 60, 61, 62, 63, 64, 65, 6, 7]",93491.0,93491,586,94077.0,586,94077.0,False,94077.0
34773,execution_finished,2,"[4, 5]",94049.0,94049,58,94107.0,58,94107.0,False,94107.0
34777,execution_finished,1,[6],94288.0,94288,2,94290.0,2,94290.0,False,94290.0
34776,execution_finished,2,"[34, 35]",94215.0,94215,84,94299.0,84,94299.0,False,94299.0
34778,execution_finished,2,"[7, 36]",94315.0,94315,20,94335.0,20,94335.0,False,94335.0
34779,execution_finished,2,"[37, 38]",94343.0,94343,35,94378.0,35,94378.0,False,94378.0
34735,execution_finished,32,"[98, 99, 100, 101, 102, 103, 104, 105, 106, 107, 108, 109, 110, 111, 112, 113, 114, 115, 116, 117, 118, 119, 120, 121, 122, 123, 124, 125, 126, 127, 0, 1]",94493.0,90544,158,94651.0,158,94651.0,False,94651.0
34781,execution_finished,1,[0],95070.0,95070,4,95074.0,4,95074.0,False,95074.0
34782,execution_finished,16,"[1, 98, 99, 100, 101, 102, 103, 104, 105, 106, 107, 108, 109, 110, 111, 112]",95079.0,95079,10,95089.0,10,95089.0,False,95089.0
34784,execution_finished,32,"[113, 114, 115, 116, 117, 118, 119, 120, 121, 122, 123, 124, 125, 126, 127, 0, 1, 98, 99, 100, 101, 102, 103, 104, 105, 106, 107, 108, 109, 110, 111, 112]",95142.0,95142,162,95304.0,162,95304.0,False,95304.0
34787,execution_finished,2,"[0, 1]",95335.0,95335,31,95366.0,31,95366.0,False,95366.0
34788,execution_finished,2,"[98, 99]",95427.0,95427,30,95457.0,30,95457.0,False,95457.0
34789,execution_finished,2,"[100, 101]",95462.0,95462,32,95494.0,32,95494.0,False,95494.0
34791,execution_finished,2,"[104, 105]",95570.0,95570,25,95595.0,25,95595.0,False,95595.0
34792,execution_finished,2,"[106, 107]",95601.0,95601,32,95633.0,32,95633.0,False,95633.0
34790,execution_finished,2,"[102, 103]",95509.0,95509,346,95855.0,346,95855.0,False,95855.0
34794,execution_finished,2,"[0, 1]",95936.0,95936,15,95951.0,15,95951.0,False,95951.0
34795,execution_finished,2,"[98, 99]",95995.0,95995,21,96016.0,21,96016.0,False,96016.0
34796,execution_finished,1,[104],96101.0,96101,6,96107.0,6,96107.0,False,96107.0
34800,execution_finished,4,"[103, 102, 99, 98]",96242.0,96242,3,96245.0,3,96245.0,False,96245.0
34799,execution_finished,1,[104],96242.0,96187,14,96256.0,14,96256.0,False,96256.0
34801,execution_finished,4,"[104, 103, 102, 99]",96333.0,96302,3,96336.0,3,96336.0,False,96336.0
34802,execution_finished,2,"[98, 1]",96333.0,96333,3,96336.0,3,96336.0,False,96336.0
34803,execution_finished,2,"[104, 103]",96548.0,96451,3,96551.0,3,96551.0,False,96551.0
34810,execution_finished,2,"[104, 103]",96610.0,96610,3,96613.0,3,96613.0,False,96613.0
34812,execution_finished,1,[104],96805.0,96805,3,96808.0,3,96808.0,False,96808.0
34814,execution_finished,1,[104],96865.0,96865,3,96868.0,3,96868.0,False,96868.0
34797,execution_finished,128,"[0, 1, 2, 3, 4, 5, 6, 7, 8, 9, 10, 11, 12, 13, 14, 15, 16, 17, 18, 19, 20, 21, 22, 23, 24, 25, 26, 27, 28, 29, 30, 31, 32, 33, 34, 35, 36, 37, 38, 39, 40, 41, 42, 43, 44, 45, 46, 47, 48, 49, 50, 51, 52, 53, 54, 55, 56, 57, 58, 59, 60, 61, 62, 63, 64, 65, 66, 67, 68, 69, 70, 71, 72, 73, 74, 75, 76, 77, 78, 79, 80, 81, 82, 83, 84, 85, 86, 87, 88, 89, 90, 91, 92, 93, 94, 95, 96, 97, 98, 99, 100, 101, 102, 103, 104, 105, 106, 107, 108, 109, 110, 111, 112, 113, 114, 115, 116, 117, 118, 119, 120, 121, 122, 123, 124, 125, 126, 127]",101968.0,96116,5,101973.0,5,101973.0,False,101973.0
34807,execution_finished,16,"[0, 1, 2, 3, 4, 5, 6, 7, 8, 9, 10, 11, 12, 13, 14, 15]",101973.0,96548,3,101976.0,3,101976.0,False,101976.0
34816,execution_finished,1,[16],101973.0,97533,4,101977.0,4,101977.0,False,101977.0
34818,execution_finished,128,"[17, 18, 19, 20, 21, 22, 23, 24, 25, 26, 27, 28, 29, 30, 31, 32, 33, 34, 35, 36, 37, 38, 39, 40, 41, 42, 43, 44, 45, 46, 47, 48, 49, 50, 51, 52, 53, 54, 55, 56, 57, 58, 59, 60, 61, 62, 63, 64, 65, 66, 67, 68, 69, 70, 71, 72, 73, 74, 75, 76, 77, 78, 79, 80, 81, 82, 83, 84, 85, 86, 87, 88, 89, 90, 91, 92, 93, 94, 95, 96, 97, 98, 99, 100, 101, 102, 103, 104, 105, 106, 107, 108, 109, 110, 111, 112, 113, 114, 115, 116, 117, 118, 119, 120, 121, 122, 123, 124, 125, 126, 127, 0, 1, 2, 3, 4, 5, 6, 7, 8, 9, 10, 11, 12, 13, 14, 15, 16]",101977.0,97626,324,102301.0,324,102301.0,False,102301.0
34819,execution_finished,1,[0],102301.0,97978,5,102306.0,5,102306.0,False,102306.0
34820,execution_finished,128,"[1, 2, 3, 4, 5, 6, 7, 8, 9, 10, 11, 12, 13, 14, 15, 16, 17, 18, 19, 20, 21, 22, 23, 24, 25, 26, 27, 28, 29, 30, 31, 32, 33, 34, 35, 36, 37, 38, 39, 40, 41, 42, 43, 44, 45, 46, 47, 48, 49, 50, 51, 52, 53, 54, 55, 56, 57, 58, 59, 60, 61, 62, 63, 64, 65, 66, 67, 68, 69, 70, 71, 72, 73, 74, 75, 76, 77, 78, 79, 80, 81, 82, 83, 84, 85, 86, 87, 88, 89, 90, 91, 92, 93, 94, 95, 96, 97, 98, 99, 100, 101, 102, 103, 104, 105, 106, 107, 108, 109, 110, 111, 112, 113, 114, 115, 116, 117, 118, 119, 120, 121, 122, 123, 124, 125, 126, 127, 0]",102306.0,98012,194,102500.0,194,102500.0,False,102500.0
34829,execution_finished,16,"[126, 125, 124, 123, 122, 121, 120, 119, 118, 117, 116, 115, 114, 113, 112, 111]",102500.0,99464,7,102507.0,7,102507.0,False,102507.0
34850,execution_finished,1,[106],102500.0,102192,9,102509.0,9,102509.0,False,102509.0
34834,execution_finished,1,[109],102500.0,100102,14,102514.0,14,102514.0,False,102514.0
34844,execution_finished,1,[108],102500.0,101644,17,102517.0,17,102517.0,False,102517.0
34826,execution_finished,1,[127],102500.0,99324,23,102523.0,23,102523.0,False,102523.0
34830,execution_finished,1,[110],102500.0,99717,24,102524.0,24,102524.0,False,102524.0
34849,execution_finished,1,[107],102500.0,102189,24,102524.0,24,102524.0,False,102524.0
34823,execution_finished,32,"[32, 33, 34, 35, 36, 37, 38, 39, 40, 41, 42, 43, 44, 45, 46, 47, 48, 49, 50, 51, 52, 53, 54, 55, 56, 57, 58, 59, 60, 61, 62, 63]",102500.0,98516,129,102629.0,129,102629.0,False,102629.0
34853,execution_finished,1,[127],102678.0,102678,80,102758.0,80,102758.0,False,102758.0
34821,execution_finished,32,"[0, 1, 2, 3, 4, 5, 6, 7, 8, 9, 10, 11, 12, 13, 14, 15, 16, 17, 18, 19, 20, 21, 22, 23, 24, 25, 26, 27, 28, 29, 30, 31]",102500.0,98239,265,102765.0,265,102765.0,False,102765.0
34824,execution_finished,128,"[64, 65, 66, 67, 68, 69, 70, 71, 72, 73, 74, 75, 76, 77, 78, 79, 80, 81, 82, 83, 84, 85, 86, 87, 88, 89, 90, 91, 92, 93, 94, 95, 96, 97, 98, 99, 100, 101, 102, 103, 104, 105, 111, 112, 113, 114, 115, 116, 117, 118, 119, 120, 121, 122, 123, 124, 125, 126, 106, 109, 108, 107, 110, 32, 33, 34, 35, 36, 37, 38, 39, 40, 41, 42, 43, 44, 45, 46, 47, 48, 49, 50, 51, 52, 53, 54, 55, 56, 57, 58, 59, 60, 61, 62, 63, 127, 0, 1, 2, 3, 4, 5, 6, 7, 8, 9, 10, 11, 12, 13, 14, 15, 16, 17, 18, 19, 20, 21, 22, 23, 24, 25, 26, 27, 28, 29, 30, 31]",102765.0,98749,238,103003.0,238,103003.0,False,103003.0
34848,execution_finished,32,"[127, 126, 125, 124, 123, 122, 121, 120, 119, 118, 117, 116, 115, 114, 113, 112, 111, 110, 109, 108, 107, 106, 105, 104, 103, 102, 101, 100, 99, 98, 97, 96]",103003.0,102047,281,103284.0,281,103284.0,False,103284.0
34825,execution_finished,32,"[0, 1, 2, 3, 4, 5, 6, 7, 8, 9, 10, 11, 12, 13, 14, 15, 16, 17, 18, 19, 20, 21, 22, 23, 24, 25, 26, 27, 28, 29, 30, 31]",103003.0,98992,311,103314.0,311,103314.0,False,103314.0
34831,execution_finished,32,"[64, 65, 66, 67, 68, 69, 70, 71, 72, 73, 74, 75, 76, 77, 78, 79, 80, 81, 82, 83, 84, 85, 86, 87, 88, 89, 90, 91, 92, 93, 94, 95]",103003.0,99744,357,103360.0,357,103360.0,False,103360.0
34857,execution_finished,1,[127],103284.0,103229,86,103370.0,86,103370.0,False,103370.0
34827,execution_finished,32,"[32, 33, 34, 35, 36, 37, 38, 39, 40, 41, 42, 43, 44, 45, 46, 47, 48, 49, 50, 51, 52, 53, 54, 55, 56, 57, 58, 59, 60, 61, 62, 63]",103003.0,99345,369,103372.0,369,103372.0,False,103372.0
34835,execution_finished,128,"[96, 97, 98, 99, 100, 101, 102, 103, 104, 105, 106, 107, 108, 109, 110, 111, 112, 113, 114, 115, 116, 117, 118, 119, 120, 121, 122, 123, 124, 125, 126, 0, 1, 2, 3, 4, 5, 6, 7, 8, 9, 10, 11, 12, 13, 14, 15, 16, 17, 18, 19, 20, 21, 22, 23, 24, 25, 26, 27, 28, 29, 30, 31, 64, 65, 66, 67, 68, 69, 70, 71, 72, 73, 74, 75, 76, 77, 78, 79, 80, 81, 82, 83, 84, 85, 86, 87, 88, 89, 90, 91, 92, 93, 94, 95, 127, 32, 33, 34, 35, 36, 37, 38, 39, 40, 41, 42, 43, 44, 45, 46, 47, 48, 49, 50, 51, 52, 53, 54, 55, 56, 57, 58, 59, 60, 61, 62, 63]",103372.0,100231,167,103539.0,167,103539.0,False,103539.0
34861,execution_finished,1,[97],103539.0,103428,126,103665.0,126,103665.0,False,103665.0
34855,execution_finished,1,[96],103539.0,102958,250,103789.0,250,103789.0,False,103789.0
34845,execution_finished,32,"[64, 65, 66, 67, 68, 69, 70, 71, 72, 73, 74, 75, 76, 77, 78, 79, 80, 81, 82, 83, 84, 85, 86, 87, 88, 89, 90, 91, 92, 93, 94, 95]",103539.0,101690,495,104034.0,495,104034.0,False,104034.0
34836,execution_finished,32,"[0, 1, 2, 3, 4, 5, 6, 7, 8, 9, 10, 11, 12, 13, 14, 15, 16, 17, 18, 19, 20, 21, 22, 23, 24, 25, 26, 27, 28, 29, 30, 31]",103539.0,100461,546,104085.0,546,104085.0,False,104085.0
34838,execution_finished,32,"[32, 33, 34, 35, 36, 37, 38, 39, 40, 41, 42, 43, 44, 45, 46, 47, 48, 49, 50, 51, 52, 53, 54, 55, 56, 57, 58, 59, 60, 61, 62, 63]",103539.0,101060,583,104122.0,583,104122.0,False,104122.0
34865,execution_finished,32,"[99, 100, 101, 102, 103, 104, 105, 106, 107, 108, 109, 110, 111, 112, 113, 114, 115, 116, 117, 118, 119, 120, 121, 122, 123, 124, 125, 126, 127, 97, 96, 64]",104034.0,104033,178,104212.0,178,104212.0,False,104212.0
34864,execution_finished,1,[98],103956.0,103956,673,104629.0,673,104629.0,False,104629.0
34866,execution_finished,32,"[65, 66, 67, 68, 69, 70, 71, 72, 73, 74, 75, 76, 77, 78, 79, 80, 81, 82, 83, 84, 85, 86, 87, 88, 89, 90, 91, 92, 93, 94, 95, 0]",104250.0,104250,436,104686.0,436,104686.0,False,104686.0
34869,execution_finished,1,[33],104692.0,104692,7,104699.0,7,104699.0,False,104699.0
34868,execution_finished,1,[32],104688.0,104688,19,104707.0,19,104707.0,False,104707.0
34876,execution_finished,1,[98],105062.0,105062,387,105449.0,387,105449.0,False,105449.0
34871,execution_finished,32,"[64, 96, 97, 99, 100, 101, 102, 103, 104, 105, 106, 107, 108, 109, 110, 111, 112, 113, 114, 115, 116, 117, 118, 119, 120, 121, 122, 123, 124, 125, 126, 127]",104794.0,104794,967,105761.0,967,105761.0,False,105761.0
34878,execution_finished,1,[98],105678.0,105678,173,105851.0,173,105851.0,False,105851.0
34879,execution_finished,32,"[64, 96, 97, 99, 100, 101, 102, 103, 104, 105, 106, 107, 108, 109, 110, 111, 112, 113, 114, 115, 116, 117, 118, 119, 120, 121, 122, 123, 124, 125, 126, 127]",105812.0,105812,171,105983.0,171,105983.0,False,105983.0
34881,execution_finished,1,[98],106054.0,106054,143,106197.0,143,106197.0,False,106197.0
34887,execution_finished,1,[98],106499.0,106499,145,106644.0,145,106644.0,False,106644.0
34883,execution_finished,32,"[64, 96, 97, 99, 100, 101, 102, 103, 104, 105, 106, 107, 108, 109, 110, 111, 112, 113, 114, 115, 116, 117, 118, 119, 120, 121, 122, 123, 124, 125, 126, 127]",106310.0,106310,672,106982.0,672,106982.0,False,106982.0
34891,execution_finished,1,[64],106987.0,106987,22,107009.0,22,107009.0,False,107009.0
34889,execution_finished,1,[98],106820.0,106820,195,107015.0,195,107015.0,False,107015.0
34892,execution_finished,1,[96],107013.0,107013,5,107018.0,5,107018.0,False,107018.0
34893,execution_finished,1,[97],107024.0,107024,7,107031.0,7,107031.0,False,107031.0
34895,execution_finished,32,"[99, 100, 101, 102, 103, 104, 105, 106, 107, 108, 109, 110, 111, 112, 113, 114, 115, 116, 117, 118, 119, 120, 121, 122, 123, 124, 125, 126, 127, 64, 98, 96]",107503.0,107503,198,107701.0,198,107701.0,False,107701.0
34901,execution_finished,1,[64],107979.0,107979,239,108218.0,239,108218.0,False,108218.0
34904,execution_finished,1,[64],108580.0,108580,22,108602.0,22,108602.0,False,108602.0
34907,execution_finished,1,[64],108628.0,108628,261,108889.0,261,108889.0,False,108889.0
34902,execution_finished,32,"[0, 1, 2, 3, 4, 5, 6, 7, 8, 9, 10, 11, 12, 13, 14, 15, 16, 17, 18, 19, 20, 21, 22, 23, 24, 25, 26, 27, 28, 29, 30, 31]",110761.0,108061,517,111278.0,517,111278.0,False,111278.0
34905,execution_finished,1,[32],111288.0,108588,6,111294.0,6,111294.0,False,111294.0
34906,execution_finished,1,[33],111297.0,108597,9,111306.0,9,111306.0,False,111306.0
34909,execution_finished,32,"[0, 1, 2, 3, 4, 5, 6, 7, 8, 9, 10, 11, 12, 13, 14, 15, 16, 17, 18, 19, 20, 21, 22, 23, 24, 25, 26, 27, 28, 29, 30, 31]",111278.0,108870,232,111510.0,232,111510.0,False,111510.0
34908,execution_finished,64,"[34, 35, 36, 37, 38, 39, 40, 41, 42, 43, 44, 45, 46, 47, 48, 49, 50, 51, 52, 53, 54, 55, 56, 57, 58, 59, 60, 61, 62, 63, 65, 66, 67, 68, 69, 70, 71, 72, 73, 74, 75, 76, 77, 78, 79, 80, 81, 82, 83, 84, 85, 86, 87, 88, 89, 90, 91, 92, 93, 94, 95, 96, 97, 98]",112801.0,108716,455,113256.0,455,113256.0,False,113256.0
34913,execution_finished,64,"[34, 35, 36, 37, 38, 39, 40, 41, 42, 43, 44, 45, 46, 47, 48, 49, 50, 51, 52, 53, 54, 55, 56, 57, 58, 59, 60, 61, 62, 63, 65, 66, 67, 68, 69, 70, 71, 72, 73, 74, 75, 76, 77, 78, 79, 80, 81, 82, 83, 84, 85, 86, 87, 88, 89, 90, 91, 92, 93, 94, 95, 96, 97, 98]",113256.0,109337,283,113539.0,283,113539.0,False,113539.0
34918,execution_finished,64,"[34, 35, 36, 37, 38, 39, 40, 41, 42, 43, 44, 45, 46, 47, 48, 49, 50, 51, 52, 53, 54, 55, 56, 57, 58, 59, 60, 61, 62, 63, 65, 66, 67, 68, 69, 70, 71, 72, 73, 74, 75, 76, 77, 78, 79, 80, 81, 82, 83, 84, 85, 86, 87, 88, 89, 90, 91, 92, 93, 94, 95, 96, 97, 98]",113539.0,109815,460,113999.0,460,113999.0,False,113999.0
34927,execution_finished,1,[99],113994.0,111224,18,114012.0,18,114012.0,False,114012.0
34917,execution_finished,1,[64],113994.0,109566,102,114096.0,102,114096.0,False,114096.0
34930,execution_finished,1,[100],114250.0,111550,137,114387.0,137,114387.0,False,114387.0
34921,execution_finished,64,"[34, 35, 36, 37, 38, 39, 40, 41, 42, 43, 44, 45, 46, 47, 48, 49, 50, 51, 52, 53, 54, 55, 56, 57, 58, 59, 60, 61, 62, 63, 65, 66, 67, 68, 69, 70, 71, 72, 73, 74, 75, 76, 77, 78, 79, 80, 81, 82, 83, 84, 85, 86, 87, 88, 89, 90, 91, 92, 93, 94, 95, 96, 97, 98]",113999.0,110725,418,114417.0,418,114417.0,False,114417.0
34928,execution_finished,64,"[99, 64, 100, 34, 35, 36, 37, 38, 39, 40, 41, 42, 43, 44, 45, 46, 47, 48, 49, 50, 51, 52, 53, 54, 55, 56, 57, 58, 59, 60, 61, 62, 63, 65, 66, 67, 68, 69, 70, 71, 72, 73, 74, 75, 76, 77, 78, 79, 80, 81, 82, 83, 84, 85, 86, 87, 88, 89, 90, 91, 92, 93, 94, 95]",114417.0,111235,201,114618.0,201,114618.0,False,114618.0
34942,execution_finished,32,"[96, 97, 98, 34, 35, 36, 37, 38, 39, 40, 41, 42, 43, 44, 45, 46, 47, 48, 49, 50, 51, 52, 53, 54, 55, 56, 57, 58, 59, 60, 61, 62]",114618.0,113447,408,115026.0,408,115026.0,False,115026.0
34936,execution_finished,1,[0],116712.0,112418,60,116772.0,60,116772.0,False,116772.0
34938,execution_finished,2,"[1, 2]",116796.0,112766,93,116889.0,93,116889.0,False,116889.0
34961,execution_finished,1,[2],117269.0,117269,8,117277.0,8,117277.0,False,117277.0
34940,execution_finished,32,"[3, 4, 5, 6, 7, 8, 9, 10, 11, 12, 13, 14, 15, 16, 17, 18, 19, 20, 21, 22, 23, 24, 25, 26, 27, 28, 29, 30, 31, 32, 33, 101]",117117.0,113036,217,117334.0,217,117334.0,False,117334.0
34962,execution_finished,32,"[101, 33, 32, 31, 30, 29, 28, 27, 26, 25, 24, 23, 22, 21, 20, 19, 18, 17, 16, 15, 14, 13, 12, 11, 10, 9, 8, 7, 6, 5, 4, 3]",117474.0,117474,89,117563.0,89,117563.0,False,117563.0
34966,execution_finished,1,[101],117663.0,117663,19,117682.0,19,117682.0,False,117682.0
34969,execution_finished,32,"[101, 33, 32, 31, 30, 29, 28, 27, 26, 25, 24, 23, 22, 21, 20, 19, 18, 17, 16, 15, 14, 13, 12, 11, 10, 9, 8, 7, 6, 5, 4, 3]",117950.0,117950,4,117954.0,4,117954.0,False,117954.0
34970,execution_finished,1,[101],118066.0,118066,16,118082.0,16,118082.0,False,118082.0
34971,execution_finished,32,"[101, 33, 32, 31, 30, 29, 28, 27, 26, 25, 24, 23, 22, 21, 20, 19, 18, 17, 16, 15, 14, 13, 12, 11, 10, 9, 8, 7, 6, 5, 4, 3]",118127.0,118127,514,118641.0,514,118641.0,False,118641.0
34979,execution_finished,32,"[101, 33, 32, 31, 30, 29, 28, 27, 26, 25, 24, 23, 22, 21, 20, 19, 18, 17, 16, 15, 14, 13, 12, 11, 10, 9, 8, 7, 6, 5, 4, 3]",119151.0,119151,393,119544.0,393,119544.0,False,119544.0
34954,execution_finished,128,"[0, 1, 2, 34, 35, 36, 37, 38, 39, 40, 41, 42, 43, 44, 45, 46, 47, 48, 49, 50, 51, 52, 53, 54, 55, 56, 57, 58, 59, 60, 61, 62, 63, 64, 65, 66, 67, 68, 69, 70, 71, 72, 73, 74, 75, 76, 77, 78, 79, 80, 81, 82, 83, 84, 85, 86, 87, 88, 89, 90, 91, 92, 93, 94, 95, 96, 97, 98, 99, 100, 102, 103, 104, 105, 106, 107, 108, 109, 110, 111, 112, 113, 114, 115, 116, 117, 118, 119, 120, 121, 122, 123, 124, 125, 126, 127, 3, 4, 5, 6, 7, 8, 9, 10, 11, 12, 13, 14, 15, 16, 17, 18, 19, 20, 21, 22, 23, 24, 25, 26, 27, 28, 29, 30, 31, 32, 33, 101]",122377.0,115330,56,122433.0,56,122433.0,False,122433.0
34955,execution_finished,128,"[0, 1, 2, 3, 4, 5, 6, 7, 8, 9, 10, 11, 12, 13, 14, 15, 16, 17, 18, 19, 20, 21, 22, 23, 24, 25, 26, 27, 28, 29, 30, 31, 32, 33, 34, 35, 36, 37, 38, 39, 40, 41, 42, 43, 44, 45, 46, 47, 48, 49, 50, 51, 52, 53, 54, 55, 56, 57, 58, 59, 60, 61, 62, 63, 64, 65, 66, 67, 68, 69, 70, 71, 72, 73, 74, 75, 76, 77, 78, 79, 80, 81, 82, 83, 84, 85, 86, 87, 88, 89, 90, 91, 92, 93, 94, 95, 96, 97, 98, 99, 100, 101, 102, 103, 104, 105, 106, 107, 108, 109, 110, 111, 112, 113, 114, 115, 116, 117, 118, 119, 120, 121, 122, 123, 124, 125, 126, 127]",122433.0,115454,767,123200.0,767,123200.0,False,123200.0
34957,execution_finished,64,"[0, 1, 2, 3, 4, 5, 6, 7, 8, 9, 10, 11, 12, 13, 14, 15, 16, 17, 18, 19, 20, 21, 22, 23, 24, 25, 26, 27, 28, 29, 30, 31, 32, 33, 34, 35, 36, 37, 38, 39, 40, 41, 42, 43, 44, 45, 46, 47, 48, 49, 50, 51, 52, 53, 54, 55, 56, 57, 58, 59, 60, 61, 62, 63]",123200.0,116555,272,123472.0,272,123472.0,False,123472.0
34959,execution_finished,64,"[64, 65, 66, 67, 68, 69, 70, 71, 72, 73, 74, 75, 76, 77, 78, 79, 80, 81, 82, 83, 84, 85, 86, 87, 88, 89, 90, 91, 92, 93, 94, 95, 96, 97, 98, 99, 100, 101, 102, 103, 104, 105, 106, 107, 108, 109, 110, 111, 112, 113, 114, 115, 116, 117, 118, 119, 120, 121, 122, 123, 124, 125, 126, 127]",123200.0,116876,391,123591.0,391,123591.0,False,123591.0
35017,execution_finished,1,[64],129675.0,126975,50,129725.0,50,129725.0,False,129725.0
35018,execution_finished,8,"[65, 66, 67, 68, 69, 70, 71, 72]",129758.0,127058,274,130032.0,274,130032.0,False,130032.0
34972,execution_finished,64,"[0, 1, 2, 3, 4, 5, 6, 7, 8, 9, 10, 11, 12, 13, 14, 15, 16, 17, 18, 19, 20, 21, 22, 23, 24, 25, 26, 27, 28, 29, 30, 31, 32, 33, 34, 35, 36, 37, 38, 39, 40, 41, 42, 43, 44, 45, 46, 47, 48, 49, 50, 51, 52, 53, 54, 55, 56, 57, 58, 59, 60, 61, 62, 63]",123472.0,118130,9196,132668.0,9196,132668.0,False,132668.0
35019,execution_finished,128,"[64, 65, 66, 67, 68, 69, 70, 71, 72, 73, 74, 75, 76, 77, 78, 79, 80, 81, 82, 83, 84, 85, 86, 87, 88, 89, 90, 91, 92, 93, 94, 95, 96, 97, 98, 99, 100, 101, 102, 103, 104, 105, 106, 107, 108, 109, 110, 111, 112, 113, 114, 115, 116, 117, 118, 119, 120, 121, 122, 123, 124, 125, 126, 127, 0, 1, 2, 3, 4, 5, 6, 7, 8, 9, 10, 11, 12, 13, 14, 15, 16, 17, 18, 19, 20, 21, 22, 23, 24, 25, 26, 27, 28, 29, 30, 31, 32, 33, 34, 35, 36, 37, 38, 39, 40, 41, 42, 43, 44, 45, 46, 47, 48, 49, 50, 51, 52, 53, 54, 55, 56, 57, 58, 59, 60, 61, 62, 63]",135368.0,127339,10930,146298.0,10930,146298.0,False,146298.0
35068,execution_finished,16,"[64, 65, 66, 67, 68, 69, 70, 71, 72, 73, 74, 75, 76, 77, 78, 79]",153553.0,150853,186,153739.0,186,153739.0,False,153739.0
35072,execution_finished,16,"[64, 65, 66, 67, 68, 69, 70, 71, 72, 73, 74, 75, 76, 77, 78, 79]",153739.0,153425,125,153864.0,125,153864.0,False,153864.0
35069,execution_finished,16,"[80, 81, 82, 83, 84, 85, 86, 87, 88, 89, 90, 91, 92, 93, 94, 95]",154201.0,151501,67,154268.0,67,154268.0,False,154268.0
35073,execution_finished,16,"[64, 65, 66, 67, 68, 69, 70, 71, 72, 73, 74, 75, 76, 77, 78, 79]",154165.0,154165,206,154371.0,206,154371.0,False,154371.0
35074,execution_finished,16,"[80, 81, 82, 83, 84, 85, 86, 87, 88, 89, 90, 91, 92, 93, 94, 95]",154608.0,154608,173,154781.0,173,154781.0,False,154781.0
35070,execution_finished,16,"[96, 97, 98, 99, 100, 101, 102, 103, 104, 105, 106, 107, 108, 109, 110, 111]",155481.0,152781,197,155678.0,197,155678.0,False,155678.0
35071,execution_finished,16,"[112, 113, 114, 115, 116, 117, 118, 119, 120, 121, 122, 123, 124, 125, 126, 127]",155805.0,153105,222,156027.0,222,156027.0,False,156027.0
35075,execution_finished,32,"[96, 97, 98, 99, 100, 101, 102, 103, 104, 105, 106, 107, 108, 109, 110, 111, 112, 113, 114, 115, 116, 117, 118, 119, 120, 121, 122, 123, 124, 125, 126, 127]",156027.0,155047,396,156423.0,396,156423.0,False,156423.0
35020,execution_finished,64,"[0, 1, 2, 3, 4, 5, 6, 7, 8, 9, 10, 11, 12, 13, 14, 15, 16, 17, 18, 19, 20, 21, 22, 23, 24, 25, 26, 27, 28, 29, 30, 31, 32, 33, 34, 35, 36, 37, 38, 39, 40, 41, 42, 43, 44, 45, 46, 47, 48, 49, 50, 51, 52, 53, 54, 55, 56, 57, 58, 59, 60, 61, 62, 63]",146298.0,138273,10924,157222.0,10924,157222.0,False,157222.0
35076,execution_finished,32,"[64, 65, 66, 67, 68, 69, 70, 71, 72, 73, 74, 75, 76, 77, 78, 79, 80, 81, 82, 83, 84, 85, 86, 87, 88, 89, 90, 91, 92, 93, 94, 95]",160531.0,157831,420,160951.0,420,160951.0,False,160951.0
35088,execution_finished,32,"[64, 65, 66, 67, 68, 69, 70, 71, 72, 73, 74, 75, 76, 77, 78, 79, 80, 81, 82, 83, 84, 85, 86, 87, 88, 89, 90, 91, 92, 93, 94, 95]",161478.0,161478,97,161575.0,97,161575.0,False,161575.0
35089,execution_finished,16,"[64, 65, 66, 67, 68, 69, 70, 71, 72, 73, 74, 75, 76, 77, 78, 79]",161850.0,161850,77,161927.0,77,161927.0,False,161927.0
35092,execution_finished,1,[64],162089.0,162089,18,162107.0,18,162107.0,False,162107.0
35091,execution_finished,16,"[80, 81, 82, 83, 84, 85, 86, 87, 88, 89, 90, 91, 92, 93, 94, 95]",162011.0,162011,471,162482.0,471,162482.0,False,162482.0
35098,execution_finished,16,"[64, 80, 81, 82, 83, 84, 85, 86, 87, 88, 89, 90, 91, 92, 93, 94]",162665.0,162665,453,163118.0,453,163118.0,False,163118.0
35101,execution_finished,16,"[64, 80, 81, 82, 83, 84, 85, 86, 87, 88, 89, 90, 91, 92, 93, 94]",163265.0,163265,238,163503.0,238,163503.0,False,163503.0
35103,execution_finished,1,[64],163503.0,163448,21,163524.0,21,163524.0,False,163524.0
35111,execution_finished,1,[81],163980.0,163980,8,163988.0,8,163988.0,False,163988.0
35110,execution_finished,1,[80],163980.0,163931,13,163993.0,13,163993.0,False,163993.0
35099,execution_finished,32,"[96, 97, 98, 99, 100, 101, 102, 103, 104, 105, 106, 107, 108, 109, 110, 111, 112, 113, 114, 115, 116, 117, 118, 119, 120, 121, 122, 123, 124, 125, 126, 127]",165473.0,162773,219,165692.0,219,165692.0,False,165692.0
35104,execution_finished,32,"[96, 97, 98, 99, 100, 101, 102, 103, 104, 105, 106, 107, 108, 109, 110, 111, 112, 113, 114, 115, 116, 117, 118, 119, 120, 121, 122, 123, 124, 125, 126, 127]",165692.0,163648,354,166046.0,354,166046.0,False,166046.0
35112,execution_finished,32,"[96, 97, 98, 99, 100, 101, 102, 103, 104, 105, 106, 107, 108, 109, 110, 111, 112, 113, 114, 115, 116, 117, 118, 119, 120, 121, 122, 123, 124, 125, 126, 127]",166046.0,164169,393,166439.0,393,166439.0,False,166439.0
35077,execution_finished,64,"[0, 1, 2, 3, 4, 5, 6, 7, 8, 9, 10, 11, 12, 13, 14, 15, 16, 17, 18, 19, 20, 21, 22, 23, 24, 25, 26, 27, 28, 29, 30, 31, 32, 33, 34, 35, 36, 37, 38, 39, 40, 41, 42, 43, 44, 45, 46, 47, 48, 49, 50, 51, 52, 53, 54, 55, 56, 57, 58, 59, 60, 61, 62, 63]",162322.0,158950,4978,167300.0,4978,167300.0,False,167300.0
35122,execution_finished,1,[3],167300.0,165208,12,167312.0,12,167312.0,False,167312.0
35115,execution_finished,1,[0],167300.0,164743,15,167315.0,15,167315.0,False,167315.0
35123,execution_finished,1,[4],167300.0,165226,17,167317.0,17,167317.0,False,167317.0
35121,execution_finished,1,[2],167300.0,165180,20,167320.0,20,167320.0,False,167320.0
35116,execution_finished,1,[1],167300.0,164750,23,167323.0,23,167323.0,False,167323.0
35118,execution_finished,64,"[5, 6, 7, 8, 9, 10, 11, 12, 13, 14, 15, 16, 17, 18, 19, 20, 21, 22, 23, 24, 25, 26, 27, 28, 29, 30, 31, 32, 33, 34, 35, 36, 37, 38, 39, 40, 41, 42, 43, 44, 45, 46, 47, 48, 49, 50, 51, 52, 53, 54, 55, 56, 57, 58, 59, 60, 61, 62, 63, 3, 0, 4, 2, 1]",167323.0,164903,275,167598.0,275,167598.0,False,167598.0
35125,execution_finished,64,"[0, 1, 2, 3, 4, 5, 6, 7, 8, 9, 10, 11, 12, 13, 14, 15, 16, 17, 18, 19, 20, 21, 22, 23, 24, 25, 26, 27, 28, 29, 30, 31, 32, 33, 34, 35, 36, 37, 38, 39, 40, 41, 42, 43, 44, 45, 46, 47, 48, 49, 50, 51, 52, 53, 54, 55, 56, 57, 58, 59, 60, 61, 62, 63]",167598.0,165285,207,167805.0,207,167805.0,False,167805.0
35137,execution_finished,64,"[0, 1, 2, 3, 4, 5, 6, 7, 8, 9, 10, 11, 12, 13, 14, 15, 16, 17, 18, 19, 20, 21, 22, 23, 24, 25, 26, 27, 28, 29, 30, 31, 32, 33, 34, 35, 36, 37, 38, 39, 40, 41, 42, 43, 44, 45, 46, 47, 48, 49, 50, 51, 52, 53, 54, 55, 56, 57, 58, 59, 60, 61, 62, 63]",167845.0,167845,209,168054.0,209,168054.0,False,168054.0
35140,execution_finished,64,"[0, 1, 2, 3, 4, 5, 6, 7, 8, 9, 10, 11, 12, 13, 14, 15, 16, 17, 18, 19, 20, 21, 22, 23, 24, 25, 26, 27, 28, 29, 30, 31, 32, 33, 34, 35, 36, 37, 38, 39, 40, 41, 42, 43, 44, 45, 46, 47, 48, 49, 50, 51, 52, 53, 54, 55, 56, 57, 58, 59, 60, 61, 62, 63]",168077.0,168077,298,168375.0,298,168375.0,False,168375.0
35144,execution_finished,1,[0],168375.0,168372,12,168387.0,12,168387.0,False,168387.0
35145,execution_finished,1,[1],168377.0,168377,15,168392.0,15,168392.0,False,168392.0
35146,execution_finished,64,"[2, 3, 4, 5, 6, 7, 8, 9, 10, 11, 12, 13, 14, 15, 16, 17, 18, 19, 20, 21, 22, 23, 24, 25, 26, 27, 28, 29, 30, 31, 32, 33, 34, 35, 36, 37, 38, 39, 40, 41, 42, 43, 44, 45, 46, 47, 48, 49, 50, 51, 52, 53, 54, 55, 56, 57, 58, 59, 60, 61, 62, 63, 0, 1]",168432.0,168432,287,168719.0,287,168719.0,False,168719.0
35148,execution_finished,64,"[0, 1, 2, 3, 4, 5, 6, 7, 8, 9, 10, 11, 12, 13, 14, 15, 16, 17, 18, 19, 20, 21, 22, 23, 24, 25, 26, 27, 28, 29, 30, 31, 32, 33, 34, 35, 36, 37, 38, 39, 40, 41, 42, 43, 44, 45, 46, 47, 48, 49, 50, 51, 52, 53, 54, 55, 56, 57, 58, 59, 60, 61, 62, 63]",168856.0,168856,545,169401.0,545,169401.0,False,169401.0
35114,execution_finished,64,"[64, 65, 66, 67, 68, 69, 70, 71, 72, 73, 74, 75, 76, 77, 78, 79, 80, 81, 82, 83, 84, 85, 86, 87, 88, 89, 90, 91, 92, 93, 94, 95, 96, 97, 98, 99, 100, 101, 102, 103, 104, 105, 106, 107, 108, 109, 110, 111, 112, 113, 114, 115, 116, 117, 118, 119, 120, 121, 122, 123, 124, 125, 126, 127]",169139.0,164460,286,169425.0,286,169425.0,False,169425.0
35153,execution_finished,64,"[0, 1, 2, 3, 4, 5, 6, 7, 8, 9, 10, 11, 12, 13, 14, 15, 16, 17, 18, 19, 20, 21, 22, 23, 24, 25, 26, 27, 28, 29, 30, 31, 32, 33, 34, 35, 36, 37, 38, 39, 40, 41, 42, 43, 44, 45, 46, 47, 48, 49, 50, 51, 52, 53, 54, 55, 56, 57, 58, 59, 60, 61, 62, 63]",169536.0,169536,408,169944.0,408,169944.0,False,169944.0
35157,execution_finished,1,[96],169941.0,169941,11,169952.0,11,169952.0,False,169952.0
35158,execution_finished,1,[97],169945.0,169945,22,169967.0,22,169967.0,False,169967.0
35156,execution_finished,32,"[64, 65, 66, 67, 68, 69, 70, 71, 72, 73, 74, 75, 76, 77, 78, 79, 80, 81, 82, 83, 84, 85, 86, 87, 88, 89, 90, 91, 92, 93, 94, 95]",169884.0,169884,234,170118.0,234,170118.0,False,170118.0
35159,execution_finished,64,"[0, 1, 2, 3, 4, 5, 6, 7, 8, 9, 10, 11, 12, 13, 14, 15, 16, 17, 18, 19, 20, 21, 22, 23, 24, 25, 26, 27, 28, 29, 30, 31, 32, 33, 34, 35, 36, 37, 38, 39, 40, 41, 42, 43, 44, 45, 46, 47, 48, 49, 50, 51, 52, 53, 54, 55, 56, 57, 58, 59, 60, 61, 62, 63]",170027.0,170027,158,170185.0,158,170185.0,False,170185.0
35162,execution_finished,64,"[94, 95, 0, 1, 2, 3, 4, 5, 6, 7, 8, 9, 10, 11, 12, 13, 14, 15, 16, 17, 18, 19, 20, 21, 22, 23, 24, 25, 26, 27, 28, 29, 30, 31, 32, 33, 34, 35, 36, 37, 38, 39, 40, 41, 42, 43, 44, 45, 46, 47, 48, 49, 50, 51, 52, 53, 54, 55, 56, 57, 58, 59, 60, 61]",170355.0,170355,323,170678.0,323,170678.0,False,170678.0
35161,execution_finished,32,"[96, 97, 64, 65, 66, 67, 68, 69, 70, 71, 72, 73, 74, 75, 76, 77, 78, 79, 80, 81, 82, 83, 84, 85, 86, 87, 88, 89, 90, 91, 92, 93]",170207.0,170207,475,170682.0,475,170682.0,False,170682.0
35166,execution_finished,32,"[64, 65, 66, 67, 68, 69, 70, 71, 72, 73, 74, 75, 76, 77, 78, 79, 80, 81, 82, 83, 84, 85, 86, 87, 88, 89, 90, 91, 92, 93, 96, 97]",170978.0,170978,405,171383.0,405,171383.0,False,171383.0
35164,execution_finished,64,"[0, 1, 2, 3, 4, 5, 6, 7, 8, 9, 10, 11, 12, 13, 14, 15, 16, 17, 18, 19, 20, 21, 22, 23, 24, 25, 26, 27, 28, 29, 30, 31, 32, 33, 34, 35, 36, 37, 38, 39, 40, 41, 42, 43, 44, 45, 46, 47, 48, 49, 50, 51, 52, 53, 54, 55, 56, 57, 58, 59, 60, 61, 94, 95]",170933.0,170933,460,171393.0,460,171393.0,False,171393.0
35171,execution_finished,64,"[64, 65, 66, 67, 68, 69, 70, 71, 72, 73, 74, 75, 76, 77, 78, 79, 80, 81, 82, 83, 84, 85, 86, 87, 88, 89, 90, 91, 92, 93, 96, 97, 0, 1, 2, 3, 4, 5, 6, 7, 8, 9, 10, 11, 12, 13, 14, 15, 16, 17, 18, 19, 20, 21, 22, 23, 24, 25, 26, 27, 28, 29, 30, 31]",171592.0,171592,258,171850.0,258,171850.0,False,171850.0
35173,execution_finished,1,[32],171852.0,171852,23,171875.0,23,171875.0,False,171875.0
35174,execution_finished,32,"[33, 34, 35, 36, 37, 38, 39, 40, 41, 42, 43, 44, 45, 46, 47, 48, 49, 50, 51, 52, 53, 54, 55, 56, 57, 58, 59, 60, 61, 94, 95, 0]",171862.0,171862,123,171985.0,123,171985.0,False,171985.0
35177,execution_finished,32,"[0, 1, 2, 3, 4, 5, 6, 7, 8, 9, 10, 11, 12, 13, 14, 15, 16, 17, 18, 19, 20, 21, 22, 23, 24, 25, 26, 27, 28, 29, 30, 31]",181795.0,179095,215,182010.0,215,182010.0,False,182010.0
35178,execution_finished,64,"[32, 33, 34, 35, 36, 37, 38, 39, 40, 41, 42, 43, 44, 45, 46, 47, 48, 49, 50, 51, 52, 53, 54, 55, 56, 57, 58, 59, 60, 61, 62, 63, 64, 65, 66, 67, 68, 69, 70, 71, 72, 73, 74, 75, 76, 77, 78, 79, 80, 81, 82, 83, 84, 85, 86, 87, 88, 89, 90, 91, 92, 93, 94, 95]",182120.0,179420,310,182430.0,310,182430.0,False,182430.0
35184,execution_finished,64,"[32, 33, 34, 35, 36, 37, 38, 39, 40, 41, 42, 43, 44, 45, 46, 47, 48, 49, 50, 51, 52, 53, 54, 55, 56, 57, 58, 59, 60, 61, 62, 63, 64, 65, 66, 67, 68, 69, 70, 71, 72, 73, 74, 75, 76, 77, 78, 79, 80, 81, 82, 83, 84, 85, 86, 87, 88, 89, 90, 91, 92, 93, 94, 95]",182430.0,180315,380,182810.0,380,182810.0,False,182810.0
35186,execution_finished,1,[33],182810.0,180709,12,182822.0,12,182822.0,False,182822.0
35185,execution_finished,1,[32],182810.0,180697,23,182833.0,23,182833.0,False,182833.0
35187,execution_finished,64,"[34, 35, 36, 37, 38, 39, 40, 41, 42, 43, 44, 45, 46, 47, 48, 49, 50, 51, 52, 53, 54, 55, 56, 57, 58, 59, 60, 61, 62, 63, 64, 65, 66, 67, 68, 69, 70, 71, 72, 73, 74, 75, 76, 77, 78, 79, 80, 81, 82, 83, 84, 85, 86, 87, 88, 89, 90, 91, 92, 93, 94, 95, 33, 32]",182833.0,180766,279,183112.0,279,183112.0,False,183112.0
35192,execution_finished,64,"[32, 33, 34, 35, 36, 37, 38, 39, 40, 41, 42, 43, 44, 45, 46, 47, 48, 49, 50, 51, 52, 53, 54, 55, 56, 57, 58, 59, 60, 61, 62, 63, 64, 65, 66, 67, 68, 69, 70, 71, 72, 73, 74, 75, 76, 77, 78, 79, 80, 81, 82, 83, 84, 85, 86, 87, 88, 89, 90, 91, 92, 93, 94, 95]",183112.0,181987,381,183493.0,381,183493.0,False,183493.0
35193,execution_finished,1,[32],183493.0,182369,15,183508.0,15,183508.0,False,183508.0
35194,execution_finished,1,[33],183493.0,182517,100,183593.0,100,183593.0,False,183593.0
35195,execution_finished,64,"[34, 35, 36, 37, 38, 39, 40, 41, 42, 43, 44, 45, 46, 47, 48, 49, 50, 51, 52, 53, 54, 55, 56, 57, 58, 59, 60, 61, 62, 63, 64, 65, 66, 67, 68, 69, 70, 71, 72, 73, 74, 75, 76, 77, 78, 79, 80, 81, 82, 83, 84, 85, 86, 87, 88, 89, 90, 91, 92, 93, 94, 95, 32, 33]",183593.0,182573,294,183887.0,294,183887.0,False,183887.0
35202,execution_finished,1,[34],183887.0,183135,8,183895.0,8,183895.0,False,183895.0
35200,execution_finished,1,[33],183887.0,182869,24,183911.0,24,183911.0,False,183911.0
35197,execution_finished,1,[32],183887.0,182732,144,184031.0,144,184031.0,False,184031.0
35179,execution_finished,64,"[96, 97, 98, 99, 100, 101, 102, 103, 104, 105, 106, 107, 108, 109, 110, 111, 112, 113, 114, 115, 116, 117, 118, 119, 120, 121, 122, 123, 124, 125, 126, 127, 0, 1, 2, 3, 4, 5, 6, 7, 8, 9, 10, 11, 12, 13, 14, 15, 16, 17, 18, 19, 20, 21, 22, 23, 24, 25, 26, 27, 28, 29, 30, 31]",184710.0,179794,294,185004.0,294,185004.0,False,185004.0
35205,execution_finished,32,"[0, 1, 2, 3, 4, 5, 6, 7, 8, 9, 10, 11, 12, 13, 14, 15, 16, 17, 18, 19, 20, 21, 22, 23, 24, 25, 26, 27, 28, 29, 30, 31]",185004.0,184034,86,185090.0,86,185090.0,False,185090.0
35208,execution_finished,32,"[96, 97, 98, 99, 100, 101, 102, 103, 104, 105, 106, 107, 108, 109, 110, 111, 112, 113, 114, 115, 116, 117, 118, 119, 120, 121, 122, 123, 124, 125, 126, 127]",185004.0,184151,947,185951.0,947,185951.0,False,185951.0
35219,execution_finished,1,[1],190190.0,187348,99,190289.0,99,190289.0,False,190289.0
35218,execution_finished,1,[0],190190.0,187067,124,190314.0,124,190314.0,False,190314.0
35224,execution_finished,32,"[0, 1, 2, 3, 4, 5, 6, 7, 8, 9, 10, 11, 12, 13, 14, 15, 16, 17, 18, 19, 20, 21, 22, 23, 24, 25, 26, 27, 28, 29, 30, 31]",197265.0,194565,421,197686.0,421,197686.0,False,197686.0
35203,execution_finished,64,"[35, 36, 37, 38, 39, 40, 41, 42, 43, 44, 45, 46, 47, 48, 49, 50, 51, 52, 53, 54, 55, 56, 57, 58, 59, 60, 61, 62, 63, 64, 65, 66, 67, 68, 69, 70, 71, 72, 73, 74, 75, 76, 77, 78, 79, 80, 81, 82, 83, 84, 85, 86, 87, 88, 89, 90, 91, 92, 93, 94, 95, 34, 33, 32]",184031.0,183212,14983,199014.0,14983,199014.0,False,199014.0
35226,execution_finished,16,"[32, 33, 34, 35, 36, 37, 38, 39, 40, 41, 42, 43, 44, 45, 46, 47]",199014.0,195553,450,199464.0,450,199464.0,False,199464.0
35227,execution_finished,64,"[48, 49, 50, 51, 52, 53, 54, 55, 56, 57, 58, 59, 60, 61, 62, 63, 64, 65, 66, 67, 68, 69, 70, 71, 72, 73, 74, 75, 76, 77, 78, 79, 80, 81, 82, 83, 84, 85, 86, 87, 88, 89, 90, 91, 92, 93, 94, 95, 32, 33, 34, 35, 36, 37, 38, 39, 40, 41, 42, 43, 44, 45, 46, 47]",199464.0,196201,453,199917.0,453,199917.0,False,199917.0
35230,execution_finished,1,[80],199917.0,197623,16,199933.0,16,199933.0,False,199933.0
35228,execution_finished,32,"[32, 33, 34, 35, 36, 37, 38, 39, 40, 41, 42, 43, 44, 45, 46, 47, 48, 49, 50, 51, 52, 53, 54, 55, 56, 57, 58, 59, 60, 61, 62, 63]",199917.0,196702,372,200289.0,372,200289.0,False,200289.0
35229,execution_finished,16,"[64, 65, 66, 67, 68, 69, 70, 71, 72, 73, 74, 75, 76, 77, 78, 79]",199917.0,197118,587,200504.0,587,200504.0,False,200504.0
35225,execution_finished,64,"[96, 97, 98, 99, 100, 101, 102, 103, 104, 105, 106, 107, 108, 109, 110, 111, 112, 113, 114, 115, 116, 117, 118, 119, 120, 121, 122, 123, 124, 125, 126, 127, 0, 1, 2, 3, 4, 5, 6, 7, 8, 9, 10, 11, 12, 13, 14, 15, 16, 17, 18, 19, 20, 21, 22, 23, 24, 25, 26, 27, 28, 29, 30, 31]",200386.0,195022,476,200862.0,476,200862.0,False,200862.0
35231,execution_finished,128,"[0, 1, 2, 3, 4, 5, 6, 7, 8, 9, 10, 11, 12, 13, 14, 15, 16, 17, 18, 19, 20, 21, 22, 23, 24, 25, 26, 27, 28, 29, 30, 31, 32, 33, 34, 35, 36, 37, 38, 39, 40, 41, 42, 43, 44, 45, 46, 47, 48, 49, 50, 51, 52, 53, 54, 55, 56, 57, 58, 59, 60, 61, 62, 63, 64, 65, 66, 67, 68, 69, 70, 71, 72, 73, 74, 75, 76, 77, 78, 79, 80, 81, 82, 83, 84, 85, 86, 87, 88, 89, 90, 91, 92, 93, 94, 95, 96, 97, 98, 99, 100, 101, 102, 103, 104, 105, 106, 107, 108, 109, 110, 111, 112, 113, 114, 115, 116, 117, 118, 119, 120, 121, 122, 123, 124, 125, 126, 127]",207227.0,204527,10925,218152.0,10925,218152.0,False,218152.0
35232,execution_finished,128,"[0, 1, 2, 3, 4, 5, 6, 7, 8, 9, 10, 11, 12, 13, 14, 15, 16, 17, 18, 19, 20, 21, 22, 23, 24, 25, 26, 27, 28, 29, 30, 31, 32, 33, 34, 35, 36, 37, 38, 39, 40, 41, 42, 43, 44, 45, 46, 47, 48, 49, 50, 51, 52, 53, 54, 55, 56, 57, 58, 59, 60, 61, 62, 63, 64, 65, 66, 67, 68, 69, 70, 71, 72, 73, 74, 75, 76, 77, 78, 79, 80, 81, 82, 83, 84, 85, 86, 87, 88, 89, 90, 91, 92, 93, 94, 95, 96, 97, 98, 99, 100, 101, 102, 103, 104, 105, 106, 107, 108, 109, 110, 111, 112, 113, 114, 115, 116, 117, 118, 119, 120, 121, 122, 123, 124, 125, 126, 127]",218152.0,215458,87,218239.0,87,218239.0,False,218239.0
35255,execution_finished,64,"[0, 1, 2, 3, 4, 5, 6, 7, 8, 9, 10, 11, 12, 13, 14, 15, 16, 17, 18, 19, 20, 21, 22, 23, 24, 25, 26, 27, 28, 29, 30, 31, 32, 33, 34, 35, 36, 37, 38, 39, 40, 41, 42, 43, 44, 45, 46, 47, 48, 49, 50, 51, 52, 53, 54, 55, 56, 57, 58, 59, 60, 61, 62, 63]",218476.0,218476,395,218871.0,395,218871.0,False,218871.0
35258,execution_finished,1,[0],218873.0,218873,26,218899.0,26,218899.0,False,218899.0
35262,execution_finished,1,[64],223339.0,218950,16,223355.0,16,223355.0,False,223355.0
35284,execution_finished,1,[65],223865.0,221165,96,223961.0,96,223961.0,False,223961.0
35285,execution_finished,1,[66],224012.0,221312,146,224158.0,146,224158.0,False,224158.0
35288,execution_finished,1,[67],224245.0,221545,127,224372.0,127,224372.0,False,224372.0
35312,execution_finished,1,[67],224822.0,224822,122,224944.0,122,224944.0,False,224944.0
35313,execution_finished,1,[67],224974.0,224974,105,225079.0,105,225079.0,False,225079.0
35261,execution_finished,64,"[1, 2, 3, 4, 5, 6, 7, 8, 9, 10, 11, 12, 13, 14, 15, 16, 17, 18, 19, 20, 21, 22, 23, 24, 25, 26, 27, 28, 29, 30, 31, 32, 33, 34, 35, 36, 37, 38, 39, 40, 41, 42, 43, 44, 45, 46, 47, 48, 49, 50, 51, 52, 53, 54, 55, 56, 57, 58, 59, 60, 61, 62, 63, 0]",218948.0,218948,10927,229875.0,10927,229875.0,False,229875.0
35366,execution_finished,1,[64],233470.0,230770,127,233597.0,127,233597.0,False,233597.0
35368,execution_finished,1,[65],233668.0,230968,118,233786.0,118,233786.0,False,233786.0
35374,execution_finished,1,[66],234039.0,231339,98,234137.0,98,234137.0,False,234137.0
35375,execution_finished,1,[67],234172.0,231472,111,234283.0,111,234283.0,False,234283.0
35421,execution_finished,1,[0],239583.0,236883,159,239742.0,159,239742.0,False,239742.0
35428,execution_finished,1,[1],239828.0,237128,96,239924.0,96,239924.0,False,239924.0
35429,execution_finished,1,[2],240103.0,237403,117,240220.0,117,240220.0,False,240220.0
35434,execution_finished,1,[3],240740.0,238040,110,240850.0,110,240850.0,False,240850.0
35509,execution_finished,64,"[64, 65, 66, 67, 68, 69, 70, 71, 72, 73, 74, 75, 76, 77, 78, 79, 80, 81, 82, 83, 84, 85, 86, 87, 88, 89, 90, 91, 92, 93, 94, 95, 96, 97, 98, 99, 100, 101, 102, 103, 104, 105, 106, 107, 108, 109, 110, 111, 112, 113, 114, 115, 116, 117, 118, 119, 120, 121, 122, 123, 124, 125, 126, 127]",249056.0,246356,111,249167.0,111,249167.0,False,249167.0
35512,execution_finished,64,"[64, 65, 66, 67, 68, 69, 70, 71, 72, 73, 74, 75, 76, 77, 78, 79, 80, 81, 82, 83, 84, 85, 86, 87, 88, 89, 90, 91, 92, 93, 94, 95, 96, 97, 98, 99, 100, 101, 102, 103, 104, 105, 106, 107, 108, 109, 110, 111, 112, 113, 114, 115, 116, 117, 118, 119, 120, 121, 122, 123, 124, 125, 126, 127]",249167.0,246573,106,249273.0,106,249273.0,False,249273.0
35514,execution_finished,64,"[64, 65, 66, 67, 68, 69, 70, 71, 72, 73, 74, 75, 76, 77, 78, 79, 80, 81, 82, 83, 84, 85, 86, 87, 88, 89, 90, 91, 92, 93, 94, 95, 96, 97, 98, 99, 100, 101, 102, 103, 104, 105, 106, 107, 108, 109, 110, 111, 112, 113, 114, 115, 116, 117, 118, 119, 120, 121, 122, 123, 124, 125, 126, 127]",249273.0,246773,106,249379.0,106,249379.0,False,249379.0
35517,execution_finished,64,"[64, 65, 66, 67, 68, 69, 70, 71, 72, 73, 74, 75, 76, 77, 78, 79, 80, 81, 82, 83, 84, 85, 86, 87, 88, 89, 90, 91, 92, 93, 94, 95, 96, 97, 98, 99, 100, 101, 102, 103, 104, 105, 106, 107, 108, 109, 110, 111, 112, 113, 114, 115, 116, 117, 118, 119, 120, 121, 122, 123, 124, 125, 126, 127]",249379.0,246963,107,249486.0,107,249486.0,False,249486.0
35518,execution_finished,64,"[64, 65, 66, 67, 68, 69, 70, 71, 72, 73, 74, 75, 76, 77, 78, 79, 80, 81, 82, 83, 84, 85, 86, 87, 88, 89, 90, 91, 92, 93, 94, 95, 96, 97, 98, 99, 100, 101, 102, 103, 104, 105, 106, 107, 108, 109, 110, 111, 112, 113, 114, 115, 116, 117, 118, 119, 120, 121, 122, 123, 124, 125, 126, 127]",249486.0,247147,111,249597.0,111,249597.0,False,249597.0
35521,execution_finished,64,"[64, 65, 66, 67, 68, 69, 70, 71, 72, 73, 74, 75, 76, 77, 78, 79, 80, 81, 82, 83, 84, 85, 86, 87, 88, 89, 90, 91, 92, 93, 94, 95, 96, 97, 98, 99, 100, 101, 102, 103, 104, 105, 106, 107, 108, 109, 110, 111, 112, 113, 114, 115, 116, 117, 118, 119, 120, 121, 122, 123, 124, 125, 126, 127]",249597.0,247351,1,249598.0,1,249598.0,False,249598.0
35522,execution_finished,64,"[64, 65, 66, 67, 68, 69, 70, 71, 72, 73, 74, 75, 76, 77, 78, 79, 80, 81, 82, 83, 84, 85, 86, 87, 88, 89, 90, 91, 92, 93, 94, 95, 96, 97, 98, 99, 100, 101, 102, 103, 104, 105, 106, 107, 108, 109, 110, 111, 112, 113, 114, 115, 116, 117, 118, 119, 120, 121, 122, 123, 124, 125, 126, 127]",249598.0,247363,107,249705.0,107,249705.0,False,249705.0
35536,execution_finished,8,"[119, 118, 117, 116, 115, 114, 113, 112]",249705.0,248964,21,249726.0,21,249726.0,False,249726.0
35523,execution_finished,4,"[64, 65, 66, 67]",249705.0,247488,56,249761.0,56,249761.0,False,249761.0
35526,execution_finished,4,"[127, 126, 125, 124]",249705.0,247747,56,249761.0,56,249761.0,False,249761.0
35532,execution_finished,4,"[123, 122, 121, 120]",249705.0,248445,56,249761.0,56,249761.0,False,249761.0
35538,execution_finished,4,"[111, 110, 109, 108]",249705.0,249194,56,249761.0,56,249761.0,False,249761.0
35525,execution_finished,64,"[68, 69, 70, 71, 72, 73, 74, 75, 76, 77, 78, 79, 80, 81, 82, 83, 84, 85, 86, 87, 88, 89, 90, 91, 92, 93, 94, 95, 96, 97, 98, 99, 100, 101, 102, 103, 104, 105, 106, 107, 112, 113, 114, 115, 116, 117, 118, 119, 64, 65, 66, 67, 108, 109, 110, 111, 120, 121, 122, 123, 124, 125, 126, 127]",249761.0,247578,105,249866.0,105,249866.0,False,249866.0
35527,execution_finished,64,"[64, 65, 66, 67, 68, 69, 70, 71, 72, 73, 74, 75, 76, 77, 78, 79, 80, 81, 82, 83, 84, 85, 86, 87, 88, 89, 90, 91, 92, 93, 94, 95, 96, 97, 98, 99, 100, 101, 102, 103, 104, 105, 106, 107, 108, 109, 110, 111, 112, 113, 114, 115, 116, 117, 118, 119, 120, 121, 122, 123, 124, 125, 126, 127]",249866.0,247844,123,249989.0,123,249989.0,False,249989.0
35529,execution_finished,64,"[64, 65, 66, 67, 68, 69, 70, 71, 72, 73, 74, 75, 76, 77, 78, 79, 80, 81, 82, 83, 84, 85, 86, 87, 88, 89, 90, 91, 92, 93, 94, 95, 96, 97, 98, 99, 100, 101, 102, 103, 104, 105, 106, 107, 108, 109, 110, 111, 112, 113, 114, 115, 116, 117, 118, 119, 120, 121, 122, 123, 124, 125, 126, 127]",249989.0,248045,107,250096.0,107,250096.0,False,250096.0
35531,execution_finished,64,"[64, 65, 66, 67, 68, 69, 70, 71, 72, 73, 74, 75, 76, 77, 78, 79, 80, 81, 82, 83, 84, 85, 86, 87, 88, 89, 90, 91, 92, 93, 94, 95, 96, 97, 98, 99, 100, 101, 102, 103, 104, 105, 106, 107, 108, 109, 110, 111, 112, 113, 114, 115, 116, 117, 118, 119, 120, 121, 122, 123, 124, 125, 126, 127]",250096.0,248268,107,250203.0,107,250203.0,False,250203.0
35533,execution_finished,64,"[64, 65, 66, 67, 68, 69, 70, 71, 72, 73, 74, 75, 76, 77, 78, 79, 80, 81, 82, 83, 84, 85, 86, 87, 88, 89, 90, 91, 92, 93, 94, 95, 96, 97, 98, 99, 100, 101, 102, 103, 104, 105, 106, 107, 108, 109, 110, 111, 112, 113, 114, 115, 116, 117, 118, 119, 120, 121, 122, 123, 124, 125, 126, 127]",250203.0,248530,106,250309.0,106,250309.0,False,250309.0
35534,execution_finished,64,"[64, 65, 66, 67, 68, 69, 70, 71, 72, 73, 74, 75, 76, 77, 78, 79, 80, 81, 82, 83, 84, 85, 86, 87, 88, 89, 90, 91, 92, 93, 94, 95, 96, 97, 98, 99, 100, 101, 102, 103, 104, 105, 106, 107, 108, 109, 110, 111, 112, 113, 114, 115, 116, 117, 118, 119, 120, 121, 122, 123, 124, 125, 126, 127]",250309.0,248681,108,250417.0,108,250417.0,False,250417.0
35551,execution_finished,1,[107],250528.0,250528,23,250551.0,23,250551.0,False,250551.0
35548,execution_finished,4,"[111, 110, 109, 108]",250417.0,250344,151,250568.0,151,250568.0,False,250568.0
35535,execution_finished,32,"[64, 65, 66, 67, 68, 69, 70, 71, 72, 73, 74, 75, 76, 77, 78, 79, 80, 81, 82, 83, 84, 85, 86, 87, 88, 89, 90, 91, 92, 93, 94, 95]",250417.0,248824,223,250640.0,223,250640.0,False,250640.0
35547,execution_finished,16,"[127, 126, 125, 124, 123, 122, 121, 120, 119, 118, 117, 116, 115, 114, 113, 112]",250417.0,250255,274,250691.0,274,250691.0,False,250691.0
35552,execution_finished,32,"[111, 110, 109, 108, 107, 106, 105, 104, 95, 94, 93, 92, 91, 90, 89, 88, 87, 86, 85, 84, 83, 82, 81, 80, 79, 78, 77, 76, 75, 74, 73, 72]",250640.0,250553,177,250817.0,177,250817.0,False,250817.0
35555,execution_finished,16,"[127, 126, 125, 124, 123, 122, 121, 120, 119, 118, 117, 116, 115, 114, 113, 112]",250691.0,250674,326,251017.0,326,251017.0,False,251017.0
35560,execution_finished,4,"[111, 110, 109, 108]",250885.0,250885,172,251057.0,172,251057.0,False,251057.0
35537,execution_finished,8,"[96, 97, 98, 99, 100, 101, 102, 103]",250417.0,249018,665,251082.0,665,251082.0,False,251082.0
35540,execution_finished,64,"[64, 65, 66, 67, 68, 69, 70, 71, 72, 73, 74, 75, 76, 77, 78, 79, 80, 81, 82, 83, 84, 85, 86, 87, 88, 89, 90, 91, 92, 93, 94, 95, 104, 105, 106, 107, 112, 113, 114, 115, 116, 117, 118, 119, 120, 121, 122, 123, 124, 125, 126, 127, 108, 109, 110, 111, 96, 97, 98, 99, 100, 101, 102, 103]",251082.0,249724,118,251200.0,118,251200.0,False,251200.0
35542,execution_finished,64,"[64, 65, 66, 67, 68, 69, 70, 71, 72, 73, 74, 75, 76, 77, 78, 79, 80, 81, 82, 83, 84, 85, 86, 87, 88, 89, 90, 91, 92, 93, 94, 95, 96, 97, 98, 99, 100, 101, 102, 103, 104, 105, 106, 107, 108, 109, 110, 111, 112, 113, 114, 115, 116, 117, 118, 119, 120, 121, 122, 123, 124, 125, 126, 127]",251200.0,249888,121,251321.0,121,251321.0,False,251321.0
35543,execution_finished,64,"[64, 65, 66, 67, 68, 69, 70, 71, 72, 73, 74, 75, 76, 77, 78, 79, 80, 81, 82, 83, 84, 85, 86, 87, 88, 89, 90, 91, 92, 93, 94, 95, 96, 97, 98, 99, 100, 101, 102, 103, 104, 105, 106, 107, 108, 109, 110, 111, 112, 113, 114, 115, 116, 117, 118, 119, 120, 121, 122, 123, 124, 125, 126, 127]",251321.0,249992,193,251514.0,193,251514.0,False,251514.0
35544,execution_finished,64,"[64, 65, 66, 67, 68, 69, 70, 71, 72, 73, 74, 75, 76, 77, 78, 79, 80, 81, 82, 83, 84, 85, 86, 87, 88, 89, 90, 91, 92, 93, 94, 95, 96, 97, 98, 99, 100, 101, 102, 103, 104, 105, 106, 107, 108, 109, 110, 111, 112, 113, 114, 115, 116, 117, 118, 119, 120, 121, 122, 123, 124, 125, 126, 127]",251514.0,250074,122,251636.0,122,251636.0,False,251636.0
35546,execution_finished,64,"[64, 65, 66, 67, 68, 69, 70, 71, 72, 73, 74, 75, 76, 77, 78, 79, 80, 81, 82, 83, 84, 85, 86, 87, 88, 89, 90, 91, 92, 93, 94, 95, 96, 97, 98, 99, 100, 101, 102, 103, 104, 105, 106, 107, 108, 109, 110, 111, 112, 113, 114, 115, 116, 117, 118, 119, 120, 121, 122, 123, 124, 125, 126, 127]",251636.0,250247,121,251757.0,121,251757.0,False,251757.0
35550,execution_finished,64,"[64, 65, 66, 67, 68, 69, 70, 71, 72, 73, 74, 75, 76, 77, 78, 79, 80, 81, 82, 83, 84, 85, 86, 87, 88, 89, 90, 91, 92, 93, 94, 95, 96, 97, 98, 99, 100, 101, 102, 103, 104, 105, 106, 107, 108, 109, 110, 111, 112, 113, 114, 115, 116, 117, 118, 119, 120, 121, 122, 123, 124, 125, 126, 127]",251757.0,250413,130,251887.0,130,251887.0,False,251887.0
35553,execution_finished,64,"[64, 65, 66, 67, 68, 69, 70, 71, 72, 73, 74, 75, 76, 77, 78, 79, 80, 81, 82, 83, 84, 85, 86, 87, 88, 89, 90, 91, 92, 93, 94, 95, 96, 97, 98, 99, 100, 101, 102, 103, 104, 105, 106, 107, 108, 109, 110, 111, 112, 113, 114, 115, 116, 117, 118, 119, 120, 121, 122, 123, 124, 125, 126, 127]",251887.0,250581,127,252014.0,127,252014.0,False,252014.0
35577,execution_finished,1,[91],252014.0,251624,27,252041.0,27,252041.0,False,252041.0
35578,execution_finished,4,"[90, 89, 88, 87]",252014.0,251661,83,252097.0,83,252097.0,False,252097.0
35585,execution_finished,4,"[90, 89, 88, 87]",252097.0,252088,125,252222.0,125,252222.0,False,252222.0
35589,execution_finished,1,[90],252222.0,252173,28,252250.0,28,252250.0,False,252250.0
35568,execution_finished,16,"[123, 122, 121, 120, 119, 118, 117, 116, 115, 114, 113, 112, 111, 110, 109, 108]",252014.0,251173,266,252280.0,266,252280.0,False,252280.0
35564,execution_finished,4,"[127, 126, 125, 124]",252014.0,251060,273,252287.0,273,252287.0,False,252287.0
35573,execution_finished,16,"[107, 106, 105, 104, 103, 102, 101, 100, 99, 98, 97, 96, 95, 94, 93, 92]",252014.0,251471,279,252293.0,279,252293.0,False,252293.0
35581,execution_finished,16,"[91, 86, 85, 84, 83, 82, 81, 80, 79, 78, 77, 76, 75, 74, 73, 72]",252041.0,251810,273,252314.0,273,252314.0,False,252314.0
35590,execution_finished,4,"[90, 89, 88, 87]",252250.0,252216,76,252326.0,76,252326.0,False,252326.0
35554,execution_finished,8,"[64, 65, 66, 67, 68, 69, 70, 71]",252014.0,250668,462,252476.0,462,252476.0,False,252476.0
35493,execution_finished,64,"[0, 1, 2, 3, 4, 5, 6, 7, 8, 9, 10, 11, 12, 13, 14, 15, 16, 17, 18, 19, 20, 21, 22, 23, 24, 25, 26, 27, 28, 29, 30, 31, 32, 33, 34, 35, 36, 37, 38, 39, 40, 41, 42, 43, 44, 45, 46, 47, 48, 49, 50, 51, 52, 53, 54, 55, 56, 57, 58, 59, 60, 61, 62, 63]",247340.0,244640,5162,252502.0,5162,252502.0,False,252502.0
35556,execution_finished,64,"[108, 109, 110, 111, 112, 113, 114, 115, 116, 117, 118, 119, 120, 121, 122, 123, 124, 125, 126, 127, 92, 93, 94, 95, 96, 97, 98, 99, 100, 101, 102, 103, 104, 105, 106, 107, 72, 73, 74, 75, 76, 77, 78, 79, 80, 81, 82, 83, 84, 85, 86, 91, 87, 88, 89, 90, 64, 65, 66, 67, 68, 69, 70, 71]",252476.0,250760,122,252598.0,122,252598.0,False,252598.0
35562,execution_finished,64,"[64, 65, 66, 67, 68, 69, 70, 71, 72, 73, 74, 75, 76, 77, 78, 79, 80, 81, 82, 83, 84, 85, 86, 87, 88, 89, 90, 91, 92, 93, 94, 95, 96, 97, 98, 99, 100, 101, 102, 103, 104, 105, 106, 107, 108, 109, 110, 111, 112, 113, 114, 115, 116, 117, 118, 119, 120, 121, 122, 123, 124, 125, 126, 127]",252598.0,250944,75,252673.0,75,252673.0,False,252673.0
35565,execution_finished,64,"[64, 65, 66, 67, 68, 69, 70, 71, 72, 73, 74, 75, 76, 77, 78, 79, 80, 81, 82, 83, 84, 85, 86, 87, 88, 89, 90, 91, 92, 93, 94, 95, 96, 97, 98, 99, 100, 101, 102, 103, 104, 105, 106, 107, 108, 109, 110, 111, 112, 113, 114, 115, 116, 117, 118, 119, 120, 121, 122, 123, 124, 125, 126, 127]",252673.0,251065,40,252713.0,40,252713.0,False,252713.0
35567,execution_finished,64,"[64, 65, 66, 67, 68, 69, 70, 71, 72, 73, 74, 75, 76, 77, 78, 79, 80, 81, 82, 83, 84, 85, 86, 87, 88, 89, 90, 91, 92, 93, 94, 95, 96, 97, 98, 99, 100, 101, 102, 103, 104, 105, 106, 107, 108, 109, 110, 111, 112, 113, 114, 115, 116, 117, 118, 119, 120, 121, 122, 123, 124, 125, 126, 127]",252713.0,251141,39,252752.0,39,252752.0,False,252752.0
35569,execution_finished,64,"[64, 65, 66, 67, 68, 69, 70, 71, 72, 73, 74, 75, 76, 77, 78, 79, 80, 81, 82, 83, 84, 85, 86, 87, 88, 89, 90, 91, 92, 93, 94, 95, 96, 97, 98, 99, 100, 101, 102, 103, 104, 105, 106, 107, 108, 109, 110, 111, 112, 113, 114, 115, 116, 117, 118, 119, 120, 121, 122, 123, 124, 125, 126, 127]",252752.0,251225,31,252783.0,31,252783.0,False,252783.0
35570,execution_finished,64,"[64, 65, 66, 67, 68, 69, 70, 71, 72, 73, 74, 75, 76, 77, 78, 79, 80, 81, 82, 83, 84, 85, 86, 87, 88, 89, 90, 91, 92, 93, 94, 95, 96, 97, 98, 99, 100, 101, 102, 103, 104, 105, 106, 107, 108, 109, 110, 111, 112, 113, 114, 115, 116, 117, 118, 119, 120, 121, 122, 123, 124, 125, 126, 127]",252783.0,251287,32,252815.0,32,252815.0,False,252815.0
35571,execution_finished,64,"[64, 65, 66, 67, 68, 69, 70, 71, 72, 73, 74, 75, 76, 77, 78, 79, 80, 81, 82, 83, 84, 85, 86, 87, 88, 89, 90, 91, 92, 93, 94, 95, 96, 97, 98, 99, 100, 101, 102, 103, 104, 105, 106, 107, 108, 109, 110, 111, 112, 113, 114, 115, 116, 117, 118, 119, 120, 121, 122, 123, 124, 125, 126, 127]",252815.0,251353,36,252851.0,36,252851.0,False,252851.0
35572,execution_finished,64,"[64, 65, 66, 67, 68, 69, 70, 71, 72, 73, 74, 75, 76, 77, 78, 79, 80, 81, 82, 83, 84, 85, 86, 87, 88, 89, 90, 91, 92, 93, 94, 95, 96, 97, 98, 99, 100, 101, 102, 103, 104, 105, 106, 107, 108, 109, 110, 111, 112, 113, 114, 115, 116, 117, 118, 119, 120, 121, 122, 123, 124, 125, 126, 127]",252851.0,251420,37,252888.0,37,252888.0,False,252888.0
35574,execution_finished,64,"[64, 65, 66, 67, 68, 69, 70, 71, 72, 73, 74, 75, 76, 77, 78, 79, 80, 81, 82, 83, 84, 85, 86, 87, 88, 89, 90, 91, 92, 93, 94, 95, 96, 97, 98, 99, 100, 101, 102, 103, 104, 105, 106, 107, 108, 109, 110, 111, 112, 113, 114, 115, 116, 117, 118, 119, 120, 121, 122, 123, 124, 125, 126, 127]",252888.0,251511,41,252929.0,41,252929.0,False,252929.0
35579,execution_finished,32,"[32, 33, 34, 35, 36, 37, 38, 39, 40, 41, 42, 43, 44, 45, 46, 47, 48, 49, 50, 51, 52, 53, 54, 55, 56, 57, 58, 59, 60, 61, 62, 63]",252502.0,251726,434,252936.0,434,252936.0,False,252936.0
35576,execution_finished,64,"[64, 65, 66, 67, 68, 69, 70, 71, 72, 73, 74, 75, 76, 77, 78, 79, 80, 81, 82, 83, 84, 85, 86, 87, 88, 89, 90, 91, 92, 93, 94, 95, 96, 97, 98, 99, 100, 101, 102, 103, 104, 105, 106, 107, 108, 109, 110, 111, 112, 113, 114, 115, 116, 117, 118, 119, 120, 121, 122, 123, 124, 125, 126, 127]",252929.0,251598,23,252952.0,23,252952.0,False,252952.0
35580,execution_finished,64,"[64, 65, 66, 67, 68, 69, 70, 71, 72, 73, 74, 75, 76, 77, 78, 79, 80, 81, 82, 83, 84, 85, 86, 87, 88, 89, 90, 91, 92, 93, 94, 95, 96, 97, 98, 99, 100, 101, 102, 103, 104, 105, 106, 107, 108, 109, 110, 111, 112, 113, 114, 115, 116, 117, 118, 119, 120, 121, 122, 123, 124, 125, 126, 127]",252952.0,251809,37,252989.0,37,252989.0,False,252989.0
35582,execution_finished,64,"[64, 65, 66, 67, 68, 69, 70, 71, 72, 73, 74, 75, 76, 77, 78, 79, 80, 81, 82, 83, 84, 85, 86, 87, 88, 89, 90, 91, 92, 93, 94, 95, 96, 97, 98, 99, 100, 101, 102, 103, 104, 105, 106, 107, 108, 109, 110, 111, 112, 113, 114, 115, 116, 117, 118, 119, 120, 121, 122, 123, 124, 125, 126, 127]",252989.0,251912,49,253038.0,49,253038.0,False,253038.0
35583,execution_finished,64,"[64, 65, 66, 67, 68, 69, 70, 71, 72, 73, 74, 75, 76, 77, 78, 79, 80, 81, 82, 83, 84, 85, 86, 87, 88, 89, 90, 91, 92, 93, 94, 95, 96, 97, 98, 99, 100, 101, 102, 103, 104, 105, 106, 107, 108, 109, 110, 111, 112, 113, 114, 115, 116, 117, 118, 119, 120, 121, 122, 123, 124, 125, 126, 127]",253038.0,251980,41,253079.0,41,253079.0,False,253079.0
35584,execution_finished,64,"[64, 65, 66, 67, 68, 69, 70, 71, 72, 73, 74, 75, 76, 77, 78, 79, 80, 81, 82, 83, 84, 85, 86, 87, 88, 89, 90, 91, 92, 93, 94, 95, 96, 97, 98, 99, 100, 101, 102, 103, 104, 105, 106, 107, 108, 109, 110, 111, 112, 113, 114, 115, 116, 117, 118, 119, 120, 121, 122, 123, 124, 125, 126, 127]",253079.0,252070,39,253118.0,39,253118.0,False,253118.0
35588,execution_finished,64,"[64, 65, 66, 67, 68, 69, 70, 71, 72, 73, 74, 75, 76, 77, 78, 79, 80, 81, 82, 83, 84, 85, 86, 87, 88, 89, 90, 91, 92, 93, 94, 95, 96, 97, 98, 99, 100, 101, 102, 103, 104, 105, 106, 107, 108, 109, 110, 111, 112, 113, 114, 115, 116, 117, 118, 119, 120, 121, 122, 123, 124, 125, 126, 127]",253118.0,252171,60,253178.0,60,253178.0,False,253178.0
35587,execution_finished,16,"[32, 33, 34, 35, 36, 37, 38, 39, 40, 41, 42, 43, 44, 45, 46, 47]",252936.0,252132,274,253210.0,274,253210.0,False,253210.0
35596,execution_finished,16,"[48, 49, 50, 51, 52, 53, 54, 55, 56, 57, 58, 59, 60, 61, 62, 63]",252936.0,252476,276,253212.0,276,253212.0,False,253212.0
35591,execution_finished,64,"[64, 65, 66, 67, 68, 69, 70, 71, 72, 73, 74, 75, 76, 77, 78, 79, 80, 81, 82, 83, 84, 85, 86, 87, 88, 89, 90, 91, 92, 93, 94, 95, 96, 97, 98, 99, 100, 101, 102, 103, 104, 105, 106, 107, 108, 109, 110, 111, 112, 113, 114, 115, 116, 117, 118, 119, 120, 121, 122, 123, 124, 125, 126, 127]",253178.0,252273,36,253214.0,36,253214.0,False,253214.0
35601,execution_finished,1,[32],253210.0,252607,10,253220.0,10,253220.0,False,253220.0
35592,execution_finished,64,"[53, 54, 55, 56, 57, 58, 59, 60, 61, 62, 63, 64, 65, 66, 67, 68, 69, 70, 71, 72, 73, 74, 75, 76, 77, 78, 79, 80, 81, 82, 83, 84, 85, 86, 87, 88, 89, 90, 91, 92, 93, 94, 95, 96, 97, 98, 99, 100, 101, 102, 103, 104, 105, 106, 107, 108, 109, 110, 111, 112, 113, 114, 115, 116]",253214.0,252350,37,253251.0,37,253251.0,False,253251.0
35593,execution_finished,64,"[117, 118, 119, 120, 121, 122, 123, 124, 125, 126, 127, 32, 53, 54, 55, 56, 57, 58, 59, 60, 61, 62, 63, 64, 65, 66, 67, 68, 69, 70, 71, 72, 73, 74, 75, 76, 77, 78, 79, 80, 81, 82, 83, 84, 85, 86, 87, 88, 89, 90, 91, 92, 93, 94, 95, 96, 97, 98, 99, 100, 101, 102, 103, 104]",253251.0,252410,1,253252.0,1,253252.0,False,253252.0
35558,execution_finished,32,"[0, 1, 2, 3, 4, 5, 6, 7, 8, 9, 10, 11, 12, 13, 14, 15, 16, 17, 18, 19, 20, 21, 22, 23, 24, 25, 26, 27, 28, 29, 30, 31]",252502.0,250786,756,253258.0,756,253258.0,False,253258.0
35610,execution_finished,4,"[33, 34, 35, 36]",253210.0,252897,72,253282.0,72,253282.0,False,253282.0
35594,execution_finished,64,"[105, 106, 107, 108, 109, 110, 111, 112, 113, 114, 115, 116, 32, 53, 54, 55, 56, 57, 58, 59, 60, 61, 62, 63, 64, 65, 66, 67, 68, 69, 70, 71, 72, 73, 74, 75, 76, 77, 78, 79, 80, 81, 82, 83, 84, 85, 86, 87, 88, 89, 90, 91, 92, 93, 94, 95, 96, 97, 98, 99, 100, 101, 102, 103]",253252.0,252418,31,253283.0,31,253283.0,False,253283.0
35597,execution_finished,64,"[20, 21, 22, 23, 24, 25, 26, 27, 28, 29, 30, 31, 33, 34, 35, 36, 32, 53, 54, 55, 56, 57, 58, 59, 60, 61, 62, 63, 64, 65, 66, 67, 68, 69, 70, 71, 72, 73, 74, 75, 76, 77, 78, 79, 80, 81, 82, 83, 84, 85, 86, 87, 88, 89, 90, 91, 92, 93, 94, 95, 96, 97, 98, 99]",253283.0,252489,46,253329.0,46,253329.0,False,253329.0
35599,execution_finished,64,"[100, 101, 102, 103, 105, 106, 107, 108, 109, 110, 111, 112, 113, 114, 115, 116, 20, 21, 22, 23, 24, 25, 26, 27, 28, 29, 30, 31, 32, 33, 34, 35, 36, 53, 54, 55, 56, 57, 58, 59, 60, 61, 62, 63, 64, 65, 66, 67, 68, 69, 70, 71, 72, 73, 74, 75, 76, 77, 78, 79, 80, 81, 82, 83]",253329.0,252565,34,253363.0,34,253363.0,False,253363.0
35603,execution_finished,64,"[84, 85, 86, 87, 88, 89, 90, 91, 92, 93, 94, 95, 96, 97, 98, 99, 20, 21, 22, 23, 24, 25, 26, 27, 28, 29, 30, 31, 32, 33, 34, 35, 36, 53, 54, 55, 56, 57, 58, 59, 60, 61, 62, 63, 64, 65, 66, 67, 68, 69, 70, 71, 72, 73, 74, 75, 76, 77, 78, 79, 80, 81, 82, 83]",253363.0,252633,41,253404.0,41,253404.0,False,253404.0
35605,execution_finished,64,"[100, 101, 102, 103, 105, 106, 107, 108, 109, 110, 111, 112, 113, 114, 115, 116, 20, 21, 22, 23, 24, 25, 26, 27, 28, 29, 30, 31, 32, 33, 34, 35, 36, 53, 54, 55, 56, 57, 58, 59, 60, 61, 62, 63, 64, 65, 66, 67, 68, 69, 70, 71, 72, 73, 74, 75, 76, 77, 78, 79, 80, 81, 82, 83]",253404.0,252720,53,253457.0,53,253457.0,False,253457.0
35606,execution_finished,32,"[104, 117, 118, 119, 120, 121, 122, 123, 124, 125, 126, 127, 0, 1, 2, 3, 4, 5, 6, 7, 8, 9, 10, 11, 12, 13, 14, 15, 16, 17, 18, 19]",253258.0,252721,204,253462.0,204,253462.0,False,253462.0
35613,execution_finished,1,[16],253465.0,253465,14,253479.0,14,253479.0,False,253479.0
35608,execution_finished,16,"[37, 38, 39, 40, 41, 42, 43, 44, 45, 46, 47, 48, 49, 50, 51, 52]",253212.0,252806,285,253497.0,285,253497.0,False,253497.0
35609,execution_finished,64,"[84, 85, 86, 87, 88, 89, 90, 91, 92, 93, 94, 95, 96, 97, 98, 99, 20, 21, 22, 23, 24, 25, 26, 27, 28, 29, 30, 31, 32, 33, 34, 35, 36, 53, 54, 55, 56, 57, 58, 59, 60, 61, 62, 63, 64, 65, 66, 67, 68, 69, 70, 71, 72, 73, 74, 75, 76, 77, 78, 79, 80, 81, 82, 83]",253457.0,252858,61,253518.0,61,253518.0,False,253518.0
35615,execution_finished,1,[117],253633.0,253633,8,253641.0,8,253641.0,False,253641.0
35614,execution_finished,4,"[17, 18, 19, 104]",253567.0,253567,189,253756.0,189,253756.0,False,253756.0
35618,execution_finished,16,"[25, 26, 27, 28, 29, 30, 31, 32, 33, 34, 35, 36, 53, 54, 55, 56]",253765.0,253765,88,253853.0,88,253853.0,False,253853.0
35611,execution_finished,32,"[100, 101, 102, 103, 105, 106, 107, 108, 109, 110, 111, 112, 113, 114, 115, 116, 0, 1, 2, 3, 4, 5, 6, 7, 8, 9, 10, 11, 12, 13, 14, 15]",253462.0,253053,411,253873.0,411,253873.0,False,253873.0
35617,execution_finished,32,"[118, 119, 120, 121, 122, 123, 124, 125, 126, 127, 16, 37, 38, 39, 40, 41, 42, 43, 44, 45, 46, 47, 48, 49, 50, 51, 52, 20, 21, 22, 23, 24]",253694.0,253694,256,253950.0,256,253950.0,False,253950.0
35624,execution_finished,64,"[17, 18, 19, 104, 25, 26, 27, 28, 29, 30, 31, 32, 33, 34, 35, 36, 53, 54, 55, 56, 0, 1, 2, 3, 4, 5, 6, 7, 8, 9, 10, 11, 12, 13, 14, 15, 100, 101, 102, 103, 105, 106, 107, 108, 109, 110, 111, 112, 113, 114, 115, 116, 16, 20, 21, 22, 23, 24, 37, 38, 39, 40, 41, 42]",254279.0,254279,116,254395.0,116,254395.0,False,254395.0
35626,execution_finished,4,"[43, 44, 45, 46]",254364.0,254364,86,254450.0,86,254450.0,False,254450.0
35627,execution_finished,1,[47],254467.0,254467,21,254488.0,21,254488.0,False,254488.0
35620,execution_finished,32,"[57, 58, 59, 60, 61, 62, 63, 64, 65, 66, 67, 68, 69, 70, 71, 72, 73, 74, 75, 76, 77, 78, 79, 80, 81, 82, 83, 84, 85, 86, 87, 88]",254076.0,254076,456,254532.0,456,254532.0,False,254532.0
35628,execution_finished,4,"[48, 49, 50, 51]",254513.0,254513,28,254541.0,28,254541.0,False,254541.0
35629,execution_finished,1,[52],254534.0,254534,18,254552.0,18,254552.0,False,254552.0
35630,execution_finished,8,"[0, 1, 2, 3, 4, 5, 6, 7]",254554.0,254554,35,254589.0,35,254589.0,False,254589.0
35631,execution_finished,4,"[8, 9, 10, 11]",254711.0,254711,23,254734.0,23,254734.0,False,254734.0
35634,execution_finished,1,[47],255060.0,255060,8,255068.0,8,255068.0,False,255068.0
35633,execution_finished,4,"[12, 13, 14, 15]",254906.0,254906,231,255137.0,231,255137.0,False,255137.0
35635,execution_finished,1,[48],255136.0,255136,7,255143.0,7,255143.0,False,255143.0
35637,execution_finished,8,"[89, 90, 91, 92, 93, 94, 95, 96]",258618.0,255391,2,258620.0,2,258620.0,False,258620.0
35671,execution_finished,4,"[93, 94, 95, 96]",258620.0,257664,149,258769.0,149,258769.0,False,258769.0
35684,execution_finished,4,"[93, 94, 95, 96]",258769.0,258383,85,258854.0,85,258854.0,False,258854.0
35638,execution_finished,8,"[97, 98, 99, 117, 118, 119, 120, 121]",259050.0,255419,28,259078.0,28,259078.0,False,259078.0
35670,execution_finished,8,"[93, 94, 95, 96, 97, 98, 99, 117]",259078.0,257648,59,259137.0,59,259137.0,False,259137.0
35672,execution_finished,8,"[118, 119, 120, 121, 93, 94, 95, 96]",259137.0,257704,26,259163.0,26,259163.0,False,259163.0
35674,execution_finished,8,"[97, 98, 99, 117, 93, 94, 95, 96]",259163.0,257818,30,259193.0,30,259193.0,False,259193.0
35676,execution_finished,8,"[118, 119, 120, 121, 93, 94, 95, 96]",259193.0,258013,43,259236.0,43,259236.0,False,259236.0
35678,execution_finished,8,"[97, 98, 99, 117, 93, 94, 95, 96]",259236.0,258069,31,259267.0,31,259267.0,False,259267.0
35679,execution_finished,8,"[118, 119, 120, 121, 93, 94, 95, 96]",259267.0,258229,54,259321.0,54,259321.0,False,259321.0
35680,execution_finished,8,"[97, 98, 99, 117, 93, 94, 95, 96]",259321.0,258278,27,259348.0,27,259348.0,False,259348.0
35644,execution_finished,32,"[24, 25, 26, 27, 28, 29, 30, 31, 32, 33, 34, 35, 36, 37, 38, 39, 40, 41, 42, 53, 54, 55, 56, 100, 101, 102, 103, 104, 105, 106, 107, 108]",259495.0,255724,29,259524.0,29,259524.0,False,259524.0
35648,execution_finished,32,"[97, 98, 99, 117, 24, 25, 26, 27, 28, 29, 30, 31, 32, 33, 34, 35, 36, 37, 38, 39, 40, 41, 42, 53, 54, 55, 56, 100, 101, 102, 103, 104]",259524.0,255884,26,259550.0,26,259550.0,False,259550.0
35639,execution_finished,8,"[16, 17, 18, 19, 20, 21, 22, 23]",259495.0,255447,70,259565.0,70,259565.0,False,259565.0
35651,execution_finished,32,"[105, 106, 107, 108, 24, 25, 26, 27, 28, 29, 30, 31, 32, 33, 34, 35, 36, 37, 38, 39, 40, 41, 42, 53, 54, 55, 56, 97, 98, 99, 100, 101]",259550.0,256372,26,259576.0,26,259576.0,False,259576.0
35701,execution_finished,8,"[102, 103, 104, 117, 16, 17, 18, 19]",259565.0,259309,87,259652.0,87,259652.0,False,259652.0
35646,execution_finished,32,"[43, 44, 45, 46, 57, 58, 59, 60, 61, 62, 63, 64, 65, 66, 67, 68, 69, 70, 71, 72, 73, 74, 75, 76, 77, 78, 79, 80, 81, 82, 83, 84]",259632.0,255773,25,259657.0,25,259657.0,False,259657.0
35681,execution_finished,8,"[118, 119, 120, 121, 93, 94, 95, 96]",259348.0,258330,324,259672.0,324,259672.0,False,259672.0
35654,execution_finished,32,"[105, 106, 107, 108, 16, 17, 18, 19, 102, 103, 104, 117, 43, 44, 45, 46, 57, 58, 59, 60, 61, 62, 63, 64, 65, 66, 67, 68, 69, 70, 71, 72]",259657.0,256617,28,259685.0,28,259685.0,False,259685.0
35657,execution_finished,16,"[73, 74, 75, 76, 77, 78, 79, 80, 81, 82, 83, 84, 93, 94, 95, 96]",259672.0,256744,25,259697.0,25,259697.0,False,259697.0
35655,execution_finished,32,"[118, 119, 120, 121, 16, 17, 18, 19, 43, 44, 45, 46, 57, 58, 59, 60, 61, 62, 63, 64, 65, 66, 67, 68, 69, 70, 71, 72, 102, 103, 104, 105]",259685.0,256677,26,259711.0,26,259711.0,False,259711.0
35664,execution_finished,16,"[106, 107, 108, 117, 73, 74, 75, 76, 77, 78, 79, 80, 81, 82, 83, 84]",259697.0,257215,26,259723.0,26,259723.0,False,259723.0
35658,execution_finished,32,"[93, 94, 95, 96, 16, 17, 18, 19, 43, 44, 45, 46, 57, 58, 59, 60, 61, 62, 63, 64, 65, 66, 67, 68, 69, 70, 71, 72, 102, 103, 104, 105]",259711.0,256918,26,259737.0,26,259737.0,False,259737.0
35668,execution_finished,16,"[118, 119, 120, 121, 73, 74, 75, 76, 77, 78, 79, 80, 81, 82, 83, 84]",259723.0,257432,27,259750.0,27,259750.0,False,259750.0
35661,execution_finished,32,"[106, 107, 108, 117, 16, 17, 18, 19, 43, 44, 45, 46, 57, 58, 59, 60, 61, 62, 63, 64, 65, 66, 67, 68, 69, 70, 71, 72, 93, 94, 95, 96]",259737.0,257115,31,259768.0,31,259768.0,False,259768.0
35669,execution_finished,16,"[102, 103, 104, 105, 73, 74, 75, 76, 77, 78, 79, 80, 81, 82, 83, 84]",259750.0,257568,26,259776.0,26,259776.0,False,259776.0
35688,execution_finished,16,"[121, 120, 119, 118, 117, 108, 107, 106, 96, 95, 94, 93, 72, 71, 70, 69]",259768.0,258540,17,259785.0,17,259785.0,False,259785.0
35686,execution_finished,16,"[16, 17, 18, 19, 43, 44, 45, 46, 57, 58, 59, 60, 61, 62, 63, 64]",259768.0,258430,21,259789.0,21,259789.0,False,259789.0
35693,execution_finished,16,"[65, 66, 67, 68, 73, 74, 75, 76, 77, 78, 79, 80, 81, 82, 83, 84]",259776.0,258750,14,259790.0,14,259790.0,False,259790.0
35697,execution_finished,16,"[102, 103, 104, 105, 69, 70, 71, 72, 93, 94, 95, 96, 106, 107, 108, 117]",259785.0,258924,32,259817.0,32,259817.0,False,259817.0
35687,execution_finished,32,"[121, 120, 119, 118, 84, 83, 82, 81, 80, 79, 78, 77, 76, 75, 74, 73, 68, 67, 66, 65, 64, 63, 62, 61, 60, 59, 58, 57, 46, 45, 44, 43]",259790.0,258457,41,259831.0,41,259831.0,False,259831.0
35691,execution_finished,32,"[121, 120, 119, 118, 117, 108, 107, 106, 105, 104, 103, 102, 96, 95, 94, 93, 84, 83, 82, 81, 80, 79, 78, 77, 76, 75, 74, 73, 72, 71, 70, 69]",259831.0,258733,10,259841.0,10,259841.0,False,259841.0
35647,execution_finished,32,"[0, 1, 2, 3, 4, 5, 6, 7, 8, 9, 10, 11, 49, 50, 51, 52, 85, 86, 87, 88, 109, 110, 111, 112, 113, 114, 115, 116, 122, 123, 124, 125]",259834.0,255806,26,259860.0,26,259860.0,False,259860.0
35673,execution_finished,64,"[16, 17, 18, 19, 43, 44, 45, 46, 57, 58, 59, 60, 61, 62, 63, 64, 65, 66, 67, 68, 69, 70, 71, 72, 73, 74, 75, 76, 77, 78, 79, 80, 81, 82, 83, 84, 93, 94, 95, 96, 102, 103, 104, 105, 106, 107, 108, 117, 118, 119, 120, 121, 0, 1, 2, 3, 4, 5, 6, 7, 8, 9, 10, 11]",259860.0,257798,178,260038.0,178,260038.0,False,260038.0
35692,execution_finished,32,"[121, 120, 119, 118, 117, 108, 107, 106, 105, 104, 103, 102, 96, 95, 94, 93, 84, 83, 82, 81, 80, 79, 78, 77, 76, 75, 74, 73, 72, 71, 70, 69]",260038.0,258742,22,260060.0,22,260060.0,False,260060.0
35699,execution_finished,32,"[121, 120, 119, 118, 117, 108, 107, 106, 105, 104, 103, 102, 96, 95, 94, 93, 84, 83, 82, 81, 80, 79, 78, 77, 76, 75, 74, 73, 72, 71, 70, 69]",260060.0,258974,45,260105.0,45,260105.0,False,260105.0
35705,execution_finished,1,[16],260095.0,260095,24,260119.0,24,260119.0,False,260119.0
35677,execution_finished,32,"[49, 50, 51, 52, 85, 86, 87, 88, 109, 110, 111, 112, 113, 114, 115, 116, 122, 123, 124, 125, 0, 1, 2, 3, 4, 5, 6, 7, 8, 9, 10, 11]",260038.0,258066,127,260165.0,127,260165.0,False,260165.0
35683,execution_finished,64,"[17, 18, 19, 43, 44, 45, 46, 57, 58, 59, 60, 61, 62, 63, 64, 65, 66, 67, 68, 69, 70, 71, 72, 73, 74, 75, 76, 77, 78, 79, 80, 81, 82, 83, 84, 93, 94, 95, 96, 102, 103, 104, 105, 106, 107, 108, 117, 118, 119, 120, 121, 16, 0, 1, 2, 3, 4, 5, 6, 7, 8, 9, 10, 11]",260165.0,258378,29,260194.0,29,260194.0,False,260194.0
35704,execution_finished,32,"[121, 120, 119, 118, 117, 108, 107, 106, 105, 104, 103, 102, 96, 95, 94, 93, 84, 83, 82, 81, 80, 79, 78, 77, 76, 75, 74, 73, 72, 71, 70, 69]",260194.0,260003,118,260312.0,118,260312.0,False,260312.0
35708,execution_finished,16,"[16, 17, 18, 19, 43, 44, 45, 46, 57, 58, 59, 60, 61, 62, 63, 64]",260272.0,260272,87,260359.0,87,260359.0,False,260359.0
35685,execution_finished,32,"[49, 50, 51, 52, 85, 86, 87, 88, 109, 110, 111, 112, 113, 114, 115, 116, 122, 123, 124, 125, 0, 1, 2, 3, 4, 5, 6, 7, 8, 9, 10, 11]",260194.0,258423,239,260433.0,239,260433.0,False,260433.0
35690,execution_finished,64,"[65, 66, 67, 68, 69, 70, 71, 72, 73, 74, 75, 76, 77, 78, 79, 80, 81, 82, 83, 84, 93, 94, 95, 96, 102, 103, 104, 105, 106, 107, 108, 117, 118, 119, 120, 121, 16, 17, 18, 19, 43, 44, 45, 46, 57, 58, 59, 60, 61, 62, 63, 64, 0, 1, 2, 3, 4, 5, 6, 7, 8, 9, 10, 11]",260433.0,258710,12,260445.0,12,260445.0,False,260445.0
35711,execution_finished,1,[102],260660.0,260660,15,260675.0,15,260675.0,False,260675.0
35709,execution_finished,8,"[81, 82, 83, 84, 93, 94, 95, 96]",260660.0,260474,89,260749.0,89,260749.0,False,260749.0
35713,execution_finished,1,[104],260763.0,260763,9,260772.0,9,260772.0,False,260772.0
35712,execution_finished,1,[103],260763.0,260738,22,260785.0,22,260785.0,False,260785.0
35715,execution_finished,1,[105],260916.0,260916,21,260937.0,21,260937.0,False,260937.0
35717,execution_finished,1,[106],261043.0,261043,29,261072.0,29,261072.0,False,261072.0
35719,execution_finished,1,[102],261110.0,261110,32,261142.0,32,261142.0,False,261142.0
35649,execution_finished,4,"[12, 13, 14, 15]",261320.0,255940,27,261347.0,27,261347.0,False,261347.0
35722,execution_finished,1,[82],261316.0,261316,75,261391.0,75,261391.0,False,261391.0
35723,execution_finished,1,[105],261415.0,261415,28,261443.0,28,261443.0,False,261443.0
35695,execution_finished,32,"[49, 50, 51, 52, 85, 86, 87, 88, 109, 110, 111, 112, 113, 114, 115, 116, 122, 123, 124, 125, 0, 1, 2, 3, 4, 5, 6, 7, 8, 9, 10, 11]",260445.0,258805,1046,261491.0,1046,261491.0,False,261491.0
35703,execution_finished,32,"[16, 17, 18, 19, 43, 44, 45, 46, 57, 58, 59, 60, 61, 62, 63, 64, 65, 66, 67, 68, 69, 70, 71, 72, 73, 74, 75, 76, 77, 78, 79, 80]",260445.0,259855,1099,261544.0,1099,261544.0,False,261544.0
35721,execution_finished,1,[81],261188.0,261188,384,261572.0,384,261572.0,False,261572.0
35724,execution_finished,4,"[106, 102, 12, 13]",261451.0,261451,137,261588.0,137,261588.0,False,261588.0
35714,execution_finished,32,"[124, 125, 16, 17, 18, 19, 43, 44, 45, 46, 57, 58, 59, 60, 61, 62, 63, 64, 65, 66, 67, 68, 69, 70, 71, 72, 73, 74, 75, 76, 77, 78]",261544.0,260809,131,261675.0,131,261675.0,False,261675.0
35707,execution_finished,32,"[82, 105, 0, 1, 2, 3, 4, 5, 6, 7, 8, 9, 10, 11, 49, 50, 51, 52, 85, 86, 87, 88, 109, 110, 111, 112, 113, 114, 115, 116, 122, 123]",261491.0,260189,469,261960.0,469,261960.0,False,261960.0
35730,execution_finished,4,"[74, 75, 76, 77]",261735.0,261721,374,262109.0,374,262109.0,False,262109.0
35733,execution_finished,4,"[116, 122, 123, 74]",262207.0,262125,68,262275.0,68,262275.0,False,262275.0
35716,execution_finished,32,"[79, 80, 81, 12, 13, 102, 106, 16, 17, 18, 19, 43, 44, 45, 46, 57, 58, 59, 60, 61, 62, 63, 64, 65, 66, 67, 68, 69, 70, 71, 72, 73]",261675.0,260967,668,262343.0,668,262343.0,False,262343.0
35731,execution_finished,8,"[75, 76, 77, 74, 116, 122, 123, 12]",262343.0,261735,22,262365.0,22,262365.0,False,262365.0
35726,execution_finished,2,"[14, 15]",261473.0,261473,1182,262655.0,1182,262655.0,False,262655.0
35737,execution_finished,4,"[74, 75, 76, 77]",262757.0,262757,150,262907.0,150,262907.0,False,262907.0
35738,execution_finished,2,"[116, 122]",262778.0,262778,132,262910.0,132,262910.0,False,262910.0
35734,execution_finished,32,"[13, 16, 17, 18, 19, 43, 44, 45, 46, 57, 58, 59, 60, 61, 62, 63, 64, 65, 66, 67, 68, 69, 70, 71, 72, 73, 79, 80, 81, 102, 106, 12]",262365.0,262207,672,263037.0,672,263037.0,False,263037.0
35720,execution_finished,32,"[78, 124, 125, 0, 1, 2, 3, 4, 5, 6, 7, 8, 9, 10, 11, 49, 50, 51, 52, 82, 85, 86, 87, 88, 105, 109, 110, 111, 112, 113, 114, 115]",261960.0,261173,1894,263854.0,1894,263854.0,False,263854.0
35748,execution_finished,4,"[0, 1, 2, 3]",263864.0,263864,44,263908.0,44,263908.0,False,263908.0
35750,execution_finished,1,[8],264068.0,264068,30,264098.0,30,264098.0,False,264098.0
35751,execution_finished,1,[9],264106.0,264106,44,264150.0,44,264150.0,False,264150.0
35752,execution_finished,1,[10],264133.0,264133,31,264164.0,31,264164.0,False,264164.0
35753,execution_finished,1,[11],264178.0,264178,36,264214.0,36,264214.0,False,264214.0
35749,execution_finished,4,"[4, 5, 6, 7]",264023.0,264023,198,264221.0,198,264221.0,False,264221.0
35756,execution_finished,2,"[11, 4]",264248.0,264248,139,264387.0,139,264387.0,False,264387.0
35755,execution_finished,4,"[3, 8, 9, 10]",264218.0,264218,170,264388.0,170,264388.0,False,264388.0
35758,execution_finished,1,[11],264387.0,264322,27,264414.0,27,264414.0,False,264414.0
35757,execution_finished,4,"[5, 6, 7, 4]",264387.0,264267,67,264454.0,67,264454.0,False,264454.0
35760,execution_finished,4,"[3, 8, 9, 10]",264604.0,264604,116,264720.0,116,264720.0,False,264720.0
35761,execution_finished,2,"[11, 4]",264625.0,264625,98,264723.0,98,264723.0,False,264723.0
35764,execution_finished,8,"[5, 6, 7, 3, 8, 9, 10, 4]",264801.0,264801,22,264823.0,22,264823.0,False,264823.0
35767,execution_finished,1,[11],264956.0,264956,22,264978.0,22,264978.0,False,264978.0
35768,execution_finished,1,[3],264983.0,264983,8,264991.0,8,264991.0,False,264991.0
35770,execution_finished,4,"[4, 5, 6, 7]",265031.0,265031,20,265051.0,20,265051.0,False,265051.0
35771,execution_finished,4,"[8, 9, 10, 11]",265106.0,265106,21,265127.0,21,265127.0,False,265127.0
35772,execution_finished,4,"[3, 4, 5, 6]",265165.0,265165,20,265185.0,20,265185.0,False,265185.0
35773,execution_finished,1,[7],265211.0,265211,17,265228.0,17,265228.0,False,265228.0
35774,execution_finished,1,[8],265230.0,265230,22,265252.0,22,265252.0,False,265252.0
35776,execution_finished,1,[8],265355.0,265355,7,265362.0,7,265362.0,False,265362.0
35775,execution_finished,8,"[9, 10, 11, 3, 4, 5, 6, 7]",265284.0,265284,85,265369.0,85,265369.0,False,265369.0
35739,execution_finished,32,"[14, 15, 74, 75, 76, 77, 116, 122, 12, 13, 16, 17, 18, 19, 43, 44, 45, 46, 57, 58, 59, 60, 61, 62, 63, 64, 65, 66, 67, 68, 69, 70]",263037.0,262882,2821,265858.0,2821,265858.0,False,265858.0
35780,execution_finished,8,"[68, 69, 70, 74, 75, 76, 77, 116]",266128.0,266128,88,266216.0,88,266216.0,False,266216.0
35781,execution_finished,8,"[122, 68, 69, 70, 74, 75, 76, 77]",266277.0,266277,105,266382.0,105,266382.0,False,266382.0
35785,execution_finished,1,[116],266458.0,266458,12,266470.0,12,266470.0,False,266470.0
35745,execution_finished,4,"[83, 84, 93, 94]",266467.0,263767,175,266642.0,175,266642.0,False,266642.0
35747,execution_finished,2,"[95, 96]",266488.0,263788,428,266916.0,428,266916.0,False,266916.0
35792,execution_finished,1,[94],266982.0,266693,15,266997.0,15,266997.0,False,266997.0
35793,execution_finished,1,[93],266982.0,266726,15,266997.0,15,266997.0,False,266997.0
35794,execution_finished,1,[84],266982.0,266776,15,266997.0,15,266997.0,False,266997.0
35791,execution_finished,1,[95],266982.0,266648,21,267003.0,21,267003.0,False,267003.0
35788,execution_finished,1,[116],266982.0,266514,28,267010.0,28,267010.0,False,267010.0
35789,execution_finished,1,[96],266982.0,266529,62,267044.0,62,267044.0,False,267044.0
35754,execution_finished,32,"[103, 104, 107, 108, 117, 118, 119, 120, 121, 49, 50, 51, 52, 78, 82, 85, 86, 87, 88, 105, 109, 110, 111, 112, 113, 114, 115, 124, 125, 0, 1, 2]",266908.0,264208,1898,268806.0,1898,268806.0,False,268806.0
35778,execution_finished,32,"[8, 3, 4, 5, 6, 7, 9, 10, 11, 12, 13, 14, 15, 16, 17, 18, 19, 43, 44, 45, 46, 57, 58, 59, 60, 61, 62, 63, 64, 65, 66, 67]",265858.0,265832,2960,268818.0,2960,268818.0,False,268818.0
35802,execution_finished,32,"[67, 66, 65, 64, 63, 62, 61, 60, 59, 58, 57, 46, 45, 44, 43, 19, 18, 17, 16, 15, 14, 13, 12, 11, 10, 9, 8, 7, 6, 5, 4, 3]",268818.0,268055,51,268869.0,51,268869.0,False,268869.0
35805,execution_finished,32,"[67, 66, 65, 64, 63, 62, 61, 60, 59, 58, 57, 46, 45, 44, 43, 19, 18, 17, 16, 15, 14, 13, 12, 11, 10, 9, 8, 7, 6, 5, 4, 3]",268869.0,268635,84,268953.0,84,268953.0,False,268953.0
35807,execution_finished,8,"[67, 66, 65, 64, 63, 62, 61, 60]",268953.0,268890,145,269098.0,145,269098.0,False,269098.0
35808,execution_finished,32,"[67, 66, 65, 64, 63, 62, 61, 60, 59, 58, 57, 46, 45, 44, 43, 19, 18, 17, 16, 15, 14, 13, 12, 11, 10, 9, 8, 7, 6, 5, 4, 3]",269098.0,268905,84,269182.0,84,269182.0,False,269182.0
35812,execution_finished,16,"[67, 66, 65, 64, 63, 62, 61, 60, 59, 58, 57, 46, 45, 44, 43, 19]",269450.0,269450,90,269540.0,90,269540.0,False,269540.0
35816,execution_finished,8,"[67, 66, 65, 64, 63, 62, 61, 60]",269627.0,269627,112,269739.0,112,269739.0,False,269739.0
35786,execution_finished,32,"[0, 1, 2, 49, 50, 51, 52, 78, 82, 85, 86, 87, 88, 103, 104, 105, 107, 108, 109, 110, 111, 112, 113, 114, 115, 117, 118, 119, 120, 121, 124, 125]",268806.0,266459,1567,270373.0,1567,270373.0,False,270373.0
35825,execution_finished,16,"[125, 124, 121, 120, 119, 118, 117, 115, 114, 113, 112, 111, 110, 109, 108, 107]",270391.0,270391,50,270441.0,50,270441.0,False,270441.0
35827,execution_finished,16,"[125, 124, 121, 120, 119, 118, 117, 115, 114, 113, 112, 111, 110, 109, 108, 107]",270449.0,270449,94,270543.0,94,270543.0,False,270543.0
35652,execution_finished,32,"[20, 21, 22, 23, 24, 25, 26, 27, 28, 29, 30, 31, 32, 33, 34, 35, 36, 37, 38, 39, 40, 41, 42, 53, 54, 55, 56, 97, 98, 99, 100, 101]",259576.0,256576,10972,270548.0,10972,270548.0,False,270548.0
35799,execution_finished,64,"[0, 1, 2, 49, 50, 51, 52, 78, 82, 85, 86, 87, 88, 103, 104, 105, 107, 108, 109, 110, 111, 112, 113, 114, 115, 117, 118, 119, 120, 121, 124, 125, 20, 21, 22, 23, 24, 25, 26, 27, 28, 29, 30, 31, 32, 33, 34, 35, 36, 37, 38, 39, 40, 41, 42, 53, 54, 55, 56, 97, 98, 99, 100, 101]",270548.0,267968,21,270569.0,21,270569.0,False,270569.0
35800,execution_finished,64,"[0, 1, 2, 20, 21, 22, 23, 24, 25, 26, 27, 28, 29, 30, 31, 32, 33, 34, 35, 36, 37, 38, 39, 40, 41, 42, 49, 50, 51, 52, 53, 54, 55, 56, 78, 82, 85, 86, 87, 88, 97, 98, 99, 100, 101, 103, 104, 105, 107, 108, 109, 110, 111, 112, 113, 114, 115, 117, 118, 119, 120, 121, 124, 125]",270569.0,268001,47,270616.0,47,270616.0,False,270616.0
35653,execution_finished,8,"[47, 48, 126, 127, 89, 90, 91, 92]",261320.0,256614,10936,272256.0,10936,272256.0,False,272256.0
35818,execution_finished,1,[68],272361.0,269661,97,272458.0,97,272458.0,False,272458.0
35821,execution_finished,2,"[77, 79]",272532.0,269832,73,272605.0,73,272605.0,False,272605.0
35822,execution_finished,4,"[80, 81, 83, 84]",272754.0,270054,70,272824.0,70,272824.0,False,272824.0
35823,execution_finished,8,"[93, 94, 95, 96, 102, 106, 116, 122]",272892.0,270192,79,272971.0,79,272971.0,False,272971.0
35806,execution_finished,32,"[55, 56, 78, 82, 85, 86, 87, 88, 97, 98, 99, 100, 101, 103, 104, 105, 107, 108, 109, 110, 111, 112, 113, 114, 115, 117, 118, 119, 120, 121, 124, 125]",270616.0,268808,2679,273295.0,2679,273295.0,False,273295.0
35801,execution_finished,32,"[0, 1, 2, 20, 21, 22, 23, 24, 25, 26, 27, 28, 29, 30, 31, 32, 33, 34, 35, 36, 37, 38, 39, 40, 41, 42, 49, 50, 51, 52, 53, 54]",270616.0,268054,2684,273300.0,2684,273300.0,False,273300.0
35810,execution_finished,64,"[80, 81, 83, 84, 93, 94, 95, 96, 102, 106, 116, 122, 55, 56, 78, 82, 85, 86, 87, 88, 97, 98, 99, 100, 101, 103, 104, 105, 107, 108, 109, 110, 111, 112, 113, 114, 115, 117, 118, 119, 120, 121, 124, 125, 0, 1, 2, 20, 21, 22, 23, 24, 25, 26, 27, 28, 29, 30, 31, 32, 33, 34, 35, 36]",273300.0,269103,34,273334.0,34,273334.0,False,273334.0
35831,execution_finished,16,"[55, 56, 78, 80, 81, 82, 83, 84, 85, 86, 87, 88, 93, 94, 95, 96]",273334.0,270751,100,273434.0,100,273434.0,False,273434.0
35832,execution_finished,16,"[97, 98, 99, 100, 101, 102, 103, 104, 105, 106, 107, 108, 109, 110, 111, 112]",273334.0,271346,111,273445.0,111,273445.0,False,273445.0
35853,execution_finished,4,"[82, 83, 84, 85]",273508.0,273508,55,273563.0,55,273563.0,False,273563.0
35835,execution_finished,16,"[114, 115, 116, 117, 118, 119, 120, 121, 122, 124, 125, 55, 56, 78, 80, 81]",273434.0,271478,207,273641.0,207,273641.0,False,273641.0
35838,execution_finished,16,"[112, 111, 110, 109, 108, 107, 106, 105, 104, 103, 102, 101, 100, 99, 98, 97]",273445.0,271741,239,273684.0,239,273684.0,False,273684.0
35846,execution_finished,16,"[112, 111, 110, 109, 108, 107, 106, 105, 104, 103, 102, 101, 100, 99, 98, 97]",273684.0,272578,128,273812.0,128,273812.0,False,273812.0
35860,execution_finished,1,[55],273818.0,273818,38,273856.0,38,273856.0,False,273856.0
35842,execution_finished,16,"[125, 124, 122, 121, 120, 119, 118, 117, 116, 115, 114, 96, 95, 94, 93, 88]",273641.0,272018,292,273933.0,292,273933.0,False,273933.0
35837,execution_finished,32,"[125, 124, 122, 121, 120, 119, 118, 117, 116, 115, 114, 112, 111, 110, 109, 108, 107, 106, 105, 104, 103, 102, 101, 100, 99, 98, 97, 96, 95, 94, 93, 88]",273933.0,271608,8,273941.0,8,273941.0,False,273941.0
35847,execution_finished,32,"[125, 124, 122, 121, 120, 119, 118, 117, 116, 115, 114, 112, 111, 110, 109, 108, 107, 106, 105, 104, 103, 102, 101, 100, 99, 98, 97, 96, 95, 94, 93, 88]",273941.0,272637,18,273959.0,18,273959.0,False,273959.0
35849,execution_finished,32,"[125, 124, 122, 121, 120, 119, 118, 117, 116, 115, 114, 112, 111, 110, 109, 108, 107, 106, 105, 104, 103, 102, 101, 100, 99, 98, 97, 96, 95, 94, 93, 88]",273959.0,272670,21,273980.0,21,273980.0,False,273980.0
35862,execution_finished,1,[56],274015.0,274015,120,274135.0,120,274135.0,False,274135.0
35850,execution_finished,32,"[125, 124, 122, 121, 120, 119, 118, 117, 116, 115, 114, 112, 111, 110, 109, 108, 107, 106, 105, 104, 103, 102, 101, 100, 99, 98, 97, 96, 95, 94, 93, 88]",273980.0,272849,156,274136.0,156,274136.0,False,274136.0
35865,execution_finished,1,[78],274192.0,274192,17,274209.0,17,274209.0,False,274209.0
35867,execution_finished,1,[80],274225.0,274225,137,274362.0,137,274362.0,False,274362.0
35873,execution_finished,4,"[55, 56, 78, 80]",274451.0,274451,46,274497.0,46,274497.0,False,274497.0
35851,execution_finished,32,"[125, 124, 122, 121, 120, 119, 118, 117, 116, 115, 114, 112, 111, 110, 109, 108, 107, 106, 105, 104, 103, 102, 101, 100, 99, 98, 97, 96, 95, 94, 93, 88]",274136.0,273009,489,274625.0,489,274625.0,False,274625.0
35861,execution_finished,32,"[125, 124, 122, 121, 120, 119, 118, 117, 116, 115, 114, 112, 111, 110, 109, 108, 107, 106, 105, 104, 103, 102, 101, 100, 99, 98, 97, 96, 95, 94, 93, 88]",274625.0,274015,42,274667.0,42,274667.0,False,274667.0
35863,execution_finished,32,"[125, 124, 122, 121, 120, 119, 118, 117, 116, 115, 114, 112, 111, 110, 109, 108, 107, 106, 105, 104, 103, 102, 101, 100, 99, 98, 97, 96, 95, 94, 93, 88]",274667.0,274047,147,274814.0,147,274814.0,False,274814.0
35864,execution_finished,8,"[125, 124, 122, 121, 120, 119, 118, 117]",274814.0,274188,141,274955.0,141,274955.0,False,274955.0
35866,execution_finished,32,"[125, 124, 122, 121, 120, 119, 118, 117, 116, 115, 114, 112, 111, 110, 109, 108, 107, 106, 105, 104, 103, 102, 101, 100, 99, 98, 97, 96, 95, 94, 93, 88]",274955.0,274205,10,274965.0,10,274965.0,False,274965.0
35830,execution_finished,1,[19],274956.0,270742,20,274976.0,20,274976.0,False,274976.0
35828,execution_finished,8,"[11, 12, 13, 14, 15, 16, 17, 18]",274956.0,270674,51,275007.0,51,275007.0,False,275007.0
35868,execution_finished,32,"[125, 124, 122, 121, 120, 119, 118, 117, 116, 115, 114, 112, 111, 110, 109, 108, 107, 106, 105, 104, 103, 102, 101, 100, 99, 98, 97, 96, 95, 94, 93, 88]",274965.0,274237,43,275008.0,43,275008.0,False,275008.0
35870,execution_finished,32,"[125, 124, 122, 121, 120, 119, 118, 117, 116, 115, 114, 112, 111, 110, 109, 108, 107, 106, 105, 104, 103, 102, 101, 100, 99, 98, 97, 96, 95, 94, 93, 88]",275008.0,274325,23,275031.0,23,275031.0,False,275031.0
35871,execution_finished,32,"[125, 124, 122, 121, 120, 119, 118, 117, 116, 115, 114, 112, 111, 110, 109, 108, 107, 106, 105, 104, 103, 102, 101, 100, 99, 98, 97, 96, 95, 94, 93, 88]",275031.0,274369,1,275032.0,1,275032.0,False,275032.0
35872,execution_finished,32,"[125, 124, 122, 121, 120, 119, 118, 117, 116, 115, 114, 112, 111, 110, 109, 108, 107, 106, 105, 104, 103, 102, 101, 100, 99, 98, 97, 96, 95, 94, 93, 88]",275032.0,274378,20,275052.0,20,275052.0,False,275052.0
35876,execution_finished,32,"[125, 124, 122, 121, 120, 119, 118, 117, 116, 115, 114, 112, 111, 110, 109, 108, 107, 106, 105, 104, 103, 102, 101, 100, 99, 98, 97, 96, 95, 94, 93, 88]",275052.0,274671,24,275076.0,24,275076.0,False,275076.0
35881,execution_finished,16,"[125, 124, 122, 121, 120, 119, 118, 117, 116, 115, 114, 112, 111, 110, 109, 108]",275076.0,275018,67,275143.0,67,275143.0,False,275143.0
35888,execution_finished,4,"[125, 124, 122, 121]",275485.0,275485,38,275523.0,38,275523.0,False,275523.0
35890,execution_finished,1,[125],275634.0,275634,41,275675.0,41,275675.0,False,275675.0
35891,execution_finished,1,[108],275689.0,275689,45,275734.0,45,275734.0,False,275734.0
35892,execution_finished,4,"[109, 110, 111, 112]",275725.0,275725,38,275763.0,38,275763.0,False,275763.0
35893,execution_finished,4,"[114, 115, 116, 117]",275741.0,275741,151,275892.0,151,275892.0,False,275892.0
35894,execution_finished,2,"[108, 109]",275764.0,275764,128,275892.0,128,275892.0,False,275892.0
35896,execution_finished,4,"[125, 124, 122, 121]",275966.0,275966,41,276007.0,41,276007.0,False,276007.0
35833,execution_finished,16,"[44, 45, 46, 57, 58, 59, 60, 61, 62, 63, 64, 65, 66, 67, 123, 113]",276034.0,271387,71,276105.0,71,276105.0,False,276105.0
35897,execution_finished,4,"[125, 124, 123, 122]",276232.0,276232,37,276269.0,37,276269.0,False,276269.0
35898,execution_finished,4,"[125, 124, 123, 122]",276295.0,276295,40,276335.0,40,276335.0,False,276335.0
35900,execution_finished,1,[44],276558.0,276558,38,276596.0,38,276596.0,False,276596.0
35845,execution_finished,1,[43],274956.0,272246,1642,276598.0,1642,276598.0,False,276598.0
35826,execution_finished,8,"[3, 4, 5, 6, 7, 8, 9, 10]",274956.0,270419,1674,276630.0,1674,276630.0,False,276630.0
35901,execution_finished,1,[45],276612.0,276612,33,276645.0,33,276645.0,False,276645.0
35902,execution_finished,4,"[44, 43, 3, 4]",276649.0,276649,309,276958.0,309,276958.0,False,276958.0
35903,execution_finished,2,"[46, 57]",276671.0,276671,287,276958.0,287,276958.0,False,276958.0
35905,execution_finished,4,"[57, 46, 45, 44]",277068.0,277068,21,277089.0,21,277089.0,False,277089.0
35906,execution_finished,4,"[57, 46, 45, 44]",277098.0,277098,63,277161.0,63,277161.0,False,277161.0
35907,execution_finished,4,"[43, 10, 9, 8]",277130.0,277130,106,277236.0,106,277236.0,False,277236.0
35908,execution_finished,2,"[7, 6]",277152.0,277152,84,277236.0,84,277236.0,False,277236.0
35910,execution_finished,4,"[57, 46, 45, 44]",277218.0,277218,41,277259.0,41,277259.0,False,277259.0
35877,execution_finished,4,"[47, 48, 89, 90]",277382.0,274682,39,277421.0,39,277421.0,False,277421.0
35904,execution_finished,16,"[90, 89, 57, 48, 47, 46, 45, 44, 43, 10, 9, 8, 7, 6, 4, 3]",277421.0,276787,81,277502.0,81,277502.0,False,277502.0
35880,execution_finished,4,"[92, 126, 127, 55]",277526.0,274826,42,277568.0,42,277568.0,False,277568.0
35914,execution_finished,4,"[92, 55, 47, 46]",277658.0,277658,38,277696.0,38,277696.0,False,277696.0
35915,execution_finished,4,"[92, 55, 47, 46]",277710.0,277710,38,277748.0,38,277748.0,False,277748.0
35879,execution_finished,1,[91],277497.0,274797,272,277769.0,272,277769.0,False,277769.0
35916,execution_finished,4,"[92, 91, 55, 47]",277791.0,277791,52,277843.0,52,277843.0,False,277843.0
35917,execution_finished,4,"[92, 91, 55, 47]",277891.0,277891,37,277928.0,37,277928.0,False,277928.0
35913,execution_finished,2,"[127, 126]",277584.0,277584,362,277946.0,362,277946.0,False,277946.0
35912,execution_finished,4,"[90, 89, 57, 48]",277562.0,277562,385,277947.0,385,277947.0,False,277947.0
35885,execution_finished,1,[68],277934.0,275234,32,277966.0,32,277966.0,False,277966.0
35918,execution_finished,8,"[127, 126, 92, 91, 90, 89, 68, 57]",277982.0,277982,48,278030.0,48,278030.0,False,278030.0
35921,execution_finished,4,"[68, 89, 90, 91]",278541.0,278541,38,278579.0,38,278579.0,False,278579.0
35889,execution_finished,1,[77],278244.0,275544,2861,281105.0,2861,281105.0,False,281105.0
35933,execution_finished,1,[77],281105.0,279372,3,281108.0,3,281108.0,False,281108.0
35836,execution_finished,64,"[11, 12, 13, 14, 15, 16, 17, 18, 19, 56, 58, 59, 60, 61, 62, 63, 64, 65, 66, 67, 78, 79, 80, 81, 82, 83, 84, 85, 86, 87, 88, 93, 94, 95, 96, 97, 98, 99, 100, 101, 102, 103, 104, 105, 106, 107, 108, 109, 110, 111, 112, 113, 114, 115, 116, 117, 118, 119, 120, 121, 47, 55, 48, 57]",281205.0,271581,11,281216.0,11,281216.0,False,281216.0
35858,execution_finished,64,"[77, 11, 12, 13, 14, 15, 16, 17, 18, 19, 47, 48, 55, 56, 57, 58, 59, 60, 61, 62, 63, 64, 65, 66, 67, 78, 79, 80, 81, 82, 83, 84, 85, 86, 87, 88, 93, 94, 95, 96, 97, 98, 99, 100, 101, 102, 103, 104, 105, 106, 107, 108, 109, 110, 111, 112, 113, 114, 115, 116, 117, 118, 119, 120]",281216.0,273798,205,281421.0,205,281421.0,False,281421.0
35875,execution_finished,64,"[121, 11, 12, 13, 14, 15, 16, 17, 18, 19, 47, 48, 55, 56, 57, 58, 59, 60, 61, 62, 63, 64, 65, 66, 67, 77, 78, 79, 80, 81, 82, 83, 84, 85, 86, 87, 88, 93, 94, 95, 96, 97, 98, 99, 100, 101, 102, 103, 104, 105, 106, 107, 108, 109, 110, 111, 112, 113, 114, 115, 116, 117, 118, 119]",281421.0,274536,64,281485.0,64,281485.0,False,281485.0
35923,execution_finished,16,"[104, 103, 102, 101, 100, 99, 98, 97, 96, 95, 94, 93, 88, 87, 86, 85]",281485.0,278686,6,281491.0,6,281491.0,False,281491.0
35922,execution_finished,16,"[121, 119, 118, 117, 116, 115, 114, 113, 112, 111, 110, 109, 108, 107, 106, 105]",281485.0,278594,59,281544.0,59,281544.0,False,281544.0
35924,execution_finished,16,"[104, 103, 102, 101, 100, 99, 98, 97, 96, 95, 94, 93, 88, 87, 86, 85]",281491.0,278693,88,281579.0,88,281579.0,False,281579.0
35927,execution_finished,8,"[104, 103, 102, 101, 100, 99, 98, 97]",281579.0,279266,29,281608.0,29,281608.0,False,281608.0
35926,execution_finished,16,"[121, 119, 118, 117, 116, 115, 114, 113, 112, 111, 110, 109, 108, 107, 106, 105]",281544.0,279222,68,281612.0,68,281612.0,False,281612.0
35929,execution_finished,4,"[96, 95, 94, 93]",281579.0,279345,38,281617.0,38,281617.0,False,281617.0
35930,execution_finished,16,"[121, 119, 118, 117, 116, 115, 114, 113, 112, 111, 110, 109, 108, 107, 106, 105]",281612.0,279349,6,281618.0,6,281618.0,False,281618.0
35909,execution_finished,32,"[120, 11, 12, 13, 14, 15, 16, 17, 18, 19, 47, 48, 55, 56, 57, 58, 59, 60, 61, 62, 63, 64, 65, 66, 67, 77, 78, 79, 80, 81, 82, 83]",281485.0,277159,136,281621.0,136,281621.0,False,281621.0
35911,execution_finished,64,"[84, 85, 86, 87, 88, 97, 98, 99, 100, 101, 102, 103, 104, 93, 94, 95, 96, 105, 106, 107, 108, 109, 110, 111, 112, 113, 114, 115, 116, 117, 118, 119, 121, 11, 12, 13, 14, 15, 16, 17, 18, 19, 47, 48, 55, 56, 57, 58, 59, 60, 61, 62, 63, 64, 65, 66, 67, 77, 78, 79, 80, 81, 82, 83]",281621.0,277429,223,281844.0,223,281844.0,False,281844.0
35928,execution_finished,16,"[104, 105, 106, 107, 108, 109, 110, 111, 112, 113, 114, 115, 116, 117, 118, 119]",281844.0,279295,48,281892.0,48,281892.0,False,281892.0
35931,execution_finished,16,"[121, 104, 105, 106, 107, 108, 109, 110, 111, 112, 113, 114, 115, 116, 117, 118]",281892.0,279357,6,281898.0,6,281898.0,False,281898.0
35932,execution_finished,16,"[119, 104, 105, 106, 107, 108, 109, 110, 111, 112, 113, 114, 115, 116, 117, 118]",281898.0,279364,74,281972.0,74,281972.0,False,281972.0
35940,execution_finished,4,"[116, 117, 118, 119]",281972.0,280228,43,282015.0,43,282015.0,False,282015.0
35936,execution_finished,4,"[104, 105, 106, 107]",281972.0,279695,67,282039.0,67,282039.0,False,282039.0
35937,execution_finished,4,"[108, 109, 110, 111]",281972.0,279856,73,282045.0,73,282045.0,False,282045.0
35920,execution_finished,32,"[120, 11, 12, 13, 14, 15, 16, 17, 18, 19, 47, 48, 55, 56, 57, 58, 59, 60, 61, 62, 63, 64, 65, 66, 67, 77, 78, 79, 80, 81, 82, 83]",281844.0,278315,231,282075.0,231,282075.0,False,282075.0
35938,execution_finished,4,"[112, 113, 114, 115]",281972.0,279934,223,282195.0,223,282195.0,False,282195.0
35925,execution_finished,16,"[84, 85, 86, 87, 88, 93, 94, 95, 96, 97, 98, 99, 100, 101, 102, 103]",281844.0,278768,440,282284.0,440,282284.0,False,282284.0
35943,execution_finished,16,"[115, 114, 113, 112, 103, 102, 101, 100, 99, 98, 97, 96, 95, 94, 93, 88]",282284.0,280436,47,282331.0,47,282331.0,False,282331.0
35944,execution_finished,16,"[115, 114, 113, 112, 103, 102, 101, 100, 99, 98, 97, 96, 95, 94, 93, 88]",282331.0,280488,92,282423.0,92,282423.0,False,282423.0
35945,execution_finished,16,"[115, 114, 113, 112, 103, 102, 101, 100, 99, 98, 97, 96, 95, 94, 93, 88]",282423.0,280584,112,282535.0,112,282535.0,False,282535.0
35947,execution_finished,8,"[115, 114, 113, 112, 103, 102, 101, 100]",282535.0,281146,113,282648.0,113,282648.0,False,282648.0
35946,execution_finished,8,"[104, 105, 106, 107, 108, 109, 110, 111]",282045.0,280666,1108,283153.0,1108,283153.0,False,283153.0
35819,execution_finished,8,"[69, 70, 71, 72, 73, 74, 75, 76]",272482.0,269711,10939,283421.0,10939,283421.0,False,283421.0
35952,execution_finished,16,"[104, 105, 106, 107, 108, 109, 110, 111, 69, 70, 71, 72, 73, 74, 75, 76]",283421.0,283325,6,283427.0,6,283427.0,False,283427.0
35949,execution_finished,1,[84],282764.0,282764,1044,283808.0,1044,283808.0,False,283808.0
35954,execution_finished,1,[69],283835.0,283835,108,283943.0,108,283943.0,False,283943.0
35955,execution_finished,1,[70],284026.0,284026,13,284039.0,13,284039.0,False,284039.0
35817,execution_finished,32,"[37, 38, 39, 40, 41, 42, 49, 50, 51, 52, 53, 54, 0, 1, 2, 20, 21, 22, 23, 24, 25, 26, 27, 28, 29, 30, 31, 32, 33, 34, 35, 36]",273334.0,269660,10989,284323.0,10989,284323.0,False,284323.0
35939,execution_finished,32,"[84, 69, 70, 0, 1, 2, 20, 21, 22, 23, 24, 25, 26, 27, 28, 29, 30, 31, 32, 33, 34, 35, 36, 37, 38, 39, 40, 41, 42, 49, 50, 51]",284323.0,280161,86,284409.0,86,284409.0,False,284409.0
35919,execution_finished,16,"[3, 4, 5, 6, 7, 8, 9, 10, 43, 44, 45, 46, 68, 89, 90, 91]",284321.0,278115,421,284742.0,421,284742.0,False,284742.0
35935,execution_finished,8,"[92, 122, 123, 124, 125, 126, 127, 121]",284672.0,279611,496,285168.0,496,285168.0,False,285168.0
35958,execution_finished,1,[90],285120.0,285120,126,285246.0,126,285246.0,False,285246.0
35934,execution_finished,32,"[11, 12, 13, 14, 15, 16, 17, 18, 19, 47, 48, 55, 56, 57, 58, 59, 60, 61, 62, 63, 64, 65, 66, 67, 77, 78, 79, 80, 81, 82, 83, 120]",282075.0,279601,3194,285269.0,3194,285269.0,False,285269.0
35950,execution_finished,32,"[91, 92, 121, 122, 123, 124, 125, 126, 127, 90, 11, 12, 13, 14, 15, 16, 17, 18, 19, 47, 48, 55, 56, 57, 58, 59, 60, 61, 62, 63, 64, 65]",285269.0,282805,82,285351.0,82,285351.0,False,285351.0
35951,execution_finished,32,"[66, 67, 77, 78, 79, 80, 81, 82, 83, 120, 11, 12, 13, 14, 15, 16, 17, 18, 19, 47, 48, 55, 56, 57, 58, 59, 60, 61, 62, 63, 64, 65]",285351.0,282892,116,285467.0,116,285467.0,False,285467.0
35959,execution_finished,1,[90],285440.0,285440,109,285549.0,109,285549.0,False,285549.0
35953,execution_finished,32,"[91, 92, 121, 122, 123, 124, 125, 126, 127, 11, 12, 13, 14, 15, 16, 17, 18, 19, 47, 48, 55, 56, 57, 58, 59, 60, 61, 62, 63, 64, 65, 66]",285467.0,283446,1145,286612.0,1145,286612.0,False,286612.0
35957,execution_finished,1,[85],287702.0,285002,95,287797.0,95,287797.0,False,287797.0
35948,execution_finished,32,"[86, 87, 88, 93, 94, 95, 96, 97, 98, 99, 100, 101, 102, 103, 112, 113, 114, 115, 3, 4, 5, 6, 7, 8, 9, 10, 43, 44, 45, 46, 68, 89]",287748.0,281265,124,287872.0,124,287872.0,False,287872.0
35966,execution_finished,32,"[3, 4, 5, 6, 7, 8, 9, 10, 43, 44, 45, 46, 68, 86, 87, 88, 89, 93, 94, 95, 96, 97, 98, 99, 100, 101, 102, 103, 112, 113, 114, 115]",288449.0,288449,178,288627.0,178,288627.0,False,288627.0
35971,execution_finished,4,"[3, 4, 5, 6]",288651.0,288651,28,288679.0,28,288679.0,False,288679.0
35972,execution_finished,1,[7],288688.0,288688,34,288722.0,34,288722.0,False,288722.0
35973,execution_finished,4,"[8, 9, 10, 43]",288709.0,288709,24,288733.0,24,288733.0,False,288733.0
35974,execution_finished,32,"[44, 45, 46, 68, 86, 87, 88, 89, 93, 94, 95, 96, 97, 98, 99, 100, 101, 102, 103, 112, 113, 114, 115, 3, 4, 5, 6, 7, 8, 9, 10, 43]",288928.0,288928,219,289147.0,219,289147.0,False,289147.0
35942,execution_finished,4,"[116, 117, 118, 119]",282015.0,280337,7203,289218.0,7203,289218.0,False,289218.0
35960,execution_finished,1,[71],289312.0,285681,105,289417.0,105,289417.0,False,289417.0
35961,execution_finished,1,[72],289312.0,286184,106,289418.0,106,289418.0,False,289418.0
35956,execution_finished,32,"[11, 12, 13, 14, 15, 16, 17, 18, 19, 47, 48, 55, 56, 57, 58, 59, 60, 61, 62, 63, 64, 65, 66, 91, 92, 121, 122, 123, 124, 125, 126, 127]",286612.0,284617,2921,289533.0,2921,289533.0,False,289533.0
35962,execution_finished,1,[69],289542.0,286842,140,289682.0,140,289682.0,False,289682.0
35963,execution_finished,1,[70],289874.0,287174,247,290121.0,247,290121.0,False,290121.0
35964,execution_finished,1,[73],290147.0,287447,92,290239.0,92,290239.0,False,290239.0
35965,execution_finished,1,[74],290246.0,287546,20,290266.0,20,290266.0,False,290266.0
35969,execution_finished,1,[82],291229.0,288529,7,291236.0,7,291236.0,False,291236.0
35967,execution_finished,4,"[67, 75, 76, 77]",291204.0,288504,79,291283.0,79,291283.0,False,291283.0
35968,execution_finished,4,"[78, 79, 80, 81]",291210.0,288510,126,291336.0,126,291336.0,False,291336.0
35970,execution_finished,1,[83],291288.0,288588,83,291371.0,83,291371.0,False,291371.0
35941,execution_finished,32,"[52, 53, 54, 0, 1, 2, 20, 21, 22, 23, 24, 25, 26, 27, 28, 29, 30, 31, 32, 33, 34, 35, 36, 37, 38, 39, 40, 41, 42, 49, 50, 51]",284409.0,280272,7267,291676.0,7267,291676.0,False,291676.0
35976,execution_finished,1,[106],291746.0,289046,5,291751.0,5,291751.0,False,291751.0
35977,execution_finished,1,[107],291762.0,289062,6,291768.0,6,291768.0,False,291768.0
35975,execution_finished,4,"[84, 90, 104, 105]",291685.0,288985,167,291852.0,167,291852.0,False,291852.0
35978,execution_finished,4,"[84, 90, 104, 105]",292412.0,292412,35,292447.0,35,292447.0,False,292447.0
35979,execution_finished,4,"[84, 90, 104, 105]",292742.0,292742,25,292767.0,25,292767.0,False,292767.0
35984,execution_finished,1,[84],292968.0,292968,4,292972.0,4,292972.0,False,292972.0
35985,execution_finished,4,"[90, 104, 105, 84]",293002.0,293002,51,293053.0,51,293053.0,False,293053.0
35988,execution_finished,1,[84],293058.0,293058,3,293061.0,3,293061.0,False,293061.0
35989,execution_finished,1,[90],293304.0,293304,3,293307.0,3,293307.0,False,293307.0
35980,execution_finished,8,"[3, 4, 5, 6, 7, 8, 9, 10]",295474.0,292774,106,295580.0,106,295580.0,False,295580.0
35981,execution_finished,8,"[11, 12, 13, 14, 15, 16, 17, 18]",295483.0,292783,98,295581.0,98,295581.0,False,295581.0
35983,execution_finished,8,"[92, 93, 94, 95, 96, 97, 98, 99]",295650.0,292950,42,295692.0,42,295692.0,False,295692.0
35986,execution_finished,1,[100],295728.0,293028,4,295732.0,4,295732.0,False,295732.0
35982,execution_finished,32,"[19, 43, 44, 45, 46, 47, 48, 55, 56, 57, 58, 59, 60, 61, 62, 63, 64, 65, 66, 68, 69, 70, 71, 72, 73, 74, 85, 86, 87, 88, 89, 91]",295645.0,292945,100,295745.0,100,295745.0,False,295745.0
35987,execution_finished,1,[101],295741.0,293041,6,295747.0,6,295747.0,False,295747.0
35990,execution_finished,128,"[0, 1, 2, 20, 21, 22, 23, 24, 25, 26, 27, 28, 29, 30, 31, 32, 33, 34, 35, 36, 37, 38, 39, 40, 41, 42, 49, 50, 51, 52, 53, 54, 67, 75, 76, 77, 78, 79, 80, 81, 82, 83, 84, 90, 102, 103, 104, 105, 106, 107, 108, 109, 110, 111, 112, 113, 114, 115, 116, 117, 118, 119, 120, 121, 122, 123, 124, 125, 126, 127, 3, 4, 5, 6, 7, 8, 9, 10, 11, 12, 13, 14, 15, 16, 17, 18, 92, 93, 94, 95, 96, 97, 98, 99, 100, 19, 43, 44, 45, 46, 47, 48, 55, 56, 57, 58, 59, 60, 61, 62, 63, 64, 65, 66, 68, 69, 70, 71, 72, 73, 74, 85, 86, 87, 88, 89, 91, 101]",298447.0,295575,743,299190.0,743,299190.0,False,299190.0
35991,execution_finished,128,"[0, 1, 2, 3, 4, 5, 6, 7, 8, 9, 10, 11, 12, 13, 14, 15, 16, 17, 18, 19, 20, 21, 22, 23, 24, 25, 26, 27, 28, 29, 30, 31, 32, 33, 34, 35, 36, 37, 38, 39, 40, 41, 42, 43, 44, 45, 46, 47, 48, 49, 50, 51, 52, 53, 54, 55, 56, 57, 58, 59, 60, 61, 62, 63, 64, 65, 66, 67, 68, 69, 70, 71, 72, 73, 74, 75, 76, 77, 78, 79, 80, 81, 82, 83, 84, 85, 86, 87, 88, 89, 90, 91, 92, 93, 94, 95, 96, 97, 98, 99, 100, 101, 102, 103, 104, 105, 106, 107, 108, 109, 110, 111, 112, 113, 114, 115, 116, 117, 118, 119, 120, 121, 122, 123, 124, 125, 126, 127]",299190.0,296608,500,299690.0,500,299690.0,False,299690.0
35993,execution_finished,64,"[64, 65, 66, 67, 68, 69, 70, 71, 72, 73, 74, 75, 76, 77, 78, 79, 80, 81, 82, 83, 84, 85, 86, 87, 88, 89, 90, 91, 92, 93, 94, 95, 96, 97, 98, 99, 100, 101, 102, 103, 104, 105, 106, 107, 108, 109, 110, 111, 112, 113, 114, 115, 116, 117, 118, 119, 120, 121, 122, 123, 124, 125, 126, 127]",299690.0,297505,472,300162.0,472,300162.0,False,300162.0
35995,execution_finished,1,[96],300162.0,298176,64,300226.0,64,300226.0,False,300226.0
35996,execution_finished,8,"[97, 98, 99, 100, 101, 102, 103, 104]",300162.0,298320,123,300285.0,123,300285.0,False,300285.0
35997,execution_finished,32,"[105, 106, 107, 108, 109, 110, 111, 112, 113, 114, 115, 116, 117, 118, 119, 120, 121, 122, 123, 124, 125, 126, 127, 96, 97, 98, 99, 100, 101, 102, 103, 104]",300285.0,298490,72,300357.0,72,300357.0,False,300357.0
35994,execution_finished,32,"[64, 65, 66, 67, 68, 69, 70, 71, 72, 73, 74, 75, 76, 77, 78, 79, 80, 81, 82, 83, 84, 85, 86, 87, 88, 89, 90, 91, 92, 93, 94, 95]",300162.0,298131,373,300535.0,373,300535.0,False,300535.0
35999,execution_finished,32,"[112, 113, 114, 115, 116, 117, 118, 119, 120, 121, 122, 123, 124, 125, 126, 127, 64, 65, 66, 67, 68, 69, 70, 71, 72, 73, 74, 75, 76, 77, 78, 79]",300535.0,298649,52,300587.0,52,300587.0,False,300587.0
36000,execution_finished,32,"[80, 81, 82, 83, 84, 85, 86, 87, 88, 89, 90, 91, 92, 93, 94, 95, 64, 65, 66, 67, 68, 69, 70, 71, 72, 73, 74, 75, 76, 77, 78, 79]",300587.0,298762,281,300868.0,281,300868.0,False,300868.0
36001,execution_finished,32,"[112, 113, 114, 115, 116, 117, 118, 119, 120, 121, 122, 123, 124, 125, 126, 127, 64, 65, 66, 67, 68, 69, 70, 71, 72, 73, 74, 75, 76, 77, 78, 79]",300868.0,299106,5,300873.0,5,300873.0,False,300873.0
35998,execution_finished,16,"[96, 97, 98, 99, 100, 101, 102, 103, 104, 105, 106, 107, 108, 109, 110, 111]",300357.0,298627,860,301217.0,860,301217.0,False,301217.0
35992,execution_finished,64,"[0, 1, 2, 3, 4, 5, 6, 7, 8, 9, 10, 11, 12, 13, 14, 15, 16, 17, 18, 19, 20, 21, 22, 23, 24, 25, 26, 27, 28, 29, 30, 31, 32, 33, 34, 35, 36, 37, 38, 39, 40, 41, 42, 43, 44, 45, 46, 47, 48, 49, 50, 51, 52, 53, 54, 55, 56, 57, 58, 59, 60, 61, 62, 63]",299690.0,297112,6185,305875.0,6185,305875.0,False,305875.0
36002,execution_finished,128,"[64, 65, 66, 67, 68, 69, 70, 71, 72, 73, 74, 75, 76, 77, 78, 79, 80, 81, 82, 83, 84, 85, 86, 87, 88, 89, 90, 91, 92, 93, 94, 95, 96, 97, 98, 99, 100, 101, 102, 103, 104, 105, 106, 107, 108, 109, 110, 111, 112, 113, 114, 115, 116, 117, 118, 119, 120, 121, 122, 123, 124, 125, 126, 127, 0, 1, 2, 3, 4, 5, 6, 7, 8, 9, 10, 11, 12, 13, 14, 15, 16, 17, 18, 19, 20, 21, 22, 23, 24, 25, 26, 27, 28, 29, 30, 31, 32, 33, 34, 35, 36, 37, 38, 39, 40, 41, 42, 43, 44, 45, 46, 47, 48, 49, 50, 51, 52, 53, 54, 55, 56, 57, 58, 59, 60, 61, 62, 63]",308575.0,303302,91,308666.0,91,308666.0,False,308666.0
36008,execution_finished,1,[66],308666.0,304822,10,308676.0,10,308676.0,False,308676.0
36005,execution_finished,1,[64],308666.0,304596,28,308694.0,28,308694.0,False,308694.0
36013,execution_finished,1,[70],308666.0,305442,88,308754.0,88,308754.0,False,308754.0
36021,execution_finished,1,[72],308666.0,306649,88,308754.0,88,308754.0,False,308754.0
36024,execution_finished,1,[74],308666.0,307013,90,308756.0,90,308756.0,False,308756.0
36023,execution_finished,1,[73],308666.0,306808,95,308761.0,95,308761.0,False,308761.0
36006,execution_finished,1,[65],308666.0,304653,96,308762.0,96,308762.0,False,308762.0
36009,execution_finished,1,[67],308666.0,304857,98,308764.0,98,308764.0,False,308764.0
36010,execution_finished,1,[68],308666.0,305026,99,308765.0,99,308765.0,False,308765.0
36020,execution_finished,1,[71],308666.0,306437,107,308773.0,107,308773.0,False,308773.0
36011,execution_finished,1,[69],308666.0,305178,112,308778.0,112,308778.0,False,308778.0
36047,execution_finished,1,[77],313766.0,310785,81,313847.0,81,313847.0,False,313847.0
36048,execution_finished,1,[78],313766.0,311000,121,313887.0,121,313887.0,False,313887.0
36044,execution_finished,1,[75],313766.0,310240,235,314001.0,235,314001.0,False,314001.0
36045,execution_finished,1,[76],313766.0,310504,248,314014.0,248,314014.0,False,314014.0
36063,execution_finished,1,[77],314076.0,314076,112,314188.0,112,314188.0,False,314188.0
36003,execution_finished,64,"[0, 1, 2, 3, 4, 5, 6, 7, 8, 9, 10, 11, 12, 13, 14, 15, 16, 17, 18, 19, 20, 21, 22, 23, 24, 25, 26, 27, 28, 29, 30, 31, 32, 33, 34, 35, 36, 37, 38, 39, 40, 41, 42, 43, 44, 45, 46, 47, 48, 49, 50, 51, 52, 53, 54, 55, 56, 57, 58, 59, 60, 61, 62, 63]",308666.0,303397,10925,319591.0,10925,319591.0,False,319591.0
36091,execution_finished,1,[64],321796.0,319096,105,321901.0,105,321901.0,False,321901.0
36092,execution_finished,1,[65],321966.0,319266,84,322050.0,84,322050.0,False,322050.0
36094,execution_finished,1,[66],322190.0,319490,27,322217.0,27,322217.0,False,322217.0
36095,execution_finished,1,[67],322226.0,319526,97,322323.0,97,322323.0,False,322323.0
36111,execution_finished,1,[64],322246.0,322246,117,322363.0,117,322363.0,False,322363.0
36113,execution_finished,1,[65],322449.0,322449,110,322559.0,110,322559.0,False,322559.0
36114,execution_finished,1,[66],322628.0,322628,101,322729.0,101,322729.0,False,322729.0
36116,execution_finished,1,[67],322817.0,322817,103,322920.0,103,322920.0,False,322920.0
36117,execution_finished,1,[65],323017.0,323017,96,323113.0,96,323113.0,False,323113.0
36120,execution_finished,1,[66],323236.0,323236,118,323354.0,118,323354.0,False,323354.0
36104,execution_finished,1,[68],324223.0,321523,139,324362.0,139,324362.0,False,324362.0
36126,execution_finished,1,[68],324524.0,324524,100,324624.0,100,324624.0,False,324624.0
36108,execution_finished,1,[69],324520.0,321820,108,324628.0,108,324628.0,False,324628.0
36129,execution_finished,128,"[0, 1, 2, 3, 4, 5, 6, 7, 8, 9, 10, 11, 12, 13, 14, 15, 16, 17, 18, 19, 20, 21, 22, 23, 24, 25, 26, 27, 28, 29, 30, 31, 32, 33, 34, 35, 36, 37, 38, 39, 40, 41, 42, 43, 44, 45, 46, 47, 48, 49, 50, 51, 52, 53, 54, 55, 56, 57, 58, 59, 60, 61, 62, 63, 64, 65, 66, 67, 68, 69, 70, 71, 72, 73, 74, 75, 76, 77, 78, 79, 80, 81, 82, 83, 84, 85, 86, 87, 88, 89, 90, 91, 92, 93, 94, 95, 96, 97, 98, 99, 100, 101, 102, 103, 104, 105, 106, 107, 108, 109, 110, 111, 112, 113, 114, 115, 116, 117, 118, 119, 120, 121, 122, 123, 124, 125, 126, 127]",329728.0,324685,747,330475.0,747,330475.0,False,330475.0
36143,execution_finished,1,[27],330475.0,327007,4,330479.0,4,330479.0,False,330479.0
36146,execution_finished,1,[127],330475.0,327409,6,330481.0,6,330481.0,False,330481.0
36131,execution_finished,1,[0],330475.0,325894,7,330482.0,7,330482.0,False,330482.0
36142,execution_finished,1,[26],330475.0,326988,8,330483.0,8,330483.0,False,330483.0
36141,execution_finished,8,"[18, 19, 20, 21, 22, 23, 24, 25]",330475.0,326658,11,330486.0,11,330486.0,False,330486.0
36147,execution_finished,1,[126],330475.0,327437,13,330488.0,13,330488.0,False,330488.0
36139,execution_finished,8,"[10, 11, 12, 13, 14, 15, 16, 17]",330475.0,326599,15,330490.0,15,330490.0,False,330490.0
36134,execution_finished,8,"[2, 3, 4, 5, 6, 7, 8, 9]",330475.0,326279,22,330497.0,22,330497.0,False,330497.0
36165,execution_finished,1,[127],331014.0,331014,5,331019.0,5,331019.0,False,331019.0
36166,execution_finished,1,[127],331068.0,331068,5,331073.0,5,331073.0,False,331073.0
36168,execution_finished,1,[127],331435.0,331435,11,331446.0,11,331446.0,False,331446.0
36169,execution_finished,1,[127],331521.0,331521,5,331526.0,5,331526.0,False,331526.0
36170,execution_finished,1,[127],331551.0,331551,16,331567.0,16,331567.0,False,331567.0
36132,execution_finished,1,[1],330475.0,325915,1101,331576.0,1101,331576.0,False,331576.0
36171,execution_finished,1,[127],331623.0,331623,4,331627.0,4,331627.0,False,331627.0
36176,execution_finished,1,[127],331809.0,331809,19,331828.0,19,331828.0,False,331828.0
36178,execution_finished,1,[127],332041.0,332041,5,332046.0,5,332046.0,False,332046.0
36179,execution_finished,1,[127],332299.0,332299,8,332307.0,8,332307.0,False,332307.0
36182,execution_finished,1,[127],332680.0,332680,49,332729.0,49,332729.0,False,332729.0
36145,execution_finished,128,"[0, 1, 2, 3, 4, 5, 6, 7, 8, 9, 10, 11, 12, 13, 14, 15, 16, 17, 18, 19, 20, 21, 22, 23, 24, 25, 26, 27, 28, 29, 30, 31, 32, 33, 34, 35, 36, 37, 38, 39, 40, 41, 42, 43, 44, 45, 46, 47, 48, 49, 50, 51, 52, 53, 54, 55, 56, 57, 58, 59, 60, 61, 62, 63, 64, 65, 66, 67, 68, 69, 70, 71, 72, 73, 74, 75, 76, 77, 78, 79, 80, 81, 82, 83, 84, 85, 86, 87, 88, 89, 90, 91, 92, 93, 94, 95, 96, 97, 98, 99, 100, 101, 102, 103, 104, 105, 106, 107, 108, 109, 110, 111, 112, 113, 114, 115, 116, 117, 118, 119, 120, 121, 122, 123, 124, 125, 126, 127]",337829.0,327355,28,337857.0,28,337857.0,False,337857.0
36148,execution_finished,128,"[0, 1, 2, 3, 4, 5, 6, 7, 8, 9, 10, 11, 12, 13, 14, 15, 16, 17, 18, 19, 20, 21, 22, 23, 24, 25, 26, 27, 28, 29, 30, 31, 32, 33, 34, 35, 36, 37, 38, 39, 40, 41, 42, 43, 44, 45, 46, 47, 48, 49, 50, 51, 52, 53, 54, 55, 56, 57, 58, 59, 60, 61, 62, 63, 64, 65, 66, 67, 68, 69, 70, 71, 72, 73, 74, 75, 76, 77, 78, 79, 80, 81, 82, 83, 84, 85, 86, 87, 88, 89, 90, 91, 92, 93, 94, 95, 96, 97, 98, 99, 100, 101, 102, 103, 104, 105, 106, 107, 108, 109, 110, 111, 112, 113, 114, 115, 116, 117, 118, 119, 120, 121, 122, 123, 124, 125, 126, 127]",337857.0,327512,344,338201.0,344,338201.0,False,338201.0
36154,execution_finished,128,"[0, 1, 2, 3, 4, 5, 6, 7, 8, 9, 10, 11, 12, 13, 14, 15, 16, 17, 18, 19, 20, 21, 22, 23, 24, 25, 26, 27, 28, 29, 30, 31, 32, 33, 34, 35, 36, 37, 38, 39, 40, 41, 42, 43, 44, 45, 46, 47, 48, 49, 50, 51, 52, 53, 54, 55, 56, 57, 58, 59, 60, 61, 62, 63, 64, 65, 66, 67, 68, 69, 70, 71, 72, 73, 74, 75, 76, 77, 78, 79, 80, 81, 82, 83, 84, 85, 86, 87, 88, 89, 90, 91, 92, 93, 94, 95, 96, 97, 98, 99, 100, 101, 102, 103, 104, 105, 106, 107, 108, 109, 110, 111, 112, 113, 114, 115, 116, 117, 118, 119, 120, 121, 122, 123, 124, 125, 126, 127]",338201.0,328184,741,338942.0,741,338942.0,False,338942.0
36185,execution_finished,32,"[96, 97, 98, 99, 100, 101, 102, 103, 104, 105, 106, 107, 108, 109, 110, 111, 112, 113, 114, 115, 116, 117, 118, 119, 120, 121, 122, 123, 124, 125, 126, 127]",338942.0,333056,31,338973.0,31,338973.0,False,338973.0
36186,execution_finished,32,"[96, 97, 98, 99, 100, 101, 102, 103, 104, 105, 106, 107, 108, 109, 110, 111, 112, 113, 114, 115, 116, 117, 118, 119, 120, 121, 122, 123, 124, 125, 126, 127]",338973.0,333125,22,338995.0,22,338995.0,False,338995.0
36216,execution_finished,1,[110],338995.0,334774,5,339000.0,5,339000.0,False,339000.0
36232,execution_finished,1,[110],339000.0,335836,5,339005.0,5,339005.0,False,339005.0
36192,execution_finished,1,[127],338995.0,333380,12,339007.0,12,339007.0,False,339007.0
36199,execution_finished,1,[119],338995.0,333961,12,339007.0,12,339007.0,False,339007.0
36231,execution_finished,1,[100],338995.0,335717,12,339007.0,12,339007.0,False,339007.0
36198,execution_finished,1,[120],338995.0,333896,13,339008.0,13,339008.0,False,339008.0
36209,execution_finished,1,[112],338995.0,334471,13,339008.0,13,339008.0,False,339008.0
36206,execution_finished,1,[117],338995.0,334266,14,339009.0,14,339009.0,False,339009.0
36227,execution_finished,1,[101],338995.0,335400,15,339010.0,15,339010.0,False,339010.0
36202,execution_finished,1,[118],338995.0,334130,19,339014.0,19,339014.0,False,339014.0
36233,execution_finished,1,[110],339005.0,335899,11,339016.0,11,339016.0,False,339016.0
36242,execution_finished,1,[127],339007.0,336689,9,339016.0,9,339016.0,False,339016.0
36213,execution_finished,1,[111],338995.0,334672,26,339021.0,26,339021.0,False,339021.0
36253,execution_finished,1,[100],339007.0,337569,16,339023.0,16,339023.0,False,339023.0
36243,execution_finished,1,[119],339007.0,336917,22,339029.0,22,339029.0,False,339029.0
36260,execution_finished,1,[120],339008.0,338038,32,339040.0,32,339040.0,False,339040.0
36225,execution_finished,4,"[105, 104, 103, 102]",338995.0,335219,47,339042.0,47,339042.0,False,339042.0
36217,execution_finished,4,"[109, 108, 107, 106]",338995.0,334817,50,339045.0,50,339045.0,False,339045.0
36208,execution_finished,4,"[116, 115, 114, 113]",338995.0,334378,54,339049.0,54,339049.0,False,339049.0
36228,execution_finished,4,"[118, 117, 112, 101]",339014.0,335504,46,339060.0,46,339060.0,False,339060.0
36195,execution_finished,1,[125],338995.0,333469,69,339064.0,69,339064.0,False,339064.0
36230,execution_finished,4,"[127, 111, 110, 100]",339023.0,335690,46,339069.0,46,339069.0,False,339069.0
36237,execution_finished,4,"[120, 119, 105, 104]",339042.0,336089,27,339069.0,27,339069.0,False,339069.0
36241,execution_finished,4,"[116, 115, 114, 113]",339049.0,336572,48,339097.0,48,339097.0,False,339097.0
36239,execution_finished,4,"[109, 108, 107, 106]",339045.0,336236,61,339106.0,61,339106.0,False,339106.0
36251,execution_finished,4,"[127, 125, 120, 119]",339069.0,337519,42,339111.0,42,339111.0,False,339111.0
36248,execution_finished,4,"[118, 117, 112, 103]",339060.0,337339,53,339113.0,53,339113.0,False,339113.0
36196,execution_finished,4,"[124, 123, 122, 121]",338995.0,333474,134,339129.0,134,339129.0,False,339129.0
36255,execution_finished,4,"[111, 110, 105, 104]",339069.0,337621,96,339165.0,96,339165.0,False,339165.0
36266,execution_finished,16,"[127, 125, 120, 119, 118, 117, 116, 115, 114, 113, 112, 109, 108, 107, 106, 103]",339113.0,338958,57,339170.0,57,339170.0,False,339170.0
36194,execution_finished,1,[126],338995.0,333457,180,339175.0,180,339175.0,False,339175.0
36187,execution_finished,4,"[96, 97, 98, 99]",338995.0,333217,185,339180.0,185,339180.0,False,339180.0
36190,execution_finished,32,"[102, 101, 100, 121, 122, 123, 124, 104, 105, 110, 111, 103, 106, 107, 108, 109, 112, 113, 114, 115, 116, 117, 118, 119, 120, 125, 127, 126, 96, 97, 98, 99]",339180.0,333334,35,339215.0,35,339215.0,False,339215.0
36201,execution_finished,32,"[96, 97, 98, 99, 100, 101, 102, 103, 104, 105, 106, 107, 108, 109, 110, 111, 112, 113, 114, 115, 116, 117, 118, 119, 120, 121, 122, 123, 124, 125, 126, 127]",339215.0,334105,287,339502.0,287,339502.0,False,339502.0
36268,execution_finished,1,[115],339502.0,339179,28,339530.0,28,339530.0,False,339530.0
36276,execution_finished,1,[115],339600.0,339600,20,339620.0,20,339620.0,False,339620.0
36246,execution_finished,4,"[123, 122, 121, 120]",339502.0,337017,126,339628.0,126,339628.0,False,339628.0
36238,execution_finished,4,"[127, 126, 125, 124]",339502.0,336153,140,339642.0,140,339642.0,False,339642.0
36258,execution_finished,4,"[119, 118, 117, 116]",339502.0,337872,146,339648.0,146,339648.0,False,339648.0
36264,execution_finished,16,"[123, 122, 121, 120, 115, 114, 113, 112, 111, 110, 109, 108, 107, 106, 105, 104]",339628.0,338877,74,339702.0,74,339702.0,False,339702.0
36203,execution_finished,8,"[96, 97, 98, 99, 100, 101, 102, 103]",339502.0,334143,249,339751.0,249,339751.0,False,339751.0
36205,execution_finished,32,"[124, 125, 126, 127, 116, 117, 118, 119, 104, 105, 106, 107, 108, 109, 110, 111, 112, 113, 114, 115, 120, 121, 122, 123, 96, 97, 98, 99, 100, 101, 102, 103]",339751.0,334203,26,339777.0,26,339777.0,False,339777.0
36207,execution_finished,32,"[96, 97, 98, 99, 100, 101, 102, 103, 104, 105, 106, 107, 108, 109, 110, 111, 112, 113, 114, 115, 116, 117, 118, 119, 120, 121, 122, 123, 124, 125, 126, 127]",339777.0,334270,26,339803.0,26,339803.0,False,339803.0
36181,execution_finished,32,"[32, 33, 34, 35, 36, 37, 38, 39, 40, 41, 42, 43, 44, 45, 46, 47, 48, 49, 50, 51, 52, 53, 54, 55, 56, 57, 58, 59, 60, 61, 62, 63]",338942.0,332543,903,339845.0,903,339845.0,False,339845.0
36212,execution_finished,32,"[32, 33, 34, 35, 36, 37, 38, 39, 40, 41, 42, 43, 44, 45, 46, 47, 48, 49, 50, 51, 52, 53, 54, 55, 56, 57, 58, 59, 60, 61, 62, 63]",339845.0,334657,35,339880.0,35,339880.0,False,339880.0
36215,execution_finished,32,"[32, 33, 34, 35, 36, 37, 38, 39, 40, 41, 42, 43, 44, 45, 46, 47, 48, 49, 50, 51, 52, 53, 54, 55, 56, 57, 58, 59, 60, 61, 62, 63]",339880.0,334714,29,339909.0,29,339909.0,False,339909.0
36274,execution_finished,32,"[63, 62, 61, 60, 59, 58, 57, 56, 55, 54, 53, 52, 51, 50, 49, 48, 47, 46, 45, 44, 43, 42, 41, 40, 39, 38, 37, 36, 35, 34, 33, 32]",339909.0,339397,69,339978.0,69,339978.0,False,339978.0
36211,execution_finished,32,"[96, 97, 98, 99, 100, 101, 102, 103, 104, 105, 106, 107, 108, 109, 110, 111, 112, 113, 114, 115, 116, 117, 118, 119, 120, 121, 122, 123, 124, 125, 126, 127]",339803.0,334612,222,340025.0,222,340025.0,False,340025.0
36220,execution_finished,64,"[32, 33, 34, 35, 36, 37, 38, 39, 40, 41, 42, 43, 44, 45, 46, 47, 48, 49, 50, 51, 52, 53, 54, 55, 56, 57, 58, 59, 60, 61, 62, 63, 96, 97, 98, 99, 100, 101, 102, 103, 104, 105, 106, 107, 108, 109, 110, 111, 112, 113, 114, 115, 116, 117, 118, 119, 120, 121, 122, 123, 124, 125, 126, 127]",340025.0,334889,40,340065.0,40,340065.0,False,340065.0
36223,execution_finished,64,"[32, 33, 34, 35, 36, 37, 38, 39, 40, 41, 42, 43, 44, 45, 46, 47, 48, 49, 50, 51, 52, 53, 54, 55, 56, 57, 58, 59, 60, 61, 62, 63, 96, 97, 98, 99, 100, 101, 102, 103, 104, 105, 106, 107, 108, 109, 110, 111, 112, 113, 114, 115, 116, 117, 118, 119, 120, 121, 122, 123, 124, 125, 126, 127]",340065.0,334958,228,340293.0,228,340293.0,False,340293.0
36226,execution_finished,64,"[32, 33, 34, 35, 36, 37, 38, 39, 40, 41, 42, 43, 44, 45, 46, 47, 48, 49, 50, 51, 52, 53, 54, 55, 56, 57, 58, 59, 60, 61, 62, 63, 96, 97, 98, 99, 100, 101, 102, 103, 104, 105, 106, 107, 108, 109, 110, 111, 112, 113, 114, 115, 116, 117, 118, 119, 120, 121, 122, 123, 124, 125, 126, 127]",340293.0,335231,145,340438.0,145,340438.0,False,340438.0
36229,execution_finished,64,"[32, 33, 34, 35, 36, 37, 38, 39, 40, 41, 42, 43, 44, 45, 46, 47, 48, 49, 50, 51, 52, 53, 54, 55, 56, 57, 58, 59, 60, 61, 62, 63, 96, 97, 98, 99, 100, 101, 102, 103, 104, 105, 106, 107, 108, 109, 110, 111, 112, 113, 114, 115, 116, 117, 118, 119, 120, 121, 122, 123, 124, 125, 126, 127]",340438.0,335540,127,340565.0,127,340565.0,False,340565.0
36285,execution_finished,1,[110],340565.0,340372,11,340576.0,11,340576.0,False,340576.0
36284,execution_finished,1,[111],340565.0,340339,17,340582.0,17,340582.0,False,340582.0
36282,execution_finished,16,"[127, 126, 125, 124, 123, 122, 121, 120, 119, 118, 117, 116, 115, 114, 113, 112]",340565.0,340191,227,340792.0,227,340792.0,False,340792.0
36286,execution_finished,16,"[127, 126, 125, 124, 123, 122, 121, 120, 119, 118, 117, 116, 115, 114, 113, 112]",340792.0,340448,228,341020.0,228,341020.0,False,341020.0
36235,execution_finished,8,"[96, 97, 98, 99, 100, 101, 102, 103]",340565.0,335948,632,341197.0,632,341197.0,False,341197.0
36234,execution_finished,32,"[32, 33, 34, 35, 36, 37, 38, 39, 40, 41, 42, 43, 44, 45, 46, 47, 48, 49, 50, 51, 52, 53, 54, 55, 56, 57, 58, 59, 60, 61, 62, 63]",340565.0,335915,663,341228.0,663,341228.0,False,341228.0
36293,execution_finished,16,"[32, 33, 34, 35, 36, 37, 38, 39, 40, 41, 42, 43, 44, 45, 46, 47]",341235.0,341235,82,341317.0,82,341317.0,False,341317.0
36294,execution_finished,1,[48],341302.0,341302,16,341318.0,16,341318.0,False,341318.0
36295,execution_finished,1,[49],341328.0,341328,10,341338.0,10,341338.0,False,341338.0
36277,execution_finished,32,"[127, 126, 125, 124, 123, 122, 121, 120, 119, 118, 117, 116, 115, 114, 113, 112, 103, 102, 101, 100, 99, 98, 97, 96, 63, 62, 61, 60, 59, 58, 57, 56]",341228.0,339652,169,341397.0,169,341397.0,False,341397.0
36281,execution_finished,32,"[127, 126, 125, 124, 123, 122, 121, 120, 119, 118, 117, 116, 115, 114, 113, 112, 103, 102, 101, 100, 99, 98, 97, 96, 63, 62, 61, 60, 59, 58, 57, 56]",341397.0,339899,438,341835.0,438,341835.0,False,341835.0
36259,execution_finished,1,[110],341165.0,338000,1255,342420.0,1255,342420.0,False,342420.0
36300,execution_finished,1,[110],342420.0,342105,40,342460.0,40,342460.0,False,342460.0
36303,execution_finished,1,[110],342460.0,342178,25,342485.0,25,342485.0,False,342485.0
36304,execution_finished,1,[110],342485.0,342180,13,342498.0,13,342498.0,False,342498.0
36287,execution_finished,32,"[127, 126, 125, 124, 123, 122, 121, 120, 119, 118, 117, 116, 115, 114, 113, 112, 103, 102, 101, 100, 99, 98, 97, 96, 63, 62, 61, 60, 59, 58, 57, 56]",341835.0,340512,788,342623.0,788,342623.0,False,342623.0
36314,execution_finished,1,[126],342623.0,342449,7,342630.0,7,342630.0,False,342630.0
36315,execution_finished,1,[125],342623.0,342471,17,342640.0,17,342640.0,False,342640.0
36312,execution_finished,1,[127],342623.0,342440,24,342647.0,24,342647.0,False,342647.0
36306,execution_finished,1,[110],342498.0,342231,160,342658.0,160,342658.0,False,342658.0
36156,execution_finished,32,"[0, 1, 2, 3, 4, 5, 6, 7, 8, 9, 10, 11, 12, 13, 14, 15, 16, 17, 18, 19, 20, 21, 22, 23, 24, 25, 26, 27, 28, 29, 30, 31]",338942.0,329076,3721,342663.0,3721,342663.0,False,342663.0
36311,execution_finished,1,[56],342623.0,342375,45,342668.0,45,342668.0,False,342668.0
36183,execution_finished,32,"[64, 65, 66, 67, 68, 69, 70, 71, 72, 73, 74, 75, 76, 77, 78, 79, 80, 81, 82, 83, 84, 85, 86, 87, 88, 89, 90, 91, 92, 93, 94, 95]",338942.0,332799,3728,342670.0,3728,342670.0,False,342670.0
36319,execution_finished,1,[95],342781.0,342781,60,342841.0,60,342841.0,False,342841.0
36244,execution_finished,64,"[57, 58, 59, 60, 61, 62, 63, 96, 97, 98, 99, 100, 101, 102, 103, 112, 113, 114, 115, 116, 117, 118, 119, 120, 121, 122, 123, 124, 126, 125, 127, 110, 0, 1, 2, 3, 4, 5, 6, 7, 8, 9, 10, 11, 12, 13, 14, 15, 16, 17, 18, 19, 20, 21, 22, 23, 24, 25, 26, 27, 28, 29, 30, 31]",342663.0,336943,255,342918.0,255,342918.0,False,342918.0
36320,execution_finished,1,[95],342898.0,342898,48,342946.0,48,342946.0,False,342946.0
36252,execution_finished,64,"[0, 1, 2, 3, 4, 5, 6, 7, 8, 9, 10, 11, 12, 13, 14, 15, 16, 17, 18, 19, 20, 21, 22, 23, 24, 25, 26, 27, 28, 29, 30, 31, 57, 58, 59, 60, 61, 62, 63, 96, 97, 98, 99, 100, 101, 102, 103, 110, 112, 113, 114, 115, 116, 117, 118, 119, 120, 121, 122, 123, 124, 125, 126, 127]",342918.0,337536,225,343143.0,225,343143.0,False,343143.0
36263,execution_finished,64,"[95, 0, 1, 2, 3, 4, 5, 6, 7, 8, 9, 10, 11, 12, 13, 14, 15, 16, 17, 18, 19, 20, 21, 22, 23, 24, 25, 26, 27, 28, 29, 30, 31, 57, 58, 59, 60, 61, 62, 63, 96, 97, 98, 99, 100, 101, 102, 103, 110, 112, 113, 114, 115, 116, 117, 118, 119, 120, 121, 122, 123, 124, 125, 126]",343143.0,338809,127,343270.0,127,343270.0,False,343270.0
36265,execution_finished,64,"[127, 0, 1, 2, 3, 4, 5, 6, 7, 8, 9, 10, 11, 12, 13, 14, 15, 16, 17, 18, 19, 20, 21, 22, 23, 24, 25, 26, 27, 28, 29, 30, 31, 57, 58, 59, 60, 61, 62, 63, 95, 96, 97, 98, 99, 100, 101, 102, 103, 110, 112, 113, 114, 115, 116, 117, 118, 119, 120, 121, 122, 123, 124, 125]",343270.0,338945,121,343391.0,121,343391.0,False,343391.0
36273,execution_finished,64,"[126, 0, 1, 2, 3, 4, 5, 6, 7, 8, 9, 10, 11, 12, 13, 14, 15, 16, 17, 18, 19, 20, 21, 22, 23, 24, 25, 26, 27, 28, 29, 30, 31, 57, 58, 59, 60, 61, 62, 63, 95, 96, 97, 98, 99, 100, 101, 102, 103, 110, 112, 113, 114, 115, 116, 117, 118, 119, 120, 121, 122, 123, 124, 125]",343391.0,339389,113,343504.0,113,343504.0,False,343504.0
36275,execution_finished,64,"[127, 0, 1, 2, 3, 4, 5, 6, 7, 8, 9, 10, 11, 12, 13, 14, 15, 16, 17, 18, 19, 20, 21, 22, 23, 24, 25, 26, 27, 28, 29, 30, 31, 57, 58, 59, 60, 61, 62, 63, 95, 96, 97, 98, 99, 100, 101, 102, 103, 110, 112, 113, 114, 115, 116, 117, 118, 119, 120, 121, 122, 123, 124, 125]",343504.0,339508,108,343612.0,108,343612.0,False,343612.0
36278,execution_finished,64,"[126, 0, 1, 2, 3, 4, 5, 6, 7, 8, 9, 10, 11, 12, 13, 14, 15, 16, 17, 18, 19, 20, 21, 22, 23, 24, 25, 26, 27, 28, 29, 30, 31, 57, 58, 59, 60, 61, 62, 63, 95, 96, 97, 98, 99, 100, 101, 102, 103, 110, 112, 113, 114, 115, 116, 117, 118, 119, 120, 121, 122, 123, 124, 125]",343612.0,339803,37,343649.0,37,343649.0,False,343649.0
36280,execution_finished,64,"[127, 0, 1, 2, 3, 4, 5, 6, 7, 8, 9, 10, 11, 12, 13, 14, 15, 16, 17, 18, 19, 20, 21, 22, 23, 24, 25, 26, 27, 28, 29, 30, 31, 57, 58, 59, 60, 61, 62, 63, 95, 96, 97, 98, 99, 100, 101, 102, 103, 110, 112, 113, 114, 115, 116, 117, 118, 119, 120, 121, 122, 123, 124, 125]",343649.0,339863,39,343688.0,39,343688.0,False,343688.0
36302,execution_finished,16,"[103, 110, 112, 113, 114, 115, 116, 117, 118, 119, 120, 121, 122, 123, 124, 125]",343688.0,342170,48,343736.0,48,343736.0,False,343736.0
36331,execution_finished,2,"[127, 125]",343736.0,343500,17,343753.0,17,343753.0,False,343753.0
36299,execution_finished,16,"[31, 57, 58, 59, 60, 61, 62, 63, 95, 96, 97, 98, 99, 100, 101, 102]",343688.0,341935,74,343762.0,74,343762.0,False,343762.0
36297,execution_finished,32,"[126, 0, 1, 2, 3, 4, 5, 6, 7, 8, 9, 10, 11, 12, 13, 14, 15, 16, 17, 18, 19, 20, 21, 22, 23, 24, 25, 26, 27, 28, 29, 30]",343688.0,341382,791,344479.0,791,344479.0,False,344479.0
36309,execution_finished,32,"[103, 110, 112, 113, 114, 115, 116, 117, 118, 119, 120, 121, 122, 123, 124, 125, 127, 31, 57, 58, 59, 60, 61, 62, 63, 95, 96, 97, 98, 99, 100, 101]",343762.0,342295,949,344711.0,949,344711.0,False,344711.0
36344,execution_finished,2,"[118, 117]",344711.0,344256,25,344736.0,25,344736.0,False,344736.0
36326,execution_finished,2,"[62, 63]",344711.0,343309,34,344745.0,34,344745.0,False,344745.0
36337,execution_finished,2,"[120, 119]",344711.0,343941,47,344758.0,47,344758.0,False,344758.0
36333,execution_finished,2,"[122, 121]",344711.0,343545,113,344824.0,113,344824.0,False,344824.0
36325,execution_finished,2,"[60, 61]",344711.0,343235,124,344835.0,124,344835.0,False,344835.0
36332,execution_finished,4,"[127, 125, 124, 123]",344711.0,343522,133,344844.0,133,344844.0,False,344844.0
36324,execution_finished,4,"[31, 57, 58, 59]",344711.0,343213,144,344855.0,144,344855.0,False,344855.0
36245,execution_finished,32,"[56, 64, 65, 66, 67, 68, 69, 70, 71, 72, 73, 74, 75, 76, 77, 78, 79, 80, 81, 82, 83, 84, 85, 86, 87, 88, 89, 90, 91, 92, 93, 94]",342670.0,336960,2629,345299.0,2629,345299.0,False,345299.0
36351,execution_finished,1,[87],345299.0,344890,18,345317.0,18,345317.0,False,345317.0
36354,execution_finished,2,"[84, 83]",345299.0,345095,24,345323.0,24,345323.0,False,345323.0
36352,execution_finished,2,"[86, 85]",345299.0,344996,30,345329.0,30,345329.0,False,345329.0
36355,execution_finished,1,[82],345299.0,345097,31,345330.0,31,345330.0,False,345330.0
36350,execution_finished,1,[88],345299.0,344886,32,345331.0,32,345331.0,False,345331.0
36349,execution_finished,2,"[90, 89]",345299.0,344840,38,345337.0,38,345337.0,False,345337.0
36357,execution_finished,2,"[77, 76]",345299.0,345157,98,345397.0,98,345397.0,False,345397.0
36356,execution_finished,4,"[81, 80, 79, 78]",345299.0,345132,123,345422.0,123,345422.0,False,345422.0
36347,execution_finished,4,"[94, 93, 92, 91]",345299.0,344733,136,345435.0,136,345435.0,False,345435.0
36327,execution_finished,32,"[95, 96, 97, 98, 99, 100, 101, 103, 110, 112, 113, 114, 115, 116, 117, 118, 62, 63, 119, 120, 121, 122, 60, 61, 123, 124, 125, 127, 31, 57, 58, 59]",344855.0,343332,594,345449.0,594,345449.0,False,345449.0
36334,execution_finished,64,"[56, 64, 65, 66, 67, 68, 69, 70, 71, 72, 73, 74, 75, 87, 83, 84, 85, 86, 82, 88, 89, 90, 76, 77, 78, 79, 80, 81, 91, 92, 93, 94, 31, 57, 58, 59, 60, 61, 62, 63, 95, 96, 97, 98, 99, 100, 101, 103, 110, 112, 113, 114, 115, 116, 117, 118, 119, 120, 121, 122, 123, 124, 125, 127]",345449.0,343677,134,345583.0,134,345583.0,False,345583.0
36361,execution_finished,2,"[100, 101]",345583.0,345443,44,345627.0,44,345627.0,False,345627.0
36364,execution_finished,2,"[103, 110]",345583.0,345549,45,345628.0,45,345628.0,False,345628.0
36317,execution_finished,32,"[0, 1, 2, 3, 4, 5, 6, 7, 8, 9, 10, 11, 12, 13, 14, 15, 16, 17, 18, 19, 20, 21, 22, 23, 24, 25, 26, 27, 28, 29, 30, 126]",344479.0,342494,1236,345715.0,1236,345715.0,False,345715.0
36358,execution_finished,4,"[94, 95, 96, 97]",345583.0,345310,197,345780.0,197,345780.0,False,345780.0
36322,execution_finished,1,[104],345833.0,343133,40,345873.0,40,345873.0,False,345873.0
36323,execution_finished,1,[105],345890.0,343190,19,345909.0,19,345909.0,False,345909.0
36369,execution_finished,2,"[104, 97]",345920.0,345920,18,345938.0,18,345938.0,False,345938.0
36368,execution_finished,2,"[126, 105]",345920.0,345866,34,345954.0,34,345954.0,False,345954.0
36342,execution_finished,2,"[91, 92]",345583.0,344116,433,346016.0,433,346016.0,False,346016.0
36341,execution_finished,4,"[87, 88, 89, 90]",345583.0,344087,460,346043.0,460,346043.0,False,346043.0
36328,execution_finished,1,[106],346131.0,343431,44,346175.0,44,346175.0,False,346175.0
36330,execution_finished,1,[107],346192.0,343492,27,346219.0,27,346219.0,False,346219.0
36370,execution_finished,2,"[106, 107]",346219.0,345981,37,346256.0,37,346256.0,False,346256.0
36371,execution_finished,2,"[106, 107]",346256.0,346147,17,346273.0,17,346273.0,False,346273.0
36372,execution_finished,2,"[106, 107]",346273.0,346191,20,346293.0,20,346293.0,False,346293.0
36373,execution_finished,2,"[106, 107]",346293.0,346263,23,346316.0,23,346316.0,False,346316.0
36374,execution_finished,2,"[106, 107]",346329.0,346329,101,346430.0,101,346430.0,False,346430.0
36343,execution_finished,32,"[112, 113, 114, 115, 116, 117, 118, 119, 120, 121, 122, 123, 124, 125, 127, 100, 101, 103, 110, 0, 1, 2, 3, 4, 5, 6, 7, 8, 9, 10, 11, 12]",345715.0,344127,752,346467.0,752,346467.0,False,346467.0
36307,execution_finished,16,"[32, 33, 34, 35, 36, 37, 38, 39, 40, 41, 42, 43, 44, 45, 46, 47]",346417.0,342243,53,346470.0,53,346470.0,False,346470.0
36378,execution_finished,1,[32],346470.0,346453,19,346489.0,19,346489.0,False,346489.0
36377,execution_finished,2,"[106, 107]",346453.0,346447,103,346556.0,103,346556.0,False,346556.0
36336,execution_finished,1,[52],346528.0,343828,46,346574.0,46,346574.0,False,346574.0
36375,execution_finished,32,"[0, 1, 2, 3, 4, 5, 6, 7, 8, 9, 10, 11, 12, 100, 101, 103, 110, 112, 113, 114, 115, 116, 117, 118, 119, 120, 121, 122, 123, 124, 125, 127]",346467.0,346337,114,346581.0,114,346581.0,False,346581.0
36316,execution_finished,4,"[48, 49, 50, 51]",346462.0,342471,213,346675.0,213,346675.0,False,346675.0
36339,execution_finished,1,[54],346657.0,343957,40,346697.0,40,346697.0,False,346697.0
36338,execution_finished,1,[53],346655.0,343955,55,346710.0,55,346710.0,False,346710.0
36379,execution_finished,2,"[33, 34]",346611.0,346611,106,346717.0,106,346717.0,False,346717.0
36380,execution_finished,32,"[35, 36, 37, 38, 39, 40, 41, 42, 43, 44, 45, 46, 47, 32, 106, 107, 52, 0, 1, 2, 3, 4, 5, 6, 7, 8, 9, 10, 11, 12, 100, 101]",346641.0,346641,105,346746.0,105,346746.0,False,346746.0
36381,execution_finished,2,"[103, 110]",346753.0,346753,110,346863.0,110,346863.0,False,346863.0
36383,execution_finished,32,"[112, 113, 114, 115, 116, 117, 118, 119, 120, 121, 122, 123, 124, 125, 127, 48, 49, 50, 51, 54, 53, 33, 34, 0, 1, 2, 3, 4, 5, 6, 7, 8]",346858.0,346858,97,346955.0,97,346955.0,False,346955.0
36384,execution_finished,1,[9],346957.0,346957,20,346977.0,20,346977.0,False,346977.0
36345,execution_finished,1,[55],347017.0,344317,40,347057.0,40,347057.0,False,347057.0
36385,execution_finished,2,"[10, 11]",346984.0,346984,97,347081.0,97,347081.0,False,347081.0
36387,execution_finished,2,"[12, 32]",347226.0,347226,103,347329.0,103,347329.0,False,347329.0
36318,execution_finished,2,"[108, 109]",347179.0,342498,186,347365.0,186,347365.0,False,347365.0
36335,execution_finished,32,"[31, 56, 57, 58, 59, 60, 61, 62, 63, 64, 65, 66, 67, 68, 69, 70, 71, 72, 73, 74, 75, 76, 77, 78, 79, 80, 81, 82, 83, 84, 85, 86]",345583.0,343806,1786,347369.0,1786,347369.0,False,347369.0
36394,execution_finished,1,[77],347541.0,347541,34,347575.0,34,347575.0,False,347575.0
36391,execution_finished,32,"[103, 110, 0, 1, 2, 3, 4, 5, 6, 7, 8, 33, 34, 48, 49, 50, 51, 53, 54, 112, 113, 114, 115, 116, 117, 118, 119, 120, 121, 122, 123, 124]",347409.0,347409,195,347604.0,195,347604.0,False,347604.0
36398,execution_finished,1,[123],347897.0,347897,31,347928.0,31,347928.0,False,347928.0
36397,execution_finished,8,"[115, 116, 117, 118, 119, 120, 121, 122]",347897.0,347848,147,348044.0,147,348044.0,False,348044.0
36393,execution_finished,32,"[125, 127, 9, 55, 10, 11, 12, 32, 108, 109, 31, 56, 57, 58, 59, 60, 61, 62, 63, 64, 65, 66, 67, 68, 69, 70, 71, 72, 73, 74, 75, 76]",347480.0,347480,614,348094.0,614,348094.0,False,348094.0
36401,execution_finished,1,[75],348098.0,348098,20,348118.0,20,348118.0,False,348118.0
36399,execution_finished,4,"[71, 72, 73, 74]",348094.0,347941,32,348126.0,32,348126.0,False,348126.0
36359,execution_finished,2,"[98, 99]",345583.0,345332,2599,348182.0,2599,348182.0,False,348182.0
36396,execution_finished,32,"[124, 123, 115, 116, 117, 118, 119, 120, 121, 122, 9, 10, 11, 12, 31, 32, 55, 56, 57, 58, 59, 60, 61, 62, 63, 64, 65, 66, 67, 68, 69, 70]",348094.0,347759,229,348323.0,229,348323.0,False,348323.0
36348,execution_finished,2,"[111, 93]",348283.0,344756,374,348657.0,374,348657.0,False,348657.0
36404,execution_finished,4,"[9, 10, 11, 12]",348850.0,348850,164,349014.0,164,349014.0,False,349014.0
36365,execution_finished,32,"[102, 13, 14, 15, 16, 17, 18, 19, 20, 21, 22, 23, 24, 25, 26, 27, 28, 29, 30, 94, 95, 96, 97, 104, 105, 126, 91, 92, 87, 88, 89, 90]",348862.0,345595,1801,350663.0,1801,350663.0,False,350663.0
36410,execution_finished,32,"[13, 14, 15, 16, 17, 18, 19, 20, 21, 22, 23, 24, 25, 26, 27, 28, 29, 30, 87, 88, 89, 90, 91, 92, 94, 95, 96, 97, 102, 104, 105, 126]",350663.0,349203,103,350766.0,103,350766.0,False,350766.0
36416,execution_finished,32,"[13, 14, 15, 16, 17, 18, 19, 20, 21, 22, 23, 24, 25, 26, 27, 28, 29, 30, 87, 88, 89, 90, 91, 92, 94, 95, 96, 97, 102, 104, 105, 126]",350766.0,350129,112,350878.0,112,350878.0,False,350878.0
36427,execution_finished,1,[13],351171.0,351171,25,351196.0,25,351196.0,False,351196.0
36406,execution_finished,2,"[31, 32]",348871.0,348871,2326,351197.0,2326,351197.0,False,351197.0
36428,execution_finished,4,"[14, 15, 16, 17]",351198.0,351198,169,351367.0,169,351367.0,False,351367.0
36430,execution_finished,1,[20],351386.0,351386,41,351427.0,41,351427.0,False,351427.0
36431,execution_finished,16,"[21, 22, 23, 24, 25, 26, 27, 28, 29, 30, 87, 88, 89, 90, 91, 92]",351396.0,351396,59,351455.0,59,351455.0,False,351455.0
36433,execution_finished,1,[13],351592.0,351592,22,351614.0,22,351614.0,False,351614.0
36429,execution_finished,2,"[18, 19]",351222.0,351222,394,351616.0,394,351616.0,False,351616.0
36434,execution_finished,4,"[31, 32, 14, 15]",351617.0,351617,173,351790.0,173,351790.0,False,351790.0
36435,execution_finished,2,"[16, 17]",351640.0,351640,214,351854.0,214,351854.0,False,351854.0
36437,execution_finished,4,"[20, 21, 22, 23]",351856.0,351856,228,352084.0,228,352084.0,False,352084.0
36411,execution_finished,1,[35],352230.0,349309,18,352248.0,18,352248.0,False,352248.0
36439,execution_finished,2,"[24, 25]",351882.0,351882,403,352285.0,403,352285.0,False,352285.0
36450,execution_finished,1,[31],352322.0,352322,110,352432.0,110,352432.0,False,352432.0
36452,execution_finished,1,[21],352505.0,352505,10,352515.0,10,352515.0,False,352515.0
36454,execution_finished,1,[23],352525.0,352525,8,352533.0,8,352533.0,False,352533.0
36451,execution_finished,1,[20],352505.0,352471,31,352536.0,31,352536.0,False,352536.0
36453,execution_finished,1,[22],352525.0,352506,20,352545.0,20,352545.0,False,352545.0
36457,execution_finished,1,[31],352943.0,352943,10,352953.0,10,352953.0,False,352953.0
36395,execution_finished,32,"[78, 79, 80, 81, 82, 83, 84, 85, 86, 77, 0, 1, 2, 3, 4, 5, 6, 7, 8, 33, 34, 48, 49, 50, 51, 53, 54, 103, 110, 112, 113, 114]",347610.0,347610,5442,353052.0,5442,353052.0,False,353052.0
36459,execution_finished,1,[103],353180.0,353148,3,353183.0,3,353183.0,False,353183.0
36414,execution_finished,1,[74],353423.0,349632,17,353440.0,17,353440.0,False,353440.0
36423,execution_finished,1,[76],353466.0,350541,2,353468.0,2,353468.0,False,353468.0
36417,execution_finished,1,[75],353466.0,350243,19,353485.0,19,353485.0,False,353485.0
36425,execution_finished,1,[123],353466.0,350585,23,353489.0,23,353489.0,False,353489.0
36413,execution_finished,32,"[36, 37, 38, 39, 40, 41, 42, 43, 44, 45, 46, 47, 52, 55, 56, 57, 58, 59, 60, 61, 62, 63, 64, 65, 66, 67, 68, 69, 70, 71, 72, 73]",353423.0,349530,99,353522.0,99,353522.0,False,353522.0
36440,execution_finished,32,"[21, 23, 20, 22, 31, 0, 1, 2, 3, 4, 5, 6, 7, 8, 33, 34, 48, 49, 50, 51, 53, 54, 77, 78, 79, 80, 81, 82, 83, 84, 85, 86]",353052.0,351919,582,353634.0,582,353634.0,False,353634.0
36424,execution_finished,16,"[98, 99, 100, 101, 106, 107, 108, 109, 115, 116, 117, 118, 119, 120, 121, 122]",353466.0,350579,376,353842.0,376,353842.0,False,353842.0
36455,execution_finished,32,"[110, 112, 113, 114, 103, 74, 76, 75, 123, 36, 37, 38, 39, 40, 41, 42, 43, 44, 45, 46, 47, 52, 55, 56, 57, 58, 59, 60, 61, 62, 63, 64]",353522.0,352614,520,354042.0,520,354042.0,False,354042.0
36471,execution_finished,1,[42],354437.0,354437,148,354585.0,148,354585.0,False,354585.0
36469,execution_finished,16,"[108, 109, 115, 116, 117, 118, 119, 120, 121, 122, 36, 37, 38, 39, 40, 41]",354042.0,354042,557,354599.0,557,354599.0,False,354599.0
36473,execution_finished,4,"[74, 75, 76, 103]",354536.0,354536,68,354604.0,68,354604.0,False,354604.0
36472,execution_finished,16,"[43, 44, 45, 46, 47, 52, 55, 56, 57, 58, 59, 60, 61, 62, 63, 64]",354532.0,354532,91,354623.0,91,354623.0,False,354623.0
36474,execution_finished,1,[110],354601.0,354601,127,354728.0,127,354728.0,False,354728.0
36442,execution_finished,1,[10],354735.0,352035,33,354768.0,33,354768.0,False,354768.0
36441,execution_finished,1,[9],354735.0,351971,34,354769.0,34,354769.0,False,354769.0
36444,execution_finished,1,[11],354815.0,352114,42,354857.0,42,354857.0,False,354857.0
36445,execution_finished,1,[12],354815.0,352115,67,354882.0,67,354882.0,False,354882.0
36478,execution_finished,16,"[74, 75, 76, 103, 43, 44, 45, 46, 47, 52, 55, 56, 57, 58, 59, 60]",354838.0,354838,82,354920.0,82,354920.0,False,354920.0
36477,execution_finished,16,"[36, 37, 38, 39, 40, 41, 108, 109, 115, 116, 117, 118, 119, 120, 121, 122]",354827.0,354827,129,354956.0,129,354956.0,False,354956.0
36476,execution_finished,1,[42],354776.0,354776,189,354965.0,189,354965.0,False,354965.0
36447,execution_finished,1,[93],354986.0,352261,22,355008.0,22,355008.0,False,355008.0
36448,execution_finished,4,"[111, 124, 125, 127]",354986.0,352286,162,355148.0,162,355148.0,False,355148.0
36481,execution_finished,16,"[12, 43, 44, 45, 46, 47, 52, 55, 56, 57, 58, 59, 60, 74, 75, 76]",354973.0,354973,212,355185.0,212,355185.0,False,355185.0
36460,execution_finished,32,"[65, 66, 67, 68, 69, 70, 71, 72, 73, 0, 1, 2, 3, 4, 5, 6, 7, 8, 20, 21, 22, 23, 31, 33, 34, 48, 49, 50, 51, 53, 54, 77]",353634.0,353180,1717,355351.0,1717,355351.0,False,355351.0
36485,execution_finished,16,"[36, 37, 38, 39, 40, 41, 42, 12, 43, 44, 45, 46, 47, 52, 55, 56]",355211.0,355211,224,355435.0,224,355435.0,False,355435.0
36462,execution_finished,1,[94],356162.0,353462,11,356173.0,11,356173.0,False,356173.0
36464,execution_finished,1,[95],356219.0,353519,13,356232.0,13,356232.0,False,356232.0
36479,execution_finished,64,"[103, 108, 109, 115, 116, 117, 118, 119, 120, 121, 122, 93, 111, 124, 125, 127, 57, 58, 59, 60, 74, 75, 76, 0, 1, 2, 3, 4, 5, 6, 7, 8, 20, 21, 22, 23, 31, 33, 34, 48, 49, 50, 51, 53, 54, 65, 66, 67, 68, 69, 70, 71, 72, 73, 77, 12, 36, 37, 38, 39, 40, 41, 42, 43]",355435.0,354930,1655,357090.0,1655,357090.0,False,357090.0
36468,execution_finished,32,"[26, 27, 28, 29, 30, 87, 88, 89, 90, 91, 92, 96, 97, 102, 104, 105, 126, 78, 79, 80, 81, 82, 83, 84, 85, 86, 98, 99, 100, 101, 106, 107]",356555.0,353821,702,357257.0,702,357257.0,False,357257.0
36490,execution_finished,32,"[58, 59, 60, 65, 66, 67, 68, 69, 70, 71, 72, 73, 74, 75, 76, 77, 93, 103, 108, 109, 111, 115, 116, 117, 118, 119, 120, 121, 122, 124, 125, 127]",357090.0,356391,440,357530.0,440,357530.0,False,357530.0
36480,execution_finished,16,"[13, 16, 17, 18, 19, 24, 25, 32, 35, 61, 62, 63, 64, 10, 9, 11]",357673.0,354957,195,357868.0,195,357868.0,False,357868.0
36502,execution_finished,8,"[120, 121, 122, 124, 125, 127, 9, 10]",357868.0,357542,55,357923.0,55,357923.0,False,357923.0
36484,execution_finished,32,"[0, 1, 2, 3, 4, 5, 6, 7, 8, 12, 20, 21, 22, 23, 31, 33, 34, 36, 37, 38, 39, 40, 41, 42, 43, 48, 49, 50, 51, 53, 54, 57]",357090.0,355202,1180,358270.0,1180,358270.0,False,358270.0
36507,execution_finished,4,"[11, 13, 16, 17]",358200.0,358200,266,358466.0,266,358466.0,False,358466.0
36497,execution_finished,32,"[18, 19, 24, 25, 32, 35, 61, 62, 63, 64, 9, 10, 120, 121, 122, 124, 125, 127, 0, 1, 2, 3, 4, 5, 6, 7, 8, 12, 20, 21, 22, 23]",358270.0,357155,599,358869.0,599,358869.0,False,358869.0
36519,execution_finished,4,"[23, 24, 25, 32]",358957.0,358957,142,359099.0,142,359099.0,False,359099.0
36491,execution_finished,1,[112],359295.0,356595,9,359304.0,9,359304.0,False,359304.0
36499,execution_finished,1,[110],359980.0,357280,38,360018.0,38,360018.0,False,360018.0
36506,execution_finished,32,"[39, 40, 41, 42, 43, 48, 49, 50, 51, 53, 54, 11, 13, 16, 17, 0, 1, 2, 3, 4, 5, 6, 7, 8, 9, 10, 12, 18, 19, 20, 21, 22]",358869.0,358105,1202,360071.0,1202,360071.0,False,360071.0
36501,execution_finished,4,"[113, 114, 123, 26]",360049.0,357349,32,360081.0,32,360081.0,False,360081.0
36522,execution_finished,4,"[0, 1, 2, 3]",360071.0,359715,69,360140.0,69,360140.0,False,360140.0
36492,execution_finished,64,"[44, 45, 46, 47, 52, 55, 56, 27, 28, 29, 30, 78, 79, 80, 81, 82, 83, 84, 85, 86, 87, 88, 89, 90, 91, 92, 96, 97, 98, 99, 100, 101, 102, 104, 105, 106, 107, 126, 58, 59, 60, 65, 66, 67, 68, 69, 70, 71, 72, 73, 74, 75, 76, 77, 93, 103, 108, 109, 111, 115, 116, 117, 118, 119]",360535.0,356606,174,360709.0,174,360709.0,False,360709.0
36503,execution_finished,64,"[0, 1, 2, 3, 27, 28, 29, 30, 44, 45, 46, 47, 52, 55, 56, 58, 59, 60, 65, 66, 67, 68, 69, 70, 71, 72, 73, 74, 75, 76, 77, 78, 79, 80, 81, 82, 83, 84, 85, 86, 87, 88, 89, 90, 91, 92, 93, 96, 97, 98, 99, 100, 101, 102, 103, 104, 105, 106, 107, 108, 109, 111, 115, 116]",360709.0,357625,99,360808.0,99,360808.0,False,360808.0
36505,execution_finished,64,"[117, 118, 119, 126, 0, 1, 2, 3, 27, 28, 29, 30, 44, 45, 46, 47, 52, 55, 56, 58, 59, 60, 65, 66, 67, 68, 69, 70, 71, 72, 73, 74, 75, 76, 77, 78, 79, 80, 81, 82, 83, 84, 85, 86, 87, 88, 89, 90, 91, 92, 93, 96, 97, 98, 99, 100, 101, 102, 103, 104, 105, 106, 107, 108]",360808.0,357980,175,360983.0,175,360983.0,False,360983.0
36508,execution_finished,64,"[109, 111, 115, 116, 0, 1, 2, 3, 27, 28, 29, 30, 44, 45, 46, 47, 52, 55, 56, 58, 59, 60, 65, 66, 67, 68, 69, 70, 71, 72, 73, 74, 75, 76, 77, 78, 79, 80, 81, 82, 83, 84, 85, 86, 87, 88, 89, 90, 91, 92, 93, 96, 97, 98, 99, 100, 101, 102, 103, 104, 105, 106, 107, 108]",360983.0,358236,206,361189.0,206,361189.0,False,361189.0
36511,execution_finished,4,"[94, 31, 33, 34]",361278.0,358578,21,361299.0,21,361299.0,False,361299.0
36510,execution_finished,64,"[117, 118, 119, 126, 0, 1, 2, 3, 27, 28, 29, 30, 44, 45, 46, 47, 52, 55, 56, 58, 59, 60, 65, 66, 67, 68, 69, 70, 71, 72, 73, 74, 75, 76, 77, 78, 79, 80, 81, 82, 83, 84, 85, 86, 87, 88, 89, 90, 91, 92, 93, 96, 97, 98, 99, 100, 101, 102, 103, 104, 105, 106, 107, 108]",361189.0,358455,181,361370.0,181,361370.0,False,361370.0
36515,execution_finished,4,"[95, 36, 37, 38]",361479.0,358779,31,361510.0,31,361510.0,False,361510.0
36512,execution_finished,64,"[109, 111, 115, 116, 31, 33, 34, 94, 0, 1, 2, 3, 27, 28, 29, 30, 44, 45, 46, 47, 52, 55, 56, 58, 59, 60, 65, 66, 67, 68, 69, 70, 71, 72, 73, 74, 75, 76, 77, 78, 79, 80, 81, 82, 83, 84, 85, 86, 87, 88, 89, 90, 91, 92, 93, 96, 97, 98, 99, 100, 101, 102, 103, 104]",361370.0,358647,202,361572.0,202,361572.0,False,361572.0
36532,execution_finished,64,"[4, 5, 6, 7, 8, 9, 10, 11, 12, 13, 16, 17, 18, 19, 20, 21, 22, 23, 24, 25, 26, 32, 35, 39, 40, 41, 42, 43, 48, 49, 50, 51, 53, 54, 57, 60, 61, 62, 63, 64, 65, 66, 67, 68, 69, 70, 71, 72, 73, 74, 75, 76, 77, 78, 79, 80, 81, 82, 83, 84, 85, 86, 87, 88]",366672.0,361185,192,366864.0,192,366864.0,False,366864.0
36534,execution_finished,64,"[4, 5, 6, 7, 8, 9, 10, 11, 12, 13, 16, 17, 18, 19, 20, 21, 22, 23, 24, 25, 26, 32, 35, 39, 40, 41, 42, 43, 48, 49, 50, 51, 53, 54, 57, 60, 61, 62, 63, 64, 65, 66, 67, 68, 69, 70, 71, 72, 73, 74, 75, 76, 77, 78, 79, 80, 81, 82, 83, 84, 85, 86, 87, 88]",366864.0,361392,199,367063.0,199,367063.0,False,367063.0
36539,execution_finished,64,"[4, 5, 6, 7, 8, 9, 10, 11, 12, 13, 16, 17, 18, 19, 20, 21, 22, 23, 24, 25, 26, 32, 35, 39, 40, 41, 42, 43, 48, 49, 50, 51, 53, 54, 57, 60, 61, 62, 63, 64, 65, 66, 67, 68, 69, 70, 71, 72, 73, 74, 75, 76, 77, 78, 79, 80, 81, 82, 83, 84, 85, 86, 87, 88]",367063.0,362044,1166,368229.0,1166,368229.0,False,368229.0
36585,execution_finished,1,[84],368229.0,367915,19,368248.0,19,368248.0,False,368248.0
36567,execution_finished,1,[88],368229.0,365883,29,368258.0,29,368258.0,False,368258.0
36587,execution_finished,1,[83],368229.0,367947,93,368322.0,93,368322.0,False,368322.0
36573,execution_finished,1,[87],368229.0,366707,109,368338.0,109,368338.0,False,368338.0
36575,execution_finished,1,[86],368229.0,366912,128,368357.0,128,368357.0,False,368357.0
36555,execution_finished,8,"[63, 64, 65, 66, 67, 68, 69, 70]",368229.0,364413,135,368364.0,135,368364.0,False,368364.0
36580,execution_finished,1,[85],368229.0,367676,158,368387.0,158,368387.0,False,368387.0
36552,execution_finished,1,[53],368229.0,364073,165,368394.0,165,368394.0,False,368394.0
36592,execution_finished,1,[83],368829.0,368510,9,368838.0,9,368838.0,False,368838.0
36591,execution_finished,1,[88],368829.0,368508,21,368850.0,21,368850.0,False,368850.0
36596,execution_finished,8,"[86, 63, 64, 65, 66, 67, 68, 69]",368829.0,368707,93,368922.0,93,368922.0,False,368922.0
36589,execution_finished,1,[84],368829.0,368381,103,368932.0,103,368932.0,False,368932.0
36597,execution_finished,1,[70],368858.0,368858,110,368968.0,110,368968.0,False,368968.0
36594,execution_finished,1,[87],368829.0,368630,149,368978.0,149,368978.0,False,368978.0
36550,execution_finished,32,"[4, 5, 6, 7, 8, 9, 10, 11, 12, 13, 16, 17, 18, 19, 20, 21, 22, 23, 24, 25, 26, 32, 35, 39, 40, 41, 42, 43, 48, 49, 50, 51]",368229.0,363603,1119,369348.0,1119,369348.0,False,369348.0
36561,execution_finished,32,"[83, 88, 63, 64, 65, 66, 67, 68, 69, 86, 84, 70, 87, 4, 5, 6, 7, 8, 9, 10, 11, 12, 13, 16, 17, 18, 19, 20, 21, 22, 23, 24]",369348.0,364808,159,369507.0,159,369507.0,False,369507.0
36562,execution_finished,32,"[25, 26, 32, 35, 39, 40, 41, 42, 43, 48, 49, 50, 51, 4, 5, 6, 7, 8, 9, 10, 11, 12, 13, 16, 17, 18, 19, 20, 21, 22, 23, 24]",369507.0,365054,181,369688.0,181,369688.0,False,369688.0
36548,execution_finished,1,[90],369763.0,363229,3,369766.0,3,369766.0,False,369766.0
36547,execution_finished,1,[89],369763.0,363212,10,369773.0,10,369773.0,False,369773.0
36549,execution_finished,1,[91],369763.0,363234,14,369777.0,14,369777.0,False,369777.0
36604,execution_finished,4,"[25, 26, 32, 35]",369919.0,369919,78,369997.0,78,369997.0,False,369997.0
36564,execution_finished,32,"[63, 64, 65, 66, 67, 68, 69, 70, 83, 84, 86, 87, 88, 4, 5, 6, 7, 8, 9, 10, 11, 12, 13, 16, 17, 18, 19, 20, 21, 22, 23, 24]",369688.0,365261,389,370077.0,389,370077.0,False,370077.0
36607,execution_finished,4,"[23, 24, 63, 64]",370081.0,370081,76,370157.0,76,370157.0,False,370157.0
36606,execution_finished,1,[39],370056.0,370056,252,370308.0,252,370308.0,False,370308.0
36566,execution_finished,32,"[40, 41, 42, 43, 48, 49, 50, 51, 90, 89, 91, 25, 26, 32, 35, 4, 5, 6, 7, 8, 9, 10, 11, 12, 13, 16, 17, 18, 19, 20, 21, 22]",370077.0,365784,256,370333.0,256,370333.0,False,370333.0
36610,execution_finished,1,[48],370428.0,370428,21,370449.0,21,370449.0,False,370449.0
36609,execution_finished,8,"[25, 26, 32, 35, 40, 41, 42, 43]",370397.0,370397,66,370463.0,66,370463.0,False,370463.0
36608,execution_finished,1,[22],370336.0,370336,139,370475.0,139,370475.0,False,370475.0
36576,execution_finished,32,"[65, 66, 67, 68, 69, 70, 83, 84, 86, 87, 88, 23, 24, 63, 64, 39, 4, 5, 6, 7, 8, 9, 10, 11, 12, 13, 16, 17, 18, 19, 20, 21]",370333.0,366914,202,370535.0,202,370535.0,False,370535.0
36578,execution_finished,32,"[49, 50, 51, 89, 90, 91, 48, 25, 26, 32, 35, 40, 41, 42, 43, 22, 4, 5, 6, 7, 8, 9, 10, 11, 12, 13, 16, 17, 18, 19, 20, 21]",370535.0,367466,203,370738.0,203,370738.0,False,370738.0
36582,execution_finished,32,"[23, 24, 39, 63, 64, 65, 66, 67, 68, 69, 70, 83, 84, 86, 87, 88, 4, 5, 6, 7, 8, 9, 10, 11, 12, 13, 16, 17, 18, 19, 20, 21]",370738.0,367731,182,370920.0,182,370920.0,False,370920.0
36554,execution_finished,32,"[92, 93, 94, 96, 97, 98, 99, 100, 101, 102, 103, 104, 109, 110, 111, 112, 113, 114, 115, 116, 120, 121, 122, 123, 124, 125, 127, 54, 57, 60, 61, 62]",370929.0,364394,150,371079.0,150,371079.0,False,371079.0
36588,execution_finished,32,"[22, 25, 26, 32, 35, 40, 41, 42, 43, 48, 49, 50, 51, 89, 90, 91, 4, 5, 6, 7, 8, 9, 10, 11, 12, 13, 16, 17, 18, 19, 20, 21]",370920.0,368173,333,371253.0,333,371253.0,False,371253.0
36595,execution_finished,32,"[111, 112, 113, 114, 115, 116, 120, 121, 122, 123, 124, 125, 127, 4, 5, 6, 7, 8, 9, 10, 11, 12, 13, 16, 17, 18, 19, 20, 21, 22, 25, 26]",371253.0,368641,154,371407.0,154,371407.0,False,371407.0
36619,execution_finished,16,"[32, 35, 40, 41, 42, 43, 48, 49, 50, 51, 89, 90, 91, 4, 5, 6]",371407.0,371172,106,371513.0,106,371513.0,False,371513.0
36620,execution_finished,16,"[7, 8, 9, 10, 11, 12, 13, 16, 17, 18, 19, 20, 21, 22, 25, 26]",371407.0,371399,129,371536.0,129,371536.0,False,371536.0
36622,execution_finished,8,"[111, 112, 113, 114, 115, 116, 120, 121]",371547.0,371547,58,371605.0,58,371605.0,False,371605.0
36623,execution_finished,4,"[122, 123, 124, 125]",371654.0,371654,70,371724.0,70,371724.0,False,371724.0
36624,execution_finished,1,[127],371725.0,371725,124,371849.0,124,371849.0,False,371849.0
36625,execution_finished,4,"[4, 5, 6, 32]",371829.0,371829,78,371907.0,78,371907.0,False,371907.0
36626,execution_finished,8,"[35, 40, 41, 42, 43, 48, 49, 50]",371918.0,371918,67,371985.0,67,371985.0,False,371985.0
36628,execution_finished,16,"[51, 89, 90, 91, 7, 8, 9, 10, 11, 12, 13, 16, 17, 18, 19, 20]",372010.0,372010,96,372106.0,96,372106.0,False,372106.0
36629,execution_finished,8,"[122, 123, 124, 125, 127, 4, 5, 6]",372284.0,372284,57,372341.0,57,372341.0,False,372341.0
36631,execution_finished,16,"[32, 35, 40, 41, 42, 43, 48, 49, 50, 7, 8, 9, 10, 11, 12, 13]",372346.0,372346,64,372410.0,64,372410.0,False,372410.0
36632,execution_finished,1,[16],372373.0,372373,144,372517.0,144,372517.0,False,372517.0
36637,execution_finished,1,[17],372623.0,372623,121,372744.0,121,372744.0,False,372744.0
36638,execution_finished,1,[4],372868.0,372868,114,372982.0,114,372982.0,False,372982.0
36640,execution_finished,1,[17],373163.0,373163,114,373277.0,114,373277.0,False,373277.0
36645,execution_finished,1,[4],373539.0,373539,111,373650.0,111,373650.0,False,373650.0
36615,execution_finished,1,[53],373618.0,370918,126,373744.0,126,373744.0,False,373744.0
36618,execution_finished,16,"[71, 72, 73, 74, 75, 76, 77, 78, 79, 80, 81, 82, 85, 104, 109, 110]",373872.0,371143,16,373888.0,16,373888.0,False,373888.0
36646,execution_finished,1,[17],373800.0,373800,116,373916.0,116,373916.0,False,373916.0
36642,execution_finished,8,"[73, 74, 75, 76, 77, 78, 79, 80]",373888.0,373354,62,373950.0,62,373950.0,False,373950.0
36641,execution_finished,4,"[4, 53, 71, 72]",373888.0,373265,69,373957.0,69,373957.0,False,373957.0
36650,execution_finished,1,[78],373950.0,373928,129,374079.0,129,374079.0,False,374079.0
36593,execution_finished,32,"[23, 24, 39, 63, 64, 65, 66, 67, 68, 69, 70, 83, 84, 86, 87, 88, 54, 57, 60, 61, 62, 92, 93, 94, 96, 97, 98, 99, 100, 101, 102, 103]",371079.0,368593,4493,375572.0,4493,375572.0,False,375572.0
36644,execution_finished,16,"[21, 22, 25, 26, 81, 82, 85, 104, 109, 110, 17, 73, 74, 75, 76, 77]",376650.0,373470,60,376710.0,60,376710.0,False,376710.0
36671,execution_finished,1,[21],376710.0,376206,13,376723.0,13,376723.0,False,376723.0
36672,execution_finished,1,[22],376710.0,376226,126,376836.0,126,376836.0,False,376836.0
36669,execution_finished,1,[17],376710.0,376032,127,376837.0,127,376837.0,False,376837.0
36657,execution_finished,32,"[23, 24, 39, 54, 57, 60, 61, 62, 63, 64, 65, 66, 67, 68, 69, 70, 83, 84, 86, 87, 88, 92, 93, 94, 96, 97, 98, 99, 100, 101, 102, 103]",375572.0,374937,1267,376839.0,1267,376839.0,False,376839.0
36680,execution_finished,1,[22],377371.0,377360,7,377378.0,7,377378.0,False,377378.0
36681,execution_finished,1,[17],377371.0,377371,9,377380.0,9,377380.0,False,377380.0
36656,execution_finished,1,[19],377367.0,374667,109,377476.0,109,377476.0,False,377476.0
36520,execution_finished,32,"[105, 106, 107, 108, 117, 118, 119, 126, 36, 37, 38, 95, 0, 1, 2, 3, 27, 28, 29, 30, 31, 33, 34, 44, 45, 46, 47, 52, 55, 56, 58, 59]",361572.0,359316,15919,377491.0,15919,377491.0,False,377491.0
36449,execution_finished,2,"[14, 15]",352322.0,352307,25208,377530.0,25208,377530.0,False,377530.0
36654,execution_finished,1,[18],377367.0,374394,174,377541.0,174,377541.0,False,377541.0
36653,execution_finished,32,"[5, 6, 7, 8, 9, 10, 11, 12, 13, 20, 32, 35, 40, 41, 42, 43, 48, 49, 50, 51, 89, 90, 91, 111, 112, 113, 114, 115, 116, 120, 121, 122]",377510.0,374356,498,378008.0,498,378008.0,False,378008.0
36658,execution_finished,1,[16],378272.0,374961,168,378440.0,168,378440.0,False,378440.0
36664,execution_finished,1,[127],379057.0,375536,128,379185.0,128,379185.0,False,379185.0
36661,execution_finished,1,[125],379057.0,375246,154,379211.0,154,379211.0,False,379211.0
36668,execution_finished,1,[78],379179.0,375815,114,379293.0,114,379293.0,False,379293.0
36660,execution_finished,8,"[4, 53, 71, 72, 79, 80, 123, 124]",379057.0,375141,2379,381436.0,2379,381436.0,False,381436.0
36679,execution_finished,64,"[19, 0, 1, 2, 3, 27, 28, 29, 30, 31, 33, 34, 36, 37, 38, 44, 45, 46, 47, 52, 55, 56, 58, 59, 95, 105, 106, 107, 108, 117, 118, 119, 126, 14, 15, 18, 5, 6, 7, 8, 9, 10, 11, 12, 13, 20, 32, 35, 40, 41, 42, 43, 48, 49, 50, 51, 89, 90, 91, 111, 112, 113, 114, 115]",378008.0,377331,6578,384586.0,6578,384586.0,False,384586.0
36687,execution_finished,64,"[126, 119, 118, 117, 115, 114, 113, 112, 111, 108, 107, 106, 105, 95, 91, 90, 89, 59, 58, 56, 55, 52, 51, 50, 49, 48, 47, 46, 45, 44, 43, 42, 41, 40, 38, 37, 36, 35, 34, 33, 32, 31, 30, 29, 28, 27, 20, 19, 18, 15, 14, 13, 12, 11, 10, 9, 8, 7, 6, 5, 3, 2, 1, 0]",384718.0,384718,156,384874.0,156,384874.0,False,384874.0
36682,execution_finished,64,"[16, 17, 21, 22, 23, 24, 25, 26, 39, 54, 57, 60, 61, 62, 63, 64, 65, 66, 67, 68, 69, 70, 73, 74, 75, 76, 77, 78, 81, 82, 83, 84, 85, 86, 87, 88, 92, 93, 94, 96, 97, 98, 99, 100, 101, 102, 103, 104, 109, 110, 116, 120, 121, 122, 125, 127, 4, 53, 71, 72, 79, 80, 123, 124]",384393.0,377527,6868,391261.0,6868,391261.0,False,391261.0
36684,execution_finished,128,"[0, 1, 2, 3, 5, 6, 7, 8, 9, 10, 11, 12, 13, 14, 15, 18, 19, 20, 27, 28, 29, 30, 31, 32, 33, 34, 35, 36, 37, 38, 40, 41, 42, 43, 44, 45, 46, 47, 48, 49, 50, 51, 52, 55, 56, 58, 59, 89, 90, 91, 95, 105, 106, 107, 108, 111, 112, 113, 114, 115, 117, 118, 119, 126, 4, 16, 17, 21, 22, 23, 24, 25, 26, 39, 53, 54, 57, 60, 61, 62, 63, 64, 65, 66, 67, 68, 69, 70, 71, 72, 73, 74, 75, 76, 77, 78, 79, 80, 81, 82, 83, 84, 85, 86, 87, 88, 92, 93, 94, 96, 97, 98, 99, 100, 101, 102, 103, 104, 109, 110, 116, 120, 121, 122, 123, 124, 125, 127]",393961.0,384404,105,394066.0,105,394066.0,False,394066.0
36685,execution_finished,64,"[0, 1, 2, 3, 4, 5, 6, 7, 8, 9, 10, 11, 12, 13, 14, 15, 16, 17, 18, 19, 20, 21, 22, 23, 24, 25, 26, 27, 28, 29, 30, 31, 32, 33, 34, 35, 36, 37, 38, 39, 40, 41, 42, 43, 44, 45, 46, 47, 48, 49, 50, 51, 52, 53, 54, 55, 56, 57, 58, 59, 60, 61, 62, 63]",394066.0,384513,10924,404990.0,10924,404990.0,False,404990.0
36762,execution_finished,128,"[64, 65, 66, 67, 68, 69, 70, 71, 72, 73, 74, 75, 76, 77, 78, 79, 80, 81, 82, 83, 84, 85, 86, 87, 88, 89, 90, 91, 92, 93, 94, 95, 96, 97, 98, 99, 100, 101, 102, 103, 104, 105, 106, 107, 108, 109, 110, 111, 112, 113, 114, 115, 116, 117, 118, 119, 120, 121, 122, 123, 124, 125, 126, 127, 0, 1, 2, 3, 4, 5, 6, 7, 8, 9, 10, 11, 12, 13, 14, 15, 16, 17, 18, 19, 20, 21, 22, 23, 24, 25, 26, 27, 28, 29, 30, 31, 32, 33, 34, 35, 36, 37, 38, 39, 40, 41, 42, 43, 44, 45, 46, 47, 48, 49, 50, 51, 52, 53, 54, 55, 56, 57, 58, 59, 60, 61, 62, 63]",407690.0,395445,89,407779.0,89,407779.0,False,407779.0
36763,execution_finished,128,"[0, 1, 2, 3, 4, 5, 6, 7, 8, 9, 10, 11, 12, 13, 14, 15, 16, 17, 18, 19, 20, 21, 22, 23, 24, 25, 26, 27, 28, 29, 30, 31, 32, 33, 34, 35, 36, 37, 38, 39, 40, 41, 42, 43, 44, 45, 46, 47, 48, 49, 50, 51, 52, 53, 54, 55, 56, 57, 58, 59, 60, 61, 62, 63, 64, 65, 66, 67, 68, 69, 70, 71, 72, 73, 74, 75, 76, 77, 78, 79, 80, 81, 82, 83, 84, 85, 86, 87, 88, 89, 90, 91, 92, 93, 94, 95, 96, 97, 98, 99, 100, 101, 102, 103, 104, 105, 106, 107, 108, 109, 110, 111, 112, 113, 114, 115, 116, 117, 118, 119, 120, 121, 122, 123, 124, 125, 126, 127]",407779.0,395538,10924,418703.0,10924,418703.0,False,418703.0
36806,execution_finished,1,[4],418703.0,410270,3,418706.0,3,418706.0,False,418706.0
36875,execution_finished,1,[92],418703.0,415811,14,418717.0,14,418717.0,False,418717.0
36855,execution_finished,1,[93],418703.0,413938,16,418719.0,16,418719.0,False,418719.0
36807,execution_finished,1,[5],418703.0,410291,17,418720.0,17,418720.0,False,418720.0
36816,execution_finished,2,"[8, 9]",418703.0,410955,17,418720.0,17,418720.0,False,418720.0
36817,execution_finished,2,"[10, 11]",418703.0,410980,17,418720.0,17,418720.0,False,418720.0
36821,execution_finished,2,"[24, 25]",418703.0,411101,18,418721.0,18,418721.0,False,418721.0
36882,execution_finished,1,[91],418703.0,417602,21,418724.0,21,418724.0,False,418724.0
36818,execution_finished,4,"[12, 13, 14, 15]",418703.0,411010,22,418725.0,22,418725.0,False,418725.0
36845,execution_finished,2,"[127, 126]",418703.0,413270,30,418733.0,30,418733.0,False,418733.0
36810,execution_finished,2,"[6, 7]",418703.0,410351,35,418738.0,35,418738.0,False,418738.0
36819,execution_finished,8,"[16, 17, 18, 19, 20, 21, 22, 23]",418703.0,411052,37,418740.0,37,418740.0,False,418740.0
36883,execution_finished,1,[90],418703.0,417650,37,418740.0,37,418740.0,False,418740.0
36889,execution_finished,4,"[91, 25, 24, 15]",418725.0,417847,16,418741.0,16,418741.0,False,418741.0
36884,execution_finished,1,[4],418706.0,417697,39,418745.0,39,418745.0,False,418745.0
36888,execution_finished,1,[92],418717.0,417772,36,418753.0,36,418753.0,False,418753.0
36804,execution_finished,2,"[0, 1]",418703.0,410112,54,418757.0,54,418757.0,False,418757.0
36847,execution_finished,16,"[125, 124, 123, 122, 121, 120, 119, 118, 117, 116, 115, 114, 113, 112, 111, 110]",418703.0,413329,56,418759.0,56,418759.0,False,418759.0
36805,execution_finished,2,"[2, 3]",418703.0,410206,71,418774.0,71,418774.0,False,418774.0
36894,execution_finished,4,"[127, 126, 14, 13]",418733.0,418469,61,418794.0,61,418794.0,False,418794.0
36886,execution_finished,2,"[8, 5]",418720.0,417763,80,418800.0,80,418800.0,False,418800.0
36867,execution_finished,8,"[91, 25, 24, 16, 15, 12, 7, 6]",418741.0,414544,61,418802.0,61,418802.0,False,418802.0
36848,execution_finished,16,"[109, 108, 107, 106, 105, 104, 103, 102, 101, 100, 99, 98, 97, 96, 95, 94]",418703.0,413414,104,418807.0,104,418807.0,False,418807.0
36861,execution_finished,8,"[90, 23, 22, 21, 20, 19, 18, 17]",418740.0,414126,70,418810.0,70,418810.0,False,418810.0
36824,execution_finished,16,"[42, 43, 44, 45, 46, 47, 48, 49, 50, 51, 52, 53, 54, 55, 56, 57]",418703.0,411141,108,418811.0,108,418811.0,False,418811.0
36822,execution_finished,16,"[26, 27, 28, 29, 30, 31, 32, 33, 34, 35, 36, 37, 38, 39, 40, 41]",418703.0,411123,116,418819.0,116,418819.0,False,418819.0
36885,execution_finished,4,"[93, 11, 10, 9]",418720.0,417740,104,418824.0,104,418824.0,False,418824.0
36849,execution_finished,16,"[125, 124, 123, 122, 121, 120, 119, 118, 117, 116, 115, 114, 113, 112, 111, 110]",418759.0,413422,101,418860.0,101,418860.0,False,418860.0
36874,execution_finished,8,"[127, 126, 92, 14, 13, 4, 3, 2]",418794.0,415552,74,418868.0,74,418868.0,False,418868.0
36877,execution_finished,8,"[91, 25, 24, 16, 15, 12, 8, 7]",418802.0,416120,69,418871.0,69,418871.0,False,418871.0
36879,execution_finished,8,"[109, 108, 107, 106, 105, 104, 103, 102]",418807.0,416907,73,418880.0,73,418880.0,False,418880.0
36881,execution_finished,8,"[101, 100, 99, 98, 97, 96, 95, 94]",418807.0,417303,82,418889.0,82,418889.0,False,418889.0
36860,execution_finished,32,"[57, 56, 55, 54, 53, 52, 51, 50, 49, 48, 47, 46, 45, 44, 43, 42, 41, 40, 39, 38, 37, 36, 35, 34, 33, 32, 31, 30, 29, 28, 27, 26]",418819.0,414103,92,418911.0,92,418911.0,False,418911.0
36866,execution_finished,32,"[127, 126, 125, 124, 123, 122, 121, 120, 119, 118, 117, 116, 115, 114, 113, 112, 111, 110, 93, 92, 14, 13, 11, 10, 9, 6, 5, 4, 3, 2, 1, 0]",418868.0,414516,87,418955.0,87,418955.0,False,418955.0
36893,execution_finished,8,"[90, 23, 22, 21, 20, 19, 18, 17]",418810.0,417971,159,418969.0,159,418969.0,False,418969.0
36895,execution_finished,32,"[109, 108, 107, 106, 105, 104, 103, 102, 101, 100, 99, 98, 97, 96, 95, 94, 91, 57, 56, 55, 54, 53, 52, 51, 50, 49, 48, 47, 46, 45, 44, 43]",418911.0,418559,61,418972.0,61,418972.0,False,418972.0
36827,execution_finished,32,"[58, 59, 60, 61, 62, 63, 64, 65, 66, 67, 68, 69, 70, 71, 72, 73, 74, 75, 76, 77, 78, 79, 80, 81, 82, 83, 84, 85, 86, 87, 88, 89]",418703.0,411438,282,418985.0,282,418985.0,False,418985.0
36836,execution_finished,128,"[7, 8, 12, 15, 16, 24, 25, 26, 27, 28, 29, 30, 31, 32, 33, 34, 35, 36, 37, 38, 39, 40, 41, 42, 0, 1, 2, 3, 4, 5, 6, 9, 10, 11, 13, 14, 92, 93, 110, 111, 112, 113, 114, 115, 116, 117, 118, 119, 120, 121, 122, 123, 124, 125, 126, 127, 17, 18, 19, 20, 21, 22, 23, 90, 43, 44, 45, 46, 47, 48, 49, 50, 51, 52, 53, 54, 55, 56, 57, 91, 94, 95, 96, 97, 98, 99, 100, 101, 102, 103, 104, 105, 106, 107, 108, 109, 58, 59, 60, 61, 62, 63, 64, 65, 66, 67, 68, 69, 70, 71, 72, 73, 74, 75, 76, 77, 78, 79, 80, 81, 82, 83, 84, 85, 86, 87, 88, 89]",418985.0,411996,28,419013.0,28,419013.0,False,419013.0
36837,execution_finished,128,"[0, 1, 2, 3, 4, 5, 6, 7, 8, 9, 10, 11, 12, 13, 14, 15, 16, 17, 18, 19, 20, 21, 22, 23, 24, 25, 26, 27, 28, 29, 30, 31, 32, 33, 34, 35, 36, 37, 38, 39, 40, 41, 42, 43, 44, 45, 46, 47, 48, 49, 50, 51, 52, 53, 54, 55, 56, 57, 58, 59, 60, 61, 62, 63, 64, 65, 66, 67, 68, 69, 70, 71, 72, 73, 74, 75, 76, 77, 78, 79, 80, 81, 82, 83, 84, 85, 86, 87, 88, 89, 90, 91, 92, 93, 94, 95, 96, 97, 98, 99, 100, 101, 102, 103, 104, 105, 106, 107, 108, 109, 110, 111, 112, 113, 114, 115, 116, 117, 118, 119, 120, 121, 122, 123, 124, 125, 126, 127]",419013.0,412106,452,419465.0,452,419465.0,False,419465.0
36876,execution_finished,32,"[95, 94, 93, 92, 91, 90, 89, 88, 87, 86, 85, 84, 83, 82, 81, 80, 79, 78, 77, 76, 75, 74, 73, 72, 71, 70, 69, 68, 67, 66, 65, 64]",419465.0,416101,86,419551.0,86,419551.0,False,419551.0
36873,execution_finished,32,"[127, 126, 125, 124, 123, 122, 121, 120, 119, 118, 117, 116, 115, 114, 113, 112, 111, 110, 109, 108, 107, 106, 105, 104, 103, 102, 101, 100, 99, 98, 97, 96]",419465.0,415528,96,419561.0,96,419561.0,False,419561.0
36878,execution_finished,32,"[95, 94, 93, 92, 91, 90, 89, 88, 87, 86, 85, 84, 83, 82, 81, 80, 79, 78, 77, 76, 75, 74, 73, 72, 71, 70, 69, 68, 67, 66, 65, 64]",419551.0,416888,89,419640.0,89,419640.0,False,419640.0
36899,execution_finished,4,"[92, 91, 90, 89]",419640.0,419228,5,419645.0,5,419645.0,False,419645.0
36904,execution_finished,1,[87],419640.0,419528,9,419649.0,9,419649.0,False,419649.0
36905,execution_finished,1,[86],419640.0,419587,10,419650.0,10,419650.0,False,419650.0
36900,execution_finished,1,[88],419640.0,419272,19,419659.0,19,419659.0,False,419659.0
36880,execution_finished,32,"[127, 126, 125, 124, 123, 122, 121, 120, 119, 118, 117, 116, 115, 114, 113, 112, 111, 110, 109, 108, 107, 106, 105, 104, 103, 102, 101, 100, 99, 98, 97, 96]",419561.0,417273,110,419671.0,110,419671.0,False,419671.0
36896,execution_finished,1,[95],419640.0,419068,34,419674.0,34,419674.0,False,419674.0
36903,execution_finished,32,"[127, 126, 125, 124, 123, 122, 121, 120, 119, 118, 117, 116, 115, 114, 113, 112, 111, 110, 109, 108, 107, 106, 105, 104, 103, 102, 101, 100, 99, 98, 97, 96]",419671.0,419429,35,419706.0,35,419706.0,False,419706.0
36898,execution_finished,2,"[94, 93]",419640.0,419132,95,419735.0,95,419735.0,False,419735.0
36853,execution_finished,64,"[0, 1, 2, 3, 4, 5, 6, 7, 8, 9, 10, 11, 12, 13, 14, 15, 16, 17, 18, 19, 20, 21, 22, 23, 24, 25, 26, 27, 28, 29, 30, 31, 32, 33, 34, 35, 36, 37, 38, 39, 40, 41, 42, 43, 44, 45, 46, 47, 48, 49, 50, 51, 52, 53, 54, 55, 56, 57, 58, 59, 60, 61, 62, 63]",419465.0,413661,274,419739.0,274,419739.0,False,419739.0
36868,execution_finished,128,"[64, 65, 66, 67, 68, 69, 70, 71, 72, 73, 74, 75, 76, 77, 78, 79, 80, 81, 82, 83, 84, 85, 89, 90, 91, 92, 87, 86, 88, 95, 96, 97, 98, 99, 100, 101, 102, 103, 104, 105, 106, 107, 108, 109, 110, 111, 112, 113, 114, 115, 116, 117, 118, 119, 120, 121, 122, 123, 124, 125, 126, 127, 93, 94, 0, 1, 2, 3, 4, 5, 6, 7, 8, 9, 10, 11, 12, 13, 14, 15, 16, 17, 18, 19, 20, 21, 22, 23, 24, 25, 26, 27, 28, 29, 30, 31, 32, 33, 34, 35, 36, 37, 38, 39, 40, 41, 42, 43, 44, 45, 46, 47, 48, 49, 50, 51, 52, 53, 54, 55, 56, 57, 58, 59, 60, 61, 62, 63]",419739.0,414711,78,419817.0,78,419817.0,False,419817.0
36869,execution_finished,128,"[0, 1, 2, 3, 4, 5, 6, 7, 8, 9, 10, 11, 12, 13, 14, 15, 16, 17, 18, 19, 20, 21, 22, 23, 24, 25, 26, 27, 28, 29, 30, 31, 32, 33, 34, 35, 36, 37, 38, 39, 40, 41, 42, 43, 44, 45, 46, 47, 48, 49, 50, 51, 52, 53, 54, 55, 56, 57, 58, 59, 60, 61, 62, 63, 64, 65, 66, 67, 68, 69, 70, 71, 72, 73, 74, 75, 76, 77, 78, 79, 80, 81, 82, 83, 84, 85, 86, 87, 88, 89, 90, 91, 92, 93, 94, 95, 96, 97, 98, 99, 100, 101, 102, 103, 104, 105, 106, 107, 108, 109, 110, 111, 112, 113, 114, 115, 116, 117, 118, 119, 120, 121, 122, 123, 124, 125, 126, 127]",419817.0,414857,86,419903.0,86,419903.0,False,419903.0
36909,execution_finished,1,[80],419903.0,419879,25,419928.0,25,419928.0,False,419928.0
36907,execution_finished,32,"[127, 126, 125, 124, 123, 122, 121, 120, 119, 118, 117, 116, 115, 114, 113, 112, 111, 110, 109, 108, 107, 106, 105, 104, 103, 102, 101, 100, 99, 98, 97, 96]",419903.0,419673,62,419965.0,62,419965.0,False,419965.0
36910,execution_finished,1,[81],419985.0,419985,10,419995.0,10,419995.0,False,419995.0
36911,execution_finished,1,[82],419999.0,419999,11,420010.0,11,420010.0,False,420010.0
36897,execution_finished,4,"[70, 71, 72, 73]",419903.0,419111,115,420018.0,115,420018.0,False,420018.0
36887,execution_finished,32,"[0, 1, 2, 3, 4, 5, 6, 7, 8, 9, 10, 11, 12, 13, 14, 15, 16, 17, 18, 19, 20, 21, 22, 23, 24, 25, 26, 27, 28, 29, 30, 31]",419903.0,417769,139,420042.0,139,420042.0,False,420042.0
36892,execution_finished,32,"[38, 39, 40, 41, 42, 43, 44, 45, 46, 47, 48, 49, 50, 51, 52, 53, 54, 55, 56, 57, 58, 59, 60, 61, 62, 63, 64, 65, 66, 67, 68, 69]",419903.0,417927,198,420101.0,198,420101.0,False,420101.0
36906,execution_finished,64,"[83, 84, 85, 86, 87, 88, 89, 90, 91, 92, 93, 94, 95, 80, 96, 97, 98, 99, 100, 101, 102, 103, 104, 105, 106, 107, 108, 109, 110, 111, 112, 113, 114, 115, 116, 117, 118, 119, 120, 121, 122, 123, 124, 125, 126, 127, 81, 82, 70, 71, 72, 73, 0, 1, 2, 3, 4, 5, 6, 7, 8, 9, 10, 11]",420042.0,419651,224,420266.0,224,420266.0,False,420266.0
36908,execution_finished,32,"[12, 13, 14, 15, 16, 17, 18, 19, 20, 21, 22, 23, 24, 25, 26, 27, 28, 29, 30, 31, 38, 39, 40, 41, 42, 43, 44, 45, 46, 47, 48, 49]",420101.0,419827,258,420359.0,258,420359.0,False,420359.0
36914,execution_finished,1,[108],420358.0,420309,21,420379.0,21,420379.0,False,420379.0
36912,execution_finished,64,"[50, 51, 52, 53, 54, 55, 56, 57, 58, 59, 60, 61, 62, 63, 64, 65, 66, 67, 68, 69, 0, 1, 2, 3, 4, 5, 6, 7, 8, 9, 10, 11, 70, 71, 72, 73, 80, 81, 82, 83, 84, 85, 86, 87, 88, 89, 90, 91, 92, 93, 94, 95, 96, 97, 98, 99, 100, 101, 102, 103, 104, 105, 106, 107]",420266.0,420061,243,420509.0,243,420509.0,False,420509.0
36917,execution_finished,1,[58],420572.0,420572,15,420587.0,15,420587.0,False,420587.0
36916,execution_finished,8,"[50, 51, 52, 53, 54, 55, 56, 57]",420509.0,420395,158,420667.0,158,420667.0,False,420667.0
36915,execution_finished,32,"[25, 26, 27, 28, 29, 30, 31, 38, 39, 40, 41, 42, 43, 44, 45, 46, 47, 48, 49, 108, 0, 1, 2, 3, 4, 5, 6, 7, 8, 9, 10, 11]",420509.0,420358,193,420702.0,193,420702.0,False,420702.0
36902,execution_finished,2,"[78, 79]",419903.0,419348,817,420720.0,817,420720.0,False,420720.0
36891,execution_finished,2,"[36, 37]",419903.0,417908,831,420734.0,831,420734.0,False,420734.0
36901,execution_finished,4,"[74, 75, 76, 77]",419903.0,419326,836,420739.0,836,420739.0,False,420739.0
36890,execution_finished,4,"[32, 33, 34, 35]",419903.0,417886,850,420753.0,850,420753.0,False,420753.0
36918,execution_finished,64,"[59, 60, 61, 62, 63, 64, 65, 66, 67, 68, 69, 70, 71, 72, 73, 80, 81, 82, 83, 84, 85, 86, 87, 88, 89, 90, 91, 92, 93, 94, 95, 96, 97, 98, 99, 100, 101, 102, 103, 104, 105, 106, 107, 58, 50, 51, 52, 53, 54, 55, 56, 57, 0, 1, 2, 3, 4, 5, 6, 7, 8, 9, 10, 11]",420702.0,420667,211,420913.0,211,420913.0,False,420913.0
36921,execution_finished,1,[31],420884.0,420884,30,420914.0,30,420914.0,False,420914.0
36923,execution_finished,1,[83],420952.0,420952,10,420962.0,10,420962.0,False,420962.0
36922,execution_finished,64,"[38, 39, 40, 41, 42, 43, 44, 45, 46, 47, 48, 49, 108, 78, 79, 36, 37, 74, 75, 76, 77, 32, 33, 34, 35, 0, 1, 2, 3, 4, 5, 6, 7, 8, 9, 10, 11, 50, 51, 52, 53, 54, 55, 56, 57, 58, 59, 60, 61, 62, 63, 64, 65, 66, 67, 68, 69, 70, 71, 72, 73, 80, 81, 82]",420913.0,420896,114,421027.0,114,421027.0,False,421027.0
36924,execution_finished,64,"[84, 85, 86, 87, 88, 89, 90, 91, 92, 93, 94, 95, 96, 97, 98, 99, 100, 101, 102, 103, 104, 105, 106, 107, 31, 83, 0, 1, 2, 3, 4, 5, 6, 7, 8, 9, 10, 11, 32, 33, 34, 35, 36, 37, 38, 39, 40, 41, 42, 43, 44, 45, 46, 47, 48, 49, 50, 51, 52, 53, 54, 55, 56, 57]",421027.0,421016,206,421233.0,206,421233.0,False,421233.0
36925,execution_finished,1,[58],421224.0,421224,11,421235.0,11,421235.0,False,421235.0
36926,execution_finished,1,[59],421225.0,421225,22,421247.0,22,421247.0,False,421247.0
36927,execution_finished,64,"[60, 61, 62, 63, 64, 65, 66, 67, 68, 69, 70, 71, 72, 73, 74, 75, 76, 77, 78, 79, 80, 81, 82, 108, 0, 1, 2, 3, 4, 5, 6, 7, 8, 9, 10, 11, 31, 32, 33, 34, 35, 36, 37, 38, 39, 40, 41, 42, 43, 44, 45, 46, 47, 48, 49, 50, 51, 52, 53, 54, 55, 56, 57, 83]",421275.0,421275,44,421319.0,44,421319.0,False,421319.0
36928,execution_finished,1,[84],421298.0,421298,29,421327.0,29,421327.0,False,421327.0
36929,execution_finished,64,"[85, 86, 87, 88, 89, 90, 91, 92, 93, 94, 95, 96, 97, 98, 99, 100, 101, 102, 103, 104, 105, 106, 107, 58, 59, 0, 1, 2, 3, 4, 5, 6, 7, 8, 9, 10, 11, 31, 32, 33, 34, 35, 36, 37, 38, 39, 40, 41, 42, 43, 44, 45, 46, 47, 48, 49, 50, 51, 52, 53, 54, 55, 56, 57]",421350.0,421350,103,421453.0,103,421453.0,False,421453.0
36931,execution_finished,1,[57],421505.0,421505,14,421519.0,14,421519.0,False,421519.0
36930,execution_finished,64,"[60, 61, 62, 63, 64, 65, 66, 67, 68, 69, 70, 71, 72, 73, 74, 75, 76, 77, 78, 79, 80, 81, 82, 83, 108, 84, 0, 1, 2, 3, 4, 5, 6, 7, 8, 9, 10, 11, 31, 32, 33, 34, 35, 36, 37, 38, 39, 40, 41, 42, 43, 44, 45, 46, 47, 48, 49, 50, 51, 52, 53, 54, 55, 56]",421480.0,421480,108,421588.0,108,421588.0,False,421588.0
36919,execution_finished,4,"[25, 26, 27, 28]",420767.0,420767,837,421604.0,837,421604.0,False,421604.0
36920,execution_finished,2,"[29, 30]",420792.0,420792,813,421605.0,813,421605.0,False,421605.0
36932,execution_finished,32,"[58, 59, 85, 86, 87, 88, 89, 90, 91, 92, 93, 94, 95, 96, 97, 98, 99, 100, 101, 102, 103, 104, 105, 106, 107, 57, 0, 1, 2, 3, 4, 5]",421621.0,421621,152,421773.0,152,421773.0,False,421773.0
36934,execution_finished,64,"[7, 8, 9, 10, 11, 31, 32, 33, 34, 35, 36, 37, 38, 39, 40, 41, 42, 43, 44, 45, 46, 47, 48, 49, 50, 51, 52, 53, 54, 55, 56, 60, 61, 62, 63, 64, 65, 66, 67, 68, 69, 70, 71, 72, 73, 74, 75, 76, 77, 78, 79, 80, 81, 82, 83, 84, 108, 25, 26, 27, 28, 29, 30, 0]",421801.0,421801,46,421847.0,46,421847.0,False,421847.0
36935,execution_finished,1,[1],421824.0,421824,29,421853.0,29,421853.0,False,421853.0
36936,execution_finished,64,"[2, 3, 4, 5, 57, 58, 59, 85, 86, 87, 88, 89, 90, 91, 92, 93, 94, 95, 96, 97, 98, 99, 100, 101, 102, 103, 104, 105, 106, 107, 0, 7, 8, 9, 10, 11, 25, 26, 27, 28, 29, 30, 31, 32, 33, 34, 35, 36, 37, 38, 39, 40, 41, 42, 43, 44, 45, 46, 47, 48, 49, 50, 51, 52]",421876.0,421876,38,421914.0,38,421914.0,False,421914.0
36938,execution_finished,1,[48],422013.0,422013,19,422032.0,19,422032.0,False,422032.0
36937,execution_finished,64,"[53, 54, 55, 56, 60, 61, 62, 63, 64, 65, 66, 67, 68, 69, 70, 71, 72, 73, 74, 75, 76, 77, 78, 79, 80, 81, 82, 83, 84, 108, 1, 0, 2, 3, 4, 5, 7, 8, 9, 10, 11, 25, 26, 27, 28, 29, 30, 31, 32, 33, 34, 35, 36, 37, 38, 39, 40, 41, 42, 43, 44, 45, 46, 47]",421937.0,421937,107,422044.0,107,422044.0,False,422044.0
36939,execution_finished,64,"[49, 50, 51, 52, 57, 58, 59, 85, 86, 87, 88, 89, 90, 91, 92, 93, 94, 95, 96, 97, 98, 99, 100, 101, 102, 103, 104, 105, 106, 107, 48, 0, 1, 2, 3, 4, 5, 7, 8, 9, 10, 11, 25, 26, 27, 28, 29, 30, 31, 32, 33, 34, 35, 36, 37, 38, 39, 40, 41, 42, 43, 44, 45, 46]",422069.0,422069,106,422175.0,106,422175.0,False,422175.0
36940,execution_finished,64,"[47, 53, 54, 55, 56, 60, 61, 62, 63, 64, 65, 66, 67, 68, 69, 70, 71, 72, 73, 74, 75, 76, 77, 78, 79, 80, 81, 82, 83, 84, 108, 0, 1, 2, 3, 4, 5, 7, 8, 9, 10, 11, 25, 26, 27, 28, 29, 30, 31, 32, 33, 34, 35, 36, 37, 38, 39, 40, 41, 42, 43, 44, 45, 46]",422203.0,422203,70,422273.0,70,422273.0,False,422273.0
36913,execution_finished,32,"[109, 110, 111, 112, 113, 114, 115, 116, 117, 118, 119, 120, 121, 122, 123, 124, 125, 126, 127, 12, 13, 14, 15, 16, 17, 18, 19, 20, 21, 22, 23, 24]",420359.0,420235,2004,422363.0,2004,422363.0,False,422363.0
36933,execution_finished,1,[6],421776.0,421776,631,422407.0,631,422407.0,False,422407.0
36941,execution_finished,32,"[48, 49, 50, 51, 52, 57, 58, 59, 85, 86, 87, 88, 89, 90, 91, 92, 93, 94, 95, 96, 97, 98, 99, 100, 101, 102, 103, 104, 105, 106, 107, 0]",422273.0,422250,180,422453.0,180,422453.0,False,422453.0
36942,execution_finished,64,"[1, 2, 3, 4, 5, 7, 8, 9, 10, 11, 25, 26, 27, 28, 29, 30, 31, 32, 33, 34, 35, 36, 37, 38, 39, 40, 41, 42, 43, 44, 45, 46, 47, 53, 54, 55, 56, 60, 61, 62, 63, 64, 65, 66, 67, 68, 69, 70, 71, 72, 73, 74, 75, 76, 77, 78, 79, 80, 81, 82, 83, 84, 108, 12]",422363.0,422362,127,422490.0,127,422490.0,False,422490.0
36943,execution_finished,1,[13],422444.0,422444,61,422505.0,61,422505.0,False,422505.0
36944,execution_finished,64,"[14, 15, 16, 17, 18, 19, 20, 21, 22, 23, 24, 109, 110, 111, 112, 113, 114, 115, 116, 117, 118, 119, 120, 121, 122, 123, 124, 125, 126, 127, 6, 0, 48, 49, 50, 51, 52, 57, 58, 59, 85, 86, 87, 88, 89, 90, 91, 92, 93, 94, 95, 96, 97, 98, 99, 100, 101, 102, 103, 104, 105, 106, 107, 1]",422491.0,422491,251,422742.0,251,422742.0,False,422742.0
36947,execution_finished,1,[3],422745.0,422745,24,422769.0,24,422769.0,False,422769.0
36945,execution_finished,1,[2],422525.0,422525,355,422880.0,355,422880.0,False,422880.0
36949,execution_finished,64,"[6, 14, 15, 16, 17, 18, 19, 20, 21, 22, 23, 24, 48, 49, 50, 51, 52, 57, 58, 59, 85, 86, 87, 88, 89, 90, 91, 92, 93, 94, 95, 96, 97, 98, 99, 100, 101, 102, 103, 104, 105, 106, 107, 109, 110, 111, 112, 113, 114, 115, 116, 117, 118, 119, 120, 121, 122, 123, 124, 125, 126, 127, 3, 2]",422893.0,422893,59,422952.0,59,422952.0,False,422952.0
36950,execution_finished,64,"[2, 3, 6, 14, 15, 16, 17, 18, 19, 20, 21, 22, 23, 24, 48, 49, 50, 51, 52, 57, 58, 59, 85, 86, 87, 88, 89, 90, 91, 92, 93, 94, 95, 96, 97, 98, 99, 100, 101, 102, 103, 104, 105, 106, 107, 109, 110, 111, 112, 113, 114, 115, 116, 117, 118, 119, 120, 121, 122, 123, 124, 125, 126, 127]",422966.0,422966,52,423018.0,52,423018.0,False,423018.0
36951,execution_finished,64,"[2, 3, 6, 14, 15, 16, 17, 18, 19, 20, 21, 22, 23, 24, 48, 49, 50, 51, 52, 57, 58, 59, 85, 86, 87, 88, 89, 90, 91, 92, 93, 94, 95, 96, 97, 98, 99, 100, 101, 102, 103, 104, 105, 106, 107, 109, 110, 111, 112, 113, 114, 115, 116, 117, 118, 119, 120, 121, 122, 123, 124, 125, 126, 127]",423036.0,423036,46,423082.0,46,423082.0,False,423082.0
36952,execution_finished,64,"[2, 3, 6, 14, 15, 16, 17, 18, 19, 20, 21, 22, 23, 24, 48, 49, 50, 51, 52, 57, 58, 59, 85, 86, 87, 88, 89, 90, 91, 92, 93, 94, 95, 96, 97, 98, 99, 100, 101, 102, 103, 104, 105, 106, 107, 109, 110, 111, 112, 113, 114, 115, 116, 117, 118, 119, 120, 121, 122, 123, 124, 125, 126, 127]",423096.0,423096,36,423132.0,36,423132.0,False,423132.0
36953,execution_finished,64,"[2, 3, 6, 14, 15, 16, 17, 18, 19, 20, 21, 22, 23, 24, 48, 49, 50, 51, 52, 57, 58, 59, 85, 86, 87, 88, 89, 90, 91, 92, 93, 94, 95, 96, 97, 98, 99, 100, 101, 102, 103, 104, 105, 106, 107, 109, 110, 111, 112, 113, 114, 115, 116, 117, 118, 119, 120, 121, 122, 123, 124, 125, 126, 127]",423146.0,423146,33,423179.0,33,423179.0,False,423179.0
36948,execution_finished,64,"[4, 5, 7, 8, 9, 10, 11, 12, 25, 26, 27, 28, 29, 30, 31, 32, 33, 34, 35, 36, 37, 38, 39, 40, 41, 42, 43, 44, 45, 46, 47, 53, 54, 55, 56, 60, 61, 62, 63, 64, 65, 66, 67, 68, 69, 70, 71, 72, 73, 74, 75, 76, 77, 78, 79, 80, 81, 82, 83, 84, 108, 13, 0, 1]",422800.0,422800,421,423221.0,421,423221.0,False,423221.0
36954,execution_finished,64,"[2, 3, 6, 14, 15, 16, 17, 18, 19, 20, 21, 22, 23, 24, 48, 49, 50, 51, 52, 57, 58, 59, 85, 86, 87, 88, 89, 90, 91, 92, 93, 94, 95, 96, 97, 98, 99, 100, 101, 102, 103, 104, 105, 106, 107, 109, 110, 111, 112, 113, 114, 115, 116, 117, 118, 119, 120, 121, 122, 123, 124, 125, 126, 127]",423190.0,423190,38,423228.0,38,423228.0,False,423228.0
36955,execution_finished,1,[0],423232.0,423232,11,423243.0,11,423243.0,False,423243.0
36957,execution_finished,1,[3],423245.0,423245,29,423274.0,29,423274.0,False,423274.0
36956,execution_finished,64,"[1, 4, 5, 7, 8, 9, 10, 11, 12, 13, 25, 26, 27, 28, 29, 30, 31, 32, 33, 34, 35, 36, 37, 38, 39, 40, 41, 42, 43, 44, 45, 46, 47, 53, 54, 55, 56, 60, 61, 62, 63, 64, 65, 66, 67, 68, 69, 70, 71, 72, 73, 74, 75, 76, 77, 78, 79, 80, 81, 82, 83, 84, 108, 2]",423244.0,423244,34,423278.0,34,423278.0,False,423278.0
36959,execution_finished,64,"[17, 18, 19, 20, 21, 22, 23, 24, 48, 49, 50, 51, 52, 57, 58, 59, 85, 86, 87, 88, 89, 90, 91, 92, 93, 94, 95, 96, 97, 98, 99, 100, 101, 102, 103, 104, 105, 106, 107, 109, 110, 111, 112, 113, 114, 115, 116, 117, 118, 119, 120, 121, 122, 123, 124, 125, 126, 127, 0, 3, 1, 2, 4, 5]",423295.0,423295,38,423333.0,38,423333.0,False,423333.0
36961,execution_finished,64,"[9, 10, 11, 12, 13, 25, 26, 27, 28, 29, 30, 31, 32, 33, 34, 35, 36, 37, 38, 39, 40, 41, 42, 43, 44, 45, 46, 47, 53, 54, 55, 56, 60, 61, 62, 63, 64, 65, 66, 67, 68, 69, 70, 71, 72, 73, 74, 75, 76, 77, 78, 79, 80, 81, 82, 83, 84, 108, 0, 1, 2, 3, 4, 5]",423350.0,423350,46,423396.0,46,423396.0,False,423396.0
36962,execution_finished,1,[17],423374.0,423374,26,423400.0,26,423400.0,False,423400.0
36963,execution_finished,64,"[18, 19, 20, 21, 22, 23, 24, 48, 49, 50, 51, 52, 57, 58, 59, 85, 86, 87, 88, 89, 90, 91, 92, 93, 94, 95, 96, 97, 98, 99, 100, 101, 102, 103, 104, 105, 106, 107, 109, 110, 111, 112, 113, 114, 115, 116, 117, 118, 119, 120, 121, 122, 123, 124, 125, 126, 127, 0, 1, 2, 3, 4, 5, 9]",423409.0,423409,41,423450.0,41,423450.0,False,423450.0
36965,execution_finished,64,"[61, 62, 63, 64, 65, 66, 67, 68, 69, 70, 71, 72, 73, 74, 75, 76, 77, 78, 79, 80, 81, 82, 83, 84, 108, 17, 0, 1, 2, 3, 4, 5, 9, 18, 19, 20, 21, 22, 23, 24, 48, 49, 50, 51, 52, 57, 58, 59, 85, 86, 87, 88, 89, 90, 91, 92, 93, 94, 95, 96, 97, 98, 99, 100]",423474.0,423474,46,423520.0,46,423520.0,False,423520.0
36966,execution_finished,64,"[101, 102, 103, 104, 105, 106, 107, 109, 110, 111, 112, 113, 114, 115, 116, 117, 118, 119, 120, 121, 122, 123, 124, 125, 126, 127, 0, 1, 2, 3, 4, 5, 9, 17, 18, 19, 20, 21, 22, 23, 24, 48, 49, 50, 51, 52, 57, 58, 59, 61, 62, 63, 64, 65, 66, 67, 68, 69, 70, 71, 72, 73, 74, 75]",423537.0,423537,49,423586.0,49,423586.0,False,423586.0
36968,execution_finished,64,"[76, 77, 78, 79, 80, 81, 82, 83, 84, 85, 86, 87, 88, 89, 90, 91, 92, 93, 94, 95, 96, 97, 98, 99, 100, 108, 0, 1, 2, 3, 4, 5, 9, 17, 18, 19, 20, 21, 22, 23, 24, 48, 49, 50, 51, 52, 57, 58, 59, 61, 62, 63, 64, 65, 66, 67, 68, 69, 70, 71, 72, 73, 74, 75]",423598.0,423598,37,423635.0,37,423635.0,False,423635.0
36969,execution_finished,64,"[101, 102, 103, 104, 105, 106, 107, 109, 110, 111, 112, 113, 114, 115, 116, 117, 118, 119, 120, 121, 122, 123, 124, 125, 126, 127, 0, 1, 2, 3, 4, 5, 9, 17, 18, 19, 20, 21, 22, 23, 24, 48, 49, 50, 51, 52, 57, 58, 59, 61, 62, 63, 64, 65, 66, 67, 68, 69, 70, 71, 72, 73, 74, 75]",423651.0,423651,31,423682.0,31,423682.0,False,423682.0
36958,execution_finished,4,"[6, 14, 15, 16]",423280.0,423280,424,423704.0,424,423704.0,False,423704.0
36960,execution_finished,2,"[7, 8]",423302.0,423302,402,423704.0,402,423704.0,False,423704.0
36970,execution_finished,64,"[76, 77, 78, 79, 80, 81, 82, 83, 84, 85, 86, 87, 88, 89, 90, 91, 92, 93, 94, 95, 96, 97, 98, 99, 100, 108, 0, 1, 2, 3, 4, 5, 9, 17, 18, 19, 20, 21, 22, 23, 24, 48, 49, 50, 51, 52, 57, 58, 59, 61, 62, 63, 64, 65, 66, 67, 68, 69, 70, 71, 72, 73, 74, 75]",423692.0,423692,33,423725.0,33,423725.0,False,423725.0
36971,execution_finished,64,"[101, 102, 103, 104, 105, 106, 107, 109, 110, 111, 112, 113, 114, 115, 116, 117, 118, 119, 120, 121, 122, 123, 124, 125, 126, 127, 6, 7, 8, 14, 15, 16, 0, 1, 2, 3, 4, 5, 9, 17, 18, 19, 20, 21, 22, 23, 24, 48, 49, 50, 51, 52, 57, 58, 59, 61, 62, 63, 64, 65, 66, 67, 68, 69]",423744.0,423744,33,423777.0,33,423777.0,False,423777.0
36964,execution_finished,32,"[10, 11, 12, 13, 25, 26, 27, 28, 29, 30, 31, 32, 33, 34, 35, 36, 37, 38, 39, 40, 41, 42, 43, 44, 45, 46, 47, 53, 54, 55, 56, 60]",423457.0,423457,375,423832.0,375,423832.0,False,423832.0
36974,execution_finished,1,[76],423833.0,423833,20,423853.0,20,423853.0,False,423853.0
36976,execution_finished,1,[102],423910.0,423910,10,423920.0,10,423920.0,False,423920.0
36975,execution_finished,64,"[77, 78, 79, 80, 81, 82, 83, 84, 85, 86, 87, 88, 89, 90, 91, 92, 93, 94, 95, 96, 97, 98, 99, 100, 108, 0, 1, 2, 3, 4, 5, 6, 7, 8, 9, 14, 15, 16, 17, 18, 19, 20, 21, 22, 23, 24, 48, 49, 50, 51, 52, 57, 58, 59, 61, 62, 63, 64, 65, 66, 67, 68, 69, 101]",423846.0,423846,114,423960.0,114,423960.0,False,423960.0
36979,execution_finished,64,"[103, 104, 105, 106, 107, 109, 110, 111, 112, 113, 114, 115, 116, 117, 118, 119, 120, 121, 122, 123, 124, 125, 126, 127, 10, 11, 12, 13, 25, 26, 27, 28, 29, 30, 31, 32, 33, 34, 35, 36, 37, 38, 39, 40, 41, 42, 43, 44, 45, 46, 47, 53, 54, 55, 56, 60, 76, 102, 0, 1, 2, 3, 4, 5]",423982.0,423982,117,424099.0,117,424099.0,False,424099.0
36981,execution_finished,64,"[77, 78, 79, 80, 81, 82, 83, 84, 85, 86, 87, 88, 89, 90, 91, 92, 93, 94, 95, 96, 97, 98, 99, 100, 101, 108, 0, 1, 2, 3, 4, 5, 10, 11, 12, 13, 25, 26, 27, 28, 29, 30, 31, 32, 33, 34, 35, 36, 37, 38, 39, 40, 41, 42, 43, 44, 45, 46, 47, 53, 54, 55, 56, 60]",424115.0,424115,111,424226.0,111,424226.0,False,424226.0
36983,execution_finished,64,"[76, 102, 103, 104, 105, 106, 107, 109, 110, 111, 112, 113, 114, 115, 116, 117, 118, 119, 120, 121, 122, 123, 124, 125, 126, 127, 0, 1, 2, 3, 4, 5, 10, 11, 12, 13, 25, 26, 27, 28, 29, 30, 31, 32, 33, 34, 35, 36, 37, 38, 39, 40, 41, 42, 43, 44, 45, 46, 47, 53, 54, 55, 56, 60]",424239.0,424239,111,424350.0,111,424350.0,False,424350.0
36985,execution_finished,1,[76],424424.0,424424,15,424439.0,15,424439.0,False,424439.0
36984,execution_finished,64,"[77, 78, 79, 80, 81, 82, 83, 84, 85, 86, 87, 88, 89, 90, 91, 92, 93, 94, 95, 96, 97, 98, 99, 100, 101, 108, 0, 1, 2, 3, 4, 5, 10, 11, 12, 13, 25, 26, 27, 28, 29, 30, 31, 32, 33, 34, 35, 36, 37, 38, 39, 40, 41, 42, 43, 44, 45, 46, 47, 53, 54, 55, 56, 60]",424369.0,424369,106,424475.0,106,424475.0,False,424475.0
36980,execution_finished,32,"[6, 7, 8, 9, 14, 15, 16, 17, 18, 19, 20, 21, 22, 23, 24, 48, 49, 50, 51, 52, 57, 58, 59, 61, 62, 63, 64, 65, 66, 67, 68, 69]",423992.0,423992,585,424577.0,585,424577.0,False,424577.0
36988,execution_finished,1,[78],424581.0,424581,15,424596.0,15,424596.0,False,424596.0
36987,execution_finished,1,[77],424580.0,424580,44,424624.0,44,424624.0,False,424624.0
36986,execution_finished,64,"[102, 103, 104, 105, 106, 107, 109, 110, 111, 112, 113, 114, 115, 116, 117, 118, 119, 120, 121, 122, 123, 124, 125, 126, 127, 76, 0, 1, 2, 3, 4, 5, 10, 11, 12, 13, 25, 26, 27, 28, 29, 30, 31, 32, 33, 34, 35, 36, 37, 38, 39, 40, 41, 42, 43, 44, 45, 46, 47, 53, 54, 55, 56, 60]",424493.0,424493,133,424626.0,133,424626.0,False,424626.0
36993,execution_finished,1,[110],424700.0,424700,22,424722.0,22,424722.0,False,424722.0
36989,execution_finished,32,"[79, 80, 81, 82, 83, 84, 85, 86, 87, 88, 89, 90, 91, 92, 93, 94, 95, 96, 97, 98, 99, 100, 101, 108, 6, 7, 8, 9, 14, 15, 16, 17]",424605.0,424605,157,424762.0,157,424762.0,False,424762.0
36990,execution_finished,8,"[18, 19, 20, 21, 22, 23, 24, 48]",424649.0,424649,115,424764.0,115,424764.0,False,424764.0
36991,execution_finished,64,"[49, 50, 51, 52, 57, 58, 59, 61, 62, 63, 64, 65, 66, 67, 68, 69, 78, 77, 0, 1, 2, 3, 4, 5, 10, 11, 12, 13, 25, 26, 27, 28, 29, 30, 31, 32, 33, 34, 35, 36, 37, 38, 39, 40, 41, 42, 43, 44, 45, 46, 47, 53, 54, 55, 56, 60, 76, 102, 103, 104, 105, 106, 107, 109]",424668.0,424668,130,424798.0,130,424798.0,False,424798.0
36995,execution_finished,64,"[85, 86, 87, 88, 89, 90, 91, 92, 93, 94, 95, 96, 97, 98, 99, 100, 101, 108, 18, 19, 20, 21, 22, 23, 24, 48, 0, 1, 2, 3, 4, 5, 10, 11, 12, 13, 25, 26, 27, 28, 29, 30, 31, 32, 33, 34, 35, 36, 37, 38, 39, 40, 41, 42, 43, 44, 45, 46, 47, 49, 50, 51, 52, 53]",424813.0,424813,123,424936.0,123,424936.0,False,424936.0
36996,execution_finished,64,"[54, 55, 56, 57, 58, 59, 60, 61, 62, 63, 64, 65, 66, 67, 68, 69, 76, 77, 78, 102, 103, 104, 105, 106, 107, 109, 0, 1, 2, 3, 4, 5, 10, 11, 12, 13, 18, 19, 20, 21, 22, 23, 24, 25, 26, 27, 28, 29, 30, 31, 32, 33, 34, 35, 36, 37, 38, 39, 40, 41, 42, 43, 44, 45]",424956.0,424956,115,425071.0,115,425071.0,False,425071.0
36997,execution_finished,64,"[46, 47, 48, 49, 50, 51, 52, 53, 85, 86, 87, 88, 89, 90, 91, 92, 93, 94, 95, 96, 97, 98, 99, 100, 101, 108, 0, 1, 2, 3, 4, 5, 10, 11, 12, 13, 18, 19, 20, 21, 22, 23, 24, 25, 26, 27, 28, 29, 30, 31, 32, 33, 34, 35, 36, 37, 38, 39, 40, 41, 42, 43, 44, 45]",425104.0,425104,111,425215.0,111,425215.0,False,425215.0
36999,execution_finished,64,"[54, 55, 56, 57, 58, 59, 60, 61, 62, 63, 64, 65, 66, 67, 68, 69, 76, 77, 78, 102, 103, 104, 105, 106, 107, 109, 0, 1, 2, 3, 4, 5, 10, 11, 12, 13, 18, 19, 20, 21, 22, 23, 24, 25, 26, 27, 28, 29, 30, 31, 32, 33, 34, 35, 36, 37, 38, 39, 40, 41, 42, 43, 44, 45]",425228.0,425228,105,425333.0,105,425333.0,False,425333.0
37000,execution_finished,64,"[46, 47, 48, 49, 50, 51, 52, 53, 85, 86, 87, 88, 89, 90, 91, 92, 93, 94, 95, 96, 97, 98, 99, 100, 101, 108, 0, 1, 2, 3, 4, 5, 10, 11, 12, 13, 18, 19, 20, 21, 22, 23, 24, 25, 26, 27, 28, 29, 30, 31, 32, 33, 34, 35, 36, 37, 38, 39, 40, 41, 42, 43, 44, 45]",425354.0,425354,107,425461.0,107,425461.0,False,425461.0
37002,execution_finished,64,"[54, 55, 56, 57, 58, 59, 60, 61, 62, 63, 64, 65, 66, 67, 68, 69, 76, 77, 78, 102, 103, 104, 105, 106, 107, 109, 0, 1, 2, 3, 4, 5, 10, 11, 12, 13, 18, 19, 20, 21, 22, 23, 24, 25, 26, 27, 28, 29, 30, 31, 32, 33, 34, 35, 36, 37, 38, 39, 40, 41, 42, 43, 44, 45]",425483.0,425483,106,425589.0,106,425589.0,False,425589.0
36994,execution_finished,32,"[111, 112, 113, 114, 115, 116, 117, 118, 119, 120, 121, 122, 123, 124, 125, 126, 127, 110, 6, 7, 8, 9, 14, 15, 16, 17, 79, 80, 81, 82, 83, 84]",424779.0,424779,1012,425791.0,1012,425791.0,False,425791.0
37006,execution_finished,1,[46],425811.0,425811,9,425820.0,9,425820.0,False,425820.0
37007,execution_finished,1,[47],425824.0,425824,16,425840.0,16,425840.0,False,425840.0
37009,execution_finished,32,"[12, 13, 18, 19, 20, 21, 22, 23, 24, 25, 26, 27, 28, 29, 30, 31, 32, 33, 34, 35, 36, 37, 38, 39, 40, 41, 42, 43, 44, 45, 54, 55]",425936.0,425936,237,426173.0,237,426173.0,False,426173.0
36972,execution_finished,4,"[70, 71, 72, 73]",423802.0,423802,2601,426403.0,2601,426403.0,False,426403.0
36973,execution_finished,2,"[74, 75]",423824.0,423824,2580,426404.0,2580,426404.0,False,426404.0
37008,execution_finished,32,"[48, 49, 50, 51, 52, 53, 85, 86, 87, 88, 89, 90, 91, 92, 93, 94, 95, 96, 97, 98, 99, 100, 101, 108, 0, 1, 2, 3, 4, 5, 10, 11]",425907.0,425907,1053,426960.0,1053,426960.0,False,426960.0
37014,execution_finished,1,[70],426962.0,426962,17,426979.0,17,426979.0,False,426979.0
37016,execution_finished,1,[0],427122.0,427122,10,427132.0,10,427132.0,False,427132.0
37023,execution_finished,1,[0],427463.0,427463,43,427506.0,43,427506.0,False,427506.0
37026,execution_finished,1,[0],427520.0,427520,18,427538.0,18,427538.0,False,427538.0
37011,execution_finished,4,"[46, 47, 12, 13]",426405.0,426405,1135,427540.0,1135,427540.0,False,427540.0
37012,execution_finished,2,"[18, 19]",426433.0,426433,1108,427541.0,1108,427541.0,False,427541.0
37019,execution_finished,4,"[0, 12, 13, 46]",427540.0,427321,76,427616.0,76,427616.0,False,427616.0
37017,execution_finished,32,"[1, 2, 3, 4, 5, 10, 11, 48, 49, 50, 51, 52, 53, 85, 86, 87, 88, 89, 90, 91, 92, 93, 94, 95, 96, 97, 98, 99, 100, 101, 108, 70]",427176.0,427176,1077,428253.0,1077,428253.0,False,428253.0
37034,execution_finished,32,"[1, 2, 3, 4, 5, 10, 11, 48, 49, 50, 51, 52, 53, 70, 85, 86, 87, 88, 89, 90, 91, 92, 93, 94, 95, 96, 97, 98, 99, 100, 101, 108]",428253.0,427991,10,428263.0,10,428263.0,False,428263.0
37036,execution_finished,16,"[87, 88, 89, 90, 91, 92, 93, 94, 95, 96, 97, 98, 99, 100, 101, 108]",428263.0,428109,58,428321.0,58,428321.0,False,428321.0
37035,execution_finished,16,"[1, 2, 3, 4, 5, 10, 11, 48, 49, 50, 51, 52, 53, 70, 85, 86]",428263.0,428033,69,428332.0,69,428332.0,False,428332.0
37039,execution_finished,1,[2],428332.0,428260,16,428348.0,16,428348.0,False,428348.0
37038,execution_finished,1,[1],428332.0,428258,31,428363.0,31,428363.0,False,428363.0
37037,execution_finished,16,"[87, 88, 89, 90, 91, 92, 93, 94, 95, 96, 97, 98, 99, 100, 101, 108]",428321.0,428215,77,428398.0,77,428398.0,False,428398.0
37028,execution_finished,2,"[47, 18]",427565.0,427565,964,428529.0,964,428529.0,False,428529.0
37027,execution_finished,4,"[19, 0, 12, 13]",427616.0,427544,982,428598.0,982,428598.0,False,428598.0
37041,execution_finished,32,"[3, 4, 5, 10, 11, 48, 49, 50, 51, 52, 53, 70, 85, 86, 2, 1, 87, 88, 89, 90, 91, 92, 93, 94, 95, 96, 97, 98, 99, 100, 101, 108]",428398.0,428367,728,429126.0,728,429126.0,False,429126.0
37044,execution_finished,16,"[11, 48, 49, 50, 51, 52, 53, 70, 85, 86, 87, 88, 89, 90, 91, 92]",429126.0,428713,63,429189.0,63,429189.0,False,429189.0
37043,execution_finished,8,"[13, 19, 1, 2, 3, 4, 5, 10]",429126.0,428513,76,429202.0,76,429202.0,False,429202.0
37046,execution_finished,16,"[93, 94, 95, 96, 97, 98, 99, 100, 101, 108, 11, 48, 49, 50, 51, 52]",429189.0,428849,56,429245.0,56,429245.0,False,429245.0
37053,execution_finished,1,[101],429605.0,429605,17,429622.0,17,429622.0,False,429622.0
37054,execution_finished,1,[108],429668.0,429668,9,429677.0,9,429677.0,False,429677.0
37047,execution_finished,32,"[53, 70, 85, 86, 87, 88, 89, 90, 91, 92, 1, 2, 3, 4, 5, 10, 13, 19, 11, 48, 49, 50, 51, 52, 93, 94, 95, 96, 97, 98, 99, 100]",429245.0,429125,478,429723.0,478,429723.0,False,429723.0
37056,execution_finished,4,"[101, 108, 1, 2]",429808.0,429808,28,429836.0,28,429836.0,False,429836.0
37057,execution_finished,2,"[3, 4]",429829.0,429829,21,429850.0,21,429850.0,False,429850.0
37059,execution_finished,32,"[5, 10, 11, 13, 19, 48, 49, 50, 51, 52, 53, 70, 85, 86, 87, 88, 89, 90, 91, 92, 93, 94, 95, 96, 97, 98, 99, 100, 1, 2, 101, 108]",430248.0,430248,230,430478.0,230,430478.0,False,430478.0
37061,execution_finished,16,"[1, 2, 5, 10, 11, 13, 19, 48, 49, 50, 51, 52, 53, 70, 85, 86]",430478.0,430380,153,430631.0,153,430631.0,False,430631.0
37021,execution_finished,8,"[56, 57, 58, 59, 60, 61, 62, 63]",430689.0,427398,67,430756.0,67,430756.0,False,430756.0
37024,execution_finished,16,"[64, 65, 66, 67, 68, 69, 76, 77, 78, 102, 103, 104, 105, 106, 107, 109]",430689.0,427467,82,430771.0,82,430771.0,False,430771.0
37063,execution_finished,16,"[87, 88, 89, 90, 91, 92, 93, 94, 95, 96, 97, 98, 99, 100, 101, 108]",430553.0,430553,246,430799.0,246,430799.0,False,430799.0
37065,execution_finished,16,"[78, 102, 103, 104, 105, 106, 107, 109, 87, 88, 89, 90, 91, 92, 93, 94]",430799.0,430796,22,430821.0,22,430821.0,False,430821.0
37033,execution_finished,4,"[124, 125, 126, 127]",430891.0,427946,45,430936.0,45,430936.0,False,430936.0
37030,execution_finished,8,"[14, 15, 16, 17, 79, 80, 81, 82]",430891.0,427722,67,430958.0,67,430958.0,False,430958.0
37031,execution_finished,16,"[83, 84, 110, 111, 112, 113, 114, 115, 116, 117, 118, 119, 120, 121, 122, 123]",430891.0,427791,68,430959.0,68,430959.0,False,430959.0
37029,execution_finished,4,"[6, 7, 8, 9]",430891.0,427634,84,430975.0,84,430975.0,False,430975.0
37066,execution_finished,1,[95],430845.0,430845,160,431005.0,160,431005.0,False,431005.0
37069,execution_finished,16,"[108, 78, 87, 88, 89, 90, 91, 92, 93, 94, 102, 103, 104, 105, 106, 107]",430965.0,430965,74,431039.0,74,431039.0,False,431039.0
37071,execution_finished,16,"[109, 124, 125, 126, 127, 14, 15, 16, 17, 79, 80, 81, 82, 83, 84, 110]",431212.0,431212,56,431268.0,56,431268.0,False,431268.0
37042,execution_finished,32,"[20, 21, 22, 23, 24, 25, 26, 27, 28, 29, 30, 31, 32, 33, 34, 35, 36, 37, 38, 39, 40, 41, 42, 43, 44, 45, 54, 55, 18, 47, 0, 12]",431298.0,428479,109,431407.0,109,431407.0,False,431407.0
37072,execution_finished,16,"[111, 112, 113, 114, 115, 116, 117, 118, 119, 120, 121, 122, 123, 6, 7, 8]",431347.0,431347,68,431415.0,68,431415.0,False,431415.0
37064,execution_finished,32,"[1, 2, 5, 10, 11, 13, 19, 48, 49, 50, 51, 52, 53, 70, 85, 86, 56, 57, 58, 59, 60, 61, 62, 63, 64, 65, 66, 67, 68, 69, 76, 77]",430771.0,430592,766,431537.0,766,431537.0,False,431537.0
37067,execution_finished,4,"[96, 97, 98, 99]",430857.0,430857,1006,431863.0,1006,431863.0,False,431863.0
37068,execution_finished,2,"[100, 101]",430891.0,430891,974,431865.0,974,431865.0,False,431865.0
37078,execution_finished,1,[14],431746.0,431746,146,431892.0,146,431892.0,False,431892.0
37080,execution_finished,1,[96],432163.0,432163,82,432245.0,82,432245.0,False,432245.0
37081,execution_finished,1,[97],432399.0,432399,174,432573.0,174,432573.0,False,432573.0
37060,execution_finished,8,"[46, 71, 72, 73, 74, 75, 3, 4]",432973.0,430273,208,433181.0,208,433181.0,False,433181.0
37094,execution_finished,1,[75],433337.0,433337,23,433360.0,23,433360.0,False,433360.0
37095,execution_finished,1,[75],433360.0,433341,14,433374.0,14,433374.0,False,433374.0
37093,execution_finished,1,[74],433268.0,433268,716,433984.0,716,433984.0,False,433984.0
37084,execution_finished,1,[97],432866.0,432723,1260,434126.0,1260,434126.0,False,434126.0
37092,execution_finished,2,"[72, 73]",433181.0,433147,954,434135.0,954,434135.0,False,434135.0
37090,execution_finished,4,"[3, 4, 46, 71]",433181.0,433124,975,434156.0,975,434156.0,False,434156.0
37099,execution_finished,1,[74],434072.0,434072,101,434173.0,101,434173.0,False,434173.0
37104,execution_finished,1,[74],434569.0,434569,24,434593.0,24,434593.0,False,434593.0
37103,execution_finished,1,[71],434564.0,434564,35,434599.0,35,434599.0,False,434599.0
37101,execution_finished,4,"[97, 72, 73, 3]",434301.0,434301,960,435261.0,960,435261.0,False,435261.0
37102,execution_finished,2,"[4, 46]",434324.0,434324,939,435263.0,939,435263.0,False,435263.0
37120,execution_finished,2,"[73, 97]",435739.0,435739,4,435743.0,4,435743.0,False,435743.0
37083,execution_finished,16,"[9, 78, 87, 88, 89, 90, 91, 92, 93, 94, 95, 102, 103, 104, 105, 106]",436139.0,432508,60,436199.0,60,436199.0,False,436199.0
37122,execution_finished,2,"[92, 93]",436199.0,435796,3,436202.0,3,436202.0,False,436202.0
37127,execution_finished,2,"[104, 105]",436199.0,435887,3,436202.0,3,436202.0,False,436202.0
37125,execution_finished,4,"[106, 92, 93, 104]",436202.0,435849,3,436205.0,3,436205.0,False,436205.0
37123,execution_finished,4,"[94, 95, 102, 103]",436199.0,435800,26,436225.0,26,436225.0,False,436225.0
37131,execution_finished,4,"[106, 94, 95, 102]",436225.0,435935,4,436229.0,4,436229.0,False,436229.0
37133,execution_finished,4,"[103, 94, 95, 102]",436229.0,435950,3,436232.0,3,436232.0,False,436232.0
37135,execution_finished,2,"[106, 94]",436232.0,435995,3,436235.0,3,436235.0,False,436235.0
37126,execution_finished,4,"[105, 92, 93, 104]",436205.0,435859,31,436236.0,31,436236.0,False,436236.0
37128,execution_finished,8,"[95, 102, 103, 94, 106, 92, 93, 104]",436236.0,435915,3,436239.0,3,436239.0,False,436239.0
37132,execution_finished,8,"[105, 92, 93, 94, 95, 102, 103, 104]",436239.0,435940,3,436242.0,3,436242.0,False,436242.0
37134,execution_finished,8,"[106, 92, 93, 94, 95, 102, 103, 104]",436242.0,435982,3,436245.0,3,436245.0,False,436245.0
37138,execution_finished,1,[105],436265.0,436265,3,436268.0,3,436268.0,False,436268.0
37116,execution_finished,8,"[97, 9, 78, 87, 88, 89, 90, 91]",436199.0,435583,126,436325.0,126,436325.0,False,436325.0
37124,execution_finished,16,"[92, 93, 94, 95, 102, 103, 104, 106, 105, 9, 78, 87, 88, 89, 90, 91]",436325.0,435833,235,436560.0,235,436560.0,False,436560.0
37137,execution_finished,16,"[97, 9, 78, 87, 88, 89, 90, 91, 92, 93, 94, 95, 102, 103, 104, 105]",436560.0,436070,3,436563.0,3,436563.0,False,436563.0
37086,execution_finished,32,"[0, 12, 15, 16, 17, 18, 20, 21, 22, 23, 24, 25, 26, 27, 28, 29, 30, 31, 32, 33, 34, 35, 36, 37, 38, 39, 40, 41, 42, 43, 44, 45]",436507.0,432866,466,436973.0,466,436973.0,False,436973.0
37096,execution_finished,32,"[6, 7, 8, 47, 54, 55, 79, 80, 81, 82, 83, 84, 107, 108, 109, 110, 111, 112, 113, 114, 115, 116, 117, 118, 119, 120, 121, 122, 123, 124, 125, 126]",436515.0,433447,493,437008.0,493,437008.0,False,437008.0
37098,execution_finished,32,"[1, 2, 5, 10, 11, 13, 19, 48, 49, 50, 51, 52, 53, 56, 57, 58, 59, 60, 61, 62, 63, 64, 65, 66, 67, 68, 69, 70, 76, 77, 85, 86]",436685.0,433985,561,437246.0,561,437246.0,False,437246.0
37129,execution_finished,32,"[110, 111, 112, 113, 114, 115, 116, 117, 118, 119, 120, 121, 122, 123, 124, 125, 126, 1, 2, 5, 10, 11, 13, 19, 48, 49, 50, 51, 52, 53, 56, 57]",437246.0,435928,3,437249.0,3,437249.0,False,437249.0
37136,execution_finished,32,"[58, 59, 60, 61, 62, 63, 64, 65, 66, 67, 68, 69, 70, 76, 77, 85, 86, 1, 2, 5, 10, 11, 13, 19, 48, 49, 50, 51, 52, 53, 56, 57]",437249.0,436064,3,437252.0,3,437252.0,False,437252.0
37108,execution_finished,32,"[29, 30, 31, 32, 33, 34, 35, 36, 37, 38, 39, 40, 41, 42, 43, 44, 45, 6, 7, 8, 47, 54, 55, 79, 80, 81, 82, 83, 84, 107, 108, 109]",437008.0,434726,263,437271.0,263,437271.0,False,437271.0
37111,execution_finished,1,[14],437664.0,434964,21,437685.0,21,437685.0,False,437685.0
37113,execution_finished,1,[96],437714.0,435014,7,437721.0,7,437721.0,False,437721.0
37114,execution_finished,1,[98],437728.0,435028,124,437852.0,124,437852.0,False,437852.0
37106,execution_finished,32,"[106, 9, 78, 87, 88, 89, 90, 91, 92, 93, 94, 95, 97, 102, 103, 104, 105, 0, 12, 15, 16, 17, 18, 20, 21, 22, 23, 24, 25, 26, 27, 28]",436973.0,434658,1404,438377.0,1404,438377.0,False,438377.0
37117,execution_finished,1,[99],438331.0,435631,49,438380.0,49,438380.0,False,438380.0
37142,execution_finished,2,"[98, 0]",438377.0,438132,25,438402.0,25,438402.0,False,438402.0
37145,execution_finished,4,"[106, 105, 104, 103]",438377.0,438182,29,438406.0,29,438406.0,False,438406.0
37118,execution_finished,1,[100],438395.0,435695,18,438413.0,18,438413.0,False,438413.0
37148,execution_finished,2,"[89, 88]",438377.0,438299,43,438420.0,43,438420.0,False,438420.0
37147,execution_finished,4,"[93, 92, 91, 90]",438377.0,438254,56,438433.0,56,438433.0,False,438433.0
37143,execution_finished,4,"[9, 12, 15, 16]",438377.0,438135,59,438436.0,59,438436.0,False,438436.0
37119,execution_finished,4,"[101, 127, 3, 72]",438418.0,435718,25,438443.0,25,438443.0,False,438443.0
37146,execution_finished,4,"[102, 97, 95, 94]",438377.0,438241,112,438489.0,112,438489.0,False,438489.0
37121,execution_finished,4,"[75, 4, 46, 73]",438474.0,435774,26,438500.0,26,438500.0,False,438500.0
37149,execution_finished,32,"[127, 106, 105, 104, 103, 101, 100, 99, 98, 93, 92, 91, 90, 89, 88, 87, 78, 72, 28, 27, 26, 25, 24, 23, 22, 21, 20, 18, 17, 16, 15, 12]",438450.0,438390,300,438750.0,300,438750.0,False,438750.0
37151,execution_finished,4,"[102, 97, 95, 94]",438490.0,438490,346,438836.0,346,438836.0,False,438836.0
37150,execution_finished,8,"[127, 106, 105, 104, 103, 101, 100, 99]",438750.0,438450,242,438992.0,242,438992.0,False,438992.0
37156,execution_finished,1,[99],439444.0,439343,15,439459.0,15,439459.0,False,439459.0
37157,execution_finished,1,[100],439444.0,439444,261,439705.0,261,439705.0,False,439705.0
37160,execution_finished,1,[99],439829.0,439829,130,439959.0,130,439959.0,False,439959.0
37141,execution_finished,4,"[71, 74, 14, 96]",440803.0,438103,55,440858.0,55,440858.0,False,440858.0
37175,execution_finished,1,[74],440951.0,440951,159,441110.0,159,441110.0,False,441110.0
37178,execution_finished,1,[96],441187.0,441187,155,441342.0,155,441342.0,False,441342.0
37158,execution_finished,4,"[110, 111, 112, 113]",442371.0,439486,290,442661.0,290,442661.0,False,442661.0
37168,execution_finished,1,[114],442995.0,440295,127,443122.0,127,443122.0,False,443122.0
37170,execution_finished,1,[116],443217.0,440517,15,443232.0,15,443232.0,False,443232.0
37196,execution_finished,1,[110],443237.0,443237,71,443308.0,71,443308.0,False,443308.0
37169,execution_finished,1,[115],443216.0,440516,213,443429.0,213,443429.0,False,443429.0
37199,execution_finished,4,"[114, 116, 110, 115]",443429.0,443357,2,443431.0,2,443431.0,False,443431.0
37171,execution_finished,1,[0],443558.0,440579,23,443581.0,23,443581.0,False,443581.0
37174,execution_finished,4,"[117, 118, 14, 71]",443584.0,440884,66,443650.0,66,443650.0,False,443650.0
37203,execution_finished,1,[117],443709.0,443709,15,443724.0,15,443724.0,False,443724.0
37204,execution_finished,1,[118],443710.0,443710,22,443732.0,22,443732.0,False,443732.0
37209,execution_finished,1,[117],444297.0,444297,16,444313.0,16,444313.0,False,444313.0
37210,execution_finished,1,[118],444307.0,444307,9,444316.0,9,444316.0,False,444316.0
37144,execution_finished,64,"[1, 2, 5, 6, 7, 8, 10, 11, 13, 19, 29, 30, 31, 32, 33, 34, 35, 36, 37, 38, 39, 40, 41, 42, 43, 44, 45, 47, 48, 49, 50, 51, 52, 53, 54, 55, 56, 57, 58, 59, 60, 61, 62, 63, 64, 65, 66, 67, 68, 69, 70, 76, 77, 79, 80, 81, 82, 83, 84, 85, 86, 107, 108, 109]",442371.0,438162,2350,444721.0,2350,444721.0,False,444721.0
37188,execution_finished,1,[100],445405.0,442705,31,445436.0,31,445436.0,False,445436.0
37189,execution_finished,1,[106],445411.0,442711,28,445439.0,28,445439.0,False,445439.0
37187,execution_finished,1,[99],445361.0,442344,117,445478.0,117,445478.0,False,445478.0
37193,execution_finished,1,[127],445702.0,443002,168,445870.0,168,445870.0,False,445870.0
37153,execution_finished,2,"[73, 75]",439002.0,438540,7086,446088.0,7086,446088.0,False,446088.0
37152,execution_finished,4,"[9, 3, 4, 46]",439002.0,438512,7114,446116.0,7114,446116.0,False,446116.0
37176,execution_finished,8,"[74, 110, 114, 115, 116, 0, 14, 71]",446350.0,440993,359,446709.0,359,446709.0,False,446709.0
37172,execution_finished,64,"[117, 118, 1, 2, 5, 6, 7, 8, 10, 11, 13, 19, 29, 30, 31, 32, 33, 34, 35, 36, 37, 38, 39, 40, 41, 42, 43, 44, 45, 47, 48, 49, 50, 51, 52, 53, 54, 55, 56, 57, 58, 59, 60, 61, 62, 63, 64, 65, 66, 67, 68, 69, 70, 76, 77, 79, 80, 81, 82, 83, 84, 85, 86, 107]",444721.0,440718,1989,446710.0,1989,446710.0,False,446710.0
37208,execution_finished,1,[96],446708.0,444008,40,446748.0,40,446748.0,False,446748.0
37235,execution_finished,1,[96],446748.0,446193,24,446772.0,24,446772.0,False,446772.0
37236,execution_finished,1,[96],446772.0,446196,19,446791.0,19,446791.0,False,446791.0
37229,execution_finished,2,"[9, 46]",446470.0,445706,351,446821.0,351,446821.0,False,446821.0
37185,execution_finished,8,"[0, 14, 71, 74, 110, 114, 115, 116]",446709.0,442199,194,446903.0,194,446903.0,False,446903.0
37248,execution_finished,1,[116],446903.0,446824,61,446964.0,61,446964.0,False,446964.0
37233,execution_finished,2,"[114, 115]",446903.0,446122,172,447075.0,172,447075.0,False,447075.0
37192,execution_finished,8,"[96, 9, 46, 0, 14, 71, 74, 110]",446903.0,442914,209,447112.0,209,447112.0,False,447112.0
37191,execution_finished,64,"[1, 2, 5, 6, 7, 8, 10, 11, 13, 19, 29, 30, 31, 32, 33, 34, 35, 36, 37, 38, 39, 40, 41, 42, 43, 44, 45, 47, 48, 49, 50, 51, 52, 53, 54, 55, 56, 57, 58, 59, 60, 61, 62, 63, 64, 65, 66, 67, 68, 69, 70, 76, 77, 79, 80, 81, 82, 83, 84, 85, 86, 107, 117, 118]",446710.0,442814,416,447126.0,416,447126.0,False,447126.0
37202,execution_finished,8,"[115, 0, 9, 14, 46, 71, 74, 96]",447112.0,443654,181,447293.0,181,447293.0,False,447293.0
37198,execution_finished,32,"[110, 1, 2, 5, 6, 7, 8, 10, 11, 13, 19, 29, 30, 31, 32, 33, 34, 35, 36, 37, 38, 39, 40, 41, 42, 43, 44, 45, 47, 48, 49, 50]",447126.0,443311,394,447520.0,394,447520.0,False,447520.0
37206,execution_finished,8,"[118, 0, 9, 14, 46, 71, 74, 96]",447293.0,443872,265,447558.0,265,447558.0,False,447558.0
37241,execution_finished,2,"[116, 114]",447075.0,446369,485,447560.0,485,447560.0,False,447560.0
37214,execution_finished,4,"[13, 19, 29, 30]",447520.0,444703,43,447563.0,43,447563.0,False,447563.0
37223,execution_finished,4,"[39, 38, 37, 36]",447520.0,445203,46,447566.0,46,447566.0,False,447566.0
37246,execution_finished,4,"[118, 96, 74, 71]",447558.0,446760,22,447580.0,22,447580.0,False,447580.0
37237,execution_finished,4,"[35, 34, 33, 32]",447520.0,446224,64,447584.0,64,447584.0,False,447584.0
37217,execution_finished,4,"[115, 110, 50, 49]",447520.0,444890,75,447595.0,75,447595.0,False,447595.0
37222,execution_finished,8,"[48, 47, 45, 44, 43, 42, 41, 40]",447520.0,445130,81,447601.0,81,447601.0,False,447601.0
37259,execution_finished,16,"[118, 115, 110, 96, 74, 71, 50, 49, 48, 47, 45, 44, 43, 42, 41, 40]",447601.0,447485,17,447618.0,17,447618.0,False,447618.0
37253,execution_finished,8,"[116, 114, 46, 39, 38, 37, 36, 30]",447566.0,447029,60,447626.0,60,447626.0,False,447626.0
37205,execution_finished,32,"[51, 52, 53, 54, 55, 56, 57, 58, 59, 60, 61, 62, 63, 64, 65, 66, 67, 68, 69, 70, 76, 77, 79, 80, 81, 82, 83, 84, 85, 86, 107, 117]",447126.0,443787,508,447634.0,508,447634.0,False,447634.0
37213,execution_finished,8,"[1, 2, 5, 6, 7, 8, 10, 11]",447520.0,444597,152,447672.0,152,447672.0,False,447672.0
37251,execution_finished,2,"[13, 19]",447563.0,446889,546,448109.0,546,448109.0,False,448109.0
37225,execution_finished,4,"[31, 0, 9, 14]",447558.0,445433,780,448338.0,780,448338.0,False,448338.0
37211,execution_finished,64,"[29, 32, 33, 34, 35, 40, 41, 42, 43, 44, 45, 47, 48, 49, 50, 71, 74, 96, 110, 115, 118, 30, 36, 37, 38, 39, 46, 114, 116, 51, 52, 53, 54, 55, 56, 57, 58, 59, 60, 61, 62, 63, 64, 65, 66, 67, 68, 69, 70, 76, 77, 79, 80, 81, 82, 83, 84, 85, 86, 107, 117, 1, 2, 5]",447672.0,444416,872,448544.0,872,448544.0,False,448544.0
37228,execution_finished,4,"[0, 9, 14, 31]",448338.0,445683,375,448713.0,375,448713.0,False,448713.0
37263,execution_finished,1,[0],448713.0,447612,112,448825.0,112,448825.0,False,448825.0
37265,execution_finished,1,[0],448825.0,447717,53,448878.0,53,448878.0,False,448878.0
37269,execution_finished,1,[0],448878.0,447931,15,448893.0,15,448893.0,False,448893.0
37274,execution_finished,1,[0],448893.0,448369,21,448914.0,21,448914.0,False,448914.0
37276,execution_finished,1,[0],448914.0,448502,41,448955.0,41,448955.0,False,448955.0
37283,execution_finished,1,[0],448955.0,448830,24,448979.0,24,448979.0,False,448979.0
37182,execution_finished,8,"[111, 112, 113, 127, 73, 75, 3, 4]",448816.0,441684,285,449101.0,285,449101.0,False,449101.0
37261,execution_finished,2,"[13, 19]",448109.0,447548,1026,449135.0,1026,449135.0,False,449135.0
37226,execution_finished,8,"[9, 14, 31, 0, 3, 4, 73, 75]",449101.0,445465,142,449243.0,142,449243.0,False,449243.0
37266,execution_finished,2,"[13, 19]",449135.0,447751,119,449254.0,119,449254.0,False,449254.0
37231,execution_finished,4,"[111, 112, 113, 127]",449101.0,446086,208,449309.0,208,449309.0,False,449309.0
37224,execution_finished,64,"[1, 2, 5, 29, 30, 32, 33, 34, 35, 36, 37, 38, 39, 40, 41, 42, 43, 44, 45, 46, 47, 48, 49, 50, 51, 52, 53, 54, 55, 56, 57, 58, 59, 60, 61, 62, 63, 64, 65, 66, 67, 68, 69, 70, 71, 74, 76, 77, 79, 80, 81, 82, 83, 84, 85, 86, 96, 107, 110, 114, 115, 116, 117, 118]",448544.0,445386,796,449340.0,796,449340.0,False,449340.0
37289,execution_finished,1,[85],449340.0,449175,7,449347.0,7,449347.0,False,449347.0
37290,execution_finished,1,[85],449347.0,449188,8,449355.0,8,449355.0,False,449355.0
37288,execution_finished,1,[86],449340.0,449147,22,449362.0,22,449362.0,False,449362.0
37273,execution_finished,2,"[13, 19]",449254.0,448354,116,449370.0,116,449370.0,False,449370.0
37280,execution_finished,4,"[86, 85, 19, 13]",449370.0,448628,33,449403.0,33,449403.0,False,449403.0
37268,execution_finished,4,"[114, 110, 107, 96]",449340.0,447893,82,449422.0,82,449422.0,False,449422.0
37252,execution_finished,4,"[118, 117, 116, 115]",449340.0,446911,87,449427.0,87,449427.0,False,449427.0
37281,execution_finished,4,"[86, 85, 19, 13]",449403.0,448716,35,449438.0,35,449438.0,False,449438.0
37270,execution_finished,8,"[118, 117, 116, 115, 114, 110, 107, 96]",449427.0,447991,81,449508.0,81,449508.0,False,449508.0
37282,execution_finished,8,"[118, 117, 116, 115, 114, 110, 107, 96]",449508.0,448757,124,449632.0,124,449632.0,False,449632.0
37239,execution_finished,4,"[111, 112, 113, 127]",449309.0,446343,414,449723.0,414,449723.0,False,449723.0
37161,execution_finished,32,"[12, 15, 16, 17, 18, 20, 21, 22, 23, 24, 25, 26, 27, 28, 72, 78, 87, 88, 89, 90, 91, 92, 93, 98, 119, 120, 121, 122, 123, 124, 125, 126]",443850.0,439893,5978,449828.0,5978,449828.0,False,449828.0
37256,execution_finished,16,"[127, 118, 117, 116, 115, 114, 113, 112, 111, 110, 107, 96, 86, 85, 19, 13]",449723.0,447186,112,449835.0,112,449835.0,False,449835.0
37238,execution_finished,16,"[59, 60, 61, 62, 63, 64, 65, 66, 67, 68, 69, 70, 71, 74, 76, 77]",449340.0,446307,499,449839.0,499,449839.0,False,449839.0
37255,execution_finished,1,[109],449847.0,447147,26,449873.0,26,449873.0,False,449873.0
37254,execution_finished,1,[108],449845.0,447145,38,449883.0,38,449883.0,False,449883.0
37250,execution_finished,4,"[79, 80, 81, 82]",449340.0,446863,572,449912.0,572,449912.0,False,449912.0
37162,execution_finished,8,"[94, 95, 97, 101, 102, 103, 104, 105]",444092.0,439923,5949,450041.0,5949,450041.0,False,450041.0
37249,execution_finished,8,"[109, 108, 79, 80, 81, 82, 94, 95]",450041.0,446827,527,450568.0,527,450568.0,False,450568.0
37240,execution_finished,64,"[12, 15, 16, 17, 18, 20, 21, 22, 23, 24, 25, 26, 27, 28, 72, 78, 87, 88, 89, 90, 91, 92, 93, 98, 119, 120, 121, 122, 123, 124, 125, 126, 13, 19, 85, 86, 96, 107, 110, 111, 112, 113, 114, 115, 116, 117, 118, 127, 59, 60, 61, 62, 63, 64, 65, 66, 67, 68, 69, 70, 71, 74, 76, 77]",449839.0,446367,766,450605.0,766,450605.0,False,450605.0
37219,execution_finished,8,"[99, 100, 106, 6, 7, 8, 10, 11]",450578.0,444932,120,450698.0,120,450698.0,False,450698.0
37257,execution_finished,64,"[81, 82, 94, 95, 108, 109, 12, 13, 15, 16, 17, 18, 19, 20, 21, 22, 23, 24, 25, 26, 27, 28, 59, 60, 61, 62, 63, 64, 65, 66, 67, 68, 69, 70, 71, 72, 74, 76, 77, 78, 85, 86, 87, 88, 89, 90, 91, 92, 93, 96, 98, 107, 110, 111, 112, 113, 114, 115, 116, 117, 118, 119, 120, 121]",450605.0,447307,260,450865.0,260,450865.0,False,450865.0
37262,execution_finished,16,"[122, 123, 124, 125, 126, 127, 6, 7, 8, 10, 11, 99, 100, 106, 12, 13]",450865.0,447553,27,450892.0,27,450892.0,False,450892.0
37260,execution_finished,4,"[97, 101, 102, 103]",450041.0,447524,1050,451091.0,1050,451091.0,False,451091.0
37271,execution_finished,16,"[8, 10, 11, 12, 13, 99, 100, 106, 122, 123, 124, 125, 126, 127, 97, 101]",451091.0,448086,79,451170.0,79,451170.0,False,451170.0
37285,execution_finished,16,"[102, 103, 8, 10, 11, 12, 13, 97, 99, 100, 101, 106, 122, 123, 124, 125]",451170.0,448918,172,451342.0,172,451342.0,False,451342.0
37264,execution_finished,64,"[15, 16, 17, 18, 19, 20, 21, 22, 23, 24, 25, 26, 27, 28, 59, 60, 61, 62, 63, 64, 65, 66, 67, 68, 69, 70, 71, 72, 74, 76, 77, 78, 81, 82, 85, 86, 87, 88, 89, 90, 91, 92, 93, 94, 95, 96, 98, 107, 108, 109, 110, 111, 112, 113, 114, 115, 116, 117, 118, 119, 120, 121, 6, 7]",450892.0,447665,509,451401.0,509,451401.0,False,451401.0
37275,execution_finished,32,"[74, 76, 77, 78, 81, 82, 85, 86, 87, 88, 89, 90, 91, 92, 93, 94, 95, 96, 98, 107, 108, 109, 110, 111, 112, 113, 114, 115, 116, 117, 118, 119]",451401.0,448471,169,451570.0,169,451570.0,False,451570.0
37272,execution_finished,32,"[124, 125, 6, 7, 15, 16, 17, 18, 19, 20, 21, 22, 23, 24, 25, 26, 27, 28, 59, 60, 61, 62, 63, 64, 65, 66, 67, 68, 69, 70, 71, 72]",451401.0,448176,407,451808.0,407,451808.0,False,451808.0
37279,execution_finished,2,"[83, 84]",449340.0,448609,2518,451858.0,2518,451858.0,False,451858.0
37278,execution_finished,32,"[120, 121, 74, 76, 77, 78, 81, 82, 85, 86, 87, 88, 89, 90, 91, 92, 93, 94, 95, 96, 98, 107, 108, 109, 110, 111, 112, 113, 114, 115, 116, 117]",451570.0,448588,431,452001.0,431,452001.0,False,452001.0
37284,execution_finished,32,"[118, 119, 6, 7, 15, 16, 17, 18, 19, 20, 21, 22, 23, 24, 25, 26, 27, 28, 59, 60, 61, 62, 63, 64, 65, 66, 67, 68, 69, 70, 71, 72]",451808.0,448890,251,452059.0,251,452059.0,False,452059.0
37291,execution_finished,32,"[116, 117, 120, 121, 6, 7, 15, 16, 17, 18, 19, 20, 21, 22, 23, 24, 25, 26, 27, 28, 59, 60, 61, 62, 63, 64, 65, 66, 67, 68, 69, 70]",452059.0,449303,165,452224.0,165,452224.0,False,452224.0
37286,execution_finished,32,"[124, 125, 83, 84, 74, 76, 77, 78, 81, 82, 85, 86, 87, 88, 89, 90, 91, 92, 93, 94, 95, 96, 98, 107, 108, 109, 110, 111, 112, 113, 114, 115]",452001.0,449031,355,452356.0,355,452356.0,False,452356.0
37304,execution_finished,1,[116],452341.0,452341,19,452360.0,19,452360.0,False,452360.0
37295,execution_finished,32,"[117, 120, 121, 74, 76, 77, 78, 81, 82, 83, 84, 85, 86, 87, 88, 89, 90, 91, 92, 93, 94, 95, 96, 98, 107, 108, 109, 110, 111, 112, 113, 114]",452356.0,450448,224,452580.0,224,452580.0,False,452580.0
37307,execution_finished,1,[117],452696.0,452696,11,452707.0,11,452707.0,False,452707.0
37306,execution_finished,1,[114],452695.0,452695,23,452718.0,23,452718.0,False,452718.0
37277,execution_finished,4,"[104, 105, 79, 80]",450568.0,448586,2529,453097.0,2529,453097.0,False,453097.0
37300,execution_finished,32,"[115, 124, 125, 116, 74, 76, 77, 78, 81, 82, 83, 84, 85, 86, 87, 88, 89, 90, 91, 92, 93, 94, 95, 96, 98, 107, 108, 109, 110, 111, 112, 113]",452580.0,451282,1408,453988.0,1408,453988.0,False,453988.0
37310,execution_finished,32,"[74, 76, 77, 78, 81, 82, 83, 84, 85, 86, 87, 88, 89, 90, 91, 92, 93, 94, 95, 96, 98, 107, 108, 109, 110, 111, 112, 113, 115, 116, 124, 125]",453988.0,452835,327,454315.0,327,454315.0,False,454315.0
37314,execution_finished,32,"[74, 76, 77, 78, 81, 82, 83, 84, 85, 86, 87, 88, 89, 90, 91, 92, 93, 94, 95, 96, 98, 107, 108, 109, 110, 111, 112, 113, 115, 116, 124, 125]",454315.0,453454,1321,455636.0,1321,455636.0,False,455636.0
37326,execution_finished,32,"[74, 76, 77, 78, 81, 82, 83, 84, 85, 86, 87, 88, 89, 90, 91, 92, 93, 94, 95, 96, 98, 107, 108, 109, 110, 111, 112, 113, 115, 116, 124, 125]",455961.0,455961,48,456009.0,48,456009.0,False,456009.0
37329,execution_finished,32,"[74, 76, 77, 78, 81, 82, 83, 84, 85, 86, 87, 88, 89, 90, 91, 92, 93, 94, 95, 96, 98, 107, 108, 109, 110, 111, 112, 113, 115, 116, 124, 125]",456038.0,456038,142,456180.0,142,456180.0,False,456180.0
37339,execution_finished,1,[74],456643.0,456643,48,456691.0,48,456691.0,False,456691.0
37344,execution_finished,1,[74],456822.0,456822,20,456842.0,20,456842.0,False,456842.0
37342,execution_finished,16,"[76, 77, 78, 81, 82, 83, 84, 85, 86, 87, 88, 89, 90, 91, 92, 93]",456743.0,456743,186,456929.0,186,456929.0,False,456929.0
37322,execution_finished,1,[120],457680.0,454776,18,457698.0,18,457698.0,False,457698.0
37352,execution_finished,1,[120],457751.0,457751,105,457856.0,105,457856.0,False,457856.0
37232,execution_finished,8,"[0, 3, 4, 9, 14, 31, 73, 75]",449243.0,446093,11022,460265.0,11022,460265.0,False,460265.0
37230,execution_finished,32,"[1, 2, 5, 29, 30, 32, 33, 34, 35, 36, 37, 38, 39, 40, 41, 42, 43, 44, 45, 46, 47, 48, 49, 50, 51, 52, 53, 54, 55, 56, 57, 58]",449340.0,446061,11052,460392.0,11052,460392.0,False,460392.0
37350,execution_finished,1,[79],460335.0,457635,92,460427.0,92,460427.0,False,460427.0
37357,execution_finished,2,"[80, 104]",460712.0,458012,91,460803.0,91,460803.0,False,460803.0
37363,execution_finished,32,"[74, 76, 77, 78, 81, 82, 83, 84, 85, 86, 87, 88, 89, 90, 91, 92, 93, 94, 95, 96, 98, 105, 107, 108, 109, 110, 111, 112, 113, 114, 115, 116]",462029.0,458628,216,462245.0,216,462245.0,False,462245.0
37287,execution_finished,16,"[126, 127, 8, 10, 11, 12, 13, 97, 99, 100, 101, 102, 103, 106, 122, 123]",451342.0,449112,11166,462508.0,11166,462508.0,False,462508.0
37292,execution_finished,32,"[71, 72, 118, 119, 6, 7, 15, 16, 17, 18, 19, 20, 21, 22, 23, 24, 25, 26, 27, 28, 59, 60, 61, 62, 63, 64, 65, 66, 67, 68, 69, 70]",452224.0,449401,10877,463101.0,10877,463101.0,False,463101.0
37378,execution_finished,4,"[64, 65, 66, 67]",470627.0,467927,2037,472664.0,2037,472664.0,False,472664.0
37379,execution_finished,2,"[68, 69]",470649.0,467949,2017,472666.0,2017,472666.0,False,472666.0
37377,execution_finished,64,"[0, 1, 2, 3, 4, 5, 6, 7, 8, 9, 10, 11, 12, 13, 14, 15, 16, 17, 18, 19, 20, 21, 22, 23, 24, 25, 26, 27, 28, 29, 30, 31, 32, 33, 34, 35, 36, 37, 38, 39, 40, 41, 42, 43, 44, 45, 46, 47, 48, 49, 50, 51, 52, 53, 54, 55, 56, 57, 58, 59, 60, 61, 62, 63]",469742.0,467042,4615,474357.0,4615,474357.0,False,474357.0
37381,execution_finished,2,"[74, 75]",472762.0,470062,1601,474363.0,1601,474363.0,False,474363.0
37380,execution_finished,4,"[70, 71, 72, 73]",472741.0,470041,1625,474366.0,1625,474366.0,False,474366.0
37382,execution_finished,128,"[0, 1, 2, 3, 4, 5, 6, 7, 8, 9, 10, 11, 12, 13, 14, 15, 16, 17, 18, 19, 20, 21, 22, 23, 24, 25, 26, 27, 28, 29, 30, 31, 32, 33, 34, 35, 36, 37, 38, 39, 40, 41, 42, 43, 44, 45, 46, 47, 48, 49, 50, 51, 52, 53, 54, 55, 56, 57, 58, 59, 60, 61, 62, 63, 64, 65, 66, 67, 68, 69, 70, 71, 72, 73, 74, 75, 76, 77, 78, 79, 80, 81, 82, 83, 84, 85, 86, 87, 88, 89, 90, 91, 92, 93, 94, 95, 96, 97, 98, 99, 100, 101, 102, 103, 104, 105, 106, 107, 108, 109, 110, 111, 112, 113, 114, 115, 116, 117, 118, 119, 120, 121, 122, 123, 124, 125, 126, 127]",479466.0,471669,86,479552.0,86,479552.0,False,479552.0
37383,execution_finished,128,"[0, 1, 2, 3, 4, 5, 6, 7, 8, 9, 10, 11, 12, 13, 14, 15, 16, 17, 18, 19, 20, 21, 22, 23, 24, 25, 26, 27, 28, 29, 30, 31, 32, 33, 34, 35, 36, 37, 38, 39, 40, 41, 42, 43, 44, 45, 46, 47, 48, 49, 50, 51, 52, 53, 54, 55, 56, 57, 58, 59, 60, 61, 62, 63, 64, 65, 66, 67, 68, 69, 70, 71, 72, 73, 74, 75, 76, 77, 78, 79, 80, 81, 82, 83, 84, 85, 86, 87, 88, 89, 90, 91, 92, 93, 94, 95, 96, 97, 98, 99, 100, 101, 102, 103, 104, 105, 106, 107, 108, 109, 110, 111, 112, 113, 114, 115, 116, 117, 118, 119, 120, 121, 122, 123, 124, 125, 126, 127]",479552.0,471765,10935,490487.0,10935,490487.0,False,490487.0
37384,execution_finished,64,"[0, 1, 2, 3, 4, 5, 6, 7, 8, 9, 10, 11, 12, 13, 14, 15, 16, 17, 18, 19, 20, 21, 22, 23, 24, 25, 26, 27, 28, 29, 30, 31, 32, 33, 34, 35, 36, 37, 38, 39, 40, 41, 42, 43, 44, 45, 46, 47, 48, 49, 50, 51, 52, 53, 54, 55, 56, 57, 58, 59, 60, 61, 62, 63]",490487.0,482706,10924,501411.0,10924,501411.0,False,501411.0
37608,execution_finished,4,"[56, 57, 58, 59]",501411.0,501211,44,501455.0,44,501455.0,False,501455.0
37605,execution_finished,8,"[48, 49, 50, 51, 52, 53, 54, 55]",501411.0,501071,62,501473.0,62,501473.0,False,501473.0
37602,execution_finished,16,"[0, 1, 2, 3, 4, 5, 6, 7, 8, 9, 10, 11, 12, 13, 14, 15]",501411.0,500720,72,501483.0,72,501483.0,False,501483.0
37604,execution_finished,32,"[16, 17, 18, 19, 20, 21, 22, 23, 24, 25, 26, 27, 28, 29, 30, 31, 32, 33, 34, 35, 36, 37, 38, 39, 40, 41, 42, 43, 44, 45, 46, 47]",501411.0,500947,78,501489.0,78,501489.0,False,501489.0
37610,execution_finished,8,"[60, 61, 62, 63, 56, 57, 58, 59]",501455.0,501295,52,501507.0,52,501507.0,False,501507.0
37615,execution_finished,32,"[24, 25, 26, 27, 28, 29, 30, 31, 32, 33, 34, 35, 36, 37, 38, 39, 40, 41, 42, 43, 44, 45, 46, 47, 56, 57, 58, 59, 60, 61, 62, 63]",501565.0,501565,20,501585.0,20,501585.0,False,501585.0
37613,execution_finished,32,"[48, 49, 50, 51, 52, 53, 54, 55, 0, 1, 2, 3, 4, 5, 6, 7, 8, 9, 10, 11, 12, 13, 14, 15, 16, 17, 18, 19, 20, 21, 22, 23]",501489.0,501400,112,501601.0,112,501601.0,False,501601.0
37616,execution_finished,32,"[24, 25, 26, 27, 28, 29, 30, 31, 32, 33, 34, 35, 36, 37, 38, 39, 40, 41, 42, 43, 44, 45, 46, 47, 56, 57, 58, 59, 60, 61, 62, 63]",501708.0,501708,41,501749.0,41,501749.0,False,501749.0
37622,execution_finished,32,"[0, 1, 2, 3, 4, 5, 6, 7, 8, 9, 10, 11, 12, 13, 14, 15, 16, 17, 18, 19, 20, 21, 22, 23, 48, 49, 50, 51, 52, 53, 54, 55]",501965.0,501965,91,502056.0,91,502056.0,False,502056.0
37587,execution_finished,32,"[64, 65, 66, 67, 68, 69, 70, 71, 72, 73, 74, 75, 76, 77, 78, 79, 80, 81, 82, 83, 84, 85, 86, 87, 88, 89, 90, 91, 92, 93, 94, 95]",502001.0,499301,88,502089.0,88,502089.0,False,502089.0
37623,execution_finished,32,"[24, 25, 26, 27, 28, 29, 30, 31, 32, 33, 34, 35, 36, 37, 38, 39, 40, 41, 42, 43, 44, 45, 46, 47, 56, 57, 58, 59, 60, 61, 62, 63]",502079.0,502079,293,502372.0,293,502372.0,False,502372.0
37630,execution_finished,1,[0],502547.0,502547,40,502587.0,40,502587.0,False,502587.0
37631,execution_finished,32,"[64, 65, 66, 67, 68, 69, 70, 71, 72, 73, 74, 75, 76, 77, 78, 79, 80, 81, 82, 83, 84, 85, 86, 87, 88, 89, 90, 91, 92, 93, 94, 95]",502684.0,502684,6,502690.0,6,502690.0,False,502690.0
37634,execution_finished,1,[0],502773.0,502773,27,502800.0,27,502800.0,False,502800.0
37633,execution_finished,32,"[24, 25, 26, 27, 28, 29, 30, 31, 32, 33, 34, 35, 36, 37, 38, 39, 40, 41, 42, 43, 44, 45, 46, 47, 56, 57, 58, 59, 60, 61, 62, 63]",502729.0,502729,143,502872.0,143,502872.0,False,502872.0
37595,execution_finished,32,"[96, 97, 98, 99, 100, 101, 102, 103, 104, 105, 106, 107, 108, 109, 110, 111, 112, 113, 114, 115, 116, 117, 118, 119, 120, 121, 122, 123, 124, 125, 126, 127]",502868.0,500168,20,502888.0,20,502888.0,False,502888.0
37642,execution_finished,1,[31],503274.0,503274,4,503278.0,4,503278.0,False,503278.0
37643,execution_finished,1,[32],503278.0,503278,21,503299.0,21,503299.0,False,503299.0
37644,execution_finished,1,[33],503337.0,503337,20,503357.0,20,503357.0,False,503357.0
37645,execution_finished,1,[34],503417.0,503417,24,503441.0,24,503441.0,False,503441.0
37640,execution_finished,32,"[64, 65, 66, 67, 68, 69, 70, 71, 72, 73, 74, 75, 76, 77, 78, 79, 80, 81, 82, 83, 84, 85, 86, 87, 88, 89, 90, 91, 92, 93, 94, 95]",503164.0,503164,2481,505645.0,2481,505645.0,False,505645.0
37641,execution_finished,8,"[0, 24, 25, 26, 27, 28, 29, 30]",503186.0,503186,2459,505645.0,2459,505645.0,False,505645.0
37664,execution_finished,16,"[0, 24, 25, 26, 27, 28, 29, 30, 64, 65, 66, 67, 68, 69, 70, 71]",505645.0,505076,406,506051.0,406,506051.0,False,506051.0
37667,execution_finished,8,"[72, 73, 74, 75, 76, 77, 78, 79]",505645.0,505499,465,506110.0,465,506110.0,False,506110.0
37678,execution_finished,1,[78],506248.0,506248,53,506301.0,53,506301.0,False,506301.0
37681,execution_finished,1,[78],506333.0,506333,18,506351.0,18,506351.0,False,506351.0
37680,execution_finished,1,[79],506333.0,506262,29,506362.0,29,506362.0,False,506362.0
37674,execution_finished,8,"[94, 95, 0, 24, 25, 26, 27, 28]",506051.0,505890,450,506501.0,450,506501.0,False,506501.0
37676,execution_finished,16,"[29, 30, 64, 65, 66, 67, 68, 69, 70, 71, 72, 73, 74, 75, 76, 77]",506112.0,506112,416,506528.0,416,506528.0,False,506528.0
37682,execution_finished,1,[0],506573.0,506375,18,506591.0,18,506591.0,False,506591.0
37688,execution_finished,1,[64],506951.0,506614,45,506996.0,45,506996.0,False,506996.0
37687,execution_finished,8,"[24, 25, 26, 27, 28, 29, 30, 0]",506603.0,506603,570,507173.0,570,507173.0,False,507173.0
37661,execution_finished,1,[109],507988.0,504637,23,508011.0,23,508011.0,False,508011.0
37662,execution_finished,4,"[110, 111, 112, 113]",507988.0,504705,72,508060.0,72,508060.0,False,508060.0
37650,execution_finished,1,[108],507988.0,503789,135,508123.0,135,508123.0,False,508123.0
37701,execution_finished,1,[113],508159.0,508159,14,508173.0,14,508173.0,False,508173.0
37707,execution_finished,1,[113],508610.0,508610,7,508617.0,7,508617.0,False,508617.0
37708,execution_finished,1,[113],508620.0,508620,12,508632.0,12,508632.0,False,508632.0
37673,execution_finished,32,"[31, 32, 33, 34, 114, 115, 116, 117, 118, 119, 120, 121, 122, 123, 124, 125, 126, 127, 80, 81, 82, 83, 84, 85, 86, 87, 88, 89, 90, 91, 92, 93]",508568.0,505868,472,509040.0,472,509040.0,False,509040.0
37679,execution_finished,32,"[113, 31, 32, 33, 34, 80, 81, 82, 83, 84, 85, 86, 87, 88, 89, 90, 91, 92, 93, 114, 115, 116, 117, 118, 119, 120, 121, 122, 123, 124, 125, 126]",509040.0,506249,245,509285.0,245,509285.0,False,509285.0
37685,execution_finished,32,"[127, 31, 32, 33, 34, 80, 81, 82, 83, 84, 85, 86, 87, 88, 89, 90, 91, 92, 93, 113, 114, 115, 116, 117, 118, 119, 120, 121, 122, 123, 124, 125]",509285.0,506573,599,509884.0,599,509884.0,False,509884.0
37699,execution_finished,8,"[116, 117, 118, 119, 120, 121, 122, 123]",509884.0,507794,266,510150.0,266,510150.0,False,510150.0
37724,execution_finished,1,[127],510148.0,510148,24,510172.0,24,510172.0,False,510172.0
37726,execution_finished,1,[127],510216.0,510216,21,510237.0,21,510237.0,False,510237.0
37705,execution_finished,8,"[116, 117, 118, 119, 120, 121, 122, 123]",510150.0,508352,200,510350.0,200,510350.0,False,510350.0
37731,execution_finished,1,[127],510317.0,510317,58,510375.0,58,510375.0,False,510375.0
37732,execution_finished,1,[127],510375.0,510349,69,510444.0,69,510444.0,False,510444.0
37648,execution_finished,64,"[1, 2, 3, 4, 5, 6, 7, 8, 9, 10, 11, 12, 13, 14, 15, 16, 17, 18, 19, 20, 21, 22, 23, 35, 36, 37, 38, 39, 40, 41, 42, 43, 44, 45, 46, 47, 48, 49, 50, 51, 52, 53, 54, 55, 56, 57, 58, 59, 60, 61, 62, 63, 96, 97, 98, 99, 100, 101, 102, 103, 104, 105, 106, 107]",507988.0,503649,2594,510582.0,2594,510582.0,False,510582.0
37714,execution_finished,4,"[116, 117, 118, 119]",510350.0,509269,401,510751.0,401,510751.0,False,510751.0
37745,execution_finished,1,[119],510756.0,510756,36,510792.0,36,510792.0,False,510792.0
37748,execution_finished,1,[119],510823.0,510823,25,510848.0,25,510848.0,False,510848.0
37715,execution_finished,4,"[120, 121, 122, 123]",510350.0,509332,685,511035.0,685,511035.0,False,511035.0
37722,execution_finished,4,"[107, 116, 117, 118]",510751.0,509945,389,511140.0,389,511140.0,False,511140.0
37717,execution_finished,8,"[119, 120, 121, 122, 123, 107, 116, 117]",511140.0,509391,92,511232.0,92,511232.0,False,511232.0
37721,execution_finished,8,"[118, 107, 116, 117, 119, 120, 121, 122]",511232.0,509823,87,511319.0,87,511319.0,False,511319.0
37735,execution_finished,8,"[123, 107, 116, 117, 118, 119, 120, 121]",511319.0,510434,444,511763.0,444,511763.0,False,511763.0
37757,execution_finished,1,[122],511561.0,511561,320,511881.0,320,511881.0,False,511881.0
37691,execution_finished,64,"[127, 1, 2, 3, 4, 5, 6, 7, 8, 9, 10, 11, 12, 13, 14, 15, 16, 17, 18, 19, 20, 21, 22, 23, 35, 36, 37, 38, 39, 40, 41, 42, 43, 44, 45, 46, 47, 48, 49, 50, 51, 52, 53, 54, 55, 56, 57, 58, 59, 60, 61, 62, 63, 96, 97, 98, 99, 100, 101, 102, 103, 104, 105, 106]",510582.0,506726,1429,512011.0,1429,512011.0,False,512011.0
37719,execution_finished,2,"[124, 125]",509884.0,509603,2175,512059.0,2175,512059.0,False,512059.0
37700,execution_finished,16,"[35, 36, 37, 38, 39, 40, 41, 42, 43, 44, 45, 46, 47, 48, 49, 50]",512011.0,508012,139,512150.0,139,512150.0,False,512150.0
37767,execution_finished,4,"[35, 36, 37, 38]",512152.0,512152,37,512189.0,37,512189.0,False,512189.0
37769,execution_finished,2,"[39, 40]",512173.0,512173,29,512202.0,29,512202.0,False,512202.0
37697,execution_finished,32,"[107, 116, 117, 118, 119, 120, 121, 123, 122, 1, 2, 3, 4, 5, 6, 7, 8, 9, 10, 11, 12, 13, 14, 15, 16, 17, 18, 19, 20, 21, 22, 23]",512011.0,507756,302,512313.0,302,512313.0,False,512313.0
37703,execution_finished,16,"[51, 52, 53, 54, 55, 56, 57, 58, 59, 60, 61, 62, 63, 96, 97, 98]",512011.0,508284,349,512360.0,349,512360.0,False,512360.0
37704,execution_finished,32,"[99, 100, 101, 102, 103, 104, 105, 106, 127, 124, 125, 41, 42, 43, 44, 45, 46, 47, 48, 49, 50, 35, 36, 37, 38, 39, 40, 1, 2, 3, 4, 5]",512313.0,508324,226,512539.0,226,512539.0,False,512539.0
37696,execution_finished,32,"[72, 73, 74, 75, 76, 77, 78, 79, 94, 95, 126, 31, 32, 33, 34, 80, 81, 82, 83, 84, 85, 86, 87, 88, 89, 90, 91, 92, 93, 113, 114, 115]",512584.0,507620,32,512616.0,32,512616.0,False,512616.0
37706,execution_finished,64,"[6, 7, 8, 9, 10, 11, 12, 13, 14, 15, 16, 17, 18, 19, 20, 21, 22, 23, 107, 116, 117, 118, 119, 120, 121, 122, 123, 51, 52, 53, 54, 55, 56, 57, 58, 59, 60, 61, 62, 63, 96, 97, 98, 1, 2, 3, 4, 5, 35, 36, 37, 38, 39, 40, 41, 42, 43, 44, 45, 46, 47, 48, 49, 50]",512539.0,508522,126,512665.0,126,512665.0,False,512665.0
37695,execution_finished,16,"[0, 24, 25, 26, 27, 28, 29, 30, 64, 65, 66, 67, 68, 69, 70, 71]",512584.0,507554,155,512739.0,155,512739.0,False,512739.0
37716,execution_finished,32,"[99, 100, 101, 102, 103, 104, 105, 106, 124, 125, 127, 31, 32, 33, 34, 72, 73, 74, 75, 76, 77, 78, 79, 80, 81, 82, 83, 84, 85, 86, 87, 88]",512616.0,509339,142,512758.0,142,512758.0,False,512758.0
37781,execution_finished,1,[28],512744.0,512744,15,512759.0,15,512759.0,False,512759.0
37723,execution_finished,32,"[29, 30, 64, 65, 66, 67, 68, 69, 70, 71, 31, 32, 33, 34, 72, 73, 74, 75, 76, 77, 78, 79, 80, 81, 82, 83, 84, 85, 86, 87, 88, 99]",512758.0,510134,21,512779.0,21,512779.0,False,512779.0
37728,execution_finished,32,"[100, 101, 102, 103, 104, 105, 106, 124, 125, 127, 28, 29, 30, 31, 32, 33, 34, 64, 65, 66, 67, 68, 69, 70, 71, 72, 73, 74, 75, 76, 77, 78]",512779.0,510257,160,512939.0,160,512939.0,False,512939.0
37734,execution_finished,1,[109],513144.0,510380,46,513190.0,46,513190.0,False,513190.0
37752,execution_finished,16,"[97, 98, 107, 116, 117, 118, 119, 120, 121, 122, 123, 0, 24, 25, 26, 27]",512739.0,510952,501,513240.0,501,513240.0,False,513240.0
37740,execution_finished,32,"[79, 80, 81, 82, 83, 84, 85, 86, 87, 88, 99, 28, 29, 30, 31, 32, 33, 34, 64, 65, 66, 67, 68, 69, 70, 71, 72, 73, 74, 75, 76, 77]",512939.0,510620,398,513337.0,398,513337.0,False,513337.0
37788,execution_finished,1,[32],513660.0,513660,8,513668.0,8,513668.0,False,513668.0
37709,execution_finished,64,"[89, 90, 91, 92, 93, 94, 95, 113, 114, 115, 126, 1, 2, 3, 4, 5, 6, 7, 8, 9, 10, 11, 12, 13, 14, 15, 16, 17, 18, 19, 20, 21, 22, 23, 35, 36, 37, 38, 39, 40, 41, 42, 43, 44, 45, 46, 47, 48, 49, 50, 51, 52, 53, 54, 55, 56, 57, 58, 59, 60, 61, 62, 63, 96]",512665.0,508711,1435,514100.0,1435,514100.0,False,514100.0
37710,execution_finished,64,"[32, 1, 2, 3, 4, 5, 6, 7, 8, 9, 10, 11, 12, 13, 14, 15, 16, 17, 18, 19, 20, 21, 22, 23, 35, 36, 37, 38, 39, 40, 41, 42, 43, 44, 45, 46, 47, 48, 49, 50, 51, 52, 53, 54, 55, 56, 57, 58, 59, 60, 61, 62, 63, 89, 90, 91, 92, 93, 94, 95, 96, 113, 114, 115]",514100.0,508716,145,514245.0,145,514245.0,False,514245.0
37711,execution_finished,64,"[126, 1, 2, 3, 4, 5, 6, 7, 8, 9, 10, 11, 12, 13, 14, 15, 16, 17, 18, 19, 20, 21, 22, 23, 32, 35, 36, 37, 38, 39, 40, 41, 42, 43, 44, 45, 46, 47, 48, 49, 50, 51, 52, 53, 54, 55, 56, 57, 58, 59, 60, 61, 62, 63, 89, 90, 91, 92, 93, 94, 95, 96, 113, 114]",514245.0,508885,113,514358.0,113,514358.0,False,514358.0
37712,execution_finished,64,"[115, 1, 2, 3, 4, 5, 6, 7, 8, 9, 10, 11, 12, 13, 14, 15, 16, 17, 18, 19, 20, 21, 22, 23, 32, 35, 36, 37, 38, 39, 40, 41, 42, 43, 44, 45, 46, 47, 48, 49, 50, 51, 52, 53, 54, 55, 56, 57, 58, 59, 60, 61, 62, 63, 89, 90, 91, 92, 93, 94, 95, 96, 113, 114]",514358.0,509027,107,514465.0,107,514465.0,False,514465.0
37713,execution_finished,64,"[126, 1, 2, 3, 4, 5, 6, 7, 8, 9, 10, 11, 12, 13, 14, 15, 16, 17, 18, 19, 20, 21, 22, 23, 32, 35, 36, 37, 38, 39, 40, 41, 42, 43, 44, 45, 46, 47, 48, 49, 50, 51, 52, 53, 54, 55, 56, 57, 58, 59, 60, 61, 62, 63, 89, 90, 91, 92, 93, 94, 95, 96, 113, 114]",514465.0,509154,105,514570.0,105,514570.0,False,514570.0
37725,execution_finished,64,"[115, 1, 2, 3, 4, 5, 6, 7, 8, 9, 10, 11, 12, 13, 14, 15, 16, 17, 18, 19, 20, 21, 22, 23, 32, 35, 36, 37, 38, 39, 40, 41, 42, 43, 44, 45, 46, 47, 48, 49, 50, 51, 52, 53, 54, 55, 56, 57, 58, 59, 60, 61, 62, 63, 89, 90, 91, 92, 93, 94, 95, 96, 113, 114]",514570.0,510162,44,514614.0,44,514614.0,False,514614.0
37727,execution_finished,64,"[126, 1, 2, 3, 4, 5, 6, 7, 8, 9, 10, 11, 12, 13, 14, 15, 16, 17, 18, 19, 20, 21, 22, 23, 32, 35, 36, 37, 38, 39, 40, 41, 42, 43, 44, 45, 46, 47, 48, 49, 50, 51, 52, 53, 54, 55, 56, 57, 58, 59, 60, 61, 62, 63, 89, 90, 91, 92, 93, 94, 95, 96, 113, 114]",514614.0,510218,57,514671.0,57,514671.0,False,514671.0
37730,execution_finished,64,"[115, 1, 2, 3, 4, 5, 6, 7, 8, 9, 10, 11, 12, 13, 14, 15, 16, 17, 18, 19, 20, 21, 22, 23, 32, 35, 36, 37, 38, 39, 40, 41, 42, 43, 44, 45, 46, 47, 48, 49, 50, 51, 52, 53, 54, 55, 56, 57, 58, 59, 60, 61, 62, 63, 89, 90, 91, 92, 93, 94, 95, 96, 113, 114]",514671.0,510291,67,514738.0,67,514738.0,False,514738.0
37733,execution_finished,64,"[126, 1, 2, 3, 4, 5, 6, 7, 8, 9, 10, 11, 12, 13, 14, 15, 16, 17, 18, 19, 20, 21, 22, 23, 32, 35, 36, 37, 38, 39, 40, 41, 42, 43, 44, 45, 46, 47, 48, 49, 50, 51, 52, 53, 54, 55, 56, 57, 58, 59, 60, 61, 62, 63, 89, 90, 91, 92, 93, 94, 95, 96, 113, 114]",514738.0,510372,67,514805.0,67,514805.0,False,514805.0
37736,execution_finished,64,"[115, 1, 2, 3, 4, 5, 6, 7, 8, 9, 10, 11, 12, 13, 14, 15, 16, 17, 18, 19, 20, 21, 22, 23, 32, 35, 36, 37, 38, 39, 40, 41, 42, 43, 44, 45, 46, 47, 48, 49, 50, 51, 52, 53, 54, 55, 56, 57, 58, 59, 60, 61, 62, 63, 89, 90, 91, 92, 93, 94, 95, 96, 113, 114]",514805.0,510459,36,514841.0,36,514841.0,False,514841.0
37737,execution_finished,64,"[126, 1, 2, 3, 4, 5, 6, 7, 8, 9, 10, 11, 12, 13, 14, 15, 16, 17, 18, 19, 20, 21, 22, 23, 32, 35, 36, 37, 38, 39, 40, 41, 42, 43, 44, 45, 46, 47, 48, 49, 50, 51, 52, 53, 54, 55, 56, 57, 58, 59, 60, 61, 62, 63, 89, 90, 91, 92, 93, 94, 95, 96, 113, 114]",514841.0,510507,31,514872.0,31,514872.0,False,514872.0
37738,execution_finished,64,"[115, 1, 2, 3, 4, 5, 6, 7, 8, 9, 10, 11, 12, 13, 14, 15, 16, 17, 18, 19, 20, 21, 22, 23, 32, 35, 36, 37, 38, 39, 40, 41, 42, 43, 44, 45, 46, 47, 48, 49, 50, 51, 52, 53, 54, 55, 56, 57, 58, 59, 60, 61, 62, 63, 89, 90, 91, 92, 93, 94, 95, 96, 113, 114]",514872.0,510547,30,514902.0,30,514902.0,False,514902.0
37739,execution_finished,64,"[126, 1, 2, 3, 4, 5, 6, 7, 8, 9, 10, 11, 12, 13, 14, 15, 16, 17, 18, 19, 20, 21, 22, 23, 32, 35, 36, 37, 38, 39, 40, 41, 42, 43, 44, 45, 46, 47, 48, 49, 50, 51, 52, 53, 54, 55, 56, 57, 58, 59, 60, 61, 62, 63, 89, 90, 91, 92, 93, 94, 95, 96, 113, 114]",514902.0,510591,39,514941.0,39,514941.0,False,514941.0
37741,execution_finished,64,"[115, 1, 2, 3, 4, 5, 6, 7, 8, 9, 10, 11, 12, 13, 14, 15, 16, 17, 18, 19, 20, 21, 22, 23, 32, 35, 36, 37, 38, 39, 40, 41, 42, 43, 44, 45, 46, 47, 48, 49, 50, 51, 52, 53, 54, 55, 56, 57, 58, 59, 60, 61, 62, 63, 89, 90, 91, 92, 93, 94, 95, 96, 113, 114]",514941.0,510652,70,515011.0,70,515011.0,False,515011.0
37743,execution_finished,64,"[126, 1, 2, 3, 4, 5, 6, 7, 8, 9, 10, 11, 12, 13, 14, 15, 16, 17, 18, 19, 20, 21, 22, 23, 32, 35, 36, 37, 38, 39, 40, 41, 42, 43, 44, 45, 46, 47, 48, 49, 50, 51, 52, 53, 54, 55, 56, 57, 58, 59, 60, 61, 62, 63, 89, 90, 91, 92, 93, 94, 95, 96, 113, 114]",515011.0,510734,44,515055.0,44,515055.0,False,515055.0
37804,execution_finished,1,[126],515110.0,515110,17,515127.0,17,515127.0,False,515127.0
37747,execution_finished,64,"[115, 1, 2, 3, 4, 5, 6, 7, 8, 9, 10, 11, 12, 13, 14, 15, 16, 17, 18, 19, 20, 21, 22, 23, 32, 35, 36, 37, 38, 39, 40, 41, 42, 43, 44, 45, 46, 47, 48, 49, 50, 51, 52, 53, 54, 55, 56, 57, 58, 59, 60, 61, 62, 63, 89, 90, 91, 92, 93, 94, 95, 96, 113, 114]",515055.0,510795,109,515164.0,109,515164.0,False,515164.0
37750,execution_finished,64,"[126, 1, 2, 3, 4, 5, 6, 7, 8, 9, 10, 11, 12, 13, 14, 15, 16, 17, 18, 19, 20, 21, 22, 23, 32, 35, 36, 37, 38, 39, 40, 41, 42, 43, 44, 45, 46, 47, 48, 49, 50, 51, 52, 53, 54, 55, 56, 57, 58, 59, 60, 61, 62, 63, 89, 90, 91, 92, 93, 94, 95, 96, 113, 114]",515164.0,510915,106,515270.0,106,515270.0,False,515270.0
37753,execution_finished,64,"[115, 1, 2, 3, 4, 5, 6, 7, 8, 9, 10, 11, 12, 13, 14, 15, 16, 17, 18, 19, 20, 21, 22, 23, 32, 35, 36, 37, 38, 39, 40, 41, 42, 43, 44, 45, 46, 47, 48, 49, 50, 51, 52, 53, 54, 55, 56, 57, 58, 59, 60, 61, 62, 63, 89, 90, 91, 92, 93, 94, 95, 96, 113, 114]",515270.0,511034,102,515372.0,102,515372.0,False,515372.0
37755,execution_finished,64,"[126, 1, 2, 3, 4, 5, 6, 7, 8, 9, 10, 11, 12, 13, 14, 15, 16, 17, 18, 19, 20, 21, 22, 23, 32, 35, 36, 37, 38, 39, 40, 41, 42, 43, 44, 45, 46, 47, 48, 49, 50, 51, 52, 53, 54, 55, 56, 57, 58, 59, 60, 61, 62, 63, 89, 90, 91, 92, 93, 94, 95, 96, 113, 114]",515372.0,511154,110,515482.0,110,515482.0,False,515482.0
37758,execution_finished,64,"[115, 1, 2, 3, 4, 5, 6, 7, 8, 9, 10, 11, 12, 13, 14, 15, 16, 17, 18, 19, 20, 21, 22, 23, 32, 35, 36, 37, 38, 39, 40, 41, 42, 43, 44, 45, 46, 47, 48, 49, 50, 51, 52, 53, 54, 55, 56, 57, 58, 59, 60, 61, 62, 63, 89, 90, 91, 92, 93, 94, 95, 96, 113, 114]",515482.0,511797,32,515514.0,32,515514.0,False,515514.0
37759,execution_finished,64,"[126, 1, 2, 3, 4, 5, 6, 7, 8, 9, 10, 11, 12, 13, 14, 15, 16, 17, 18, 19, 20, 21, 22, 23, 32, 35, 36, 37, 38, 39, 40, 41, 42, 43, 44, 45, 46, 47, 48, 49, 50, 51, 52, 53, 54, 55, 56, 57, 58, 59, 60, 61, 62, 63, 89, 90, 91, 92, 93, 94, 95, 96, 113, 114]",515514.0,511860,1,515515.0,1,515515.0,False,515515.0
37760,execution_finished,64,"[115, 1, 2, 3, 4, 5, 6, 7, 8, 9, 10, 11, 12, 13, 14, 15, 16, 17, 18, 19, 20, 21, 22, 23, 32, 35, 36, 37, 38, 39, 40, 41, 42, 43, 44, 45, 46, 47, 48, 49, 50, 51, 52, 53, 54, 55, 56, 57, 58, 59, 60, 61, 62, 63, 89, 90, 91, 92, 93, 94, 95, 96, 113, 114]",515515.0,511867,34,515549.0,34,515549.0,False,515549.0
37762,execution_finished,64,"[126, 1, 2, 3, 4, 5, 6, 7, 8, 9, 10, 11, 12, 13, 14, 15, 16, 17, 18, 19, 20, 21, 22, 23, 32, 35, 36, 37, 38, 39, 40, 41, 42, 43, 44, 45, 46, 47, 48, 49, 50, 51, 52, 53, 54, 55, 56, 57, 58, 59, 60, 61, 62, 63, 89, 90, 91, 92, 93, 94, 95, 96, 113, 114]",515549.0,511943,43,515592.0,43,515592.0,False,515592.0
37764,execution_finished,64,"[115, 1, 2, 3, 4, 5, 6, 7, 8, 9, 10, 11, 12, 13, 14, 15, 16, 17, 18, 19, 20, 21, 22, 23, 32, 35, 36, 37, 38, 39, 40, 41, 42, 43, 44, 45, 46, 47, 48, 49, 50, 51, 52, 53, 54, 55, 56, 57, 58, 59, 60, 61, 62, 63, 89, 90, 91, 92, 93, 94, 95, 96, 113, 114]",515592.0,512007,30,515622.0,30,515622.0,False,515622.0
37718,execution_finished,4,"[108, 110, 111, 112]",513451.0,509580,2195,515646.0,2195,515646.0,False,515646.0
37765,execution_finished,64,"[126, 1, 2, 3, 4, 5, 6, 7, 8, 9, 10, 11, 12, 13, 14, 15, 16, 17, 18, 19, 20, 21, 22, 23, 32, 35, 36, 37, 38, 39, 40, 41, 42, 43, 44, 45, 46, 47, 48, 49, 50, 51, 52, 53, 54, 55, 56, 57, 58, 59, 60, 61, 62, 63, 89, 90, 91, 92, 93, 94, 95, 96, 113, 114]",515622.0,512065,32,515654.0,32,515654.0,False,515654.0
37766,execution_finished,64,"[115, 108, 110, 111, 112, 1, 2, 3, 4, 5, 6, 7, 8, 9, 10, 11, 12, 13, 14, 15, 16, 17, 18, 19, 20, 21, 22, 23, 32, 35, 36, 37, 38, 39, 40, 41, 42, 43, 44, 45, 46, 47, 48, 49, 50, 51, 52, 53, 54, 55, 56, 57, 58, 59, 60, 61, 62, 63, 89, 90, 91, 92, 93, 94]",515654.0,512113,32,515686.0,32,515686.0,False,515686.0
37768,execution_finished,64,"[95, 96, 113, 114, 126, 1, 2, 3, 4, 5, 6, 7, 8, 9, 10, 11, 12, 13, 14, 15, 16, 17, 18, 19, 20, 21, 22, 23, 32, 35, 36, 37, 38, 39, 40, 41, 42, 43, 44, 45, 46, 47, 48, 49, 50, 51, 52, 53, 54, 55, 56, 57, 58, 59, 60, 61, 62, 63, 89, 90, 91, 92, 93, 94]",515686.0,512160,31,515717.0,31,515717.0,False,515717.0
37770,execution_finished,64,"[108, 110, 111, 112, 115, 1, 2, 3, 4, 5, 6, 7, 8, 9, 10, 11, 12, 13, 14, 15, 16, 17, 18, 19, 20, 21, 22, 23, 32, 35, 36, 37, 38, 39, 40, 41, 42, 43, 44, 45, 46, 47, 48, 49, 50, 51, 52, 53, 54, 55, 56, 57, 58, 59, 60, 61, 62, 63, 89, 90, 91, 92, 93, 94]",515717.0,512206,31,515748.0,31,515748.0,False,515748.0
37771,execution_finished,64,"[95, 96, 113, 114, 126, 1, 2, 3, 4, 5, 6, 7, 8, 9, 10, 11, 12, 13, 14, 15, 16, 17, 18, 19, 20, 21, 22, 23, 32, 35, 36, 37, 38, 39, 40, 41, 42, 43, 44, 45, 46, 47, 48, 49, 50, 51, 52, 53, 54, 55, 56, 57, 58, 59, 60, 61, 62, 63, 89, 90, 91, 92, 93, 94]",515748.0,512252,110,515858.0,110,515858.0,False,515858.0
37754,execution_finished,32,"[78, 100, 101, 102, 103, 104, 105, 106, 124, 125, 127, 109, 0, 24, 25, 26, 27, 97, 98, 107, 116, 117, 118, 119, 120, 121, 122, 123, 28, 29, 30, 31]",513337.0,511144,2535,515872.0,2535,515872.0,False,515872.0
37790,execution_finished,4,"[33, 34, 64, 65]",513804.0,513804,2073,515877.0,2073,515877.0,False,515877.0
37791,execution_finished,2,"[66, 67]",513831.0,513831,2048,515879.0,2048,515879.0,False,515879.0
37805,execution_finished,8,"[102, 103, 104, 105, 106, 107, 109, 116]",515872.0,515113,49,515921.0,49,515921.0,False,515921.0
37800,execution_finished,8,"[29, 30, 31, 78, 97, 98, 100, 101]",515872.0,514725,73,515945.0,73,515945.0,False,515945.0
37774,execution_finished,64,"[108, 110, 111, 112, 115, 1, 2, 3, 4, 5, 6, 7, 8, 9, 10, 11, 12, 13, 14, 15, 16, 17, 18, 19, 20, 21, 22, 23, 32, 35, 36, 37, 38, 39, 40, 41, 42, 43, 44, 45, 46, 47, 48, 49, 50, 51, 52, 53, 54, 55, 56, 57, 58, 59, 60, 61, 62, 63, 89, 90, 91, 92, 93, 94]",515858.0,512372,105,515963.0,105,515963.0,False,515963.0
37811,execution_finished,8,"[102, 103, 104, 105, 106, 107, 109, 116]",515921.0,515869,109,516030.0,109,516030.0,False,516030.0
37777,execution_finished,64,"[29, 30, 31, 78, 97, 98, 100, 101, 1, 2, 3, 4, 5, 6, 7, 8, 9, 10, 11, 12, 13, 14, 15, 16, 17, 18, 19, 20, 21, 22, 23, 32, 35, 36, 37, 38, 39, 40, 41, 42, 43, 44, 45, 46, 47, 48, 49, 50, 51, 52, 53, 54, 55, 56, 57, 58, 59, 60, 61, 62, 63, 89, 90, 91]",515963.0,512491,105,516068.0,105,516068.0,False,516068.0
37779,execution_finished,64,"[92, 93, 94, 108, 110, 111, 112, 115, 102, 103, 104, 105, 106, 107, 109, 116, 1, 2, 3, 4, 5, 6, 7, 8, 9, 10, 11, 12, 13, 14, 15, 16, 17, 18, 19, 20, 21, 22, 23, 29, 30, 31, 32, 35, 36, 37, 38, 39, 40, 41, 42, 43, 44, 45, 46, 47, 48, 49, 50, 51, 52, 53, 54, 55]",516068.0,512611,100,516168.0,100,516168.0,False,516168.0
37780,execution_finished,64,"[56, 57, 58, 59, 60, 61, 62, 63, 78, 89, 90, 91, 97, 98, 100, 101, 1, 2, 3, 4, 5, 6, 7, 8, 9, 10, 11, 12, 13, 14, 15, 16, 17, 18, 19, 20, 21, 22, 23, 29, 30, 31, 32, 35, 36, 37, 38, 39, 40, 41, 42, 43, 44, 45, 46, 47, 48, 49, 50, 51, 52, 53, 54, 55]",516168.0,512725,100,516268.0,100,516268.0,False,516268.0
37816,execution_finished,1,[92],516262.0,516262,9,516271.0,9,516271.0,False,516271.0
37806,execution_finished,8,"[117, 118, 119, 120, 121, 122, 123, 124]",515872.0,515211,463,516335.0,463,516335.0,False,516335.0
37809,execution_finished,8,"[125, 127, 33, 34, 64, 65, 66, 67]",515879.0,515725,477,516356.0,477,516356.0,False,516356.0
37782,execution_finished,64,"[93, 94, 102, 103, 104, 105, 106, 107, 108, 109, 110, 111, 112, 115, 116, 1, 2, 3, 4, 5, 6, 7, 8, 9, 10, 11, 12, 13, 14, 15, 16, 17, 18, 19, 20, 21, 22, 23, 29, 30, 31, 32, 35, 36, 37, 38, 39, 40, 41, 42, 43, 44, 45, 46, 47, 48, 49, 50, 51, 52, 53, 54, 55, 56]",516268.0,512837,101,516369.0,101,516369.0,False,516369.0
37793,execution_finished,32,"[57, 58, 59, 60, 61, 62, 63, 78, 89, 90, 91, 97, 98, 100, 101, 92, 117, 118, 119, 120, 121, 122, 123, 124, 33, 34, 64, 65, 66, 67, 125, 127]",516356.0,514051,24,516380.0,24,516380.0,False,516380.0
37794,execution_finished,32,"[33, 34, 57, 58, 59, 60, 61, 62, 63, 64, 65, 66, 67, 78, 89, 90, 91, 92, 97, 98, 100, 101, 117, 118, 119, 120, 121, 122, 123, 124, 125, 127]",516380.0,514138,26,516406.0,26,516406.0,False,516406.0
37783,execution_finished,64,"[1, 2, 3, 4, 5, 6, 7, 8, 9, 10, 11, 12, 13, 14, 15, 16, 17, 18, 19, 20, 21, 22, 23, 29, 30, 31, 32, 35, 36, 37, 38, 39, 40, 41, 42, 43, 44, 45, 46, 47, 48, 49, 50, 51, 52, 53, 54, 55, 56, 93, 94, 102, 103, 104, 105, 106, 107, 108, 109, 110, 111, 112, 115, 116]",516369.0,512948,42,516411.0,42,516411.0,False,516411.0
37784,execution_finished,64,"[1, 2, 3, 4, 5, 6, 7, 8, 9, 10, 11, 12, 13, 14, 15, 16, 17, 18, 19, 20, 21, 22, 23, 29, 30, 31, 32, 35, 36, 37, 38, 39, 40, 41, 42, 43, 44, 45, 46, 47, 48, 49, 50, 51, 52, 53, 54, 55, 56, 93, 94, 102, 103, 104, 105, 106, 107, 108, 109, 110, 111, 112, 115, 116]",516411.0,512995,101,516512.0,101,516512.0,False,516512.0
37786,execution_finished,64,"[1, 2, 3, 4, 5, 6, 7, 8, 9, 10, 11, 12, 13, 14, 15, 16, 17, 18, 19, 20, 21, 22, 23, 29, 30, 31, 32, 35, 36, 37, 38, 39, 40, 41, 42, 43, 44, 45, 46, 47, 48, 49, 50, 51, 52, 53, 54, 55, 56, 93, 94, 102, 103, 104, 105, 106, 107, 108, 109, 110, 111, 112, 115, 116]",516512.0,513112,101,516613.0,101,516613.0,False,516613.0
37801,execution_finished,64,"[1, 2, 3, 4, 5, 6, 7, 8, 9, 10, 11, 12, 13, 14, 15, 16, 17, 18, 19, 20, 21, 22, 23, 29, 30, 31, 32, 35, 36, 37, 38, 39, 40, 41, 42, 43, 44, 45, 46, 47, 48, 49, 50, 51, 52, 53, 54, 55, 56, 93, 94, 102, 103, 104, 105, 106, 107, 108, 109, 110, 111, 112, 115, 116]",516613.0,514741,42,516655.0,42,516655.0,False,516655.0
37798,execution_finished,32,"[33, 34, 57, 58, 59, 60, 61, 62, 63, 64, 65, 66, 67, 78, 89, 90, 91, 92, 97, 98, 100, 101, 117, 118, 119, 120, 121, 122, 123, 124, 125, 127]",516406.0,514381,318,516724.0,318,516724.0,False,516724.0
37803,execution_finished,64,"[1, 2, 3, 4, 5, 6, 7, 8, 9, 10, 11, 12, 13, 14, 15, 16, 17, 18, 19, 20, 21, 22, 23, 29, 30, 31, 32, 35, 36, 37, 38, 39, 40, 41, 42, 43, 44, 45, 46, 47, 48, 49, 50, 51, 52, 53, 54, 55, 56, 93, 94, 102, 103, 104, 105, 106, 107, 108, 109, 110, 111, 112, 115, 116]",516655.0,515090,102,516757.0,102,516757.0,False,516757.0
37807,execution_finished,64,"[1, 2, 3, 4, 5, 6, 7, 8, 9, 10, 11, 12, 13, 14, 15, 16, 17, 18, 19, 20, 21, 22, 23, 29, 30, 31, 32, 35, 36, 37, 38, 39, 40, 41, 42, 43, 44, 45, 46, 47, 48, 49, 50, 51, 52, 53, 54, 55, 56, 93, 94, 102, 103, 104, 105, 106, 107, 108, 109, 110, 111, 112, 115, 116]",516757.0,515281,86,516843.0,86,516843.0,False,516843.0
37819,execution_finished,32,"[5, 6, 7, 8, 9, 10, 11, 12, 13, 14, 15, 16, 17, 18, 19, 20, 21, 22, 23, 29, 30, 31, 32, 35, 36, 37, 38, 39, 40, 41, 42, 43]",516843.0,516595,27,516870.0,27,516870.0,False,516870.0
37818,execution_finished,4,"[1, 2, 3, 4]",516843.0,516545,37,516880.0,37,516880.0,False,516880.0
37817,execution_finished,32,"[33, 34, 57, 58, 59, 60, 61, 62, 63, 64, 65, 66, 67, 78, 89, 90, 91, 92, 97, 98, 100, 101, 117, 118, 119, 120, 121, 122, 123, 124, 125, 127]",516724.0,516314,415,517139.0,415,517139.0,False,517139.0
37821,execution_finished,8,"[44, 45, 46, 47, 48, 49, 50, 51]",516843.0,516785,486,517329.0,486,517329.0,False,517329.0
37824,execution_finished,8,"[63, 64, 65, 66, 67, 78, 89, 90]",517428.0,517428,35,517463.0,35,517463.0,False,517463.0
37822,execution_finished,64,"[52, 53, 54, 55, 56, 93, 94, 102, 103, 104, 105, 106, 107, 108, 109, 110, 111, 112, 115, 116, 5, 6, 7, 8, 9, 10, 11, 12, 13, 14, 15, 16, 17, 18, 19, 20, 21, 22, 23, 29, 30, 31, 32, 35, 36, 37, 38, 39, 40, 41, 42, 43, 1, 2, 3, 4, 33, 34, 57, 58, 59, 60, 61, 62]",517139.0,516786,3326,520465.0,3326,520465.0,False,520465.0
37845,execution_finished,1,[40],520465.0,520041,28,520493.0,28,520493.0,False,520493.0
37835,execution_finished,8,"[31, 32, 33, 34, 35, 36, 37, 38]",520465.0,518736,41,520506.0,41,520506.0,False,520506.0
37834,execution_finished,8,"[18, 19, 20, 21, 22, 23, 29, 30]",520465.0,518579,44,520509.0,44,520509.0,False,520509.0
37843,execution_finished,1,[39],520465.0,519519,89,520554.0,89,520554.0,False,520554.0
37842,execution_finished,32,"[41, 42, 43, 52, 53, 54, 55, 56, 57, 58, 59, 60, 61, 62, 93, 94, 102, 103, 104, 105, 106, 107, 108, 109, 110, 111, 112, 115, 116, 40, 31, 32]",520506.0,519449,157,520663.0,157,520663.0,False,520663.0
37849,execution_finished,1,[18],520652.0,520652,22,520674.0,22,520674.0,False,520674.0
37833,execution_finished,16,"[2, 3, 4, 5, 6, 7, 8, 9, 10, 11, 12, 13, 14, 15, 16, 17]",520465.0,518532,356,520821.0,356,520821.0,False,520821.0
37846,execution_finished,16,"[33, 34, 35, 36, 37, 38, 19, 20, 21, 22, 23, 29, 30, 39, 31, 32]",520663.0,520072,345,521008.0,345,521008.0,False,521008.0
37789,execution_finished,32,"[68, 69, 70, 71, 72, 73, 74, 75, 76, 77, 79, 80, 81, 82, 83, 84, 85, 86, 87, 88, 99, 95, 96, 113, 114, 126, 0, 24, 25, 26, 27, 28]",518572.0,513728,2532,521104.0,2532,521104.0,False,521104.0
37847,execution_finished,64,"[40, 41, 42, 43, 52, 53, 54, 55, 56, 57, 58, 59, 60, 61, 62, 93, 94, 102, 103, 104, 105, 106, 107, 108, 109, 110, 111, 112, 115, 116, 18, 2, 3, 4, 5, 6, 7, 8, 9, 10, 11, 12, 13, 14, 15, 16, 17, 19, 20, 21, 22, 23, 29, 30, 31, 32, 33, 34, 35, 36, 37, 38, 39, 0]",521104.0,520292,359,521463.0,359,521463.0,False,521463.0
37856,execution_finished,16,"[39, 40, 41, 42, 43, 52, 53, 54, 55, 56, 57, 58, 59, 60, 61, 62]",521463.0,521066,145,521608.0,145,521608.0,False,521608.0
37831,execution_finished,1,[1],520465.0,517820,1560,522025.0,1560,522025.0,False,522025.0
37858,execution_finished,16,"[93, 94, 102, 103, 104, 105, 106, 107, 108, 109, 110, 111, 112, 115, 116, 39]",521608.0,521548,505,522113.0,505,522113.0,False,522113.0
37859,execution_finished,32,"[40, 41, 42, 43, 52, 53, 54, 55, 56, 57, 58, 59, 60, 61, 62, 1, 39, 93, 94, 102, 103, 104, 105, 106, 107, 108, 109, 110, 111, 112, 115, 116]",522113.0,521743,79,522192.0,79,522192.0,False,522192.0
37865,execution_finished,1,[60],522254.0,522254,26,522280.0,26,522280.0,False,522280.0
37864,execution_finished,8,"[52, 53, 54, 55, 56, 57, 58, 59]",522254.0,522152,113,522367.0,113,522367.0,False,522367.0
37852,execution_finished,64,"[24, 25, 26, 27, 28, 68, 69, 70, 71, 72, 73, 74, 75, 76, 77, 79, 80, 81, 82, 83, 84, 85, 86, 87, 88, 95, 96, 99, 113, 114, 126, 0, 2, 3, 4, 5, 6, 7, 8, 9, 10, 11, 12, 13, 14, 15, 16, 17, 18, 19, 20, 21, 22, 23, 29, 30, 31, 32, 33, 34, 35, 36, 37, 38]",521463.0,520813,1437,522900.0,1437,522900.0,False,522900.0
37873,execution_finished,1,[25],522935.0,522935,18,522953.0,18,522953.0,False,522953.0
37863,execution_finished,32,"[52, 53, 54, 55, 56, 57, 58, 59, 0, 2, 3, 4, 5, 6, 7, 8, 9, 10, 11, 12, 13, 14, 15, 16, 17, 18, 19, 20, 21, 22, 23, 24]",522900.0,522131,132,523032.0,132,523032.0,False,523032.0
37877,execution_finished,8,"[52, 53, 54, 55, 56, 57, 58, 59]",523330.0,523330,96,523426.0,96,523426.0,False,523426.0
37879,execution_finished,1,[52],523740.0,523740,14,523754.0,14,523754.0,False,523754.0
37881,execution_finished,8,"[53, 54, 55, 56, 57, 58, 59, 52]",523850.0,523850,92,523942.0,92,523942.0,False,523942.0
37829,execution_finished,32,"[44, 45, 46, 47, 48, 49, 50, 51, 63, 64, 65, 66, 67, 78, 89, 90, 91, 92, 97, 98, 100, 101, 117, 118, 119, 120, 121, 122, 123, 124, 125, 127]",522563.0,517747,1633,524196.0,1633,524196.0,False,524196.0
37886,execution_finished,8,"[119, 120, 121, 122, 123, 124, 125, 127]",524207.0,524207,28,524235.0,28,524235.0,False,524235.0
37861,execution_finished,2,"[42, 43]",522192.0,522007,2076,524268.0,2076,524268.0,False,524268.0
37860,execution_finished,4,"[1, 39, 40, 41]",522192.0,521985,2096,524288.0,2096,524288.0,False,524288.0
37888,execution_finished,8,"[119, 120, 121, 122, 123, 124, 125, 127]",524244.0,524244,82,524326.0,82,524326.0,False,524326.0
37889,execution_finished,1,[42],524326.0,524326,9,524335.0,9,524335.0,False,524335.0
37872,execution_finished,16,"[52, 53, 54, 55, 56, 57, 58, 59, 44, 45, 46, 47, 48, 49, 50, 51]",524196.0,522881,180,524376.0,180,524376.0,False,524376.0
37866,execution_finished,64,"[26, 27, 28, 29, 30, 31, 32, 33, 34, 35, 36, 37, 38, 68, 69, 70, 71, 72, 73, 74, 75, 76, 77, 79, 80, 81, 82, 83, 84, 85, 86, 87, 88, 95, 96, 99, 113, 114, 126, 25, 0, 2, 3, 4, 5, 6, 7, 8, 9, 10, 11, 12, 13, 14, 15, 16, 17, 18, 19, 20, 21, 22, 23, 24]",523032.0,522306,1430,524462.0,1430,524462.0,False,524462.0
37874,execution_finished,16,"[63, 64, 65, 66, 67, 78, 89, 90, 91, 92, 97, 98, 100, 101, 117, 118]",524196.0,523083,301,524497.0,301,524497.0,False,524497.0
37876,execution_finished,32,"[43, 1, 39, 40, 41, 119, 120, 121, 122, 123, 124, 125, 127, 42, 44, 45, 46, 47, 48, 49, 50, 51, 52, 53, 54, 55, 56, 57, 58, 59, 0, 2]",524462.0,523309,115,524577.0,115,524577.0,False,524577.0
37880,execution_finished,32,"[3, 4, 5, 6, 7, 8, 9, 10, 11, 12, 13, 14, 15, 16, 17, 18, 19, 20, 21, 22, 23, 24, 25, 26, 27, 28, 29, 30, 31, 32, 33, 34]",524462.0,523824,116,524578.0,116,524578.0,False,524578.0
37891,execution_finished,8,"[54, 55, 56, 57, 58, 59, 119, 120]",524582.0,524582,121,524703.0,121,524703.0,False,524703.0
37893,execution_finished,4,"[13, 14, 15, 16]",524797.0,524797,32,524829.0,32,524829.0,False,524829.0
37894,execution_finished,4,"[17, 18, 19, 20]",524837.0,524837,71,524908.0,71,524908.0,False,524908.0
37896,execution_finished,4,"[21, 22, 23, 24]",524993.0,524993,63,525056.0,63,525056.0,False,525056.0
37897,execution_finished,1,[54],525245.0,525245,42,525287.0,42,525287.0,False,525287.0
37898,execution_finished,1,[55],525299.0,525299,18,525317.0,18,525317.0,False,525317.0
37892,execution_finished,16,"[121, 122, 123, 124, 125, 127, 3, 4, 5, 6, 7, 8, 9, 10, 11, 12]",524711.0,524711,657,525368.0,657,525368.0,False,525368.0
37902,execution_finished,16,"[19, 20, 21, 22, 23, 24, 54, 55, 3, 4, 5, 6, 7, 8, 9, 10]",525414.0,525414,186,525600.0,186,525600.0,False,525600.0
37903,execution_finished,4,"[11, 12, 121, 122]",525649.0,525649,100,525749.0,100,525749.0,False,525749.0
37905,execution_finished,16,"[123, 124, 125, 127, 3, 4, 5, 6, 7, 8, 9, 10, 19, 20, 21, 22]",525745.0,525745,366,526111.0,366,526111.0,False,526111.0
37911,execution_finished,1,[19],526147.0,526147,16,526163.0,16,526163.0,False,526163.0
37912,execution_finished,1,[20],526166.0,526166,11,526177.0,11,526177.0,False,526177.0
37890,execution_finished,64,"[35, 36, 37, 38, 68, 69, 70, 71, 72, 73, 74, 75, 76, 77, 79, 80, 81, 82, 83, 84, 85, 86, 87, 88, 95, 96, 99, 113, 114, 126, 63, 64, 65, 66, 67, 78, 89, 90, 91, 92, 97, 98, 100, 101, 117, 118, 0, 1, 2, 39, 40, 41, 42, 43, 44, 45, 46, 47, 48, 49, 50, 51, 52, 53]",524577.0,524521,1619,526196.0,1619,526196.0,False,526196.0
37910,execution_finished,16,"[23, 24, 54, 55, 11, 12, 121, 122, 3, 4, 5, 6, 7, 8, 9, 10]",526118.0,526118,399,526517.0,399,526517.0,False,526517.0
37915,execution_finished,16,"[3, 4, 5, 6, 7, 8, 9, 10, 11, 12, 23, 24, 54, 55, 121, 122]",526827.0,526827,107,526934.0,107,526934.0,False,526934.0
37917,execution_finished,16,"[3, 4, 5, 6, 7, 8, 9, 10, 11, 12, 23, 24, 54, 55, 121, 122]",527078.0,527078,136,527214.0,136,527214.0,False,527214.0
37921,execution_finished,16,"[3, 4, 5, 6, 7, 8, 9, 10, 11, 12, 23, 24, 54, 55, 121, 122]",527477.0,527477,93,527570.0,93,527570.0,False,527570.0
37913,execution_finished,64,"[21, 22, 123, 124, 125, 127, 19, 20, 0, 1, 2, 35, 36, 37, 38, 39, 40, 41, 42, 43, 44, 45, 46, 47, 48, 49, 50, 51, 52, 53, 63, 64, 65, 66, 67, 68, 69, 70, 71, 72, 73, 74, 75, 76, 77, 78, 79, 80, 81, 82, 83, 84, 85, 86, 87, 88, 89, 90, 91, 92, 95, 96, 97, 98]",526209.0,526209,1420,527629.0,1420,527629.0,False,527629.0
37924,execution_finished,1,[3],527633.0,527633,15,527648.0,15,527648.0,False,527648.0
37925,execution_finished,1,[4],527665.0,527665,6,527671.0,6,527671.0,False,527671.0
37927,execution_finished,1,[87],527683.0,527683,14,527697.0,14,527697.0,False,527697.0
37928,execution_finished,16,"[88, 89, 90, 91, 92, 95, 96, 97, 98, 123, 124, 125, 127, 3, 4, 87]",527821.0,527821,58,527879.0,58,527879.0,False,527879.0
37929,execution_finished,16,"[3, 4, 87, 88, 89, 90, 91, 92, 95, 96, 97, 98, 123, 124, 125, 127]",527884.0,527884,136,528020.0,136,528020.0,False,528020.0
37931,execution_finished,16,"[3, 4, 87, 88, 89, 90, 91, 92, 95, 96, 97, 98, 123, 124, 125, 127]",528300.0,528300,77,528377.0,77,528377.0,False,528377.0
37899,execution_finished,4,"[13, 14, 15, 16]",525321.0,525321,3128,528449.0,3128,528449.0,False,528449.0
37901,execution_finished,2,"[17, 18]",525344.0,525344,3108,528452.0,3108,528452.0,False,528452.0
37935,execution_finished,1,[3],528959.0,528959,46,529005.0,46,529005.0,False,529005.0
37937,execution_finished,1,[13],529018.0,529018,19,529037.0,19,529037.0,False,529037.0
37926,execution_finished,64,"[5, 6, 7, 8, 9, 10, 11, 12, 23, 24, 54, 55, 121, 122, 0, 1, 2, 19, 20, 21, 22, 35, 36, 37, 38, 39, 40, 41, 42, 43, 44, 45, 46, 47, 48, 49, 50, 51, 52, 53, 63, 64, 65, 66, 67, 68, 69, 70, 71, 72, 73, 74, 75, 76, 77, 78, 79, 80, 81, 82, 83, 84, 85, 86]",527674.0,527674,1437,529111.0,1437,529111.0,False,529111.0
37942,execution_finished,1,[1],529132.0,529132,26,529158.0,26,529158.0,False,529158.0
37941,execution_finished,1,[0],529129.0,529129,36,529165.0,36,529165.0,False,529165.0
37944,execution_finished,64,"[2, 5, 6, 7, 8, 9, 10, 11, 12, 19, 20, 21, 22, 23, 24, 35, 36, 37, 38, 39, 40, 41, 42, 43, 44, 45, 46, 47, 48, 49, 50, 51, 52, 53, 54, 55, 63, 64, 65, 66, 67, 68, 69, 70, 71, 72, 73, 74, 75, 76, 77, 78, 79, 80, 81, 82, 83, 84, 85, 86, 121, 122, 1, 0]",529209.0,529209,717,529926.0,717,529926.0,False,529926.0
37947,execution_finished,16,"[50, 51, 52, 53, 54, 55, 63, 64, 65, 66, 67, 68, 69, 70, 71, 72]",529926.0,529479,83,530009.0,83,530009.0,False,530009.0
37946,execution_finished,32,"[0, 1, 2, 5, 6, 7, 8, 9, 10, 11, 12, 19, 20, 21, 22, 23, 24, 35, 36, 37, 38, 39, 40, 41, 42, 43, 44, 45, 46, 47, 48, 49]",529926.0,529475,155,530081.0,155,530081.0,False,530081.0
37949,execution_finished,64,"[73, 74, 75, 76, 77, 78, 79, 80, 81, 82, 83, 84, 85, 86, 121, 122, 50, 51, 52, 53, 54, 55, 63, 64, 65, 66, 67, 68, 69, 70, 71, 72, 0, 1, 2, 5, 6, 7, 8, 9, 10, 11, 12, 19, 20, 21, 22, 23, 24, 35, 36, 37, 38, 39, 40, 41, 42, 43, 44, 45, 46, 47, 48, 49]",530081.0,529947,1410,531491.0,1410,531491.0,False,531491.0
37954,execution_finished,4,"[81, 82, 83, 84]",531491.0,530493,51,531542.0,51,531542.0,False,531542.0
37951,execution_finished,8,"[50, 51, 52, 53, 54, 55, 63, 64]",531491.0,530126,99,531590.0,99,531590.0,False,531590.0
37950,execution_finished,32,"[0, 1, 2, 5, 6, 7, 8, 9, 10, 11, 12, 19, 20, 21, 22, 23, 24, 35, 36, 37, 38, 39, 40, 41, 42, 43, 44, 45, 46, 47, 48, 49]",531491.0,530101,122,531613.0,122,531613.0,False,531613.0
37933,execution_finished,32,"[25, 26, 27, 28, 29, 30, 31, 32, 33, 34, 56, 57, 58, 59, 60, 61, 62, 93, 94, 99, 100, 101, 102, 103, 104, 105, 106, 107, 108, 109, 110, 111]",531553.0,528853,174,531727.0,174,531727.0,False,531727.0
37960,execution_finished,32,"[85, 86, 121, 122, 81, 82, 83, 84, 50, 51, 52, 53, 54, 55, 63, 64, 0, 1, 2, 5, 6, 7, 8, 9, 10, 11, 12, 19, 20, 21, 22, 23]",531613.0,531149,118,531731.0,118,531731.0,False,531731.0
37967,execution_finished,16,"[50, 51, 52, 53, 54, 55, 63, 64, 81, 82, 83, 84, 85, 86, 121, 122]",531879.0,531879,53,531932.0,53,531932.0,False,531932.0
37952,execution_finished,16,"[65, 66, 67, 68, 69, 70, 71, 72, 73, 74, 75, 76, 77, 78, 79, 80]",531491.0,530158,474,531965.0,474,531965.0,False,531965.0
37945,execution_finished,1,[112],532058.0,529358,24,532082.0,24,532082.0,False,532082.0
37968,execution_finished,32,"[50, 51, 52, 53, 54, 55, 63, 64, 81, 82, 83, 84, 85, 86, 121, 122, 65, 66, 67, 68, 69, 70, 71, 72, 73, 74, 75, 76, 77, 78, 79, 80]",532017.0,532017,113,532130.0,113,532130.0,False,532130.0
37938,execution_finished,4,"[14, 15, 16, 17]",529043.0,529043,3113,532156.0,3113,532156.0,False,532156.0
37940,execution_finished,2,"[3, 13]",529066.0,529066,3092,532158.0,3092,532158.0,False,532158.0
37965,execution_finished,64,"[24, 35, 36, 37, 38, 39, 40, 41, 42, 43, 44, 45, 46, 47, 48, 49, 25, 26, 27, 28, 29, 30, 31, 32, 33, 34, 56, 57, 58, 59, 60, 61, 62, 93, 94, 99, 100, 101, 102, 103, 104, 105, 106, 107, 108, 109, 110, 111, 0, 1, 2, 5, 6, 7, 8, 9, 10, 11, 12, 19, 20, 21, 22, 23]",531731.0,531443,1441,533172.0,1441,533172.0,False,533172.0
37964,execution_finished,1,[18],534191.0,531388,9,534200.0,9,534200.0,False,534200.0
37963,execution_finished,1,[4],534191.0,531361,13,534204.0,13,534204.0,False,534204.0
37982,execution_finished,1,[18],534200.0,533781,14,534214.0,14,534214.0,False,534214.0
37984,execution_finished,1,[4],534204.0,534088,18,534222.0,18,534222.0,False,534222.0
37985,execution_finished,1,[18],534214.0,534124,16,534230.0,16,534230.0,False,534230.0
37961,execution_finished,8,"[87, 88, 89, 90, 91, 92, 95, 96]",534242.0,531175,94,534336.0,94,534336.0,False,534336.0
37986,execution_finished,1,[95],534386.0,534386,15,534401.0,15,534401.0,False,534401.0
37981,execution_finished,8,"[4, 18, 87, 88, 89, 90, 91, 92]",534336.0,533580,90,534426.0,90,534426.0,False,534426.0
37987,execution_finished,1,[96],534427.0,534427,9,534436.0,9,534436.0,False,534436.0
37978,execution_finished,64,"[0, 1, 2, 5, 6, 7, 8, 9, 10, 11, 12, 19, 20, 21, 22, 23, 24, 25, 26, 27, 28, 29, 30, 31, 32, 33, 34, 35, 36, 37, 38, 39, 40, 41, 42, 43, 44, 45, 46, 47, 48, 49, 56, 57, 58, 59, 60, 61, 62, 93, 94, 99, 100, 101, 102, 103, 104, 105, 106, 107, 108, 109, 110, 111]",533172.0,532974,1409,534581.0,1409,534581.0,False,534581.0
37983,execution_finished,64,"[95, 4, 18, 87, 88, 89, 90, 91, 92, 96, 0, 1, 2, 5, 6, 7, 8, 9, 10, 11, 12, 19, 20, 21, 22, 23, 24, 25, 26, 27, 28, 29, 30, 31, 32, 33, 34, 35, 36, 37, 38, 39, 40, 41, 42, 43, 44, 45, 46, 47, 48, 49, 56, 57, 58, 59, 60, 61, 62, 93, 94, 99, 100, 101]",534581.0,533917,165,534746.0,165,534746.0,False,534746.0
37969,execution_finished,8,"[97, 98, 113, 114, 115, 116, 117, 118]",534742.0,532042,90,534832.0,90,534832.0,False,534832.0
37975,execution_finished,1,[119],535587.0,532887,14,535601.0,14,535601.0,False,535601.0
37976,execution_finished,1,[120],535619.0,532919,7,535626.0,7,535626.0,False,535626.0
37977,execution_finished,1,[123],535628.0,532928,11,535639.0,11,535639.0,False,535639.0
37997,execution_finished,1,[119],535895.0,535895,22,535917.0,22,535917.0,False,535917.0
37979,execution_finished,4,"[124, 125, 126, 127]",535872.0,533130,46,535918.0,46,535918.0,False,535918.0
37988,execution_finished,64,"[102, 103, 104, 105, 106, 107, 108, 109, 110, 111, 0, 1, 2, 4, 5, 6, 7, 8, 9, 10, 11, 12, 18, 19, 20, 21, 22, 23, 24, 25, 26, 27, 28, 29, 30, 31, 32, 33, 34, 35, 36, 37, 38, 39, 40, 41, 42, 43, 44, 45, 46, 47, 48, 49, 56, 57, 58, 59, 60, 61, 62, 87, 88, 89]",534746.0,534480,1411,536157.0,1411,536157.0,False,536157.0
37990,execution_finished,32,"[125, 126, 127, 0, 1, 2, 4, 5, 6, 7, 8, 9, 10, 11, 12, 18, 19, 20, 21, 22, 23, 24, 25, 26, 27, 28, 29, 30, 31, 32, 33, 34]",536157.0,534675,156,536313.0,156,536313.0,False,536313.0
37994,execution_finished,4,"[120, 123, 119, 124]",535951.0,535625,811,536762.0,811,536762.0,False,536762.0
38000,execution_finished,1,[125],536833.0,536434,6,536839.0,6,536839.0,False,536839.0
38003,execution_finished,1,[119],536952.0,536952,31,536983.0,31,536983.0,False,536983.0
37980,execution_finished,32,"[50, 51, 52, 53, 54, 55, 63, 64, 65, 66, 67, 68, 69, 70, 71, 72, 73, 74, 75, 76, 77, 78, 79, 80, 81, 82, 83, 84, 85, 86, 112, 121]",537230.0,533552,116,537346.0,116,537346.0,False,537346.0
37989,execution_finished,1,[3],537375.0,534591,20,537395.0,20,537395.0,False,537395.0
38004,execution_finished,1,[84],537434.0,537434,13,537447.0,13,537447.0,False,537447.0
37991,execution_finished,1,[13],537441.0,534741,92,537533.0,92,537533.0,False,537533.0
38001,execution_finished,32,"[120, 123, 124, 125, 119, 50, 51, 52, 53, 54, 55, 63, 64, 65, 66, 67, 68, 69, 70, 71, 72, 73, 74, 75, 76, 77, 78, 79, 80, 81, 82, 83]",537346.0,536833,211,537557.0,211,537557.0,False,537557.0
37998,execution_finished,64,"[35, 36, 37, 38, 39, 40, 41, 42, 43, 44, 45, 46, 47, 48, 49, 56, 57, 58, 59, 60, 61, 62, 87, 88, 89, 102, 103, 104, 105, 106, 107, 108, 109, 110, 111, 0, 1, 2, 4, 5, 6, 7, 8, 9, 10, 11, 12, 18, 19, 20, 21, 22, 23, 24, 25, 26, 27, 28, 29, 30, 31, 32, 33, 34]",536313.0,535951,1479,537792.0,1479,537792.0,False,537792.0
38005,execution_finished,64,"[85, 86, 112, 121, 3, 84, 13, 50, 51, 52, 53, 54, 55, 63, 64, 65, 66, 67, 68, 69, 70, 71, 72, 73, 74, 75, 76, 77, 78, 79, 80, 81, 82, 83, 119, 120, 123, 124, 125, 0, 1, 2, 4, 5, 6, 7, 8, 9, 10, 11, 12, 18, 19, 20, 21, 22, 23, 24, 25, 26, 27, 28, 29, 30]",537792.0,537624,422,538214.0,422,538214.0,False,538214.0
38007,execution_finished,1,[29],538214.0,538094,21,538235.0,21,538235.0,False,538235.0
37993,execution_finished,1,[15],538301.0,535600,20,538321.0,20,538321.0,False,538321.0
37992,execution_finished,1,[14],538301.0,535547,40,538341.0,40,538341.0,False,538341.0
38008,execution_finished,32,"[30, 50, 51, 52, 53, 54, 55, 63, 64, 65, 66, 67, 68, 69, 70, 71, 72, 73, 74, 75, 76, 77, 78, 79, 80, 81, 82, 83, 84, 85, 86, 112]",538253.0,538253,217,538470.0,217,538470.0,False,538470.0
37996,execution_finished,1,[122],538594.0,535894,13,538607.0,13,538607.0,False,538607.0
38011,execution_finished,1,[112],538945.0,538945,22,538967.0,22,538967.0,False,538967.0
38010,execution_finished,1,[86],538936.0,538936,45,538981.0,45,538981.0,False,538981.0
38012,execution_finished,1,[122],538993.0,538993,21,539014.0,21,539014.0,False,539014.0
38009,execution_finished,32,"[15, 14, 30, 50, 51, 52, 53, 54, 55, 63, 64, 65, 66, 67, 68, 69, 70, 71, 72, 73, 74, 75, 76, 77, 78, 79, 80, 81, 82, 83, 84, 85]",538884.0,538884,132,539016.0,132,539016.0,False,539016.0
38013,execution_finished,4,"[112, 86, 122, 14]",539019.0,539019,22,539041.0,22,539041.0,False,539041.0
37995,execution_finished,2,"[16, 17]",538346.0,535646,793,539139.0,793,539139.0,False,539139.0
38006,execution_finished,64,"[31, 32, 33, 34, 35, 36, 37, 38, 39, 40, 41, 42, 43, 44, 45, 46, 47, 48, 49, 56, 57, 58, 59, 60, 61, 62, 87, 88, 89, 102, 103, 104, 105, 106, 107, 108, 109, 110, 111, 0, 1, 2, 3, 4, 5, 6, 7, 8, 9, 10, 11, 12, 13, 18, 19, 20, 21, 22, 23, 24, 25, 26, 27, 28]",538214.0,538070,971,539185.0,971,539185.0,False,539185.0
38002,execution_finished,8,"[97, 98, 100, 101, 113, 114, 115, 116]",540046.0,536899,147,540193.0,147,540193.0,False,540193.0
38015,execution_finished,1,[97],540256.0,540256,6,540262.0,6,540262.0,False,540262.0
37999,execution_finished,8,"[90, 91, 92, 93, 94, 95, 96, 99]",539846.0,536007,529,540375.0,529,540375.0,False,540375.0
38017,execution_finished,1,[116],540719.0,540414,20,540739.0,20,540739.0,False,540739.0
38018,execution_finished,8,"[115, 114, 113, 101, 100, 99, 98, 97]",540719.0,540719,41,540760.0,41,540760.0,False,540760.0
38019,execution_finished,8,"[116, 115, 114, 113, 101, 100, 99, 98]",540906.0,540769,42,540948.0,42,540948.0,False,540948.0
38020,execution_finished,2,"[97, 96]",540906.0,540906,92,540998.0,92,540998.0,False,540998.0
38022,execution_finished,2,"[93, 92]",540922.0,540922,82,541004.0,82,541004.0,False,541004.0
38021,execution_finished,2,"[95, 94]",540922.0,540914,87,541009.0,87,541009.0,False,541009.0
38023,execution_finished,2,"[91, 90]",540940.0,540930,77,541017.0,77,541017.0,False,541017.0
38024,execution_finished,1,[116],541153.0,540940,163,541316.0,163,541316.0,False,541316.0
38025,execution_finished,64,"[0, 1, 2, 3, 4, 5, 6, 7, 8, 9, 10, 11, 12, 13, 18, 19, 20, 21, 22, 23, 24, 25, 26, 27, 28, 31, 32, 33, 34, 35, 36, 37, 38, 39, 40, 41, 42, 43, 44, 45, 46, 47, 48, 49, 56, 57, 58, 59, 60, 61, 62, 87, 88, 89, 102, 103, 104, 105, 106, 107, 108, 109, 110, 111]",544285.0,541153,830,545115.0,830,545115.0,False,545115.0
38016,execution_finished,64,"[14, 15, 16, 17, 29, 30, 50, 51, 52, 53, 54, 55, 63, 64, 65, 66, 67, 68, 69, 70, 71, 72, 73, 74, 75, 76, 77, 78, 79, 80, 81, 82, 83, 84, 85, 86, 112, 117, 118, 119, 120, 121, 122, 123, 124, 125, 126, 127, 98, 99, 100, 101, 113, 114, 115, 96, 97, 92, 93, 94, 95, 90, 91, 116]",544239.0,540324,1777,546016.0,1777,546016.0,False,546016.0
38032,execution_finished,1,[113],546016.0,543371,6,546022.0,6,546022.0,False,546022.0
38035,execution_finished,1,[119],546016.0,543950,16,546032.0,16,546032.0,False,546032.0
38029,execution_finished,1,[83],546016.0,543222,24,546040.0,24,546040.0,False,546040.0
38028,execution_finished,16,"[67, 68, 69, 70, 71, 72, 73, 74, 75, 76, 77, 78, 79, 80, 81, 82]",546016.0,542793,58,546074.0,58,546074.0,False,546074.0
38027,execution_finished,16,"[14, 15, 16, 17, 29, 30, 50, 51, 52, 53, 54, 55, 63, 64, 65, 66]",546016.0,542535,63,546079.0,63,546079.0,False,546079.0
38031,execution_finished,8,"[95, 96, 97, 98, 99, 100, 101, 112]",546016.0,543296,72,546088.0,72,546088.0,False,546088.0
38039,execution_finished,1,[127],546016.0,544234,74,546090.0,74,546090.0,False,546090.0
38034,execution_finished,4,"[115, 116, 117, 118]",546016.0,543392,76,546092.0,76,546092.0,False,546092.0
38043,execution_finished,16,"[119, 113, 83, 82, 81, 80, 79, 78, 77, 76, 75, 74, 73, 72, 71, 70]",546074.0,545941,36,546110.0,36,546110.0,False,546110.0
38030,execution_finished,8,"[84, 85, 86, 90, 91, 92, 93, 94]",546016.0,543271,106,546122.0,106,546122.0,False,546122.0
38041,execution_finished,1,[126],546016.0,545865,108,546124.0,108,546124.0,False,546124.0
38033,execution_finished,1,[114],546016.0,543380,112,546128.0,112,546128.0,False,546128.0
38042,execution_finished,32,"[127, 118, 117, 116, 115, 112, 101, 100, 99, 98, 97, 96, 95, 69, 68, 67, 66, 65, 64, 63, 55, 54, 53, 52, 51, 50, 30, 29, 17, 16, 15, 14]",546092.0,545886,38,546130.0,38,546130.0,False,546130.0
38044,execution_finished,1,[125],546025.0,546025,126,546151.0,126,546151.0,False,546151.0
38037,execution_finished,1,[124],546016.0,544011,137,546153.0,137,546153.0,False,546153.0
38045,execution_finished,1,[127],546257.0,546257,66,546323.0,66,546323.0,False,546323.0
38036,execution_finished,4,"[120, 121, 122, 123]",546016.0,543975,334,546350.0,334,546350.0,False,546350.0
38026,execution_finished,64,"[0, 1, 2, 3, 4, 5, 6, 7, 8, 9, 10, 11, 12, 13, 18, 19, 20, 21, 22, 23, 24, 25, 26, 27, 28, 31, 32, 33, 34, 35, 36, 37, 38, 39, 40, 41, 42, 43, 44, 45, 46, 47, 48, 49, 56, 57, 58, 59, 60, 61, 62, 87, 88, 89, 102, 103, 104, 105, 106, 107, 108, 109, 110, 111]",545115.0,542189,1759,546874.0,1759,546874.0,False,546874.0
38046,execution_finished,32,"[1, 2, 3, 4, 5, 6, 7, 8, 9, 10, 11, 12, 13, 18, 19, 20, 21, 22, 23, 24, 25, 26, 27, 28, 31, 32, 33, 34, 35, 36, 37, 38]",546874.0,546319,36,546910.0,36,546910.0,False,546910.0
38048,execution_finished,16,"[40, 41, 42, 43, 44, 45, 46, 47, 48, 49, 56, 57, 58, 59, 60, 61]",546874.0,546428,41,546915.0,41,546915.0,False,546915.0
38050,execution_finished,1,[3],546910.0,546650,16,546926.0,16,546926.0,False,546926.0
38049,execution_finished,16,"[62, 87, 88, 89, 102, 103, 104, 105, 106, 107, 108, 109, 110, 111, 1, 2]",546910.0,546474,35,546945.0,35,546945.0,False,546945.0
38047,execution_finished,1,[39],546874.0,546338,301,547175.0,301,547175.0,False,547175.0
38053,execution_finished,4,"[59, 58, 57, 56]",547426.0,547426,32,547458.0,32,547458.0,False,547458.0
38052,execution_finished,16,"[111, 110, 109, 108, 107, 106, 105, 104, 103, 102, 89, 88, 87, 62, 61, 60]",547426.0,547387,36,547462.0,36,547462.0,False,547462.0
38054,execution_finished,4,"[111, 110, 109, 108]",547575.0,547461,76,547651.0,76,547651.0,False,547651.0
38056,execution_finished,8,"[111, 110, 109, 108, 87, 62, 61, 60]",547743.0,547691,35,547778.0,35,547778.0,False,547778.0
38057,execution_finished,4,"[59, 58, 57, 56]",547743.0,547743,58,547801.0,58,547801.0,False,547801.0
38059,execution_finished,1,[87],548090.0,548090,14,548104.0,14,548104.0,False,548104.0
38040,execution_finished,1,[0],546874.0,544411,1438,548312.0,1438,548312.0,False,548312.0
38055,execution_finished,8,"[107, 106, 105, 104, 103, 102, 89, 88]",547575.0,547575,958,548533.0,958,548533.0,False,548533.0
38058,execution_finished,4,"[111, 110, 109, 108]",548090.0,547806,743,548833.0,743,548833.0,False,548833.0
38060,execution_finished,8,"[107, 106, 105, 104, 103, 102, 89, 88]",548533.0,548258,319,548852.0,319,548852.0,False,548852.0
38061,execution_finished,4,"[111, 110, 109, 108]",548833.0,548446,47,548880.0,47,548880.0,False,548880.0
38064,execution_finished,4,"[103, 102, 89, 88]",548852.0,548744,33,548885.0,33,548885.0,False,548885.0
38065,execution_finished,4,"[111, 110, 109, 108]",548880.0,548783,32,548912.0,32,548912.0,False,548912.0
38066,execution_finished,4,"[103, 102, 89, 88]",548885.0,548819,35,548920.0,35,548920.0,False,548920.0
38038,execution_finished,64,"[70, 71, 72, 73, 74, 75, 76, 77, 78, 79, 80, 81, 82, 83, 113, 119, 84, 85, 86, 90, 91, 92, 93, 94, 126, 114, 14, 15, 16, 17, 29, 30, 50, 51, 52, 53, 54, 55, 63, 64, 65, 66, 67, 68, 69, 95, 96, 97, 98, 99, 100, 101, 112, 115, 116, 117, 118, 125, 124, 127, 120, 121, 122, 123]",546350.0,544053,2585,548935.0,2585,548935.0,False,548935.0
38067,execution_finished,8,"[111, 110, 109, 108, 103, 102, 89, 88]",548920.0,548856,32,548952.0,32,548952.0,False,548952.0
38062,execution_finished,4,"[107, 106, 105, 104]",548852.0,548603,307,549159.0,307,549159.0,False,549159.0
38051,execution_finished,128,"[0, 1, 2, 3, 4, 5, 6, 7, 8, 9, 10, 11, 12, 13, 14, 15, 16, 17, 18, 19, 20, 21, 22, 23, 24, 25, 26, 27, 28, 29, 30, 31, 32, 33, 34, 35, 36, 37, 38, 39, 40, 41, 42, 43, 44, 45, 46, 47, 48, 49, 50, 51, 52, 53, 54, 55, 56, 57, 58, 59, 60, 61, 62, 63, 64, 65, 66, 67, 68, 69, 70, 71, 72, 73, 74, 75, 76, 77, 78, 79, 80, 81, 82, 83, 84, 85, 86, 87, 88, 89, 90, 91, 92, 93, 94, 95, 96, 97, 98, 99, 100, 101, 102, 103, 104, 105, 106, 107, 108, 109, 110, 111, 112, 113, 114, 115, 116, 117, 118, 119, 120, 121, 122, 123, 124, 125, 126, 127]",554259.0,547254,122,554381.0,122,554381.0,False,554381.0
38069,execution_finished,1,[64],554381.0,551668,31,554412.0,31,554412.0,False,554412.0
38063,execution_finished,64,"[0, 1, 2, 3, 4, 5, 6, 7, 8, 9, 10, 11, 12, 13, 14, 15, 16, 17, 18, 19, 20, 21, 22, 23, 24, 25, 26, 27, 28, 29, 30, 31, 32, 33, 34, 35, 36, 37, 38, 39, 40, 41, 42, 43, 44, 45, 46, 47, 48, 49, 50, 51, 52, 53, 54, 55, 56, 57, 58, 59, 60, 61, 62, 63]",554381.0,548704,36,554417.0,36,554417.0,False,554417.0
38070,execution_finished,1,[65],554381.0,551710,54,554435.0,54,554435.0,False,554435.0
38074,execution_finished,128,"[66, 67, 68, 69, 70, 71, 72, 73, 74, 75, 76, 77, 78, 79, 80, 81, 82, 83, 84, 85, 86, 87, 88, 89, 90, 91, 92, 93, 94, 95, 96, 97, 98, 99, 100, 101, 102, 103, 104, 105, 106, 107, 108, 109, 110, 111, 112, 113, 114, 115, 116, 117, 118, 119, 120, 121, 122, 123, 124, 125, 126, 127, 64, 0, 1, 2, 3, 4, 5, 6, 7, 8, 9, 10, 11, 12, 13, 14, 15, 16, 17, 18, 19, 20, 21, 22, 23, 24, 25, 26, 27, 28, 29, 30, 31, 32, 33, 34, 35, 36, 37, 38, 39, 40, 41, 42, 43, 44, 45, 46, 47, 48, 49, 50, 51, 52, 53, 54, 55, 56, 57, 58, 59, 60, 61, 62, 63, 65]",554797.0,554797,171,554968.0,171,554968.0,False,554968.0
38075,execution_finished,128,"[0, 1, 2, 3, 4, 5, 6, 7, 8, 9, 10, 11, 12, 13, 14, 15, 16, 17, 18, 19, 20, 21, 22, 23, 24, 25, 26, 27, 28, 29, 30, 31, 32, 33, 34, 35, 36, 37, 38, 39, 40, 41, 42, 43, 44, 45, 46, 47, 48, 49, 50, 51, 52, 53, 54, 55, 56, 57, 58, 59, 60, 61, 62, 63, 64, 65, 66, 67, 68, 69, 70, 71, 72, 73, 74, 75, 76, 77, 78, 79, 80, 81, 82, 83, 84, 85, 86, 87, 88, 89, 90, 91, 92, 93, 94, 95, 96, 97, 98, 99, 100, 101, 102, 103, 104, 105, 106, 107, 108, 109, 110, 111, 112, 113, 114, 115, 116, 117, 118, 119, 120, 121, 122, 123, 124, 125, 126, 127]",554978.0,554978,10932,565910.0,10932,565910.0,False,565910.0
38076,execution_finished,128,"[0, 1, 2, 3, 4, 5, 6, 7, 8, 9, 10, 11, 12, 13, 14, 15, 16, 17, 18, 19, 20, 21, 22, 23, 24, 25, 26, 27, 28, 29, 30, 31, 32, 33, 34, 35, 36, 37, 38, 39, 40, 41, 42, 43, 44, 45, 46, 47, 48, 49, 50, 51, 52, 53, 54, 55, 56, 57, 58, 59, 60, 61, 62, 63, 64, 65, 66, 67, 68, 69, 70, 71, 72, 73, 74, 75, 76, 77, 78, 79, 80, 81, 82, 83, 84, 85, 86, 87, 88, 89, 90, 91, 92, 93, 94, 95, 96, 97, 98, 99, 100, 101, 102, 103, 104, 105, 106, 107, 108, 109, 110, 111, 112, 113, 114, 115, 116, 117, 118, 119, 120, 121, 122, 123, 124, 125, 126, 127]",565931.0,565931,83,566014.0,83,566014.0,False,566014.0
38077,execution_finished,64,"[0, 1, 2, 3, 4, 5, 6, 7, 8, 9, 10, 11, 12, 13, 14, 15, 16, 17, 18, 19, 20, 21, 22, 23, 24, 25, 26, 27, 28, 29, 30, 31, 32, 33, 34, 35, 36, 37, 38, 39, 40, 41, 42, 43, 44, 45, 46, 47, 48, 49, 50, 51, 52, 53, 54, 55, 56, 57, 58, 59, 60, 61, 62, 63]",566017.0,566017,10927,576944.0,10927,576944.0,False,576944.0
38119,execution_finished,1,[8],587434.0,584734,49,587483.0,49,587483.0,False,587483.0
38118,execution_finished,8,"[0, 1, 2, 3, 4, 5, 6, 7]",587397.0,584697,112,587509.0,112,587509.0,False,587509.0
38120,execution_finished,1,[9],587495.0,584795,43,587538.0,43,587538.0,False,587538.0
38122,execution_finished,1,[10],587873.0,585173,50,587923.0,50,587923.0,False,587923.0
38128,execution_finished,4,"[8, 0, 1, 2]",587964.0,587964,3,587967.0,3,587967.0,False,587967.0
38125,execution_finished,4,"[11, 12, 13, 14]",589490.0,586790,3,589493.0,3,589493.0,False,589493.0
38126,execution_finished,4,"[15, 16, 17, 18]",589807.0,587107,3,589810.0,3,589810.0,False,589810.0
38127,execution_finished,4,"[19, 20, 21, 22]",589822.0,587122,3,589825.0,3,589825.0,False,589825.0
38129,execution_finished,32,"[23, 24, 25, 26, 27, 28, 29, 30, 31, 32, 33, 34, 35, 36, 37, 38, 39, 40, 41, 42, 43, 44, 45, 46, 47, 48, 49, 50, 51, 52, 53, 54]",591920.0,589220,3,591923.0,3,591923.0,False,591923.0
38130,execution_finished,32,"[55, 56, 57, 58, 59, 60, 61, 62, 63, 64, 65, 66, 67, 68, 69, 70, 71, 72, 73, 74, 75, 76, 77, 78, 79, 80, 81, 82, 83, 84, 85, 86]",591962.0,589262,3,591965.0,3,591965.0,False,591965.0
38131,execution_finished,32,"[87, 88, 89, 90, 91, 92, 93, 94, 95, 96, 97, 98, 99, 100, 101, 102, 103, 104, 105, 106, 107, 108, 109, 110, 111, 112, 113, 114, 115, 116, 117, 118]",591983.0,589283,3,591986.0,3,591986.0,False,591986.0
38143,execution_finished,32,"[23, 24, 25, 26, 27, 28, 29, 30, 31, 32, 33, 34, 35, 36, 37, 38, 39, 40, 41, 42, 43, 44, 45, 46, 47, 48, 49, 50, 51, 52, 53, 54]",591923.0,591634,79,592002.0,79,592002.0,False,592002.0
38144,execution_finished,8,"[55, 56, 57, 58, 59, 60, 61, 62]",591965.0,591656,58,592023.0,58,592023.0,False,592023.0
38145,execution_finished,32,"[81, 82, 83, 84, 85, 86, 87, 88, 89, 90, 91, 92, 93, 94, 95, 96, 97, 98, 99, 100, 101, 102, 103, 104, 105, 106, 107, 108, 109, 110, 111, 112]",591986.0,591775,125,592111.0,125,592111.0,False,592111.0
38147,execution_finished,16,"[65, 66, 67, 68, 69, 70, 71, 72, 73, 74, 75, 76, 77, 78, 79, 80]",591965.0,591883,168,592133.0,168,592133.0,False,592133.0
38150,execution_finished,16,"[57, 58, 59, 60, 61, 62, 81, 82, 83, 84, 85, 86, 87, 88, 89, 90]",592111.0,592109,136,592247.0,136,592247.0,False,592247.0
38148,execution_finished,32,"[113, 114, 115, 116, 117, 118, 23, 24, 25, 26, 27, 28, 29, 30, 31, 32, 33, 34, 35, 36, 37, 38, 39, 40, 41, 42, 43, 44, 45, 46, 47, 48]",592034.0,592034,363,592397.0,363,592397.0,False,592397.0
38149,execution_finished,8,"[49, 50, 51, 52, 53, 54, 55, 56]",592057.0,592057,341,592398.0,341,592398.0,False,592398.0
38152,execution_finished,32,"[107, 108, 109, 110, 111, 112, 65, 66, 67, 68, 69, 70, 71, 72, 73, 74, 75, 76, 77, 78, 79, 80, 57, 58, 59, 60, 61, 62, 81, 82, 83, 84]",592614.0,592614,86,592700.0,86,592700.0,False,592700.0
38153,execution_finished,8,"[85, 86, 87, 88, 89, 90, 23, 24]",592659.0,592659,41,592700.0,41,592700.0,False,592700.0
38151,execution_finished,16,"[91, 92, 93, 94, 95, 96, 97, 98, 99, 100, 101, 102, 103, 104, 105, 106]",592612.0,592612,177,592789.0,177,592789.0,False,592789.0
38155,execution_finished,1,[112],593111.0,592963,17,593128.0,17,593128.0,False,593128.0
38157,execution_finished,32,"[111, 110, 109, 108, 107, 106, 105, 104, 103, 102, 101, 100, 99, 98, 97, 96, 95, 94, 93, 92, 91, 90, 89, 88, 87, 86, 85, 84, 83, 82, 81, 80]",593111.0,593111,205,593316.0,205,593316.0,False,593316.0
38158,execution_finished,8,"[112, 79, 78, 77, 76, 75, 74, 73]",593196.0,593184,134,593330.0,134,593330.0,False,593330.0
38159,execution_finished,16,"[72, 71, 70, 69, 68, 67, 66, 65, 62, 61, 60, 59, 58, 57, 24, 23]",593196.0,593196,188,593384.0,188,593384.0,False,593384.0
38160,execution_finished,1,[112],593440.0,593292,20,593460.0,20,593460.0,False,593460.0
38163,execution_finished,1,[112],593514.0,593488,25,593539.0,25,593539.0,False,593539.0
38161,execution_finished,16,"[111, 110, 109, 108, 107, 106, 105, 104, 103, 102, 101, 100, 99, 98, 97, 96]",593440.0,593440,140,593580.0,140,593580.0,False,593580.0
38139,execution_finished,1,[4],593653.0,590953,4,593657.0,4,593657.0,False,593657.0
38138,execution_finished,4,"[0, 1, 2, 3]",593522.0,590822,182,593704.0,182,593704.0,False,593704.0
38140,execution_finished,8,"[5, 6, 7, 8, 9, 10, 119, 120]",593732.0,591032,64,593796.0,64,593796.0,False,593796.0
38141,execution_finished,4,"[121, 122, 123, 124]",593829.0,591129,41,593870.0,41,593870.0,False,593870.0
38142,execution_finished,1,[125],593882.0,591182,5,593887.0,5,593887.0,False,593887.0
38166,execution_finished,16,"[125, 124, 123, 122, 121, 120, 119, 112, 111, 110, 109, 108, 107, 106, 105, 104]",594004.0,594004,173,594177.0,173,594177.0,False,594177.0
38169,execution_finished,1,[121],594308.0,594308,6,594314.0,6,594314.0,False,594314.0
38146,execution_finished,8,"[11, 12, 13, 14, 126, 127, 63, 64]",594665.0,591795,105,594770.0,105,594770.0,False,594770.0
38167,execution_finished,4,"[125, 124, 123, 122]",594226.0,594226,589,594815.0,589,594815.0,False,594815.0
38177,execution_finished,1,[123],595343.0,595343,2,595345.0,2,595345.0,False,595345.0
38176,execution_finished,4,"[127, 126, 125, 124]",595225.0,595225,3429,598654.0,3429,598654.0,False,598654.0
38154,execution_finished,128,"[0, 1, 2, 3, 4, 5, 6, 7, 8, 9, 10, 11, 12, 13, 14, 15, 16, 17, 18, 19, 20, 21, 22, 23, 24, 25, 26, 27, 28, 29, 30, 31, 32, 33, 34, 35, 36, 37, 38, 39, 40, 41, 42, 43, 44, 45, 46, 47, 48, 49, 50, 51, 52, 53, 54, 55, 56, 57, 58, 59, 60, 61, 62, 63, 64, 65, 66, 67, 68, 69, 70, 71, 72, 73, 74, 75, 76, 77, 78, 79, 80, 81, 82, 83, 84, 85, 86, 87, 88, 89, 90, 91, 92, 93, 94, 95, 96, 97, 98, 99, 100, 101, 102, 103, 104, 105, 106, 107, 108, 109, 110, 111, 112, 113, 114, 115, 116, 117, 118, 119, 120, 121, 122, 123, 124, 125, 126, 127]",601354.0,592838,100,601454.0,100,601454.0,False,601454.0
38185,execution_finished,16,"[112, 113, 114, 115, 116, 117, 118, 119, 120, 121, 122, 123, 124, 125, 126, 127]",601454.0,596169,13,601467.0,13,601467.0,False,601467.0
38186,execution_finished,16,"[112, 113, 114, 115, 116, 117, 118, 119, 120, 121, 122, 123, 124, 125, 126, 127]",601467.0,596209,13,601480.0,13,601480.0,False,601480.0
38187,execution_finished,16,"[112, 113, 114, 115, 116, 117, 118, 119, 120, 121, 122, 123, 124, 125, 126, 127]",601480.0,596455,1,601481.0,1,601481.0,False,601481.0
38188,execution_finished,8,"[112, 113, 114, 115, 116, 117, 118, 119]",601481.0,596461,9,601490.0,9,601490.0,False,601490.0
38190,execution_finished,8,"[120, 121, 122, 123, 124, 125, 126, 127]",601481.0,596509,10,601491.0,10,601491.0,False,601491.0
38191,execution_finished,16,"[112, 113, 114, 115, 116, 117, 118, 119, 120, 121, 122, 123, 124, 125, 126, 127]",601491.0,596630,13,601504.0,13,601504.0,False,601504.0
38192,execution_finished,16,"[112, 113, 114, 115, 116, 117, 118, 119, 120, 121, 122, 123, 124, 125, 126, 127]",601504.0,596713,11,601515.0,11,601515.0,False,601515.0
38195,execution_finished,16,"[112, 113, 114, 115, 116, 117, 118, 119, 120, 121, 122, 123, 124, 125, 126, 127]",601515.0,597149,16,601531.0,16,601531.0,False,601531.0
38196,execution_finished,16,"[112, 113, 114, 115, 116, 117, 118, 119, 120, 121, 122, 123, 124, 125, 126, 127]",601531.0,597176,2,601533.0,2,601533.0,False,601533.0
38197,execution_finished,16,"[112, 113, 114, 115, 116, 117, 118, 119, 120, 121, 122, 123, 124, 125, 126, 127]",601533.0,597184,15,601548.0,15,601548.0,False,601548.0
38221,execution_finished,4,"[126, 125, 124, 123]",601548.0,599713,13,601561.0,13,601561.0,False,601561.0
38208,execution_finished,1,[121],601548.0,598863,17,601565.0,17,601565.0,False,601565.0
38198,execution_finished,1,[112],601548.0,597234,19,601567.0,19,601567.0,False,601567.0
38205,execution_finished,4,"[117, 118, 119, 120]",601548.0,598003,19,601567.0,19,601567.0,False,601567.0
38224,execution_finished,4,"[126, 125, 124, 123]",601561.0,600373,12,601573.0,12,601573.0,False,601573.0
38225,execution_finished,4,"[122, 121, 120, 119]",601567.0,600433,15,601582.0,15,601582.0,False,601582.0
38203,execution_finished,4,"[113, 114, 115, 116]",601548.0,597582,49,601597.0,49,601597.0,False,601597.0
38233,execution_finished,4,"[126, 125, 124, 123]",601573.0,601524,31,601604.0,31,601604.0,False,601604.0
38218,execution_finished,1,[127],601548.0,599437,152,601700.0,152,601700.0,False,601700.0
38210,execution_finished,16,"[127, 126, 125, 124, 123, 122, 121, 120, 119, 118, 117, 116, 115, 114, 113, 112]",601700.0,598940,21,601721.0,21,601721.0,False,601721.0
38211,execution_finished,16,"[127, 126, 125, 124, 123, 122, 121, 120, 119, 118, 117, 116, 115, 114, 113, 112]",601721.0,598985,7,601728.0,7,601728.0,False,601728.0
38213,execution_finished,16,"[127, 126, 125, 124, 123, 122, 121, 120, 119, 118, 117, 116, 115, 114, 113, 112]",601728.0,598997,15,601743.0,15,601743.0,False,601743.0
38174,execution_finished,16,"[64, 65, 66, 67, 68, 69, 70, 71, 72, 73, 74, 75, 76, 77, 78, 79]",601454.0,594796,375,601829.0,375,601829.0,False,601829.0
38209,execution_finished,32,"[112, 113, 114, 115, 116, 117, 118, 119, 120, 121, 122, 123, 124, 125, 126, 127, 64, 65, 66, 67, 68, 69, 70, 71, 72, 73, 74, 75, 76, 77, 78, 79]",601829.0,598870,495,602324.0,495,602324.0,False,602324.0
38222,execution_finished,32,"[127, 126, 125, 124, 123, 122, 121, 120, 119, 118, 117, 116, 115, 114, 113, 112, 79, 78, 77, 76, 75, 74, 73, 72, 71, 70, 69, 68, 67, 66, 65, 64]",602324.0,599762,68,602392.0,68,602392.0,False,602392.0
38232,execution_finished,32,"[127, 126, 125, 124, 123, 122, 121, 120, 119, 118, 117, 116, 115, 114, 113, 112, 79, 78, 77, 76, 75, 74, 73, 72, 71, 70, 69, 68, 67, 66, 65, 64]",602392.0,601210,124,602516.0,124,602516.0,False,602516.0
38234,execution_finished,32,"[127, 126, 125, 124, 123, 122, 121, 120, 119, 118, 117, 116, 115, 114, 113, 112, 79, 78, 77, 76, 75, 74, 73, 72, 71, 70, 69, 68, 67, 66, 65, 64]",602516.0,601559,145,602661.0,145,602661.0,False,602661.0
38243,execution_finished,1,[78],602661.0,602120,22,602683.0,22,602683.0,False,602683.0
38239,execution_finished,4,"[119, 118, 117, 116]",602661.0,602011,34,602695.0,34,602695.0,False,602695.0
38238,execution_finished,4,"[123, 122, 121, 120]",602661.0,601983,35,602696.0,35,602696.0,False,602696.0
38242,execution_finished,4,"[114, 113, 112, 79]",602661.0,602070,46,602707.0,46,602707.0,False,602707.0
38244,execution_finished,4,"[77, 76, 75, 74]",602661.0,602135,46,602707.0,46,602707.0,False,602707.0
38255,execution_finished,4,"[119, 118, 117, 116]",602695.0,602598,14,602709.0,14,602709.0,False,602709.0
38236,execution_finished,4,"[127, 126, 125, 124]",602661.0,601847,56,602717.0,56,602717.0,False,602717.0
38240,execution_finished,1,[115],602661.0,602047,62,602723.0,62,602723.0,False,602723.0
38250,execution_finished,1,[78],602683.0,602260,44,602727.0,44,602727.0,False,602727.0
38248,execution_finished,4,"[67, 66, 65, 64]",602661.0,602236,81,602742.0,81,602742.0,False,602742.0
38256,execution_finished,4,"[123, 122, 121, 120]",602696.0,602688,46,602742.0,46,602742.0,False,602742.0
38259,execution_finished,1,[123],602988.0,602988,34,603022.0,34,603022.0,False,603022.0
38257,execution_finished,4,"[127, 126, 125, 124]",602826.0,602826,275,603101.0,275,603101.0,False,603101.0
38262,execution_finished,4,"[123, 122, 121, 120]",603235.0,603235,59,603294.0,59,603294.0,False,603294.0
38264,execution_finished,4,"[120, 121, 122, 123]",603349.0,603349,44,603393.0,44,603393.0,False,603393.0
38266,execution_finished,1,[120],603393.0,603386,20,603413.0,20,603413.0,False,603413.0
38261,execution_finished,4,"[127, 126, 125, 124]",603168.0,603168,309,603477.0,309,603477.0,False,603477.0
38268,execution_finished,1,[121],603617.0,603617,40,603657.0,40,603657.0,False,603657.0
38269,execution_finished,4,"[122, 123, 120, 124]",603696.0,603696,48,603744.0,48,603744.0,False,603744.0
38272,execution_finished,1,[125],603838.0,603838,26,603864.0,26,603864.0,False,603864.0
38276,execution_finished,1,[121],604142.0,604142,99,604241.0,99,604241.0,False,604241.0
38247,execution_finished,2,"[69, 68]",602661.0,602170,1605,604266.0,1605,604266.0,False,604266.0
38245,execution_finished,4,"[73, 72, 71, 70]",602661.0,602147,1625,604286.0,1625,604286.0,False,604286.0
38278,execution_finished,1,[125],604367.0,604367,41,604408.0,41,604408.0,False,604408.0
38280,execution_finished,4,"[68, 69, 70, 71]",604441.0,604441,26,604467.0,26,604467.0,False,604467.0
38279,execution_finished,1,[121],604441.0,604441,168,604609.0,168,604609.0,False,604609.0
38282,execution_finished,8,"[72, 73, 125, 68, 69, 70, 71, 121]",604643.0,604643,609,605252.0,609,605252.0,False,605252.0
38178,execution_finished,32,"[80, 81, 82, 83, 84, 85, 86, 87, 88, 89, 90, 91, 92, 93, 94, 95, 96, 97, 98, 99, 100, 101, 102, 103, 104, 105, 106, 107, 108, 109, 110, 111]",601454.0,595364,4387,605841.0,4387,605841.0,False,605841.0
38294,execution_finished,4,"[97, 98, 99, 100]",605938.0,605938,26,605964.0,26,605964.0,False,605964.0
38295,execution_finished,4,"[101, 102, 103, 104]",605987.0,605987,24,606011.0,24,606011.0,False,606011.0
38296,execution_finished,4,"[105, 106, 107, 108]",606074.0,606074,52,606126.0,52,606126.0,False,606126.0
38300,execution_finished,4,"[102, 103, 104, 105]",606245.0,606245,12,606257.0,12,606257.0,False,606257.0
38298,execution_finished,8,"[109, 110, 111, 97, 98, 99, 100, 101]",606110.0,606110,267,606377.0,267,606377.0,False,606377.0
38303,execution_finished,4,"[98, 99, 100, 101]",606540.0,606540,16,606556.0,16,606556.0,False,606556.0
38164,execution_finished,64,"[0, 1, 2, 3, 4, 5, 6, 7, 8, 9, 10, 11, 12, 13, 14, 15, 16, 17, 18, 19, 20, 21, 22, 23, 24, 25, 26, 27, 28, 29, 30, 31, 32, 33, 34, 35, 36, 37, 38, 39, 40, 41, 42, 43, 44, 45, 46, 47, 48, 49, 50, 51, 52, 53, 54, 55, 56, 57, 58, 59, 60, 61, 62, 63]",601454.0,593514,5346,606800.0,5346,606800.0,False,606800.0
38301,execution_finished,8,"[106, 107, 108, 102, 103, 104, 105, 97]",606425.0,606425,603,607028.0,603,607028.0,False,607028.0
38283,execution_finished,1,[64],607952.0,604692,25,607977.0,25,607977.0,False,607977.0
38293,execution_finished,4,"[126, 127, 95, 96]",608586.0,605886,18,608604.0,18,608604.0,False,608604.0
38286,execution_finished,8,"[65, 66, 67, 74, 75, 76, 77, 78]",608002.0,605302,672,608674.0,672,608674.0,False,608674.0
38299,execution_finished,4,"[120, 122, 123, 124]",608867.0,606167,42,608909.0,42,608909.0,False,608909.0
38237,execution_finished,32,"[79, 112, 113, 114, 115, 116, 117, 118, 119, 68, 69, 70, 71, 72, 73, 121, 125, 80, 81, 82, 83, 84, 85, 86, 87, 88, 89, 90, 91, 92, 93, 94]",608541.0,601937,458,608999.0,458,608999.0,False,608999.0
38304,execution_finished,16,"[89, 90, 91, 92, 93, 94, 112, 113, 114, 115, 116, 117, 118, 119, 121, 125]",608999.0,606833,60,609059.0,60,609059.0,False,609059.0
38251,execution_finished,32,"[95, 96, 126, 127, 65, 66, 67, 74, 75, 76, 77, 78, 120, 122, 123, 124, 68, 69, 70, 71, 72, 73, 79, 80, 81, 82, 83, 84, 85, 86, 87, 88]",608999.0,602264,220,609219.0,220,609219.0,False,609219.0
38309,execution_finished,16,"[89, 90, 91, 92, 93, 94, 112, 113, 114, 115, 116, 117, 118, 119, 121, 125]",609059.0,607061,259,609318.0,259,609318.0,False,609318.0
38328,execution_finished,1,[94],609334.0,609334,16,609350.0,16,609350.0,False,609350.0
38219,execution_finished,64,"[109, 110, 111, 98, 99, 100, 101, 0, 1, 2, 3, 4, 5, 6, 7, 8, 9, 10, 11, 12, 13, 14, 15, 16, 17, 18, 19, 20, 21, 22, 23, 24, 25, 26, 27, 28, 29, 30, 31, 32, 33, 34, 35, 36, 37, 38, 39, 40, 41, 42, 43, 44, 45, 46, 47, 48, 49, 50, 51, 52, 53, 54, 55, 56]",606800.0,599459,2791,609591.0,2791,609591.0,False,609591.0
38260,execution_finished,32,"[21, 22, 23, 24, 25, 26, 27, 28, 29, 30, 31, 32, 33, 34, 35, 36, 37, 38, 39, 40, 41, 42, 43, 44, 45, 46, 47, 48, 49, 50, 51, 52]",609591.0,603143,11,609602.0,11,609602.0,False,609602.0
38326,execution_finished,4,"[90, 91, 92, 93]",609318.0,609215,297,609615.0,297,609615.0,False,609615.0
38263,execution_finished,32,"[53, 54, 55, 56, 98, 99, 100, 101, 109, 110, 111, 21, 22, 23, 24, 25, 26, 27, 28, 29, 30, 31, 32, 33, 34, 35, 36, 37, 38, 39, 40, 41]",609602.0,603298,15,609617.0,15,609617.0,False,609617.0
38254,execution_finished,32,"[112, 113, 114, 115, 116, 117, 118, 119, 121, 125, 94, 0, 1, 2, 3, 4, 5, 6, 7, 8, 9, 10, 11, 12, 13, 14, 15, 16, 17, 18, 19, 20]",609591.0,602549,32,609623.0,32,609623.0,False,609623.0
38277,execution_finished,32,"[38, 39, 40, 41, 53, 54, 55, 56, 98, 99, 100, 101, 109, 110, 111, 0, 1, 2, 3, 4, 5, 6, 7, 8, 9, 10, 11, 12, 13, 14, 15, 16]",609623.0,604180,172,609795.0,172,609795.0,False,609795.0
38336,execution_finished,4,"[38, 39, 40, 41]",610286.0,610286,270,610556.0,270,610556.0,False,610556.0
38252,execution_finished,32,"[65, 66, 67, 68, 69, 70, 71, 72, 73, 74, 75, 76, 77, 78, 79, 80, 81, 82, 83, 84, 85, 86, 87, 88, 95, 96, 120, 122, 123, 124, 126, 127]",609219.0,602397,2241,611460.0,2241,611460.0,False,611460.0
38292,execution_finished,32,"[65, 66, 67, 68, 69, 70, 71, 72, 73, 74, 75, 76, 77, 78, 79, 80, 81, 82, 83, 84, 85, 86, 87, 88, 95, 96, 120, 122, 123, 124, 126, 127]",611460.0,605783,189,611649.0,189,611649.0,False,611649.0
38313,execution_finished,32,"[65, 66, 67, 68, 69, 70, 71, 72, 73, 74, 75, 76, 77, 78, 79, 80, 81, 82, 83, 84, 85, 86, 87, 88, 95, 96, 120, 122, 123, 124, 126, 127]",611649.0,607807,145,611794.0,145,611794.0,False,611794.0
38314,execution_finished,32,"[65, 66, 67, 68, 69, 70, 71, 72, 73, 74, 75, 76, 77, 78, 79, 80, 81, 82, 83, 84, 85, 86, 87, 88, 95, 96, 120, 122, 123, 124, 126, 127]",611794.0,608011,136,611930.0,136,611930.0,False,611930.0
38316,execution_finished,32,"[65, 66, 67, 68, 69, 70, 71, 72, 73, 74, 75, 76, 77, 78, 79, 80, 81, 82, 83, 84, 85, 86, 87, 88, 95, 96, 120, 122, 123, 124, 126, 127]",611930.0,608285,139,612069.0,139,612069.0,False,612069.0
38317,execution_finished,32,"[65, 66, 67, 68, 69, 70, 71, 72, 73, 74, 75, 76, 77, 78, 79, 80, 81, 82, 83, 84, 85, 86, 87, 88, 95, 96, 120, 122, 123, 124, 126, 127]",612069.0,608440,142,612211.0,142,612211.0,False,612211.0
38323,execution_finished,32,"[65, 66, 67, 68, 69, 70, 71, 72, 73, 74, 75, 76, 77, 78, 79, 80, 81, 82, 83, 84, 85, 86, 87, 88, 95, 96, 120, 122, 123, 124, 126, 127]",612211.0,608844,135,612346.0,135,612346.0,False,612346.0
38324,execution_finished,32,"[65, 66, 67, 68, 69, 70, 71, 72, 73, 74, 75, 76, 77, 78, 79, 80, 81, 82, 83, 84, 85, 86, 87, 88, 95, 96, 120, 122, 123, 124, 126, 127]",612346.0,608999,133,612479.0,133,612479.0,False,612479.0
38329,execution_finished,4,"[97, 102, 103, 104]",612233.0,609533,297,612530.0,297,612530.0,False,612530.0
38310,execution_finished,8,"[57, 58, 59, 60, 61, 62, 63, 89]",612018.0,607111,616,612634.0,616,612634.0,False,612634.0
38285,execution_finished,32,"[17, 18, 19, 20, 94, 112, 113, 114, 115, 116, 117, 118, 119, 121, 125, 0, 1, 2, 3, 4, 5, 6, 7, 8, 9, 10, 11, 12, 13, 14, 15, 16]",609795.0,605244,3025,612820.0,3025,612820.0,False,612820.0
38340,execution_finished,32,"[89, 0, 1, 2, 3, 4, 5, 6, 7, 8, 9, 10, 11, 12, 13, 14, 15, 16, 17, 18, 19, 20, 94, 112, 113, 114, 115, 116, 117, 118, 119, 121]",612820.0,610910,39,612859.0,39,612859.0,False,612859.0
38331,execution_finished,4,"[105, 106, 107, 108]",612604.0,609904,306,612910.0,306,612910.0,False,612910.0
38352,execution_finished,4,"[121, 108, 107, 106]",612910.0,611711,18,612928.0,18,612928.0,False,612928.0
38355,execution_finished,4,"[121, 108, 107, 106]",612928.0,611839,48,612976.0,48,612976.0,False,612976.0
38338,execution_finished,2,"[64, 38]",613467.0,610767,97,613564.0,97,613564.0,False,613564.0
38348,execution_finished,2,"[102, 103]",612530.0,611322,1641,614171.0,1641,614171.0,False,614171.0
38372,execution_finished,2,"[38, 64]",613564.0,613298,1640,615204.0,1640,615204.0,False,615204.0
38346,execution_finished,4,"[109, 110, 111, 97]",615230.0,611118,43,615273.0,43,615273.0,False,615273.0
38339,execution_finished,4,"[53, 54, 55, 56]",615179.0,610888,98,615277.0,98,615277.0,False,615277.0
38343,execution_finished,4,"[98, 99, 100, 101]",615230.0,610982,60,615290.0,60,615290.0,False,615290.0
38349,execution_finished,8,"[110, 111, 53, 54, 55, 56, 98, 99]",615290.0,611383,90,615380.0,90,615380.0,False,615380.0
38351,execution_finished,8,"[100, 101, 53, 54, 55, 56, 98, 99]",615380.0,611496,70,615450.0,70,615450.0,False,615450.0
38327,execution_finished,32,"[65, 66, 67, 68, 69, 70, 71, 72, 73, 74, 75, 76, 77, 78, 79, 80, 81, 82, 83, 84, 85, 86, 87, 88, 95, 96, 120, 122, 123, 124, 126, 127]",612479.0,609332,3015,615494.0,3015,615494.0,False,615494.0
38359,execution_finished,4,"[110, 111, 53, 54]",615450.0,612151,45,615495.0,45,615495.0,False,615495.0
38388,execution_finished,4,"[126, 127, 53, 54]",615495.0,615050,58,615553.0,58,615553.0,False,615553.0
38360,execution_finished,32,"[100, 101, 65, 66, 67, 68, 69, 70, 71, 72, 73, 74, 75, 76, 77, 78, 79, 80, 81, 82, 83, 84, 85, 86, 87, 88, 95, 96, 120, 122, 123, 124]",615494.0,612355,242,615736.0,242,615736.0,False,615736.0
38345,execution_finished,8,"[39, 40, 41, 105, 106, 107, 108, 121]",615676.0,611000,72,615748.0,72,615748.0,False,615748.0
38362,execution_finished,32,"[110, 111, 53, 54, 126, 127, 65, 66, 67, 68, 69, 70, 71, 72, 73, 74, 75, 76, 77, 78, 79, 80, 81, 82, 83, 84, 85, 86, 87, 88, 95, 96]",615736.0,612599,169,615905.0,169,615905.0,False,615905.0
38363,execution_finished,32,"[41, 105, 106, 107, 108, 121, 53, 54, 65, 66, 67, 68, 69, 70, 71, 72, 73, 74, 75, 76, 77, 78, 79, 80, 81, 82, 83, 84, 85, 86, 87, 88]",615905.0,612769,238,616143.0,238,616143.0,False,616143.0
38364,execution_finished,8,"[100, 101, 120, 122, 123, 124, 39, 40]",615748.0,612839,577,616325.0,577,616325.0,False,616325.0
38365,execution_finished,32,"[95, 96, 110, 111, 126, 127, 41, 53, 54, 65, 66, 67, 68, 69, 70, 71, 72, 73, 74, 75, 76, 77, 78, 79, 80, 81, 82, 83, 84, 85, 86, 87]",616143.0,613012,201,616344.0,201,616344.0,False,616344.0
38385,execution_finished,8,"[88, 105, 106, 107, 108, 121, 39, 40]",616325.0,614657,53,616378.0,53,616378.0,False,616378.0
38367,execution_finished,32,"[101, 120, 122, 123, 124, 41, 53, 54, 65, 66, 67, 68, 69, 70, 71, 72, 73, 74, 75, 76, 77, 78, 79, 80, 81, 82, 83, 84, 85, 86, 87, 95]",616344.0,613128,36,616380.0,36,616380.0,False,616380.0
38368,execution_finished,32,"[105, 106, 107, 108, 121, 41, 53, 54, 65, 66, 67, 68, 69, 70, 71, 72, 73, 74, 75, 76, 77, 78, 79, 80, 81, 82, 83, 84, 85, 86, 87, 95]",616380.0,613189,1,616381.0,1,616381.0,False,616381.0
38394,execution_finished,1,[100],616343.0,616343,87,616430.0,87,616430.0,False,616430.0
38369,execution_finished,32,"[101, 120, 122, 123, 124, 41, 53, 54, 65, 66, 67, 68, 69, 70, 71, 72, 73, 74, 75, 76, 77, 78, 79, 80, 81, 82, 83, 84, 85, 86, 87, 95]",616381.0,613216,293,616674.0,293,616674.0,False,616674.0
38370,execution_finished,32,"[121, 100, 41, 53, 54, 65, 66, 67, 68, 69, 70, 71, 72, 73, 74, 75, 76, 77, 78, 79, 80, 81, 82, 83, 84, 85, 86, 87, 95, 101, 120, 122]",616674.0,613245,37,616711.0,37,616711.0,False,616711.0
38374,execution_finished,32,"[123, 124, 41, 53, 54, 65, 66, 67, 68, 69, 70, 71, 72, 73, 74, 75, 76, 77, 78, 79, 80, 81, 82, 83, 84, 85, 86, 87, 95, 100, 101, 120]",616711.0,613510,208,616919.0,208,616919.0,False,616919.0
38347,execution_finished,4,"[38, 64, 97, 109]",615273.0,611295,1665,616938.0,1665,616938.0,False,616938.0
38378,execution_finished,32,"[121, 122, 41, 53, 54, 65, 66, 67, 68, 69, 70, 71, 72, 73, 74, 75, 76, 77, 78, 79, 80, 81, 82, 83, 84, 85, 86, 87, 95, 100, 101, 120]",616919.0,613722,170,617089.0,170,617089.0,False,617089.0
38371,execution_finished,4,"[55, 56, 98, 99]",615450.0,613277,1658,617108.0,1658,617108.0,False,617108.0
38380,execution_finished,32,"[123, 124, 38, 64, 97, 109, 41, 53, 54, 65, 66, 67, 68, 69, 70, 71, 72, 73, 74, 75, 76, 77, 78, 79, 80, 81, 82, 83, 84, 85, 86, 87]",617089.0,613894,152,617241.0,152,617241.0,False,617241.0
38404,execution_finished,8,"[82, 83, 84, 85, 86, 87, 97, 109]",617368.0,617368,47,617415.0,47,617415.0,False,617415.0
38381,execution_finished,32,"[95, 100, 101, 120, 121, 122, 55, 56, 98, 99, 38, 41, 53, 54, 64, 65, 66, 67, 68, 69, 70, 71, 72, 73, 74, 75, 76, 77, 78, 79, 80, 81]",617241.0,614047,184,617425.0,184,617425.0,False,617425.0
38387,execution_finished,8,"[96, 110, 111, 126, 127, 39, 40, 88]",616378.0,614858,1143,617521.0,1143,617521.0,False,617521.0
38382,execution_finished,32,"[123, 124, 82, 83, 84, 85, 86, 87, 97, 109, 38, 41, 53, 54, 55, 56, 64, 65, 66, 67, 68, 69, 70, 71, 72, 73, 74, 75, 76, 77, 78, 79]",617425.0,614233,181,617606.0,181,617606.0,False,617606.0
38384,execution_finished,32,"[80, 81, 95, 98, 99, 100, 101, 120, 121, 122, 39, 40, 88, 96, 110, 111, 126, 127, 38, 41, 53, 54, 55, 56, 64, 65, 66, 67, 68, 69, 70, 71]",617606.0,614417,55,617661.0,55,617661.0,False,617661.0
38405,execution_finished,8,"[70, 71, 80, 81, 88, 95, 96, 98]",617661.0,617615,46,617707.0,46,617707.0,False,617707.0
38398,execution_finished,2,"[107, 108]",616649.0,616649,1266,617915.0,1266,617915.0,False,617915.0
38407,execution_finished,8,"[99, 100, 101, 110, 111, 120, 121, 122]",617909.0,617909,6,617915.0,6,617915.0,False,617915.0
38344,execution_finished,8,"[104, 57, 58, 59, 60, 61, 62, 63]",612634.0,610994,5794,618428.0,5794,618428.0,False,618428.0
38267,execution_finished,32,"[42, 43, 44, 45, 46, 47, 48, 49, 50, 51, 52, 90, 91, 92, 93, 21, 22, 23, 24, 25, 26, 27, 28, 29, 30, 31, 32, 33, 34, 35, 36, 37]",609617.0,603467,8881,618498.0,8881,618498.0,False,618498.0
38408,execution_finished,4,"[57, 58, 59, 60]",618525.0,618525,73,618598.0,73,618598.0,False,618598.0
38342,execution_finished,32,"[125, 0, 1, 2, 3, 4, 5, 6, 7, 8, 9, 10, 11, 12, 13, 14, 15, 16, 17, 18, 19, 20, 89, 94, 112, 113, 114, 115, 116, 117, 118, 119]",612859.0,610964,5817,618676.0,5817,618676.0,False,618676.0
38410,execution_finished,8,"[90, 91, 92, 93, 57, 58, 59, 60]",618598.0,618546,112,618710.0,112,618710.0,False,618710.0
38412,execution_finished,8,"[57, 58, 59, 60, 90, 91, 92, 93]",618798.0,618798,133,618931.0,133,618931.0,False,618931.0
38395,execution_finished,32,"[72, 73, 74, 75, 76, 77, 78, 79, 82, 83, 84, 85, 86, 87, 97, 109, 123, 124, 38, 39, 40, 41, 53, 54, 55, 56, 64, 65, 66, 67, 68, 69]",617661.0,616525,1390,619051.0,1390,619051.0,False,619051.0
38415,execution_finished,4,"[38, 39, 40, 41]",619051.0,618854,56,619107.0,56,619107.0,False,619107.0
38418,execution_finished,1,[74],619106.0,619106,24,619130.0,24,619130.0,False,619130.0
38420,execution_finished,1,[79],619136.0,619136,13,619149.0,13,619149.0,False,619149.0
38416,execution_finished,4,"[53, 54, 55, 56]",619051.0,618862,123,619174.0,123,619174.0,False,619174.0
38419,execution_finished,4,"[75, 76, 77, 78]",619128.0,619128,74,619202.0,74,619202.0,False,619202.0
38409,execution_finished,32,"[61, 62, 63, 104, 21, 22, 23, 24, 25, 26, 27, 28, 29, 30, 31, 32, 33, 34, 35, 36, 37, 42, 43, 44, 45, 46, 47, 48, 49, 50, 51, 52]",618538.0,618538,902,619440.0,902,619440.0,False,619440.0
38421,execution_finished,32,"[82, 83, 84, 85, 86, 87, 97, 109, 123, 124, 38, 39, 40, 41, 74, 79, 53, 54, 55, 56, 75, 76, 77, 78, 21, 22, 23, 24, 25, 26, 27, 28]",619440.0,619203,235,619675.0,235,619675.0,False,619675.0
38424,execution_finished,4,"[29, 30, 31, 32]",619644.0,619644,68,619712.0,68,619712.0,False,619712.0
38425,execution_finished,1,[33],619688.0,619688,34,619722.0,34,619722.0,False,619722.0
38426,execution_finished,32,"[34, 35, 36, 37, 42, 43, 44, 45, 46, 47, 48, 49, 50, 51, 52, 61, 62, 63, 104, 21, 22, 23, 24, 25, 26, 27, 28, 38, 39, 40, 41, 53]",619735.0,619735,311,620046.0,311,620046.0,False,620046.0
38417,execution_finished,8,"[64, 65, 66, 67, 68, 69, 72, 73]",619051.0,618963,1033,620084.0,1033,620084.0,False,620084.0
38436,execution_finished,4,"[21, 22, 23, 24]",620362.0,620362,44,620406.0,44,620406.0,False,620406.0
38397,execution_finished,4,"[102, 103, 105, 106]",619311.0,616611,1304,620615.0,1304,620615.0,False,620615.0
38428,execution_finished,1,[54],619800.0,619800,862,620662.0,862,620662.0,False,620662.0
38440,execution_finished,4,"[102, 103, 105, 106]",620713.0,620713,90,620803.0,90,620803.0,False,620803.0
38437,execution_finished,8,"[25, 26, 27, 28, 34, 35, 36, 37]",620521.0,620521,806,621327.0,806,621327.0,False,621327.0
38439,execution_finished,32,"[38, 39, 40, 41, 42, 43, 44, 45, 46, 47, 48, 49, 50, 51, 52, 53, 61, 62, 63, 104, 64, 65, 66, 67, 68, 69, 72, 73, 21, 22, 23, 24]",620642.0,620642,2281,622923.0,2281,622923.0,False,622923.0
38452,execution_finished,32,"[21, 22, 23, 24, 38, 39, 40, 41, 42, 43, 44, 45, 46, 47, 48, 49, 50, 51, 52, 53, 61, 62, 63, 64, 65, 66, 67, 68, 69, 72, 73, 104]",622923.0,622544,245,623168.0,245,623168.0,False,623168.0
38456,execution_finished,4,"[38, 39, 40, 41]",623168.0,622849,47,623215.0,47,623215.0,False,623215.0
38453,execution_finished,4,"[21, 22, 23, 24]",623168.0,622641,146,623314.0,146,623314.0,False,623314.0
38458,execution_finished,32,"[42, 43, 44, 45, 46, 47, 48, 49, 50, 51, 52, 53, 61, 62, 63, 64, 65, 66, 67, 68, 69, 72, 73, 104, 38, 39, 40, 41, 21, 22, 23, 24]",623314.0,622932,183,623497.0,183,623497.0,False,623497.0
38463,execution_finished,4,"[61, 62, 63, 64]",623497.0,623170,55,623552.0,55,623552.0,False,623552.0
38464,execution_finished,8,"[65, 66, 67, 68, 69, 72, 73, 104]",623497.0,623264,65,623562.0,65,623562.0,False,623562.0
38466,execution_finished,1,[64],623552.0,623391,19,623571.0,19,623571.0,False,623571.0
38460,execution_finished,16,"[21, 22, 23, 24, 38, 39, 40, 41, 42, 43, 44, 45, 46, 47, 48, 49]",623497.0,622994,85,623582.0,85,623582.0,False,623582.0
38461,execution_finished,4,"[50, 51, 52, 53]",623497.0,623002,113,623610.0,113,623610.0,False,623610.0
38465,execution_finished,32,"[61, 62, 63, 65, 66, 67, 68, 69, 72, 73, 104, 64, 21, 22, 23, 24, 38, 39, 40, 41, 42, 43, 44, 45, 46, 47, 48, 49, 50, 51, 52, 53]",623610.0,623273,116,623726.0,116,623726.0,False,623726.0
38467,execution_finished,8,"[21, 22, 23, 24, 38, 39, 40, 41]",623726.0,623450,65,623791.0,65,623791.0,False,623791.0
38471,execution_finished,8,"[43, 44, 45, 46, 47, 48, 49, 50]",624268.0,624268,63,624331.0,63,624331.0,False,624331.0
38472,execution_finished,8,"[21, 22, 23, 24, 38, 39, 40, 41]",624347.0,624347,84,624431.0,84,624431.0,False,624431.0
38441,execution_finished,32,"[70, 71, 80, 81, 88, 95, 96, 98, 99, 100, 101, 107, 108, 110, 111, 120, 121, 122, 126, 127, 102, 103, 105, 106, 25, 26, 27, 28, 34, 35, 36, 37]",624027.0,620792,910,624937.0,910,624937.0,False,624937.0
38447,execution_finished,8,"[78, 79, 82, 83, 84, 85, 86, 87]",624775.0,621744,321,625096.0,321,625096.0,False,625096.0
38449,execution_finished,1,[97],624775.0,622068,556,625331.0,556,625331.0,False,625331.0
38411,execution_finished,32,"[0, 1, 2, 3, 4, 5, 6, 7, 8, 9, 10, 11, 12, 13, 14, 15, 16, 17, 18, 19, 20, 89, 94, 112, 113, 114, 115, 116, 117, 118, 119, 125]",618766.0,618766,6874,625640.0,6874,625640.0,False,625640.0
38479,execution_finished,32,"[78, 79, 82, 83, 84, 85, 86, 87, 97, 0, 1, 2, 3, 4, 5, 6, 7, 8, 9, 10, 11, 12, 13, 14, 15, 16, 17, 18, 19, 20, 89, 94]",625640.0,625147,69,625709.0,69,625709.0,False,625709.0
38413,execution_finished,8,"[57, 58, 59, 60, 90, 91, 92, 93]",618931.0,618799,6842,625773.0,6842,625773.0,False,625773.0
38480,execution_finished,32,"[115, 116, 117, 118, 119, 125, 0, 1, 2, 3, 4, 5, 6, 7, 8, 9, 10, 11, 12, 13, 14, 15, 16, 17, 18, 19, 20, 78, 79, 82, 83, 84]",625709.0,625242,66,625775.0,66,625775.0,False,625775.0
38482,execution_finished,32,"[85, 86, 87, 89, 94, 97, 57, 58, 59, 60, 90, 91, 92, 93, 0, 1, 2, 3, 4, 5, 6, 7, 8, 9, 10, 11, 12, 13, 14, 15, 16, 17]",625775.0,625481,65,625840.0,65,625840.0,False,625840.0
38432,execution_finished,4,"[55, 56, 74, 75]",620003.0,620003,5850,625853.0,5850,625853.0,False,625853.0
38434,execution_finished,2,"[76, 77]",620027.0,620027,5826,625853.0,5826,625853.0,False,625853.0
38486,execution_finished,1,[57],625970.0,625970,17,625987.0,17,625987.0,False,625987.0
38483,execution_finished,32,"[18, 19, 20, 78, 79, 82, 83, 84, 115, 116, 117, 118, 119, 125, 0, 1, 2, 3, 4, 5, 6, 7, 8, 9, 10, 11, 12, 13, 14, 15, 16, 17]",625840.0,625594,189,626029.0,189,626029.0,False,626029.0
38491,execution_finished,32,"[89, 90, 91, 92, 93, 94, 97, 55, 56, 74, 75, 76, 77, 57, 0, 1, 2, 3, 4, 5, 6, 7, 8, 9, 10, 11, 12, 13, 14, 15, 16, 17]",626329.0,626329,92,626421.0,92,626421.0,False,626421.0
38493,execution_finished,4,"[18, 19, 20, 78]",626425.0,626425,17,626442.0,17,626442.0,False,626442.0
38495,execution_finished,32,"[79, 82, 83, 84, 115, 116, 117, 118, 119, 125, 0, 1, 2, 3, 4, 5, 6, 7, 8, 9, 10, 11, 12, 13, 14, 15, 16, 17, 55, 56, 57, 74]",626449.0,626449,180,626629.0,180,626629.0,False,626629.0
38496,execution_finished,4,"[75, 76, 77, 89]",626521.0,626521,108,626629.0,108,626629.0,False,626629.0
38501,execution_finished,1,[117],627214.0,627214,26,627240.0,26,627240.0,False,627240.0
38499,execution_finished,32,"[0, 1, 2, 3, 4, 5, 6, 7, 8, 9, 10, 11, 12, 13, 14, 15, 16, 17, 55, 56, 57, 74, 75, 76, 77, 79, 82, 83, 84, 89, 115, 116]",627123.0,627123,318,627441.0,318,627441.0,False,627441.0
38503,execution_finished,1,[116],627561.0,627561,40,627601.0,40,627601.0,False,627601.0
38502,execution_finished,32,"[117, 0, 1, 2, 3, 4, 5, 6, 7, 8, 9, 10, 11, 12, 13, 14, 15, 16, 17, 55, 56, 57, 74, 75, 76, 77, 79, 82, 83, 84, 89, 115]",627512.0,627512,115,627627.0,115,627627.0,False,627627.0
38489,execution_finished,4,"[58, 59, 60, 85]",626292.0,626292,1624,627916.0,1624,627916.0,False,627916.0
38490,execution_finished,2,"[86, 87]",626313.0,626313,1606,627919.0,1606,627919.0,False,627919.0
38474,execution_finished,32,"[21, 22, 23, 24, 38, 39, 40, 41, 25, 26, 27, 28, 34, 35, 36, 37, 70, 71, 80, 81, 88, 95, 96, 98, 99, 100, 101, 102, 103, 105, 106, 107]",624937.0,624498,3050,627987.0,3050,627987.0,False,627987.0
38510,execution_finished,1,[116],628190.0,628190,16,628206.0,16,628206.0,False,628206.0
38484,execution_finished,4,"[54, 112, 113, 114]",628361.0,625661,125,628486.0,125,628486.0,False,628486.0
38512,execution_finished,32,"[21, 22, 23, 24, 25, 26, 27, 28, 34, 35, 36, 37, 38, 39, 40, 41, 70, 71, 80, 81, 88, 95, 96, 98, 99, 100, 101, 102, 103, 105, 106, 107]",628531.0,628531,156,628687.0,156,628687.0,False,628687.0
38514,execution_finished,1,[102],628696.0,628696,39,628735.0,39,628735.0,False,628735.0
38513,execution_finished,32,"[116, 54, 112, 113, 114, 21, 22, 23, 24, 25, 26, 27, 28, 34, 35, 36, 37, 38, 39, 40, 41, 70, 71, 80, 81, 88, 95, 96, 98, 99, 100, 101]",628692.0,628692,112,628804.0,112,628804.0,False,628804.0
38517,execution_finished,32,"[103, 105, 106, 107, 102, 21, 22, 23, 24, 25, 26, 27, 28, 34, 35, 36, 37, 38, 39, 40, 41, 54, 70, 71, 80, 81, 88, 95, 96, 98, 99, 100]",628847.0,628847,285,629132.0,285,629132.0,False,629132.0
38520,execution_finished,32,"[116, 21, 22, 23, 24, 25, 26, 27, 28, 34, 35, 36, 37, 38, 39, 40, 41, 54, 70, 71, 80, 81, 88, 95, 96, 98, 99, 100, 102, 103, 105, 106]",629143.0,629143,175,629318.0,175,629318.0,False,629318.0
38522,execution_finished,32,"[107, 21, 22, 23, 24, 25, 26, 27, 28, 34, 35, 36, 37, 38, 39, 40, 41, 54, 70, 71, 80, 81, 88, 95, 96, 98, 99, 100, 102, 103, 105, 106]",629537.0,629537,114,629651.0,114,629651.0,False,629651.0
38523,execution_finished,1,[116],629628.0,629628,30,629658.0,30,629658.0,False,629658.0
38525,execution_finished,32,"[21, 22, 23, 24, 25, 26, 27, 28, 34, 35, 36, 37, 38, 39, 40, 41, 54, 70, 71, 80, 81, 88, 95, 96, 98, 99, 100, 102, 103, 105, 106, 107]",629741.0,629741,359,630100.0,359,630100.0,False,630100.0
38500,execution_finished,8,"[43, 44, 45, 46, 47, 48, 49, 50]",629849.0,627149,295,630144.0,295,630144.0,False,630144.0
38504,execution_finished,8,"[51, 52, 53, 61, 62, 63, 64, 65]",630262.0,627562,64,630326.0,64,630326.0,False,630326.0
38518,execution_finished,4,"[101, 112, 113, 114]",628893.0,628893,1646,630539.0,1646,630539.0,False,630539.0
38532,execution_finished,1,[51],630814.0,630814,48,630862.0,48,630862.0,False,630862.0
38533,execution_finished,1,[52],630888.0,630888,18,630906.0,18,630906.0,False,630906.0
38515,execution_finished,8,"[66, 67, 68, 69, 72, 73, 104, 108]",631447.0,628747,57,631504.0,57,631504.0,False,631504.0
38534,execution_finished,4,"[53, 61, 62, 63]",630910.0,630910,1712,632622.0,1712,632622.0,False,632622.0
38535,execution_finished,2,"[101, 112]",630931.0,630931,1693,632624.0,1693,632624.0,False,632624.0
38546,execution_finished,1,[53],632657.0,632657,16,632673.0,16,632673.0,False,632673.0
38547,execution_finished,2,"[61, 62]",632751.0,632751,115,632866.0,115,632866.0,False,632866.0
38548,execution_finished,2,"[63, 101]",632760.0,632760,109,632869.0,109,632869.0,False,632869.0
38549,execution_finished,2,"[112, 53]",632769.0,632769,101,632870.0,101,632870.0,False,632870.0
38530,execution_finished,32,"[116, 21, 22, 23, 24, 25, 26, 27, 28, 34, 35, 36, 37, 38, 39, 40, 41, 54, 70, 71, 80, 81, 88, 95, 96, 98, 99, 100, 102, 103, 105, 106]",630138.0,630138,2735,632873.0,2735,632873.0,False,632873.0
38469,execution_finished,1,[42],623726.0,623641,9232,632958.0,9232,632958.0,False,632958.0
38519,execution_finished,2,"[18, 19]",631617.0,628917,1627,633244.0,1627,633244.0,False,633244.0
38536,execution_finished,32,"[0, 1, 2, 3, 4, 5, 6, 7, 8, 9, 10, 11, 12, 13, 14, 15, 16, 17, 20, 55, 56, 57, 58, 59, 60, 74, 75, 76, 77, 78, 79, 82]",633655.0,630955,129,633784.0,129,633784.0,False,633784.0
38537,execution_finished,8,"[83, 84, 85, 86, 87, 89, 90, 91]",633712.0,631012,72,633784.0,72,633784.0,False,633784.0
38450,execution_finished,8,"[29, 30, 31, 32, 33, 109, 123, 124]",624822.0,622113,9128,633950.0,9128,633950.0,False,633950.0
38550,execution_finished,2,"[43, 44]",635482.0,632782,90,635572.0,90,635572.0,False,635572.0
38551,execution_finished,2,"[45, 46]",635493.0,632793,80,635573.0,80,635573.0,False,635573.0
38553,execution_finished,64,"[64, 65, 66, 67, 68, 69, 70, 71, 72, 73, 74, 75, 76, 77, 78, 79, 80, 81, 82, 83, 84, 85, 86, 87, 88, 89, 90, 91, 92, 93, 94, 95, 96, 97, 98, 99, 100, 101, 102, 103, 104, 105, 106, 107, 108, 109, 110, 111, 112, 113, 114, 115, 116, 117, 118, 119, 120, 121, 122, 123, 124, 125, 126, 127]",642869.0,640169,167,643036.0,167,643036.0,False,643036.0
38561,execution_finished,2,"[78, 79]",643036.0,640464,105,643141.0,105,643141.0,False,643141.0
38560,execution_finished,2,"[76, 77]",643036.0,640456,111,643147.0,111,643147.0,False,643147.0
38558,execution_finished,2,"[72, 73]",643036.0,640440,124,643160.0,124,643160.0,False,643160.0
38557,execution_finished,2,"[70, 71]",643036.0,640429,134,643170.0,134,643170.0,False,643170.0
38556,execution_finished,2,"[68, 69]",643036.0,640421,140,643176.0,140,643176.0,False,643176.0
38555,execution_finished,2,"[66, 67]",643036.0,640412,148,643184.0,148,643184.0,False,643184.0
38554,execution_finished,2,"[64, 65]",643036.0,640404,154,643190.0,154,643190.0,False,643190.0
38559,execution_finished,2,"[74, 75]",643036.0,640448,203,643239.0,203,643239.0,False,643239.0
38562,execution_finished,32,"[80, 81, 82, 83, 84, 85, 86, 87, 88, 89, 90, 91, 92, 93, 94, 95, 96, 97, 98, 99, 100, 101, 102, 103, 104, 105, 106, 107, 108, 109, 110, 111]",643036.0,640694,216,643252.0,216,643252.0,False,643252.0
38552,execution_finished,64,"[0, 1, 2, 3, 4, 5, 6, 7, 8, 9, 10, 11, 12, 13, 14, 15, 16, 17, 18, 19, 20, 21, 22, 23, 24, 25, 26, 27, 28, 29, 30, 31, 32, 33, 34, 35, 36, 37, 38, 39, 40, 41, 42, 43, 44, 45, 46, 47, 48, 49, 50, 51, 52, 53, 54, 55, 56, 57, 58, 59, 60, 61, 62, 63]",642842.0,640142,3624,646466.0,3624,646466.0,False,646466.0
38566,execution_finished,32,"[0, 1, 2, 3, 4, 5, 6, 7, 8, 9, 10, 11, 12, 13, 14, 15, 16, 17, 18, 19, 20, 21, 22, 23, 24, 25, 26, 27, 28, 29, 30, 31]",646466.0,644214,530,646996.0,530,646996.0,False,646996.0
38576,execution_finished,1,[0],646996.0,646100,12,647008.0,12,647008.0,False,647008.0
38577,execution_finished,1,[1],646996.0,646163,12,647008.0,12,647008.0,False,647008.0
38569,execution_finished,32,"[32, 33, 34, 35, 36, 37, 38, 39, 40, 41, 42, 43, 44, 45, 46, 47, 48, 49, 50, 51, 52, 53, 54, 55, 56, 57, 58, 59, 60, 61, 62, 63]",646466.0,644820,1278,647744.0,1278,647744.0,False,647744.0
38564,execution_finished,64,"[64, 65, 66, 67, 68, 69, 70, 71, 72, 73, 74, 75, 76, 77, 78, 79, 80, 81, 82, 83, 84, 85, 86, 87, 88, 89, 90, 91, 92, 93, 94, 95, 96, 97, 98, 99, 100, 101, 102, 103, 104, 105, 106, 107, 108, 109, 110, 111, 112, 113, 114, 115, 116, 117, 118, 119, 120, 121, 122, 123, 124, 125, 126, 127]",648352.0,643694,10214,658566.0,10214,658566.0,False,658566.0
38652,execution_finished,128,"[0, 1, 2, 3, 4, 5, 6, 7, 8, 9, 10, 11, 12, 13, 14, 15, 16, 17, 18, 19, 20, 21, 22, 23, 24, 25, 26, 27, 28, 29, 30, 31, 32, 33, 34, 35, 36, 37, 38, 39, 40, 41, 42, 43, 44, 45, 46, 47, 48, 49, 50, 51, 52, 53, 54, 55, 56, 57, 58, 59, 60, 61, 62, 63, 64, 65, 66, 67, 68, 69, 70, 71, 72, 73, 74, 75, 76, 77, 78, 79, 80, 81, 82, 83, 84, 85, 86, 87, 88, 89, 90, 91, 92, 93, 94, 95, 96, 97, 98, 99, 100, 101, 102, 103, 104, 105, 106, 107, 108, 109, 110, 111, 112, 113, 114, 115, 116, 117, 118, 119, 120, 121, 122, 123, 124, 125, 126, 127]",661266.0,653912,98,661364.0,98,661364.0,False,661364.0
38654,execution_finished,1,[0],669183.0,666483,3,669186.0,3,669186.0,False,669186.0
38761,execution_finished,1,[0],680829.0,678129,16,680845.0,16,680845.0,False,680845.0
38807,execution_finished,1,[0],686322.0,683622,23,686345.0,23,686345.0,False,686345.0
38762,execution_finished,64,"[1, 2, 3, 4, 5, 6, 7, 8, 9, 10, 11, 12, 13, 14, 15, 16, 17, 18, 19, 20, 21, 22, 23, 24, 25, 26, 27, 28, 29, 30, 31, 32, 33, 34, 35, 36, 37, 38, 39, 40, 41, 42, 43, 44, 45, 46, 47, 48, 49, 50, 51, 52, 53, 54, 55, 56, 57, 58, 59, 60, 61, 62, 63, 64]",681061.0,678361,10128,691189.0,10128,691189.0,False,691189.0
38845,execution_finished,1,[64],691189.0,690268,16,691205.0,16,691205.0,False,691205.0
38835,execution_finished,1,[65],691192.0,688492,16,691208.0,16,691208.0,False,691208.0
38844,execution_finished,128,"[0, 66, 67, 68, 69, 70, 71, 72, 73, 74, 75, 76, 77, 78, 79, 80, 81, 82, 83, 84, 85, 86, 87, 88, 89, 90, 91, 92, 93, 94, 95, 96, 97, 98, 99, 100, 101, 102, 103, 104, 105, 106, 107, 108, 109, 110, 111, 112, 113, 114, 115, 116, 117, 118, 119, 120, 121, 122, 123, 124, 125, 126, 127, 1, 2, 3, 4, 5, 6, 7, 8, 9, 10, 11, 12, 13, 14, 15, 16, 17, 18, 19, 20, 21, 22, 23, 24, 25, 26, 27, 28, 29, 30, 31, 32, 33, 34, 35, 36, 37, 38, 39, 40, 41, 42, 43, 44, 45, 46, 47, 48, 49, 50, 51, 52, 53, 54, 55, 56, 57, 58, 59, 60, 61, 62, 63, 64, 65]",693908.0,690104,95,694003.0,95,694003.0,False,694003.0
38846,execution_finished,128,"[0, 1, 2, 3, 4, 5, 6, 7, 8, 9, 10, 11, 12, 13, 14, 15, 16, 17, 18, 19, 20, 21, 22, 23, 24, 25, 26, 27, 28, 29, 30, 31, 32, 33, 34, 35, 36, 37, 38, 39, 40, 41, 42, 43, 44, 45, 46, 47, 48, 49, 50, 51, 52, 53, 54, 55, 56, 57, 58, 59, 60, 61, 62, 63, 64, 65, 66, 67, 68, 69, 70, 71, 72, 73, 74, 75, 76, 77, 78, 79, 80, 81, 82, 83, 84, 85, 86, 87, 88, 89, 90, 91, 92, 93, 94, 95, 96, 97, 98, 99, 100, 101, 102, 103, 104, 105, 106, 107, 108, 109, 110, 111, 112, 113, 114, 115, 116, 117, 118, 119, 120, 121, 122, 123, 124, 125, 126, 127]",694003.0,690409,92,694095.0,92,694095.0,False,694095.0
38855,execution_finished,1,[0],694095.0,692176,12,694107.0,12,694107.0,False,694107.0
38858,execution_finished,1,[65],694095.0,692731,22,694117.0,22,694117.0,False,694117.0
38856,execution_finished,64,"[1, 2, 3, 4, 5, 6, 7, 8, 9, 10, 11, 12, 13, 14, 15, 16, 17, 18, 19, 20, 21, 22, 23, 24, 25, 26, 27, 28, 29, 30, 31, 32, 33, 34, 35, 36, 37, 38, 39, 40, 41, 42, 43, 44, 45, 46, 47, 48, 49, 50, 51, 52, 53, 54, 55, 56, 57, 58, 59, 60, 61, 62, 63, 64]",694095.0,692226,497,694592.0,497,694592.0,False,694592.0
38859,execution_finished,64,"[66, 67, 68, 69, 70, 71, 72, 73, 74, 75, 76, 77, 78, 79, 80, 81, 82, 83, 84, 85, 86, 87, 88, 89, 90, 91, 92, 93, 94, 95, 96, 97, 98, 99, 100, 101, 102, 103, 104, 105, 106, 107, 108, 109, 110, 111, 112, 113, 114, 115, 116, 117, 118, 119, 120, 121, 122, 123, 124, 125, 126, 127, 0, 65]",694117.0,692786,1514,695631.0,1514,695631.0,False,695631.0
38895,execution_finished,1,[0],703623.0,700923,3,703626.0,3,703626.0,False,703626.0
38907,execution_finished,1,[0],703692.0,703692,22,703714.0,22,703714.0,False,703714.0
38867,execution_finished,64,"[1, 2, 3, 4, 5, 6, 7, 8, 9, 10, 11, 12, 13, 14, 15, 16, 17, 18, 19, 20, 21, 22, 23, 24, 25, 26, 27, 28, 29, 30, 31, 32, 33, 34, 35, 36, 37, 38, 39, 40, 41, 42, 43, 44, 45, 46, 47, 48, 49, 50, 51, 52, 53, 54, 55, 56, 57, 58, 59, 60, 61, 62, 63, 64]",694592.0,694322,10101,704693.0,10101,704693.0,False,704693.0
38905,execution_finished,32,"[65, 66, 67, 68, 69, 70, 71, 72, 73, 74, 75, 76, 77, 78, 79, 80, 81, 82, 83, 84, 85, 86, 87, 88, 89, 90, 91, 92, 93, 94, 95, 96]",705993.0,703293,97,706090.0,97,706090.0,False,706090.0
38906,execution_finished,8,"[97, 98, 99, 100, 101, 102, 103, 104]",706021.0,703321,70,706091.0,70,706091.0,False,706091.0
38920,execution_finished,1,[65],706522.0,706522,4,706526.0,4,706526.0,False,706526.0
38913,execution_finished,1,[105],707125.0,704425,17,707142.0,17,707142.0,False,707142.0
38918,execution_finished,1,[106],708335.0,705635,4,708339.0,4,708339.0,False,708339.0
38935,execution_finished,16,"[0, 65, 66, 67, 68, 69, 70, 71, 72, 73, 74, 75, 76, 77, 78, 79]",712729.0,710029,13,712742.0,13,712742.0,False,712742.0
38936,execution_finished,4,"[80, 81, 82, 83]",712731.0,710031,11,712742.0,11,712742.0,False,712742.0
38937,execution_finished,4,"[84, 85, 86, 87]",712732.0,710032,10,712742.0,10,712742.0,False,712742.0
38938,execution_finished,4,"[88, 89, 90, 91]",712735.0,710035,8,712743.0,8,712743.0,False,712743.0
38939,execution_finished,16,"[92, 93, 94, 95, 96, 97, 98, 99, 100, 101, 102, 103, 104, 105, 107, 108]",712736.0,710036,7,712743.0,7,712743.0,False,712743.0
38940,execution_finished,8,"[109, 110, 111, 112, 113, 114, 115, 116]",712738.0,710038,6,712744.0,6,712744.0,False,712744.0
38941,execution_finished,1,[117],712756.0,710056,4,712760.0,4,712760.0,False,712760.0
38946,execution_finished,16,"[88, 89, 90, 91, 92, 93, 94, 95, 96, 97, 98, 99, 100, 101, 102, 103]",712743.0,710290,43,712786.0,43,712786.0,False,712786.0
38944,execution_finished,4,"[84, 85, 86, 87]",712742.0,710285,47,712789.0,47,712789.0,False,712789.0
38942,execution_finished,16,"[0, 65, 66, 67, 68, 69, 70, 71, 72, 73, 74, 75, 76, 77, 78, 79]",712742.0,710282,49,712791.0,49,712791.0,False,712791.0
38943,execution_finished,4,"[80, 81, 82, 83]",712742.0,710283,49,712791.0,49,712791.0,False,712791.0
38951,execution_finished,8,"[0, 65, 66, 67, 68, 69, 70, 71]",712791.0,711119,549,713340.0,549,713340.0,False,713340.0
38950,execution_finished,32,"[105, 107, 108, 109, 110, 111, 112, 113, 114, 115, 116, 117, 88, 89, 90, 91, 92, 93, 94, 95, 96, 97, 98, 99, 100, 101, 102, 103, 84, 85, 86, 87]",712789.0,711090,577,713366.0,577,713366.0,False,713366.0
38958,execution_finished,8,"[96, 97, 98, 99, 100, 101, 102, 103]",713366.0,711734,98,713464.0,98,713464.0,False,713464.0
38957,execution_finished,32,"[72, 73, 74, 75, 76, 77, 78, 79, 80, 81, 82, 83, 0, 65, 66, 67, 68, 69, 70, 71, 84, 85, 86, 87, 88, 89, 90, 91, 92, 93, 94, 95]",713366.0,711689,144,713510.0,144,713510.0,False,713510.0
38966,execution_finished,32,"[105, 107, 108, 109, 110, 111, 112, 113, 114, 115, 116, 117, 96, 97, 98, 99, 100, 101, 102, 103, 0, 65, 66, 67, 68, 69, 70, 71, 72, 73, 74, 75]",713833.0,713833,162,713995.0,162,713995.0,False,713995.0
38967,execution_finished,8,"[76, 77, 78, 79, 80, 81, 82, 83]",713890.0,713890,106,713996.0,106,713996.0,False,713996.0
38947,execution_finished,8,"[121, 122, 123, 124, 125, 126, 127, 104]",715443.0,710292,41,715484.0,41,715484.0,False,715484.0
38945,execution_finished,4,"[106, 118, 119, 120]",715442.0,710287,45,715487.0,45,715487.0,False,715487.0
38974,execution_finished,4,"[124, 125, 126, 127]",715484.0,714952,8,715492.0,8,715492.0,False,715492.0
38975,execution_finished,4,"[106, 118, 119, 120]",715487.0,714954,6,715493.0,6,715493.0,False,715493.0
38973,execution_finished,4,"[104, 121, 122, 123]",715484.0,714950,12,715496.0,12,715496.0,False,715496.0
38982,execution_finished,4,"[124, 125, 126, 127]",715492.0,715246,94,715586.0,94,715586.0,False,715586.0
38983,execution_finished,4,"[106, 118, 119, 120]",715493.0,715247,94,715587.0,94,715587.0,False,715587.0
38984,execution_finished,4,"[104, 121, 122, 123]",715496.0,715249,93,715589.0,93,715589.0,False,715589.0
38977,execution_finished,8,"[124, 125, 126, 127, 106, 118, 119, 120]",715587.0,714957,4,715591.0,4,715591.0,False,715591.0
38986,execution_finished,8,"[104, 121, 122, 123, 106, 118, 119, 120]",715591.0,715252,91,715682.0,91,715682.0,False,715682.0
38988,execution_finished,8,"[104, 106, 118, 119, 120, 121, 122, 123]",715682.0,715385,110,715792.0,110,715792.0,False,715792.0
38990,execution_finished,1,[104],716022.0,716022,14,716036.0,14,716036.0,False,716036.0
38972,execution_finished,16,"[84, 85, 86, 87, 88, 89, 90, 91, 92, 93, 94, 95, 124, 125, 126, 127]",718610.0,714949,12,718622.0,12,718622.0,False,718622.0
38998,execution_finished,8,"[127, 126, 125, 124, 95, 94, 93, 92]",718622.0,717302,108,718730.0,108,718730.0,False,718730.0
39003,execution_finished,8,"[91, 90, 89, 88, 87, 86, 85, 84]",718622.0,718305,123,718745.0,123,718745.0,False,718745.0
39009,execution_finished,8,"[127, 126, 125, 124, 95, 94, 93, 92]",718730.0,718610,291,719021.0,291,719021.0,False,719021.0
38976,execution_finished,16,"[0, 65, 66, 67, 68, 69, 70, 71, 72, 73, 74, 75, 96, 97, 98, 99]",719095.0,714955,6,719101.0,6,719101.0,False,719101.0
38981,execution_finished,16,"[100, 101, 102, 103, 105, 107, 108, 109, 110, 111, 112, 113, 114, 115, 116, 117]",719095.0,715244,99,719194.0,99,719194.0,False,719194.0
38987,execution_finished,32,"[84, 85, 86, 87, 88, 89, 90, 91, 92, 93, 94, 95, 124, 125, 126, 127, 0, 65, 66, 67, 68, 69, 70, 71, 72, 73, 74, 75, 96, 97, 98, 99]",719101.0,715360,135,719236.0,135,719236.0,False,719236.0
38997,execution_finished,32,"[100, 101, 102, 103, 105, 107, 108, 109, 110, 111, 112, 113, 114, 115, 116, 117, 0, 65, 66, 67, 68, 69, 70, 71, 72, 73, 74, 75, 84, 85, 86, 87]",719236.0,717272,139,719375.0,139,719375.0,False,719375.0
39002,execution_finished,32,"[88, 89, 90, 91, 92, 93, 94, 95, 96, 97, 98, 99, 124, 125, 126, 127, 0, 65, 66, 67, 68, 69, 70, 71, 72, 73, 74, 75, 84, 85, 86, 87]",719375.0,718276,151,719526.0,151,719526.0,False,719526.0
39011,execution_finished,1,[88],719569.0,719569,14,719583.0,14,719583.0,False,719583.0
38915,execution_finished,64,"[1, 2, 3, 4, 5, 6, 7, 8, 9, 10, 11, 12, 13, 14, 15, 16, 17, 18, 19, 20, 21, 22, 23, 24, 25, 26, 27, 28, 29, 30, 31, 32, 33, 34, 35, 36, 37, 38, 39, 40, 41, 42, 43, 44, 45, 46, 47, 48, 49, 50, 51, 52, 53, 54, 55, 56, 57, 58, 59, 60, 61, 62, 63, 64]",704693.0,704507,15059,719752.0,15059,719752.0,False,719752.0
39007,execution_finished,32,"[100, 101, 102, 103, 105, 107, 108, 109, 110, 111, 112, 113, 114, 115, 116, 117, 0, 65, 66, 67, 68, 69, 70, 71, 72, 73, 74, 75, 84, 85, 86, 87]",719526.0,718577,323,719849.0,323,719849.0,False,719849.0
38985,execution_finished,16,"[76, 77, 78, 79, 80, 81, 82, 83, 104, 106, 118, 119, 120, 121, 122, 123]",721136.0,715251,91,721227.0,91,721227.0,False,721227.0
39043,execution_finished,1,[76],729662.0,726962,15,729677.0,15,729677.0,False,729677.0
39026,execution_finished,16,"[0, 1, 2, 3, 4, 5, 6, 7, 8, 9, 10, 11, 12, 13, 14, 15]",725629.0,722929,4545,730174.0,4545,730174.0,False,730174.0
39027,execution_finished,64,"[16, 17, 18, 19, 20, 21, 22, 23, 24, 25, 26, 27, 28, 29, 30, 31, 32, 33, 34, 35, 36, 37, 38, 39, 40, 41, 42, 43, 44, 45, 46, 47, 48, 49, 50, 51, 52, 53, 54, 55, 56, 57, 58, 59, 60, 61, 62, 63, 64, 65, 66, 67, 68, 69, 70, 71, 72, 73, 74, 75, 84, 85, 86, 87]",725631.0,722931,10198,735829.0,10198,735829.0,False,735829.0
39070,execution_finished,64,"[0, 1, 2, 3, 4, 5, 6, 7, 8, 9, 10, 11, 12, 13, 14, 15, 76, 77, 78, 79, 80, 81, 82, 83, 88, 89, 90, 91, 92, 93, 94, 95, 96, 97, 98, 99, 100, 101, 102, 103, 104, 105, 106, 107, 108, 109, 110, 111, 112, 113, 114, 115, 116, 117, 118, 119, 120, 121, 122, 123, 124, 125, 126, 127]",735830.0,733130,4835,740665.0,4835,740665.0,False,740665.0
39093,execution_finished,1,[16],740929.0,737849,12,740941.0,12,740941.0,False,740941.0
39095,execution_finished,1,[17],743365.0,739281,101,743466.0,101,743466.0,False,743466.0
39096,execution_finished,1,[18],743365.0,739459,139,743504.0,139,743504.0,False,743504.0
39094,execution_finished,64,"[0, 1, 2, 3, 4, 5, 6, 7, 8, 9, 10, 11, 12, 13, 14, 15, 76, 77, 78, 79, 80, 81, 82, 83, 88, 89, 90, 91, 92, 93, 94, 95, 96, 97, 98, 99, 100, 101, 102, 103, 104, 105, 106, 107, 108, 109, 110, 111, 112, 113, 114, 115, 116, 117, 118, 119, 120, 121, 122, 123, 124, 125, 126, 127]",740665.0,737974,10176,750841.0,10176,750841.0,False,750841.0
39098,execution_finished,32,"[64, 65, 66, 67, 68, 69, 70, 71, 72, 73, 74, 75, 76, 77, 78, 79, 80, 81, 82, 83, 84, 85, 86, 87, 88, 89, 90, 91, 92, 93, 94, 95]",762041.0,759341,133,762174.0,133,762174.0,False,762174.0
39099,execution_finished,8,"[96, 97, 98, 99, 100, 101, 102, 103]",762070.0,759370,105,762175.0,105,762175.0,False,762175.0
39100,execution_finished,32,"[64, 65, 66, 67, 68, 69, 70, 71, 72, 73, 74, 75, 76, 77, 78, 79, 80, 81, 82, 83, 84, 85, 86, 87, 88, 89, 90, 91, 92, 93, 94, 95]",762174.0,759584,121,762295.0,121,762295.0,False,762295.0
39102,execution_finished,32,"[96, 97, 98, 99, 100, 101, 102, 103, 64, 65, 66, 67, 68, 69, 70, 71, 72, 73, 74, 75, 76, 77, 78, 79, 80, 81, 82, 83, 84, 85, 86, 87]",762295.0,760407,181,762476.0,181,762476.0,False,762476.0
39104,execution_finished,32,"[88, 89, 90, 91, 92, 93, 94, 95, 64, 65, 66, 67, 68, 69, 70, 71, 72, 73, 74, 75, 76, 77, 78, 79, 80, 81, 82, 83, 84, 85, 86, 87]",762476.0,760955,124,762600.0,124,762600.0,False,762600.0
39101,execution_finished,8,"[104, 105, 106, 107, 108, 109, 110, 111]",764874.0,759607,98,764972.0,98,764972.0,False,764972.0
39105,execution_finished,8,"[120, 121, 122, 123, 124, 125, 126, 127]",764875.0,760981,99,764974.0,99,764974.0,False,764974.0
39103,execution_finished,8,"[112, 113, 114, 115, 116, 117, 118, 119]",764875.0,760439,149,765024.0,149,765024.0,False,765024.0
39124,execution_finished,1,[64],771292.0,768592,16,771308.0,16,771308.0,False,771308.0
39131,execution_finished,1,[65],772721.0,770021,15,772736.0,15,772736.0,False,772736.0
39151,execution_finished,1,[65],773183.0,773183,20,773203.0,20,773203.0,False,773203.0
39153,execution_finished,1,[65],773489.0,773489,34,773523.0,34,773523.0,False,773523.0
39140,execution_finished,1,[66],774948.0,772248,107,775055.0,107,775055.0,False,775055.0
39169,execution_finished,1,[66],775055.0,774624,5,775060.0,5,775060.0,False,775060.0
39172,execution_finished,1,[66],775060.0,774951,3,775063.0,3,775063.0,False,775063.0
39173,execution_finished,1,[66],775063.0,774962,4,775067.0,4,775067.0,False,775067.0
39174,execution_finished,1,[66],775067.0,775006,3,775070.0,3,775070.0,False,775070.0
39144,execution_finished,1,[67],775107.0,772407,21,775128.0,21,775128.0,False,775128.0
39146,execution_finished,1,[68],775196.0,772496,18,775214.0,18,775214.0,False,775214.0
39148,execution_finished,8,"[69, 70, 71, 72, 73, 74, 75, 76]",775280.0,772580,20,775300.0,20,775300.0,False,775300.0
39170,execution_finished,8,"[66, 67, 68, 69, 70, 71, 72, 73]",775300.0,774647,30,775330.0,30,775330.0,False,775330.0
39175,execution_finished,8,"[74, 75, 76, 66, 67, 68, 69, 70]",775330.0,775055,63,775393.0,63,775393.0,False,775393.0
39176,execution_finished,8,"[71, 72, 73, 66, 67, 68, 69, 70]",775393.0,775140,93,775486.0,93,775486.0,False,775486.0
39178,execution_finished,1,[74],775483.0,775483,7,775490.0,7,775490.0,False,775490.0
39179,execution_finished,1,[75],775562.0,775562,4,775566.0,4,775566.0,False,775566.0
39150,execution_finished,8,"[77, 78, 79, 80, 81, 82, 83, 84]",775813.0,773113,39,775852.0,39,775852.0,False,775852.0
39152,execution_finished,8,"[85, 86, 87, 88, 89, 90, 91, 92]",776056.0,773356,102,776158.0,102,776158.0,False,776158.0
39155,execution_finished,8,"[64, 93, 94, 95, 96, 97, 98, 99]",776459.0,773759,46,776505.0,46,776505.0,False,776505.0
39156,execution_finished,8,"[100, 101, 102, 103, 104, 105, 106, 107]",776590.0,773890,140,776730.0,140,776730.0,False,776730.0
39162,execution_finished,1,[108],776884.0,774184,32,776916.0,32,776916.0,False,776916.0
39097,execution_finished,64,"[0, 1, 2, 3, 4, 5, 6, 7, 8, 9, 10, 11, 12, 13, 14, 15, 16, 17, 18, 19, 20, 21, 22, 23, 24, 25, 26, 27, 28, 29, 30, 31, 32, 33, 34, 35, 36, 37, 38, 39, 40, 41, 42, 43, 44, 45, 46, 47, 48, 49, 50, 51, 52, 53, 54, 55, 56, 57, 58, 59, 60, 61, 62, 63]",761905.0,759205,15077,776982.0,15077,776982.0,False,776982.0
39163,execution_finished,1,[109],776966.0,774266,26,776992.0,26,776992.0,False,776992.0
39165,execution_finished,1,[110],776991.0,774291,16,777007.0,16,777007.0,False,777007.0
39166,execution_finished,1,[111],777020.0,774320,42,777062.0,42,777062.0,False,777062.0
39167,execution_finished,8,"[112, 113, 114, 115, 116, 117, 118, 119]",777128.0,774428,21,777149.0,21,777149.0,False,777149.0
39168,execution_finished,8,"[120, 121, 122, 123, 124, 125, 126, 127]",777215.0,774515,24,777239.0,24,777239.0,False,777239.0
39195,execution_finished,1,[65],780636.0,777936,27,780663.0,27,780663.0,False,780663.0
39197,execution_finished,1,[64],782082.0,778064,17,782099.0,17,782099.0,False,782099.0
39207,execution_finished,1,[66],783359.0,780659,14,783373.0,14,783373.0,False,783373.0
39196,execution_finished,64,"[0, 1, 2, 3, 4, 5, 6, 7, 8, 9, 10, 11, 12, 13, 14, 15, 16, 17, 18, 19, 20, 21, 22, 23, 24, 25, 26, 27, 28, 29, 30, 31, 32, 33, 34, 35, 36, 37, 38, 39, 40, 41, 42, 43, 44, 45, 46, 47, 48, 49, 50, 51, 52, 53, 54, 55, 56, 57, 58, 59, 60, 61, 62, 63]",782082.0,777961,2696,784778.0,2696,784778.0,False,784778.0
39220,execution_finished,128,"[0, 1, 2, 3, 4, 5, 6, 7, 8, 9, 10, 11, 12, 13, 14, 15, 16, 17, 18, 19, 20, 21, 22, 23, 24, 25, 26, 27, 28, 29, 30, 31, 32, 33, 34, 35, 36, 37, 38, 39, 40, 41, 42, 43, 44, 45, 46, 47, 48, 49, 50, 51, 52, 53, 54, 55, 56, 57, 58, 59, 60, 61, 62, 63, 64, 65, 66, 67, 68, 69, 70, 71, 72, 73, 74, 75, 76, 77, 78, 79, 80, 81, 82, 83, 84, 85, 86, 87, 88, 89, 90, 91, 92, 93, 94, 95, 96, 97, 98, 99, 100, 101, 102, 103, 104, 105, 106, 107, 108, 109, 110, 111, 112, 113, 114, 115, 116, 117, 118, 119, 120, 121, 122, 123, 124, 125, 126, 127]",789878.0,783368,96,789974.0,96,789974.0,False,789974.0
39222,execution_finished,64,"[0, 1, 2, 3, 4, 5, 6, 7, 8, 9, 10, 11, 12, 13, 14, 15, 16, 17, 18, 19, 20, 21, 22, 23, 24, 25, 26, 27, 28, 29, 30, 31, 32, 33, 34, 35, 36, 37, 38, 39, 40, 41, 42, 43, 44, 45, 46, 47, 48, 49, 50, 51, 52, 53, 54, 55, 56, 57, 58, 59, 60, 61, 62, 63]",789974.0,784048,1328,791302.0,1328,791302.0,False,791302.0
39237,execution_finished,1,[0],791302.0,786808,15,791317.0,15,791317.0,False,791317.0
39251,execution_finished,1,[63],791302.0,789267,60,791362.0,60,791362.0,False,791362.0
39229,execution_finished,64,"[64, 65, 66, 67, 68, 69, 70, 71, 72, 73, 74, 75, 76, 77, 78, 79, 80, 81, 82, 83, 84, 85, 86, 87, 88, 89, 90, 91, 92, 93, 94, 95, 96, 97, 98, 99, 100, 101, 102, 103, 104, 105, 106, 107, 108, 109, 110, 111, 112, 113, 114, 115, 116, 117, 118, 119, 120, 121, 122, 123, 124, 125, 126, 127]",789974.0,785403,1403,791377.0,1403,791377.0,False,791377.0
39240,execution_finished,128,"[1, 2, 3, 4, 5, 6, 7, 8, 9, 10, 11, 12, 13, 14, 15, 16, 17, 18, 19, 20, 21, 22, 23, 24, 25, 26, 27, 28, 29, 30, 31, 32, 33, 34, 35, 36, 37, 38, 39, 40, 41, 42, 43, 44, 45, 46, 47, 48, 49, 50, 51, 52, 53, 54, 55, 56, 57, 58, 59, 60, 61, 62, 0, 63, 64, 65, 66, 67, 68, 69, 70, 71, 72, 73, 74, 75, 76, 77, 78, 79, 80, 81, 82, 83, 84, 85, 86, 87, 88, 89, 90, 91, 92, 93, 94, 95, 96, 97, 98, 99, 100, 101, 102, 103, 104, 105, 106, 107, 108, 109, 110, 111, 112, 113, 114, 115, 116, 117, 118, 119, 120, 121, 122, 123, 124, 125, 126, 127]",791377.0,787724,91,791468.0,91,791468.0,False,791468.0
39260,execution_finished,64,"[64, 65, 66, 67, 68, 69, 70, 71, 72, 73, 74, 75, 76, 77, 78, 79, 80, 81, 82, 83, 84, 85, 86, 87, 88, 89, 90, 91, 92, 93, 94, 95, 96, 97, 98, 99, 100, 101, 102, 103, 104, 105, 106, 107, 108, 109, 110, 111, 112, 113, 114, 115, 116, 117, 118, 119, 120, 121, 122, 123, 124, 125, 126, 127]",791468.0,790592,554,792022.0,554,792022.0,False,792022.0
39243,execution_finished,64,"[0, 1, 2, 3, 4, 5, 6, 7, 8, 9, 10, 11, 12, 13, 14, 15, 16, 17, 18, 19, 20, 21, 22, 23, 24, 25, 26, 27, 28, 29, 30, 31, 32, 33, 34, 35, 36, 37, 38, 39, 40, 41, 42, 43, 44, 45, 46, 47, 48, 49, 50, 51, 52, 53, 54, 55, 56, 57, 58, 59, 60, 61, 62, 63]",791468.0,788165,2400,793868.0,2400,793868.0,False,793868.0
39265,execution_finished,64,"[64, 65, 66, 67, 68, 69, 70, 71, 72, 73, 74, 75, 76, 77, 78, 79, 80, 81, 82, 83, 84, 85, 86, 87, 88, 89, 90, 91, 92, 93, 94, 95, 96, 97, 98, 99, 100, 101, 102, 103, 104, 105, 106, 107, 108, 109, 110, 111, 112, 113, 114, 115, 116, 117, 118, 119, 120, 121, 122, 123, 124, 125, 126, 127]",792022.0,792016,4302,796324.0,4302,796324.0,False,796324.0
39266,execution_finished,1,[0],799019.0,796319,15,799034.0,15,799034.0,False,799034.0
39268,execution_finished,1,[0],805122.0,802422,24,805146.0,24,805146.0,False,805146.0
39267,execution_finished,64,"[64, 65, 66, 67, 68, 69, 70, 71, 72, 73, 74, 75, 76, 77, 78, 79, 80, 81, 82, 83, 84, 85, 86, 87, 88, 89, 90, 91, 92, 93, 94, 95, 96, 97, 98, 99, 100, 101, 102, 103, 104, 105, 106, 107, 108, 109, 110, 111, 112, 113, 114, 115, 116, 117, 118, 119, 120, 121, 122, 123, 124, 125, 126, 127]",796400.0,796400,11899,808299.0,11899,808299.0,False,808299.0
39270,execution_finished,1,[64],808302.0,808302,19,808321.0,19,808321.0,False,808321.0
39269,execution_finished,1,[0],810868.0,808168,15,810883.0,15,810883.0,False,810883.0
39273,execution_finished,1,[0],810919.0,810919,5,810924.0,5,810924.0,False,810924.0
39271,execution_finished,16,"[1, 2, 3, 4, 5, 6, 7, 8, 9, 10, 11, 12, 13, 14, 15, 16]",812028.0,809328,10924,822952.0,10924,822952.0,False,822952.0
39272,execution_finished,64,"[17, 18, 19, 20, 21, 22, 23, 24, 25, 26, 27, 28, 29, 30, 31, 32, 33, 34, 35, 36, 37, 38, 39, 40, 41, 42, 43, 44, 45, 46, 47, 48, 49, 50, 51, 52, 53, 54, 55, 56, 57, 58, 59, 60, 61, 62, 63, 65, 66, 67, 68, 69, 70, 71, 72, 73, 74, 75, 76, 77, 78, 79, 80, 81]",813399.0,809329,10924,824323.0,10924,824323.0,False,824323.0
39279,execution_finished,128,"[0, 1, 2, 3, 4, 5, 6, 7, 8, 9, 10, 11, 12, 13, 14, 15, 16, 17, 18, 19, 20, 21, 22, 23, 24, 25, 26, 27, 28, 29, 30, 31, 32, 33, 34, 35, 36, 37, 38, 39, 40, 41, 42, 43, 44, 45, 46, 47, 48, 49, 50, 51, 52, 53, 54, 55, 56, 57, 58, 59, 60, 61, 62, 63, 64, 65, 66, 67, 68, 69, 70, 71, 72, 73, 74, 75, 76, 77, 78, 79, 80, 81, 82, 83, 84, 85, 86, 87, 88, 89, 90, 91, 92, 93, 94, 95, 96, 97, 98, 99, 100, 101, 102, 103, 104, 105, 106, 107, 108, 109, 110, 111, 112, 113, 114, 115, 116, 117, 118, 119, 120, 121, 122, 123, 124, 125, 126, 127]",829423.0,822566,87,829510.0,87,829510.0,False,829510.0
39514,execution_finished,4,"[0, 1, 2, 3]",854160.0,851460,50,854210.0,50,854210.0,False,854210.0
39516,execution_finished,8,"[4, 5, 6, 7, 8, 9, 10, 11]",854460.0,851760,61,854521.0,61,854521.0,False,854521.0
39519,execution_finished,2,"[12, 13]",854645.0,851945,47,854692.0,47,854692.0,False,854692.0
39523,execution_finished,16,"[14, 15, 16, 17, 18, 19, 20, 21, 22, 23, 24, 25, 26, 27, 28, 29]",855023.0,852323,358,855381.0,358,855381.0,False,855381.0
39537,execution_finished,16,"[29, 28, 27, 26, 25, 24, 23, 22, 21, 20, 19, 18, 17, 16, 15, 14]",855381.0,854873,11,855392.0,11,855392.0,False,855392.0
39540,execution_finished,4,"[21, 20, 19, 18]",855392.0,854879,4,855396.0,4,855396.0,False,855396.0
39545,execution_finished,4,"[17, 16, 15, 14]",855392.0,855246,6,855398.0,6,855398.0,False,855398.0
39539,execution_finished,4,"[25, 24, 23, 22]",855392.0,854877,9,855401.0,9,855401.0,False,855401.0
39546,execution_finished,4,"[21, 20, 19, 18]",855396.0,855247,6,855402.0,6,855402.0,False,855402.0
39538,execution_finished,4,"[29, 28, 27, 26]",855392.0,854874,11,855403.0,11,855403.0,False,855403.0
39547,execution_finished,4,"[17, 16, 15, 14]",855398.0,855249,5,855403.0,5,855403.0,False,855403.0
39551,execution_finished,4,"[21, 20, 19, 18]",855402.0,855362,27,855429.0,27,855429.0,False,855429.0
39552,execution_finished,4,"[29, 28, 27, 26]",855403.0,855363,26,855429.0,26,855429.0,False,855429.0
39550,execution_finished,4,"[25, 24, 23, 22]",855401.0,855360,29,855430.0,29,855430.0,False,855430.0
39554,execution_finished,8,"[29, 28, 27, 26, 21, 20, 19, 18]",855429.0,855366,24,855453.0,24,855453.0,False,855453.0
39541,execution_finished,16,"[29, 28, 27, 26, 25, 24, 23, 22, 21, 20, 19, 18, 17, 16, 15, 14]",855453.0,854881,2,855455.0,2,855455.0,False,855455.0
39544,execution_finished,16,"[29, 28, 27, 26, 25, 24, 23, 22, 21, 20, 19, 18, 17, 16, 15, 14]",855455.0,855244,12,855467.0,12,855467.0,False,855467.0
39548,execution_finished,16,"[29, 28, 27, 26, 25, 24, 23, 22, 21, 20, 19, 18, 17, 16, 15, 14]",855467.0,855250,5,855472.0,5,855472.0,False,855472.0
39549,execution_finished,16,"[29, 28, 27, 26, 25, 24, 23, 22, 21, 20, 19, 18, 17, 16, 15, 14]",855472.0,855359,32,855504.0,32,855504.0,False,855504.0
39553,execution_finished,16,"[29, 28, 27, 26, 25, 24, 23, 22, 21, 20, 19, 18, 17, 16, 15, 14]",855504.0,855365,25,855529.0,25,855529.0,False,855529.0
39555,execution_finished,16,"[29, 28, 27, 26, 25, 24, 23, 22, 21, 20, 19, 18, 17, 16, 15, 14]",855607.0,855607,75,855682.0,75,855682.0,False,855682.0
39561,execution_finished,1,[17],855719.0,855719,25,855744.0,25,855744.0,False,855744.0
39558,execution_finished,4,"[21, 20, 19, 18]",855682.0,855613,67,855749.0,67,855749.0,False,855749.0
39557,execution_finished,4,"[25, 24, 23, 22]",855682.0,855611,68,855750.0,68,855750.0,False,855750.0
39556,execution_finished,4,"[29, 28, 27, 26]",855682.0,855609,70,855752.0,70,855752.0,False,855752.0
39564,execution_finished,8,"[29, 28, 27, 26, 25, 24, 23, 22]",855780.0,855780,7,855787.0,7,855787.0,False,855787.0
39565,execution_finished,8,"[29, 28, 27, 26, 25, 24, 23, 22]",855787.0,855782,6,855793.0,6,855793.0,False,855793.0
39566,execution_finished,8,"[29, 28, 27, 26, 25, 24, 23, 22]",855793.0,855783,6,855799.0,6,855799.0,False,855799.0
39560,execution_finished,8,"[21, 20, 19, 18, 17, 16, 15, 14]",855749.0,855617,64,855813.0,64,855813.0,False,855813.0
39559,execution_finished,16,"[29, 28, 27, 26, 25, 24, 23, 22, 21, 20, 19, 18, 17, 16, 15, 14]",855813.0,855615,66,855879.0,66,855879.0,False,855879.0
39570,execution_finished,8,"[29, 28, 27, 26, 25, 24, 23, 22]",855910.0,855910,8,855918.0,8,855918.0,False,855918.0
39571,execution_finished,8,"[21, 20, 19, 18, 17, 16, 15, 14]",855912.0,855912,7,855919.0,7,855919.0,False,855919.0
39572,execution_finished,8,"[29, 28, 27, 26, 25, 24, 23, 22]",855918.0,855915,5,855923.0,5,855923.0,False,855923.0
39530,execution_finished,4,"[102, 103, 104, 105]",855987.0,853287,374,856361.0,374,856361.0,False,856361.0
39528,execution_finished,32,"[62, 63, 64, 65, 66, 67, 68, 69, 70, 71, 72, 73, 74, 75, 76, 77, 78, 79, 80, 81, 82, 83, 84, 85, 86, 87, 88, 89, 90, 91, 92, 93]",855837.0,853137,608,856445.0,608,856445.0,False,856445.0
39529,execution_finished,8,"[94, 95, 96, 97, 98, 99, 100, 101]",855860.0,853160,586,856446.0,586,856446.0,False,856446.0
39526,execution_finished,32,"[30, 31, 32, 33, 34, 35, 36, 37, 38, 39, 40, 41, 42, 43, 44, 45, 46, 47, 48, 49, 50, 51, 52, 53, 54, 55, 56, 57, 58, 59, 60, 61]",855479.0,852779,1251,856730.0,1251,856730.0,False,856730.0
39542,execution_finished,32,"[82, 83, 84, 85, 86, 87, 88, 89, 90, 91, 92, 93, 94, 95, 96, 97, 98, 99, 100, 101, 30, 31, 32, 33, 34, 35, 36, 37, 38, 39, 40, 41]",856730.0,854967,741,857471.0,741,857471.0,False,857471.0
39563,execution_finished,32,"[30, 31, 32, 33, 34, 35, 36, 37, 38, 39, 40, 41, 82, 83, 84, 85, 86, 87, 88, 89, 90, 91, 92, 93, 94, 95, 96, 97, 98, 99, 100, 101]",857471.0,855779,8,857479.0,8,857479.0,False,857479.0
39567,execution_finished,32,"[30, 31, 32, 33, 34, 35, 36, 37, 38, 39, 40, 41, 82, 83, 84, 85, 86, 87, 88, 89, 90, 91, 92, 93, 94, 95, 96, 97, 98, 99, 100, 101]",857479.0,855785,5,857484.0,5,857484.0,False,857484.0
39532,execution_finished,4,"[106, 107, 108, 109]",856394.0,853694,1615,858009.0,1615,858009.0,False,858009.0
39596,execution_finished,1,[107],858009.0,857812,21,858030.0,21,858030.0,False,858030.0
39578,execution_finished,1,[109],858009.0,856427,26,858035.0,26,858035.0,False,858035.0
39595,execution_finished,1,[108],858009.0,857748,44,858053.0,44,858053.0,False,858053.0
39533,execution_finished,32,"[110, 111, 112, 113, 114, 115, 116, 117, 118, 119, 120, 121, 122, 123, 124, 125, 126, 127, 0, 1, 2, 3, 4, 5, 6, 7, 8, 9, 10, 11, 12, 13]",857392.0,854199,690,858082.0,690,858082.0,False,858082.0
39569,execution_finished,32,"[106, 107, 109, 108, 0, 1, 2, 3, 4, 5, 6, 7, 8, 9, 10, 11, 12, 13, 110, 111, 112, 113, 114, 115, 116, 117, 118, 119, 120, 121, 122, 123]",858082.0,855907,11,858093.0,11,858093.0,False,858093.0
39581,execution_finished,4,"[124, 125, 126, 127]",858082.0,856814,62,858144.0,62,858144.0,False,858144.0
39585,execution_finished,4,"[124, 125, 126, 127]",858144.0,857057,49,858193.0,49,858193.0,False,858193.0
39573,execution_finished,32,"[0, 1, 2, 3, 4, 5, 6, 7, 8, 9, 10, 11, 12, 13, 106, 107, 108, 109, 110, 111, 112, 113, 114, 115, 116, 117, 118, 119, 120, 121, 122, 123]",858093.0,855996,731,858824.0,731,858824.0,False,858824.0
39580,execution_finished,32,"[0, 1, 2, 3, 4, 5, 6, 7, 8, 9, 10, 11, 12, 13, 106, 107, 108, 109, 110, 111, 112, 113, 114, 115, 116, 117, 118, 119, 120, 121, 122, 123]",858824.0,856812,9,858833.0,9,858833.0,False,858833.0
39583,execution_finished,8,"[8, 9, 10, 11, 12, 13, 106, 107]",858833.0,856818,5,858838.0,5,858838.0,False,858838.0
39587,execution_finished,8,"[123, 122, 121, 120, 119, 118, 117, 116]",858833.0,857132,5,858838.0,5,858838.0,False,858838.0
39588,execution_finished,8,"[115, 114, 113, 112, 111, 110, 109, 108]",858833.0,857133,5,858838.0,5,858838.0,False,858838.0
39582,execution_finished,8,"[0, 1, 2, 3, 4, 5, 6, 7]",858833.0,856816,6,858839.0,6,858839.0,False,858839.0
39586,execution_finished,32,"[8, 9, 10, 11, 12, 13, 106, 107, 108, 109, 110, 111, 112, 113, 114, 115, 116, 117, 118, 119, 120, 121, 122, 123, 0, 1, 2, 3, 4, 5, 6, 7]",858839.0,857130,7,858846.0,7,858846.0,False,858846.0
39593,execution_finished,8,"[115, 114, 113, 112, 111, 110, 109, 108]",858846.0,857456,3,858849.0,3,858849.0,False,858849.0
39589,execution_finished,8,"[0, 1, 2, 3, 4, 5, 6, 7]",858846.0,857135,4,858850.0,4,858850.0,False,858850.0
39592,execution_finished,8,"[123, 122, 121, 120, 119, 118, 117, 116]",858846.0,857454,4,858850.0,4,858850.0,False,858850.0
39590,execution_finished,32,"[8, 9, 10, 11, 12, 13, 106, 107, 108, 109, 110, 111, 112, 113, 114, 115, 0, 1, 2, 3, 4, 5, 6, 7, 116, 117, 118, 119, 120, 121, 122, 123]",858850.0,857451,9,858859.0,9,858859.0,False,858859.0
39591,execution_finished,8,"[0, 1, 2, 3, 4, 5, 6, 7]",858859.0,857452,8,858867.0,8,858867.0,False,858867.0
39597,execution_finished,4,"[124, 125, 126, 127]",858193.0,857838,1596,859789.0,1596,859789.0,False,859789.0
39598,execution_finished,2,"[8, 9]",858859.0,857861,1573,860432.0,1573,860432.0,False,860432.0
39568,execution_finished,32,"[30, 31, 32, 33, 34, 35, 36, 37, 38, 39, 40, 41, 82, 83, 84, 85, 86, 87, 88, 89, 90, 91, 92, 93, 94, 95, 96, 97, 98, 99, 100, 101]",857484.0,855808,3626,861110.0,3626,861110.0,False,861110.0
39535,execution_finished,8,"[74, 75, 76, 77, 78, 79, 80, 81]",856445.0,854334,5100,861545.0,5100,861545.0,False,861545.0
39534,execution_finished,32,"[14, 15, 16, 17, 18, 19, 20, 21, 22, 23, 24, 25, 26, 27, 28, 29, 102, 103, 104, 105, 62, 63, 64, 65, 66, 67, 68, 69, 70, 71, 72, 73]",856445.0,854258,5176,861621.0,5176,861621.0,False,861621.0
39599,execution_finished,32,"[42, 43, 44, 45, 46, 47, 48, 49, 50, 51, 52, 53, 54, 55, 56, 57, 58, 59, 60, 61, 10, 11, 12, 13, 106, 107, 108, 109, 110, 111, 112, 113]",861830.0,857882,422,862252.0,422,862252.0,False,862252.0
39607,execution_finished,1,[0],865888.0,863188,32,865920.0,32,865920.0,False,865920.0
39608,execution_finished,32,"[1, 2, 3, 4, 5, 6, 7, 8, 9, 30, 31, 32, 33, 34, 35, 36, 37, 38, 39, 40, 41, 82, 83, 84, 85, 86, 87, 88, 89, 90, 91, 92]",866210.0,863202,2,866212.0,2,866212.0,False,866212.0
39618,execution_finished,8,"[84, 85, 86, 87, 88, 89, 90, 91]",866212.0,863831,192,866404.0,192,866404.0,False,866404.0
39623,execution_finished,8,"[92, 91, 90, 89, 88, 87, 86, 85]",866404.0,864875,41,866445.0,41,866445.0,False,866445.0
39624,execution_finished,8,"[92, 91, 90, 89, 88, 87, 86, 85]",866445.0,864881,36,866481.0,36,866481.0,False,866481.0
39625,execution_finished,8,"[92, 91, 90, 89, 88, 87, 86, 85]",866481.0,864883,34,866515.0,34,866515.0,False,866515.0
39629,execution_finished,8,"[92, 91, 90, 89, 88, 87, 86, 85]",866515.0,865131,86,866601.0,86,866601.0,False,866601.0
39634,execution_finished,8,"[92, 91, 90, 89, 88, 87, 86, 85]",866601.0,865685,54,866655.0,54,866655.0,False,866655.0
39616,execution_finished,8,"[36, 37, 38, 39, 40, 41, 82, 83]",866212.0,863647,446,866658.0,446,866658.0,False,866658.0
39615,execution_finished,16,"[0, 1, 2, 3, 4, 5, 6, 7, 8, 9, 30, 31, 32, 33, 34, 35]",866212.0,863644,449,866661.0,449,866661.0,False,866661.0
39626,execution_finished,16,"[83, 35, 34, 33, 32, 31, 30, 9, 8, 7, 6, 5, 4, 3, 2, 1]",866661.0,864911,7,866668.0,7,866668.0,False,866668.0
39631,execution_finished,8,"[8, 7, 6, 5, 4, 3, 2, 1]",866668.0,865135,83,866751.0,83,866751.0,False,866751.0
39630,execution_finished,8,"[83, 35, 34, 33, 32, 31, 30, 9]",866668.0,865133,84,866752.0,84,866752.0,False,866752.0
39620,execution_finished,16,"[84, 85, 86, 87, 88, 89, 90, 91, 92, 36, 37, 38, 39, 40, 41, 82]",866658.0,864739,152,866810.0,152,866810.0,False,866810.0
39622,execution_finished,32,"[0, 1, 2, 3, 4, 5, 6, 7, 8, 9, 30, 31, 32, 33, 34, 35, 83, 36, 37, 38, 39, 40, 41, 82, 84, 85, 86, 87, 88, 89, 90, 91]",866810.0,864873,43,866853.0,43,866853.0,False,866853.0
39614,execution_finished,4,"[121, 122, 123, 124]",867352.0,863639,453,867805.0,453,867805.0,False,867805.0
39613,execution_finished,4,"[117, 118, 119, 120]",867352.0,863632,460,867812.0,460,867812.0,False,867812.0
39612,execution_finished,4,"[113, 114, 115, 116]",867352.0,863615,479,867831.0,479,867831.0,False,867831.0
39611,execution_finished,16,"[97, 98, 99, 100, 101, 102, 103, 104, 105, 106, 107, 108, 109, 110, 111, 112]",867352.0,863609,485,867837.0,485,867837.0,False,867837.0
39647,execution_finished,1,[121],867805.0,867688,105,867910.0,105,867910.0,False,867910.0
39642,execution_finished,16,"[122, 123, 124, 117, 118, 119, 120, 113, 114, 115, 116, 97, 98, 99, 100, 101]",867837.0,866971,400,868237.0,400,868237.0,False,868237.0
39651,execution_finished,1,[102],868219.0,868219,19,868238.0,19,868238.0,False,868238.0
39652,execution_finished,1,[103],868233.0,868233,94,868327.0,94,868327.0,False,868327.0
39610,execution_finished,32,"[10, 11, 12, 13, 42, 43, 44, 45, 46, 47, 48, 49, 50, 51, 52, 53, 54, 55, 56, 57, 58, 59, 60, 61, 78, 79, 80, 81, 93, 94, 95, 96]",867352.0,863289,1001,868353.0,1001,868353.0,False,868353.0
39654,execution_finished,1,[118],868348.0,868348,26,868374.0,26,868374.0,False,868374.0
39628,execution_finished,32,"[119, 120, 122, 123, 124, 102, 103, 10, 11, 12, 13, 42, 43, 44, 45, 46, 47, 48, 49, 50, 51, 52, 53, 54, 55, 56, 57, 58, 59, 60, 61, 78]",868353.0,865129,89,868442.0,89,868442.0,False,868442.0
39633,execution_finished,32,"[96, 118, 10, 11, 12, 13, 42, 43, 44, 45, 46, 47, 48, 49, 50, 51, 52, 53, 54, 55, 56, 57, 58, 59, 60, 61, 78, 102, 103, 119, 120, 122]",868442.0,865656,82,868524.0,82,868524.0,False,868524.0
39653,execution_finished,4,"[114, 115, 116, 117]",868284.0,868284,357,868641.0,357,868641.0,False,868641.0
39645,execution_finished,16,"[104, 105, 106, 107, 108, 109, 110, 111, 112, 121, 97, 98, 99, 100, 101, 113]",868237.0,867380,412,868649.0,412,868649.0,False,868649.0
39627,execution_finished,16,"[92, 0, 1, 2, 3, 4, 5, 6, 7, 8, 9, 30, 31, 32, 33, 34]",866853.0,864923,2024,868877.0,2024,868877.0,False,868877.0
39638,execution_finished,32,"[120, 122, 114, 115, 116, 117, 97, 98, 99, 100, 101, 104, 105, 106, 107, 108, 109, 110, 111, 112, 113, 121, 0, 1, 2, 3, 4, 5, 6, 7, 8, 9]",868877.0,866171,61,868938.0,61,868938.0,False,868938.0
39639,execution_finished,1,[125],868951.0,866251,5,868956.0,5,868956.0,False,868956.0
39641,execution_finished,32,"[30, 31, 32, 33, 34, 92, 0, 1, 2, 3, 4, 5, 6, 7, 8, 9, 97, 98, 99, 100, 101, 104, 105, 106, 107, 108, 109, 110, 111, 112, 113, 114]",868938.0,866698,44,868982.0,44,868982.0,False,868982.0
39643,execution_finished,32,"[115, 116, 117, 120, 121, 122, 125, 0, 1, 2, 3, 4, 5, 6, 7, 8, 9, 30, 31, 32, 33, 34, 92, 97, 98, 99, 100, 101, 104, 105, 106, 107]",868982.0,867000,124,869106.0,124,869106.0,False,869106.0
39648,execution_finished,32,"[108, 109, 110, 111, 112, 113, 114, 0, 1, 2, 3, 4, 5, 6, 7, 8, 9, 30, 31, 32, 33, 34, 92, 97, 98, 99, 100, 101, 104, 105, 106, 107]",869106.0,867857,115,869221.0,115,869221.0,False,869221.0
39650,execution_finished,32,"[115, 116, 117, 120, 121, 122, 125, 0, 1, 2, 3, 4, 5, 6, 7, 8, 9, 30, 31, 32, 33, 34, 92, 97, 98, 99, 100, 101, 104, 105, 106, 107]",869221.0,868213,427,869648.0,427,869648.0,False,869648.0
39658,execution_finished,32,"[108, 109, 110, 111, 112, 113, 114, 0, 1, 2, 3, 4, 5, 6, 7, 8, 9, 30, 31, 32, 33, 34, 92, 97, 98, 99, 100, 101, 104, 105, 106, 107]",869648.0,868649,30,869678.0,30,869678.0,False,869678.0
39659,execution_finished,32,"[115, 116, 117, 120, 121, 122, 125, 0, 1, 2, 3, 4, 5, 6, 7, 8, 9, 30, 31, 32, 33, 34, 92, 97, 98, 99, 100, 101, 104, 105, 106, 107]",869678.0,869037,104,869782.0,104,869782.0,False,869782.0
39664,execution_finished,32,"[108, 109, 110, 111, 112, 113, 114, 0, 1, 2, 3, 4, 5, 6, 7, 8, 9, 30, 31, 32, 33, 34, 92, 97, 98, 99, 100, 101, 104, 105, 106, 107]",869782.0,869613,43,869825.0,43,869825.0,False,869825.0
39655,execution_finished,4,"[79, 80, 81, 93]",868381.0,868381,1620,870001.0,1620,870001.0,False,870001.0
39656,execution_finished,2,"[94, 95]",868406.0,868406,1597,870003.0,1597,870003.0,False,870003.0
39667,execution_finished,16,"[115, 116, 117, 120, 121, 122, 125, 0, 1, 2, 3, 4, 5, 6, 7, 8]",869826.0,869826,252,870078.0,252,870078.0,False,870078.0
39609,execution_finished,32,"[14, 15, 16, 17, 18, 19, 20, 21, 22, 23, 24, 25, 26, 27, 28, 29, 62, 63, 64, 65, 66, 67, 68, 69, 70, 71, 72, 73, 74, 75, 76, 77]",866721.0,863218,3721,870442.0,3721,870442.0,False,870442.0
39668,execution_finished,16,"[9, 30, 31, 32, 33, 34, 92, 97, 98, 99, 100, 101, 104, 105, 106, 107]",870199.0,870199,490,870689.0,490,870689.0,False,870689.0
39671,execution_finished,16,"[14, 15, 16, 17, 18, 19, 20, 21, 22, 23, 24, 25, 26, 27, 28, 29]",870903.0,870903,248,871151.0,248,871151.0,False,871151.0
39677,execution_finished,1,[14],871626.0,871626,44,871670.0,44,871670.0,False,871670.0
39678,execution_finished,1,[15],871682.0,871682,18,871700.0,18,871700.0,False,871700.0
39679,execution_finished,4,"[16, 17, 18, 19]",871706.0,871706,29,871735.0,29,871735.0,False,871735.0
39680,execution_finished,2,"[20, 21]",871728.0,871728,20,871748.0,20,871748.0,False,871748.0
39682,execution_finished,4,"[14, 15, 16, 17]",872015.0,872015,933,872948.0,933,872948.0,False,872948.0
39683,execution_finished,2,"[18, 19]",872036.0,872036,913,872949.0,913,872949.0,False,872949.0
39690,execution_finished,4,"[14, 15, 16, 17]",872951.0,872951,840,873791.0,840,873791.0,False,873791.0
39691,execution_finished,2,"[18, 19]",872978.0,872978,814,873792.0,814,873792.0,False,873792.0
39695,execution_finished,4,"[14, 15, 16, 17]",873793.0,873793,594,874387.0,594,874387.0,False,874387.0
39697,execution_finished,2,"[18, 19]",873814.0,873814,574,874388.0,574,874388.0,False,874388.0
39705,execution_finished,1,[14],874500.0,874378,32,874532.0,32,874532.0,False,874532.0
39686,execution_finished,1,[62],875542.0,872842,64,875606.0,64,875606.0,False,875606.0
39688,execution_finished,1,[63],875626.0,872926,21,875647.0,21,875647.0,False,875647.0
39685,execution_finished,16,"[0, 1, 2, 3, 4, 5, 6, 7, 8, 41, 79, 80, 81, 82, 83, 84]",875315.0,872615,381,875696.0,381,875696.0,False,875696.0
39707,execution_finished,16,"[84, 83, 82, 81, 80, 79, 63, 62, 41, 8, 7, 6, 5, 4, 3, 2]",875696.0,874500,373,876069.0,373,876069.0,False,876069.0
39717,execution_finished,16,"[84, 83, 82, 81, 80, 79, 63, 62, 41, 8, 7, 6, 5, 4, 3, 2]",876069.0,874877,345,876414.0,345,876414.0,False,876414.0
39722,execution_finished,4,"[84, 83, 82, 81]",876414.0,875013,50,876464.0,50,876464.0,False,876464.0
39729,execution_finished,4,"[41, 8, 7, 6]",876414.0,875631,66,876480.0,66,876480.0,False,876480.0
39725,execution_finished,4,"[80, 79, 63, 62]",876414.0,875262,132,876546.0,132,876546.0,False,876546.0
39698,execution_finished,4,"[9, 22, 23, 24]",876571.0,873871,45,876616.0,45,876616.0,False,876616.0
39699,execution_finished,1,[25],876719.0,874019,31,876750.0,31,876750.0,False,876750.0
39726,execution_finished,16,"[84, 83, 82, 81, 80, 79, 63, 62, 41, 8, 7, 6, 5, 4, 3, 2]",876546.0,875301,255,876801.0,255,876801.0,False,876801.0
39701,execution_finished,1,[30],876773.0,874073,29,876802.0,29,876802.0,False,876802.0
39700,execution_finished,4,"[26, 27, 28, 29]",876756.0,874056,114,876870.0,114,876870.0,False,876870.0
39702,execution_finished,1,[31],876810.0,874110,125,876935.0,125,876935.0,False,876935.0
39703,execution_finished,1,[20],877003.0,874303,32,877035.0,32,877035.0,False,877035.0
39728,execution_finished,16,"[84, 83, 82, 81, 80, 79, 63, 62, 41, 25, 24, 23, 22, 9, 8, 7]",876801.0,875588,387,877188.0,387,877188.0,False,877188.0
39635,execution_finished,32,"[123, 124, 10, 11, 12, 13, 42, 43, 44, 45, 46, 47, 48, 49, 50, 51, 52, 53, 54, 55, 56, 57, 58, 59, 60, 61, 78, 96, 102, 103, 118, 119]",868524.0,865785,8681,877205.0,8681,877205.0,False,877205.0
39709,execution_finished,1,[21],877238.0,874538,49,877287.0,49,877287.0,False,877287.0
39710,execution_finished,1,[32],877377.0,874677,32,877409.0,32,877409.0,False,877409.0
39713,execution_finished,1,[33],877503.0,874803,34,877537.0,34,877537.0,False,877537.0
39718,execution_finished,4,"[69, 70, 71, 72]",877604.0,874904,19,877623.0,19,877623.0,False,877623.0
39760,execution_finished,1,[32],877613.0,877613,38,877651.0,38,877651.0,False,877651.0
39719,execution_finished,1,[73],877629.0,874929,31,877660.0,31,877660.0,False,877660.0
39761,execution_finished,1,[32],877670.0,877670,19,877689.0,19,877689.0,False,877689.0
39764,execution_finished,1,[32],877873.0,877873,16,877889.0,16,877889.0,False,877889.0
39636,execution_finished,8,"[126, 127, 35, 36, 37, 38, 39, 40]",869553.0,865810,8657,878210.0,8657,878210.0,False,878210.0
39714,execution_finished,4,"[34, 64, 65, 66]",877506.0,874806,821,878327.0,821,878327.0,False,878327.0
39716,execution_finished,2,"[67, 68]",877531.0,874831,799,878330.0,799,878330.0,False,878330.0
39730,execution_finished,1,[74],878436.0,875736,111,878547.0,111,878547.0,False,878547.0
39735,execution_finished,1,[77],878585.0,875885,25,878610.0,25,878610.0,False,878610.0
39736,execution_finished,1,[85],878599.0,875899,84,878683.0,84,878683.0,False,878683.0
39762,execution_finished,4,"[73, 72, 71, 70]",877693.0,877693,1026,878719.0,1026,878719.0,False,878719.0
39763,execution_finished,2,"[69, 33]",877714.0,877714,1005,878719.0,1005,878719.0,False,878719.0
39731,execution_finished,16,"[127, 126, 77, 74, 68, 67, 66, 65, 64, 40, 39, 38, 37, 36, 35, 34]",878610.0,875740,297,878907.0,297,878907.0,False,878907.0
39758,execution_finished,16,"[127, 126, 85, 77, 74, 73, 72, 71, 70, 69, 68, 67, 66, 65, 64, 40]",878907.0,877509,168,879075.0,168,879075.0,False,879075.0
39708,execution_finished,32,"[11, 12, 13, 42, 43, 44, 45, 46, 47, 48, 49, 50, 51, 52, 53, 54, 55, 56, 57, 58, 59, 60, 61, 78, 96, 102, 103, 118, 119, 123, 124, 21]",877287.0,874508,1837,879124.0,1837,879124.0,False,879124.0
39741,execution_finished,1,[87],879114.0,876350,20,879134.0,20,879134.0,False,879134.0
39746,execution_finished,1,[88],879317.0,876617,10,879327.0,10,879327.0,False,879327.0
39748,execution_finished,1,[89],879418.0,876718,8,879426.0,8,879426.0,False,879426.0
39737,execution_finished,16,"[124, 123, 119, 118, 103, 102, 96, 89, 88, 87, 78, 61, 60, 59, 58, 57]",879675.0,876022,374,880049.0,374,880049.0,False,880049.0
39788,execution_finished,1,[124],880049.0,879922,21,880070.0,21,880070.0,False,880070.0
39704,execution_finished,64,"[14, 15, 16, 17, 18, 19, 90, 91, 92, 93, 94, 95, 97, 98, 99, 100, 101, 104, 105, 106, 107, 108, 109, 110, 111, 112, 113, 114, 115, 116, 117, 120, 121, 122, 125, 2, 3, 4, 5, 6, 30, 26, 27, 28, 29, 31, 20, 7, 8, 9, 22, 23, 24, 25, 41, 62, 63, 79, 80, 81, 82, 83, 84, 10]",879905.0,874313,181,880086.0,181,880086.0,False,880086.0
39778,execution_finished,4,"[46, 47, 48, 49]",879675.0,879100,460,880135.0,460,880135.0,False,880135.0
39773,execution_finished,2,"[13, 21]",879124.0,878743,1058,880182.0,1058,880182.0,False,880182.0
39712,execution_finished,64,"[57, 58, 59, 60, 61, 78, 87, 88, 89, 96, 102, 103, 118, 119, 123, 124, 2, 3, 4, 5, 6, 7, 8, 9, 10, 14, 15, 16, 17, 18, 19, 20, 22, 23, 24, 25, 26, 27, 28, 29, 30, 31, 41, 62, 63, 79, 80, 81, 82, 83, 84, 90, 91, 92, 93, 94, 95, 97, 98, 99, 100, 101, 104, 105]",880086.0,874801,144,880230.0,144,880230.0,False,880230.0
39723,execution_finished,64,"[2, 3, 4, 5, 6, 7, 8, 9, 10, 14, 15, 16, 17, 18, 19, 20, 22, 23, 24, 25, 26, 27, 28, 29, 30, 31, 41, 57, 58, 59, 60, 61, 62, 63, 78, 79, 80, 81, 82, 83, 84, 87, 88, 89, 90, 91, 92, 93, 94, 95, 96, 97, 98, 99, 100, 101, 102, 103, 104, 105, 118, 119, 123, 124]",880230.0,875018,130,880360.0,130,880360.0,False,880360.0
39739,execution_finished,16,"[106, 107, 108, 109, 110, 111, 112, 113, 114, 115, 116, 117, 120, 121, 122, 125]",880086.0,876263,290,880376.0,290,880376.0,False,880376.0
39733,execution_finished,2,"[75, 76]",878490.0,875790,1901,880391.0,1901,880391.0,False,880391.0
39727,execution_finished,64,"[2, 3, 4, 5, 6, 7, 8, 9, 10, 14, 15, 16, 17, 18, 19, 20, 22, 23, 24, 25, 26, 27, 28, 29, 30, 31, 41, 57, 58, 59, 60, 61, 62, 63, 78, 79, 80, 81, 82, 83, 84, 87, 88, 89, 90, 91, 92, 93, 94, 95, 96, 97, 98, 99, 100, 101, 102, 103, 104, 105, 118, 119, 123, 124]",880360.0,875340,136,880496.0,136,880496.0,False,880496.0
39738,execution_finished,64,"[125, 75, 76, 2, 3, 4, 5, 6, 7, 8, 9, 10, 14, 15, 16, 17, 18, 19, 20, 22, 23, 24, 25, 26, 27, 28, 29, 30, 31, 41, 57, 58, 59, 60, 61, 62, 63, 78, 79, 80, 81, 82, 83, 84, 87, 88, 89, 90, 91, 92, 93, 94, 95, 96, 97, 98, 99, 100, 101, 102, 103, 104, 105, 118]",880496.0,876067,146,880642.0,146,880642.0,False,880642.0
39745,execution_finished,32,"[59, 60, 61, 62, 63, 75, 76, 78, 79, 80, 81, 82, 83, 84, 87, 88, 89, 90, 91, 92, 93, 94, 95, 96, 97, 98, 99, 100, 101, 102, 103, 104]",880642.0,876554,58,880700.0,58,880700.0,False,880700.0
39795,execution_finished,1,[105],880648.0,880648,53,880701.0,53,880701.0,False,880701.0
39772,execution_finished,4,"[42, 43, 44, 45]",879675.0,878721,1080,880755.0,1080,880755.0,False,880755.0
39787,execution_finished,4,"[103, 104, 42, 43]",880755.0,879908,105,880860.0,105,880860.0,False,880860.0
39747,execution_finished,32,"[118, 125, 59, 60, 61, 62, 63, 75, 76, 78, 79, 80, 81, 82, 83, 84, 87, 88, 89, 90, 91, 92, 93, 94, 95, 96, 97, 98, 99, 100, 101, 102]",880700.0,876689,163,880863.0,163,880863.0,False,880863.0
39796,execution_finished,4,"[44, 45, 42, 43]",880860.0,880660,73,880933.0,73,880933.0,False,880933.0
39785,execution_finished,4,"[46, 47, 48, 49]",880135.0,879803,901,881036.0,901,881036.0,False,881036.0
39786,execution_finished,2,"[13, 21]",880182.0,879826,884,881066.0,884,881066.0,False,881066.0
39751,execution_finished,16,"[105, 103, 104, 59, 60, 61, 62, 63, 75, 76, 78, 79, 80, 81, 82, 83]",880863.0,876808,284,881147.0,284,881147.0,False,881147.0
39752,execution_finished,16,"[84, 87, 88, 89, 90, 91, 92, 93, 94, 95, 96, 97, 98, 99, 100, 101]",880863.0,876809,333,881196.0,333,881196.0,False,881196.0
39754,execution_finished,16,"[118, 125, 49, 13, 21, 59, 60, 61, 62, 63, 75, 76, 78, 79, 80, 81]",881147.0,877176,312,881459.0,312,881459.0,False,881459.0
39756,execution_finished,32,"[104, 105, 84, 87, 88, 89, 90, 91, 92, 93, 94, 95, 96, 97, 98, 99, 100, 101, 13, 21, 49, 59, 60, 61, 62, 63, 75, 76, 78, 79, 80, 81]",881459.0,877306,279,881738.0,279,881738.0,False,881738.0
39766,execution_finished,16,"[118, 125, 13, 21, 49, 59, 60, 61, 62, 63, 75, 76, 78, 79, 80, 81]",881738.0,878039,318,882056.0,318,882056.0,False,882056.0
39767,execution_finished,16,"[84, 87, 88, 89, 90, 91, 92, 93, 94, 95, 96, 97, 98, 99, 100, 101]",881738.0,878147,360,882098.0,360,882098.0,False,882098.0
39768,execution_finished,32,"[104, 105, 13, 21, 49, 59, 60, 61, 62, 63, 75, 76, 78, 79, 80, 81, 118, 125, 84, 87, 88, 89, 90, 91, 92, 93, 94, 95, 96, 97, 98, 99]",882098.0,878393,131,882229.0,131,882229.0,False,882229.0
39744,execution_finished,32,"[119, 123, 124, 2, 3, 4, 5, 6, 7, 8, 9, 10, 14, 15, 16, 17, 18, 19, 20, 22, 23, 24, 25, 26, 27, 28, 29, 30, 31, 41, 57, 58]",880642.0,876437,2057,882699.0,2057,882699.0,False,882699.0
39811,execution_finished,1,[123],882699.0,882395,32,882731.0,32,882731.0,False,882731.0
39809,execution_finished,1,[124],882699.0,882289,66,882765.0,66,882765.0,False,882765.0
39770,execution_finished,16,"[118, 125, 2, 3, 4, 5, 6, 7, 8, 9, 10, 14, 15, 16, 17, 18]",882699.0,878538,230,882929.0,230,882929.0,False,882929.0
39774,execution_finished,16,"[19, 20, 22, 23, 24, 25, 26, 27, 28, 29, 30, 31, 41, 57, 58, 119]",882699.0,878834,263,882962.0,263,882962.0,False,882962.0
39743,execution_finished,16,"[32, 106, 107, 108, 109, 110, 111, 112, 113, 114, 115, 116, 117, 120, 121, 122]",883076.0,876404,401,883477.0,401,883477.0,False,883477.0
39776,execution_finished,32,"[123, 124, 2, 3, 4, 5, 6, 7, 8, 9, 10, 14, 15, 16, 17, 18, 118, 125, 19, 20, 22, 23, 24, 25, 26, 27, 28, 29, 30, 31, 41, 57]",882962.0,879032,528,883490.0,528,883490.0,False,883490.0
39821,execution_finished,4,"[116, 117, 120, 121]",883477.0,883473,69,883546.0,69,883546.0,False,883546.0
39780,execution_finished,32,"[122, 2, 3, 4, 5, 6, 7, 8, 9, 10, 14, 15, 16, 17, 18, 19, 20, 22, 23, 24, 25, 26, 27, 28, 29, 30, 31, 41, 57, 118, 123, 124]",883490.0,879257,177,883667.0,177,883667.0,False,883667.0
39732,execution_finished,4,"[0, 1, 11, 12]",881824.0,875769,1922,883746.0,1922,883746.0,False,883746.0
39784,execution_finished,16,"[125, 116, 117, 120, 121, 2, 3, 4, 5, 6, 7, 8, 9, 10, 14, 15]",883667.0,879795,282,883949.0,282,883949.0,False,883949.0
39823,execution_finished,4,"[16, 17, 18, 19]",883667.0,883623,316,883983.0,316,883983.0,False,883983.0
39769,execution_finished,32,"[100, 101, 13, 21, 49, 59, 60, 61, 62, 63, 75, 76, 78, 79, 80, 81, 84, 87, 88, 89, 90, 91, 92, 93, 94, 95, 96, 97, 98, 99, 104, 105]",882229.0,878508,2049,884278.0,2049,884278.0,False,884278.0
39792,execution_finished,32,"[19, 13, 21, 49, 59, 60, 61, 62, 63, 75, 76, 78, 79, 80, 81, 84, 87, 88, 89, 90, 91, 92, 93, 94, 95, 96, 97, 98, 99, 100, 101, 104]",884278.0,880296,83,884361.0,83,884361.0,False,884361.0
39790,execution_finished,8,"[102, 42, 43, 44, 45, 46, 47, 48]",881036.0,880051,3387,884423.0,3387,884423.0,False,884423.0
39759,execution_finished,16,"[34, 35, 36, 37, 38, 39, 40, 64, 65, 66, 67, 68, 69, 70, 71, 72]",884175.0,877516,292,884467.0,292,884467.0,False,884467.0
39793,execution_finished,16,"[105, 13, 19, 21, 49, 59, 60, 61, 62, 63, 75, 76, 78, 79, 80, 81]",884361.0,880354,287,884648.0,287,884648.0,False,884648.0
39833,execution_finished,1,[80],884664.0,884664,19,884683.0,19,884683.0,False,884683.0
39808,execution_finished,1,[50],884710.0,882010,31,884741.0,31,884741.0,False,884741.0
39800,execution_finished,16,"[70, 71, 72, 13, 19, 21, 49, 59, 60, 61, 62, 63, 75, 76, 78, 79]",884648.0,881159,289,884937.0,289,884937.0,False,884937.0
39830,execution_finished,4,"[79, 78, 76, 75]",884937.0,884366,22,884959.0,22,884959.0,False,884959.0
39832,execution_finished,4,"[79, 78, 76, 75]",884959.0,884499,25,884984.0,25,884984.0,False,884984.0
39799,execution_finished,4,"[33, 82, 83, 103]",883849.0,881149,1279,885128.0,1279,885128.0,False,885128.0
39806,execution_finished,16,"[81, 105, 80, 50, 13, 19, 21, 49, 59, 60, 61, 62, 63, 70, 71, 72]",884937.0,881844,290,885227.0,290,885227.0,False,885227.0
39828,execution_finished,2,"[46, 47]",884423.0,884105,913,885336.0,913,885336.0,False,885336.0
39827,execution_finished,4,"[42, 43, 44, 45]",884423.0,884083,933,885356.0,933,885356.0,False,885356.0
39836,execution_finished,1,[46],885561.0,885561,20,885581.0,20,885581.0,False,885581.0
39818,execution_finished,1,[77],885804.0,883104,30,885834.0,30,885834.0,False,885834.0
39801,execution_finished,2,"[51, 52]",884798.0,881170,1258,886056.0,1258,886056.0,False,886056.0
39835,execution_finished,4,"[33, 13, 19, 21]",885227.0,884896,1107,886334.0,1107,886334.0,False,886334.0
39782,execution_finished,16,"[85, 126, 127, 58, 119, 32, 106, 107, 108, 109, 110, 111, 112, 113, 114, 115]",886177.0,879583,173,886350.0,173,886350.0,False,886350.0
39794,execution_finished,32,"[84, 87, 88, 89, 90, 91, 92, 93, 94, 95, 96, 97, 98, 99, 100, 101, 104, 48, 102, 34, 35, 36, 37, 38, 39, 40, 64, 65, 66, 67, 68, 69]",884467.0,880571,1983,886450.0,1983,886450.0,False,886450.0
39807,execution_finished,32,"[119, 126, 127, 34, 35, 36, 37, 38, 39, 40, 48, 64, 65, 66, 67, 68, 69, 84, 87, 88, 89, 90, 91, 92, 93, 94, 95, 96, 97, 98, 99, 100]",886450.0,881999,74,886524.0,74,886524.0,False,886524.0
39838,execution_finished,2,"[42, 43]",885623.0,885623,904,886527.0,904,886527.0,False,886527.0
39813,execution_finished,2,"[73, 74]",885629.0,882451,944,886573.0,944,886573.0,False,886573.0
39812,execution_finished,4,"[53, 54, 55, 56]",885629.0,882430,963,886592.0,963,886592.0,False,886592.0
39810,execution_finished,16,"[19, 21, 33, 32, 58, 85, 106, 107, 108, 109, 110, 111, 112, 113, 114, 115]",886350.0,882306,340,886690.0,340,886690.0,False,886690.0
39839,execution_finished,4,"[77, 51, 52, 13]",886334.0,885956,369,886703.0,369,886703.0,False,886703.0
39814,execution_finished,32,"[101, 102, 104, 34, 35, 36, 37, 38, 39, 40, 48, 64, 65, 66, 67, 68, 69, 84, 87, 88, 89, 90, 91, 92, 93, 94, 95, 96, 97, 98, 99, 100]",886524.0,882553,202,886726.0,202,886726.0,False,886726.0
39837,execution_finished,4,"[47, 44, 45, 46]",885827.0,885602,923,886750.0,923,886750.0,False,886750.0
39842,execution_finished,4,"[43, 73, 74, 53]",886592.0,886338,167,886759.0,167,886759.0,False,886759.0
39816,execution_finished,16,"[54, 55, 56, 19, 21, 32, 33, 58, 85, 106, 107, 108, 109, 110, 111, 112]",886690.0,882790,368,887058.0,368,887058.0,False,887058.0
39815,execution_finished,32,"[113, 114, 115, 13, 51, 52, 77, 34, 35, 36, 37, 38, 39, 40, 48, 64, 65, 66, 67, 68, 69, 84, 87, 88, 89, 90, 91, 92, 93, 94, 95, 96]",886726.0,882631,591,887317.0,591,887317.0,False,887317.0
39789,execution_finished,32,"[20, 22, 23, 24, 25, 26, 27, 28, 29, 30, 31, 41, 57, 118, 122, 123, 124, 0, 1, 11, 12, 2, 3, 4, 5, 6, 7, 8, 9, 10, 14, 15]",883949.0,880012,3425,887374.0,3425,887374.0,False,887374.0
39817,execution_finished,32,"[21, 32, 33, 54, 55, 56, 58, 85, 106, 107, 108, 109, 110, 111, 112, 13, 34, 35, 36, 37, 38, 39, 40, 48, 51, 52, 64, 65, 66, 67, 68, 69]",887317.0,883005,74,887391.0,74,887391.0,False,887391.0
39824,execution_finished,16,"[97, 98, 99, 100, 101, 102, 104, 44, 45, 46, 47, 43, 53, 73, 74, 19]",887058.0,883765,352,887410.0,352,887410.0,False,887410.0
39820,execution_finished,32,"[23, 24, 25, 26, 27, 28, 29, 30, 31, 41, 57, 118, 122, 123, 124, 13, 21, 32, 33, 34, 35, 36, 37, 38, 39, 40, 48, 51, 52, 54, 55, 56]",887391.0,883400,141,887532.0,141,887532.0,False,887532.0
39819,execution_finished,32,"[77, 84, 87, 88, 89, 90, 91, 92, 93, 94, 95, 96, 113, 114, 115, 0, 1, 2, 3, 4, 5, 6, 7, 8, 9, 10, 11, 12, 14, 15, 20, 22]",887374.0,883293,2265,889639.0,2265,889639.0,False,889639.0
39829,execution_finished,32,"[0, 1, 2, 3, 4, 5, 6, 7, 8, 9, 10, 11, 12, 14, 15, 20, 22, 77, 84, 87, 88, 89, 90, 91, 92, 93, 94, 95, 96, 113, 114, 115]",889639.0,884300,87,889726.0,87,889726.0,False,889726.0
39831,execution_finished,32,"[0, 1, 2, 3, 4, 5, 6, 7, 8, 9, 10, 11, 12, 14, 15, 20, 22, 77, 84, 87, 88, 89, 90, 91, 92, 93, 94, 95, 96, 113, 114, 115]",889726.0,884440,83,889809.0,83,889809.0,False,889809.0
39822,execution_finished,32,"[75, 76, 78, 79, 58, 64, 65, 66, 67, 68, 69, 85, 106, 107, 108, 109, 110, 111, 112, 19, 43, 44, 45, 46, 47, 53, 73, 74, 97, 98, 99, 100]",890110.0,883564,376,890486.0,376,890486.0,False,890486.0
39834,execution_finished,32,"[0, 1, 2, 3, 4, 5, 6, 7, 8, 9, 10, 11, 12, 14, 15, 20, 22, 77, 84, 87, 88, 89, 90, 91, 92, 93, 94, 95, 96, 113, 114, 115]",889809.0,884823,1182,890991.0,1182,890991.0,False,890991.0
39740,execution_finished,1,[86],879114.0,876304,12010,891124.0,12010,891124.0,False,891124.0
39826,execution_finished,8,"[116, 117, 120, 121, 125, 16, 17, 18]",883991.0,883991,8167,892158.0,8167,892158.0,False,892158.0
39850,execution_finished,8,"[16, 17, 18, 116, 117, 120, 121, 125]",892158.0,890941,34,892192.0,34,892192.0,False,892192.0
39851,execution_finished,8,"[16, 17, 18, 116, 117, 120, 121, 125]",892192.0,890994,34,892226.0,34,892226.0,False,892226.0
39852,execution_finished,8,"[16, 17, 18, 116, 117, 120, 121, 125]",892226.0,891059,46,892272.0,46,892272.0,False,892272.0
39841,execution_finished,4,"[119, 126, 127, 42]",886527.0,886091,6066,892593.0,6066,892593.0,False,892593.0
39856,execution_finished,4,"[42, 119, 126, 127]",892916.0,892877,36,892952.0,36,892952.0,False,892952.0
39859,execution_finished,1,[42],893155.0,893155,19,893174.0,19,893174.0,False,893174.0
39844,execution_finished,1,[49],893691.0,888823,16,893707.0,16,893707.0,False,893707.0
39845,execution_finished,1,[50],893691.0,888856,17,893708.0,17,893708.0,False,893708.0
39849,execution_finished,8,"[62, 63, 70, 71, 72, 80, 81, 82]",893691.0,890858,79,893770.0,79,893770.0,False,893770.0
39848,execution_finished,1,[61],893691.0,889669,80,893771.0,80,893771.0,False,893771.0
39847,execution_finished,1,[60],893691.0,889222,96,893787.0,96,893787.0,False,893787.0
39846,execution_finished,1,[59],893691.0,888906,224,893915.0,224,893915.0,False,893915.0
39854,execution_finished,4,"[83, 103, 105, 122]",895532.0,892789,43,895575.0,43,895575.0,False,895575.0
39825,execution_finished,32,"[101, 102, 104, 13, 21, 23, 24, 25, 26, 27, 28, 29, 30, 31, 32, 33, 34, 35, 36, 37, 38, 39, 40, 41, 48, 51, 52, 54, 55, 56, 57, 118]",887532.0,883959,8198,895730.0,8198,895730.0,False,895730.0
39857,execution_finished,8,"[86, 42, 49, 50, 62, 63, 70, 71]",896470.0,892916,139,896609.0,139,896609.0,False,896609.0
39840,execution_finished,32,"[19, 43, 44, 45, 46, 47, 53, 58, 64, 65, 66, 67, 68, 69, 73, 74, 75, 76, 78, 79, 85, 97, 98, 99, 100, 106, 107, 108, 109, 110, 111, 112]",890486.0,886028,6128,896614.0,6128,896614.0,False,896614.0
39861,execution_finished,8,"[42, 49, 50, 62, 63, 70, 71, 86]",896609.0,893304,33,896642.0,33,896642.0,False,896642.0
39862,execution_finished,32,"[19, 43, 44, 45, 46, 47, 53, 58, 64, 65, 66, 67, 68, 69, 73, 74, 75, 76, 78, 79, 85, 97, 98, 99, 100, 106, 107, 108, 109, 110, 111, 112]",896614.0,893351,41,896655.0,41,896655.0,False,896655.0
39843,execution_finished,32,"[0, 1, 2, 3, 4, 5, 6, 7, 8, 9, 10, 11, 12, 14, 15, 20, 22, 77, 84, 87, 88, 89, 90, 91, 92, 93, 94, 95, 96, 113, 114, 115]",890991.0,886374,5783,896774.0,5783,896774.0,False,896774.0
39864,execution_finished,32,"[106, 107, 108, 109, 110, 111, 112, 0, 1, 2, 3, 4, 5, 6, 7, 8, 9, 10, 11, 12, 14, 15, 20, 22, 77, 84, 87, 88, 89, 90, 91, 92]",896774.0,893403,26,896800.0,26,896800.0,False,896800.0
39863,execution_finished,32,"[49, 50, 62, 63, 70, 71, 86, 19, 43, 44, 45, 46, 47, 53, 58, 64, 65, 66, 67, 68, 69, 73, 74, 75, 76, 78, 79, 85, 97, 98, 99, 100]",896655.0,893374,1144,897799.0,1144,897799.0,False,897799.0
39855,execution_finished,4,"[123, 124, 16, 17]",895532.0,892832,2311,897843.0,2311,897843.0,False,897843.0
39853,execution_finished,32,"[83, 103, 105, 122, 13, 21, 23, 24, 25, 26, 27, 28, 29, 30, 31, 32, 33, 34, 35, 36, 37, 38, 39, 40, 41, 48, 51, 52, 54, 55, 56, 57]",895730.0,892759,2384,898114.0,2384,898114.0,False,898114.0
39865,execution_finished,1,[18],898275.0,894647,29,898304.0,29,898304.0,False,898304.0
39858,execution_finished,8,"[116, 117, 119, 120, 121, 125, 126, 127]",898430.0,893063,34,898464.0,34,898464.0,False,898464.0
39860,execution_finished,8,"[72, 80, 81, 82, 101, 102, 104, 118]",898870.0,893265,35,898905.0,35,898905.0,False,898905.0
39866,execution_finished,64,"[19, 43, 44, 45, 46, 47, 49, 50, 53, 58, 62, 63, 64, 65, 66, 67, 68, 69, 70, 71, 73, 74, 75, 76, 78, 79, 85, 86, 97, 98, 99, 100, 16, 17, 123, 124, 13, 21, 23, 24, 25, 26, 27, 28, 29, 30, 31, 32, 33, 34, 35, 36, 37, 38, 39, 40, 41, 48, 51, 52, 54, 55, 56, 57]",898114.0,895730,10278,908392.0,10278,908392.0,False,908392.0
39868,execution_finished,4,"[59, 60, 61, 42]",899342.0,895844,10175,909517.0,10175,909517.0,False,909517.0
39872,execution_finished,4,"[50, 49, 48, 47]",908392.0,906382,1978,910370.0,1978,910370.0,False,910370.0
39871,execution_finished,32,"[124, 123, 100, 99, 98, 97, 86, 85, 79, 78, 76, 75, 74, 73, 71, 70, 69, 68, 67, 66, 65, 64, 63, 62, 58, 57, 56, 55, 54, 53, 52, 51]",908392.0,906317,2043,910435.0,2043,910435.0,False,910435.0
39867,execution_finished,32,"[0, 1, 2, 3, 4, 5, 6, 7, 8, 9, 10, 11, 12, 14, 15, 20, 22, 77, 84, 87, 88, 89, 90, 91, 92, 93, 94, 95, 96, 106, 107, 108]",901900.0,895745,10270,912170.0,10270,912170.0,False,912170.0
39869,execution_finished,128,"[0, 1, 2, 3, 4, 5, 6, 7, 8, 9, 10, 11, 12, 13, 14, 15, 16, 17, 18, 19, 20, 21, 22, 23, 24, 25, 26, 27, 28, 29, 30, 31, 32, 33, 34, 35, 36, 37, 38, 39, 40, 41, 42, 43, 44, 45, 46, 47, 48, 49, 50, 51, 52, 53, 54, 55, 56, 57, 58, 59, 60, 61, 62, 63, 64, 65, 66, 67, 68, 69, 70, 71, 72, 73, 74, 75, 76, 77, 78, 79, 80, 81, 82, 83, 84, 85, 86, 87, 88, 89, 90, 91, 92, 93, 94, 95, 96, 97, 98, 99, 100, 101, 102, 103, 104, 105, 106, 107, 108, 109, 110, 111, 112, 113, 114, 115, 116, 117, 118, 119, 120, 121, 122, 123, 124, 125, 126, 127]",917270.0,906024,103,917373.0,103,917373.0,False,917373.0
39915,execution_finished,1,[100],917373.0,913339,104,917477.0,104,917477.0,False,917477.0
39916,execution_finished,1,[101],917373.0,913517,132,917505.0,132,917505.0,False,917505.0
39917,execution_finished,1,[102],917373.0,913673,266,917639.0,266,917639.0,False,917639.0
39882,execution_finished,4,"[96, 97, 98, 99]",917373.0,908878,7438,924811.0,7438,924811.0,False,924811.0
39881,execution_finished,32,"[64, 65, 66, 67, 68, 69, 70, 71, 72, 73, 74, 75, 76, 77, 78, 79, 80, 81, 82, 83, 84, 85, 86, 87, 88, 89, 90, 91, 92, 93, 94, 95]",917373.0,908803,7510,924883.0,7510,924883.0,False,924883.0
39870,execution_finished,64,"[0, 1, 2, 3, 4, 5, 6, 7, 8, 9, 10, 11, 12, 13, 14, 15, 16, 17, 18, 19, 20, 21, 22, 23, 24, 25, 26, 27, 28, 29, 30, 31, 32, 33, 34, 35, 36, 37, 38, 39, 40, 41, 42, 43, 44, 45, 46, 47, 48, 49, 50, 51, 52, 53, 54, 55, 56, 57, 58, 59, 60, 61, 62, 63]",917373.0,906131,10177,927550.0,10177,927550.0,False,927550.0
39938,execution_finished,128,"[64, 65, 66, 67, 68, 69, 70, 71, 72, 73, 74, 75, 76, 77, 78, 79, 80, 81, 82, 83, 84, 85, 86, 87, 88, 89, 90, 91, 92, 93, 94, 95, 96, 97, 98, 99, 100, 101, 102, 103, 104, 105, 106, 107, 108, 109, 110, 111, 112, 113, 114, 115, 116, 117, 118, 119, 120, 121, 122, 123, 124, 125, 126, 127, 0, 1, 2, 3, 4, 5, 6, 7, 8, 9, 10, 11, 12, 13, 14, 15, 16, 17, 18, 19, 20, 21, 22, 23, 24, 25, 26, 27, 28, 29, 30, 31, 32, 33, 34, 35, 36, 37, 38, 39, 40, 41, 42, 43, 44, 45, 46, 47, 48, 49, 50, 51, 52, 53, 54, 55, 56, 57, 58, 59, 60, 61, 62, 63]",930250.0,916319,115,930365.0,115,930365.0,False,930365.0
40046,execution_finished,1,[108],930365.0,929674,23,930388.0,23,930388.0,False,930388.0
39939,execution_finished,64,"[0, 1, 2, 3, 4, 5, 6, 7, 8, 9, 10, 11, 12, 13, 14, 15, 16, 17, 18, 19, 20, 21, 22, 23, 24, 25, 26, 27, 28, 29, 30, 31, 32, 33, 34, 35, 36, 37, 38, 39, 40, 41, 42, 43, 44, 45, 46, 47, 48, 49, 50, 51, 52, 53, 54, 55, 56, 57, 58, 59, 60, 61, 62, 63]",930365.0,916439,10166,940531.0,10166,940531.0,False,940531.0
40051,execution_finished,32,"[32, 33, 34, 35, 36, 37, 38, 39, 40, 41, 42, 43, 44, 45, 46, 47, 48, 49, 50, 51, 52, 53, 54, 55, 56, 57, 58, 59, 60, 61, 62, 63]",940531.0,929854,938,941469.0,938,941469.0,False,941469.0
40082,execution_finished,8,"[108, 109, 110, 111, 112, 113, 114, 115]",944169.0,933568,561,944730.0,561,944730.0,False,944730.0
40137,execution_finished,1,[115],944730.0,941531,20,944750.0,20,944750.0,False,944750.0
40122,execution_finished,4,"[110, 111, 112, 113]",944730.0,940630,21,944751.0,21,944751.0,False,944751.0
40128,execution_finished,1,[114],944730.0,941102,22,944752.0,22,944752.0,False,944752.0
40150,execution_finished,1,[115],944750.0,942652,18,944768.0,18,944768.0,False,944768.0
40124,execution_finished,4,"[110, 111, 112, 113]",944751.0,940764,21,944772.0,21,944772.0,False,944772.0
40155,execution_finished,1,[114],944752.0,942825,21,944773.0,21,944773.0,False,944773.0
40162,execution_finished,1,[115],944768.0,943779,21,944789.0,21,944789.0,False,944789.0
40125,execution_finished,4,"[110, 111, 112, 113]",944772.0,940979,55,944827.0,55,944827.0,False,944827.0
40126,execution_finished,4,"[114, 115, 110, 111]",944827.0,941008,22,944849.0,22,944849.0,False,944849.0
40127,execution_finished,4,"[112, 113, 110, 111]",944849.0,941070,56,944905.0,56,944905.0,False,944905.0
40060,execution_finished,32,"[32, 33, 34, 35, 36, 37, 38, 39, 40, 41, 42, 43, 44, 45, 46, 47, 48, 49, 50, 51, 52, 53, 54, 55, 56, 57, 58, 59, 60, 61, 62, 63]",941469.0,930827,3447,944916.0,3447,944916.0,False,944916.0
40129,execution_finished,4,"[114, 115, 110, 111]",944905.0,941145,24,944929.0,24,944929.0,False,944929.0
40178,execution_finished,1,[114],944967.0,944967,23,944990.0,23,944990.0,False,944990.0
40130,execution_finished,4,"[62, 63, 110, 111]",944929.0,941171,70,944999.0,70,944999.0,False,944999.0
40132,execution_finished,4,"[115, 114, 62, 63]",944999.0,941244,79,945078.0,79,945078.0,False,945078.0
40133,execution_finished,4,"[110, 111, 62, 63]",945078.0,941266,21,945099.0,21,945099.0,False,945099.0
40134,execution_finished,4,"[114, 115, 62, 63]",945099.0,941401,52,945151.0,52,945151.0,False,945151.0
40136,execution_finished,4,"[110, 111, 62, 63]",945151.0,941462,55,945206.0,55,945206.0,False,945206.0
40138,execution_finished,4,"[114, 115, 62, 63]",945206.0,941549,21,945227.0,21,945227.0,False,945227.0
40139,execution_finished,4,"[110, 111, 62, 63]",945227.0,941633,44,945271.0,44,945271.0,False,945271.0
40140,execution_finished,4,"[114, 115, 62, 63]",945271.0,941678,318,945589.0,318,945589.0,False,945589.0
40141,execution_finished,4,"[110, 111, 62, 63]",945589.0,941753,22,945611.0,22,945611.0,False,945611.0
40144,execution_finished,4,"[114, 115, 62, 63]",945611.0,942008,22,945633.0,22,945633.0,False,945633.0
40145,execution_finished,4,"[110, 111, 62, 63]",945633.0,942066,61,945694.0,61,945694.0,False,945694.0
40146,execution_finished,4,"[114, 115, 62, 63]",945694.0,942072,47,945741.0,47,945741.0,False,945741.0
40186,execution_finished,1,[114],945754.0,945754,46,945800.0,46,945800.0,False,945800.0
40031,execution_finished,8,"[100, 101, 102, 103, 104, 105, 106, 107]",930365.0,927735,15595,945960.0,15595,945960.0,False,945960.0
40123,execution_finished,8,"[115, 114, 100, 101, 102, 103, 104, 105]",945960.0,940710,46,946006.0,46,946006.0,False,946006.0
40135,execution_finished,8,"[106, 107, 100, 101, 102, 103, 104, 105]",946006.0,941446,178,946184.0,178,946184.0,False,946184.0
40149,execution_finished,4,"[114, 115, 100, 101]",946184.0,942556,45,946229.0,45,946229.0,False,946229.0
40159,execution_finished,4,"[106, 107, 100, 101]",946229.0,942959,46,946275.0,46,946275.0,False,946275.0
40147,execution_finished,4,"[110, 111, 62, 63]",945741.0,942218,536,946277.0,536,946277.0,False,946277.0
40163,execution_finished,4,"[114, 115, 100, 101]",946275.0,943783,42,946317.0,42,946317.0,False,946317.0
40164,execution_finished,4,"[106, 107, 62, 63]",946277.0,943849,42,946319.0,42,946319.0,False,946319.0
40157,execution_finished,4,"[102, 103, 104, 105]",946184.0,942878,144,946328.0,144,946328.0,False,946328.0
40165,execution_finished,4,"[110, 111, 100, 101]",946317.0,943896,47,946364.0,47,946364.0,False,946364.0
40172,execution_finished,4,"[106, 107, 102, 103]",946328.0,944513,70,946398.0,70,946398.0,False,946398.0
40182,execution_finished,4,"[104, 105, 100, 101]",946364.0,945413,45,946409.0,45,946409.0,False,946409.0
40185,execution_finished,4,"[106, 107, 100, 101]",946409.0,945659,39,946448.0,39,946448.0,False,946448.0
40169,execution_finished,4,"[114, 115, 62, 63]",946319.0,944184,133,946452.0,133,946452.0,False,946452.0
40188,execution_finished,4,"[104, 105, 100, 101]",946448.0,945870,45,946493.0,45,946493.0,False,946493.0
40151,execution_finished,8,"[106, 107, 62, 63, 114, 115, 100, 101]",946493.0,942712,1,946494.0,1,946494.0,False,946494.0
40152,execution_finished,8,"[104, 105, 62, 63, 100, 101, 106, 107]",946494.0,942724,49,946543.0,49,946543.0,False,946543.0
40103,execution_finished,1,[125],947430.0,937040,21,947451.0,21,947451.0,False,947451.0
40121,execution_finished,4,"[126, 127, 108, 109]",947430.0,940591,22,947452.0,22,947452.0,False,947452.0
40098,execution_finished,1,[120],947430.0,935898,25,947455.0,25,947455.0,False,947455.0
40101,execution_finished,4,"[121, 122, 123, 124]",947430.0,936510,58,947488.0,58,947488.0,False,947488.0
40093,execution_finished,4,"[116, 117, 118, 119]",947430.0,935071,107,947537.0,107,947537.0,False,947537.0
40180,execution_finished,8,"[114, 115, 62, 63, 100, 101, 104, 105]",946543.0,945013,1138,947681.0,1138,947681.0,False,947681.0
40198,execution_finished,2,"[106, 107]",946812.0,946812,876,947688.0,876,947688.0,False,947688.0
40112,execution_finished,16,"[127, 120, 121, 122, 123, 124, 116, 117, 118, 119, 62, 63, 100, 101, 104, 105]",947681.0,938527,192,947873.0,192,947873.0,False,947873.0
40115,execution_finished,16,"[114, 115, 106, 107, 62, 63, 100, 101, 104, 105, 116, 117, 118, 119, 120, 121]",947873.0,938904,55,947928.0,55,947928.0,False,947928.0
40116,execution_finished,16,"[122, 123, 124, 127, 62, 63, 100, 101, 104, 105, 106, 107, 114, 115, 116, 117]",947928.0,939015,35,947963.0,35,947963.0,False,947963.0
40143,execution_finished,16,"[118, 119, 120, 121, 62, 63, 100, 101, 104, 105, 106, 107, 114, 115, 116, 117]",947963.0,941965,62,948025.0,62,948025.0,False,948025.0
40090,execution_finished,32,"[112, 113, 32, 33, 34, 35, 36, 37, 38, 39, 40, 41, 42, 43, 44, 45, 46, 47, 48, 49, 50, 51, 52, 53, 54, 55, 56, 57, 58, 59, 60, 61]",944916.0,934298,3143,948059.0,3143,948059.0,False,948059.0
40210,execution_finished,1,[60],948138.0,948138,15,948153.0,15,948153.0,False,948153.0
40167,execution_finished,16,"[122, 123, 124, 127, 62, 63, 100, 101, 104, 105, 106, 107, 114, 115, 116, 117]",948025.0,944045,158,948183.0,158,948183.0,False,948183.0
40170,execution_finished,16,"[61, 112, 113, 60, 62, 63, 100, 101, 104, 105, 106, 107, 114, 115, 116, 117]",948183.0,944275,142,948325.0,142,948325.0,False,948325.0
40197,execution_finished,4,"[125, 108, 109, 126]",947452.0,946790,895,948347.0,895,948347.0,False,948347.0
40184,execution_finished,4,"[110, 111, 102, 103]",946398.0,945514,2115,948513.0,2115,948513.0,False,948513.0
40171,execution_finished,16,"[122, 123, 124, 127, 60, 61, 62, 63, 100, 101, 104, 105, 106, 107, 112, 113]",948325.0,944456,381,948706.0,381,948706.0,False,948706.0
40212,execution_finished,1,[114],948890.0,948890,40,948930.0,40,948930.0,False,948930.0
40213,execution_finished,1,[102],948952.0,948952,22,948974.0,22,948974.0,False,948974.0
40215,execution_finished,2,"[61, 62]",949002.0,949002,30,949032.0,30,949032.0,False,949032.0
40214,execution_finished,4,"[103, 110, 111, 60]",948980.0,948980,55,949035.0,55,949035.0,False,949035.0
40216,execution_finished,1,[63],949099.0,949099,17,949116.0,17,949116.0,False,949116.0
40218,execution_finished,1,[114],949347.0,949347,5,949352.0,5,949352.0,False,949352.0
40105,execution_finished,32,"[118, 119, 120, 121, 32, 33, 34, 35, 36, 37, 38, 39, 40, 41, 42, 43, 44, 45, 46, 47, 48, 49, 50, 51, 52, 53, 54, 55, 56, 57, 58, 59]",948059.0,937478,1367,949426.0,1367,949426.0,False,949426.0
40219,execution_finished,1,[55],949429.0,949429,10,949439.0,10,949439.0,False,949439.0
40220,execution_finished,1,[56],949476.0,949476,9,949485.0,9,949485.0,False,949485.0
40226,execution_finished,1,[119],949716.0,949716,36,949752.0,36,949752.0,False,949752.0
40228,execution_finished,1,[120],949757.0,949757,27,949784.0,27,949784.0,False,949784.0
40224,execution_finished,4,"[57, 58, 59, 118]",949621.0,949621,256,949877.0,256,949877.0,False,949877.0
40231,execution_finished,1,[58],949937.0,949937,1,949938.0,1,949938.0,False,949938.0
40232,execution_finished,1,[59],950167.0,950167,28,950195.0,28,950195.0,False,950195.0
40234,execution_finished,1,[118],950407.0,950407,139,950546.0,139,950546.0,False,950546.0
40236,execution_finished,1,[59],950621.0,950621,1,950622.0,1,950622.0,False,950622.0
40237,execution_finished,1,[118],950629.0,950629,375,951004.0,375,951004.0,False,951004.0
40229,execution_finished,4,"[121, 55, 56, 119]",949896.0,949896,2345,952241.0,2345,952241.0,False,952241.0
40230,execution_finished,2,"[120, 57]",949918.0,949918,2324,952242.0,2324,952242.0,False,952242.0
40244,execution_finished,1,[100],954005.0,951305,21,954026.0,21,954026.0,False,954026.0
40246,execution_finished,1,[101],954941.0,951674,21,954962.0,21,954962.0,False,954962.0
40247,execution_finished,1,[104],954941.0,951767,47,954988.0,47,954988.0,False,954988.0
40249,execution_finished,1,[105],954941.0,951834,89,955030.0,89,955030.0,False,955030.0
40250,execution_finished,1,[106],954941.0,952106,208,955149.0,208,955149.0,False,955149.0
40030,execution_finished,32,"[0, 1, 2, 3, 4, 5, 6, 7, 8, 9, 10, 11, 12, 13, 14, 15, 16, 17, 18, 19, 20, 21, 22, 23, 24, 25, 26, 27, 28, 29, 30, 31]",940531.0,927712,15617,956148.0,15617,956148.0,False,956148.0
40166,execution_finished,32,"[0, 1, 2, 3, 4, 5, 6, 7, 8, 9, 10, 11, 12, 13, 14, 15, 16, 17, 18, 19, 20, 21, 22, 23, 24, 25, 26, 27, 28, 29, 30, 31]",956148.0,943990,122,956270.0,122,956270.0,False,956270.0
40114,execution_finished,32,"[102, 61, 62, 60, 103, 110, 111, 63, 114, 32, 33, 34, 35, 36, 37, 38, 39, 40, 41, 42, 43, 44, 45, 46, 47, 48, 49, 50, 51, 52, 53, 54]",949426.0,938882,6867,956293.0,6867,956293.0,False,956293.0
40179,execution_finished,32,"[0, 1, 2, 3, 4, 5, 6, 7, 8, 9, 10, 11, 12, 13, 14, 15, 16, 17, 18, 19, 20, 21, 22, 23, 24, 25, 26, 27, 28, 29, 30, 31]",956270.0,944968,1181,957451.0,1181,957451.0,False,957451.0
40187,execution_finished,32,"[0, 1, 2, 3, 4, 5, 6, 7, 8, 9, 10, 11, 12, 13, 14, 15, 16, 17, 18, 19, 20, 21, 22, 23, 24, 25, 26, 27, 28, 29, 30, 31]",957451.0,945786,66,957517.0,66,957517.0,False,957517.0
40265,execution_finished,1,[108],957909.0,955209,43,957952.0,43,957952.0,False,957952.0
40266,execution_finished,1,[109],958089.0,955389,10,958099.0,10,958099.0,False,958099.0
40268,execution_finished,1,[112],958159.0,955459,49,958208.0,49,958208.0,False,958208.0
40183,execution_finished,32,"[32, 33, 34, 35, 36, 37, 38, 39, 40, 41, 42, 43, 44, 45, 46, 47, 48, 49, 50, 51, 52, 53, 54, 60, 61, 62, 63, 102, 103, 110, 111, 114]",956293.0,945441,2189,958482.0,2189,958482.0,False,958482.0
40196,execution_finished,32,"[108, 109, 112, 32, 33, 34, 35, 36, 37, 38, 39, 40, 41, 42, 43, 44, 45, 46, 47, 48, 49, 50, 51, 52, 53, 54, 60, 61, 62, 63, 102, 103]",958482.0,946682,57,958539.0,57,958539.0,False,958539.0
40200,execution_finished,32,"[110, 111, 114, 32, 33, 34, 35, 36, 37, 38, 39, 40, 41, 42, 43, 44, 45, 46, 47, 48, 49, 50, 51, 52, 53, 54, 60, 61, 62, 63, 102, 103]",958539.0,947337,64,958603.0,64,958603.0,False,958603.0
40204,execution_finished,32,"[108, 109, 112, 32, 33, 34, 35, 36, 37, 38, 39, 40, 41, 42, 43, 44, 45, 46, 47, 48, 49, 50, 51, 52, 53, 54, 60, 61, 62, 63, 102, 103]",958603.0,947819,55,958658.0,55,958658.0,False,958658.0
40271,execution_finished,8,"[112, 109, 108, 103, 102, 63, 62, 61]",958658.0,955790,36,958694.0,36,958694.0,False,958694.0
40292,execution_finished,4,"[60, 54, 53, 52]",958658.0,958204,42,958700.0,42,958700.0,False,958700.0
40251,execution_finished,16,"[110, 111, 114, 32, 33, 34, 35, 36, 37, 38, 39, 40, 41, 42, 43, 44]",958658.0,952126,45,958703.0,45,958703.0,False,958703.0
40261,execution_finished,2,"[55, 56]",957765.0,955065,987,958752.0,987,958752.0,False,958752.0
40298,execution_finished,1,[114],958819.0,958819,18,958837.0,18,958837.0,False,958837.0
40259,execution_finished,4,"[57, 58, 59, 107]",957849.0,955042,1009,958858.0,1009,958858.0,False,958858.0
39941,execution_finished,4,"[96, 97, 98, 99]",930365.0,916688,28538,958903.0,28538,958903.0,False,958903.0
39940,execution_finished,32,"[64, 65, 66, 67, 68, 69, 70, 71, 72, 73, 74, 75, 76, 77, 78, 79, 80, 81, 82, 83, 84, 85, 86, 87, 88, 89, 90, 91, 92, 93, 94, 95]",930365.0,916619,28606,958971.0,28606,958971.0,False,958971.0
40285,execution_finished,4,"[55, 56, 114, 57]",958858.0,957595,917,959775.0,917,959775.0,False,959775.0
40295,execution_finished,4,"[58, 59, 107, 96]",958903.0,958514,992,959895.0,992,959895.0,False,959895.0
40262,execution_finished,32,"[97, 98, 99, 64, 65, 66, 67, 68, 69, 70, 71, 72, 73, 74, 75, 76, 77, 78, 79, 80, 81, 82, 83, 84, 85, 86, 87, 88, 89, 90, 91, 92]",958971.0,955119,1695,960666.0,1695,960666.0,False,960666.0
40284,execution_finished,1,[104],960652.0,957570,21,960673.0,21,960673.0,False,960673.0
40280,execution_finished,1,[100],960652.0,957344,28,960680.0,28,960680.0,False,960680.0
40282,execution_finished,1,[101],960652.0,957518,37,960689.0,37,960689.0,False,960689.0
40311,execution_finished,2,"[100, 101]",960689.0,960074,4,960693.0,4,960693.0,False,960693.0
40308,execution_finished,1,[104],960673.0,960039,21,960694.0,21,960694.0,False,960694.0
40264,execution_finished,32,"[64, 65, 66, 67, 68, 69, 70, 71, 72, 73, 74, 75, 76, 77, 78, 79, 80, 81, 82, 83, 84, 85, 86, 87, 88, 89, 90, 91, 92, 97, 98, 99]",960666.0,955189,31,960697.0,31,960697.0,False,960697.0
40260,execution_finished,32,"[45, 46, 47, 48, 49, 50, 51, 61, 62, 63, 102, 103, 108, 109, 112, 52, 53, 54, 60, 32, 33, 34, 35, 36, 37, 38, 39, 40, 41, 42, 43, 44]",958703.0,955060,2379,961082.0,2379,961082.0,False,961082.0
40278,execution_finished,32,"[99, 32, 33, 34, 35, 36, 37, 38, 39, 40, 41, 42, 43, 44, 45, 46, 47, 48, 49, 50, 51, 52, 53, 54, 60, 61, 62, 63, 102, 103, 108, 109]",961082.0,956831,49,961131.0,49,961131.0,False,961131.0
40293,execution_finished,1,[113],961135.0,958435,43,961178.0,43,961178.0,False,961178.0
40294,execution_finished,1,[115],961191.0,958491,20,961211.0,20,961211.0,False,961211.0
40195,execution_finished,32,"[0, 1, 2, 3, 4, 5, 6, 7, 8, 9, 10, 11, 12, 13, 14, 15, 16, 17, 18, 19, 20, 21, 22, 23, 24, 25, 26, 27, 28, 29, 30, 31]",957517.0,946561,3725,961242.0,3725,961242.0,False,961242.0
40235,execution_finished,8,"[118, 119, 120, 121, 122, 123, 124, 125]",961303.0,950458,164,961467.0,164,961467.0,False,961467.0
40309,execution_finished,4,"[120, 121, 122, 123]",961467.0,960052,38,961505.0,38,961505.0,False,961505.0
40263,execution_finished,8,"[55, 56, 57, 114, 58, 59, 96, 107]",959895.0,955188,1627,961522.0,1627,961522.0,False,961522.0
40330,execution_finished,1,[107],961626.0,961626,18,961644.0,18,961644.0,False,961644.0
40286,execution_finished,2,"[105, 106]",960799.0,957618,895,961694.0,895,961694.0,False,961694.0
40317,execution_finished,8,"[122, 123, 55, 56, 57, 58, 59, 96]",961522.0,960872,194,961716.0,194,961716.0,False,961716.0
40315,execution_finished,2,"[97, 98]",960767.0,960767,979,961746.0,979,961746.0,False,961746.0
40320,execution_finished,8,"[55, 56, 57, 58, 59, 96, 122, 123]",961716.0,961103,117,961833.0,117,961833.0,False,961833.0
40322,execution_finished,4,"[114, 107, 105, 106]",961694.0,961188,281,961975.0,281,961975.0,False,961975.0
40325,execution_finished,4,"[105, 106, 107, 114]",961975.0,961370,19,961994.0,19,961994.0,False,961994.0
40326,execution_finished,4,"[105, 106, 107, 114]",961994.0,961396,81,962075.0,81,962075.0,False,962075.0
40296,execution_finished,2,"[116, 117]",961236.0,958536,973,962209.0,973,962209.0,False,962209.0
40327,execution_finished,4,"[105, 106, 107, 114]",962075.0,961490,222,962297.0,222,962297.0,False,962297.0
40299,execution_finished,32,"[109, 113, 115, 0, 1, 2, 3, 4, 5, 6, 7, 8, 9, 10, 11, 12, 13, 14, 15, 16, 17, 18, 19, 20, 21, 22, 23, 24, 25, 26, 27, 28]",961242.0,958912,1124,962366.0,1124,962366.0,False,962366.0
40331,execution_finished,4,"[116, 117, 105, 106]",962297.0,961646,88,962385.0,88,962385.0,False,962385.0
40283,execution_finished,32,"[112, 32, 33, 34, 35, 36, 37, 38, 39, 40, 41, 42, 43, 44, 45, 46, 47, 48, 49, 50, 51, 52, 53, 54, 60, 61, 62, 63, 99, 102, 103, 108]",961131.0,957559,1299,962430.0,1299,962430.0,False,962430.0
40314,execution_finished,4,"[124, 125, 120, 121]",961505.0,960743,1001,962506.0,1001,962506.0,False,962506.0
40321,execution_finished,8,"[97, 98, 55, 56, 57, 58, 59, 96]",961833.0,961142,703,962536.0,703,962536.0,False,962536.0
40332,execution_finished,8,"[108, 112, 120, 121, 124, 125, 55, 56]",962536.0,961749,69,962605.0,69,962605.0,False,962605.0
40336,execution_finished,8,"[57, 58, 59, 96, 97, 98, 55, 56]",962605.0,962095,76,962681.0,76,962681.0,False,962681.0
40344,execution_finished,1,[57],962732.0,962732,15,962747.0,15,962747.0,False,962747.0
40337,execution_finished,8,"[108, 112, 120, 121, 124, 125, 55, 56]",962681.0,962183,68,962749.0,68,962749.0,False,962749.0
40338,execution_finished,8,"[58, 59, 96, 97, 98, 57, 55, 56]",962749.0,962302,58,962807.0,58,962807.0,False,962807.0
40334,execution_finished,2,"[122, 123]",961894.0,961894,926,962820.0,926,962820.0,False,962820.0
40301,execution_finished,32,"[107, 114, 0, 1, 2, 3, 4, 5, 6, 7, 8, 9, 10, 11, 12, 13, 14, 15, 16, 17, 18, 19, 20, 21, 22, 23, 24, 25, 26, 27, 28, 109]",962366.0,959324,459,962825.0,459,962825.0,False,962825.0
40339,execution_finished,8,"[108, 112, 120, 121, 124, 125, 55, 56]",962807.0,962367,62,962869.0,62,962869.0,False,962869.0
40310,execution_finished,32,"[116, 117, 32, 33, 34, 35, 36, 37, 38, 39, 40, 41, 42, 43, 44, 45, 46, 47, 48, 49, 50, 51, 52, 53, 54, 60, 61, 62, 63, 99, 102, 103]",962430.0,960066,444,962874.0,444,962874.0,False,962874.0
40340,execution_finished,8,"[57, 58, 59, 96, 97, 98, 122, 123]",962820.0,962438,62,962882.0,62,962882.0,False,962882.0
40341,execution_finished,8,"[55, 56, 108, 112, 120, 121, 124, 125]",962869.0,962509,73,962942.0,73,962942.0,False,962942.0
40343,execution_finished,8,"[57, 58, 59, 96, 97, 98, 122, 123]",962882.0,962627,62,962944.0,62,962944.0,False,962944.0
40345,execution_finished,8,"[55, 56, 108, 112, 120, 121, 124, 125]",962942.0,962795,60,963002.0,60,963002.0,False,963002.0
40346,execution_finished,8,"[57, 58, 59, 96, 97, 98, 122, 123]",962944.0,962861,69,963013.0,69,963013.0,False,963013.0
40349,execution_finished,8,"[57, 58, 59, 96, 97, 98, 122, 123]",963013.0,962962,57,963070.0,57,963070.0,False,963070.0
40316,execution_finished,32,"[32, 33, 34, 35, 36, 37, 38, 39, 40, 41, 42, 43, 44, 45, 46, 47, 48, 49, 50, 51, 52, 53, 54, 60, 61, 62, 63, 99, 102, 103, 116, 117]",962874.0,960827,238,963112.0,238,963112.0,False,963112.0
40351,execution_finished,8,"[61, 62, 63, 99, 102, 103, 116, 117]",963136.0,963116,88,963224.0,88,963224.0,False,963224.0
40333,execution_finished,4,"[113, 115, 105, 106]",962385.0,961873,945,963330.0,945,963330.0,False,963330.0
40359,execution_finished,1,[105],963502.0,963502,18,963520.0,18,963520.0,False,963520.0
40348,execution_finished,8,"[55, 56, 108, 112, 120, 121, 124, 125]",963002.0,962938,607,963609.0,607,963609.0,False,963609.0
40352,execution_finished,8,"[61, 62, 63, 99, 102, 103, 116, 117]",963231.0,963136,407,963638.0,407,963638.0,False,963638.0
40354,execution_finished,8,"[106, 113, 115, 105, 55, 56, 108, 112]",963609.0,963231,70,963679.0,70,963679.0,False,963679.0
40361,execution_finished,1,[102],963675.0,963675,43,963718.0,43,963718.0,False,963718.0
40358,execution_finished,8,"[120, 121, 124, 125, 61, 62, 63, 99]",963638.0,963478,128,963766.0,128,963766.0,False,963766.0
40362,execution_finished,1,[103],963731.0,963731,39,963770.0,39,963770.0,False,963770.0
40319,execution_finished,32,"[57, 58, 59, 96, 97, 98, 122, 123, 32, 33, 34, 35, 36, 37, 38, 39, 40, 41, 42, 43, 44, 45, 46, 47, 48, 49, 50, 51, 52, 53, 54, 60]",963112.0,961087,756,963868.0,756,963868.0,False,963868.0
40366,execution_finished,1,[52],964050.0,964050,28,964078.0,28,964078.0,False,964078.0
40347,execution_finished,32,"[113, 115, 102, 61, 62, 63, 99, 120, 121, 124, 125, 103, 32, 33, 34, 35, 36, 37, 38, 39, 40, 41, 42, 43, 44, 45, 46, 47, 48, 49, 50, 51]",963868.0,962902,644,964512.0,644,964512.0,False,964512.0
40364,execution_finished,8,"[116, 117, 55, 56, 105, 106, 108, 112]",963866.0,963866,667,964533.0,667,964533.0,False,964533.0
40302,execution_finished,8,"[93, 94, 95, 29, 30, 31, 118, 119]",964167.0,959353,430,964597.0,430,964597.0,False,964597.0
40372,execution_finished,1,[125],964876.0,964807,20,964896.0,20,964896.0,False,964896.0
40377,execution_finished,8,"[55, 56, 105, 106, 108, 112, 116, 117]",965057.0,965057,75,965132.0,75,965132.0,False,965132.0
40367,execution_finished,4,"[53, 54, 57, 58]",964085.0,964085,1098,965183.0,1098,965183.0,False,965183.0
40368,execution_finished,2,"[59, 60]",964107.0,964107,1078,965185.0,1078,965185.0,False,965185.0
40378,execution_finished,8,"[125, 55, 56, 105, 106, 108, 112, 116]",965376.0,965376,66,965442.0,66,965442.0,False,965442.0
40379,execution_finished,8,"[117, 53, 54, 57, 58, 59, 60, 55]",965442.0,965388,55,965497.0,55,965497.0,False,965497.0
40381,execution_finished,8,"[56, 105, 106, 108, 112, 116, 125, 53]",965497.0,965477,62,965559.0,62,965559.0,False,965559.0
40383,execution_finished,8,"[54, 55, 57, 58, 59, 60, 117, 53]",965559.0,965552,57,965616.0,57,965616.0,False,965616.0
40384,execution_finished,8,"[56, 105, 106, 108, 112, 116, 125, 53]",965616.0,965583,137,965753.0,137,965753.0,False,965753.0
40360,execution_finished,32,"[52, 32, 33, 34, 35, 36, 37, 38, 39, 40, 41, 42, 43, 44, 45, 46, 47, 48, 49, 50, 51, 61, 62, 63, 99, 102, 103, 113, 115, 120, 121, 124]",964512.0,963536,1252,965764.0,1252,965764.0,False,965764.0
40313,execution_finished,32,"[0, 1, 2, 3, 4, 5, 6, 7, 8, 9, 10, 11, 12, 13, 14, 15, 16, 17, 18, 19, 20, 21, 22, 23, 24, 25, 26, 27, 28, 107, 109, 114]",962825.0,960557,2942,965767.0,2942,965767.0,False,965767.0
40385,execution_finished,8,"[54, 55, 57, 58, 59, 60, 117, 53]",965753.0,965601,60,965813.0,60,965813.0,False,965813.0
40386,execution_finished,8,"[25, 26, 27, 28, 107, 109, 114, 53]",965813.0,965665,54,965867.0,54,965867.0,False,965867.0
40387,execution_finished,8,"[59, 60, 117, 25, 26, 27, 28, 53]",965867.0,965672,52,965919.0,52,965919.0,False,965919.0
40388,execution_finished,8,"[107, 109, 114, 25, 26, 27, 28, 53]",965919.0,965721,94,966013.0,94,966013.0,False,966013.0
40391,execution_finished,8,"[59, 60, 117, 25, 26, 27, 28, 53]",966013.0,965840,102,966115.0,102,966115.0,False,966115.0
40392,execution_finished,8,"[107, 109, 114, 25, 26, 27, 28, 53]",966115.0,965933,71,966186.0,71,966186.0,False,966186.0
40393,execution_finished,8,"[59, 60, 117, 25, 26, 27, 28, 53]",966186.0,965945,90,966276.0,90,966276.0,False,966276.0
40397,execution_finished,8,"[25, 26, 27, 28, 53, 59, 60, 117]",966276.0,966050,80,966356.0,80,966356.0,False,966356.0
40398,execution_finished,8,"[25, 26, 27, 28, 53, 59, 60, 117]",966356.0,966107,58,966414.0,58,966414.0,False,966414.0
40399,execution_finished,8,"[25, 26, 27, 28, 53, 59, 60, 117]",966414.0,966146,8,966422.0,8,966422.0,False,966422.0
40400,execution_finished,8,"[25, 26, 27, 28, 53, 59, 60, 117]",966422.0,966174,6,966428.0,6,966428.0,False,966428.0
40363,execution_finished,32,"[56, 105, 106, 108, 112, 116, 125, 32, 33, 34, 35, 36, 37, 38, 39, 40, 41, 42, 43, 44, 45, 46, 47, 48, 49, 50, 51, 52, 61, 62, 63, 99]",965764.0,963835,696,966460.0,696,966460.0,False,966460.0
40401,execution_finished,8,"[25, 26, 27, 28, 53, 59, 60, 117]",966428.0,966194,54,966482.0,54,966482.0,False,966482.0
40382,execution_finished,32,"[32, 33, 34, 35, 36, 37, 38, 39, 40, 41, 42, 43, 44, 45, 46, 47, 48, 49, 50, 51, 52, 56, 61, 62, 63, 99, 105, 106, 108, 112, 116, 125]",966460.0,965548,173,966633.0,173,966633.0,False,966633.0
40404,execution_finished,8,"[25, 26, 27, 28, 53, 59, 60, 117]",966491.0,966491,653,967144.0,653,967144.0,False,967144.0
40419,execution_finished,1,[60],967743.0,967743,20,967763.0,20,967763.0,False,967763.0
40390,execution_finished,4,"[54, 55, 57, 58]",965830.0,965830,2191,968021.0,2191,968021.0,False,968021.0
40417,execution_finished,4,"[60, 54, 55, 57]",968021.0,967713,54,968075.0,54,968075.0,False,968075.0
40374,execution_finished,32,"[102, 103, 113, 115, 120, 121, 124, 0, 1, 2, 3, 4, 5, 6, 7, 8, 9, 10, 11, 12, 13, 14, 15, 16, 17, 18, 19, 20, 21, 22, 23, 24]",965767.0,964876,2862,968629.0,2862,968629.0,False,968629.0
40389,execution_finished,32,"[32, 33, 34, 35, 36, 37, 38, 39, 40, 41, 42, 43, 44, 45, 46, 47, 48, 49, 50, 51, 52, 56, 61, 62, 63, 99, 105, 106, 108, 112, 116, 125]",966633.0,965748,2273,968906.0,2273,968906.0,False,968906.0
40420,execution_finished,8,"[47, 48, 49, 50, 51, 52, 56, 61]",968906.0,967874,62,968968.0,62,968968.0,False,968968.0
40411,execution_finished,8,"[124, 32, 33, 34, 35, 36, 37, 38]",968906.0,967013,106,969012.0,106,969012.0,False,969012.0
40422,execution_finished,8,"[62, 63, 99, 105, 106, 108, 112, 116]",968906.0,968050,116,969022.0,116,969022.0,False,969022.0
40396,execution_finished,8,"[96, 97, 98, 122, 123, 107, 109, 114]",968976.0,966015,66,969042.0,66,969042.0,False,969042.0
40415,execution_finished,8,"[39, 40, 41, 42, 43, 44, 45, 46]",968906.0,967228,306,969212.0,306,969212.0,False,969212.0
40403,execution_finished,32,"[60, 0, 1, 2, 3, 4, 5, 6, 7, 8, 9, 10, 11, 12, 13, 14, 15, 16, 17, 18, 19, 20, 21, 22, 23, 24, 102, 103, 113, 115, 120, 121]",968629.0,966451,690,969319.0,690,969319.0,False,969319.0
40435,execution_finished,1,[121],969330.0,969330,21,969351.0,21,969351.0,False,969351.0
40433,execution_finished,4,"[42, 43, 44, 45]",969212.0,968977,190,969402.0,190,969402.0,False,969402.0
40427,execution_finished,4,"[123, 39, 40, 41]",969212.0,968378,355,969567.0,355,969567.0,False,969567.0
40409,execution_finished,8,"[118, 119, 25, 26, 27, 28, 53, 59]",969844.0,966932,63,969907.0,63,969907.0,False,969907.0
40269,execution_finished,32,"[100, 101, 104, 64, 65, 66, 67, 68, 69, 70, 71, 72, 73, 74, 75, 76, 77, 78, 79, 80, 81, 82, 83, 84, 85, 86, 87, 88, 89, 90, 91, 92]",960697.0,955507,10175,970872.0,10175,970872.0,False,970872.0
40408,execution_finished,2,"[94, 95]",969844.0,966724,1084,970928.0,1084,970928.0,False,970928.0
40407,execution_finished,4,"[29, 30, 31, 93]",969844.0,966699,1107,970951.0,1107,970951.0,False,970951.0
40439,execution_finished,32,"[64, 65, 66, 67, 68, 69, 70, 71, 72, 73, 74, 75, 76, 77, 78, 79, 80, 81, 82, 83, 84, 85, 86, 87, 88, 89, 90, 91, 92, 100, 101, 104]",970872.0,970597,547,971419.0,547,971419.0,False,971419.0
40445,execution_finished,1,[72],971419.0,971240,7,971426.0,7,971426.0,False,971426.0
40443,execution_finished,1,[67],971419.0,971049,17,971436.0,17,971436.0,False,971436.0
40441,execution_finished,1,[66],971419.0,970732,20,971439.0,20,971439.0,False,971439.0
40444,execution_finished,4,"[68, 69, 70, 71]",971419.0,971086,40,971459.0,40,971459.0,False,971459.0
40270,execution_finished,4,"[126, 127, 110, 111]",961452.0,955569,10111,971563.0,10111,971563.0,False,971563.0
40440,execution_finished,8,"[94, 95, 29, 30, 31, 93, 64, 65]",971419.0,970628,516,971935.0,516,971935.0,False,971935.0
40426,execution_finished,32,"[46, 0, 1, 2, 3, 4, 5, 6, 7, 8, 9, 10, 11, 12, 13, 14, 15, 16, 17, 18, 19, 20, 21, 22, 23, 24, 60, 102, 103, 113, 115, 120]",969319.0,968236,2811,972130.0,2811,972130.0,False,972130.0
40455,execution_finished,8,"[24, 46, 60, 102, 103, 113, 115, 120]",972130.0,971962,487,972617.0,487,972617.0,False,972617.0
40454,execution_finished,32,"[29, 30, 31, 64, 65, 93, 94, 95, 0, 1, 2, 3, 4, 5, 6, 7, 8, 9, 10, 11, 12, 13, 14, 15, 16, 17, 18, 19, 20, 21, 22, 23]",972130.0,971930,518,972648.0,518,972648.0,False,972648.0
40457,execution_finished,32,"[24, 46, 60, 102, 103, 113, 115, 120, 0, 1, 2, 3, 4, 5, 6, 7, 8, 9, 10, 11, 12, 13, 14, 15, 16, 17, 18, 19, 20, 21, 22, 23]",972648.0,972459,6,972654.0,6,972654.0,False,972654.0
40458,execution_finished,32,"[29, 30, 31, 64, 65, 93, 94, 95, 0, 1, 2, 3, 4, 5, 6, 7, 8, 9, 10, 11, 12, 13, 14, 15, 16, 17, 18, 19, 20, 21, 22, 23]",972654.0,972471,280,972934.0,280,972934.0,False,972934.0
40466,execution_finished,32,"[24, 46, 60, 102, 103, 113, 115, 120, 0, 1, 2, 3, 4, 5, 6, 7, 8, 9, 10, 11, 12, 13, 14, 15, 16, 17, 18, 19, 20, 21, 22, 23]",973157.0,973157,226,973383.0,226,973383.0,False,973383.0
40468,execution_finished,1,[8],973469.0,973469,17,973486.0,17,973486.0,False,973486.0
40467,execution_finished,16,"[29, 30, 31, 64, 65, 93, 94, 95, 0, 1, 2, 3, 4, 5, 6, 7]",973426.0,973426,179,973605.0,179,973605.0,False,973605.0
40470,execution_finished,32,"[9, 10, 11, 12, 13, 14, 15, 16, 17, 18, 19, 20, 21, 22, 23, 24, 46, 60, 102, 103, 113, 115, 120, 8, 0, 1, 2, 3, 4, 5, 6, 7]",973862.0,973862,297,974159.0,297,974159.0,False,974159.0
40471,execution_finished,8,"[29, 30, 31, 64, 65, 93, 94, 95]",973886.0,973886,274,974160.0,274,974160.0,False,974160.0
40472,execution_finished,1,[0],974198.0,974198,23,974221.0,23,974221.0,False,974221.0
40476,execution_finished,8,"[30, 31, 64, 65, 93, 94, 95, 0]",974317.0,974317,125,974442.0,125,974442.0,False,974442.0
40446,execution_finished,32,"[73, 74, 75, 76, 77, 78, 79, 80, 81, 82, 83, 84, 85, 86, 87, 88, 89, 90, 91, 92, 100, 101, 104, 72, 67, 66, 68, 69, 70, 71, 110, 111]",971563.0,971314,2881,974444.0,2881,974444.0,False,974444.0
40475,execution_finished,32,"[1, 2, 3, 4, 5, 6, 7, 8, 9, 10, 11, 12, 13, 14, 15, 16, 17, 18, 19, 20, 21, 22, 23, 24, 46, 60, 102, 103, 113, 115, 120, 29]",974275.0,974275,169,974444.0,169,974444.0,False,974444.0
40478,execution_finished,1,[29],974444.0,974362,21,974465.0,21,974465.0,False,974465.0
40450,execution_finished,4,"[117, 121, 126, 127]",974451.0,971509,1060,975511.0,1060,975511.0,False,975511.0
40451,execution_finished,2,"[42, 43]",974502.0,971531,1041,975543.0,1041,975543.0,False,975543.0
40459,execution_finished,8,"[25, 26, 27, 28, 39, 40, 41, 44]",975317.0,972506,246,975563.0,246,975563.0,False,975563.0
40491,execution_finished,1,[40],976141.0,976141,20,976161.0,20,976161.0,False,976161.0
40494,execution_finished,1,[40],976608.0,976608,18,976626.0,18,976626.0,False,976626.0
40489,execution_finished,4,"[43, 25, 26, 27]",975634.0,975634,1059,976693.0,1059,976693.0,False,976693.0
40490,execution_finished,2,"[28, 39]",976141.0,975655,1040,977181.0,1040,977181.0,False,977181.0
40477,execution_finished,32,"[0, 30, 31, 64, 65, 93, 94, 95, 1, 2, 3, 4, 5, 6, 7, 8, 9, 10, 11, 12, 13, 14, 15, 16, 17, 18, 19, 20, 21, 22, 23, 24]",974444.0,974352,2896,977340.0,2896,977340.0,False,977340.0
40486,execution_finished,1,[45],978211.0,975223,19,978230.0,19,978230.0,False,978230.0
40488,execution_finished,1,[59],978211.0,975452,23,978234.0,23,978234.0,False,978234.0
40487,execution_finished,1,[53],978211.0,975226,30,978241.0,30,978241.0,False,978241.0
40485,execution_finished,8,"[118, 119, 123, 117, 121, 126, 127, 42]",978334.0,975178,597,978931.0,597,978931.0,False,978931.0
40497,execution_finished,1,[42],979500.0,979500,14,979514.0,14,979514.0,False,979514.0
40424,execution_finished,4,"[58, 54, 55, 57]",968128.0,968128,11499,979627.0,11499,979627.0,False,979627.0
40495,execution_finished,1,[29],979951.0,977251,17,979968.0,17,979968.0,False,979968.0
40484,execution_finished,32,"[46, 60, 66, 67, 68, 69, 70, 71, 72, 73, 74, 75, 76, 77, 78, 79, 80, 81, 82, 83, 84, 85, 86, 87, 88, 89, 90, 91, 92, 100, 101, 102]",979544.0,975131,642,980186.0,642,980186.0,False,980186.0
40499,execution_finished,32,"[58, 29, 46, 60, 66, 67, 68, 69, 70, 71, 72, 73, 74, 75, 76, 77, 78, 79, 80, 81, 82, 83, 84, 85, 86, 87, 88, 89, 90, 91, 92, 100]",980186.0,979721,238,980424.0,238,980424.0,False,980424.0
40423,execution_finished,32,"[125, 47, 48, 49, 50, 51, 52, 56, 61, 32, 33, 34, 35, 36, 37, 38, 124, 62, 63, 99, 105, 106, 108, 112, 116, 96, 97, 98, 107, 109, 114, 122]",969042.0,968051,11576,980618.0,11576,980618.0,False,980618.0
40505,execution_finished,32,"[101, 102, 29, 46, 58, 60, 66, 67, 68, 69, 70, 71, 72, 73, 74, 75, 76, 77, 78, 79, 80, 81, 82, 83, 84, 85, 86, 87, 88, 89, 90, 91]",980424.0,979988,595,981019.0,595,981019.0,False,981019.0
40506,execution_finished,4,"[92, 100, 32, 33]",980618.0,980064,520,981138.0,520,981138.0,False,981138.0
40504,execution_finished,2,"[55, 57]",979988.0,979903,2077,982065.0,2077,982065.0,False,982065.0
40519,execution_finished,2,"[55, 57]",982092.0,982092,52,982144.0,52,982144.0,False,982144.0
40512,execution_finished,4,"[29, 46, 58, 60]",981019.0,980676,1485,982504.0,1485,982504.0,False,982504.0
40501,execution_finished,1,[41],982502.0,979802,43,982545.0,43,982545.0,False,982545.0
40502,execution_finished,1,[43],982581.0,979857,19,982600.0,19,982600.0,False,982600.0
40500,execution_finished,4,"[25, 26, 27, 40]",982502.0,979785,176,982678.0,176,982678.0,False,982678.0
40492,execution_finished,32,"[28, 39, 0, 1, 2, 3, 4, 5, 6, 7, 8, 9, 10, 11, 12, 13, 14, 15, 16, 17, 18, 19, 20, 21, 22, 23, 24, 30, 31, 64, 65, 93]",977340.0,976440,5699,983039.0,5699,983039.0,False,983039.0
40503,execution_finished,4,"[44, 95, 42, 54]",982581.0,979881,2097,984678.0,2097,984678.0,False,984678.0
40518,execution_finished,4,"[53, 117, 118, 119]",984770.0,982070,80,984850.0,80,984850.0,False,984850.0
40510,execution_finished,32,"[45, 59, 34, 35, 36, 37, 38, 47, 48, 49, 50, 51, 52, 56, 61, 62, 63, 96, 97, 98, 99, 105, 106, 107, 108, 109, 112, 114, 116, 122, 124, 125]",983334.0,980611,1561,984895.0,1561,984895.0,False,984895.0
40493,execution_finished,8,"[103, 104, 110, 111, 113, 115, 120, 94]",980040.0,976466,5673,985713.0,5673,985713.0,False,985713.0
40521,execution_finished,64,"[66, 67, 68, 69, 70, 71, 72, 73, 74, 75, 76, 77, 78, 79, 80, 81, 82, 83, 84, 85, 86, 87, 88, 89, 90, 91, 101, 102, 121, 123, 126, 127, 0, 1, 2, 3, 4, 5, 6, 7, 8, 9, 10, 11, 12, 13, 14, 15, 16, 17, 18, 19, 20, 21, 22, 23, 24, 28, 30, 31, 39, 64, 65, 93]",986119.0,982148,9899,996018.0,9899,996018.0,False,996018.0
40537,execution_finished,1,[77],996018.0,990666,9,996027.0,9,996027.0,False,996027.0
40522,execution_finished,64,"[25, 26, 27, 29, 32, 33, 34, 35, 36, 37, 38, 40, 41, 42, 43, 44, 45, 46, 47, 48, 49, 50, 51, 52, 53, 54, 55, 56, 57, 58, 59, 60, 61, 62, 63, 92, 94, 95, 96, 97, 98, 99, 100, 103, 104, 105, 106, 107, 108, 109, 110, 111, 112, 113, 114, 115, 116, 117, 118, 119, 120, 122, 124, 125]",990813.0,982195,5733,996546.0,5733,996546.0,False,996546.0
40524,execution_finished,2,"[4, 5]",996018.0,987965,1978,997996.0,1978,997996.0,False,997996.0
40523,execution_finished,4,"[0, 1, 2, 3]",996018.0,987941,1999,998017.0,1999,998017.0,False,998017.0
40527,execution_finished,4,"[73, 74, 75, 76]",996018.0,988257,3798,999816.0,3798,999816.0,False,999816.0
40526,execution_finished,32,"[6, 7, 8, 9, 10, 11, 12, 13, 14, 15, 16, 17, 18, 19, 20, 21, 22, 23, 24, 28, 30, 31, 39, 64, 65, 66, 67, 68, 69, 70, 71, 72]",996018.0,988203,3849,999867.0,3849,999867.0,False,999867.0
40545,execution_finished,128,"[0, 1, 2, 3, 4, 5, 6, 7, 8, 9, 10, 11, 12, 13, 14, 15, 16, 17, 18, 19, 20, 21, 22, 23, 24, 25, 26, 27, 28, 29, 30, 31, 32, 33, 34, 35, 36, 37, 38, 39, 40, 41, 42, 43, 44, 45, 46, 47, 48, 49, 50, 51, 52, 53, 54, 55, 56, 57, 58, 59, 60, 61, 62, 63, 64, 65, 66, 67, 68, 69, 70, 71, 72, 73, 74, 75, 76, 77, 78, 79, 80, 81, 82, 83, 84, 85, 86, 87, 88, 89, 90, 91, 92, 93, 94, 95, 96, 97, 98, 99, 100, 101, 102, 103, 104, 105, 106, 107, 108, 109, 110, 111, 112, 113, 114, 115, 116, 117, 118, 119, 120, 121, 122, 123, 124, 125, 126, 127]",1004967.0,992059,106,1005073.0,106,1005073.0,False,1005073.0
40552,execution_finished,4,"[96, 97, 98, 99]",1005073.0,992417,9595,1014668.0,9595,1014668.0,False,1014668.0
40550,execution_finished,32,"[64, 65, 66, 67, 68, 69, 70, 71, 72, 73, 74, 75, 76, 77, 78, 79, 80, 81, 82, 83, 84, 85, 86, 87, 88, 89, 90, 91, 92, 93, 94, 95]",1005073.0,992354,9653,1014726.0,9653,1014726.0,False,1014726.0
40546,execution_finished,64,"[0, 1, 2, 3, 4, 5, 6, 7, 8, 9, 10, 11, 12, 13, 14, 15, 16, 17, 18, 19, 20, 21, 22, 23, 24, 25, 26, 27, 28, 29, 30, 31, 32, 33, 34, 35, 36, 37, 38, 39, 40, 41, 42, 43, 44, 45, 46, 47, 48, 49, 50, 51, 52, 53, 54, 55, 56, 57, 58, 59, 60, 61, 62, 63]",1005073.0,992171,9835,1014908.0,9835,1014908.0,False,1014908.0
40624,execution_finished,64,"[68, 69, 70, 71, 72, 73, 74, 75, 76, 77, 78, 79, 80, 81, 82, 83, 84, 85, 86, 87, 88, 89, 90, 91, 92, 93, 94, 95, 0, 1, 2, 3, 4, 5, 6, 7, 8, 9, 10, 11, 12, 13, 14, 15, 16, 17, 18, 19, 20, 21, 22, 23, 24, 25, 26, 27, 28, 29, 30, 31, 32, 33, 34, 35]",1014908.0,1002023,9827,1024735.0,9827,1024735.0,False,1024735.0
40630,execution_finished,32,"[0, 1, 2, 3, 4, 5, 6, 7, 8, 9, 10, 11, 12, 13, 14, 15, 16, 17, 18, 19, 20, 21, 22, 23, 24, 25, 26, 27, 28, 29, 30, 31]",1024735.0,1014484,30,1024765.0,30,1024765.0,False,1024765.0
40648,execution_finished,1,[33],1024735.0,1016966,30,1024765.0,30,1024765.0,False,1024765.0
40665,execution_finished,16,"[78, 79, 80, 81, 82, 83, 84, 85, 86, 87, 88, 89, 90, 91, 92, 93]",1024735.0,1022962,57,1024792.0,57,1024792.0,False,1024792.0
40666,execution_finished,16,"[94, 95, 0, 1, 2, 3, 4, 5, 6, 7, 8, 9, 10, 11, 12, 13]",1024765.0,1023228,74,1024839.0,74,1024839.0,False,1024839.0
40667,execution_finished,32,"[14, 15, 16, 17, 18, 19, 20, 21, 22, 23, 24, 25, 26, 27, 28, 29, 30, 31, 33, 78, 79, 80, 81, 82, 83, 84, 85, 86, 87, 88, 89, 90]",1024792.0,1023320,83,1024875.0,83,1024875.0,False,1024875.0
40669,execution_finished,1,[13],1024876.0,1024876,16,1024892.0,16,1024892.0,False,1024892.0
40668,execution_finished,16,"[91, 92, 93, 0, 1, 2, 3, 4, 5, 6, 7, 8, 9, 10, 11, 12]",1024858.0,1024858,191,1025049.0,191,1025049.0,False,1025049.0
40670,execution_finished,4,"[94, 95, 14, 15]",1025042.0,1025042,62,1025104.0,62,1025104.0,False,1025104.0
40671,execution_finished,32,"[16, 17, 18, 19, 20, 21, 22, 23, 24, 25, 26, 27, 28, 29, 30, 31, 33, 78, 79, 80, 81, 82, 83, 84, 85, 86, 87, 88, 89, 90, 13, 0]",1025142.0,1025142,72,1025214.0,72,1025214.0,False,1025214.0
40672,execution_finished,32,"[1, 2, 3, 4, 5, 6, 7, 8, 9, 10, 11, 12, 91, 92, 93, 14, 15, 94, 95, 0, 13, 16, 17, 18, 19, 20, 21, 22, 23, 24, 25, 26]",1025339.0,1025339,29,1025368.0,29,1025368.0,False,1025368.0
40638,execution_finished,1,[32],1024735.0,1016070,870,1025605.0,870,1025605.0,False,1025605.0
40674,execution_finished,1,[27],1025800.0,1025800,19,1025819.0,19,1025819.0,False,1025819.0
40692,execution_finished,4,"[86, 87, 88, 89]",1030468.0,1027669,42,1030510.0,42,1030510.0,False,1030510.0
40707,execution_finished,1,[87],1030510.0,1029735,4,1030514.0,4,1030514.0,False,1030514.0
40708,execution_finished,1,[88],1030510.0,1029967,5,1030515.0,5,1030515.0,False,1030515.0
40689,execution_finished,8,"[78, 79, 80, 81, 82, 83, 84, 85]",1030468.0,1027550,52,1030520.0,52,1030520.0,False,1030520.0
40710,execution_finished,1,[89],1030510.0,1030008,16,1030526.0,16,1030526.0,False,1030526.0
40706,execution_finished,1,[86],1030510.0,1029668,21,1030531.0,21,1030531.0,False,1030531.0
40711,execution_finished,1,[87],1030514.0,1030011,21,1030535.0,21,1030535.0,False,1030535.0
40716,execution_finished,1,[89],1030526.0,1030440,9,1030535.0,9,1030535.0,False,1030535.0
40712,execution_finished,1,[88],1030515.0,1030041,22,1030537.0,22,1030537.0,False,1030537.0
40720,execution_finished,4,"[86, 87, 89, 88]",1030645.0,1030645,44,1030689.0,44,1030689.0,False,1030689.0
40722,execution_finished,4,"[86, 87, 88, 89]",1030796.0,1030796,26,1030822.0,26,1030822.0,False,1030822.0
40723,execution_finished,4,"[86, 87, 88, 89]",1030919.0,1030919,47,1030966.0,47,1030966.0,False,1030966.0
40694,execution_finished,4,"[27, 32, 90, 91]",1031067.0,1028367,54,1031121.0,54,1031121.0,False,1031121.0
40714,execution_finished,8,"[78, 79, 80, 81, 82, 83, 84, 85]",1030520.0,1030205,675,1031195.0,675,1031195.0,False,1031195.0
40726,execution_finished,4,"[78, 79, 80, 81]",1031195.0,1031095,29,1031224.0,29,1031224.0,False,1031224.0
40731,execution_finished,1,[82],1031526.0,1031526,16,1031542.0,16,1031542.0,False,1031542.0
40732,execution_finished,1,[83],1031563.0,1031563,19,1031582.0,19,1031582.0,False,1031582.0
40699,execution_finished,1,[92],1031688.0,1028988,24,1031712.0,24,1031712.0,False,1031712.0
40724,execution_finished,8,"[86, 87, 88, 89, 27, 32, 90, 91]",1031121.0,1030930,636,1031757.0,636,1031757.0,False,1031757.0
40734,execution_finished,4,"[92, 27, 32, 86]",1031757.0,1031755,36,1031793.0,36,1031793.0,False,1031793.0
40702,execution_finished,1,[93],1031837.0,1029137,21,1031858.0,21,1031858.0,False,1031858.0
40736,execution_finished,4,"[87, 88, 89, 90]",1031867.0,1031867,26,1031893.0,26,1031893.0,False,1031893.0
40737,execution_finished,4,"[91, 27, 32, 86]",1031901.0,1031901,26,1031927.0,26,1031927.0,False,1031927.0
40703,execution_finished,1,[94],1031902.0,1029202,26,1031928.0,26,1031928.0,False,1031928.0
40704,execution_finished,1,[95],1031922.0,1029222,21,1031943.0,21,1031943.0,False,1031943.0
40738,execution_finished,4,"[92, 93, 87, 88]",1031972.0,1031972,38,1032010.0,38,1032010.0,False,1032010.0
40739,execution_finished,4,"[89, 90, 27, 32]",1032026.0,1032026,38,1032064.0,38,1032064.0,False,1032064.0
40733,execution_finished,8,"[84, 85, 78, 79, 80, 81, 82, 83]",1031624.0,1031624,653,1032277.0,653,1032277.0,False,1032277.0
40747,execution_finished,1,[82],1032696.0,1032696,17,1032713.0,17,1032713.0,False,1032713.0
40746,execution_finished,8,"[27, 32, 89, 90, 78, 79, 80, 81]",1032661.0,1032661,88,1032749.0,88,1032749.0,False,1032749.0
40748,execution_finished,4,"[83, 84, 85, 82]",1032746.0,1032746,41,1032787.0,41,1032787.0,False,1032787.0
40750,execution_finished,1,[27],1033091.0,1033091,6,1033097.0,6,1033097.0,False,1033097.0
40744,execution_finished,8,"[86, 91, 94, 95, 87, 88, 92, 93]",1032499.0,1032499,637,1033136.0,637,1033136.0,False,1033136.0
40751,execution_finished,4,"[27, 86, 87, 88]",1033575.0,1033575,19,1033594.0,19,1033594.0,False,1033594.0
40754,execution_finished,4,"[95, 27, 86, 87]",1033724.0,1033724,43,1033767.0,43,1033767.0,False,1033767.0
40755,execution_finished,4,"[88, 27, 86, 87]",1033827.0,1033827,51,1033878.0,51,1033878.0,False,1033878.0
40752,execution_finished,4,"[91, 92, 93, 94]",1033580.0,1033580,346,1033926.0,346,1033926.0,False,1033926.0
40757,execution_finished,4,"[88, 91, 92, 93]",1034151.0,1034151,53,1034204.0,53,1034204.0,False,1034204.0
40760,execution_finished,1,[93],1034217.0,1034217,27,1034244.0,27,1034244.0,False,1034244.0
40759,execution_finished,4,"[94, 88, 91, 92]",1034213.0,1034213,52,1034265.0,52,1034265.0,False,1034265.0
40756,execution_finished,4,"[95, 27, 86, 87]",1033977.0,1033977,362,1034339.0,362,1034339.0,False,1034339.0
40767,execution_finished,4,"[94, 27, 86, 87]",1034485.0,1034485,20,1034505.0,20,1034505.0,False,1034505.0
40769,execution_finished,4,"[27, 86, 87, 94]",1034586.0,1034586,4,1034590.0,4,1034590.0,False,1034590.0
40768,execution_finished,1,[95],1034586.0,1034576,21,1034607.0,21,1034607.0,False,1034607.0
40771,execution_finished,1,[95],1034808.0,1034808,7,1034815.0,7,1034815.0,False,1034815.0
40770,execution_finished,4,"[27, 86, 87, 94]",1034808.0,1034618,312,1035120.0,312,1035120.0,False,1035120.0
40772,execution_finished,4,"[95, 27, 86, 87]",1035144.0,1034966,3,1035147.0,3,1035147.0,False,1035147.0
40766,execution_finished,4,"[93, 88, 91, 92]",1034485.0,1034479,1673,1036158.0,1673,1036158.0,False,1036158.0
40775,execution_finished,1,[81],1037967.0,1035267,25,1037992.0,25,1037992.0,False,1037992.0
40776,execution_finished,1,[82],1038208.0,1035276,18,1038226.0,18,1038226.0,False,1038226.0
40774,execution_finished,4,"[32, 78, 79, 80]",1037967.0,1035144,343,1038310.0,343,1038310.0,False,1038310.0
40788,execution_finished,4,"[82, 32, 78, 79]",1038310.0,1036311,41,1038351.0,41,1038351.0,False,1038351.0
40819,execution_finished,1,[82],1038351.0,1038351,17,1038368.0,17,1038368.0,False,1038368.0
40789,execution_finished,4,"[80, 32, 78, 79]",1038351.0,1036390,45,1038396.0,45,1038396.0,False,1038396.0
40790,execution_finished,4,"[82, 32, 78, 79]",1038396.0,1036508,62,1038458.0,62,1038458.0,False,1038458.0
40791,execution_finished,4,"[80, 32, 78, 79]",1038458.0,1036519,87,1038545.0,87,1038545.0,False,1038545.0
40821,execution_finished,1,[82],1038535.0,1038535,22,1038557.0,22,1038557.0,False,1038557.0
40801,execution_finished,4,"[32, 78, 79, 80]",1038545.0,1037242,45,1038590.0,45,1038590.0,False,1038590.0
40804,execution_finished,4,"[82, 32, 78, 79]",1038590.0,1037412,59,1038649.0,59,1038649.0,False,1038649.0
40811,execution_finished,4,"[80, 32, 78, 79]",1038649.0,1037718,62,1038711.0,62,1038711.0,False,1038711.0
40780,execution_finished,1,[83],1038858.0,1035862,9,1038867.0,9,1038867.0,False,1038867.0
40787,execution_finished,4,"[88, 91, 92, 93]",1036272.0,1036272,2632,1038904.0,2632,1038904.0,False,1038904.0
40823,execution_finished,2,"[82, 32]",1038711.0,1038698,193,1038904.0,193,1038904.0,False,1038904.0
40793,execution_finished,8,"[78, 79, 80, 83, 32, 82, 88, 91]",1038904.0,1036734,68,1038972.0,68,1038972.0,False,1038972.0
40784,execution_finished,4,"[84, 85, 89, 90]",1038858.0,1036118,148,1039006.0,148,1039006.0,False,1039006.0
40802,execution_finished,8,"[92, 93, 32, 78, 79, 80, 82, 83]",1038972.0,1037281,59,1039031.0,59,1039031.0,False,1039031.0
40826,execution_finished,4,"[88, 91, 84, 85]",1039027.0,1039027,30,1039057.0,30,1039057.0,False,1039057.0
40827,execution_finished,4,"[92, 93, 84, 85]",1039057.0,1039038,23,1039080.0,23,1039080.0,False,1039080.0
40803,execution_finished,8,"[89, 90, 32, 78, 79, 80, 82, 83]",1039031.0,1037391,66,1039097.0,66,1039097.0,False,1039097.0
40805,execution_finished,8,"[92, 93, 32, 78, 79, 80, 82, 83]",1039097.0,1037510,55,1039152.0,55,1039152.0,False,1039152.0
40808,execution_finished,8,"[89, 90, 32, 78, 79, 80, 82, 83]",1039152.0,1037652,72,1039224.0,72,1039224.0,False,1039224.0
40810,execution_finished,8,"[92, 93, 32, 78, 79, 80, 82, 83]",1039224.0,1037715,72,1039296.0,72,1039296.0,False,1039296.0
40828,execution_finished,4,"[88, 91, 84, 85]",1039080.0,1039046,218,1039298.0,218,1039298.0,False,1039298.0
40836,execution_finished,4,"[92, 93, 84, 85]",1039425.0,1039425,39,1039464.0,39,1039464.0,False,1039464.0
40839,execution_finished,4,"[88, 91, 84, 85]",1039571.0,1039571,43,1039614.0,43,1039614.0,False,1039614.0
40676,execution_finished,32,"[0, 1, 2, 3, 4, 5, 6, 7, 8, 9, 10, 11, 12, 13, 14, 15, 16, 17, 18, 19, 20, 21, 22, 23, 24, 25, 26, 28, 29, 30, 31, 33]",1030468.0,1026026,9238,1039706.0,9238,1039706.0,False,1039706.0
40842,execution_finished,4,"[26, 28, 29, 30]",1039851.0,1039851,27,1039878.0,27,1039878.0,False,1039878.0
40843,execution_finished,4,"[31, 33, 26, 28]",1040003.0,1040003,48,1040051.0,48,1040051.0,False,1040051.0
40798,execution_finished,1,[87],1040692.0,1037101,6,1040698.0,6,1040698.0,False,1040698.0
40814,execution_finished,1,[94],1040692.0,1037966,6,1040698.0,6,1040698.0,False,1040698.0
40795,execution_finished,1,[27],1040692.0,1036928,16,1040708.0,16,1040708.0,False,1040708.0
40797,execution_finished,1,[86],1040692.0,1037079,41,1040733.0,41,1040733.0,False,1040733.0
40849,execution_finished,1,[87],1040698.0,1040616,45,1040743.0,45,1040743.0,False,1040743.0
40815,execution_finished,2,"[95, 81]",1040926.0,1038007,142,1041068.0,142,1041068.0,False,1041068.0
40860,execution_finished,1,[87],1041343.0,1041343,26,1041369.0,26,1041369.0,False,1041369.0
40764,execution_finished,32,"[92, 93, 84, 85, 88, 91, 0, 1, 2, 3, 4, 5, 6, 7, 8, 9, 10, 11, 12, 13, 14, 15, 16, 17, 18, 19, 20, 21, 22, 23, 24, 25]",1039706.0,1034393,1764,1041470.0,1764,1041470.0,False,1041470.0
40847,execution_finished,4,"[29, 30, 26, 28]",1040398.0,1040398,2204,1042602.0,2204,1042602.0,False,1042602.0
40848,execution_finished,2,"[31, 33]",1040427.0,1040427,2180,1042607.0,2180,1042607.0,False,1042607.0
40653,execution_finished,8,"[70, 71, 72, 73, 74, 75, 76, 77]",1024735.0,1019485,17952,1042687.0,17952,1042687.0,False,1042687.0
40822,execution_finished,8,"[26, 28, 29, 30, 31, 33, 70, 71]",1042687.0,1038583,72,1042759.0,72,1042759.0,False,1042759.0
40870,execution_finished,1,[29],1042933.0,1042933,7,1042940.0,7,1042940.0,False,1042940.0
40777,execution_finished,32,"[81, 95, 87, 0, 1, 2, 3, 4, 5, 6, 7, 8, 9, 10, 11, 12, 13, 14, 15, 16, 17, 18, 19, 20, 21, 22, 23, 24, 25, 84, 85, 88]",1041470.0,1035508,1567,1043037.0,1567,1043037.0,False,1043037.0
40873,execution_finished,1,[71],1043018.0,1043018,42,1043060.0,42,1043060.0,False,1043060.0
40872,execution_finished,4,"[30, 31, 33, 70]",1043013.0,1043013,58,1043071.0,58,1043071.0,False,1043071.0
40874,execution_finished,1,[95],1043049.0,1043049,76,1043125.0,76,1043125.0,False,1043125.0
40875,execution_finished,4,"[71, 70, 33, 31]",1043093.0,1043093,45,1043138.0,45,1043138.0,False,1043138.0
40879,execution_finished,4,"[95, 71, 70, 33]",1043351.0,1043351,84,1043435.0,84,1043435.0,False,1043435.0
40884,execution_finished,1,[31],1043527.0,1043527,31,1043558.0,31,1043558.0,False,1043558.0
40830,execution_finished,8,"[72, 73, 74, 75, 76, 77, 26, 28]",1042759.0,1039226,906,1043665.0,906,1043665.0,False,1043665.0
40885,execution_finished,1,[31],1043602.0,1043602,111,1043713.0,111,1043713.0,False,1043713.0
40652,execution_finished,32,"[36, 37, 38, 39, 40, 41, 42, 43, 44, 45, 46, 47, 48, 49, 50, 51, 52, 53, 54, 55, 56, 57, 58, 59, 60, 61, 62, 63, 34, 35, 68, 69]",1027435.0,1019461,17972,1045407.0,17972,1045407.0,False,1045407.0
40891,execution_finished,1,[50],1045407.0,1044466,9,1045416.0,9,1045416.0,False,1045416.0
40785,execution_finished,32,"[29, 0, 1, 2, 3, 4, 5, 6, 7, 8, 9, 10, 11, 12, 13, 14, 15, 16, 17, 18, 19, 20, 21, 22, 23, 24, 25, 81, 84, 85, 87, 88]",1043037.0,1036178,2425,1045462.0,2425,1045462.0,False,1045462.0
40796,execution_finished,16,"[34, 35, 36, 37, 38, 39, 40, 41, 42, 43, 44, 45, 46, 47, 48, 49]",1045407.0,1037006,152,1045559.0,152,1045559.0,False,1045559.0
40820,execution_finished,8,"[89, 90, 32, 78, 79, 80, 82, 83]",1039296.0,1038391,6431,1045727.0,6431,1045727.0,False,1045727.0
40832,execution_finished,8,"[21, 22, 23, 24, 25, 29, 34, 35]",1045559.0,1039284,214,1045773.0,214,1045773.0,False,1045773.0
40850,execution_finished,8,"[21, 22, 23, 24, 25, 29, 34, 35]",1045773.0,1040635,37,1045810.0,37,1045810.0,False,1045810.0
40898,execution_finished,1,[50],1045416.0,1044849,494,1045910.0,494,1045910.0,False,1045910.0
40846,execution_finished,8,"[40, 41, 42, 43, 44, 45, 46, 32]",1045727.0,1040395,205,1045932.0,205,1045932.0,False,1045932.0
40900,execution_finished,1,[47],1045910.0,1044921,26,1045936.0,26,1045936.0,False,1045936.0
40852,execution_finished,8,"[21, 22, 23, 24, 25, 29, 34, 35]",1045810.0,1040713,130,1045940.0,130,1045940.0,False,1045940.0
40902,execution_finished,1,[47],1045936.0,1045067,7,1045943.0,7,1045943.0,False,1045943.0
40905,execution_finished,1,[47],1045943.0,1045295,35,1045978.0,35,1045978.0,False,1045978.0
40853,execution_finished,8,"[32, 40, 41, 42, 43, 44, 45, 46]",1045932.0,1041000,48,1045980.0,48,1045980.0,False,1045980.0
40907,execution_finished,1,[47],1045978.0,1045379,8,1045986.0,8,1045986.0,False,1045986.0
40909,execution_finished,1,[47],1045986.0,1045422,74,1046060.0,74,1046060.0,False,1046060.0
40855,execution_finished,8,"[21, 22, 23, 24, 25, 29, 34, 35]",1045940.0,1041061,126,1046066.0,126,1046066.0,False,1046066.0
40878,execution_finished,1,[27],1045930.0,1043230,147,1046077.0,147,1046077.0,False,1046077.0
40887,execution_finished,4,"[21, 22, 23, 24]",1046066.0,1043933,50,1046116.0,50,1046116.0,False,1046116.0
40920,execution_finished,1,[24],1046138.0,1046138,4,1046142.0,4,1046142.0,False,1046142.0
40917,execution_finished,1,[47],1046060.0,1045948,99,1046159.0,99,1046159.0,False,1046159.0
40888,execution_finished,4,"[27, 21, 22, 23]",1046116.0,1044005,60,1046176.0,60,1046176.0,False,1046176.0
40881,execution_finished,1,[86],1046104.0,1043404,74,1046178.0,74,1046178.0,False,1046178.0
40858,execution_finished,8,"[32, 40, 41, 42, 43, 44, 45, 46]",1045980.0,1041242,216,1046196.0,216,1046196.0,False,1046196.0
40899,execution_finished,2,"[25, 29]",1046066.0,1044870,142,1046208.0,142,1046208.0,False,1046208.0
40893,execution_finished,4,"[34, 35, 32, 40]",1046196.0,1044496,62,1046258.0,62,1046258.0,False,1046258.0
40921,execution_finished,1,[27],1046176.0,1046176,166,1046342.0,166,1046342.0,False,1046342.0
40894,execution_finished,4,"[29, 32, 34, 35]",1046258.0,1044597,85,1046343.0,85,1046343.0,False,1046343.0
40890,execution_finished,4,"[24, 21, 22, 23]",1046176.0,1044157,188,1046364.0,188,1046364.0,False,1046364.0
40627,execution_finished,4,"[100, 101, 102, 103]",1017368.0,1002374,29040,1046408.0,29040,1046408.0,False,1046408.0
40895,execution_finished,4,"[27, 29, 21, 22]",1046364.0,1044688,63,1046427.0,63,1046427.0,False,1046427.0
40918,execution_finished,2,"[41, 25]",1046208.0,1046051,299,1046507.0,299,1046507.0,False,1046507.0
40626,execution_finished,32,"[104, 105, 106, 107, 108, 109, 110, 111, 112, 113, 114, 115, 116, 117, 118, 119, 120, 121, 122, 123, 124, 125, 126, 127, 96, 97, 98, 99, 64, 65, 66, 67]",1017426.0,1002309,29104,1046530.0,29104,1046530.0,False,1046530.0
40886,execution_finished,8,"[127, 126, 125, 124, 123, 122, 121, 120]",1046530.0,1043718,68,1046598.0,68,1046598.0,False,1046598.0
40927,execution_finished,1,[119],1046546.0,1046546,71,1046617.0,71,1046617.0,False,1046617.0
40911,execution_finished,8,"[127, 126, 125, 124, 123, 122, 121, 120]",1046598.0,1045650,38,1046636.0,38,1046636.0,False,1046636.0
40794,execution_finished,16,"[91, 92, 93, 33, 70, 71, 95, 26, 28, 72, 73, 74, 75, 76, 77, 31]",1046570.0,1036854,72,1046642.0,72,1046642.0,False,1046642.0
40816,execution_finished,32,"[47, 86, 42, 43, 44, 45, 46, 40, 35, 100, 101, 102, 103, 25, 41, 64, 65, 66, 67, 96, 97, 98, 99, 104, 105, 106, 107, 108, 109, 110, 111, 112]",1046530.0,1038198,119,1046649.0,119,1046649.0,False,1046649.0
40865,execution_finished,8,"[32, 34, 23, 24, 21, 22, 27, 29]",1046507.0,1042511,914,1047421.0,914,1047421.0,False,1047421.0
40889,execution_finished,8,"[21, 22, 23, 24, 27, 29, 32, 34]",1047421.0,1044075,78,1047499.0,78,1047499.0,False,1047499.0
40799,execution_finished,32,"[51, 52, 53, 54, 55, 56, 57, 58, 59, 60, 61, 62, 63, 68, 69, 0, 1, 2, 3, 4, 5, 6, 7, 8, 9, 10, 11, 12, 13, 14, 15, 16]",1045462.0,1037162,2192,1047654.0,2192,1047654.0,False,1047654.0
40825,execution_finished,32,"[0, 1, 2, 3, 4, 5, 6, 7, 8, 9, 10, 11, 12, 13, 14, 15, 16, 51, 52, 53, 54, 55, 56, 57, 58, 59, 60, 61, 62, 63, 68, 69]",1047654.0,1038909,120,1047774.0,120,1047774.0,False,1047774.0
40833,execution_finished,32,"[0, 1, 2, 3, 4, 5, 6, 7, 8, 9, 10, 11, 12, 13, 14, 15, 16, 51, 52, 53, 54, 55, 56, 57, 58, 59, 60, 61, 62, 63, 68, 69]",1047774.0,1039329,125,1047899.0,125,1047899.0,False,1047899.0
40880,execution_finished,4,"[36, 37, 38, 39]",1045559.0,1043397,2374,1047933.0,2374,1047933.0,False,1047933.0
40933,execution_finished,1,[37],1047933.0,1046957,8,1047941.0,8,1047941.0,False,1047941.0
40937,execution_finished,1,[37],1047941.0,1047295,52,1047993.0,52,1047993.0,False,1047993.0
40935,execution_finished,2,"[38, 39]",1047933.0,1046992,88,1048021.0,88,1048021.0,False,1048021.0
40882,execution_finished,2,"[94, 30]",1046129.0,1043429,2345,1048474.0,2345,1048474.0,False,1048474.0
40835,execution_finished,32,"[0, 1, 2, 3, 4, 5, 6, 7, 8, 9, 10, 11, 12, 13, 14, 15, 16, 51, 52, 53, 54, 55, 56, 57, 58, 59, 60, 61, 62, 63, 68, 69]",1047899.0,1039370,1968,1049867.0,1968,1049867.0,False,1049867.0
40877,execution_finished,4,"[17, 18, 19, 20]",1045462.0,1043220,4577,1050039.0,4577,1050039.0,False,1050039.0
40941,execution_finished,2,"[37, 38]",1048021.0,1047549,2131,1050152.0,2131,1050152.0,False,1050152.0
40964,execution_finished,1,[38],1050262.0,1050262,36,1050298.0,36,1050298.0,False,1050298.0
40965,execution_finished,1,[38],1050370.0,1050370,37,1050407.0,37,1050407.0,False,1050407.0
40908,execution_finished,8,"[21, 22, 23, 24, 27, 29, 32, 34]",1047499.0,1045413,2983,1050482.0,2983,1050482.0,False,1050482.0
40966,execution_finished,1,[32],1050537.0,1050537,47,1050584.0,47,1050584.0,False,1050584.0
40967,execution_finished,1,[34],1050594.0,1050594,18,1050612.0,18,1050612.0,False,1050612.0
40932,execution_finished,4,"[85, 87, 88, 36]",1050633.0,1046753,12,1050645.0,12,1050645.0,False,1050645.0
40929,execution_finished,1,[81],1050633.0,1046669,28,1050661.0,28,1050661.0,False,1050661.0
40968,execution_finished,1,[32],1050617.0,1050617,46,1050663.0,46,1050663.0,False,1050663.0
40931,execution_finished,1,[84],1050633.0,1046751,51,1050684.0,51,1050684.0,False,1050684.0
40942,execution_finished,1,[49],1050693.0,1047837,33,1050726.0,33,1050726.0,False,1050726.0
40922,execution_finished,8,"[34, 36, 85, 87, 88, 81, 32, 84]",1050684.0,1046235,72,1050756.0,72,1050756.0,False,1050756.0
40939,execution_finished,1,[48],1050693.0,1047427,65,1050758.0,65,1050758.0,False,1050758.0
40971,execution_finished,1,[49],1050743.0,1050743,42,1050785.0,42,1050785.0,False,1050785.0
40975,execution_finished,1,[48],1051241.0,1051241,40,1051281.0,40,1051281.0,False,1051281.0
40976,execution_finished,1,[49],1051325.0,1051325,94,1051419.0,94,1051419.0,False,1051419.0
40977,execution_finished,2,"[48, 49]",1051462.0,1051462,144,1051606.0,144,1051606.0,False,1051606.0
40980,execution_finished,1,[48],1051654.0,1051654,47,1051701.0,47,1051701.0,False,1051701.0
40861,execution_finished,32,"[0, 1, 2, 3, 4, 5, 6, 7, 8, 9, 10, 11, 12, 13, 14, 15, 16, 51, 52, 53, 54, 55, 56, 57, 58, 59, 60, 61, 62, 63, 68, 69]",1049867.0,1041375,2024,1051891.0,2024,1051891.0,False,1051891.0
40984,execution_finished,1,[68],1051936.0,1051936,38,1051974.0,38,1051974.0,False,1051974.0
40840,execution_finished,32,"[35, 40, 41, 42, 43, 44, 45, 46, 47, 50, 64, 65, 66, 67, 78, 79, 80, 82, 83, 86, 89, 90, 96, 97, 98, 99, 100, 101, 102, 103, 104, 105]",1051749.0,1039751,380,1052129.0,380,1052129.0,False,1052129.0
40934,execution_finished,4,"[106, 107, 108, 109]",1052739.0,1046969,109,1052848.0,109,1052848.0,False,1052848.0
40992,execution_finished,4,"[109, 108, 107, 106]",1052869.0,1052869,96,1052965.0,96,1052965.0,False,1052965.0
40924,execution_finished,8,"[32, 34, 36, 81, 84, 85, 87, 88]",1050756.0,1046491,2250,1053006.0,2250,1053006.0,False,1053006.0
40818,execution_finished,32,"[113, 114, 115, 116, 117, 118, 119, 120, 121, 122, 123, 124, 125, 126, 127, 26, 28, 31, 33, 70, 71, 72, 73, 74, 75, 76, 77, 91, 92, 93, 95, 25]",1046649.0,1038343,6477,1053126.0,6477,1053126.0,False,1053126.0
40903,execution_finished,16,"[106, 107, 108, 109, 32, 34, 36, 81, 84, 85, 87, 88, 25, 26, 28, 31]",1053126.0,1045106,94,1053220.0,94,1053220.0,False,1053220.0
40926,execution_finished,8,"[32, 34, 36, 81, 84, 85, 87, 88]",1053220.0,1046495,120,1053340.0,120,1053340.0,False,1053340.0
40904,execution_finished,32,"[33, 70, 71, 72, 73, 74, 75, 76, 77, 91, 92, 93, 95, 113, 114, 115, 116, 117, 118, 119, 120, 121, 122, 123, 124, 125, 126, 127, 25, 26, 28, 31]",1053220.0,1045263,143,1053363.0,143,1053363.0,False,1053363.0
40938,execution_finished,8,"[32, 34, 36, 81, 84, 85, 87, 88]",1053340.0,1047416,93,1053433.0,93,1053433.0,False,1053433.0
40943,execution_finished,8,"[32, 34, 36, 81, 84, 85, 87, 88]",1053433.0,1047866,78,1053511.0,78,1053511.0,False,1053511.0
40913,execution_finished,8,"[39, 38, 21, 22, 23, 24, 27, 29]",1053182.0,1045743,354,1053536.0,354,1053536.0,False,1053536.0
40883,execution_finished,32,"[69, 68, 35, 40, 41, 42, 43, 44, 45, 46, 47, 50, 64, 65, 66, 67, 78, 79, 80, 82, 83, 86, 89, 90, 96, 97, 98, 99, 100, 101, 102, 103]",1052129.0,1043437,1475,1053604.0,1475,1053604.0,False,1053604.0
40912,execution_finished,32,"[35, 40, 41, 42, 43, 44, 45, 46, 47, 50, 64, 65, 66, 67, 68, 69, 78, 79, 80, 82, 83, 86, 89, 90, 96, 97, 98, 99, 100, 101, 102, 103]",1053604.0,1045708,41,1053645.0,41,1053645.0,False,1053645.0
40972,execution_finished,1,[30],1053614.0,1050914,38,1053652.0,38,1053652.0,False,1053652.0
40995,execution_finished,1,[30],1053652.0,1053156,22,1053674.0,22,1053674.0,False,1053674.0
40914,execution_finished,32,"[35, 40, 41, 42, 43, 44, 45, 46, 47, 50, 64, 65, 66, 67, 68, 69, 78, 79, 80, 82, 83, 86, 89, 90, 96, 97, 98, 99, 100, 101, 102, 103]",1053645.0,1045768,32,1053677.0,32,1053677.0,False,1053677.0
40915,execution_finished,32,"[30, 35, 40, 41, 42, 43, 44, 45, 46, 47, 50, 64, 65, 66, 67, 68, 69, 78, 79, 80, 82, 83, 86, 89, 90, 96, 97, 98, 99, 100, 101, 102]",1053677.0,1045844,49,1053726.0,49,1053726.0,False,1053726.0
40973,execution_finished,1,[94],1053740.0,1051040,39,1053779.0,39,1053779.0,False,1053779.0
40954,execution_finished,4,"[18, 19, 20, 37]",1050152.0,1048385,3642,1053794.0,3642,1053794.0,False,1053794.0
40993,execution_finished,2,"[102, 94]",1053779.0,1052890,76,1053855.0,76,1053855.0,False,1053855.0
40940,execution_finished,4,"[110, 111, 112, 17]",1052739.0,1047528,2149,1054888.0,2149,1054888.0,False,1054888.0
40916,execution_finished,32,"[103, 30, 35, 40, 41, 42, 43, 44, 45, 46, 47, 50, 64, 65, 66, 67, 68, 69, 78, 79, 80, 82, 83, 86, 89, 90, 96, 97, 98, 99, 100, 101]",1053726.0,1045897,1938,1055664.0,1938,1055664.0,False,1055664.0
40944,execution_finished,32,"[30, 35, 40, 41, 42, 43, 44, 45, 46, 47, 50, 64, 65, 66, 67, 68, 69, 78, 79, 80, 82, 83, 86, 89, 90, 96, 97, 98, 99, 100, 101, 103]",1055664.0,1048033,44,1055708.0,44,1055708.0,False,1055708.0
40958,execution_finished,8,"[21, 22, 23, 24, 27, 29, 38, 39]",1053536.0,1048856,2259,1055795.0,2259,1055795.0,False,1055795.0
40989,execution_finished,8,"[21, 22, 23, 24, 27, 29, 38, 39]",1055795.0,1052674,31,1055826.0,31,1055826.0,False,1055826.0
40990,execution_finished,8,"[21, 22, 23, 24, 27, 29, 38, 39]",1055826.0,1052709,37,1055863.0,37,1055863.0,False,1055863.0
40987,execution_finished,4,"[18, 19, 20, 37]",1053794.0,1052128,2514,1056308.0,2514,1056308.0,False,1056308.0
40906,execution_finished,32,"[25, 26, 28, 31, 33, 70, 71, 72, 73, 74, 75, 76, 77, 91, 92, 93, 95, 113, 114, 115, 116, 117, 118, 119, 120, 121, 122, 123, 124, 125, 126, 127]",1053363.0,1045363,3032,1056395.0,3032,1056395.0,False,1056395.0
40947,execution_finished,32,"[25, 26, 28, 31, 33, 70, 71, 72, 73, 74, 75, 76, 77, 91, 92, 93, 95, 113, 114, 115, 116, 117, 118, 119, 120, 121, 122, 123, 124, 125, 126, 127]",1056395.0,1048099,4,1056399.0,4,1056399.0,False,1056399.0
41000,execution_finished,2,"[94, 102]",1053855.0,1053334,2551,1056406.0,2551,1056406.0,False,1056406.0
40950,execution_finished,32,"[25, 26, 28, 31, 33, 70, 71, 72, 73, 74, 75, 76, 77, 91, 92, 93, 95, 113, 114, 115, 116, 117, 118, 119, 120, 121, 122, 123, 124, 125, 126, 127]",1056399.0,1048200,72,1056471.0,72,1056471.0,False,1056471.0
40876,execution_finished,32,"[49, 48, 0, 1, 2, 3, 4, 5, 6, 7, 8, 9, 10, 11, 12, 13, 14, 15, 16, 51, 52, 53, 54, 55, 56, 57, 58, 59, 60, 61, 62, 63]",1051891.0,1043154,4642,1056533.0,4642,1056533.0,False,1056533.0
40955,execution_finished,32,"[0, 1, 2, 3, 4, 5, 6, 7, 8, 9, 10, 11, 12, 13, 14, 15, 16, 48, 49, 51, 52, 53, 54, 55, 56, 57, 58, 59, 60, 61, 62, 63]",1056533.0,1048546,37,1056570.0,37,1056570.0,False,1056570.0
41006,execution_finished,4,"[21, 22, 23, 24]",1055863.0,1054869,1277,1057140.0,1277,1057140.0,False,1057140.0
40946,execution_finished,32,"[30, 35, 40, 41, 42, 43, 44, 45, 46, 47, 50, 64, 65, 66, 67, 68, 69, 78, 79, 80, 82, 83, 86, 89, 90, 96, 97, 98, 99, 100, 101, 103]",1055708.0,1048055,2478,1058186.0,2478,1058186.0,False,1058186.0
41010,execution_finished,4,"[18, 19, 20, 37]",1056308.0,1056304,2058,1058366.0,2058,1058366.0,False,1058366.0
41011,execution_finished,2,"[94, 102]",1056406.0,1056326,2039,1058445.0,2039,1058445.0,False,1058445.0
41015,execution_finished,1,[37],1058783.0,1058783,9,1058792.0,9,1058792.0,False,1058792.0
41016,execution_finished,1,[94],1059019.0,1059019,5,1059024.0,5,1059024.0,False,1059024.0
40985,execution_finished,4,"[106, 107, 108, 109]",1053220.0,1052046,6352,1059572.0,6352,1059572.0,False,1059572.0
41019,execution_finished,1,[106],1059896.0,1059896,53,1059949.0,53,1059949.0,False,1059949.0
41020,execution_finished,1,[107],1059981.0,1059981,34,1060015.0,34,1060015.0,False,1060015.0
41022,execution_finished,1,[108],1060064.0,1060064,43,1060107.0,43,1060107.0,False,1060107.0
40999,execution_finished,4,"[104, 105, 17, 110]",1057588.0,1053308,2573,1060161.0,2573,1060161.0,False,1060161.0
41023,execution_finished,1,[109],1060134.0,1060134,38,1060172.0,38,1060172.0,False,1060172.0
40952,execution_finished,32,"[25, 26, 28, 31, 33, 70, 71, 72, 73, 74, 75, 76, 77, 91, 92, 93, 95, 113, 114, 115, 116, 117, 118, 119, 120, 121, 122, 123, 124, 125, 126, 127]",1056471.0,1048313,3714,1060185.0,3714,1060185.0,False,1060185.0
40969,execution_finished,32,"[30, 35, 40, 41, 42, 43, 44, 45, 46, 47, 50, 64, 65, 66, 67, 68, 69, 78, 79, 80, 82, 83, 86, 89, 90, 96, 97, 98, 99, 100, 101, 103]",1058186.0,1050687,2466,1060652.0,2466,1060652.0,False,1060652.0
41003,execution_finished,32,"[120, 121, 122, 123, 124, 125, 126, 127, 30, 35, 40, 41, 42, 43, 44, 45, 46, 47, 50, 64, 65, 66, 67, 68, 69, 78, 79, 80, 82, 83, 86, 89]",1060652.0,1054147,450,1061102.0,450,1061102.0,False,1061102.0
41012,execution_finished,1,[111],1061111.0,1058411,22,1061133.0,22,1061133.0,False,1061133.0
41009,execution_finished,4,"[27, 29, 38, 39]",1056214.0,1056214,5025,1061239.0,5025,1061239.0,False,1061239.0
41013,execution_finished,4,"[112, 18, 19, 20]",1061127.0,1058427,326,1061453.0,326,1061453.0,False,1061453.0
41028,execution_finished,1,[27],1061626.0,1061626,19,1061645.0,19,1061645.0,False,1061645.0
41004,execution_finished,32,"[90, 96, 97, 98, 99, 100, 101, 103, 30, 35, 40, 41, 42, 43, 44, 45, 46, 47, 50, 64, 65, 66, 67, 68, 69, 78, 79, 80, 82, 83, 86, 89]",1061102.0,1054627,1348,1062450.0,1348,1062450.0,False,1062450.0
40986,execution_finished,32,"[106, 107, 108, 17, 104, 105, 110, 109, 25, 26, 28, 31, 33, 70, 71, 72, 73, 74, 75, 76, 77, 91, 92, 93, 95, 113, 114, 115, 116, 117, 118, 119]",1060185.0,1052053,2588,1062773.0,2588,1062773.0,False,1062773.0
41017,execution_finished,4,"[21, 22, 23, 24]",1062272.0,1059077,721,1062993.0,721,1062993.0,False,1062993.0
41005,execution_finished,32,"[30, 35, 40, 41, 42, 43, 44, 45, 46, 47, 50, 64, 65, 66, 67, 68, 69, 78, 79, 80, 82, 83, 86, 89, 90, 96, 97, 98, 99, 100, 101, 103]",1062450.0,1054804,1342,1063792.0,1342,1063792.0,False,1063792.0
41027,execution_finished,8,"[94, 122, 123, 124, 125, 126, 127, 111]",1064258.0,1061558,228,1064486.0,228,1064486.0,False,1064486.0
41025,execution_finished,4,"[37, 102, 120, 121]",1064087.0,1061387,827,1064914.0,827,1064914.0,False,1064914.0
41007,execution_finished,32,"[17, 25, 26, 28, 31, 33, 70, 71, 72, 73, 74, 75, 76, 77, 91, 92, 93, 95, 104, 105, 106, 107, 108, 109, 110, 113, 114, 115, 116, 117, 118, 119]",1062773.0,1056018,2388,1065161.0,2388,1065161.0,False,1065161.0
41014,execution_finished,32,"[37, 102, 120, 121, 17, 25, 26, 28, 31, 33, 70, 71, 72, 73, 74, 75, 76, 77, 91, 92, 93, 95, 104, 105, 106, 107, 108, 109, 110, 113, 114, 115]",1065161.0,1058626,739,1065900.0,739,1065900.0,False,1065900.0
40957,execution_finished,8,"[32, 34, 36, 81, 84, 85, 87, 88]",1053511.0,1048795,12506,1066017.0,12506,1066017.0,False,1066017.0
41018,execution_finished,32,"[17, 25, 26, 28, 31, 33, 37, 70, 71, 72, 73, 74, 75, 76, 77, 91, 92, 93, 95, 102, 104, 105, 106, 107, 108, 109, 110, 113, 114, 115, 120, 121]",1065900.0,1059390,646,1066546.0,646,1066546.0,False,1066546.0
41008,execution_finished,32,"[30, 35, 40, 41, 42, 43, 44, 45, 46, 47, 50, 64, 65, 66, 67, 68, 69, 78, 79, 80, 82, 83, 86, 89, 90, 96, 97, 98, 99, 100, 101, 103]",1063792.0,1056151,5088,1068880.0,5088,1068880.0,False,1068880.0
40956,execution_finished,32,"[0, 1, 2, 3, 4, 5, 6, 7, 8, 9, 10, 11, 12, 13, 14, 15, 16, 48, 49, 51, 52, 53, 54, 55, 56, 57, 58, 59, 60, 61, 62, 63]",1056570.0,1048754,12546,1069116.0,12546,1069116.0,False,1069116.0
41026,execution_finished,32,"[0, 1, 2, 3, 4, 5, 6, 7, 8, 9, 10, 11, 12, 13, 14, 15, 16, 48, 49, 51, 52, 53, 54, 55, 56, 57, 58, 59, 60, 61, 62, 63]",1069116.0,1061532,252,1069368.0,252,1069368.0,False,1069368.0
41030,execution_finished,4,"[21, 22, 23, 24]",1062993.0,1062294,6542,1069535.0,6542,1069535.0,False,1069535.0
41024,execution_finished,32,"[30, 35, 40, 41, 42, 43, 44, 45, 46, 47, 50, 64, 65, 66, 67, 68, 69, 78, 79, 80, 82, 83, 86, 89, 90, 96, 97, 98, 99, 100, 101, 103]",1068880.0,1061327,886,1069766.0,886,1069766.0,False,1069766.0
41031,execution_finished,32,"[21, 22, 23, 24, 30, 35, 40, 41, 42, 43, 44, 45, 46, 47, 50, 64, 65, 66, 67, 68, 69, 78, 79, 80, 82, 83, 86, 89, 90, 96, 97, 98]",1069766.0,1062512,370,1070136.0,370,1070136.0,False,1070136.0
41034,execution_finished,1,[94],1072235.0,1068539,41,1072276.0,41,1072276.0,False,1072276.0
41021,execution_finished,32,"[32, 34, 36, 81, 84, 85, 87, 88, 17, 25, 26, 28, 31, 33, 37, 70, 71, 72, 73, 74, 75, 76, 77, 91, 92, 93, 95, 102, 104, 105, 106, 107]",1066546.0,1060063,8467,1075013.0,8467,1075013.0,False,1075013.0
41029,execution_finished,32,"[0, 1, 2, 3, 4, 5, 6, 7, 8, 9, 10, 11, 12, 13, 14, 15, 16, 48, 49, 51, 52, 53, 54, 55, 56, 57, 58, 59, 60, 61, 62, 63]",1069368.0,1062222,6314,1075682.0,6314,1075682.0,False,1075682.0
41033,execution_finished,8,"[18, 19, 20, 27, 29, 38, 39, 112]",1067186.0,1062920,9593,1076779.0,9593,1076779.0,False,1076779.0
41032,execution_finished,32,"[99, 100, 101, 103, 21, 22, 23, 24, 30, 35, 40, 41, 42, 43, 44, 45, 46, 47, 50, 64, 65, 66, 67, 68, 69, 78, 79, 80, 82, 83, 86, 89]",1070136.0,1062896,9617,1079753.0,9617,1079753.0,False,1079753.0
41037,execution_finished,8,"[21, 22, 23, 24, 30, 35, 40, 41]",1079753.0,1072573,7580,1087333.0,7580,1087333.0,False,1087333.0
41036,execution_finished,32,"[18, 19, 20, 27, 29, 38, 39, 102, 104, 105, 106, 107, 108, 109, 110, 111, 112, 113, 114, 115, 116, 117, 118, 119, 120, 121, 122, 123, 124, 125, 126, 127]",1081879.0,1072544,7609,1089488.0,7609,1089488.0,False,1089488.0
41042,execution_finished,1,[38],1089488.0,1080707,5,1089493.0,5,1089493.0,False,1089493.0
41087,execution_finished,1,[39],1089488.0,1086546,9,1089497.0,9,1089497.0,False,1089497.0
41041,execution_finished,1,[29],1089488.0,1080492,10,1089498.0,10,1089498.0,False,1089498.0
41035,execution_finished,64,"[0, 1, 2, 3, 4, 5, 6, 7, 8, 9, 10, 11, 12, 13, 14, 15, 16, 17, 25, 26, 28, 31, 32, 33, 34, 36, 37, 48, 49, 51, 52, 53, 54, 55, 56, 57, 58, 59, 60, 61, 62, 63, 70, 71, 72, 73, 74, 75, 76, 77, 81, 84, 85, 87, 88, 90, 91, 92, 93, 94, 95, 96, 97, 98]",1080782.0,1068541,10935,1091717.0,10935,1091717.0,False,1091717.0
41039,execution_finished,4,"[18, 19, 20, 27]",1089488.0,1079754,6809,1096297.0,6809,1096297.0,False,1096297.0
41038,execution_finished,32,"[42, 43, 44, 45, 46, 47, 50, 64, 65, 66, 67, 68, 69, 78, 79, 80, 82, 83, 86, 89, 99, 100, 101, 103, 21, 22, 23, 24, 30, 35, 40, 41]",1090033.0,1079691,6869,1096902.0,6869,1096902.0,False,1096902.0
41088,execution_finished,64,"[0, 1, 2, 3, 4, 5, 6, 7, 8, 9, 10, 11, 12, 13, 14, 15, 16, 17, 25, 26, 28, 31, 32, 33, 34, 36, 37, 48, 49, 51, 52, 53, 54, 55, 56, 57, 58, 59, 60, 61, 62, 63, 70, 71, 72, 73, 74, 75, 76, 77, 81, 84, 85, 87, 88, 90, 91, 92, 93, 94, 95, 96, 97, 98]",1091717.0,1086575,10939,1102656.0,10939,1102656.0,False,1102656.0
41250,execution_finished,32,"[0, 1, 2, 3, 4, 5, 6, 7, 8, 9, 10, 11, 12, 13, 14, 15, 16, 17, 25, 26, 28, 31, 32, 33, 34, 36, 37, 48, 49, 51, 52, 53]",1102656.0,1101582,291,1102947.0,291,1102947.0,False,1102947.0
41259,execution_finished,32,"[54, 55, 56, 57, 58, 59, 60, 61, 62, 63, 70, 71, 72, 73, 74, 75, 76, 77, 81, 84, 85, 87, 88, 90, 91, 92, 93, 94, 95, 96, 97, 98]",1102656.0,1102032,454,1103110.0,454,1103110.0,False,1103110.0
41249,execution_finished,8,"[18, 19, 20, 27, 29, 38, 39, 107]",1104206.0,1101506,69,1104275.0,69,1104275.0,False,1104275.0
41301,execution_finished,64,"[0, 1, 2, 3, 4, 5, 6, 7, 8, 9, 10, 11, 12, 13, 14, 15, 16, 17, 25, 26, 28, 31, 32, 33, 34, 36, 37, 48, 49, 51, 52, 53, 54, 55, 56, 57, 58, 59, 60, 61, 62, 63, 70, 71, 72, 73, 74, 75, 76, 77, 81, 84, 85, 87, 88, 90, 91, 92, 93, 94, 95, 96, 97, 98]",1108210.0,1104211,47,1108257.0,47,1108257.0,False,1108257.0
41305,execution_finished,64,"[0, 1, 2, 3, 4, 5, 6, 7, 8, 9, 10, 11, 12, 13, 14, 15, 16, 17, 25, 26, 28, 31, 32, 33, 34, 36, 37, 48, 49, 51, 52, 53, 54, 55, 56, 57, 58, 59, 60, 61, 62, 63, 70, 71, 72, 73, 74, 75, 76, 77, 81, 84, 85, 87, 88, 90, 91, 92, 93, 94, 95, 96, 97, 98]",1108257.0,1104325,185,1108442.0,185,1108442.0,False,1108442.0
41325,execution_finished,16,"[16, 17, 25, 26, 28, 31, 32, 33, 34, 36, 37, 48, 49, 51, 52, 53]",1108442.0,1105390,56,1108498.0,56,1108498.0,False,1108498.0
41328,execution_finished,16,"[54, 55, 56, 57, 58, 59, 60, 61, 62, 63, 70, 71, 72, 73, 74, 75]",1108442.0,1105555,62,1108504.0,62,1108504.0,False,1108504.0
41321,execution_finished,16,"[0, 1, 2, 3, 4, 5, 6, 7, 8, 9, 10, 11, 12, 13, 14, 15]",1108442.0,1105294,70,1108512.0,70,1108512.0,False,1108512.0
41330,execution_finished,16,"[76, 77, 81, 84, 85, 87, 88, 90, 91, 92, 93, 94, 95, 96, 97, 98]",1108442.0,1105627,70,1108512.0,70,1108512.0,False,1108512.0
41341,execution_finished,16,"[54, 55, 56, 57, 58, 59, 60, 61, 62, 63, 70, 71, 72, 73, 74, 75]",1108504.0,1105864,73,1108577.0,73,1108577.0,False,1108577.0
41337,execution_finished,16,"[16, 17, 25, 26, 28, 31, 32, 33, 34, 36, 37, 48, 49, 51, 52, 53]",1108498.0,1105758,81,1108579.0,81,1108579.0,False,1108579.0
41345,execution_finished,16,"[54, 55, 56, 57, 58, 59, 60, 61, 62, 63, 70, 71, 72, 73, 74, 75]",1108577.0,1106049,72,1108649.0,72,1108649.0,False,1108649.0
41348,execution_finished,16,"[16, 17, 25, 26, 28, 31, 32, 33, 34, 36, 37, 48, 49, 51, 52, 53]",1108579.0,1106148,73,1108652.0,73,1108652.0,False,1108652.0
41351,execution_finished,16,"[54, 55, 56, 57, 58, 59, 60, 61, 62, 63, 70, 71, 72, 73, 74, 75]",1108649.0,1106303,12,1108661.0,12,1108661.0,False,1108661.0
41352,execution_finished,16,"[16, 17, 25, 26, 28, 31, 32, 33, 34, 36, 37, 48, 49, 51, 52, 53]",1108652.0,1106413,35,1108687.0,35,1108687.0,False,1108687.0
41354,execution_finished,16,"[54, 55, 56, 57, 58, 59, 60, 61, 62, 63, 70, 71, 72, 73, 74, 75]",1108661.0,1106511,60,1108721.0,60,1108721.0,False,1108721.0
41371,execution_finished,16,"[75, 74, 73, 72, 71, 70, 63, 62, 61, 60, 59, 58, 57, 56, 55, 54]",1108721.0,1108017,64,1108785.0,64,1108785.0,False,1108785.0
41374,execution_finished,16,"[75, 74, 73, 72, 71, 70, 63, 62, 61, 60, 59, 58, 57, 56, 55, 54]",1108785.0,1108492,20,1108805.0,20,1108805.0,False,1108805.0
41375,execution_finished,16,"[75, 74, 73, 72, 71, 70, 63, 62, 61, 60, 59, 58, 57, 56, 55, 54]",1108805.0,1108527,351,1109156.0,351,1109156.0,False,1109156.0
41355,execution_finished,16,"[16, 17, 25, 26, 28, 31, 32, 33, 34, 36, 37, 48, 49, 51, 52, 53]",1108687.0,1106572,661,1109348.0,661,1109348.0,False,1109348.0
41318,execution_finished,16,"[18, 19, 20, 27, 29, 38, 39, 107, 108, 109, 110, 111, 112, 113, 114, 115]",1110957.0,1105152,92,1111049.0,92,1111049.0,False,1111049.0
41340,execution_finished,1,[116],1111198.0,1105855,24,1111222.0,24,1111222.0,False,1111222.0
41365,execution_finished,32,"[54, 55, 56, 57, 58, 59, 60, 61, 62, 63, 70, 71, 72, 73, 74, 75, 16, 17, 25, 26, 28, 31, 32, 33, 34, 36, 37, 48, 49, 51, 52, 53]",1109348.0,1107372,1946,1111294.0,1946,1111294.0,False,1111294.0
41361,execution_finished,1,[117],1111387.0,1107268,4,1111391.0,4,1111391.0,False,1111391.0
41384,execution_finished,32,"[18, 19, 20, 27, 29, 38, 39, 107, 108, 109, 110, 111, 112, 113, 114, 115, 116, 16, 17, 25, 26, 28, 31, 32, 33, 34, 36, 37, 48, 49, 51, 52]",1111294.0,1109491,136,1111430.0,136,1111430.0,False,1111430.0
41392,execution_finished,32,"[53, 54, 55, 56, 57, 58, 59, 60, 61, 62, 63, 70, 71, 72, 73, 74, 75, 117, 16, 17, 18, 19, 20, 25, 26, 27, 28, 29, 31, 32, 33, 34]",1111430.0,1110410,32,1111462.0,32,1111462.0,False,1111462.0
41395,execution_finished,32,"[36, 37, 38, 39, 48, 49, 51, 52, 107, 108, 109, 110, 111, 112, 113, 114, 115, 116, 16, 17, 18, 19, 20, 25, 26, 27, 28, 29, 31, 32, 33, 34]",1111462.0,1110496,190,1111652.0,190,1111652.0,False,1111652.0
41405,execution_finished,16,"[36, 37, 38, 39, 48, 49, 51, 52, 107, 108, 109, 110, 111, 112, 113, 114]",1111945.0,1111945,63,1112008.0,63,1112008.0,False,1112008.0
41400,execution_finished,32,"[53, 54, 55, 56, 57, 58, 59, 60, 61, 62, 63, 70, 71, 72, 73, 74, 75, 117, 16, 17, 18, 19, 20, 25, 26, 27, 28, 29, 31, 32, 33, 34]",1111652.0,1111112,466,1112118.0,466,1112118.0,False,1112118.0
41410,execution_finished,16,"[115, 116, 36, 37, 38, 39, 48, 49, 51, 52, 107, 108, 109, 110, 111, 112]",1112231.0,1112231,262,1112493.0,262,1112493.0,False,1112493.0
41411,execution_finished,32,"[113, 114, 16, 17, 18, 19, 20, 25, 26, 27, 28, 29, 31, 32, 33, 34, 53, 54, 55, 56, 57, 58, 59, 60, 61, 62, 63, 70, 71, 72, 73, 74]",1112252.0,1112252,302,1112554.0,302,1112554.0,False,1112554.0
41415,execution_finished,16,"[55, 56, 57, 58, 59, 60, 61, 62, 63, 70, 71, 72, 73, 74, 113, 114]",1112796.0,1112796,249,1113045.0,249,1113045.0,False,1113045.0
41414,execution_finished,32,"[36, 37, 38, 39, 48, 49, 51, 52, 107, 108, 109, 110, 111, 112, 115, 116, 16, 17, 18, 19, 20, 25, 26, 27, 28, 29, 31, 32, 33, 34, 53, 54]",1112738.0,1112738,312,1113050.0,312,1113050.0,False,1113050.0
41421,execution_finished,1,[55],1113228.0,1113228,22,1113250.0,22,1113250.0,False,1113250.0
41422,execution_finished,1,[56],1113295.0,1113295,15,1113310.0,15,1113310.0,False,1113310.0
41425,execution_finished,16,"[48, 49, 51, 52, 53, 54, 107, 108, 109, 110, 111, 112, 115, 116, 55, 56]",1113389.0,1113389,96,1113485.0,96,1113485.0,False,1113485.0
41366,execution_finished,8,"[118, 119, 120, 121, 122, 123, 124, 125]",1112048.0,1107412,1908,1113956.0,1908,1113956.0,False,1113956.0
41423,execution_finished,32,"[57, 58, 59, 60, 61, 62, 63, 70, 71, 72, 73, 74, 113, 114, 16, 17, 18, 19, 20, 25, 26, 27, 28, 29, 31, 32, 33, 34, 36, 37, 38, 39]",1113311.0,1113311,749,1114060.0,749,1114060.0,False,1114060.0
41428,execution_finished,32,"[115, 116, 118, 119, 120, 121, 122, 123, 124, 125, 16, 17, 18, 19, 20, 25, 26, 27, 28, 29, 31, 32, 33, 34, 36, 37, 38, 39, 57, 58, 59, 60]",1114060.0,1113568,331,1114391.0,331,1114391.0,False,1114391.0
41438,execution_finished,1,[125],1114391.0,1114304,6,1114397.0,6,1114397.0,False,1114397.0
41434,execution_finished,1,[115],1114391.0,1114133,19,1114410.0,19,1114410.0,False,1114410.0
41433,execution_finished,16,"[26, 27, 28, 29, 31, 32, 33, 34, 36, 37, 38, 39, 57, 58, 59, 60]",1114391.0,1114047,77,1114468.0,77,1114468.0,False,1114468.0
41432,execution_finished,16,"[61, 62, 63, 70, 71, 72, 73, 74, 113, 114, 16, 17, 18, 19, 20, 25]",1114391.0,1113909,194,1114585.0,194,1114585.0,False,1114585.0
41342,execution_finished,32,"[0, 1, 2, 3, 4, 5, 6, 7, 8, 9, 10, 11, 12, 13, 14, 15, 76, 77, 81, 84, 85, 87, 88, 90, 91, 92, 93, 94, 95, 96, 97, 98]",1108512.0,1105881,7234,1115746.0,7234,1115746.0,False,1115746.0
41436,execution_finished,16,"[0, 1, 2, 3, 4, 5, 6, 7, 8, 9, 10, 11, 12, 13, 14, 15]",1115746.0,1114220,29,1115775.0,29,1115775.0,False,1115775.0
41444,execution_finished,16,"[76, 77, 81, 84, 85, 87, 88, 90, 91, 92, 93, 94, 95, 96, 97, 98]",1115746.0,1115466,29,1115775.0,29,1115775.0,False,1115775.0
41446,execution_finished,1,[76],1115775.0,1115636,19,1115794.0,19,1115794.0,False,1115794.0
41445,execution_finished,16,"[0, 1, 2, 3, 4, 5, 6, 7, 8, 9, 10, 11, 12, 13, 14, 15]",1115775.0,1115544,128,1115903.0,128,1115903.0,False,1115903.0
41431,execution_finished,16,"[126, 127, 48, 49, 51, 52, 53, 54, 55, 56, 107, 108, 109, 110, 111, 112]",1116609.0,1113801,165,1116774.0,165,1116774.0,False,1116774.0
41435,execution_finished,32,"[116, 118, 119, 120, 121, 122, 123, 124, 125, 115, 26, 27, 28, 29, 31, 32, 33, 34, 36, 37, 38, 39, 57, 58, 59, 60, 16, 17, 18, 19, 20, 25]",1114585.0,1114155,2996,1117581.0,2996,1117581.0,False,1117581.0
41454,execution_finished,32,"[16, 17, 18, 19, 20, 25, 26, 27, 28, 29, 31, 32, 33, 34, 36, 37, 38, 39, 57, 58, 59, 60, 115, 116, 118, 119, 120, 121, 122, 123, 124, 125]",1117581.0,1116915,25,1117606.0,25,1117606.0,False,1117606.0
41456,execution_finished,32,"[16, 17, 18, 19, 20, 25, 26, 27, 28, 29, 31, 32, 33, 34, 36, 37, 38, 39, 57, 58, 59, 60, 115, 116, 118, 119, 120, 121, 122, 123, 124, 125]",1117606.0,1117095,326,1117932.0,326,1117932.0,False,1117932.0
41092,execution_finished,4,"[102, 104, 105, 106]",1089488.0,1086930,29779,1119267.0,29779,1119267.0,False,1119267.0
41477,execution_finished,1,[104],1119267.0,1119083,13,1119280.0,13,1119280.0,False,1119280.0
41479,execution_finished,2,"[105, 106]",1119267.0,1119132,193,1119460.0,193,1119460.0,False,1119460.0
41460,execution_finished,32,"[16, 17, 18, 19, 20, 25, 26, 27, 28, 29, 31, 32, 33, 34, 36, 37, 38, 39, 57, 58, 59, 60, 115, 116, 118, 119, 120, 121, 122, 123, 124, 125]",1117932.0,1117319,1734,1119666.0,1734,1119666.0,False,1119666.0
41472,execution_finished,32,"[104, 105, 106, 16, 17, 18, 19, 20, 25, 26, 27, 28, 29, 31, 32, 33, 34, 36, 37, 38, 39, 57, 58, 59, 60, 115, 116, 118, 119, 120, 121, 122]",1119666.0,1118411,124,1119790.0,124,1119790.0,False,1119790.0
41473,execution_finished,8,"[123, 124, 125, 16, 17, 18, 19, 20]",1119790.0,1118565,53,1119843.0,53,1119843.0,False,1119843.0
41488,execution_finished,8,"[122, 121, 120, 119, 118, 116, 115, 106]",1119790.0,1119689,56,1119846.0,56,1119846.0,False,1119846.0
41476,execution_finished,8,"[25, 26, 27, 28, 29, 31, 32, 33]",1119790.0,1118976,66,1119856.0,66,1119856.0,False,1119856.0
41455,execution_finished,4,"[61, 62, 63, 70]",1119795.0,1116944,72,1119867.0,72,1119867.0,False,1119867.0
41457,execution_finished,1,[71],1119884.0,1117184,44,1119928.0,44,1119928.0,False,1119928.0
41491,execution_finished,1,[62],1119901.0,1119901,37,1119938.0,37,1119938.0,False,1119938.0
41484,execution_finished,4,"[34, 36, 37, 38]",1119790.0,1119391,223,1120013.0,223,1120013.0,False,1120013.0
41459,execution_finished,1,[72],1119998.0,1117298,20,1120018.0,20,1120018.0,False,1120018.0
41489,execution_finished,4,"[63, 70, 71, 62]",1119938.0,1119696,288,1120226.0,288,1120226.0,False,1120226.0
41490,execution_finished,8,"[34, 36, 37, 38, 72, 62, 63, 70]",1120226.0,1119769,61,1120287.0,61,1120287.0,False,1120287.0
41492,execution_finished,8,"[71, 34, 36, 37, 38, 62, 63, 70]",1120287.0,1119906,50,1120337.0,50,1120337.0,False,1120337.0
41493,execution_finished,8,"[72, 34, 36, 37, 38, 62, 63, 70]",1120337.0,1120009,58,1120395.0,58,1120395.0,False,1120395.0
41496,execution_finished,8,"[71, 34, 36, 37, 38, 62, 63, 70]",1120395.0,1120238,82,1120477.0,82,1120477.0,False,1120477.0
41497,execution_finished,8,"[72, 34, 36, 37, 38, 62, 63, 70]",1120494.0,1120494,86,1120580.0,86,1120580.0,False,1120580.0
41478,execution_finished,32,"[39, 57, 58, 59, 60, 104, 105, 16, 17, 18, 19, 20, 123, 124, 125, 106, 115, 116, 118, 119, 120, 121, 122, 25, 26, 27, 28, 29, 31, 32, 33, 61]",1119867.0,1119098,755,1120622.0,755,1120622.0,False,1120622.0
41499,execution_finished,8,"[71, 34, 36, 37, 38, 62, 63, 70]",1120615.0,1120615,58,1120673.0,58,1120673.0,False,1120673.0
41482,execution_finished,32,"[72, 16, 17, 18, 19, 20, 25, 26, 27, 28, 29, 31, 32, 33, 39, 57, 58, 59, 60, 61, 104, 105, 106, 115, 116, 118, 119, 120, 121, 122, 123, 124]",1120622.0,1119354,138,1120760.0,138,1120760.0,False,1120760.0
41467,execution_finished,1,[88],1120875.0,1118148,18,1120893.0,18,1120893.0,False,1120893.0
41466,execution_finished,8,"[73, 74, 75, 77, 81, 84, 85, 87]",1120875.0,1118067,53,1120928.0,53,1120928.0,False,1120928.0
41500,execution_finished,8,"[115, 116, 118, 119, 120, 121, 122, 123]",1120891.0,1120813,63,1120954.0,63,1120954.0,False,1120954.0
41487,execution_finished,32,"[125, 34, 36, 37, 38, 62, 63, 70, 71, 16, 17, 18, 19, 20, 25, 26, 27, 28, 29, 31, 32, 33, 39, 57, 58, 59, 60, 61, 72, 104, 105, 106]",1120760.0,1119559,551,1121311.0,551,1121311.0,False,1121311.0
41508,execution_finished,8,"[75, 77, 81, 84, 85, 87, 115, 116]",1121194.0,1121194,142,1121336.0,142,1121336.0,False,1121336.0
41501,execution_finished,4,"[124, 88, 73, 74]",1121170.0,1120891,446,1121616.0,446,1121616.0,False,1121616.0
41510,execution_finished,16,"[71, 72, 104, 105, 106, 125, 75, 77, 81, 84, 85, 87, 115, 116, 73, 74]",1121616.0,1121503,190,1121806.0,190,1121806.0,False,1121806.0
41469,execution_finished,8,"[97, 98, 107, 108, 109, 110, 111, 112]",1121874.0,1118286,63,1121937.0,63,1121937.0,False,1121937.0
41512,execution_finished,4,"[88, 124, 71, 72]",1121806.0,1121706,283,1122089.0,283,1122089.0,False,1122089.0
41474,execution_finished,2,"[127, 102]",1121967.0,1118831,130,1122097.0,130,1122097.0,False,1122097.0
41517,execution_finished,4,"[104, 105, 106, 115]",1122218.0,1122218,165,1122383.0,165,1122383.0,False,1122383.0
41522,execution_finished,8,"[71, 72, 88, 124, 102, 127, 104, 105]",1122625.0,1122625,40,1122665.0,40,1122665.0,False,1122665.0
41524,execution_finished,8,"[106, 115, 71, 72, 88, 102, 104, 105]",1122891.0,1122891,40,1122931.0,40,1122931.0,False,1122931.0
41525,execution_finished,8,"[124, 127, 71, 72, 88, 102, 104, 105]",1123047.0,1123047,59,1123106.0,59,1123106.0,False,1123106.0
41527,execution_finished,4,"[106, 115, 71, 72]",1123420.0,1123420,23,1123443.0,23,1123443.0,False,1123443.0
41529,execution_finished,1,[124],1123464.0,1123464,7,1123471.0,7,1123471.0,False,1123471.0
41528,execution_finished,4,"[88, 102, 104, 105]",1123455.0,1123455,20,1123475.0,20,1123475.0,False,1123475.0
41530,execution_finished,1,[127],1123479.0,1123479,21,1123500.0,21,1123500.0,False,1123500.0
41531,execution_finished,8,"[71, 72, 106, 115, 124, 88, 102, 104]",1123507.0,1123507,75,1123582.0,75,1123582.0,False,1123582.0
41532,execution_finished,4,"[105, 127, 71, 72]",1123582.0,1123560,24,1123606.0,24,1123606.0,False,1123606.0
41533,execution_finished,4,"[88, 102, 104, 106]",1123615.0,1123615,43,1123658.0,43,1123658.0,False,1123658.0
41535,execution_finished,4,"[115, 124, 71, 72]",1123863.0,1123863,94,1123957.0,94,1123957.0,False,1123957.0
41536,execution_finished,8,"[105, 127, 88, 102, 104, 106, 71, 72]",1123957.0,1123940,41,1123998.0,41,1123998.0,False,1123998.0
41537,execution_finished,8,"[115, 124, 71, 72, 88, 102, 104, 105]",1123998.0,1123996,62,1124060.0,62,1124060.0,False,1124060.0
41539,execution_finished,2,"[106, 127]",1124098.0,1124098,169,1124267.0,169,1124267.0,False,1124267.0
41091,execution_finished,32,"[21, 22, 23, 24, 30, 35, 40, 41, 42, 43, 44, 45, 46, 47, 50, 64, 65, 66, 67, 68, 69, 78, 79, 80, 82, 83, 86, 89, 99, 100, 101, 103]",1096902.0,1086862,29848,1126750.0,29848,1126750.0,False,1126750.0
41507,execution_finished,32,"[21, 22, 23, 24, 30, 35, 40, 41, 42, 43, 44, 45, 46, 47, 50, 64, 65, 66, 67, 68, 69, 78, 79, 80, 82, 83, 86, 89, 99, 100, 101, 103]",1126750.0,1121170,165,1126915.0,165,1126915.0,False,1126915.0
41509,execution_finished,32,"[21, 22, 23, 24, 30, 35, 40, 41, 42, 43, 44, 45, 46, 47, 50, 64, 65, 66, 67, 68, 69, 78, 79, 80, 82, 83, 86, 89, 99, 100, 101, 103]",1126915.0,1121405,340,1127255.0,340,1127255.0,False,1127255.0
41513,execution_finished,32,"[21, 22, 23, 24, 30, 35, 40, 41, 42, 43, 44, 45, 46, 47, 50, 64, 65, 66, 67, 68, 69, 78, 79, 80, 82, 83, 86, 89, 99, 100, 101, 103]",1127255.0,1121756,11,1127266.0,11,1127266.0,False,1127266.0
41470,execution_finished,4,"[113, 114, 117, 126]",1121874.0,1118302,5782,1127656.0,5782,1127656.0,False,1127656.0
41468,execution_finished,32,"[0, 1, 2, 3, 4, 5, 6, 7, 8, 9, 10, 11, 12, 13, 14, 15, 48, 49, 51, 52, 53, 54, 55, 56, 76, 90, 91, 92, 93, 94, 95, 96]",1121874.0,1118215,5869,1127743.0,5869,1127743.0,False,1127743.0
41494,execution_finished,32,"[118, 119, 120, 121, 122, 123, 16, 17, 18, 19, 20, 25, 26, 27, 28, 29, 31, 32, 33, 34, 36, 37, 38, 39, 57, 58, 59, 60, 61, 62, 63, 70]",1121311.0,1120025,7223,1128534.0,7223,1128534.0,False,1128534.0
41566,execution_finished,1,[29],1128534.0,1127894,26,1128560.0,26,1128560.0,False,1128560.0
41559,execution_finished,1,[28],1128534.0,1127250,56,1128590.0,56,1128590.0,False,1128590.0
41558,execution_finished,4,"[113, 114, 117, 126]",1127656.0,1127211,1081,1128737.0,1081,1128737.0,False,1128737.0
41569,execution_finished,1,[31],1128873.0,1128873,21,1128894.0,21,1128894.0,False,1128894.0
41515,execution_finished,8,"[73, 74, 75, 77, 81, 84, 85, 87]",1121821.0,1121821,7263,1129084.0,7263,1129084.0,False,1129084.0
41542,execution_finished,4,"[71, 72, 88, 102]",1124189.0,1124189,4895,1129084.0,4895,1129084.0,False,1129084.0
41571,execution_finished,4,"[32, 33, 34, 36]",1129076.0,1129076,8,1129084.0,8,1129084.0,False,1129084.0
41545,execution_finished,8,"[16, 17, 18, 19, 20, 25, 26, 27]",1128534.0,1124433,698,1129232.0,698,1129232.0,False,1129232.0
41562,execution_finished,32,"[37, 38, 39, 57, 58, 59, 60, 61, 62, 63, 70, 118, 119, 120, 121, 122, 123, 29, 28, 113, 114, 117, 126, 31, 32, 33, 34, 36, 71, 72, 73, 74]",1129084.0,1127375,1091,1130175.0,1091,1130175.0,False,1130175.0
41557,execution_finished,4,"[116, 124, 125, 127]",1130356.0,1127063,22,1130378.0,22,1130378.0,False,1130378.0
41575,execution_finished,4,"[116, 124, 125, 127]",1130378.0,1129864,23,1130401.0,23,1130401.0,False,1130401.0
41568,execution_finished,32,"[28, 29, 31, 32, 33, 34, 36, 37, 38, 39, 57, 58, 59, 60, 61, 62, 63, 70, 71, 72, 73, 74, 113, 114, 117, 118, 119, 120, 121, 122, 123, 126]",1130175.0,1128506,578,1130753.0,578,1130753.0,False,1130753.0
41555,execution_finished,4,"[110, 111, 112, 115]",1130356.0,1126732,446,1130802.0,446,1130802.0,False,1130802.0
41577,execution_finished,4,"[110, 111, 112, 115]",1130802.0,1129907,36,1130838.0,36,1130838.0,False,1130838.0
41548,execution_finished,4,"[97, 98, 104, 105]",1130356.0,1125648,508,1130864.0,508,1130864.0,False,1130864.0
41581,execution_finished,4,"[97, 98, 104, 105]",1130864.0,1130173,21,1130885.0,21,1130885.0,False,1130885.0
41579,execution_finished,4,"[110, 111, 112, 115]",1130838.0,1130041,117,1130955.0,117,1130955.0,False,1130955.0
41583,execution_finished,1,[110],1130955.0,1130244,29,1130984.0,29,1130984.0,False,1130984.0
41582,execution_finished,4,"[97, 98, 104, 105]",1130885.0,1130226,176,1131061.0,176,1131061.0,False,1131061.0
41584,execution_finished,4,"[111, 112, 115, 110]",1130984.0,1130247,77,1131061.0,77,1131061.0,False,1131061.0
41549,execution_finished,4,"[106, 107, 108, 109]",1130356.0,1125656,1029,1131385.0,1029,1131385.0,False,1131385.0
41588,execution_finished,4,"[106, 107, 108, 109]",1131385.0,1130903,75,1131460.0,75,1131460.0,False,1131460.0
41574,execution_finished,8,"[97, 98, 104, 105, 110, 111, 112, 115]",1131061.0,1129854,432,1131493.0,432,1131493.0,False,1131493.0
41593,execution_finished,1,[106],1131566.0,1131566,22,1131588.0,22,1131588.0,False,1131588.0
41541,execution_finished,32,"[0, 1, 2, 3, 4, 5, 6, 7, 8, 9, 10, 11, 12, 13, 14, 15, 48, 49, 51, 52, 53, 54, 55, 56, 76, 90, 91, 92, 93, 94, 95, 96]",1127743.0,1124118,4966,1132709.0,4966,1132709.0,False,1132709.0
41573,execution_finished,32,"[0, 1, 2, 3, 4, 5, 6, 7, 8, 9, 10, 11, 12, 13, 14, 15, 48, 49, 51, 52, 53, 54, 55, 56, 76, 90, 91, 92, 93, 94, 95, 96]",1132709.0,1129789,497,1133206.0,497,1133206.0,False,1133206.0
41514,execution_finished,32,"[21, 22, 23, 24, 30, 35, 40, 41, 42, 43, 44, 45, 46, 47, 50, 64, 65, 66, 67, 68, 69, 78, 79, 80, 82, 83, 86, 89, 99, 100, 101, 103]",1127266.0,1121791,7293,1134559.0,7293,1134559.0,False,1134559.0
41576,execution_finished,4,"[116, 124, 125, 127]",1130401.0,1129885,5141,1135542.0,5141,1135542.0,False,1135542.0
41578,execution_finished,32,"[0, 1, 2, 3, 4, 5, 6, 7, 8, 9, 10, 11, 12, 13, 14, 15, 48, 49, 51, 52, 53, 54, 55, 56, 76, 90, 91, 92, 93, 94, 95, 96]",1133206.0,1129910,2457,1135663.0,2457,1135663.0,False,1135663.0
41572,execution_finished,32,"[28, 29, 31, 32, 33, 34, 36, 37, 38, 39, 57, 58, 59, 60, 61, 62, 63, 70, 71, 72, 73, 74, 113, 114, 117, 118, 119, 120, 121, 122, 123, 126]",1130753.0,1129766,5259,1136012.0,5259,1136012.0,False,1136012.0
41597,execution_finished,32,"[116, 124, 125, 127, 0, 1, 2, 3, 4, 5, 6, 7, 8, 9, 10, 11, 12, 13, 14, 15, 48, 49, 51, 52, 53, 54, 55, 56, 76, 90, 91, 92]",1135663.0,1132446,776,1136439.0,776,1136439.0,False,1136439.0
41609,execution_finished,32,"[121, 122, 123, 126, 0, 1, 2, 3, 4, 5, 6, 7, 8, 9, 10, 11, 12, 13, 14, 15, 48, 49, 51, 52, 53, 54, 55, 56, 76, 90, 91, 92]",1136439.0,1135066,595,1137034.0,595,1137034.0,False,1137034.0
41624,execution_finished,1,[121],1137034.0,1137016,17,1137051.0,17,1137051.0,False,1137051.0
41625,execution_finished,1,[122],1137050.0,1137050,99,1137149.0,99,1137149.0,False,1137149.0
41595,execution_finished,1,[16],1137259.0,1132369,19,1137278.0,19,1137278.0,False,1137278.0
41607,execution_finished,1,[18],1138242.0,1134731,22,1138264.0,22,1138264.0,False,1138264.0
41608,execution_finished,1,[19],1138242.0,1135009,25,1138267.0,25,1138267.0,False,1138267.0
41605,execution_finished,1,[17],1138242.0,1134260,114,1138356.0,114,1138356.0,False,1138356.0
41610,execution_finished,1,[20],1138242.0,1135075,115,1138357.0,115,1138357.0,False,1138357.0
41619,execution_finished,1,[107],1138627.0,1135927,20,1138647.0,20,1138647.0,False,1138647.0
41611,execution_finished,4,"[25, 26, 27, 97]",1138242.0,1135135,527,1138769.0,527,1138769.0,False,1138769.0
41599,execution_finished,32,"[93, 94, 95, 96, 28, 29, 31, 32, 33, 34, 36, 37, 38, 39, 57, 58, 59, 60, 61, 62, 63, 70, 71, 72, 73, 74, 113, 114, 117, 118, 119, 120]",1136012.0,1133346,3612,1139624.0,3612,1139624.0,False,1139624.0
41622,execution_finished,1,[108],1139660.0,1136939,5,1139665.0,5,1139665.0,False,1139665.0
41623,execution_finished,1,[109],1139660.0,1136960,28,1139688.0,28,1139688.0,False,1139688.0
41586,execution_finished,8,"[75, 77, 81, 84, 85, 87, 88, 102]",1134193.0,1130353,6847,1141040.0,6847,1141040.0,False,1141040.0
41626,execution_finished,32,"[28, 29, 31, 32, 33, 34, 36, 37, 38, 39, 57, 58, 59, 60, 61, 62, 63, 70, 71, 72, 73, 74, 93, 94, 95, 96, 113, 114, 117, 118, 119, 120]",1139624.0,1137079,1603,1141227.0,1603,1141227.0,False,1141227.0
41629,execution_finished,1,[110],1141383.0,1138606,17,1141400.0,17,1141400.0,False,1141400.0
41630,execution_finished,1,[111],1141383.0,1138683,17,1141400.0,17,1141400.0,False,1141400.0
41585,execution_finished,32,"[21, 22, 23, 24, 30, 35, 40, 41, 42, 43, 44, 45, 46, 47, 50, 64, 65, 66, 67, 68, 69, 78, 79, 80, 82, 83, 86, 89, 99, 100, 101, 103]",1134559.0,1130316,6881,1141440.0,6881,1141440.0,False,1141440.0
41613,execution_finished,32,"[116, 124, 125, 127, 0, 1, 2, 3, 4, 5, 6, 7, 8, 9, 10, 11, 12, 13, 14, 15, 48, 49, 51, 52, 53, 54, 55, 56, 76, 90, 91, 92]",1137034.0,1135682,4664,1141698.0,4664,1141698.0,False,1141698.0
41633,execution_finished,32,"[80, 82, 83, 86, 89, 99, 100, 101, 103, 0, 1, 2, 3, 4, 5, 6, 7, 8, 9, 10, 11, 12, 13, 14, 15, 48, 49, 51, 52, 53, 54, 55]",1141698.0,1139994,12,1141710.0,12,1141710.0,False,1141710.0
41631,execution_finished,32,"[77, 81, 84, 85, 87, 88, 102, 28, 29, 31, 32, 33, 34, 36, 37, 38, 39, 57, 58, 59, 60, 61, 62, 63, 70, 71, 72, 73, 74, 93, 94, 95]",1141227.0,1138729,875,1142102.0,875,1142102.0,False,1142102.0
41615,execution_finished,4,"[98, 104, 105, 106]",1138448.0,1135748,4599,1143047.0,4599,1143047.0,False,1143047.0
41632,execution_finished,32,"[96, 113, 114, 117, 118, 119, 120, 110, 111, 21, 22, 23, 24, 30, 35, 40, 41, 42, 43, 44, 45, 46, 47, 50, 64, 65, 66, 67, 68, 69, 78, 79]",1141440.0,1139648,2376,1143816.0,2376,1143816.0,False,1143816.0
41639,execution_finished,1,[26],1144735.0,1142035,10,1144745.0,10,1144745.0,False,1144745.0
41638,execution_finished,1,[25],1144735.0,1142029,21,1144756.0,21,1144756.0,False,1144756.0
41640,execution_finished,32,"[21, 22, 23, 24, 30, 35, 40, 41, 42, 43, 44, 45, 46, 47, 50, 64, 65, 66, 67, 68, 69, 78, 79, 96, 110, 111, 113, 114, 117, 118, 119, 120]",1143816.0,1142079,2380,1146196.0,2380,1146196.0,False,1146196.0
41642,execution_finished,1,[97],1147165.0,1144465,8,1147173.0,8,1147173.0,False,1147173.0
41641,execution_finished,1,[27],1147161.0,1144461,20,1147181.0,20,1147181.0,False,1147181.0
41643,execution_finished,32,"[21, 22, 23, 24, 30, 35, 40, 41, 42, 43, 44, 45, 46, 47, 50, 64, 65, 66, 67, 68, 69, 78, 79, 96, 110, 111, 113, 114, 117, 118, 119, 120]",1146196.0,1144510,2393,1148589.0,2393,1148589.0,False,1148589.0
41644,execution_finished,1,[81],1149605.0,1146905,26,1149631.0,26,1149631.0,False,1149631.0
41645,execution_finished,32,"[21, 22, 23, 24, 30, 35, 40, 41, 42, 43, 44, 45, 46, 47, 50, 64, 65, 66, 67, 68, 69, 78, 79, 96, 110, 111, 113, 114, 117, 118, 119, 120]",1148589.0,1147227,2331,1150920.0,2331,1150920.0,False,1150920.0
41646,execution_finished,1,[25],1151289.0,1148023,17,1151306.0,17,1151306.0,False,1151306.0
41649,execution_finished,32,"[21, 22, 23, 24, 30, 35, 40, 41, 42, 43, 44, 45, 46, 47, 50, 64, 65, 66, 67, 68, 69, 78, 79, 96, 110, 111, 113, 114, 117, 118, 119, 120]",1150920.0,1150790,834,1151754.0,834,1151754.0,False,1151754.0
41647,execution_finished,1,[26],1152260.0,1149560,25,1152285.0,25,1152285.0,False,1152285.0
41648,execution_finished,1,[27],1153379.0,1150679,9,1153388.0,9,1153388.0,False,1153388.0
41634,execution_finished,32,"[56, 76, 90, 91, 92, 116, 124, 125, 127, 0, 1, 2, 3, 4, 5, 6, 7, 8, 9, 10, 11, 12, 13, 14, 15, 48, 49, 51, 52, 53, 54, 55]",1141710.0,1140363,14562,1156272.0,14562,1156272.0,False,1156272.0
41651,execution_finished,4,"[12, 13, 14, 15]",1163840.0,1161140,175,1164015.0,175,1164015.0,False,1164015.0
41656,execution_finished,2,"[12, 13]",1164015.0,1163198,22,1164037.0,22,1164037.0,False,1164037.0
41652,execution_finished,4,"[48, 49, 51, 52]",1164701.0,1162001,438,1165139.0,438,1165139.0,False,1165139.0
41653,execution_finished,4,"[53, 54, 55, 56]",1165457.0,1162757,138,1165595.0,138,1165595.0,False,1165595.0
41654,execution_finished,4,"[76, 90, 91, 92]",1165635.0,1162935,25,1165660.0,25,1165660.0,False,1165660.0
41655,execution_finished,4,"[116, 124, 125, 127]",1165721.0,1163021,23,1165744.0,23,1165744.0,False,1165744.0
41636,execution_finished,32,"[80, 82, 83, 86, 89, 99, 100, 101, 103, 28, 29, 31, 32, 33, 34, 36, 37, 38, 39, 57, 58, 59, 60, 61, 62, 63, 70, 71, 72, 73, 74, 77]",1142102.0,1140707,23822,1165924.0,23822,1165924.0,False,1165924.0
41637,execution_finished,8,"[20, 112, 115, 121, 122, 123, 126, 75]",1143740.0,1140739,23790,1167530.0,23790,1167530.0,False,1167530.0
41635,execution_finished,4,"[16, 17, 18, 19]",1143740.0,1140428,24106,1167846.0,24106,1167846.0,False,1167846.0
41650,execution_finished,64,"[21, 22, 23, 24, 25, 26, 27, 30, 35, 40, 41, 42, 43, 44, 45, 46, 47, 50, 64, 65, 66, 67, 68, 69, 78, 79, 81, 84, 85, 87, 88, 93, 94, 95, 96, 97, 98, 102, 104, 105, 106, 107, 108, 109, 110, 111, 113, 114, 117, 118, 119, 120, 0, 1, 2, 3, 4, 5, 6, 7, 8, 9, 10, 11]",1158972.0,1154931,9596,1168568.0,9596,1168568.0,False,1168568.0
41657,execution_finished,64,"[0, 1, 2, 3, 4, 5, 6, 7, 8, 9, 10, 11, 21, 22, 23, 24, 25, 26, 27, 30, 35, 40, 41, 42, 43, 44, 45, 46, 47, 50, 64, 65, 66, 67, 68, 69, 78, 79, 81, 84, 85, 87, 88, 93, 94, 95, 96, 97, 98, 102, 104, 105, 106, 107, 108, 109, 110, 111, 113, 114, 117, 118, 119, 120]",1168568.0,1164538,5137,1173705.0,5137,1173705.0,False,1173705.0
41679,execution_finished,64,"[0, 1, 2, 3, 4, 5, 6, 7, 8, 9, 10, 11, 12, 13, 14, 15, 16, 17, 18, 19, 20, 21, 22, 23, 24, 25, 26, 27, 28, 29, 30, 31, 32, 33, 34, 35, 36, 37, 38, 39, 40, 41, 42, 43, 44, 45, 46, 47, 48, 49, 50, 51, 52, 53, 54, 55, 56, 57, 58, 59, 60, 61, 62, 63]",1685486.0,1682786,306,1685792.0,306,1685792.0,False,1685792.0
41702,execution_finished,8,"[0, 1, 2, 3, 4, 5, 6, 7]",1693417.0,1690717,1301,1694718.0,1301,1694718.0,False,1694718.0
41680,execution_finished,64,"[64, 65, 66, 67, 68, 69, 70, 71, 72, 73, 74, 75, 76, 77, 78, 79, 80, 81, 82, 83, 84, 85, 86, 87, 88, 89, 90, 91, 92, 93, 94, 95, 96, 97, 98, 99, 100, 101, 102, 103, 104, 105, 106, 107, 108, 109, 110, 111, 112, 113, 114, 115, 116, 117, 118, 119, 120, 121, 122, 123, 124, 125, 126, 127]",1685807.0,1683107,9569,1695376.0,9569,1695376.0,False,1695376.0
41709,execution_finished,64,"[8, 9, 10, 11, 12, 13, 14, 15, 16, 17, 18, 19, 20, 21, 22, 23, 24, 25, 26, 27, 28, 29, 30, 31, 32, 33, 34, 35, 36, 37, 38, 39, 40, 41, 42, 43, 44, 45, 46, 47, 48, 49, 50, 51, 52, 53, 54, 55, 56, 57, 58, 59, 60, 61, 62, 63, 0, 1, 2, 3, 4, 5, 6, 7]",1697418.0,1692675,9653,1707071.0,9653,1707071.0,False,1707071.0
41780,execution_finished,1,[0],1714972.0,1712272,3,1714975.0,3,1714975.0,False,1714975.0
41786,execution_finished,1,[1],1715587.0,1712887,17,1715604.0,17,1715604.0,False,1715604.0
41787,execution_finished,8,"[2, 3, 4, 5, 6, 7, 8, 9]",1715750.0,1713050,68,1715818.0,68,1715818.0,False,1715818.0
41799,execution_finished,8,"[1, 2, 3, 4, 5, 6, 7, 8]",1716148.0,1716148,83,1716231.0,83,1716231.0,False,1716231.0
41790,execution_finished,8,"[10, 11, 12, 13, 14, 15, 16, 17]",1716767.0,1714067,70,1716837.0,70,1716837.0,False,1716837.0
41796,execution_finished,8,"[18, 19, 20, 21, 22, 23, 24, 25]",1717730.0,1715030,52,1717782.0,52,1717782.0,False,1717782.0
41804,execution_finished,8,"[18, 19, 20, 21, 22, 23, 24, 25]",1717936.0,1717936,21,1717957.0,21,1717957.0,False,1717957.0
41803,execution_finished,32,"[0, 26, 27, 28, 29, 30, 31, 32, 33, 34, 35, 36, 37, 38, 39, 40, 41, 42, 43, 44, 45, 46, 47, 48, 49, 50, 51, 52, 53, 54, 55, 56]",1720609.0,1717909,47,1720656.0,47,1720656.0,False,1720656.0
41823,execution_finished,1,[48],1720656.0,1720423,22,1720678.0,22,1720678.0,False,1720678.0
41815,execution_finished,8,"[56, 55, 54, 53, 52, 51, 50, 49]",1720656.0,1718745,61,1720717.0,61,1720717.0,False,1720717.0
41770,execution_finished,32,"[64, 65, 66, 67, 68, 69, 70, 71, 72, 73, 74, 75, 76, 77, 78, 79, 80, 81, 82, 83, 84, 85, 86, 87, 88, 89, 90, 91, 92, 93, 94, 95]",1711937.0,1709237,8850,1720787.0,8850,1720787.0,False,1720787.0
41806,execution_finished,32,"[33, 34, 35, 36, 37, 38, 39, 40, 41, 42, 43, 44, 45, 46, 47, 48, 49, 50, 51, 52, 53, 54, 55, 56, 64, 65, 66, 67, 68, 69, 70, 71]",1720787.0,1718013,34,1720821.0,34,1720821.0,False,1720821.0
41825,execution_finished,1,[41],1721169.0,1721049,13,1721182.0,13,1721182.0,False,1721182.0
41805,execution_finished,64,"[1, 2, 3, 4, 5, 6, 7, 8, 9, 10, 11, 12, 13, 14, 15, 16, 17, 18, 19, 20, 21, 22, 23, 24, 25, 97, 98, 99, 100, 101, 102, 103, 104, 105, 106, 107, 108, 109, 110, 111, 112, 113, 114, 115, 116, 117, 118, 119, 120, 121, 122, 123, 124, 125, 126, 127, 0, 26, 27, 28, 29, 30, 31, 32]",1723356.0,1718002,101,1723457.0,101,1723457.0,False,1723457.0
41814,execution_finished,64,"[0, 1, 2, 3, 4, 5, 6, 7, 8, 9, 10, 11, 12, 13, 14, 15, 16, 17, 18, 19, 20, 21, 22, 23, 24, 25, 26, 27, 28, 29, 30, 31, 32, 97, 98, 99, 100, 101, 102, 103, 104, 105, 106, 107, 108, 109, 110, 111, 112, 113, 114, 115, 116, 117, 118, 119, 120, 121, 122, 123, 124, 125, 126, 127]",1723457.0,1718682,24,1723481.0,24,1723481.0,False,1723481.0
41826,execution_finished,32,"[0, 1, 2, 3, 4, 5, 6, 7, 8, 9, 10, 11, 12, 13, 14, 15, 16, 17, 18, 19, 20, 21, 22, 23, 24, 25, 26, 27, 28, 29, 30, 31]",1723481.0,1721169,189,1723670.0,189,1723670.0,False,1723670.0
41835,execution_finished,32,"[0, 1, 2, 3, 4, 5, 6, 7, 8, 9, 10, 11, 12, 13, 14, 15, 16, 17, 18, 19, 20, 21, 22, 23, 24, 25, 26, 27, 28, 29, 30, 31]",1723670.0,1722662,225,1723895.0,225,1723895.0,False,1723895.0
41832,execution_finished,8,"[42, 43, 44, 45, 46, 47, 48, 49]",1726181.0,1722162,59,1726240.0,59,1726240.0,False,1726240.0
41852,execution_finished,1,[42],1726240.0,1726187,16,1726256.0,16,1726256.0,False,1726256.0
41838,execution_finished,8,"[64, 65, 66, 67, 68, 69, 70, 71]",1726370.0,1723331,24,1726394.0,24,1726394.0,False,1726394.0
41837,execution_finished,8,"[41, 50, 51, 52, 53, 54, 55, 56]",1726370.0,1722831,38,1726408.0,38,1726408.0,False,1726408.0
41854,execution_finished,1,[43],1726463.0,1726463,80,1726543.0,80,1726543.0,False,1726543.0
41856,execution_finished,2,"[44, 45]",1726571.0,1726571,63,1726634.0,63,1726634.0,False,1726634.0
41857,execution_finished,4,"[46, 47, 48, 49]",1726646.0,1726646,105,1726751.0,105,1726751.0,False,1726751.0
41859,execution_finished,8,"[64, 65, 66, 67, 68, 69, 70, 71]",1726884.0,1726763,110,1726994.0,110,1726994.0,False,1726994.0
41860,execution_finished,16,"[41, 50, 51, 52, 53, 54, 55, 56, 43, 44, 45, 46, 47, 48, 49, 64]",1726994.0,1726884,90,1727084.0,90,1727084.0,False,1727084.0
41862,execution_finished,1,[65],1727285.0,1727285,9,1727294.0,9,1727294.0,False,1727294.0
41864,execution_finished,4,"[70, 71, 41, 43]",1727366.0,1727366,34,1727400.0,34,1727400.0,False,1727400.0
41863,execution_finished,4,"[66, 67, 68, 69]",1727303.0,1727303,119,1727422.0,119,1727422.0,False,1727422.0
41865,execution_finished,1,[44],1727420.0,1727420,27,1727447.0,27,1727447.0,False,1727447.0
41866,execution_finished,2,"[45, 46]",1727463.0,1727463,29,1727492.0,29,1727492.0,False,1727492.0
41869,execution_finished,1,[41],1727546.0,1727546,12,1727558.0,12,1727558.0,False,1727558.0
41867,execution_finished,4,"[47, 48, 49, 50]",1727505.0,1727505,96,1727601.0,96,1727601.0,False,1727601.0
41868,execution_finished,8,"[51, 52, 53, 54, 55, 56, 64, 65]",1727536.0,1727536,118,1727654.0,118,1727654.0,False,1727654.0
41870,execution_finished,8,"[43, 70, 71, 66, 67, 68, 69, 44]",1727616.0,1727616,80,1727696.0,80,1727696.0,False,1727696.0
41871,execution_finished,16,"[45, 46, 41, 47, 48, 49, 50, 51, 52, 53, 54, 55, 56, 64, 65, 43]",1727714.0,1727714,87,1727801.0,87,1727801.0,False,1727801.0
41827,execution_finished,32,"[32, 97, 98, 99, 100, 101, 102, 103, 104, 105, 106, 107, 108, 109, 110, 111, 112, 113, 114, 115, 116, 117, 118, 119, 120, 121, 122, 123, 124, 125, 126, 127]",1723481.0,1721463,4764,1728245.0,4764,1728245.0,False,1728245.0
41874,execution_finished,2,"[105, 106]",1728753.0,1728753,32,1728785.0,32,1728785.0,False,1728785.0
41875,execution_finished,4,"[107, 108, 109, 110]",1728795.0,1728795,89,1728884.0,89,1728884.0,False,1728884.0
41858,execution_finished,32,"[44, 66, 67, 68, 69, 70, 71, 41, 43, 45, 46, 47, 48, 49, 50, 51, 52, 53, 54, 55, 56, 64, 65, 32, 97, 98, 99, 100, 101, 102, 103, 104]",1728245.0,1726738,1017,1729262.0,1017,1729262.0,False,1729262.0
41853,execution_finished,32,"[0, 1, 2, 3, 4, 5, 6, 7, 8, 9, 10, 11, 12, 13, 14, 15, 16, 17, 18, 19, 20, 21, 22, 23, 24, 25, 26, 27, 28, 29, 30, 31]",1729091.0,1726391,264,1729355.0,264,1729355.0,False,1729355.0
41861,execution_finished,32,"[105, 106, 107, 108, 109, 110, 32, 41, 43, 44, 45, 46, 47, 48, 49, 50, 51, 52, 53, 54, 55, 56, 64, 65, 66, 67, 68, 69, 70, 71, 97, 98]",1729262.0,1726990,110,1729372.0,110,1729372.0,False,1729372.0
41876,execution_finished,8,"[26, 27, 28, 29, 30, 31, 32, 41]",1729372.0,1728896,76,1729448.0,76,1729448.0,False,1729448.0
41872,execution_finished,32,"[99, 100, 101, 102, 103, 104, 0, 1, 2, 3, 4, 5, 6, 7, 8, 9, 10, 11, 12, 13, 14, 15, 16, 17, 18, 19, 20, 21, 22, 23, 24, 25]",1729355.0,1727812,115,1729470.0,115,1729470.0,False,1729470.0
41877,execution_finished,16,"[43, 44, 45, 46, 47, 48, 49, 50, 51, 52, 53, 54, 55, 56, 64, 65]",1729372.0,1728991,108,1729480.0,108,1729480.0,False,1729480.0
41878,execution_finished,32,"[66, 67, 68, 69, 70, 71, 97, 98, 105, 106, 107, 108, 109, 110, 26, 27, 28, 29, 30, 31, 32, 41, 0, 1, 2, 3, 4, 5, 6, 7, 8, 9]",1729470.0,1729113,132,1729602.0,132,1729602.0,False,1729602.0
41879,execution_finished,32,"[10, 11, 12, 13, 14, 15, 16, 17, 18, 19, 20, 21, 22, 23, 24, 25, 99, 100, 101, 102, 103, 104, 43, 44, 45, 46, 47, 48, 49, 50, 51, 52]",1729480.0,1729234,369,1729849.0,369,1729849.0,False,1729849.0
41881,execution_finished,4,"[105, 106, 107, 108]",1729746.0,1729746,107,1729853.0,107,1729853.0,False,1729853.0
41882,execution_finished,8,"[109, 110, 10, 11, 12, 13, 14, 15]",1729859.0,1729859,91,1729950.0,91,1729950.0,False,1729950.0
41880,execution_finished,32,"[53, 54, 55, 56, 64, 65, 0, 1, 2, 3, 4, 5, 6, 7, 8, 9, 26, 27, 28, 29, 30, 31, 32, 41, 66, 67, 68, 69, 70, 71, 97, 98]",1729645.0,1729645,403,1730048.0,403,1730048.0,False,1730048.0
41883,execution_finished,32,"[16, 17, 18, 19, 20, 21, 22, 23, 24, 25, 43, 44, 45, 46, 47, 48, 49, 50, 51, 52, 99, 100, 101, 102, 103, 104, 105, 106, 107, 108, 10, 11]",1730030.0,1730030,219,1730249.0,219,1730249.0,False,1730249.0
41884,execution_finished,64,"[12, 13, 14, 15, 109, 110, 0, 1, 2, 3, 4, 5, 6, 7, 8, 9, 26, 27, 28, 29, 30, 31, 32, 41, 53, 54, 55, 56, 64, 65, 66, 67, 68, 69, 70, 71, 97, 98, 10, 11, 16, 17, 18, 19, 20, 21, 22, 23, 24, 25, 43, 44, 45, 46, 47, 48, 49, 50, 51, 52, 99, 100, 101, 102]",1730255.0,1730255,162,1730417.0,162,1730417.0,False,1730417.0
41885,execution_finished,16,"[103, 104, 105, 106, 107, 108, 0, 1, 2, 3, 4, 5, 6, 7, 8, 9]",1730488.0,1730488,178,1730666.0,178,1730666.0,False,1730666.0
41886,execution_finished,8,"[10, 11, 12, 13, 14, 15, 16, 17]",1730505.0,1730505,346,1730851.0,346,1730851.0,False,1730851.0
41887,execution_finished,1,[18],1730839.0,1730839,54,1730893.0,54,1730893.0,False,1730893.0
41889,execution_finished,2,"[67, 68]",1730908.0,1730908,63,1730971.0,63,1730971.0,False,1730971.0
41890,execution_finished,4,"[69, 70, 71, 97]",1730998.0,1730998,132,1731130.0,132,1731130.0,False,1731130.0
41888,execution_finished,32,"[19, 20, 21, 22, 23, 24, 25, 26, 27, 28, 29, 30, 31, 32, 41, 43, 44, 45, 46, 47, 48, 49, 50, 51, 52, 53, 54, 55, 56, 64, 65, 66]",1730848.0,1730848,355,1731203.0,355,1731203.0,False,1731203.0
41891,execution_finished,8,"[0, 1, 2, 3, 4, 5, 6, 7]",1731152.0,1731152,83,1731235.0,83,1731235.0,False,1731235.0
41892,execution_finished,16,"[8, 9, 103, 104, 105, 106, 107, 108, 10, 11, 12, 13, 14, 15, 16, 17]",1731244.0,1731244,92,1731336.0,92,1731336.0,False,1731336.0
41873,execution_finished,1,[42],1731414.0,1728714,26,1731440.0,26,1731440.0,False,1731440.0
41893,execution_finished,32,"[18, 67, 68, 69, 70, 71, 97, 19, 20, 21, 22, 23, 24, 25, 26, 27, 28, 29, 30, 31, 32, 41, 43, 44, 45, 46, 47, 48, 49, 50, 51, 52]",1731251.0,1731251,426,1731677.0,426,1731677.0,False,1731677.0
41895,execution_finished,4,"[8, 9, 10, 11]",1731771.0,1731771,28,1731799.0,28,1731799.0,False,1731799.0
41897,execution_finished,4,"[97, 8, 9, 10]",1732025.0,1732025,135,1732160.0,135,1732160.0,False,1732160.0
41900,execution_finished,2,"[9, 10]",1732435.0,1732435,27,1732462.0,27,1732462.0,False,1732462.0
41899,execution_finished,1,[8],1732435.0,1732387,28,1732463.0,28,1732463.0,False,1732463.0
41896,execution_finished,32,"[42, 18, 19, 20, 21, 22, 23, 24, 25, 26, 27, 28, 29, 30, 31, 32, 41, 43, 44, 45, 46, 47, 48, 49, 50, 51, 52, 67, 68, 69, 70, 71]",1731982.0,1731982,568,1732550.0,568,1732550.0,False,1732550.0
41902,execution_finished,1,[26],1732552.0,1732552,16,1732568.0,16,1732568.0,False,1732568.0
41903,execution_finished,1,[27],1732571.0,1732571,13,1732584.0,13,1732584.0,False,1732584.0
41901,execution_finished,4,"[22, 23, 24, 25]",1732550.0,1732473,94,1732644.0,94,1732644.0,False,1732644.0
41904,execution_finished,8,"[28, 29, 30, 31, 32, 41, 42, 43]",1732582.0,1732582,89,1732671.0,89,1732671.0,False,1732671.0
41898,execution_finished,8,"[97, 9, 10, 8, 18, 19, 20, 21]",1732550.0,1732172,226,1732776.0,226,1732776.0,False,1732776.0
41894,execution_finished,32,"[111, 112, 113, 114, 115, 116, 117, 118, 119, 120, 121, 122, 123, 124, 125, 126, 127, 53, 54, 55, 56, 64, 65, 66, 0, 1, 2, 3, 4, 5, 6, 7]",1734053.0,1731353,105,1734158.0,105,1734158.0,False,1734158.0
41907,execution_finished,32,"[0, 1, 2, 3, 4, 5, 6, 7, 53, 54, 55, 56, 64, 65, 66, 111, 112, 113, 114, 115, 116, 117, 118, 119, 120, 121, 122, 123, 124, 125, 126, 127]",1734158.0,1732824,29,1734187.0,29,1734187.0,False,1734187.0
41908,execution_finished,32,"[0, 1, 2, 3, 4, 5, 6, 7, 53, 54, 55, 56, 64, 65, 66, 111, 112, 113, 114, 115, 116, 117, 118, 119, 120, 121, 122, 123, 124, 125, 126, 127]",1734187.0,1732912,32,1734219.0,32,1734219.0,False,1734219.0
41909,execution_finished,32,"[0, 1, 2, 3, 4, 5, 6, 7, 53, 54, 55, 56, 64, 65, 66, 111, 112, 113, 114, 115, 116, 117, 118, 119, 120, 121, 122, 123, 124, 125, 126, 127]",1734219.0,1733033,103,1734322.0,103,1734322.0,False,1734322.0
41912,execution_finished,2,"[54, 55]",1734322.0,1733466,6,1734328.0,6,1734328.0,False,1734328.0
41916,execution_finished,8,"[114, 115, 116, 117, 118, 119, 120, 121]",1734322.0,1733721,38,1734360.0,38,1734360.0,False,1734360.0
41914,execution_finished,2,"[64, 65]",1734322.0,1733617,40,1734362.0,40,1734362.0,False,1734362.0
41915,execution_finished,4,"[66, 111, 112, 113]",1734322.0,1733668,43,1734365.0,43,1734365.0,False,1734365.0
41911,execution_finished,1,[53],1734322.0,1733395,54,1734376.0,54,1734376.0,False,1734376.0
41913,execution_finished,1,[56],1734322.0,1733549,57,1734379.0,57,1734379.0,False,1734379.0
41917,execution_finished,16,"[122, 123, 124, 125, 126, 127, 54, 55, 114, 115, 116, 117, 118, 119, 120, 121]",1734360.0,1733770,52,1734412.0,52,1734412.0,False,1734412.0
41919,execution_finished,1,[65],1734362.0,1734187,55,1734417.0,55,1734417.0,False,1734417.0
41910,execution_finished,8,"[0, 1, 2, 3, 4, 5, 6, 7]",1734322.0,1733391,118,1734440.0,118,1734440.0,False,1734440.0
41918,execution_finished,32,"[64, 66, 111, 112, 113, 53, 56, 54, 55, 114, 115, 116, 117, 118, 119, 120, 121, 122, 123, 124, 125, 126, 127, 65, 0, 1, 2, 3, 4, 5, 6, 7]",1734440.0,1733837,90,1734530.0,90,1734530.0,False,1734530.0
41920,execution_finished,32,"[0, 1, 2, 3, 4, 5, 6, 7, 53, 54, 55, 56, 64, 65, 66, 111, 112, 113, 114, 115, 116, 117, 118, 119, 120, 121, 122, 123, 124, 125, 126, 127]",1734530.0,1734192,43,1734573.0,43,1734573.0,False,1734573.0
41921,execution_finished,1,[0],1734756.0,1734756,509,1735265.0,509,1735265.0,False,1735265.0
41923,execution_finished,1,[0],1735336.0,1735336,70,1735406.0,70,1735406.0,False,1735406.0
41906,execution_finished,16,"[12, 13, 14, 15, 16, 17, 98, 99, 100, 101, 102, 103, 104, 105, 106, 107]",1736436.0,1732684,124,1736560.0,124,1736560.0,False,1736560.0
41926,execution_finished,1,[16],1736560.0,1735796,20,1736580.0,20,1736580.0,False,1736580.0
41925,execution_finished,4,"[12, 13, 14, 15]",1736560.0,1735582,31,1736591.0,31,1736591.0,False,1736591.0
41929,execution_finished,2,"[102, 103]",1736560.0,1736406,80,1736640.0,80,1736640.0,False,1736640.0
41931,execution_finished,4,"[16, 12, 13, 14]",1736591.0,1736495,56,1736647.0,56,1736647.0,False,1736647.0
41927,execution_finished,1,[17],1736560.0,1736301,88,1736648.0,88,1736648.0,False,1736648.0
41928,execution_finished,4,"[98, 99, 100, 101]",1736560.0,1736370,113,1736673.0,113,1736673.0,False,1736673.0
41930,execution_finished,4,"[104, 105, 106, 107]",1736560.0,1736473,349,1736909.0,349,1736909.0,False,1736909.0
41938,execution_finished,2,"[104, 105]",1737446.0,1737446,53,1737499.0,53,1737499.0,False,1737499.0
41922,execution_finished,32,"[11, 108, 109, 110, 1, 2, 3, 4, 5, 6, 7, 53, 54, 55, 56, 64, 65, 66, 111, 112, 113, 114, 115, 116, 117, 118, 119, 120, 121, 122, 123, 124]",1737611.0,1734911,36,1737647.0,36,1737647.0,False,1737647.0
41939,execution_finished,4,"[124, 123, 122, 121]",1737647.0,1737510,59,1737706.0,59,1737706.0,False,1737706.0
41940,execution_finished,8,"[120, 119, 118, 117, 116, 115, 114, 113]",1737647.0,1737579,62,1737709.0,62,1737709.0,False,1737709.0
41933,execution_finished,16,"[104, 105, 1, 2, 3, 4, 5, 6, 7, 11, 53, 54, 55, 56, 64, 65]",1737647.0,1736650,65,1737712.0,65,1737712.0,False,1737712.0
41934,execution_finished,32,"[66, 108, 109, 110, 111, 112, 121, 122, 123, 124, 113, 114, 115, 116, 117, 118, 119, 120, 1, 2, 3, 4, 5, 6, 7, 11, 53, 54, 55, 56, 64, 65]",1737712.0,1736731,100,1737812.0,100,1737812.0,False,1737812.0
41941,execution_finished,16,"[104, 105, 1, 2, 3, 4, 5, 6, 7, 11, 53, 54, 55, 56, 64, 65]",1737812.0,1737655,68,1737880.0,68,1737880.0,False,1737880.0
41942,execution_finished,32,"[66, 108, 109, 110, 111, 112, 113, 114, 115, 116, 117, 118, 119, 120, 121, 122, 123, 124, 1, 2, 3, 4, 5, 6, 7, 11, 53, 54, 55, 56, 64, 65]",1737880.0,1737742,36,1737916.0,36,1737916.0,False,1737916.0
41924,execution_finished,2,"[19, 20]",1738115.0,1735415,157,1738272.0,157,1738272.0,False,1738272.0
41943,execution_finished,1,[104],1738480.0,1738480,20,1738500.0,20,1738500.0,False,1738500.0
41944,execution_finished,1,[19],1738591.0,1738591,21,1738612.0,21,1738612.0,False,1738612.0
41945,execution_finished,1,[20],1738733.0,1738733,32,1738765.0,32,1738765.0,False,1738765.0
41946,execution_finished,1,[104],1738927.0,1738927,29,1738956.0,29,1738956.0,False,1738956.0
41947,execution_finished,2,"[19, 20]",1738972.0,1738972,46,1739018.0,46,1739018.0,False,1739018.0
41932,execution_finished,8,"[21, 97, 15, 102, 103, 12, 13, 14]",1739347.0,1736567,66,1739413.0,66,1739413.0,False,1739413.0
41952,execution_finished,1,[12],1739510.0,1739510,14,1739524.0,14,1739524.0,False,1739524.0
41905,execution_finished,32,"[44, 45, 46, 47, 48, 49, 50, 51, 52, 67, 68, 69, 70, 71, 26, 27, 22, 23, 24, 25, 28, 29, 30, 31, 32, 41, 42, 43, 8, 9, 10, 18]",1732776.0,1732643,6865,1739641.0,6865,1739641.0,False,1739641.0
41950,execution_finished,16,"[13, 14, 15, 21, 97, 102, 103, 12, 8, 9, 10, 18, 22, 23, 24, 25]",1739641.0,1739157,68,1739709.0,68,1739709.0,False,1739709.0
41951,execution_finished,32,"[26, 27, 28, 29, 30, 31, 32, 41, 42, 43, 44, 45, 46, 47, 48, 49, 50, 51, 52, 67, 68, 69, 70, 71, 8, 9, 10, 12, 13, 14, 15, 18]",1739709.0,1739236,95,1739804.0,95,1739804.0,False,1739804.0
41935,execution_finished,1,[125],1739772.0,1737072,82,1739854.0,82,1739854.0,False,1739854.0
41953,execution_finished,1,[21],1739966.0,1739966,54,1740020.0,54,1740020.0,False,1740020.0
41955,execution_finished,2,"[51, 52]",1740034.0,1740034,63,1740097.0,63,1740097.0,False,1740097.0
41936,execution_finished,1,[126],1740108.0,1737408,21,1740129.0,21,1740129.0,False,1740129.0
41937,execution_finished,1,[127],1740109.0,1737409,27,1740136.0,27,1740136.0,False,1740136.0
41956,execution_finished,4,"[67, 68, 69, 70]",1740116.0,1740116,36,1740152.0,36,1740152.0,False,1740152.0
41957,execution_finished,8,"[71, 125, 21, 51, 52, 126, 127, 67]",1740167.0,1740167,43,1740210.0,43,1740210.0,False,1740210.0
41954,execution_finished,32,"[22, 23, 24, 25, 97, 102, 103, 8, 9, 10, 12, 13, 14, 15, 18, 26, 27, 28, 29, 30, 31, 32, 41, 42, 43, 44, 45, 46, 47, 48, 49, 50]",1739976.0,1739976,1292,1741268.0,1292,1741268.0,False,1741268.0
41959,execution_finished,32,"[8, 9, 10, 12, 13, 14, 15, 18, 22, 23, 24, 25, 26, 27, 28, 29, 30, 31, 32, 41, 42, 43, 44, 45, 46, 47, 48, 49, 50, 97, 102, 103]",1741268.0,1740295,88,1741356.0,88,1741356.0,False,1741356.0
41962,execution_finished,32,"[8, 9, 10, 12, 13, 14, 15, 18, 22, 23, 24, 25, 26, 27, 28, 29, 30, 31, 32, 41, 42, 43, 44, 45, 46, 47, 48, 49, 50, 97, 102, 103]",1741356.0,1741024,87,1741443.0,87,1741443.0,False,1741443.0
41969,execution_finished,2,"[103, 102]",1741443.0,1741410,26,1741469.0,26,1741469.0,False,1741469.0
41972,execution_finished,4,"[103, 102, 97, 50]",1741488.0,1741488,32,1741520.0,32,1741520.0,False,1741520.0
41966,execution_finished,16,"[8, 9, 10, 12, 13, 14, 15, 18, 22, 23, 24, 25, 26, 27, 28, 29]",1741443.0,1741120,86,1741529.0,86,1741529.0,False,1741529.0
41967,execution_finished,32,"[30, 31, 32, 41, 42, 43, 44, 45, 46, 47, 48, 49, 50, 97, 102, 103, 8, 9, 10, 12, 13, 14, 15, 18, 22, 23, 24, 25, 26, 27, 28, 29]",1741529.0,1741223,136,1741665.0,136,1741665.0,False,1741665.0
41948,execution_finished,4,"[0, 104, 19, 20]",1741734.0,1739034,51,1741785.0,51,1741785.0,False,1741785.0
41949,execution_finished,8,"[16, 17, 98, 99, 100, 101, 106, 107]",1742009.0,1739096,51,1742060.0,51,1742060.0,False,1742060.0
41974,execution_finished,8,"[16, 17, 98, 99, 100, 101, 106, 107]",1742060.0,1741532,26,1742086.0,26,1742086.0,False,1742086.0
41975,execution_finished,8,"[16, 17, 98, 99, 100, 101, 106, 107]",1742086.0,1741612,21,1742107.0,21,1742107.0,False,1742107.0
41977,execution_finished,4,"[107, 106, 101, 100]",1742107.0,1741745,21,1742128.0,21,1742128.0,False,1742128.0
41981,execution_finished,4,"[107, 106, 101, 100]",1742137.0,1742137,22,1742159.0,22,1742159.0,False,1742159.0
41982,execution_finished,4,"[107, 106, 101, 100]",1742274.0,1742274,21,1742295.0,21,1742295.0,False,1742295.0
41958,execution_finished,16,"[1, 2, 3, 4, 5, 6, 7, 11, 53, 54, 55, 56, 64, 65, 66, 105]",1743016.0,1740222,60,1743076.0,60,1743076.0,False,1743076.0
41983,execution_finished,16,"[105, 66, 65, 64, 56, 55, 54, 53, 11, 7, 6, 5, 4, 3, 2, 1]",1743076.0,1742313,22,1743098.0,22,1743098.0,False,1743098.0
41960,execution_finished,1,[108],1743968.0,1740373,11,1743979.0,11,1743979.0,False,1743979.0
41961,execution_finished,1,[109],1743968.0,1740960,41,1744009.0,41,1744009.0,False,1744009.0
41963,execution_finished,2,"[110, 111]",1744056.0,1741026,2,1744058.0,2,1744058.0,False,1744058.0
41965,execution_finished,4,"[116, 117, 118, 119]",1744056.0,1741094,5,1744061.0,5,1744061.0,False,1744061.0
41964,execution_finished,4,"[112, 113, 114, 115]",1744056.0,1741087,23,1744079.0,23,1744079.0,False,1744079.0
41968,execution_finished,1,[120],1744143.0,1741270,18,1744161.0,18,1744161.0,False,1744161.0
41971,execution_finished,1,[121],1744143.0,1741421,36,1744179.0,36,1744179.0,False,1744179.0
41991,execution_finished,8,"[116, 117, 118, 119, 112, 113, 114, 115]",1744441.0,1744441,37,1744478.0,37,1744478.0,False,1744478.0
41808,execution_finished,8,"[57, 58, 59, 60, 61, 62, 63, 96]",1720827.0,1718127,23959,1744786.0,23959,1744786.0,False,1744786.0
41807,execution_finished,32,"[72, 73, 74, 75, 76, 77, 78, 79, 80, 81, 82, 83, 84, 85, 86, 87, 88, 89, 90, 91, 92, 93, 94, 95, 33, 34, 35, 36, 37, 38, 39, 40]",1720821.0,1718095,23991,1744812.0,23991,1744812.0,False,1744812.0
41976,execution_finished,32,"[118, 119, 57, 58, 59, 60, 61, 62, 63, 96, 33, 34, 35, 36, 37, 38, 39, 40, 72, 73, 74, 75, 76, 77, 78, 79, 80, 81, 82, 83, 84, 85]",1744812.0,1741654,187,1744999.0,187,1744999.0,False,1744999.0
41978,execution_finished,32,"[86, 87, 88, 89, 90, 91, 92, 93, 94, 95, 33, 34, 35, 36, 37, 38, 39, 40, 57, 58, 59, 60, 61, 62, 63, 72, 73, 74, 75, 76, 77, 78]",1744999.0,1741876,130,1745129.0,130,1745129.0,False,1745129.0
41979,execution_finished,32,"[79, 80, 81, 82, 83, 84, 85, 96, 118, 119, 33, 34, 35, 36, 37, 38, 39, 40, 57, 58, 59, 60, 61, 62, 63, 72, 73, 74, 75, 76, 77, 78]",1745129.0,1742027,88,1745217.0,88,1745217.0,False,1745217.0
41992,execution_finished,8,"[120, 121, 112, 113, 114, 115, 116, 117]",1744496.0,1744496,1143,1745639.0,1143,1745639.0,False,1745639.0
41994,execution_finished,1,[112],1745935.0,1745742,24,1745959.0,24,1745959.0,False,1745959.0
41986,execution_finished,2,"[68, 69]",1745886.0,1743186,97,1745983.0,97,1745983.0,False,1745983.0
41987,execution_finished,2,"[70, 71]",1745921.0,1743221,65,1745986.0,65,1745986.0,False,1745986.0
41988,execution_finished,1,[122],1746015.0,1743315,15,1746030.0,15,1746030.0,False,1746030.0
41989,execution_finished,1,[123],1746111.0,1743411,15,1746126.0,15,1746126.0,False,1746126.0
41990,execution_finished,8,"[124, 125, 126, 127, 108, 109, 110, 111]",1746761.0,1743878,511,1747272.0,511,1747272.0,False,1747272.0
41995,execution_finished,8,"[127, 126, 125, 124, 111, 110, 109, 108]",1747272.0,1745935,743,1748015.0,743,1748015.0,False,1748015.0
41997,execution_finished,8,"[127, 126, 125, 124, 111, 110, 109, 108]",1748015.0,1746775,175,1748190.0,175,1748190.0,False,1748190.0
41985,execution_finished,32,"[1, 2, 3, 4, 5, 6, 7, 11, 16, 17, 53, 54, 55, 56, 64, 65, 66, 98, 99, 100, 101, 105, 106, 107, 79, 80, 81, 82, 83, 84, 85, 96]",1748198.0,1742937,30,1748228.0,30,1748228.0,False,1748228.0
41993,execution_finished,32,"[108, 109, 110, 111, 124, 125, 126, 127, 1, 2, 3, 4, 5, 6, 7, 11, 16, 17, 53, 54, 55, 56, 64, 65, 66, 79, 80, 81, 82, 83, 84, 85]",1748228.0,1745397,31,1748259.0,31,1748259.0,False,1748259.0
41996,execution_finished,32,"[107, 1, 2, 3, 4, 5, 6, 7, 11, 16, 17, 53, 54, 55, 56, 64, 65, 66, 79, 80, 81, 82, 83, 84, 85, 108, 109, 110, 111, 124, 125, 126]",1748259.0,1746558,36,1748295.0,36,1748295.0,False,1748295.0
41998,execution_finished,32,"[127, 1, 2, 3, 4, 5, 6, 7, 11, 16, 17, 53, 54, 55, 56, 64, 65, 66, 79, 80, 81, 82, 83, 84, 85, 107, 108, 109, 110, 111, 124, 125]",1748295.0,1746966,44,1748339.0,44,1748339.0,False,1748339.0
42001,execution_finished,32,"[126, 1, 2, 3, 4, 5, 6, 7, 11, 16, 17, 53, 54, 55, 56, 64, 65, 66, 79, 80, 81, 82, 83, 84, 85, 107, 108, 109, 110, 111, 124, 125]",1748339.0,1747715,222,1748561.0,222,1748561.0,False,1748561.0
41984,execution_finished,4,"[21, 51, 52, 67]",1745798.0,1742879,2881,1748679.0,2881,1748679.0,False,1748679.0
42003,execution_finished,16,"[1, 2, 3, 4, 5, 6, 7, 11, 16, 17, 53, 54, 55, 56, 64, 65]",1748561.0,1747947,182,1748743.0,182,1748743.0,False,1748743.0
41970,execution_finished,32,"[8, 9, 10, 12, 13, 14, 15, 18, 22, 23, 24, 25, 26, 27, 28, 29, 30, 31, 32, 41, 42, 43, 44, 45, 46, 47, 48, 49, 50, 97, 102, 103]",1741665.0,1741413,9182,1750847.0,9182,1750847.0,False,1750847.0
41999,execution_finished,8,"[113, 114, 115, 116, 117, 118, 119, 120]",1750928.0,1746968,45,1750973.0,45,1750973.0,False,1750973.0
42007,execution_finished,1,[113],1750973.0,1750547,5,1750978.0,5,1750978.0,False,1750978.0
41973,execution_finished,4,"[0, 19, 20, 104]",1741785.0,1741506,9390,1751175.0,9390,1751175.0,False,1751175.0
42000,execution_finished,8,"[121, 96, 98, 99, 100, 101, 105, 106]",1750928.0,1747035,390,1751318.0,390,1751318.0,False,1751318.0
42002,execution_finished,8,"[68, 69, 70, 71, 112, 122, 123, 127]",1751226.0,1747895,129,1751355.0,129,1751355.0,False,1751355.0
42004,execution_finished,8,"[66, 79, 80, 81, 82, 83, 84, 85]",1748561.0,1748165,3879,1752440.0,3879,1752440.0,False,1752440.0
42012,execution_finished,1,[66],1752440.0,1752175,14,1752454.0,14,1752454.0,False,1752454.0
42014,execution_finished,1,[79],1752823.0,1752823,17,1752840.0,17,1752840.0,False,1752840.0
42008,execution_finished,32,"[1, 2, 3, 4, 5, 6, 7, 11, 16, 17, 21, 51, 52, 53, 54, 55, 56, 64, 65, 67, 114, 115, 116, 117, 118, 119, 120, 113, 0, 19, 20, 104]",1753875.0,1750616,31,1753906.0,31,1753906.0,False,1753906.0
42009,execution_finished,32,"[0, 1, 2, 3, 4, 5, 6, 7, 11, 16, 17, 19, 20, 21, 51, 52, 53, 54, 55, 56, 64, 65, 67, 104, 113, 114, 115, 116, 117, 118, 119, 120]",1753906.0,1750883,417,1754323.0,417,1754323.0,False,1754323.0
41980,execution_finished,32,"[86, 87, 88, 89, 90, 91, 92, 93, 94, 95, 33, 34, 35, 36, 37, 38, 39, 40, 57, 58, 59, 60, 61, 62, 63, 72, 73, 74, 75, 76, 77, 78]",1745217.0,1742097,10074,1755291.0,10074,1755291.0,False,1755291.0
42011,execution_finished,4,"[68, 69, 70, 71]",1751918.0,1751557,8477,1760395.0,8477,1760395.0,False,1760395.0
42005,execution_finished,32,"[8, 9, 10, 12, 13, 14, 15, 18, 22, 23, 24, 25, 26, 27, 28, 29, 30, 31, 32, 41, 42, 43, 44, 45, 46, 47, 48, 49, 50, 97, 102, 103]",1750847.0,1749875,9855,1760702.0,9855,1760702.0,False,1760702.0
42016,execution_finished,32,"[103, 102, 97, 71, 70, 69, 68, 50, 49, 48, 47, 46, 45, 44, 43, 42, 41, 32, 31, 30, 29, 28, 27, 26, 25, 24, 23, 22, 18, 15, 14, 13]",1760702.0,1760036,62,1760764.0,62,1760764.0,False,1760764.0
42017,execution_finished,32,"[103, 102, 97, 71, 70, 69, 68, 50, 49, 48, 47, 46, 45, 44, 43, 42, 41, 32, 31, 30, 29, 28, 27, 26, 25, 24, 23, 22, 18, 15, 14, 13]",1760764.0,1760400,63,1760827.0,63,1760827.0,False,1760827.0
42018,execution_finished,32,"[103, 102, 97, 71, 70, 69, 68, 50, 49, 48, 47, 46, 45, 44, 43, 42, 41, 32, 31, 30, 29, 28, 27, 26, 25, 24, 23, 22, 18, 15, 14, 13]",1761126.0,1760764,59,1761185.0,59,1761185.0,False,1761185.0
42019,execution_finished,32,"[103, 102, 97, 71, 70, 69, 68, 50, 49, 48, 47, 46, 45, 44, 43, 42, 41, 32, 31, 30, 29, 28, 27, 26, 25, 24, 23, 22, 18, 15, 14, 13]",1761488.0,1761126,61,1761549.0,61,1761549.0,False,1761549.0
42020,execution_finished,32,"[103, 102, 97, 71, 70, 69, 68, 50, 49, 48, 47, 46, 45, 44, 43, 42, 41, 32, 31, 30, 29, 28, 27, 26, 25, 24, 23, 22, 18, 15, 14, 13]",1761855.0,1761488,66,1761921.0,66,1761921.0,False,1761921.0
42021,execution_finished,32,"[103, 102, 97, 71, 70, 69, 68, 50, 49, 48, 47, 46, 45, 44, 43, 42, 41, 32, 31, 30, 29, 28, 27, 26, 25, 24, 23, 22, 18, 15, 14, 13]",1762214.0,1761855,58,1762272.0,58,1762272.0,False,1762272.0
42022,execution_finished,32,"[103, 102, 97, 71, 70, 69, 68, 50, 49, 48, 47, 46, 45, 44, 43, 42, 41, 32, 31, 30, 29, 28, 27, 26, 25, 24, 23, 22, 18, 15, 14, 13]",1762489.0,1762214,57,1762546.0,57,1762546.0,False,1762546.0
42010,execution_finished,32,"[0, 1, 2, 3, 4, 5, 6, 7, 11, 16, 17, 19, 20, 21, 51, 52, 53, 54, 55, 56, 64, 65, 67, 104, 113, 114, 115, 116, 117, 118, 119, 120]",1754323.0,1751501,8233,1762556.0,8233,1762556.0,False,1762556.0
42006,execution_finished,8,"[107, 108, 109, 110, 111, 124, 125, 126]",1753661.0,1749903,9827,1763488.0,9827,1763488.0,False,1763488.0
42023,execution_finished,1,[66],1765256.0,1762489,13,1765269.0,13,1765269.0,False,1765269.0
42013,execution_finished,32,"[33, 34, 35, 36, 37, 38, 39, 40, 57, 58, 59, 60, 61, 62, 63, 72, 73, 74, 75, 76, 77, 78, 86, 87, 88, 89, 90, 91, 92, 93, 94, 95]",1755291.0,1752438,10049,1765340.0,10049,1765340.0,False,1765340.0
42024,execution_finished,32,"[66, 33, 34, 35, 36, 37, 38, 39, 40, 57, 58, 59, 60, 61, 62, 63, 72, 73, 74, 75, 76, 77, 78, 86, 87, 88, 89, 90, 91, 92, 93, 94]",1765340.0,1762572,8103,1773443.0,8103,1773443.0,False,1773443.0
42015,execution_finished,64,"[13, 14, 15, 18, 22, 23, 24, 25, 26, 27, 28, 29, 30, 31, 32, 41, 42, 43, 44, 45, 46, 47, 48, 49, 50, 68, 69, 70, 71, 97, 102, 103, 0, 1, 2, 3, 4, 5, 6, 7, 11, 16, 17, 19, 20, 21, 51, 52, 53, 54, 55, 56, 64, 65, 67, 104, 113, 114, 115, 116, 117, 118, 119, 120]",1762556.0,1759737,10933,1773489.0,10933,1773489.0,False,1773489.0
42025,execution_finished,4,"[8, 9, 10, 12]",1768040.0,1762635,8043,1776083.0,8043,1776083.0,False,1776083.0
42026,execution_finished,128,"[0, 1, 2, 3, 4, 5, 6, 7, 11, 13, 14, 15, 16, 17, 18, 19, 20, 21, 22, 23, 24, 25, 26, 27, 28, 29, 30, 31, 32, 33, 34, 35, 36, 37, 38, 39, 40, 41, 42, 43, 44, 45, 46, 47, 48, 49, 50, 51, 52, 53, 54, 55, 56, 57, 58, 59, 60, 61, 62, 63, 64, 65, 66, 67, 68, 69, 70, 71, 72, 73, 74, 75, 76, 77, 78, 79, 80, 81, 82, 83, 84, 85, 86, 87, 88, 89, 90, 91, 92, 93, 94, 95, 96, 97, 98, 99, 100, 101, 102, 103, 104, 105, 106, 107, 108, 109, 110, 111, 112, 113, 114, 115, 116, 117, 118, 119, 120, 121, 122, 123, 124, 125, 126, 127, 8, 9, 10, 12]",1778783.0,1770683,104,1778887.0,104,1778887.0,False,1778887.0
42154,execution_finished,2,"[108, 109]",1807705.0,1805005,20,1807725.0,20,1807725.0,False,1807725.0
42155,execution_finished,2,"[110, 111]",1807765.0,1805065,28,1807793.0,28,1807793.0,False,1807793.0
42122,execution_finished,32,"[76, 77, 78, 79, 80, 81, 82, 83, 84, 85, 86, 87, 88, 89, 90, 91, 92, 93, 94, 95, 96, 97, 98, 99, 100, 101, 102, 103, 104, 105, 106, 107]",1798349.0,1795649,10103,1808452.0,10103,1808452.0,False,1808452.0
42160,execution_finished,1,[112],1808454.0,1805754,17,1808471.0,17,1808471.0,False,1808471.0
42165,execution_finished,1,[113],1811152.0,1806823,26,1811178.0,26,1811178.0,False,1811178.0
42045,execution_finished,8,"[68, 69, 70, 71, 72, 73, 74, 75]",1778887.0,1778106,32666,1811553.0,32666,1811553.0,False,1811553.0
42044,execution_finished,32,"[36, 37, 38, 39, 40, 41, 42, 43, 44, 45, 46, 47, 48, 49, 50, 51, 52, 53, 54, 55, 56, 57, 58, 59, 60, 61, 62, 63, 64, 65, 66, 67]",1778887.0,1778076,32694,1811581.0,32694,1811581.0,False,1811581.0
42163,execution_finished,32,"[76, 77, 78, 79, 80, 81, 82, 83, 84, 85, 86, 87, 88, 89, 90, 91, 92, 93, 94, 95, 96, 97, 98, 99, 100, 101, 102, 103, 104, 105, 106, 107]",1808452.0,1806441,10080,1818532.0,10080,1818532.0,False,1818532.0
42212,execution_finished,4,"[76, 77, 78, 79]",1818705.0,1818705,114,1818819.0,114,1818819.0,False,1818819.0
42214,execution_finished,8,"[80, 81, 82, 83, 84, 85, 86, 87]",1818829.0,1818829,158,1818987.0,158,1818987.0,False,1818987.0
42215,execution_finished,4,"[88, 89, 90, 91]",1819037.0,1819037,58,1819095.0,58,1819095.0,False,1819095.0
42201,execution_finished,1,[36],1819223.0,1816523,13,1819236.0,13,1819236.0,False,1819236.0
42206,execution_finished,32,"[37, 38, 39, 40, 41, 42, 43, 44, 45, 46, 47, 48, 49, 50, 51, 52, 53, 54, 55, 56, 57, 58, 59, 60, 61, 62, 63, 64, 65, 66, 67, 68]",1819934.0,1817234,10071,1830005.0,10071,1830005.0,False,1830005.0
42248,execution_finished,1,[36],1830006.0,1827306,14,1830020.0,14,1830020.0,False,1830020.0
42253,execution_finished,32,"[69, 70, 71, 72, 73, 74, 75, 76, 77, 78, 79, 80, 81, 82, 83, 84, 85, 86, 87, 88, 89, 90, 91, 92, 93, 94, 95, 96, 97, 98, 99, 100]",1830733.0,1828033,10069,1840802.0,10069,1840802.0,False,1840802.0
42256,execution_finished,1,[36],1840804.0,1838104,13,1840817.0,13,1840817.0,False,1840817.0
42260,execution_finished,32,"[100, 99, 98, 97, 96, 95, 94, 93, 92, 91, 90, 89, 88, 87, 86, 85, 84, 83, 82, 81, 80, 79, 78, 77, 76, 75, 74, 73, 72, 71, 70, 69]",1840802.0,1840162,217,1841019.0,217,1841019.0,False,1841019.0
42028,execution_finished,4,"[32, 33, 34, 35]",1778887.0,1771039,62581,1841468.0,62581,1841468.0,False,1841468.0
42027,execution_finished,32,"[0, 1, 2, 3, 4, 5, 6, 7, 8, 9, 10, 11, 12, 13, 14, 15, 16, 17, 18, 19, 20, 21, 22, 23, 24, 25, 26, 27, 28, 29, 30, 31]",1778887.0,1770977,62643,1841530.0,62643,1841530.0,False,1841530.0
42261,execution_finished,1,[28],1841530.0,1840332,17,1841547.0,17,1841547.0,False,1841547.0
42259,execution_finished,64,"[69, 70, 71, 72, 73, 74, 75, 76, 77, 78, 79, 80, 81, 82, 83, 84, 85, 86, 87, 88, 89, 90, 91, 92, 93, 94, 95, 96, 97, 98, 99, 100, 32, 33, 34, 35, 0, 1, 2, 3, 4, 5, 6, 7, 8, 9, 10, 11, 12, 13, 14, 15, 16, 17, 18, 19, 20, 21, 22, 23, 24, 25, 26, 27]",1841530.0,1840146,160,1841690.0,160,1841690.0,False,1841690.0
42258,execution_finished,1,[101],1841923.0,1839223,14,1841937.0,14,1841937.0,False,1841937.0
42257,execution_finished,32,"[37, 38, 39, 40, 41, 42, 43, 44, 45, 46, 47, 48, 49, 50, 51, 52, 53, 54, 55, 56, 57, 58, 59, 60, 61, 62, 63, 64, 65, 66, 67, 68]",1841534.0,1838834,6717,1848251.0,6717,1848251.0,False,1848251.0
42262,execution_finished,1,[0],1848253.0,1845553,13,1848266.0,13,1848266.0,False,1848266.0
42263,execution_finished,64,"[1, 2, 3, 4, 5, 6, 7, 8, 9, 10, 11, 12, 13, 14, 15, 16, 17, 18, 19, 20, 21, 22, 23, 24, 25, 26, 27, 28, 29, 30, 31, 32, 33, 34, 35, 36, 69, 70, 71, 72, 73, 74, 75, 76, 77, 78, 79, 80, 81, 82, 83, 84, 85, 86, 87, 88, 89, 90, 91, 92, 93, 94, 95, 96]",1848828.0,1846128,10923,1859751.0,10923,1859751.0,False,1859751.0
42264,execution_finished,128,"[0, 37, 38, 39, 40, 41, 42, 43, 44, 45, 46, 47, 48, 49, 50, 51, 52, 53, 54, 55, 56, 57, 58, 59, 60, 61, 62, 63, 64, 65, 66, 67, 68, 97, 98, 99, 100, 101, 102, 103, 104, 105, 106, 107, 108, 109, 110, 111, 112, 113, 114, 115, 116, 117, 118, 119, 120, 121, 122, 123, 124, 125, 126, 127, 1, 2, 3, 4, 5, 6, 7, 8, 9, 10, 11, 12, 13, 14, 15, 16, 17, 18, 19, 20, 21, 22, 23, 24, 25, 26, 27, 28, 29, 30, 31, 32, 33, 34, 35, 36, 69, 70, 71, 72, 73, 74, 75, 76, 77, 78, 79, 80, 81, 82, 83, 84, 85, 86, 87, 88, 89, 90, 91, 92, 93, 94, 95, 96]",1862451.0,1857058,86,1862537.0,86,1862537.0,False,1862537.0
