time,nb_sleeping,nb_switching_on,nb_switching_off,nb_idle,nb_computing
0.0,0,0,0,128,0
0.0,0,0,0,124,4
132.0,0,0,0,128,0
256.0,0,0,0,128,0
256.0,0,0,0,127,1
297.0,0,0,0,127,1
297.0,0,0,0,123,5
321.0,0,0,0,127,1
328.0,0,0,0,127,1
328.0,0,0,0,126,2
337.0,0,0,0,127,1
367.0,0,0,0,128,0
455.0,0,0,0,128,0
455.0,0,0,0,127,1
490.0,0,0,0,127,1
490.0,0,0,0,111,17
494.0,0,0,0,111,17
494.0,0,0,0,79,49
571.0,0,0,0,80,48
576.0,0,0,0,80,48
576.0,0,0,0,72,56
600.0,0,0,0,72,56
600.0,0,0,61,11,56
729.0,0,0,61,19,48
732.0,0,0,61,19,48
732.0,0,0,65,15,48
871.0,0,0,65,15,48
871.0,0,0,65,7,56
921.0,0,0,65,7,56
1016.0,0,0,65,15,48
1249.0,0,0,65,47,16
1300.0,0,0,65,47,16
1300.0,0,0,65,43,20
1307.0,0,0,65,43,20
1307.0,0,0,65,42,21
1316.0,0,0,65,42,21
1316.0,0,0,65,26,37
1326.0,0,0,65,26,37
1326.0,0,0,65,25,38
1329.0,0,0,65,25,38
1343.0,0,0,65,25,38
1343.0,0,0,65,23,40
1360.0,0,0,65,24,39
1375.0,0,0,65,25,38
1500.0,0,0,65,29,34
1506.0,0,0,65,45,18
1535.0,0,0,65,45,18
1535.0,0,0,65,13,50
1611.0,0,0,65,29,34
1651.0,0,0,65,29,34
1681.0,0,0,65,31,32
1795.0,0,0,65,31,32
1817.0,0,0,65,31,32
1817.0,0,0,65,25,38
1845.0,0,0,65,27,36
1849.0,0,0,65,27,36
1855.0,0,0,65,31,32
1875.0,0,0,65,63,0
1875.0,0,0,65,31,32
1906.0,0,0,65,31,32
1906.0,0,0,65,27,36
1924.0,0,0,65,27,36
1927.0,0,0,65,27,36
2030.0,0,0,65,27,36
2030.0,0,0,65,24,39
2106.0,0,0,65,24,39
2184.0,0,0,65,25,38
2349.0,0,0,65,25,38
2400.0,61,0,4,25,38
2400.0,29,32,4,24,39
2475.0,29,32,4,24,39
2475.0,29,32,27,1,39
2477.0,29,32,27,2,38
2532.0,33,32,23,2,38
2784.0,33,32,23,2,38
2784.0,33,32,24,1,38
2800.0,33,32,24,1,38
2800.0,1,64,24,1,38
2846.0,1,64,24,1,38
2889.0,1,64,24,1,38
2934.0,1,64,24,5,34
2953.0,1,64,24,5,34
2953.0,0,65,24,5,34
3041.0,0,65,24,7,32
3077.0,0,65,24,7,32
3077.0,0,65,25,6,32
3239.0,0,65,25,6,32
3252.0,0,65,25,6,32
3267.0,0,65,25,6,32
3534.0,0,65,25,6,32
3534.0,0,65,29,2,32
3641.0,0,65,29,2,32
3641.0,0,65,31,0,32
3968.0,0,65,31,0,32
4150.0,0,65,31,0,32
4161.0,0,65,31,0,32
4275.0,23,65,8,0,32
4275.0,15,73,8,0,32
4297.0,15,73,8,0,32
4584.0,16,73,7,0,32
4877.0,17,73,6,0,32
5044.0,17,73,6,0,32
5100.0,17,41,6,32,32
5100.0,17,41,6,0,64
5114.0,17,41,6,0,64
5175.0,17,41,6,0,64
5274.0,17,41,6,0,64
5328.0,17,41,6,32,32
5328.0,17,41,6,0,64
5334.0,21,41,2,0,64
5441.0,23,41,0,0,64
5450.0,23,41,0,0,64
5492.0,23,41,0,32,32
5492.0,7,57,0,0,64
5500.0,7,25,0,32,64
5500.0,7,25,0,0,96
5587.0,7,25,0,0,96
5607.0,7,25,0,32,64
5607.0,5,27,0,0,96
5653.0,5,26,0,1,96
5653.0,5,26,0,0,97
5672.0,5,26,0,1,96
5693.0,5,26,0,17,80
5693.0,0,31,0,9,88
5731.0,0,31,0,9,88
5769.0,0,31,0,17,80
5769.0,0,31,0,9,88
5815.0,0,31,0,9,88
5838.0,0,31,0,17,80
5838.0,0,31,0,9,88
5880.0,0,31,0,17,80
5880.0,0,31,0,9,88
5967.0,0,31,0,17,80
6193.0,0,31,0,17,80
6193.0,0,31,0,13,84
6200.0,0,31,0,45,52
6200.0,0,31,0,13,84
6238.0,0,31,0,17,80
6272.0,0,31,0,17,80
6293.0,0,31,0,17,80
6369.0,0,31,0,17,80
6438.0,0,31,0,17,80
6480.0,0,31,0,17,80
6567.0,0,31,0,17,80
6675.0,0,31,0,17,80
6733.0,0,31,0,33,64
6800.0,0,31,0,33,64
6800.0,0,31,6,27,64
6838.0,0,31,6,27,64
6838.0,0,31,10,23,64
6928.0,0,31,10,23,64
6928.0,0,31,10,15,72
6935.0,0,31,10,15,72
6975.0,0,23,10,23,72
6975.0,0,23,10,15,80
7007.0,0,23,10,15,80
7007.0,0,23,10,7,88
7014.0,0,23,10,15,80
7067.0,0,23,10,15,80
7067.0,0,23,10,7,88
7076.0,0,23,10,39,56
7076.0,0,23,10,7,88
7099.0,0,23,10,15,80
7125.0,0,23,10,15,80
7161.0,0,23,10,15,80
7161.0,0,23,10,7,88
7168.0,0,23,10,7,88
7196.0,0,23,10,15,80
7196.0,0,23,10,7,88
7224.0,0,23,10,7,88
7234.0,0,23,10,15,80
7234.0,0,23,10,7,88
7267.0,0,23,10,7,88
7302.0,0,23,10,39,56
7302.0,0,23,10,7,88
7331.0,0,23,10,15,80
7331.0,0,23,10,7,88
7333.0,0,23,10,7,88
7385.0,0,23,10,7,88
7388.0,0,23,10,7,88
7390.0,0,23,10,15,80
7390.0,0,23,10,7,88
7451.0,0,23,10,7,88
7480.0,0,23,10,15,80
7480.0,0,23,10,7,88
7496.0,0,23,10,15,80
7496.0,0,23,10,7,88
7548.0,0,23,10,15,80
7556.0,0,23,10,15,80
7556.0,0,23,10,7,88
7558.0,0,23,10,7,88
7614.0,0,23,10,7,88
7664.0,0,23,10,15,80
7664.0,0,23,10,7,88
7698.0,0,23,10,7,88
7699.0,0,23,10,7,88
7725.0,0,23,10,15,80
7725.0,0,23,10,7,88
7807.0,0,23,10,39,56
7807.0,0,23,10,7,88
7822.0,0,23,10,7,88
7824.0,0,23,10,15,80
7824.0,0,23,10,14,81
7879.0,0,23,10,15,80
7892.0,0,23,10,15,80
7892.0,0,23,10,14,81
7917.0,0,23,10,15,80
7923.0,0,23,10,15,80
7923.0,0,23,10,11,84
7945.0,0,23,10,11,84
7945.0,0,23,10,9,86
8010.0,0,23,10,9,86
8010.0,0,23,10,8,87
8013.0,0,23,10,9,86
8033.0,0,23,10,41,54
8033.0,0,23,10,9,86
8045.0,0,23,10,13,82
8047.0,0,23,10,15,80
8148.0,0,23,10,15,80
8149.0,0,23,10,47,48
8149.0,0,23,10,15,80
8192.0,0,7,10,31,80
8192.0,0,7,10,15,96
8200.0,0,7,10,31,80
8307.0,0,5,10,33,80
8307.0,0,5,10,31,82
8332.0,0,5,10,33,80
8393.0,0,0,10,38,80
8393.0,0,0,10,26,92
8424.0,0,0,10,26,92
8431.0,0,0,10,58,60
8431.0,0,0,10,26,92
8434.0,0,0,10,30,88
8466.0,0,0,10,30,88
8466.0,0,0,10,22,96
8471.0,0,0,10,30,88
8479.0,0,0,10,30,88
8517.0,0,0,10,30,88
8549.0,0,0,10,38,80
8600.0,6,0,4,38,80
8633.0,6,0,4,38,80
8638.0,10,0,0,38,80
8749.0,10,0,0,38,80
8772.0,10,0,0,38,80
8772.0,10,0,0,34,84
8795.0,10,0,0,34,84
8795.0,10,0,0,32,86
8811.0,10,0,0,38,80
8831.0,10,0,0,38,80
8831.0,10,0,0,34,84
8852.0,10,0,0,34,84
8852.0,10,0,0,32,86
8928.0,10,0,0,38,80
9003.0,10,0,0,38,80
9003.0,10,0,0,36,82
9023.0,10,0,0,38,80
9031.0,10,0,0,38,80
9031.0,10,0,4,34,80
9034.0,10,0,4,34,80
9034.0,10,0,8,30,80
9047.0,10,0,8,30,80
9047.0,10,0,8,26,84
9071.0,10,0,8,26,84
9071.0,10,0,12,22,84
9085.0,10,0,12,26,80
9098.0,10,0,12,26,80
9098.0,10,0,12,22,84
9121.0,10,0,12,22,84
9121.0,10,0,12,20,86
9137.0,10,0,12,20,86
9137.0,10,0,12,12,94
9144.0,10,0,12,18,88
9149.0,10,0,12,18,88
9182.0,10,0,12,26,80
9196.0,10,0,12,26,80
9196.0,10,0,12,24,82
9208.0,10,0,12,24,82
9208.0,10,0,12,20,86
9233.0,10,0,12,20,86
9233.0,10,0,12,18,88
9240.0,10,0,12,18,88
9240.0,10,0,12,10,96
9242.0,10,0,12,18,88
9265.0,10,0,12,20,86
9327.0,10,0,12,28,78
9381.0,10,0,12,28,78
9381.0,10,0,12,20,86
9421.0,10,0,12,28,78
9451.0,10,0,12,28,78
9451.0,10,0,12,20,86
9528.0,10,0,12,20,86
9530.0,10,0,12,28,78
9541.0,10,0,12,28,78
9541.0,10,0,12,27,79
9545.0,10,0,12,28,78
9565.0,10,0,12,28,78
9565.0,10,0,12,20,86
9569.0,10,0,12,20,86
9569.0,10,0,12,4,102
9572.0,10,0,12,4,102
9572.0,10,0,12,3,103
9581.0,10,0,12,7,99
9588.0,10,0,12,9,97
9594.0,10,0,12,9,97
9594.0,10,0,12,5,101
9614.0,10,0,12,6,100
9623.0,10,0,12,6,100
9632.0,10,0,12,6,100
9632.0,10,0,12,4,102
9636.0,10,0,12,8,98
9661.0,10,0,12,10,96
9668.0,10,0,12,18,88
9685.0,10,0,12,18,88
9744.0,10,0,12,18,88
9750.0,10,0,12,18,88
9750.0,10,0,12,14,92
9758.0,10,0,12,14,92
9758.0,10,0,12,13,93
9775.0,10,0,12,14,92
9780.0,10,0,12,14,92
9780.0,10,0,12,12,94
9782.0,10,0,12,12,94
9819.0,10,0,12,28,78
9842.0,10,0,12,28,78
9887.0,10,0,12,32,74
9892.0,10,0,12,32,74
9892.0,10,0,12,24,82
9897.0,10,0,12,34,72
9899.0,10,0,12,34,72
9899.0,10,0,12,18,88
9927.0,10,0,12,18,88
9995.0,10,0,12,34,72
10130.0,10,0,12,34,72
10146.0,10,0,12,34,72
10146.0,10,0,12,26,80
10175.0,10,0,12,26,80
10175.0,10,0,12,25,81
10181.0,10,0,12,25,81
10216.0,10,0,12,26,80
10227.0,10,0,12,34,72
10231.0,10,0,12,34,72
10231.0,10,0,12,33,73
10236.0,10,0,12,33,73
10255.0,10,0,12,34,72
10265.0,10,0,12,34,72
10265.0,10,0,12,30,76
10268.0,10,0,12,30,76
10290.0,10,0,12,30,76
10290.0,10,0,12,28,78
10367.0,10,0,12,30,76
10368.0,10,0,12,34,72
10369.0,10,0,12,34,72
10369.0,10,0,12,26,80
10419.0,10,0,12,26,80
10462.0,10,0,12,34,72
10497.0,10,0,12,34,72
10509.0,10,0,12,34,72
10509.0,10,0,12,26,80
10593.0,10,0,12,34,72
10595.0,10,0,12,34,72
10595.0,10,0,14,32,72
10816.0,10,0,14,32,72
10816.0,10,0,15,31,72
10826.0,10,0,15,31,72
10826.0,10,0,15,27,76
10827.0,10,0,15,27,76
10827.0,10,0,19,23,76
10831.0,14,0,15,23,76
10834.0,18,0,11,23,76
10839.0,18,0,11,55,44
10847.0,18,0,11,55,44
10847.0,18,0,11,53,46
10855.0,18,0,11,53,46
10871.0,22,0,7,53,46
10951.0,22,0,7,59,40
10967.0,22,0,7,59,40
10967.0,22,0,8,58,40
10968.0,22,0,8,58,40
10968.0,22,0,12,54,40
11028.0,22,0,12,54,40
11028.0,22,0,12,50,44
11050.0,22,0,12,50,44
11050.0,22,0,12,48,46
11062.0,22,0,12,48,46
11062.0,22,0,14,46,46
11136.0,22,0,14,46,46
11136.0,22,0,14,38,54
11193.0,22,0,14,38,54
11327.0,22,0,14,38,54
11327.0,22,0,14,34,58
11376.0,22,0,14,38,54
11439.0,22,0,14,38,54
11439.0,22,0,42,10,54
11441.0,22,0,42,10,54
11441.0,22,0,42,8,56
11458.0,22,0,42,10,54
11479.0,22,0,42,10,54
11479.0,22,0,42,6,58
11516.0,22,0,42,10,54
11536.0,22,0,42,10,54
11536.0,22,0,42,2,62
11551.0,22,0,42,2,62
11555.0,22,0,42,10,54
11579.0,22,0,42,18,46
11598.0,22,0,42,18,46
11598.0,22,0,42,2,62
11660.0,22,0,42,18,46
11692.0,22,0,42,18,46
11692.0,0,22,42,18,46
11739.0,0,22,42,18,46
11883.0,0,22,42,18,46
11976.0,0,22,42,18,46
12010.0,0,22,42,24,40
12110.0,0,22,42,24,40
12110.0,0,22,42,16,48
12116.0,0,22,42,16,48
12135.0,0,22,42,16,48
12165.0,0,22,42,20,44
12179.0,0,22,42,20,44
12208.0,0,22,42,20,44
12208.0,0,22,42,18,46
12260.0,0,22,42,18,46
12260.0,0,22,46,14,46
12277.0,0,22,46,14,46
12395.0,2,22,44,14,46
12554.0,2,22,44,14,46
12554.0,1,23,44,14,46
12616.0,2,23,43,14,46
12627.0,6,23,39,14,46
12673.0,6,23,39,18,42
12747.0,6,23,39,20,40
12765.0,6,23,39,20,40
12765.0,6,23,43,16,40
12767.0,7,23,42,16,40
12768.0,11,23,38,16,40
12862.0,13,23,36,16,40
12908.0,13,23,36,16,40
12908.0,12,24,36,16,40
12983.0,12,24,36,16,40
12983.0,11,25,36,16,40
13009.0,11,25,36,16,40
13009.0,11,25,36,12,44
13032.0,11,25,36,12,44
13032.0,11,25,36,10,46
13239.0,39,25,8,10,46
13239.0,7,57,8,10,46
13273.0,7,57,8,10,46
13347.0,7,57,8,10,46
13548.0,7,57,8,10,46
13947.0,7,57,8,10,46
13972.0,7,57,8,14,42
13975.0,7,57,8,16,40
14060.0,11,57,4,16,40
14129.0,11,57,4,16,40
14129.0,11,57,4,14,42
14307.0,11,57,4,16,40
14392.0,11,35,4,38,40
14392.0,11,35,4,4,74
14491.0,11,35,4,6,72
14542.0,11,35,4,38,40
14542.0,11,35,4,6,72
14565.0,15,35,0,6,72
14572.0,15,35,0,6,72
14592.0,15,35,0,38,40
14592.0,7,43,0,22,56
14639.0,7,43,0,22,56
14687.0,7,43,0,22,56
14687.0,3,47,0,22,56
15142.0,3,47,0,22,56
15192.0,3,47,0,22,56
15192.0,3,47,22,0,56
15235.0,3,47,22,0,56
15254.0,3,46,22,1,56
15254.0,3,46,22,0,57
15257.0,3,46,22,1,56
15273.0,3,46,22,1,56
15281.0,3,46,22,1,56
15356.0,3,46,22,1,56
15445.0,3,46,22,1,56
15500.0,3,46,22,1,56
15528.0,3,46,22,1,56
15572.0,3,46,22,1,56
15596.0,3,46,22,1,56
15608.0,3,45,22,2,56
15608.0,3,45,22,1,57
15665.0,3,45,22,2,56
15665.0,0,48,22,2,56
15683.0,0,47,22,3,56
15683.0,0,47,22,2,57
15701.0,0,47,22,3,56
15805.0,0,47,22,19,40
15805.0,0,47,22,3,56
15857.0,0,47,22,3,56
15894.0,0,47,22,3,56
15894.0,0,47,22,1,58
15920.0,0,47,22,1,58
15939.0,0,15,22,33,58
15939.0,0,15,22,1,90
15948.0,0,15,22,1,90
15955.0,0,15,22,3,88
15962.0,0,15,22,3,88
15962.0,0,15,22,2,89
15980.0,0,15,22,3,88
16062.0,0,15,22,35,56
16062.0,0,15,22,3,88
16069.0,0,15,22,35,56
16069.0,0,15,22,3,88
16079.0,0,15,22,35,56
16079.0,0,15,22,3,88
16090.0,0,15,22,19,72
16092.0,0,15,22,35,56
16265.0,0,15,22,35,56
16555.0,0,15,22,35,56
16555.0,0,15,23,34,56
16580.0,0,15,23,34,56
16580.0,0,15,24,33,56
16626.0,0,15,24,33,56
16626.0,0,15,24,1,88
16684.0,0,15,24,1,88
16690.0,0,15,24,1,88
16751.0,0,15,24,17,72
16751.0,0,15,24,15,74
16798.0,0,15,24,15,74
16798.0,0,15,24,14,75
16828.0,0,15,24,15,74
16836.0,0,15,24,17,72
16878.0,0,15,24,49,40
16961.0,0,15,24,49,40
16961.0,0,15,24,17,72
16985.0,0,15,24,17,72
16985.0,0,15,24,15,74
16992.0,22,15,2,15,74
17070.0,22,15,2,15,74
17083.0,22,15,2,15,74
17160.0,22,15,2,17,72
17160.0,22,15,2,1,88
17204.0,22,15,2,33,56
17204.0,22,15,2,17,72
17214.0,22,15,2,33,56
17256.0,22,15,2,33,56
17276.0,22,15,2,33,56
17276.0,22,15,2,17,72
17292.0,22,7,2,25,72
17292.0,22,7,2,17,80
17351.0,22,7,2,17,80
17361.0,22,7,2,33,64
17387.0,22,3,2,37,64
17387.0,22,3,2,33,68
17392.0,22,3,2,35,66
17447.0,22,3,2,37,64
17478.0,22,3,2,37,64
17538.0,22,3,2,37,64
17549.0,22,3,2,53,48
17549.0,0,25,2,53,48
17575.0,0,25,2,53,48
17575.0,0,25,2,51,50
17676.0,0,25,2,59,42
17773.0,0,25,2,61,40
17804.0,0,25,2,61,40
17814.0,0,25,2,61,40
17834.0,0,25,2,61,40
17834.0,0,25,2,59,42
17893.0,0,25,2,61,40
17972.0,0,25,2,61,40
18115.0,0,25,2,61,40
18149.0,0,25,2,61,40
18149.0,0,25,10,53,40
18163.0,0,25,10,61,32
18163.0,0,25,10,45,48
18276.0,0,25,10,45,48
18350.0,0,25,10,61,32
18355.0,1,25,9,61,32
18365.0,1,22,9,64,32
18365.0,1,22,9,60,36
18380.0,2,22,8,60,36
18394.0,2,22,8,60,36
18426.0,2,22,8,64,32
18542.0,2,22,8,64,32
18547.0,2,22,8,64,32
18681.0,2,22,8,64,32
18736.0,2,22,8,64,32
18742.0,2,22,8,64,32
18763.0,2,22,8,64,32
18763.0,2,22,10,62,32
18763.0,2,22,10,46,48
18846.0,2,22,10,46,48
18872.0,2,22,10,46,48
18944.0,2,22,10,46,48
18944.0,1,23,10,46,48
18950.0,1,23,10,46,48
18950.0,0,24,14,42,48
19063.0,0,24,14,58,32
19063.0,0,24,14,42,48
19235.0,0,24,14,58,32
19235.0,0,24,14,50,40
19241.0,0,24,14,50,40
19241.0,0,24,14,49,41
19249.0,0,24,14,50,40
19252.0,0,24,14,50,40
19293.0,0,24,14,50,40
19316.0,0,24,14,58,32
19316.0,0,24,14,42,48
19336.0,0,24,14,58,32
19336.0,0,24,14,50,40
19419.0,0,24,14,50,40
19419.0,0,24,14,49,41
19438.0,0,24,14,82,8
19438.0,0,24,14,66,24
19530.0,0,24,14,66,24
19578.0,0,24,14,66,24
19657.0,0,24,14,66,24
19684.0,0,24,14,66,24
19766.0,0,24,14,66,24
19788.0,0,24,14,66,24
19802.0,0,24,14,66,24
19835.0,0,24,14,66,24
19895.0,0,24,14,66,24
19936.0,0,24,14,66,24
19936.0,0,24,20,60,24
19936.0,0,24,20,42,42
19949.0,8,24,12,42,42
19961.0,8,24,12,42,42
19996.0,8,24,12,42,42
20013.0,8,24,12,43,41
20013.0,7,25,12,43,41
20022.0,7,25,12,44,40
20022.0,3,29,12,44,40
20038.0,3,29,12,44,40
20108.0,3,29,12,44,40
20128.0,3,29,12,44,40
20174.0,3,29,12,44,40
20249.0,3,7,12,66,40
20249.0,3,7,12,2,104
20304.0,3,7,12,18,88
20304.0,0,10,12,10,96
20307.0,0,10,12,74,32
20307.0,0,10,12,2,104
20332.0,0,10,12,66,40
20332.0,0,10,12,2,104
20348.0,0,10,12,10,96
20349.0,0,10,12,74,32
20349.0,0,10,12,10,96
20350.0,0,10,12,18,88
20350.0,0,10,12,2,104
20361.0,0,10,12,66,40
20361.0,0,10,12,2,104
20366.0,0,10,12,18,88
20366.0,0,10,12,2,104
20380.0,0,10,12,66,40
20380.0,0,10,12,2,104
20386.0,0,10,12,2,104
20467.0,0,10,12,2,104
20481.0,0,10,12,2,104
20556.0,0,10,12,2,104
20563.0,2,10,10,18,88
20563.0,0,12,10,16,90
20574.0,0,12,10,48,58
20574.0,0,12,10,16,90
20613.0,0,12,10,16,90
20642.0,0,12,10,18,88
20750.0,4,12,6,18,88
20829.0,4,12,6,50,56
20829.0,4,12,6,18,88
20883.0,4,12,6,18,88
20895.0,4,12,6,18,88
20904.0,4,12,6,18,88
20907.0,4,12,6,18,88
20932.0,4,12,6,18,88
20949.0,4,12,6,18,88
20950.0,4,12,6,18,88
20961.0,4,12,6,18,88
20966.0,4,12,6,18,88
20980.0,4,12,6,18,88
21051.0,4,12,6,26,80
21150.0,4,12,6,42,64
21150.0,4,12,6,26,80
21163.0,4,12,6,26,80
21174.0,4,12,6,26,80
21429.0,4,12,6,26,80
21473.0,4,12,6,42,64
21473.0,4,12,6,18,88
21598.0,4,12,6,26,80
21598.0,4,12,6,22,84
21644.0,4,11,6,23,84
21644.0,4,11,6,22,85
21648.0,4,11,6,26,81
21650.0,4,10,6,27,81
21650.0,4,10,6,26,82
21664.0,4,10,6,27,81
21680.0,4,10,6,28,80
21682.0,4,10,6,44,64
21682.0,0,14,6,44,64
21736.0,6,14,0,44,64
21750.0,6,14,0,44,64
22073.0,6,14,0,44,64
22088.0,6,14,0,44,64
22101.0,6,14,0,44,64
22151.0,6,14,0,44,64
22216.0,6,14,0,44,64
22238.0,6,14,0,44,64
22282.0,6,14,0,44,64
22282.0,6,14,1,43,64
22327.0,6,14,1,43,64
22374.0,6,14,1,43,64
22413.0,6,14,1,43,64
22503.0,6,14,1,43,64
22515.0,6,14,1,43,64
22554.0,6,14,1,43,64
22557.0,6,14,1,43,64
22585.0,6,14,1,75,32
22585.0,6,14,1,43,64
22626.0,6,14,1,43,64
22651.0,6,14,1,75,32
22651.0,6,14,1,43,64
22703.0,6,14,1,43,64
22713.0,6,13,1,44,64
22713.0,6,13,1,43,65
22722.0,6,9,1,47,65
22722.0,6,9,1,43,69
22724.0,6,9,1,43,69
22734.0,6,9,1,44,68
22734.0,0,15,1,43,69
22745.0,0,15,1,45,67
22745.0,0,15,1,43,69
22763.0,0,15,1,43,69
22797.0,0,15,1,44,68
22797.0,0,15,1,43,69
22840.0,0,15,1,43,69
22857.0,0,15,1,43,69
22864.0,0,15,1,45,67
22864.0,0,15,1,43,69
22869.0,0,15,1,44,68
22869.0,0,15,1,43,69
22886.0,0,15,1,43,69
22893.0,0,15,1,44,68
22908.0,0,15,1,44,68
22946.0,0,15,1,46,66
22946.0,0,15,1,44,68
22957.0,0,15,1,76,36
22957.0,0,15,1,56,56
22978.0,0,15,1,72,40
22978.0,0,15,1,56,56
23004.0,0,12,1,59,56
23004.0,0,12,1,55,60
23043.0,0,12,1,57,58
23043.0,0,12,1,55,60
23056.0,0,12,1,63,52
23056.0,0,12,1,59,56
23067.0,0,12,1,59,56
23089.0,0,12,1,63,52
23194.0,0,12,1,63,52
23263.0,0,10,1,65,52
23263.0,0,10,1,49,68
23295.0,0,10,1,49,68
23295.0,0,10,1,48,69
23356.0,0,10,1,49,68
23429.0,0,10,1,49,68
23429.0,0,10,1,48,69
23481.0,0,10,1,64,53
23481.0,0,10,1,32,85
23493.0,0,10,1,32,85
23517.0,0,10,1,33,84
23521.0,0,10,1,33,84
23546.0,0,10,1,33,84
23557.0,0,10,1,33,84
23573.0,0,10,1,33,84
23704.0,0,10,1,65,52
23704.0,0,10,1,33,84
23774.0,0,10,1,41,76
23843.0,0,10,1,73,44
23843.0,0,10,1,41,76
23865.0,0,10,1,41,76
23879.0,0,10,1,73,44
23879.0,0,10,1,41,76
23942.0,0,10,1,43,74
23942.0,0,10,1,42,75
23950.0,0,10,1,74,43
23950.0,0,10,1,34,83
23994.0,0,10,1,66,51
23994.0,0,10,1,58,59
24062.0,0,10,1,59,58
24075.0,0,10,1,67,50
24081.0,0,10,1,67,50
24082.0,1,10,0,67,50
24089.0,1,10,0,67,50
24194.0,1,10,0,67,50
24246.0,1,10,0,71,46
24269.0,1,10,0,103,14
24269.0,1,10,0,39,78
24286.0,1,10,0,47,70
24297.0,1,10,0,111,6
24297.0,1,10,0,47,70
24304.0,1,10,0,47,70
24382.0,1,6,0,51,70
24382.0,1,6,0,19,102
24443.0,1,6,0,19,102
24479.0,1,6,0,19,102
24492.0,1,6,0,83,38
24535.0,1,6,0,83,38
24535.0,1,6,0,51,70
24550.0,1,6,0,51,70
24589.0,1,6,0,83,38
24594.0,1,6,0,83,38
24747.0,1,6,0,115,6
24822.0,1,6,0,115,6
24822.0,1,6,0,114,7
24835.0,1,6,0,115,6
24869.0,1,6,0,115,6
24897.0,1,6,0,115,6
24954.0,1,6,0,115,6
24954.0,1,6,0,83,38
24995.0,1,6,0,115,6
25092.0,1,6,0,115,6
25092.0,1,6,18,97,6
25095.0,1,6,18,97,6
25095.0,1,6,18,65,38
25135.0,1,6,18,97,6
25189.0,1,6,18,97,6
25250.0,1,6,18,97,6
25250.0,1,6,18,65,38
25346.0,1,6,18,97,6
25347.0,1,6,18,97,6
25424.0,1,6,18,97,6
25424.0,1,6,18,65,38
25434.0,1,0,18,71,38
25434.0,1,0,18,65,44
25435.0,1,0,18,65,44
25440.0,1,0,18,66,43
25448.0,1,0,18,67,42
25464.0,1,0,18,68,41
25482.0,1,0,18,69,40
25494.0,1,0,18,70,39
25503.0,1,0,18,71,38
25595.0,1,0,18,71,38
25595.0,1,0,19,70,38
25702.0,1,0,19,102,6
25735.0,1,0,19,102,6
25735.0,1,0,51,70,6
25808.0,1,0,51,70,6
25808.0,1,0,51,69,7
25826.0,1,0,51,70,6
25946.0,1,0,51,70,6
25946.0,1,0,82,39,6
26040.0,1,0,82,39,6
26040.0,1,0,83,38,6
26048.0,1,0,83,38,6
26048.0,1,0,84,37,6
26064.0,1,0,84,37,6
26064.0,1,0,85,36,6
26082.0,1,0,85,36,6
26082.0,1,0,86,35,6
26092.0,1,0,86,35,6
26094.0,1,0,86,35,6
26094.0,1,0,87,34,6
26102.0,1,0,87,36,4
26103.0,1,0,87,36,4
26103.0,1,0,88,35,4
26133.0,1,0,88,39,0
26302.0,1,0,88,39,0
26302.0,1,0,120,7,0
26426.0,1,0,120,7,0
26426.0,1,0,121,6,0
26702.0,1,0,121,6,0
26702.0,1,0,123,4,0
26733.0,1,0,123,4,0
26733.0,1,0,127,0,0
26892.0,19,0,109,0,0
27102.0,19,0,109,0,0
27374.0,19,0,109,0,0
27395.0,20,0,108,0,0
27447.0,20,0,108,0,0
27527.0,20,0,108,0,0
27535.0,52,0,76,0,0
27555.0,52,0,76,0,0
27599.0,52,0,76,0,0
27746.0,83,0,45,0,0
27750.0,83,0,45,0,0
27840.0,84,0,44,0,0
27848.0,85,0,43,0,0
27864.0,86,0,42,0,0
27882.0,87,0,41,0,0
27894.0,88,0,40,0,0
27903.0,89,0,39,0,0
28102.0,121,0,7,0,0
28226.0,122,0,6,0,0
28356.0,122,0,6,0,0
28502.0,124,0,4,0,0
28533.0,128,0,0,0,0
28533.0,0,128,0,0,0
30568.0,0,128,0,0,0
31233.0,0,0,0,128,0
31233.0,0,0,0,0,128
31679.0,0,0,0,128,0
31679.0,0,0,0,84,44
31698.0,0,0,0,88,40
31700.0,0,0,0,90,38
31702.0,0,0,0,96,32
31727.0,0,0,0,96,32
31783.0,0,0,0,128,0
31783.0,0,0,0,0,128
32243.0,0,0,0,128,0
32243.0,0,0,0,0,128
32279.0,0,0,0,0,128
32712.0,0,0,0,128,0
32712.0,0,0,0,96,32
32931.0,0,0,0,128,0
32931.0,0,0,0,0,128
33312.0,0,0,0,0,128
42658.0,0,0,0,0,128
43857.0,0,0,0,128,0
43857.0,0,0,0,0,128
43942.0,0,0,0,128,0
44124.0,0,0,0,128,0
44124.0,0,0,0,127,1
44148.0,0,0,0,128,0
44542.0,0,0,0,128,0
44542.0,0,0,127,1,0
44748.0,0,0,127,1,0
44748.0,0,0,128,0,0
46342.0,127,0,1,0,0
46548.0,128,0,0,0,0
47990.0,128,0,0,0,0
47990.0,127,1,0,0,0
48084.0,127,1,0,0,0
48441.0,127,1,0,0,0
48659.0,127,1,0,0,0
48784.0,127,1,0,0,0
48923.0,127,1,0,0,0
50690.0,127,0,0,1,0
50690.0,127,0,0,0,1
50773.0,127,0,0,1,0
50773.0,0,127,0,1,0
51180.0,0,127,0,1,0
52303.0,0,127,0,1,0
53039.0,0,127,0,1,0
53376.0,0,127,0,1,0
53473.0,0,0,0,128,0
53473.0,0,0,0,0,128
53829.0,0,0,0,128,0
53829.0,0,0,0,122,6
53846.0,0,0,0,126,2
53877.0,0,0,0,127,1
53946.0,0,0,0,128,0
53946.0,0,0,0,0,128
54036.0,0,0,0,128,0
54036.0,0,0,0,124,4
54157.0,0,0,0,125,3
54176.0,0,0,0,126,2
54207.0,0,0,0,127,1
54322.0,0,0,0,128,0
54429.0,0,0,0,128,0
54553.0,0,0,0,128,0
54553.0,0,0,0,127,1
54636.0,0,0,0,127,1
54636.0,0,0,123,4,1
54757.0,0,0,123,4,1
54757.0,0,0,124,3,1
54776.0,0,0,124,3,1
54776.0,0,0,125,2,1
54807.0,0,0,125,2,1
54807.0,0,0,126,1,1
54837.0,0,0,126,2,0
54922.0,0,0,126,2,0
54922.0,0,0,127,1,0
54927.0,0,0,127,1,0
54927.0,0,0,127,0,1
55179.0,0,0,127,1,0
55437.0,0,0,127,1,0
55779.0,0,0,127,1,0
55779.0,0,0,128,0,0
55952.0,0,0,128,0,0
56436.0,123,0,5,0,0
56436.0,122,1,5,0,0
56557.0,123,1,4,0,0
56576.0,124,1,3,0,0
56607.0,125,1,2,0,0
56722.0,126,1,1,0,0
57579.0,127,1,0,0,0
57895.0,127,1,0,0,0
57895.0,126,2,0,0,0
58847.0,126,2,0,0,0
58847.0,125,3,0,0,0
59136.0,125,2,0,1,0
59136.0,125,2,0,0,1
59631.0,125,2,0,0,1
59631.0,124,3,0,0,1
60245.0,124,3,0,0,1
60245.0,123,4,0,0,1
60595.0,123,3,0,1,1
60595.0,123,3,0,0,2
60663.0,123,3,0,0,2
60663.0,122,4,0,0,2
60778.0,122,4,0,0,2
60778.0,121,5,0,0,2
61053.0,121,5,0,1,1
61128.0,121,5,0,1,1
61128.0,121,5,0,0,2
61251.0,121,5,0,1,1
61376.0,121,5,0,1,1
61376.0,121,5,0,0,2
61464.0,121,5,0,1,1
61538.0,121,5,0,2,0
61547.0,121,4,0,3,0
61547.0,121,4,0,2,1
61592.0,121,4,0,2,1
61592.0,121,4,0,1,2
61653.0,121,4,0,1,2
61718.0,121,4,0,2,1
61851.0,121,4,0,2,1
62064.0,121,4,0,2,1
62138.0,121,4,0,2,1
62138.0,121,4,1,1,1
62275.0,121,4,1,2,0
62318.0,121,4,1,2,0
62318.0,121,4,2,1,0
62331.0,121,3,2,2,0
62331.0,121,3,2,1,1
62458.0,121,3,2,2,0
62489.0,121,3,2,2,0
62489.0,121,3,2,1,1
62605.0,121,3,2,2,0
62765.0,121,3,2,2,0
62765.0,121,3,2,1,1
62875.0,121,3,2,1,1
62877.0,121,3,2,2,0
62945.0,121,2,2,3,0
62945.0,121,2,2,2,1
63058.0,121,2,2,2,1
63205.0,121,2,2,2,1
63205.0,121,2,3,1,1
63355.0,121,2,3,2,0
63363.0,121,1,3,3,0
63363.0,121,1,3,2,1
63466.0,121,1,3,3,0
63477.0,121,1,3,3,0
63477.0,121,1,4,2,0
63478.0,121,0,4,3,0
63478.0,121,0,4,2,1
63592.0,121,0,4,3,0
63938.0,122,0,3,3,0
63954.0,122,0,3,3,0
63954.0,122,0,3,2,1
63955.0,122,0,3,2,1
64066.0,122,0,3,2,1
64066.0,122,0,4,1,1
64118.0,123,0,3,1,1
64170.0,123,0,3,2,0
64192.0,123,0,3,2,0
64192.0,123,0,4,1,0
64245.0,123,0,4,1,0
64245.0,123,0,4,0,1
64368.0,123,0,4,1,0
64403.0,123,0,4,1,0
64403.0,123,0,4,0,1
64510.0,123,0,4,1,0
64559.0,123,0,4,1,0
64559.0,123,0,4,0,1
64679.0,123,0,4,1,0
64770.0,123,0,4,1,0
64968.0,123,0,4,1,0
65005.0,124,0,3,1,0
65110.0,124,0,3,1,0
65277.0,125,0,2,1,0
65279.0,125,0,2,1,0
65279.0,125,0,3,0,0
65866.0,126,0,2,0,0
65992.0,127,0,1,0,0
67079.0,128,0,0,0,0
70008.0,128,0,0,0,0
70008.0,126,2,0,0,0
70141.0,126,2,0,0,0
70141.0,124,4,0,0,0
70340.0,124,4,0,0,0
70340.0,122,6,0,0,0
70430.0,122,6,0,0,0
70430.0,120,8,0,0,0
70831.0,120,8,0,0,0
70831.0,118,10,0,0,0
71099.0,118,10,0,0,0
71099.0,116,12,0,0,0
71444.0,116,12,0,0,0
71444.0,114,14,0,0,0
71846.0,114,14,0,0,0
71846.0,112,16,0,0,0
71941.0,112,16,0,0,0
71941.0,111,17,0,0,0
71964.0,111,17,0,0,0
71964.0,109,19,0,0,0
71972.0,109,19,0,0,0
71972.0,107,21,0,0,0
72033.0,107,21,0,0,0
72033.0,106,22,0,0,0
72062.0,106,22,0,0,0
72062.0,104,24,0,0,0
72106.0,104,24,0,0,0
72106.0,102,26,0,0,0
72143.0,102,26,0,0,0
72143.0,94,34,0,0,0
72201.0,94,34,0,0,0
72201.0,62,66,0,0,0
72369.0,62,66,0,0,0
72369.0,60,68,0,0,0
72437.0,60,68,0,0,0
72437.0,28,100,0,0,0
72708.0,28,98,0,2,0
72708.0,28,98,0,0,2
72729.0,28,98,0,2,0
72841.0,28,96,0,4,0
72841.0,28,96,0,2,2
72852.0,28,96,0,2,2
72852.0,24,100,0,2,2
72861.0,24,100,0,4,0
72949.0,24,100,0,4,0
72949.0,24,100,0,2,2
73034.0,24,100,0,4,0
73040.0,24,98,0,6,0
73040.0,24,98,0,4,2
73080.0,24,98,0,6,0
73129.0,24,98,0,6,0
73129.0,24,98,0,2,4
73130.0,24,96,0,4,4
73130.0,24,96,0,2,6
73170.0,24,96,0,6,2
73184.0,24,96,0,8,0
73234.0,24,96,0,8,0
73234.0,24,96,0,4,4
73275.0,24,96,0,8,0
73308.0,24,96,0,8,0
73308.0,24,96,0,4,4
73328.0,24,96,0,4,4
73328.0,24,96,0,2,6
73329.0,24,96,0,2,6
73377.0,24,96,0,6,2
73448.0,24,96,0,8,0
73461.0,24,96,0,8,0
73531.0,24,94,0,10,0
73531.0,24,94,0,8,2
73593.0,24,94,0,10,0
73680.0,24,94,0,10,0
73706.0,24,94,0,10,0
73706.0,0,118,0,10,0
73770.0,0,118,0,10,0
73799.0,0,116,0,12,0
73799.0,0,116,0,10,2
73858.0,0,116,0,10,2
73875.0,0,116,0,10,2
73921.0,0,116,0,10,2
73945.0,0,116,0,12,0
74031.0,0,116,0,12,0
74031.0,0,116,0,10,2
74132.0,0,116,0,12,0
74144.0,0,114,0,14,0
74144.0,0,114,0,12,2
74193.0,0,114,0,12,2
74193.0,0,114,2,10,2
74209.0,0,114,2,12,0
74239.0,0,114,2,12,0
74239.0,0,114,2,10,2
74322.0,0,114,2,12,0
74546.0,0,112,2,14,0
74546.0,0,112,2,12,2
74616.0,0,112,2,14,0
74641.0,0,111,2,15,0
74641.0,0,111,2,14,1
74658.0,0,111,2,15,0
74664.0,0,109,2,17,0
74664.0,0,109,2,15,2
74672.0,0,107,2,17,2
74672.0,0,107,2,15,4
74690.0,0,107,2,15,4
74690.0,0,107,2,13,6
74717.0,0,107,2,15,4
74732.0,0,107,2,15,4
74732.0,0,107,4,13,4
74733.0,0,106,4,14,4
74733.0,0,106,4,13,5
74747.0,0,106,4,15,3
74753.0,0,106,4,16,2
74762.0,0,104,4,18,2
74762.0,0,104,4,16,4
74778.0,0,104,4,18,2
74806.0,0,102,4,20,2
74806.0,0,102,4,18,4
74829.0,0,102,4,20,2
74830.0,0,102,4,22,0
74843.0,0,94,4,30,0
74843.0,0,94,4,22,8
74881.0,0,94,4,30,0
74901.0,0,62,4,62,0
74901.0,0,62,4,30,32
74922.0,0,62,4,30,32
74922.0,0,62,6,28,32
74929.0,0,62,6,28,32
74929.0,0,62,6,26,34
74998.0,0,62,6,58,2
74998.0,0,62,6,26,34
75006.0,0,62,6,28,32
75069.0,0,60,6,30,32
75069.0,0,60,6,28,34
75135.0,0,60,6,60,2
75135.0,0,60,6,28,34
75137.0,0,28,6,60,34
75137.0,0,28,6,28,66
75216.0,0,28,6,28,66
75227.0,0,28,6,60,34
75235.0,0,28,6,62,32
75254.0,0,28,6,94,0
75254.0,0,28,6,92,2
75317.0,0,28,6,92,2
75332.0,0,28,6,94,0
75540.0,0,28,6,94,0
75540.0,0,28,6,92,2
75552.0,0,24,6,96,2
75552.0,0,24,6,92,6
75587.0,0,24,6,96,2
75598.0,0,24,6,96,2
75683.0,0,24,6,98,0
75735.0,0,24,6,98,0
75735.0,0,24,22,82,0
75827.0,0,24,22,82,0
75827.0,0,24,54,50,0
75835.0,0,24,54,50,0
75835.0,0,24,56,48,0
75854.0,0,24,56,48,0
75854.0,0,24,88,16,0
75932.0,0,24,88,16,0
75932.0,0,24,90,14,0
75993.0,2,24,88,14,0
76187.0,2,24,88,14,0
76187.0,2,24,92,10,0
76254.0,2,24,92,10,0
76254.0,2,24,92,8,2
76283.0,2,24,92,8,2
76323.0,2,24,92,8,2
76323.0,1,25,92,8,2
76387.0,1,25,92,10,0
76406.0,1,1,92,34,0
76406.0,1,1,92,2,32
76444.0,1,1,92,2,32
76509.0,1,1,92,34,0
76532.0,3,1,90,34,0
76546.0,3,1,90,34,0
76559.0,3,1,90,34,0
76559.0,3,1,90,0,34
76639.0,3,1,90,2,32
76722.0,5,1,88,2,32
76771.0,5,1,88,2,32
76780.0,5,1,88,34,0
76892.0,5,1,88,34,0
76892.0,5,1,88,32,2
76961.0,5,1,88,34,0
76987.0,5,1,88,34,0
77147.0,5,1,88,34,0
77147.0,5,1,88,32,2
77239.0,5,1,88,32,2
77239.0,5,1,90,30,2
77288.0,5,1,90,32,0
77380.0,5,1,90,32,0
77380.0,5,1,120,2,0
77535.0,21,1,104,2,0
77627.0,53,1,72,2,0
77635.0,55,1,70,2,0
77654.0,87,1,38,2,0
77732.0,89,1,36,2,0
77888.0,89,1,36,2,0
77888.0,89,1,38,0,0
77987.0,93,1,34,0,0
78558.0,93,1,34,0,0
78824.0,93,1,34,0,0
78949.0,93,1,34,0,0
79023.0,93,0,34,1,0
79023.0,93,0,34,0,1
79039.0,95,0,32,0,1
79040.0,95,0,32,1,0
79040.0,95,0,32,0,1
79053.0,95,0,32,1,0
79180.0,125,0,2,1,0
79279.0,125,0,2,1,0
79476.0,125,0,2,1,0
79653.0,125,0,2,1,0
79653.0,125,0,3,0,0
79688.0,127,0,1,0,0
80027.0,127,0,1,0,0
80531.0,127,0,1,0,0
80827.0,127,0,1,0,0
81453.0,128,0,0,0,0
81453.0,0,128,0,0,0
81836.0,0,128,0,0,0
81884.0,0,128,0,0,0
81907.0,0,128,0,0,0
81929.0,0,128,0,0,0
84153.0,0,0,0,128,0
84153.0,0,0,0,0,128
84250.0,0,0,0,128,0
84250.0,0,0,0,0,128
84344.0,0,0,0,128,0
84344.0,0,0,0,106,22
84362.0,0,0,0,107,21
84379.0,0,0,0,108,20
84438.0,0,0,0,110,18
84453.0,0,0,0,112,16
84487.0,0,0,0,114,14
84494.0,0,0,0,116,12
84502.0,0,0,0,118,10
84521.0,0,0,0,120,8
84822.0,0,0,0,122,6
84944.0,0,0,0,122,6
84944.0,0,0,106,16,6
84962.0,0,0,106,16,6
84962.0,0,0,107,15,6
84979.0,0,0,107,15,6
84979.0,0,0,108,14,6
85038.0,0,0,108,14,6
85038.0,0,0,110,12,6
85053.0,0,0,110,12,6
85053.0,0,0,112,10,6
85087.0,0,0,112,10,6
85087.0,0,0,114,8,6
85094.0,0,0,114,8,6
85094.0,0,0,116,6,6
85102.0,0,0,116,6,6
85102.0,0,0,118,4,6
85121.0,0,0,118,4,6
85121.0,0,0,120,2,6
85422.0,0,0,120,2,6
85422.0,0,0,122,0,6
86342.0,0,0,122,2,4
86361.0,0,0,122,6,0
86744.0,106,0,16,6,0
86762.0,107,0,15,6,0
86779.0,108,0,14,6,0
86838.0,110,0,12,6,0
86853.0,112,0,10,6,0
86887.0,114,0,8,6,0
86894.0,116,0,6,6,0
86902.0,118,0,4,6,0
86921.0,120,0,2,6,0
86942.0,120,0,2,6,0
86942.0,120,0,4,4,0
86961.0,120,0,4,4,0
86961.0,120,0,8,0,0
87222.0,122,0,6,0,0
88742.0,124,0,4,0,0
88761.0,128,0,0,0,0
88999.0,128,0,0,0,0
88999.0,126,2,0,0,0
89123.0,126,2,0,0,0
89123.0,94,34,0,0,0
89458.0,94,34,0,0,0
89458.0,62,66,0,0,0
89766.0,62,66,0,0,0
89766.0,30,98,0,0,0
90544.0,30,98,0,0,0
90780.0,30,98,0,0,0
91111.0,30,98,0,0,0
91393.0,30,98,0,0,0
91682.0,30,98,0,0,0
91699.0,30,96,0,2,0
91699.0,30,96,0,0,2
91713.0,30,96,0,0,2
91793.0,30,96,0,2,0
91793.0,0,126,0,2,0
91823.0,0,94,0,34,0
91823.0,0,94,0,2,32
91906.0,0,94,0,34,0
91906.0,0,94,0,2,32
91973.0,0,94,0,34,0
91973.0,0,94,0,32,2
92013.0,0,94,0,34,0
92013.0,0,94,0,2,32
92158.0,0,62,0,34,32
92158.0,0,62,0,2,64
92177.0,0,62,0,34,32
92177.0,0,62,0,2,64
92227.0,0,62,0,2,64
92358.0,0,62,0,34,32
92358.0,0,62,0,30,36
92393.0,0,62,0,30,36
92423.0,0,62,0,32,34
92435.0,0,62,0,34,32
92435.0,0,62,0,2,64
92446.0,0,62,0,2,64
92466.0,0,30,0,34,64
92466.0,0,30,0,2,96
92573.0,0,30,0,2,96
92638.0,0,30,0,34,64
92638.0,0,30,0,32,66
92672.0,0,30,0,64,34
92762.0,0,30,0,66,32
92776.0,0,30,0,66,32
92776.0,0,30,0,64,34
92879.0,0,30,0,66,32
92958.0,0,30,0,66,32
93088.0,0,30,0,98,0
93231.0,0,30,0,98,0
93231.0,0,30,0,96,2
93238.0,0,30,0,96,2
93238.0,0,30,26,70,2
93272.0,0,30,26,72,0
93272.0,0,30,58,40,0
93362.0,0,30,58,40,0
93362.0,0,30,60,38,0
93363.0,0,30,60,38,0
93363.0,0,30,60,36,2
93403.0,0,30,60,38,0
93446.0,0,30,60,38,0
93446.0,0,30,60,36,2
93479.0,0,30,60,36,2
93487.0,0,30,60,38,0
93491.0,0,30,60,38,0
93491.0,0,30,60,6,32
93630.0,0,30,60,6,32
93630.0,0,30,60,4,34
93679.0,0,30,60,6,32
93687.0,0,30,60,6,32
93687.0,0,30,60,4,34
93688.0,0,30,60,4,34
93718.0,0,30,60,6,32
93768.0,0,30,60,6,32
93768.0,0,30,60,4,34
93793.0,0,30,60,6,32
93808.0,0,30,60,6,32
93808.0,0,30,60,4,34
93842.0,0,30,60,6,32
93848.0,0,30,60,6,32
93848.0,0,30,60,4,34
93877.0,0,30,60,6,32
93961.0,0,30,60,6,32
93961.0,0,30,60,4,34
93997.0,0,30,60,6,32
94003.0,0,30,60,6,32
94049.0,0,30,60,6,32
94049.0,0,30,60,4,34
94077.0,0,30,60,36,2
94087.0,0,30,60,36,2
94107.0,0,30,60,38,0
94215.0,0,30,60,38,0
94215.0,0,30,60,36,2
94279.0,0,30,60,36,2
94288.0,0,30,60,36,2
94288.0,0,30,60,35,3
94290.0,0,30,60,36,2
94299.0,0,30,60,38,0
94315.0,0,30,60,38,0
94315.0,0,30,60,36,2
94318.0,0,30,60,36,2
94335.0,0,30,60,38,0
94343.0,0,30,60,38,0
94343.0,0,30,60,36,2
94378.0,0,30,60,38,0
94393.0,0,30,60,38,0
94442.0,0,30,60,38,0
94477.0,0,30,60,38,0
94493.0,0,0,60,68,0
94493.0,0,0,60,36,32
94597.0,0,0,60,36,32
94651.0,0,0,60,68,0
94677.0,0,0,60,68,0
94677.0,0,0,87,41,0
94707.0,0,0,87,41,0
94707.0,0,0,89,39,0
94890.0,0,0,89,39,0
94890.0,0,0,90,38,0
94899.0,0,0,90,38,0
94899.0,0,0,92,36,0
94935.0,0,0,92,36,0
94935.0,0,0,94,34,0
94978.0,0,0,94,34,0
94978.0,0,0,96,32,0
95038.0,26,0,70,32,0
95070.0,26,0,70,32,0
95070.0,26,0,70,31,1
95072.0,58,0,38,31,1
95074.0,58,0,38,32,0
95079.0,58,0,38,32,0
95079.0,58,0,38,16,16
95089.0,58,0,38,32,0
95142.0,58,0,38,32,0
95142.0,58,0,38,0,32
95162.0,60,0,36,0,32
95251.0,60,0,36,0,32
95304.0,60,0,36,32,0
95335.0,60,0,36,32,0
95335.0,60,0,36,30,2
95366.0,60,0,36,32,0
95427.0,60,0,36,32,0
95427.0,60,0,36,30,2
95457.0,60,0,36,32,0
95462.0,60,0,36,32,0
95462.0,60,0,36,30,2
95494.0,60,0,36,32,0
95509.0,60,0,36,32,0
95509.0,60,0,36,30,2
95570.0,60,0,36,30,2
95570.0,60,0,36,28,4
95595.0,60,0,36,30,2
95601.0,60,0,36,30,2
95601.0,60,0,36,28,4
95633.0,60,0,36,30,2
95855.0,60,0,36,32,0
95904.0,60,0,36,32,0
95904.0,60,0,56,12,0
95936.0,60,0,56,12,0
95936.0,60,0,56,10,2
95951.0,60,0,56,12,0
95966.0,60,0,56,12,0
95995.0,60,0,56,12,0
95995.0,60,0,56,10,2
96016.0,60,0,56,12,0
96057.0,60,0,56,12,0
96094.0,60,0,56,12,0
96094.0,60,0,58,10,0
96101.0,60,0,58,10,0
96101.0,60,0,58,9,1
96107.0,60,0,58,10,0
96116.0,60,0,58,10,0
96187.0,60,0,58,10,0
96195.0,60,0,58,10,0
96195.0,60,0,59,9,0
96233.0,60,0,59,9,0
96233.0,60,0,61,7,0
96242.0,60,0,61,7,0
96242.0,60,0,61,2,5
96245.0,60,0,61,6,1
96256.0,60,0,61,7,0
96302.0,60,0,61,7,0
96333.0,60,0,61,7,0
96333.0,60,0,61,1,6
96336.0,60,0,61,7,0
96451.0,60,0,61,7,0
96455.0,60,0,61,7,0
96477.0,87,0,34,7,0
96507.0,89,0,32,7,0
96548.0,89,0,32,7,0
96548.0,89,0,32,5,2
96551.0,89,0,32,7,0
96551.0,89,0,33,6,0
96610.0,89,0,33,6,0
96610.0,89,0,33,4,2
96613.0,89,0,33,6,0
96690.0,90,0,32,6,0
96699.0,92,0,30,6,0
96735.0,94,0,28,6,0
96778.0,96,0,26,6,0
96805.0,96,0,26,6,0
96805.0,96,0,26,5,1
96808.0,96,0,26,6,0
96865.0,96,0,26,6,0
96865.0,96,0,26,5,1
96868.0,96,0,26,6,0
96936.0,96,0,26,6,0
96936.0,96,0,30,2,0
97213.0,96,0,30,2,0
97213.0,96,0,31,1,0
97468.0,96,0,31,1,0
97468.0,96,0,32,0,0
97533.0,96,0,32,0,0
97626.0,96,0,32,0,0
97704.0,116,0,12,0,0
97894.0,118,0,10,0,0
97978.0,118,0,10,0,0
97995.0,119,0,9,0,0
98012.0,119,0,9,0,0
98033.0,121,0,7,0,0
98239.0,121,0,7,0,0
98351.0,122,0,6,0,0
98516.0,122,0,6,0,0
98736.0,126,0,2,0,0
98749.0,126,0,2,0,0
98992.0,126,0,2,0,0
99013.0,127,0,1,0,0
99268.0,128,0,0,0,0
99268.0,0,128,0,0,0
99324.0,0,128,0,0,0
99345.0,0,128,0,0,0
99464.0,0,128,0,0,0
99717.0,0,128,0,0,0
99744.0,0,128,0,0,0
100102.0,0,128,0,0,0
100231.0,0,128,0,0,0
100461.0,0,128,0,0,0
101060.0,0,128,0,0,0
101644.0,0,128,0,0,0
101690.0,0,128,0,0,0
101968.0,0,0,0,128,0
101968.0,0,0,0,0,128
101973.0,0,0,0,128,0
101973.0,0,0,0,111,17
101976.0,0,0,0,127,1
101977.0,0,0,0,128,0
101977.0,0,0,0,0,128
102047.0,0,0,0,0,128
102189.0,0,0,0,0,128
102192.0,0,0,0,0,128
102301.0,0,0,0,128,0
102301.0,0,0,0,127,1
102306.0,0,0,0,128,0
102306.0,0,0,0,0,128
102500.0,0,0,0,128,0
102500.0,0,0,0,42,86
102507.0,0,0,0,58,70
102509.0,0,0,0,59,69
102514.0,0,0,0,60,68
102517.0,0,0,0,61,67
102523.0,0,0,0,62,66
102524.0,0,0,0,64,64
102573.0,0,0,0,64,64
102629.0,0,0,0,96,32
102678.0,0,0,0,96,32
102678.0,0,0,0,95,33
102758.0,0,0,0,96,32
102765.0,0,0,0,128,0
102765.0,0,0,0,0,128
102901.0,0,0,0,0,128
102958.0,0,0,0,0,128
103003.0,0,0,0,128,0
103003.0,0,0,0,0,128
103100.0,0,0,0,0,128
103229.0,0,0,0,0,128
103284.0,0,0,0,32,96
103284.0,0,0,0,31,97
103314.0,0,0,0,63,65
103360.0,0,0,0,95,33
103370.0,0,0,0,96,32
103372.0,0,0,0,128,0
103372.0,0,0,0,0,128
103428.0,0,0,0,0,128
103539.0,0,0,0,128,0
103539.0,0,0,0,30,98
103665.0,0,0,0,31,97
103789.0,0,0,0,32,96
103884.0,0,0,0,32,96
103956.0,0,0,0,32,96
103956.0,0,0,0,31,97
104033.0,0,0,0,31,97
104034.0,0,0,0,63,65
104034.0,0,0,0,31,97
104085.0,0,0,0,63,65
104122.0,0,0,0,95,33
104139.0,0,0,0,95,33
104212.0,0,0,0,127,1
104250.0,0,0,0,127,1
104250.0,0,0,0,95,33
104629.0,0,0,0,96,32
104634.0,0,0,0,96,32
104685.0,0,0,0,96,32
104685.0,0,0,31,65,32
104686.0,0,0,31,97,0
104688.0,0,0,31,97,0
104688.0,0,0,31,96,1
104692.0,0,0,31,96,1
104692.0,0,0,31,95,2
104699.0,0,0,31,96,1
104707.0,0,0,31,97,0
104722.0,0,0,31,97,0
104722.0,0,0,61,67,0
104794.0,0,0,61,67,0
104794.0,0,0,61,35,32
104812.0,0,0,61,35,32
105062.0,0,0,61,35,32
105062.0,0,0,61,34,33
105229.0,0,0,61,34,33
105286.0,0,0,61,34,33
105286.0,0,0,93,2,33
105299.0,0,0,93,2,33
105299.0,0,0,94,1,33
105307.0,0,0,94,1,33
105307.0,0,0,95,0,33
105449.0,0,0,95,1,32
105678.0,0,0,95,1,32
105678.0,0,0,95,0,33
105761.0,0,0,95,32,1
105812.0,0,0,95,32,1
105812.0,0,0,95,0,33
105851.0,0,0,95,1,32
105983.0,0,0,95,33,0
106049.0,0,0,95,33,0
106054.0,0,0,95,33,0
106054.0,0,0,95,32,1
106197.0,0,0,95,33,0
106310.0,0,0,95,33,0
106310.0,0,0,95,1,32
106361.0,0,0,95,1,32
106451.0,0,0,95,1,32
106485.0,31,0,64,1,32
106499.0,31,0,64,1,32
106499.0,31,0,64,0,33
106522.0,61,0,34,0,33
106583.0,61,0,34,0,33
106644.0,61,0,34,1,32
106797.0,61,0,34,1,32
106820.0,61,0,34,1,32
106820.0,61,0,34,0,33
106982.0,61,0,34,32,1
106987.0,61,0,34,32,1
106987.0,61,0,34,31,2
107009.0,61,0,34,32,1
107013.0,61,0,34,32,1
107013.0,61,0,34,31,2
107015.0,61,0,34,32,1
107018.0,61,0,34,33,0
107024.0,61,0,34,33,0
107024.0,61,0,34,32,1
107031.0,61,0,34,33,0
107086.0,93,0,2,33,0
107099.0,94,0,1,33,0
107107.0,95,0,0,33,0
107244.0,95,0,0,33,0
107503.0,95,0,0,33,0
107503.0,95,0,0,1,32
107582.0,95,0,0,1,32
107631.0,95,0,0,1,32
107631.0,95,0,1,0,32
107701.0,95,0,1,32,0
107979.0,95,0,1,32,0
107979.0,95,0,1,31,1
108061.0,95,0,1,31,1
108061.0,63,32,1,31,1
108218.0,63,32,1,32,0
108301.0,63,32,1,32,0
108301.0,63,32,32,1,0
108580.0,63,32,32,1,0
108580.0,63,32,32,0,1
108588.0,63,32,32,0,1
108588.0,62,33,32,0,1
108597.0,62,33,32,0,1
108597.0,61,34,32,0,1
108602.0,61,34,32,1,0
108628.0,61,34,32,1,0
108628.0,61,34,32,0,1
108716.0,61,34,32,0,1
108818.0,61,34,32,0,1
108870.0,61,34,32,0,1
108889.0,61,34,32,1,0
109202.0,61,34,32,1,0
109337.0,61,34,32,1,0
109431.0,62,34,31,1,0
109489.0,62,34,31,1,0
109489.0,62,34,32,0,0
109566.0,62,34,32,0,0
109815.0,62,34,32,0,0
110101.0,93,34,1,0,0
110101.0,29,98,1,0,0
110725.0,29,98,1,0,0
110761.0,29,66,1,32,0
110761.0,29,66,1,0,32
111224.0,29,66,1,0,32
111235.0,29,66,1,0,32
111278.0,29,66,1,32,0
111278.0,29,66,1,0,32
111288.0,29,65,1,1,32
111288.0,29,65,1,0,33
111289.0,30,65,0,0,33
111294.0,30,65,0,1,32
111294.0,28,67,0,1,32
111297.0,28,66,0,2,32
111297.0,28,66,0,1,33
111306.0,28,66,0,2,32
111510.0,28,66,0,34,0
111550.0,28,66,0,34,0
111550.0,27,67,0,34,0
111894.0,27,67,0,34,0
111894.0,27,67,1,33,0
111906.0,27,67,1,33,0
111906.0,27,67,2,32,0
112110.0,27,67,2,32,0
112110.0,27,67,34,0,0
112418.0,27,67,34,0,0
112766.0,27,67,34,0,0
112801.0,27,3,34,64,0
112801.0,27,3,34,0,64
113036.0,27,3,34,0,64
113256.0,27,3,34,64,0
113256.0,27,3,34,0,64
113447.0,27,3,34,0,64
113539.0,27,3,34,64,0
113539.0,27,3,34,0,64
113694.0,28,3,33,0,64
113706.0,29,3,32,0,64
113910.0,61,3,0,0,64
113994.0,61,1,0,2,64
113994.0,61,1,0,0,66
113999.0,61,1,0,64,2
113999.0,61,1,0,0,66
114012.0,61,1,0,1,65
114012.0,60,2,0,1,65
114096.0,60,2,0,2,64
114096.0,58,4,0,2,64
114250.0,58,3,0,3,64
114250.0,58,3,0,2,65
114387.0,58,3,0,3,64
114417.0,58,3,0,67,0
114417.0,26,35,0,3,64
114612.0,26,35,0,3,64
114618.0,26,35,0,67,0
114618.0,26,35,0,35,32
115017.0,26,35,0,35,32
115026.0,26,35,0,67,0
115218.0,26,35,0,67,0
115218.0,26,35,35,32,0
115330.0,26,35,35,32,0
115454.0,26,35,35,32,0
115626.0,26,35,35,32,0
115626.0,26,35,67,0,0
116555.0,26,35,67,0,0
116712.0,26,34,67,1,0
116712.0,26,34,67,0,1
116772.0,26,34,67,1,0
116796.0,26,32,67,3,0
116796.0,26,32,67,1,2
116876.0,26,32,67,1,2
116889.0,26,32,67,3,0
117018.0,61,32,32,3,0
117117.0,61,0,32,35,0
117117.0,61,0,32,3,32
117269.0,61,0,32,3,32
117269.0,61,0,32,2,33
117277.0,61,0,32,3,32
117334.0,61,0,32,35,0
117372.0,61,0,32,35,0
117372.0,61,0,33,34,0
117426.0,93,0,1,34,0
117474.0,93,0,1,34,0
117474.0,93,0,1,2,32
117489.0,93,0,1,2,32
117489.0,93,0,2,1,32
117563.0,93,0,2,33,0
117663.0,93,0,2,33,0
117663.0,93,0,2,32,1
117682.0,93,0,2,33,0
117877.0,93,0,2,33,0
117877.0,93,0,3,32,0
117950.0,93,0,3,32,0
117950.0,93,0,3,0,32
117954.0,93,0,3,32,0
118066.0,93,0,3,32,0
118066.0,93,0,3,31,1
118082.0,93,0,3,32,0
118127.0,93,0,3,32,0
118127.0,93,0,3,0,32
118130.0,93,0,3,0,32
118163.0,93,0,3,0,32
118554.0,93,0,3,0,32
118641.0,93,0,3,32,0
119151.0,93,0,3,32,0
119151.0,93,0,3,0,32
119172.0,94,0,2,0,32
119241.0,94,0,2,0,32
119289.0,95,0,1,0,32
119544.0,95,0,1,32,0
119677.0,96,0,0,32,0
119677.0,0,96,0,32,0
120144.0,0,96,0,32,0
122377.0,0,0,0,128,0
122377.0,0,0,0,0,128
122433.0,0,0,0,128,0
122433.0,0,0,0,0,128
123200.0,0,0,0,128,0
123200.0,0,0,0,0,128
123472.0,0,0,0,64,64
123472.0,0,0,0,0,128
123591.0,0,0,0,64,64
124191.0,0,0,0,64,64
124191.0,0,0,64,0,64
125991.0,64,0,0,0,64
126975.0,64,0,0,0,64
126975.0,63,1,0,0,64
127058.0,63,1,0,0,64
127058.0,55,9,0,0,64
127339.0,55,9,0,0,64
129675.0,55,8,0,1,64
129675.0,55,8,0,0,65
129725.0,55,8,0,1,64
129758.0,55,0,0,9,64
129758.0,55,0,0,1,72
130032.0,55,0,0,9,64
130325.0,55,0,0,9,64
130325.0,55,0,1,8,64
130632.0,55,0,1,8,64
130632.0,55,0,9,0,64
132125.0,56,0,8,0,64
132432.0,64,0,0,0,64
132668.0,64,0,0,64,0
132668.0,0,64,0,64,0
135368.0,0,0,0,128,0
135368.0,0,0,0,0,128
138273.0,0,0,0,0,128
146298.0,0,0,0,128,0
146298.0,0,0,0,64,64
146898.0,0,0,0,64,64
146898.0,0,0,64,0,64
148698.0,64,0,0,0,64
150853.0,64,0,0,0,64
150853.0,48,16,0,0,64
151501.0,48,16,0,0,64
151501.0,32,32,0,0,64
152781.0,32,32,0,0,64
152781.0,16,48,0,0,64
153105.0,16,48,0,0,64
153105.0,0,64,0,0,64
153425.0,0,64,0,0,64
153553.0,0,48,0,16,64
153553.0,0,48,0,0,80
153739.0,0,48,0,16,64
153739.0,0,48,0,0,80
153864.0,0,48,0,16,64
154165.0,0,48,0,16,64
154165.0,0,48,0,0,80
154201.0,0,32,0,16,80
154201.0,0,32,0,0,96
154268.0,0,32,0,16,80
154371.0,0,32,0,32,64
154464.0,0,32,0,32,64
154608.0,0,32,0,32,64
154608.0,0,32,0,16,80
154781.0,0,32,0,32,64
154868.0,0,32,0,32,64
154971.0,0,32,0,32,64
154971.0,0,32,16,16,64
155047.0,0,32,16,16,64
155381.0,0,32,16,16,64
155381.0,0,32,32,0,64
155481.0,0,16,32,16,64
155481.0,0,16,32,0,80
155678.0,0,16,32,16,64
155805.0,0,0,32,32,64
155805.0,0,0,32,16,80
156027.0,0,0,32,32,64
156027.0,0,0,32,0,96
156278.0,0,0,32,0,96
156423.0,0,0,32,32,64
156771.0,16,0,16,32,64
157023.0,16,0,16,32,64
157023.0,16,0,48,0,64
157181.0,32,0,32,0,64
157222.0,32,0,32,64,0
157822.0,32,0,32,64,0
157822.0,32,0,96,0,0
157831.0,32,0,96,0,0
157831.0,0,32,96,0,0
158823.0,32,32,64,0,0
158950.0,32,32,64,0,0
159622.0,96,32,0,0,0
159622.0,32,96,0,0,0
160531.0,32,64,0,32,0
160531.0,32,64,0,0,32
160951.0,32,64,0,32,0
161478.0,32,64,0,32,0
161478.0,32,64,0,0,32
161551.0,32,64,0,0,32
161575.0,32,64,0,32,0
161850.0,32,64,0,32,0
161850.0,32,64,0,16,16
161927.0,32,64,0,32,0
162011.0,32,64,0,32,0
162011.0,32,64,0,16,16
162089.0,32,64,0,16,16
162089.0,32,64,0,15,17
162107.0,32,64,0,16,16
162175.0,32,64,0,16,16
162322.0,32,0,0,80,16
162322.0,32,0,0,16,80
162482.0,32,0,0,32,64
162527.0,32,0,0,32,64
162527.0,32,0,15,17,64
162665.0,32,0,15,17,64
162665.0,32,0,15,1,80
162707.0,32,0,15,1,80
162773.0,32,0,15,1,80
162773.0,0,32,15,1,80
163082.0,0,32,15,1,80
163082.0,0,32,16,0,80
163118.0,0,32,16,16,64
163265.0,0,32,16,16,64
163265.0,0,32,16,0,80
163448.0,0,32,16,0,80
163503.0,0,32,16,16,64
163503.0,0,32,16,15,65
163524.0,0,32,16,16,64
163648.0,0,32,16,16,64
163718.0,0,32,16,16,64
163931.0,0,32,16,16,64
163980.0,0,32,16,16,64
163980.0,0,32,16,14,66
163988.0,0,32,16,15,65
163993.0,0,32,16,16,64
164103.0,0,32,16,16,64
164103.0,0,32,29,3,64
164124.0,0,32,29,3,64
164124.0,0,32,30,2,64
164169.0,0,32,30,2,64
164327.0,15,32,15,2,64
164460.0,15,32,15,2,64
164588.0,15,32,15,2,64
164588.0,15,32,16,1,64
164593.0,15,32,16,1,64
164593.0,15,32,17,0,64
164743.0,15,32,17,0,64
164750.0,15,32,17,0,64
164882.0,16,32,16,0,64
164903.0,16,32,16,0,64
165180.0,16,32,16,0,64
165208.0,16,32,16,0,64
165226.0,16,32,16,0,64
165285.0,16,32,16,0,64
165473.0,16,0,16,32,64
165473.0,16,0,16,0,96
165692.0,16,0,16,32,64
165692.0,16,0,16,0,96
165903.0,29,0,3,0,96
165924.0,30,0,2,0,96
166046.0,30,0,2,32,64
166046.0,30,0,2,0,96
166388.0,31,0,1,0,96
166393.0,32,0,0,0,96
166439.0,32,0,0,32,64
166439.0,0,32,0,32,64
167300.0,0,32,0,96,0
167300.0,0,32,0,91,5
167312.0,0,32,0,92,4
167315.0,0,32,0,93,3
167317.0,0,32,0,94,2
167320.0,0,32,0,95,1
167323.0,0,32,0,96,0
167323.0,0,32,0,32,64
167598.0,0,32,0,96,0
167598.0,0,32,0,32,64
167805.0,0,32,0,96,0
167845.0,0,32,0,96,0
167845.0,0,32,0,32,64
167900.0,0,32,0,32,64
168054.0,0,32,0,96,0
168077.0,0,32,0,96,0
168077.0,0,32,0,32,64
168372.0,0,32,0,32,64
168375.0,0,32,0,96,0
168375.0,0,32,0,95,1
168377.0,0,32,0,95,1
168377.0,0,32,0,94,2
168387.0,0,32,0,95,1
168392.0,0,32,0,96,0
168405.0,0,32,0,96,0
168432.0,0,32,0,96,0
168432.0,0,32,0,32,64
168654.0,0,32,0,32,64
168719.0,0,32,0,96,0
168856.0,0,32,0,96,0
168856.0,0,32,0,32,64
168975.0,0,32,0,32,64
169139.0,0,0,0,64,64
169139.0,0,0,0,0,128
169319.0,0,0,0,0,128
169401.0,0,0,0,64,64
169425.0,0,0,0,128,0
169536.0,0,0,0,128,0
169536.0,0,0,0,64,64
169884.0,0,0,0,64,64
169884.0,0,0,0,32,96
169941.0,0,0,0,32,96
169941.0,0,0,0,31,97
169944.0,0,0,0,95,33
169945.0,0,0,0,95,33
169945.0,0,0,0,94,34
169952.0,0,0,0,95,33
169967.0,0,0,0,96,32
170001.0,0,0,0,96,32
170025.0,0,0,0,96,32
170025.0,0,0,30,66,32
170027.0,0,0,30,66,32
170027.0,0,0,30,2,96
170118.0,0,0,30,34,64
170185.0,0,0,30,98,0
170207.0,0,0,30,98,0
170207.0,0,0,30,66,32
170355.0,0,0,30,66,32
170355.0,0,0,30,2,96
170544.0,0,0,30,2,96
170552.0,0,0,30,2,96
170678.0,0,0,30,66,32
170682.0,0,0,30,98,0
170718.0,0,0,30,98,0
170785.0,0,0,30,98,0
170785.0,0,0,32,96,0
170933.0,0,0,32,96,0
170933.0,0,0,32,32,64
170978.0,0,0,32,32,64
170978.0,0,0,32,0,96
171278.0,0,0,32,0,96
171282.0,0,0,32,0,96
171383.0,0,0,32,32,64
171393.0,0,0,32,96,0
171592.0,0,0,32,96,0
171592.0,0,0,32,32,64
171825.0,30,0,2,32,64
171850.0,30,0,2,96,0
171852.0,30,0,2,96,0
171852.0,30,0,2,95,1
171862.0,30,0,2,95,1
171862.0,30,0,2,63,33
171875.0,30,0,2,64,32
171983.0,30,0,2,64,32
171985.0,30,0,2,96,0
171993.0,30,0,2,96,0
172450.0,30,0,2,96,0
172450.0,30,0,65,33,0
172475.0,30,0,65,33,0
172475.0,30,0,66,32,0
172585.0,32,0,64,32,0
172585.0,32,0,96,0,0
174250.0,95,0,33,0,0
174275.0,96,0,32,0,0
174385.0,128,0,0,0,0
179095.0,128,0,0,0,0
179095.0,96,32,0,0,0
179420.0,96,32,0,0,0
179420.0,32,96,0,0,0
179794.0,32,96,0,0,0
180315.0,32,96,0,0,0
180697.0,32,96,0,0,0
180709.0,32,96,0,0,0
180766.0,32,96,0,0,0
181795.0,32,64,0,32,0
181795.0,32,64,0,0,32
181987.0,32,64,0,0,32
182010.0,32,64,0,32,0
182010.0,0,96,0,32,0
182120.0,0,32,0,96,0
182120.0,0,32,0,32,64
182369.0,0,32,0,32,64
182430.0,0,32,0,96,0
182430.0,0,32,0,32,64
182517.0,0,32,0,32,64
182573.0,0,32,0,32,64
182732.0,0,32,0,32,64
182810.0,0,32,0,96,0
182810.0,0,32,0,94,2
182822.0,0,32,0,95,1
182833.0,0,32,0,96,0
182833.0,0,32,0,32,64
182869.0,0,32,0,32,64
183112.0,0,32,0,96,0
183112.0,0,32,0,32,64
183135.0,0,32,0,32,64
183212.0,0,32,0,32,64
183410.0,0,32,0,32,64
183493.0,0,32,0,96,0
183493.0,0,32,0,94,2
183508.0,0,32,0,95,1
183593.0,0,32,0,96,0
183593.0,0,32,0,32,64
183887.0,0,32,0,96,0
183887.0,0,32,0,93,3
183895.0,0,32,0,94,2
183911.0,0,32,0,95,1
184031.0,0,32,0,96,0
184031.0,0,32,0,32,64
184034.0,0,32,0,32,64
184093.0,0,32,0,32,64
184151.0,0,32,0,32,64
184487.0,0,32,0,32,64
184710.0,0,0,0,64,64
184710.0,0,0,0,0,128
185004.0,0,0,0,64,64
185004.0,0,0,0,0,128
185090.0,0,0,0,32,96
185690.0,0,0,0,32,96
185690.0,0,0,32,0,96
185951.0,0,0,32,32,64
186551.0,0,0,32,32,64
186551.0,0,0,64,0,64
187067.0,0,0,64,0,64
187348.0,0,0,64,0,64
187490.0,32,0,32,0,64
187490.0,30,2,32,0,64
188351.0,62,2,0,0,64
190190.0,62,0,0,2,64
190190.0,62,0,0,0,66
190289.0,62,0,0,1,65
190314.0,62,0,0,2,64
190889.0,62,0,0,2,64
190889.0,62,0,1,1,64
190914.0,62,0,1,1,64
190914.0,62,0,2,0,64
192689.0,63,0,1,0,64
192714.0,64,0,0,0,64
194565.0,64,0,0,0,64
194565.0,32,32,0,0,64
195022.0,32,32,0,0,64
195553.0,32,32,0,0,64
196201.0,32,32,0,0,64
196702.0,32,32,0,0,64
197118.0,32,32,0,0,64
197265.0,32,0,0,32,64
197265.0,32,0,0,0,96
197623.0,32,0,0,0,96
197686.0,32,0,0,32,64
197686.0,0,32,0,32,64
199014.0,0,32,0,96,0
199014.0,0,32,0,80,16
199464.0,0,32,0,96,0
199464.0,0,32,0,32,64
199614.0,0,32,0,32,64
199917.0,0,32,0,96,0
199917.0,0,32,0,47,49
199933.0,0,32,0,48,48
200289.0,0,32,0,80,16
200386.0,0,0,0,112,16
200386.0,0,0,0,48,80
200504.0,0,0,0,64,64
200517.0,0,0,0,64,64
200517.0,0,0,15,49,64
200533.0,0,0,15,49,64
200533.0,0,0,16,48,64
200862.0,0,0,16,112,0
200889.0,0,0,16,112,0
200889.0,0,0,48,80,0
201104.0,0,0,48,80,0
201104.0,0,0,64,64,0
201462.0,0,0,64,64,0
201462.0,0,0,128,0,0
202317.0,15,0,113,0,0
202333.0,16,0,112,0,0
202689.0,48,0,80,0,0
202904.0,64,0,64,0,0
203262.0,128,0,0,0,0
204527.0,128,0,0,0,0
204527.0,0,128,0,0,0
207227.0,0,0,0,128,0
207227.0,0,0,0,0,128
215458.0,0,0,0,0,128
218152.0,0,0,0,128,0
218152.0,0,0,0,0,128
218239.0,0,0,0,128,0
218476.0,0,0,0,128,0
218476.0,0,0,0,64,64
218839.0,0,0,0,64,64
218839.0,0,0,64,0,64
218871.0,0,0,64,64,0
218873.0,0,0,64,64,0
218873.0,0,0,64,63,1
218899.0,0,0,64,64,0
218948.0,0,0,64,64,0
218948.0,0,0,64,0,64
218950.0,0,0,64,0,64
219471.0,0,0,64,0,64
220639.0,64,0,0,0,64
220639.0,63,1,0,0,64
221165.0,63,1,0,0,64
221165.0,62,2,0,0,64
221312.0,62,2,0,0,64
221312.0,61,3,0,0,64
221545.0,61,3,0,0,64
221545.0,60,4,0,0,64
223339.0,60,3,0,1,64
223339.0,60,3,0,0,65
223355.0,60,3,0,1,64
223865.0,60,2,0,2,64
223865.0,60,2,0,1,65
223955.0,60,2,0,1,65
223955.0,60,2,1,0,65
223961.0,60,2,1,1,64
224012.0,60,1,1,2,64
224012.0,60,1,1,1,65
224158.0,60,1,1,2,64
224245.0,60,0,1,3,64
224245.0,60,0,1,2,65
224372.0,60,0,1,3,64
224561.0,60,0,1,3,64
224561.0,60,0,2,2,64
224758.0,60,0,2,2,64
224758.0,60,0,3,1,64
224822.0,60,0,3,1,64
224822.0,60,0,3,0,65
224944.0,60,0,3,1,64
224972.0,60,0,3,1,64
224974.0,60,0,3,1,64
224974.0,60,0,3,0,65
225079.0,60,0,3,1,64
225544.0,60,0,3,1,64
225679.0,60,0,3,1,64
225679.0,60,0,4,0,64
225755.0,61,0,3,0,64
226361.0,62,0,2,0,64
226558.0,63,0,1,0,64
227479.0,64,0,0,0,64
229875.0,64,0,0,64,0
230475.0,64,0,0,64,0
230475.0,64,0,64,0,0
230770.0,64,0,64,0,0
230770.0,63,1,64,0,0
230968.0,63,1,64,0,0
230968.0,62,2,64,0,0
231339.0,62,2,64,0,0
231339.0,61,3,64,0,0
231472.0,61,3,64,0,0
231472.0,60,4,64,0,0
232275.0,124,4,0,0,0
233470.0,124,3,0,1,0
233470.0,124,3,0,0,1
233597.0,124,3,0,1,0
233668.0,124,2,0,2,0
233668.0,124,2,0,1,1
233786.0,124,2,0,2,0
234039.0,124,1,0,3,0
234039.0,124,1,0,2,1
234137.0,124,1,0,3,0
234172.0,124,0,0,4,0
234172.0,124,0,0,3,1
234197.0,124,0,0,3,1
234197.0,124,0,1,2,1
234283.0,124,0,1,3,0
234386.0,124,0,1,3,0
234386.0,124,0,2,2,0
234737.0,124,0,2,2,0
234737.0,124,0,3,1,0
234883.0,124,0,3,1,0
234883.0,124,0,4,0,0
235997.0,125,0,3,0,0
236186.0,126,0,2,0,0
236537.0,127,0,1,0,0
236683.0,128,0,0,0,0
236883.0,128,0,0,0,0
236883.0,127,1,0,0,0
237128.0,127,1,0,0,0
237128.0,126,2,0,0,0
237403.0,126,2,0,0,0
237403.0,125,3,0,0,0
238040.0,125,3,0,0,0
238040.0,124,4,0,0,0
239583.0,124,3,0,1,0
239583.0,124,3,0,0,1
239742.0,124,3,0,1,0
239828.0,124,2,0,2,0
239828.0,124,2,0,1,1
239924.0,124,2,0,2,0
240103.0,124,1,0,3,0
240103.0,124,1,0,2,1
240220.0,124,1,0,3,0
240342.0,124,1,0,3,0
240342.0,124,1,1,2,0
240524.0,124,1,1,2,0
240524.0,124,1,2,1,0
240740.0,124,0,2,2,0
240740.0,124,0,2,1,1
240820.0,124,0,2,1,1
240820.0,124,0,3,0,1
240850.0,124,0,3,1,0
241450.0,124,0,3,1,0
241450.0,124,0,4,0,0
242142.0,125,0,3,0,0
242324.0,126,0,2,0,0
242620.0,127,0,1,0,0
243250.0,128,0,0,0,0
244640.0,128,0,0,0,0
244640.0,64,64,0,0,0
246356.0,64,64,0,0,0
246356.0,0,128,0,0,0
246573.0,0,128,0,0,0
246773.0,0,128,0,0,0
246963.0,0,128,0,0,0
247147.0,0,128,0,0,0
247340.0,0,64,0,64,0
247340.0,0,64,0,0,64
247351.0,0,64,0,0,64
247363.0,0,64,0,0,64
247488.0,0,64,0,0,64
247578.0,0,64,0,0,64
247747.0,0,64,0,0,64
247844.0,0,64,0,0,64
248045.0,0,64,0,0,64
248268.0,0,64,0,0,64
248445.0,0,64,0,0,64
248530.0,0,64,0,0,64
248681.0,0,64,0,0,64
248824.0,0,64,0,0,64
248964.0,0,64,0,0,64
249018.0,0,64,0,0,64
249056.0,0,0,0,64,64
249056.0,0,0,0,0,128
249167.0,0,0,0,64,64
249167.0,0,0,0,0,128
249194.0,0,0,0,0,128
249273.0,0,0,0,64,64
249273.0,0,0,0,0,128
249379.0,0,0,0,64,64
249379.0,0,0,0,0,128
249486.0,0,0,0,64,64
249486.0,0,0,0,0,128
249597.0,0,0,0,64,64
249597.0,0,0,0,0,128
249598.0,0,0,0,64,64
249598.0,0,0,0,0,128
249705.0,0,0,0,64,64
249705.0,0,0,0,40,88
249724.0,0,0,0,40,88
249726.0,0,0,0,48,80
249761.0,0,0,0,64,64
249761.0,0,0,0,0,128
249866.0,0,0,0,64,64
249866.0,0,0,0,0,128
249888.0,0,0,0,0,128
249989.0,0,0,0,64,64
249989.0,0,0,0,0,128
249992.0,0,0,0,0,128
250074.0,0,0,0,0,128
250096.0,0,0,0,64,64
250096.0,0,0,0,0,128
250203.0,0,0,0,64,64
250203.0,0,0,0,0,128
250247.0,0,0,0,0,128
250255.0,0,0,0,0,128
250305.0,0,0,0,0,128
250309.0,0,0,0,64,64
250309.0,0,0,0,0,128
250344.0,0,0,0,0,128
250413.0,0,0,0,0,128
250417.0,0,0,0,64,64
250417.0,0,0,0,4,124
250528.0,0,0,0,4,124
250528.0,0,0,0,3,125
250551.0,0,0,0,4,124
250553.0,0,0,0,4,124
250568.0,0,0,0,8,120
250581.0,0,0,0,8,120
250640.0,0,0,0,40,88
250640.0,0,0,0,8,120
250668.0,0,0,0,8,120
250674.0,0,0,0,8,120
250691.0,0,0,0,24,104
250691.0,0,0,0,8,120
250760.0,0,0,0,8,120
250786.0,0,0,0,8,120
250817.0,0,0,0,40,88
250885.0,0,0,0,40,88
250885.0,0,0,0,36,92
250944.0,0,0,0,36,92
251017.0,0,0,0,52,76
251057.0,0,0,0,56,72
251060.0,0,0,0,56,72
251065.0,0,0,0,56,72
251082.0,0,0,0,64,64
251082.0,0,0,0,0,128
251141.0,0,0,0,0,128
251173.0,0,0,0,0,128
251200.0,0,0,0,64,64
251200.0,0,0,0,0,128
251225.0,0,0,0,0,128
251240.0,0,0,0,0,128
251287.0,0,0,0,0,128
251321.0,0,0,0,64,64
251321.0,0,0,0,0,128
251353.0,0,0,0,0,128
251420.0,0,0,0,0,128
251471.0,0,0,0,0,128
251511.0,0,0,0,0,128
251514.0,0,0,0,64,64
251514.0,0,0,0,0,128
251598.0,0,0,0,0,128
251624.0,0,0,0,0,128
251636.0,0,0,0,64,64
251636.0,0,0,0,0,128
251661.0,0,0,0,0,128
251726.0,0,0,0,0,128
251757.0,0,0,0,64,64
251757.0,0,0,0,0,128
251809.0,0,0,0,0,128
251810.0,0,0,0,0,128
251887.0,0,0,0,64,64
251887.0,0,0,0,0,128
251912.0,0,0,0,0,128
251980.0,0,0,0,0,128
252014.0,0,0,0,64,64
252014.0,0,0,0,15,113
252041.0,0,0,0,16,112
252041.0,0,0,0,0,128
252070.0,0,0,0,0,128
252088.0,0,0,0,0,128
252097.0,0,0,0,4,124
252097.0,0,0,0,0,128
252132.0,0,0,0,0,128
252171.0,0,0,0,0,128
252173.0,0,0,0,0,128
252216.0,0,0,0,0,128
252222.0,0,0,0,4,124
252222.0,0,0,0,3,125
252250.0,0,0,0,4,124
252250.0,0,0,0,0,128
252273.0,0,0,0,0,128
252280.0,0,0,0,16,112
252287.0,0,0,0,20,108
252293.0,0,0,0,36,92
252314.0,0,0,0,52,76
252326.0,0,0,0,56,72
252350.0,0,0,0,56,72
252410.0,0,0,0,56,72
252418.0,0,0,0,56,72
252476.0,0,0,0,64,64
252476.0,0,0,0,0,128
252489.0,0,0,0,0,128
252502.0,0,0,0,64,64
252502.0,0,0,0,0,128
252565.0,0,0,0,0,128
252598.0,0,0,0,64,64
252598.0,0,0,0,0,128
252607.0,0,0,0,0,128
252614.0,0,0,0,0,128
252633.0,0,0,0,0,128
252673.0,0,0,0,64,64
252673.0,0,0,0,0,128
252713.0,0,0,0,64,64
252713.0,0,0,0,0,128
252720.0,0,0,0,0,128
252721.0,0,0,0,0,128
252752.0,0,0,0,64,64
252752.0,0,0,0,0,128
252783.0,0,0,0,64,64
252783.0,0,0,0,0,128
252806.0,0,0,0,0,128
252815.0,0,0,0,64,64
252815.0,0,0,0,0,128
252822.0,0,0,0,0,128
252851.0,0,0,0,64,64
252851.0,0,0,0,0,128
252858.0,0,0,0,0,128
252880.0,0,0,0,0,128
252888.0,0,0,0,64,64
252888.0,0,0,0,0,128
252897.0,0,0,0,0,128
252929.0,0,0,0,64,64
252929.0,0,0,0,0,128
252936.0,0,0,0,32,96
252936.0,0,0,0,0,128
252952.0,0,0,0,64,64
252952.0,0,0,0,0,128
252989.0,0,0,0,64,64
252989.0,0,0,0,0,128
253038.0,0,0,0,64,64
253038.0,0,0,0,0,128
253053.0,0,0,0,0,128
253079.0,0,0,0,64,64
253079.0,0,0,0,0,128
253118.0,0,0,0,64,64
253118.0,0,0,0,0,128
253178.0,0,0,0,64,64
253178.0,0,0,0,0,128
253210.0,0,0,0,16,112
253210.0,0,0,0,11,117
253212.0,0,0,0,27,101
253212.0,0,0,0,11,117
253214.0,0,0,0,75,53
253214.0,0,0,0,11,117
253220.0,0,0,0,12,116
253251.0,0,0,0,76,52
253251.0,0,0,0,12,116
253252.0,0,0,0,76,52
253252.0,0,0,0,12,116
253258.0,0,0,0,44,84
253258.0,0,0,0,12,116
253282.0,0,0,0,16,112
253283.0,0,0,0,80,48
253283.0,0,0,0,16,112
253329.0,0,0,0,80,48
253329.0,0,0,0,16,112
253363.0,0,0,0,80,48
253363.0,0,0,0,16,112
253404.0,0,0,0,80,48
253404.0,0,0,0,16,112
253457.0,0,0,0,80,48
253457.0,0,0,0,16,112
253462.0,0,0,0,48,80
253462.0,0,0,0,16,112
253465.0,0,0,0,16,112
253465.0,0,0,0,15,113
253479.0,0,0,0,16,112
253497.0,0,0,0,32,96
253518.0,0,0,0,96,32
253567.0,0,0,0,96,32
253567.0,0,0,0,92,36
253633.0,0,0,0,92,36
253633.0,0,0,0,91,37
253641.0,0,0,0,92,36
253694.0,0,0,0,92,36
253694.0,0,0,0,60,68
253756.0,0,0,0,64,64
253765.0,0,0,0,64,64
253765.0,0,0,0,48,80
253810.0,0,0,0,48,80
253812.0,0,0,0,48,80
253814.0,0,0,0,48,80
253851.0,0,0,0,48,80
253852.0,0,0,0,48,80
253853.0,0,0,0,64,64
253858.0,0,0,0,64,64
253873.0,0,0,0,96,32
253883.0,0,0,0,96,32
253929.0,0,0,0,96,32
253950.0,0,0,0,128,0
253963.0,0,0,0,128,0
254004.0,0,0,0,128,0
254057.0,0,0,0,128,0
254062.0,0,0,0,128,0
254076.0,0,0,0,128,0
254076.0,0,0,0,96,32
254118.0,0,0,0,96,32
254118.0,0,0,11,85,32
254241.0,0,0,11,85,32
254241.0,0,0,12,84,32
254279.0,0,0,12,84,32
254279.0,0,0,12,20,96
254356.0,0,0,12,20,96
254364.0,0,0,12,20,96
254364.0,0,0,12,16,100
254395.0,0,0,12,80,36
254450.0,0,0,12,84,32
254467.0,0,0,12,84,32
254467.0,0,0,12,83,33
254488.0,0,0,12,84,32
254513.0,0,0,12,84,32
254513.0,0,0,12,80,36
254532.0,0,0,12,112,4
254534.0,0,0,12,112,4
254534.0,0,0,12,111,5
254541.0,0,0,12,115,1
254550.0,0,0,12,115,1
254550.0,0,0,22,105,1
254552.0,0,0,22,106,0
254554.0,0,0,22,106,0
254554.0,0,0,22,98,8
254589.0,0,0,22,106,0
254711.0,0,0,22,106,0
254711.0,0,0,22,102,4
254734.0,0,0,22,106,0
254906.0,0,0,22,106,0
254906.0,0,0,22,102,4
254995.0,0,0,22,102,4
254995.0,0,0,70,54,4
255050.0,0,0,70,54,4
255050.0,0,0,74,50,4
255060.0,0,0,74,50,4
255060.0,0,0,74,49,5
255068.0,0,0,74,50,4
255088.0,0,0,74,50,4
255132.0,0,0,74,50,4
255132.0,0,0,106,18,4
255136.0,0,0,106,18,4
255136.0,0,0,106,17,5
255137.0,0,0,106,21,1
255141.0,0,0,106,21,1
255141.0,0,0,109,18,1
255143.0,0,0,109,19,0
255152.0,0,0,109,19,0
255152.0,0,0,110,18,0
255189.0,0,0,110,18,0
255189.0,0,0,118,10,0
255334.0,0,0,118,10,0
255334.0,0,0,122,6,0
255391.0,0,0,122,6,0
255419.0,0,0,122,6,0
255447.0,0,0,122,6,0
255668.0,0,0,122,6,0
255668.0,0,0,123,5,0
255724.0,0,0,123,5,0
255737.0,0,0,123,5,0
255737.0,0,0,127,1,0
255743.0,0,0,127,1,0
255743.0,0,0,128,0,0
255773.0,0,0,128,0,0
255806.0,0,0,128,0,0
255884.0,0,0,128,0,0
255918.0,11,0,117,0,0
255918.0,3,8,117,0,0
255940.0,3,8,117,0,0
256041.0,4,8,116,0,0
256350.0,14,8,106,0,0
256350.0,6,16,106,0,0
256372.0,6,16,106,0,0
256576.0,6,16,106,0,0
256614.0,6,16,106,0,0
256617.0,6,16,106,0,0
256677.0,6,16,106,0,0
256744.0,6,16,106,0,0
256795.0,54,16,58,0,0
256795.0,14,56,58,0,0
256850.0,18,56,54,0,0
256918.0,18,56,54,0,0
256932.0,50,56,22,0,0
256932.0,18,88,22,0,0
256941.0,21,88,19,0,0
256952.0,22,88,18,0,0
256989.0,30,88,10,0,0
257115.0,30,88,10,0,0
257134.0,34,88,6,0,0
257134.0,2,120,6,0,0
257215.0,2,120,6,0,0
257432.0,2,120,6,0,0
257468.0,3,120,5,0,0
257537.0,7,120,1,0,0
257543.0,8,120,0,0,0
257568.0,8,120,0,0,0
257648.0,8,120,0,0,0
257664.0,8,120,0,0,0
257704.0,8,120,0,0,0
257798.0,8,120,0,0,0
257818.0,8,120,0,0,0
258013.0,8,120,0,0,0
258066.0,8,120,0,0,0
258069.0,8,120,0,0,0
258229.0,8,120,0,0,0
258278.0,8,120,0,0,0
258330.0,8,120,0,0,0
258378.0,8,120,0,0,0
258383.0,8,120,0,0,0
258423.0,8,120,0,0,0
258430.0,8,120,0,0,0
258457.0,8,120,0,0,0
258540.0,8,120,0,0,0
258618.0,8,112,0,8,0
258618.0,8,112,0,0,8
258620.0,8,112,0,8,0
258620.0,0,120,0,4,4
258710.0,0,120,0,4,4
258733.0,0,120,0,4,4
258742.0,0,120,0,4,4
258750.0,0,120,0,4,4
258769.0,0,120,0,8,0
258769.0,0,120,0,4,4
258805.0,0,120,0,4,4
258854.0,0,120,0,8,0
258924.0,0,120,0,8,0
258974.0,0,120,0,8,0
259050.0,0,112,0,16,0
259050.0,0,112,0,8,8
259078.0,0,112,0,16,0
259078.0,0,112,0,8,8
259137.0,0,112,0,16,0
259137.0,0,112,0,8,8
259163.0,0,112,0,16,0
259163.0,0,112,0,8,8
259193.0,0,112,0,16,0
259193.0,0,112,0,8,8
259236.0,0,112,0,16,0
259236.0,0,112,0,8,8
259267.0,0,112,0,16,0
259267.0,0,112,0,8,8
259309.0,0,112,0,8,8
259321.0,0,112,0,16,0
259321.0,0,112,0,8,8
259348.0,0,112,0,16,0
259348.0,0,112,0,8,8
259454.0,0,112,0,8,8
259495.0,0,72,0,48,8
259495.0,0,72,0,8,48
259524.0,0,72,0,40,16
259524.0,0,72,0,8,48
259550.0,0,72,0,40,16
259550.0,0,72,0,8,48
259565.0,0,72,0,16,40
259565.0,0,72,0,8,48
259576.0,0,72,0,40,16
259576.0,0,72,0,8,48
259632.0,0,40,0,40,48
259632.0,0,40,0,8,80
259652.0,0,40,0,16,72
259657.0,0,40,0,48,40
259657.0,0,40,0,16,72
259672.0,0,40,0,24,64
259672.0,0,40,0,8,80
259678.0,0,40,0,8,80
259685.0,0,40,0,40,48
259685.0,0,40,0,8,80
259697.0,0,40,0,24,64
259697.0,0,40,0,8,80
259711.0,0,40,0,40,48
259711.0,0,40,0,8,80
259723.0,0,40,0,24,64
259723.0,0,40,0,8,80
259737.0,0,40,0,40,48
259737.0,0,40,0,8,80
259750.0,0,40,0,24,64
259750.0,0,40,0,8,80
259763.0,0,40,0,8,80
259768.0,0,40,0,40,48
259768.0,0,40,0,8,80
259776.0,0,40,0,24,64
259776.0,0,40,0,8,80
259785.0,0,40,0,24,64
259785.0,0,40,0,8,80
259789.0,0,40,0,24,64
259790.0,0,40,0,40,48
259790.0,0,40,0,8,80
259793.0,0,40,0,8,80
259817.0,0,40,0,24,64
259831.0,0,40,0,56,32
259831.0,0,40,0,24,64
259834.0,0,8,0,56,64
259834.0,0,8,0,24,96
259836.0,0,8,0,24,96
259841.0,0,8,0,56,64
259855.0,0,8,0,56,64
259860.0,0,8,0,88,32
259860.0,0,8,0,24,96
259867.0,0,8,0,24,96
259921.0,0,8,0,24,96
259948.0,0,8,0,24,96
260003.0,0,8,0,24,96
260038.0,0,8,0,88,32
260038.0,0,8,0,24,96
260060.0,0,8,0,56,64
260060.0,0,8,0,24,96
260095.0,0,8,0,24,96
260095.0,0,8,0,23,97
260105.0,0,8,0,55,65
260119.0,0,8,0,56,64
260124.0,0,8,0,56,64
260150.0,0,8,0,56,64
260165.0,0,8,0,88,32
260165.0,0,8,0,24,96
260176.0,0,8,0,24,96
260189.0,0,8,0,24,96
260194.0,0,8,0,88,32
260194.0,0,8,0,24,96
260257.0,0,8,0,24,96
260272.0,0,8,0,24,96
260272.0,0,8,0,8,112
260285.0,0,8,0,8,112
260297.0,0,8,0,8,112
260311.0,0,8,0,8,112
260312.0,0,8,0,40,80
260323.0,0,8,0,40,80
260337.0,0,8,0,40,80
260350.0,0,8,0,40,80
260359.0,0,8,0,56,64
260368.0,0,8,0,56,64
260376.0,0,8,0,56,64
260385.0,0,8,0,56,64
260389.0,0,8,0,56,64
260433.0,0,8,0,88,32
260433.0,0,8,0,24,96
260445.0,0,8,0,88,32
260445.0,0,8,0,24,96
260460.0,0,8,0,24,96
260474.0,0,8,0,24,96
260638.0,0,8,0,24,96
260660.0,0,8,0,24,96
260660.0,0,8,0,15,105
260675.0,0,8,0,16,104
260738.0,0,8,0,16,104
260749.0,0,8,0,24,96
260763.0,0,8,0,24,96
260763.0,0,8,0,22,98
260765.0,0,8,0,22,98
260772.0,0,8,0,23,97
260785.0,0,8,0,24,96
260794.0,0,8,0,24,96
260809.0,0,8,0,24,96
260916.0,0,8,0,24,96
260916.0,0,8,0,23,97
260937.0,0,8,0,24,96
260967.0,0,8,0,24,96
261033.0,0,8,0,24,96
261043.0,0,8,0,24,96
261043.0,0,8,0,23,97
261045.0,0,8,0,23,97
261045.0,0,8,7,16,97
261072.0,0,8,7,17,96
261110.0,0,8,7,17,96
261110.0,0,8,7,16,97
261142.0,0,8,7,17,96
261173.0,0,8,7,17,96
261188.0,0,8,7,17,96
261188.0,0,8,7,16,97
261275.0,0,8,7,16,97
261316.0,0,8,7,16,97
261316.0,0,8,7,15,98
261320.0,0,0,7,23,98
261320.0,0,0,7,11,110
261347.0,0,0,7,15,106
261349.0,0,0,7,15,106
261349.0,0,0,13,9,106
261372.0,0,0,13,9,106
261372.0,0,0,14,8,106
261385.0,0,0,14,8,106
261385.0,0,0,15,7,106
261391.0,0,0,15,8,105
261415.0,0,0,15,8,105
261415.0,0,0,15,7,106
261443.0,0,0,15,8,105
261451.0,0,0,15,8,105
261451.0,0,0,15,4,109
261473.0,0,0,15,4,109
261473.0,0,0,15,2,111
261491.0,0,0,15,34,79
261491.0,0,0,15,2,111
261537.0,0,0,15,2,111
261544.0,0,0,15,34,79
261544.0,0,0,15,2,111
261572.0,0,0,15,3,110
261588.0,0,0,15,7,106
261672.0,0,0,15,7,106
261675.0,0,0,15,39,74
261675.0,0,0,15,7,106
261721.0,0,0,15,7,106
261735.0,0,0,15,7,106
261735.0,0,0,15,3,110
261947.0,0,0,15,3,110
261960.0,0,0,15,35,78
261960.0,0,0,15,3,110
261991.0,0,0,15,3,110
262091.0,0,0,15,3,110
262109.0,0,0,15,7,106
262125.0,0,0,15,7,106
262144.0,0,0,15,7,106
262207.0,0,0,15,7,106
262207.0,0,0,15,3,110
262275.0,0,0,15,7,106
262343.0,0,0,15,39,74
262343.0,0,0,15,31,82
262365.0,0,0,15,39,74
262365.0,0,0,15,7,106
262560.0,0,0,15,7,106
262655.0,0,0,15,9,104
262709.0,0,0,15,9,104
262757.0,0,0,15,9,104
262757.0,0,0,15,5,108
262778.0,0,0,15,5,108
262778.0,0,0,15,3,110
262845.0,7,0,8,3,110
262882.0,7,0,8,3,110
262907.0,7,0,8,7,106
262910.0,7,0,8,9,104
262943.0,7,0,8,9,104
262965.0,7,0,8,9,104
262965.0,7,0,9,8,104
263037.0,7,0,9,40,72
263037.0,7,0,9,8,104
263149.0,13,0,3,8,104
263172.0,14,0,2,8,104
263185.0,15,0,1,8,104
263255.0,15,0,1,8,104
263637.0,15,0,1,8,104
263637.0,15,0,9,0,104
263767.0,15,0,9,0,104
263767.0,11,4,9,0,104
263788.0,11,4,9,0,104
263788.0,9,6,9,0,104
263854.0,9,6,9,32,72
263864.0,9,6,9,32,72
263864.0,9,6,9,28,76
263908.0,9,6,9,32,72
264023.0,9,6,9,32,72
264023.0,9,6,9,28,76
264068.0,9,6,9,28,76
264068.0,9,6,9,27,77
264098.0,9,6,9,28,76
264106.0,9,6,9,28,76
264106.0,9,6,9,27,77
264133.0,9,6,9,27,77
264133.0,9,6,9,26,78
264150.0,9,6,9,27,77
264164.0,9,6,9,28,76
264178.0,9,6,9,28,76
264178.0,9,6,9,27,77
264208.0,9,6,9,27,77
264208.0,0,15,9,27,77
264214.0,0,15,9,28,76
264218.0,0,15,9,28,76
264218.0,0,15,9,24,80
264221.0,0,15,9,28,76
264248.0,0,15,9,28,76
264248.0,0,15,9,26,78
264267.0,0,15,9,26,78
264322.0,0,15,9,26,78
264387.0,0,15,9,28,76
264387.0,0,15,9,23,81
264388.0,0,15,9,27,77
264414.0,0,15,9,28,76
264454.0,0,15,9,32,72
264508.0,0,15,9,32,72
264604.0,0,15,9,32,72
264604.0,0,15,9,28,76
264625.0,0,15,9,28,76
264625.0,0,15,9,26,78
264720.0,0,15,9,30,74
264723.0,0,15,9,32,72
264765.0,1,15,8,32,72
264801.0,1,15,8,32,72
264801.0,1,15,8,24,80
264814.0,1,15,8,24,80
264821.0,1,15,8,24,80
264823.0,1,15,8,32,72
264956.0,1,15,8,32,72
264956.0,1,15,8,31,73
264978.0,1,15,8,32,72
264983.0,1,15,8,32,72
264983.0,1,15,8,31,73
264988.0,1,15,8,31,73
264991.0,1,15,8,32,72
265014.0,1,15,8,32,72
265031.0,1,15,8,32,72
265031.0,1,15,8,28,76
265051.0,1,15,8,32,72
265054.0,1,15,8,32,72
265106.0,1,15,8,32,72
265106.0,1,15,8,28,76
265127.0,1,15,8,32,72
265165.0,1,15,8,32,72
265165.0,1,15,8,28,76
265185.0,1,15,8,32,72
265211.0,1,15,8,32,72
265211.0,1,15,8,31,73
265228.0,1,15,8,32,72
265230.0,1,15,8,32,72
265230.0,1,15,8,31,73
265252.0,1,15,8,32,72
265284.0,1,15,8,32,72
265284.0,1,15,8,24,80
265323.0,1,15,8,24,80
265355.0,1,15,8,24,80
265355.0,1,15,8,23,81
265362.0,1,15,8,24,80
265369.0,1,15,8,32,72
265423.0,1,15,8,32,72
265437.0,9,15,0,32,72
265591.0,9,15,0,32,72
265651.0,9,15,0,32,72
265727.0,9,15,0,32,72
265832.0,9,15,0,32,72
265852.0,9,15,0,32,72
265858.0,9,15,0,64,40
265858.0,9,15,0,32,72
265962.0,9,15,0,32,72
266128.0,9,15,0,32,72
266128.0,9,15,0,24,80
266216.0,9,15,0,32,72
266277.0,9,15,0,32,72
266277.0,9,15,0,24,80
266382.0,9,15,0,32,72
266458.0,9,15,0,32,72
266458.0,9,15,0,31,73
266459.0,9,15,0,31,73
266467.0,9,11,0,35,73
266467.0,9,11,0,31,77
266470.0,9,11,0,32,76
266488.0,9,9,0,34,76
266488.0,9,9,0,32,78
266514.0,9,9,0,32,78
266529.0,9,9,0,32,78
266642.0,9,9,0,36,74
266648.0,9,9,0,36,74
266693.0,9,9,0,36,74
266726.0,9,9,0,36,74
266776.0,9,9,0,36,74
266816.0,9,9,0,36,74
266908.0,9,0,0,45,74
266908.0,9,0,0,13,106
266916.0,9,0,0,15,104
266982.0,9,0,0,15,104
266982.0,9,0,8,7,104
266982.0,9,0,8,1,110
266997.0,9,0,8,4,107
267003.0,9,0,8,5,106
267010.0,9,0,8,6,105
267044.0,9,0,8,7,104
267070.0,9,0,8,7,104
267242.0,9,0,8,7,104
267242.0,9,0,9,6,104
267597.0,9,0,9,6,104
267597.0,9,0,12,3,104
267603.0,9,0,12,3,104
267603.0,9,0,13,2,104
267610.0,9,0,13,2,104
267610.0,9,0,14,1,104
267644.0,9,0,14,1,104
267644.0,9,0,15,0,104
267968.0,9,0,15,0,104
268001.0,9,0,15,0,104
268054.0,9,0,15,0,104
268055.0,9,0,15,0,104
268635.0,9,0,15,0,104
268782.0,17,0,7,0,104
268806.0,17,0,7,32,72
268806.0,17,0,7,0,104
268808.0,17,0,7,0,104
268818.0,17,0,7,32,72
268818.0,17,0,7,0,104
268869.0,17,0,7,32,72
268869.0,17,0,7,0,104
268890.0,17,0,7,0,104
268905.0,17,0,7,0,104
268953.0,17,0,7,32,72
268953.0,17,0,7,24,80
269042.0,18,0,6,24,80
269098.0,18,0,6,32,72
269098.0,18,0,6,0,104
269103.0,18,0,6,0,104
269182.0,18,0,6,32,72
269397.0,21,0,3,32,72
269403.0,22,0,2,32,72
269410.0,23,0,1,32,72
269444.0,24,0,0,32,72
269450.0,24,0,0,32,72
269450.0,24,0,0,16,88
269540.0,24,0,0,32,72
269553.0,24,0,0,32,72
269627.0,24,0,0,32,72
269627.0,24,0,0,24,80
269660.0,24,0,0,24,80
269661.0,24,0,0,24,80
269661.0,23,1,0,24,80
269711.0,23,1,0,24,80
269739.0,23,1,0,32,72
269782.0,23,1,0,32,72
269782.0,23,1,16,16,72
269782.0,15,9,16,16,72
269832.0,15,9,16,16,72
269832.0,13,11,16,16,72
270054.0,13,11,16,16,72
270054.0,9,15,16,16,72
270140.0,9,15,16,16,72
270140.0,9,15,24,8,72
270192.0,9,15,24,8,72
270192.0,1,23,24,8,72
270339.0,1,23,24,8,72
270339.0,1,23,32,0,72
270373.0,1,23,32,32,40
270391.0,1,23,32,32,40
270391.0,1,23,32,16,56
270419.0,1,23,32,16,56
270441.0,1,23,32,32,40
270449.0,1,23,32,32,40
270449.0,1,23,32,16,56
270543.0,1,23,32,32,40
270548.0,1,23,32,64,8
270548.0,1,23,32,0,72
270569.0,1,23,32,64,8
270569.0,1,23,32,0,72
270616.0,1,23,32,64,8
270616.0,1,23,32,0,72
270674.0,1,23,32,0,72
270742.0,1,23,32,0,72
270751.0,1,23,32,0,72
270973.0,1,23,32,0,72
271346.0,1,23,32,0,72
271387.0,1,23,32,0,72
271478.0,1,23,32,0,72
271581.0,1,23,32,0,72
271582.0,17,23,16,0,72
271608.0,17,23,16,0,72
271741.0,17,23,16,0,72
271940.0,25,23,8,0,72
272018.0,25,23,8,0,72
272139.0,33,23,0,0,72
272246.0,33,23,0,0,72
272256.0,33,23,0,8,64
272256.0,15,41,0,8,64
272361.0,15,40,0,9,64
272361.0,15,40,0,8,65
272458.0,15,40,0,9,64
272482.0,15,32,0,17,64
272482.0,15,32,0,9,72
272532.0,15,30,0,11,72
272532.0,15,30,0,9,74
272578.0,15,30,0,9,74
272605.0,15,30,0,11,72
272637.0,15,30,0,11,72
272670.0,15,30,0,11,72
272754.0,15,26,0,15,72
272754.0,15,26,0,11,76
272824.0,15,26,0,15,72
272849.0,15,26,0,15,72
272856.0,15,26,0,15,72
272856.0,15,26,8,7,72
272892.0,15,18,8,15,72
272892.0,15,18,8,7,80
272971.0,15,18,8,15,72
273009.0,15,18,8,15,72
273058.0,15,18,8,15,72
273058.0,15,18,9,14,72
273205.0,15,18,9,14,72
273205.0,15,18,11,12,72
273295.0,15,18,11,44,40
273300.0,15,18,11,76,8
273300.0,15,18,11,12,72
273334.0,15,18,11,76,8
273334.0,0,33,11,12,72
273424.0,0,33,11,12,72
273434.0,0,33,11,28,56
273434.0,0,33,11,12,72
273445.0,0,33,11,28,56
273445.0,0,33,11,12,72
273508.0,0,33,11,12,72
273508.0,0,33,11,8,76
273563.0,0,33,11,12,72
273641.0,0,33,11,28,56
273641.0,0,33,11,12,72
273684.0,0,33,11,28,56
273684.0,0,33,11,12,72
273798.0,0,33,11,12,72
273812.0,0,33,11,28,56
273818.0,0,33,11,28,56
273818.0,0,33,11,27,57
273856.0,0,33,11,28,56
273900.0,0,33,11,28,56
273933.0,0,33,11,44,40
273933.0,0,33,11,12,72
273934.0,0,33,11,12,72
273941.0,0,33,11,44,40
273941.0,0,33,11,12,72
273959.0,0,33,11,44,40
273959.0,0,33,11,12,72
273980.0,0,33,11,44,40
273980.0,0,33,11,12,72
274015.0,0,33,11,12,72
274015.0,0,33,11,11,73
274034.0,0,33,11,11,73
274034.0,0,33,13,9,73
274047.0,0,33,13,9,73
274135.0,0,33,13,10,72
274136.0,0,33,13,42,40
274136.0,0,33,13,10,72
274163.0,0,33,13,10,72
274163.0,0,33,17,6,72
274188.0,0,33,17,6,72
274192.0,0,33,17,6,72
274192.0,0,33,17,5,73
274205.0,0,33,17,5,73
274209.0,0,33,17,6,72
274225.0,0,33,17,6,72
274225.0,0,33,17,5,73
274237.0,0,33,17,5,73
274241.0,0,33,17,5,73
274241.0,0,33,18,4,73
274325.0,0,33,18,4,73
274362.0,0,33,18,5,72
274369.0,0,33,18,5,72
274378.0,0,33,18,5,72
274451.0,0,33,18,5,72
274451.0,0,33,18,1,76
274456.0,0,33,18,1,76
274497.0,0,33,18,5,72
274536.0,0,33,18,5,72
274625.0,0,33,18,37,40
274625.0,0,33,18,5,72
274656.0,8,33,10,5,72
274667.0,8,33,10,37,40
274667.0,8,33,10,5,72
274671.0,8,33,10,5,72
274682.0,8,33,10,5,72
274682.0,4,37,10,5,72
274797.0,4,37,10,5,72
274797.0,3,38,10,5,72
274814.0,3,38,10,37,40
274814.0,3,38,10,29,48
274826.0,3,38,10,29,48
274826.0,0,41,10,29,48
274858.0,1,41,9,29,48
274955.0,1,41,9,37,40
274955.0,1,41,9,5,72
274956.0,1,23,9,23,72
274956.0,1,23,9,5,90
274965.0,1,23,9,37,58
274965.0,1,23,9,5,90
274976.0,1,23,9,6,89
275005.0,3,23,7,6,89
275007.0,3,23,7,14,81
275008.0,3,23,7,46,49
275008.0,3,23,7,14,81
275018.0,3,23,7,14,81
275031.0,3,23,7,46,49
275031.0,3,23,7,14,81
275032.0,3,23,7,46,49
275032.0,3,23,7,14,81
275052.0,3,23,7,46,49
275052.0,3,23,7,14,81
275076.0,3,23,7,46,49
275076.0,3,23,7,30,65
275097.0,3,23,7,30,65
275097.0,3,23,10,27,65
275143.0,3,23,10,43,49
275234.0,3,23,10,43,49
275234.0,2,24,10,43,49
275485.0,2,24,10,43,49
275485.0,2,24,10,39,53
275523.0,2,24,10,43,49
275544.0,2,24,10,43,49
275544.0,1,25,10,43,49
275576.0,1,25,10,43,49
275576.0,1,25,11,42,49
275607.0,1,25,11,42,49
275607.0,1,25,19,34,49
275634.0,1,25,19,34,49
275634.0,1,25,19,33,50
275675.0,1,25,19,34,49
275676.0,1,25,19,34,49
275676.0,1,25,35,18,49
275689.0,1,25,35,18,49
275689.0,1,25,35,17,50
275725.0,1,25,35,17,50
275725.0,1,25,35,13,54
275734.0,1,25,35,14,53
275741.0,1,25,35,14,53
275741.0,1,25,35,10,57
275743.0,1,25,35,10,57
275743.0,1,25,38,7,57
275763.0,1,25,38,11,53
275764.0,1,25,38,11,53
275764.0,1,25,38,9,55
275834.0,3,25,36,9,55
275892.0,3,25,36,15,49
275963.0,7,25,32,15,49
275966.0,7,25,32,15,49
275966.0,7,25,32,11,53
276007.0,7,25,32,15,49
276034.0,7,10,32,30,49
276034.0,7,10,32,14,65
276041.0,8,10,31,14,65
276105.0,8,10,31,30,49
276123.0,8,10,31,30,49
276232.0,8,10,31,30,49
276232.0,8,10,31,26,53
276269.0,8,10,31,30,49
276295.0,8,10,31,30,49
276295.0,8,10,31,26,53
276335.0,8,10,31,30,49
276363.0,8,10,31,30,49
276363.0,8,10,34,27,49
276492.0,8,10,34,27,49
276492.0,8,10,40,21,49
276558.0,8,10,40,21,49
276558.0,8,10,40,20,50
276596.0,8,10,40,21,49
276598.0,8,10,40,22,48
276607.0,8,10,40,22,48
276607.0,8,10,41,21,48
276612.0,8,10,41,21,48
276612.0,8,10,41,20,49
276630.0,8,10,41,28,41
276645.0,8,10,41,29,40
276649.0,8,10,41,29,40
276649.0,8,10,41,25,44
276671.0,8,10,41,25,44
276671.0,8,10,41,23,46
276705.0,8,10,41,23,46
276705.0,8,10,52,12,46
276787.0,8,10,52,12,46
276897.0,11,10,49,12,46
276935.0,11,10,49,12,46
276935.0,11,10,53,8,46
276958.0,11,10,53,14,40
277068.0,11,10,53,14,40
277068.0,11,10,53,10,44
277089.0,11,10,53,14,40
277098.0,11,10,53,14,40
277098.0,11,10,53,10,44
277130.0,11,10,53,10,44
277130.0,11,10,53,6,48
277152.0,11,10,53,6,48
277152.0,11,10,53,4,50
277159.0,11,10,53,4,50
277161.0,11,10,53,8,46
277218.0,11,10,53,8,46
277218.0,11,10,53,4,50
277230.0,11,10,53,4,50
277230.0,11,10,54,3,50
277236.0,11,10,54,9,44
277259.0,11,10,54,13,40
277376.0,12,10,53,13,40
277382.0,12,6,53,17,40
277382.0,12,6,53,13,44
277407.0,20,6,45,13,44
277421.0,20,6,45,17,40
277421.0,20,6,45,1,56
277429.0,20,6,45,1,56
277476.0,36,6,29,1,56
277497.0,36,5,29,2,56
277497.0,36,5,29,1,57
277502.0,36,5,29,17,41
277526.0,36,2,29,20,41
277526.0,36,2,29,16,45
277543.0,39,2,26,16,45
277558.0,39,2,26,16,45
277562.0,39,2,26,16,45
277562.0,39,2,26,12,49
277568.0,39,2,26,16,45
277584.0,39,2,26,16,45
277584.0,39,2,26,14,47
277658.0,39,2,26,14,47
277658.0,39,2,26,10,51
277696.0,39,2,26,14,47
277710.0,39,2,26,14,47
277710.0,39,2,26,10,51
277748.0,39,2,26,14,47
277769.0,39,2,26,15,46
277791.0,39,2,26,15,46
277791.0,39,2,26,11,50
277843.0,39,2,26,15,46
277891.0,39,2,26,15,46
277891.0,39,2,26,11,50
277928.0,39,2,26,15,46
277934.0,39,1,26,16,46
277934.0,39,1,26,15,47
277946.0,39,1,26,17,45
277947.0,39,1,26,21,41
277966.0,39,1,26,22,40
277982.0,39,1,26,22,40
277982.0,39,1,26,14,48
278030.0,39,1,26,22,40
278102.0,39,1,26,22,40
278102.0,39,1,36,12,40
278115.0,39,1,36,12,40
278163.0,42,1,33,12,40
278244.0,42,0,33,13,40
278244.0,42,0,33,12,41
278292.0,48,0,27,12,41
278315.0,48,0,27,12,41
278348.0,48,0,27,12,41
278348.0,48,0,28,11,41
278407.0,49,0,27,11,41
278505.0,60,0,16,11,41
278505.0,0,60,16,11,41
278528.0,0,60,16,11,41
278541.0,0,60,16,11,41
278541.0,0,60,16,7,45
278579.0,0,60,16,11,41
278594.0,0,60,16,11,41
278630.0,0,60,16,11,41
278630.0,0,60,19,8,41
278686.0,0,60,19,8,41
278693.0,0,60,19,8,41
278735.0,4,60,15,8,41
278768.0,4,60,15,8,41
279030.0,5,60,14,8,41
279179.0,5,60,14,8,41
279179.0,5,60,18,4,41
279222.0,5,60,18,4,41
279266.0,5,60,18,4,41
279295.0,5,60,18,4,41
279345.0,5,60,18,4,41
279349.0,5,60,18,4,41
279357.0,5,60,18,4,41
279364.0,5,60,18,4,41
279372.0,5,60,18,4,41
279601.0,5,60,18,4,41
279611.0,5,60,18,4,41
279695.0,5,60,18,4,41
279856.0,5,60,18,4,41
279902.0,15,60,8,4,41
279934.0,15,60,8,4,41
280148.0,16,60,7,4,41
280161.0,16,60,7,4,41
280228.0,16,60,7,4,41
280272.0,16,60,7,4,41
280337.0,16,60,7,4,41
280430.0,19,60,4,4,41
280436.0,19,60,4,4,41
280488.0,19,60,4,4,41
280584.0,19,60,4,4,41
280666.0,19,60,4,4,41
280979.0,23,60,0,4,41
281105.0,23,60,0,5,40
281105.0,23,60,0,4,41
281108.0,23,60,0,5,40
281146.0,23,60,0,5,40
281205.0,23,0,0,65,40
281205.0,23,0,0,1,104
281216.0,23,0,0,65,40
281216.0,23,0,0,1,104
281265.0,23,0,0,1,104
281421.0,23,0,0,65,40
281421.0,23,0,0,1,104
281485.0,23,0,0,65,40
281485.0,23,0,0,1,104
281491.0,23,0,0,17,88
281491.0,23,0,0,1,104
281544.0,23,0,0,17,88
281544.0,23,0,0,1,104
281579.0,23,0,0,17,88
281579.0,23,0,0,5,100
281608.0,23,0,0,13,92
281612.0,23,0,0,29,76
281612.0,23,0,0,13,92
281617.0,23,0,0,17,88
281618.0,23,0,0,33,72
281621.0,23,0,0,65,40
281621.0,7,16,0,1,104
281708.0,7,16,0,1,104
281816.0,7,16,0,1,104
281844.0,7,16,0,65,40
281844.0,7,16,0,1,104
281892.0,7,16,0,17,88
281892.0,7,16,0,1,104
281898.0,7,16,0,17,88
281898.0,7,16,0,1,104
281972.0,7,16,0,17,88
281972.0,0,23,0,1,104
282015.0,0,23,0,5,100
282015.0,0,23,0,1,104
282021.0,0,23,0,1,104
282039.0,0,23,0,5,100
282045.0,0,23,0,9,96
282045.0,0,23,0,1,104
282075.0,0,23,0,33,72
282075.0,0,23,0,1,104
282085.0,0,23,0,1,104
282195.0,0,23,0,5,100
282221.0,0,23,0,5,100
282284.0,0,23,0,21,84
282284.0,0,23,0,5,100
282331.0,0,23,0,21,84
282331.0,0,23,0,5,100
282423.0,0,23,0,21,84
282423.0,0,23,0,5,100
282444.0,0,23,0,5,100
282492.0,0,23,0,5,100
282498.0,0,23,0,5,100
282535.0,0,23,0,21,84
282535.0,0,23,0,13,92
282639.0,0,23,0,13,92
282648.0,0,23,0,21,84
282764.0,0,23,0,21,84
282764.0,0,23,0,20,85
282795.0,0,23,0,20,85
282805.0,0,23,0,20,85
282884.0,0,23,0,20,85
282884.0,0,23,3,17,85
282892.0,0,23,3,17,85
283135.0,0,23,3,17,85
283135.0,0,23,11,9,85
283153.0,0,23,11,17,77
283248.0,0,23,11,17,77
283248.0,0,23,19,9,77
283325.0,0,23,19,9,77
283421.0,0,23,19,17,69
283421.0,0,23,19,1,85
283427.0,0,23,19,17,69
283446.0,0,23,19,17,69
283753.0,0,23,19,17,69
283808.0,0,23,19,18,68
283835.0,0,23,19,18,68
283835.0,0,23,19,17,69
283943.0,0,23,19,18,68
284026.0,0,23,19,18,68
284026.0,0,23,19,17,69
284027.0,0,23,19,17,69
284027.0,0,23,33,3,69
284039.0,0,23,33,4,68
284321.0,0,7,33,20,68
284321.0,0,7,33,4,84
284323.0,0,7,33,36,52
284323.0,0,7,33,4,84
284408.0,0,7,33,4,84
284409.0,0,7,33,36,52
284409.0,0,7,33,4,84
284617.0,0,7,33,4,84
284672.0,0,0,33,11,84
284672.0,0,0,33,3,92
284684.0,3,0,30,3,92
284742.0,3,0,30,19,76
284923.0,3,0,30,19,76
284935.0,11,0,22,19,76
285002.0,11,0,22,19,76
285002.0,10,1,22,19,76
285009.0,10,1,22,19,76
285009.0,10,1,25,16,76
285048.0,18,1,17,16,76
285048.0,0,19,17,16,76
285120.0,0,19,17,16,76
285120.0,0,19,17,15,77
285168.0,0,19,17,23,69
285246.0,0,19,17,24,68
285269.0,0,19,17,56,36
285269.0,0,19,17,24,68
285342.0,0,19,17,24,68
285351.0,0,19,17,56,36
285351.0,0,19,17,24,68
285440.0,0,19,17,24,68
285440.0,0,19,17,23,69
285467.0,0,19,17,55,37
285467.0,0,19,17,23,69
285549.0,0,19,17,24,68
285681.0,0,19,17,24,68
285827.0,14,19,3,24,68
285869.0,14,19,3,24,68
285951.0,14,19,3,24,68
286067.0,14,19,3,24,68
286067.0,14,19,12,15,68
286149.0,14,19,12,15,68
286149.0,14,19,13,14,68
286184.0,14,19,13,14,68
286612.0,14,19,13,46,36
286612.0,12,21,13,14,68
286809.0,15,21,10,14,68
286842.0,15,21,10,14,68
286842.0,14,22,10,14,68
287174.0,14,22,10,14,68
287174.0,13,23,10,14,68
287447.0,13,23,10,14,68
287447.0,12,24,10,14,68
287546.0,12,24,10,14,68
287546.0,11,25,10,14,68
287702.0,11,24,10,15,68
287702.0,11,24,10,14,69
287748.0,11,6,10,32,69
287748.0,11,6,10,0,101
287797.0,11,6,10,1,100
287867.0,20,6,1,1,100
287872.0,20,6,1,33,68
287949.0,21,6,0,33,68
288397.0,21,6,0,33,68
288397.0,21,6,1,32,68
288449.0,21,6,1,32,68
288449.0,21,6,1,0,100
288472.0,21,6,1,0,100
288504.0,21,6,1,0,100
288504.0,17,10,1,0,100
288510.0,17,10,1,0,100
288510.0,13,14,1,0,100
288529.0,13,14,1,0,100
288529.0,12,15,1,0,100
288588.0,12,15,1,0,100
288588.0,11,16,1,0,100
288627.0,11,16,1,32,68
288651.0,11,16,1,32,68
288651.0,11,16,1,28,72
288679.0,11,16,1,32,68
288688.0,11,16,1,32,68
288688.0,11,16,1,31,69
288709.0,11,16,1,31,69
288709.0,11,16,1,27,73
288722.0,11,16,1,28,72
288733.0,11,16,1,32,68
288928.0,11,16,1,32,68
288928.0,11,16,1,0,100
288985.0,11,16,1,0,100
288985.0,7,20,1,0,100
289046.0,7,20,1,0,100
289046.0,6,21,1,0,100
289062.0,6,21,1,0,100
289062.0,5,22,1,0,100
289147.0,5,22,1,32,68
289218.0,5,22,1,36,64
289227.0,5,22,1,36,64
289312.0,5,20,1,38,64
289312.0,5,20,1,36,66
289417.0,5,20,1,37,65
289418.0,5,20,1,38,64
289533.0,5,20,1,70,32
289542.0,5,19,1,71,32
289542.0,5,19,1,70,33
289682.0,5,19,1,71,32
289747.0,5,19,1,71,32
289747.0,5,19,33,39,32
289818.0,5,19,33,39,32
289818.0,5,19,37,35,32
289874.0,5,18,37,36,32
289874.0,5,18,37,35,33
290017.0,5,18,37,35,33
290017.0,5,18,38,34,33
290018.0,5,18,38,34,33
290018.0,5,18,39,33,33
290121.0,5,18,39,34,32
290133.0,5,18,39,34,32
290133.0,5,18,71,2,32
290147.0,5,17,71,3,32
290147.0,5,17,71,2,33
290197.0,6,17,70,2,33
290239.0,6,17,70,3,32
290246.0,6,16,70,4,32
290246.0,6,16,70,3,33
290266.0,6,16,70,4,32
290282.0,6,16,70,4,32
290282.0,6,16,71,3,32
290721.0,6,16,71,3,32
290721.0,6,16,72,2,32
290839.0,6,16,72,2,32
290839.0,6,16,73,1,32
290866.0,6,16,73,1,32
290866.0,6,16,74,0,32
291204.0,6,12,74,4,32
291204.0,6,12,74,0,36
291210.0,6,8,74,4,36
291210.0,6,8,74,0,40
291229.0,6,7,74,1,40
291229.0,6,7,74,0,41
291236.0,6,7,74,1,40
291283.0,6,7,74,5,36
291288.0,6,6,74,6,36
291288.0,6,6,74,5,37
291336.0,6,6,74,9,33
291371.0,6,6,74,10,32
291547.0,38,6,42,10,32
291618.0,42,6,38,10,32
291676.0,42,6,38,42,0
291685.0,42,2,38,46,0
291685.0,42,2,38,42,4
291746.0,42,1,38,43,4
291746.0,42,1,38,42,5
291751.0,42,1,38,43,4
291762.0,42,0,38,44,4
291762.0,42,0,38,43,5
291768.0,42,0,38,44,4
291817.0,43,0,37,44,4
291818.0,44,0,36,44,4
291836.0,44,0,36,44,4
291836.0,44,0,37,43,4
291852.0,44,0,37,47,0
291883.0,44,0,37,47,0
291883.0,44,0,41,43,0
291933.0,76,0,9,43,0
291936.0,76,0,9,43,0
291936.0,76,0,13,39,0
291971.0,76,0,13,39,0
291971.0,76,0,14,38,0
292082.0,77,0,13,38,0
292276.0,77,0,13,38,0
292276.0,77,0,45,6,0
292351.0,77,0,45,6,0
292351.0,77,0,46,5,0
292368.0,77,0,46,5,0
292368.0,77,0,47,4,0
292412.0,77,0,47,4,0
292412.0,77,0,47,0,4
292447.0,77,0,47,4,0
292452.0,77,0,47,4,0
292521.0,78,0,46,4,0
292639.0,79,0,45,4,0
292666.0,80,0,44,4,0
292742.0,80,0,44,4,0
292742.0,80,0,44,0,4
292767.0,80,0,44,4,0
292774.0,80,0,44,4,0
292774.0,72,8,44,4,0
292783.0,72,8,44,4,0
292783.0,64,16,44,4,0
292945.0,64,16,44,4,0
292945.0,32,48,44,4,0
292950.0,32,48,44,4,0
292950.0,24,56,44,4,0
292968.0,24,56,44,4,0
292968.0,24,56,44,3,1
292972.0,24,56,44,4,0
293002.0,24,56,44,4,0
293002.0,24,56,44,0,4
293028.0,24,56,44,0,4
293028.0,23,57,44,0,4
293041.0,23,57,44,0,4
293041.0,22,58,44,0,4
293047.0,22,58,44,0,4
293053.0,22,58,44,4,0
293058.0,22,58,44,4,0
293058.0,22,58,44,3,1
293061.0,22,58,44,4,0
293304.0,22,58,44,4,0
293304.0,22,58,44,3,1
293307.0,22,58,44,4,0
293367.0,22,58,44,4,0
293636.0,23,58,43,4,0
293653.0,23,58,43,4,0
293653.0,23,58,45,2,0
293661.0,23,58,45,2,0
293661.0,23,58,46,1,0
293683.0,27,58,42,1,0
293736.0,31,58,38,1,0
293771.0,32,58,37,1,0
293907.0,32,58,37,1,0
293907.0,32,58,38,0,0
294076.0,64,58,6,0,0
294151.0,65,58,5,0,0
294168.0,66,58,4,0,0
295453.0,68,58,2,0,0
295461.0,69,58,1,0,0
295474.0,69,50,1,8,0
295474.0,69,50,1,0,8
295483.0,69,42,1,8,8
295483.0,69,42,1,0,16
295575.0,69,42,1,0,16
295580.0,69,42,1,8,8
295581.0,69,42,1,16,0
295645.0,69,10,1,48,0
295645.0,69,10,1,16,32
295650.0,69,2,1,24,32
295650.0,69,2,1,16,40
295692.0,69,2,1,24,32
295707.0,70,2,0,24,32
295728.0,70,1,0,25,32
295728.0,70,1,0,24,33
295732.0,70,1,0,25,32
295741.0,70,0,0,26,32
295741.0,70,0,0,25,33
295745.0,70,0,0,57,1
295747.0,70,0,0,58,0
295747.0,0,70,0,58,0
296180.0,0,70,0,58,0
296608.0,0,70,0,58,0
297112.0,0,70,0,58,0
297505.0,0,70,0,58,0
298131.0,0,70,0,58,0
298176.0,0,70,0,58,0
298320.0,0,70,0,58,0
298447.0,0,0,0,128,0
298447.0,0,0,0,0,128
298490.0,0,0,0,0,128
298627.0,0,0,0,0,128
298649.0,0,0,0,0,128
298762.0,0,0,0,0,128
299106.0,0,0,0,0,128
299190.0,0,0,0,128,0
299190.0,0,0,0,0,128
299690.0,0,0,0,128,0
299690.0,0,0,0,0,128
300162.0,0,0,0,64,64
300162.0,0,0,0,23,105
300226.0,0,0,0,24,104
300285.0,0,0,0,32,96
300285.0,0,0,0,0,128
300357.0,0,0,0,32,96
300357.0,0,0,0,16,112
300535.0,0,0,0,48,80
300535.0,0,0,0,16,112
300587.0,0,0,0,48,80
300587.0,0,0,0,16,112
300762.0,0,0,0,16,112
300868.0,0,0,0,48,80
300868.0,0,0,0,16,112
300873.0,0,0,0,48,80
300957.0,0,0,0,48,80
301135.0,0,0,0,48,80
301187.0,0,0,0,48,80
301217.0,0,0,0,64,64
301468.0,0,0,0,64,64
301468.0,0,0,16,48,64
301473.0,0,0,16,48,64
301473.0,0,0,48,16,64
301817.0,0,0,48,16,64
301817.0,0,0,64,0,64
303268.0,16,0,48,0,64
303273.0,48,0,16,0,64
303302.0,48,0,16,0,64
303397.0,48,0,16,0,64
303617.0,64,0,0,0,64
304596.0,64,0,0,0,64
304653.0,64,0,0,0,64
304822.0,64,0,0,0,64
304857.0,64,0,0,0,64
305026.0,64,0,0,0,64
305178.0,64,0,0,0,64
305442.0,64,0,0,0,64
305875.0,64,0,0,64,0
305875.0,0,64,0,64,0
306437.0,0,64,0,64,0
306649.0,0,64,0,64,0
306808.0,0,64,0,64,0
307013.0,0,64,0,64,0
308575.0,0,0,0,128,0
308575.0,0,0,0,0,128
308666.0,0,0,0,128,0
308666.0,0,0,0,53,75
308676.0,0,0,0,54,74
308694.0,0,0,0,55,73
308754.0,0,0,0,57,71
308756.0,0,0,0,58,70
308761.0,0,0,0,59,69
308762.0,0,0,0,60,68
308764.0,0,0,0,61,67
308765.0,0,0,0,62,66
308773.0,0,0,0,63,65
308778.0,0,0,0,64,64
309266.0,0,0,0,64,64
309266.0,0,0,53,11,64
309276.0,0,0,53,11,64
309276.0,0,0,54,10,64
309294.0,0,0,54,10,64
309294.0,0,0,55,9,64
309354.0,0,0,55,9,64
309354.0,0,0,57,7,64
309356.0,0,0,57,7,64
309356.0,0,0,58,6,64
309361.0,0,0,58,6,64
309361.0,0,0,59,5,64
309362.0,0,0,59,5,64
309362.0,0,0,60,4,64
309364.0,0,0,60,4,64
309364.0,0,0,61,3,64
309365.0,0,0,61,3,64
309365.0,0,0,62,2,64
309373.0,0,0,62,2,64
309373.0,0,0,63,1,64
309378.0,0,0,63,1,64
309378.0,0,0,64,0,64
310240.0,0,0,64,0,64
310504.0,0,0,64,0,64
310785.0,0,0,64,0,64
311000.0,0,0,64,0,64
311066.0,53,0,11,0,64
311066.0,49,4,11,0,64
311076.0,50,4,10,0,64
311094.0,51,4,9,0,64
311154.0,53,4,7,0,64
311156.0,54,4,6,0,64
311161.0,55,4,5,0,64
311162.0,56,4,4,0,64
311164.0,57,4,3,0,64
311165.0,58,4,2,0,64
311173.0,59,4,1,0,64
311178.0,60,4,0,0,64
313766.0,60,0,0,4,64
313766.0,60,0,0,0,68
313847.0,60,0,0,1,67
313887.0,60,0,0,2,66
314001.0,60,0,0,3,65
314014.0,60,0,0,4,64
314076.0,60,0,0,4,64
314076.0,60,0,0,3,65
314188.0,60,0,0,4,64
314447.0,60,0,0,4,64
314487.0,60,0,0,4,64
314487.0,60,0,1,3,64
314601.0,60,0,1,3,64
314601.0,60,0,2,2,64
314614.0,60,0,2,2,64
314614.0,60,0,3,1,64
314788.0,60,0,3,1,64
314788.0,60,0,4,0,64
316287.0,61,0,3,0,64
316401.0,62,0,2,0,64
316414.0,63,0,1,0,64
316588.0,64,0,0,0,64
319096.0,64,0,0,0,64
319096.0,63,1,0,0,64
319266.0,63,1,0,0,64
319266.0,62,2,0,0,64
319490.0,62,2,0,0,64
319490.0,61,3,0,0,64
319526.0,61,3,0,0,64
319526.0,60,4,0,0,64
319591.0,60,4,0,64,0
320191.0,60,4,0,64,0
320191.0,60,4,64,0,0
321523.0,60,4,64,0,0
321523.0,59,5,64,0,0
321796.0,59,4,64,1,0
321796.0,59,4,64,0,1
321820.0,59,4,64,0,1
321820.0,58,5,64,0,1
321901.0,58,5,64,1,0
321966.0,58,4,64,2,0
321966.0,58,4,64,1,1
321991.0,122,4,0,1,1
322050.0,122,4,0,2,0
322190.0,122,3,0,3,0
322190.0,122,3,0,2,1
322217.0,122,3,0,3,0
322226.0,122,2,0,4,0
322226.0,122,2,0,3,1
322246.0,122,2,0,3,1
322246.0,122,2,0,2,2
322323.0,122,2,0,3,1
322363.0,122,2,0,4,0
322449.0,122,2,0,4,0
322449.0,122,2,0,3,1
322501.0,122,2,0,3,1
322559.0,122,2,0,4,0
322628.0,122,2,0,4,0
322628.0,122,2,0,3,1
322650.0,122,2,0,3,1
322729.0,122,2,0,4,0
322817.0,122,2,0,4,0
322817.0,122,2,0,3,1
322920.0,122,2,0,4,0
322923.0,122,2,0,4,0
322963.0,122,2,0,4,0
322963.0,122,2,1,3,0
323017.0,122,2,1,3,0
323017.0,122,2,1,2,1
323113.0,122,2,1,3,0
323159.0,122,2,1,3,0
323236.0,122,2,1,3,0
323236.0,122,2,1,2,1
323329.0,122,2,1,2,1
323354.0,122,2,1,3,0
323520.0,122,2,1,3,0
323520.0,122,2,2,2,0
323713.0,122,2,2,2,0
323713.0,122,2,3,1,0
323954.0,122,2,3,1,0
323954.0,122,2,4,0,0
324223.0,122,1,4,1,0
324223.0,122,1,4,0,1
324362.0,122,1,4,1,0
324520.0,122,0,4,2,0
324520.0,122,0,4,1,1
324524.0,122,0,4,1,1
324524.0,122,0,4,0,2
324624.0,122,0,4,1,1
324628.0,122,0,4,2,0
324685.0,122,0,4,2,0
324763.0,123,0,3,2,0
324962.0,123,0,3,2,0
325224.0,123,0,3,2,0
325224.0,123,0,4,1,0
325228.0,123,0,4,1,0
325228.0,123,0,5,0,0
325320.0,124,0,4,0,0
325513.0,125,0,3,0,0
325754.0,126,0,2,0,0
325894.0,126,0,2,0,0
325915.0,126,0,2,0,0
326279.0,126,0,2,0,0
326599.0,126,0,2,0,0
326658.0,126,0,2,0,0
326988.0,126,0,2,0,0
327007.0,126,0,2,0,0
327024.0,127,0,1,0,0
327028.0,128,0,0,0,0
327028.0,0,128,0,0,0
327355.0,0,128,0,0,0
327409.0,0,128,0,0,0
327437.0,0,128,0,0,0
327512.0,0,128,0,0,0
328184.0,0,128,0,0,0
329076.0,0,128,0,0,0
329728.0,0,0,0,128,0
329728.0,0,0,0,0,128
330475.0,0,0,0,128,0
330475.0,0,0,0,98,30
330479.0,0,0,0,99,29
330481.0,0,0,0,100,28
330482.0,0,0,0,101,27
330483.0,0,0,0,102,26
330486.0,0,0,0,110,18
330488.0,0,0,0,111,17
330490.0,0,0,0,119,9
330497.0,0,0,0,127,1
331014.0,0,0,0,127,1
331014.0,0,0,0,126,2
331019.0,0,0,0,127,1
331068.0,0,0,0,127,1
331068.0,0,0,0,126,2
331073.0,0,0,0,127,1
331075.0,0,0,0,127,1
331075.0,0,0,98,29,1
331079.0,0,0,98,29,1
331079.0,0,0,99,28,1
331082.0,0,0,99,28,1
331082.0,0,0,100,27,1
331083.0,0,0,100,27,1
331083.0,0,0,101,26,1
331086.0,0,0,101,26,1
331086.0,0,0,109,18,1
331088.0,0,0,109,18,1
331088.0,0,0,110,17,1
331090.0,0,0,110,17,1
331090.0,0,0,118,9,1
331097.0,0,0,118,9,1
331097.0,0,0,126,1,1
331435.0,0,0,126,1,1
331435.0,0,0,126,0,2
331446.0,0,0,126,1,1
331521.0,0,0,126,1,1
331521.0,0,0,126,0,2
331526.0,0,0,126,1,1
331551.0,0,0,126,1,1
331551.0,0,0,126,0,2
331567.0,0,0,126,1,1
331576.0,0,0,126,2,0
331623.0,0,0,126,2,0
331623.0,0,0,126,1,1
331627.0,0,0,126,2,0
331673.0,0,0,126,2,0
331809.0,0,0,126,2,0
331809.0,0,0,126,1,1
331828.0,0,0,126,2,0
332041.0,0,0,126,2,0
332041.0,0,0,126,1,1
332046.0,0,0,126,2,0
332126.0,0,0,126,2,0
332167.0,0,0,126,2,0
332176.0,0,0,126,2,0
332176.0,0,0,127,1,0
332299.0,0,0,127,1,0
332299.0,0,0,127,0,1
332307.0,0,0,127,1,0
332543.0,0,0,127,1,0
332646.0,0,0,127,1,0
332680.0,0,0,127,1,0
332680.0,0,0,127,0,1
332729.0,0,0,127,1,0
332799.0,0,0,127,1,0
332875.0,98,0,29,1,0
332879.0,99,0,28,1,0
332882.0,100,0,27,1,0
332883.0,101,0,26,1,0
332886.0,109,0,18,1,0
332888.0,110,0,17,1,0
332890.0,118,0,9,1,0
332897.0,126,0,1,1,0
332907.0,126,0,1,1,0
333056.0,126,0,1,1,0
333125.0,126,0,1,1,0
333217.0,126,0,1,1,0
333329.0,126,0,1,1,0
333329.0,126,0,2,0,0
333334.0,126,0,2,0,0
333380.0,126,0,2,0,0
333457.0,126,0,2,0,0
333469.0,126,0,2,0,0
333474.0,126,0,2,0,0
333896.0,126,0,2,0,0
333961.0,126,0,2,0,0
333976.0,127,0,1,0,0
334105.0,127,0,1,0,0
334130.0,127,0,1,0,0
334143.0,127,0,1,0,0
334203.0,127,0,1,0,0
334266.0,127,0,1,0,0
334270.0,127,0,1,0,0
334378.0,127,0,1,0,0
334471.0,127,0,1,0,0
334612.0,127,0,1,0,0
334657.0,127,0,1,0,0
334672.0,127,0,1,0,0
334714.0,127,0,1,0,0
334774.0,127,0,1,0,0
334817.0,127,0,1,0,0
334889.0,127,0,1,0,0
334958.0,127,0,1,0,0
335129.0,128,0,0,0,0
335129.0,0,128,0,0,0
335219.0,0,128,0,0,0
335231.0,0,128,0,0,0
335400.0,0,128,0,0,0
335504.0,0,128,0,0,0
335540.0,0,128,0,0,0
335690.0,0,128,0,0,0
335717.0,0,128,0,0,0
335836.0,0,128,0,0,0
335899.0,0,128,0,0,0
335915.0,0,128,0,0,0
335948.0,0,128,0,0,0
336089.0,0,128,0,0,0
336153.0,0,128,0,0,0
336236.0,0,128,0,0,0
336572.0,0,128,0,0,0
336689.0,0,128,0,0,0
336917.0,0,128,0,0,0
336943.0,0,128,0,0,0
336960.0,0,128,0,0,0
337017.0,0,128,0,0,0
337339.0,0,128,0,0,0
337519.0,0,128,0,0,0
337536.0,0,128,0,0,0
337569.0,0,128,0,0,0
337621.0,0,128,0,0,0
337829.0,0,0,0,128,0
337829.0,0,0,0,0,128
337857.0,0,0,0,128,0
337857.0,0,0,0,0,128
337872.0,0,0,0,0,128
338000.0,0,0,0,0,128
338038.0,0,0,0,0,128
338201.0,0,0,0,128,0
338201.0,0,0,0,0,128
338809.0,0,0,0,0,128
338877.0,0,0,0,0,128
338942.0,0,0,0,128,0
338942.0,0,0,0,0,128
338945.0,0,0,0,0,128
338958.0,0,0,0,0,128
338973.0,0,0,0,32,96
338973.0,0,0,0,0,128
338995.0,0,0,0,32,96
338995.0,0,0,0,0,128
339000.0,0,0,0,1,127
339000.0,0,0,0,0,128
339005.0,0,0,0,1,127
339005.0,0,0,0,0,128
339007.0,0,0,0,3,125
339007.0,0,0,0,0,128
339008.0,0,0,0,2,126
339008.0,0,0,0,1,127
339009.0,0,0,0,2,126
339010.0,0,0,0,3,125
339014.0,0,0,0,4,124
339014.0,0,0,0,0,128
339016.0,0,0,0,2,126
339021.0,0,0,0,3,125
339023.0,0,0,0,4,124
339023.0,0,0,0,0,128
339029.0,0,0,0,1,127
339040.0,0,0,0,2,126
339042.0,0,0,0,6,122
339042.0,0,0,0,2,126
339045.0,0,0,0,6,122
339045.0,0,0,0,2,126
339049.0,0,0,0,6,122
339049.0,0,0,0,2,126
339060.0,0,0,0,6,122
339060.0,0,0,0,2,126
339064.0,0,0,0,3,125
339069.0,0,0,0,11,117
339069.0,0,0,0,3,125
339097.0,0,0,0,7,121
339106.0,0,0,0,11,117
339111.0,0,0,0,15,113
339113.0,0,0,0,19,109
339113.0,0,0,0,3,125
339129.0,0,0,0,7,121
339165.0,0,0,0,11,117
339170.0,0,0,0,27,101
339175.0,0,0,0,28,100
339179.0,0,0,0,28,100
339180.0,0,0,0,32,96
339180.0,0,0,0,0,128
339215.0,0,0,0,32,96
339215.0,0,0,0,0,128
339389.0,0,0,0,0,128
339397.0,0,0,0,0,128
339502.0,0,0,0,32,96
339502.0,0,0,0,11,117
339508.0,0,0,0,11,117
339530.0,0,0,0,12,116
339600.0,0,0,0,12,116
339600.0,0,0,0,11,117
339608.0,0,0,0,11,117
339616.0,0,0,0,11,117
339620.0,0,0,0,12,116
339628.0,0,0,0,16,112
339628.0,0,0,0,0,128
339629.0,0,0,0,0,128
339642.0,0,0,0,4,124
339648.0,0,0,0,8,120
339652.0,0,0,0,8,120
339702.0,0,0,0,24,104
339751.0,0,0,0,32,96
339751.0,0,0,0,0,128
339777.0,0,0,0,32,96
339777.0,0,0,0,0,128
339803.0,0,0,0,32,96
339803.0,0,0,0,0,128
339845.0,0,0,0,32,96
339845.0,0,0,0,0,128
339863.0,0,0,0,0,128
339880.0,0,0,0,32,96
339880.0,0,0,0,0,128
339899.0,0,0,0,0,128
339909.0,0,0,0,32,96
339909.0,0,0,0,0,128
339978.0,0,0,0,32,96
340025.0,0,0,0,64,64
340025.0,0,0,0,0,128
340065.0,0,0,0,64,64
340065.0,0,0,0,0,128
340102.0,0,0,0,0,128
340191.0,0,0,0,0,128
340242.0,0,0,0,0,128
340293.0,0,0,0,64,64
340293.0,0,0,0,0,128
340339.0,0,0,0,0,128
340372.0,0,0,0,0,128
340438.0,0,0,0,64,64
340438.0,0,0,0,0,128
340448.0,0,0,0,0,128
340512.0,0,0,0,0,128
340565.0,0,0,0,64,64
340565.0,0,0,0,6,122
340576.0,0,0,0,7,121
340578.0,0,0,0,7,121
340582.0,0,0,0,8,120
340792.0,0,0,0,24,104
340792.0,0,0,0,8,120
341020.0,0,0,0,24,104
341165.0,0,0,0,24,104
341165.0,0,0,6,18,104
341165.0,0,0,6,17,105
341176.0,0,0,6,17,105
341182.0,0,0,6,17,105
341182.0,0,0,7,16,105
341197.0,0,0,7,24,97
341228.0,0,0,7,56,65
341228.0,0,0,7,24,97
341235.0,0,0,7,24,97
341235.0,0,0,7,8,113
341302.0,0,0,7,8,113
341302.0,0,0,7,7,114
341317.0,0,0,7,23,98
341318.0,0,0,7,24,97
341328.0,0,0,7,24,97
341328.0,0,0,7,23,98
341338.0,0,0,7,24,97
341382.0,0,0,7,24,97
341397.0,0,0,7,56,65
341397.0,0,0,7,24,97
341620.0,0,0,7,24,97
341828.0,0,0,7,24,97
341828.0,0,0,13,18,97
341835.0,0,0,13,50,65
341835.0,0,0,13,18,97
341917.0,0,0,13,18,97
341917.0,0,0,29,2,97
341918.0,0,0,29,2,97
341918.0,0,0,30,1,97
341935.0,0,0,30,1,97
341938.0,0,0,30,1,97
341938.0,0,0,31,0,97
342105.0,0,0,31,0,97
342170.0,0,0,31,0,97
342178.0,0,0,31,0,97
342180.0,0,0,31,0,97
342231.0,0,0,31,0,97
342243.0,0,0,31,0,97
342295.0,0,0,31,0,97
342375.0,0,0,31,0,97
342420.0,0,0,31,1,96
342420.0,0,0,31,0,97
342440.0,0,0,31,0,97
342449.0,0,0,31,0,97
342460.0,0,0,31,1,96
342460.0,0,0,31,0,97
342471.0,0,0,31,0,97
342485.0,0,0,31,1,96
342485.0,0,0,31,0,97
342494.0,0,0,31,0,97
342498.0,0,0,31,1,96
342498.0,0,0,31,0,97
342623.0,0,0,31,32,65
342623.0,0,0,31,28,69
342630.0,0,0,31,29,68
342640.0,0,0,31,30,67
342647.0,0,0,31,31,66
342658.0,0,0,31,32,65
342663.0,0,0,31,64,33
342663.0,0,0,31,0,97
342668.0,0,0,31,1,96
342670.0,0,0,31,33,64
342670.0,0,0,31,1,96
342781.0,0,0,31,1,96
342781.0,0,0,31,0,97
342841.0,0,0,31,1,96
342898.0,0,0,31,1,96
342898.0,0,0,31,0,97
342918.0,0,0,31,64,33
342918.0,0,0,31,0,97
342946.0,0,0,31,1,96
342965.0,6,0,25,1,96
342982.0,7,0,24,1,96
343133.0,7,0,24,1,96
343133.0,6,1,24,1,96
343143.0,6,1,24,65,32
343143.0,6,1,24,1,96
343190.0,6,1,24,1,96
343190.0,5,2,24,1,96
343213.0,5,2,24,1,96
343223.0,5,2,24,1,96
343235.0,5,2,24,1,96
343268.0,5,2,24,1,96
343270.0,5,2,24,65,32
343270.0,5,2,24,1,96
343309.0,5,2,24,1,96
343332.0,5,2,24,1,96
343391.0,5,2,24,65,32
343391.0,5,2,24,1,96
343431.0,5,2,24,1,96
343431.0,4,3,24,1,96
343441.0,4,3,24,1,96
343492.0,4,3,24,1,96
343492.0,3,4,24,1,96
343500.0,3,4,24,1,96
343504.0,3,4,24,65,32
343504.0,3,4,24,1,96
343522.0,3,4,24,1,96
343545.0,3,4,24,1,96
343546.0,3,4,24,1,96
343612.0,3,4,24,65,32
343612.0,3,4,24,1,96
343628.0,9,4,18,1,96
343649.0,9,4,18,65,32
343649.0,9,4,18,1,96
343677.0,9,4,18,1,96
343688.0,9,4,18,65,32
343688.0,9,4,18,1,96
343717.0,25,4,2,1,96
343717.0,9,20,2,1,96
343718.0,10,20,1,1,96
343736.0,10,20,1,17,80
343736.0,10,20,1,15,82
343738.0,11,20,0,15,82
343743.0,11,20,0,15,82
343753.0,11,20,0,17,80
343762.0,11,20,0,33,64
343762.0,7,24,0,1,96
343806.0,7,24,0,1,96
343828.0,7,24,0,1,96
343828.0,6,25,0,1,96
343870.0,6,25,0,1,96
343941.0,6,25,0,1,96
343955.0,6,25,0,1,96
343955.0,5,26,0,1,96
343957.0,5,26,0,1,96
343957.0,4,27,0,1,96
343991.0,4,27,0,1,96
344087.0,4,27,0,1,96
344104.0,4,27,0,1,96
344116.0,4,27,0,1,96
344127.0,4,27,0,1,96
344212.0,4,27,0,1,96
344249.0,4,27,0,1,96
344256.0,4,27,0,1,96
344288.0,4,27,0,1,96
344317.0,4,27,0,1,96
344317.0,3,28,0,1,96
344336.0,3,28,0,1,96
344362.0,3,28,0,1,96
344362.0,3,28,1,0,96
344479.0,3,28,1,32,64
344479.0,1,30,1,0,96
344711.0,1,30,1,32,64
344711.0,1,30,1,14,82
344733.0,1,30,1,14,82
344736.0,1,30,1,16,80
344745.0,1,30,1,18,78
344756.0,1,30,1,18,78
344758.0,1,30,1,20,76
344824.0,1,30,1,22,74
344835.0,1,30,1,24,72
344840.0,1,30,1,24,72
344844.0,1,30,1,28,68
344855.0,1,30,1,32,64
344855.0,1,30,1,0,96
344886.0,1,30,1,0,96
344890.0,1,30,1,0,96
344996.0,1,30,1,0,96
345095.0,1,30,1,0,96
345097.0,1,30,1,0,96
345132.0,1,30,1,0,96
345157.0,1,30,1,0,96
345299.0,1,30,1,32,64
345299.0,1,30,1,13,83
345310.0,1,30,1,13,83
345311.0,1,30,1,13,83
345317.0,1,30,1,14,82
345323.0,1,30,1,16,80
345329.0,1,30,1,18,78
345330.0,1,30,1,19,77
345331.0,1,30,1,20,76
345332.0,1,30,1,20,76
345337.0,1,30,1,22,74
345397.0,1,30,1,24,72
345422.0,1,30,1,28,68
345435.0,1,30,1,32,64
345443.0,1,30,1,32,64
345449.0,1,30,1,64,32
345449.0,1,30,1,0,96
345549.0,1,30,1,0,96
345583.0,1,30,1,64,32
345583.0,0,31,1,16,80
345595.0,0,31,1,16,80
345627.0,0,31,1,18,78
345628.0,0,31,1,20,76
345715.0,0,31,1,52,44
345715.0,0,31,1,20,76
345780.0,0,31,1,24,72
345833.0,0,30,1,25,72
345833.0,0,30,1,24,73
345866.0,0,30,1,24,73
345873.0,0,30,1,25,72
345890.0,0,29,1,26,72
345890.0,0,29,1,25,73
345899.0,0,29,1,25,73
345909.0,0,29,1,26,72
345920.0,0,29,1,26,72
345920.0,0,29,1,22,76
345938.0,0,29,1,24,74
345954.0,0,29,1,26,72
345981.0,0,29,1,26,72
346016.0,0,29,1,28,70
346043.0,0,29,1,32,66
346131.0,0,28,1,33,66
346131.0,0,28,1,32,67
346147.0,0,28,1,32,67
346162.0,1,28,0,32,67
346162.0,0,29,0,32,67
346175.0,0,29,0,33,66
346183.0,0,29,0,33,66
346191.0,0,29,0,33,66
346192.0,0,28,0,34,66
346192.0,0,28,0,33,67
346219.0,0,28,0,34,66
346219.0,0,28,0,32,68
346256.0,0,28,0,34,66
346256.0,0,28,0,32,68
346263.0,0,28,0,32,68
346273.0,0,28,0,34,66
346273.0,0,28,0,32,68
346293.0,0,28,0,34,66
346293.0,0,28,0,32,68
346315.0,0,28,0,32,68
346316.0,0,28,0,34,66
346329.0,0,28,0,34,66
346329.0,0,28,0,32,68
346337.0,0,28,0,32,68
346417.0,0,12,0,48,68
346417.0,0,12,0,32,84
346430.0,0,12,0,34,82
346447.0,0,12,0,34,82
346453.0,0,12,0,34,82
346453.0,0,12,0,32,84
346462.0,0,8,0,36,84
346462.0,0,8,0,32,88
346467.0,0,8,0,64,56
346467.0,0,8,0,32,88
346470.0,0,8,0,48,72
346470.0,0,8,0,47,73
346489.0,0,8,0,48,72
346528.0,0,7,0,49,72
346528.0,0,7,0,48,73
346556.0,0,7,0,50,71
346574.0,0,7,0,51,70
346581.0,0,7,0,83,38
346611.0,0,7,0,83,38
346611.0,0,7,0,81,40
346641.0,0,7,0,81,40
346641.0,0,7,0,49,72
346655.0,0,6,0,50,72
346655.0,0,6,0,49,73
346657.0,0,5,0,50,73
346657.0,0,5,0,49,74
346675.0,0,5,0,53,70
346697.0,0,5,0,54,69
346710.0,0,5,0,55,68
346717.0,0,5,0,57,66
346746.0,0,5,0,89,34
346753.0,0,5,0,89,34
346753.0,0,5,0,87,36
346775.0,0,5,0,87,36
346858.0,0,5,0,87,36
346858.0,0,5,0,55,68
346863.0,0,5,0,57,66
346916.0,0,5,0,57,66
346955.0,0,5,0,89,34
346957.0,0,5,0,89,34
346957.0,0,5,0,88,35
346977.0,0,5,0,89,34
346984.0,0,5,0,89,34
346984.0,0,5,0,87,36
347017.0,0,4,0,88,36
347017.0,0,4,0,87,37
347030.0,0,4,0,87,37
347057.0,0,4,0,88,36
347070.0,0,4,0,88,36
347081.0,0,4,0,90,34
347179.0,0,2,0,92,34
347179.0,0,2,0,90,36
347181.0,0,2,0,90,36
347226.0,0,2,0,90,36
347226.0,0,2,0,88,38
347329.0,0,2,0,90,36
347346.0,0,2,0,90,36
347346.0,0,2,18,72,36
347365.0,0,2,18,74,34
347369.0,0,2,18,106,2
347409.0,0,2,18,106,2
347409.0,0,2,18,74,34
347463.0,0,2,18,74,34
347480.0,0,2,18,74,34
347480.0,0,2,18,42,66
347541.0,0,2,18,42,66
347541.0,0,2,18,41,67
347555.0,0,2,18,41,67
347575.0,0,2,18,42,66
347604.0,0,2,18,74,34
347610.0,0,2,18,74,34
347610.0,0,2,18,42,66
347759.0,0,2,18,42,66
347848.0,0,2,18,42,66
347897.0,0,2,18,42,66
347897.0,0,2,18,33,75
347928.0,0,2,18,34,74
347941.0,0,2,18,34,74
347969.0,0,2,18,34,74
348044.0,0,2,18,42,66
348094.0,0,2,18,74,34
348094.0,0,2,18,38,70
348098.0,0,2,18,38,70
348098.0,0,2,18,37,71
348118.0,0,2,18,38,70
348126.0,0,2,18,42,66
348182.0,0,2,18,44,64
348204.0,0,2,18,44,64
348283.0,0,1,18,45,64
348283.0,0,1,18,43,66
348323.0,0,1,18,75,34
348657.0,0,1,18,77,32
348694.0,0,1,18,77,32
348694.0,0,1,23,72,32
348718.0,0,1,23,72,32
348718.0,0,1,24,71,32
348726.0,0,1,24,71,32
348726.0,0,1,28,67,32
348782.0,0,1,28,67,32
348782.0,0,1,30,65,32
348850.0,0,1,30,65,32
348850.0,0,1,30,61,36
348862.0,0,0,30,62,36
348862.0,0,0,30,30,68
348871.0,0,0,30,30,68
348871.0,0,0,30,28,70
348923.0,0,0,30,28,70
348923.0,0,0,56,2,70
349014.0,0,0,56,6,66
349146.0,18,0,38,6,66
349203.0,18,0,38,6,66
349257.0,18,0,38,6,66
349257.0,18,0,40,4,66
349309.0,18,0,40,4,66
349530.0,18,0,40,4,66
349530.0,17,1,40,4,66
349614.0,17,1,40,4,66
349614.0,17,1,44,0,66
349632.0,17,1,44,0,66
350129.0,17,1,44,0,66
350243.0,17,1,44,0,66
350494.0,22,1,39,0,66
350518.0,23,1,38,0,66
350526.0,27,1,34,0,66
350541.0,27,1,34,0,66
350579.0,27,1,34,0,66
350582.0,29,1,32,0,66
350585.0,29,1,32,0,66
350663.0,29,1,32,32,34
350663.0,29,1,32,0,66
350723.0,55,1,6,0,66
350723.0,22,34,6,0,66
350766.0,22,34,6,32,34
350766.0,3,53,6,0,66
350878.0,3,53,6,32,34
351057.0,5,53,4,32,34
351171.0,5,53,4,32,34
351171.0,5,53,4,31,35
351196.0,5,53,4,32,34
351197.0,5,53,4,34,32
351198.0,5,53,4,34,32
351198.0,5,53,4,30,36
351222.0,5,53,4,30,36
351222.0,5,53,4,28,38
351367.0,5,53,4,32,34
351386.0,5,53,4,32,34
351386.0,5,53,4,31,35
351396.0,5,53,4,31,35
351396.0,5,53,4,15,51
351414.0,9,53,0,15,51
351427.0,9,53,0,16,50
351455.0,9,53,0,32,34
351478.0,9,53,0,32,34
351478.0,9,53,8,24,34
351592.0,9,53,8,24,34
351592.0,9,53,8,23,35
351614.0,9,53,8,24,34
351616.0,9,53,8,26,32
351617.0,9,53,8,26,32
351617.0,9,53,8,22,36
351640.0,9,53,8,22,36
351640.0,9,53,8,20,38
351790.0,9,53,8,24,34
351796.0,9,53,8,24,34
351797.0,9,53,8,24,34
351854.0,9,53,8,26,32
351856.0,9,53,8,26,32
351856.0,9,53,8,22,36
351882.0,9,53,8,22,36
351882.0,9,53,8,20,38
351919.0,9,53,8,20,38
351967.0,9,53,8,20,38
351971.0,9,53,8,20,38
352027.0,9,53,8,20,38
352035.0,9,53,8,20,38
352035.0,7,55,8,20,38
352055.0,7,55,8,20,38
352055.0,7,55,19,9,38
352084.0,7,55,19,13,34
352114.0,7,55,19,13,34
352115.0,7,55,19,13,34
352115.0,5,57,19,13,34
352214.0,5,57,19,13,34
352214.0,5,57,20,12,34
352216.0,5,57,20,12,34
352216.0,5,57,22,10,34
352230.0,5,56,22,11,34
352230.0,5,56,22,10,35
352248.0,5,56,22,11,34
352261.0,5,56,22,11,34
352285.0,5,56,22,13,32
352286.0,5,56,22,13,32
352286.0,0,61,22,13,32
352307.0,0,61,22,13,32
352322.0,0,61,22,13,32
352322.0,0,61,22,10,35
352390.0,0,61,22,10,35
352390.0,0,61,23,9,35
352432.0,0,61,23,10,34
352454.0,0,61,23,10,34
352454.0,0,61,25,8,34
352471.0,0,61,25,8,34
352505.0,0,61,25,8,34
352505.0,0,61,25,6,36
352506.0,0,61,25,6,36
352515.0,0,61,25,7,35
352525.0,0,61,25,7,35
352525.0,0,61,25,5,37
352533.0,0,61,25,6,36
352536.0,0,61,25,7,35
352545.0,0,61,25,8,34
352614.0,0,61,25,8,34
352684.0,0,61,25,8,34
352848.0,0,61,25,8,34
352848.0,0,61,26,7,34
352885.0,0,61,26,7,34
352885.0,0,61,28,5,34
352943.0,0,61,28,5,34
352943.0,0,61,28,4,35
352953.0,0,61,28,5,34
353032.0,0,61,28,5,34
353052.0,0,61,28,37,2
353052.0,0,61,28,5,34
353115.0,0,61,28,5,34
353148.0,0,61,28,5,34
353180.0,0,61,28,5,34
353180.0,0,61,28,4,35
353183.0,0,61,28,5,34
353278.0,8,61,20,5,34
353423.0,8,28,20,38,34
353423.0,8,28,20,5,67
353440.0,8,28,20,6,66
353462.0,8,28,20,6,66
353462.0,7,29,20,6,66
353466.0,7,10,20,25,66
353466.0,7,10,20,6,85
353468.0,7,10,20,7,84
353485.0,7,10,20,8,83
353489.0,7,10,20,9,82
353519.0,7,10,20,9,82
353519.0,6,11,20,9,82
353522.0,6,11,20,41,50
353522.0,6,11,20,9,82
353634.0,6,11,20,41,50
353634.0,6,11,20,9,82
353652.0,6,11,20,9,82
353821.0,6,11,20,9,82
353842.0,6,11,20,25,66
353855.0,17,11,9,25,66
353855.0,0,28,9,25,66
354014.0,1,28,8,25,66
354016.0,3,28,6,25,66
354042.0,3,28,6,57,34
354042.0,3,28,6,41,50
354122.0,3,28,6,41,50
354190.0,4,28,5,41,50
354234.0,4,28,5,41,50
354254.0,6,28,3,41,50
354437.0,6,28,3,41,50
354437.0,6,28,3,40,51
354442.0,6,28,3,40,51
354532.0,6,28,3,40,51
354532.0,6,28,3,24,67
354536.0,6,28,3,24,67
354536.0,6,28,3,20,71
354585.0,6,28,3,21,70
354599.0,6,28,3,37,54
354601.0,6,28,3,37,54
354601.0,6,28,3,36,55
354604.0,6,28,3,40,51
354623.0,6,28,3,56,35
354642.0,6,28,3,56,35
354642.0,6,28,7,52,35
354648.0,7,28,6,52,35
354685.0,9,28,4,52,35
354728.0,9,28,4,53,34
354735.0,9,26,4,55,34
354735.0,9,26,4,53,36
354768.0,9,26,4,54,35
354769.0,9,26,4,55,34
354776.0,9,26,4,55,34
354776.0,9,26,4,54,35
354815.0,9,24,4,56,35
354815.0,9,24,4,54,37
354827.0,9,24,4,54,37
354827.0,9,24,4,38,53
354838.0,9,24,4,38,53
354838.0,9,24,4,22,69
354857.0,9,24,4,23,68
354882.0,9,24,4,24,67
354920.0,9,24,4,40,51
354930.0,9,24,4,40,51
354956.0,9,24,4,56,35
354957.0,9,24,4,56,35
354965.0,9,24,4,57,34
354973.0,9,24,4,57,34
354973.0,0,33,4,41,50
354986.0,0,28,4,46,50
354986.0,0,28,4,41,55
355008.0,0,28,4,42,54
355148.0,0,28,4,46,50
355185.0,0,28,4,62,34
355199.0,0,28,4,62,34
355202.0,0,28,4,62,34
355204.0,0,28,4,62,34
355211.0,0,28,4,62,34
355211.0,0,28,4,46,50
355223.0,0,28,4,46,50
355328.0,0,28,4,46,50
355328.0,0,28,5,45,50
355351.0,0,28,5,77,18
355435.0,0,28,5,93,2
355435.0,0,28,5,29,66
355520.0,0,28,5,29,66
356035.0,0,28,5,29,66
356035.0,0,28,12,22,66
356162.0,0,27,12,23,66
356162.0,0,27,12,22,67
356173.0,0,27,12,23,66
356219.0,0,26,12,24,66
356219.0,0,26,12,23,67
356232.0,0,26,12,24,66
356391.0,0,26,12,24,66
356442.0,4,26,8,24,66
356555.0,4,9,8,41,66
356555.0,4,9,8,9,98
356595.0,4,9,8,9,98
356595.0,3,10,8,9,98
356606.0,3,10,8,9,98
356773.0,3,10,8,9,98
356773.0,3,10,9,8,98
356832.0,3,10,9,8,98
356832.0,3,10,10,7,98
357090.0,3,10,10,71,34
357090.0,3,10,10,7,98
357128.0,4,10,9,7,98
357155.0,4,10,9,7,98
357257.0,4,10,9,39,66
357280.0,4,10,9,39,66
357280.0,3,11,9,39,66
357349.0,3,11,9,39,66
357349.0,0,14,9,39,66
357530.0,0,14,9,71,34
357542.0,0,14,9,71,34
357625.0,0,14,9,71,34
357673.0,0,5,9,80,34
357673.0,0,5,9,64,50
357835.0,7,5,2,64,50
357835.0,0,12,2,64,50
357857.0,0,12,2,64,50
357868.0,0,12,2,80,34
357868.0,0,12,2,72,42
357923.0,0,12,2,80,34
357980.0,0,12,2,80,34
358105.0,0,12,2,80,34
358130.0,0,12,2,80,34
358200.0,0,12,2,80,34
358200.0,0,12,2,76,38
358236.0,0,12,2,76,38
358270.0,0,12,2,108,6
358270.0,0,12,2,76,38
358455.0,0,12,2,76,38
358466.0,0,12,2,80,34
358468.0,0,12,2,80,34
358573.0,1,12,1,80,34
358578.0,1,12,1,80,34
358578.0,0,13,1,80,34
358632.0,1,13,0,80,34
358647.0,1,13,0,80,34
358779.0,1,13,0,80,34
358779.0,0,14,0,80,34
358869.0,0,14,0,112,2
358869.0,0,14,0,80,34
358870.0,0,14,0,80,34
358870.0,0,14,1,79,34
358957.0,0,14,1,79,34
358957.0,0,14,1,75,38
359099.0,0,14,1,79,34
359295.0,0,13,1,80,34
359295.0,0,13,1,79,35
359304.0,0,13,1,80,34
359316.0,0,13,1,80,34
359469.0,0,13,1,80,34
359469.0,0,13,12,69,34
359699.0,0,13,12,69,34
359699.0,0,13,16,65,34
359715.0,0,13,16,65,34
359904.0,0,13,16,65,34
359904.0,0,13,17,64,34
359980.0,0,12,17,65,34
359980.0,0,12,17,64,35
360018.0,0,12,17,65,34
360049.0,0,9,17,68,34
360049.0,0,9,17,64,38
360071.0,0,9,17,96,6
360071.0,0,9,17,92,10
360081.0,0,9,17,96,6
360140.0,0,9,17,100,2
360535.0,0,2,17,107,2
360535.0,0,2,17,43,66
360618.0,0,2,17,43,66
360618.0,0,2,18,42,66
360670.0,1,2,17,42,66
360671.0,1,2,17,42,66
360671.0,1,2,45,14,66
360681.0,1,2,45,14,66
360681.0,1,2,49,10,66
360709.0,1,2,49,74,2
360709.0,1,2,49,10,66
360740.0,1,2,49,10,66
360808.0,1,2,49,74,2
360808.0,1,2,49,10,66
360983.0,1,2,49,74,2
360983.0,1,2,49,10,66
361185.0,1,2,49,10,66
361189.0,1,2,49,74,2
361189.0,1,2,49,10,66
361269.0,12,2,38,10,66
361278.0,12,1,38,11,66
361278.0,12,1,38,7,70
361299.0,12,1,38,11,66
361309.0,12,1,38,11,66
361370.0,12,1,38,75,2
361370.0,12,1,38,11,66
361392.0,12,1,38,11,66
361408.0,12,1,38,11,66
361479.0,12,0,38,12,66
361479.0,12,0,38,8,70
361499.0,16,0,34,8,70
361510.0,16,0,34,12,66
361572.0,16,0,34,76,2
361572.0,16,0,34,44,34
361583.0,16,0,34,44,34
361704.0,17,0,33,44,34
361789.0,17,0,33,44,34
361970.0,17,0,33,44,34
362044.0,17,0,33,44,34
362172.0,17,0,33,44,34
362172.0,17,0,77,0,34
362418.0,18,0,76,0,34
362471.0,46,0,48,0,34
362481.0,50,0,44,0,34
363212.0,50,0,44,0,34
363229.0,50,0,44,0,34
363234.0,50,0,44,0,34
363603.0,50,0,44,0,34
363972.0,94,0,0,0,34
363972.0,30,64,0,0,34
364073.0,30,64,0,0,34
364394.0,30,64,0,0,34
364413.0,30,64,0,0,34
364808.0,30,64,0,0,34
365054.0,30,64,0,0,34
365261.0,30,64,0,0,34
365784.0,30,64,0,0,34
365883.0,30,64,0,0,34
366672.0,30,0,0,64,34
366672.0,30,0,0,0,98
366707.0,30,0,0,0,98
366864.0,30,0,0,64,34
366864.0,30,0,0,0,98
366912.0,30,0,0,0,98
366914.0,30,0,0,0,98
367063.0,30,0,0,64,34
367063.0,27,3,0,0,98
367466.0,27,3,0,0,98
367676.0,27,3,0,0,98
367731.0,27,3,0,0,98
367915.0,27,3,0,0,98
367947.0,27,3,0,0,98
368173.0,27,3,0,0,98
368229.0,27,3,0,64,34
368229.0,0,30,0,17,81
368248.0,0,30,0,18,80
368258.0,0,30,0,19,79
368322.0,0,30,0,20,78
368338.0,0,30,0,21,77
368357.0,0,30,0,22,76
368364.0,0,30,0,30,68
368381.0,0,30,0,30,68
368387.0,0,30,0,31,67
368394.0,0,30,0,32,66
368508.0,0,30,0,32,66
368510.0,0,30,0,32,66
368593.0,0,30,0,32,66
368630.0,0,30,0,32,66
368641.0,0,30,0,32,66
368707.0,0,30,0,32,66
368829.0,0,30,0,32,66
368829.0,0,30,12,20,66
368829.0,0,30,12,8,78
368838.0,0,30,12,9,77
368848.0,0,30,12,9,77
368850.0,0,30,12,10,76
368858.0,0,30,12,10,76
368858.0,0,30,12,9,77
368922.0,0,30,12,17,69
368932.0,0,30,12,18,68
368964.0,0,30,12,18,68
368968.0,0,30,12,19,67
368978.0,0,30,12,20,66
368987.0,0,30,12,20,66
368987.0,0,30,13,19,66
368994.0,0,30,13,19,66
368994.0,0,30,14,18,66
369348.0,0,30,14,50,34
369348.0,0,30,14,18,66
369438.0,0,30,14,18,66
369507.0,0,30,14,50,34
369507.0,0,30,14,18,66
369688.0,0,30,14,50,34
369688.0,0,30,14,18,66
369763.0,0,27,14,21,66
369763.0,0,27,14,18,69
369766.0,0,27,14,19,68
369773.0,0,27,14,20,67
369777.0,0,27,14,21,66
369919.0,0,27,14,21,66
369919.0,0,27,14,17,70
369948.0,0,27,14,17,70
369997.0,0,27,14,21,66
370056.0,0,27,14,21,66
370056.0,0,27,14,20,67
370077.0,0,27,14,52,35
370077.0,0,27,14,20,67
370081.0,0,27,14,20,67
370081.0,0,27,14,16,71
370107.0,0,27,14,16,71
370157.0,0,27,14,20,67
370288.0,0,27,14,20,67
370308.0,0,27,14,21,66
370333.0,0,27,14,53,34
370333.0,0,27,14,21,66
370336.0,0,27,14,21,66
370336.0,0,27,14,20,67
370397.0,0,27,14,20,67
370397.0,0,27,14,12,75
370428.0,0,27,14,12,75
370428.0,0,27,14,11,76
370449.0,0,27,14,12,75
370463.0,0,27,14,20,67
370475.0,0,27,14,21,66
370535.0,0,27,14,53,34
370535.0,0,27,14,21,66
370629.0,12,27,2,21,66
370677.0,12,27,2,21,66
370738.0,12,27,2,53,34
370738.0,12,27,2,21,66
370787.0,13,27,1,21,66
370794.0,14,27,0,21,66
370918.0,14,27,0,21,66
370918.0,13,28,0,21,66
370920.0,13,28,0,53,34
370920.0,13,28,0,21,66
370929.0,13,1,0,48,66
370929.0,13,1,0,16,98
370933.0,13,1,0,16,98
371079.0,13,1,0,48,66
371079.0,13,1,0,16,98
371135.0,13,1,0,16,98
371143.0,13,1,0,16,98
371172.0,13,1,0,16,98
371172.0,0,14,0,16,98
371253.0,0,14,0,48,66
371253.0,0,14,0,16,98
371338.0,0,14,0,16,98
371399.0,0,14,0,16,98
371407.0,0,14,0,48,66
371407.0,0,14,0,16,98
371513.0,0,14,0,32,82
371520.0,0,14,0,32,82
371536.0,0,14,0,48,66
371547.0,0,14,0,48,66
371547.0,0,14,0,40,74
371605.0,0,14,0,48,66
371654.0,0,14,0,48,66
371654.0,0,14,0,44,70
371679.0,0,14,0,44,70
371724.0,0,14,0,48,66
371725.0,0,14,0,48,66
371725.0,0,14,0,47,67
371829.0,0,14,0,47,67
371829.0,0,14,0,43,71
371849.0,0,14,0,44,70
371853.0,0,14,0,44,70
371907.0,0,14,0,48,66
371918.0,0,14,0,48,66
371918.0,0,14,0,40,74
371985.0,0,14,0,48,66
372007.0,0,14,0,48,66
372010.0,0,14,0,48,66
372010.0,0,14,0,32,82
372106.0,0,14,0,48,66
372113.0,0,14,0,48,66
372136.0,0,14,0,48,66
372136.0,0,14,4,44,66
372205.0,0,14,4,44,66
372205.0,0,14,12,36,66
372284.0,0,14,12,36,66
372284.0,0,14,12,28,74
372324.0,0,14,12,28,74
372341.0,0,14,12,36,66
372346.0,0,14,12,36,66
372346.0,0,14,12,20,82
372373.0,0,14,12,20,82
372373.0,0,14,12,19,83
372410.0,0,14,12,35,67
372507.0,0,14,12,35,67
372517.0,0,14,12,36,66
372623.0,0,14,12,36,66
372623.0,0,14,12,35,67
372706.0,0,14,12,35,67
372706.0,0,14,19,28,67
372744.0,0,14,19,29,66
372868.0,0,14,19,29,66
372868.0,0,14,19,28,67
372941.0,0,14,19,28,67
372941.0,0,14,26,21,67
372982.0,0,14,26,22,66
373010.0,0,14,26,22,66
373010.0,0,14,42,6,66
373117.0,0,14,42,6,66
373117.0,0,14,43,5,66
373163.0,0,14,43,5,66
373163.0,0,14,43,4,67
373265.0,0,14,43,4,67
373277.0,0,14,43,5,66
373344.0,0,14,43,5,66
373354.0,0,14,43,5,66
373470.0,0,14,43,5,66
373539.0,0,14,43,5,66
373539.0,0,14,43,4,67
373582.0,0,14,43,4,67
373618.0,0,13,43,5,67
373618.0,0,13,43,4,68
373650.0,0,13,43,5,67
373744.0,0,13,43,6,66
373800.0,0,13,43,6,66
373800.0,0,13,43,5,67
373872.0,0,0,43,18,67
373872.0,0,0,43,2,83
373877.0,0,0,43,2,83
373888.0,0,0,43,18,67
373888.0,0,0,43,6,79
373916.0,0,0,43,7,78
373928.0,0,0,43,7,78
373936.0,4,0,39,7,78
373950.0,4,0,39,15,70
373950.0,0,4,39,14,71
373957.0,0,4,39,18,67
374005.0,8,4,31,18,67
374079.0,8,4,31,19,66
374250.0,8,4,31,19,66
374356.0,8,4,31,19,66
374394.0,8,4,31,19,66
374488.0,8,4,31,19,66
374506.0,15,4,24,19,66
374550.0,15,4,24,19,66
374550.0,15,4,26,17,66
374557.0,15,4,26,17,66
374557.0,15,4,30,13,66
374667.0,15,4,30,13,66
374667.0,13,6,30,13,66
374679.0,13,6,30,13,66
374679.0,13,6,31,12,66
374741.0,20,6,24,12,66
374810.0,36,6,8,12,66
374810.0,4,38,8,12,66
374917.0,5,38,7,12,66
374937.0,5,38,7,12,66
374961.0,5,38,7,12,66
375141.0,5,38,7,12,66
375246.0,5,38,7,12,66
375536.0,5,38,7,12,66
375572.0,5,38,7,44,34
375572.0,4,39,7,12,66
375815.0,4,39,7,12,66
376032.0,4,39,7,12,66
376206.0,4,39,7,12,66
376226.0,4,39,7,12,66
376350.0,6,39,5,12,66
376357.0,10,39,1,12,66
376357.0,0,49,1,12,66
376479.0,1,49,0,12,66
376479.0,0,50,0,12,66
376650.0,0,46,0,16,66
376650.0,0,46,0,0,82
376710.0,0,46,0,16,66
376710.0,0,46,0,13,69
376723.0,0,46,0,14,68
376836.0,0,46,0,15,67
376837.0,0,46,0,16,66
376839.0,0,46,0,48,34
377310.0,0,46,0,48,34
377310.0,0,46,13,35,34
377323.0,0,46,13,35,34
377323.0,0,46,14,34,34
377331.0,0,46,14,34,34
377360.0,0,46,14,34,34
377367.0,0,44,14,36,34
377367.0,0,44,14,34,36
377371.0,0,44,14,34,36
377371.0,0,44,14,32,38
377378.0,0,44,14,33,37
377380.0,0,44,14,34,36
377436.0,0,44,14,34,36
377439.0,0,44,14,34,36
377439.0,0,44,46,2,36
377476.0,0,44,46,3,35
377491.0,0,44,46,35,3
377510.0,0,12,46,67,3
377510.0,0,12,46,35,35
377527.0,0,12,46,35,35
377530.0,0,12,46,37,33
377541.0,0,12,46,38,32
377978.0,0,12,46,38,32
377978.0,0,12,47,37,32
377980.0,0,12,47,37,32
377980.0,0,12,48,36,32
378008.0,0,12,48,68,0
378008.0,0,12,48,4,64
378076.0,0,12,48,4,64
378272.0,0,11,48,5,64
378272.0,0,11,48,4,65
378440.0,0,11,48,5,64
378608.0,0,11,48,5,64
378608.0,0,11,52,1,64
379040.0,0,11,52,1,64
379040.0,0,11,53,0,64
379057.0,0,1,53,10,64
379057.0,0,1,53,0,74
379110.0,13,1,40,0,74
379123.0,14,1,39,0,74
379179.0,14,0,39,1,74
379179.0,14,0,39,0,75
379185.0,14,0,39,1,74
379211.0,14,0,39,2,73
379239.0,46,0,7,2,73
379293.0,46,0,7,3,72
379778.0,47,0,6,3,72
379780.0,48,0,5,3,72
379785.0,48,0,5,3,72
379785.0,48,0,6,2,72
379811.0,48,0,6,2,72
379811.0,48,0,7,1,72
379893.0,48,0,7,1,72
379893.0,48,0,8,0,72
380408.0,52,0,4,0,72
380840.0,53,0,3,0,72
381436.0,53,0,3,8,64
381585.0,54,0,2,8,64
381611.0,55,0,1,8,64
381693.0,56,0,0,8,64
381693.0,0,56,0,8,64
382036.0,0,56,0,8,64
384393.0,0,0,0,64,64
384393.0,0,0,0,0,128
384404.0,0,0,0,0,128
384513.0,0,0,0,0,128
384586.0,0,0,0,64,64
384718.0,0,0,0,64,64
384718.0,0,0,0,0,128
384874.0,0,0,0,64,64
385186.0,0,0,0,64,64
385474.0,0,0,0,64,64
385474.0,0,0,64,0,64
387274.0,64,0,0,0,64
391261.0,64,0,0,64,0
391261.0,0,64,0,64,0
393961.0,0,0,0,128,0
393961.0,0,0,0,0,128
394066.0,0,0,0,128,0
394066.0,0,0,0,64,64
394666.0,0,0,0,64,64
394666.0,0,0,64,0,64
395445.0,0,0,64,0,64
395538.0,0,0,64,0,64
396466.0,64,0,0,0,64
404990.0,64,0,0,64,0
404990.0,0,64,0,64,0
407690.0,0,0,0,128,0
407690.0,0,0,0,0,128
407779.0,0,0,0,128,0
407779.0,0,0,0,0,128
410112.0,0,0,0,0,128
410206.0,0,0,0,0,128
410270.0,0,0,0,0,128
410291.0,0,0,0,0,128
410351.0,0,0,0,0,128
410955.0,0,0,0,0,128
410980.0,0,0,0,0,128
411010.0,0,0,0,0,128
411052.0,0,0,0,0,128
411101.0,0,0,0,0,128
411123.0,0,0,0,0,128
411141.0,0,0,0,0,128
411438.0,0,0,0,0,128
411996.0,0,0,0,0,128
412106.0,0,0,0,0,128
413270.0,0,0,0,0,128
413329.0,0,0,0,0,128
413414.0,0,0,0,0,128
413422.0,0,0,0,0,128
413661.0,0,0,0,0,128
413938.0,0,0,0,0,128
414103.0,0,0,0,0,128
414126.0,0,0,0,0,128
414516.0,0,0,0,0,128
414544.0,0,0,0,0,128
414711.0,0,0,0,0,128
414857.0,0,0,0,0,128
415528.0,0,0,0,0,128
415552.0,0,0,0,0,128
415811.0,0,0,0,0,128
416101.0,0,0,0,0,128
416120.0,0,0,0,0,128
416888.0,0,0,0,0,128
416907.0,0,0,0,0,128
417273.0,0,0,0,0,128
417303.0,0,0,0,0,128
417602.0,0,0,0,0,128
417650.0,0,0,0,0,128
417697.0,0,0,0,0,128
417740.0,0,0,0,0,128
417763.0,0,0,0,0,128
417769.0,0,0,0,0,128
417772.0,0,0,0,0,128
417847.0,0,0,0,0,128
417886.0,0,0,0,0,128
417908.0,0,0,0,0,128
417927.0,0,0,0,0,128
417971.0,0,0,0,0,128
418469.0,0,0,0,0,128
418559.0,0,0,0,0,128
418703.0,0,0,0,128,0
418703.0,0,0,0,0,128
418706.0,0,0,0,1,127
418706.0,0,0,0,0,128
418717.0,0,0,0,1,127
418717.0,0,0,0,0,128
418719.0,0,0,0,1,127
418720.0,0,0,0,6,122
418720.0,0,0,0,0,128
418721.0,0,0,0,2,126
418724.0,0,0,0,3,125
418725.0,0,0,0,7,121
418725.0,0,0,0,3,125
418733.0,0,0,0,5,123
418733.0,0,0,0,1,127
418738.0,0,0,0,3,125
418740.0,0,0,0,12,116
418740.0,0,0,0,4,124
418741.0,0,0,0,8,120
418741.0,0,0,0,0,128
418745.0,0,0,0,1,127
418753.0,0,0,0,2,126
418757.0,0,0,0,4,124
418759.0,0,0,0,20,108
418759.0,0,0,0,4,124
418774.0,0,0,0,6,122
418794.0,0,0,0,10,118
418794.0,0,0,0,2,126
418800.0,0,0,0,4,124
418802.0,0,0,0,12,116
418802.0,0,0,0,4,124
418807.0,0,0,0,20,108
418807.0,0,0,0,4,124
418810.0,0,0,0,12,116
418810.0,0,0,0,4,124
418811.0,0,0,0,20,108
418819.0,0,0,0,36,92
418819.0,0,0,0,4,124
418824.0,0,0,0,8,120
418860.0,0,0,0,24,104
418868.0,0,0,0,32,96
418868.0,0,0,0,0,128
418871.0,0,0,0,8,120
418880.0,0,0,0,16,112
418889.0,0,0,0,24,104
418911.0,0,0,0,56,72
418911.0,0,0,0,24,104
418955.0,0,0,0,56,72
418969.0,0,0,0,64,64
418972.0,0,0,0,96,32
418985.0,0,0,0,128,0
418985.0,0,0,0,0,128
419013.0,0,0,0,128,0
419013.0,0,0,0,0,128
419068.0,0,0,0,0,128
419111.0,0,0,0,0,128
419132.0,0,0,0,0,128
419228.0,0,0,0,0,128
419272.0,0,0,0,0,128
419319.0,0,0,0,0,128
419321.0,0,0,0,0,128
419325.0,0,0,0,0,128
419326.0,0,0,0,0,128
419345.0,0,0,0,0,128
419348.0,0,0,0,0,128
419357.0,0,0,0,0,128
419429.0,0,0,0,0,128
419465.0,0,0,0,128,0
419465.0,0,0,0,0,128
419471.0,0,0,0,0,128
419528.0,0,0,0,0,128
419551.0,0,0,0,32,96
419551.0,0,0,0,0,128
419561.0,0,0,0,32,96
419561.0,0,0,0,0,128
419587.0,0,0,0,0,128
419640.0,0,0,0,32,96
419640.0,0,0,0,22,106
419645.0,0,0,0,26,102
419649.0,0,0,0,27,101
419650.0,0,0,0,28,100
419651.0,0,0,0,28,100
419659.0,0,0,0,29,99
419671.0,0,0,0,61,67
419671.0,0,0,0,29,99
419673.0,0,0,0,29,99
419674.0,0,0,0,30,98
419706.0,0,0,0,62,66
419735.0,0,0,0,64,64
419739.0,0,0,0,128,0
419739.0,0,0,0,0,128
419817.0,0,0,0,128,0
419817.0,0,0,0,0,128
419827.0,0,0,0,0,128
419879.0,0,0,0,0,128
419903.0,0,0,0,128,0
419903.0,0,0,0,15,113
419928.0,0,0,0,16,112
419965.0,0,0,0,48,80
419985.0,0,0,0,48,80
419985.0,0,0,0,47,81
419995.0,0,0,0,48,80
419999.0,0,0,0,48,80
419999.0,0,0,0,47,81
420010.0,0,0,0,48,80
420018.0,0,0,0,52,76
420042.0,0,0,0,84,44
420042.0,0,0,0,20,108
420061.0,0,0,0,20,108
420101.0,0,0,0,52,76
420101.0,0,0,0,20,108
420235.0,0,0,0,20,108
420240.0,0,0,0,20,108
420266.0,0,0,0,84,44
420266.0,0,0,0,20,108
420309.0,0,0,0,20,108
420358.0,0,0,0,20,108
420358.0,0,0,0,19,109
420359.0,0,0,0,51,77
420359.0,0,0,0,19,109
420379.0,0,0,0,20,108
420395.0,0,0,0,20,108
420503.0,0,0,0,20,108
420509.0,0,0,0,84,44
420509.0,0,0,0,44,84
420572.0,0,0,0,44,84
420572.0,0,0,0,43,85
420587.0,0,0,0,44,84
420642.0,0,0,0,44,84
420667.0,0,0,0,52,76
420701.0,0,0,0,52,76
420702.0,0,0,0,84,44
420702.0,0,0,0,20,108
420720.0,0,0,0,22,106
420734.0,0,0,0,24,104
420739.0,0,0,0,28,100
420753.0,0,0,0,32,96
420767.0,0,0,0,32,96
420767.0,0,0,0,28,100
420792.0,0,0,0,28,100
420792.0,0,0,0,26,102
420866.0,0,0,0,26,102
420884.0,0,0,0,26,102
420884.0,0,0,0,25,103
420896.0,0,0,0,25,103
420913.0,0,0,0,89,39
420913.0,0,0,0,25,103
420914.0,0,0,0,26,102
420952.0,0,0,0,26,102
420952.0,0,0,0,25,103
420959.0,0,0,0,25,103
420962.0,0,0,0,26,102
421016.0,0,0,0,26,102
421027.0,0,0,0,90,38
421027.0,0,0,0,26,102
421109.0,0,0,0,26,102
421224.0,0,0,0,26,102
421224.0,0,0,0,25,103
421225.0,0,0,0,25,103
421225.0,0,0,0,24,104
421233.0,0,0,0,88,40
421235.0,0,0,0,89,39
421247.0,0,0,0,90,38
421275.0,0,0,0,90,38
421275.0,0,0,0,26,102
421298.0,0,0,0,26,102
421298.0,0,0,0,25,103
421302.0,0,0,0,25,103
421319.0,0,0,0,89,39
421327.0,0,0,0,90,38
421350.0,0,0,0,90,38
421350.0,0,0,0,26,102
421453.0,0,0,0,90,38
421480.0,0,0,0,90,38
421480.0,0,0,0,26,102
421505.0,0,0,0,26,102
421505.0,0,0,0,25,103
421513.0,0,0,0,25,103
421519.0,0,0,0,26,102
421588.0,0,0,0,90,38
421604.0,0,0,0,94,34
421605.0,0,0,0,96,32
421621.0,0,0,0,96,32
421621.0,0,0,0,64,64
421627.0,0,0,0,64,64
421773.0,0,0,0,96,32
421776.0,0,0,0,96,32
421776.0,0,0,0,95,33
421801.0,0,0,0,95,33
421801.0,0,0,0,31,97
421824.0,0,0,0,31,97
421824.0,0,0,0,30,98
421833.0,0,0,0,30,98
421847.0,0,0,0,94,34
421853.0,0,0,0,95,33
421876.0,0,0,0,95,33
421876.0,0,0,0,31,97
421914.0,0,0,0,95,33
421919.0,0,0,0,95,33
421937.0,0,0,0,95,33
421937.0,0,0,0,31,97
422013.0,0,0,0,31,97
422013.0,0,0,0,30,98
422032.0,0,0,0,31,97
422044.0,0,0,0,95,33
422053.0,0,0,0,95,33
422069.0,0,0,0,95,33
422069.0,0,0,0,31,97
422175.0,0,0,0,95,33
422188.0,0,0,0,95,33
422203.0,0,0,0,95,33
422203.0,0,0,0,31,97
422250.0,0,0,0,31,97
422273.0,0,0,0,95,33
422273.0,0,0,0,63,65
422362.0,0,0,0,63,65
422363.0,0,0,0,95,33
422363.0,0,0,0,31,97
422373.0,0,0,0,31,97
422407.0,0,0,0,32,96
422444.0,0,0,0,32,96
422444.0,0,0,0,31,97
422447.0,0,0,0,31,97
422453.0,0,0,0,63,65
422490.0,0,0,0,127,1
422491.0,0,0,0,127,1
422491.0,0,0,0,63,65
422505.0,0,0,0,64,64
422514.0,0,0,0,64,64
422525.0,0,0,0,64,64
422525.0,0,0,0,63,65
422644.0,0,0,0,63,65
422742.0,0,0,0,127,1
422745.0,0,0,0,127,1
422745.0,0,0,0,126,2
422769.0,0,0,0,127,1
422775.0,0,0,0,127,1
422800.0,0,0,0,127,1
422800.0,0,0,0,63,65
422873.0,0,0,0,63,65
422880.0,0,0,0,64,64
422893.0,0,0,0,64,64
422893.0,0,0,0,0,128
422952.0,0,0,0,64,64
422963.0,0,0,0,64,64
422966.0,0,0,0,64,64
422966.0,0,0,0,0,128
423018.0,0,0,0,64,64
423036.0,0,0,0,64,64
423036.0,0,0,0,0,128
423082.0,0,0,0,64,64
423090.0,0,0,0,64,64
423096.0,0,0,0,64,64
423096.0,0,0,0,0,128
423132.0,0,0,0,64,64
423146.0,0,0,0,64,64
423146.0,0,0,0,0,128
423179.0,0,0,0,64,64
423190.0,0,0,0,64,64
423190.0,0,0,0,0,128
423221.0,0,0,0,64,64
423228.0,0,0,0,128,0
423232.0,0,0,0,128,0
423232.0,0,0,0,127,1
423243.0,0,0,0,128,0
423244.0,0,0,0,128,0
423244.0,0,0,0,64,64
423245.0,0,0,0,64,64
423245.0,0,0,0,63,65
423274.0,0,0,0,64,64
423278.0,0,0,0,128,0
423280.0,0,0,0,128,0
423280.0,0,0,0,124,4
423295.0,0,0,0,124,4
423295.0,0,0,0,60,68
423302.0,0,0,0,60,68
423302.0,0,0,0,58,70
423333.0,0,0,0,122,6
423342.0,0,0,0,122,6
423350.0,0,0,0,122,6
423350.0,0,0,0,58,70
423374.0,0,0,0,58,70
423374.0,0,0,0,57,71
423396.0,0,0,0,121,7
423400.0,0,0,0,122,6
423409.0,0,0,0,122,6
423409.0,0,0,0,58,70
423450.0,0,0,0,122,6
423457.0,0,0,0,122,6
423457.0,0,0,0,90,38
423474.0,0,0,0,90,38
423474.0,0,0,0,26,102
423520.0,0,0,0,90,38
423537.0,0,0,0,90,38
423537.0,0,0,0,26,102
423552.0,0,0,0,26,102
423586.0,0,0,0,90,38
423598.0,0,0,0,90,38
423598.0,0,0,0,26,102
423618.0,0,0,0,26,102
423635.0,0,0,0,90,38
423651.0,0,0,0,90,38
423651.0,0,0,0,26,102
423682.0,0,0,0,90,38
423692.0,0,0,0,90,38
423692.0,0,0,0,26,102
423704.0,0,0,0,32,96
423725.0,0,0,0,96,32
423732.0,0,0,0,96,32
423744.0,0,0,0,96,32
423744.0,0,0,0,32,96
423777.0,0,0,0,96,32
423779.0,0,0,0,96,32
423802.0,0,0,0,96,32
423802.0,0,0,0,92,36
423821.0,0,0,0,92,36
423824.0,0,0,0,92,36
423824.0,0,0,0,90,38
423828.0,0,0,0,90,38
423832.0,0,0,0,122,6
423833.0,0,0,0,122,6
423833.0,0,0,0,121,7
423846.0,0,0,0,121,7
423846.0,0,0,0,57,71
423853.0,0,0,0,58,70
423878.0,0,0,0,58,70
423910.0,0,0,0,58,70
423910.0,0,0,0,57,71
423920.0,0,0,0,58,70
423933.0,0,0,0,58,70
423960.0,0,0,0,122,6
423982.0,0,0,0,122,6
423982.0,0,0,0,58,70
423992.0,0,0,0,58,70
423992.0,0,0,0,26,102
423996.0,0,0,0,26,102
424050.0,0,0,0,26,102
424099.0,0,0,0,90,38
424115.0,0,0,0,90,38
424115.0,0,0,0,26,102
424120.0,0,0,0,26,102
424186.0,0,0,0,26,102
424226.0,0,0,0,90,38
424235.0,0,0,0,90,38
424239.0,0,0,0,90,38
424239.0,0,0,0,26,102
424282.0,0,0,0,26,102
424325.0,0,0,0,26,102
424350.0,0,0,0,90,38
424369.0,0,0,0,90,38
424369.0,0,0,0,26,102
424377.0,0,0,0,26,102
424424.0,0,0,0,26,102
424424.0,0,0,0,25,103
424439.0,0,0,0,26,102
424475.0,0,0,0,90,38
424493.0,0,0,0,90,38
424493.0,0,0,0,26,102
424560.0,0,0,0,26,102
424577.0,0,0,0,58,70
424580.0,0,0,0,58,70
424580.0,0,0,0,57,71
424581.0,0,0,0,57,71
424581.0,0,0,0,56,72
424596.0,0,0,0,57,71
424605.0,0,0,0,57,71
424605.0,0,0,0,25,103
424624.0,0,0,0,26,102
424626.0,0,0,0,90,38
424649.0,0,0,0,90,38
424649.0,0,0,0,82,46
424668.0,0,0,0,82,46
424668.0,0,0,0,18,110
424699.0,0,0,0,18,110
424700.0,0,0,0,18,110
424700.0,0,0,0,17,111
424722.0,0,0,0,18,110
424762.0,0,0,0,50,78
424764.0,0,0,0,58,70
424779.0,0,0,0,58,70
424779.0,0,0,0,26,102
424798.0,0,0,0,90,38
424813.0,0,0,0,90,38
424813.0,0,0,0,26,102
424826.0,0,0,0,26,102
424936.0,0,0,0,90,38
424950.0,0,0,0,90,38
424956.0,0,0,0,90,38
424956.0,0,0,0,26,102
425071.0,0,0,0,90,38
425075.0,0,0,0,90,38
425104.0,0,0,0,90,38
425104.0,0,0,0,26,102
425177.0,0,0,0,26,102
425215.0,0,0,0,90,38
425226.0,0,0,0,90,38
425228.0,0,0,0,90,38
425228.0,0,0,0,26,102
425333.0,0,0,0,90,38
425354.0,0,0,0,90,38
425354.0,0,0,0,26,102
425362.0,0,0,0,26,102
425398.0,0,0,0,26,102
425461.0,0,0,0,90,38
425483.0,0,0,0,90,38
425483.0,0,0,0,26,102
425536.0,0,0,0,26,102
425589.0,0,0,0,90,38
425671.0,0,0,0,90,38
425791.0,0,0,0,122,6
425811.0,0,0,0,122,6
425811.0,0,0,0,121,7
425815.0,0,0,0,121,7
425820.0,0,0,0,122,6
425824.0,0,0,0,122,6
425824.0,0,0,0,121,7
425840.0,0,0,0,122,6
425907.0,0,0,0,122,6
425907.0,0,0,0,90,38
425933.0,0,0,0,90,38
425936.0,0,0,0,90,38
425936.0,0,0,0,58,70
426061.0,0,0,0,58,70
426173.0,0,0,0,90,38
426189.0,0,0,0,90,38
426189.0,0,0,24,66,38
426391.0,0,0,24,66,38
426391.0,0,0,56,34,38
426403.0,0,0,56,38,34
426404.0,0,0,56,40,32
426405.0,0,0,56,40,32
426405.0,0,0,56,36,36
426420.0,0,0,56,36,36
426433.0,0,0,56,36,36
426433.0,0,0,56,34,38
426773.0,0,0,56,34,38
426773.0,0,0,84,6,38
426960.0,0,0,84,38,6
426962.0,0,0,84,38,6
426962.0,0,0,84,37,7
426979.0,0,0,84,38,6
427003.0,0,0,84,38,6
427003.0,0,0,87,35,6
427004.0,0,0,87,35,6
427004.0,0,0,89,33,6
427122.0,0,0,89,33,6
427122.0,0,0,89,32,7
427132.0,0,0,89,33,6
427176.0,0,0,89,33,6
427176.0,0,0,89,1,38
427321.0,0,0,89,1,38
427398.0,0,0,89,1,38
427463.0,0,0,89,1,38
427463.0,0,0,89,0,39
427467.0,0,0,89,0,39
427506.0,0,0,89,1,38
427520.0,0,0,89,1,38
427520.0,0,0,89,0,39
427538.0,0,0,89,1,38
427540.0,0,0,89,5,34
427540.0,0,0,89,1,38
427541.0,0,0,89,3,36
427544.0,0,0,89,3,36
427560.0,0,0,89,3,36
427565.0,0,0,89,3,36
427565.0,0,0,89,1,38
427616.0,0,0,89,5,34
427616.0,0,0,89,1,38
427634.0,0,0,89,1,38
427722.0,0,0,89,1,38
427732.0,0,0,89,1,38
427791.0,0,0,89,1,38
427946.0,0,0,89,1,38
427989.0,24,0,65,1,38
427989.0,0,24,65,1,38
427991.0,0,24,65,1,38
428033.0,0,24,65,1,38
428106.0,0,24,65,1,38
428109.0,0,24,65,1,38
428138.0,0,24,65,1,38
428140.0,0,24,65,1,38
428141.0,0,24,65,1,38
428191.0,32,24,33,1,38
428191.0,0,56,33,1,38
428215.0,0,56,33,1,38
428216.0,0,56,33,1,38
428216.0,0,56,34,0,38
428253.0,0,56,34,32,6
428253.0,0,56,34,0,38
428258.0,0,56,34,0,38
428260.0,0,56,34,0,38
428263.0,0,56,34,32,6
428263.0,0,56,34,0,38
428321.0,0,56,34,16,22
428321.0,0,56,34,0,38
428332.0,0,56,34,16,22
428332.0,0,56,34,14,24
428348.0,0,56,34,15,23
428363.0,0,56,34,16,22
428367.0,0,56,34,16,22
428398.0,0,56,34,32,6
428398.0,0,56,34,0,38
428479.0,0,56,34,0,38
428513.0,0,56,34,0,38
428529.0,0,56,34,2,36
428573.0,28,56,6,2,36
428598.0,28,56,6,6,32
428598.0,0,84,6,6,32
428713.0,0,84,6,6,32
428803.0,3,84,3,6,32
428804.0,5,84,1,6,32
428849.0,5,84,1,6,32
428932.0,5,84,1,6,32
429125.0,5,84,1,6,32
429126.0,5,84,1,38,0
429126.0,5,84,1,14,24
429129.0,5,84,1,14,24
429189.0,5,84,1,30,8
429189.0,5,84,1,14,24
429198.0,5,84,1,14,24
429202.0,5,84,1,22,16
429245.0,5,84,1,38,0
429245.0,5,84,1,6,32
429605.0,5,84,1,6,32
429605.0,5,84,1,5,33
429622.0,5,84,1,6,32
429668.0,5,84,1,6,32
429668.0,5,84,1,5,33
429677.0,5,84,1,6,32
429723.0,5,84,1,38,0
429726.0,5,84,1,38,0
429789.0,5,84,1,38,0
429808.0,5,84,1,38,0
429808.0,5,84,1,34,4
429829.0,5,84,1,34,4
429829.0,5,84,1,32,6
429836.0,5,84,1,36,2
429845.0,5,84,1,36,2
429850.0,5,84,1,38,0
430016.0,6,84,0,38,0
430222.0,6,84,0,38,0
430248.0,6,84,0,38,0
430248.0,6,84,0,6,32
430273.0,6,84,0,6,32
430273.0,0,90,0,6,32
430323.0,0,90,0,6,32
430380.0,0,90,0,6,32
430450.0,0,90,0,6,32
430478.0,0,90,0,38,0
430478.0,0,90,0,22,16
430553.0,0,90,0,22,16
430553.0,0,90,0,6,32
430592.0,0,90,0,6,32
430631.0,0,90,0,22,16
430689.0,0,66,0,46,16
430689.0,0,66,0,22,40
430756.0,0,66,0,30,32
430771.0,0,66,0,46,16
430771.0,0,66,0,14,48
430796.0,0,66,0,14,48
430799.0,0,66,0,30,32
430799.0,0,66,0,14,48
430821.0,0,66,0,30,32
430845.0,0,66,0,30,32
430845.0,0,66,0,29,33
430857.0,0,66,0,29,33
430857.0,0,66,0,25,37
430891.0,0,34,0,57,37
430891.0,0,34,0,23,71
430936.0,0,34,0,27,67
430958.0,0,34,0,35,59
430959.0,0,34,0,51,43
430965.0,0,34,0,51,43
430965.0,0,34,0,35,59
430975.0,0,34,0,39,55
431005.0,0,34,0,40,54
431039.0,0,34,0,56,38
431078.0,0,34,0,56,38
431212.0,0,34,0,56,38
431212.0,0,34,0,40,54
431231.0,0,34,0,40,54
431268.0,0,34,0,56,38
431298.0,0,6,0,84,38
431298.0,0,6,0,52,70
431347.0,0,6,0,52,70
431347.0,0,6,0,36,86
431371.0,0,6,0,36,86
431399.0,0,6,0,36,86
431407.0,0,6,0,68,54
431415.0,0,6,0,84,38
431421.0,0,6,0,84,38
431537.0,0,6,0,116,6
431559.0,0,6,0,116,6
431575.0,0,6,0,116,6
431575.0,0,6,1,115,6
431605.0,0,6,1,115,6
431605.0,0,6,2,114,6
431639.0,0,6,2,114,6
431639.0,0,6,18,98,6
431746.0,0,6,18,98,6
431746.0,0,6,18,97,7
431863.0,0,6,18,101,3
431865.0,0,6,18,103,1
431868.0,0,6,18,103,1
431868.0,0,6,33,88,1
431892.0,0,6,33,89,0
432007.0,0,6,33,89,0
432007.0,0,6,65,57,0
432015.0,0,6,65,57,0
432015.0,0,6,81,41,0
432137.0,0,6,81,41,0
432137.0,0,6,113,9,0
432163.0,0,6,113,9,0
432163.0,0,6,113,8,1
432245.0,0,6,113,9,0
432399.0,0,6,113,9,0
432399.0,0,6,113,8,1
432463.0,0,6,113,8,1
432463.0,0,6,115,6,1
432465.0,0,6,115,6,1
432465.0,0,6,117,4,1
432492.0,0,6,117,4,1
432492.0,0,6,118,3,1
432508.0,0,6,118,3,1
432573.0,0,6,118,4,0
432723.0,0,6,118,4,0
432845.0,0,6,118,4,0
432845.0,0,6,119,3,0
432866.0,0,6,119,3,0
432866.0,0,6,119,2,1
432973.0,0,0,119,8,1
432973.0,0,0,119,0,9
433124.0,0,0,119,0,9
433147.0,0,0,119,0,9
433173.0,0,0,119,0,9
433181.0,0,0,119,8,1
433181.0,0,0,119,2,7
433268.0,0,0,119,2,7
433268.0,0,0,119,1,8
433337.0,0,0,119,1,8
433337.0,0,0,119,0,9
433341.0,0,0,119,0,9
433360.0,0,0,119,1,8
433360.0,0,0,119,0,9
433374.0,0,0,119,1,8
433375.0,1,0,118,1,8
433405.0,2,0,117,1,8
433439.0,18,0,101,1,8
433439.0,2,16,101,1,8
433447.0,2,16,101,1,8
433668.0,17,16,86,1,8
433781.0,17,16,86,1,8
433807.0,49,16,54,1,8
433807.0,17,48,54,1,8
433815.0,33,48,38,1,8
433815.0,1,80,38,1,8
433937.0,33,80,6,1,8
433974.0,33,80,6,1,8
433974.0,33,80,7,0,8
433984.0,33,80,7,1,7
433985.0,33,80,7,1,7
433985.0,1,112,7,1,7
434072.0,1,112,7,1,7
434072.0,1,112,7,0,8
434126.0,1,112,7,1,7
434135.0,1,112,7,3,5
434156.0,1,112,7,7,1
434173.0,1,112,7,8,0
434263.0,3,112,5,8,0
434265.0,5,112,3,8,0
434292.0,6,112,2,8,0
434301.0,6,112,2,8,0
434301.0,6,112,2,4,4
434324.0,6,112,2,4,4
434324.0,6,112,2,2,6
434564.0,6,112,2,2,6
434564.0,6,112,2,1,7
434569.0,6,112,2,1,7
434569.0,6,112,2,0,8
434584.0,6,112,2,0,8
434593.0,6,112,2,1,7
434599.0,6,112,2,2,6
434645.0,7,112,1,2,6
434658.0,7,112,1,2,6
434726.0,7,112,1,2,6
434756.0,7,112,1,2,6
434773.0,7,112,1,2,6
434964.0,7,112,1,2,6
434964.0,6,113,1,2,6
435014.0,6,113,1,2,6
435014.0,5,114,1,2,6
435028.0,5,114,1,2,6
435028.0,4,115,1,2,6
435193.0,4,115,1,2,6
435193.0,4,115,2,1,6
435199.0,4,115,2,1,6
435199.0,4,115,3,0,6
435261.0,4,115,3,4,2
435263.0,4,115,3,6,0
435583.0,4,115,3,6,0
435631.0,4,115,3,6,0
435631.0,3,116,3,6,0
435695.0,3,116,3,6,0
435695.0,2,117,3,6,0
435718.0,2,117,3,6,0
435718.0,0,119,3,6,0
435739.0,0,119,3,6,0
435739.0,0,119,3,4,2
435743.0,0,119,3,6,0
435774.0,1,119,2,6,0
435774.0,0,120,2,6,0
435796.0,0,120,2,6,0
435800.0,0,120,2,6,0
435833.0,0,120,2,6,0
435849.0,0,120,2,6,0
435859.0,0,120,2,6,0
435861.0,0,120,2,6,0
435863.0,0,120,2,6,0
435887.0,0,120,2,6,0
435915.0,0,120,2,6,0
435928.0,0,120,2,6,0
435935.0,0,120,2,6,0
435940.0,0,120,2,6,0
435950.0,0,120,2,6,0
435982.0,0,120,2,6,0
435995.0,0,120,2,6,0
436064.0,0,120,2,6,0
436070.0,0,120,2,6,0
436139.0,0,104,2,22,0
436139.0,0,104,2,6,16
436199.0,0,104,2,22,0
436199.0,0,104,2,6,16
436202.0,0,104,2,10,12
436202.0,0,104,2,6,16
436205.0,0,104,2,10,12
436205.0,0,104,2,6,16
436225.0,0,104,2,10,12
436225.0,0,104,2,6,16
436229.0,0,104,2,10,12
436229.0,0,104,2,6,16
436232.0,0,104,2,10,12
436232.0,0,104,2,8,14
436235.0,0,104,2,10,12
436236.0,0,104,2,14,8
436236.0,0,104,2,6,16
436239.0,0,104,2,14,8
436239.0,0,104,2,6,16
436242.0,0,104,2,14,8
436242.0,0,104,2,6,16
436245.0,0,104,2,14,8
436265.0,0,104,2,14,8
436265.0,0,104,2,13,9
436268.0,0,104,2,14,8
436325.0,0,104,2,22,0
436325.0,0,104,2,6,16
436343.0,0,104,2,6,16
436507.0,0,72,2,38,16
436507.0,0,72,2,6,48
436515.0,0,40,2,38,48
436515.0,0,40,2,6,80
436560.0,0,40,2,22,64
436560.0,0,40,2,6,80
436563.0,0,40,2,22,64
436685.0,0,8,2,54,64
436685.0,0,8,2,22,96
436799.0,0,8,2,22,96
436802.0,0,8,2,22,96
436805.0,0,8,2,22,96
436825.0,0,8,2,22,96
436829.0,0,8,2,22,96
436832.0,0,8,2,22,96
436836.0,0,8,2,22,96
436839.0,0,8,2,22,96
436842.0,0,8,2,22,96
436845.0,0,8,2,22,96
436925.0,0,8,2,22,96
436973.0,0,8,2,54,64
436973.0,0,8,2,22,96
436993.0,1,8,1,22,96
436999.0,2,8,0,22,96
437008.0,2,8,0,54,64
437008.0,2,8,0,22,96
437160.0,2,8,0,22,96
437246.0,2,8,0,54,64
437246.0,2,8,0,22,96
437249.0,2,8,0,54,64
437249.0,2,8,0,22,96
437252.0,2,8,0,54,64
437271.0,2,8,0,86,32
437573.0,2,8,0,86,32
437608.0,2,8,0,86,32
437664.0,2,7,0,87,32
437664.0,2,7,0,86,33
437685.0,2,7,0,87,32
437714.0,2,6,0,88,32
437714.0,2,6,0,87,33
437721.0,2,6,0,88,32
437728.0,2,5,0,89,32
437728.0,2,5,0,88,33
437846.0,2,5,0,88,33
437849.0,2,5,0,88,33
437849.0,2,5,17,71,33
437852.0,2,5,17,72,32
437852.0,2,5,49,40,32
437871.0,2,5,49,40,32
437871.0,2,5,81,8,32
438103.0,2,5,81,8,32
438103.0,0,7,81,8,32
438132.0,0,7,81,8,32
438135.0,0,7,81,8,32
438162.0,0,7,81,8,32
438182.0,0,7,81,8,32
438241.0,0,7,81,8,32
438254.0,0,7,81,8,32
438285.0,0,7,81,8,32
438299.0,0,7,81,8,32
438331.0,0,6,81,9,32
438331.0,0,6,81,8,33
438377.0,0,6,81,40,1
438377.0,0,6,81,20,21
438380.0,0,6,81,21,20
438390.0,0,6,81,21,20
438395.0,0,5,81,22,20
438395.0,0,5,81,21,21
438402.0,0,5,81,23,19
438406.0,0,5,81,27,15
438413.0,0,5,81,28,14
438418.0,0,3,81,30,14
438418.0,0,3,81,26,18
438420.0,0,3,81,28,16
438433.0,0,3,81,32,12
438436.0,0,3,81,36,8
438443.0,0,3,81,40,4
438450.0,0,3,81,40,4
438450.0,0,3,81,8,36
438452.0,0,3,81,8,36
438474.0,0,2,81,9,36
438474.0,0,2,81,5,40
438489.0,0,2,81,9,36
438490.0,0,2,81,9,36
438490.0,0,2,81,5,40
438500.0,0,2,81,9,36
438512.0,0,2,81,9,36
438540.0,0,2,81,9,36
438750.0,0,2,81,41,4
438750.0,0,2,81,33,12
438836.0,0,2,81,37,8
438977.0,0,2,81,37,8
438992.0,0,2,81,45,0
439002.0,0,2,81,45,0
439002.0,0,2,82,44,0
439002.0,0,2,82,38,6
439036.0,0,2,82,38,6
439343.0,0,2,82,38,6
439350.0,0,2,82,38,6
439350.0,0,2,106,14,6
439436.0,0,2,106,14,6
439436.0,0,2,110,10,6
439444.0,0,2,110,10,6
439444.0,0,2,110,8,8
439459.0,0,2,110,9,7
439486.0,0,2,110,9,7
439592.0,0,2,110,9,7
439592.0,0,2,116,3,7
439649.0,17,2,99,3,7
439652.0,49,2,67,3,7
439671.0,81,2,35,3,7
439671.0,13,70,35,3,7
439705.0,13,70,35,4,6
439829.0,13,70,35,4,6
439829.0,13,70,35,3,7
439893.0,13,70,35,3,7
439923.0,13,70,35,3,7
439959.0,13,70,35,4,6
440059.0,13,70,35,4,6
440295.0,13,70,35,4,6
440295.0,12,71,35,4,6
440305.0,12,71,35,4,6
440305.0,12,71,36,3,6
440516.0,12,71,36,3,6
440516.0,11,72,36,3,6
440517.0,11,72,36,3,6
440517.0,10,73,36,3,6
440559.0,10,73,36,3,6
440559.0,10,73,37,2,6
440579.0,10,73,37,2,6
440718.0,10,73,37,2,6
440802.0,11,73,36,2,6
440803.0,11,71,36,4,6
440803.0,11,71,36,0,10
440858.0,11,71,36,4,6
440858.0,10,72,36,4,6
440884.0,10,72,36,4,6
440884.0,8,74,36,4,6
440951.0,8,74,36,4,6
440951.0,8,74,36,3,7
440993.0,8,74,36,3,7
441110.0,8,74,36,4,6
441150.0,32,74,12,4,6
441150.0,0,106,12,4,6
441187.0,0,106,12,4,6
441187.0,0,106,12,3,7
441236.0,4,106,8,3,7
441342.0,4,106,8,4,6
441392.0,10,106,2,4,6
441392.0,2,114,2,4,6
441458.0,2,114,2,4,6
441684.0,2,114,2,4,6
441710.0,2,114,2,4,6
441710.0,2,114,3,3,6
441942.0,2,114,3,3,6
441942.0,2,114,4,2,6
442105.0,3,114,3,2,6
442199.0,3,114,3,2,6
442344.0,3,114,3,2,6
442359.0,4,114,2,2,6
442371.0,4,46,2,70,6
442371.0,4,46,2,2,74
442661.0,4,46,2,6,70
442661.0,3,47,2,6,70
442705.0,3,47,2,6,70
442705.0,2,48,2,6,70
442711.0,2,48,2,6,70
442711.0,1,49,2,6,70
442814.0,1,49,2,6,70
442914.0,1,49,2,6,70
442995.0,1,48,2,7,70
442995.0,1,48,2,6,71
443002.0,1,48,2,6,71
443002.0,0,49,2,6,71
443122.0,0,49,2,7,70
443216.0,0,48,2,8,70
443216.0,0,48,2,7,71
443217.0,0,47,2,8,71
443217.0,0,47,2,7,72
443232.0,0,47,2,8,71
443237.0,0,47,2,8,71
443237.0,0,47,2,7,72
443261.0,0,47,2,7,72
443261.0,0,47,5,4,72
443308.0,0,47,5,5,71
443311.0,0,47,5,5,71
443357.0,0,47,5,5,71
443429.0,0,47,5,6,70
443429.0,0,47,5,2,74
443431.0,0,47,5,6,70
443510.0,1,47,4,6,70
443558.0,1,46,4,7,70
443558.0,1,46,4,6,71
443581.0,1,46,4,7,70
443584.0,1,44,4,9,70
443584.0,1,44,4,5,74
443650.0,1,44,4,9,70
443650.0,0,45,4,9,70
443654.0,0,45,4,9,70
443709.0,0,45,4,9,70
443709.0,0,45,4,8,71
443710.0,0,45,4,8,71
443710.0,0,45,4,7,72
443722.0,0,45,4,7,72
443724.0,0,45,4,8,71
443732.0,0,45,4,9,70
443742.0,1,45,3,9,70
443787.0,1,45,3,9,70
443850.0,1,13,3,41,70
443850.0,1,13,3,9,102
443872.0,1,13,3,9,102
444008.0,1,13,3,9,102
444008.0,0,14,3,9,102
444031.0,0,14,3,9,102
444092.0,0,6,3,17,102
444092.0,0,6,3,9,110
444250.0,0,6,3,9,110
444297.0,0,6,3,9,110
444297.0,0,6,3,8,111
444307.0,0,6,3,8,111
444307.0,0,6,3,7,112
444313.0,0,6,3,8,111
444316.0,0,6,3,9,110
444324.0,0,6,3,9,110
444332.0,0,6,3,9,110
444416.0,0,6,3,9,110
444597.0,0,6,3,9,110
444703.0,0,6,3,9,110
444721.0,0,6,3,73,46
444721.0,0,6,3,9,110
444890.0,0,6,3,9,110
444913.0,0,6,3,9,110
444932.0,0,6,3,9,110
445061.0,3,6,0,9,110
445130.0,3,6,0,9,110
445203.0,3,6,0,9,110
445321.0,3,6,0,9,110
445321.0,3,6,2,7,110
445361.0,3,5,2,8,110
445361.0,3,5,2,7,111
445386.0,3,5,2,7,111
445405.0,3,4,2,8,111
445405.0,3,4,2,7,112
445411.0,3,3,2,8,112
445411.0,3,3,2,7,113
445433.0,3,3,2,7,113
445436.0,3,3,2,8,112
445439.0,3,3,2,9,111
445465.0,3,3,2,9,111
445478.0,3,3,2,10,110
445683.0,3,3,2,10,110
445702.0,3,2,2,11,110
445702.0,3,2,2,10,111
445706.0,3,2,2,10,111
445870.0,3,2,2,11,110
446036.0,3,2,2,11,110
446036.0,3,2,3,10,110
446039.0,3,2,3,10,110
446039.0,3,2,4,9,110
446061.0,3,2,4,9,110
446078.0,3,2,4,9,110
446078.0,3,2,5,8,110
446086.0,3,2,5,8,110
446088.0,3,2,5,10,108
446093.0,3,2,5,10,108
446116.0,3,2,5,14,104
446116.0,0,5,5,14,104
446122.0,0,5,5,14,104
446193.0,0,5,5,14,104
446196.0,0,5,5,14,104
446224.0,0,5,5,14,104
446307.0,0,5,5,14,104
446343.0,0,5,5,14,104
446350.0,0,4,5,15,104
446350.0,0,4,5,7,112
446367.0,0,4,5,7,112
446369.0,0,4,5,7,112
446470.0,0,4,5,7,112
446470.0,0,4,5,5,114
446708.0,0,3,5,6,114
446708.0,0,3,5,5,115
446709.0,0,3,5,13,107
446709.0,0,3,5,5,115
446710.0,0,3,5,69,51
446710.0,0,3,5,5,115
446716.0,0,3,5,5,115
446748.0,0,3,5,6,114
446748.0,0,3,5,5,115
446760.0,0,3,5,5,115
446772.0,0,3,5,6,114
446772.0,0,3,5,5,115
446791.0,0,3,5,6,114
446821.0,0,3,5,8,112
446824.0,0,3,5,8,112
446827.0,0,3,5,8,112
446863.0,0,3,5,8,112
446889.0,0,3,5,8,112
446903.0,0,3,5,16,104
446903.0,0,3,5,5,115
446911.0,0,3,5,5,115
446964.0,0,3,5,6,114
447029.0,0,3,5,6,114
447075.0,0,3,5,8,112
447075.0,0,3,5,6,114
447112.0,0,3,5,14,106
447112.0,0,3,5,6,114
447121.0,2,3,3,6,114
447126.0,2,3,3,70,50
447126.0,2,3,3,6,114
447145.0,2,3,3,6,114
447145.0,1,4,3,6,114
447147.0,1,4,3,6,114
447147.0,0,5,3,6,114
447186.0,0,5,3,6,114
447293.0,0,5,3,14,106
447293.0,0,5,3,6,114
447307.0,0,5,3,6,114
447391.0,0,5,3,6,114
447485.0,0,5,3,6,114
447520.0,0,5,3,38,82
447520.0,0,5,3,6,114
447524.0,0,5,3,6,114
447548.0,0,5,3,6,114
447553.0,0,5,3,6,114
447558.0,0,5,3,14,106
447558.0,0,5,3,6,114
447560.0,0,5,3,8,112
447563.0,0,5,3,12,108
447563.0,0,5,3,10,110
447564.0,0,5,3,10,110
447566.0,0,5,3,14,106
447566.0,0,5,3,6,114
447580.0,0,5,3,10,110
447584.0,0,5,3,14,106
447595.0,0,5,3,18,102
447601.0,0,5,3,26,94
447601.0,0,5,3,10,110
447612.0,0,5,3,10,110
447618.0,0,5,3,26,94
447626.0,0,5,3,34,86
447634.0,0,5,3,66,54
447665.0,0,5,3,66,54
447672.0,0,5,3,74,46
447672.0,0,5,3,10,110
447675.0,0,5,3,10,110
447712.0,0,5,3,10,110
447717.0,0,5,3,10,110
447726.0,0,5,3,10,110
447751.0,0,5,3,10,110
447836.0,1,5,2,10,110
447839.0,2,5,1,10,110
447878.0,3,5,0,10,110
447878.0,0,8,0,10,110
447893.0,0,8,0,10,110
447931.0,0,8,0,10,110
447991.0,0,8,0,10,110
448086.0,0,8,0,10,110
448109.0,0,8,0,12,108
448109.0,0,8,0,10,110
448120.0,0,8,0,10,110
448158.0,0,8,0,10,110
448163.0,0,8,0,10,110
448176.0,0,8,0,10,110
448272.0,0,8,0,10,110
448338.0,0,8,0,14,106
448338.0,0,8,0,10,110
448354.0,0,8,0,10,110
448369.0,0,8,0,10,110
448471.0,0,8,0,10,110
448502.0,0,8,0,10,110
448544.0,0,8,0,74,46
448544.0,0,8,0,10,110
448586.0,0,8,0,10,110
448588.0,0,8,0,10,110
448609.0,0,8,0,10,110
448628.0,0,8,0,10,110
448713.0,0,8,0,14,106
448713.0,0,8,0,13,107
448716.0,0,8,0,13,107
448757.0,0,8,0,13,107
448816.0,0,5,0,16,107
448816.0,0,5,0,8,115
448825.0,0,5,0,9,114
448825.0,0,5,0,8,115
448830.0,0,5,0,8,115
448878.0,0,5,0,9,114
448878.0,0,5,0,8,115
448890.0,0,5,0,8,115
448893.0,0,5,0,9,114
448893.0,0,5,0,8,115
448914.0,0,5,0,9,114
448914.0,0,5,0,8,115
448918.0,0,5,0,8,115
448955.0,0,5,0,9,114
448955.0,0,5,0,8,115
448979.0,0,5,0,9,114
449031.0,0,5,0,9,114
449101.0,0,5,0,17,106
449101.0,0,5,0,5,118
449112.0,0,5,0,5,118
449135.0,0,5,0,7,116
449135.0,0,5,0,5,118
449147.0,0,5,0,5,118
449175.0,0,5,0,5,118
449188.0,0,5,0,5,118
449243.0,0,5,0,13,110
449243.0,0,5,0,5,118
449254.0,0,5,0,7,116
449254.0,0,5,0,5,118
449303.0,0,5,0,5,118
449309.0,0,5,0,9,114
449309.0,0,5,0,5,118
449313.0,0,5,0,5,118
449340.0,0,5,0,69,54
449340.0,0,5,0,5,118
449347.0,0,5,0,6,117
449347.0,0,5,0,5,118
449355.0,0,5,0,6,117
449362.0,0,5,0,7,116
449370.0,0,5,0,9,114
449370.0,0,5,0,5,118
449401.0,0,5,0,5,118
449403.0,0,5,0,9,114
449403.0,0,5,0,5,118
449422.0,0,5,0,9,114
449427.0,0,5,0,13,110
449427.0,0,5,0,5,118
449438.0,0,5,0,9,114
449508.0,0,5,0,17,106
449508.0,0,5,0,9,114
449632.0,0,5,0,17,106
449723.0,0,5,0,21,102
449723.0,0,5,0,5,118
449828.0,0,5,0,37,86
449835.0,0,5,0,53,70
449839.0,0,5,0,69,54
449839.0,0,5,0,5,118
449845.0,0,4,0,6,118
449845.0,0,4,0,5,119
449847.0,0,3,0,6,119
449847.0,0,3,0,5,120
449873.0,0,3,0,6,119
449883.0,0,3,0,7,118
449912.0,0,3,0,11,114
449955.0,0,3,0,11,114
450022.0,0,3,0,11,114
450038.0,0,3,0,11,114
450041.0,0,3,0,19,106
450041.0,0,3,0,7,118
450428.0,0,3,0,7,118
450448.0,0,3,0,7,118
450473.0,0,3,0,7,118
450568.0,0,3,0,15,110
450568.0,0,3,0,11,114
450578.0,0,0,0,14,114
450578.0,0,0,0,6,122
450605.0,0,0,0,70,58
450605.0,0,0,0,6,122
450641.0,0,0,0,6,122
450698.0,0,0,0,14,114
450865.0,0,0,0,78,50
450865.0,0,0,0,62,66
450892.0,0,0,0,78,50
450892.0,0,0,0,14,114
451091.0,0,0,0,18,110
451091.0,0,0,0,2,126
451168.0,0,0,0,2,126
451170.0,0,0,0,18,110
451170.0,0,0,0,2,126
451205.0,0,0,0,2,126
451282.0,0,0,0,2,126
451342.0,0,0,0,18,110
451342.0,0,0,0,2,126
451401.0,0,0,0,66,62
451401.0,0,0,0,2,126
451465.0,0,0,0,2,126
451492.0,0,0,0,2,126
451570.0,0,0,0,34,94
451570.0,0,0,0,2,126
451691.0,0,0,0,2,126
451770.0,0,0,0,2,126
451808.0,0,0,0,34,94
451808.0,0,0,0,2,126
451858.0,0,0,0,4,124
451942.0,0,0,0,4,124
452001.0,0,0,0,36,92
452001.0,0,0,0,4,124
452059.0,0,0,0,36,92
452059.0,0,0,0,4,124
452170.0,0,0,0,4,124
452224.0,0,0,0,36,92
452224.0,0,0,0,4,124
452341.0,0,0,0,4,124
452341.0,0,0,0,3,125
452356.0,0,0,0,35,93
452356.0,0,0,0,3,125
452360.0,0,0,0,4,124
452408.0,0,0,0,4,124
452580.0,0,0,0,36,92
452580.0,0,0,0,4,124
452601.0,0,0,0,4,124
452659.0,0,0,0,4,124
452695.0,0,0,0,4,124
452695.0,0,0,0,3,125
452696.0,0,0,0,3,125
452696.0,0,0,0,2,126
452707.0,0,0,0,3,125
452718.0,0,0,0,4,124
452824.0,0,0,0,4,124
452835.0,0,0,0,4,124
452956.0,0,0,0,4,124
453097.0,0,0,0,8,120
453180.0,0,0,0,8,120
453180.0,0,0,2,6,120
453307.0,0,0,2,6,120
453307.0,0,0,3,5,120
453318.0,0,0,3,5,120
453318.0,0,0,4,4,120
453454.0,0,0,4,4,120
453697.0,0,0,4,4,120
453697.0,0,0,8,0,120
453988.0,0,0,8,32,88
453988.0,0,0,8,0,120
454315.0,0,0,8,32,88
454315.0,0,0,8,0,120
454776.0,0,0,8,0,120
454980.0,2,0,6,0,120
454980.0,1,1,6,0,120
455107.0,2,1,5,0,120
455118.0,3,1,4,0,120
455497.0,7,1,0,0,120
455636.0,7,1,0,32,88
455961.0,7,1,0,32,88
455961.0,7,1,0,0,120
456009.0,7,1,0,32,88
456038.0,7,1,0,32,88
456038.0,7,1,0,0,120
456180.0,7,1,0,32,88
456236.0,7,1,0,32,88
456609.0,7,1,0,32,88
456643.0,7,1,0,32,88
456643.0,7,1,0,31,89
456691.0,7,1,0,32,88
456743.0,7,1,0,32,88
456743.0,7,1,0,16,104
456780.0,7,1,0,16,104
456780.0,7,1,15,1,104
456822.0,7,1,15,1,104
456822.0,7,1,15,0,105
456842.0,7,1,15,1,104
456929.0,7,1,15,17,88
457291.0,7,1,15,17,88
457442.0,7,1,15,17,88
457442.0,7,1,16,16,88
457529.0,7,1,16,16,88
457529.0,7,1,32,0,88
457635.0,7,1,32,0,88
457635.0,6,2,32,0,88
457680.0,6,1,32,1,88
457680.0,6,1,32,0,89
457698.0,6,1,32,1,88
457751.0,6,1,32,1,88
457751.0,6,1,32,0,89
457856.0,6,1,32,1,88
458012.0,6,1,32,1,88
458012.0,4,3,32,1,88
458298.0,4,3,32,1,88
458456.0,4,3,32,1,88
458456.0,4,3,33,0,88
458580.0,19,3,18,0,88
458628.0,19,3,18,0,88
459242.0,20,3,17,0,88
459329.0,36,3,1,0,88
459329.0,4,35,1,0,88
460256.0,5,35,0,0,88
460265.0,5,35,0,8,80
460335.0,5,34,0,9,80
460335.0,5,34,0,8,81
460392.0,5,34,0,40,49
460427.0,5,34,0,41,48
460712.0,5,32,0,43,48
460712.0,5,32,0,41,50
460803.0,5,32,0,43,48
460865.0,5,32,0,43,48
460865.0,5,32,8,35,48
460992.0,5,32,8,35,48
460992.0,5,32,40,3,48
461027.0,5,32,40,3,48
461027.0,5,32,41,2,48
461403.0,5,32,41,2,48
461403.0,5,32,43,0,48
462029.0,5,0,43,32,48
462029.0,5,0,43,0,80
462245.0,5,0,43,32,48
462508.0,5,0,43,48,32
462665.0,13,0,35,48,32
462792.0,45,0,3,48,32
462827.0,46,0,2,48,32
462845.0,46,0,2,48,32
462845.0,46,0,34,16,32
463101.0,46,0,34,48,0
463108.0,46,0,34,48,0
463108.0,46,0,50,32,0
463203.0,48,0,48,32,0
463701.0,48,0,48,32,0
463701.0,48,0,80,0,0
464645.0,80,0,48,0,0
464908.0,96,0,32,0,0
465501.0,128,0,0,0,0
467042.0,128,0,0,0,0
467042.0,64,64,0,0,0
467927.0,64,64,0,0,0
467927.0,60,68,0,0,0
467949.0,60,68,0,0,0
467949.0,58,70,0,0,0
469742.0,58,6,0,64,0
469742.0,58,6,0,0,64
470041.0,58,6,0,0,64
470041.0,54,10,0,0,64
470062.0,54,10,0,0,64
470062.0,52,12,0,0,64
470627.0,52,8,0,4,64
470627.0,52,8,0,0,68
470649.0,52,6,0,2,68
470649.0,52,6,0,0,70
471669.0,52,6,0,0,70
471765.0,52,6,0,0,70
472664.0,52,6,0,4,66
472666.0,52,6,0,6,64
472741.0,52,2,0,10,64
472741.0,52,2,0,6,68
472762.0,52,0,0,8,68
472762.0,52,0,0,6,70
473264.0,52,0,0,6,70
473264.0,52,0,4,2,70
473266.0,52,0,4,2,70
473266.0,52,0,6,0,70
474357.0,52,0,6,64,6
474363.0,52,0,6,66,4
474366.0,52,0,6,70,0
474957.0,52,0,6,70,0
474957.0,52,0,70,6,0
474963.0,52,0,70,6,0
474963.0,52,0,72,4,0
474966.0,52,0,72,4,0
474966.0,52,0,76,0,0
475064.0,56,0,72,0,0
475066.0,58,0,70,0,0
476757.0,122,0,6,0,0
476763.0,124,0,4,0,0
476766.0,128,0,0,0,0
476766.0,0,128,0,0,0
479466.0,0,0,0,128,0
479466.0,0,0,0,0,128
479552.0,0,0,0,128,0
479552.0,0,0,0,0,128
482706.0,0,0,0,0,128
490487.0,0,0,0,128,0
490487.0,0,0,0,64,64
491087.0,0,0,0,64,64
491087.0,0,0,64,0,64
492887.0,64,0,0,0,64
499301.0,64,0,0,0,64
499301.0,32,32,0,0,64
500168.0,32,32,0,0,64
500168.0,0,64,0,0,64
500720.0,0,64,0,0,64
500947.0,0,64,0,0,64
501071.0,0,64,0,0,64
501211.0,0,64,0,0,64
501295.0,0,64,0,0,64
501400.0,0,64,0,0,64
501411.0,0,64,0,64,0
501411.0,0,64,0,4,60
501455.0,0,64,0,8,56
501455.0,0,64,0,0,64
501473.0,0,64,0,8,56
501483.0,0,64,0,24,40
501489.0,0,64,0,56,8
501489.0,0,64,0,24,40
501507.0,0,64,0,32,32
501565.0,0,64,0,32,32
501565.0,0,64,0,0,64
501585.0,0,64,0,32,32
501601.0,0,64,0,64,0
501708.0,0,64,0,64,0
501708.0,0,64,0,32,32
501749.0,0,64,0,64,0
501965.0,0,64,0,64,0
501965.0,0,64,0,32,32
502001.0,0,32,0,64,32
502001.0,0,32,0,32,64
502011.0,0,32,0,32,64
502056.0,0,32,0,64,32
502073.0,0,32,0,64,32
502079.0,0,32,0,64,32
502079.0,0,32,0,32,64
502089.0,0,32,0,64,32
502185.0,0,32,0,64,32
502201.0,0,32,0,64,32
502349.0,0,32,0,64,32
502372.0,0,32,0,96,0
502547.0,0,32,0,96,0
502547.0,0,32,0,95,1
502587.0,0,32,0,96,0
502656.0,0,32,0,96,0
502656.0,0,32,31,65,0
502684.0,0,32,31,65,0
502684.0,0,32,31,33,32
502689.0,0,32,31,33,32
502690.0,0,32,31,65,0
502729.0,0,32,31,65,0
502729.0,0,32,31,33,32
502773.0,0,32,31,33,32
502773.0,0,32,31,32,33
502800.0,0,32,31,33,32
502868.0,0,0,31,65,32
502868.0,0,0,31,33,64
502872.0,0,0,31,65,32
502888.0,0,0,31,97,0
502972.0,0,0,31,97,0
503164.0,0,0,31,97,0
503164.0,0,0,31,65,32
503186.0,0,0,31,65,32
503186.0,0,0,31,57,40
503187.0,0,0,31,57,40
503274.0,0,0,31,57,40
503274.0,0,0,31,56,41
503278.0,0,0,31,57,40
503278.0,0,0,31,56,41
503290.0,0,0,31,56,41
503299.0,0,0,31,57,40
503337.0,0,0,31,57,40
503337.0,0,0,31,56,41
503357.0,0,0,31,57,40
503400.0,0,0,31,57,40
503417.0,0,0,31,57,40
503417.0,0,0,31,56,41
503441.0,0,0,31,57,40
503472.0,0,0,31,57,40
503472.0,0,0,52,36,40
503488.0,0,0,52,36,40
503488.0,0,0,84,4,40
503649.0,0,0,84,4,40
503789.0,0,0,84,4,40
503878.0,0,0,84,4,40
503878.0,0,0,85,3,40
503899.0,0,0,85,3,40
503899.0,0,0,86,2,40
503957.0,0,0,86,2,40
503957.0,0,0,87,1,40
504041.0,0,0,87,1,40
504041.0,0,0,88,0,40
504456.0,31,0,57,0,40
504637.0,31,0,57,0,40
504705.0,31,0,57,0,40
505076.0,31,0,57,0,40
505272.0,52,0,36,0,40
505288.0,84,0,4,0,40
505288.0,14,70,4,0,40
505499.0,14,70,4,0,40
505645.0,14,70,4,40,0
505645.0,14,70,4,16,24
505678.0,15,70,3,16,24
505699.0,16,70,2,16,24
505757.0,17,70,1,16,24
505841.0,18,70,0,16,24
505868.0,18,70,0,16,24
505868.0,0,88,0,16,24
505890.0,0,88,0,16,24
506051.0,0,88,0,32,8
506051.0,0,88,0,24,16
506110.0,0,88,0,32,8
506112.0,0,88,0,32,8
506112.0,0,88,0,16,24
506245.0,0,88,0,16,24
506248.0,0,88,0,16,24
506248.0,0,88,0,15,25
506249.0,0,88,0,15,25
506262.0,0,88,0,15,25
506301.0,0,88,0,16,24
506333.0,0,88,0,16,24
506333.0,0,88,0,14,26
506351.0,0,88,0,15,25
506362.0,0,88,0,16,24
506375.0,0,88,0,16,24
506501.0,0,88,0,24,16
506528.0,0,88,0,40,0
506573.0,0,88,0,40,0
506573.0,0,88,0,39,1
506591.0,0,88,0,40,0
506603.0,0,88,0,40,0
506603.0,0,88,0,32,8
506614.0,0,88,0,32,8
506651.0,0,88,0,32,8
506710.0,0,88,0,32,8
506726.0,0,88,0,32,8
506951.0,0,88,0,32,8
506951.0,0,88,1,31,8
506951.0,0,88,1,30,9
506962.0,0,88,1,30,9
506962.0,0,88,2,29,9
506996.0,0,88,2,30,8
507101.0,0,88,2,30,8
507101.0,0,88,4,28,8
507128.0,0,88,4,28,8
507128.0,0,88,17,15,8
507173.0,0,88,17,23,0
507554.0,0,88,17,23,0
507596.0,0,88,17,23,0
507596.0,0,88,18,22,0
507620.0,0,88,18,22,0
507756.0,0,88,18,22,0
507773.0,0,88,18,22,0
507773.0,0,88,26,14,0
507794.0,0,88,26,14,0
507988.0,0,18,26,84,0
507988.0,0,18,26,14,70
508011.0,0,18,26,15,69
508012.0,0,18,26,15,69
508060.0,0,18,26,19,65
508123.0,0,18,26,20,64
508159.0,0,18,26,20,64
508159.0,0,18,26,19,65
508173.0,0,18,26,20,64
508284.0,0,18,26,20,64
508324.0,0,18,26,20,64
508352.0,0,18,26,20,64
508522.0,0,18,26,20,64
508568.0,0,0,26,38,64
508568.0,0,0,26,6,96
508610.0,0,0,26,6,96
508610.0,0,0,26,5,97
508611.0,0,0,26,5,97
508611.0,0,0,27,4,97
508617.0,0,0,27,5,96
508620.0,0,0,27,5,96
508620.0,0,0,27,4,97
508632.0,0,0,27,5,96
508660.0,0,0,27,5,96
508660.0,0,0,30,2,96
508711.0,0,0,30,2,96
508716.0,0,0,30,2,96
508723.0,0,0,30,2,96
508723.0,0,0,31,1,96
508751.0,1,0,30,1,96
508762.0,2,0,29,1,96
508885.0,2,0,29,1,96
508901.0,4,0,27,1,96
508928.0,17,0,14,1,96
509027.0,17,0,14,1,96
509040.0,17,0,14,33,64
509040.0,17,0,14,1,96
509154.0,17,0,14,1,96
509232.0,17,0,14,1,96
509269.0,17,0,14,1,96
509285.0,17,0,14,33,64
509285.0,17,0,14,1,96
509332.0,17,0,14,1,96
509339.0,17,0,14,1,96
509391.0,17,0,14,1,96
509396.0,18,0,13,1,96
509573.0,26,0,5,1,96
509580.0,26,0,5,1,96
509603.0,26,0,5,1,96
509640.0,26,0,5,1,96
509823.0,26,0,5,1,96
509884.0,26,0,5,33,64
509884.0,0,26,5,23,74
509885.0,0,26,5,23,74
509945.0,0,26,5,23,74
510134.0,0,26,5,23,74
510148.0,0,26,5,23,74
510148.0,0,26,5,22,75
510150.0,0,26,5,30,67
510150.0,0,26,5,22,75
510162.0,0,26,5,22,75
510172.0,0,26,5,23,74
510216.0,0,26,5,23,74
510216.0,0,26,5,22,75
510218.0,0,26,5,22,75
510237.0,0,26,5,23,74
510257.0,0,26,5,23,74
510291.0,0,26,5,23,74
510317.0,0,26,5,23,74
510317.0,0,26,5,22,75
510349.0,0,26,5,22,75
510350.0,0,26,5,30,67
510350.0,0,26,5,22,75
510372.0,0,26,5,22,75
510375.0,0,26,5,23,74
510375.0,0,26,5,22,75
510380.0,0,26,5,22,75
510411.0,1,26,4,22,75
510434.0,1,26,4,22,75
510444.0,1,26,4,23,74
510444.0,0,27,4,23,74
510459.0,0,27,4,23,74
510460.0,3,27,1,23,74
510484.0,3,27,1,23,74
510507.0,3,27,1,23,74
510523.0,4,27,0,23,74
510547.0,4,27,0,23,74
510582.0,4,27,0,87,10
510582.0,4,27,0,23,74
510591.0,4,27,0,23,74
510620.0,4,27,0,23,74
510652.0,4,27,0,23,74
510734.0,4,27,0,23,74
510751.0,4,27,0,27,70
510751.0,0,31,0,23,74
510756.0,0,31,0,23,74
510756.0,0,31,0,22,75
510772.0,0,31,0,22,75
510792.0,0,31,0,23,74
510795.0,0,31,0,23,74
510823.0,0,31,0,23,74
510823.0,0,31,0,22,75
510837.0,0,31,0,22,75
510848.0,0,31,0,23,74
510915.0,0,31,0,23,74
510952.0,0,31,0,23,74
511034.0,0,31,0,23,74
511035.0,0,31,0,27,70
511044.0,0,31,0,27,70
511140.0,0,31,0,31,66
511140.0,0,31,0,23,74
511144.0,0,31,0,23,74
511154.0,0,31,0,23,74
511182.0,0,31,0,23,74
511232.0,0,31,0,31,66
511232.0,0,31,0,23,74
511319.0,0,31,0,31,66
511319.0,0,31,0,23,74
511351.0,0,31,0,23,74
511392.0,0,31,0,23,74
511448.0,0,31,0,23,74
511561.0,0,31,0,23,74
511561.0,0,31,0,22,75
511740.0,0,31,0,22,75
511763.0,0,31,0,30,67
511797.0,0,31,0,30,67
511832.0,0,31,0,30,67
511860.0,0,31,0,30,67
511867.0,0,31,0,30,67
511881.0,0,31,0,31,66
511919.0,0,31,0,31,66
511943.0,0,31,0,31,66
512007.0,0,31,0,31,66
512011.0,0,31,0,95,2
512011.0,0,31,0,31,66
512059.0,0,31,0,33,64
512065.0,0,31,0,33,64
512113.0,0,31,0,33,64
512150.0,0,31,0,49,48
512152.0,0,31,0,49,48
512152.0,0,31,0,45,52
512160.0,0,31,0,45,52
512173.0,0,31,0,45,52
512173.0,0,31,0,43,54
512189.0,0,31,0,47,50
512202.0,0,31,0,49,48
512206.0,0,31,0,49,48
512252.0,0,31,0,49,48
512313.0,0,31,0,81,16
512313.0,0,31,0,49,48
512360.0,0,31,0,65,32
512363.0,0,31,0,65,32
512372.0,0,31,0,65,32
512491.0,0,31,0,65,32
512539.0,0,31,0,97,0
512539.0,0,31,0,33,64
512584.0,0,5,0,59,64
512584.0,0,5,0,11,112
512611.0,0,5,0,11,112
512616.0,0,5,0,43,80
512616.0,0,5,0,11,112
512665.0,0,5,0,75,48
512665.0,0,5,0,11,112
512725.0,0,5,0,11,112
512739.0,0,5,0,27,96
512739.0,0,5,0,11,112
512744.0,0,5,0,11,112
512744.0,0,5,0,10,113
512758.0,0,5,0,42,81
512758.0,0,5,0,10,113
512759.0,0,5,0,11,112
512779.0,0,5,0,43,80
512779.0,0,5,0,11,112
512837.0,0,5,0,11,112
512913.0,0,5,0,11,112
512939.0,0,5,0,43,80
512939.0,0,5,0,11,112
512948.0,0,5,0,11,112
512995.0,0,5,0,11,112
513112.0,0,5,0,11,112
513139.0,0,5,0,11,112
513144.0,0,4,0,12,112
513144.0,0,4,0,11,113
513190.0,0,4,0,12,112
513216.0,0,4,0,12,112
513240.0,0,4,0,28,96
513265.0,0,4,0,28,96
513337.0,0,4,0,60,64
513337.0,0,4,0,28,96
513339.0,0,4,0,28,96
513358.0,0,4,0,28,96
513379.0,0,4,0,28,96
513451.0,0,0,0,32,96
513451.0,0,0,0,28,100
513539.0,0,0,0,28,100
513660.0,0,0,0,28,100
513660.0,0,0,0,27,101
513668.0,0,0,0,28,100
513728.0,0,0,0,28,100
513804.0,0,0,0,28,100
513804.0,0,0,0,24,104
513831.0,0,0,0,24,104
513831.0,0,0,0,22,106
513937.0,0,0,0,22,106
513937.0,0,0,21,1,106
514051.0,0,0,21,1,106
514100.0,0,0,21,65,42
514100.0,0,0,21,1,106
514138.0,0,0,21,1,106
514245.0,0,0,21,65,42
514245.0,0,0,21,1,106
514268.0,0,0,21,1,106
514358.0,0,0,21,65,42
514358.0,0,0,21,1,106
514381.0,0,0,21,1,106
514465.0,0,0,21,65,42
514465.0,0,0,21,1,106
514570.0,0,0,21,65,42
514570.0,0,0,21,1,106
514614.0,0,0,21,65,42
514614.0,0,0,21,1,106
514671.0,0,0,21,65,42
514671.0,0,0,21,1,106
514700.0,0,0,21,1,106
514725.0,0,0,21,1,106
514738.0,0,0,21,65,42
514738.0,0,0,21,1,106
514741.0,0,0,21,1,106
514805.0,0,0,21,65,42
514805.0,0,0,21,1,106
514841.0,0,0,21,65,42
514841.0,0,0,21,1,106
514845.0,0,0,21,1,106
514872.0,0,0,21,65,42
514872.0,0,0,21,1,106
514902.0,0,0,21,65,42
514902.0,0,0,21,1,106
514941.0,0,0,21,65,42
514941.0,0,0,21,1,106
514958.0,0,0,21,1,106
515011.0,0,0,21,65,42
515011.0,0,0,21,1,106
515055.0,0,0,21,65,42
515055.0,0,0,21,1,106
515065.0,0,0,21,1,106
515090.0,0,0,21,1,106
515110.0,0,0,21,1,106
515110.0,0,0,21,0,107
515113.0,0,0,21,0,107
515127.0,0,0,21,1,106
515164.0,0,0,21,65,42
515164.0,0,0,21,1,106
515170.0,0,0,21,1,106
515211.0,0,0,21,1,106
515214.0,0,0,21,1,106
515270.0,0,0,21,65,42
515270.0,0,0,21,1,106
515271.0,0,0,21,1,106
515281.0,0,0,21,1,106
515338.0,0,0,21,1,106
515372.0,0,0,21,65,42
515372.0,0,0,21,1,106
515405.0,0,0,21,1,106
515441.0,0,0,21,1,106
515472.0,0,0,21,1,106
515482.0,0,0,21,65,42
515482.0,0,0,21,1,106
515502.0,0,0,21,1,106
515514.0,0,0,21,65,42
515514.0,0,0,21,1,106
515515.0,0,0,21,65,42
515515.0,0,0,21,1,106
515541.0,0,0,21,1,106
515549.0,0,0,21,65,42
515549.0,0,0,21,1,106
515592.0,0,0,21,65,42
515592.0,0,0,21,1,106
515611.0,0,0,21,1,106
515622.0,0,0,21,65,42
515622.0,0,0,21,1,106
515646.0,0,0,21,5,102
515654.0,0,0,21,69,38
515654.0,0,0,21,5,102
515655.0,0,0,21,5,102
515686.0,0,0,21,69,38
515686.0,0,0,21,5,102
515717.0,0,0,21,69,38
515717.0,0,0,21,5,102
515725.0,0,0,21,5,102
515727.0,0,0,21,5,102
515737.0,21,0,0,5,102
515748.0,21,0,0,69,38
515748.0,21,0,0,5,102
515764.0,21,0,0,5,102
515858.0,21,0,0,69,38
515858.0,21,0,0,5,102
515869.0,21,0,0,5,102
515870.0,21,0,0,5,102
515872.0,21,0,0,37,70
515872.0,0,21,0,13,94
515877.0,0,21,0,17,90
515879.0,0,21,0,19,88
515879.0,0,21,0,11,96
515921.0,0,21,0,19,88
515921.0,0,21,0,11,96
515945.0,0,21,0,19,88
515963.0,0,21,0,83,24
515963.0,0,21,0,19,88
515972.0,0,21,0,19,88
516030.0,0,21,0,27,80
516068.0,0,21,0,91,16
516068.0,0,21,0,27,80
516082.0,0,21,0,27,80
516114.0,0,21,0,27,80
516115.0,0,21,0,27,80
516149.0,0,21,0,27,80
516168.0,0,21,0,91,16
516168.0,0,21,0,27,80
516192.0,0,21,0,27,80
516222.0,0,21,0,27,80
516254.0,0,21,0,27,80
516262.0,0,21,0,27,80
516262.0,0,21,0,26,81
516268.0,0,21,0,90,17
516268.0,0,21,0,26,81
516271.0,0,21,0,27,80
516286.0,0,21,0,27,80
516314.0,0,21,0,27,80
516317.0,0,21,0,27,80
516335.0,0,21,0,35,72
516348.0,0,21,0,35,72
516356.0,0,21,0,43,64
516356.0,0,21,0,11,96
516369.0,0,21,0,75,32
516369.0,0,21,0,11,96
516380.0,0,21,0,43,64
516380.0,0,21,0,11,96
516406.0,0,21,0,43,64
516406.0,0,21,0,11,96
516411.0,0,21,0,75,32
516411.0,0,21,0,11,96
516458.0,0,21,0,11,96
516472.0,0,21,0,11,96
516512.0,0,21,0,75,32
516512.0,0,21,0,11,96
516545.0,0,21,0,11,96
516563.0,0,21,0,11,96
516595.0,0,21,0,11,96
516613.0,0,21,0,75,32
516613.0,0,21,0,11,96
516655.0,0,21,0,75,32
516655.0,0,21,0,11,96
516668.0,0,21,0,11,96
516724.0,0,21,0,43,64
516724.0,0,21,0,11,96
516757.0,0,21,0,75,32
516757.0,0,21,0,11,96
516768.0,0,21,0,11,96
516785.0,0,21,0,11,96
516786.0,0,21,0,11,96
516843.0,0,21,0,75,32
516843.0,0,21,0,31,76
516868.0,0,21,0,31,76
516870.0,0,21,0,63,44
516880.0,0,21,0,67,40
517139.0,0,21,0,99,8
517139.0,0,21,0,35,72
517329.0,0,21,0,43,64
517428.0,0,21,0,43,64
517428.0,0,21,0,35,72
517443.0,0,21,0,35,72
517463.0,0,21,0,43,64
517739.0,0,21,0,43,64
517739.0,0,21,16,27,64
517747.0,0,21,16,27,64
517820.0,0,21,16,27,64
517929.0,0,21,16,27,64
517929.0,0,21,24,19,64
518063.0,0,21,24,19,64
518063.0,0,21,32,11,64
518532.0,0,21,32,11,64
518572.0,0,0,32,32,64
518572.0,0,0,32,0,96
518579.0,0,0,32,0,96
518736.0,0,0,32,0,96
519449.0,0,0,32,0,96
519519.0,0,0,32,0,96
519539.0,16,0,16,0,96
519729.0,24,0,8,0,96
519863.0,32,0,0,0,96
519863.0,0,32,0,0,96
520041.0,0,32,0,0,96
520072.0,0,32,0,0,96
520292.0,0,32,0,0,96
520465.0,0,32,0,64,32
520465.0,0,32,0,29,67
520493.0,0,32,0,30,66
520506.0,0,32,0,38,58
520506.0,0,32,0,6,90
520509.0,0,32,0,14,82
520554.0,0,32,0,15,81
520652.0,0,32,0,15,81
520652.0,0,32,0,14,82
520663.0,0,32,0,46,50
520663.0,0,32,0,30,66
520674.0,0,32,0,31,65
520813.0,0,32,0,31,65
520821.0,0,32,0,47,49
521008.0,0,32,0,63,33
521065.0,0,32,0,63,33
521066.0,0,32,0,63,33
521104.0,0,32,0,95,1
521104.0,0,32,0,31,65
521106.0,0,32,0,31,65
521263.0,0,32,0,31,65
521463.0,0,32,0,95,1
521463.0,0,32,0,15,81
521548.0,0,32,0,15,81
521608.0,0,32,0,31,65
521608.0,0,32,0,15,81
521704.0,0,32,0,15,81
521743.0,0,32,0,15,81
521985.0,0,32,0,15,81
522007.0,0,32,0,15,81
522025.0,0,32,0,16,80
522063.0,0,32,0,16,80
522113.0,0,32,0,32,64
522113.0,0,32,0,0,96
522131.0,0,32,0,0,96
522152.0,0,32,0,0,96
522192.0,0,32,0,32,64
522192.0,0,32,0,26,70
522208.0,0,32,0,26,70
522254.0,0,32,0,26,70
522254.0,0,32,0,17,79
522280.0,0,32,0,18,78
522306.0,0,32,0,18,78
522367.0,0,32,0,26,70
522563.0,0,0,0,58,70
522563.0,0,0,0,26,102
522792.0,0,0,0,26,102
522792.0,0,0,17,9,102
522880.0,0,0,17,9,102
522880.0,0,0,18,8,102
522881.0,0,0,18,8,102
522900.0,0,0,18,72,38
522900.0,0,0,18,40,70
522935.0,0,0,18,40,70
522935.0,0,0,18,39,71
522953.0,0,0,18,40,70
522967.0,0,0,18,40,70
523032.0,0,0,18,72,38
523032.0,0,0,18,8,102
523083.0,0,0,18,8,102
523309.0,0,0,18,8,102
523330.0,0,0,18,8,102
523330.0,0,0,18,0,110
523426.0,0,0,18,8,102
523500.0,0,0,18,8,102
523632.0,0,0,18,8,102
523740.0,0,0,18,8,102
523740.0,0,0,18,7,103
523754.0,0,0,18,8,102
523824.0,0,0,18,8,102
523850.0,0,0,18,8,102
523850.0,0,0,18,0,110
523942.0,0,0,18,8,102
524026.0,0,0,18,8,102
524196.0,0,0,18,40,70
524196.0,0,0,18,8,102
524207.0,0,0,18,8,102
524207.0,0,0,18,0,110
524235.0,0,0,18,8,102
524244.0,0,0,18,8,102
524244.0,0,0,18,0,110
524268.0,0,0,18,2,108
524288.0,0,0,18,6,104
524326.0,0,0,18,14,96
524326.0,0,0,18,13,97
524335.0,0,0,18,14,96
524376.0,0,0,18,30,80
524462.0,0,0,18,94,16
524462.0,0,0,18,30,80
524497.0,0,0,18,46,64
524521.0,0,0,18,46,64
524542.0,0,0,18,46,64
524577.0,0,0,18,78,32
524577.0,0,0,18,14,96
524578.0,0,0,18,46,64
524582.0,0,0,18,46,64
524582.0,0,0,18,38,72
524592.0,17,0,1,38,72
524680.0,18,0,0,38,72
524703.0,18,0,0,46,64
524711.0,18,0,0,46,64
524711.0,18,0,0,30,80
524796.0,18,0,0,30,80
524797.0,18,0,0,30,80
524797.0,18,0,0,26,84
524829.0,18,0,0,30,80
524835.0,18,0,0,30,80
524837.0,18,0,0,30,80
524837.0,18,0,0,26,84
524868.0,18,0,0,26,84
524908.0,18,0,0,30,80
524993.0,18,0,0,30,80
524993.0,18,0,0,26,84
525056.0,18,0,0,30,80
525062.0,18,0,0,30,80
525177.0,18,0,0,30,80
525178.0,18,0,0,30,80
525178.0,18,0,10,20,80
525245.0,18,0,10,20,80
525245.0,18,0,10,19,81
525287.0,18,0,10,20,80
525299.0,18,0,10,20,80
525299.0,18,0,10,19,81
525303.0,18,0,10,19,81
525303.0,18,0,16,13,81
525317.0,18,0,16,14,80
525321.0,18,0,16,14,80
525321.0,18,0,16,10,84
525344.0,18,0,16,10,84
525344.0,18,0,16,8,86
525368.0,18,0,16,24,70
525414.0,18,0,16,24,70
525414.0,18,0,16,8,86
525429.0,18,0,16,8,86
525508.0,18,0,16,8,86
525600.0,18,0,16,24,70
525649.0,18,0,16,24,70
525649.0,18,0,16,20,74
525745.0,18,0,16,20,74
525745.0,18,0,16,4,90
525749.0,18,0,16,8,86
525968.0,18,0,16,8,86
526111.0,18,0,16,24,70
526118.0,18,0,16,24,70
526118.0,18,0,16,8,86
526147.0,18,0,16,8,86
526147.0,18,0,16,7,87
526163.0,18,0,16,8,86
526166.0,18,0,16,8,86
526166.0,18,0,16,7,87
526177.0,18,0,16,8,86
526196.0,18,0,16,72,22
526200.0,18,0,16,72,22
526209.0,18,0,16,72,22
526209.0,18,0,16,8,86
526517.0,18,0,16,24,70
526711.0,18,0,16,24,70
526796.0,18,0,16,24,70
526796.0,18,0,24,16,70
526827.0,18,0,24,16,70
526827.0,18,0,24,0,86
526934.0,18,0,24,16,70
526978.0,28,0,14,16,70
527078.0,28,0,14,16,70
527078.0,28,0,14,0,86
527103.0,34,0,8,0,86
527117.0,34,0,8,0,86
527214.0,34,0,8,16,70
527477.0,34,0,8,16,70
527477.0,34,0,8,0,86
527534.0,34,0,8,0,86
527570.0,34,0,8,16,70
527629.0,34,0,8,80,6
527633.0,34,0,8,80,6
527633.0,34,0,8,79,7
527648.0,34,0,8,80,6
527665.0,34,0,8,80,6
527665.0,34,0,8,79,7
527671.0,34,0,8,80,6
527674.0,34,0,8,80,6
527674.0,34,0,8,16,70
527683.0,34,0,8,16,70
527683.0,34,0,8,15,71
527697.0,34,0,8,16,70
527814.0,34,0,8,16,70
527821.0,34,0,8,16,70
527821.0,34,0,8,0,86
527879.0,34,0,8,16,70
527884.0,34,0,8,16,70
527884.0,34,0,8,0,86
528020.0,34,0,8,16,70
528170.0,34,0,8,16,70
528229.0,34,0,8,16,70
528300.0,34,0,8,16,70
528300.0,34,0,8,0,86
528377.0,34,0,8,16,70
528449.0,34,0,8,20,66
528452.0,34,0,8,22,64
528479.0,34,0,8,22,64
528596.0,42,0,0,22,64
528620.0,42,0,0,22,64
528853.0,42,0,0,22,64
528853.0,10,32,0,22,64
528959.0,10,32,0,22,64
528959.0,10,32,0,21,65
528977.0,10,32,0,21,65
528977.0,10,32,15,6,65
529005.0,10,32,15,7,64
529018.0,10,32,15,7,64
529018.0,10,32,15,6,65
529037.0,10,32,15,7,64
529043.0,10,32,15,7,64
529043.0,10,32,15,3,68
529049.0,10,32,15,3,68
529052.0,10,32,15,3,68
529052.0,10,32,16,2,68
529066.0,10,32,16,2,68
529066.0,10,32,16,0,70
529111.0,10,32,16,64,6
529129.0,10,32,16,64,6
529129.0,10,32,16,63,7
529132.0,10,32,16,63,7
529132.0,10,32,16,62,8
529158.0,10,32,16,63,7
529165.0,10,32,16,64,6
529209.0,10,32,16,64,6
529209.0,10,32,16,0,70
529358.0,10,32,16,0,70
529358.0,9,33,16,0,70
529475.0,9,33,16,0,70
529479.0,9,33,16,0,70
529605.0,9,33,16,0,70
529711.0,9,33,16,0,70
529926.0,9,33,16,64,6
529926.0,9,33,16,16,54
529947.0,9,33,16,16,54
530009.0,9,33,16,32,38
530081.0,9,33,16,64,6
530081.0,9,33,16,0,70
530101.0,9,33,16,0,70
530126.0,9,33,16,0,70
530158.0,9,33,16,0,70
530493.0,9,33,16,0,70
530526.0,9,33,16,0,70
530777.0,24,33,1,0,70
530852.0,25,33,0,0,70
531149.0,25,33,0,0,70
531175.0,25,33,0,0,70
531361.0,25,33,0,0,70
531388.0,25,33,0,0,70
531443.0,25,33,0,0,70
531491.0,25,33,0,64,6
531491.0,23,35,0,4,66
531542.0,23,35,0,8,62
531542.0,15,43,0,8,62
531553.0,15,11,0,40,62
531553.0,15,11,0,8,94
531590.0,15,11,0,16,86
531613.0,15,11,0,48,54
531613.0,15,11,0,16,86
531727.0,15,11,0,48,54
531731.0,15,11,0,80,22
531731.0,15,11,0,16,86
531879.0,15,11,0,16,86
531879.0,15,11,0,0,102
531932.0,15,11,0,16,86
531965.0,15,11,0,32,70
532017.0,15,11,0,32,70
532017.0,15,11,0,0,102
532042.0,15,11,0,0,102
532042.0,7,19,0,0,102
532058.0,7,18,0,1,102
532058.0,7,18,0,0,103
532082.0,7,18,0,1,102
532091.0,7,18,0,1,102
532130.0,7,18,0,33,70
532156.0,7,18,0,37,66
532158.0,7,18,0,39,64
532213.0,7,18,0,39,64
532331.0,7,18,0,39,64
532532.0,7,18,0,39,64
532682.0,7,18,0,39,64
532682.0,7,18,1,38,64
532730.0,7,18,1,38,64
532730.0,7,18,33,6,64
532756.0,7,18,33,6,64
532756.0,7,18,37,2,64
532758.0,7,18,37,2,64
532758.0,7,18,39,0,64
532887.0,7,18,39,0,64
532887.0,6,19,39,0,64
532919.0,6,19,39,0,64
532919.0,5,20,39,0,64
532928.0,5,20,39,0,64
532928.0,4,21,39,0,64
532974.0,4,21,39,0,64
533130.0,4,21,39,0,64
533172.0,4,21,39,64,0
533172.0,0,25,39,0,64
533552.0,0,25,39,0,64
533580.0,0,25,39,0,64
533781.0,0,25,39,0,64
533917.0,0,25,39,0,64
534088.0,0,25,39,0,64
534124.0,0,25,39,0,64
534191.0,0,23,39,2,64
534191.0,0,23,39,0,66
534200.0,0,23,39,1,65
534200.0,0,23,39,0,66
534204.0,0,23,39,1,65
534204.0,0,23,39,0,66
534214.0,0,23,39,1,65
534214.0,0,23,39,0,66
534222.0,0,23,39,1,65
534230.0,0,23,39,2,64
534242.0,0,15,39,10,64
534242.0,0,15,39,2,72
534336.0,0,15,39,10,64
534336.0,0,15,39,2,72
534386.0,0,15,39,2,72
534386.0,0,15,39,1,73
534401.0,0,15,39,2,72
534426.0,0,15,39,10,64
534427.0,0,15,39,10,64
534427.0,0,15,39,9,65
534436.0,0,15,39,10,64
534480.0,0,15,39,10,64
534482.0,1,15,38,10,64
534530.0,33,15,6,10,64
534530.0,1,47,6,10,64
534556.0,5,47,2,10,64
534558.0,7,47,0,10,64
534581.0,7,47,0,74,0
534581.0,7,47,0,10,64
534591.0,7,47,0,10,64
534675.0,7,47,0,10,64
534675.0,6,48,0,10,64
534741.0,6,48,0,10,64
534741.0,5,49,0,10,64
534742.0,5,41,0,18,64
534742.0,5,41,0,10,72
534746.0,5,41,0,74,8
534746.0,5,41,0,10,72
534822.0,5,41,0,10,72
534832.0,5,41,0,18,64
534936.0,5,41,0,18,64
535001.0,5,41,0,18,64
535181.0,5,41,0,18,64
535346.0,5,41,0,18,64
535346.0,5,41,10,8,64
535432.0,5,41,10,8,64
535432.0,5,41,18,0,64
535547.0,5,41,18,0,64
535587.0,5,40,18,1,64
535587.0,5,40,18,0,65
535600.0,5,40,18,0,65
535601.0,5,40,18,1,64
535601.0,3,42,18,1,64
535619.0,3,41,18,2,64
535619.0,3,41,18,1,65
535625.0,3,41,18,1,65
535626.0,3,41,18,2,64
535628.0,3,40,18,3,64
535628.0,3,40,18,2,65
535639.0,3,40,18,3,64
535646.0,3,40,18,3,64
535646.0,1,42,18,3,64
535872.0,1,38,18,7,64
535872.0,1,38,18,3,68
535894.0,1,38,18,3,68
535894.0,0,39,18,3,68
535895.0,0,39,18,3,68
535895.0,0,39,18,2,69
535917.0,0,39,18,3,68
535918.0,0,39,18,7,64
535951.0,0,39,18,7,64
535951.0,0,39,18,3,68
536007.0,0,39,18,3,68
536157.0,0,39,18,67,4
536157.0,0,39,18,35,36
536201.0,0,39,18,35,36
536226.0,0,39,18,35,36
536313.0,0,39,18,67,4
536313.0,0,39,18,3,68
536434.0,0,39,18,3,68
536518.0,0,39,18,3,68
536757.0,0,39,18,3,68
536762.0,0,39,18,7,64
536833.0,0,39,18,7,64
536833.0,0,39,18,6,65
536839.0,0,39,18,7,64
536899.0,0,39,18,7,64
536913.0,0,39,18,7,64
536913.0,0,39,20,5,64
536952.0,0,39,20,5,64
536952.0,0,39,20,4,65
536983.0,0,39,20,5,64
537146.0,10,39,10,5,64
537146.0,2,47,10,5,64
537230.0,2,15,10,37,64
537230.0,2,15,10,5,96
537232.0,10,15,2,5,96
537346.0,10,15,2,37,64
537346.0,2,23,2,5,96
537362.0,2,23,2,5,96
537375.0,2,22,2,6,96
537375.0,2,22,2,5,97
537395.0,2,22,2,6,96
537434.0,2,22,2,6,96
537434.0,2,22,2,5,97
537441.0,2,21,2,6,97
537441.0,2,21,2,5,98
537447.0,2,21,2,6,97
537533.0,2,21,2,7,96
537557.0,2,21,2,39,64
537624.0,2,21,2,39,64
537792.0,2,21,2,103,0
537792.0,2,21,2,39,64
537946.0,2,21,2,39,64
538070.0,2,21,2,39,64
538094.0,2,21,2,39,64
538214.0,2,21,2,103,0
538214.0,2,21,2,38,65
538235.0,2,21,2,39,64
538253.0,2,21,2,39,64
538253.0,2,21,2,7,96
538301.0,2,19,2,9,96
538301.0,2,19,2,7,98
538321.0,2,19,2,8,97
538341.0,2,19,2,9,96
538346.0,2,17,2,11,96
538346.0,2,17,2,9,98
538392.0,2,17,2,9,98
538470.0,2,17,2,41,66
538594.0,2,16,2,42,66
538594.0,2,16,2,41,67
538607.0,2,16,2,42,66
538713.0,4,16,0,42,66
538814.0,4,16,0,42,66
538814.0,4,16,6,36,66
538835.0,4,16,6,36,66
538835.0,4,16,7,35,66
538884.0,4,16,7,35,66
538884.0,4,16,7,3,98
538921.0,4,16,7,3,98
538936.0,4,16,7,3,98
538936.0,4,16,7,2,99
538945.0,4,16,7,2,99
538945.0,4,16,7,1,100
538967.0,4,16,7,2,99
538981.0,4,16,7,3,98
538993.0,4,16,7,3,98
538993.0,4,16,7,2,99
539014.0,4,16,7,3,98
539016.0,4,16,7,35,66
539019.0,4,16,7,35,66
539019.0,4,16,7,31,70
539041.0,4,16,7,35,66
539070.0,4,16,7,35,66
539139.0,4,16,7,37,64
539185.0,4,16,7,101,0
539207.0,4,16,7,101,0
539567.0,4,16,7,101,0
539616.0,4,16,7,101,0
539616.0,4,16,38,70,0
539641.0,4,16,38,70,0
539641.0,4,16,42,66,0
539739.0,4,16,42,66,0
539739.0,4,16,44,64,0
539785.0,4,16,44,64,0
539785.0,4,16,108,0,0
539846.0,4,8,108,8,0
539846.0,4,8,108,0,8
540046.0,4,0,108,8,8
540046.0,4,0,108,0,16
540193.0,4,0,108,8,8
540256.0,4,0,108,8,8
540256.0,4,0,108,7,9
540262.0,4,0,108,8,8
540324.0,4,0,108,8,8
540375.0,4,0,108,16,0
540414.0,4,0,108,16,0
540614.0,10,0,102,16,0
540635.0,11,0,101,16,0
540719.0,11,0,101,16,0
540719.0,11,0,101,7,9
540739.0,11,0,101,8,8
540760.0,11,0,101,16,0
540769.0,11,0,101,16,0
540793.0,11,0,101,16,0
540906.0,11,0,101,16,0
540906.0,11,0,101,6,10
540914.0,11,0,101,6,10
540922.0,11,0,101,6,10
540922.0,11,0,101,2,14
540930.0,11,0,101,2,14
540940.0,11,0,101,2,14
540940.0,11,0,101,0,16
540948.0,11,0,101,8,8
540975.0,11,0,101,8,8
540998.0,11,0,101,10,6
541004.0,11,0,101,12,4
541009.0,11,0,101,14,2
541017.0,11,0,101,16,0
541153.0,11,0,101,16,0
541153.0,11,0,101,15,1
541316.0,11,0,101,16,0
541416.0,42,0,70,16,0
541441.0,46,0,66,16,0
541539.0,48,0,64,16,0
541539.0,0,48,64,16,0
541548.0,0,48,64,16,0
541585.0,64,48,0,16,0
541585.0,0,112,0,16,0
542189.0,0,112,0,16,0
542535.0,0,112,0,16,0
542793.0,0,112,0,16,0
543222.0,0,112,0,16,0
543271.0,0,112,0,16,0
543296.0,0,112,0,16,0
543371.0,0,112,0,16,0
543380.0,0,112,0,16,0
543392.0,0,112,0,16,0
543950.0,0,112,0,16,0
543975.0,0,112,0,16,0
544011.0,0,112,0,16,0
544053.0,0,112,0,16,0
544234.0,0,112,0,16,0
544239.0,0,64,0,64,0
544239.0,0,64,0,0,64
544285.0,0,0,0,64,64
544285.0,0,0,0,0,128
544411.0,0,0,0,0,128
545115.0,0,0,0,64,64
545115.0,0,0,0,0,128
545865.0,0,0,0,0,128
545886.0,0,0,0,0,128
545941.0,0,0,0,0,128
546016.0,0,0,0,64,64
546016.0,0,0,0,1,127
546022.0,0,0,0,2,126
546025.0,0,0,0,2,126
546025.0,0,0,0,1,127
546032.0,0,0,0,2,126
546040.0,0,0,0,3,125
546074.0,0,0,0,19,109
546074.0,0,0,0,3,125
546079.0,0,0,0,19,109
546088.0,0,0,0,27,101
546090.0,0,0,0,28,100
546092.0,0,0,0,32,96
546092.0,0,0,0,0,128
546110.0,0,0,0,16,112
546122.0,0,0,0,24,104
546124.0,0,0,0,25,103
546128.0,0,0,0,26,102
546130.0,0,0,0,58,70
546151.0,0,0,0,59,69
546153.0,0,0,0,60,68
546257.0,0,0,0,60,68
546257.0,0,0,0,59,69
546319.0,0,0,0,59,69
546323.0,0,0,0,60,68
546338.0,0,0,0,60,68
546350.0,0,0,0,64,64
546350.0,0,0,0,0,128
546428.0,0,0,0,0,128
546474.0,0,0,0,0,128
546616.0,0,0,0,0,128
546622.0,0,0,0,0,128
546650.0,0,0,0,0,128
546674.0,0,0,0,0,128
546710.0,0,0,0,0,128
546874.0,0,0,0,64,64
546874.0,0,0,0,14,114
546910.0,0,0,0,46,82
546910.0,0,0,0,29,99
546915.0,0,0,0,45,83
546926.0,0,0,0,46,82
546945.0,0,0,0,62,66
547175.0,0,0,0,63,65
547254.0,0,0,0,63,65
547387.0,0,0,0,63,65
547426.0,0,0,0,63,65
547426.0,0,0,0,43,85
547458.0,0,0,0,47,81
547461.0,0,0,0,47,81
547462.0,0,0,0,63,65
547474.0,0,0,0,63,65
547510.0,0,0,0,63,65
547510.0,0,0,29,34,65
547515.0,0,0,29,34,65
547515.0,0,0,39,24,65
547526.0,0,0,39,24,65
547526.0,0,0,40,23,65
547545.0,0,0,40,23,65
547545.0,0,0,42,21,65
547575.0,0,0,42,21,65
547575.0,0,0,42,9,77
547651.0,0,0,42,13,73
547691.0,0,0,42,13,73
547743.0,0,0,42,13,73
547743.0,0,0,42,1,85
547775.0,0,0,42,1,85
547775.0,0,0,43,0,85
547778.0,0,0,43,8,77
547801.0,0,0,43,12,73
547806.0,0,0,43,12,73
548090.0,0,0,43,12,73
548090.0,0,0,43,7,78
548104.0,0,0,43,8,77
548258.0,0,0,43,8,77
548312.0,0,0,43,9,76
548378.0,0,0,43,9,76
548378.0,0,0,46,6,76
548401.0,0,0,46,6,76
548401.0,0,0,50,2,76
548446.0,0,0,50,2,76
548533.0,0,0,50,10,68
548533.0,0,0,50,2,76
548603.0,0,0,50,2,76
548704.0,0,0,50,2,76
548704.0,0,0,51,1,76
548744.0,0,0,51,1,76
548783.0,0,0,51,1,76
548819.0,0,0,51,1,76
548833.0,0,0,51,5,72
548833.0,0,0,51,1,76
548852.0,0,0,51,9,68
548852.0,0,0,51,1,76
548856.0,0,0,51,1,76
548880.0,0,0,51,5,72
548880.0,0,0,51,1,76
548885.0,0,0,51,5,72
548885.0,0,0,51,1,76
548912.0,0,0,51,5,72
548912.0,0,0,52,4,72
548920.0,0,0,52,8,68
548920.0,0,0,52,0,76
548935.0,0,0,52,64,12
548952.0,0,0,52,72,4
549159.0,0,0,52,76,0
549310.0,29,0,23,76,0
549315.0,39,0,13,76,0
549326.0,40,0,12,76,0
549345.0,42,0,10,76,0
549512.0,42,0,10,76,0
549535.0,42,0,10,76,0
549535.0,42,0,74,12,0
549552.0,42,0,74,12,0
549552.0,42,0,82,4,0
549575.0,43,0,81,4,0
549759.0,43,0,81,4,0
549759.0,43,0,85,0,0
550178.0,46,0,82,0,0
550201.0,50,0,78,0,0
550504.0,51,0,77,0,0
550712.0,52,0,76,0,0
551335.0,116,0,12,0,0
551352.0,124,0,4,0,0
551559.0,128,0,0,0,0
551559.0,0,128,0,0,0
551668.0,0,128,0,0,0
551710.0,0,128,0,0,0
554259.0,0,0,0,128,0
554259.0,0,0,0,0,128
554381.0,0,0,0,128,0
554381.0,0,0,0,62,66
554412.0,0,0,0,63,65
554417.0,0,0,0,127,1
554435.0,0,0,0,128,0
554797.0,0,0,0,128,0
554797.0,0,0,0,0,128
554968.0,0,0,0,128,0
554978.0,0,0,0,128,0
554978.0,0,0,0,0,128
554981.0,0,0,0,0,128
555568.0,0,0,0,0,128
565910.0,0,0,0,128,0
565931.0,0,0,0,128,0
565931.0,0,0,0,0,128
566014.0,0,0,0,128,0
566017.0,0,0,0,128,0
566017.0,0,0,0,64,64
566510.0,0,0,0,64,64
566614.0,0,0,0,64,64
566614.0,0,0,64,0,64
568414.0,64,0,0,0,64
576944.0,64,0,0,64,0
577544.0,64,0,0,64,0
577544.0,64,0,64,0,0
579344.0,128,0,0,0,0
584697.0,128,0,0,0,0
584697.0,120,8,0,0,0
584734.0,120,8,0,0,0
584734.0,119,9,0,0,0
584795.0,119,9,0,0,0
584795.0,118,10,0,0,0
585173.0,118,10,0,0,0
585173.0,117,11,0,0,0
586790.0,117,11,0,0,0
586790.0,113,15,0,0,0
587107.0,113,15,0,0,0
587107.0,109,19,0,0,0
587122.0,109,19,0,0,0
587122.0,105,23,0,0,0
587397.0,105,15,0,8,0
587397.0,105,15,0,0,8
587434.0,105,14,0,1,8
587434.0,105,14,0,0,9
587483.0,105,14,0,1,8
587495.0,105,13,0,2,8
587495.0,105,13,0,1,9
587509.0,105,13,0,9,1
587538.0,105,13,0,10,0
587873.0,105,12,0,11,0
587873.0,105,12,0,10,1
587923.0,105,12,0,11,0
587964.0,105,12,0,11,0
587964.0,105,12,0,7,4
587967.0,105,12,0,11,0
588083.0,105,12,0,11,0
588109.0,105,12,0,11,0
588109.0,105,12,5,6,0
588138.0,105,12,5,6,0
588138.0,105,12,6,5,0
588523.0,105,12,6,5,0
588523.0,105,12,7,4,0
588567.0,105,12,7,4,0
588567.0,105,12,11,0,0
589220.0,105,12,11,0,0
589220.0,73,44,11,0,0
589262.0,73,44,11,0,0
589262.0,41,76,11,0,0
589283.0,41,76,11,0,0
589283.0,9,108,11,0,0
589490.0,9,104,11,4,0
589490.0,9,104,11,0,4
589493.0,9,104,11,4,0
589807.0,9,100,11,8,0
589807.0,9,100,11,4,4
589810.0,9,100,11,8,0
589822.0,9,96,11,12,0
589822.0,9,96,11,8,4
589825.0,9,96,11,12,0
589909.0,14,96,6,12,0
589938.0,15,96,5,12,0
590093.0,15,96,5,12,0
590093.0,15,96,9,8,0
590323.0,16,96,8,8,0
590367.0,20,96,4,8,0
590410.0,20,96,4,8,0
590410.0,20,96,8,4,0
590425.0,20,96,8,4,0
590425.0,20,96,12,0,0
590822.0,20,96,12,0,0
590822.0,16,100,12,0,0
590953.0,16,100,12,0,0
590953.0,15,101,12,0,0
591032.0,15,101,12,0,0
591032.0,7,109,12,0,0
591129.0,7,109,12,0,0
591129.0,3,113,12,0,0
591182.0,3,113,12,0,0
591182.0,2,114,12,0,0
591634.0,2,114,12,0,0
591656.0,2,114,12,0,0
591775.0,2,114,12,0,0
591795.0,2,114,12,0,0
591883.0,2,114,12,0,0
591893.0,6,114,8,0,0
591920.0,6,82,8,32,0
591920.0,6,82,8,0,32
591923.0,6,82,8,32,0
591923.0,6,82,8,0,32
591962.0,6,50,8,32,32
591962.0,6,50,8,0,64
591965.0,6,50,8,32,32
591965.0,0,56,8,8,56
591983.0,0,24,8,40,56
591983.0,0,24,8,8,88
591986.0,0,24,8,40,56
591986.0,0,24,8,8,88
592002.0,0,24,8,40,56
592023.0,0,24,8,48,48
592034.0,0,24,8,48,48
592034.0,0,24,8,16,80
592057.0,0,24,8,16,80
592057.0,0,24,8,8,88
592109.0,0,24,8,8,88
592111.0,0,24,8,40,56
592111.0,0,24,8,24,72
592133.0,0,24,8,40,56
592210.0,4,24,4,40,56
592225.0,8,24,0,40,56
592247.0,8,24,0,56,40
592397.0,8,24,0,88,8
592398.0,8,24,0,96,0
592565.0,8,24,0,96,0
592586.0,8,24,0,96,0
592602.0,8,24,0,96,0
592612.0,8,24,0,96,0
592612.0,8,24,0,80,16
592614.0,8,24,0,80,16
592614.0,8,24,0,48,48
592623.0,8,24,0,48,48
592659.0,8,24,0,48,48
592659.0,8,24,0,40,56
592700.0,8,24,0,80,16
592711.0,8,24,0,80,16
592789.0,8,24,0,96,0
592838.0,8,24,0,96,0
592847.0,8,24,0,96,0
592963.0,8,24,0,96,0
592997.0,8,24,0,96,0
592997.0,8,24,30,66,0
592998.0,8,24,30,66,0
592998.0,8,24,38,58,0
593111.0,8,24,38,58,0
593111.0,8,24,38,25,33
593128.0,8,24,38,26,32
593184.0,8,24,38,26,32
593196.0,8,24,38,26,32
593196.0,8,24,38,2,56
593292.0,8,24,38,2,56
593300.0,8,24,38,2,56
593316.0,8,24,38,34,24
593330.0,8,24,38,42,16
593384.0,8,24,38,58,0
593440.0,8,24,38,58,0
593440.0,8,24,38,41,17
593460.0,8,24,38,42,16
593488.0,8,24,38,42,16
593514.0,8,24,38,42,16
593514.0,8,24,38,41,17
593522.0,8,20,38,45,17
593522.0,8,20,38,41,21
593539.0,8,20,38,42,20
593580.0,8,20,38,58,4
593653.0,8,19,38,59,4
593653.0,8,19,38,58,5
593657.0,8,19,38,59,4
593704.0,8,19,38,63,0
593732.0,8,11,38,71,0
593732.0,8,11,38,63,8
593796.0,8,11,38,71,0
593829.0,8,7,38,75,0
593829.0,8,7,38,71,4
593870.0,8,7,38,75,0
593882.0,8,6,38,76,0
593882.0,8,6,38,75,1
593887.0,8,6,38,76,0
593916.0,8,6,38,76,0
593916.0,8,6,54,60,0
593930.0,8,6,54,60,0
593930.0,8,6,61,53,0
593984.0,8,6,61,53,0
593984.0,8,6,77,37,0
594004.0,8,6,77,37,0
594004.0,8,6,77,21,16
594139.0,8,6,77,21,16
594177.0,8,6,77,37,0
594180.0,8,6,77,37,0
594180.0,8,6,85,29,0
594226.0,8,6,85,29,0
594226.0,8,6,85,25,4
594257.0,8,6,85,25,4
594257.0,8,6,86,24,4
594304.0,8,6,86,24,4
594304.0,8,6,90,20,4
594308.0,8,6,90,20,4
594308.0,8,6,90,19,5
594314.0,8,6,90,20,4
594396.0,8,6,90,20,4
594396.0,8,6,96,14,4
594665.0,8,0,96,20,4
594665.0,8,0,96,12,12
594770.0,8,0,96,20,4
594777.0,8,0,96,20,4
594777.0,8,0,107,9,4
594796.0,8,0,107,9,4
594797.0,38,0,77,9,4
594798.0,46,0,69,9,4
594815.0,46,0,69,13,0
594914.0,46,0,69,13,0
594914.0,46,0,70,12,0
595225.0,46,0,70,12,0
595225.0,46,0,70,8,4
595343.0,46,0,70,8,4
595343.0,46,0,70,7,5
595345.0,46,0,70,8,4
595364.0,46,0,70,8,4
595370.0,46,0,70,8,4
595370.0,46,0,76,2,4
595415.0,46,0,76,2,4
595415.0,46,0,77,1,4
595716.0,62,0,61,1,4
595730.0,69,0,54,1,4
595784.0,85,0,38,1,4
595945.0,85,0,38,1,4
595945.0,85,0,39,0,4
595980.0,93,0,31,0,4
596057.0,94,0,30,0,4
596104.0,98,0,26,0,4
596169.0,98,0,26,0,4
596196.0,104,0,20,0,4
596209.0,104,0,20,0,4
596455.0,104,0,20,0,4
596461.0,104,0,20,0,4
596509.0,104,0,20,0,4
596577.0,115,0,9,0,4
596630.0,115,0,9,0,4
596713.0,115,0,9,0,4
596714.0,116,0,8,0,4
597149.0,116,0,8,0,4
597170.0,122,0,2,0,4
597176.0,122,0,2,0,4
597184.0,122,0,2,0,4
597215.0,123,0,1,0,4
597234.0,123,0,1,0,4
597582.0,123,0,1,0,4
597745.0,124,0,0,0,4
598003.0,124,0,0,0,4
598654.0,124,0,0,4,0
598654.0,0,124,0,4,0
598863.0,0,124,0,4,0
598870.0,0,124,0,4,0
598940.0,0,124,0,4,0
598985.0,0,124,0,4,0
598997.0,0,124,0,4,0
599437.0,0,124,0,4,0
599459.0,0,124,0,4,0
599713.0,0,124,0,4,0
599762.0,0,124,0,4,0
600373.0,0,124,0,4,0
600433.0,0,124,0,4,0
601210.0,0,124,0,4,0
601354.0,0,0,0,128,0
601354.0,0,0,0,0,128
601454.0,0,0,0,128,0
601454.0,0,0,0,0,128
601467.0,0,0,0,16,112
601467.0,0,0,0,0,128
601480.0,0,0,0,16,112
601480.0,0,0,0,0,128
601481.0,0,0,0,16,112
601481.0,0,0,0,0,128
601490.0,0,0,0,8,120
601491.0,0,0,0,16,112
601491.0,0,0,0,0,128
601504.0,0,0,0,16,112
601504.0,0,0,0,0,128
601515.0,0,0,0,16,112
601515.0,0,0,0,0,128
601524.0,0,0,0,0,128
601531.0,0,0,0,16,112
601531.0,0,0,0,0,128
601533.0,0,0,0,16,112
601533.0,0,0,0,0,128
601548.0,0,0,0,16,112
601548.0,0,0,0,1,127
601559.0,0,0,0,1,127
601561.0,0,0,0,5,123
601561.0,0,0,0,1,127
601565.0,0,0,0,2,126
601567.0,0,0,0,7,121
601567.0,0,0,0,3,125
601573.0,0,0,0,7,121
601573.0,0,0,0,3,125
601582.0,0,0,0,7,121
601597.0,0,0,0,11,117
601604.0,0,0,0,15,113
601700.0,0,0,0,16,112
601700.0,0,0,0,0,128
601721.0,0,0,0,16,112
601721.0,0,0,0,0,128
601728.0,0,0,0,16,112
601728.0,0,0,0,0,128
601743.0,0,0,0,16,112
601829.0,0,0,0,32,96
601829.0,0,0,0,0,128
601847.0,0,0,0,0,128
601937.0,0,0,0,0,128
601983.0,0,0,0,0,128
602011.0,0,0,0,0,128
602047.0,0,0,0,0,128
602070.0,0,0,0,0,128
602090.0,0,0,0,0,128
602120.0,0,0,0,0,128
602135.0,0,0,0,0,128
602147.0,0,0,0,0,128
602148.0,0,0,0,0,128
602167.0,0,0,0,0,128
602170.0,0,0,0,0,128
602236.0,0,0,0,0,128
602260.0,0,0,0,0,128
602264.0,0,0,0,0,128
602324.0,0,0,0,32,96
602324.0,0,0,0,0,128
602343.0,0,0,0,0,128
602392.0,0,0,0,32,96
602392.0,0,0,0,0,128
602397.0,0,0,0,0,128
602516.0,0,0,0,32,96
602516.0,0,0,0,0,128
602549.0,0,0,0,0,128
602598.0,0,0,0,0,128
602661.0,0,0,0,32,96
602661.0,0,0,0,0,128
602683.0,0,0,0,1,127
602683.0,0,0,0,0,128
602688.0,0,0,0,0,128
602695.0,0,0,0,4,124
602695.0,0,0,0,0,128
602696.0,0,0,0,4,124
602696.0,0,0,0,0,128
602707.0,0,0,0,8,120
602709.0,0,0,0,12,116
602717.0,0,0,0,16,112
602723.0,0,0,0,17,111
602727.0,0,0,0,18,110
602742.0,0,0,0,26,102
602826.0,0,0,0,26,102
602826.0,0,0,0,22,106
602988.0,0,0,0,22,106
602988.0,0,0,0,21,107
603022.0,0,0,0,22,106
603101.0,0,0,0,26,102
603143.0,0,0,0,26,102
603168.0,0,0,0,26,102
603168.0,0,0,0,22,106
603235.0,0,0,0,22,106
603235.0,0,0,0,18,110
603294.0,0,0,0,22,106
603298.0,0,0,0,22,106
603307.0,0,0,0,22,106
603307.0,0,0,8,14,106
603309.0,0,0,8,14,106
603309.0,0,0,12,10,106
603323.0,0,0,12,10,106
603323.0,0,0,13,9,106
603327.0,0,0,13,9,106
603327.0,0,0,14,8,106
603342.0,0,0,14,8,106
603342.0,0,0,18,4,106
603349.0,0,0,18,4,106
603349.0,0,0,18,0,110
603386.0,0,0,18,0,110
603393.0,0,0,18,4,106
603393.0,0,0,18,3,107
603413.0,0,0,18,4,106
603467.0,0,0,18,4,106
603477.0,0,0,18,8,102
603617.0,0,0,18,8,102
603617.0,0,0,18,7,103
603657.0,0,0,18,8,102
603696.0,0,0,18,8,102
603696.0,0,0,18,4,106
603744.0,0,0,18,8,102
603838.0,0,0,18,8,102
603838.0,0,0,18,7,103
603864.0,0,0,18,8,102
603894.0,0,0,18,8,102
603993.0,0,0,18,8,102
604077.0,0,0,18,8,102
604077.0,0,0,20,6,102
604142.0,0,0,20,6,102
604142.0,0,0,20,5,103
604180.0,0,0,20,5,103
604241.0,0,0,20,6,102
604257.0,0,0,20,6,102
604266.0,0,0,20,8,100
604286.0,0,0,20,12,96
604344.0,0,0,20,12,96
604344.0,0,0,24,8,96
604367.0,0,0,24,8,96
604367.0,0,0,24,7,97
604408.0,0,0,24,8,96
604441.0,0,0,24,8,96
604441.0,0,0,24,3,101
604464.0,0,0,24,3,101
604467.0,0,0,24,7,97
604609.0,0,0,24,8,96
604643.0,0,0,24,8,96
604643.0,0,0,24,0,104
604692.0,0,0,24,0,104
604841.0,0,0,24,0,104
604886.0,0,0,24,0,104
605107.0,8,0,16,0,104
605109.0,12,0,12,0,104
605123.0,13,0,11,0,104
605127.0,14,0,10,0,104
605142.0,18,0,6,0,104
605244.0,18,0,6,0,104
605252.0,18,0,6,8,96
605252.0,17,1,6,8,96
605302.0,17,1,6,8,96
605302.0,9,9,6,8,96
605783.0,9,9,6,8,96
605841.0,9,9,6,40,64
605841.0,0,18,6,40,64
605852.0,0,18,6,40,64
605877.0,2,18,4,40,64
605886.0,2,18,4,40,64
605886.0,0,20,4,40,64
605938.0,0,20,4,40,64
605938.0,0,20,4,36,68
605964.0,0,20,4,40,64
605987.0,0,20,4,40,64
605987.0,0,20,4,36,68
606011.0,0,20,4,40,64
606074.0,0,20,4,40,64
606074.0,0,20,4,36,68
606110.0,0,20,4,36,68
606110.0,0,20,4,28,76
606126.0,0,20,4,32,72
606144.0,4,20,0,32,72
606167.0,4,20,0,32,72
606167.0,0,24,0,32,72
606245.0,0,24,0,32,72
606245.0,0,24,0,28,76
606257.0,0,24,0,32,72
606377.0,0,24,0,40,64
606425.0,0,24,0,40,64
606425.0,0,24,0,32,72
606441.0,0,24,0,32,72
606540.0,0,24,0,32,72
606540.0,0,24,0,28,76
606556.0,0,24,0,32,72
606611.0,0,24,0,32,72
606726.0,0,24,0,32,72
606800.0,0,24,0,96,8
606800.0,0,24,0,32,72
606833.0,0,24,0,32,72
606977.0,0,24,0,32,72
607028.0,0,24,0,40,64
607061.0,0,24,0,40,64
607111.0,0,24,0,40,64
607400.0,0,24,0,40,64
607400.0,0,24,7,33,64
607628.0,0,24,7,33,64
607628.0,0,24,15,25,64
607807.0,0,24,15,25,64
607952.0,0,23,15,26,64
607952.0,0,23,15,25,65
607977.0,0,23,15,26,64
608002.0,0,15,15,34,64
608002.0,0,15,15,26,72
608011.0,0,15,15,26,72
608285.0,0,15,15,26,72
608440.0,0,15,15,26,72
608541.0,0,6,15,35,72
608541.0,0,6,15,3,104
608577.0,0,6,15,3,104
608577.0,0,6,16,2,104
608586.0,0,4,16,4,104
608586.0,0,4,16,0,108
608604.0,0,4,16,4,104
608674.0,0,4,16,12,96
608844.0,0,4,16,12,96
608867.0,0,0,16,16,96
608867.0,0,0,16,12,100
608909.0,0,0,16,16,96
608999.0,0,0,16,48,64
608999.0,0,0,16,0,112
609059.0,0,0,16,16,96
609059.0,0,0,16,0,112
609200.0,7,0,9,0,112
609204.0,7,0,9,0,112
609215.0,7,0,9,0,112
609219.0,7,0,9,32,80
609219.0,7,0,9,0,112
609318.0,7,0,9,16,96
609318.0,0,7,9,12,100
609332.0,0,7,9,12,100
609334.0,0,7,9,12,100
609334.0,0,7,9,11,101
609350.0,0,7,9,12,100
609428.0,8,7,1,12,100
609533.0,8,7,1,12,100
609533.0,4,11,1,12,100
609591.0,4,11,1,76,36
609591.0,4,11,1,12,100
609602.0,4,11,1,44,68
609602.0,4,11,1,12,100
609615.0,4,11,1,16,96
609617.0,4,11,1,48,64
609617.0,4,11,1,16,96
609623.0,4,11,1,48,64
609623.0,4,11,1,16,96
609795.0,4,11,1,48,64
609795.0,4,11,1,16,96
609904.0,4,11,1,16,96
609904.0,0,15,1,16,96
609918.0,0,15,1,16,96
610191.0,0,15,1,16,96
610202.0,0,15,1,16,96
610217.0,0,15,1,16,96
610223.0,0,15,1,16,96
610286.0,0,15,1,16,96
610286.0,0,15,1,12,100
610377.0,1,15,0,12,100
610395.0,1,15,0,12,100
610395.0,1,15,11,1,100
610556.0,1,15,11,5,96
610767.0,1,15,11,5,96
610767.0,0,16,11,5,96
610888.0,0,16,11,5,96
610910.0,0,16,11,5,96
610964.0,0,16,11,5,96
610982.0,0,16,11,5,96
610994.0,0,16,11,5,96
611000.0,0,16,11,5,96
611118.0,0,16,11,5,96
611156.0,0,16,11,5,96
611156.0,0,16,14,2,96
611295.0,0,16,14,2,96
611322.0,0,16,14,2,96
611383.0,0,16,14,2,96
611460.0,0,16,14,34,64
611460.0,0,16,14,2,96
611496.0,0,16,14,2,96
611649.0,0,16,14,34,64
611649.0,0,16,14,2,96
611711.0,0,16,14,2,96
611794.0,0,16,14,34,64
611794.0,0,16,14,2,96
611839.0,0,16,14,2,96
611930.0,0,16,14,34,64
611930.0,0,16,14,2,96
612018.0,0,9,14,9,96
612018.0,0,9,14,1,104
612069.0,0,9,14,33,72
612069.0,0,9,14,1,104
612151.0,0,9,14,1,104
612195.0,11,9,3,1,104
612211.0,11,9,3,33,72
612211.0,11,9,3,1,104
612233.0,11,5,3,5,104
612233.0,11,5,3,1,108
612346.0,11,5,3,33,76
612346.0,11,5,3,1,108
612355.0,11,5,3,1,108
612479.0,11,5,3,33,76
612479.0,7,9,3,1,108
612530.0,7,9,3,5,104
612530.0,0,16,3,3,106
612599.0,0,16,3,3,106
612604.0,0,12,3,7,106
612604.0,0,12,3,3,110
612634.0,0,12,3,11,102
612634.0,0,12,3,3,110
612769.0,0,12,3,3,110
612820.0,0,12,3,35,78
612820.0,0,12,3,3,110
612839.0,0,12,3,3,110
612859.0,0,12,3,35,78
612859.0,0,12,3,3,110
612910.0,0,12,3,7,106
612910.0,0,12,3,3,110
612928.0,0,12,3,7,106
612928.0,0,12,3,3,110
612956.0,3,12,0,3,110
612976.0,3,12,0,7,106
612976.0,0,15,0,7,106
613012.0,0,15,0,7,106
613128.0,0,15,0,7,106
613130.0,0,15,0,7,106
613189.0,0,15,0,7,106
613216.0,0,15,0,7,106
613234.0,0,15,0,7,106
613245.0,0,15,0,7,106
613277.0,0,15,0,7,106
613298.0,0,15,0,7,106
613420.0,0,15,0,7,106
613459.0,0,15,0,7,106
613467.0,0,14,0,8,106
613467.0,0,14,0,6,108
613510.0,0,14,0,6,108
613564.0,0,14,0,8,106
613564.0,0,14,0,6,108
613722.0,0,14,0,6,108
613894.0,0,14,0,6,108
614047.0,0,14,0,6,108
614171.0,0,14,0,8,106
614233.0,0,14,0,8,106
614417.0,0,14,0,8,106
614657.0,0,14,0,8,106
614771.0,0,14,0,8,106
614771.0,0,14,2,6,106
614858.0,0,14,2,6,106
615050.0,0,14,2,6,106
615179.0,0,10,2,10,106
615179.0,0,10,2,6,110
615204.0,0,10,2,8,108
615230.0,0,3,2,15,108
615230.0,0,3,2,7,116
615273.0,0,3,2,11,112
615273.0,0,3,2,7,116
615277.0,0,3,2,11,112
615290.0,0,3,2,15,108
615290.0,0,3,2,7,116
615380.0,0,3,2,15,108
615380.0,0,3,2,7,116
615450.0,0,3,2,15,108
615450.0,0,3,2,7,116
615494.0,0,3,2,39,84
615494.0,0,3,2,7,116
615495.0,0,3,2,11,112
615495.0,0,3,2,7,116
615553.0,0,3,2,11,112
615676.0,0,0,2,14,112
615676.0,0,0,2,6,120
615736.0,0,0,2,38,88
615736.0,0,0,2,6,120
615748.0,0,0,2,14,112
615748.0,0,0,2,6,120
615804.0,0,0,2,6,120
615873.0,0,0,2,6,120
615890.0,0,0,2,6,120
615905.0,0,0,2,38,88
615905.0,0,0,2,6,120
615980.0,0,0,2,6,120
616050.0,0,0,2,6,120
616094.0,0,0,2,6,120
616095.0,0,0,2,6,120
616143.0,0,0,2,38,88
616143.0,0,0,2,6,120
616325.0,0,0,2,14,112
616325.0,0,0,2,6,120
616336.0,0,0,2,6,120
616343.0,0,0,2,6,120
616343.0,0,0,2,5,121
616344.0,0,0,2,37,89
616344.0,0,0,2,5,121
616348.0,0,0,2,5,121
616378.0,0,0,2,13,113
616378.0,0,0,2,5,121
616380.0,0,0,2,37,89
616380.0,0,0,2,5,121
616381.0,0,0,2,37,89
616381.0,0,0,2,5,121
616430.0,0,0,2,6,120
616505.0,0,0,2,6,120
616525.0,0,0,2,6,120
616571.0,2,0,0,6,120
616611.0,2,0,0,6,120
616611.0,0,2,0,6,120
616649.0,0,2,0,6,120
616649.0,0,2,0,4,122
616674.0,0,2,0,36,90
616674.0,0,2,0,4,122
616711.0,0,2,0,36,90
616711.0,0,2,0,4,122
616743.0,0,2,0,4,122
616919.0,0,2,0,36,90
616919.0,0,2,0,4,122
616925.0,0,2,0,4,122
616938.0,0,2,0,8,118
616944.0,0,2,0,8,118
616978.0,0,2,0,8,118
616980.0,0,2,0,8,118
616981.0,0,2,0,8,118
617089.0,0,2,0,40,86
617089.0,0,2,0,8,118
617108.0,0,2,0,12,114
617241.0,0,2,0,44,82
617241.0,0,2,0,12,114
617274.0,0,2,0,12,114
617311.0,0,2,0,12,114
617368.0,0,2,0,12,114
617368.0,0,2,0,4,122
617415.0,0,2,0,12,114
617425.0,0,2,0,44,82
617425.0,0,2,0,12,114
617519.0,0,2,0,12,114
617521.0,0,2,0,20,106
617606.0,0,2,0,52,74
617606.0,0,2,0,20,106
617615.0,0,2,0,20,106
617661.0,0,2,0,52,74
617661.0,0,2,0,12,114
617689.0,0,2,0,12,114
617707.0,0,2,0,20,106
617841.0,0,2,0,20,106
617909.0,0,2,0,20,106
617909.0,0,2,0,12,114
617915.0,0,2,0,22,104
618025.0,0,2,0,22,104
618206.0,0,2,0,22,104
618261.0,0,2,0,22,104
618261.0,0,2,2,20,104
618307.0,0,2,2,20,104
618307.0,0,2,10,12,104
618428.0,0,2,10,20,96
618498.0,0,2,10,52,64
618515.0,0,2,10,52,64
618515.0,0,2,20,42,64
618525.0,0,2,20,42,64
618525.0,0,2,20,38,68
618538.0,0,2,20,38,68
618538.0,0,2,20,6,100
618546.0,0,2,20,6,100
618598.0,0,2,20,10,96
618598.0,0,2,20,2,104
618676.0,0,2,20,34,72
618710.0,0,2,20,42,64
618766.0,0,2,20,42,64
618766.0,0,2,20,10,96
618798.0,0,2,20,10,96
618798.0,0,2,20,2,104
618799.0,0,2,20,2,104
618854.0,0,2,20,2,104
618862.0,0,2,20,2,104
618931.0,0,2,20,10,96
618931.0,0,2,20,2,104
618963.0,0,2,20,2,104
619028.0,0,2,20,2,104
619051.0,0,2,20,34,72
619051.0,0,2,20,18,88
619098.0,0,2,20,18,88
619106.0,0,2,20,18,88
619106.0,0,2,20,17,89
619107.0,0,2,20,21,85
619128.0,0,2,20,21,85
619128.0,0,2,20,17,89
619130.0,0,2,20,18,88
619136.0,0,2,20,18,88
619136.0,0,2,20,17,89
619149.0,0,2,20,18,88
619174.0,0,2,20,22,84
619202.0,0,2,20,26,80
619203.0,0,2,20,26,80
619276.0,0,2,20,26,80
619310.0,0,2,20,26,80
619311.0,0,0,20,28,80
619311.0,0,0,20,24,84
619440.0,0,0,20,56,52
619440.0,0,0,20,24,84
619644.0,0,0,20,24,84
619644.0,0,0,20,20,88
619651.0,0,0,20,20,88
619675.0,0,0,20,52,56
619688.0,0,0,20,52,56
619688.0,0,0,20,51,57
619712.0,0,0,20,55,53
619722.0,0,0,20,56,52
619735.0,0,0,20,56,52
619735.0,0,0,20,24,84
619800.0,0,0,20,24,84
619800.0,0,0,20,23,85
620003.0,0,0,20,23,85
620003.0,0,0,20,19,89
620027.0,0,0,20,19,89
620027.0,0,0,20,17,91
620040.0,0,0,20,17,91
620046.0,0,0,20,49,59
620061.0,2,0,18,49,59
620084.0,2,0,18,57,51
620107.0,10,0,10,57,51
620275.0,10,0,10,57,51
620275.0,10,0,22,45,51
620312.0,10,0,22,45,51
620312.0,10,0,26,41,51
620315.0,20,0,16,41,51
620322.0,20,0,16,41,51
620322.0,20,0,17,40,51
620362.0,20,0,17,40,51
620362.0,20,0,17,36,55
620406.0,20,0,17,40,51
620521.0,20,0,17,40,51
620521.0,20,0,17,32,59
620615.0,20,0,17,36,55
620642.0,20,0,17,36,55
620642.0,20,0,17,4,87
620646.0,20,0,17,4,87
620662.0,20,0,17,5,86
620713.0,20,0,17,5,86
620713.0,20,0,17,1,90
620792.0,20,0,17,1,90
620803.0,20,0,17,5,86
621215.0,20,0,17,5,86
621262.0,20,0,17,5,86
621262.0,20,0,18,4,86
621327.0,20,0,18,12,78
621327.0,0,20,18,12,78
621403.0,0,20,18,12,78
621744.0,0,20,18,12,78
622068.0,0,20,18,12,78
622075.0,12,20,6,12,78
622075.0,3,29,6,12,78
622112.0,7,29,2,12,78
622113.0,7,29,2,12,78
622122.0,8,29,1,12,78
622122.0,0,37,1,12,78
622544.0,0,37,1,12,78
622641.0,0,37,1,12,78
622849.0,0,37,1,12,78
622923.0,0,37,1,44,46
622923.0,0,37,1,12,78
622932.0,0,37,1,12,78
622994.0,0,37,1,12,78
623002.0,0,37,1,12,78
623062.0,1,37,0,12,78
623168.0,1,37,0,44,46
623168.0,1,37,0,36,54
623170.0,1,37,0,36,54
623215.0,1,37,0,40,50
623264.0,1,37,0,40,50
623273.0,1,37,0,40,50
623314.0,1,37,0,44,46
623314.0,1,37,0,12,78
623391.0,1,37,0,12,78
623450.0,1,37,0,12,78
623497.0,1,37,0,44,46
623497.0,1,37,0,12,78
623552.0,1,37,0,16,74
623552.0,1,37,0,15,75
623562.0,1,37,0,23,67
623571.0,1,37,0,24,66
623582.0,1,37,0,40,50
623610.0,1,37,0,44,46
623610.0,1,37,0,12,78
623641.0,1,37,0,12,78
623726.0,1,37,0,44,46
623726.0,1,37,0,35,55
623768.0,1,37,0,35,55
623791.0,1,37,0,43,47
624027.0,1,17,0,63,47
624027.0,1,17,0,31,79
624152.0,1,17,0,31,79
624268.0,1,17,0,31,79
624268.0,1,17,0,23,87
624326.0,1,17,0,23,87
624326.0,1,17,15,8,87
624331.0,1,17,15,16,79
624347.0,1,17,15,16,79
624347.0,1,17,15,8,87
624391.0,1,17,15,8,87
624431.0,1,17,15,16,79
624498.0,1,17,15,16,79
624775.0,1,8,15,25,79
624775.0,1,8,15,16,88
624822.0,1,0,15,24,88
624822.0,1,0,15,16,96
624931.0,1,0,15,16,96
624931.0,1,0,23,8,96
624937.0,1,0,23,40,64
624937.0,1,0,23,8,96
625031.0,1,0,23,8,96
625096.0,1,0,23,16,88
625147.0,1,0,23,16,88
625242.0,1,0,23,16,88
625331.0,1,0,23,17,87
625481.0,1,0,23,17,87
625537.0,1,0,23,17,87
625537.0,1,0,31,9,87
625594.0,1,0,31,9,87
625640.0,1,0,31,41,55
625640.0,1,0,31,9,87
625661.0,1,0,31,9,87
625661.0,0,1,31,9,87
625696.0,0,1,31,9,87
625709.0,0,1,31,41,55
625709.0,0,1,31,9,87
625773.0,0,1,31,17,79
625775.0,0,1,31,49,47
625775.0,0,1,31,17,79
625840.0,0,1,31,49,47
625840.0,0,1,31,17,79
625853.0,0,1,31,23,73
625970.0,0,1,31,23,73
625970.0,0,1,31,22,74
625987.0,0,1,31,23,73
626029.0,0,1,31,55,41
626126.0,15,1,16,55,41
626240.0,15,1,16,55,41
626292.0,15,1,16,55,41
626292.0,15,1,16,51,45
626309.0,15,1,16,51,45
626313.0,15,1,16,51,45
626313.0,15,1,16,49,47
626329.0,15,1,16,49,47
626329.0,15,1,16,17,79
626375.0,15,1,16,17,79
626421.0,15,1,16,49,47
626425.0,15,1,16,49,47
626425.0,15,1,16,45,51
626440.0,15,1,16,45,51
626442.0,15,1,16,49,47
626449.0,15,1,16,49,47
626449.0,15,1,16,17,79
626521.0,15,1,16,17,79
626521.0,15,1,16,13,83
626629.0,15,1,16,49,47
626731.0,23,1,8,49,47
627021.0,23,1,8,49,47
627021.0,23,1,14,43,47
627042.0,23,1,14,43,47
627042.0,23,1,18,39,47
627123.0,23,1,18,39,47
627123.0,23,1,18,7,79
627149.0,23,1,18,7,79
627149.0,15,9,18,7,79
627214.0,15,9,18,7,79
627214.0,15,9,18,6,80
627229.0,15,9,18,6,80
627229.0,15,9,21,3,80
627240.0,15,9,21,4,79
627337.0,23,9,13,4,79
627441.0,23,9,13,36,47
627512.0,23,9,13,36,47
627512.0,23,9,13,4,79
627561.0,23,9,13,4,79
627561.0,23,9,13,3,80
627562.0,23,9,13,3,80
627562.0,15,17,13,3,80
627601.0,15,17,13,4,79
627627.0,15,17,13,36,47
627840.0,15,17,13,36,47
627916.0,15,17,13,40,43
627919.0,15,17,13,42,41
627987.0,15,17,13,74,9
628041.0,15,17,13,74,9
628190.0,15,17,13,74,9
628190.0,15,17,13,73,10
628201.0,15,17,13,73,10
628206.0,15,17,13,74,9
628227.0,15,17,13,74,9
628227.0,15,17,45,42,9
628361.0,15,16,45,43,9
628361.0,15,16,45,39,13
628486.0,15,16,45,43,9
628516.0,15,16,45,43,9
628516.0,15,16,49,39,9
628519.0,15,16,49,39,9
628519.0,15,16,51,37,9
628531.0,15,16,51,37,9
628531.0,15,16,51,5,41
628587.0,15,16,51,5,41
628687.0,15,16,51,37,9
628692.0,15,16,51,37,9
628692.0,15,16,51,5,41
628696.0,15,16,51,5,41
628696.0,15,16,51,4,42
628735.0,15,16,51,5,41
628747.0,15,16,51,5,41
628747.0,7,24,51,5,41
628804.0,7,24,51,37,9
628806.0,7,24,51,37,9
628821.0,13,24,45,37,9
628842.0,17,24,41,37,9
628847.0,17,24,41,37,9
628847.0,17,24,41,5,41
628893.0,17,24,41,5,41
628893.0,17,24,41,1,45
628917.0,17,24,41,1,45
628917.0,15,26,41,1,45
629029.0,18,26,38,1,45
629132.0,18,26,38,33,13
629143.0,18,26,38,33,13
629143.0,18,26,38,1,45
629287.0,18,26,38,1,45
629318.0,18,26,38,33,13
629404.0,18,26,38,33,13
629537.0,18,26,38,33,13
629537.0,18,26,38,1,45
629628.0,18,26,38,1,45
629628.0,18,26,38,0,46
629651.0,18,26,38,32,14
629658.0,18,26,38,33,13
629732.0,18,26,38,33,13
629741.0,18,26,38,33,13
629741.0,18,26,38,1,45
629849.0,18,18,38,9,45
629849.0,18,18,38,1,53
629918.0,18,18,38,1,53
630027.0,50,18,6,1,53
630100.0,50,18,6,33,21
630138.0,50,18,6,33,21
630138.0,50,18,6,1,53
630144.0,50,18,6,9,45
630251.0,50,18,6,9,45
630258.0,50,18,6,9,45
630262.0,50,10,6,17,45
630262.0,50,10,6,9,53
630316.0,54,10,2,9,53
630319.0,56,10,0,9,53
630326.0,56,10,0,17,45
630539.0,56,10,0,21,41
630700.0,56,10,0,21,41
630700.0,56,10,1,20,41
630744.0,56,10,1,20,41
630744.0,56,10,9,12,41
630814.0,56,10,9,12,41
630814.0,56,10,9,11,42
630862.0,56,10,9,12,41
630888.0,56,10,9,12,41
630888.0,56,10,9,11,42
630906.0,56,10,9,12,41
630910.0,56,10,9,12,41
630910.0,56,10,9,8,45
630926.0,56,10,9,8,45
630926.0,56,10,11,6,45
630931.0,56,10,11,6,45
630931.0,56,10,11,4,47
630955.0,56,10,11,4,47
630955.0,24,42,11,4,47
631012.0,24,42,11,4,47
631012.0,16,50,11,4,47
631139.0,16,50,11,4,47
631139.0,16,50,13,2,47
631447.0,16,42,13,10,47
631447.0,16,42,13,2,55
631462.0,16,42,13,2,55
631462.0,16,42,14,1,55
631504.0,16,42,14,9,47
631506.0,16,42,14,9,47
631506.0,16,42,15,8,47
631617.0,16,40,15,10,47
631617.0,16,40,15,8,49
632104.0,16,40,15,8,49
632104.0,16,40,23,0,49
632500.0,17,40,22,0,49
632544.0,25,40,14,0,49
632622.0,25,40,14,4,45
632624.0,25,40,14,6,43
632657.0,25,40,14,6,43
632657.0,25,40,14,5,44
632673.0,25,40,14,6,43
632726.0,27,40,12,6,43
632751.0,27,40,12,6,43
632751.0,27,40,12,4,45
632760.0,27,40,12,4,45
632760.0,27,40,12,2,47
632769.0,27,40,12,2,47
632769.0,27,40,12,0,49
632782.0,27,40,12,0,49
632782.0,25,42,12,0,49
632793.0,25,42,12,0,49
632793.0,23,44,12,0,49
632866.0,23,44,12,2,47
632869.0,23,44,12,4,45
632870.0,23,44,12,6,43
632873.0,23,44,12,38,11
632939.0,25,44,10,38,11
632958.0,25,44,10,39,10
633222.0,25,44,10,39,10
633224.0,25,44,10,39,10
633244.0,25,44,10,41,8
633262.0,26,44,9,41,8
633306.0,27,44,8,41,8
633466.0,27,44,8,41,8
633466.0,27,44,10,39,8
633469.0,27,44,10,39,8
633469.0,27,44,12,37,8
633470.0,27,44,12,37,8
633470.0,27,44,14,35,8
633473.0,27,44,14,35,8
633473.0,27,44,46,3,8
633558.0,27,44,46,3,8
633558.0,27,44,47,2,8
633655.0,27,12,47,34,8
633655.0,27,12,47,2,40
633712.0,27,4,47,10,40
633712.0,27,4,47,2,48
633784.0,27,4,47,42,8
633844.0,27,4,47,42,8
633844.0,27,4,49,40,8
633904.0,35,4,41,40,8
633950.0,35,4,41,48,0
634384.0,35,4,41,48,0
634384.0,35,4,81,8,0
634550.0,35,4,81,8,0
634550.0,35,4,89,0,0
635266.0,37,4,87,0,0
635269.0,39,4,85,0,0
635270.0,41,4,83,0,0
635273.0,73,4,51,0,0
635358.0,74,4,50,0,0
635482.0,74,2,50,2,0
635482.0,74,2,50,0,2
635493.0,74,0,50,2,2
635493.0,74,0,50,0,4
635572.0,74,0,50,2,2
635573.0,74,0,50,4,0
635644.0,76,0,48,4,0
636172.0,76,0,48,4,0
636172.0,76,0,50,2,0
636173.0,76,0,50,2,0
636173.0,76,0,52,0,0
636184.0,116,0,12,0,0
636350.0,124,0,4,0,0
637972.0,126,0,2,0,0
637973.0,128,0,0,0,0
640142.0,128,0,0,0,0
640142.0,64,64,0,0,0
640169.0,64,64,0,0,0
640169.0,0,128,0,0,0
640404.0,0,128,0,0,0
640412.0,0,128,0,0,0
640421.0,0,128,0,0,0
640429.0,0,128,0,0,0
640440.0,0,128,0,0,0
640448.0,0,128,0,0,0
640456.0,0,128,0,0,0
640464.0,0,128,0,0,0
640694.0,0,128,0,0,0
642842.0,0,64,0,64,0
642842.0,0,64,0,0,64
642869.0,0,0,0,64,64
642869.0,0,0,0,0,128
643036.0,0,0,0,64,64
643036.0,0,0,0,16,112
643141.0,0,0,0,18,110
643147.0,0,0,0,20,108
643160.0,0,0,0,22,106
643170.0,0,0,0,24,104
643176.0,0,0,0,26,102
643184.0,0,0,0,28,100
643190.0,0,0,0,30,98
643239.0,0,0,0,32,96
643252.0,0,0,0,64,64
643636.0,0,0,0,64,64
643636.0,0,0,16,48,64
643694.0,0,0,16,48,64
643741.0,0,0,16,48,64
643741.0,0,0,18,46,64
643747.0,0,0,18,46,64
643747.0,0,0,20,44,64
643760.0,0,0,20,44,64
643760.0,0,0,22,42,64
643770.0,0,0,22,42,64
643770.0,0,0,24,40,64
643776.0,0,0,24,40,64
643776.0,0,0,26,38,64
643784.0,0,0,26,38,64
643784.0,0,0,28,36,64
643790.0,0,0,28,36,64
643790.0,0,0,30,34,64
643839.0,0,0,30,34,64
643839.0,0,0,32,32,64
643852.0,0,0,32,32,64
643852.0,0,0,64,0,64
644214.0,0,0,64,0,64
644820.0,0,0,64,0,64
645436.0,16,0,48,0,64
645541.0,18,0,46,0,64
645547.0,20,0,44,0,64
645560.0,22,0,42,0,64
645570.0,24,0,40,0,64
645576.0,26,0,38,0,64
645584.0,28,0,36,0,64
645590.0,30,0,34,0,64
645639.0,32,0,32,0,64
645652.0,64,0,0,0,64
645652.0,0,64,0,0,64
646100.0,0,64,0,0,64
646163.0,0,64,0,0,64
646466.0,0,64,0,64,0
646466.0,0,64,0,0,64
646996.0,0,64,0,32,32
646996.0,0,64,0,30,34
647008.0,0,64,0,32,32
647596.0,0,64,0,32,32
647596.0,0,64,30,2,32
647608.0,0,64,30,2,32
647608.0,0,64,32,0,32
647744.0,0,64,32,32,0
648344.0,0,64,32,32,0
648344.0,0,64,64,0,0
648352.0,0,0,64,64,0
648352.0,0,0,64,0,64
649396.0,30,0,34,0,64
649408.0,32,0,32,0,64
650144.0,64,0,0,0,64
653912.0,64,0,0,0,64
658566.0,64,0,0,64,0
658566.0,0,64,0,64,0
661266.0,0,0,0,128,0
661266.0,0,0,0,0,128
661364.0,0,0,0,128,0
661964.0,0,0,0,128,0
661964.0,0,0,128,0,0
663764.0,128,0,0,0,0
666483.0,128,0,0,0,0
666483.0,127,1,0,0,0
669183.0,127,0,0,1,0
669183.0,127,0,0,0,1
669186.0,127,0,0,1,0
669786.0,127,0,0,1,0
669786.0,127,0,1,0,0
671586.0,128,0,0,0,0
678129.0,128,0,0,0,0
678129.0,127,1,0,0,0
678361.0,127,1,0,0,0
678361.0,63,65,0,0,0
680829.0,63,64,0,1,0
680829.0,63,64,0,0,1
680845.0,63,64,0,1,0
681061.0,63,0,0,65,0
681061.0,63,0,0,1,64
681445.0,63,0,0,1,64
681445.0,63,0,1,0,64
683245.0,64,0,0,0,64
683622.0,64,0,0,0,64
683622.0,63,1,0,0,64
686322.0,63,0,0,1,64
686322.0,63,0,0,0,65
686345.0,63,0,0,1,64
686945.0,63,0,0,1,64
686945.0,63,0,1,0,64
688492.0,63,0,1,0,64
688492.0,62,1,1,0,64
688745.0,63,1,0,0,64
690104.0,63,1,0,0,64
690268.0,63,1,0,0,64
690409.0,63,1,0,0,64
691189.0,63,1,0,64,0
691189.0,63,1,0,63,1
691192.0,63,0,0,64,1
691192.0,63,0,0,63,2
691205.0,63,0,0,64,1
691208.0,63,0,0,65,0
691208.0,0,63,0,65,0
691789.0,0,63,0,65,0
692176.0,0,63,0,65,0
692226.0,0,63,0,65,0
692731.0,0,63,0,65,0
692786.0,0,63,0,65,0
693908.0,0,0,0,128,0
693908.0,0,0,0,0,128
694003.0,0,0,0,128,0
694003.0,0,0,0,0,128
694095.0,0,0,0,128,0
694095.0,0,0,0,62,66
694107.0,0,0,0,63,65
694117.0,0,0,0,64,64
694117.0,0,0,0,0,128
694322.0,0,0,0,0,128
694592.0,0,0,0,64,64
694592.0,0,0,0,0,128
694695.0,0,0,0,0,128
695631.0,0,0,0,64,64
696231.0,0,0,0,64,64
696231.0,0,0,64,0,64
698031.0,64,0,0,0,64
700923.0,64,0,0,0,64
700923.0,63,1,0,0,64
703293.0,63,1,0,0,64
703293.0,31,33,0,0,64
703321.0,31,33,0,0,64
703321.0,23,41,0,0,64
703623.0,23,40,0,1,64
703623.0,23,40,0,0,65
703626.0,23,40,0,1,64
703692.0,23,40,0,1,64
703692.0,23,40,0,0,65
703714.0,23,40,0,1,64
704226.0,23,40,0,1,64
704314.0,23,40,0,1,64
704314.0,23,40,1,0,64
704425.0,23,40,1,0,64
704425.0,22,41,1,0,64
704507.0,22,41,1,0,64
704693.0,22,41,1,64,0
704693.0,22,41,1,0,64
705635.0,22,41,1,0,64
705635.0,21,42,1,0,64
705993.0,21,10,1,32,64
705993.0,21,10,1,0,96
706021.0,21,2,1,8,96
706021.0,21,2,1,0,104
706090.0,21,2,1,32,72
706091.0,21,2,1,40,64
706114.0,22,2,0,40,64
706522.0,22,2,0,40,64
706522.0,22,2,0,39,65
706526.0,22,2,0,40,64
706690.0,22,2,0,40,64
706690.0,22,2,31,9,64
706691.0,22,2,31,9,64
706691.0,22,2,39,1,64
707125.0,22,1,39,2,64
707125.0,22,1,39,1,65
707126.0,22,1,39,1,65
707126.0,22,1,40,0,65
707142.0,22,1,40,1,64
707742.0,22,1,40,1,64
707742.0,22,1,41,0,64
708335.0,22,0,41,1,64
708335.0,22,0,41,0,65
708339.0,22,0,41,1,64
708490.0,53,0,10,1,64
708491.0,61,0,2,1,64
708926.0,62,0,1,1,64
708939.0,62,0,1,1,64
708939.0,62,0,2,0,64
709542.0,63,0,1,0,64
710029.0,63,0,1,0,64
710029.0,47,16,1,0,64
710031.0,47,16,1,0,64
710031.0,43,20,1,0,64
710032.0,43,20,1,0,64
710032.0,39,24,1,0,64
710035.0,39,24,1,0,64
710035.0,35,28,1,0,64
710036.0,35,28,1,0,64
710036.0,19,44,1,0,64
710038.0,19,44,1,0,64
710038.0,11,52,1,0,64
710056.0,11,52,1,0,64
710056.0,10,53,1,0,64
710282.0,10,53,1,0,64
710283.0,10,53,1,0,64
710285.0,10,53,1,0,64
710287.0,10,53,1,0,64
710290.0,10,53,1,0,64
710292.0,10,53,1,0,64
710739.0,11,53,0,0,64
711090.0,11,53,0,0,64
711119.0,11,53,0,0,64
711689.0,11,53,0,0,64
711734.0,11,53,0,0,64
712729.0,11,37,0,16,64
712729.0,11,37,0,0,80
712731.0,11,33,0,4,80
712731.0,11,33,0,0,84
712732.0,11,29,0,4,84
712732.0,11,29,0,0,88
712735.0,11,25,0,4,88
712735.0,11,25,0,0,92
712736.0,11,9,0,16,92
712736.0,11,9,0,0,108
712738.0,11,1,0,8,108
712738.0,11,1,0,0,116
712742.0,11,1,0,24,92
712742.0,7,5,0,0,116
712743.0,7,5,0,20,96
712743.0,0,12,0,4,112
712744.0,0,12,0,12,104
712756.0,0,11,0,13,104
712756.0,0,11,0,12,105
712760.0,0,11,0,13,104
712786.0,0,11,0,29,88
712789.0,0,11,0,33,84
712789.0,0,11,0,1,116
712791.0,0,11,0,21,96
712791.0,0,11,0,13,104
713340.0,0,11,0,21,96
713343.0,0,11,0,21,96
713366.0,0,11,0,53,64
713366.0,0,11,0,13,104
713391.0,0,11,0,13,104
713464.0,0,11,0,21,96
713510.0,0,11,0,53,64
713833.0,0,11,0,53,64
713833.0,0,11,0,21,96
713890.0,0,11,0,21,96
713890.0,0,11,0,13,104
713966.0,0,11,0,13,104
713995.0,0,11,0,45,72
713996.0,0,11,0,53,64
714110.0,0,11,0,53,64
714110.0,0,11,12,41,64
714595.0,0,11,12,41,64
714595.0,0,11,44,9,64
714596.0,0,11,44,9,64
714596.0,0,11,52,1,64
714949.0,0,11,52,1,64
714950.0,0,11,52,1,64
714952.0,0,11,52,1,64
714954.0,0,11,52,1,64
714955.0,0,11,52,1,64
714957.0,0,11,52,1,64
715244.0,0,11,52,1,64
715246.0,0,11,52,1,64
715247.0,0,11,52,1,64
715249.0,0,11,52,1,64
715251.0,0,11,52,1,64
715252.0,0,11,52,1,64
715360.0,0,11,52,1,64
715385.0,0,11,52,1,64
715442.0,0,7,52,5,64
715442.0,0,7,52,1,68
715443.0,0,0,52,8,68
715443.0,0,0,52,0,76
715484.0,0,0,52,8,68
715484.0,0,0,52,0,76
715487.0,0,0,52,4,72
715487.0,0,0,52,0,76
715492.0,0,0,52,4,72
715492.0,0,0,52,0,76
715493.0,0,0,52,4,72
715493.0,0,0,52,0,76
715496.0,0,0,52,4,72
715496.0,0,0,52,0,76
715586.0,0,0,52,4,72
715587.0,0,0,52,8,68
715587.0,0,0,52,0,76
715589.0,0,0,52,4,72
715591.0,0,0,52,12,64
715591.0,0,0,52,4,72
715682.0,0,0,52,12,64
715682.0,0,0,52,4,72
715792.0,0,0,52,12,64
715910.0,12,0,40,12,64
715910.0,0,12,40,12,64
716022.0,0,12,40,12,64
716022.0,0,12,40,11,65
716036.0,0,12,40,12,64
716186.0,0,12,40,12,64
716189.0,0,12,40,12,64
716191.0,0,12,40,12,64
716392.0,0,12,40,12,64
716392.0,0,12,47,5,64
716395.0,32,12,15,5,64
716395.0,0,44,15,5,64
716396.0,8,44,7,5,64
716636.0,8,44,7,5,64
716636.0,8,44,8,4,64
717272.0,8,44,8,4,64
717302.0,8,44,8,4,64
718192.0,15,44,1,4,64
718276.0,15,44,1,4,64
718305.0,15,44,1,4,64
718436.0,16,44,0,4,64
718436.0,0,60,0,4,64
718577.0,0,60,0,4,64
718610.0,0,48,0,16,64
718610.0,0,48,0,0,80
718622.0,0,48,0,16,64
718622.0,0,48,0,0,80
718730.0,0,48,0,8,72
718730.0,0,48,0,0,80
718745.0,0,48,0,8,72
719021.0,0,48,0,16,64
719095.0,0,16,0,48,64
719095.0,0,16,0,16,96
719101.0,0,16,0,32,80
719101.0,0,16,0,0,112
719194.0,0,16,0,16,96
719236.0,0,16,0,48,64
719236.0,0,16,0,16,96
719345.0,0,16,0,16,96
719375.0,0,16,0,48,64
719375.0,0,16,0,16,96
719526.0,0,16,0,48,64
719526.0,0,16,0,16,96
719569.0,0,16,0,16,96
719569.0,0,16,0,15,97
719583.0,0,16,0,16,96
719752.0,0,16,0,80,32
719794.0,0,16,0,80,32
719836.0,0,16,0,80,32
719849.0,0,16,0,112,0
719975.0,0,16,0,112,0
720126.0,0,16,0,112,0
720126.0,0,16,15,97,0
720183.0,0,16,15,97,0
720183.0,0,16,16,96,0
720352.0,0,16,16,96,0
720352.0,0,16,80,32,0
720449.0,0,16,80,32,0
720449.0,0,16,112,0,0
721136.0,0,0,112,16,0
721136.0,0,0,112,0,16
721227.0,0,0,112,16,0
721827.0,0,0,112,16,0
721827.0,0,0,128,0,0
721926.0,15,0,113,0,0
721983.0,16,0,112,0,0
722152.0,80,0,48,0,0
722249.0,112,0,16,0,0
722929.0,112,0,16,0,0
722929.0,96,16,16,0,0
722931.0,96,16,16,0,0
722931.0,32,80,16,0,0
723627.0,48,80,0,0,0
725629.0,48,64,0,16,0
725629.0,48,64,0,0,16
725631.0,48,0,0,64,16
725631.0,48,0,0,0,80
726962.0,48,0,0,0,80
726962.0,47,1,0,0,80
729662.0,47,0,0,1,80
729662.0,47,0,0,0,81
729677.0,47,0,0,1,80
730174.0,47,0,0,17,64
730277.0,47,0,0,17,64
730277.0,47,0,1,16,64
730774.0,47,0,1,16,64
730774.0,47,0,17,0,64
732077.0,48,0,16,0,64
732574.0,64,0,0,0,64
733130.0,64,0,0,0,64
733130.0,0,64,0,0,64
735829.0,0,64,0,64,0
735830.0,0,0,0,128,0
735830.0,0,0,0,64,64
736429.0,0,0,0,64,64
736429.0,0,0,64,0,64
737849.0,0,0,64,0,64
737974.0,0,0,64,0,64
738229.0,64,0,0,0,64
738229.0,63,1,0,0,64
739281.0,63,1,0,0,64
739459.0,63,1,0,0,64
740665.0,63,1,0,64,0
740665.0,61,3,0,0,64
740929.0,61,2,0,1,64
740929.0,61,2,0,0,65
740941.0,61,2,0,1,64
741541.0,61,2,0,1,64
741541.0,61,2,1,0,64
743341.0,62,2,0,0,64
743365.0,62,0,0,2,64
743365.0,62,0,0,0,66
743466.0,62,0,0,1,65
743504.0,62,0,0,2,64
744066.0,62,0,0,2,64
744066.0,62,0,1,1,64
744104.0,62,0,1,1,64
744104.0,62,0,2,0,64
745866.0,63,0,1,0,64
745904.0,64,0,0,0,64
750841.0,64,0,0,64,0
751441.0,64,0,0,64,0
751441.0,64,0,64,0,0
753241.0,128,0,0,0,0
759205.0,128,0,0,0,0
759205.0,64,64,0,0,0
759341.0,64,64,0,0,0
759341.0,32,96,0,0,0
759370.0,32,96,0,0,0
759370.0,24,104,0,0,0
759584.0,24,104,0,0,0
759607.0,24,104,0,0,0
760407.0,24,104,0,0,0
760439.0,24,104,0,0,0
760955.0,24,104,0,0,0
760981.0,24,104,0,0,0
761905.0,24,40,0,64,0
761905.0,24,40,0,0,64
762041.0,24,8,0,32,64
762041.0,24,8,0,0,96
762070.0,24,0,0,8,96
762070.0,24,0,0,0,104
762174.0,24,0,0,32,72
762174.0,16,8,0,0,104
762175.0,16,8,0,8,96
762175.0,0,24,0,8,96
762295.0,0,24,0,40,64
762295.0,0,24,0,8,96
762476.0,0,24,0,40,64
762476.0,0,24,0,8,96
762600.0,0,24,0,40,64
762775.0,0,24,0,40,64
762895.0,0,24,0,40,64
763076.0,0,24,0,40,64
763076.0,0,24,8,32,64
763200.0,0,24,8,32,64
763200.0,0,24,40,0,64
764874.0,0,16,40,8,64
764874.0,0,16,40,0,72
764875.0,0,0,40,16,72
764875.0,0,0,40,0,88
764876.0,8,0,32,0,88
764972.0,8,0,32,8,80
764974.0,8,0,32,16,72
765000.0,40,0,0,16,72
765024.0,40,0,0,24,64
765572.0,40,0,0,24,64
765572.0,40,0,8,16,64
765574.0,40,0,8,16,64
765574.0,40,0,16,8,64
765624.0,40,0,16,8,64
765624.0,40,0,24,0,64
767372.0,48,0,16,0,64
767374.0,56,0,8,0,64
767424.0,64,0,0,0,64
768592.0,64,0,0,0,64
768592.0,63,1,0,0,64
770021.0,63,1,0,0,64
770021.0,62,2,0,0,64
771292.0,62,1,0,1,64
771292.0,62,1,0,0,65
771308.0,62,1,0,1,64
771908.0,62,1,0,1,64
771908.0,62,1,1,0,64
772248.0,62,1,1,0,64
772248.0,61,2,1,0,64
772407.0,61,2,1,0,64
772407.0,60,3,1,0,64
772496.0,60,3,1,0,64
772496.0,59,4,1,0,64
772580.0,59,4,1,0,64
772580.0,51,12,1,0,64
772721.0,51,11,1,1,64
772721.0,51,11,1,0,65
772736.0,51,11,1,1,64
773113.0,51,11,1,1,64
773113.0,43,19,1,1,64
773183.0,43,19,1,1,64
773183.0,43,19,1,0,65
773203.0,43,19,1,1,64
773336.0,43,19,1,1,64
773356.0,43,19,1,1,64
773356.0,35,27,1,1,64
773489.0,35,27,1,1,64
773489.0,35,27,1,0,65
773523.0,35,27,1,1,64
773708.0,36,27,0,1,64
773759.0,36,27,0,1,64
773759.0,28,35,0,1,64
773803.0,28,35,0,1,64
773890.0,28,35,0,1,64
773890.0,20,43,0,1,64
774123.0,20,43,0,1,64
774123.0,20,43,1,0,64
774184.0,20,43,1,0,64
774184.0,19,44,1,0,64
774266.0,19,44,1,0,64
774266.0,18,45,1,0,64
774291.0,18,45,1,0,64
774291.0,17,46,1,0,64
774320.0,17,46,1,0,64
774320.0,16,47,1,0,64
774428.0,16,47,1,0,64
774428.0,8,55,1,0,64
774515.0,8,55,1,0,64
774515.0,0,63,1,0,64
774624.0,0,63,1,0,64
774647.0,0,63,1,0,64
774948.0,0,62,1,1,64
774948.0,0,62,1,0,65
774951.0,0,62,1,0,65
774962.0,0,62,1,0,65
775006.0,0,62,1,0,65
775055.0,0,62,1,1,64
775055.0,0,62,1,0,65
775060.0,0,62,1,1,64
775060.0,0,62,1,0,65
775063.0,0,62,1,1,64
775063.0,0,62,1,0,65
775067.0,0,62,1,1,64
775067.0,0,62,1,0,65
775070.0,0,62,1,1,64
775107.0,0,61,1,2,64
775107.0,0,61,1,1,65
775128.0,0,61,1,2,64
775140.0,0,61,1,2,64
775196.0,0,60,1,3,64
775196.0,0,60,1,2,65
775214.0,0,60,1,3,64
775280.0,0,52,1,11,64
775280.0,0,52,1,3,72
775300.0,0,52,1,11,64
775300.0,0,52,1,3,72
775330.0,0,52,1,11,64
775330.0,0,52,1,3,72
775393.0,0,52,1,11,64
775393.0,0,52,1,3,72
775483.0,0,52,1,3,72
775483.0,0,52,1,2,73
775486.0,0,52,1,10,65
775490.0,0,52,1,11,64
775562.0,0,52,1,11,64
775562.0,0,52,1,10,65
775566.0,0,52,1,11,64
775670.0,0,52,1,11,64
775813.0,0,44,1,19,64
775813.0,0,44,1,11,72
775852.0,0,44,1,19,64
775900.0,0,44,1,19,64
775923.0,1,44,0,19,64
775930.0,1,44,0,19,64
775993.0,1,44,0,19,64
775993.0,1,44,1,18,64
776056.0,1,36,1,26,64
776056.0,1,36,1,18,72
776086.0,1,36,1,18,72
776086.0,1,36,9,10,72
776090.0,1,36,9,10,72
776090.0,1,36,10,9,72
776158.0,1,36,10,17,64
776166.0,1,36,10,17,64
776166.0,1,36,11,16,64
776452.0,1,36,11,16,64
776452.0,1,36,19,8,64
776459.0,1,28,19,16,64
776459.0,1,28,19,8,72
776505.0,1,28,19,16,64
776590.0,1,20,19,24,64
776590.0,1,20,19,16,72
776730.0,1,20,19,24,64
776758.0,1,20,19,24,64
776758.0,1,20,27,16,64
776884.0,1,19,27,17,64
776884.0,1,19,27,16,65
776916.0,1,19,27,17,64
776966.0,1,18,27,18,64
776966.0,1,18,27,17,65
776982.0,1,18,27,81,1
776991.0,1,17,27,82,1
776991.0,1,17,27,81,2
776992.0,1,17,27,82,1
777007.0,1,17,27,83,0
777020.0,1,16,27,84,0
777020.0,1,16,27,83,1
777062.0,1,16,27,84,0
777105.0,1,16,27,84,0
777105.0,1,16,35,76,0
777128.0,1,8,35,84,0
777128.0,1,8,35,76,8
777149.0,1,8,35,84,0
777215.0,1,0,35,92,0
777215.0,1,0,35,84,8
777239.0,1,0,35,92,0
777330.0,1,0,35,92,0
777330.0,1,0,43,84,0
777516.0,1,0,43,84,0
777516.0,1,0,44,83,0
777582.0,1,0,44,83,0
777582.0,1,0,108,19,0
777592.0,1,0,108,19,0
777592.0,1,0,109,18,0
777607.0,1,0,109,18,0
777607.0,1,0,110,17,0
777662.0,1,0,110,17,0
777662.0,1,0,111,16,0
777749.0,1,0,111,16,0
777749.0,1,0,119,8,0
777793.0,2,0,118,8,0
777839.0,2,0,118,8,0
777839.0,2,0,126,0,0
777886.0,10,0,118,0,0
777890.0,11,0,117,0,0
777936.0,11,0,117,0,0
777936.0,10,1,117,0,0
777961.0,10,1,117,0,0
777966.0,11,1,116,0,0
778064.0,11,1,116,0,0
778252.0,19,1,108,0,0
778558.0,27,1,100,0,0
778905.0,35,1,92,0,0
779130.0,43,1,84,0,0
779316.0,44,1,83,0,0
779382.0,108,1,19,0,0
779382.0,43,66,19,0,0
779392.0,44,66,18,0,0
779407.0,45,66,17,0,0
779462.0,46,66,16,0,0
779549.0,54,66,8,0,0
779639.0,62,66,0,0,0
780636.0,62,65,0,1,0
780636.0,62,65,0,0,1
780659.0,62,65,0,0,1
780659.0,61,66,0,0,1
780663.0,61,66,0,1,0
781263.0,61,66,0,1,0
781263.0,61,66,1,0,0
782082.0,61,1,1,65,0
782082.0,61,1,1,0,65
782099.0,61,1,1,1,64
782699.0,61,1,1,1,64
782699.0,61,1,2,0,64
783063.0,62,1,1,0,64
783359.0,62,0,1,1,64
783359.0,62,0,1,0,65
783368.0,62,0,1,0,65
783373.0,62,0,1,1,64
783973.0,62,0,1,1,64
783973.0,62,0,2,0,64
784048.0,62,0,2,0,64
784499.0,63,0,1,0,64
784778.0,63,0,1,64,0
785378.0,63,0,1,64,0
785378.0,63,0,65,0,0
785403.0,63,0,65,0,0
785773.0,64,0,64,0,0
786808.0,64,0,64,0,0
787178.0,128,0,0,0,0
787178.0,0,128,0,0,0
787724.0,0,128,0,0,0
788165.0,0,128,0,0,0
789267.0,0,128,0,0,0
789878.0,0,0,0,128,0
789878.0,0,0,0,0,128
789974.0,0,0,0,128,0
789974.0,0,0,0,0,128
790592.0,0,0,0,0,128
791302.0,0,0,0,64,64
791302.0,0,0,0,62,66
791317.0,0,0,0,63,65
791362.0,0,0,0,64,64
791377.0,0,0,0,128,0
791377.0,0,0,0,0,128
791468.0,0,0,0,128,0
791468.0,0,0,0,0,128
791902.0,0,0,0,0,128
792016.0,0,0,0,0,128
792022.0,0,0,0,64,64
792022.0,0,0,0,0,128
793868.0,0,0,0,64,64
794468.0,0,0,0,64,64
794468.0,0,0,64,0,64
796268.0,64,0,0,0,64
796319.0,64,0,0,0,64
796319.0,63,1,0,0,64
796324.0,63,1,0,64,0
796400.0,63,1,0,64,0
796400.0,63,1,0,0,64
796924.0,63,1,0,0,64
799019.0,63,0,0,1,64
799019.0,63,0,0,0,65
799034.0,63,0,0,1,64
799634.0,63,0,0,1,64
799634.0,63,0,1,0,64
801434.0,64,0,0,0,64
802422.0,64,0,0,0,64
802422.0,63,1,0,0,64
805122.0,63,0,0,1,64
805122.0,63,0,0,0,65
805146.0,63,0,0,1,64
805746.0,63,0,0,1,64
805746.0,63,0,1,0,64
807546.0,64,0,0,0,64
808168.0,64,0,0,0,64
808168.0,63,1,0,0,64
808299.0,63,1,0,64,0
808302.0,63,1,0,64,0
808302.0,63,1,0,63,1
808321.0,63,1,0,64,0
808899.0,63,1,0,64,0
808899.0,63,1,63,1,0
808921.0,63,1,63,1,0
808921.0,63,1,64,0,0
809328.0,63,1,64,0,0
809328.0,47,17,64,0,0
809329.0,47,17,64,0,0
810699.0,110,17,1,0,0
810699.0,46,81,1,0,0
810721.0,47,81,0,0,0
810868.0,47,80,0,1,0
810868.0,47,80,0,0,1
810883.0,47,80,0,1,0
810919.0,47,80,0,1,0
810919.0,47,80,0,0,1
810924.0,47,80,0,1,0
811483.0,47,80,0,1,0
811524.0,47,80,0,1,0
811524.0,47,80,1,0,0
812028.0,47,64,1,16,0
812028.0,47,64,1,0,16
813324.0,48,64,0,0,16
813399.0,48,0,0,64,16
813399.0,48,0,0,0,80
822566.0,48,0,0,0,80
822952.0,48,0,0,16,64
823552.0,48,0,0,16,64
823552.0,48,0,16,0,64
824323.0,48,0,16,64,0
824923.0,48,0,16,64,0
824923.0,48,0,80,0,0
825352.0,64,0,64,0,0
826723.0,128,0,0,0,0
826723.0,0,128,0,0,0
829423.0,0,0,0,128,0
829423.0,0,0,0,0,128
829510.0,0,0,0,128,0
830110.0,0,0,0,128,0
830110.0,0,0,128,0,0
831910.0,128,0,0,0,0
851460.0,128,0,0,0,0
851460.0,124,4,0,0,0
851760.0,124,4,0,0,0
851760.0,116,12,0,0,0
851945.0,116,12,0,0,0
851945.0,114,14,0,0,0
852323.0,114,14,0,0,0
852323.0,98,30,0,0,0
852779.0,98,30,0,0,0
852779.0,66,62,0,0,0
853137.0,66,62,0,0,0
853137.0,34,94,0,0,0
853160.0,34,94,0,0,0
853160.0,26,102,0,0,0
853287.0,26,102,0,0,0
853287.0,22,106,0,0,0
853694.0,22,106,0,0,0
853694.0,18,110,0,0,0
854160.0,18,106,0,4,0
854160.0,18,106,0,0,4
854199.0,18,106,0,0,4
854210.0,18,106,0,4,0
854258.0,18,106,0,4,0
854334.0,18,106,0,4,0
854460.0,18,98,0,12,0
854460.0,18,98,0,4,8
854521.0,18,98,0,12,0
854645.0,18,96,0,14,0
854645.0,18,96,0,12,2
854692.0,18,96,0,14,0
854692.0,0,114,0,14,0
854810.0,0,114,0,14,0
854873.0,0,114,0,14,0
854874.0,0,114,0,14,0
854877.0,0,114,0,14,0
854879.0,0,114,0,14,0
854881.0,0,114,0,14,0
854967.0,0,114,0,14,0
855023.0,0,98,0,30,0
855023.0,0,98,0,14,16
855244.0,0,98,0,14,16
855246.0,0,98,0,14,16
855247.0,0,98,0,14,16
855249.0,0,98,0,14,16
855250.0,0,98,0,14,16
855359.0,0,98,0,14,16
855360.0,0,98,0,14,16
855362.0,0,98,0,14,16
855363.0,0,98,0,14,16
855365.0,0,98,0,14,16
855366.0,0,98,0,14,16
855381.0,0,98,0,30,0
855381.0,0,98,0,14,16
855392.0,0,98,0,30,0
855392.0,0,98,0,14,16
855396.0,0,98,0,18,12
855396.0,0,98,0,14,16
855398.0,0,98,0,18,12
855398.0,0,98,0,14,16
855401.0,0,98,0,18,12
855401.0,0,98,0,14,16
855402.0,0,98,0,18,12
855402.0,0,98,0,14,16
855403.0,0,98,0,22,8
855403.0,0,98,0,18,12
855429.0,0,98,0,26,4
855429.0,0,98,0,18,12
855430.0,0,98,0,22,8
855453.0,0,98,0,30,0
855453.0,0,98,0,14,16
855455.0,0,98,0,30,0
855455.0,0,98,0,14,16
855467.0,0,98,0,30,0
855467.0,0,98,0,14,16
855472.0,0,98,0,30,0
855472.0,0,98,0,14,16
855479.0,0,66,0,46,16
855479.0,0,66,0,14,48
855504.0,0,66,0,30,32
855504.0,0,66,0,14,48
855529.0,0,66,0,30,32
855607.0,0,66,0,30,32
855607.0,0,66,0,14,48
855609.0,0,66,0,14,48
855611.0,0,66,0,14,48
855613.0,0,66,0,14,48
855615.0,0,66,0,14,48
855617.0,0,66,0,14,48
855682.0,0,66,0,30,32
855682.0,0,66,0,18,44
855719.0,0,66,0,18,44
855719.0,0,66,0,17,45
855744.0,0,66,0,18,44
855749.0,0,66,0,22,40
855749.0,0,66,0,14,48
855750.0,0,66,0,18,44
855752.0,0,66,0,22,40
855779.0,0,66,0,22,40
855780.0,0,66,0,22,40
855780.0,0,66,0,14,48
855782.0,0,66,0,14,48
855783.0,0,66,0,14,48
855785.0,0,66,0,14,48
855787.0,0,66,0,22,40
855787.0,0,66,0,14,48
855793.0,0,66,0,22,40
855793.0,0,66,0,14,48
855799.0,0,66,0,22,40
855808.0,0,66,0,22,40
855813.0,0,66,0,30,32
855813.0,0,66,0,14,48
855837.0,0,34,0,46,48
855837.0,0,34,0,14,80
855860.0,0,26,0,22,80
855860.0,0,26,0,14,88
855879.0,0,26,0,30,72
855907.0,0,26,0,30,72
855910.0,0,26,0,30,72
855910.0,0,26,0,22,80
855912.0,0,26,0,22,80
855912.0,0,26,0,14,88
855915.0,0,26,0,14,88
855918.0,0,26,0,22,80
855918.0,0,26,0,14,88
855919.0,0,26,0,22,80
855923.0,0,26,0,30,72
855987.0,0,22,0,34,72
855987.0,0,22,0,30,76
855996.0,0,22,0,30,76
856003.0,0,22,0,30,76
856129.0,0,22,0,30,76
856282.0,0,22,0,30,76
856350.0,0,22,0,30,76
856361.0,0,22,0,34,72
856394.0,0,18,0,38,72
856394.0,0,18,0,34,76
856399.0,0,18,0,34,76
856427.0,0,18,0,34,76
856445.0,0,18,0,66,44
856445.0,0,18,0,26,84
856446.0,0,18,0,34,76
856479.0,0,18,0,34,76
856519.0,0,18,0,34,76
856730.0,0,18,0,66,44
856730.0,0,18,0,34,76
856812.0,0,18,0,34,76
856814.0,0,18,0,34,76
856816.0,0,18,0,34,76
856818.0,0,18,0,34,76
857045.0,0,18,0,34,76
857057.0,0,18,0,34,76
857130.0,0,18,0,34,76
857132.0,0,18,0,34,76
857133.0,0,18,0,34,76
857135.0,0,18,0,34,76
857330.0,0,18,0,34,76
857330.0,0,18,20,14,76
857392.0,0,0,20,32,76
857392.0,0,0,20,0,108
857451.0,0,0,20,0,108
857452.0,0,0,20,0,108
857454.0,0,0,20,0,108
857456.0,0,0,20,0,108
857471.0,0,0,20,32,76
857471.0,0,0,20,0,108
857479.0,0,0,20,32,76
857479.0,0,0,20,0,108
857484.0,0,0,20,32,76
857484.0,0,0,20,0,108
857748.0,0,0,20,0,108
857812.0,0,0,20,0,108
857838.0,0,0,20,0,108
857861.0,0,0,20,0,108
857882.0,0,0,20,0,108
858009.0,0,0,20,4,104
858009.0,0,0,20,1,107
858030.0,0,0,20,2,106
858035.0,0,0,20,3,105
858053.0,0,0,20,4,104
858082.0,0,0,20,36,72
858082.0,0,0,20,0,108
858093.0,0,0,20,32,76
858093.0,0,0,20,0,108
858144.0,0,0,20,4,104
858144.0,0,0,20,0,108
858193.0,0,0,20,4,104
858193.0,0,0,20,0,108
858609.0,0,0,20,0,108
858824.0,0,0,20,32,76
858824.0,0,0,20,0,108
858833.0,0,0,20,32,76
858833.0,0,0,20,0,108
858838.0,0,0,20,24,84
858839.0,0,0,20,32,76
858839.0,0,0,20,0,108
858846.0,0,0,20,32,76
858846.0,0,0,20,8,100
858849.0,0,0,20,16,92
858850.0,0,0,20,32,76
858850.0,0,0,20,0,108
858859.0,0,0,20,32,76
858859.0,0,0,20,22,86
858867.0,0,0,20,30,78
859130.0,20,0,0,30,78
859130.0,0,20,0,30,78
859438.0,0,20,0,30,78
859446.0,0,20,0,30,78
859459.0,0,20,0,30,78
859459.0,0,20,10,20,78
859467.0,0,20,10,20,78
859467.0,0,20,18,12,78
859789.0,0,20,18,16,74
860389.0,0,20,18,16,74
860389.0,0,20,22,12,74
860432.0,0,20,22,14,72
861032.0,0,20,22,14,72
861032.0,0,20,24,12,72
861110.0,0,20,24,44,40
861259.0,10,20,14,44,40
861267.0,18,20,6,44,40
861545.0,18,20,6,52,32
861621.0,18,20,6,84,0
861710.0,18,20,6,84,0
861710.0,18,20,38,52,0
861830.0,18,0,38,72,0
861830.0,18,0,38,40,32
862145.0,18,0,38,40,32
862145.0,18,0,46,32,32
862189.0,22,0,42,32,32
862221.0,22,0,42,32,32
862221.0,22,0,74,0,32
862252.0,22,0,74,32,0
862832.0,24,0,72,32,0
862852.0,24,0,72,32,0
862852.0,24,0,104,0,0
863188.0,24,0,104,0,0
863188.0,23,1,104,0,0
863202.0,23,1,104,0,0
863218.0,23,1,104,0,0
863289.0,23,1,104,0,0
863510.0,55,1,72,0,0
863510.0,23,33,72,0,0
863609.0,23,33,72,0,0
863615.0,23,33,72,0,0
863632.0,23,33,72,0,0
863639.0,23,33,72,0,0
863644.0,23,33,72,0,0
863647.0,23,33,72,0,0
863831.0,23,33,72,0,0
863945.0,31,33,64,0,0
864021.0,63,33,32,0,0
864021.0,31,65,32,0,0
864652.0,63,65,0,0,0
864652.0,3,125,0,0,0
864739.0,3,125,0,0,0
864873.0,3,125,0,0,0
864875.0,3,125,0,0,0
864881.0,3,125,0,0,0
864883.0,3,125,0,0,0
864911.0,3,125,0,0,0
864923.0,3,125,0,0,0
865129.0,3,125,0,0,0
865131.0,3,125,0,0,0
865133.0,3,125,0,0,0
865135.0,3,125,0,0,0
865656.0,3,125,0,0,0
865685.0,3,125,0,0,0
865785.0,3,125,0,0,0
865810.0,3,125,0,0,0
865888.0,3,124,0,1,0
865888.0,3,124,0,0,1
865920.0,3,124,0,1,0
866171.0,3,124,0,1,0
866210.0,3,92,0,33,0
866210.0,3,92,0,1,32
866212.0,3,92,0,33,0
866212.0,3,92,0,1,32
866251.0,3,92,0,1,32
866251.0,2,93,0,1,32
866404.0,2,93,0,9,24
866404.0,2,93,0,1,32
866445.0,2,93,0,9,24
866445.0,2,93,0,1,32
866481.0,2,93,0,9,24
866481.0,2,93,0,1,32
866515.0,2,93,0,9,24
866515.0,2,93,0,1,32
866520.0,2,93,0,1,32
866601.0,2,93,0,9,24
866601.0,2,93,0,1,32
866655.0,2,93,0,9,24
866658.0,2,93,0,17,16
866658.0,2,93,0,1,32
866661.0,2,93,0,17,16
866661.0,2,93,0,1,32
866668.0,2,93,0,17,16
866668.0,2,93,0,1,32
866698.0,2,93,0,1,32
866721.0,2,61,0,33,32
866721.0,2,61,0,1,64
866751.0,2,61,0,9,56
866752.0,2,61,0,17,48
866810.0,2,61,0,33,32
866810.0,2,61,0,1,64
866812.0,2,61,0,1,64
866853.0,2,61,0,33,32
866853.0,0,63,0,17,48
866971.0,0,63,0,17,48
867000.0,0,63,0,17,48
867004.0,0,63,0,17,48
867258.0,0,63,0,17,48
867261.0,0,63,0,17,48
867352.0,0,3,0,77,48
867352.0,0,3,0,17,108
867380.0,0,3,0,17,108
867410.0,0,3,0,17,108
867453.0,0,3,0,17,108
867453.0,0,3,11,6,108
867688.0,0,3,11,6,108
867805.0,0,3,11,10,104
867805.0,0,3,11,9,105
867812.0,0,3,11,13,101
867831.0,0,3,11,17,97
867837.0,0,3,11,33,81
867837.0,0,3,11,17,97
867857.0,0,3,11,17,97
867910.0,0,3,11,18,96
868213.0,0,3,11,18,96
868219.0,0,3,11,18,96
868219.0,0,3,11,17,97
868233.0,0,3,11,17,97
868233.0,0,3,11,16,98
868237.0,0,3,11,32,82
868237.0,0,3,11,16,98
868238.0,0,3,11,17,97
868284.0,0,3,11,17,97
868284.0,0,3,11,13,101
868327.0,0,3,11,14,100
868348.0,0,3,11,14,100
868348.0,0,3,11,13,101
868353.0,0,3,11,45,69
868353.0,0,3,11,13,101
868374.0,0,3,11,14,100
868381.0,0,3,11,14,100
868381.0,0,3,11,10,104
868405.0,0,3,11,10,104
868406.0,0,3,11,10,104
868406.0,0,3,11,8,106
868437.0,0,3,11,8,106
868442.0,0,3,11,40,74
868442.0,0,3,11,8,106
868524.0,0,3,11,40,74
868524.0,0,3,11,8,106
868641.0,0,3,11,12,102
868649.0,0,3,11,28,86
868837.0,0,3,11,28,86
868877.0,0,3,11,44,70
868877.0,0,3,11,12,102
868938.0,0,3,11,44,70
868938.0,0,3,11,12,102
868951.0,0,2,11,13,102
868951.0,0,2,11,12,103
868953.0,0,2,11,12,103
868956.0,0,2,11,13,102
868982.0,0,2,11,45,70
868982.0,0,2,11,13,102
869037.0,0,2,11,13,102
869042.0,0,2,11,13,102
869106.0,0,2,11,45,70
869106.0,0,2,11,13,102
869124.0,0,2,11,13,102
869221.0,0,2,11,45,70
869221.0,0,2,11,13,102
869253.0,11,2,0,13,102
869477.0,11,2,0,13,102
869538.0,11,2,0,13,102
869553.0,11,0,0,15,102
869553.0,11,0,0,7,110
869582.0,11,0,0,7,110
869613.0,11,0,0,7,110
869648.0,11,0,0,39,78
869648.0,11,0,0,7,110
869678.0,11,0,0,39,78
869678.0,11,0,0,7,110
869706.0,11,0,0,7,110
869782.0,11,0,0,39,78
869782.0,11,0,0,7,110
869821.0,11,0,0,7,110
869825.0,11,0,0,39,78
869826.0,11,0,0,39,78
869826.0,11,0,0,23,94
870001.0,11,0,0,27,90
870003.0,11,0,0,29,88
870078.0,11,0,0,45,72
870199.0,11,0,0,45,72
870199.0,11,0,0,29,88
870248.0,11,0,0,29,88
870278.0,11,0,0,29,88
870382.0,11,0,0,29,88
870425.0,11,0,0,29,88
870425.0,11,0,7,22,88
870442.0,11,0,7,54,56
870601.0,11,0,7,54,56
870601.0,11,0,11,50,56
870603.0,11,0,11,50,56
870603.0,11,0,13,48,56
870678.0,11,0,13,48,56
870678.0,11,0,29,32,56
870689.0,11,0,29,48,40
870903.0,11,0,29,48,40
870903.0,11,0,29,32,56
871042.0,11,0,29,32,56
871042.0,11,0,45,16,56
871151.0,11,0,45,32,40
871289.0,11,0,45,32,40
871289.0,11,0,61,16,40
871626.0,11,0,61,16,40
871626.0,11,0,61,15,41
871670.0,11,0,61,16,40
871682.0,11,0,61,16,40
871682.0,11,0,61,15,41
871700.0,11,0,61,16,40
871706.0,11,0,61,16,40
871706.0,11,0,61,12,44
871728.0,11,0,61,12,44
871728.0,11,0,61,10,46
871735.0,11,0,61,14,42
871748.0,11,0,61,16,40
871751.0,11,0,61,16,40
871751.0,11,0,69,8,40
872015.0,11,0,69,8,40
872015.0,11,0,69,4,44
872036.0,11,0,69,4,44
872036.0,11,0,69,2,46
872225.0,18,0,62,2,46
872270.0,18,0,62,2,46
872335.0,18,0,62,2,46
872348.0,18,0,62,2,46
872348.0,18,0,64,0,46
872401.0,22,0,60,0,46
872403.0,24,0,58,0,46
872478.0,40,0,42,0,46
872615.0,40,0,42,0,46
872615.0,24,16,42,0,46
872842.0,40,16,26,0,46
872842.0,39,17,26,0,46
872926.0,39,17,26,0,46
872926.0,38,18,26,0,46
872948.0,38,18,26,4,42
872949.0,38,18,26,6,40
872951.0,38,18,26,6,40
872951.0,38,18,26,2,44
872978.0,38,18,26,2,44
872978.0,38,18,26,0,46
873089.0,54,18,10,0,46
873548.0,54,18,10,0,46
873549.0,54,18,10,0,46
873551.0,62,18,2,0,46
873791.0,62,18,2,4,42
873792.0,62,18,2,6,40
873793.0,62,18,2,6,40
873793.0,62,18,2,2,44
873814.0,62,18,2,2,44
873814.0,62,18,2,0,46
873871.0,62,18,2,0,46
873871.0,58,22,2,0,46
874019.0,58,22,2,0,46
874019.0,57,23,2,0,46
874056.0,57,23,2,0,46
874056.0,53,27,2,0,46
874073.0,53,27,2,0,46
874073.0,52,28,2,0,46
874110.0,52,28,2,0,46
874110.0,51,29,2,0,46
874148.0,53,29,0,0,46
874303.0,53,29,0,0,46
874303.0,52,30,0,0,46
874313.0,52,30,0,0,46
874378.0,52,30,0,0,46
874387.0,52,30,0,4,42
874388.0,52,30,0,6,40
874391.0,52,30,0,6,40
874392.0,52,30,0,6,40
874500.0,52,30,0,6,40
874500.0,52,30,0,5,41
874508.0,52,30,0,5,41
874532.0,52,30,0,6,40
874538.0,52,30,0,6,40
874538.0,51,31,0,6,40
874677.0,51,31,0,6,40
874677.0,50,32,0,6,40
874801.0,50,32,0,6,40
874803.0,50,32,0,6,40
874803.0,49,33,0,6,40
874806.0,49,33,0,6,40
874806.0,45,37,0,6,40
874831.0,45,37,0,6,40
874831.0,43,39,0,6,40
874877.0,43,39,0,6,40
874904.0,43,39,0,6,40
874904.0,39,43,0,6,40
874929.0,39,43,0,6,40
874929.0,38,44,0,6,40
874987.0,38,44,0,6,40
874987.0,38,44,3,3,40
874988.0,38,44,3,3,40
874988.0,38,44,5,1,40
875013.0,38,44,5,1,40
875018.0,38,44,5,1,40
875132.0,38,44,5,1,40
875132.0,38,44,6,0,40
875262.0,38,44,6,0,40
875301.0,38,44,6,0,40
875315.0,38,28,6,16,40
875315.0,38,28,6,0,56
875340.0,38,28,6,0,56
875542.0,38,27,6,1,56
875542.0,38,27,6,0,57
875588.0,38,27,6,0,57
875606.0,38,27,6,1,56
875626.0,38,26,6,2,56
875626.0,38,26,6,1,57
875631.0,38,26,6,1,57
875647.0,38,26,6,2,56
875696.0,38,26,6,18,40
875696.0,38,26,6,2,56
875736.0,38,26,6,2,56
875736.0,37,27,6,2,56
875740.0,37,27,6,2,56
875769.0,37,27,6,2,56
875790.0,37,27,6,2,56
875790.0,35,29,6,2,56
875885.0,35,29,6,2,56
875885.0,34,30,6,2,56
875899.0,34,30,6,2,56
875899.0,33,31,6,2,56
876022.0,33,31,6,2,56
876067.0,33,31,6,2,56
876069.0,33,31,6,18,40
876069.0,33,31,6,2,56
876206.0,33,31,6,2,56
876263.0,33,31,6,2,56
876296.0,33,31,6,2,56
876296.0,33,31,8,0,56
876304.0,33,31,8,0,56
876350.0,33,31,8,0,56
876404.0,33,31,8,0,56
876414.0,33,31,8,16,40
876414.0,31,33,8,4,52
876437.0,31,33,8,4,52
876464.0,31,33,8,8,48
876480.0,31,33,8,12,44
876546.0,31,33,8,16,40
876546.0,31,33,8,0,56
876554.0,31,33,8,0,56
876571.0,31,29,8,4,56
876571.0,31,29,8,0,60
876616.0,31,29,8,4,56
876617.0,31,29,8,4,56
876617.0,30,30,8,4,56
876689.0,30,30,8,4,56
876718.0,30,30,8,4,56
876718.0,29,31,8,4,56
876719.0,29,30,8,5,56
876719.0,29,30,8,4,57
876750.0,29,30,8,5,56
876756.0,29,26,8,9,56
876756.0,29,26,8,5,60
876773.0,29,25,8,6,60
876773.0,29,25,8,5,61
876787.0,32,25,5,5,61
876788.0,34,25,3,5,61
876801.0,34,25,3,21,45
876801.0,34,25,3,5,61
876802.0,34,25,3,6,60
876808.0,34,25,3,6,60
876809.0,34,25,3,6,60
876810.0,34,24,3,7,60
876810.0,34,24,3,6,61
876870.0,34,24,3,10,57
876932.0,35,24,2,10,57
876935.0,35,24,2,11,56
877003.0,35,23,2,12,56
877003.0,35,23,2,11,57
877014.0,35,23,2,11,57
877035.0,35,23,2,12,56
877176.0,35,23,2,12,56
877188.0,35,23,2,28,40
877205.0,35,23,2,60,8
877205.0,0,58,2,60,8
877216.0,0,58,2,60,8
877238.0,0,57,2,61,8
877238.0,0,57,2,60,9
877287.0,0,57,2,61,8
877287.0,0,57,2,29,40
877306.0,0,57,2,29,40
877377.0,0,56,2,30,40
877377.0,0,56,2,29,41
877401.0,0,56,2,29,41
877409.0,0,56,2,30,40
877503.0,0,55,2,31,40
877503.0,0,55,2,30,41
877506.0,0,51,2,34,41
877506.0,0,51,2,30,45
877509.0,0,51,2,30,45
877516.0,0,51,2,30,45
877531.0,0,49,2,32,45
877531.0,0,49,2,30,47
877537.0,0,49,2,31,46
877604.0,0,45,2,35,46
877604.0,0,45,2,31,50
877613.0,0,45,2,31,50
877613.0,0,45,2,30,51
877623.0,0,45,2,34,47
877629.0,0,44,2,35,47
877629.0,0,44,2,34,48
877651.0,0,44,2,35,47
877660.0,0,44,2,36,46
877670.0,0,44,2,36,46
877670.0,0,44,2,35,47
877689.0,0,44,2,36,46
877693.0,0,44,2,36,46
877693.0,0,44,2,32,50
877714.0,0,44,2,32,50
877714.0,0,44,2,30,52
877805.0,0,44,2,30,52
877873.0,0,44,2,30,52
877873.0,0,44,2,29,53
877889.0,0,44,2,30,52
878009.0,0,44,2,30,52
878039.0,0,44,2,30,52
878096.0,2,44,0,30,52
878137.0,2,44,0,30,52
878147.0,2,44,0,30,52
878210.0,2,44,0,38,44
878289.0,2,44,0,38,44
878327.0,2,44,0,42,40
878330.0,2,44,0,44,38
878393.0,2,44,0,44,38
878436.0,2,43,0,45,38
878436.0,2,43,0,44,39
878489.0,2,43,0,44,39
878489.0,2,43,1,43,39
878490.0,2,41,1,45,39
878490.0,2,41,1,43,41
878508.0,2,41,1,43,41
878538.0,2,41,1,43,41
878547.0,2,41,1,44,40
878585.0,2,40,1,45,40
878585.0,2,40,1,44,41
878599.0,2,39,1,45,41
878599.0,2,39,1,44,42
878610.0,2,39,1,45,41
878610.0,2,39,1,29,57
878683.0,2,39,1,30,56
878719.0,2,39,1,36,50
878721.0,2,39,1,36,50
878743.0,2,39,1,36,50
878810.0,2,39,1,36,50
878834.0,2,39,1,36,50
878907.0,2,39,1,52,34
878907.0,2,39,1,36,50
879032.0,2,39,1,36,50
879075.0,2,39,1,52,34
879100.0,2,39,1,52,34
879114.0,2,37,1,54,34
879114.0,2,37,1,52,36
879124.0,2,37,1,84,4
879124.0,0,39,1,82,6
879134.0,0,39,1,83,5
879257.0,0,39,1,83,5
879283.0,0,39,1,83,5
879317.0,0,38,1,84,5
879317.0,0,38,1,83,6
879319.0,0,38,1,83,6
879319.0,0,38,2,82,6
879327.0,0,38,2,83,5
879418.0,0,37,2,84,5
879418.0,0,37,2,83,6
879426.0,0,37,2,84,5
879507.0,0,37,2,84,5
879507.0,0,37,8,78,5
879583.0,0,37,8,78,5
879675.0,0,37,8,78,5
879675.0,0,37,24,62,5
879675.0,0,37,24,38,29
879724.0,0,37,24,38,29
879724.0,0,37,31,31,29
879795.0,0,37,31,31,29
879803.0,0,37,31,31,29
879826.0,0,37,31,31,29
879905.0,0,2,31,66,29
879905.0,0,2,31,2,93
879908.0,0,2,31,2,93
879922.0,0,2,31,2,93
880012.0,0,2,31,2,93
880049.0,0,2,31,18,77
880049.0,0,2,31,17,78
880051.0,0,2,31,17,78
880070.0,0,2,31,18,77
880086.0,0,2,31,82,13
880086.0,0,2,31,2,93
880135.0,0,2,31,6,89
880135.0,0,2,31,2,93
880182.0,0,2,31,4,91
880182.0,0,2,31,2,93
880230.0,0,2,31,66,29
880230.0,0,2,31,2,93
880289.0,1,2,30,2,93
880296.0,1,2,30,2,93
880354.0,1,2,30,2,93
880360.0,1,2,30,66,29
880360.0,1,2,30,2,93
880376.0,1,2,30,18,77
880376.0,0,3,30,18,77
880391.0,0,3,30,20,75
880496.0,0,3,30,84,11
880496.0,0,3,30,20,75
880571.0,0,3,30,20,75
880642.0,0,3,30,84,11
880642.0,0,3,30,20,75
880648.0,0,3,30,20,75
880648.0,0,3,30,19,76
880649.0,0,3,30,19,76
880660.0,0,3,30,19,76
880700.0,0,3,30,51,44
880700.0,0,3,30,19,76
880701.0,0,3,30,20,75
880755.0,0,3,30,24,71
880755.0,0,3,30,20,75
880860.0,0,3,30,24,71
880860.0,0,3,30,20,75
880863.0,0,3,30,52,43
880863.0,0,3,30,20,75
880933.0,0,3,30,24,71
880976.0,0,3,30,24,71
881036.0,0,3,30,28,67
881036.0,0,3,30,20,75
881066.0,0,3,30,22,73
881096.0,0,3,30,22,73
881119.0,1,3,29,22,73
881147.0,1,3,29,38,57
881147.0,1,3,29,22,73
881149.0,1,3,29,22,73
881149.0,0,4,29,22,73
881159.0,0,4,29,22,73
881170.0,0,4,29,22,73
881196.0,0,4,29,38,57
881242.0,0,4,29,38,57
881300.0,0,4,29,38,57
881301.0,0,4,29,38,57
881307.0,6,4,23,38,57
881459.0,6,4,23,54,41
881459.0,6,4,23,22,73
881463.0,6,4,23,22,73
881475.0,22,4,7,22,73
881475.0,6,20,7,22,73
881524.0,13,20,0,22,73
881738.0,13,20,0,54,41
881738.0,13,20,0,22,73
881747.0,13,20,0,22,73
881824.0,13,18,0,24,73
881824.0,13,18,0,20,77
881844.0,13,18,0,20,77
881999.0,13,18,0,20,77
882010.0,13,18,0,20,77
882010.0,12,19,0,20,77
882056.0,12,19,0,36,61
882059.0,12,19,0,36,61
882098.0,12,19,0,52,45
882098.0,10,21,0,20,77
882229.0,10,21,0,52,45
882229.0,10,21,0,20,77
882289.0,10,21,0,20,77
882306.0,10,21,0,20,77
882338.0,10,21,0,20,77
882395.0,10,21,0,20,77
882430.0,10,21,0,20,77
882451.0,10,21,0,20,77
882553.0,10,21,0,20,77
882631.0,10,21,0,20,77
882698.0,10,21,0,20,77
882699.0,10,21,0,52,45
882699.0,10,21,0,18,79
882731.0,10,21,0,19,78
882765.0,10,21,0,20,77
882790.0,10,21,0,20,77
882829.0,10,21,0,20,77
882929.0,10,21,0,36,61
882929.0,4,27,0,36,61
882962.0,4,27,0,52,45
882962.0,4,27,0,20,77
883005.0,4,27,0,20,77
883076.0,4,26,0,21,77
883076.0,4,26,0,5,93
883104.0,4,26,0,5,93
883104.0,3,27,0,5,93
883293.0,3,27,0,5,93
883331.0,3,27,0,5,93
883400.0,3,27,0,5,93
883473.0,3,27,0,5,93
883477.0,3,27,0,21,77
883477.0,0,30,0,17,81
883490.0,0,30,0,49,49
883490.0,0,30,0,17,81
883546.0,0,30,0,21,77
883562.0,0,30,0,21,77
883564.0,0,30,0,21,77
883623.0,0,30,0,21,77
883667.0,0,30,0,53,45
883667.0,0,30,0,33,65
883746.0,0,30,0,37,61
883765.0,0,30,0,37,61
883849.0,0,29,0,38,61
883849.0,0,29,0,34,65
883949.0,0,29,0,50,49
883949.0,0,29,0,18,81
883959.0,0,29,0,18,81
883983.0,0,29,0,22,77
883991.0,0,29,0,22,77
883991.0,0,29,0,14,85
884077.0,0,29,0,14,85
884083.0,0,29,0,14,85
884090.0,0,29,0,14,85
884105.0,0,29,0,14,85
884175.0,0,13,0,30,85
884175.0,0,13,0,14,101
884267.0,0,13,0,14,101
884278.0,0,13,0,46,69
884278.0,0,13,0,14,101
884300.0,0,13,0,14,101
884361.0,0,13,0,46,69
884361.0,0,13,0,30,85
884366.0,0,13,0,30,85
884423.0,0,13,0,38,77
884423.0,0,13,0,32,83
884440.0,0,13,0,32,83
884467.0,0,13,0,48,67
884467.0,0,13,0,16,99
884499.0,0,13,0,16,99
884549.0,0,13,0,16,99
884583.0,0,13,0,16,99
884648.0,0,13,0,32,83
884648.0,0,13,0,16,99
884664.0,0,13,0,16,99
884664.0,0,13,0,15,100
884683.0,0,13,0,16,99
884710.0,0,12,0,17,99
884710.0,0,12,0,16,100
884741.0,0,12,0,17,99
884798.0,0,10,0,19,99
884798.0,0,10,0,17,101
884823.0,0,10,0,17,101
884878.0,0,10,0,17,101
884896.0,0,10,0,17,101
884937.0,0,10,0,33,85
884937.0,0,10,0,13,105
884959.0,0,10,0,17,101
884959.0,0,10,0,13,105
884961.0,0,10,0,13,105
884984.0,0,10,0,17,101
885067.0,0,10,0,17,101
885128.0,0,10,0,21,97
885227.0,0,10,0,37,81
885227.0,0,10,0,33,85
885248.0,0,10,0,33,85
885336.0,0,10,0,35,83
885356.0,0,10,0,39,79
885561.0,0,10,0,39,79
885561.0,0,10,0,38,80
885581.0,0,10,0,39,79
885584.0,0,10,0,39,79
885584.0,0,10,4,35,79
885602.0,0,10,4,35,79
885623.0,0,10,4,35,79
885623.0,0,10,4,33,81
885629.0,0,4,4,39,81
885629.0,0,4,4,33,87
885728.0,0,4,4,33,87
885728.0,0,4,7,30,87
885804.0,0,3,7,31,87
885804.0,0,3,7,30,88
885827.0,0,3,7,30,88
885827.0,0,3,20,17,88
885827.0,0,3,20,13,92
885834.0,0,3,20,14,91
885936.0,0,3,20,14,91
885956.0,0,3,20,14,91
886028.0,0,3,20,14,91
886056.0,0,3,20,16,89
886091.0,0,3,20,16,89
886177.0,0,0,20,19,89
886177.0,0,0,20,3,105
886334.0,0,0,20,7,101
886334.0,0,0,20,3,105
886338.0,0,0,20,3,105
886350.0,0,0,20,19,89
886350.0,0,0,20,3,105
886374.0,0,0,20,3,105
886434.0,0,0,20,3,105
886450.0,0,0,20,35,73
886450.0,0,0,20,3,105
886524.0,0,0,20,35,73
886524.0,0,0,20,3,105
886527.0,0,0,20,5,103
886527.0,0,0,20,1,107
886573.0,0,0,20,3,105
886592.0,0,0,20,7,101
886592.0,0,0,20,3,105
886690.0,0,0,20,19,89
886690.0,0,0,20,3,105
886703.0,0,0,20,7,101
886726.0,0,0,20,39,69
886726.0,0,0,20,7,101
886750.0,0,0,20,11,97
886759.0,0,0,20,15,93
886934.0,0,0,20,15,93
886950.0,0,0,20,15,93
887050.0,0,0,20,15,93
887058.0,0,0,20,31,77
887058.0,0,0,20,15,93
887124.0,0,0,20,15,93
887127.0,0,0,20,15,93
887192.0,0,0,20,15,93
887290.0,0,0,20,15,93
887317.0,0,0,20,47,61
887317.0,0,0,20,15,93
887326.0,0,0,20,15,93
887374.0,0,0,20,47,61
887374.0,0,0,20,15,93
887384.0,4,0,16,15,93
887391.0,4,0,16,47,61
887391.0,4,0,16,15,93
887410.0,4,0,16,31,77
887410.0,0,4,16,31,77
887528.0,3,4,13,31,77
887532.0,3,4,13,63,45
887532.0,3,4,13,31,77
887627.0,16,4,0,31,77
887658.0,16,4,0,31,77
887917.0,16,4,0,31,77
887974.0,16,4,0,31,77
887991.0,16,4,0,31,77
888010.0,16,4,0,31,77
888132.0,16,4,0,31,77
888132.0,16,4,3,28,77
888823.0,16,4,3,28,77
888856.0,16,4,3,28,77
888906.0,16,4,3,28,77
889222.0,16,4,3,28,77
889639.0,16,4,3,60,45
889639.0,16,4,3,28,77
889669.0,16,4,3,28,77
889726.0,16,4,3,60,45
889726.0,16,4,3,28,77
889809.0,16,4,3,60,45
889809.0,16,4,3,28,77
889932.0,19,4,0,28,77
890110.0,19,0,0,32,77
890110.0,19,0,0,0,109
890486.0,19,0,0,32,77
890486.0,19,0,0,0,109
890858.0,19,0,0,0,109
890941.0,19,0,0,0,109
890991.0,19,0,0,32,77
890991.0,6,13,0,0,109
890994.0,6,13,0,0,109
891059.0,6,13,0,0,109
891124.0,6,13,0,1,108
891724.0,6,13,0,1,108
891724.0,6,13,1,0,108
892158.0,6,13,1,8,100
892158.0,6,13,1,0,108
892192.0,6,13,1,8,100
892192.0,6,13,1,0,108
892226.0,6,13,1,8,100
892226.0,6,13,1,0,108
892272.0,6,13,1,8,100
892593.0,6,13,1,12,96
892759.0,6,13,1,12,96
892789.0,6,13,1,12,96
892832.0,6,13,1,12,96
892832.0,0,19,1,12,96
892872.0,0,19,1,12,96
892872.0,0,19,7,6,96
892877.0,0,19,7,6,96
892916.0,0,19,7,6,96
892916.0,0,19,7,2,100
892952.0,0,19,7,6,96
893063.0,0,19,7,6,96
893155.0,0,19,7,6,96
893155.0,0,19,7,5,97
893174.0,0,19,7,6,96
893193.0,0,19,7,6,96
893265.0,0,19,7,6,96
893304.0,0,19,7,6,96
893351.0,0,19,7,6,96
893374.0,0,19,7,6,96
893403.0,0,19,7,6,96
893524.0,1,19,6,6,96
893552.0,1,19,6,6,96
893552.0,1,19,9,3,96
893691.0,1,6,9,16,96
893691.0,1,6,9,3,109
893707.0,1,6,9,4,108
893708.0,1,6,9,5,107
893770.0,1,6,9,13,99
893770.0,0,7,9,13,99
893771.0,0,7,9,14,98
893774.0,0,7,9,14,98
893787.0,0,7,9,15,97
893915.0,0,7,9,16,96
894370.0,0,7,9,16,96
894370.0,0,7,13,12,96
894371.0,0,7,13,12,96
894371.0,0,7,14,11,96
894387.0,0,7,14,11,96
894387.0,0,7,15,10,96
894515.0,0,7,15,10,96
894515.0,0,7,16,9,96
894647.0,0,7,16,9,96
894672.0,6,7,10,9,96
895352.0,9,7,7,9,96
895532.0,9,1,7,15,96
895532.0,9,1,7,7,104
895575.0,9,1,7,11,100
895575.0,8,2,7,11,100
895730.0,8,2,7,43,68
895730.0,0,10,7,11,100
895745.0,0,10,7,11,100
895844.0,0,10,7,11,100
896170.0,4,10,3,11,100
896170.0,0,14,3,11,100
896171.0,1,14,2,11,100
896175.0,1,14,2,11,100
896187.0,2,14,1,11,100
896315.0,3,14,0,11,100
896330.0,3,14,0,11,100
896470.0,3,13,0,12,100
896470.0,3,13,0,4,108
896609.0,3,13,0,12,100
896609.0,3,13,0,4,108
896614.0,3,13,0,36,76
896614.0,3,13,0,4,108
896642.0,3,13,0,12,100
896642.0,0,16,0,12,100
896655.0,0,16,0,44,68
896655.0,0,16,0,12,100
896774.0,0,16,0,44,68
896774.0,0,16,0,12,100
896800.0,0,16,0,44,68
897242.0,0,16,0,44,68
897255.0,0,16,0,44,68
897374.0,0,16,0,44,68
897374.0,0,16,7,37,68
897400.0,0,16,7,37,68
897400.0,0,16,39,5,68
897799.0,0,16,39,37,36
897843.0,0,16,39,41,32
898114.0,0,16,39,73,0
898114.0,0,16,39,9,64
898275.0,0,15,39,10,64
898275.0,0,15,39,9,65
898304.0,0,15,39,10,64
898399.0,0,15,39,10,64
898430.0,0,7,39,18,64
898430.0,0,7,39,10,72
898464.0,0,7,39,18,64
898714.0,0,7,39,18,64
898714.0,0,7,43,14,64
898870.0,0,3,43,18,64
898870.0,0,3,43,10,72
898904.0,0,3,43,10,72
898904.0,0,3,44,9,72
898905.0,0,3,44,17,64
899064.0,0,3,44,17,64
899064.0,0,3,52,9,64
899174.0,7,3,45,9,64
899200.0,39,3,13,9,64
899200.0,7,35,13,9,64
899342.0,7,32,13,12,64
899342.0,7,32,13,8,68
899505.0,7,32,13,8,68
899505.0,7,32,21,0,68
900514.0,11,32,17,0,68
900704.0,12,32,16,0,68
900864.0,20,32,8,0,68
901305.0,28,32,0,0,68
901900.0,28,0,0,32,68
901900.0,28,0,0,0,100
906024.0,28,0,0,0,100
906131.0,28,0,0,0,100
906317.0,28,0,0,0,100
906382.0,28,0,0,0,100
908392.0,28,0,0,64,36
908392.0,28,0,0,28,72
908803.0,28,0,0,28,72
908878.0,28,0,0,28,72
908992.0,28,0,0,28,72
908992.0,28,0,28,0,72
909517.0,28,0,28,4,68
910117.0,28,0,28,4,68
910117.0,28,0,32,0,68
910370.0,28,0,32,4,64
910435.0,28,0,32,36,32
910792.0,56,0,4,36,32
910970.0,56,0,4,36,32
910970.0,56,0,8,32,32
911035.0,56,0,8,32,32
911035.0,56,0,40,0,32
911917.0,60,0,36,0,32
912170.0,60,0,36,32,0
912770.0,64,0,32,32,0
912770.0,64,0,64,0,0
912835.0,96,0,32,0,0
913339.0,96,0,32,0,0
913517.0,96,0,32,0,0
913673.0,96,0,32,0,0
914570.0,128,0,0,0,0
914570.0,0,128,0,0,0
916319.0,0,128,0,0,0
916439.0,0,128,0,0,0
916619.0,0,128,0,0,0
916688.0,0,128,0,0,0
917270.0,0,0,0,128,0
917270.0,0,0,0,0,128
917373.0,0,0,0,128,0
917373.0,0,0,0,25,103
917477.0,0,0,0,26,102
917505.0,0,0,0,27,101
917639.0,0,0,0,28,100
917973.0,0,0,0,28,100
917973.0,0,0,25,3,100
918077.0,0,0,25,3,100
918077.0,0,0,26,2,100
918105.0,0,0,26,2,100
918105.0,0,0,27,1,100
918239.0,0,0,27,1,100
918239.0,0,0,28,0,100
919773.0,25,0,3,0,100
919877.0,26,0,2,0,100
919905.0,27,0,1,0,100
920039.0,28,0,0,0,100
924811.0,28,0,0,4,96
924883.0,28,0,0,36,64
925411.0,28,0,0,36,64
925411.0,28,0,4,32,64
925483.0,28,0,4,32,64
925483.0,28,0,36,0,64
927211.0,32,0,32,0,64
927283.0,64,0,0,0,64
927550.0,64,0,0,64,0
927550.0,0,64,0,64,0
927712.0,0,64,0,64,0
927735.0,0,64,0,64,0
929674.0,0,64,0,64,0
929854.0,0,64,0,64,0
930250.0,0,0,0,128,0
930250.0,0,0,0,0,128
930365.0,0,0,0,128,0
930365.0,0,0,0,19,109
930388.0,0,0,0,20,108
930827.0,0,0,0,20,108
930965.0,0,0,0,20,108
930965.0,0,0,19,1,108
930988.0,0,0,19,1,108
930988.0,0,0,20,0,108
932765.0,19,0,1,0,108
932788.0,20,0,0,0,108
933568.0,20,0,0,0,108
934298.0,20,0,0,0,108
935071.0,20,0,0,0,108
935898.0,20,0,0,0,108
936510.0,20,0,0,0,108
937040.0,20,0,0,0,108
937478.0,20,0,0,0,108
938527.0,20,0,0,0,108
938882.0,20,0,0,0,108
938904.0,20,0,0,0,108
939015.0,20,0,0,0,108
940531.0,20,0,0,64,44
940531.0,20,0,0,0,108
940591.0,20,0,0,0,108
940630.0,20,0,0,0,108
940710.0,20,0,0,0,108
940764.0,20,0,0,0,108
940979.0,20,0,0,0,108
941008.0,20,0,0,0,108
941070.0,20,0,0,0,108
941102.0,20,0,0,0,108
941145.0,20,0,0,0,108
941171.0,20,0,0,0,108
941244.0,20,0,0,0,108
941266.0,20,0,0,0,108
941401.0,20,0,0,0,108
941446.0,20,0,0,0,108
941462.0,20,0,0,0,108
941469.0,20,0,0,32,76
941469.0,12,8,0,0,108
941531.0,12,8,0,0,108
941549.0,12,8,0,0,108
941633.0,12,8,0,0,108
941678.0,12,8,0,0,108
941753.0,12,8,0,0,108
941965.0,12,8,0,0,108
942008.0,12,8,0,0,108
942066.0,12,8,0,0,108
942072.0,12,8,0,0,108
942218.0,12,8,0,0,108
942556.0,12,8,0,0,108
942652.0,12,8,0,0,108
942712.0,12,8,0,0,108
942724.0,12,8,0,0,108
942825.0,12,8,0,0,108
942878.0,12,8,0,0,108
942959.0,12,8,0,0,108
943779.0,12,8,0,0,108
943783.0,12,8,0,0,108
943849.0,12,8,0,0,108
943896.0,12,8,0,0,108
943990.0,12,8,0,0,108
944045.0,12,8,0,0,108
944169.0,12,0,0,8,108
944169.0,12,0,0,0,116
944184.0,12,0,0,0,116
944275.0,12,0,0,0,116
944456.0,12,0,0,0,116
944513.0,12,0,0,0,116
944730.0,12,0,0,8,108
944730.0,0,12,0,2,114
944750.0,0,12,0,3,113
944750.0,0,12,0,2,114
944751.0,0,12,0,6,110
944751.0,0,12,0,2,114
944752.0,0,12,0,3,113
944752.0,0,12,0,2,114
944768.0,0,12,0,3,113
944768.0,0,12,0,2,114
944772.0,0,12,0,6,110
944772.0,0,12,0,2,114
944773.0,0,12,0,3,113
944789.0,0,12,0,4,112
944827.0,0,12,0,8,108
944827.0,0,12,0,4,112
944849.0,0,12,0,8,108
944849.0,0,12,0,4,112
944905.0,0,12,0,8,108
944905.0,0,12,0,4,112
944916.0,0,12,0,36,80
944916.0,0,12,0,4,112
944929.0,0,12,0,8,108
944929.0,0,12,0,4,112
944967.0,0,12,0,4,112
944967.0,0,12,0,3,113
944968.0,0,12,0,3,113
944990.0,0,12,0,4,112
944999.0,0,12,0,8,108
944999.0,0,12,0,4,112
945013.0,0,12,0,4,112
945078.0,0,12,0,8,108
945078.0,0,12,0,4,112
945099.0,0,12,0,8,108
945099.0,0,12,0,4,112
945151.0,0,12,0,8,108
945151.0,0,12,0,4,112
945206.0,0,12,0,8,108
945206.0,0,12,0,4,112
945227.0,0,12,0,8,108
945227.0,0,12,0,4,112
945271.0,0,12,0,8,108
945271.0,0,12,0,4,112
945373.0,0,12,0,4,112
945413.0,0,12,0,4,112
945427.0,0,12,0,4,112
945441.0,0,12,0,4,112
945449.0,0,12,0,4,112
945505.0,0,12,0,4,112
945514.0,0,12,0,4,112
945516.0,0,12,0,4,112
945529.0,0,12,0,4,112
945589.0,0,12,0,8,108
945589.0,0,12,0,4,112
945599.0,0,12,0,4,112
945611.0,0,12,0,8,108
945611.0,0,12,0,4,112
945633.0,0,12,0,8,108
945633.0,0,12,0,4,112
945659.0,0,12,0,4,112
945678.0,0,12,0,4,112
945694.0,0,12,0,8,108
945694.0,0,12,0,4,112
945699.0,0,12,0,4,112
945741.0,0,12,0,8,108
945741.0,0,12,0,4,112
945751.0,0,12,0,4,112
945754.0,0,12,0,4,112
945754.0,0,12,0,3,113
945786.0,0,12,0,3,113
945800.0,0,12,0,4,112
945806.0,0,12,0,4,112
945827.0,0,12,0,4,112
945870.0,0,12,0,4,112
945871.0,0,12,0,4,112
945960.0,0,12,0,12,104
945960.0,0,12,0,4,112
946006.0,0,12,0,12,104
946006.0,0,12,0,4,112
946184.0,0,12,0,12,104
946184.0,0,12,0,4,112
946189.0,0,12,0,4,112
946211.0,0,12,0,4,112
946229.0,0,12,0,8,108
946229.0,0,12,0,4,112
946233.0,0,12,0,4,112
946275.0,0,12,0,8,108
946275.0,0,12,0,4,112
946277.0,0,12,0,8,108
946277.0,0,12,0,4,112
946294.0,0,12,0,4,112
946317.0,0,12,0,8,108
946317.0,0,12,0,4,112
946319.0,0,12,0,8,108
946319.0,0,12,0,4,112
946328.0,0,12,0,8,108
946328.0,0,12,0,4,112
946341.0,0,12,0,4,112
946364.0,0,12,0,8,108
946364.0,0,12,0,4,112
946398.0,0,12,0,8,108
946398.0,0,12,0,4,112
946409.0,0,12,0,8,108
946409.0,0,12,0,4,112
946448.0,0,12,0,8,108
946448.0,0,12,0,4,112
946452.0,0,12,0,8,108
946493.0,0,12,0,12,104
946493.0,0,12,0,4,112
946494.0,0,12,0,12,104
946494.0,0,12,0,4,112
946543.0,0,12,0,12,104
946543.0,0,12,0,4,112
946560.0,0,12,0,4,112
946561.0,0,12,0,4,112
946606.0,0,12,0,4,112
946682.0,0,12,0,4,112
946784.0,0,12,0,4,112
946790.0,0,12,0,4,112
946812.0,0,12,0,4,112
946812.0,0,12,0,2,114
946829.0,0,12,0,2,114
946875.0,0,12,0,2,114
946877.0,0,12,0,2,114
946917.0,0,12,0,2,114
946919.0,0,12,0,2,114
946928.0,0,12,0,2,114
946964.0,0,12,0,2,114
946998.0,0,12,0,2,114
947009.0,0,12,0,2,114
947048.0,0,12,0,2,114
947093.0,0,12,0,2,114
947094.0,0,12,0,2,114
947143.0,0,12,0,2,114
947337.0,0,12,0,2,114
947430.0,0,0,0,14,114
947430.0,0,0,0,0,128
947451.0,0,0,0,1,127
947452.0,0,0,0,5,123
947452.0,0,0,0,1,127
947455.0,0,0,0,2,126
947488.0,0,0,0,6,122
947537.0,0,0,0,10,118
947681.0,0,0,0,18,110
947681.0,0,0,0,2,126
947688.0,0,0,0,4,124
947819.0,0,0,0,4,124
947873.0,0,0,0,20,108
947873.0,0,0,0,4,124
947928.0,0,0,0,20,108
947928.0,0,0,0,4,124
947963.0,0,0,0,20,108
947963.0,0,0,0,4,124
948025.0,0,0,0,20,108
948025.0,0,0,0,4,124
948051.0,0,0,0,4,124
948052.0,0,0,0,4,124
948059.0,0,0,0,36,92
948059.0,0,0,0,4,124
948138.0,0,0,0,4,124
948138.0,0,0,0,3,125
948153.0,0,0,0,4,124
948183.0,0,0,0,20,108
948183.0,0,0,0,4,124
948281.0,0,0,0,4,124
948325.0,0,0,0,20,108
948325.0,0,0,0,4,124
948347.0,0,0,0,8,120
948473.0,0,0,0,8,120
948513.0,0,0,0,12,116
948528.0,0,0,0,12,116
948563.0,0,0,0,12,116
948625.0,0,0,0,12,116
948659.0,0,0,0,12,116
948706.0,0,0,0,28,100
948783.0,0,0,0,28,100
948890.0,0,0,0,28,100
948890.0,0,0,0,27,101
948925.0,0,0,0,27,101
948925.0,0,0,3,24,101
948930.0,0,0,3,25,100
948947.0,0,0,3,25,100
948947.0,0,0,7,21,100
948952.0,0,0,7,21,100
948952.0,0,0,7,20,101
948974.0,0,0,7,21,100
948980.0,0,0,7,21,100
948980.0,0,0,7,17,104
949002.0,0,0,7,17,104
949002.0,0,0,7,15,106
949032.0,0,0,7,17,104
949035.0,0,0,7,21,100
949099.0,0,0,7,21,100
949099.0,0,0,7,20,101
949113.0,0,0,7,20,101
949116.0,0,0,7,21,100
949306.0,0,0,7,21,100
949306.0,0,0,19,9,100
949347.0,0,0,19,9,100
949347.0,0,0,19,8,101
949352.0,0,0,19,9,100
949426.0,0,0,19,41,68
949426.0,0,0,19,9,100
949429.0,0,0,19,9,100
949429.0,0,0,19,8,101
949439.0,0,0,19,9,100
949476.0,0,0,19,9,100
949476.0,0,0,19,8,101
949485.0,0,0,19,9,100
949530.0,0,0,19,9,100
949574.0,0,0,19,9,100
949621.0,0,0,19,9,100
949621.0,0,0,19,5,104
949716.0,0,0,19,5,104
949716.0,0,0,19,4,105
949752.0,0,0,19,5,104
949757.0,0,0,19,5,104
949757.0,0,0,19,4,105
949784.0,0,0,19,5,104
949877.0,0,0,19,9,100
949896.0,0,0,19,9,100
949896.0,0,0,19,5,104
949918.0,0,0,19,5,104
949918.0,0,0,19,3,106
949937.0,0,0,19,3,106
949937.0,0,0,19,2,107
949938.0,0,0,19,3,106
950026.0,0,0,19,3,106
950167.0,0,0,19,3,106
950167.0,0,0,19,2,107
950195.0,0,0,19,3,106
950384.0,0,0,19,3,106
950407.0,0,0,19,3,106
950407.0,0,0,19,2,107
950458.0,0,0,19,2,107
950477.0,0,0,19,2,107
950538.0,0,0,19,2,107
950538.0,0,0,20,1,107
950546.0,0,0,20,2,106
950621.0,0,0,20,2,106
950621.0,0,0,20,1,107
950622.0,0,0,20,2,106
950629.0,0,0,20,2,106
950629.0,0,0,20,1,107
950725.0,3,0,17,1,107
950747.0,7,0,13,1,107
950795.0,7,0,13,1,107
951004.0,7,0,13,2,106
951106.0,19,0,1,2,106
951146.0,19,0,1,2,106
951222.0,19,0,1,2,106
951222.0,19,0,2,1,106
951305.0,19,0,2,1,106
951305.0,18,1,2,1,106
951604.0,18,1,2,1,106
951604.0,18,1,3,0,106
951674.0,18,1,3,0,106
951767.0,18,1,3,0,106
951834.0,18,1,3,0,106
952106.0,18,1,3,0,106
952126.0,18,1,3,0,106
952241.0,18,1,3,4,102
952241.0,14,5,3,4,102
952242.0,14,5,3,6,100
952338.0,15,5,2,6,100
952841.0,15,5,2,6,100
952841.0,15,5,6,2,100
952842.0,15,5,6,2,100
952842.0,15,5,8,0,100
953022.0,16,5,7,0,100
953404.0,17,5,6,0,100
954005.0,17,4,6,1,100
954005.0,17,4,6,0,101
954026.0,17,4,6,1,100
954626.0,17,4,6,1,100
954626.0,17,4,7,0,100
954641.0,21,4,3,0,100
954642.0,23,4,1,0,100
954941.0,23,0,1,4,100
954941.0,23,0,1,0,104
954962.0,23,0,1,1,103
954988.0,23,0,1,2,102
955030.0,23,0,1,3,101
955042.0,23,0,1,3,101
955060.0,23,0,1,3,101
955065.0,23,0,1,3,101
955065.0,21,2,1,3,101
955119.0,21,2,1,3,101
955149.0,21,2,1,4,100
955149.0,17,6,1,4,100
955188.0,17,6,1,4,100
955189.0,17,6,1,4,100
955209.0,17,6,1,4,100
955209.0,16,7,1,4,100
955389.0,16,7,1,4,100
955389.0,15,8,1,4,100
955459.0,15,8,1,4,100
955459.0,14,9,1,4,100
955507.0,14,9,1,4,100
955562.0,14,9,1,4,100
955562.0,14,9,2,3,100
955569.0,14,9,2,3,100
955588.0,14,9,2,3,100
955588.0,14,9,3,2,100
955630.0,14,9,3,2,100
955630.0,14,9,4,1,100
955749.0,14,9,4,1,100
955749.0,14,9,5,0,100
955790.0,14,9,5,0,100
956148.0,14,9,5,32,68
956148.0,14,9,5,0,100
956270.0,14,9,5,32,68
956270.0,14,9,5,0,100
956293.0,14,9,5,32,68
956293.0,14,9,5,0,100
956426.0,15,9,4,0,100
956831.0,15,9,4,0,100
957344.0,15,9,4,0,100
957362.0,16,9,3,0,100
957388.0,17,9,2,0,100
957430.0,18,9,1,0,100
957451.0,18,9,1,32,68
957451.0,18,9,1,0,100
957517.0,18,9,1,32,68
957517.0,18,9,1,0,100
957518.0,18,9,1,0,100
957549.0,19,9,0,0,100
957559.0,19,9,0,0,100
957570.0,19,9,0,0,100
957595.0,19,9,0,0,100
957618.0,19,9,0,0,100
957765.0,19,7,0,2,100
957765.0,19,7,0,0,102
957849.0,19,3,0,4,102
957849.0,19,3,0,0,106
957909.0,19,2,0,1,106
957909.0,19,2,0,0,107
957952.0,19,2,0,1,106
957952.0,16,5,0,1,106
958089.0,16,4,0,2,106
958089.0,16,4,0,1,107
958099.0,16,4,0,2,106
958099.0,14,6,0,2,106
958159.0,14,5,0,3,106
958159.0,14,5,0,2,107
958204.0,14,5,0,2,107
958208.0,14,5,0,3,106
958435.0,14,5,0,3,106
958435.0,13,6,0,3,106
958482.0,13,6,0,35,74
958482.0,13,6,0,3,106
958491.0,13,6,0,3,106
958491.0,12,7,0,3,106
958514.0,12,7,0,3,106
958536.0,12,7,0,3,106
958536.0,10,9,0,3,106
958539.0,10,9,0,35,74
958539.0,10,9,0,3,106
958552.0,10,9,0,3,106
958603.0,10,9,0,35,74
958603.0,2,17,0,3,106
958658.0,2,17,0,35,74
958658.0,2,17,0,7,102
958694.0,2,17,0,15,94
958700.0,2,17,0,19,90
958703.0,2,17,0,35,74
958703.0,2,17,0,3,106
958752.0,2,17,0,5,104
958752.0,0,19,0,5,104
958819.0,0,19,0,5,104
958819.0,0,19,0,4,105
958837.0,0,19,0,5,104
958858.0,0,19,0,9,100
958858.0,0,19,0,5,104
958903.0,0,19,0,9,100
958903.0,0,19,0,5,104
958912.0,0,19,0,5,104
958971.0,0,19,0,37,72
958971.0,0,19,0,5,104
959082.0,0,19,0,5,104
959139.0,0,19,0,5,104
959203.0,0,19,0,5,104
959258.0,0,19,0,5,104
959303.0,0,19,0,5,104
959324.0,0,19,0,5,104
959352.0,0,19,0,5,104
959353.0,0,19,0,5,104
959458.0,0,19,0,5,104
959503.0,0,19,0,5,104
959571.0,0,19,0,5,104
959571.0,0,19,3,2,104
959775.0,0,19,3,6,100
959895.0,0,19,3,10,96
959895.0,0,19,3,2,104
960039.0,0,19,3,2,104
960052.0,0,19,3,2,104
960066.0,0,19,3,2,104
960074.0,0,19,3,2,104
960375.0,0,19,3,2,104
960557.0,0,19,3,2,104
960652.0,0,16,3,5,104
960652.0,0,16,3,2,107
960666.0,0,16,3,34,75
960666.0,0,16,3,2,107
960673.0,0,16,3,3,106
960673.0,0,16,3,2,107
960680.0,0,16,3,3,106
960689.0,0,16,3,4,105
960689.0,0,16,3,2,107
960693.0,0,16,3,4,105
960694.0,0,16,3,5,104
960697.0,0,16,3,37,72
960697.0,0,16,3,5,104
960743.0,0,16,3,5,104
960767.0,0,16,3,5,104
960767.0,0,16,3,3,106
960799.0,0,14,3,5,106
960799.0,0,14,3,3,108
960827.0,0,14,3,3,108
960872.0,0,14,3,3,108
961082.0,0,14,3,35,76
961082.0,0,14,3,3,108
961087.0,0,14,3,3,108
961103.0,0,14,3,3,108
961131.0,0,14,3,35,76
961131.0,0,14,3,3,108
961135.0,0,13,3,4,108
961135.0,0,13,3,3,109
961142.0,0,13,3,3,109
961178.0,0,13,3,4,108
961188.0,0,13,3,4,108
961191.0,0,12,3,5,108
961191.0,0,12,3,4,109
961211.0,0,12,3,5,108
961236.0,0,10,3,7,108
961236.0,0,10,3,5,110
961242.0,0,10,3,37,78
961242.0,0,10,3,5,110
961280.0,0,10,3,5,110
961293.0,0,10,3,5,110
961297.0,0,10,3,5,110
961303.0,0,2,3,13,110
961303.0,0,2,3,5,118
961370.0,0,2,3,5,118
961371.0,3,2,0,5,118
961396.0,3,2,0,5,118
961452.0,3,0,0,7,118
961452.0,3,0,0,3,122
961467.0,3,0,0,11,114
961467.0,0,3,0,7,118
961490.0,0,3,0,7,118
961505.0,0,3,0,11,114
961505.0,0,3,0,7,118
961522.0,0,3,0,15,110
961522.0,0,3,0,7,118
961626.0,0,3,0,7,118
961626.0,0,3,0,6,119
961644.0,0,3,0,7,118
961646.0,0,3,0,7,118
961682.0,0,3,0,7,118
961694.0,0,3,0,9,116
961694.0,0,3,0,5,120
961716.0,0,3,0,13,112
961716.0,0,3,0,5,120
961731.0,0,3,0,5,120
961746.0,0,3,0,7,118
961749.0,0,3,0,7,118
961833.0,0,3,0,15,110
961833.0,0,3,0,7,118
961842.0,0,3,0,7,118
961873.0,0,3,0,7,118
961894.0,0,3,0,7,118
961894.0,0,3,0,5,120
961975.0,0,3,0,9,116
961975.0,0,3,0,5,120
961994.0,0,3,0,9,116
961994.0,0,3,0,5,120
962067.0,0,3,0,5,120
962075.0,0,3,0,9,116
962075.0,0,3,0,5,120
962095.0,0,3,0,5,120
962105.0,0,3,0,5,120
962122.0,0,3,0,5,120
962183.0,0,3,0,5,120
962209.0,0,3,0,7,118
962297.0,0,3,0,11,114
962297.0,0,3,0,7,118
962302.0,0,3,0,7,118
962346.0,0,3,0,7,118
962366.0,0,3,0,39,86
962366.0,0,3,0,7,118
962367.0,0,3,0,7,118
962385.0,0,3,0,11,114
962385.0,0,3,0,7,118
962430.0,0,3,0,39,86
962430.0,0,3,0,7,118
962433.0,0,3,0,7,118
962438.0,0,3,0,7,118
962506.0,0,3,0,11,114
962509.0,0,3,0,11,114
962536.0,0,3,0,19,106
962536.0,0,3,0,11,114
962605.0,0,3,0,19,106
962605.0,0,3,0,11,114
962627.0,0,3,0,11,114
962681.0,0,3,0,19,106
962681.0,0,3,0,11,114
962732.0,0,3,0,11,114
962732.0,0,3,0,10,115
962747.0,0,3,0,11,114
962749.0,0,3,0,19,106
962749.0,0,3,0,11,114
962795.0,0,3,0,11,114
962807.0,0,3,0,19,106
962807.0,0,3,0,11,114
962809.0,0,3,0,11,114
962820.0,0,3,0,13,112
962820.0,0,3,0,5,120
962825.0,0,3,0,37,88
962825.0,0,3,0,5,120
962861.0,0,3,0,5,120
962869.0,0,3,0,13,112
962869.0,0,3,0,5,120
962874.0,0,3,0,37,88
962874.0,0,3,0,5,120
962882.0,0,3,0,13,112
962882.0,0,3,0,5,120
962897.0,0,3,0,5,120
962902.0,0,3,0,5,120
962938.0,0,3,0,5,120
962942.0,0,3,0,13,112
962942.0,0,3,0,5,120
962944.0,0,3,0,13,112
962944.0,0,3,0,5,120
962962.0,0,3,0,5,120
962966.0,0,3,0,5,120
962985.0,0,3,0,5,120
963002.0,0,3,0,13,112
963002.0,0,3,0,5,120
963013.0,0,3,0,13,112
963013.0,0,3,0,5,120
963030.0,0,3,0,5,120
963070.0,0,3,0,13,112
963112.0,0,3,0,45,80
963112.0,0,3,0,13,112
963116.0,0,3,0,13,112
963136.0,0,3,0,13,112
963136.0,0,3,0,5,120
963205.0,0,3,0,5,120
963224.0,0,3,0,13,112
963231.0,0,3,0,13,112
963231.0,0,3,0,5,120
963281.0,0,3,0,5,120
963330.0,0,3,0,9,116
963349.0,0,3,0,9,116
963407.0,0,3,0,9,116
963478.0,0,3,0,9,116
963502.0,0,3,0,9,116
963502.0,0,3,0,8,117
963520.0,0,3,0,9,116
963536.0,0,3,0,9,116
963609.0,0,3,0,17,108
963609.0,0,3,0,9,116
963638.0,0,3,0,17,108
963638.0,0,3,0,9,116
963670.0,0,3,0,9,116
963675.0,0,3,0,9,116
963675.0,0,3,0,8,117
963679.0,0,3,0,16,109
963712.0,0,3,0,16,109
963718.0,0,3,0,17,108
963731.0,0,3,0,17,108
963731.0,0,3,0,16,109
963766.0,0,3,0,24,101
963770.0,0,3,0,25,100
963824.0,0,3,0,25,100
963835.0,0,3,0,25,100
963866.0,0,3,0,25,100
963866.0,0,3,0,17,108
963868.0,0,3,0,49,76
963868.0,0,3,0,17,108
963930.0,0,3,0,17,108
964050.0,0,3,0,17,108
964050.0,0,3,0,16,109
964078.0,0,3,0,17,108
964085.0,0,3,0,17,108
964085.0,0,3,0,13,112
964107.0,0,3,0,13,112
964107.0,0,3,0,11,114
964167.0,0,0,0,14,114
964167.0,0,0,0,6,122
964209.0,0,0,0,6,122
964238.0,0,0,0,6,122
964279.0,0,0,0,6,122
964468.0,0,0,0,6,122
964468.0,0,0,5,1,122
964512.0,0,0,5,33,90
964512.0,0,0,5,1,122
964533.0,0,0,5,9,114
964597.0,0,0,5,17,106
964678.0,0,0,5,17,106
964807.0,0,0,5,17,106
964876.0,0,0,5,17,106
964876.0,0,0,5,16,107
964896.0,0,0,5,17,106
965057.0,0,0,5,17,106
965057.0,0,0,5,9,114
965112.0,0,0,5,9,114
965132.0,0,0,5,17,106
965133.0,0,0,5,17,106
965183.0,0,0,5,21,102
965185.0,0,0,5,23,100
965197.0,0,0,5,23,100
965197.0,0,0,13,15,100
965376.0,0,0,13,15,100
965376.0,0,0,13,7,108
965388.0,0,0,13,7,108
965442.0,0,0,13,15,100
965442.0,0,0,13,7,108
965477.0,0,0,13,7,108
965496.0,0,0,13,7,108
965497.0,0,0,13,15,100
965497.0,0,0,13,7,108
965548.0,0,0,13,7,108
965552.0,0,0,13,7,108
965559.0,0,0,13,15,100
965559.0,0,0,13,7,108
965583.0,0,0,13,7,108
965601.0,0,0,13,7,108
965616.0,0,0,13,15,100
965616.0,0,0,13,7,108
965665.0,0,0,13,7,108
965672.0,0,0,13,7,108
965721.0,0,0,13,7,108
965732.0,0,0,13,7,108
965748.0,0,0,13,7,108
965753.0,0,0,13,15,100
965753.0,0,0,13,7,108
965764.0,0,0,13,39,76
965764.0,0,0,13,7,108
965767.0,0,0,13,39,76
965767.0,0,0,13,7,108
965813.0,0,0,13,15,100
965813.0,0,0,13,7,108
965830.0,0,0,13,7,108
965830.0,0,0,13,3,112
965840.0,0,0,13,3,112
965867.0,0,0,13,11,104
965867.0,0,0,13,3,112
965919.0,0,0,13,11,104
965919.0,0,0,13,3,112
965933.0,0,0,13,3,112
965945.0,0,0,13,3,112
966013.0,0,0,13,11,104
966013.0,0,0,13,3,112
966015.0,0,0,13,3,112
966042.0,0,0,13,3,112
966050.0,0,0,13,3,112
966097.0,0,0,13,3,112
966107.0,0,0,13,3,112
966115.0,0,0,13,11,104
966115.0,0,0,13,3,112
966146.0,0,0,13,3,112
966159.0,0,0,13,3,112
966174.0,0,0,13,3,112
966186.0,0,0,13,11,104
966186.0,0,0,13,3,112
966194.0,0,0,13,3,112
966216.0,0,0,13,3,112
966268.0,5,0,8,3,112
966276.0,5,0,8,11,104
966276.0,0,5,8,3,112
966353.0,0,5,8,3,112
966356.0,0,5,8,11,104
966356.0,0,5,8,3,112
966364.0,0,5,8,3,112
966367.0,0,5,8,3,112
966413.0,0,5,8,3,112
966414.0,0,5,8,11,104
966414.0,0,5,8,3,112
966422.0,0,5,8,11,104
966422.0,0,5,8,3,112
966428.0,0,5,8,11,104
966428.0,0,5,8,3,112
966451.0,0,5,8,3,112
966460.0,0,5,8,35,80
966460.0,0,5,8,3,112
966467.0,0,5,8,3,112
966482.0,0,5,8,11,104
966491.0,0,5,8,11,104
966491.0,0,5,8,3,112
966519.0,0,5,8,3,112
966613.0,0,5,8,3,112
966633.0,0,5,8,35,80
966633.0,0,5,8,3,112
966699.0,0,5,8,3,112
966715.0,0,5,8,3,112
966724.0,0,5,8,3,112
966786.0,0,5,8,3,112
966932.0,0,5,8,3,112
966997.0,8,5,0,3,112
967013.0,8,5,0,3,112
967082.0,8,5,0,3,112
967144.0,8,5,0,11,104
967144.0,0,13,0,11,104
967228.0,0,13,0,11,104
967713.0,0,13,0,11,104
967743.0,0,13,0,11,104
967743.0,0,13,0,10,105
967744.0,0,13,0,10,105
967744.0,0,13,1,9,105
967763.0,0,13,1,10,104
967874.0,0,13,1,10,104
968021.0,0,13,1,14,100
968021.0,0,13,1,10,104
968050.0,0,13,1,10,104
968051.0,0,13,1,10,104
968075.0,0,13,1,14,100
968128.0,0,13,1,14,100
968128.0,0,13,1,10,104
968236.0,0,13,1,10,104
968363.0,0,13,1,10,104
968378.0,0,13,1,10,104
968621.0,0,13,1,10,104
968629.0,0,13,1,42,72
968629.0,0,13,1,10,104
968675.0,0,13,1,10,104
968906.0,0,13,1,42,72
968906.0,0,13,1,10,104
968968.0,0,13,1,18,96
968976.0,0,8,1,23,96
968976.0,0,8,1,15,104
968977.0,0,8,1,15,104
969012.0,0,8,1,23,96
969022.0,0,8,1,31,88
969042.0,0,8,1,39,80
969042.0,0,8,1,7,112
969212.0,0,8,1,15,104
969212.0,0,8,1,7,112
969229.0,0,8,1,7,112
969319.0,0,8,1,39,80
969319.0,0,8,1,7,112
969330.0,0,8,1,7,112
969330.0,0,8,1,6,113
969351.0,0,8,1,7,112
969402.0,0,8,1,11,108
969506.0,0,8,1,11,108
969544.0,1,8,0,11,108
969567.0,1,8,0,15,104
969642.0,1,8,0,15,104
969812.0,1,8,0,15,104
969844.0,1,0,0,23,104
969844.0,1,0,0,9,118
969907.0,1,0,0,17,110
969919.0,1,0,0,17,110
969951.0,1,0,0,17,110
969951.0,1,0,1,16,110
970002.0,1,0,1,16,110
970002.0,1,0,5,12,110
970167.0,1,0,5,12,110
970167.0,1,0,9,8,110
970507.0,1,0,9,8,110
970507.0,1,0,17,0,110
970597.0,1,0,17,0,110
970628.0,1,0,17,0,110
970732.0,1,0,17,0,110
970872.0,1,0,17,32,78
970872.0,1,0,17,0,110
970928.0,1,0,17,2,108
970951.0,1,0,17,6,104
971049.0,1,0,17,6,104
971086.0,1,0,17,6,104
971240.0,1,0,17,6,104
971314.0,1,0,17,6,104
971419.0,1,0,17,38,72
971419.0,1,0,17,23,87
971426.0,1,0,17,24,86
971436.0,1,0,17,25,85
971439.0,1,0,17,26,84
971459.0,1,0,17,30,80
971509.0,1,0,17,30,80
971528.0,1,0,17,30,80
971531.0,1,0,17,30,80
971563.0,1,0,17,34,76
971563.0,1,0,17,2,108
971751.0,2,0,16,2,108
971751.0,0,2,16,2,108
971802.0,4,2,12,2,108
971802.0,2,4,12,2,108
971930.0,2,4,12,2,108
971935.0,2,4,12,10,100
971962.0,2,4,12,10,100
971967.0,6,4,8,10,100
972019.0,6,4,8,10,100
972130.0,6,4,8,42,68
972130.0,6,4,8,2,108
972163.0,6,4,8,2,108
972307.0,14,4,0,2,108
972459.0,14,4,0,2,108
972471.0,14,4,0,2,108
972506.0,14,4,0,2,108
972535.0,14,4,0,2,108
972617.0,14,4,0,10,100
972617.0,6,12,0,10,100
972648.0,6,12,0,42,68
972648.0,6,12,0,10,100
972654.0,6,12,0,42,68
972654.0,6,12,0,10,100
972934.0,6,12,0,42,68
973157.0,6,12,0,42,68
973157.0,6,12,0,10,100
973217.0,6,12,0,10,100
973248.0,6,12,0,10,100
973254.0,6,12,0,10,100
973383.0,6,12,0,42,68
973426.0,6,12,0,42,68
973426.0,6,12,0,26,84
973469.0,6,12,0,26,84
973469.0,6,12,0,25,85
973486.0,6,12,0,26,84
973534.0,6,12,0,26,84
973605.0,6,12,0,42,68
973862.0,6,12,0,42,68
973862.0,6,12,0,10,100
973886.0,6,12,0,10,100
973886.0,6,12,0,2,108
973983.0,6,12,0,2,108
974159.0,6,12,0,34,76
974160.0,6,12,0,42,68
974198.0,6,12,0,42,68
974198.0,6,12,0,41,69
974205.0,6,12,0,41,69
974221.0,6,12,0,42,68
974275.0,6,12,0,42,68
974275.0,6,12,0,10,100
974317.0,6,12,0,10,100
974317.0,6,12,0,2,108
974352.0,6,12,0,2,108
974362.0,6,12,0,2,108
974442.0,6,12,0,10,100
974444.0,6,12,0,74,36
974444.0,6,12,0,41,69
974451.0,6,10,0,43,69
974451.0,6,10,0,39,73
974465.0,6,10,0,40,72
974502.0,6,8,0,42,72
974502.0,6,8,0,40,74
974759.0,6,8,0,40,74
974760.0,6,8,0,40,74
975042.0,6,8,0,40,74
975044.0,6,8,0,40,74
975044.0,6,8,39,1,74
975065.0,6,8,39,1,74
975065.0,6,8,40,0,74
975131.0,6,8,40,0,74
975178.0,6,8,40,0,74
975223.0,6,8,40,0,74
975226.0,6,8,40,0,74
975317.0,6,0,40,8,74
975317.0,6,0,40,0,82
975452.0,6,0,40,0,82
975511.0,6,0,40,4,78
975511.0,3,3,40,4,78
975543.0,3,3,40,6,76
975563.0,3,3,40,14,68
975634.0,3,3,40,14,68
975634.0,0,6,40,10,72
975655.0,0,6,40,10,72
976111.0,0,6,40,10,72
976141.0,0,6,40,10,72
976141.0,0,6,40,7,75
976161.0,0,6,40,8,74
976163.0,0,6,40,8,74
976163.0,0,6,42,6,74
976440.0,0,6,42,6,74
976466.0,0,6,42,6,74
976608.0,0,6,42,6,74
976608.0,0,6,42,5,75
976626.0,0,6,42,6,74
976693.0,0,6,42,10,70
976761.0,0,6,42,10,70
976844.0,39,6,3,10,70
976844.0,7,38,3,10,70
976865.0,8,38,2,10,70
977181.0,8,38,2,12,68
977226.0,8,38,2,12,68
977226.0,8,38,3,11,68
977251.0,8,38,3,11,68
977251.0,7,39,3,11,68
977293.0,7,39,3,11,68
977293.0,7,39,7,7,68
977340.0,7,39,7,39,36
977340.0,0,46,7,7,68
977781.0,0,46,7,7,68
977940.0,0,46,7,7,68
977940.0,0,46,8,6,68
977963.0,2,46,6,6,68
978211.0,2,43,6,9,68
978211.0,2,43,6,6,71
978230.0,2,43,6,7,70
978234.0,2,43,6,8,69
978241.0,2,43,6,9,68
978334.0,2,40,6,12,68
978334.0,2,40,6,4,76
978830.0,2,40,6,4,76
978830.0,2,40,7,3,76
978834.0,2,40,7,3,76
978834.0,2,40,8,2,76
978841.0,2,40,8,2,76
978841.0,2,40,9,1,76
978931.0,2,40,9,9,68
979026.0,3,40,8,9,68
979093.0,7,40,4,9,68
979500.0,7,40,4,9,68
979500.0,7,40,4,8,69
979514.0,7,40,4,9,68
979531.0,7,40,4,9,68
979531.0,7,40,11,2,68
979544.0,7,8,11,34,68
979544.0,7,8,11,2,100
979627.0,7,8,11,6,96
979721.0,7,8,11,6,96
979740.0,8,8,10,6,96
979785.0,8,8,10,6,96
979802.0,8,8,10,6,96
979802.0,3,13,10,6,96
979857.0,3,13,10,6,96
979881.0,3,13,10,6,96
979881.0,0,16,10,6,96
979903.0,0,16,10,6,96
979951.0,0,15,10,7,96
979951.0,0,15,10,6,97
979968.0,0,15,10,7,96
979988.0,0,15,10,7,96
979988.0,0,15,10,5,98
980040.0,0,8,10,12,98
980040.0,0,8,10,4,106
980064.0,0,8,10,4,106
980114.0,0,8,10,4,106
980186.0,0,8,10,36,74
980186.0,0,8,10,4,106
980227.0,0,8,10,4,106
980424.0,0,8,10,36,74
980424.0,0,8,10,4,106
980611.0,0,8,10,4,106
980618.0,0,8,10,36,74
980618.0,0,8,10,32,78
980630.0,1,8,9,32,78
980634.0,2,8,8,32,78
980634.0,0,10,8,32,78
980641.0,1,10,7,32,78
980676.0,1,10,7,32,78
980786.0,1,10,7,32,78
981019.0,1,10,7,64,46
981019.0,1,10,7,60,50
981024.0,1,10,7,60,50
981138.0,1,10,7,64,46
981218.0,1,10,7,64,46
981331.0,8,10,0,64,46
981619.0,8,10,0,64,46
981619.0,8,10,28,36,46
981738.0,8,10,28,36,46
981738.0,8,10,32,32,46
982065.0,8,10,32,34,44
982070.0,8,10,32,34,44
982070.0,4,14,32,34,44
982092.0,4,14,32,34,44
982092.0,4,14,32,32,46
982144.0,4,14,32,34,44
982148.0,4,14,32,34,44
982195.0,4,14,32,34,44
982502.0,4,9,32,39,44
982502.0,4,9,32,34,49
982504.0,4,9,32,38,45
982545.0,4,9,32,39,44
982581.0,4,6,32,42,44
982581.0,4,6,32,37,49
982600.0,4,6,32,38,48
982665.0,4,6,32,38,48
982678.0,4,6,32,42,44
982744.0,4,6,32,42,44
982744.0,4,6,34,40,44
983039.0,4,6,34,72,12
983104.0,4,6,34,72,12
983104.0,4,6,38,68,12
983145.0,4,6,38,68,12
983145.0,4,6,39,67,12
983200.0,4,6,39,67,12
983200.0,4,6,40,66,12
983278.0,4,6,40,66,12
983278.0,4,6,44,62,12
983334.0,4,4,44,64,12
983334.0,4,4,44,32,44
983419.0,32,4,16,32,44
983419.0,0,36,16,32,44
983538.0,4,36,12,32,44
983639.0,4,36,12,32,44
984544.0,6,36,10,32,44
984678.0,6,36,10,36,40
984770.0,6,32,10,40,40
984770.0,6,32,10,36,44
984850.0,6,32,10,40,40
984895.0,6,32,10,72,8
984904.0,10,32,6,72,8
984945.0,11,32,5,72,8
985000.0,12,32,4,72,8
985078.0,16,32,0,72,8
985278.0,16,32,0,72,8
985278.0,16,32,4,68,8
985450.0,16,32,4,68,8
985450.0,16,32,8,64,8
985495.0,16,32,8,64,8
985495.0,16,32,40,32,8
985713.0,16,32,40,40,0
986119.0,16,0,40,72,0
986119.0,16,0,40,8,64
986313.0,16,0,40,8,64
986313.0,16,0,48,0,64
987078.0,20,0,44,0,64
987250.0,24,0,40,0,64
987295.0,56,0,8,0,64
987941.0,56,0,8,0,64
987965.0,56,0,8,0,64
988113.0,64,0,0,0,64
988113.0,0,64,0,0,64
988203.0,0,64,0,0,64
988257.0,0,64,0,0,64
990666.0,0,64,0,0,64
990813.0,0,0,0,64,64
990813.0,0,0,0,0,128
992059.0,0,0,0,0,128
992171.0,0,0,0,0,128
992354.0,0,0,0,0,128
992417.0,0,0,0,0,128
996018.0,0,0,0,64,64
996018.0,0,0,0,21,107
996027.0,0,0,0,22,106
996546.0,0,0,0,86,42
996618.0,0,0,0,86,42
996618.0,0,0,21,65,42
996627.0,0,0,21,65,42
996627.0,0,0,22,64,42
997146.0,0,0,22,64,42
997146.0,0,0,86,0,42
997996.0,0,0,86,2,40
998017.0,0,0,86,6,36
998418.0,21,0,65,6,36
998427.0,22,0,64,6,36
998596.0,22,0,64,6,36
998596.0,22,0,66,4,36
998617.0,22,0,66,4,36
998617.0,22,0,70,0,36
998946.0,86,0,6,0,36
999816.0,86,0,6,4,32
999867.0,86,0,6,36,0
1000396.0,88,0,4,36,0
1000416.0,88,0,4,36,0
1000416.0,88,0,8,32,0
1000417.0,92,0,4,32,0
1000467.0,92,0,4,32,0
1000467.0,92,0,36,0,0
1002023.0,92,0,36,0,0
1002216.0,96,0,32,0,0
1002267.0,128,0,0,0,0
1002267.0,0,128,0,0,0
1002309.0,0,128,0,0,0
1002374.0,0,128,0,0,0
1004967.0,0,0,0,128,0
1004967.0,0,0,0,0,128
1005073.0,0,0,0,128,0
1005073.0,0,0,0,28,100
1005673.0,0,0,0,28,100
1005673.0,0,0,28,0,100
1007473.0,28,0,0,0,100
1014484.0,28,0,0,0,100
1014668.0,28,0,0,4,96
1014668.0,24,4,0,4,96
1014726.0,24,4,0,36,64
1014726.0,0,28,0,36,64
1014908.0,0,28,0,100,0
1014908.0,0,28,0,36,64
1015268.0,0,28,0,36,64
1015326.0,0,28,0,36,64
1015508.0,0,28,0,36,64
1015508.0,0,28,28,8,64
1016070.0,0,28,28,8,64
1016966.0,0,28,28,8,64
1017308.0,28,28,0,8,64
1017368.0,28,24,0,12,64
1017368.0,28,24,0,8,68
1017426.0,28,0,0,32,68
1017426.0,28,0,0,0,100
1019461.0,28,0,0,0,100
1019485.0,28,0,0,0,100
1022962.0,28,0,0,0,100
1023228.0,28,0,0,0,100
1023320.0,28,0,0,0,100
1024735.0,28,0,0,64,36
1024735.0,0,28,0,6,94
1024765.0,0,28,0,39,61
1024765.0,0,28,0,23,77
1024792.0,0,28,0,39,61
1024792.0,0,28,0,7,93
1024839.0,0,28,0,23,77
1024858.0,0,28,0,23,77
1024858.0,0,28,0,7,93
1024875.0,0,28,0,39,61
1024876.0,0,28,0,39,61
1024876.0,0,28,0,38,62
1024892.0,0,28,0,39,61
1025042.0,0,28,0,39,61
1025042.0,0,28,0,35,65
1025049.0,0,28,0,51,49
1025104.0,0,28,0,55,45
1025142.0,0,28,0,55,45
1025142.0,0,28,0,23,77
1025214.0,0,28,0,55,45
1025335.0,0,28,0,55,45
1025339.0,0,28,0,55,45
1025339.0,0,28,0,23,77
1025365.0,0,28,0,23,77
1025368.0,0,28,0,55,45
1025392.0,0,28,0,55,45
1025439.0,0,28,0,55,45
1025475.0,0,28,0,55,45
1025605.0,0,28,0,56,44
1025649.0,0,28,0,56,44
1025800.0,0,28,0,56,44
1025800.0,0,28,0,55,45
1025814.0,0,28,0,55,45
1025814.0,0,28,18,37,45
1025819.0,0,28,18,38,44
1025968.0,0,28,18,38,44
1025968.0,0,28,50,6,44
1026026.0,0,28,50,6,44
1026205.0,0,28,50,6,44
1026205.0,0,28,51,5,44
1026419.0,0,28,51,5,44
1026419.0,0,28,52,4,44
1027435.0,0,0,52,32,44
1027435.0,0,0,52,0,76
1027550.0,0,0,52,0,76
1027614.0,18,0,34,0,76
1027669.0,18,0,34,0,76
1027768.0,50,0,2,0,76
1027768.0,6,44,2,0,76
1028005.0,7,44,1,0,76
1028219.0,8,44,0,0,76
1028367.0,8,44,0,0,76
1028367.0,4,48,0,0,76
1028988.0,4,48,0,0,76
1028988.0,3,49,0,0,76
1029137.0,3,49,0,0,76
1029137.0,2,50,0,0,76
1029202.0,2,50,0,0,76
1029202.0,1,51,0,0,76
1029222.0,1,51,0,0,76
1029222.0,0,52,0,0,76
1029668.0,0,52,0,0,76
1029735.0,0,52,0,0,76
1029967.0,0,52,0,0,76
1030008.0,0,52,0,0,76
1030011.0,0,52,0,0,76
1030041.0,0,52,0,0,76
1030205.0,0,52,0,0,76
1030440.0,0,52,0,0,76
1030468.0,0,8,0,44,76
1030468.0,0,8,0,0,120
1030510.0,0,8,0,4,116
1030510.0,0,8,0,0,120
1030514.0,0,8,0,1,119
1030514.0,0,8,0,0,120
1030515.0,0,8,0,1,119
1030515.0,0,8,0,0,120
1030520.0,0,8,0,8,112
1030520.0,0,8,0,0,120
1030526.0,0,8,0,1,119
1030526.0,0,8,0,0,120
1030531.0,0,8,0,1,119
1030535.0,0,8,0,3,117
1030537.0,0,8,0,4,116
1030645.0,0,8,0,4,116
1030645.0,0,8,0,0,120
1030689.0,0,8,0,4,116
1030796.0,0,8,0,4,116
1030796.0,0,8,0,0,120
1030822.0,0,8,0,4,116
1030919.0,0,8,0,4,116
1030919.0,0,8,0,0,120
1030930.0,0,8,0,0,120
1030966.0,0,8,0,4,116
1031067.0,0,4,0,8,116
1031067.0,0,4,0,4,120
1031095.0,0,4,0,4,120
1031121.0,0,4,0,8,116
1031121.0,0,4,0,0,124
1031131.0,0,4,0,0,124
1031195.0,0,4,0,8,116
1031195.0,0,4,0,4,120
1031224.0,0,4,0,8,116
1031289.0,0,4,0,8,116
1031422.0,0,4,0,8,116
1031526.0,0,4,0,8,116
1031526.0,0,4,0,7,117
1031542.0,0,4,0,8,116
1031563.0,0,4,0,8,116
1031563.0,0,4,0,7,117
1031566.0,0,4,0,7,117
1031582.0,0,4,0,8,116
1031624.0,0,4,0,8,116
1031624.0,0,4,0,0,124
1031688.0,0,3,0,1,124
1031688.0,0,3,0,0,125
1031712.0,0,3,0,1,124
1031755.0,0,3,0,1,124
1031757.0,0,3,0,9,116
1031757.0,0,3,0,5,120
1031793.0,0,3,0,9,116
1031795.0,0,3,0,9,116
1031837.0,0,2,0,10,116
1031837.0,0,2,0,9,117
1031858.0,0,2,0,10,116
1031867.0,0,2,0,10,116
1031867.0,0,2,0,6,120
1031893.0,0,2,0,10,116
1031901.0,0,2,0,10,116
1031901.0,0,2,0,6,120
1031902.0,0,1,0,7,120
1031902.0,0,1,0,6,121
1031922.0,0,0,0,7,121
1031922.0,0,0,0,6,122
1031927.0,0,0,0,10,118
1031928.0,0,0,0,11,117
1031943.0,0,0,0,12,116
1031972.0,0,0,0,12,116
1031972.0,0,0,0,8,120
1032010.0,0,0,0,12,116
1032026.0,0,0,0,12,116
1032026.0,0,0,0,8,120
1032064.0,0,0,0,12,116
1032277.0,0,0,0,20,108
1032312.0,0,0,0,20,108
1032357.0,0,0,0,20,108
1032393.0,0,0,0,20,108
1032493.0,0,0,0,20,108
1032499.0,0,0,0,20,108
1032499.0,0,0,0,12,116
1032527.0,0,0,0,12,116
1032661.0,0,0,0,12,116
1032661.0,0,0,0,4,124
1032664.0,0,0,0,4,124
1032696.0,0,0,0,4,124
1032696.0,0,0,0,3,125
1032713.0,0,0,0,4,124
1032746.0,0,0,0,4,124
1032746.0,0,0,0,0,128
1032749.0,0,0,0,8,120
1032787.0,0,0,0,12,116
1032877.0,0,0,0,12,116
1033091.0,0,0,0,12,116
1033091.0,0,0,0,11,117
1033097.0,0,0,0,12,116
1033136.0,0,0,0,20,108
1033349.0,0,0,0,20,108
1033349.0,0,0,7,13,108
1033387.0,0,0,7,13,108
1033387.0,0,0,11,9,108
1033575.0,0,0,11,9,108
1033575.0,0,0,11,5,112
1033580.0,0,0,11,5,112
1033580.0,0,0,11,1,116
1033594.0,0,0,11,5,112
1033697.0,0,0,11,5,112
1033724.0,0,0,11,5,112
1033724.0,0,0,11,1,116
1033736.0,0,0,11,1,116
1033767.0,0,0,11,5,112
1033827.0,0,0,11,5,112
1033827.0,0,0,11,1,116
1033878.0,0,0,11,5,112
1033926.0,0,0,11,9,108
1033977.0,0,0,11,9,108
1033977.0,0,0,11,5,112
1034151.0,0,0,11,5,112
1034151.0,0,0,11,1,116
1034194.0,0,0,11,1,116
1034204.0,0,0,11,5,112
1034213.0,0,0,11,5,112
1034213.0,0,0,11,1,116
1034217.0,0,0,11,1,116
1034217.0,0,0,11,0,117
1034244.0,0,0,11,1,116
1034265.0,0,0,11,5,112
1034339.0,0,0,11,9,108
1034367.0,0,0,11,9,108
1034393.0,0,0,11,9,108
1034478.0,0,0,11,9,108
1034479.0,0,0,11,9,108
1034485.0,0,0,11,9,108
1034485.0,0,0,11,1,116
1034505.0,0,0,11,5,112
1034526.0,0,0,11,5,112
1034576.0,0,0,11,5,112
1034586.0,0,0,11,5,112
1034586.0,0,0,11,0,117
1034590.0,0,0,11,4,113
1034607.0,0,0,11,5,112
1034618.0,0,0,11,5,112
1034804.0,0,0,11,5,112
1034808.0,0,0,11,5,112
1034808.0,0,0,11,0,117
1034815.0,0,0,11,1,116
1034844.0,0,0,11,1,116
1034939.0,0,0,11,1,116
1034966.0,0,0,11,1,116
1035120.0,0,0,11,5,112
1035144.0,0,0,11,5,112
1035144.0,0,0,11,1,116
1035147.0,0,0,11,5,112
1035149.0,7,0,4,5,112
1035187.0,11,0,0,5,112
1035190.0,11,0,0,5,112
1035267.0,11,0,0,5,112
1035267.0,6,5,0,5,112
1035276.0,6,5,0,5,112
1035415.0,6,5,0,5,112
1035508.0,6,5,0,5,112
1035508.0,5,6,0,5,112
1035720.0,5,6,0,5,112
1035720.0,5,6,1,4,112
1035747.0,5,6,1,4,112
1035747.0,5,6,5,0,112
1035862.0,5,6,5,0,112
1036118.0,5,6,5,0,112
1036158.0,5,6,5,4,108
1036158.0,0,11,5,4,108
1036178.0,0,11,5,4,108
1036272.0,0,11,5,4,108
1036272.0,0,11,5,0,112
1036311.0,0,11,5,0,112
1036390.0,0,11,5,0,112
1036508.0,0,11,5,0,112
1036519.0,0,11,5,0,112
1036734.0,0,11,5,0,112
1036758.0,0,11,5,0,112
1036854.0,0,11,5,0,112
1036928.0,0,11,5,0,112
1037006.0,0,11,5,0,112
1037079.0,0,11,5,0,112
1037101.0,0,11,5,0,112
1037162.0,0,11,5,0,112
1037242.0,0,11,5,0,112
1037281.0,0,11,5,0,112
1037391.0,0,11,5,0,112
1037412.0,0,11,5,0,112
1037510.0,0,11,5,0,112
1037520.0,1,11,4,0,112
1037547.0,5,11,0,0,112
1037652.0,5,11,0,0,112
1037715.0,5,11,0,0,112
1037718.0,5,11,0,0,112
1037966.0,5,11,0,0,112
1037967.0,5,6,0,5,112
1037967.0,5,6,0,0,117
1037992.0,5,6,0,1,116
1037992.0,1,10,0,1,116
1038007.0,1,10,0,1,116
1038198.0,1,10,0,1,116
1038208.0,1,9,0,2,116
1038208.0,1,9,0,1,117
1038226.0,1,9,0,2,116
1038226.0,0,10,0,2,116
1038310.0,0,10,0,6,112
1038310.0,0,10,0,2,116
1038343.0,0,10,0,2,116
1038351.0,0,10,0,6,112
1038351.0,0,10,0,1,117
1038368.0,0,10,0,2,116
1038391.0,0,10,0,2,116
1038396.0,0,10,0,6,112
1038396.0,0,10,0,2,116
1038458.0,0,10,0,6,112
1038458.0,0,10,0,2,116
1038535.0,0,10,0,2,116
1038535.0,0,10,0,1,117
1038545.0,0,10,0,5,113
1038545.0,0,10,0,1,117
1038557.0,0,10,0,2,116
1038583.0,0,10,0,2,116
1038590.0,0,10,0,6,112
1038590.0,0,10,0,2,116
1038592.0,0,10,0,2,116
1038649.0,0,10,0,6,112
1038649.0,0,10,0,2,116
1038698.0,0,10,0,2,116
1038711.0,0,10,0,6,112
1038711.0,0,10,0,4,114
1038826.0,0,10,0,4,114
1038858.0,0,5,0,9,114
1038858.0,0,5,0,4,119
1038867.0,0,5,0,5,118
1038904.0,0,5,0,11,112
1038904.0,0,5,0,3,120
1038909.0,0,5,0,3,120
1038910.0,0,5,0,3,120
1038968.0,0,5,0,3,120
1038972.0,0,5,0,11,112
1038972.0,0,5,0,3,120
1038996.0,0,5,0,3,120
1039006.0,0,5,0,7,116
1039027.0,0,5,0,7,116
1039027.0,0,5,0,3,120
1039031.0,0,5,0,11,112
1039031.0,0,5,0,3,120
1039038.0,0,5,0,3,120
1039046.0,0,5,0,3,120
1039057.0,0,5,0,7,116
1039057.0,0,5,0,3,120
1039058.0,0,5,0,3,120
1039080.0,0,5,0,7,116
1039080.0,0,5,0,3,120
1039097.0,0,5,0,11,112
1039097.0,0,5,0,3,120
1039152.0,0,5,0,11,112
1039152.0,0,5,0,3,120
1039157.0,0,5,0,3,120
1039190.0,0,5,0,3,120
1039224.0,0,5,0,11,112
1039224.0,0,5,0,3,120
1039226.0,0,5,0,3,120
1039249.0,0,5,0,3,120
1039284.0,0,5,0,3,120
1039296.0,0,5,0,11,112
1039296.0,0,5,0,3,120
1039298.0,0,5,0,7,116
1039311.0,0,5,0,7,116
1039329.0,0,5,0,7,116
1039370.0,0,5,0,7,116
1039425.0,0,5,0,7,116
1039425.0,0,5,0,3,120
1039464.0,0,5,0,7,116
1039504.0,0,5,0,7,116
1039571.0,0,5,0,7,116
1039571.0,0,5,0,3,120
1039572.0,0,5,0,3,120
1039606.0,0,5,0,3,120
1039614.0,0,5,0,7,116
1039631.0,0,5,0,7,116
1039657.0,0,5,0,7,116
1039680.0,0,5,0,7,116
1039697.0,0,5,0,7,116
1039706.0,0,5,0,39,84
1039706.0,0,5,0,7,116
1039751.0,0,5,0,7,116
1039752.0,0,5,0,7,116
1039824.0,0,5,0,7,116
1039851.0,0,5,0,7,116
1039851.0,0,5,0,3,120
1039878.0,0,5,0,7,116
1039896.0,0,5,0,7,116
1039898.0,0,5,0,7,116
1040003.0,0,5,0,7,116
1040003.0,0,5,0,3,120
1040051.0,0,5,0,7,116
1040064.0,0,5,0,7,116
1040306.0,0,5,0,7,116
1040395.0,0,5,0,7,116
1040398.0,0,5,0,7,116
1040398.0,0,5,0,3,120
1040427.0,0,5,0,3,120
1040427.0,0,5,0,1,122
1040478.0,0,5,0,1,122
1040616.0,0,5,0,1,122
1040635.0,0,5,0,1,122
1040651.0,0,5,0,1,122
1040692.0,0,1,0,5,122
1040692.0,0,1,0,1,126
1040698.0,0,1,0,3,124
1040698.0,0,1,0,2,125
1040708.0,0,1,0,3,124
1040713.0,0,1,0,3,124
1040733.0,0,1,0,4,123
1040743.0,0,1,0,5,122
1040926.0,0,0,0,6,122
1040926.0,0,0,0,4,124
1041000.0,0,0,0,4,124
1041061.0,0,0,0,4,124
1041068.0,0,0,0,6,122
1041242.0,0,0,0,6,122
1041298.0,0,0,0,6,122
1041298.0,0,0,1,5,122
1041308.0,0,0,1,5,122
1041308.0,0,0,2,4,122
1041333.0,0,0,2,4,122
1041333.0,0,0,3,3,122
1041343.0,0,0,3,3,122
1041343.0,0,0,3,2,123
1041369.0,0,0,3,3,122
1041375.0,0,0,3,3,122
1041470.0,0,0,3,35,90
1041470.0,0,0,3,3,122
1041668.0,0,0,3,3,122
1042070.0,0,0,3,3,122
1042070.0,0,0,6,0,122
1042511.0,0,0,6,0,122
1042602.0,0,0,6,4,118
1042607.0,0,0,6,6,116
1042687.0,0,0,6,14,108
1042687.0,0,0,6,6,116
1042759.0,0,0,6,14,108
1042759.0,0,0,6,6,116
1042933.0,0,0,6,6,116
1042933.0,0,0,6,5,117
1042940.0,0,0,6,6,116
1043013.0,0,0,6,6,116
1043013.0,0,0,6,2,120
1043018.0,0,0,6,2,120
1043018.0,0,0,6,1,121
1043037.0,0,0,6,33,89
1043037.0,0,0,6,1,121
1043049.0,0,0,6,1,121
1043049.0,0,0,6,0,122
1043060.0,0,0,6,1,121
1043071.0,0,0,6,5,117
1043093.0,0,0,6,5,117
1043093.0,0,0,6,1,121
1043098.0,1,0,5,1,121
1043108.0,2,0,4,1,121
1043125.0,2,0,4,2,120
1043133.0,3,0,3,2,120
1043138.0,3,0,3,6,116
1043154.0,3,0,3,6,116
1043202.0,3,0,3,6,116
1043220.0,3,0,3,6,116
1043230.0,3,0,3,6,116
1043230.0,2,1,3,6,116
1043287.0,2,1,3,6,116
1043351.0,2,1,3,6,116
1043351.0,2,1,3,2,120
1043359.0,2,1,3,2,120
1043397.0,2,1,3,2,120
1043404.0,2,1,3,2,120
1043404.0,1,2,3,2,120
1043429.0,1,2,3,2,120
1043429.0,0,3,3,2,120
1043435.0,0,3,3,6,116
1043437.0,0,3,3,6,116
1043527.0,0,3,3,6,116
1043527.0,0,3,3,5,117
1043540.0,0,3,3,5,117
1043558.0,0,3,3,6,116
1043602.0,0,3,3,6,116
1043602.0,0,3,3,5,117
1043637.0,0,3,3,5,117
1043660.0,0,3,3,5,117
1043665.0,0,3,3,13,109
1043671.0,0,3,3,13,109
1043713.0,0,3,3,14,108
1043718.0,0,3,3,14,108
1043738.0,0,3,3,14,108
1043870.0,3,3,0,14,108
1043870.0,0,6,0,14,108
1043933.0,0,6,0,14,108
1044005.0,0,6,0,14,108
1044035.0,0,6,0,14,108
1044075.0,0,6,0,14,108
1044157.0,0,6,0,14,108
1044466.0,0,6,0,14,108
1044496.0,0,6,0,14,108
1044597.0,0,6,0,14,108
1044688.0,0,6,0,14,108
1044849.0,0,6,0,14,108
1044870.0,0,6,0,14,108
1044921.0,0,6,0,14,108
1045067.0,0,6,0,14,108
1045106.0,0,6,0,14,108
1045263.0,0,6,0,14,108
1045295.0,0,6,0,14,108
1045363.0,0,6,0,14,108
1045379.0,0,6,0,14,108
1045407.0,0,6,0,46,76
1045407.0,0,6,0,29,93
1045413.0,0,6,0,29,93
1045416.0,0,6,0,30,92
1045416.0,0,6,0,29,93
1045422.0,0,6,0,29,93
1045462.0,0,6,0,61,61
1045462.0,0,6,0,25,97
1045559.0,0,6,0,41,81
1045559.0,0,6,0,29,93
1045650.0,0,6,0,29,93
1045708.0,0,6,0,29,93
1045727.0,0,6,0,37,85
1045727.0,0,6,0,29,93
1045743.0,0,6,0,29,93
1045768.0,0,6,0,29,93
1045773.0,0,6,0,37,85
1045773.0,0,6,0,29,93
1045810.0,0,6,0,37,85
1045810.0,0,6,0,29,93
1045844.0,0,6,0,29,93
1045897.0,0,6,0,29,93
1045910.0,0,6,0,30,92
1045910.0,0,6,0,29,93
1045930.0,0,5,0,30,93
1045930.0,0,5,0,29,94
1045932.0,0,5,0,37,86
1045932.0,0,5,0,29,94
1045936.0,0,5,0,30,93
1045936.0,0,5,0,29,94
1045940.0,0,5,0,37,86
1045940.0,0,5,0,29,94
1045943.0,0,5,0,30,93
1045943.0,0,5,0,29,94
1045948.0,0,5,0,29,94
1045978.0,0,5,0,30,93
1045978.0,0,5,0,29,94
1045980.0,0,5,0,37,86
1045980.0,0,5,0,29,94
1045986.0,0,5,0,30,93
1045986.0,0,5,0,29,94
1046007.0,0,5,0,29,94
1046051.0,0,5,0,29,94
1046060.0,0,5,0,30,93
1046060.0,0,5,0,29,94
1046062.0,0,5,0,29,94
1046062.0,0,5,5,24,94
1046066.0,0,5,5,32,86
1046066.0,0,5,5,26,92
1046077.0,0,5,5,27,91
1046104.0,0,4,5,28,91
1046104.0,0,4,5,27,92
1046116.0,0,4,5,31,88
1046116.0,0,4,5,27,92
1046129.0,0,3,5,28,92
1046129.0,0,3,5,26,94
1046138.0,0,3,5,26,94
1046138.0,0,3,5,25,95
1046142.0,0,3,5,26,94
1046159.0,0,3,5,27,93
1046159.0,0,3,7,25,93
1046176.0,0,3,7,29,89
1046176.0,0,3,7,24,94
1046178.0,0,3,7,25,93
1046196.0,0,3,7,33,85
1046196.0,0,3,7,29,89
1046208.0,0,3,7,31,87
1046208.0,0,3,7,29,89
1046235.0,0,3,7,29,89
1046258.0,0,3,7,33,85
1046258.0,0,3,7,29,89
1046327.0,0,3,7,29,89
1046327.0,0,3,14,22,89
1046342.0,0,3,14,23,88
1046343.0,0,3,14,27,84
1046364.0,0,3,14,31,80
1046364.0,0,3,14,27,84
1046408.0,0,3,14,31,80
1046427.0,0,3,14,35,76
1046491.0,0,3,14,35,76
1046495.0,0,3,14,35,76
1046507.0,0,3,14,37,74
1046507.0,0,3,14,29,82
1046510.0,0,3,14,29,82
1046510.0,0,3,15,28,82
1046530.0,0,3,15,60,50
1046530.0,0,3,15,20,90
1046546.0,0,3,15,20,90
1046546.0,0,3,15,19,91
1046570.0,0,0,15,22,91
1046570.0,0,0,15,6,107
1046598.0,0,0,15,14,99
1046598.0,0,0,15,6,107
1046617.0,0,0,15,7,106
1046636.0,0,0,15,15,98
1046642.0,0,0,15,31,82
1046649.0,0,0,15,63,50
1046649.0,0,0,15,31,82
1046669.0,0,0,15,31,82
1046751.0,0,0,15,31,82
1046753.0,0,0,15,31,82
1046759.0,0,0,15,31,82
1046957.0,0,0,15,31,82
1046969.0,0,0,15,31,82
1046992.0,0,0,15,31,82
1047130.0,0,0,15,31,82
1047249.0,0,0,15,31,82
1047249.0,0,0,46,0,82
1047295.0,0,0,46,0,82
1047416.0,0,0,46,0,82
1047421.0,0,0,46,8,74
1047421.0,0,0,46,0,82
1047427.0,0,0,46,0,82
1047499.0,0,0,46,8,74
1047499.0,0,0,46,0,82
1047528.0,0,0,46,0,82
1047549.0,0,0,46,0,82
1047654.0,0,0,46,32,50
1047654.0,0,0,46,0,82
1047774.0,0,0,46,32,50
1047774.0,0,0,46,0,82
1047837.0,0,0,46,0,82
1047862.0,5,0,41,0,82
1047866.0,5,0,41,0,82
1047899.0,5,0,41,32,50
1047899.0,5,0,41,0,82
1047933.0,5,0,41,4,78
1047933.0,0,5,41,1,81
1047941.0,0,5,41,2,80
1047941.0,0,5,41,1,81
1047959.0,2,5,39,1,81
1047993.0,2,5,39,2,80
1047993.0,0,7,39,2,80
1048021.0,0,7,39,4,78
1048021.0,0,7,39,2,80
1048033.0,0,7,39,2,80
1048055.0,0,7,39,2,80
1048099.0,0,7,39,2,80
1048127.0,7,7,32,2,80
1048200.0,7,7,32,2,80
1048310.0,8,7,31,2,80
1048313.0,8,7,31,2,80
1048385.0,8,7,31,2,80
1048474.0,8,7,31,4,78
1048546.0,8,7,31,4,78
1048593.0,8,7,31,4,78
1048621.0,8,7,31,4,78
1048621.0,8,7,32,3,78
1048754.0,8,7,32,3,78
1048795.0,8,7,32,3,78
1048856.0,8,7,32,3,78
1049049.0,39,7,1,3,78
1049049.0,7,39,1,3,78
1049074.0,7,39,1,3,78
1049074.0,7,39,3,1,78
1049867.0,7,39,3,33,46
1049867.0,7,39,3,1,78
1050039.0,7,39,3,5,74
1050039.0,0,46,3,5,74
1050152.0,0,46,3,7,72
1050152.0,0,46,3,3,76
1050262.0,0,46,3,3,76
1050262.0,0,46,3,2,77
1050298.0,0,46,3,3,76
1050370.0,0,46,3,3,76
1050370.0,0,46,3,2,77
1050407.0,0,46,3,3,76
1050421.0,1,46,2,3,76
1050482.0,1,46,2,11,68
1050482.0,0,47,2,11,68
1050537.0,0,47,2,11,68
1050537.0,0,47,2,10,69
1050584.0,0,47,2,11,68
1050594.0,0,47,2,11,68
1050594.0,0,47,2,10,69
1050612.0,0,47,2,11,68
1050617.0,0,47,2,11,68
1050617.0,0,47,2,10,69
1050633.0,0,42,2,15,69
1050633.0,0,42,2,9,75
1050639.0,0,42,2,9,75
1050645.0,0,42,2,13,71
1050661.0,0,42,2,14,70
1050663.0,0,42,2,15,69
1050684.0,0,42,2,16,68
1050684.0,0,42,2,8,76
1050687.0,0,42,2,8,76
1050693.0,0,40,2,10,76
1050693.0,0,40,2,8,78
1050726.0,0,40,2,9,77
1050743.0,0,40,2,9,77
1050743.0,0,40,2,8,78
1050752.0,0,40,2,8,78
1050756.0,0,40,2,16,70
1050756.0,0,40,2,8,78
1050758.0,0,40,2,9,77
1050785.0,0,40,2,10,76
1050874.0,2,40,0,10,76
1050898.0,2,40,0,10,76
1050914.0,2,40,0,10,76
1050914.0,1,41,0,10,76
1051007.0,1,41,0,10,76
1051040.0,1,41,0,10,76
1051040.0,0,42,0,10,76
1051082.0,0,42,0,10,76
1051184.0,0,42,0,10,76
1051212.0,0,42,0,10,76
1051241.0,0,42,0,10,76
1051241.0,0,42,0,9,77
1051281.0,0,42,0,10,76
1051325.0,0,42,0,10,76
1051325.0,0,42,0,9,77
1051326.0,0,42,0,9,77
1051358.0,0,42,0,9,77
1051385.0,0,42,0,9,77
1051419.0,0,42,0,10,76
1051462.0,0,42,0,10,76
1051462.0,0,42,0,8,78
1051606.0,0,42,0,10,76
1051654.0,0,42,0,10,76
1051654.0,0,42,0,9,77
1051701.0,0,42,0,10,76
1051749.0,0,10,0,42,76
1051749.0,0,10,0,10,108
1051881.0,0,10,0,10,108
1051891.0,0,10,0,42,76
1051891.0,0,10,0,10,108
1051936.0,0,10,0,10,108
1051936.0,0,10,0,9,109
1051974.0,0,10,0,10,108
1052046.0,0,10,0,10,108
1052053.0,0,10,0,10,108
1052128.0,0,10,0,10,108
1052129.0,0,10,0,42,76
1052129.0,0,10,0,10,108
1052206.0,0,10,0,10,108
1052491.0,0,10,0,10,108
1052674.0,0,10,0,10,108
1052709.0,0,10,0,10,108
1052729.0,0,10,0,10,108
1052729.0,0,10,2,8,108
1052739.0,0,3,2,15,108
1052739.0,0,3,2,7,116
1052848.0,0,3,2,11,112
1052869.0,0,3,2,11,112
1052869.0,0,3,2,7,116
1052890.0,0,3,2,7,116
1052965.0,0,3,2,11,112
1053006.0,0,3,2,19,104
1053126.0,0,3,2,51,72
1053126.0,0,3,2,35,88
1053156.0,0,3,2,35,88
1053182.0,0,2,2,36,88
1053182.0,0,2,2,28,96
1053220.0,0,2,2,44,80
1053220.0,0,2,2,0,124
1053308.0,0,2,2,0,124
1053334.0,0,2,2,0,124
1053340.0,0,2,2,8,116
1053340.0,0,2,2,0,124
1053363.0,0,2,2,32,92
1053363.0,0,2,2,0,124
1053433.0,0,2,2,8,116
1053433.0,0,2,2,0,124
1053448.0,0,2,2,0,124
1053511.0,0,2,2,8,116
1053511.0,0,2,2,0,124
1053536.0,0,2,2,8,116
1053536.0,0,2,2,0,124
1053565.0,0,2,2,0,124
1053604.0,0,2,2,32,92
1053604.0,0,2,2,0,124
1053614.0,0,1,2,1,124
1053614.0,0,1,2,0,125
1053645.0,0,1,2,32,93
1053645.0,0,1,2,0,125
1053652.0,0,1,2,1,124
1053652.0,0,1,2,0,125
1053674.0,0,1,2,1,124
1053677.0,0,1,2,33,92
1053677.0,0,1,2,1,124
1053726.0,0,1,2,33,92
1053726.0,0,1,2,1,124
1053740.0,0,0,2,2,124
1053740.0,0,0,2,1,125
1053779.0,0,0,2,2,124
1053779.0,0,0,2,0,126
1053794.0,0,0,2,4,122
1053794.0,0,0,2,0,126
1053855.0,0,0,2,2,124
1053855.0,0,0,2,0,126
1054147.0,0,0,2,0,126
1054274.0,0,0,2,0,126
1054277.0,0,0,2,0,126
1054326.0,0,0,2,0,126
1054529.0,2,0,0,0,126
1054627.0,2,0,0,0,126
1054804.0,2,0,0,0,126
1054869.0,2,0,0,0,126
1054888.0,2,0,0,4,122
1054888.0,0,2,0,4,122
1055488.0,0,2,0,4,122
1055488.0,0,2,2,2,122
1055664.0,0,2,2,34,90
1055664.0,0,2,2,2,122
1055708.0,0,2,2,34,90
1055708.0,0,2,2,2,122
1055795.0,0,2,2,10,114
1055795.0,0,2,2,2,122
1055826.0,0,2,2,10,114
1055826.0,0,2,2,2,122
1055863.0,0,2,2,10,114
1055863.0,0,2,2,6,118
1056018.0,0,2,2,6,118
1056151.0,0,2,2,6,118
1056214.0,0,2,2,6,118
1056214.0,0,2,2,2,122
1056304.0,0,2,2,2,122
1056308.0,0,2,2,6,118
1056308.0,0,2,2,2,122
1056326.0,0,2,2,2,122
1056395.0,0,2,2,34,90
1056395.0,0,2,2,2,122
1056399.0,0,2,2,34,90
1056399.0,0,2,2,2,122
1056406.0,0,2,2,4,120
1056406.0,0,2,2,2,122
1056463.0,0,2,2,2,122
1056471.0,0,2,2,34,90
1056471.0,0,2,2,2,122
1056533.0,0,2,2,34,90
1056533.0,0,2,2,2,122
1056570.0,0,2,2,34,90
1056570.0,0,2,2,2,122
1057140.0,0,2,2,6,118
1057288.0,2,2,0,6,118
1057588.0,2,0,0,8,118
1057588.0,2,0,0,4,122
1057740.0,2,0,0,4,122
1057740.0,2,0,4,0,122
1058186.0,2,0,4,32,90
1058186.0,2,0,4,0,122
1058366.0,2,0,4,4,118
1058411.0,2,0,4,4,118
1058411.0,1,1,4,4,118
1058427.0,1,1,4,4,118
1058427.0,0,2,4,4,118
1058445.0,0,2,4,6,116
1058626.0,0,2,4,6,116
1058783.0,0,2,4,6,116
1058783.0,0,2,4,5,117
1058792.0,0,2,4,6,116
1058966.0,0,2,4,6,116
1059019.0,0,2,4,6,116
1059019.0,0,2,4,5,117
1059024.0,0,2,4,6,116
1059045.0,0,2,4,6,116
1059045.0,0,2,5,5,116
1059077.0,0,2,5,5,116
1059390.0,0,2,5,5,116
1059392.0,0,2,5,5,116
1059392.0,0,2,6,4,116
1059540.0,4,2,2,4,116
1059572.0,4,2,2,8,112
1059572.0,0,6,2,8,112
1059624.0,0,6,2,8,112
1059624.0,0,6,3,7,112
1059896.0,0,6,3,7,112
1059896.0,0,6,3,6,113
1059949.0,0,6,3,7,112
1059981.0,0,6,3,7,112
1059981.0,0,6,3,6,113
1060015.0,0,6,3,7,112
1060063.0,0,6,3,7,112
1060064.0,0,6,3,7,112
1060064.0,0,6,3,6,113
1060107.0,0,6,3,7,112
1060134.0,0,6,3,7,112
1060134.0,0,6,3,6,113
1060161.0,0,6,3,10,109
1060172.0,0,6,3,11,108
1060185.0,0,6,3,43,76
1060185.0,0,6,3,11,108
1060549.0,0,6,3,11,108
1060652.0,0,6,3,43,76
1060652.0,0,6,3,11,108
1060785.0,0,6,3,11,108
1060845.0,1,6,2,11,108
1061102.0,1,6,2,43,76
1061102.0,1,6,2,11,108
1061111.0,1,5,2,12,108
1061111.0,1,5,2,11,109
1061127.0,1,4,2,12,109
1061127.0,1,4,2,8,113
1061133.0,1,4,2,9,112
1061192.0,2,4,1,9,112
1061239.0,2,4,1,13,108
1061252.0,2,4,1,13,108
1061327.0,2,4,1,13,108
1061387.0,2,4,1,13,108
1061387.0,0,6,1,13,108
1061424.0,1,6,0,13,108
1061453.0,1,6,0,17,104
1061532.0,1,6,0,17,104
1061558.0,1,6,0,17,104
1061558.0,0,7,0,17,104
1061626.0,0,7,0,17,104
1061626.0,0,7,0,16,105
1061645.0,0,7,0,17,104
1061702.0,0,7,0,17,104
1061839.0,0,7,0,17,104
1061839.0,0,7,3,14,104
1062053.0,0,7,3,14,104
1062053.0,0,7,7,10,104
1062222.0,0,7,7,10,104
1062245.0,0,7,7,10,104
1062245.0,0,7,8,9,104
1062272.0,0,3,8,13,104
1062272.0,0,3,8,9,108
1062294.0,0,3,8,9,108
1062450.0,0,3,8,41,76
1062450.0,0,3,8,9,108
1062512.0,0,3,8,9,108
1062773.0,0,3,8,41,76
1062773.0,0,3,8,9,108
1062896.0,0,3,8,9,108
1062920.0,0,3,8,9,108
1062993.0,0,3,8,13,104
1062993.0,0,3,8,9,108
1063639.0,3,3,5,9,108
1063792.0,3,3,5,41,76
1063792.0,3,3,5,9,108
1063853.0,7,3,1,9,108
1064045.0,8,3,0,9,108
1064087.0,8,1,0,11,108
1064087.0,8,1,0,7,112
1064258.0,8,0,0,8,112
1064258.0,8,0,0,0,120
1064486.0,8,0,0,8,112
1064486.0,0,8,0,8,112
1064914.0,0,8,0,12,108
1065086.0,0,8,0,12,108
1065086.0,0,8,8,4,108
1065161.0,0,8,8,36,76
1065161.0,0,8,8,4,108
1065514.0,0,8,8,4,108
1065761.0,0,8,8,4,108
1065761.0,0,8,12,0,108
1065900.0,0,8,12,32,76
1065900.0,0,8,12,0,108
1066017.0,0,8,12,8,100
1066546.0,0,8,12,40,68
1066546.0,0,8,12,8,100
1066617.0,0,8,12,8,100
1066886.0,8,8,4,8,100
1067146.0,8,8,4,8,100
1067146.0,8,8,12,0,100
1067186.0,8,0,12,8,100
1067186.0,8,0,12,0,108
1067561.0,12,0,8,0,108
1068539.0,12,0,8,0,108
1068541.0,12,0,8,0,108
1068880.0,12,0,8,32,76
1068880.0,12,0,8,0,108
1068946.0,20,0,0,0,108
1069116.0,20,0,0,32,76
1069116.0,20,0,0,0,108
1069368.0,20,0,0,32,76
1069368.0,20,0,0,0,108
1069535.0,20,0,0,4,104
1069535.0,19,1,0,4,104
1069766.0,19,1,0,36,72
1069766.0,19,1,0,4,104
1070135.0,19,1,0,4,104
1070136.0,19,1,0,36,72
1070136.0,19,1,0,4,104
1070366.0,19,1,0,4,104
1070736.0,19,1,0,4,104
1070736.0,19,1,4,0,104
1072235.0,19,0,4,1,104
1072235.0,19,0,4,0,105
1072276.0,19,0,4,1,104
1072536.0,23,0,0,1,104
1072544.0,23,0,0,1,104
1072573.0,23,0,0,1,104
1072876.0,23,0,0,1,104
1072876.0,23,0,1,0,104
1074676.0,24,0,0,0,104
1075013.0,24,0,0,32,72
1075613.0,24,0,0,32,72
1075613.0,24,0,32,0,72
1075682.0,24,0,32,32,40
1076282.0,24,0,32,32,40
1076282.0,24,0,64,0,40
1076779.0,24,0,64,8,32
1077379.0,24,0,64,8,32
1077379.0,24,0,72,0,32
1077413.0,56,0,40,0,32
1078082.0,88,0,8,0,32
1078082.0,24,64,8,0,32
1079179.0,32,64,0,0,32
1079179.0,0,96,0,0,32
1079691.0,0,96,0,0,32
1079753.0,0,96,0,32,0
1079753.0,0,96,0,24,8
1079754.0,0,96,0,24,8
1080353.0,0,96,0,24,8
1080353.0,0,96,24,0,8
1080492.0,0,96,24,0,8
1080707.0,0,96,24,0,8
1080782.0,0,32,24,64,8
1080782.0,0,32,24,0,72
1081879.0,0,0,24,32,72
1081879.0,0,0,24,0,104
1082153.0,24,0,0,0,104
1086546.0,24,0,0,0,104
1086575.0,24,0,0,0,104
1086862.0,24,0,0,0,104
1086930.0,24,0,0,0,104
1087333.0,24,0,0,8,96
1087333.0,0,24,0,8,96
1089488.0,0,24,0,40,64
1089488.0,0,24,0,29,75
1089493.0,0,24,0,30,74
1089497.0,0,24,0,31,73
1089498.0,0,24,0,32,72
1090033.0,0,0,0,56,72
1090033.0,0,0,0,24,104
1090088.0,0,0,0,24,104
1090088.0,0,0,21,3,104
1090093.0,0,0,21,3,104
1090093.0,0,0,22,2,104
1090097.0,0,0,22,2,104
1090097.0,0,0,23,1,104
1090098.0,0,0,23,1,104
1090098.0,0,0,24,0,104
1091717.0,0,0,24,64,40
1091717.0,0,0,24,0,104
1091888.0,21,0,3,0,104
1091893.0,22,0,2,0,104
1091897.0,23,0,1,0,104
1091898.0,24,0,0,0,104
1096297.0,24,0,0,4,100
1096897.0,24,0,0,4,100
1096897.0,24,0,4,0,100
1096902.0,24,0,4,32,68
1096902.0,24,0,4,0,100
1098697.0,28,0,0,0,100
1101506.0,28,0,0,0,100
1101506.0,20,8,0,0,100
1101582.0,20,8,0,0,100
1102032.0,20,8,0,0,100
1102656.0,20,8,0,64,36
1102656.0,20,8,0,0,100
1102947.0,20,8,0,32,68
1103110.0,20,8,0,64,36
1103547.0,20,8,0,64,36
1103547.0,20,8,32,32,36
1103710.0,20,8,32,32,36
1103710.0,20,8,64,0,36
1104206.0,20,0,64,8,36
1104206.0,20,0,64,0,44
1104211.0,20,0,64,0,44
1104275.0,20,0,64,8,36
1104325.0,20,0,64,8,36
1104875.0,20,0,64,8,36
1104875.0,20,0,72,0,36
1105152.0,20,0,72,0,36
1105294.0,20,0,72,0,36
1105347.0,52,0,40,0,36
1105390.0,52,0,40,0,36
1105510.0,84,0,8,0,36
1105510.0,20,64,8,0,36
1105555.0,20,64,8,0,36
1105627.0,20,64,8,0,36
1105758.0,20,64,8,0,36
1105855.0,20,64,8,0,36
1105864.0,20,64,8,0,36
1105881.0,20,64,8,0,36
1106049.0,20,64,8,0,36
1106148.0,20,64,8,0,36
1106303.0,20,64,8,0,36
1106413.0,20,64,8,0,36
1106511.0,20,64,8,0,36
1106572.0,20,64,8,0,36
1106675.0,28,64,0,0,36
1107268.0,28,64,0,0,36
1107372.0,28,64,0,0,36
1107412.0,28,64,0,0,36
1108017.0,28,64,0,0,36
1108210.0,28,0,0,64,36
1108210.0,28,0,0,0,100
1108257.0,28,0,0,64,36
1108257.0,12,16,0,0,100
1108442.0,12,16,0,64,36
1108442.0,12,16,0,0,100
1108492.0,12,16,0,0,100
1108498.0,12,16,0,16,84
1108498.0,11,17,0,0,100
1108504.0,11,17,0,16,84
1108504.0,11,17,0,0,100
1108512.0,11,17,0,32,68
1108512.0,11,17,0,0,100
1108527.0,11,17,0,0,100
1108577.0,11,17,0,16,84
1108577.0,11,17,0,0,100
1108579.0,11,17,0,16,84
1108579.0,11,17,0,0,100
1108649.0,11,17,0,16,84
1108649.0,11,17,0,0,100
1108652.0,11,17,0,16,84
1108652.0,11,17,0,0,100
1108661.0,11,17,0,16,84
1108661.0,11,17,0,0,100
1108687.0,11,17,0,16,84
1108687.0,10,18,0,0,100
1108721.0,10,18,0,16,84
1108721.0,10,18,0,0,100
1108785.0,10,18,0,16,84
1108785.0,10,18,0,0,100
1108805.0,10,18,0,16,84
1108805.0,10,18,0,0,100
1109156.0,10,18,0,16,84
1109348.0,10,18,0,32,68
1109348.0,2,26,0,0,100
1109491.0,2,26,0,0,100
1109756.0,2,26,0,0,100
1110410.0,2,26,0,0,100
1110496.0,2,26,0,0,100
1110957.0,2,10,0,16,100
1110957.0,2,10,0,0,116
1111049.0,2,10,0,16,100
1111112.0,2,10,0,16,100
1111198.0,2,9,0,17,100
1111198.0,2,9,0,16,101
1111222.0,2,9,0,17,100
1111294.0,2,9,0,49,68
1111294.0,2,9,0,17,100
1111387.0,2,8,0,18,100
1111387.0,2,8,0,17,101
1111391.0,2,8,0,18,100
1111430.0,2,8,0,50,68
1111430.0,2,8,0,18,100
1111462.0,2,8,0,50,68
1111462.0,2,8,0,18,100
1111649.0,2,8,0,18,100
1111652.0,2,8,0,50,68
1111652.0,2,8,0,18,100
1111894.0,2,8,0,18,100
1111945.0,2,8,0,18,100
1111945.0,2,8,0,2,116
1112008.0,2,8,0,18,100
1112030.0,2,8,0,18,100
1112048.0,2,0,0,26,100
1112048.0,2,0,0,18,108
1112062.0,2,0,0,18,108
1112118.0,2,0,0,50,76
1112231.0,2,0,0,50,76
1112231.0,2,0,0,34,92
1112252.0,2,0,0,34,92
1112252.0,2,0,0,2,124
1112493.0,2,0,0,18,108
1112554.0,2,0,0,50,76
1112608.0,2,0,0,50,76
1112718.0,2,0,0,50,76
1112718.0,2,0,2,48,76
1112738.0,2,0,2,48,76
1112738.0,2,0,2,16,108
1112796.0,2,0,2,16,108
1112796.0,2,0,2,0,124
1113045.0,2,0,2,16,108
1113050.0,2,0,2,48,76
1113093.0,2,0,2,48,76
1113154.0,2,0,2,48,76
1113228.0,2,0,2,48,76
1113228.0,2,0,2,47,77
1113250.0,2,0,2,48,76
1113295.0,2,0,2,48,76
1113295.0,2,0,2,47,77
1113310.0,2,0,2,48,76
1113311.0,2,0,2,48,76
1113311.0,2,0,2,16,108
1113389.0,2,0,2,16,108
1113389.0,2,0,2,0,124
1113485.0,2,0,2,16,108
1113568.0,2,0,2,16,108
1113645.0,2,0,2,16,108
1113650.0,2,0,2,16,108
1113801.0,2,0,2,16,108
1113909.0,2,0,2,16,108
1113909.0,0,2,2,16,108
1113956.0,0,2,2,24,100
1114047.0,0,2,2,24,100
1114060.0,0,2,2,56,68
1114060.0,0,2,2,24,100
1114085.0,0,2,2,24,100
1114133.0,0,2,2,24,100
1114155.0,0,2,2,24,100
1114220.0,0,2,2,24,100
1114304.0,0,2,2,24,100
1114391.0,0,2,2,56,68
1114391.0,0,2,2,22,102
1114397.0,0,2,2,23,101
1114410.0,0,2,2,24,100
1114468.0,0,2,2,40,84
1114518.0,2,2,0,40,84
1114585.0,2,2,0,56,68
1114585.0,2,2,0,24,100
1114660.0,2,2,0,24,100
1114991.0,2,2,0,24,100
1115185.0,2,2,0,24,100
1115185.0,2,2,10,14,100
1115466.0,2,2,10,14,100
1115544.0,2,2,10,14,100
1115636.0,2,2,10,14,100
1115746.0,2,2,10,46,68
1115746.0,2,2,10,14,100
1115775.0,2,2,10,46,68
1115775.0,2,2,10,29,85
1115794.0,2,2,10,30,84
1115903.0,2,2,10,46,68
1116375.0,2,2,10,46,68
1116375.0,2,2,25,31,68
1116394.0,2,2,25,31,68
1116394.0,2,2,26,30,68
1116503.0,2,2,26,30,68
1116503.0,2,2,42,14,68
1116609.0,2,0,42,16,68
1116609.0,2,0,42,0,84
1116774.0,2,0,42,16,68
1116915.0,2,0,42,16,68
1116944.0,2,0,42,16,68
1116985.0,12,0,32,16,68
1117095.0,12,0,32,16,68
1117095.0,8,4,32,16,68
1117184.0,8,4,32,16,68
1117184.0,7,5,32,16,68
1117298.0,7,5,32,16,68
1117298.0,6,6,32,16,68
1117319.0,6,6,32,16,68
1117374.0,6,6,32,16,68
1117374.0,6,6,48,0,68
1117581.0,6,6,48,32,36
1117581.0,6,6,48,0,68
1117606.0,6,6,48,32,36
1117606.0,6,6,48,0,68
1117932.0,6,6,48,32,36
1117932.0,6,6,48,0,68
1118067.0,6,6,48,0,68
1118148.0,6,6,48,0,68
1118175.0,21,6,33,0,68
1118175.0,12,15,33,0,68
1118194.0,13,15,32,0,68
1118215.0,13,15,32,0,68
1118286.0,13,15,32,0,68
1118302.0,13,15,32,0,68
1118303.0,29,15,16,0,68
1118411.0,29,15,16,0,68
1118565.0,29,15,16,0,68
1118831.0,29,15,16,0,68
1118976.0,29,15,16,0,68
1119083.0,29,15,16,0,68
1119098.0,29,15,16,0,68
1119132.0,29,15,16,0,68
1119174.0,45,15,0,0,68
1119174.0,1,59,0,0,68
1119267.0,1,59,0,4,64
1119267.0,0,60,0,1,67
1119280.0,0,60,0,2,66
1119354.0,0,60,0,2,66
1119391.0,0,60,0,2,66
1119460.0,0,60,0,4,64
1119559.0,0,60,0,4,64
1119666.0,0,60,0,36,32
1119666.0,0,60,0,4,64
1119689.0,0,60,0,4,64
1119696.0,0,60,0,4,64
1119769.0,0,60,0,4,64
1119790.0,0,60,0,36,32
1119790.0,0,60,0,8,60
1119795.0,0,56,0,12,60
1119795.0,0,56,0,8,64
1119843.0,0,56,0,16,56
1119846.0,0,56,0,24,48
1119856.0,0,56,0,32,40
1119867.0,0,56,0,36,36
1119867.0,0,56,0,4,68
1119880.0,0,56,0,4,68
1119884.0,0,55,0,5,68
1119884.0,0,55,0,4,69
1119901.0,0,55,0,4,69
1119901.0,0,55,0,3,70
1119906.0,0,55,0,3,70
1119928.0,0,55,0,4,69
1119938.0,0,55,0,5,68
1119938.0,0,55,0,1,72
1119998.0,0,54,0,2,72
1119998.0,0,54,0,1,73
1120009.0,0,54,0,1,73
1120013.0,0,54,0,5,69
1120018.0,0,54,0,6,68
1120025.0,0,54,0,6,68
1120226.0,0,54,0,10,64
1120226.0,0,54,0,2,72
1120238.0,0,54,0,2,72
1120266.0,0,54,0,2,72
1120287.0,0,54,0,10,64
1120287.0,0,54,0,2,72
1120337.0,0,54,0,10,64
1120337.0,0,54,0,2,72
1120390.0,0,54,0,2,72
1120395.0,0,54,0,10,64
1120395.0,0,54,0,2,72
1120467.0,0,54,0,2,72
1120477.0,0,54,0,10,64
1120494.0,0,54,0,10,64
1120494.0,0,54,0,2,72
1120580.0,0,54,0,10,64
1120613.0,0,54,0,10,64
1120615.0,0,54,0,10,64
1120615.0,0,54,0,2,72
1120622.0,0,54,0,34,40
1120622.0,0,54,0,2,72
1120673.0,0,54,0,10,64
1120760.0,0,54,0,42,32
1120760.0,0,54,0,10,64
1120813.0,0,54,0,10,64
1120826.0,0,54,0,10,64
1120875.0,0,45,0,19,64
1120875.0,0,45,0,10,73
1120887.0,0,45,0,10,73
1120891.0,0,45,0,10,73
1120891.0,0,45,0,2,81
1120893.0,0,45,0,3,80
1120928.0,0,45,0,11,72
1120937.0,0,45,0,11,72
1120954.0,0,45,0,19,64
1120995.0,0,45,0,19,64
1121077.0,0,45,0,19,64
1121170.0,0,45,0,19,64
1121170.0,0,45,0,15,68
1121180.0,0,45,0,15,68
1121194.0,0,45,0,15,68
1121194.0,0,45,0,7,76
1121222.0,0,45,0,7,76
1121311.0,0,45,0,39,44
1121311.0,0,45,0,7,76
1121336.0,0,45,0,15,68
1121360.0,0,45,0,15,68
1121405.0,0,45,0,15,68
1121503.0,0,45,0,15,68
1121528.0,0,45,0,15,68
1121554.0,0,45,0,15,68
1121616.0,0,45,0,19,64
1121616.0,0,45,0,3,80
1121706.0,0,45,0,3,80
1121756.0,0,45,0,3,80
1121791.0,0,45,0,3,80
1121806.0,0,45,0,19,64
1121806.0,0,45,0,15,68
1121821.0,0,45,0,15,68
1121821.0,0,45,0,7,76
1121874.0,0,1,0,51,76
1121874.0,0,1,0,7,120
1121911.0,0,1,0,7,120
1121937.0,0,1,0,15,112
1121967.0,0,0,0,16,112
1121967.0,0,0,0,14,114
1122089.0,0,0,0,18,110
1122097.0,0,0,0,20,108
1122216.0,0,0,0,20,108
1122218.0,0,0,0,20,108
1122218.0,0,0,0,16,112
1122383.0,0,0,0,20,108
1122406.0,0,0,0,20,108
1122406.0,0,0,2,18,108
1122537.0,0,0,2,18,108
1122537.0,0,0,10,10,108
1122625.0,0,0,10,10,108
1122625.0,0,0,10,2,116
1122665.0,0,0,10,10,108
1122689.0,0,0,10,10,108
1122891.0,0,0,10,10,108
1122891.0,0,0,10,2,116
1122931.0,0,0,10,10,108
1122983.0,0,0,10,10,108
1123047.0,0,0,10,10,108
1123047.0,0,0,10,2,116
1123106.0,0,0,10,10,108
1123265.0,0,0,10,10,108
1123420.0,0,0,10,10,108
1123420.0,0,0,10,6,112
1123443.0,0,0,10,10,108
1123455.0,0,0,10,10,108
1123455.0,0,0,10,6,112
1123464.0,0,0,10,6,112
1123464.0,0,0,10,5,113
1123471.0,0,0,10,6,112
1123475.0,0,0,10,10,108
1123479.0,0,0,10,10,108
1123479.0,0,0,10,9,109
1123500.0,0,0,10,10,108
1123507.0,0,0,10,10,108
1123507.0,0,0,10,2,116
1123531.0,0,0,10,2,116
1123560.0,0,0,10,2,116
1123582.0,0,0,10,10,108
1123582.0,0,0,10,6,112
1123606.0,0,0,10,10,108
1123615.0,0,0,10,10,108
1123615.0,0,0,10,6,112
1123658.0,0,0,10,10,108
1123706.0,0,0,10,10,108
1123863.0,0,0,10,10,108
1123863.0,0,0,10,6,112
1123940.0,0,0,10,6,112
1123957.0,0,0,10,10,108
1123957.0,0,0,10,2,116
1123996.0,0,0,10,2,116
1123998.0,0,0,10,10,108
1123998.0,0,0,10,2,116
1124043.0,0,0,10,2,116
1124060.0,0,0,10,10,108
1124075.0,0,0,10,10,108
1124098.0,0,0,10,10,108
1124098.0,0,0,10,8,110
1124118.0,0,0,10,8,110
1124182.0,0,0,10,8,110
1124189.0,0,0,10,8,110
1124189.0,0,0,10,4,114
1124206.0,2,0,8,4,114
1124267.0,2,0,8,6,112
1124337.0,10,0,0,6,112
1124433.0,10,0,0,6,112
1124557.0,10,0,0,6,112
1124598.0,10,0,0,6,112
1124660.0,10,0,0,6,112
1124660.0,10,0,4,2,112
1124867.0,10,0,4,2,112
1124867.0,10,0,6,0,112
1125648.0,10,0,6,0,112
1125656.0,10,0,6,0,112
1126460.0,14,0,2,0,112
1126667.0,16,0,0,0,112
1126732.0,16,0,0,0,112
1126750.0,16,0,0,32,80
1126750.0,16,0,0,0,112
1126915.0,16,0,0,32,80
1126915.0,16,0,0,0,112
1127063.0,16,0,0,0,112
1127211.0,16,0,0,0,112
1127250.0,16,0,0,0,112
1127255.0,16,0,0,32,80
1127255.0,16,0,0,0,112
1127266.0,16,0,0,32,80
1127266.0,16,0,0,0,112
1127375.0,16,0,0,0,112
1127656.0,16,0,0,4,108
1127656.0,0,16,0,0,112
1127743.0,0,16,0,32,80
1127743.0,0,16,0,0,112
1127894.0,0,16,0,0,112
1128506.0,0,16,0,0,112
1128534.0,0,16,0,32,80
1128534.0,0,16,0,22,90
1128560.0,0,16,0,23,89
1128590.0,0,16,0,24,88
1128737.0,0,16,0,28,84
1128873.0,0,16,0,28,84
1128873.0,0,16,0,27,85
1128894.0,0,16,0,28,84
1129076.0,0,16,0,28,84
1129076.0,0,16,0,24,88
1129084.0,0,16,0,40,72
1129084.0,0,16,0,8,104
1129134.0,0,16,0,8,104
1129232.0,0,16,0,16,96
1129684.0,0,16,0,16,96
1129684.0,0,16,8,8,96
1129766.0,0,16,8,8,96
1129789.0,0,16,8,8,96
1129832.0,0,16,8,8,96
1129832.0,0,16,16,0,96
1129854.0,0,16,16,0,96
1129864.0,0,16,16,0,96
1129885.0,0,16,16,0,96
1129907.0,0,16,16,0,96
1129910.0,0,16,16,0,96
1130041.0,0,16,16,0,96
1130173.0,0,16,16,0,96
1130175.0,0,16,16,32,64
1130175.0,0,16,16,0,96
1130226.0,0,16,16,0,96
1130244.0,0,16,16,0,96
1130247.0,0,16,16,0,96
1130316.0,0,16,16,0,96
1130353.0,0,16,16,0,96
1130356.0,0,0,16,16,96
1130356.0,0,0,16,0,112
1130378.0,0,0,16,4,108
1130378.0,0,0,16,0,112
1130401.0,0,0,16,4,108
1130401.0,0,0,16,0,112
1130753.0,0,0,16,32,80
1130753.0,0,0,16,0,112
1130802.0,0,0,16,4,108
1130802.0,0,0,16,0,112
1130838.0,0,0,16,4,108
1130838.0,0,0,16,0,112
1130864.0,0,0,16,4,108
1130864.0,0,0,16,0,112
1130885.0,0,0,16,4,108
1130885.0,0,0,16,0,112
1130903.0,0,0,16,0,112
1130955.0,0,0,16,4,108
1130955.0,0,0,16,3,109
1130984.0,0,0,16,4,108
1130984.0,0,0,16,0,112
1131061.0,0,0,16,8,104
1131061.0,0,0,16,0,112
1131385.0,0,0,16,4,108
1131385.0,0,0,16,0,112
1131460.0,0,0,16,4,108
1131484.0,8,0,8,4,108
1131493.0,8,0,8,12,100
1131493.0,0,8,8,12,100
1131555.0,0,8,8,12,100
1131566.0,0,8,8,12,100
1131566.0,0,8,8,11,101
1131588.0,0,8,8,12,100
1131632.0,8,8,0,12,100
1132060.0,8,8,0,12,100
1132060.0,8,8,3,9,100
1132093.0,8,8,3,9,100
1132093.0,8,8,11,1,100
1132188.0,8,8,11,1,100
1132188.0,8,8,12,0,100
1132369.0,8,8,12,0,100
1132446.0,8,8,12,0,100
1132709.0,8,8,12,32,68
1132709.0,8,8,12,0,100
1133206.0,8,8,12,32,68
1133206.0,8,8,12,0,100
1133346.0,8,8,12,0,100
1133860.0,11,8,9,0,100
1133893.0,19,8,1,0,100
1133988.0,20,8,0,0,100
1134193.0,20,0,0,8,100
1134193.0,20,0,0,0,108
1134260.0,20,0,0,0,108
1134559.0,20,0,0,32,76
1134559.0,19,1,0,0,108
1134731.0,19,1,0,0,108
1135009.0,19,1,0,0,108
1135066.0,19,1,0,0,108
1135075.0,19,1,0,0,108
1135135.0,19,1,0,0,108
1135542.0,19,1,0,4,104
1135542.0,11,9,0,4,104
1135663.0,11,9,0,36,72
1135663.0,11,9,0,4,104
1135682.0,11,9,0,4,104
1135748.0,11,9,0,4,104
1135748.0,7,13,0,4,104
1135927.0,7,13,0,4,104
1135927.0,6,14,0,4,104
1136012.0,6,14,0,36,72
1136012.0,6,14,0,4,104
1136142.0,6,14,0,4,104
1136263.0,6,14,0,4,104
1136439.0,6,14,0,36,72
1136439.0,6,14,0,4,104
1136612.0,6,14,0,4,104
1136939.0,6,14,0,4,104
1136960.0,6,14,0,4,104
1136960.0,4,16,0,4,104
1137016.0,4,16,0,4,104
1137034.0,4,16,0,36,72
1137034.0,4,16,0,3,105
1137039.0,4,16,0,3,105
1137050.0,4,16,0,3,105
1137050.0,4,16,0,2,106
1137051.0,4,16,0,3,105
1137079.0,4,16,0,3,105
1137149.0,4,16,0,4,104
1137259.0,4,15,0,5,104
1137259.0,4,15,0,4,105
1137278.0,4,15,0,5,104
1137634.0,4,15,0,5,104
1137634.0,4,15,2,3,104
1137651.0,4,15,2,3,104
1137651.0,4,15,3,2,104
1137749.0,4,15,3,2,104
1137749.0,4,15,4,1,104
1137878.0,4,15,4,1,104
1137878.0,4,15,5,0,104
1138242.0,4,7,5,8,104
1138242.0,4,7,5,0,112
1138264.0,4,7,5,1,111
1138267.0,4,7,5,2,110
1138356.0,4,7,5,3,109
1138357.0,4,7,5,4,108
1138448.0,4,3,5,8,108
1138448.0,4,3,5,4,112
1138606.0,4,3,5,4,112
1138627.0,4,2,5,5,112
1138627.0,4,2,5,4,113
1138647.0,4,2,5,5,112
1138683.0,4,2,5,5,112
1138683.0,2,4,5,5,112
1138729.0,2,4,5,5,112
1138769.0,2,4,5,9,108
1138864.0,2,4,5,9,108
1138864.0,2,4,6,8,108
1138867.0,2,4,6,8,108
1138867.0,2,4,7,7,108
1138956.0,2,4,7,7,108
1138956.0,2,4,8,6,108
1138957.0,2,4,8,6,108
1138957.0,2,4,9,5,108
1139247.0,2,4,9,5,108
1139247.0,2,4,10,4,108
1139369.0,2,4,10,4,108
1139369.0,2,4,14,0,108
1139434.0,4,4,12,0,108
1139451.0,5,4,11,0,108
1139549.0,6,4,10,0,108
1139624.0,6,4,10,32,76
1139624.0,6,4,10,0,108
1139648.0,6,4,10,0,108
1139660.0,6,2,10,2,108
1139660.0,6,2,10,0,110
1139665.0,6,2,10,1,109
1139678.0,7,2,9,1,109
1139688.0,7,2,9,2,108
1139994.0,7,2,9,2,108
1140265.0,7,2,9,2,108
1140265.0,7,2,10,1,108
1140288.0,7,2,10,1,108
1140288.0,7,2,11,0,108
1140363.0,7,2,11,0,108
1140428.0,7,2,11,0,108
1140664.0,8,2,10,0,108
1140667.0,9,2,9,0,108
1140707.0,9,2,9,0,108
1140739.0,9,2,9,0,108
1140756.0,10,2,8,0,108
1140757.0,11,2,7,0,108
1141040.0,11,2,7,8,100
1141040.0,0,13,7,8,100
1141047.0,1,13,6,8,100
1141169.0,5,13,2,8,100
1141227.0,5,13,2,40,68
1141227.0,5,13,2,8,100
1141383.0,5,11,2,10,100
1141383.0,5,11,2,8,102
1141400.0,5,11,2,10,100
1141440.0,5,11,2,42,68
1141440.0,5,11,2,10,100
1141640.0,5,11,2,10,100
1141698.0,5,11,2,42,68
1141698.0,5,11,2,10,100
1141710.0,5,11,2,42,68
1141710.0,5,11,2,10,100
1141827.0,5,11,2,10,100
1142029.0,5,11,2,10,100
1142035.0,5,11,2,10,100
1142035.0,3,13,2,10,100
1142040.0,3,13,2,10,100
1142065.0,4,13,1,10,100
1142079.0,4,13,1,10,100
1142088.0,5,13,0,10,100
1142102.0,5,13,0,42,68
1142102.0,5,13,0,10,100
1142298.0,5,13,0,10,100
1142310.0,5,13,0,10,100
1142702.0,5,13,0,10,100
1142702.0,5,13,9,1,100
1143047.0,5,13,9,5,96
1143647.0,5,13,9,5,96
1143647.0,5,13,13,1,96
1143740.0,5,2,13,12,96
1143740.0,5,2,13,0,108
1143816.0,5,2,13,32,76
1143816.0,5,2,13,0,108
1144461.0,5,2,13,0,108
1144461.0,4,3,13,0,108
1144465.0,4,3,13,0,108
1144465.0,3,4,13,0,108
1144502.0,12,4,4,0,108
1144510.0,12,4,4,0,108
1144735.0,12,2,4,2,108
1144735.0,12,2,4,0,110
1144745.0,12,2,4,1,109
1144756.0,12,2,4,2,108
1145345.0,12,2,4,2,108
1145345.0,12,2,5,1,108
1145356.0,12,2,5,1,108
1145356.0,12,2,6,0,108
1145447.0,16,2,2,0,108
1146196.0,16,2,2,32,76
1146196.0,16,2,2,0,108
1146905.0,16,2,2,0,108
1146905.0,15,3,2,0,108
1147145.0,16,3,1,0,108
1147156.0,17,3,0,0,108
1147161.0,17,2,0,1,108
1147161.0,17,2,0,0,109
1147165.0,17,1,0,1,109
1147165.0,17,1,0,0,110
1147173.0,17,1,0,1,109
1147181.0,17,1,0,2,108
1147227.0,17,1,0,2,108
1147773.0,17,1,0,2,108
1147773.0,17,1,1,1,108
1147781.0,17,1,1,1,108
1147781.0,17,1,2,0,108
1148023.0,17,1,2,0,108
1148589.0,17,1,2,32,76
1148589.0,16,2,2,0,108
1149560.0,16,2,2,0,108
1149560.0,15,3,2,0,108
1149573.0,16,3,1,0,108
1149581.0,17,3,0,0,108
1149605.0,17,2,0,1,108
1149605.0,17,2,0,0,109
1149631.0,17,2,0,1,108
1150231.0,17,2,0,1,108
1150231.0,17,2,1,0,108
1150679.0,17,2,1,0,108
1150679.0,16,3,1,0,108
1150790.0,16,3,1,0,108
1150920.0,16,3,1,32,76
1150920.0,16,3,1,0,108
1151289.0,16,2,1,1,108
1151289.0,16,2,1,0,109
1151306.0,16,2,1,1,108
1151754.0,16,2,1,33,76
1151906.0,16,2,1,33,76
1151906.0,16,2,2,32,76
1152031.0,17,2,1,32,76
1152260.0,17,1,1,33,76
1152260.0,17,1,1,32,77
1152285.0,17,1,1,33,76
1152354.0,17,1,1,33,76
1152354.0,17,1,33,1,76
1152885.0,17,1,33,1,76
1152885.0,17,1,34,0,76
1153379.0,17,0,34,1,76
1153379.0,17,0,34,0,77
1153388.0,17,0,34,1,76
1153706.0,18,0,33,1,76
1153988.0,18,0,33,1,76
1153988.0,18,0,34,0,76
1154154.0,50,0,2,0,76
1154685.0,51,0,1,0,76
1154931.0,51,0,1,0,76
1155788.0,52,0,0,0,76
1156272.0,52,0,0,32,44
1156272.0,0,52,0,32,44
1156872.0,0,52,0,32,44
1156872.0,0,52,20,12,44
1158672.0,20,52,0,12,44
1158972.0,20,0,0,64,44
1158972.0,20,0,0,0,108
1161140.0,20,0,0,0,108
1161140.0,16,4,0,0,108
1162001.0,16,4,0,0,108
1162001.0,12,8,0,0,108
1162757.0,12,8,0,0,108
1162757.0,8,12,0,0,108
1162935.0,8,12,0,0,108
1162935.0,4,16,0,0,108
1163021.0,4,16,0,0,108
1163021.0,0,20,0,0,108
1163198.0,0,20,0,0,108
1163840.0,0,16,0,4,108
1163840.0,0,16,0,0,112
1164015.0,0,16,0,4,108
1164015.0,0,16,0,2,110
1164037.0,0,16,0,4,108
1164538.0,0,16,0,4,108
1164615.0,0,16,0,4,108
1164615.0,0,16,2,2,108
1164637.0,0,16,2,2,108
1164637.0,0,16,4,0,108
1164701.0,0,12,4,4,108
1164701.0,0,12,4,0,112
1165139.0,0,12,4,4,108
1165457.0,0,8,4,8,108
1165457.0,0,8,4,4,112
1165595.0,0,8,4,8,108
1165635.0,0,4,4,12,108
1165635.0,0,4,4,8,112
1165660.0,0,4,4,12,108
1165721.0,0,0,4,16,108
1165721.0,0,0,4,12,112
1165739.0,0,0,4,12,112
1165739.0,0,0,8,8,112
1165744.0,0,0,8,12,108
1165924.0,0,0,8,44,76
1166195.0,0,0,8,44,76
1166195.0,0,0,12,40,76
1166260.0,0,0,12,40,76
1166260.0,0,0,16,36,76
1166344.0,0,0,16,36,76
1166344.0,0,0,20,32,76
1166415.0,2,0,18,32,76
1166437.0,4,0,16,32,76
1166524.0,4,0,16,32,76
1166524.0,4,0,48,0,76
1167530.0,4,0,48,8,68
1167539.0,8,0,44,8,68
1167846.0,8,0,44,12,64
1167995.0,12,0,40,12,64
1168060.0,16,0,36,12,64
1168130.0,16,0,36,12,64
1168130.0,16,0,44,4,64
1168144.0,20,0,40,4,64
1168324.0,52,0,8,4,64
1168446.0,52,0,8,4,64
1168446.0,52,0,12,0,64
1168568.0,52,0,12,64,0
1168568.0,52,0,12,0,64
1169930.0,60,0,4,0,64
1170246.0,64,0,0,0,64
1173705.0,64,0,0,64,0
1174305.0,64,0,0,64,0
1174305.0,64,0,64,0,0
1176105.0,128,0,0,0,0
1682786.0,128,0,0,0,0
1682786.0,64,64,0,0,0
1683107.0,64,64,0,0,0
1683107.0,0,128,0,0,0
1685486.0,0,64,0,64,0
1685486.0,0,64,0,0,64
1685792.0,0,64,0,64,0
1685807.0,0,0,0,128,0
1685807.0,0,0,0,64,64
1686392.0,0,0,0,64,64
1686392.0,0,0,64,0,64
1688192.0,64,0,0,0,64
1690717.0,64,0,0,0,64
1690717.0,56,8,0,0,64
1692675.0,56,8,0,0,64
1693417.0,56,0,0,8,64
1693417.0,56,0,0,0,72
1694718.0,56,0,0,8,64
1694718.0,0,56,0,8,64
1695376.0,0,56,0,72,0
1695976.0,0,56,0,72,0
1695976.0,0,56,64,8,0
1697418.0,0,0,64,64,0
1697418.0,0,0,64,0,64
1697776.0,64,0,0,0,64
1707071.0,64,0,0,64,0
1707671.0,64,0,0,64,0
1707671.0,64,0,64,0,0
1709237.0,64,0,64,0,0
1709237.0,32,32,64,0,0
1709471.0,96,32,0,0,0
1711937.0,96,0,0,32,0
1711937.0,96,0,0,0,32
1712272.0,96,0,0,0,32
1712272.0,95,1,0,0,32
1712887.0,95,1,0,0,32
1712887.0,94,2,0,0,32
1713050.0,94,2,0,0,32
1713050.0,86,10,0,0,32
1714067.0,86,10,0,0,32
1714067.0,78,18,0,0,32
1714972.0,78,17,0,1,32
1714972.0,78,17,0,0,33
1714975.0,78,17,0,1,32
1715030.0,78,17,0,1,32
1715030.0,70,25,0,1,32
1715575.0,70,25,0,1,32
1715575.0,70,25,1,0,32
1715587.0,70,24,1,1,32
1715587.0,70,24,1,0,33
1715604.0,70,24,1,1,32
1715750.0,70,16,1,9,32
1715750.0,70,16,1,1,40
1715818.0,70,16,1,9,32
1716148.0,70,16,1,9,32
1716148.0,70,16,1,1,40
1716204.0,70,16,1,1,40
1716231.0,70,16,1,9,32
1716418.0,70,16,1,9,32
1716418.0,70,16,2,8,32
1716767.0,70,8,2,16,32
1716767.0,70,8,2,8,40
1716831.0,70,8,2,8,40
1716831.0,70,8,10,0,40
1716837.0,70,8,10,8,32
1717375.0,71,8,9,8,32
1717437.0,71,8,9,8,32
1717437.0,71,8,17,0,32
1717730.0,71,0,17,8,32
1717730.0,71,0,17,0,40
1717782.0,71,0,17,8,32
1717909.0,71,0,17,8,32
1717909.0,39,32,17,8,32
1717936.0,39,32,17,8,32
1717936.0,39,32,17,0,40
1717957.0,39,32,17,8,32
1718002.0,39,32,17,8,32
1718013.0,39,32,17,8,32
1718095.0,39,32,17,8,32
1718127.0,39,32,17,8,32
1718127.0,31,40,17,8,32
1718218.0,32,40,16,8,32
1718382.0,32,40,16,8,32
1718557.0,32,40,16,8,32
1718557.0,32,40,24,0,32
1718631.0,40,40,16,0,32
1718682.0,40,40,16,0,32
1718745.0,40,40,16,0,32
1719237.0,48,40,8,0,32
1720357.0,56,40,0,0,32
1720423.0,56,40,0,0,32
1720609.0,56,8,0,32,32
1720609.0,56,8,0,0,64
1720656.0,56,8,0,32,32
1720656.0,0,64,0,23,41
1720678.0,0,64,0,24,40
1720717.0,0,64,0,32,32
1720787.0,0,64,0,64,0
1720787.0,0,64,0,32,32
1720821.0,0,64,0,64,0
1720821.0,0,64,0,32,32
1720827.0,0,56,0,40,32
1720827.0,0,56,0,32,40
1721049.0,0,56,0,32,40
1721169.0,0,56,0,32,40
1721169.0,0,56,0,31,41
1721182.0,0,56,0,32,40
1721256.0,0,56,0,32,40
1721387.0,0,56,0,32,40
1721421.0,0,56,0,32,40
1721421.0,0,56,23,9,40
1721463.0,0,56,23,9,40
1721782.0,0,56,23,9,40
1721782.0,0,56,24,8,40
1722162.0,0,56,24,8,40
1722662.0,0,56,24,8,40
1722831.0,0,56,24,8,40
1723221.0,23,56,1,8,40
1723331.0,23,56,1,8,40
1723356.0,23,0,1,64,40
1723356.0,23,0,1,0,104
1723457.0,23,0,1,64,40
1723457.0,23,0,1,0,104
1723481.0,23,0,1,64,40
1723481.0,15,8,1,0,104
1723582.0,16,8,0,0,104
1723670.0,16,8,0,32,72
1723670.0,0,24,0,0,104
1723895.0,0,24,0,32,72
1724495.0,0,24,0,32,72
1724495.0,0,24,32,0,72
1726181.0,0,16,32,8,72
1726181.0,0,16,32,0,80
1726187.0,0,16,32,0,80
1726240.0,0,16,32,8,72
1726240.0,0,16,32,7,73
1726256.0,0,16,32,8,72
1726295.0,32,16,0,8,72
1726370.0,32,0,0,24,72
1726370.0,32,0,0,8,88
1726391.0,32,0,0,8,88
1726391.0,0,32,0,8,88
1726394.0,0,32,0,16,80
1726408.0,0,32,0,24,72
1726463.0,0,32,0,24,72
1726463.0,0,32,0,23,73
1726543.0,0,32,0,24,72
1726571.0,0,32,0,24,72
1726571.0,0,32,0,22,74
1726634.0,0,32,0,24,72
1726646.0,0,32,0,24,72
1726646.0,0,32,0,20,76
1726738.0,0,32,0,20,76
1726751.0,0,32,0,24,72
1726763.0,0,32,0,24,72
1726840.0,0,32,0,24,72
1726856.0,0,32,0,24,72
1726856.0,0,32,1,23,72
1726884.0,0,32,1,23,72
1726884.0,0,32,1,15,80
1726990.0,0,32,1,15,80
1726994.0,0,32,1,23,72
1726994.0,0,32,1,7,88
1727008.0,0,32,1,7,88
1727084.0,0,32,1,23,72
1727285.0,0,32,1,23,72
1727285.0,0,32,1,22,73
1727294.0,0,32,1,23,72
1727303.0,0,32,1,23,72
1727303.0,0,32,1,19,76
1727366.0,0,32,1,19,76
1727366.0,0,32,1,15,80
1727400.0,0,32,1,19,76
1727420.0,0,32,1,19,76
1727420.0,0,32,1,18,77
1727422.0,0,32,1,22,73
1727447.0,0,32,1,23,72
1727463.0,0,32,1,23,72
1727463.0,0,32,1,21,74
1727492.0,0,32,1,23,72
1727505.0,0,32,1,23,72
1727505.0,0,32,1,19,76
1727536.0,0,32,1,19,76
1727536.0,0,32,1,11,84
1727546.0,0,32,1,11,84
1727546.0,0,32,1,10,85
1727558.0,0,32,1,11,84
1727594.0,0,32,1,11,84
1727601.0,0,32,1,15,80
1727616.0,0,32,1,15,80
1727616.0,0,32,1,7,88
1727654.0,0,32,1,15,80
1727684.0,0,32,1,15,80
1727696.0,0,32,1,23,72
1727714.0,0,32,1,23,72
1727714.0,0,32,1,7,88
1727801.0,0,32,1,23,72
1727812.0,0,32,1,23,72
1728000.0,0,32,1,23,72
1728092.0,0,32,1,23,72
1728245.0,0,32,1,55,40
1728245.0,0,32,1,23,72
1728296.0,0,32,1,23,72
1728656.0,1,32,0,23,72
1728714.0,1,32,0,23,72
1728714.0,0,33,0,23,72
1728753.0,0,33,0,23,72
1728753.0,0,33,0,21,74
1728785.0,0,33,0,23,72
1728795.0,0,33,0,23,72
1728795.0,0,33,0,19,76
1728845.0,0,33,0,19,76
1728845.0,0,33,17,2,76
1728884.0,0,33,17,6,72
1728896.0,0,33,17,6,72
1728991.0,0,33,17,6,72
1729091.0,0,1,17,38,72
1729091.0,0,1,17,6,104
1729113.0,0,1,17,6,104
1729234.0,0,1,17,6,104
1729262.0,0,1,17,38,72
1729262.0,0,1,17,6,104
1729355.0,0,1,17,38,72
1729355.0,0,1,17,6,104
1729372.0,0,1,17,38,72
1729372.0,0,1,17,14,96
1729385.0,0,1,17,14,96
1729448.0,0,1,17,22,88
1729470.0,0,1,17,54,56
1729470.0,0,1,17,22,88
1729480.0,0,1,17,38,72
1729480.0,0,1,17,6,104
1729602.0,0,1,17,38,72
1729645.0,0,1,17,38,72
1729645.0,0,1,17,6,104
1729746.0,0,1,17,6,104
1729746.0,0,1,17,2,108
1729849.0,0,1,17,34,76
1729853.0,0,1,17,38,72
1729859.0,0,1,17,38,72
1729859.0,0,1,17,30,80
1729862.0,0,1,17,30,80
1729950.0,0,1,17,38,72
1729955.0,0,1,17,38,72
1729972.0,0,1,17,38,72
1730030.0,0,1,17,38,72
1730030.0,0,1,17,6,104
1730048.0,0,1,17,38,72
1730070.0,0,1,17,38,72
1730080.0,0,1,17,38,72
1730202.0,0,1,17,38,72
1730249.0,0,1,17,70,40
1730255.0,0,1,17,70,40
1730255.0,0,1,17,6,104
1730417.0,0,1,17,70,40
1730449.0,0,1,17,70,40
1730488.0,0,1,17,70,40
1730488.0,0,1,17,54,56
1730505.0,0,1,17,54,56
1730505.0,0,1,17,46,64
1730550.0,0,1,17,46,64
1730645.0,17,1,0,46,64
1730666.0,17,1,0,62,48
1730839.0,17,1,0,62,48
1730839.0,17,1,0,61,49
1730848.0,17,1,0,61,49
1730848.0,17,1,0,29,81
1730849.0,17,1,0,29,81
1730851.0,17,1,0,37,73
1730893.0,17,1,0,38,72
1730908.0,17,1,0,38,72
1730908.0,17,1,0,36,74
1730971.0,17,1,0,38,72
1730998.0,17,1,0,38,72
1730998.0,17,1,0,34,76
1731017.0,17,1,0,34,76
1731017.0,17,1,7,27,76
1731130.0,17,1,7,31,72
1731152.0,17,1,7,31,72
1731152.0,17,1,7,23,80
1731203.0,17,1,7,55,48
1731235.0,17,1,7,63,40
1731244.0,17,1,7,63,40
1731244.0,17,1,7,47,56
1731251.0,17,1,7,47,56
1731251.0,17,1,7,15,88
1731266.0,17,1,7,15,88
1731336.0,17,1,7,31,72
1731353.0,17,1,7,31,72
1731353.0,0,18,7,31,72
1731414.0,0,17,7,32,72
1731414.0,0,17,7,31,73
1731440.0,0,17,7,32,72
1731493.0,0,17,7,32,72
1731677.0,0,17,7,64,40
1731771.0,0,17,7,64,40
1731771.0,0,17,7,60,44
1731799.0,0,17,7,64,40
1731803.0,0,17,7,64,40
1731936.0,0,17,7,64,40
1731936.0,0,17,19,52,40
1731982.0,0,17,19,52,40
1731982.0,0,17,19,20,72
1732025.0,0,17,19,20,72
1732025.0,0,17,19,16,76
1732040.0,0,17,19,16,76
1732160.0,0,17,19,20,72
1732172.0,0,17,19,20,72
1732277.0,0,17,19,20,72
1732387.0,0,17,19,20,72
1732399.0,0,17,19,20,72
1732399.0,0,17,20,19,72
1732435.0,0,17,20,19,72
1732435.0,0,17,20,16,75
1732462.0,0,17,20,18,73
1732463.0,0,17,20,19,72
1732473.0,0,17,20,19,72
1732550.0,0,17,20,51,40
1732550.0,0,17,20,39,52
1732552.0,0,17,20,39,52
1732552.0,0,17,20,38,53
1732568.0,0,17,20,39,52
1732571.0,0,17,20,39,52
1732571.0,0,17,20,38,53
1732582.0,0,17,20,38,53
1732582.0,0,17,20,30,61
1732584.0,0,17,20,31,60
1732643.0,0,17,20,31,60
1732644.0,0,17,20,35,56
1732671.0,0,17,20,43,48
1732684.0,0,17,20,43,48
1732760.0,0,17,20,43,48
1732776.0,0,17,20,51,40
1732776.0,0,17,20,19,72
1732817.0,7,17,13,19,72
1732824.0,7,17,13,19,72
1732912.0,7,17,13,19,72
1733033.0,7,17,13,19,72
1733150.0,7,17,13,19,72
1733376.0,7,17,13,19,72
1733376.0,7,17,17,15,72
1733391.0,7,17,17,15,72
1733395.0,7,17,17,15,72
1733466.0,7,17,17,15,72
1733549.0,7,17,17,15,72
1733617.0,7,17,17,15,72
1733668.0,7,17,17,15,72
1733721.0,7,17,17,15,72
1733736.0,19,17,5,15,72
1733736.0,3,33,5,15,72
1733770.0,3,33,5,15,72
1733837.0,3,33,5,15,72
1734053.0,3,16,5,32,72
1734053.0,3,16,5,0,104
1734158.0,3,16,5,32,72
1734158.0,3,16,5,0,104
1734187.0,3,16,5,32,72
1734187.0,3,16,5,0,104
1734192.0,3,16,5,0,104
1734199.0,4,16,4,0,104
1734219.0,4,16,4,32,72
1734219.0,4,16,4,0,104
1734322.0,4,16,4,32,72
1734322.0,4,16,4,6,98
1734328.0,4,16,4,8,96
1734360.0,4,16,4,16,88
1734360.0,4,16,4,0,104
1734362.0,4,16,4,2,102
1734362.0,4,16,4,1,103
1734365.0,4,16,4,5,99
1734376.0,4,16,4,6,98
1734379.0,4,16,4,7,97
1734412.0,4,16,4,23,81
1734417.0,4,16,4,24,80
1734440.0,4,16,4,32,72
1734440.0,4,16,4,0,104
1734530.0,4,16,4,32,72
1734530.0,4,16,4,0,104
1734573.0,4,16,4,32,72
1734756.0,4,16,4,32,72
1734756.0,4,16,4,31,73
1734911.0,4,16,4,31,73
1734911.0,0,20,4,31,73
1734922.0,0,20,4,31,73
1734962.0,0,20,4,31,73
1735173.0,0,20,4,31,73
1735173.0,0,20,7,28,73
1735176.0,4,20,3,28,73
1735265.0,4,20,3,29,72
1735336.0,4,20,3,29,72
1735336.0,4,20,3,28,73
1735406.0,4,20,3,29,72
1735415.0,4,20,3,29,72
1735415.0,2,22,3,29,72
1735582.0,2,22,3,29,72
1735796.0,2,22,3,29,72
1735865.0,2,22,3,29,72
1736006.0,2,22,3,29,72
1736006.0,2,22,4,28,72
1736301.0,2,22,4,28,72
1736370.0,2,22,4,28,72
1736406.0,2,22,4,28,72
1736436.0,2,6,4,44,72
1736436.0,2,6,4,28,88
1736473.0,2,6,4,28,88
1736495.0,2,6,4,28,88
1736560.0,2,6,4,44,72
1736560.0,2,6,4,28,88
1736567.0,2,6,4,28,88
1736580.0,2,6,4,29,87
1736591.0,2,6,4,33,83
1736591.0,2,6,4,29,87
1736640.0,2,6,4,31,85
1736647.0,2,6,4,35,81
1736647.0,0,8,4,35,81
1736648.0,0,8,4,36,80
1736650.0,0,8,4,36,80
1736673.0,0,8,4,40,76
1736731.0,0,8,4,40,76
1736909.0,0,8,4,44,72
1736973.0,3,8,1,44,72
1737072.0,3,8,1,44,72
1737072.0,2,9,1,44,72
1737180.0,2,9,1,44,72
1737191.0,2,9,1,44,72
1737247.0,2,9,1,44,72
1737247.0,2,9,2,43,72
1737248.0,2,9,2,43,72
1737248.0,2,9,3,42,72
1737273.0,2,9,3,42,72
1737273.0,2,9,7,38,72
1737408.0,2,9,7,38,72
1737408.0,1,10,7,38,72
1737409.0,1,10,7,38,72
1737409.0,0,11,7,38,72
1737446.0,0,11,7,38,72
1737446.0,0,11,7,36,74
1737499.0,0,11,7,38,72
1737509.0,0,11,7,38,72
1737509.0,0,11,9,36,72
1737510.0,0,11,9,36,72
1737579.0,0,11,9,36,72
1737611.0,0,7,9,40,72
1737611.0,0,7,9,8,104
1737647.0,0,7,9,40,72
1737647.0,0,7,9,12,100
1737655.0,0,7,9,12,100
1737706.0,0,7,9,16,96
1737709.0,0,7,9,24,88
1737712.0,0,7,9,40,72
1737712.0,0,7,9,8,104
1737742.0,0,7,9,8,104
1737806.0,1,7,8,8,104
1737812.0,1,7,8,40,72
1737812.0,1,7,8,24,88
1737880.0,1,7,8,40,72
1737880.0,1,7,8,8,104
1737916.0,1,7,8,40,72
1738099.0,1,7,8,40,72
1738115.0,1,5,8,42,72
1738115.0,1,5,8,40,74
1738247.0,1,5,8,40,74
1738272.0,1,5,8,42,72
1738312.0,1,5,8,42,72
1738412.0,1,5,8,42,72
1738480.0,1,5,8,42,72
1738480.0,1,5,9,40,73
1738500.0,1,5,9,41,72
1738516.0,1,5,9,41,72
1738516.0,1,5,41,9,72
1738591.0,1,5,41,9,72
1738591.0,1,5,41,8,73
1738612.0,1,5,41,9,72
1738733.0,1,5,41,9,72
1738733.0,1,5,41,8,73
1738765.0,1,5,41,9,72
1738872.0,1,5,41,9,72
1738927.0,1,5,41,9,72
1738927.0,1,5,41,8,73
1738956.0,1,5,41,9,72
1738972.0,1,5,41,9,72
1738972.0,1,5,41,7,74
1739018.0,1,5,41,9,72
1739034.0,1,5,41,9,72
1739034.0,0,6,41,9,72
1739047.0,1,6,40,9,72
1739048.0,2,6,39,9,72
1739073.0,6,6,35,9,72
1739096.0,6,6,35,9,72
1739100.0,6,6,35,9,72
1739157.0,6,6,35,9,72
1739212.0,6,6,35,9,72
1739236.0,6,6,35,9,72
1739309.0,8,6,33,9,72
1739309.0,0,14,33,9,72
1739347.0,0,12,33,11,72
1739347.0,0,12,33,3,80
1739413.0,0,12,33,11,72
1739510.0,0,12,33,11,72
1739510.0,0,12,33,10,73
1739524.0,0,12,33,11,72
1739556.0,0,12,33,11,72
1739641.0,0,12,33,43,40
1739641.0,0,12,33,27,56
1739709.0,0,12,33,43,40
1739709.0,0,12,33,11,72
1739772.0,0,11,33,12,72
1739772.0,0,11,33,11,73
1739804.0,0,11,33,43,41
1739854.0,0,11,33,44,40
1739966.0,0,11,33,44,40
1739966.0,0,11,33,43,41
1739976.0,0,11,33,43,41
1739976.0,0,11,33,11,73
1740013.0,0,11,33,11,73
1740020.0,0,11,33,12,72
1740034.0,0,11,33,12,72
1740034.0,0,11,33,10,74
1740097.0,0,11,33,12,72
1740108.0,0,10,33,13,72
1740108.0,0,10,33,12,73
1740109.0,0,9,33,13,73
1740109.0,0,9,33,12,74
1740116.0,0,9,33,12,74
1740116.0,0,9,33,8,78
1740129.0,0,9,33,9,77
1740136.0,0,9,33,10,76
1740152.0,0,9,33,14,72
1740167.0,0,9,33,14,72
1740167.0,0,9,33,6,80
1740210.0,0,9,33,14,72
1740222.0,0,9,33,14,72
1740241.0,0,9,33,14,72
1740280.0,1,9,32,14,72
1740295.0,1,9,32,14,72
1740309.0,1,9,32,14,72
1740316.0,33,9,0,14,72
1740316.0,17,25,0,14,72
1740373.0,17,25,0,14,72
1740404.0,17,25,0,14,72
1740752.0,17,25,0,14,72
1740752.0,17,25,3,11,72
1740810.0,17,25,3,11,72
1740810.0,17,25,11,3,72
1740960.0,17,25,11,3,72
1741024.0,17,25,11,3,72
1741026.0,17,25,11,3,72
1741087.0,17,25,11,3,72
1741094.0,17,25,11,3,72
1741120.0,17,25,11,3,72
1741223.0,17,25,11,3,72
1741268.0,17,25,11,35,40
1741268.0,15,27,11,3,72
1741270.0,15,27,11,3,72
1741356.0,15,27,11,35,40
1741356.0,5,37,11,3,72
1741410.0,5,37,11,3,72
1741413.0,5,37,11,3,72
1741421.0,5,37,11,3,72
1741443.0,5,37,11,35,40
1741443.0,3,39,11,17,58
1741469.0,3,39,11,19,56
1741488.0,3,39,11,19,56
1741488.0,3,39,11,15,60
1741506.0,3,39,11,15,60
1741520.0,3,39,11,19,56
1741529.0,3,39,11,35,40
1741529.0,3,39,11,3,72
1741532.0,3,39,11,3,72
1741612.0,3,39,11,3,72
1741654.0,3,39,11,3,72
1741665.0,3,39,11,35,40
1741665.0,3,39,11,3,72
1741734.0,3,38,11,4,72
1741734.0,3,38,11,0,76
1741745.0,3,38,11,0,76
1741785.0,3,38,11,4,72
1741785.0,3,38,11,0,76
1741876.0,3,38,11,0,76
1742009.0,3,30,11,8,76
1742009.0,3,30,11,0,84
1742027.0,3,30,11,0,84
1742043.0,3,30,11,0,84
1742060.0,3,30,11,8,76
1742060.0,3,30,11,0,84
1742086.0,3,30,11,8,76
1742086.0,3,30,11,0,84
1742097.0,3,30,11,0,84
1742107.0,3,30,11,8,76
1742107.0,3,30,11,4,80
1742128.0,3,30,11,8,76
1742137.0,3,30,11,8,76
1742137.0,3,30,11,4,80
1742159.0,3,30,11,8,76
1742274.0,3,30,11,8,76
1742274.0,3,30,11,4,80
1742295.0,3,30,11,8,76
1742313.0,3,30,11,8,76
1742552.0,6,30,8,8,76
1742610.0,14,30,0,8,76
1742707.0,14,30,0,8,76
1742707.0,14,30,4,4,76
1742879.0,14,30,4,4,76
1742895.0,14,30,4,4,76
1742895.0,14,30,8,0,76
1742937.0,14,30,8,0,76
1743016.0,14,14,8,16,76
1743016.0,14,14,8,0,92
1743076.0,14,14,8,16,76
1743076.0,14,14,8,0,92
1743098.0,14,14,8,16,76
1743098.0,10,18,8,16,76
1743186.0,10,18,8,16,76
1743186.0,8,20,8,16,76
1743221.0,8,20,8,16,76
1743221.0,6,22,8,16,76
1743315.0,6,22,8,16,76
1743315.0,5,23,8,16,76
1743411.0,5,23,8,16,76
1743411.0,4,24,8,16,76
1743698.0,4,24,8,16,76
1743698.0,4,24,24,0,76
1743878.0,4,24,24,0,76
1743968.0,4,22,24,2,76
1743968.0,4,22,24,0,78
1743979.0,4,22,24,1,77
1744009.0,4,22,24,2,76
1744056.0,4,12,24,12,76
1744056.0,4,12,24,2,86
1744058.0,4,12,24,4,84
1744061.0,4,12,24,8,80
1744061.0,0,16,24,8,80
1744079.0,0,16,24,12,76
1744143.0,0,14,24,14,76
1744143.0,0,14,24,12,78
1744161.0,0,14,24,13,77
1744179.0,0,14,24,14,76
1744441.0,0,14,24,14,76
1744441.0,0,14,24,6,84
1744478.0,0,14,24,14,76
1744496.0,0,14,24,14,76
1744496.0,0,14,24,6,84
1744507.0,4,14,20,6,84
1744579.0,4,14,20,6,84
1744661.0,4,14,20,6,84
1744695.0,8,14,16,6,84
1744761.0,8,14,16,6,84
1744786.0,8,14,16,14,76
1744812.0,8,14,16,46,44
1744812.0,8,14,16,14,76
1744999.0,8,14,16,46,44
1744999.0,8,14,16,14,76
1745078.0,8,14,16,14,76
1745129.0,8,14,16,46,44
1745129.0,8,14,16,14,76
1745217.0,8,14,16,46,44
1745217.0,8,14,16,14,76
1745397.0,8,14,16,14,76
1745412.0,8,14,16,14,76
1745498.0,24,14,0,14,76
1745498.0,0,38,0,14,76
1745599.0,0,38,0,14,76
1745639.0,0,38,0,22,68
1745729.0,0,38,0,22,68
1745742.0,0,38,0,22,68
1745798.0,0,34,0,26,68
1745798.0,0,34,0,22,72
1745817.0,0,34,0,22,72
1745817.0,0,34,2,20,72
1745886.0,0,32,2,22,72
1745886.0,0,32,2,20,74
1745921.0,0,30,2,22,74
1745921.0,0,30,2,20,76
1745935.0,0,30,2,20,76
1745935.0,0,30,2,19,77
1745959.0,0,30,2,20,76
1745983.0,0,30,2,22,74
1745986.0,0,30,2,24,72
1746015.0,0,29,2,25,72
1746015.0,0,29,2,24,73
1746030.0,0,29,2,25,72
1746111.0,0,28,2,26,72
1746111.0,0,28,2,25,73
1746126.0,0,28,2,26,72
1746239.0,0,28,2,26,72
1746239.0,0,28,9,19,72
1746558.0,0,28,9,19,72
1746559.0,0,28,9,19,72
1746559.0,0,28,10,18,72
1746583.0,0,28,10,18,72
1746583.0,0,28,12,16,72
1746586.0,0,28,12,16,72
1746586.0,0,28,14,14,72
1746630.0,0,28,14,14,72
1746630.0,0,28,15,13,72
1746726.0,0,28,15,13,72
1746726.0,0,28,16,12,72
1746761.0,0,24,16,16,72
1746761.0,0,24,16,8,80
1746775.0,0,24,16,8,80
1746966.0,0,24,16,8,80
1746968.0,0,24,16,8,80
1747035.0,0,24,16,8,80
1747272.0,0,24,16,16,72
1747272.0,0,24,16,8,80
1747617.0,2,24,14,8,80
1747715.0,2,24,14,8,80
1747895.0,2,24,14,8,80
1747947.0,2,24,14,8,80
1748015.0,2,24,14,16,72
1748015.0,2,24,14,8,80
1748039.0,9,24,7,8,80
1748165.0,9,24,7,8,80
1748190.0,9,24,7,16,72
1748198.0,9,0,7,40,72
1748198.0,9,0,7,8,104
1748228.0,9,0,7,40,72
1748228.0,0,9,7,8,104
1748259.0,0,9,7,40,72
1748259.0,0,9,7,8,104
1748295.0,0,9,7,40,72
1748295.0,0,9,7,8,104
1748339.0,0,9,7,40,72
1748339.0,0,9,7,8,104
1748359.0,1,9,6,8,104
1748383.0,3,9,4,8,104
1748386.0,5,9,2,8,104
1748430.0,6,9,1,8,104
1748526.0,7,9,0,8,104
1748526.0,0,16,0,8,104
1748561.0,0,16,0,40,72
1748561.0,0,16,0,16,96
1748679.0,0,16,0,20,92
1748743.0,0,16,0,36,76
1748790.0,0,16,0,36,76
1748828.0,0,16,0,36,76
1748859.0,0,16,0,36,76
1748895.0,0,16,0,36,76
1748939.0,0,16,0,36,76
1749161.0,0,16,0,36,76
1749161.0,0,16,8,28,76
1749279.0,0,16,8,28,76
1749279.0,0,16,12,24,76
1749343.0,0,16,12,24,76
1749343.0,0,16,28,8,76
1749875.0,0,16,28,8,76
1749903.0,0,16,28,8,76
1750547.0,0,16,28,8,76
1750616.0,0,16,28,8,76
1750847.0,0,16,28,40,44
1750847.0,0,16,28,8,76
1750883.0,0,16,28,8,76
1750928.0,0,7,28,17,76
1750928.0,0,7,28,1,92
1750961.0,8,7,20,1,92
1750961.0,0,15,20,1,92
1750973.0,0,15,20,9,84
1750973.0,0,15,20,8,85
1750978.0,0,15,20,9,84
1751079.0,4,15,16,9,84
1751143.0,20,15,0,9,84
1751175.0,20,15,0,13,80
1751175.0,0,35,0,13,80
1751226.0,0,28,0,20,80
1751226.0,0,28,0,12,88
1751318.0,0,28,0,20,80
1751355.0,0,28,0,28,72
1751501.0,0,28,0,28,72
1751557.0,0,28,0,28,72
1751573.0,0,28,0,28,72
1751918.0,0,28,0,28,72
1751918.0,0,28,8,20,72
1751918.0,0,28,8,16,76
1751955.0,0,28,8,16,76
1751955.0,0,28,12,12,76
1752175.0,0,28,12,12,76
1752438.0,0,28,12,12,76
1752440.0,0,28,12,20,68
1752440.0,0,28,12,19,69
1752454.0,0,28,12,20,68
1752823.0,0,28,12,20,68
1752823.0,0,28,12,19,69
1752840.0,0,28,12,20,68
1753040.0,0,28,12,20,68
1753040.0,0,28,18,14,68
1753054.0,0,28,18,14,68
1753054.0,0,28,19,13,68
1753440.0,0,28,19,13,68
1753440.0,0,28,20,12,68
1753661.0,0,20,20,20,68
1753661.0,0,20,20,12,76
1753718.0,8,20,12,12,76
1753755.0,12,20,8,12,76
1753875.0,12,0,8,32,76
1753875.0,12,0,8,0,108
1753906.0,12,0,8,32,76
1753906.0,12,0,8,0,108
1754323.0,12,0,8,32,76
1754323.0,12,0,8,0,108
1754840.0,18,0,2,0,108
1754854.0,19,0,1,0,108
1755240.0,20,0,0,0,108
1755291.0,20,0,0,32,76
1755291.0,20,0,0,0,108
1759737.0,20,0,0,0,108
1760036.0,20,0,0,0,108
1760395.0,20,0,0,4,104
1760400.0,20,0,0,4,104
1760702.0,20,0,0,36,72
1760702.0,20,0,0,4,104
1760764.0,20,0,0,36,72
1760764.0,20,0,0,4,104
1760827.0,20,0,0,36,72
1760995.0,20,0,0,36,72
1761126.0,20,0,0,36,72
1761126.0,20,0,0,4,104
1761185.0,20,0,0,36,72
1761302.0,20,0,0,36,72
1761302.0,20,0,4,32,72
1761488.0,20,0,4,32,72
1761488.0,20,0,4,0,104
1761549.0,20,0,4,32,72
1761785.0,20,0,4,32,72
1761855.0,20,0,4,32,72
1761855.0,20,0,4,0,104
1761921.0,20,0,4,32,72
1762149.0,20,0,4,32,72
1762214.0,20,0,4,32,72
1762214.0,20,0,4,0,104
1762272.0,20,0,4,32,72
1762489.0,20,0,4,32,72
1762489.0,20,0,4,0,104
1762521.0,20,0,4,0,104
1762546.0,20,0,4,32,72
1762556.0,20,0,4,64,40
1762556.0,19,1,4,0,104
1762572.0,19,1,4,0,104
1762635.0,19,1,4,0,104
1762872.0,19,1,4,0,104
1763102.0,23,1,0,0,104
1763146.0,23,1,0,0,104
1763488.0,23,1,0,8,96
1764088.0,23,1,0,8,96
1764088.0,23,1,8,0,96
1765256.0,23,0,8,1,96
1765256.0,23,0,8,0,97
1765269.0,23,0,8,1,96
1765340.0,23,0,8,33,64
1765340.0,19,4,8,1,96
1765869.0,19,4,8,1,96
1765888.0,27,4,0,1,96
1765940.0,27,4,0,1,96
1765940.0,27,4,1,0,96
1767740.0,28,4,0,0,96
1768040.0,28,0,0,4,96
1768040.0,28,0,0,0,100
1770683.0,28,0,0,0,100
1770977.0,28,0,0,0,100
1771039.0,28,0,0,0,100
1773443.0,28,0,0,32,68
1773489.0,28,0,0,96,4
1774043.0,28,0,0,96,4
1774043.0,28,0,32,64,4
1774089.0,28,0,32,64,4
1774089.0,28,0,96,0,4
1775843.0,60,0,64,0,4
1775889.0,124,0,0,0,4
1776083.0,124,0,0,4,0
1776083.0,0,124,0,4,0
1778076.0,0,124,0,4,0
1778106.0,0,124,0,4,0
1778783.0,0,0,0,128,0
1778783.0,0,0,0,0,128
1778887.0,0,0,0,128,0
1778887.0,0,0,0,52,76
1779487.0,0,0,0,52,76
1779487.0,0,0,52,0,76
1781287.0,52,0,0,0,76
1795649.0,52,0,0,0,76
1795649.0,20,32,0,0,76
1798349.0,20,0,0,32,76
1798349.0,20,0,0,0,108
1805005.0,20,0,0,0,108
1805005.0,18,2,0,0,108
1805065.0,18,2,0,0,108
1805065.0,16,4,0,0,108
1805754.0,16,4,0,0,108
1805754.0,15,5,0,0,108
1806441.0,15,5,0,0,108
1806823.0,15,5,0,0,108
1807705.0,15,3,0,2,108
1807705.0,15,3,0,0,110
1807725.0,15,3,0,2,108
1807765.0,15,1,0,4,108
1807765.0,15,1,0,2,110
1807793.0,15,1,0,4,108
1808325.0,15,1,0,4,108
1808325.0,15,1,2,2,108
1808393.0,15,1,2,2,108
1808393.0,15,1,4,0,108
1808452.0,15,1,4,32,76
1808452.0,14,2,4,0,108
1808454.0,14,1,4,1,108
1808454.0,14,1,4,0,109
1808471.0,14,1,4,1,108
1809071.0,14,1,4,1,108
1809071.0,14,1,5,0,108
1810125.0,16,1,3,0,108
1810193.0,18,1,1,0,108
1810871.0,19,1,0,0,108
1811152.0,19,0,0,1,108
1811152.0,19,0,0,0,109
1811178.0,19,0,0,1,108
1811553.0,19,0,0,9,100
1811581.0,19,0,0,41,68
1811778.0,19,0,0,41,68
1811778.0,19,0,1,40,68
1812153.0,19,0,1,40,68
1812153.0,19,0,9,32,68
1812181.0,19,0,9,32,68
1812181.0,19,0,41,0,68
1813578.0,20,0,40,0,68
1813953.0,28,0,32,0,68
1813981.0,60,0,0,0,68
1816523.0,60,0,0,0,68
1816523.0,59,1,0,0,68
1817234.0,59,1,0,0,68
1817234.0,27,33,0,0,68
1818532.0,27,33,0,32,36
1818705.0,27,33,0,32,36
1818705.0,27,33,0,28,40
1818819.0,27,33,0,32,36
1818829.0,27,33,0,32,36
1818829.0,27,33,0,24,44
1818987.0,27,33,0,32,36
1819037.0,27,33,0,32,36
1819037.0,27,33,0,28,40
1819095.0,27,33,0,32,36
1819132.0,27,33,0,32,36
1819132.0,27,33,16,16,36
1819223.0,27,32,16,17,36
1819223.0,27,32,16,16,37
1819236.0,27,32,16,17,36
1819419.0,27,32,16,17,36
1819419.0,27,32,20,13,36
1819587.0,27,32,20,13,36
1819587.0,27,32,28,5,36
1819695.0,27,32,28,5,36
1819695.0,27,32,32,1,36
1819836.0,27,32,32,1,36
1819836.0,27,32,33,0,36
1819934.0,27,0,33,32,36
1819934.0,27,0,33,0,68
1820932.0,43,0,17,0,68
1821219.0,47,0,13,0,68
1821387.0,55,0,5,0,68
1821495.0,59,0,1,0,68
1821636.0,60,0,0,0,68
1827306.0,60,0,0,0,68
1827306.0,59,1,0,0,68
1828033.0,59,1,0,0,68
1828033.0,27,33,0,0,68
1830005.0,27,33,0,32,36
1830006.0,27,32,0,33,36
1830006.0,27,32,0,32,37
1830020.0,27,32,0,33,36
1830605.0,27,32,0,33,36
1830605.0,27,32,32,1,36
1830620.0,27,32,32,1,36
1830620.0,27,32,33,0,36
1830733.0,27,0,33,32,36
1830733.0,27,0,33,0,68
1832405.0,59,0,1,0,68
1832420.0,60,0,0,0,68
1838104.0,60,0,0,0,68
1838104.0,59,1,0,0,68
1838834.0,59,1,0,0,68
1838834.0,27,33,0,0,68
1839223.0,27,33,0,0,68
1839223.0,26,34,0,0,68
1840146.0,26,34,0,0,68
1840162.0,26,34,0,0,68
1840332.0,26,34,0,0,68
1840802.0,26,34,0,32,36
1840802.0,26,34,0,0,68
1840804.0,26,33,0,1,68
1840804.0,26,33,0,0,69
1840817.0,26,33,0,1,68
1841019.0,26,33,0,33,36
1841417.0,26,33,0,33,36
1841417.0,26,33,1,32,36
1841468.0,26,33,1,36,32
1841530.0,26,33,1,68,0
1841530.0,26,33,1,3,65
1841534.0,26,1,1,35,65
1841534.0,26,1,1,3,97
1841547.0,26,1,1,4,96
1841619.0,26,1,1,4,96
1841690.0,26,1,1,68,32
1841923.0,26,0,1,69,32
1841923.0,26,0,1,68,33
1841937.0,26,0,1,69,32
1842130.0,26,0,1,69,32
1842130.0,26,0,4,66,32
1842147.0,26,0,4,66,32
1842147.0,26,0,5,65,32
1842290.0,26,0,5,65,32
1842290.0,26,0,69,1,32
1842537.0,26,0,69,1,32
1842537.0,26,0,70,0,32
1843217.0,27,0,69,0,32
1843930.0,30,0,66,0,32
1843947.0,31,0,65,0,32
1844090.0,95,0,1,0,32
1844337.0,96,0,0,0,32
1845553.0,96,0,0,0,32
1845553.0,95,1,0,0,32
1846128.0,95,1,0,0,32
1846128.0,31,65,0,0,32
1848251.0,31,65,0,32,0
1848253.0,31,64,0,33,0
1848253.0,31,64,0,32,1
1848266.0,31,64,0,33,0
1848828.0,31,0,0,97,0
1848828.0,31,0,0,33,64
1848851.0,31,0,0,33,64
1848851.0,31,0,32,1,64
1848866.0,31,0,32,1,64
1848866.0,31,0,33,0,64
1850651.0,63,0,1,0,64
1850666.0,64,0,0,0,64
1857058.0,64,0,0,0,64
1859751.0,64,0,0,64,0
1859751.0,0,64,0,64,0
1862451.0,0,0,0,128,0
1862451.0,0,0,0,0,128
1862537.0,0,0,0,128,0
1863137.0,0,0,0,128,0
1863137.0,0,0,128,0,0
1864937.0,128,0,0,0,0
