job_id,type,res,nodes,start_time,subtime,reqtime,req_finish_time,runtime,actual_finish_time,terminated,finish_time
34036,execution_finished,4,"[0, 1, 2, 3]",0.0,0,132,132.0,132,132.0,False,132.0
34040,execution_finished,4,"[5, 6, 7, 8]",297.0,297,24,321.0,24,321.0,False,321.0
34041,execution_finished,1,[0],328.0,328,9,337.0,9,337.0,False,337.0
34039,execution_finished,1,[4],256.0,256,111,367.0,111,367.0,False,367.0
34042,execution_finished,1,[5],455.0,455,116,571.0,116,571.0,False,571.0
34051,execution_finished,1,[94],4800.0,1326,34,4834.0,34,4834.0,False,4834.0
34049,execution_finished,1,[77],4800.0,1307,68,4868.0,68,4868.0,False,4868.0
34047,execution_finished,8,"[65, 66, 67, 68, 69, 70, 71, 72]",4800.0,871,145,4945.0,145,4945.0,False,4945.0
34045,execution_finished,8,"[57, 58, 59, 60, 61, 62, 63, 64]",4800.0,576,153,4953.0,153,4953.0,False,4953.0
34060,execution_finished,4,"[77, 72, 71, 70]",4945.0,1795,38,4983.0,38,4983.0,False,4983.0
34092,execution_finished,4,"[69, 68, 67, 66]",4945.0,4297,41,4986.0,41,4986.0,False,4986.0
34050,execution_finished,16,"[78, 79, 80, 81, 82, 83, 84, 85, 86, 87, 88, 89, 90, 91, 92, 93]",4800.0,1316,190,4990.0,190,4990.0,False,4990.0
34048,execution_finished,4,"[73, 74, 75, 76]",4800.0,1300,200,5000.0,200,5000.0,False,5000.0
34052,execution_finished,2,"[95, 96]",4800.0,1343,338,5138.0,338,5138.0,False,5138.0
34056,execution_finished,32,"[1, 2, 3, 97, 98, 99, 100, 101, 102, 103, 104, 105, 106, 107, 108, 109, 110, 111, 112, 113, 114, 115, 116, 117, 118, 119, 120, 121, 122, 123, 124, 125]",4932.0,1535,340,5272.0,340,5272.0,False,5272.0
34044,execution_finished,32,"[25, 26, 27, 28, 29, 30, 31, 32, 33, 34, 35, 36, 37, 38, 39, 40, 41, 42, 43, 44, 45, 46, 47, 48, 49, 50, 51, 52, 53, 54, 55, 56]",4800.0,494,755,5555.0,755,5555.0,False,5555.0
34063,execution_finished,32,"[76, 95, 96, 1, 2, 3, 97, 98, 99, 100, 101, 102, 103, 104, 105, 106, 107, 108, 109, 110, 111, 112, 113, 114, 115, 116, 117, 118, 119, 120, 121, 122]",5272.0,1924,392,5664.0,392,5664.0,False,5664.0
34079,execution_finished,16,"[122, 121, 120, 119, 118, 117, 116, 115, 114, 113, 112, 111, 110, 109, 108, 107]",5664.0,3252,8,5672.0,8,5672.0,False,5672.0
34104,execution_finished,8,"[96, 97, 98, 99, 100, 101, 102, 103]",5664.0,5175,78,5742.0,78,5742.0,False,5742.0
34086,execution_finished,16,"[122, 121, 120, 119, 118, 117, 116, 115, 114, 113, 112, 111, 110, 109, 108, 107]",5672.0,3968,86,5758.0,86,5758.0,False,5758.0
34109,execution_finished,8,"[122, 121, 120, 119, 118, 117, 116, 115]",5758.0,5587,42,5800.0,42,5800.0,False,5800.0
34105,execution_finished,8,"[104, 105, 106, 96, 97, 98, 99, 100]",5742.0,5274,76,5818.0,76,5818.0,False,5818.0
34106,execution_finished,8,"[101, 102, 103, 107, 108, 109, 110, 111]",5758.0,5450,69,5827.0,69,5827.0,False,5827.0
34111,execution_finished,8,"[112, 113, 114, 115, 116, 117, 118, 119]",5800.0,5731,87,5887.0,87,5887.0,False,5887.0
34043,execution_finished,16,"[9, 10, 11, 12, 13, 14, 15, 16, 17, 18, 19, 20, 21, 22, 23, 24]",4800.0,490,1121,5921.0,1121,5921.0,False,5921.0
34062,execution_finished,4,"[93, 73, 74, 75]",5000.0,1906,1028,6028.0,1028,6028.0,False,6028.0
34074,execution_finished,32,"[120, 121, 122, 96, 97, 98, 99, 100, 104, 105, 106, 101, 102, 103, 107, 108, 109, 110, 111, 112, 113, 114, 115, 116, 117, 118, 119, 9, 10, 11, 12, 13]",5921.0,2889,279,6200.0,279,6200.0,False,6200.0
34115,execution_finished,4,"[14, 15, 16, 17]",6193.0,6193,45,6238.0,45,6238.0,False,6238.0
34078,execution_finished,32,"[18, 19, 20, 21, 22, 23, 24, 73, 74, 75, 93, 9, 10, 11, 12, 13, 96, 97, 98, 99, 100, 101, 102, 103, 104, 105, 106, 107, 108, 109, 110, 111]",6200.0,3239,708,6908.0,708,6908.0,False,6908.0
34123,execution_finished,8,"[96, 97, 98, 99, 100, 101, 102, 103]",6928.0,6928,86,7014.0,86,7014.0,False,7014.0
34125,execution_finished,8,"[104, 105, 106, 107, 108, 109, 110, 111]",7007.0,7007,92,7099.0,92,7099.0,False,7099.0
34127,execution_finished,8,"[96, 97, 98, 99, 100, 101, 102, 103]",7067.0,7067,129,7196.0,129,7196.0,False,7196.0
34130,execution_finished,8,"[104, 105, 106, 107, 108, 109, 110, 111]",7161.0,7161,73,7234.0,73,7234.0,False,7234.0
34132,execution_finished,8,"[104, 105, 106, 107, 108, 109, 110, 111]",7234.0,7224,97,7331.0,97,7331.0,False,7331.0
34133,execution_finished,8,"[104, 105, 106, 107, 108, 109, 110, 111]",7331.0,7267,59,7390.0,59,7390.0,False,7390.0
34135,execution_finished,8,"[104, 105, 106, 107, 108, 109, 110, 111]",7390.0,7385,90,7480.0,90,7480.0,False,7480.0
34136,execution_finished,8,"[104, 105, 106, 107, 108, 109, 110, 111]",7480.0,7388,16,7496.0,16,7496.0,False,7496.0
34137,execution_finished,8,"[104, 105, 106, 107, 108, 109, 110, 111]",7496.0,7451,52,7548.0,52,7548.0,False,7548.0
34075,execution_finished,1,[5],7534.0,2953,19,7553.0,19,7553.0,False,7553.0
34088,execution_finished,2,"[127, 94]",7568.0,4150,25,7593.0,25,7593.0,False,7593.0
34061,execution_finished,2,"[6, 7]",7568.0,1817,28,7596.0,28,7596.0,False,7596.0
34070,execution_finished,1,[4],7534.0,2349,77,7611.0,77,7611.0,False,7611.0
34138,execution_finished,8,"[104, 105, 106, 107, 108, 109, 110, 111]",7556.0,7556,108,7664.0,108,7664.0,False,7664.0
34065,execution_finished,1,[0],7534.0,2030,154,7688.0,154,7688.0,False,7688.0
34139,execution_finished,8,"[5, 94, 127, 6, 7, 4, 104, 105]",7664.0,7558,61,7725.0,61,7725.0,False,7725.0
34141,execution_finished,8,"[106, 107, 108, 109, 110, 111, 0, 4]",7725.0,7698,99,7824.0,99,7824.0,False,7824.0
34072,execution_finished,32,"[123, 124, 125, 25, 26, 27, 28, 29, 30, 31, 32, 33, 34, 35, 36, 37, 38, 39, 40, 41, 42, 43, 44, 45, 46, 47, 48, 49, 50, 51, 52, 53]",5555.0,2800,2307,7862.0,2307,7862.0,False,7862.0
34144,execution_finished,1,[5],7822.0,7822,55,7877.0,55,7877.0,False,7877.0
34146,execution_finished,1,[43],7892.0,7892,25,7917.0,25,7917.0,False,7917.0
34073,execution_finished,8,"[54, 55, 56, 1, 2, 3, 76, 95]",5664.0,2846,2267,7931.0,2267,7931.0,False,7931.0
34151,execution_finished,1,[3],8010.0,8010,3,8013.0,3,8013.0,False,8013.0
34080,execution_finished,16,"[9, 10, 11, 12, 13, 18, 19, 20, 21, 22, 23, 24, 73, 74, 75, 93]",6908.0,3267,1126,8034.0,1126,8034.0,False,8034.0
34148,execution_finished,4,"[44, 45, 46, 47]",7923.0,7923,122,8045.0,122,8045.0,False,8045.0
34149,execution_finished,2,"[1, 2]",7945.0,7945,102,8047.0,102,8047.0,False,8047.0
34101,execution_finished,32,"[48, 49, 50, 51, 52, 53, 123, 124, 125, 5, 43, 54, 55, 56, 76, 95, 3, 9, 10, 11, 12, 13, 18, 19, 20, 21, 22, 23, 24, 73, 74, 75]",8034.0,5044,226,8260.0,226,8260.0,False,8260.0
34058,execution_finished,32,"[65, 57, 58, 59, 60, 61, 62, 63, 64, 70, 71, 72, 77, 66, 67, 68, 69, 78, 79, 80, 81, 82, 83, 84, 85, 86, 87, 88, 89, 90, 91, 92]",4990.0,1651,3453,8443.0,3453,8443.0,False,8443.0
34064,execution_finished,2,"[8, 126]",7568.0,1927,1011,8579.0,1011,8579.0,False,8579.0
34112,execution_finished,32,"[74, 75, 76, 95, 123, 124, 125, 57, 58, 59, 60, 61, 62, 63, 64, 65, 66, 67, 68, 69, 70, 71, 72, 77, 78, 79, 80, 81, 82, 83, 84, 85]",8443.0,5815,226,8669.0,226,8669.0,False,8669.0
34089,execution_finished,32,"[6, 7, 94, 104, 105, 127, 0, 4, 106, 107, 108, 109, 110, 111, 25, 26, 27, 28, 29, 30, 31, 32, 33, 34, 35, 36, 37, 38, 39, 40, 41, 42]",7862.0,4161,876,8738.0,876,8738.0,False,8738.0
34121,execution_finished,32,"[86, 87, 88, 89, 90, 91, 92, 8, 126, 57, 58, 59, 60, 61, 62, 63, 64, 65, 66, 67, 68, 69, 70, 71, 72, 74, 75, 76, 77, 78, 79, 80]",8669.0,6675,116,8785.0,116,8785.0,False,8785.0
34159,execution_finished,2,"[89, 90]",8795.0,8795,16,8811.0,16,8811.0,False,8811.0
34158,execution_finished,4,"[80, 86, 87, 88]",8785.0,8772,39,8824.0,39,8824.0,False,8824.0
34160,execution_finished,4,"[91, 92, 126, 89]",8831.0,8831,97,8928.0,97,8928.0,False,8928.0
34161,execution_finished,2,"[90, 80]",8852.0,8852,76,8928.0,76,8928.0,False,8928.0
34124,execution_finished,32,"[81, 82, 83, 84, 85, 95, 123, 124, 125, 0, 4, 6, 7, 25, 26, 27, 28, 29, 30, 31, 32, 33, 34, 35, 36, 37, 38, 39, 40, 41, 42, 94]",8738.0,6935,282,9020.0,282,9020.0,False,9020.0
34163,execution_finished,2,"[86, 87]",9003.0,9003,20,9023.0,20,9023.0,False,9023.0
34164,execution_finished,4,"[88, 80, 89, 90]",9047.0,9047,38,9085.0,38,9085.0,False,9085.0
34166,execution_finished,4,"[91, 92, 126, 0]",9098.0,9098,46,9144.0,46,9144.0,False,9144.0
34168,execution_finished,2,"[4, 6]",9121.0,9121,23,9144.0,23,9144.0,False,9144.0
34169,execution_finished,8,"[7, 25, 26, 27, 28, 29, 30, 31]",9137.0,9137,45,9182.0,45,9182.0,False,9182.0
34172,execution_finished,2,"[32, 33]",9196.0,9196,69,9265.0,69,9265.0,False,9265.0
34175,execution_finished,8,"[40, 41, 42, 81, 82, 83, 84, 85]",9240.0,9240,87,9327.0,87,9327.0,False,9327.0
34177,execution_finished,8,"[80, 88, 89, 90, 0, 4, 6, 91]",9381.0,9381,40,9421.0,40,9421.0,False,9421.0
34178,execution_finished,8,"[7, 25, 26, 27, 28, 29, 30, 31]",9451.0,9451,79,9530.0,79,9530.0,False,9530.0
34179,execution_finished,1,[32],9541.0,9541,4,9545.0,4,9545.0,False,9545.0
34173,execution_finished,4,"[34, 35, 36, 37]",9208.0,9208,373,9581.0,373,9581.0,False,9581.0
34174,execution_finished,2,"[38, 39]",9233.0,9233,355,9588.0,355,9588.0,False,9588.0
34182,execution_finished,1,[31],9572.0,9572,42,9614.0,42,9614.0,False,9614.0
34183,execution_finished,4,"[32, 34, 35, 36]",9594.0,9594,42,9636.0,42,9636.0,False,9636.0
34185,execution_finished,2,"[37, 38]",9632.0,9632,29,9661.0,29,9661.0,False,9661.0
34180,execution_finished,8,"[33, 40, 41, 42, 81, 82, 83, 84]",9565.0,9565,103,9668.0,103,9668.0,False,9668.0
34189,execution_finished,1,[35],9758.0,9758,17,9775.0,17,9775.0,False,9775.0
34181,execution_finished,16,"[85, 0, 4, 6, 80, 88, 89, 90, 91, 7, 25, 26, 27, 28, 29, 30]",9569.0,9569,250,9819.0,250,9819.0,False,9819.0
34188,execution_finished,4,"[39, 31, 32, 34]",9750.0,9750,137,9887.0,137,9887.0,False,9887.0
34190,execution_finished,2,"[36, 37]",9780.0,9780,117,9897.0,117,9897.0,False,9897.0
34192,execution_finished,8,"[38, 33, 40, 41, 42, 81, 82, 83]",9892.0,9892,5,9897.0,5,9897.0,False,9897.0
34193,execution_finished,16,"[84, 35, 0, 4, 6, 7, 25, 26, 27, 28, 29, 30, 80, 85, 88, 89]",9899.0,9899,96,9995.0,96,9995.0,False,9995.0
34196,execution_finished,1,[40],10175.0,10175,41,10216.0,41,10216.0,False,10216.0
34195,execution_finished,8,"[31, 32, 34, 39, 33, 36, 37, 38]",10146.0,10146,81,10227.0,81,10227.0,False,10227.0
34197,execution_finished,1,[0],10231.0,10231,24,10255.0,24,10255.0,False,10255.0
34200,execution_finished,2,"[26, 27]",10290.0,10290,77,10367.0,77,10367.0,False,10367.0
34198,execution_finished,4,"[4, 6, 7, 25]",10265.0,10265,103,10368.0,103,10368.0,False,10368.0
34202,execution_finished,8,"[40, 31, 32, 33, 34, 36, 37, 38]",10369.0,10369,93,10462.0,93,10462.0,False,10462.0
34205,execution_finished,8,"[39, 0, 26, 27, 4, 6, 7, 25]",10509.0,10509,84,10593.0,84,10593.0,False,10593.0
34207,execution_finished,4,"[0, 4, 6, 7]",10826.0,10826,125,10951.0,125,10951.0,False,10951.0
34208,execution_finished,2,"[25, 26]",10847.0,10847,104,10951.0,104,10951.0,False,10951.0
34154,execution_finished,8,"[14, 15, 16, 17, 112, 113, 114, 115]",11279.0,8466,83,11362.0,83,11362.0,False,11362.0
34218,execution_finished,2,"[14, 15]",11441.0,11441,17,11458.0,17,11458.0,False,11458.0
34219,execution_finished,4,"[16, 17, 112, 113]",11479.0,11479,37,11516.0,37,11516.0,False,11516.0
34220,execution_finished,8,"[114, 115, 14, 15, 16, 17, 112, 113]",11536.0,11536,43,11579.0,43,11579.0,False,11579.0
34103,execution_finished,32,"[93, 44, 45, 46, 47, 1, 2, 3, 5, 9, 10, 11, 12, 13, 18, 19, 20, 21, 22, 23, 24, 43, 48, 49, 50, 51, 52, 53, 54, 55, 56, 73]",8260.0,5114,3537,11797.0,3537,11797.0,False,11797.0
34222,execution_finished,16,"[14, 15, 16, 17, 112, 113, 114, 115, 1, 2, 3, 5, 9, 10, 11, 12]",11797.0,11598,62,11859.0,62,11859.0,False,11859.0
34224,execution_finished,32,"[13, 18, 19, 20, 21, 22, 23, 24, 43, 44, 45, 46, 47, 48, 49, 50, 51, 52, 53, 54, 55, 56, 73, 93, 1, 2, 3, 5, 9, 10, 11, 12]",11859.0,11692,150,12009.0,150,12009.0,False,12009.0
34211,execution_finished,4,"[0, 4, 6, 7]",11028.0,11028,982,12010.0,982,12010.0,False,12010.0
34213,execution_finished,2,"[25, 26]",11050.0,11050,960,12010.0,960,12010.0,False,12010.0
34228,execution_finished,4,"[51, 52, 53, 54]",12009.0,11883,55,12064.0,55,12064.0,False,12064.0
34226,execution_finished,32,"[14, 15, 16, 17, 112, 113, 114, 115, 1, 2, 3, 5, 9, 10, 11, 12, 13, 18, 19, 20, 21, 22, 23, 24, 43, 44, 45, 46, 47, 48, 49, 50]",12009.0,11739,123,12132.0,123,12132.0,False,12132.0
34232,execution_finished,32,"[6, 7, 25, 26, 51, 52, 53, 54, 1, 2, 3, 5, 9, 10, 11, 12, 13, 14, 15, 16, 17, 18, 19, 20, 21, 22, 23, 24, 43, 44, 45, 46]",12208.0,12208,50,12258.0,50,12258.0,False,12258.0
34230,execution_finished,4,"[55, 56, 73, 93]",12110.0,12110,563,12673.0,563,12673.0,False,12673.0
34231,execution_finished,2,"[0, 4]",12135.0,12135,539,12674.0,539,12674.0,False,12674.0
34217,execution_finished,4,"[92, 120, 121, 122]",14027.0,11327,49,14076.0,49,14076.0,False,14076.0
34215,execution_finished,8,"[86, 87, 94, 95, 116, 117, 118, 119]",13836.0,11136,419,14255.0,419,14255.0,False,14255.0
34250,execution_finished,8,"[122, 86, 87, 94, 95, 116, 117, 118]",14255.0,13548,384,14639.0,384,14639.0,False,14639.0
34266,execution_finished,2,"[116, 117]",14639.0,14639,5,14644.0,5,14644.0,False,14644.0
34261,execution_finished,2,"[94, 95]",14639.0,14392,99,14738.0,99,14738.0,False,14738.0
34257,execution_finished,2,"[86, 87]",14639.0,14129,178,14817.0,178,14817.0,False,14817.0
34248,execution_finished,2,"[120, 121]",14076.0,13032,943,15019.0,943,15019.0,False,15019.0
34239,execution_finished,1,[27],15608.0,12554,3,15611.0,3,15611.0,False,15611.0
34243,execution_finished,1,[28],15608.0,12908,57,15665.0,57,15665.0,False,15665.0
34287,execution_finished,2,"[27, 28]",15894.0,15894,61,15955.0,61,15955.0,False,15955.0
34290,execution_finished,1,[27],15962.0,15962,18,15980.0,18,15980.0,False,15980.0
34245,execution_finished,1,[29],16776.0,12983,18,16794.0,18,16794.0,False,16794.0
34234,execution_finished,64,"[1, 2, 3, 5, 6, 7, 9, 10, 11, 12, 13, 14, 15, 16, 17, 18, 19, 20, 21, 22, 23, 24, 25, 26, 33, 34, 35, 36, 37, 38, 39, 40, 41, 42, 43, 44, 45, 46, 47, 48, 49, 50, 51, 52, 53, 54, 80, 81, 82, 83, 84, 85, 88, 89, 90, 91, 112, 113, 114, 115, 123, 124, 125, 126]",17058.0,12277,58,17116.0,58,17116.0,False,17116.0
34279,execution_finished,32,"[126, 125, 124, 123, 115, 114, 113, 112, 91, 90, 89, 88, 85, 84, 83, 82, 81, 80, 54, 53, 52, 51, 50, 49, 48, 47, 46, 45, 44, 43, 42, 41]",17116.0,15528,7,17123.0,7,17123.0,False,17123.0
34280,execution_finished,32,"[126, 125, 124, 123, 115, 114, 113, 112, 91, 90, 89, 88, 85, 84, 83, 82, 81, 80, 54, 53, 52, 51, 50, 49, 48, 47, 46, 45, 44, 43, 42, 41]",17123.0,15572,10,17133.0,10,17133.0,False,17133.0
34282,execution_finished,16,"[126, 125, 124, 123, 115, 114, 113, 112, 91, 90, 89, 88, 85, 84, 83, 82]",17133.0,15596,11,17144.0,11,17144.0,False,17144.0
34288,execution_finished,16,"[81, 80, 54, 53, 52, 51, 50, 49, 48, 47, 46, 45, 44, 43, 42, 41]",17133.0,15920,13,17146.0,13,17146.0,False,17146.0
34305,execution_finished,16,"[115, 114, 113, 112, 91, 90, 89, 88, 85, 84, 83, 82, 81, 80, 54, 53]",17146.0,17070,54,17200.0,54,17200.0,False,17200.0
34297,execution_finished,2,"[126, 125]",17144.0,16684,85,17229.0,85,17229.0,False,17229.0
34303,execution_finished,2,"[124, 123]",17144.0,16985,175,17319.0,175,17319.0,False,17319.0
34306,execution_finished,16,"[115, 114, 113, 112, 91, 90, 89, 88, 85, 84, 83, 82, 81, 80, 54, 53]",17200.0,17083,157,17357.0,157,17357.0,False,17357.0
34309,execution_finished,16,"[126, 125, 124, 123, 52, 51, 50, 49, 48, 47, 46, 45, 44, 43, 42, 41]",17319.0,17276,273,17592.0,273,17592.0,False,17592.0
34246,execution_finished,4,"[30, 31, 32, 92]",16776.0,13009,963,17739.0,963,17739.0,False,17739.0
34313,execution_finished,2,"[115, 114]",17575.0,17575,198,17773.0,198,17773.0,False,17773.0
34267,execution_finished,2,"[0, 4]",17935.0,14687,60,17995.0,60,17995.0,False,17995.0
34274,execution_finished,2,"[55, 56]",17973.0,15273,61,18034.0,61,18034.0,False,18034.0
34273,execution_finished,16,"[19, 20, 21, 22, 23, 24, 25, 26, 33, 34, 35, 36, 37, 38, 39, 40]",17116.0,15235,946,18062.0,946,18062.0,False,18062.0
34131,execution_finished,8,"[96, 97, 98, 99, 100, 101, 102, 103]",7196.0,7168,10967,18163.0,10967,18163.0,False,18163.0
34256,execution_finished,16,"[1, 2, 3, 5, 6, 7, 9, 10, 11, 12, 13, 14, 15, 16, 17, 18]",17116.0,13947,1213,18329.0,1213,18329.0,False,18329.0
34277,execution_finished,2,"[73, 93]",18365.0,15445,61,18426.0,61,18426.0,False,18426.0
34318,execution_finished,16,"[103, 102, 101, 100, 99, 98, 97, 96, 56, 55, 40, 39, 38, 37, 36, 35]",18163.0,17972,300,18463.0,300,18463.0,False,18463.0
34319,execution_finished,16,"[34, 33, 26, 25, 24, 18, 17, 16, 15, 14, 13, 12, 11, 10, 9, 7]",18329.0,18115,187,18516.0,187,18516.0,False,18516.0
34296,execution_finished,32,"[103, 102, 101, 100, 99, 98, 97, 96, 93, 73, 56, 55, 40, 39, 38, 37, 36, 35, 34, 33, 26, 25, 24, 18, 17, 16, 15, 14, 13, 12, 11, 10]",18516.0,16626,252,18768.0,252,18768.0,False,18768.0
34302,execution_finished,32,"[103, 102, 101, 100, 99, 98, 97, 96, 93, 73, 56, 55, 40, 39, 38, 37, 36, 35, 34, 33, 26, 25, 24, 18, 17, 16, 15, 14, 13, 12, 11, 10]",18768.0,16961,243,19011.0,243,19011.0,False,19011.0
34324,execution_finished,32,"[103, 102, 101, 100, 99, 98, 97, 96, 93, 73, 56, 55, 40, 39, 38, 37, 36, 35, 34, 33, 26, 25, 24, 18, 17, 16, 15, 14, 13, 12, 11, 10]",19011.0,18394,194,19205.0,194,19205.0,False,19205.0
34326,execution_finished,16,"[103, 102, 101, 100, 99, 98, 97, 96, 93, 73, 56, 55, 40, 39, 38, 37]",19205.0,18542,172,19377.0,172,19377.0,False,19377.0
34340,execution_finished,1,[37],19377.0,19241,8,19385.0,8,19385.0,False,19385.0
34343,execution_finished,1,[37],19419.0,19419,19,19438.0,19,19438.0,False,19438.0
34330,execution_finished,8,"[103, 102, 101, 100, 99, 98, 97, 96]",19377.0,18742,81,19458.0,81,19458.0,False,19458.0
34331,execution_finished,16,"[103, 102, 101, 100, 99, 98, 97, 96, 93, 73, 56, 55, 40, 39, 38, 37]",19458.0,18846,20,19478.0,20,19478.0,False,19478.0
34298,execution_finished,1,[116],19498.0,16798,30,19528.0,30,19528.0,False,19528.0
34329,execution_finished,16,"[36, 35, 34, 33, 26, 25, 24, 18, 17, 16, 15, 14, 13, 12, 11, 10]",19205.0,18736,368,19573.0,368,19573.0,False,19573.0
34332,execution_finished,16,"[103, 102, 101, 100, 99, 98, 97, 96, 93, 73, 56, 55, 40, 39, 38, 37]",19478.0,18872,197,19675.0,197,19675.0,False,19675.0
34345,execution_finished,16,"[116, 36, 35, 34, 33, 26, 25, 24, 18, 17, 16, 15, 14, 13, 12, 11]",19573.0,19530,218,19791.0,218,19791.0,False,19791.0
34128,execution_finished,32,"[104, 105, 106, 107, 108, 109, 110, 111, 127, 8, 57, 58, 59, 60, 61, 62, 63, 64, 65, 66, 67, 68, 69, 70, 71, 72, 74, 75, 76, 77, 78, 79]",8785.0,7125,11007,19792.0,11007,19792.0,False,19792.0
34275,execution_finished,64,"[10, 37, 38, 39, 40, 55, 56, 73, 93, 96, 97, 98, 99, 100, 101, 102, 103, 11, 12, 13, 14, 15, 16, 17, 18, 24, 25, 26, 33, 34, 35, 36, 116, 8, 57, 58, 59, 60, 61, 62, 63, 64, 65, 66, 67, 68, 69, 70, 71, 72, 74, 75, 76, 77, 78, 79, 104, 105, 106, 107, 108, 109, 110, 111]",19792.0,15281,25,19817.0,25,19817.0,False,19817.0
34276,execution_finished,64,"[127, 8, 10, 11, 12, 13, 14, 15, 16, 17, 18, 24, 25, 26, 33, 34, 35, 36, 37, 38, 39, 40, 55, 56, 57, 58, 59, 60, 61, 62, 63, 64, 65, 66, 67, 68, 69, 70, 71, 72, 73, 74, 75, 76, 77, 78, 79, 93, 96, 97, 98, 99, 100, 101, 102, 103, 104, 105, 106, 107, 108, 109, 110, 111]",19817.0,15356,17,19834.0,17,19834.0,False,19834.0
34278,execution_finished,64,"[116, 8, 10, 11, 12, 13, 14, 15, 16, 17, 18, 24, 25, 26, 33, 34, 35, 36, 37, 38, 39, 40, 55, 56, 57, 58, 59, 60, 61, 62, 63, 64, 65, 66, 67, 68, 69, 70, 71, 72, 73, 74, 75, 76, 77, 78, 79, 93, 96, 97, 98, 99, 100, 101, 102, 103, 104, 105, 106, 107, 108, 109, 110, 111]",19834.0,15500,12,19846.0,12,19846.0,False,19846.0
34289,execution_finished,64,"[127, 8, 10, 11, 12, 13, 14, 15, 16, 17, 18, 24, 25, 26, 33, 34, 35, 36, 37, 38, 39, 40, 55, 56, 57, 58, 59, 60, 61, 62, 63, 64, 65, 66, 67, 68, 69, 70, 71, 72, 73, 74, 75, 76, 77, 78, 79, 93, 96, 97, 98, 99, 100, 101, 102, 103, 104, 105, 106, 107, 108, 109, 110, 111]",19846.0,15948,19,19865.0,19,19865.0,False,19865.0
34357,execution_finished,8,"[127, 111, 110, 109, 108, 107, 106, 105]",19961.0,19961,44,20005.0,44,20005.0,False,20005.0
34358,execution_finished,1,[102],19996.0,19996,21,20017.0,21,20017.0,False,20017.0
34359,execution_finished,8,"[127, 111, 110, 109, 108, 107, 106, 105]",20108.0,20108,43,20151.0,43,20151.0,False,20151.0
34317,execution_finished,2,"[86, 87]",20534.0,17834,59,20593.0,59,20593.0,False,20593.0
34327,execution_finished,16,"[65, 66, 67, 68, 69, 70, 71, 72, 73, 74, 75, 76, 77, 78, 79, 93]",19865.0,18547,800,20665.0,800,20665.0,False,20665.0
34368,execution_finished,2,"[87, 86]",20593.0,20481,79,20672.0,79,20672.0,False,20672.0
34346,execution_finished,16,"[93, 79, 78, 77, 76, 75, 74, 73, 72, 71, 70, 69, 68, 67, 66, 65]",20665.0,19578,323,20988.0,323,20988.0,False,20988.0
34354,execution_finished,16,"[93, 79, 78, 77, 76, 75, 74, 73, 72, 71, 70, 69, 68, 67, 66, 65]",20988.0,19802,209,21197.0,209,21197.0,False,21197.0
34361,execution_finished,16,"[93, 79, 78, 77, 76, 75, 74, 73, 72, 71, 70, 69, 68, 67, 66, 65]",21197.0,20174,66,21263.0,66,21263.0,False,21263.0
34365,execution_finished,16,"[93, 79, 78, 77, 76, 75, 74, 73, 72, 71, 70, 69, 68, 67, 66, 65]",21263.0,20386,66,21329.0,66,21329.0,False,21329.0
34370,execution_finished,16,"[93, 79, 78, 77, 76, 75, 74, 73, 72, 71, 70, 69, 68, 67, 66, 65]",21329.0,20556,21,21350.0,21,21350.0,False,21350.0
34372,execution_finished,4,"[72, 71, 70, 69]",21350.0,20895,50,21400.0,50,21400.0,False,21400.0
34371,execution_finished,8,"[93, 79, 78, 77, 76, 75, 74, 73]",21350.0,20883,125,21475.0,125,21475.0,False,21475.0
34311,execution_finished,16,"[28, 94, 95, 117, 118, 119, 120, 121, 122, 0, 4, 19, 20, 21, 22, 23]",20762.0,17538,928,21690.0,928,21690.0,False,21690.0
34335,execution_finished,1,[29],22077.0,18950,14,22091.0,14,22091.0,False,22091.0
34334,execution_finished,1,[27],22077.0,18944,36,22113.0,36,22113.0,False,22113.0
34379,execution_finished,1,[27],22327.0,22327,69,22396.0,69,22396.0,False,22396.0
34348,execution_finished,1,[53],22357.0,19657,86,22443.0,86,22443.0,False,22443.0
34349,execution_finished,1,[54],22384.0,19684,77,22461.0,77,22461.0,False,22461.0
34382,execution_finished,1,[54],22503.0,22503,6,22509.0,6,22509.0,False,22509.0
34381,execution_finished,2,"[27, 53]",22443.0,22413,82,22525.0,82,22525.0,False,22525.0
34384,execution_finished,1,[54],22554.0,22554,14,22568.0,14,22568.0,False,22568.0
34385,execution_finished,1,[27],22557.0,22557,30,22587.0,30,22587.0,False,22587.0
34356,execution_finished,2,"[114, 115]",22595.0,19895,23,22618.0,23,22618.0,False,22618.0
34387,execution_finished,1,[27],22626.0,22626,63,22689.0,63,22689.0,False,22689.0
34377,execution_finished,4,"[115, 114, 54, 53]",22618.0,22216,132,22750.0,132,22750.0,False,22750.0
34328,execution_finished,32,"[30, 31, 32, 47, 48, 49, 50, 51, 52, 80, 81, 82, 83, 84, 85, 88, 89, 90, 91, 92, 112, 113, 123, 124, 125, 126, 96, 97, 98, 99, 100, 101]",22565.0,18681,255,22820.0,255,22820.0,False,22820.0
34390,execution_finished,1,[54],22763.0,22763,72,22835.0,72,22835.0,False,22835.0
34389,execution_finished,2,"[27, 53]",22750.0,22724,97,22847.0,97,22847.0,False,22847.0
34360,execution_finished,32,"[114, 115, 30, 31, 32, 47, 48, 49, 50, 51, 52, 80, 81, 82, 83, 84, 85, 88, 89, 90, 91, 92, 96, 97, 98, 99, 100, 101, 112, 113, 123, 124]",22820.0,20128,207,23027.0,207,23027.0,False,23027.0
34308,execution_finished,32,"[116, 8, 10, 11, 12, 13, 14, 15, 16, 17, 18, 24, 25, 26, 33, 34, 35, 36, 37, 38, 39, 40, 55, 56, 57, 58, 59, 60, 61, 62, 63, 64]",19865.0,17256,3463,23328.0,3463,23328.0,False,23328.0
34367,execution_finished,32,"[30, 31, 32, 47, 48, 49, 50, 51, 52, 80, 81, 82, 83, 84, 85, 88, 89, 90, 91, 92, 96, 97, 98, 99, 100, 101, 112, 113, 114, 115, 123, 124]",23027.0,20467,306,23333.0,306,23333.0,False,23333.0
34380,execution_finished,32,"[30, 31, 32, 47, 48, 49, 50, 51, 52, 80, 81, 82, 83, 84, 85, 88, 89, 90, 91, 92, 96, 97, 98, 99, 100, 101, 112, 113, 114, 115, 123, 124]",23333.0,22374,175,23508.0,175,23508.0,False,23508.0
34375,execution_finished,32,"[8, 10, 11, 12, 13, 14, 15, 16, 17, 18, 24, 25, 26, 33, 34, 35, 36, 37, 38, 39, 40, 55, 56, 57, 58, 59, 60, 61, 62, 63, 64, 116]",23328.0,22101,223,23551.0,223,23551.0,False,23551.0
34383,execution_finished,8,"[30, 31, 32, 47, 48, 49, 50, 51]",23508.0,22515,78,23586.0,78,23586.0,False,23586.0
34391,execution_finished,32,"[89, 90, 91, 92, 96, 97, 98, 99, 100, 101, 112, 113, 114, 115, 123, 124, 8, 10, 11, 12, 13, 14, 15, 16, 17, 18, 24, 25, 26, 33, 34, 35]",23551.0,22840,151,23702.0,151,23702.0,False,23702.0
34353,execution_finished,2,"[45, 46]",22491.0,19788,1220,23711.0,1220,23711.0,False,23711.0
34352,execution_finished,4,"[41, 42, 43, 44]",22491.0,19766,1242,23733.0,1242,23733.0,False,23733.0
34396,execution_finished,32,"[55, 56, 57, 58, 59, 60, 61, 62, 63, 64, 116, 32, 47, 48, 49, 50, 51, 8, 10, 11, 12, 13, 14, 15, 16, 17, 18, 24, 25, 26, 33, 34]",23702.0,23067,71,23773.0,71,23773.0,False,23773.0
34407,execution_finished,8,"[18, 24, 25, 26, 32, 33, 34, 47]",23865.0,23865,81,23946.0,81,23946.0,False,23946.0
34397,execution_finished,32,"[35, 89, 90, 91, 92, 96, 97, 98, 99, 100, 101, 112, 113, 114, 115, 123, 124, 45, 46, 41, 42, 43, 44, 8, 10, 11, 12, 13, 14, 15, 16, 17]",23773.0,23194,319,24092.0,319,24092.0,False,24092.0
34388,execution_finished,8,"[52, 80, 81, 82, 83, 84, 85, 88]",23508.0,22703,796,24304.0,796,24304.0,False,24304.0
34374,execution_finished,1,[110],24951.0,22088,48,24999.0,48,24999.0,False,24999.0
34376,execution_finished,1,[111],24951.0,22151,60,25011.0,60,25011.0,False,25011.0
34413,execution_finished,1,[110],24999.0,24822,13,25012.0,13,25012.0,False,25012.0
34378,execution_finished,2,"[127, 29]",24951.0,22238,119,25070.0,119,25070.0,False,25070.0
34392,execution_finished,1,[86],25557.0,22857,24,25581.0,24,25581.0,False,25581.0
34424,execution_finished,1,[86],25808.0,25808,18,25826.0,18,25826.0,False,25826.0
34394,execution_finished,2,"[27, 53]",22908.0,22908,3059,25967.0,3059,25967.0,False,25967.0
34341,execution_finished,32,"[1, 2, 3, 5, 6, 7, 9, 69, 70, 71, 72, 73, 74, 75, 76, 77, 78, 79, 93, 0, 4, 19, 20, 21, 22, 23, 28, 94, 95, 117, 118, 119]",24390.0,19252,1756,26146.0,1756,26146.0,False,26146.0
34398,execution_finished,1,[65],26251.0,23295,61,26312.0,61,26312.0,False,26312.0
34400,execution_finished,1,[66],26251.0,23429,88,26339.0,88,26339.0,False,26339.0
34411,execution_finished,32,"[119, 118, 117, 95, 94, 93, 79, 78, 77, 76, 75, 74, 73, 72, 71, 70, 69, 53, 28, 27, 23, 22, 21, 20, 19, 9, 7, 6, 5, 4, 3, 2]",26146.0,24535,212,26358.0,212,26358.0,False,26358.0
34404,execution_finished,1,[67],26273.0,23573,120,26393.0,120,26393.0,False,26393.0
34402,execution_finished,8,"[68, 36, 37, 38, 39, 40, 30, 31]",26286.0,23521,336,26622.0,336,26622.0,False,26622.0
34342,execution_finished,8,"[102, 103, 104, 105, 106, 107, 108, 109]",24951.0,19293,1715,26666.0,1715,26666.0,False,26666.0
34393,execution_finished,4,"[87, 125, 126, 54]",25586.0,22886,3077,28663.0,3077,28663.0,False,28663.0
34430,execution_finished,2,"[87, 54]",28663.0,27374,19,28682.0,19,28682.0,False,28682.0
34428,execution_finished,2,"[126, 125]",28663.0,27102,23,28686.0,23,28686.0,False,28686.0
34431,execution_finished,2,"[87, 54]",28682.0,27447,19,28701.0,19,28701.0,False,28701.0
34432,execution_finished,2,"[126, 125]",28686.0,27527,21,28707.0,21,28707.0,False,28707.0
34433,execution_finished,4,"[126, 125, 87, 54]",28707.0,27555,23,28730.0,23,28730.0,False,28730.0
34408,execution_finished,64,"[8, 10, 11, 12, 13, 14, 15, 16, 17, 18, 24, 25, 26, 32, 33, 34, 35, 41, 42, 43, 44, 45, 46, 47, 48, 49, 50, 51, 55, 56, 57, 58, 59, 60, 61, 62, 63, 64, 89, 90, 91, 92, 96, 97, 98, 99, 100, 101, 112, 113, 114, 115, 116, 120, 121, 122, 123, 124, 0, 1, 65, 66, 2, 3]",29058.0,24089,28,29086.0,28,29086.0,False,29086.0
34410,execution_finished,64,"[0, 1, 2, 3, 8, 10, 11, 12, 13, 14, 15, 16, 17, 18, 24, 25, 26, 32, 33, 34, 35, 41, 42, 43, 44, 45, 46, 47, 48, 49, 50, 51, 55, 56, 57, 58, 59, 60, 61, 62, 63, 64, 65, 66, 89, 90, 91, 92, 96, 97, 98, 99, 100, 101, 112, 113, 114, 115, 116, 120, 121, 122, 123, 124]",29086.0,24194,195,29281.0,195,29281.0,False,29281.0
34419,execution_finished,32,"[0, 1, 2, 3, 8, 10, 11, 12, 13, 14, 15, 16, 17, 18, 24, 25, 26, 32, 33, 34, 35, 41, 42, 43, 44, 45, 46, 47, 48, 49, 50, 51]",29281.0,25095,40,29321.0,40,29321.0,False,29321.0
34415,execution_finished,32,"[52, 80, 81, 82, 83, 84, 85, 88, 4, 5, 6, 7, 9, 19, 20, 21, 22, 23, 27, 28, 53, 69, 70, 71, 72, 73, 74, 75, 76, 77, 78, 79]",29322.0,24954,41,29363.0,41,29363.0,False,29363.0
34421,execution_finished,32,"[55, 56, 57, 58, 59, 60, 61, 62, 63, 64, 65, 66, 89, 90, 91, 92, 96, 97, 98, 99, 100, 101, 112, 113, 114, 115, 116, 120, 121, 122, 123, 124]",29281.0,25250,96,29377.0,96,29377.0,False,29377.0
34434,execution_finished,32,"[88, 85, 84, 83, 82, 81, 80, 79, 78, 77, 76, 75, 74, 73, 72, 71, 70, 69, 53, 52, 28, 27, 23, 22, 21, 20, 19, 9, 7, 6, 5, 4]",29363.0,27599,104,29467.0,104,29467.0,False,29467.0
34422,execution_finished,32,"[0, 1, 2, 3, 8, 10, 11, 12, 13, 14, 15, 16, 17, 18, 24, 25, 26, 32, 33, 34, 35, 41, 42, 43, 44, 45, 46, 47, 48, 49, 50, 51]",29321.0,25424,278,29599.0,278,29599.0,False,29599.0
34426,execution_finished,128,"[0, 1, 2, 3, 4, 5, 6, 7, 8, 9, 10, 11, 12, 13, 14, 15, 16, 17, 18, 19, 20, 21, 22, 23, 24, 25, 26, 27, 28, 29, 30, 31, 32, 33, 34, 35, 36, 37, 38, 39, 40, 41, 42, 43, 44, 45, 46, 47, 48, 49, 50, 51, 52, 53, 54, 55, 56, 57, 58, 59, 60, 61, 62, 63, 64, 65, 66, 67, 68, 69, 70, 71, 72, 73, 74, 75, 76, 77, 78, 79, 80, 81, 82, 83, 84, 85, 86, 87, 88, 89, 90, 91, 92, 93, 94, 95, 96, 97, 98, 99, 100, 101, 102, 103, 104, 105, 106, 107, 108, 109, 110, 111, 112, 113, 114, 115, 116, 117, 118, 119, 120, 121, 122, 123, 124, 125, 126, 127]",34399.0,26092,446,34845.0,446,34845.0,False,34845.0
34436,execution_finished,128,"[0, 1, 2, 3, 4, 5, 6, 7, 8, 9, 10, 11, 12, 13, 14, 15, 16, 17, 18, 19, 20, 21, 22, 23, 24, 25, 26, 27, 28, 29, 30, 31, 32, 33, 34, 35, 36, 37, 38, 39, 40, 41, 42, 43, 44, 45, 46, 47, 48, 49, 50, 51, 52, 53, 54, 55, 56, 57, 58, 59, 60, 61, 62, 63, 64, 65, 66, 67, 68, 69, 70, 71, 72, 73, 74, 75, 76, 77, 78, 79, 80, 81, 82, 83, 84, 85, 86, 87, 88, 89, 90, 91, 92, 93, 94, 95, 96, 97, 98, 99, 100, 101, 102, 103, 104, 105, 106, 107, 108, 109, 110, 111, 112, 113, 114, 115, 116, 117, 118, 119, 120, 121, 122, 123, 124, 125, 126, 127]",34845.0,27750,460,35305.0,460,35305.0,False,35305.0
34438,execution_finished,128,"[0, 1, 2, 3, 4, 5, 6, 7, 8, 9, 10, 11, 12, 13, 14, 15, 16, 17, 18, 19, 20, 21, 22, 23, 24, 25, 26, 27, 28, 29, 30, 31, 32, 33, 34, 35, 36, 37, 38, 39, 40, 41, 42, 43, 44, 45, 46, 47, 48, 49, 50, 51, 52, 53, 54, 55, 56, 57, 58, 59, 60, 61, 62, 63, 64, 65, 66, 67, 68, 69, 70, 71, 72, 73, 74, 75, 76, 77, 78, 79, 80, 81, 82, 83, 84, 85, 86, 87, 88, 89, 90, 91, 92, 93, 94, 95, 96, 97, 98, 99, 100, 101, 102, 103, 104, 105, 106, 107, 108, 109, 110, 111, 112, 113, 114, 115, 116, 117, 118, 119, 120, 121, 122, 123, 124, 125, 126, 127]",35305.0,28356,469,35774.0,469,35774.0,False,35774.0
34446,execution_finished,32,"[0, 1, 2, 3, 4, 5, 6, 7, 8, 9, 10, 11, 12, 13, 14, 15, 16, 17, 18, 19, 20, 21, 22, 23, 24, 25, 26, 27, 28, 29, 30, 31]",35774.0,30568,219,35993.0,219,35993.0,False,35993.0
34454,execution_finished,128,"[32, 33, 34, 35, 36, 37, 38, 39, 40, 41, 42, 43, 44, 45, 46, 47, 48, 49, 50, 51, 52, 53, 54, 55, 56, 57, 58, 59, 60, 61, 62, 63, 64, 65, 66, 67, 68, 69, 70, 71, 72, 73, 74, 75, 76, 77, 78, 79, 80, 81, 82, 83, 84, 85, 86, 87, 88, 89, 90, 91, 92, 93, 94, 95, 96, 97, 98, 99, 100, 101, 102, 103, 104, 105, 106, 107, 108, 109, 110, 111, 112, 113, 114, 115, 116, 117, 118, 119, 120, 121, 122, 123, 124, 125, 126, 127, 0, 1, 2, 3, 4, 5, 6, 7, 8, 9, 10, 11, 12, 13, 14, 15, 16, 17, 18, 19, 20, 21, 22, 23, 24, 25, 26, 27, 28, 29, 30, 31]",35993.0,31727,10926,46919.0,10926,46919.0,False,46919.0
34455,execution_finished,128,"[0, 1, 2, 3, 4, 5, 6, 7, 8, 9, 10, 11, 12, 13, 14, 15, 16, 17, 18, 19, 20, 21, 22, 23, 24, 25, 26, 27, 28, 29, 30, 31, 32, 33, 34, 35, 36, 37, 38, 39, 40, 41, 42, 43, 44, 45, 46, 47, 48, 49, 50, 51, 52, 53, 54, 55, 56, 57, 58, 59, 60, 61, 62, 63, 64, 65, 66, 67, 68, 69, 70, 71, 72, 73, 74, 75, 76, 77, 78, 79, 80, 81, 82, 83, 84, 85, 86, 87, 88, 89, 90, 91, 92, 93, 94, 95, 96, 97, 98, 99, 100, 101, 102, 103, 104, 105, 106, 107, 108, 109, 110, 111, 112, 113, 114, 115, 116, 117, 118, 119, 120, 121, 122, 123, 124, 125, 126, 127]",46919.0,42658,85,47004.0,85,47004.0,False,47004.0
34463,execution_finished,1,[0],47004.0,44124,24,47028.0,24,47028.0,False,47028.0
34473,execution_finished,1,[1],51804.0,47990,83,51887.0,83,51887.0,False,51887.0
34474,execution_finished,128,"[0, 2, 3, 4, 5, 6, 7, 8, 9, 10, 11, 12, 13, 14, 15, 16, 17, 18, 19, 20, 21, 22, 23, 24, 25, 26, 27, 28, 29, 30, 31, 32, 33, 34, 35, 36, 37, 38, 39, 40, 41, 42, 43, 44, 45, 46, 47, 48, 49, 50, 51, 52, 53, 54, 55, 56, 57, 58, 59, 60, 61, 62, 63, 64, 65, 66, 67, 68, 69, 70, 71, 72, 73, 74, 75, 76, 77, 78, 79, 80, 81, 82, 83, 84, 85, 86, 87, 88, 89, 90, 91, 92, 93, 94, 95, 96, 97, 98, 99, 100, 101, 102, 103, 104, 105, 106, 107, 108, 109, 110, 111, 112, 113, 114, 115, 116, 117, 118, 119, 120, 121, 122, 123, 124, 125, 126, 127, 1]",54587.0,48084,356,54943.0,356,54943.0,False,54943.0
34480,execution_finished,4,"[127, 126, 125, 124]",54943.0,48923,17,54960.0,17,54960.0,False,54960.0
34475,execution_finished,1,[0],54943.0,48441,48,54991.0,48,54991.0,False,54991.0
34476,execution_finished,1,[1],54943.0,48659,117,55060.0,117,55060.0,False,55060.0
34478,execution_finished,128,"[2, 3, 4, 5, 6, 7, 8, 9, 10, 11, 12, 13, 14, 15, 16, 17, 18, 19, 20, 21, 22, 23, 24, 25, 26, 27, 28, 29, 30, 31, 32, 33, 34, 35, 36, 37, 38, 39, 40, 41, 42, 43, 44, 45, 46, 47, 48, 49, 50, 51, 52, 53, 54, 55, 56, 57, 58, 59, 60, 61, 62, 63, 64, 65, 66, 67, 68, 69, 70, 71, 72, 73, 74, 75, 76, 77, 78, 79, 80, 81, 82, 83, 84, 85, 86, 87, 88, 89, 90, 91, 92, 93, 94, 95, 96, 97, 98, 99, 100, 101, 102, 103, 104, 105, 106, 107, 108, 109, 110, 111, 112, 113, 114, 115, 116, 117, 118, 119, 120, 121, 122, 123, 124, 125, 126, 127, 0, 1]",55060.0,48784,90,55150.0,90,55150.0,False,55150.0
34499,execution_finished,1,[2],55150.0,53039,121,55271.0,121,55271.0,False,55271.0
34505,execution_finished,1,[3],55150.0,53376,140,55290.0,140,55290.0,False,55290.0
34489,execution_finished,1,[0],55150.0,51180,171,55321.0,171,55321.0,False,55321.0
34514,execution_finished,1,[5],55150.0,54927,252,55402.0,252,55402.0,False,55402.0
34508,execution_finished,1,[4],55150.0,54553,284,55434.0,284,55434.0,False,55434.0
34496,execution_finished,1,[1],55150.0,52303,286,55436.0,286,55436.0,False,55436.0
34530,execution_finished,1,[0],60595.0,57895,943,61538.0,943,61538.0,False,61538.0
34553,execution_finished,1,[0],61592.0,61592,126,61718.0,126,61718.0,False,61718.0
34517,execution_finished,1,[6],59950.0,55952,1917,61867.0,1917,61867.0,False,61867.0
34533,execution_finished,1,[1],61547.0,58847,728,62275.0,728,62275.0,False,62275.0
34539,execution_finished,1,[2],62331.0,59631,127,62458.0,127,62458.0,False,62458.0
34560,execution_finished,1,[1],62489.0,62489,116,62605.0,116,62605.0,False,62605.0
34562,execution_finished,1,[1],62765.0,62765,112,62877.0,112,62877.0,False,62877.0
34542,execution_finished,1,[3],62945.0,60245,410,63355.0,410,63355.0,False,63355.0
34546,execution_finished,1,[4],63363.0,60663,103,63466.0,103,63466.0,False,63466.0
34548,execution_finished,1,[5],63478.0,60778,114,63592.0,114,63592.0,False,63592.0
34550,execution_finished,1,[7],63828.0,61128,123,63951.0,123,63951.0,False,63951.0
34552,execution_finished,1,[8],64076.0,61376,88,64164.0,88,64164.0,False,64164.0
34569,execution_finished,1,[7],63954.0,63954,216,64170.0,216,64170.0,False,64170.0
34571,execution_finished,1,[8],64245.0,64245,123,64368.0,123,64368.0,False,64368.0
34572,execution_finished,1,[7],64403.0,64403,107,64510.0,107,64510.0,False,64510.0
34573,execution_finished,1,[8],64559.0,64559,120,64679.0,120,64679.0,False,64679.0
34602,execution_finished,2,"[0, 1]",72708.0,70008,21,72729.0,21,72729.0,False,72729.0
34603,execution_finished,2,"[2, 3]",72841.0,70141,20,72861.0,20,72861.0,False,72861.0
34634,execution_finished,2,"[0, 1]",72949.0,72949,85,73034.0,85,73034.0,False,73034.0
34604,execution_finished,2,"[4, 5]",73040.0,70340,40,73080.0,40,73080.0,False,73080.0
34636,execution_finished,4,"[2, 3, 0, 1]",73129.0,73129,41,73170.0,41,73170.0,False,73170.0
34605,execution_finished,2,"[6, 7]",73130.0,70430,54,73184.0,54,73184.0,False,73184.0
34637,execution_finished,4,"[4, 5, 0, 1]",73234.0,73234,41,73275.0,41,73275.0,False,73275.0
34638,execution_finished,4,"[2, 3, 6, 7]",73308.0,73308,69,73377.0,69,73377.0,False,73377.0
34639,execution_finished,2,"[0, 1]",73328.0,73328,120,73448.0,120,73448.0,False,73448.0
34608,execution_finished,2,"[8, 9]",73531.0,70831,62,73593.0,62,73593.0,False,73593.0
34613,execution_finished,2,"[10, 11]",73799.0,71099,146,73945.0,146,73945.0,False,73945.0
34614,execution_finished,2,"[12, 13]",74144.0,71444,65,74209.0,65,74209.0,False,74209.0
34616,execution_finished,2,"[14, 15]",74546.0,71846,70,74616.0,70,74616.0,False,74616.0
34617,execution_finished,1,[16],74641.0,71941,17,74658.0,17,74658.0,False,74658.0
34619,execution_finished,2,"[19, 20]",74672.0,71972,45,74717.0,45,74717.0,False,74717.0
34618,execution_finished,2,"[17, 18]",74664.0,71964,83,74747.0,83,74747.0,False,74747.0
34621,execution_finished,1,[21],74733.0,72033,20,74753.0,20,74753.0,False,74753.0
34622,execution_finished,2,"[22, 23]",74762.0,72062,16,74778.0,16,74778.0,False,74778.0
34623,execution_finished,2,"[24, 25]",74806.0,72106,23,74829.0,23,74829.0,False,74829.0
34624,execution_finished,8,"[26, 27, 28, 29, 30, 31, 32, 33]",74843.0,72143,38,74881.0,38,74881.0,False,74881.0
34625,execution_finished,32,"[34, 35, 36, 37, 38, 39, 40, 41, 42, 43, 44, 45, 46, 47, 48, 49, 50, 51, 52, 53, 54, 55, 56, 57, 58, 59, 60, 61, 62, 63, 64, 65]",74901.0,72201,97,74998.0,97,74998.0,False,74998.0
34651,execution_finished,2,"[28, 29]",74929.0,74929,77,75006.0,77,75006.0,False,75006.0
34643,execution_finished,32,"[30, 31, 32, 33, 34, 35, 36, 37, 38, 39, 40, 41, 42, 43, 44, 45, 46, 47, 48, 49, 50, 51, 52, 53, 54, 55, 56, 57, 58, 59, 60, 61]",74998.0,73858,137,75135.0,137,75135.0,False,75135.0
34648,execution_finished,32,"[62, 63, 64, 65, 28, 29, 30, 31, 32, 33, 34, 35, 36, 37, 38, 39, 40, 41, 42, 43, 44, 45, 46, 47, 48, 49, 50, 51, 52, 53, 54, 55]",75135.0,74031,92,75227.0,92,75227.0,False,75227.0
34627,execution_finished,2,"[66, 67]",75069.0,72369,166,75235.0,166,75235.0,False,75235.0
34629,execution_finished,32,"[68, 69, 70, 71, 72, 73, 74, 75, 76, 77, 78, 79, 80, 81, 82, 83, 84, 85, 86, 87, 88, 89, 90, 91, 92, 93, 94, 95, 96, 97, 98, 99]",75137.0,72437,117,75254.0,117,75254.0,False,75254.0
34652,execution_finished,2,"[56, 57]",75254.0,75254,78,75332.0,78,75332.0,False,75332.0
34633,execution_finished,4,"[100, 101, 102, 103]",75552.0,72852,35,75587.0,35,75587.0,False,75587.0
34653,execution_finished,2,"[68, 69]",75540.0,75540,143,75683.0,143,75683.0,False,75683.0
34645,execution_finished,2,"[104, 105]",76645.0,73921,101,76746.0,101,76746.0,False,76746.0
34658,execution_finished,2,"[105, 104]",76746.0,76559,80,76826.0,80,76826.0,False,76826.0
34660,execution_finished,2,"[105, 104]",76892.0,76892,69,76961.0,69,76961.0,False,76961.0
34649,execution_finished,2,"[106, 107]",76939.0,74239,83,77022.0,83,77022.0,False,77022.0
34661,execution_finished,2,"[107, 106]",77147.0,77147,141,77288.0,141,77288.0,False,77288.0
34650,execution_finished,2,"[108, 109]",77390.0,74690,140,77530.0,140,77530.0,False,77530.0
34641,execution_finished,32,"[110, 111, 112, 113, 114, 115, 116, 117, 118, 119, 120, 121, 122, 123, 124, 125, 126, 127, 14, 15, 16, 19, 20, 17, 18, 21, 22, 23, 24, 25, 26, 27]",77581.0,73706,103,77684.0,103,77684.0,False,77684.0
34657,execution_finished,32,"[127, 126, 125, 124, 123, 122, 121, 120, 119, 118, 117, 116, 115, 114, 113, 112, 111, 110, 109, 108, 27, 26, 25, 24, 23, 22, 21, 20, 19, 18, 17, 16]",77684.0,76546,221,77905.0,221,77905.0,False,77905.0
34655,execution_finished,1,[2],79023.0,76323,17,79040.0,17,79040.0,False,79040.0
34665,execution_finished,1,[2],79040.0,78824,13,79053.0,13,79053.0,False,79053.0
34654,execution_finished,2,"[0, 1]",78954.0,76254,133,79087.0,133,79087.0,False,79087.0
34663,execution_finished,2,"[2, 1]",79087.0,78558,109,79196.0,109,79196.0,False,79196.0
34666,execution_finished,2,"[2, 1]",79196.0,78949,94,79290.0,94,79290.0,False,79290.0
34668,execution_finished,2,"[2, 1]",79290.0,79279,177,79467.0,177,79467.0,False,79467.0
34669,execution_finished,2,"[2, 1]",79476.0,79476,150,79626.0,150,79626.0,False,79626.0
34656,execution_finished,128,"[0, 1, 2, 3, 4, 5, 6, 7, 8, 9, 10, 11, 12, 13, 14, 15, 16, 17, 18, 19, 20, 21, 22, 23, 24, 25, 26, 27, 28, 29, 30, 31, 32, 33, 34, 35, 36, 37, 38, 39, 40, 41, 42, 43, 44, 45, 46, 47, 48, 49, 50, 51, 52, 53, 54, 55, 56, 57, 58, 59, 60, 61, 62, 63, 64, 65, 66, 67, 68, 69, 70, 71, 72, 73, 74, 75, 76, 77, 78, 79, 80, 81, 82, 83, 84, 85, 86, 87, 88, 89, 90, 91, 92, 93, 94, 95, 96, 97, 98, 99, 100, 101, 102, 103, 104, 105, 106, 107, 108, 109, 110, 111, 112, 113, 114, 115, 116, 117, 118, 119, 120, 121, 122, 123, 124, 125, 126, 127]",84426.0,76444,97,84523.0,97,84523.0,False,84523.0
34659,execution_finished,128,"[0, 1, 2, 3, 4, 5, 6, 7, 8, 9, 10, 11, 12, 13, 14, 15, 16, 17, 18, 19, 20, 21, 22, 23, 24, 25, 26, 27, 28, 29, 30, 31, 32, 33, 34, 35, 36, 37, 38, 39, 40, 41, 42, 43, 44, 45, 46, 47, 48, 49, 50, 51, 52, 53, 54, 55, 56, 57, 58, 59, 60, 61, 62, 63, 64, 65, 66, 67, 68, 69, 70, 71, 72, 73, 74, 75, 76, 77, 78, 79, 80, 81, 82, 83, 84, 85, 86, 87, 88, 89, 90, 91, 92, 93, 94, 95, 96, 97, 98, 99, 100, 101, 102, 103, 104, 105, 106, 107, 108, 109, 110, 111, 112, 113, 114, 115, 116, 117, 118, 119, 120, 121, 122, 123, 124, 125, 126, 127]",84523.0,76771,94,84617.0,94,84617.0,False,84617.0
34687,execution_finished,1,[7],84617.0,81884,18,84635.0,18,84635.0,False,84635.0
34686,execution_finished,1,[6],84617.0,81836,35,84652.0,35,84652.0,False,84652.0
34679,execution_finished,2,"[4, 5]",84617.0,80827,143,84760.0,143,84760.0,False,84760.0
34677,execution_finished,2,"[2, 3]",84617.0,80531,158,84775.0,158,84775.0,False,84775.0
34675,execution_finished,2,"[0, 1]",84617.0,80027,478,85095.0,478,85095.0,False,85095.0
34689,execution_finished,2,"[12, 13]",84617.0,81929,1998,86615.0,1998,86615.0,False,86615.0
34688,execution_finished,4,"[8, 9, 10, 11]",84617.0,81907,2017,86634.0,2017,86634.0,False,86634.0
34724,execution_finished,2,"[0, 1]",91699.0,88999,94,91793.0,94,91793.0,False,91793.0
34726,execution_finished,32,"[2, 3, 4, 5, 6, 7, 8, 9, 10, 11, 12, 13, 14, 15, 16, 17, 18, 19, 20, 21, 22, 23, 24, 25, 26, 27, 28, 29, 30, 31, 32, 33]",91823.0,89123,83,91906.0,83,91906.0,False,91906.0
34737,execution_finished,32,"[2, 3, 4, 5, 6, 7, 8, 9, 10, 11, 12, 13, 14, 15, 16, 17, 18, 19, 20, 21, 22, 23, 24, 25, 26, 27, 28, 29, 30, 31, 32, 33]",91906.0,90780,67,91973.0,67,91973.0,False,91973.0
34739,execution_finished,2,"[2, 3]",91973.0,91111,40,92013.0,40,92013.0,False,92013.0
34740,execution_finished,32,"[4, 5, 6, 7, 8, 9, 10, 11, 12, 13, 14, 15, 16, 17, 18, 19, 20, 21, 22, 23, 24, 25, 26, 27, 28, 29, 30, 31, 32, 33, 2, 3]",92013.0,91393,164,92177.0,164,92177.0,False,92177.0
34745,execution_finished,32,"[2, 3, 4, 5, 6, 7, 8, 9, 10, 11, 12, 13, 14, 15, 16, 17, 18, 19, 20, 21, 22, 23, 24, 25, 26, 27, 28, 29, 30, 31, 32, 33]",92177.0,91682,181,92358.0,181,92358.0,False,92358.0
34747,execution_finished,2,"[2, 3]",92358.0,91713,65,92423.0,65,92423.0,False,92423.0
34749,execution_finished,2,"[4, 5]",92358.0,92227,77,92435.0,77,92435.0,False,92435.0
34750,execution_finished,32,"[6, 7, 8, 9, 10, 11, 12, 13, 14, 15, 16, 17, 18, 19, 20, 21, 22, 23, 24, 25, 26, 27, 28, 29, 30, 31, 32, 33, 2, 3, 4, 5]",92435.0,92393,203,92638.0,203,92638.0,False,92638.0
34729,execution_finished,32,"[66, 67, 68, 69, 70, 71, 72, 73, 74, 75, 76, 77, 78, 79, 80, 81, 82, 83, 84, 85, 86, 87, 88, 89, 90, 91, 92, 93, 94, 95, 96, 97]",92466.0,89766,206,92672.0,206,92672.0,False,92672.0
34751,execution_finished,2,"[2, 3]",92638.0,92446,124,92762.0,124,92762.0,False,92762.0
34753,execution_finished,2,"[4, 5]",92776.0,92776,103,92879.0,103,92879.0,False,92879.0
34727,execution_finished,32,"[34, 35, 36, 37, 38, 39, 40, 41, 42, 43, 44, 45, 46, 47, 48, 49, 50, 51, 52, 53, 54, 55, 56, 57, 58, 59, 60, 61, 62, 63, 64, 65]",92158.0,89458,930,93088.0,930,93088.0,False,93088.0
34758,execution_finished,2,"[34, 35]",93231.0,93231,41,93272.0,41,93272.0,False,93272.0
34760,execution_finished,2,"[36, 37]",93363.0,93363,40,93403.0,40,93403.0,False,93403.0
34761,execution_finished,2,"[34, 35]",93446.0,93446,41,93487.0,41,93487.0,False,93487.0
34764,execution_finished,2,"[37, 36]",93687.0,93687,31,93718.0,31,93718.0,False,93718.0
34763,execution_finished,2,"[34, 35]",93687.0,93630,49,93736.0,49,93736.0,False,93736.0
34767,execution_finished,2,"[34, 35]",93808.0,93768,25,93833.0,25,93833.0,False,93833.0
34769,execution_finished,2,"[37, 36]",93808.0,93808,34,93842.0,34,93842.0,False,93842.0
34771,execution_finished,2,"[34, 35]",93961.0,93848,29,93990.0,29,93990.0,False,93990.0
34772,execution_finished,2,"[37, 36]",93961.0,93961,36,93997.0,36,93997.0,False,93997.0
34773,execution_finished,2,"[34, 35]",94215.0,94049,58,94273.0,58,94273.0,False,94273.0
34776,execution_finished,2,"[37, 36]",94215.0,94215,84,94299.0,84,94299.0,False,94299.0
34777,execution_finished,1,[34],94315.0,94288,2,94317.0,2,94317.0,False,94317.0
34778,execution_finished,2,"[37, 36]",94315.0,94315,20,94335.0,20,94335.0,False,94335.0
34735,execution_finished,32,"[98, 99, 100, 101, 102, 103, 104, 105, 106, 107, 108, 109, 110, 111, 112, 113, 114, 115, 116, 117, 118, 119, 120, 121, 122, 123, 124, 125, 126, 127, 0, 1]",94493.0,90544,158,94651.0,158,94651.0,False,94651.0
34762,execution_finished,32,"[0, 1, 98, 99, 100, 101, 102, 103, 104, 105, 106, 107, 108, 109, 110, 111, 112, 113, 114, 115, 116, 117, 118, 119, 120, 121, 122, 123, 124, 125, 126, 127]",94651.0,93491,586,95237.0,586,95237.0,False,95237.0
34787,execution_finished,2,"[0, 1]",95335.0,95335,31,95366.0,31,95366.0,False,95366.0
34788,execution_finished,2,"[98, 99]",95427.0,95427,30,95457.0,30,95457.0,False,95457.0
34789,execution_finished,2,"[100, 101]",95462.0,95462,32,95494.0,32,95494.0,False,95494.0
34791,execution_finished,2,"[0, 1]",95570.0,95570,25,95595.0,25,95595.0,False,95595.0
34792,execution_finished,2,"[98, 99]",95601.0,95601,32,95633.0,32,95633.0,False,95633.0
34790,execution_finished,2,"[102, 103]",95509.0,95509,346,95855.0,346,95855.0,False,95855.0
34794,execution_finished,2,"[102, 103]",95936.0,95936,15,95951.0,15,95951.0,False,95951.0
34795,execution_finished,2,"[102, 103]",95995.0,95995,21,96016.0,21,96016.0,False,96016.0
34796,execution_finished,1,[102],96101.0,96101,6,96107.0,6,96107.0,False,96107.0
34799,execution_finished,1,[103],96242.0,96187,14,96256.0,14,96256.0,False,96256.0
34802,execution_finished,2,"[103, 102]",96333.0,96333,3,96336.0,3,96336.0,False,96336.0
34803,execution_finished,2,"[103, 102]",96451.0,96451,3,96454.0,3,96454.0,False,96454.0
34810,execution_finished,2,"[103, 102]",96610.0,96610,3,96613.0,3,96613.0,False,96613.0
34812,execution_finished,1,[103],96805.0,96805,3,96808.0,3,96808.0,False,96808.0
34814,execution_finished,1,[103],96865.0,96865,3,96868.0,3,96868.0,False,96868.0
34779,execution_finished,2,"[6, 7]",97438.0,94343,35,97473.0,35,97473.0,False,97473.0
34816,execution_finished,1,[7],97533.0,97533,4,97537.0,4,97537.0,False,97537.0
34781,execution_finished,1,[2],97770.0,95070,4,97774.0,4,97774.0,False,97774.0
34782,execution_finished,16,"[3, 4, 5, 8, 9, 10, 11, 12, 13, 14, 15, 16, 17, 18, 19, 20]",97779.0,95079,10,97789.0,10,97789.0,False,97789.0
34800,execution_finished,4,"[20, 19, 18, 17]",97789.0,96242,3,97792.0,3,97792.0,False,97792.0
34801,execution_finished,4,"[16, 15, 14, 13]",97789.0,96302,3,97792.0,3,97792.0,False,97792.0
34807,execution_finished,16,"[20, 19, 18, 17, 16, 15, 14, 13, 12, 11, 10, 9, 8, 7, 5, 4]",97792.0,96548,3,97795.0,3,97795.0,False,97795.0
34819,execution_finished,1,[20],97978.0,97978,5,97983.0,5,97983.0,False,97983.0
34784,execution_finished,32,"[21, 22, 23, 24, 25, 26, 27, 28, 29, 30, 31, 32, 33, 66, 67, 68, 69, 70, 71, 72, 73, 74, 75, 76, 77, 78, 79, 80, 81, 82, 83, 84]",97842.0,95142,162,98004.0,162,98004.0,False,98004.0
34821,execution_finished,32,"[84, 83, 82, 81, 80, 79, 78, 77, 76, 75, 74, 73, 72, 71, 70, 69, 68, 67, 66, 33, 32, 31, 30, 29, 28, 27, 26, 25, 24, 23, 22, 21]",98239.0,98239,265,98504.0,265,98504.0,False,98504.0
34823,execution_finished,32,"[84, 83, 82, 81, 80, 79, 78, 77, 76, 75, 74, 73, 72, 71, 70, 69, 68, 67, 66, 33, 32, 31, 30, 29, 28, 27, 26, 25, 24, 23, 22, 21]",98516.0,98516,129,98645.0,129,98645.0,False,98645.0
34797,execution_finished,128,"[0, 1, 2, 3, 4, 5, 6, 7, 8, 9, 10, 11, 12, 13, 14, 15, 16, 17, 18, 19, 20, 21, 22, 23, 24, 25, 26, 27, 28, 29, 30, 31, 32, 33, 34, 35, 36, 37, 38, 39, 40, 41, 42, 43, 44, 45, 46, 47, 48, 49, 50, 51, 52, 53, 54, 55, 56, 57, 58, 59, 60, 61, 62, 63, 64, 65, 66, 67, 68, 69, 70, 71, 72, 73, 74, 75, 76, 77, 78, 79, 80, 81, 82, 83, 84, 85, 86, 87, 88, 89, 90, 91, 92, 93, 94, 95, 96, 97, 98, 99, 100, 101, 102, 103, 104, 105, 106, 107, 108, 109, 110, 111, 112, 113, 114, 115, 116, 117, 118, 119, 120, 121, 122, 123, 124, 125, 126, 127]",103445.0,96116,5,103450.0,5,103450.0,False,103450.0
34818,execution_finished,128,"[0, 1, 2, 3, 4, 5, 6, 7, 8, 9, 10, 11, 12, 13, 14, 15, 16, 17, 18, 19, 20, 21, 22, 23, 24, 25, 26, 27, 28, 29, 30, 31, 32, 33, 34, 35, 36, 37, 38, 39, 40, 41, 42, 43, 44, 45, 46, 47, 48, 49, 50, 51, 52, 53, 54, 55, 56, 57, 58, 59, 60, 61, 62, 63, 64, 65, 66, 67, 68, 69, 70, 71, 72, 73, 74, 75, 76, 77, 78, 79, 80, 81, 82, 83, 84, 85, 86, 87, 88, 89, 90, 91, 92, 93, 94, 95, 96, 97, 98, 99, 100, 101, 102, 103, 104, 105, 106, 107, 108, 109, 110, 111, 112, 113, 114, 115, 116, 117, 118, 119, 120, 121, 122, 123, 124, 125, 126, 127]",103450.0,97626,324,103774.0,324,103774.0,False,103774.0
34820,execution_finished,128,"[0, 1, 2, 3, 4, 5, 6, 7, 8, 9, 10, 11, 12, 13, 14, 15, 16, 17, 18, 19, 20, 21, 22, 23, 24, 25, 26, 27, 28, 29, 30, 31, 32, 33, 34, 35, 36, 37, 38, 39, 40, 41, 42, 43, 44, 45, 46, 47, 48, 49, 50, 51, 52, 53, 54, 55, 56, 57, 58, 59, 60, 61, 62, 63, 64, 65, 66, 67, 68, 69, 70, 71, 72, 73, 74, 75, 76, 77, 78, 79, 80, 81, 82, 83, 84, 85, 86, 87, 88, 89, 90, 91, 92, 93, 94, 95, 96, 97, 98, 99, 100, 101, 102, 103, 104, 105, 106, 107, 108, 109, 110, 111, 112, 113, 114, 115, 116, 117, 118, 119, 120, 121, 122, 123, 124, 125, 126, 127]",103774.0,98012,194,103968.0,194,103968.0,False,103968.0
34824,execution_finished,128,"[0, 1, 2, 3, 4, 5, 6, 7, 8, 9, 10, 11, 12, 13, 14, 15, 16, 17, 18, 19, 20, 21, 22, 23, 24, 25, 26, 27, 28, 29, 30, 31, 32, 33, 34, 35, 36, 37, 38, 39, 40, 41, 42, 43, 44, 45, 46, 47, 48, 49, 50, 51, 52, 53, 54, 55, 56, 57, 58, 59, 60, 61, 62, 63, 64, 65, 66, 67, 68, 69, 70, 71, 72, 73, 74, 75, 76, 77, 78, 79, 80, 81, 82, 83, 84, 85, 86, 87, 88, 89, 90, 91, 92, 93, 94, 95, 96, 97, 98, 99, 100, 101, 102, 103, 104, 105, 106, 107, 108, 109, 110, 111, 112, 113, 114, 115, 116, 117, 118, 119, 120, 121, 122, 123, 124, 125, 126, 127]",103968.0,98749,238,104206.0,238,104206.0,False,104206.0
34829,execution_finished,16,"[65, 66, 67, 68, 69, 70, 71, 72, 73, 74, 75, 76, 77, 78, 79, 80]",104206.0,99464,7,104213.0,7,104213.0,False,104213.0
34850,execution_finished,1,[125],104206.0,102192,9,104215.0,9,104215.0,False,104215.0
34834,execution_finished,1,[114],104206.0,100102,14,104220.0,14,104220.0,False,104220.0
34844,execution_finished,1,[127],104206.0,101644,17,104223.0,17,104223.0,False,104223.0
34826,execution_finished,1,[32],104206.0,99324,23,104229.0,23,104229.0,False,104229.0
34830,execution_finished,1,[81],104206.0,99717,24,104230.0,24,104230.0,False,104230.0
34849,execution_finished,1,[126],104206.0,102189,24,104230.0,24,104230.0,False,104230.0
34853,execution_finished,1,[124],104206.0,102678,80,104286.0,80,104286.0,False,104286.0
34857,execution_finished,1,[122],104206.0,103229,86,104292.0,86,104292.0,False,104292.0
34861,execution_finished,1,[121],104206.0,103428,126,104332.0,126,104332.0,False,104332.0
34855,execution_finished,1,[123],104206.0,102958,250,104456.0,250,104456.0,False,104456.0
34825,execution_finished,32,"[0, 1, 2, 3, 4, 5, 6, 7, 8, 9, 10, 11, 12, 13, 14, 15, 16, 17, 18, 19, 20, 21, 22, 23, 24, 25, 26, 27, 28, 29, 30, 31]",104206.0,98992,311,104517.0,311,104517.0,False,104517.0
34831,execution_finished,32,"[82, 83, 84, 85, 86, 87, 88, 89, 90, 91, 92, 93, 94, 95, 96, 97, 98, 99, 100, 101, 102, 103, 104, 105, 106, 107, 108, 109, 110, 111, 112, 113]",104206.0,99744,357,104563.0,357,104563.0,False,104563.0
34827,execution_finished,32,"[33, 34, 35, 36, 37, 38, 39, 40, 41, 42, 43, 44, 45, 46, 47, 48, 49, 50, 51, 52, 53, 54, 55, 56, 57, 58, 59, 60, 61, 62, 63, 64]",104206.0,99345,369,104575.0,369,104575.0,False,104575.0
34869,execution_finished,1,[6],104692.0,104692,7,104699.0,7,104699.0,False,104699.0
34868,execution_finished,1,[7],104688.0,104688,19,104707.0,19,104707.0,False,104707.0
34836,execution_finished,32,"[126, 124, 123, 122, 121, 114, 81, 32, 31, 30, 29, 28, 27, 26, 25, 24, 23, 22, 21, 20, 19, 18, 17, 16, 15, 14, 13, 12, 11, 10, 9, 8]",104517.0,100461,546,105063.0,546,105063.0,False,105063.0
34845,execution_finished,32,"[64, 63, 62, 61, 60, 59, 58, 57, 56, 55, 54, 53, 52, 51, 50, 49, 48, 47, 46, 45, 44, 43, 42, 41, 40, 39, 38, 37, 36, 35, 34, 33]",104575.0,101690,495,105070.0,495,105070.0,False,105070.0
34838,execution_finished,32,"[113, 112, 111, 110, 109, 108, 107, 106, 105, 104, 103, 102, 101, 100, 99, 98, 97, 96, 95, 94, 93, 92, 91, 90, 89, 88, 87, 86, 85, 84, 83, 82]",104563.0,101060,583,105146.0,583,105146.0,False,105146.0
34864,execution_finished,1,[127],104506.0,103956,673,105179.0,673,105179.0,False,105179.0
34865,execution_finished,32,"[64, 63, 62, 61, 60, 59, 58, 57, 56, 55, 54, 53, 52, 51, 50, 49, 48, 47, 46, 45, 44, 43, 42, 41, 40, 39, 38, 37, 36, 35, 34, 33]",105070.0,104033,178,105248.0,178,105248.0,False,105248.0
34848,execution_finished,32,"[126, 124, 123, 122, 121, 114, 81, 32, 31, 30, 29, 28, 27, 26, 25, 24, 23, 22, 21, 20, 19, 18, 17, 16, 15, 14, 13, 12, 11, 10, 9, 8]",105063.0,102047,281,105344.0,281,105344.0,False,105344.0
34876,execution_finished,1,[127],105179.0,105062,387,105566.0,387,105566.0,False,105566.0
34866,execution_finished,32,"[113, 112, 111, 110, 109, 108, 107, 106, 105, 104, 103, 102, 101, 100, 99, 98, 97, 96, 95, 94, 93, 92, 91, 90, 89, 88, 87, 86, 85, 84, 83, 82]",105146.0,104250,436,105582.0,436,105582.0,False,105582.0
34878,execution_finished,1,[82],105678.0,105678,173,105851.0,173,105851.0,False,105851.0
34881,execution_finished,1,[82],106054.0,106054,143,106197.0,143,106197.0,False,106197.0
34871,execution_finished,32,"[127, 113, 112, 111, 110, 109, 108, 107, 106, 105, 104, 103, 102, 101, 100, 99, 98, 97, 96, 95, 94, 93, 92, 91, 90, 89, 88, 87, 86, 85, 84, 83]",105678.0,104794,967,106645.0,967,106645.0,False,106645.0
34879,execution_finished,32,"[127, 113, 112, 111, 110, 109, 108, 107, 106, 105, 104, 103, 102, 101, 100, 99, 98, 97, 96, 95, 94, 93, 92, 91, 90, 89, 88, 87, 86, 85, 84, 83]",106645.0,105812,171,106816.0,171,106816.0,False,106816.0
34883,execution_finished,32,"[127, 113, 112, 111, 110, 109, 108, 107, 106, 105, 104, 103, 102, 101, 100, 99, 98, 97, 96, 95, 94, 93, 92, 91, 90, 89, 88, 87, 86, 85, 84, 83]",106816.0,106310,672,107488.0,672,107488.0,False,107488.0
34892,execution_finished,1,[111],107488.0,107013,5,107493.0,5,107493.0,False,107493.0
34893,execution_finished,1,[110],107488.0,107024,7,107495.0,7,107495.0,False,107495.0
34891,execution_finished,1,[112],107488.0,106987,22,107510.0,22,107510.0,False,107510.0
34887,execution_finished,1,[127],107488.0,106499,145,107633.0,145,107633.0,False,107633.0
34889,execution_finished,1,[113],107488.0,106820,195,107683.0,195,107683.0,False,107683.0
34901,execution_finished,1,[113],107979.0,107979,239,108218.0,239,108218.0,False,108218.0
34835,execution_finished,128,"[0, 1, 2, 3, 4, 5, 6, 7, 8, 9, 10, 11, 12, 13, 14, 15, 16, 17, 18, 19, 20, 21, 22, 23, 24, 25, 26, 27, 28, 29, 30, 31, 32, 33, 34, 35, 36, 37, 38, 39, 40, 41, 42, 43, 44, 45, 46, 47, 48, 49, 50, 51, 52, 53, 54, 55, 56, 57, 58, 59, 60, 61, 62, 63, 64, 65, 66, 67, 68, 69, 70, 71, 72, 73, 74, 75, 76, 77, 78, 79, 80, 81, 82, 83, 84, 85, 86, 87, 88, 89, 90, 91, 92, 93, 94, 95, 96, 97, 98, 99, 100, 101, 102, 103, 104, 105, 106, 107, 108, 109, 110, 111, 112, 113, 114, 115, 116, 117, 118, 119, 120, 121, 122, 123, 124, 125, 126, 127]",113018.0,100231,167,113185.0,167,113185.0,False,113185.0
34905,execution_finished,1,[65],113185.0,108588,6,113191.0,6,113191.0,False,113191.0
34906,execution_finished,1,[66],113185.0,108597,9,113194.0,9,113194.0,False,113194.0
34927,execution_finished,1,[69],113185.0,111224,18,113203.0,18,113203.0,False,113203.0
34904,execution_finished,1,[64],113185.0,108580,22,113207.0,22,113207.0,False,113207.0
34936,execution_finished,1,[71],113185.0,112418,60,113245.0,60,113245.0,False,113245.0
34938,execution_finished,2,"[72, 73]",113185.0,112766,93,113278.0,93,113278.0,False,113278.0
34917,execution_finished,1,[68],113185.0,109566,102,113287.0,102,113287.0,False,113287.0
34930,execution_finished,1,[70],113185.0,111550,137,113322.0,137,113322.0,False,113322.0
34895,execution_finished,32,"[0, 1, 2, 3, 4, 5, 6, 7, 8, 9, 10, 11, 12, 13, 14, 15, 16, 17, 18, 19, 20, 21, 22, 23, 24, 25, 26, 27, 28, 29, 30, 31]",113185.0,107503,198,113383.0,198,113383.0,False,113383.0
34907,execution_finished,1,[67],113185.0,108628,261,113446.0,261,113446.0,False,113446.0
34909,execution_finished,32,"[1, 2, 3, 4, 5, 6, 7, 8, 9, 10, 11, 12, 13, 14, 15, 16, 17, 18, 19, 20, 21, 22, 23, 24, 25, 26, 27, 28, 29, 30, 31, 67]",113446.0,108870,232,113678.0,232,113678.0,False,113678.0
34902,execution_finished,32,"[32, 33, 34, 35, 36, 37, 38, 39, 40, 41, 42, 43, 44, 45, 46, 47, 48, 49, 50, 51, 52, 53, 54, 55, 56, 57, 58, 59, 60, 61, 62, 63]",113185.0,108061,517,113702.0,517,113702.0,False,113702.0
34908,execution_finished,64,"[74, 75, 76, 77, 78, 79, 80, 81, 82, 83, 84, 85, 86, 87, 88, 89, 90, 91, 92, 93, 94, 95, 96, 97, 98, 99, 100, 101, 102, 103, 104, 105, 106, 107, 108, 109, 110, 111, 112, 113, 114, 115, 116, 117, 118, 119, 120, 121, 122, 123, 124, 125, 126, 127, 65, 66, 69, 64, 71, 72, 73, 68, 70, 0]",113383.0,108716,455,113838.0,455,113838.0,False,113838.0
34913,execution_finished,64,"[1, 2, 3, 4, 5, 6, 7, 8, 9, 10, 11, 12, 13, 14, 15, 16, 17, 18, 19, 20, 21, 22, 23, 24, 25, 26, 27, 28, 29, 30, 31, 67, 32, 33, 34, 35, 36, 37, 38, 39, 40, 41, 42, 43, 44, 45, 46, 47, 48, 49, 50, 51, 52, 53, 54, 55, 56, 57, 58, 59, 60, 61, 62, 63]",113702.0,109337,283,113985.0,283,113985.0,False,113985.0
34918,execution_finished,64,"[0, 64, 65, 66, 68, 69, 70, 71, 72, 73, 74, 75, 76, 77, 78, 79, 80, 81, 82, 83, 84, 85, 86, 87, 88, 89, 90, 91, 92, 93, 94, 95, 96, 97, 98, 99, 100, 101, 102, 103, 104, 105, 106, 107, 108, 109, 110, 111, 112, 113, 114, 115, 116, 117, 118, 119, 120, 121, 122, 123, 124, 125, 126, 127]",113838.0,109815,460,114298.0,460,114298.0,False,114298.0
34921,execution_finished,64,"[1, 2, 3, 4, 5, 6, 7, 8, 9, 10, 11, 12, 13, 14, 15, 16, 17, 18, 19, 20, 21, 22, 23, 24, 25, 26, 27, 28, 29, 30, 31, 32, 33, 34, 35, 36, 37, 38, 39, 40, 41, 42, 43, 44, 45, 46, 47, 48, 49, 50, 51, 52, 53, 54, 55, 56, 57, 58, 59, 60, 61, 62, 63, 67]",113985.0,110725,418,114403.0,418,114403.0,False,114403.0
34928,execution_finished,64,"[0, 64, 65, 66, 68, 69, 70, 71, 72, 73, 74, 75, 76, 77, 78, 79, 80, 81, 82, 83, 84, 85, 86, 87, 88, 89, 90, 91, 92, 93, 94, 95, 96, 97, 98, 99, 100, 101, 102, 103, 104, 105, 106, 107, 108, 109, 110, 111, 112, 113, 114, 115, 116, 117, 118, 119, 120, 121, 122, 123, 124, 125, 126, 127]",114298.0,111235,201,114499.0,201,114499.0,False,114499.0
34940,execution_finished,32,"[1, 2, 3, 4, 5, 6, 7, 8, 9, 10, 11, 12, 13, 14, 15, 16, 17, 18, 19, 20, 21, 22, 23, 24, 25, 26, 27, 28, 29, 30, 31, 32]",114403.0,113036,217,114620.0,217,114620.0,False,114620.0
34942,execution_finished,32,"[33, 34, 35, 36, 37, 38, 39, 40, 41, 42, 43, 44, 45, 46, 47, 48, 49, 50, 51, 52, 53, 54, 55, 56, 57, 58, 59, 60, 61, 62, 63, 67]",114403.0,113447,408,114811.0,408,114811.0,False,114811.0
34954,execution_finished,128,"[0, 1, 2, 3, 4, 5, 6, 7, 8, 9, 10, 11, 12, 13, 14, 15, 16, 17, 18, 19, 20, 21, 22, 23, 24, 25, 26, 27, 28, 29, 30, 31, 32, 33, 34, 35, 36, 37, 38, 39, 40, 41, 42, 43, 44, 45, 46, 47, 48, 49, 50, 51, 52, 53, 54, 55, 56, 57, 58, 59, 60, 61, 62, 63, 64, 65, 66, 67, 68, 69, 70, 71, 72, 73, 74, 75, 76, 77, 78, 79, 80, 81, 82, 83, 84, 85, 86, 87, 88, 89, 90, 91, 92, 93, 94, 95, 96, 97, 98, 99, 100, 101, 102, 103, 104, 105, 106, 107, 108, 109, 110, 111, 112, 113, 114, 115, 116, 117, 118, 119, 120, 121, 122, 123, 124, 125, 126, 127]",119611.0,115330,56,119667.0,56,119667.0,False,119667.0
34955,execution_finished,128,"[0, 1, 2, 3, 4, 5, 6, 7, 8, 9, 10, 11, 12, 13, 14, 15, 16, 17, 18, 19, 20, 21, 22, 23, 24, 25, 26, 27, 28, 29, 30, 31, 32, 33, 34, 35, 36, 37, 38, 39, 40, 41, 42, 43, 44, 45, 46, 47, 48, 49, 50, 51, 52, 53, 54, 55, 56, 57, 58, 59, 60, 61, 62, 63, 64, 65, 66, 67, 68, 69, 70, 71, 72, 73, 74, 75, 76, 77, 78, 79, 80, 81, 82, 83, 84, 85, 86, 87, 88, 89, 90, 91, 92, 93, 94, 95, 96, 97, 98, 99, 100, 101, 102, 103, 104, 105, 106, 107, 108, 109, 110, 111, 112, 113, 114, 115, 116, 117, 118, 119, 120, 121, 122, 123, 124, 125, 126, 127]",119667.0,115454,767,120434.0,767,120434.0,False,120434.0
34957,execution_finished,64,"[0, 1, 2, 3, 4, 5, 6, 7, 8, 9, 10, 11, 12, 13, 14, 15, 16, 17, 18, 19, 20, 21, 22, 23, 24, 25, 26, 27, 28, 29, 30, 31, 32, 33, 34, 35, 36, 37, 38, 39, 40, 41, 42, 43, 44, 45, 46, 47, 48, 49, 50, 51, 52, 53, 54, 55, 56, 57, 58, 59, 60, 61, 62, 63]",120434.0,116555,272,120706.0,272,120706.0,False,120706.0
34961,execution_finished,1,[0],120706.0,117269,8,120714.0,8,120714.0,False,120714.0
34970,execution_finished,1,[63],120706.0,118066,16,120722.0,16,120722.0,False,120722.0
34966,execution_finished,1,[33],120706.0,117663,19,120725.0,19,120725.0,False,120725.0
34969,execution_finished,32,"[34, 35, 36, 37, 38, 39, 40, 41, 42, 43, 44, 45, 46, 47, 48, 49, 50, 51, 52, 53, 54, 55, 56, 57, 58, 59, 60, 61, 62, 0, 63, 33]",120725.0,117950,4,120729.0,4,120729.0,False,120729.0
34962,execution_finished,32,"[1, 2, 3, 4, 5, 6, 7, 8, 9, 10, 11, 12, 13, 14, 15, 16, 17, 18, 19, 20, 21, 22, 23, 24, 25, 26, 27, 28, 29, 30, 31, 32]",120706.0,117474,89,120795.0,89,120795.0,False,120795.0
34959,execution_finished,64,"[64, 65, 66, 67, 68, 69, 70, 71, 72, 73, 74, 75, 76, 77, 78, 79, 80, 81, 82, 83, 84, 85, 86, 87, 88, 89, 90, 91, 92, 93, 94, 95, 96, 97, 98, 99, 100, 101, 102, 103, 104, 105, 106, 107, 108, 109, 110, 111, 112, 113, 114, 115, 116, 117, 118, 119, 120, 121, 122, 123, 124, 125, 126, 127]",120434.0,116876,391,120825.0,391,120825.0,False,120825.0
34979,execution_finished,32,"[96, 97, 98, 99, 100, 101, 102, 103, 104, 105, 106, 107, 108, 109, 110, 111, 112, 113, 114, 115, 116, 117, 118, 119, 120, 121, 122, 123, 124, 125, 126, 127]",120825.0,119151,393,121218.0,393,121218.0,False,121218.0
34971,execution_finished,32,"[0, 33, 34, 35, 36, 37, 38, 39, 40, 41, 42, 43, 44, 45, 46, 47, 48, 49, 50, 51, 52, 53, 54, 55, 56, 57, 58, 59, 60, 61, 62, 63]",120729.0,118127,514,121243.0,514,121243.0,False,121243.0
35017,execution_finished,1,[0],129675.0,126975,50,129725.0,50,129725.0,False,129725.0
34972,execution_finished,64,"[1, 2, 3, 4, 5, 6, 7, 8, 9, 10, 11, 12, 13, 14, 15, 16, 17, 18, 19, 20, 21, 22, 23, 24, 25, 26, 27, 28, 29, 30, 31, 32, 64, 65, 66, 67, 68, 69, 70, 71, 72, 73, 74, 75, 76, 77, 78, 79, 80, 81, 82, 83, 84, 85, 86, 87, 88, 89, 90, 91, 92, 93, 94, 95]",120825.0,118130,9196,130021.0,9196,130021.0,False,130021.0
35018,execution_finished,8,"[33, 34, 35, 36, 37, 38, 39, 40]",129758.0,127058,274,130032.0,274,130032.0,False,130032.0
35019,execution_finished,128,"[0, 1, 2, 3, 4, 5, 6, 7, 8, 9, 10, 11, 12, 13, 14, 15, 16, 17, 18, 19, 20, 21, 22, 23, 24, 25, 26, 27, 28, 29, 30, 31, 32, 33, 34, 35, 36, 37, 38, 39, 40, 41, 42, 43, 44, 45, 46, 47, 48, 49, 50, 51, 52, 53, 54, 55, 56, 57, 58, 59, 60, 61, 62, 63, 64, 65, 66, 67, 68, 69, 70, 71, 72, 73, 74, 75, 76, 77, 78, 79, 80, 81, 82, 83, 84, 85, 86, 87, 88, 89, 90, 91, 92, 93, 94, 95, 96, 97, 98, 99, 100, 101, 102, 103, 104, 105, 106, 107, 108, 109, 110, 111, 112, 113, 114, 115, 116, 117, 118, 119, 120, 121, 122, 123, 124, 125, 126, 127]",134832.0,127339,10930,145762.0,10930,145762.0,False,145762.0
35068,execution_finished,16,"[64, 65, 66, 67, 68, 69, 70, 71, 72, 73, 74, 75, 76, 77, 78, 79]",153553.0,150853,186,153739.0,186,153739.0,False,153739.0
35072,execution_finished,16,"[64, 65, 66, 67, 68, 69, 70, 71, 72, 73, 74, 75, 76, 77, 78, 79]",153739.0,153425,125,153864.0,125,153864.0,False,153864.0
35069,execution_finished,16,"[80, 81, 82, 83, 84, 85, 86, 87, 88, 89, 90, 91, 92, 93, 94, 95]",154201.0,151501,67,154268.0,67,154268.0,False,154268.0
35073,execution_finished,16,"[80, 81, 82, 83, 84, 85, 86, 87, 88, 89, 90, 91, 92, 93, 94, 95]",154268.0,154165,206,154474.0,206,154474.0,False,154474.0
35074,execution_finished,16,"[80, 81, 82, 83, 84, 85, 86, 87, 88, 89, 90, 91, 92, 93, 94, 95]",154608.0,154608,173,154781.0,173,154781.0,False,154781.0
35070,execution_finished,16,"[96, 97, 98, 99, 100, 101, 102, 103, 104, 105, 106, 107, 108, 109, 110, 111]",155481.0,152781,197,155678.0,197,155678.0,False,155678.0
35071,execution_finished,16,"[112, 113, 114, 115, 116, 117, 118, 119, 120, 121, 122, 123, 124, 125, 126, 127]",155805.0,153105,222,156027.0,222,156027.0,False,156027.0
35020,execution_finished,64,"[0, 1, 2, 3, 4, 5, 6, 7, 8, 9, 10, 11, 12, 13, 14, 15, 16, 17, 18, 19, 20, 21, 22, 23, 24, 25, 26, 27, 28, 29, 30, 31, 32, 33, 34, 35, 36, 37, 38, 39, 40, 41, 42, 43, 44, 45, 46, 47, 48, 49, 50, 51, 52, 53, 54, 55, 56, 57, 58, 59, 60, 61, 62, 63]",145762.0,138273,10924,156686.0,10924,156686.0,False,156686.0
35075,execution_finished,32,"[64, 65, 66, 67, 68, 69, 70, 71, 72, 73, 74, 75, 76, 77, 78, 79, 96, 97, 98, 99, 100, 101, 102, 103, 104, 105, 106, 107, 108, 109, 110, 111]",158664.0,155047,396,159060.0,396,159060.0,False,159060.0
35076,execution_finished,32,"[80, 81, 82, 83, 84, 85, 86, 87, 88, 89, 90, 91, 92, 93, 94, 95, 112, 113, 114, 115, 116, 117, 118, 119, 120, 121, 122, 123, 124, 125, 126, 127]",160827.0,157831,420,161247.0,420,161247.0,False,161247.0
35088,execution_finished,32,"[80, 81, 82, 83, 84, 85, 86, 87, 88, 89, 90, 91, 92, 93, 94, 95, 112, 113, 114, 115, 116, 117, 118, 119, 120, 121, 122, 123, 124, 125, 126, 127]",161478.0,161478,97,161575.0,97,161575.0,False,161575.0
35089,execution_finished,16,"[80, 81, 82, 83, 84, 85, 86, 87, 88, 89, 90, 91, 92, 93, 94, 95]",161850.0,161850,77,161927.0,77,161927.0,False,161927.0
35091,execution_finished,16,"[80, 81, 82, 83, 84, 85, 86, 87, 88, 89, 90, 91, 92, 93, 94, 95]",162011.0,162011,471,162482.0,471,162482.0,False,162482.0
35098,execution_finished,16,"[80, 81, 82, 83, 84, 85, 86, 87, 88, 89, 90, 91, 92, 93, 94, 95]",162665.0,162665,453,163118.0,453,163118.0,False,163118.0
35092,execution_finished,1,[64],164789.0,162089,18,164807.0,18,164807.0,False,164807.0
35103,execution_finished,1,[64],164807.0,163448,21,164828.0,21,164828.0,False,164828.0
35110,execution_finished,1,[64],164828.0,163931,13,164841.0,13,164841.0,False,164841.0
35111,execution_finished,1,[64],164841.0,163980,8,164849.0,8,164849.0,False,164849.0
35115,execution_finished,1,[64],164849.0,164743,15,164864.0,15,164864.0,False,164864.0
35116,execution_finished,1,[64],164864.0,164750,23,164887.0,23,164887.0,False,164887.0
35121,execution_finished,1,[64],165180.0,165180,20,165200.0,20,165200.0,False,165200.0
35122,execution_finished,1,[64],165208.0,165208,12,165220.0,12,165220.0,False,165220.0
35099,execution_finished,32,"[65, 66, 67, 68, 69, 70, 71, 72, 73, 74, 75, 76, 77, 78, 79, 96, 97, 98, 99, 100, 101, 102, 103, 104, 105, 106, 107, 108, 109, 110, 111, 80]",165818.0,162773,219,166037.0,219,166037.0,False,166037.0
35104,execution_finished,32,"[65, 66, 67, 68, 69, 70, 71, 72, 73, 74, 75, 76, 77, 78, 79, 80, 96, 97, 98, 99, 100, 101, 102, 103, 104, 105, 106, 107, 108, 109, 110, 111]",166037.0,163648,354,166391.0,354,166391.0,False,166391.0
35101,execution_finished,16,"[112, 113, 114, 115, 116, 117, 118, 119, 120, 121, 122, 123, 124, 125, 126, 127]",166375.0,163265,238,166613.0,238,166613.0,False,166613.0
35077,execution_finished,64,"[0, 1, 2, 3, 4, 5, 6, 7, 8, 9, 10, 11, 12, 13, 14, 15, 16, 17, 18, 19, 20, 21, 22, 23, 24, 25, 26, 27, 28, 29, 30, 31, 32, 33, 34, 35, 36, 37, 38, 39, 40, 41, 42, 43, 44, 45, 46, 47, 48, 49, 50, 51, 52, 53, 54, 55, 56, 57, 58, 59, 60, 61, 62, 63]",161650.0,158950,4978,166628.0,4978,166628.0,False,166628.0
35112,execution_finished,32,"[65, 66, 67, 68, 69, 70, 71, 72, 73, 74, 75, 76, 77, 78, 79, 80, 96, 97, 98, 99, 100, 101, 102, 103, 104, 105, 106, 107, 108, 109, 110, 111]",166391.0,164169,393,166784.0,393,166784.0,False,166784.0
35114,execution_finished,64,"[112, 113, 114, 115, 116, 117, 118, 119, 120, 121, 122, 123, 124, 125, 126, 127, 0, 1, 2, 3, 4, 5, 6, 7, 8, 9, 10, 11, 12, 13, 14, 15, 16, 17, 18, 19, 20, 21, 22, 23, 24, 25, 26, 27, 28, 29, 30, 31, 32, 33, 34, 35, 36, 37, 38, 39, 40, 41, 42, 43, 44, 45, 46, 47]",166628.0,164460,286,166914.0,286,166914.0,False,166914.0
35118,execution_finished,64,"[48, 49, 50, 51, 52, 53, 54, 55, 56, 57, 58, 59, 60, 61, 62, 63, 65, 66, 67, 68, 69, 70, 71, 72, 73, 74, 75, 76, 77, 78, 79, 80, 96, 97, 98, 99, 100, 101, 102, 103, 104, 105, 106, 107, 108, 109, 110, 111, 0, 1, 2, 3, 4, 5, 6, 7, 8, 9, 10, 11, 12, 13, 14, 15]",166914.0,164903,275,167189.0,275,167189.0,False,167189.0
35125,execution_finished,64,"[16, 17, 18, 19, 20, 21, 22, 23, 24, 25, 26, 27, 28, 29, 30, 31, 32, 33, 34, 35, 36, 37, 38, 39, 40, 41, 42, 43, 44, 45, 46, 47, 112, 113, 114, 115, 116, 117, 118, 119, 120, 121, 122, 123, 124, 125, 126, 127, 0, 1, 2, 3, 4, 5, 6, 7, 8, 9, 10, 11, 12, 13, 14, 15]",167189.0,165285,207,167396.0,207,167396.0,False,167396.0
35123,execution_finished,1,[81],167926.0,165226,17,167943.0,17,167943.0,False,167943.0
35137,execution_finished,64,"[0, 1, 2, 3, 4, 5, 6, 7, 8, 9, 10, 11, 12, 13, 14, 15, 16, 17, 18, 19, 20, 21, 22, 23, 24, 25, 26, 27, 28, 29, 30, 31, 32, 33, 34, 35, 36, 37, 38, 39, 40, 41, 42, 43, 44, 45, 46, 47, 48, 49, 50, 51, 52, 53, 54, 55, 56, 57, 58, 59, 60, 61, 62, 63]",172196.0,167845,209,172405.0,209,172405.0,False,172405.0
35157,execution_finished,1,[63],172405.0,169941,11,172416.0,11,172416.0,False,172416.0
35144,execution_finished,1,[0],172405.0,168372,12,172417.0,12,172417.0,False,172417.0
35145,execution_finished,1,[1],172405.0,168377,15,172420.0,15,172420.0,False,172420.0
35146,execution_finished,64,"[2, 3, 4, 5, 6, 7, 8, 9, 10, 11, 12, 13, 14, 15, 16, 17, 18, 19, 20, 21, 22, 23, 24, 25, 26, 27, 28, 29, 30, 31, 32, 33, 34, 35, 36, 37, 38, 39, 40, 41, 42, 43, 44, 45, 46, 47, 48, 49, 50, 51, 52, 53, 54, 55, 56, 57, 58, 59, 60, 61, 62, 63, 0, 1]",172420.0,168432,287,172707.0,287,172707.0,False,172707.0
35140,execution_finished,64,"[64, 65, 66, 67, 68, 69, 70, 71, 72, 73, 74, 75, 76, 77, 78, 79, 80, 81, 82, 83, 84, 85, 86, 87, 88, 89, 90, 91, 92, 93, 94, 95, 96, 97, 98, 99, 100, 101, 102, 103, 104, 105, 106, 107, 108, 109, 110, 111, 112, 113, 114, 115, 116, 117, 118, 119, 120, 121, 122, 123, 124, 125, 126, 127]",172743.0,168077,298,173041.0,298,173041.0,False,173041.0
35148,execution_finished,64,"[0, 1, 2, 3, 4, 5, 6, 7, 8, 9, 10, 11, 12, 13, 14, 15, 16, 17, 18, 19, 20, 21, 22, 23, 24, 25, 26, 27, 28, 29, 30, 31, 32, 33, 34, 35, 36, 37, 38, 39, 40, 41, 42, 43, 44, 45, 46, 47, 48, 49, 50, 51, 52, 53, 54, 55, 56, 57, 58, 59, 60, 61, 62, 63]",172707.0,168856,545,173252.0,545,173252.0,False,173252.0
35158,execution_finished,1,[32],173252.0,169945,22,173274.0,22,173274.0,False,173274.0
35173,execution_finished,1,[33],173252.0,171852,23,173275.0,23,173275.0,False,173275.0
35153,execution_finished,64,"[64, 65, 66, 67, 68, 69, 70, 71, 72, 73, 74, 75, 76, 77, 78, 79, 80, 81, 82, 83, 84, 85, 86, 87, 88, 89, 90, 91, 92, 93, 94, 95, 96, 97, 98, 99, 100, 101, 102, 103, 104, 105, 106, 107, 108, 109, 110, 111, 112, 113, 114, 115, 116, 117, 118, 119, 120, 121, 122, 123, 124, 125, 126, 127]",173041.0,169536,408,173449.0,408,173449.0,False,173449.0
35156,execution_finished,32,"[0, 1, 2, 3, 4, 5, 6, 7, 8, 9, 10, 11, 12, 13, 14, 15, 16, 17, 18, 19, 20, 21, 22, 23, 24, 25, 26, 27, 28, 29, 30, 31]",173252.0,169884,234,173486.0,234,173486.0,False,173486.0
35159,execution_finished,64,"[64, 65, 66, 67, 68, 69, 70, 71, 72, 73, 74, 75, 76, 77, 78, 79, 80, 81, 82, 83, 84, 85, 86, 87, 88, 89, 90, 91, 92, 93, 94, 95, 96, 97, 98, 99, 100, 101, 102, 103, 104, 105, 106, 107, 108, 109, 110, 111, 112, 113, 114, 115, 116, 117, 118, 119, 120, 121, 122, 123, 124, 125, 126, 127]",173449.0,170027,158,173607.0,158,173607.0,False,173607.0
35161,execution_finished,32,"[34, 35, 36, 37, 38, 39, 40, 41, 42, 43, 44, 45, 46, 47, 48, 49, 50, 51, 52, 53, 54, 55, 56, 57, 58, 59, 60, 61, 62, 63, 32, 33]",173275.0,170207,475,173750.0,475,173750.0,False,173750.0
35174,execution_finished,32,"[63, 62, 61, 60, 59, 58, 57, 56, 55, 54, 53, 52, 51, 50, 49, 48, 47, 46, 45, 44, 43, 42, 41, 40, 39, 38, 37, 36, 35, 34, 33, 32]",173750.0,171862,123,173873.0,123,173873.0,False,173873.0
35166,execution_finished,32,"[0, 1, 2, 3, 4, 5, 6, 7, 8, 9, 10, 11, 12, 13, 14, 15, 16, 17, 18, 19, 20, 21, 22, 23, 24, 25, 26, 27, 28, 29, 30, 31]",173486.0,170978,405,173891.0,405,173891.0,False,173891.0
35162,execution_finished,64,"[64, 65, 66, 67, 68, 69, 70, 71, 72, 73, 74, 75, 76, 77, 78, 79, 80, 81, 82, 83, 84, 85, 86, 87, 88, 89, 90, 91, 92, 93, 94, 95, 96, 97, 98, 99, 100, 101, 102, 103, 104, 105, 106, 107, 108, 109, 110, 111, 112, 113, 114, 115, 116, 117, 118, 119, 120, 121, 122, 123, 124, 125, 126, 127]",173607.0,170355,323,173930.0,323,173930.0,False,173930.0
35171,execution_finished,64,"[64, 65, 66, 67, 68, 69, 70, 71, 72, 73, 74, 75, 76, 77, 78, 79, 80, 81, 82, 83, 84, 85, 86, 87, 88, 89, 90, 91, 92, 93, 94, 95, 96, 97, 98, 99, 100, 101, 102, 103, 104, 105, 106, 107, 108, 109, 110, 111, 112, 113, 114, 115, 116, 117, 118, 119, 120, 121, 122, 123, 124, 125, 126, 127]",173930.0,171592,258,174188.0,258,174188.0,False,174188.0
35164,execution_finished,64,"[32, 33, 34, 35, 36, 37, 38, 39, 40, 41, 42, 43, 44, 45, 46, 47, 48, 49, 50, 51, 52, 53, 54, 55, 56, 57, 58, 59, 60, 61, 62, 63, 0, 1, 2, 3, 4, 5, 6, 7, 8, 9, 10, 11, 12, 13, 14, 15, 16, 17, 18, 19, 20, 21, 22, 23, 24, 25, 26, 27, 28, 29, 30, 31]",173891.0,170933,460,174351.0,460,174351.0,False,174351.0
35177,execution_finished,32,"[0, 1, 2, 3, 4, 5, 6, 7, 8, 9, 10, 11, 12, 13, 14, 15, 16, 17, 18, 19, 20, 21, 22, 23, 24, 25, 26, 27, 28, 29, 30, 31]",181795.0,179095,215,182010.0,215,182010.0,False,182010.0
35178,execution_finished,64,"[32, 33, 34, 35, 36, 37, 38, 39, 40, 41, 42, 43, 44, 45, 46, 47, 48, 49, 50, 51, 52, 53, 54, 55, 56, 57, 58, 59, 60, 61, 62, 63, 64, 65, 66, 67, 68, 69, 70, 71, 72, 73, 74, 75, 76, 77, 78, 79, 80, 81, 82, 83, 84, 85, 86, 87, 88, 89, 90, 91, 92, 93, 94, 95]",182120.0,179420,310,182430.0,310,182430.0,False,182430.0
35184,execution_finished,64,"[32, 33, 34, 35, 36, 37, 38, 39, 40, 41, 42, 43, 44, 45, 46, 47, 48, 49, 50, 51, 52, 53, 54, 55, 56, 57, 58, 59, 60, 61, 62, 63, 64, 65, 66, 67, 68, 69, 70, 71, 72, 73, 74, 75, 76, 77, 78, 79, 80, 81, 82, 83, 84, 85, 86, 87, 88, 89, 90, 91, 92, 93, 94, 95]",182430.0,180315,380,182810.0,380,182810.0,False,182810.0
35186,execution_finished,1,[33],182810.0,180709,12,182822.0,12,182822.0,False,182822.0
35185,execution_finished,1,[32],182810.0,180697,23,182833.0,23,182833.0,False,182833.0
35187,execution_finished,64,"[34, 35, 36, 37, 38, 39, 40, 41, 42, 43, 44, 45, 46, 47, 48, 49, 50, 51, 52, 53, 54, 55, 56, 57, 58, 59, 60, 61, 62, 63, 64, 65, 66, 67, 68, 69, 70, 71, 72, 73, 74, 75, 76, 77, 78, 79, 80, 81, 82, 83, 84, 85, 86, 87, 88, 89, 90, 91, 92, 93, 94, 95, 33, 32]",182833.0,180766,279,183112.0,279,183112.0,False,183112.0
35192,execution_finished,64,"[32, 33, 34, 35, 36, 37, 38, 39, 40, 41, 42, 43, 44, 45, 46, 47, 48, 49, 50, 51, 52, 53, 54, 55, 56, 57, 58, 59, 60, 61, 62, 63, 64, 65, 66, 67, 68, 69, 70, 71, 72, 73, 74, 75, 76, 77, 78, 79, 80, 81, 82, 83, 84, 85, 86, 87, 88, 89, 90, 91, 92, 93, 94, 95]",183112.0,181987,381,183493.0,381,183493.0,False,183493.0
35193,execution_finished,1,[32],183493.0,182369,15,183508.0,15,183508.0,False,183508.0
35194,execution_finished,1,[33],183493.0,182517,100,183593.0,100,183593.0,False,183593.0
35195,execution_finished,64,"[34, 35, 36, 37, 38, 39, 40, 41, 42, 43, 44, 45, 46, 47, 48, 49, 50, 51, 52, 53, 54, 55, 56, 57, 58, 59, 60, 61, 62, 63, 64, 65, 66, 67, 68, 69, 70, 71, 72, 73, 74, 75, 76, 77, 78, 79, 80, 81, 82, 83, 84, 85, 86, 87, 88, 89, 90, 91, 92, 93, 94, 95, 32, 33]",183593.0,182573,294,183887.0,294,183887.0,False,183887.0
35202,execution_finished,1,[34],183887.0,183135,8,183895.0,8,183895.0,False,183895.0
35200,execution_finished,1,[33],183887.0,182869,24,183911.0,24,183911.0,False,183911.0
35197,execution_finished,1,[32],183887.0,182732,144,184031.0,144,184031.0,False,184031.0
35179,execution_finished,64,"[96, 97, 98, 99, 100, 101, 102, 103, 104, 105, 106, 107, 108, 109, 110, 111, 112, 113, 114, 115, 116, 117, 118, 119, 120, 121, 122, 123, 124, 125, 126, 127, 0, 1, 2, 3, 4, 5, 6, 7, 8, 9, 10, 11, 12, 13, 14, 15, 16, 17, 18, 19, 20, 21, 22, 23, 24, 25, 26, 27, 28, 29, 30, 31]",184710.0,179794,294,185004.0,294,185004.0,False,185004.0
35205,execution_finished,32,"[0, 1, 2, 3, 4, 5, 6, 7, 8, 9, 10, 11, 12, 13, 14, 15, 16, 17, 18, 19, 20, 21, 22, 23, 24, 25, 26, 27, 28, 29, 30, 31]",185004.0,184034,86,185090.0,86,185090.0,False,185090.0
35208,execution_finished,32,"[96, 97, 98, 99, 100, 101, 102, 103, 104, 105, 106, 107, 108, 109, 110, 111, 112, 113, 114, 115, 116, 117, 118, 119, 120, 121, 122, 123, 124, 125, 126, 127]",185004.0,184151,947,185951.0,947,185951.0,False,185951.0
35218,execution_finished,1,[0],189890.0,187067,124,190014.0,124,190014.0,False,190014.0
35219,execution_finished,1,[1],190048.0,187348,99,190147.0,99,190147.0,False,190147.0
35224,execution_finished,32,"[0, 1, 2, 3, 4, 5, 6, 7, 8, 9, 10, 11, 12, 13, 14, 15, 16, 17, 18, 19, 20, 21, 22, 23, 24, 25, 26, 27, 28, 29, 30, 31]",197265.0,194565,421,197686.0,421,197686.0,False,197686.0
35203,execution_finished,64,"[35, 36, 37, 38, 39, 40, 41, 42, 43, 44, 45, 46, 47, 48, 49, 50, 51, 52, 53, 54, 55, 56, 57, 58, 59, 60, 61, 62, 63, 64, 65, 66, 67, 68, 69, 70, 71, 72, 73, 74, 75, 76, 77, 78, 79, 80, 81, 82, 83, 84, 85, 86, 87, 88, 89, 90, 91, 92, 93, 94, 95, 34, 33, 32]",184031.0,183212,14983,199014.0,14983,199014.0,False,199014.0
35226,execution_finished,16,"[32, 33, 34, 35, 36, 37, 38, 39, 40, 41, 42, 43, 44, 45, 46, 47]",199014.0,195553,450,199464.0,450,199464.0,False,199464.0
35229,execution_finished,16,"[47, 46, 45, 44, 43, 42, 41, 40, 39, 38, 37, 36, 35, 34, 33, 32]",199464.0,197118,587,200051.0,587,200051.0,False,200051.0
35230,execution_finished,1,[47],200051.0,197623,16,200067.0,16,200067.0,False,200067.0
35225,execution_finished,64,"[96, 97, 98, 99, 100, 101, 102, 103, 104, 105, 106, 107, 108, 109, 110, 111, 112, 113, 114, 115, 116, 117, 118, 119, 120, 121, 122, 123, 124, 125, 126, 127, 0, 1, 2, 3, 4, 5, 6, 7, 8, 9, 10, 11, 12, 13, 14, 15, 16, 17, 18, 19, 20, 21, 22, 23, 24, 25, 26, 27, 28, 29, 30, 31]",200386.0,195022,476,200862.0,476,200862.0,False,200862.0
35227,execution_finished,64,"[0, 1, 2, 3, 4, 5, 6, 7, 8, 9, 10, 11, 12, 13, 14, 15, 16, 17, 18, 19, 20, 21, 22, 23, 24, 25, 26, 27, 28, 29, 30, 31, 96, 97, 98, 99, 100, 101, 102, 103, 104, 105, 106, 107, 108, 109, 110, 111, 112, 113, 114, 115, 116, 117, 118, 119, 120, 121, 122, 123, 124, 125, 126, 127]",200862.0,196201,453,201315.0,453,201315.0,False,201315.0
35228,execution_finished,32,"[48, 49, 50, 51, 52, 53, 54, 55, 56, 57, 58, 59, 60, 61, 62, 63, 64, 65, 66, 67, 68, 69, 70, 71, 72, 73, 74, 75, 76, 77, 78, 79]",203814.0,196702,372,204186.0,372,204186.0,False,204186.0
35231,execution_finished,128,"[0, 1, 2, 3, 4, 5, 6, 7, 8, 9, 10, 11, 12, 13, 14, 15, 16, 17, 18, 19, 20, 21, 22, 23, 24, 25, 26, 27, 28, 29, 30, 31, 32, 33, 34, 35, 36, 37, 38, 39, 40, 41, 42, 43, 44, 45, 46, 47, 48, 49, 50, 51, 52, 53, 54, 55, 56, 57, 58, 59, 60, 61, 62, 63, 64, 65, 66, 67, 68, 69, 70, 71, 72, 73, 74, 75, 76, 77, 78, 79, 80, 81, 82, 83, 84, 85, 86, 87, 88, 89, 90, 91, 92, 93, 94, 95, 96, 97, 98, 99, 100, 101, 102, 103, 104, 105, 106, 107, 108, 109, 110, 111, 112, 113, 114, 115, 116, 117, 118, 119, 120, 121, 122, 123, 124, 125, 126, 127]",208986.0,204527,10925,219911.0,10925,219911.0,False,219911.0
35232,execution_finished,128,"[0, 1, 2, 3, 4, 5, 6, 7, 8, 9, 10, 11, 12, 13, 14, 15, 16, 17, 18, 19, 20, 21, 22, 23, 24, 25, 26, 27, 28, 29, 30, 31, 32, 33, 34, 35, 36, 37, 38, 39, 40, 41, 42, 43, 44, 45, 46, 47, 48, 49, 50, 51, 52, 53, 54, 55, 56, 57, 58, 59, 60, 61, 62, 63, 64, 65, 66, 67, 68, 69, 70, 71, 72, 73, 74, 75, 76, 77, 78, 79, 80, 81, 82, 83, 84, 85, 86, 87, 88, 89, 90, 91, 92, 93, 94, 95, 96, 97, 98, 99, 100, 101, 102, 103, 104, 105, 106, 107, 108, 109, 110, 111, 112, 113, 114, 115, 116, 117, 118, 119, 120, 121, 122, 123, 124, 125, 126, 127]",219911.0,215458,87,219998.0,87,219998.0,False,219998.0
35258,execution_finished,1,[64],219998.0,218873,26,220024.0,26,220024.0,False,220024.0
35255,execution_finished,64,"[0, 1, 2, 3, 4, 5, 6, 7, 8, 9, 10, 11, 12, 13, 14, 15, 16, 17, 18, 19, 20, 21, 22, 23, 24, 25, 26, 27, 28, 29, 30, 31, 32, 33, 34, 35, 36, 37, 38, 39, 40, 41, 42, 43, 44, 45, 46, 47, 48, 49, 50, 51, 52, 53, 54, 55, 56, 57, 58, 59, 60, 61, 62, 63]",219998.0,218476,395,220393.0,395,220393.0,False,220393.0
35262,execution_finished,1,[0],220393.0,218950,16,220409.0,16,220409.0,False,220409.0
35284,execution_finished,1,[1],225193.0,221165,96,225289.0,96,225289.0,False,225289.0
35288,execution_finished,1,[3],225193.0,221545,127,225320.0,127,225320.0,False,225320.0
35285,execution_finished,1,[2],225193.0,221312,146,225339.0,146,225339.0,False,225339.0
35312,execution_finished,1,[0],227522.0,224822,122,227644.0,122,227644.0,False,227644.0
35313,execution_finished,1,[4],227674.0,224974,105,227779.0,105,227779.0,False,227779.0
35261,execution_finished,64,"[65, 66, 67, 68, 69, 70, 71, 72, 73, 74, 75, 76, 77, 78, 79, 80, 81, 82, 83, 84, 85, 86, 87, 88, 89, 90, 91, 92, 93, 94, 95, 96, 97, 98, 99, 100, 101, 102, 103, 104, 105, 106, 107, 108, 109, 110, 111, 112, 113, 114, 115, 116, 117, 118, 119, 120, 121, 122, 123, 124, 125, 126, 127, 64]",220024.0,218948,10927,230951.0,10927,230951.0,False,230951.0
35368,execution_finished,1,[64],230968.0,230968,118,231086.0,118,231086.0,False,231086.0
35374,execution_finished,1,[64],231339.0,231339,98,231437.0,98,231437.0,False,231437.0
35375,execution_finished,1,[64],231472.0,231472,111,231583.0,111,231583.0,False,231583.0
35366,execution_finished,1,[0],233470.0,230770,127,233597.0,127,233597.0,False,233597.0
35421,execution_finished,1,[0],239583.0,236883,159,239742.0,159,239742.0,False,239742.0
35428,execution_finished,1,[1],239828.0,237128,96,239924.0,96,239924.0,False,239924.0
35429,execution_finished,1,[2],240103.0,237403,117,240220.0,117,240220.0,False,240220.0
35434,execution_finished,1,[3],240740.0,238040,110,240850.0,110,240850.0,False,240850.0
35509,execution_finished,64,"[64, 65, 66, 67, 68, 69, 70, 71, 72, 73, 74, 75, 76, 77, 78, 79, 80, 81, 82, 83, 84, 85, 86, 87, 88, 89, 90, 91, 92, 93, 94, 95, 96, 97, 98, 99, 100, 101, 102, 103, 104, 105, 106, 107, 108, 109, 110, 111, 112, 113, 114, 115, 116, 117, 118, 119, 120, 121, 122, 123, 124, 125, 126, 127]",249056.0,246356,111,249167.0,111,249167.0,False,249167.0
35512,execution_finished,64,"[64, 65, 66, 67, 68, 69, 70, 71, 72, 73, 74, 75, 76, 77, 78, 79, 80, 81, 82, 83, 84, 85, 86, 87, 88, 89, 90, 91, 92, 93, 94, 95, 96, 97, 98, 99, 100, 101, 102, 103, 104, 105, 106, 107, 108, 109, 110, 111, 112, 113, 114, 115, 116, 117, 118, 119, 120, 121, 122, 123, 124, 125, 126, 127]",249167.0,246573,106,249273.0,106,249273.0,False,249273.0
35514,execution_finished,64,"[64, 65, 66, 67, 68, 69, 70, 71, 72, 73, 74, 75, 76, 77, 78, 79, 80, 81, 82, 83, 84, 85, 86, 87, 88, 89, 90, 91, 92, 93, 94, 95, 96, 97, 98, 99, 100, 101, 102, 103, 104, 105, 106, 107, 108, 109, 110, 111, 112, 113, 114, 115, 116, 117, 118, 119, 120, 121, 122, 123, 124, 125, 126, 127]",249273.0,246773,106,249379.0,106,249379.0,False,249379.0
35517,execution_finished,64,"[64, 65, 66, 67, 68, 69, 70, 71, 72, 73, 74, 75, 76, 77, 78, 79, 80, 81, 82, 83, 84, 85, 86, 87, 88, 89, 90, 91, 92, 93, 94, 95, 96, 97, 98, 99, 100, 101, 102, 103, 104, 105, 106, 107, 108, 109, 110, 111, 112, 113, 114, 115, 116, 117, 118, 119, 120, 121, 122, 123, 124, 125, 126, 127]",249379.0,246963,107,249486.0,107,249486.0,False,249486.0
35518,execution_finished,64,"[64, 65, 66, 67, 68, 69, 70, 71, 72, 73, 74, 75, 76, 77, 78, 79, 80, 81, 82, 83, 84, 85, 86, 87, 88, 89, 90, 91, 92, 93, 94, 95, 96, 97, 98, 99, 100, 101, 102, 103, 104, 105, 106, 107, 108, 109, 110, 111, 112, 113, 114, 115, 116, 117, 118, 119, 120, 121, 122, 123, 124, 125, 126, 127]",249486.0,247147,111,249597.0,111,249597.0,False,249597.0
35521,execution_finished,64,"[64, 65, 66, 67, 68, 69, 70, 71, 72, 73, 74, 75, 76, 77, 78, 79, 80, 81, 82, 83, 84, 85, 86, 87, 88, 89, 90, 91, 92, 93, 94, 95, 96, 97, 98, 99, 100, 101, 102, 103, 104, 105, 106, 107, 108, 109, 110, 111, 112, 113, 114, 115, 116, 117, 118, 119, 120, 121, 122, 123, 124, 125, 126, 127]",249597.0,247351,1,249598.0,1,249598.0,False,249598.0
35522,execution_finished,64,"[64, 65, 66, 67, 68, 69, 70, 71, 72, 73, 74, 75, 76, 77, 78, 79, 80, 81, 82, 83, 84, 85, 86, 87, 88, 89, 90, 91, 92, 93, 94, 95, 96, 97, 98, 99, 100, 101, 102, 103, 104, 105, 106, 107, 108, 109, 110, 111, 112, 113, 114, 115, 116, 117, 118, 119, 120, 121, 122, 123, 124, 125, 126, 127]",249598.0,247363,107,249705.0,107,249705.0,False,249705.0
35536,execution_finished,8,"[119, 118, 117, 116, 115, 114, 113, 112]",249705.0,248964,21,249726.0,21,249726.0,False,249726.0
35523,execution_finished,4,"[64, 65, 66, 67]",249705.0,247488,56,249761.0,56,249761.0,False,249761.0
35526,execution_finished,4,"[127, 126, 125, 124]",249705.0,247747,56,249761.0,56,249761.0,False,249761.0
35532,execution_finished,4,"[123, 122, 121, 120]",249705.0,248445,56,249761.0,56,249761.0,False,249761.0
35538,execution_finished,4,"[111, 110, 109, 108]",249705.0,249194,56,249761.0,56,249761.0,False,249761.0
35525,execution_finished,64,"[68, 69, 70, 71, 72, 73, 74, 75, 76, 77, 78, 79, 80, 81, 82, 83, 84, 85, 86, 87, 88, 89, 90, 91, 92, 93, 94, 95, 96, 97, 98, 99, 100, 101, 102, 103, 104, 105, 106, 107, 112, 113, 114, 115, 116, 117, 118, 119, 64, 65, 66, 67, 108, 109, 110, 111, 120, 121, 122, 123, 124, 125, 126, 127]",249761.0,247578,105,249866.0,105,249866.0,False,249866.0
35527,execution_finished,64,"[64, 65, 66, 67, 68, 69, 70, 71, 72, 73, 74, 75, 76, 77, 78, 79, 80, 81, 82, 83, 84, 85, 86, 87, 88, 89, 90, 91, 92, 93, 94, 95, 96, 97, 98, 99, 100, 101, 102, 103, 104, 105, 106, 107, 108, 109, 110, 111, 112, 113, 114, 115, 116, 117, 118, 119, 120, 121, 122, 123, 124, 125, 126, 127]",249866.0,247844,123,249989.0,123,249989.0,False,249989.0
35529,execution_finished,64,"[64, 65, 66, 67, 68, 69, 70, 71, 72, 73, 74, 75, 76, 77, 78, 79, 80, 81, 82, 83, 84, 85, 86, 87, 88, 89, 90, 91, 92, 93, 94, 95, 96, 97, 98, 99, 100, 101, 102, 103, 104, 105, 106, 107, 108, 109, 110, 111, 112, 113, 114, 115, 116, 117, 118, 119, 120, 121, 122, 123, 124, 125, 126, 127]",249989.0,248045,107,250096.0,107,250096.0,False,250096.0
35531,execution_finished,64,"[64, 65, 66, 67, 68, 69, 70, 71, 72, 73, 74, 75, 76, 77, 78, 79, 80, 81, 82, 83, 84, 85, 86, 87, 88, 89, 90, 91, 92, 93, 94, 95, 96, 97, 98, 99, 100, 101, 102, 103, 104, 105, 106, 107, 108, 109, 110, 111, 112, 113, 114, 115, 116, 117, 118, 119, 120, 121, 122, 123, 124, 125, 126, 127]",250096.0,248268,107,250203.0,107,250203.0,False,250203.0
35533,execution_finished,64,"[64, 65, 66, 67, 68, 69, 70, 71, 72, 73, 74, 75, 76, 77, 78, 79, 80, 81, 82, 83, 84, 85, 86, 87, 88, 89, 90, 91, 92, 93, 94, 95, 96, 97, 98, 99, 100, 101, 102, 103, 104, 105, 106, 107, 108, 109, 110, 111, 112, 113, 114, 115, 116, 117, 118, 119, 120, 121, 122, 123, 124, 125, 126, 127]",250203.0,248530,106,250309.0,106,250309.0,False,250309.0
35534,execution_finished,64,"[64, 65, 66, 67, 68, 69, 70, 71, 72, 73, 74, 75, 76, 77, 78, 79, 80, 81, 82, 83, 84, 85, 86, 87, 88, 89, 90, 91, 92, 93, 94, 95, 96, 97, 98, 99, 100, 101, 102, 103, 104, 105, 106, 107, 108, 109, 110, 111, 112, 113, 114, 115, 116, 117, 118, 119, 120, 121, 122, 123, 124, 125, 126, 127]",250309.0,248681,108,250417.0,108,250417.0,False,250417.0
35551,execution_finished,1,[107],250528.0,250528,23,250551.0,23,250551.0,False,250551.0
35548,execution_finished,4,"[111, 110, 109, 108]",250417.0,250344,151,250568.0,151,250568.0,False,250568.0
35535,execution_finished,32,"[64, 65, 66, 67, 68, 69, 70, 71, 72, 73, 74, 75, 76, 77, 78, 79, 80, 81, 82, 83, 84, 85, 86, 87, 88, 89, 90, 91, 92, 93, 94, 95]",250417.0,248824,223,250640.0,223,250640.0,False,250640.0
35547,execution_finished,16,"[127, 126, 125, 124, 123, 122, 121, 120, 119, 118, 117, 116, 115, 114, 113, 112]",250417.0,250255,274,250691.0,274,250691.0,False,250691.0
35552,execution_finished,32,"[111, 110, 109, 108, 107, 106, 105, 104, 95, 94, 93, 92, 91, 90, 89, 88, 87, 86, 85, 84, 83, 82, 81, 80, 79, 78, 77, 76, 75, 74, 73, 72]",250640.0,250553,177,250817.0,177,250817.0,False,250817.0
35555,execution_finished,16,"[127, 126, 125, 124, 123, 122, 121, 120, 119, 118, 117, 116, 115, 114, 113, 112]",250691.0,250674,326,251017.0,326,251017.0,False,251017.0
35560,execution_finished,4,"[111, 110, 109, 108]",250885.0,250885,172,251057.0,172,251057.0,False,251057.0
35537,execution_finished,8,"[96, 97, 98, 99, 100, 101, 102, 103]",250417.0,249018,665,251082.0,665,251082.0,False,251082.0
35564,execution_finished,4,"[124, 125, 126, 127]",251060.0,251060,273,251333.0,273,251333.0,False,251333.0
35554,execution_finished,8,"[72, 73, 74, 75, 76, 77, 78, 79]",250940.0,250668,462,251402.0,462,251402.0,False,251402.0
35568,execution_finished,16,"[108, 109, 110, 111, 96, 97, 98, 99, 100, 101, 102, 103, 124, 125, 126, 127]",251333.0,251173,266,251599.0,266,251599.0,False,251599.0
35577,execution_finished,1,[108],251624.0,251624,27,251651.0,27,251651.0,False,251651.0
35578,execution_finished,4,"[109, 110, 111, 124]",251661.0,251661,83,251744.0,83,251744.0,False,251744.0
35558,execution_finished,32,"[80, 81, 82, 83, 84, 85, 86, 87, 88, 89, 90, 91, 92, 93, 94, 95, 104, 105, 106, 107, 112, 113, 114, 115, 116, 117, 118, 119, 120, 121, 122, 123]",251017.0,250786,756,251773.0,756,251773.0,False,251773.0
35573,execution_finished,16,"[72, 73, 74, 75, 76, 77, 78, 79, 96, 97, 98, 99, 100, 101, 102, 103]",251599.0,251471,279,251878.0,279,251878.0,False,251878.0
35581,execution_finished,16,"[116, 117, 118, 119, 120, 121, 122, 123, 72, 73, 74, 75, 76, 77, 78, 79]",251878.0,251810,273,252151.0,273,252151.0,False,252151.0
35589,execution_finished,1,[120],252173.0,252173,28,252201.0,28,252201.0,False,252201.0
35579,execution_finished,32,"[125, 126, 127, 108, 109, 110, 111, 124, 80, 81, 82, 83, 84, 85, 86, 87, 88, 89, 90, 91, 92, 93, 94, 95, 104, 105, 106, 107, 112, 113, 114, 115]",251773.0,251726,434,252207.0,434,252207.0,False,252207.0
35585,execution_finished,4,"[96, 97, 98, 99]",252088.0,252088,125,252213.0,125,252213.0,False,252213.0
35590,execution_finished,4,"[121, 122, 123, 120]",252216.0,252216,76,252292.0,76,252292.0,False,252292.0
35587,execution_finished,16,"[100, 101, 102, 103, 72, 73, 74, 75, 76, 77, 78, 79, 116, 117, 118, 119]",252151.0,252132,274,252425.0,274,252425.0,False,252425.0
35493,execution_finished,64,"[0, 1, 2, 3, 4, 5, 6, 7, 8, 9, 10, 11, 12, 13, 14, 15, 16, 17, 18, 19, 20, 21, 22, 23, 24, 25, 26, 27, 28, 29, 30, 31, 32, 33, 34, 35, 36, 37, 38, 39, 40, 41, 42, 43, 44, 45, 46, 47, 48, 49, 50, 51, 52, 53, 54, 55, 56, 57, 58, 59, 60, 61, 62, 63]",247340.0,244640,5162,252502.0,5162,252502.0,False,252502.0
35601,execution_finished,1,[24],252607.0,252607,10,252617.0,10,252617.0,False,252617.0
35540,execution_finished,64,"[104, 105, 106, 107, 108, 109, 110, 111, 112, 113, 114, 115, 124, 125, 126, 127, 96, 97, 98, 99, 120, 121, 122, 123, 72, 73, 74, 75, 76, 77, 78, 79, 100, 101, 102, 103, 116, 117, 118, 119, 0, 1, 2, 3, 4, 5, 6, 7, 8, 9, 10, 11, 12, 13, 14, 15, 16, 17, 18, 19, 20, 21, 22, 23]",252502.0,249724,118,252620.0,118,252620.0,False,252620.0
35542,execution_finished,64,"[25, 26, 27, 28, 29, 30, 31, 32, 33, 34, 35, 36, 37, 38, 39, 40, 41, 42, 43, 44, 45, 46, 47, 48, 49, 50, 51, 52, 53, 54, 55, 56, 57, 58, 59, 60, 61, 62, 63, 24, 0, 1, 2, 3, 4, 5, 6, 7, 8, 9, 10, 11, 12, 13, 14, 15, 16, 17, 18, 19, 20, 21, 22, 23]",252620.0,249888,121,252741.0,121,252741.0,False,252741.0
35596,execution_finished,16,"[80, 81, 82, 83, 84, 85, 86, 87, 88, 89, 90, 91, 92, 93, 94, 95]",252476.0,252476,276,252752.0,276,252752.0,False,252752.0
35606,execution_finished,32,"[72, 73, 74, 75, 76, 77, 78, 79, 96, 97, 98, 99, 100, 101, 102, 103, 104, 105, 106, 107, 108, 109, 110, 111, 112, 113, 114, 115, 116, 117, 118, 119]",252721.0,252721,204,252925.0,204,252925.0,False,252925.0
35543,execution_finished,64,"[120, 121, 122, 123, 124, 125, 126, 127, 0, 1, 2, 3, 4, 5, 6, 7, 8, 9, 10, 11, 12, 13, 14, 15, 16, 17, 18, 19, 20, 21, 22, 23, 24, 25, 26, 27, 28, 29, 30, 31, 32, 33, 34, 35, 36, 37, 38, 39, 40, 41, 42, 43, 44, 45, 46, 47, 48, 49, 50, 51, 52, 53, 54, 55]",252741.0,249992,193,252934.0,193,252934.0,False,252934.0
35610,execution_finished,4,"[80, 81, 82, 83]",252897.0,252897,72,252969.0,72,252969.0,False,252969.0
35544,execution_finished,64,"[84, 85, 86, 87, 88, 89, 90, 91, 92, 93, 94, 95, 72, 73, 74, 75, 76, 77, 78, 79, 96, 97, 98, 99, 100, 101, 102, 103, 104, 105, 106, 107, 108, 109, 110, 111, 112, 113, 114, 115, 116, 117, 118, 119, 0, 1, 2, 3, 4, 5, 6, 7, 8, 9, 10, 11, 12, 13, 14, 15, 16, 17, 18, 19]",252934.0,250074,122,253056.0,122,253056.0,False,253056.0
35546,execution_finished,64,"[52, 53, 54, 55, 120, 121, 122, 123, 124, 125, 126, 127, 80, 81, 82, 83, 0, 1, 2, 3, 4, 5, 6, 7, 8, 9, 10, 11, 12, 13, 14, 15, 16, 17, 18, 19, 72, 73, 74, 75, 76, 77, 78, 79, 84, 85, 86, 87, 88, 89, 90, 91, 92, 93, 94, 95, 96, 97, 98, 99, 100, 101, 102, 103]",253056.0,250247,121,253177.0,121,253177.0,False,253177.0
35550,execution_finished,64,"[104, 105, 106, 107, 108, 109, 110, 111, 112, 113, 114, 115, 116, 117, 118, 119, 0, 1, 2, 3, 4, 5, 6, 7, 8, 9, 10, 11, 12, 13, 14, 15, 16, 17, 18, 19, 52, 53, 54, 55, 72, 73, 74, 75, 76, 77, 78, 79, 80, 81, 82, 83, 84, 85, 86, 87, 88, 89, 90, 91, 92, 93, 94, 95]",253177.0,250413,130,253307.0,130,253307.0,False,253307.0
35553,execution_finished,64,"[96, 97, 98, 99, 100, 101, 102, 103, 120, 121, 122, 123, 124, 125, 126, 127, 0, 1, 2, 3, 4, 5, 6, 7, 8, 9, 10, 11, 12, 13, 14, 15, 16, 17, 18, 19, 52, 53, 54, 55, 72, 73, 74, 75, 76, 77, 78, 79, 80, 81, 82, 83, 84, 85, 86, 87, 88, 89, 90, 91, 92, 93, 94, 95]",253307.0,250581,127,253434.0,127,253434.0,False,253434.0
35611,execution_finished,32,"[20, 21, 22, 23, 24, 25, 26, 27, 28, 29, 30, 31, 32, 33, 34, 35, 36, 37, 38, 39, 40, 41, 42, 43, 44, 45, 46, 47, 48, 49, 50, 51]",253053.0,253053,411,253464.0,411,253464.0,False,253464.0
35613,execution_finished,1,[96],253465.0,253465,14,253479.0,14,253479.0,False,253479.0
35556,execution_finished,64,"[104, 105, 106, 107, 108, 109, 110, 111, 112, 113, 114, 115, 116, 117, 118, 119, 0, 1, 2, 3, 4, 5, 6, 7, 8, 9, 10, 11, 12, 13, 14, 15, 16, 17, 18, 19, 52, 53, 54, 55, 72, 73, 74, 75, 76, 77, 78, 79, 80, 81, 82, 83, 84, 85, 86, 87, 88, 89, 90, 91, 92, 93, 94, 95]",253434.0,250760,122,253556.0,122,253556.0,False,253556.0
35562,execution_finished,64,"[97, 98, 99, 100, 101, 102, 103, 120, 121, 122, 123, 124, 125, 126, 127, 20, 21, 22, 23, 24, 25, 26, 27, 28, 29, 30, 31, 32, 33, 34, 35, 36, 37, 38, 39, 40, 41, 42, 43, 44, 45, 46, 47, 48, 49, 50, 51, 96, 0, 1, 2, 3, 4, 5, 6, 7, 8, 9, 10, 11, 12, 13, 14, 15]",253556.0,250944,75,253631.0,75,253631.0,False,253631.0
35615,execution_finished,1,[24],253633.0,253633,8,253641.0,8,253641.0,False,253641.0
35565,execution_finished,64,"[52, 53, 54, 55, 72, 73, 74, 75, 76, 77, 78, 79, 80, 81, 82, 83, 84, 85, 86, 87, 88, 89, 90, 91, 92, 93, 94, 95, 104, 105, 106, 107, 108, 109, 110, 111, 112, 113, 114, 115, 116, 117, 118, 119, 0, 1, 2, 3, 4, 5, 6, 7, 8, 9, 10, 11, 12, 13, 14, 15, 20, 21, 22, 23]",253631.0,251065,40,253671.0,40,253671.0,False,253671.0
35567,execution_finished,64,"[25, 26, 27, 28, 29, 30, 31, 32, 33, 34, 35, 36, 37, 38, 39, 40, 41, 42, 43, 44, 45, 46, 47, 48, 49, 50, 51, 96, 97, 98, 99, 100, 101, 102, 103, 120, 121, 122, 123, 124, 125, 126, 127, 24, 0, 1, 2, 3, 4, 5, 6, 7, 8, 9, 10, 11, 12, 13, 14, 15, 20, 21, 22, 23]",253671.0,251141,39,253710.0,39,253710.0,False,253710.0
35569,execution_finished,64,"[108, 109, 110, 111, 112, 113, 114, 115, 116, 117, 118, 119, 0, 1, 2, 3, 4, 5, 6, 7, 8, 9, 10, 11, 12, 13, 14, 15, 20, 21, 22, 23, 24, 25, 26, 27, 28, 29, 30, 31, 32, 33, 34, 35, 36, 37, 38, 39, 40, 41, 42, 43, 44, 45, 46, 47, 48, 49, 50, 51, 96, 97, 98, 99]",253710.0,251225,31,253741.0,31,253741.0,False,253741.0
35614,execution_finished,4,"[16, 17, 18, 19]",253567.0,253567,189,253756.0,189,253756.0,False,253756.0
35570,execution_finished,64,"[100, 101, 102, 103, 120, 121, 122, 123, 124, 125, 126, 127, 0, 1, 2, 3, 4, 5, 6, 7, 8, 9, 10, 11, 12, 13, 14, 15, 20, 21, 22, 23, 24, 25, 26, 27, 28, 29, 30, 31, 32, 33, 34, 35, 36, 37, 38, 39, 40, 41, 42, 43, 44, 45, 46, 47, 48, 49, 50, 51, 96, 97, 98, 99]",253741.0,251287,32,253773.0,32,253773.0,False,253773.0
35571,execution_finished,64,"[0, 1, 2, 3, 4, 5, 6, 7, 8, 9, 10, 11, 12, 13, 14, 15, 20, 21, 22, 23, 24, 25, 26, 27, 28, 29, 30, 31, 32, 33, 34, 35, 36, 37, 38, 39, 40, 41, 42, 43, 44, 45, 46, 47, 48, 49, 50, 51, 96, 97, 98, 99, 100, 101, 102, 103, 120, 121, 122, 123, 124, 125, 126, 127]",253773.0,251353,36,253809.0,36,253809.0,False,253809.0
35572,execution_finished,64,"[0, 1, 2, 3, 4, 5, 6, 7, 8, 9, 10, 11, 12, 13, 14, 15, 20, 21, 22, 23, 24, 25, 26, 27, 28, 29, 30, 31, 32, 33, 34, 35, 36, 37, 38, 39, 40, 41, 42, 43, 44, 45, 46, 47, 48, 49, 50, 51, 96, 97, 98, 99, 100, 101, 102, 103, 120, 121, 122, 123, 124, 125, 126, 127]",253809.0,251420,37,253846.0,37,253846.0,False,253846.0
35618,execution_finished,16,"[108, 109, 110, 111, 112, 113, 114, 115, 116, 117, 118, 119, 16, 17, 18, 19]",253765.0,253765,88,253853.0,88,253853.0,False,253853.0
35574,execution_finished,64,"[0, 1, 2, 3, 4, 5, 6, 7, 8, 9, 10, 11, 12, 13, 14, 15, 20, 21, 22, 23, 24, 25, 26, 27, 28, 29, 30, 31, 32, 33, 34, 35, 36, 37, 38, 39, 40, 41, 42, 43, 44, 45, 46, 47, 48, 49, 50, 51, 96, 97, 98, 99, 100, 101, 102, 103, 120, 121, 122, 123, 124, 125, 126, 127]",253846.0,251511,41,253887.0,41,253887.0,False,253887.0
35576,execution_finished,64,"[16, 17, 18, 19, 108, 109, 110, 111, 112, 113, 114, 115, 116, 117, 118, 119, 0, 1, 2, 3, 4, 5, 6, 7, 8, 9, 10, 11, 12, 13, 14, 15, 20, 21, 22, 23, 24, 25, 26, 27, 28, 29, 30, 31, 32, 33, 34, 35, 36, 37, 38, 39, 40, 41, 42, 43, 44, 45, 46, 47, 48, 49, 50, 51]",253887.0,251598,23,253910.0,23,253910.0,False,253910.0
35580,execution_finished,64,"[96, 97, 98, 99, 100, 101, 102, 103, 120, 121, 122, 123, 124, 125, 126, 127, 0, 1, 2, 3, 4, 5, 6, 7, 8, 9, 10, 11, 12, 13, 14, 15, 16, 17, 18, 19, 20, 21, 22, 23, 24, 25, 26, 27, 28, 29, 30, 31, 32, 33, 34, 35, 36, 37, 38, 39, 40, 41, 42, 43, 44, 45, 46, 47]",253910.0,251809,37,253947.0,37,253947.0,False,253947.0
35617,execution_finished,32,"[52, 53, 54, 55, 72, 73, 74, 75, 76, 77, 78, 79, 80, 81, 82, 83, 84, 85, 86, 87, 88, 89, 90, 91, 92, 93, 94, 95, 104, 105, 106, 107]",253694.0,253694,256,253950.0,256,253950.0,False,253950.0
35582,execution_finished,64,"[48, 49, 50, 51, 108, 109, 110, 111, 112, 113, 114, 115, 116, 117, 118, 119, 0, 1, 2, 3, 4, 5, 6, 7, 8, 9, 10, 11, 12, 13, 14, 15, 16, 17, 18, 19, 20, 21, 22, 23, 24, 25, 26, 27, 28, 29, 30, 31, 32, 33, 34, 35, 36, 37, 38, 39, 40, 41, 42, 43, 44, 45, 46, 47]",253947.0,251912,49,253996.0,49,253996.0,False,253996.0
35583,execution_finished,64,"[96, 97, 98, 99, 100, 101, 102, 103, 120, 121, 122, 123, 124, 125, 126, 127, 52, 53, 54, 55, 72, 73, 74, 75, 76, 77, 78, 79, 80, 81, 82, 83, 84, 85, 86, 87, 88, 89, 90, 91, 92, 93, 94, 95, 104, 105, 106, 107, 0, 1, 2, 3, 4, 5, 6, 7, 8, 9, 10, 11, 12, 13, 14, 15]",253996.0,251980,41,254037.0,41,254037.0,False,254037.0
35584,execution_finished,64,"[16, 17, 18, 19, 20, 21, 22, 23, 24, 25, 26, 27, 28, 29, 30, 31, 32, 33, 34, 35, 36, 37, 38, 39, 40, 41, 42, 43, 44, 45, 46, 47, 48, 49, 50, 51, 108, 109, 110, 111, 112, 113, 114, 115, 116, 117, 118, 119, 0, 1, 2, 3, 4, 5, 6, 7, 8, 9, 10, 11, 12, 13, 14, 15]",254037.0,252070,39,254076.0,39,254076.0,False,254076.0
35588,execution_finished,64,"[52, 53, 54, 55, 72, 73, 74, 75, 76, 77, 78, 79, 80, 81, 82, 83, 84, 85, 86, 87, 88, 89, 90, 91, 92, 93, 94, 95, 96, 97, 98, 99, 100, 101, 102, 103, 104, 105, 106, 107, 120, 121, 122, 123, 124, 125, 126, 127, 0, 1, 2, 3, 4, 5, 6, 7, 8, 9, 10, 11, 12, 13, 14, 15]",254076.0,252171,60,254136.0,60,254136.0,False,254136.0
35591,execution_finished,64,"[48, 49, 50, 51, 108, 109, 110, 111, 112, 113, 114, 115, 116, 117, 118, 119, 0, 1, 2, 3, 4, 5, 6, 7, 8, 9, 10, 11, 12, 13, 14, 15, 52, 53, 54, 55, 72, 73, 74, 75, 76, 77, 78, 79, 80, 81, 82, 83, 84, 85, 86, 87, 88, 89, 90, 91, 92, 93, 94, 95, 96, 97, 98, 99]",254136.0,252273,36,254172.0,36,254172.0,False,254172.0
35592,execution_finished,64,"[100, 101, 102, 103, 104, 105, 106, 107, 120, 121, 122, 123, 124, 125, 126, 127, 0, 1, 2, 3, 4, 5, 6, 7, 8, 9, 10, 11, 12, 13, 14, 15, 48, 49, 50, 51, 52, 53, 54, 55, 72, 73, 74, 75, 76, 77, 78, 79, 80, 81, 82, 83, 84, 85, 86, 87, 88, 89, 90, 91, 92, 93, 94, 95]",254172.0,252350,37,254209.0,37,254209.0,False,254209.0
35593,execution_finished,64,"[96, 97, 98, 99, 108, 109, 110, 111, 112, 113, 114, 115, 116, 117, 118, 119, 0, 1, 2, 3, 4, 5, 6, 7, 8, 9, 10, 11, 12, 13, 14, 15, 48, 49, 50, 51, 52, 53, 54, 55, 72, 73, 74, 75, 76, 77, 78, 79, 80, 81, 82, 83, 84, 85, 86, 87, 88, 89, 90, 91, 92, 93, 94, 95]",254209.0,252410,1,254210.0,1,254210.0,False,254210.0
35594,execution_finished,64,"[100, 101, 102, 103, 104, 105, 106, 107, 120, 121, 122, 123, 124, 125, 126, 127, 0, 1, 2, 3, 4, 5, 6, 7, 8, 9, 10, 11, 12, 13, 14, 15, 48, 49, 50, 51, 52, 53, 54, 55, 72, 73, 74, 75, 76, 77, 78, 79, 80, 81, 82, 83, 84, 85, 86, 87, 88, 89, 90, 91, 92, 93, 94, 95]",254210.0,252418,31,254241.0,31,254241.0,False,254241.0
35597,execution_finished,64,"[96, 97, 98, 99, 108, 109, 110, 111, 112, 113, 114, 115, 116, 117, 118, 119, 0, 1, 2, 3, 4, 5, 6, 7, 8, 9, 10, 11, 12, 13, 14, 15, 48, 49, 50, 51, 52, 53, 54, 55, 72, 73, 74, 75, 76, 77, 78, 79, 80, 81, 82, 83, 84, 85, 86, 87, 88, 89, 90, 91, 92, 93, 94, 95]",254241.0,252489,46,254287.0,46,254287.0,False,254287.0
35599,execution_finished,64,"[100, 101, 102, 103, 104, 105, 106, 107, 120, 121, 122, 123, 124, 125, 126, 127, 0, 1, 2, 3, 4, 5, 6, 7, 8, 9, 10, 11, 12, 13, 14, 15, 48, 49, 50, 51, 52, 53, 54, 55, 72, 73, 74, 75, 76, 77, 78, 79, 80, 81, 82, 83, 84, 85, 86, 87, 88, 89, 90, 91, 92, 93, 94, 95]",254287.0,252565,34,254321.0,34,254321.0,False,254321.0
35603,execution_finished,64,"[96, 97, 98, 99, 108, 109, 110, 111, 112, 113, 114, 115, 116, 117, 118, 119, 0, 1, 2, 3, 4, 5, 6, 7, 8, 9, 10, 11, 12, 13, 14, 15, 48, 49, 50, 51, 52, 53, 54, 55, 72, 73, 74, 75, 76, 77, 78, 79, 80, 81, 82, 83, 84, 85, 86, 87, 88, 89, 90, 91, 92, 93, 94, 95]",254321.0,252633,41,254362.0,41,254362.0,False,254362.0
35605,execution_finished,64,"[100, 101, 102, 103, 104, 105, 106, 107, 120, 121, 122, 123, 124, 125, 126, 127, 0, 1, 2, 3, 4, 5, 6, 7, 8, 9, 10, 11, 12, 13, 14, 15, 48, 49, 50, 51, 52, 53, 54, 55, 72, 73, 74, 75, 76, 77, 78, 79, 80, 81, 82, 83, 84, 85, 86, 87, 88, 89, 90, 91, 92, 93, 94, 95]",254362.0,252720,53,254415.0,53,254415.0,False,254415.0
35626,execution_finished,4,"[96, 97, 98, 99]",254364.0,254364,86,254450.0,86,254450.0,False,254450.0
35609,execution_finished,64,"[108, 109, 110, 111, 112, 113, 114, 115, 116, 117, 118, 119, 0, 1, 2, 3, 4, 5, 6, 7, 8, 9, 10, 11, 12, 13, 14, 15, 48, 49, 50, 51, 52, 53, 54, 55, 72, 73, 74, 75, 76, 77, 78, 79, 80, 81, 82, 83, 84, 85, 86, 87, 88, 89, 90, 91, 92, 93, 94, 95, 100, 101, 102, 103]",254415.0,252858,61,254476.0,61,254476.0,False,254476.0
35627,execution_finished,1,[100],254476.0,254467,21,254497.0,21,254497.0,False,254497.0
35620,execution_finished,32,"[16, 17, 18, 19, 20, 21, 22, 23, 24, 25, 26, 27, 28, 29, 30, 31, 32, 33, 34, 35, 36, 37, 38, 39, 40, 41, 42, 43, 44, 45, 46, 47]",254076.0,254076,456,254532.0,456,254532.0,False,254532.0
35628,execution_finished,4,"[101, 102, 103, 108]",254513.0,254513,28,254541.0,28,254541.0,False,254541.0
35629,execution_finished,1,[109],254534.0,254534,18,254552.0,18,254552.0,False,254552.0
35630,execution_finished,8,"[110, 111, 112, 113, 114, 115, 116, 117]",254554.0,254554,35,254589.0,35,254589.0,False,254589.0
35624,execution_finished,64,"[104, 105, 106, 107, 120, 121, 122, 123, 124, 125, 126, 127, 96, 97, 98, 99, 0, 1, 2, 3, 4, 5, 6, 7, 8, 9, 10, 11, 12, 13, 14, 15, 48, 49, 50, 51, 52, 53, 54, 55, 72, 73, 74, 75, 76, 77, 78, 79, 80, 81, 82, 83, 84, 85, 86, 87, 88, 89, 90, 91, 92, 93, 94, 95]",254476.0,254279,116,254592.0,116,254592.0,False,254592.0
35631,execution_finished,4,"[118, 119, 100, 16]",254711.0,254711,23,254734.0,23,254734.0,False,254734.0
35633,execution_finished,4,"[16, 100, 118, 119]",254906.0,254906,231,255137.0,231,255137.0,False,255137.0
35635,execution_finished,1,[100],255137.0,255136,7,255144.0,7,255144.0,False,255144.0
35634,execution_finished,1,[16],255137.0,255060,8,255145.0,8,255145.0,False,255145.0
35608,execution_finished,16,"[64, 65, 66, 67, 68, 69, 70, 71, 56, 57, 58, 59, 60, 61, 62, 63]",255506.0,252806,285,255791.0,285,255791.0,False,255791.0
35637,execution_finished,8,"[56, 57, 58, 59, 60, 61, 62, 63]",255791.0,255391,2,255793.0,2,255793.0,False,255793.0
35638,execution_finished,8,"[64, 65, 66, 67, 68, 69, 70, 71]",255791.0,255419,28,255819.0,28,255819.0,False,255819.0
35639,execution_finished,8,"[56, 57, 58, 59, 60, 61, 62, 63]",255793.0,255447,70,255863.0,70,255863.0,False,255863.0
35649,execution_finished,4,"[64, 65, 66, 67]",255940.0,255940,27,255967.0,27,255967.0,False,255967.0
35644,execution_finished,32,"[17, 18, 19, 20, 21, 22, 23, 24, 25, 26, 27, 28, 29, 30, 31, 32, 33, 34, 35, 36, 37, 38, 39, 40, 41, 42, 43, 44, 45, 46, 47, 101]",259341.0,255724,29,259370.0,29,259370.0,False,259370.0
35651,execution_finished,32,"[17, 18, 19, 20, 21, 22, 23, 24, 25, 26, 27, 28, 29, 30, 31, 32, 33, 34, 35, 36, 37, 38, 39, 40, 41, 42, 43, 44, 45, 46, 47, 101]",259370.0,256372,26,259396.0,26,259396.0,False,259396.0
35646,execution_finished,32,"[0, 1, 2, 3, 4, 5, 6, 7, 8, 9, 10, 11, 12, 13, 14, 15, 48, 49, 50, 51, 52, 53, 54, 55, 72, 73, 74, 75, 76, 77, 78, 79]",259392.0,255773,25,259417.0,25,259417.0,False,259417.0
35647,execution_finished,32,"[80, 81, 82, 83, 84, 85, 86, 87, 88, 89, 90, 91, 92, 93, 94, 95, 96, 97, 98, 99, 102, 103, 104, 105, 106, 107, 108, 109, 110, 111, 112, 113]",259392.0,255806,26,259418.0,26,259418.0,False,259418.0
35657,execution_finished,16,"[8, 9, 10, 11, 12, 13, 14, 15, 48, 49, 50, 51, 52, 53, 54, 55]",259417.0,256744,25,259442.0,25,259442.0,False,259442.0
35654,execution_finished,32,"[80, 81, 82, 83, 84, 85, 86, 87, 88, 89, 90, 91, 92, 93, 94, 95, 96, 97, 98, 99, 102, 103, 104, 105, 106, 107, 108, 109, 110, 111, 112, 113]",259418.0,256617,28,259446.0,28,259446.0,False,259446.0
35664,execution_finished,16,"[8, 9, 10, 11, 12, 13, 14, 15, 48, 49, 50, 51, 52, 53, 54, 55]",259442.0,257215,26,259468.0,26,259468.0,False,259468.0
35655,execution_finished,32,"[80, 81, 82, 83, 84, 85, 86, 87, 88, 89, 90, 91, 92, 93, 94, 95, 96, 97, 98, 99, 102, 103, 104, 105, 106, 107, 108, 109, 110, 111, 112, 113]",259446.0,256677,26,259472.0,26,259472.0,False,259472.0
35670,execution_finished,8,"[72, 73, 74, 75, 76, 77, 78, 79]",259417.0,257648,59,259476.0,59,259476.0,False,259476.0
35668,execution_finished,16,"[8, 9, 10, 11, 12, 13, 14, 15, 48, 49, 50, 51, 52, 53, 54, 55]",259468.0,257432,27,259495.0,27,259495.0,False,259495.0
35658,execution_finished,32,"[80, 81, 82, 83, 84, 85, 86, 87, 88, 89, 90, 91, 92, 93, 94, 95, 96, 97, 98, 99, 102, 103, 104, 105, 106, 107, 108, 109, 110, 111, 112, 113]",259472.0,256918,26,259498.0,26,259498.0,False,259498.0
35669,execution_finished,16,"[8, 9, 10, 11, 12, 13, 14, 15, 48, 49, 50, 51, 52, 53, 54, 55]",259495.0,257568,26,259521.0,26,259521.0,False,259521.0
35661,execution_finished,32,"[80, 81, 82, 83, 84, 85, 86, 87, 88, 89, 90, 91, 92, 93, 94, 95, 96, 97, 98, 99, 102, 103, 104, 105, 106, 107, 108, 109, 110, 111, 112, 113]",259498.0,257115,31,259529.0,31,259529.0,False,259529.0
35672,execution_finished,8,"[8, 9, 10, 11, 12, 13, 14, 15]",259521.0,257704,26,259547.0,26,259547.0,False,259547.0
35674,execution_finished,8,"[48, 49, 50, 51, 52, 53, 54, 55]",259521.0,257818,30,259551.0,30,259551.0,False,259551.0
35680,execution_finished,8,"[113, 112, 111, 110, 109, 108, 107, 106]",259529.0,258278,27,259556.0,27,259556.0,False,259556.0
35678,execution_finished,8,"[88, 89, 90, 91, 92, 93, 94, 95]",259529.0,258069,31,259560.0,31,259560.0,False,259560.0
35684,execution_finished,4,"[76, 77, 78, 79]",259476.0,258383,85,259561.0,85,259561.0,False,259561.0
35676,execution_finished,8,"[80, 81, 82, 83, 84, 85, 86, 87]",259529.0,258013,43,259572.0,43,259572.0,False,259572.0
35686,execution_finished,16,"[106, 107, 108, 109, 110, 111, 112, 113, 88, 89, 90, 91, 92, 93, 94, 95]",259560.0,258430,21,259581.0,21,259581.0,False,259581.0
35679,execution_finished,8,"[96, 97, 98, 99, 102, 103, 104, 105]",259529.0,258229,54,259583.0,54,259583.0,False,259583.0
35693,execution_finished,16,"[92, 93, 94, 95, 106, 107, 108, 109, 110, 111, 112, 113, 96, 97, 98, 99]",259583.0,258750,14,259597.0,14,259597.0,False,259597.0
35688,execution_finished,16,"[76, 77, 78, 79, 80, 81, 82, 83, 84, 85, 86, 87, 88, 89, 90, 91]",259581.0,258540,17,259598.0,17,259598.0,False,259598.0
35671,execution_finished,4,"[72, 73, 74, 75]",259476.0,257664,149,259625.0,149,259625.0,False,259625.0
35697,execution_finished,16,"[102, 103, 104, 105, 92, 93, 94, 95, 96, 97, 98, 99, 106, 107, 108, 109]",259597.0,258924,32,259629.0,32,259629.0,False,259629.0
35701,execution_finished,8,"[48, 49, 50, 51, 52, 53, 54, 55]",259551.0,259309,87,259638.0,87,259638.0,False,259638.0
35677,execution_finished,32,"[113, 112, 111, 110, 109, 108, 107, 106, 105, 104, 103, 102, 99, 98, 97, 96, 95, 94, 93, 92, 91, 90, 89, 88, 87, 86, 85, 84, 83, 82, 81, 80]",259629.0,258066,127,259756.0,127,259756.0,False,259756.0
35681,execution_finished,8,"[8, 9, 10, 11, 12, 13, 14, 15]",259547.0,258330,324,259871.0,324,259871.0,False,259871.0
35685,execution_finished,32,"[113, 112, 111, 110, 109, 108, 107, 106, 105, 104, 103, 102, 99, 98, 97, 96, 95, 94, 93, 92, 91, 90, 89, 88, 87, 86, 85, 84, 83, 82, 81, 80]",259756.0,258423,239,259995.0,239,259995.0,False,259995.0
35687,execution_finished,32,"[113, 112, 111, 110, 109, 108, 107, 106, 105, 104, 103, 102, 99, 98, 97, 96, 95, 94, 93, 92, 91, 90, 89, 88, 87, 86, 85, 84, 83, 82, 81, 80]",259995.0,258457,41,260036.0,41,260036.0,False,260036.0
35691,execution_finished,32,"[113, 112, 111, 110, 109, 108, 107, 106, 105, 104, 103, 102, 99, 98, 97, 96, 95, 94, 93, 92, 91, 90, 89, 88, 87, 86, 85, 84, 83, 82, 81, 80]",260036.0,258733,10,260046.0,10,260046.0,False,260046.0
35692,execution_finished,32,"[113, 112, 111, 110, 109, 108, 107, 106, 105, 104, 103, 102, 99, 98, 97, 96, 95, 94, 93, 92, 91, 90, 89, 88, 87, 86, 85, 84, 83, 82, 81, 80]",260046.0,258742,22,260068.0,22,260068.0,False,260068.0
35699,execution_finished,32,"[113, 112, 111, 110, 109, 108, 107, 106, 105, 104, 103, 102, 99, 98, 97, 96, 95, 94, 93, 92, 91, 90, 89, 88, 87, 86, 85, 84, 83, 82, 81, 80]",260068.0,258974,45,260113.0,45,260113.0,False,260113.0
35705,execution_finished,1,[8],260095.0,260095,24,260119.0,24,260119.0,False,260119.0
35704,execution_finished,32,"[113, 112, 111, 110, 109, 108, 107, 106, 105, 104, 103, 102, 99, 98, 97, 96, 95, 94, 93, 92, 91, 90, 89, 88, 87, 86, 85, 84, 83, 82, 81, 80]",260113.0,260003,118,260231.0,118,260231.0,False,260231.0
35707,execution_finished,32,"[113, 112, 111, 110, 109, 108, 107, 106, 105, 104, 103, 102, 99, 98, 97, 96, 95, 94, 93, 92, 91, 90, 89, 88, 87, 86, 85, 84, 83, 82, 81, 80]",260231.0,260189,469,260700.0,469,260700.0,False,260700.0
35711,execution_finished,1,[87],260700.0,260660,15,260715.0,15,260715.0,False,260715.0
35712,execution_finished,1,[87],260738.0,260738,22,260760.0,22,260760.0,False,260760.0
35713,execution_finished,1,[87],260763.0,260763,9,260772.0,9,260772.0,False,260772.0
35708,execution_finished,16,"[113, 112, 111, 110, 109, 108, 107, 106, 105, 104, 103, 102, 99, 98, 97, 96]",260700.0,260272,87,260787.0,87,260787.0,False,260787.0
35709,execution_finished,8,"[95, 94, 93, 92, 91, 90, 89, 88]",260700.0,260474,89,260789.0,89,260789.0,False,260789.0
35648,execution_finished,32,"[16, 56, 57, 58, 59, 60, 61, 62, 63, 64, 65, 66, 67, 68, 69, 70, 71, 100, 114, 115, 116, 117, 118, 119, 120, 121, 122, 123, 124, 125, 126, 127]",260767.0,255884,26,260793.0,26,260793.0,False,260793.0
35673,execution_finished,64,"[80, 81, 82, 83, 84, 85, 86, 87, 96, 97, 98, 99, 102, 103, 104, 105, 106, 107, 108, 109, 110, 111, 112, 113, 88, 89, 90, 91, 92, 93, 94, 95, 16, 56, 57, 58, 59, 60, 61, 62, 63, 64, 65, 66, 67, 68, 69, 70, 71, 100, 114, 115, 116, 117, 118, 119, 120, 121, 122, 123, 124, 125, 126, 127]",260793.0,257798,178,260971.0,178,260971.0,False,260971.0
35683,execution_finished,64,"[16, 56, 57, 58, 59, 60, 61, 62, 63, 64, 65, 66, 67, 68, 69, 70, 71, 80, 81, 82, 83, 84, 85, 86, 87, 88, 89, 90, 91, 92, 93, 94, 95, 96, 97, 98, 99, 100, 102, 103, 104, 105, 106, 107, 108, 109, 110, 111, 112, 113, 114, 115, 116, 117, 118, 119, 120, 121, 122, 123, 124, 125, 126, 127]",260971.0,258378,29,261000.0,29,261000.0,False,261000.0
35690,execution_finished,64,"[16, 56, 57, 58, 59, 60, 61, 62, 63, 64, 65, 66, 67, 68, 69, 70, 71, 80, 81, 82, 83, 84, 85, 86, 87, 88, 89, 90, 91, 92, 93, 94, 95, 96, 97, 98, 99, 100, 102, 103, 104, 105, 106, 107, 108, 109, 110, 111, 112, 113, 114, 115, 116, 117, 118, 119, 120, 121, 122, 123, 124, 125, 126, 127]",261000.0,258710,12,261012.0,12,261012.0,False,261012.0
35695,execution_finished,32,"[16, 56, 57, 58, 59, 60, 61, 62, 63, 64, 65, 66, 67, 68, 69, 70, 71, 80, 81, 82, 83, 84, 85, 86, 87, 88, 89, 90, 91, 92, 93, 94]",261012.0,258805,1046,262058.0,1046,262058.0,False,262058.0
35703,execution_finished,32,"[95, 96, 97, 98, 99, 100, 102, 103, 104, 105, 106, 107, 108, 109, 110, 111, 112, 113, 114, 115, 116, 117, 118, 119, 120, 121, 122, 123, 124, 125, 126, 127]",261012.0,259855,1099,262111.0,1099,262111.0,False,262111.0
35714,execution_finished,32,"[16, 56, 57, 58, 59, 60, 61, 62, 63, 64, 65, 66, 67, 68, 69, 70, 71, 80, 81, 82, 83, 84, 85, 86, 87, 88, 89, 90, 91, 92, 93, 94]",262058.0,260809,131,262189.0,131,262189.0,False,262189.0
35716,execution_finished,32,"[95, 96, 97, 98, 99, 100, 102, 103, 104, 105, 106, 107, 108, 109, 110, 111, 112, 113, 114, 115, 116, 117, 118, 119, 120, 121, 122, 123, 124, 125, 126, 127]",262111.0,260967,668,262779.0,668,262779.0,False,262779.0
35733,execution_finished,4,"[95, 96, 97, 98]",262779.0,262125,68,262847.0,68,262847.0,False,262847.0
35734,execution_finished,32,"[99, 100, 102, 103, 104, 105, 106, 107, 108, 109, 110, 111, 112, 113, 114, 115, 116, 117, 118, 119, 120, 121, 122, 123, 124, 125, 126, 127, 95, 96, 97, 98]",262847.0,262207,672,263519.0,672,263519.0,False,263519.0
35738,execution_finished,2,"[99, 100]",263519.0,262778,132,263651.0,132,263651.0,False,263651.0
35737,execution_finished,4,"[95, 96, 97, 98]",263519.0,262757,150,263669.0,150,263669.0,False,263669.0
35720,execution_finished,32,"[16, 56, 57, 58, 59, 60, 61, 62, 63, 64, 65, 66, 67, 68, 69, 70, 71, 80, 81, 82, 83, 84, 85, 86, 87, 88, 89, 90, 91, 92, 93, 94]",262189.0,261173,1894,264083.0,1894,264083.0,False,264083.0
35750,execution_finished,1,[69],264083.0,264068,30,264113.0,30,264113.0,False,264113.0
35748,execution_finished,4,"[61, 62, 63, 64]",264083.0,263864,44,264127.0,44,264127.0,False,264127.0
35751,execution_finished,1,[70],264106.0,264106,44,264150.0,44,264150.0,False,264150.0
35752,execution_finished,1,[71],264133.0,264133,31,264164.0,31,264164.0,False,264164.0
35753,execution_finished,1,[80],264178.0,264178,36,264214.0,36,264214.0,False,264214.0
35745,execution_finished,4,"[16, 56, 57, 58]",264083.0,263767,175,264258.0,175,264258.0,False,264258.0
35749,execution_finished,4,"[65, 66, 67, 68]",264083.0,264023,198,264281.0,198,264281.0,False,264281.0
35758,execution_finished,1,[84],264322.0,264322,27,264349.0,27,264349.0,False,264349.0
35756,execution_finished,2,"[90, 89]",264248.0,264248,139,264387.0,139,264387.0,False,264387.0
35757,execution_finished,4,"[88, 87, 86, 85]",264322.0,264267,67,264389.0,67,264389.0,False,264389.0
35755,execution_finished,4,"[94, 93, 92, 91]",264248.0,264218,170,264418.0,170,264418.0,False,264418.0
35747,execution_finished,2,"[59, 60]",264083.0,263788,428,264511.0,428,264511.0,False,264511.0
35761,execution_finished,2,"[59, 60]",264625.0,264625,98,264723.0,98,264723.0,False,264723.0
35760,execution_finished,4,"[94, 93, 92, 91]",264625.0,264604,116,264741.0,116,264741.0,False,264741.0
35715,execution_finished,1,[9],264758.0,260916,21,264779.0,21,264779.0,False,264779.0
35717,execution_finished,1,[10],264811.0,261043,29,264840.0,29,264840.0,False,264840.0
35719,execution_finished,1,[11],264811.0,261110,32,264843.0,32,264843.0,False,264843.0
35723,execution_finished,1,[14],264889.0,261415,28,264917.0,28,264917.0,False,264917.0
35731,execution_finished,8,"[8, 73, 74, 75, 76, 77, 78, 79]",264919.0,261735,22,264941.0,22,264941.0,False,264941.0
35722,execution_finished,1,[13],264889.0,261316,75,264964.0,75,264964.0,False,264964.0
35764,execution_finished,8,"[59, 60, 91, 92, 93, 94, 9, 10]",264956.0,264801,22,264978.0,22,264978.0,False,264978.0
35767,execution_finished,1,[11],264956.0,264956,22,264978.0,22,264978.0,False,264978.0
35724,execution_finished,4,"[15, 48, 49, 50]",264889.0,261451,137,265026.0,137,265026.0,False,265026.0
35768,execution_finished,1,[14],265031.0,264983,8,265039.0,8,265039.0,False,265039.0
35770,execution_finished,4,"[8, 73, 74, 75]",265031.0,265031,20,265051.0,20,265051.0,False,265051.0
35772,execution_finished,4,"[13, 9, 10, 11]",265165.0,265165,20,265185.0,20,265185.0,False,265185.0
35771,execution_finished,4,"[76, 77, 78, 79]",265165.0,265106,21,265186.0,21,265186.0,False,265186.0
35773,execution_finished,1,[59],265230.0,265211,17,265247.0,17,265247.0,False,265247.0
35774,execution_finished,1,[60],265230.0,265230,22,265252.0,22,265252.0,False,265252.0
35730,execution_finished,4,"[53, 54, 55, 72]",264889.0,261721,374,265263.0,374,265263.0,False,265263.0
35721,execution_finished,1,[12],264889.0,261188,384,265273.0,384,265273.0,False,265273.0
35776,execution_finished,1,[59],265355.0,265355,7,265362.0,7,265362.0,False,265362.0
35775,execution_finished,8,"[9, 10, 11, 13, 76, 77, 78, 79]",265355.0,265284,85,265440.0,85,265440.0,False,265440.0
35726,execution_finished,2,"[51, 52]",264889.0,261473,1182,266071.0,1182,266071.0,False,266071.0
35739,execution_finished,32,"[102, 103, 104, 105, 106, 107, 108, 109, 110, 111, 112, 113, 114, 115, 116, 117, 118, 119, 120, 121, 122, 123, 124, 125, 126, 127, 99, 100, 95, 96, 97, 98]",263669.0,262882,2821,266490.0,2821,266490.0,False,266490.0
35754,execution_finished,32,"[95, 96, 97, 98, 99, 100, 102, 103, 104, 105, 106, 107, 108, 109, 110, 111, 112, 113, 114, 115, 116, 117, 118, 119, 120, 121, 122, 123, 124, 125, 126, 127]",266490.0,264208,1898,268388.0,1898,268388.0,False,268388.0
35786,execution_finished,32,"[95, 96, 97, 98, 99, 100, 102, 103, 104, 105, 106, 107, 108, 109, 110, 111, 112, 113, 114, 115, 116, 117, 118, 119, 120, 121, 122, 123, 124, 125, 126, 127]",268388.0,266459,1567,269955.0,1567,269955.0,False,269955.0
35802,execution_finished,32,"[127, 126, 125, 124, 123, 122, 121, 120, 119, 118, 117, 116, 115, 114, 113, 112, 111, 110, 109, 108, 107, 106, 105, 104, 103, 102, 100, 99, 98, 97, 96, 95]",269955.0,268055,51,270006.0,51,270006.0,False,270006.0
35805,execution_finished,32,"[127, 126, 125, 124, 123, 122, 121, 120, 119, 118, 117, 116, 115, 114, 113, 112, 111, 110, 109, 108, 107, 106, 105, 104, 103, 102, 100, 99, 98, 97, 96, 95]",270006.0,268635,84,270090.0,84,270090.0,False,270090.0
35780,execution_finished,8,"[8, 14, 60, 73, 74, 75, 93, 94]",270052.0,266128,88,270140.0,88,270140.0,False,270140.0
35812,execution_finished,16,"[103, 104, 105, 106, 107, 108, 109, 110, 111, 112, 113, 114, 115, 116, 117, 118]",270090.0,269450,90,270180.0,90,270180.0,False,270180.0
35818,execution_finished,1,[119],270090.0,269661,97,270187.0,97,270187.0,False,270187.0
35816,execution_finished,8,"[127, 126, 125, 124, 123, 122, 121, 120]",270090.0,269627,112,270202.0,112,270202.0,False,270202.0
35822,execution_finished,4,"[105, 106, 107, 108]",270180.0,270054,70,270250.0,70,270250.0,False,270250.0
35785,execution_finished,1,[59],270240.0,266458,12,270252.0,12,270252.0,False,270252.0
35821,execution_finished,2,"[103, 104]",270180.0,269832,73,270253.0,73,270253.0,False,270253.0
35823,execution_finished,8,"[109, 110, 111, 112, 113, 114, 115, 116]",270192.0,270192,79,270271.0,79,270271.0,False,270271.0
35781,execution_finished,8,"[9, 10, 11, 12, 13, 53, 54, 55]",270240.0,266277,105,270345.0,105,270345.0,False,270345.0
35653,execution_finished,8,"[0, 1, 2, 3, 4, 5, 6, 7]",259417.0,256614,10936,270353.0,10936,270353.0,False,270353.0
35652,execution_finished,32,"[17, 18, 19, 20, 21, 22, 23, 24, 25, 26, 27, 28, 29, 30, 31, 32, 33, 34, 35, 36, 37, 38, 39, 40, 41, 42, 43, 44, 45, 46, 47, 101]",259396.0,256576,10972,270368.0,10972,270368.0,False,270368.0
35799,execution_finished,64,"[117, 118, 119, 120, 121, 122, 123, 124, 125, 126, 127, 105, 106, 107, 108, 59, 103, 104, 109, 110, 111, 112, 113, 114, 115, 116, 9, 10, 11, 12, 13, 53, 54, 55, 0, 1, 2, 3, 4, 5, 6, 7, 17, 18, 19, 20, 21, 22, 23, 24, 25, 26, 27, 28, 29, 30, 31, 32, 33, 34, 35, 36, 37, 38]",270368.0,267968,21,270389.0,21,270389.0,False,270389.0
35800,execution_finished,64,"[39, 40, 41, 42, 43, 44, 45, 46, 47, 101, 0, 1, 2, 3, 4, 5, 6, 7, 9, 10, 11, 12, 13, 17, 18, 19, 20, 21, 22, 23, 24, 25, 26, 27, 28, 29, 30, 31, 32, 33, 34, 35, 36, 37, 38, 53, 54, 55, 59, 103, 104, 105, 106, 107, 108, 109, 110, 111, 112, 113, 114, 115, 116, 117]",270389.0,268001,47,270436.0,47,270436.0,False,270436.0
35792,execution_finished,1,[76],271088.0,266693,15,271103.0,15,271103.0,False,271103.0
35793,execution_finished,1,[77],271088.0,266726,15,271103.0,15,271103.0,False,271103.0
35794,execution_finished,1,[78],271088.0,266776,15,271103.0,15,271103.0,False,271103.0
35791,execution_finished,1,[72],271088.0,266648,21,271109.0,21,271109.0,False,271109.0
35788,execution_finished,1,[51],271088.0,266514,28,271116.0,28,271116.0,False,271116.0
35830,execution_finished,1,[76],271103.0,270742,20,271123.0,20,271123.0,False,271123.0
35789,execution_finished,1,[52],271088.0,266529,62,271150.0,62,271150.0,False,271150.0
35826,execution_finished,8,"[118, 119, 120, 121, 122, 123, 124, 125]",270419.0,270419,1674,272093.0,1674,272093.0,False,272093.0
35828,execution_finished,8,"[118, 119, 120, 121, 122, 123, 124, 125]",272093.0,270674,51,272144.0,51,272144.0,False,272144.0
35778,execution_finished,32,"[15, 16, 48, 49, 50, 56, 57, 58, 61, 62, 63, 64, 65, 66, 67, 68, 69, 70, 71, 80, 81, 82, 83, 84, 85, 86, 87, 88, 89, 90, 91, 92]",269826.0,265832,2960,272786.0,2960,272786.0,False,272786.0
35808,execution_finished,32,"[15, 16, 48, 49, 50, 56, 57, 58, 61, 62, 63, 64, 65, 66, 67, 68, 69, 70, 71, 80, 81, 82, 83, 84, 85, 86, 87, 88, 89, 90, 91, 92]",272786.0,268905,84,272870.0,84,272870.0,False,272870.0
35825,execution_finished,16,"[92, 91, 90, 89, 88, 87, 86, 85, 84, 83, 82, 81, 80, 71, 70, 69]",272870.0,270391,50,272920.0,50,272920.0,False,272920.0
35807,execution_finished,8,"[79, 95, 96, 97, 98, 99, 100, 102]",272790.0,268890,145,272935.0,145,272935.0,False,272935.0
35827,execution_finished,16,"[68, 67, 66, 65, 64, 63, 62, 61, 58, 57, 56, 50, 49, 48, 16, 15]",272870.0,270449,94,272964.0,94,272964.0,False,272964.0
35831,execution_finished,16,"[92, 91, 90, 89, 88, 87, 86, 85, 84, 83, 82, 81, 80, 71, 70, 69]",272920.0,270751,100,273020.0,100,273020.0,False,273020.0
35832,execution_finished,16,"[102, 100, 99, 98, 97, 96, 95, 79, 68, 67, 66, 65, 64, 63, 62, 61]",272964.0,271346,111,273075.0,111,273075.0,False,273075.0
35833,execution_finished,16,"[92, 91, 90, 89, 88, 87, 86, 85, 84, 83, 82, 81, 80, 71, 70, 69]",273020.0,271387,71,273091.0,71,273091.0,False,273091.0
35837,execution_finished,32,"[102, 100, 99, 98, 97, 96, 95, 92, 91, 90, 89, 88, 87, 86, 85, 84, 83, 82, 81, 80, 79, 71, 70, 69, 68, 67, 66, 65, 64, 63, 62, 61]",273091.0,271608,8,273099.0,8,273099.0,False,273099.0
35806,execution_finished,32,"[34, 35, 36, 37, 38, 39, 40, 41, 42, 43, 44, 45, 46, 47, 53, 54, 55, 59, 101, 103, 104, 105, 106, 107, 108, 109, 110, 111, 112, 113, 114, 115]",270436.0,268808,2679,273115.0,2679,273115.0,False,273115.0
35801,execution_finished,32,"[126, 127, 0, 1, 2, 3, 4, 5, 6, 7, 9, 10, 11, 12, 13, 17, 18, 19, 20, 21, 22, 23, 24, 25, 26, 27, 28, 29, 30, 31, 32, 33]",270436.0,268054,2684,273120.0,2684,273120.0,False,273120.0
35810,execution_finished,64,"[15, 16, 48, 49, 50, 56, 57, 58, 61, 62, 63, 64, 65, 66, 67, 68, 69, 70, 71, 79, 80, 81, 82, 83, 84, 85, 86, 87, 88, 89, 90, 91, 92, 95, 96, 97, 98, 99, 100, 102, 34, 35, 36, 37, 38, 39, 40, 41, 42, 43, 44, 45, 46, 47, 53, 54, 55, 59, 101, 103, 104, 105, 106, 107]",273115.0,269103,34,273149.0,34,273149.0,False,273149.0
35847,execution_finished,32,"[89, 88, 87, 86, 85, 84, 83, 82, 81, 80, 79, 71, 70, 69, 68, 67, 66, 65, 64, 63, 62, 61, 59, 58, 57, 56, 55, 54, 53, 50, 49, 48]",273149.0,272637,18,273167.0,18,273167.0,False,273167.0
35849,execution_finished,32,"[89, 88, 87, 86, 85, 84, 83, 82, 81, 80, 79, 71, 70, 69, 68, 67, 66, 65, 64, 63, 62, 61, 59, 58, 57, 56, 55, 54, 53, 50, 49, 48]",273167.0,272670,21,273188.0,21,273188.0,False,273188.0
35846,execution_finished,16,"[107, 106, 105, 104, 103, 102, 101, 100, 99, 98, 97, 96, 95, 92, 91, 90]",273149.0,272578,128,273277.0,128,273277.0,False,273277.0
35850,execution_finished,32,"[89, 88, 87, 86, 85, 84, 83, 82, 81, 80, 79, 71, 70, 69, 68, 67, 66, 65, 64, 63, 62, 61, 59, 58, 57, 56, 55, 54, 53, 50, 49, 48]",273188.0,272849,156,273344.0,156,273344.0,False,273344.0
35835,execution_finished,16,"[28, 29, 30, 31, 32, 33, 126, 127, 15, 16, 34, 35, 36, 37, 38, 39]",273149.0,271478,207,273356.0,207,273356.0,False,273356.0
35838,execution_finished,16,"[15, 16, 28, 29, 30, 31, 32, 33, 34, 35, 36, 37, 38, 39, 126, 127]",273356.0,271741,239,273595.0,239,273595.0,False,273595.0
35842,execution_finished,16,"[15, 16, 28, 29, 30, 31, 32, 33, 34, 35, 36, 37, 38, 39, 126, 127]",273595.0,272018,292,273887.0,292,273887.0,False,273887.0
35845,execution_finished,1,[118],272246.0,272246,1642,273888.0,1642,273888.0,False,273888.0
35860,execution_finished,1,[30],273887.0,273818,38,273925.0,38,273925.0,False,273925.0
35853,execution_finished,4,"[15, 16, 28, 29]",273887.0,273508,55,273942.0,55,273942.0,False,273942.0
35862,execution_finished,1,[31],274015.0,274015,120,274135.0,120,274135.0,False,274135.0
35865,execution_finished,1,[30],274192.0,274192,17,274209.0,17,274209.0,False,274209.0
35867,execution_finished,1,[15],274225.0,274225,137,274362.0,137,274362.0,False,274362.0
35836,execution_finished,64,"[51, 52, 72, 76, 77, 78, 116, 117, 40, 41, 42, 43, 44, 45, 46, 47, 90, 91, 92, 95, 96, 97, 98, 99, 100, 101, 102, 103, 104, 105, 106, 107, 48, 49, 50, 53, 54, 55, 56, 57, 58, 59, 61, 62, 63, 64, 65, 66, 67, 68, 69, 70, 71, 79, 80, 81, 82, 83, 84, 85, 86, 87, 88, 89]",276044.0,271581,11,276055.0,11,276055.0,False,276055.0
35861,execution_finished,32,"[117, 116, 107, 106, 105, 104, 103, 102, 101, 100, 99, 98, 97, 96, 95, 92, 91, 90, 89, 88, 87, 86, 85, 84, 83, 82, 81, 80, 79, 78, 77, 76]",276055.0,274015,42,276097.0,42,276097.0,False,276097.0
35863,execution_finished,32,"[117, 116, 107, 106, 105, 104, 103, 102, 101, 100, 99, 98, 97, 96, 95, 92, 91, 90, 89, 88, 87, 86, 85, 84, 83, 82, 81, 80, 79, 78, 77, 76]",276097.0,274047,147,276244.0,147,276244.0,False,276244.0
35885,execution_finished,1,[86],276244.0,275234,32,276276.0,32,276276.0,False,276276.0
35888,execution_finished,4,"[85, 84, 83, 82]",276244.0,275485,38,276282.0,38,276282.0,False,276282.0
35892,execution_finished,4,"[79, 78, 77, 76]",276244.0,275725,38,276282.0,38,276282.0,False,276282.0
35877,execution_finished,4,"[97, 96, 95, 92]",276244.0,274682,39,276283.0,39,276283.0,False,276283.0
35890,execution_finished,1,[81],276244.0,275634,41,276285.0,41,276285.0,False,276285.0
35880,execution_finished,4,"[90, 89, 88, 87]",276244.0,274826,42,276286.0,42,276286.0,False,276286.0
35891,execution_finished,1,[80],276244.0,275689,45,276289.0,45,276289.0,False,276289.0
35873,execution_finished,4,"[101, 100, 99, 98]",276244.0,274451,46,276290.0,46,276290.0,False,276290.0
35897,execution_finished,4,"[81, 78, 77, 76]",276285.0,276232,37,276322.0,37,276322.0,False,276322.0
35896,execution_finished,4,"[97, 96, 95, 92]",276283.0,275966,41,276324.0,41,276324.0,False,276324.0
35898,execution_finished,4,"[101, 100, 99, 98]",276295.0,276295,40,276335.0,40,276335.0,False,276335.0
35864,execution_finished,8,"[117, 116, 107, 106, 105, 104, 103, 102]",276244.0,274188,141,276385.0,141,276385.0,False,276385.0
35881,execution_finished,16,"[101, 100, 99, 98, 97, 96, 95, 92, 90, 89, 88, 87, 81, 80, 78, 77]",276335.0,275018,67,276402.0,67,276402.0,False,276402.0
35894,execution_finished,2,"[82, 79]",276282.0,275764,128,276410.0,128,276410.0,False,276410.0
35893,execution_finished,4,"[86, 85, 84, 83]",276282.0,275741,151,276433.0,151,276433.0,False,276433.0
35879,execution_finished,1,[91],276244.0,274797,272,276516.0,272,276516.0,False,276516.0
35866,execution_finished,32,"[117, 116, 107, 106, 105, 104, 103, 102, 101, 100, 99, 98, 97, 96, 95, 92, 91, 90, 89, 88, 87, 86, 85, 84, 83, 82, 81, 80, 79, 78, 77, 76]",276516.0,274205,10,276526.0,10,276526.0,False,276526.0
35871,execution_finished,32,"[117, 116, 107, 106, 105, 104, 103, 102, 101, 100, 99, 98, 97, 96, 95, 92, 91, 90, 89, 88, 87, 86, 85, 84, 83, 82, 81, 80, 79, 78, 77, 76]",276526.0,274369,1,276527.0,1,276527.0,False,276527.0
35851,execution_finished,32,"[40, 41, 42, 43, 44, 45, 46, 47, 48, 49, 50, 51, 52, 53, 54, 55, 56, 57, 58, 59, 61, 62, 63, 64, 65, 66, 67, 68, 69, 70, 71, 72]",276055.0,273009,489,276544.0,489,276544.0,False,276544.0
35858,execution_finished,64,"[76, 77, 78, 79, 80, 81, 82, 83, 84, 85, 86, 87, 88, 89, 90, 91, 92, 95, 96, 97, 98, 99, 100, 101, 102, 103, 104, 105, 106, 107, 116, 117, 40, 41, 42, 43, 44, 45, 46, 47, 48, 49, 50, 51, 52, 53, 54, 55, 56, 57, 58, 59, 61, 62, 63, 64, 65, 66, 67, 68, 69, 70, 71, 72]",276544.0,273798,205,276749.0,205,276749.0,False,276749.0
35870,execution_finished,32,"[76, 77, 78, 79, 80, 81, 82, 83, 84, 85, 86, 87, 88, 89, 90, 91, 92, 95, 96, 97, 98, 99, 100, 101, 102, 103, 104, 105, 106, 107, 116, 117]",276749.0,274325,23,276772.0,23,276772.0,False,276772.0
35868,execution_finished,32,"[40, 41, 42, 43, 44, 45, 46, 47, 48, 49, 50, 51, 52, 53, 54, 55, 56, 57, 58, 59, 61, 62, 63, 64, 65, 66, 67, 68, 69, 70, 71, 72]",276749.0,274237,43,276792.0,43,276792.0,False,276792.0
35872,execution_finished,32,"[76, 77, 78, 79, 80, 81, 82, 83, 84, 85, 86, 87, 88, 89, 90, 91, 92, 95, 96, 97, 98, 99, 100, 101, 102, 103, 104, 105, 106, 107, 116, 117]",276772.0,274378,20,276792.0,20,276792.0,False,276792.0
35875,execution_finished,64,"[40, 41, 42, 43, 44, 45, 46, 47, 48, 49, 50, 51, 52, 53, 54, 55, 56, 57, 58, 59, 61, 62, 63, 64, 65, 66, 67, 68, 69, 70, 71, 72, 76, 77, 78, 79, 80, 81, 82, 83, 84, 85, 86, 87, 88, 89, 90, 91, 92, 95, 96, 97, 98, 99, 100, 101, 102, 103, 104, 105, 106, 107, 116, 117]",276792.0,274536,64,276856.0,64,276856.0,False,276856.0
35876,execution_finished,32,"[40, 41, 42, 43, 44, 45, 46, 47, 48, 49, 50, 51, 52, 53, 54, 55, 56, 57, 58, 59, 61, 62, 63, 64, 65, 66, 67, 68, 69, 70, 71, 72]",276856.0,274671,24,276880.0,24,276880.0,False,276880.0
35901,execution_finished,1,[78],276856.0,276612,33,276889.0,33,276889.0,False,276889.0
35900,execution_finished,1,[77],276856.0,276558,38,276894.0,38,276894.0,False,276894.0
35904,execution_finished,16,"[85, 86, 87, 88, 89, 90, 91, 92, 95, 96, 97, 98, 99, 100, 101, 102]",276856.0,276787,81,276937.0,81,276937.0,False,276937.0
35905,execution_finished,4,"[103, 104, 105, 106]",277068.0,277068,21,277089.0,21,277089.0,False,277089.0
35903,execution_finished,2,"[83, 84]",276856.0,276671,287,277143.0,287,277143.0,False,277143.0
35906,execution_finished,4,"[107, 116, 117, 40]",277098.0,277098,63,277161.0,63,277161.0,False,277161.0
35902,execution_finished,4,"[79, 80, 81, 82]",276856.0,276649,309,277165.0,309,277165.0,False,277165.0
35907,execution_finished,4,"[41, 42, 43, 44]",277130.0,277130,106,277236.0,106,277236.0,False,277236.0
35908,execution_finished,2,"[45, 46]",277152.0,277152,84,277236.0,84,277236.0,False,277236.0
35910,execution_finished,4,"[90, 91, 92, 95]",277218.0,277218,41,277259.0,41,277259.0,False,277259.0
35909,execution_finished,32,"[47, 48, 49, 50, 51, 52, 53, 54, 55, 56, 57, 58, 59, 61, 62, 63, 64, 65, 66, 67, 68, 69, 70, 71, 72, 78, 77, 85, 86, 87, 88, 89]",277159.0,277159,136,277295.0,136,277295.0,False,277295.0
35913,execution_finished,2,"[72, 77]",277584.0,277584,362,277946.0,362,277946.0,False,277946.0
35912,execution_finished,4,"[68, 69, 70, 71]",277562.0,277562,385,277947.0,385,277947.0,False,277947.0
35914,execution_finished,4,"[72, 77, 68, 69]",277947.0,277658,38,277985.0,38,277985.0,False,277985.0
35915,execution_finished,4,"[70, 71, 68, 69]",277985.0,277710,38,278023.0,38,278023.0,False,278023.0
35916,execution_finished,4,"[72, 77, 68, 69]",278023.0,277791,52,278075.0,52,278075.0,False,278075.0
35917,execution_finished,4,"[70, 71, 68, 69]",278075.0,277891,37,278112.0,37,278112.0,False,278112.0
35889,execution_finished,1,[76],276856.0,275544,2861,279717.0,2861,279717.0,False,279717.0
35911,execution_finished,64,"[15, 16, 28, 29, 30, 31, 32, 33, 34, 35, 36, 37, 38, 39, 118, 119, 120, 121, 122, 123, 124, 125, 126, 127, 83, 84, 40, 107, 116, 117, 79, 80, 81, 82, 41, 42, 43, 44, 45, 46, 90, 91, 92, 95, 47, 48, 49, 50, 51, 52, 53, 54, 55, 56, 57, 58, 59, 61, 62, 63, 64, 65, 66, 67]",280129.0,277429,223,280352.0,223,280352.0,False,280352.0
35933,execution_finished,1,[119],280352.0,279372,3,280355.0,3,280355.0,False,280355.0
35927,execution_finished,8,"[127, 126, 125, 124, 123, 122, 121, 120]",280352.0,279266,29,280381.0,29,280381.0,False,280381.0
35921,execution_finished,4,"[91, 92, 95, 107]",280352.0,278541,38,280390.0,38,280390.0,False,280390.0
35920,execution_finished,32,"[42, 43, 44, 45, 46, 47, 48, 49, 50, 51, 52, 53, 54, 55, 56, 57, 58, 59, 61, 62, 63, 64, 65, 66, 67, 79, 80, 81, 82, 83, 84, 90]",280352.0,278315,231,280583.0,231,280583.0,False,280583.0
35923,execution_finished,16,"[117, 118, 119, 120, 121, 122, 123, 124, 125, 126, 127, 91, 92, 95, 107, 42]",280583.0,278686,6,280589.0,6,280589.0,False,280589.0
35924,execution_finished,16,"[43, 44, 45, 46, 47, 48, 49, 50, 51, 52, 53, 54, 55, 56, 57, 58]",280583.0,278693,88,280671.0,88,280671.0,False,280671.0
35926,execution_finished,16,"[91, 92, 95, 107, 117, 118, 119, 120, 121, 122, 123, 124, 125, 126, 127, 43]",280671.0,279222,68,280739.0,68,280739.0,False,280739.0
35919,execution_finished,16,"[15, 16, 28, 29, 30, 31, 32, 33, 34, 35, 36, 37, 38, 39, 40, 41]",280352.0,278115,421,280773.0,421,280773.0,False,280773.0
35929,execution_finished,4,"[91, 92, 95, 107]",280739.0,279345,38,280777.0,38,280777.0,False,280777.0
35930,execution_finished,16,"[125, 126, 127, 15, 16, 28, 29, 30, 31, 32, 33, 34, 35, 36, 37, 38]",280773.0,279349,6,280779.0,6,280779.0,False,280779.0
35931,execution_finished,16,"[92, 95, 107, 15, 16, 28, 29, 30, 31, 32, 33, 34, 35, 36, 37, 38]",280779.0,279357,6,280785.0,6,280785.0,False,280785.0
35928,execution_finished,16,"[44, 45, 46, 47, 48, 49, 50, 51, 52, 53, 54, 55, 56, 57, 58, 43]",280739.0,279295,48,280787.0,48,280787.0,False,280787.0
35940,execution_finished,4,"[107, 95, 92, 58]",280787.0,280228,43,280830.0,43,280830.0,False,280830.0
35936,execution_finished,4,"[39, 40, 41, 91]",280777.0,279695,67,280844.0,67,280844.0,False,280844.0
35932,execution_finished,16,"[125, 126, 127, 15, 16, 28, 29, 30, 31, 32, 33, 34, 35, 36, 37, 38]",280785.0,279364,74,280859.0,74,280859.0,False,280859.0
35937,execution_finished,4,"[43, 44, 45, 46]",280787.0,279856,73,280860.0,73,280860.0,False,280860.0
35938,execution_finished,4,"[47, 48, 49, 50]",280787.0,279934,223,281010.0,223,281010.0,False,281010.0
35925,execution_finished,16,"[59, 61, 62, 63, 64, 65, 66, 67, 79, 80, 81, 82, 83, 84, 90, 42]",280589.0,278768,440,281029.0,440,281029.0,False,281029.0
35943,execution_finished,16,"[90, 84, 83, 82, 81, 80, 79, 67, 66, 65, 64, 63, 62, 61, 59, 50]",281029.0,280436,47,281076.0,47,281076.0,False,281076.0
35819,execution_finished,8,"[8, 14, 60, 73, 74, 75, 93, 94]",270140.0,269711,10939,281079.0,10939,281079.0,False,281079.0
35935,execution_finished,8,"[117, 118, 119, 120, 121, 122, 123, 124]",280739.0,279611,496,281235.0,496,281235.0,False,281235.0
35939,execution_finished,32,"[49, 50, 59, 61, 62, 63, 64, 65, 66, 67, 79, 80, 81, 82, 83, 84, 90, 14, 60, 73, 74, 75, 93, 94, 117, 118, 119, 120, 121, 122, 123, 124]",281235.0,280161,86,281321.0,86,281321.0,False,281321.0
35918,execution_finished,8,"[96, 97, 98, 99, 100, 101, 102, 103]",281889.0,277982,48,281937.0,48,281937.0,False,281937.0
35922,execution_finished,16,"[68, 69, 70, 71, 72, 77, 78, 85, 86, 87, 88, 89, 104, 105, 106, 116]",283052.0,278594,59,283111.0,59,283111.0,False,283111.0
35944,execution_finished,16,"[68, 69, 70, 71, 72, 77, 78, 85, 86, 87, 88, 89, 104, 105, 106, 116]",283111.0,280488,92,283203.0,92,283203.0,False,283203.0
35945,execution_finished,16,"[68, 69, 70, 71, 72, 77, 78, 85, 86, 87, 88, 89, 104, 105, 106, 116]",283203.0,280584,112,283315.0,112,283315.0,False,283315.0
35947,execution_finished,8,"[68, 69, 70, 71, 72, 77, 78, 85]",283315.0,281146,113,283428.0,113,283428.0,False,283428.0
35934,execution_finished,32,"[51, 52, 53, 54, 55, 56, 57, 58, 92, 95, 107, 39, 40, 41, 91, 15, 16, 28, 29, 30, 31, 32, 33, 34, 35, 36, 37, 38, 125, 126, 127, 43]",280860.0,279601,3194,284054.0,3194,284054.0,False,284054.0
35817,execution_finished,32,"[108, 109, 110, 111, 112, 113, 114, 115, 0, 1, 2, 3, 4, 5, 6, 7, 9, 10, 11, 12, 13, 17, 18, 19, 20, 21, 22, 23, 24, 25, 26, 27]",273120.0,269660,10989,284109.0,10989,284109.0,False,284109.0
35948,execution_finished,32,"[15, 16, 28, 29, 30, 31, 32, 33, 34, 35, 36, 37, 38, 39, 40, 41, 43, 51, 52, 53, 54, 55, 56, 57, 58, 91, 92, 95, 107, 125, 126, 127]",284054.0,281265,124,284178.0,124,284178.0,False,284178.0
35950,execution_finished,32,"[0, 1, 2, 3, 4, 5, 6, 7, 9, 10, 11, 12, 13, 17, 18, 19, 20, 21, 22, 23, 24, 25, 26, 27, 108, 109, 110, 111, 112, 113, 114, 115]",284109.0,282805,82,284191.0,82,284191.0,False,284191.0
35951,execution_finished,32,"[15, 16, 28, 29, 30, 31, 32, 33, 34, 35, 36, 37, 38, 39, 40, 41, 43, 51, 52, 53, 54, 55, 56, 57, 58, 91, 92, 95, 107, 125, 126, 127]",284178.0,282892,116,284294.0,116,284294.0,False,284294.0
35955,execution_finished,1,[15],284294.0,284026,13,284307.0,13,284307.0,False,284307.0
35953,execution_finished,32,"[0, 1, 2, 3, 4, 5, 6, 7, 9, 10, 11, 12, 13, 17, 18, 19, 20, 21, 22, 23, 24, 25, 26, 27, 108, 109, 110, 111, 112, 113, 114, 115]",284191.0,283446,1145,285336.0,1145,285336.0,False,285336.0
35946,execution_finished,8,"[76, 96, 97, 98, 99, 100, 101, 102]",284637.0,280666,1108,285745.0,1108,285745.0,False,285745.0
35960,execution_finished,1,[96],285745.0,285681,105,285850.0,105,285850.0,False,285850.0
35959,execution_finished,1,[76],285745.0,285440,109,285854.0,109,285854.0,False,285854.0
35952,execution_finished,16,"[45, 46, 86, 87, 88, 89, 104, 105, 106, 116, 68, 69, 70, 71, 72, 77]",286128.0,283325,6,286134.0,6,286134.0,False,286134.0
35961,execution_finished,1,[45],286184.0,286184,106,286290.0,106,286290.0,False,286290.0
35954,execution_finished,1,[103],286891.0,283835,108,286999.0,108,286999.0,False,286999.0
35949,execution_finished,1,[44],286015.0,282764,1044,287059.0,1044,287059.0,False,287059.0
35963,execution_finished,1,[103],287174.0,287174,247,287421.0,247,287421.0,False,287421.0
35964,execution_finished,1,[103],287447.0,287447,92,287539.0,92,287539.0,False,287539.0
35965,execution_finished,1,[103],287546.0,287546,20,287566.0,20,287566.0,False,287566.0
35956,execution_finished,32,"[0, 1, 2, 3, 4, 5, 6, 7, 9, 10, 11, 12, 13, 17, 18, 19, 20, 21, 22, 23, 24, 25, 26, 27, 108, 109, 110, 111, 112, 113, 114, 115]",285336.0,284617,2921,288257.0,2921,288257.0,False,288257.0
35957,execution_finished,1,[78],288228.0,285002,95,288323.0,95,288323.0,False,288323.0
35958,execution_finished,1,[85],288228.0,285120,126,288354.0,126,288354.0,False,288354.0
35942,execution_finished,4,"[47, 48, 42, 8]",281160.0,280337,7203,288363.0,7203,288363.0,False,288363.0
35969,execution_finished,1,[47],288529.0,288529,7,288536.0,7,288536.0,False,288536.0
35967,execution_finished,4,"[78, 85, 8, 42]",288504.0,288504,79,288583.0,79,288583.0,False,288583.0
35941,execution_finished,32,"[14, 49, 50, 59, 60, 61, 62, 63, 64, 65, 66, 67, 73, 74, 75, 79, 80, 81, 82, 83, 84, 90, 93, 94, 117, 118, 119, 120, 121, 122, 123, 124]",281321.0,280272,7267,288588.0,7267,288588.0,False,288588.0
35966,execution_finished,32,"[0, 1, 2, 3, 4, 5, 6, 7, 9, 10, 11, 12, 13, 17, 18, 19, 20, 21, 22, 23, 24, 25, 26, 27, 108, 109, 110, 111, 112, 113, 114, 115]",288449.0,288449,178,288627.0,178,288627.0,False,288627.0
35970,execution_finished,1,[48],288588.0,288588,83,288671.0,83,288671.0,False,288671.0
35971,execution_finished,4,"[47, 8, 42, 78]",288651.0,288651,28,288679.0,28,288679.0,False,288679.0
35972,execution_finished,1,[85],288688.0,288688,34,288722.0,34,288722.0,False,288722.0
35973,execution_finished,4,"[14, 49, 50, 59]",288709.0,288709,24,288733.0,24,288733.0,False,288733.0
35975,execution_finished,4,"[85, 14, 49, 50]",288985.0,288985,167,289152.0,167,289152.0,False,289152.0
35962,execution_finished,1,[15],289542.0,286842,140,289682.0,140,289682.0,False,289682.0
35968,execution_finished,4,"[16, 28, 29, 30]",291210.0,288510,126,291336.0,126,291336.0,False,291336.0
35976,execution_finished,1,[89],291746.0,289046,5,291751.0,5,291751.0,False,291751.0
35977,execution_finished,1,[91],291762.0,289062,6,291768.0,6,291768.0,False,291768.0
35974,execution_finished,32,"[31, 32, 33, 34, 35, 36, 37, 38, 39, 40, 41, 43, 45, 46, 51, 52, 53, 54, 55, 56, 57, 58, 68, 69, 70, 71, 72, 76, 77, 86, 87, 88]",291628.0,288928,219,291847.0,219,291847.0,False,291847.0
35978,execution_finished,4,"[0, 1, 2, 3]",295112.0,292412,35,295147.0,35,295147.0,False,295147.0
35979,execution_finished,4,"[4, 5, 6, 7]",295442.0,292742,25,295467.0,25,295467.0,False,295467.0
35980,execution_finished,8,"[8, 9, 10, 11, 12, 13, 14, 15]",295474.0,292774,106,295580.0,106,295580.0,False,295580.0
35981,execution_finished,8,"[17, 18, 19, 20, 21, 22, 23, 24]",295483.0,292783,98,295581.0,98,295581.0,False,295581.0
35984,execution_finished,1,[102],295668.0,292968,4,295672.0,4,295672.0,False,295672.0
35983,execution_finished,8,"[94, 95, 96, 97, 98, 99, 100, 101]",295650.0,292950,42,295692.0,42,295692.0,False,295692.0
35986,execution_finished,1,[107],295728.0,293028,4,295732.0,4,295732.0,False,295732.0
35982,execution_finished,32,"[25, 26, 27, 42, 44, 47, 48, 49, 50, 59, 60, 61, 62, 63, 64, 65, 66, 67, 73, 74, 75, 78, 79, 80, 81, 82, 83, 84, 85, 90, 92, 93]",295645.0,292945,100,295745.0,100,295745.0,False,295745.0
35987,execution_finished,1,[108],295741.0,293041,6,295747.0,6,295747.0,False,295747.0
35985,execution_finished,4,"[103, 104, 105, 106]",295702.0,293002,51,295753.0,51,295753.0,False,295753.0
35988,execution_finished,1,[109],295758.0,293058,3,295761.0,3,295761.0,False,295761.0
35989,execution_finished,1,[110],296004.0,293304,3,296007.0,3,296007.0,False,296007.0
35990,execution_finished,128,"[0, 1, 2, 3, 4, 5, 6, 7, 8, 9, 10, 11, 12, 13, 14, 15, 16, 17, 18, 19, 20, 21, 22, 23, 24, 25, 26, 27, 28, 29, 30, 31, 32, 33, 34, 35, 36, 37, 38, 39, 40, 41, 42, 43, 44, 45, 46, 47, 48, 49, 50, 51, 52, 53, 54, 55, 56, 57, 58, 59, 60, 61, 62, 63, 64, 65, 66, 67, 68, 69, 70, 71, 72, 73, 74, 75, 76, 77, 78, 79, 80, 81, 82, 83, 84, 85, 86, 87, 88, 89, 90, 91, 92, 93, 94, 95, 96, 97, 98, 99, 100, 101, 102, 103, 104, 105, 106, 107, 108, 109, 110, 111, 112, 113, 114, 115, 116, 117, 118, 119, 120, 121, 122, 123, 124, 125, 126, 127]",300807.0,295575,743,301550.0,743,301550.0,False,301550.0
35991,execution_finished,128,"[0, 1, 2, 3, 4, 5, 6, 7, 8, 9, 10, 11, 12, 13, 14, 15, 16, 17, 18, 19, 20, 21, 22, 23, 24, 25, 26, 27, 28, 29, 30, 31, 32, 33, 34, 35, 36, 37, 38, 39, 40, 41, 42, 43, 44, 45, 46, 47, 48, 49, 50, 51, 52, 53, 54, 55, 56, 57, 58, 59, 60, 61, 62, 63, 64, 65, 66, 67, 68, 69, 70, 71, 72, 73, 74, 75, 76, 77, 78, 79, 80, 81, 82, 83, 84, 85, 86, 87, 88, 89, 90, 91, 92, 93, 94, 95, 96, 97, 98, 99, 100, 101, 102, 103, 104, 105, 106, 107, 108, 109, 110, 111, 112, 113, 114, 115, 116, 117, 118, 119, 120, 121, 122, 123, 124, 125, 126, 127]",301550.0,296608,500,302050.0,500,302050.0,False,302050.0
35993,execution_finished,64,"[64, 65, 66, 67, 68, 69, 70, 71, 72, 73, 74, 75, 76, 77, 78, 79, 80, 81, 82, 83, 84, 85, 86, 87, 88, 89, 90, 91, 92, 93, 94, 95, 96, 97, 98, 99, 100, 101, 102, 103, 104, 105, 106, 107, 108, 109, 110, 111, 112, 113, 114, 115, 116, 117, 118, 119, 120, 121, 122, 123, 124, 125, 126, 127]",302050.0,297505,472,302522.0,472,302522.0,False,302522.0
35995,execution_finished,1,[96],302522.0,298176,64,302586.0,64,302586.0,False,302586.0
35996,execution_finished,8,"[97, 98, 99, 100, 101, 102, 103, 104]",302522.0,298320,123,302645.0,123,302645.0,False,302645.0
35997,execution_finished,32,"[105, 106, 107, 108, 109, 110, 111, 112, 113, 114, 115, 116, 117, 118, 119, 120, 121, 122, 123, 124, 125, 126, 127, 96, 97, 98, 99, 100, 101, 102, 103, 104]",302645.0,298490,72,302717.0,72,302717.0,False,302717.0
35994,execution_finished,32,"[64, 65, 66, 67, 68, 69, 70, 71, 72, 73, 74, 75, 76, 77, 78, 79, 80, 81, 82, 83, 84, 85, 86, 87, 88, 89, 90, 91, 92, 93, 94, 95]",302522.0,298131,373,302895.0,373,302895.0,False,302895.0
35999,execution_finished,32,"[112, 113, 114, 115, 116, 117, 118, 119, 120, 121, 122, 123, 124, 125, 126, 127, 64, 65, 66, 67, 68, 69, 70, 71, 72, 73, 74, 75, 76, 77, 78, 79]",302895.0,298649,52,302947.0,52,302947.0,False,302947.0
36000,execution_finished,32,"[80, 81, 82, 83, 84, 85, 86, 87, 88, 89, 90, 91, 92, 93, 94, 95, 64, 65, 66, 67, 68, 69, 70, 71, 72, 73, 74, 75, 76, 77, 78, 79]",302947.0,298762,281,303228.0,281,303228.0,False,303228.0
36001,execution_finished,32,"[112, 113, 114, 115, 116, 117, 118, 119, 120, 121, 122, 123, 124, 125, 126, 127, 64, 65, 66, 67, 68, 69, 70, 71, 72, 73, 74, 75, 76, 77, 78, 79]",303228.0,299106,5,303233.0,5,303233.0,False,303233.0
35998,execution_finished,16,"[96, 97, 98, 99, 100, 101, 102, 103, 104, 105, 106, 107, 108, 109, 110, 111]",302717.0,298627,860,303577.0,860,303577.0,False,303577.0
35992,execution_finished,64,"[0, 1, 2, 3, 4, 5, 6, 7, 8, 9, 10, 11, 12, 13, 14, 15, 16, 17, 18, 19, 20, 21, 22, 23, 24, 25, 26, 27, 28, 29, 30, 31, 32, 33, 34, 35, 36, 37, 38, 39, 40, 41, 42, 43, 44, 45, 46, 47, 48, 49, 50, 51, 52, 53, 54, 55, 56, 57, 58, 59, 60, 61, 62, 63]",302050.0,297112,6185,308235.0,6185,308235.0,False,308235.0
36002,execution_finished,128,"[64, 65, 66, 67, 68, 69, 70, 71, 72, 73, 74, 75, 76, 77, 78, 79, 80, 81, 82, 83, 84, 85, 86, 87, 88, 89, 90, 91, 92, 93, 94, 95, 96, 97, 98, 99, 100, 101, 102, 103, 104, 105, 106, 107, 108, 109, 110, 111, 112, 113, 114, 115, 116, 117, 118, 119, 120, 121, 122, 123, 124, 125, 126, 127, 0, 1, 2, 3, 4, 5, 6, 7, 8, 9, 10, 11, 12, 13, 14, 15, 16, 17, 18, 19, 20, 21, 22, 23, 24, 25, 26, 27, 28, 29, 30, 31, 32, 33, 34, 35, 36, 37, 38, 39, 40, 41, 42, 43, 44, 45, 46, 47, 48, 49, 50, 51, 52, 53, 54, 55, 56, 57, 58, 59, 60, 61, 62, 63]",310935.0,303302,91,311026.0,91,311026.0,False,311026.0
36008,execution_finished,1,[66],311026.0,304822,10,311036.0,10,311036.0,False,311036.0
36005,execution_finished,1,[64],311026.0,304596,28,311054.0,28,311054.0,False,311054.0
36047,execution_finished,1,[77],311026.0,310785,81,311107.0,81,311107.0,False,311107.0
36013,execution_finished,1,[70],311026.0,305442,88,311114.0,88,311114.0,False,311114.0
36021,execution_finished,1,[72],311026.0,306649,88,311114.0,88,311114.0,False,311114.0
36024,execution_finished,1,[74],311026.0,307013,90,311116.0,90,311116.0,False,311116.0
36023,execution_finished,1,[73],311026.0,306808,95,311121.0,95,311121.0,False,311121.0
36006,execution_finished,1,[65],311026.0,304653,96,311122.0,96,311122.0,False,311122.0
36009,execution_finished,1,[67],311026.0,304857,98,311124.0,98,311124.0,False,311124.0
36010,execution_finished,1,[68],311026.0,305026,99,311125.0,99,311125.0,False,311125.0
36020,execution_finished,1,[71],311026.0,306437,107,311133.0,107,311133.0,False,311133.0
36011,execution_finished,1,[69],311026.0,305178,112,311138.0,112,311138.0,False,311138.0
36048,execution_finished,1,[78],311026.0,311000,121,311147.0,121,311147.0,False,311147.0
36044,execution_finished,1,[75],311026.0,310240,235,311261.0,235,311261.0,False,311261.0
36045,execution_finished,1,[76],311026.0,310504,248,311274.0,248,311274.0,False,311274.0
36063,execution_finished,1,[64],316776.0,314076,112,316888.0,112,316888.0,False,316888.0
36091,execution_finished,1,[64],321796.0,319096,105,321901.0,105,321901.0,False,321901.0
36003,execution_finished,64,"[0, 1, 2, 3, 4, 5, 6, 7, 8, 9, 10, 11, 12, 13, 14, 15, 16, 17, 18, 19, 20, 21, 22, 23, 24, 25, 26, 27, 28, 29, 30, 31, 32, 33, 34, 35, 36, 37, 38, 39, 40, 41, 42, 43, 44, 45, 46, 47, 48, 49, 50, 51, 52, 53, 54, 55, 56, 57, 58, 59, 60, 61, 62, 63]",311026.0,303397,10925,321951.0,10925,321951.0,False,321951.0
36092,execution_finished,1,[65],321966.0,319266,84,322050.0,84,322050.0,False,322050.0
36094,execution_finished,1,[66],322190.0,319490,27,322217.0,27,322217.0,False,322217.0
36095,execution_finished,1,[67],322226.0,319526,97,322323.0,97,322323.0,False,322323.0
36111,execution_finished,1,[0],322246.0,322246,117,322363.0,117,322363.0,False,322363.0
36113,execution_finished,1,[66],322449.0,322449,110,322559.0,110,322559.0,False,322559.0
36114,execution_finished,1,[0],322628.0,322628,101,322729.0,101,322729.0,False,322729.0
36116,execution_finished,1,[66],322817.0,322817,103,322920.0,103,322920.0,False,322920.0
36117,execution_finished,1,[0],323017.0,323017,96,323113.0,96,323113.0,False,323113.0
36120,execution_finished,1,[0],323236.0,323236,118,323354.0,118,323354.0,False,323354.0
36104,execution_finished,1,[68],324223.0,321523,139,324362.0,139,324362.0,False,324362.0
36126,execution_finished,1,[68],324524.0,324524,100,324624.0,100,324624.0,False,324624.0
36108,execution_finished,1,[69],324520.0,321820,108,324628.0,108,324628.0,False,324628.0
36129,execution_finished,128,"[0, 1, 2, 3, 4, 5, 6, 7, 8, 9, 10, 11, 12, 13, 14, 15, 16, 17, 18, 19, 20, 21, 22, 23, 24, 25, 26, 27, 28, 29, 30, 31, 32, 33, 34, 35, 36, 37, 38, 39, 40, 41, 42, 43, 44, 45, 46, 47, 48, 49, 50, 51, 52, 53, 54, 55, 56, 57, 58, 59, 60, 61, 62, 63, 64, 65, 66, 67, 68, 69, 70, 71, 72, 73, 74, 75, 76, 77, 78, 79, 80, 81, 82, 83, 84, 85, 86, 87, 88, 89, 90, 91, 92, 93, 94, 95, 96, 97, 98, 99, 100, 101, 102, 103, 104, 105, 106, 107, 108, 109, 110, 111, 112, 113, 114, 115, 116, 117, 118, 119, 120, 121, 122, 123, 124, 125, 126, 127]",329428.0,324685,747,330175.0,747,330175.0,False,330175.0
36143,execution_finished,1,[27],330175.0,327007,4,330179.0,4,330179.0,False,330179.0
36146,execution_finished,1,[127],330175.0,327409,6,330181.0,6,330181.0,False,330181.0
36131,execution_finished,1,[0],330175.0,325894,7,330182.0,7,330182.0,False,330182.0
36142,execution_finished,1,[26],330175.0,326988,8,330183.0,8,330183.0,False,330183.0
36141,execution_finished,8,"[18, 19, 20, 21, 22, 23, 24, 25]",330175.0,326658,11,330186.0,11,330186.0,False,330186.0
36147,execution_finished,1,[126],330175.0,327437,13,330188.0,13,330188.0,False,330188.0
36139,execution_finished,8,"[10, 11, 12, 13, 14, 15, 16, 17]",330175.0,326599,15,330190.0,15,330190.0,False,330190.0
36134,execution_finished,8,"[2, 3, 4, 5, 6, 7, 8, 9]",330175.0,326279,22,330197.0,22,330197.0,False,330197.0
36132,execution_finished,1,[1],330175.0,325915,1101,331276.0,1101,331276.0,False,331276.0
36165,execution_finished,1,[1],331276.0,331014,5,331281.0,5,331281.0,False,331281.0
36166,execution_finished,1,[1],331281.0,331068,5,331286.0,5,331286.0,False,331286.0
36168,execution_finished,1,[1],331435.0,331435,11,331446.0,11,331446.0,False,331446.0
36169,execution_finished,1,[1],331521.0,331521,5,331526.0,5,331526.0,False,331526.0
36170,execution_finished,1,[1],331551.0,331551,16,331567.0,16,331567.0,False,331567.0
36171,execution_finished,1,[1],331623.0,331623,4,331627.0,4,331627.0,False,331627.0
36176,execution_finished,1,[1],331809.0,331809,19,331828.0,19,331828.0,False,331828.0
36178,execution_finished,1,[1],332041.0,332041,5,332046.0,5,332046.0,False,332046.0
36145,execution_finished,128,"[0, 2, 3, 4, 5, 6, 7, 8, 9, 10, 11, 12, 13, 14, 15, 16, 17, 18, 19, 20, 21, 22, 23, 24, 25, 26, 27, 28, 29, 30, 31, 32, 33, 34, 35, 36, 37, 38, 39, 40, 41, 42, 43, 44, 45, 46, 47, 48, 49, 50, 51, 52, 53, 54, 55, 56, 57, 58, 59, 60, 61, 62, 63, 64, 65, 66, 67, 68, 69, 70, 71, 72, 73, 74, 75, 76, 77, 78, 79, 80, 81, 82, 83, 84, 85, 86, 87, 88, 89, 90, 91, 92, 93, 94, 95, 96, 97, 98, 99, 100, 101, 102, 103, 104, 105, 106, 107, 108, 109, 110, 111, 112, 113, 114, 115, 116, 117, 118, 119, 120, 121, 122, 123, 124, 125, 126, 127, 1]",334997.0,327355,28,335025.0,28,335025.0,False,335025.0
36148,execution_finished,128,"[0, 1, 2, 3, 4, 5, 6, 7, 8, 9, 10, 11, 12, 13, 14, 15, 16, 17, 18, 19, 20, 21, 22, 23, 24, 25, 26, 27, 28, 29, 30, 31, 32, 33, 34, 35, 36, 37, 38, 39, 40, 41, 42, 43, 44, 45, 46, 47, 48, 49, 50, 51, 52, 53, 54, 55, 56, 57, 58, 59, 60, 61, 62, 63, 64, 65, 66, 67, 68, 69, 70, 71, 72, 73, 74, 75, 76, 77, 78, 79, 80, 81, 82, 83, 84, 85, 86, 87, 88, 89, 90, 91, 92, 93, 94, 95, 96, 97, 98, 99, 100, 101, 102, 103, 104, 105, 106, 107, 108, 109, 110, 111, 112, 113, 114, 115, 116, 117, 118, 119, 120, 121, 122, 123, 124, 125, 126, 127]",335025.0,327512,344,335369.0,344,335369.0,False,335369.0
36154,execution_finished,128,"[0, 1, 2, 3, 4, 5, 6, 7, 8, 9, 10, 11, 12, 13, 14, 15, 16, 17, 18, 19, 20, 21, 22, 23, 24, 25, 26, 27, 28, 29, 30, 31, 32, 33, 34, 35, 36, 37, 38, 39, 40, 41, 42, 43, 44, 45, 46, 47, 48, 49, 50, 51, 52, 53, 54, 55, 56, 57, 58, 59, 60, 61, 62, 63, 64, 65, 66, 67, 68, 69, 70, 71, 72, 73, 74, 75, 76, 77, 78, 79, 80, 81, 82, 83, 84, 85, 86, 87, 88, 89, 90, 91, 92, 93, 94, 95, 96, 97, 98, 99, 100, 101, 102, 103, 104, 105, 106, 107, 108, 109, 110, 111, 112, 113, 114, 115, 116, 117, 118, 119, 120, 121, 122, 123, 124, 125, 126, 127]",335369.0,328184,741,336110.0,741,336110.0,False,336110.0
36216,execution_finished,1,[120],336110.0,334774,5,336115.0,5,336115.0,False,336115.0
36232,execution_finished,1,[105],336110.0,335836,5,336115.0,5,336115.0,False,336115.0
36179,execution_finished,1,[32],336110.0,332299,8,336118.0,8,336118.0,False,336118.0
36233,execution_finished,1,[104],336110.0,335899,11,336121.0,11,336121.0,False,336121.0
36192,execution_finished,1,[127],336110.0,333380,12,336122.0,12,336122.0,False,336122.0
36199,execution_finished,1,[125],336110.0,333961,12,336122.0,12,336122.0,False,336122.0
36231,execution_finished,1,[106],336110.0,335717,12,336122.0,12,336122.0,False,336122.0
36198,execution_finished,1,[126],336110.0,333896,13,336123.0,13,336123.0,False,336123.0
36209,execution_finished,1,[122],336110.0,334471,13,336123.0,13,336123.0,False,336123.0
36206,execution_finished,1,[123],336110.0,334266,14,336124.0,14,336124.0,False,336124.0
36227,execution_finished,1,[115],336110.0,335400,15,336125.0,15,336125.0,False,336125.0
36202,execution_finished,1,[124],336110.0,334130,19,336129.0,19,336129.0,False,336129.0
36213,execution_finished,1,[121],336110.0,334672,26,336136.0,26,336136.0,False,336136.0
36237,execution_finished,4,"[103, 102, 101, 100]",336110.0,336089,27,336137.0,27,336137.0,False,336137.0
36228,execution_finished,4,"[114, 113, 112, 111]",336110.0,335504,46,336156.0,46,336156.0,False,336156.0
36230,execution_finished,4,"[110, 109, 108, 107]",336110.0,335690,46,336156.0,46,336156.0,False,336156.0
36225,execution_finished,4,"[119, 118, 117, 116]",336110.0,335219,47,336157.0,47,336157.0,False,336157.0
36182,execution_finished,1,[65],336110.0,332680,49,336159.0,49,336159.0,False,336159.0
36185,execution_finished,32,"[98, 99, 105, 120, 32, 104, 106, 125, 127, 122, 126, 123, 115, 124, 121, 100, 101, 102, 103, 107, 108, 109, 110, 111, 112, 113, 114, 116, 117, 118, 119, 65]",336159.0,333056,31,336190.0,31,336190.0,False,336190.0
36186,execution_finished,32,"[32, 65, 98, 99, 100, 101, 102, 103, 104, 105, 106, 107, 108, 109, 110, 111, 112, 113, 114, 115, 116, 117, 118, 119, 120, 121, 122, 123, 124, 125, 126, 127]",336190.0,333125,22,336212.0,22,336212.0,False,336212.0
36217,execution_finished,4,"[117, 116, 115, 114]",336212.0,334817,50,336262.0,50,336262.0,False,336262.0
36208,execution_finished,4,"[121, 120, 119, 118]",336212.0,334378,54,336266.0,54,336266.0,False,336266.0
36195,execution_finished,1,[126],336212.0,333469,69,336281.0,69,336281.0,False,336281.0
36239,execution_finished,4,"[109, 108, 107, 106]",336236.0,336236,61,336297.0,61,336297.0,False,336297.0
36196,execution_finished,4,"[125, 124, 123, 122]",336212.0,333474,134,336346.0,134,336346.0,False,336346.0
36238,execution_finished,4,"[113, 112, 111, 110]",336212.0,336153,140,336352.0,140,336352.0,False,336352.0
36194,execution_finished,1,[127],336212.0,333457,180,336392.0,180,336392.0,False,336392.0
36187,execution_finished,4,"[32, 65, 98, 99]",336212.0,333217,185,336397.0,185,336397.0,False,336397.0
36190,execution_finished,32,"[100, 101, 102, 103, 104, 105, 114, 115, 116, 117, 118, 119, 120, 121, 126, 106, 107, 108, 109, 122, 123, 124, 125, 110, 111, 112, 113, 127, 32, 65, 98, 99]",336397.0,333334,35,336432.0,35,336432.0,False,336432.0
36201,execution_finished,32,"[32, 65, 98, 99, 100, 101, 102, 103, 104, 105, 106, 107, 108, 109, 110, 111, 112, 113, 114, 115, 116, 117, 118, 119, 120, 121, 122, 123, 124, 125, 126, 127]",336432.0,334105,287,336719.0,287,336719.0,False,336719.0
36242,execution_finished,1,[123],336719.0,336689,9,336728.0,9,336728.0,False,336728.0
36241,execution_finished,4,"[127, 126, 125, 124]",336719.0,336572,48,336767.0,48,336767.0,False,336767.0
36243,execution_finished,1,[127],336917.0,336917,22,336939.0,22,336939.0,False,336939.0
36203,execution_finished,8,"[32, 65, 98, 99, 100, 101, 102, 103]",336719.0,334143,249,336968.0,249,336968.0,False,336968.0
36205,execution_finished,32,"[104, 105, 106, 107, 108, 109, 110, 111, 112, 113, 114, 115, 116, 117, 118, 119, 120, 121, 122, 123, 124, 125, 126, 127, 32, 65, 98, 99, 100, 101, 102, 103]",336968.0,334203,26,336994.0,26,336994.0,False,336994.0
36181,execution_finished,32,"[33, 34, 35, 36, 37, 38, 39, 40, 41, 42, 43, 44, 45, 46, 47, 48, 49, 50, 51, 52, 53, 54, 55, 56, 57, 58, 59, 60, 61, 62, 63, 64]",336110.0,332543,903,337013.0,903,337013.0,False,337013.0
36207,execution_finished,32,"[32, 65, 98, 99, 100, 101, 102, 103, 104, 105, 106, 107, 108, 109, 110, 111, 112, 113, 114, 115, 116, 117, 118, 119, 120, 121, 122, 123, 124, 125, 126, 127]",336994.0,334270,26,337020.0,26,337020.0,False,337020.0
36212,execution_finished,32,"[32, 65, 98, 99, 100, 101, 102, 103, 104, 105, 106, 107, 108, 109, 110, 111, 112, 113, 114, 115, 116, 117, 118, 119, 120, 121, 122, 123, 124, 125, 126, 127]",337020.0,334657,35,337055.0,35,337055.0,False,337055.0
36215,execution_finished,32,"[32, 65, 98, 99, 100, 101, 102, 103, 104, 105, 106, 107, 108, 109, 110, 111, 112, 113, 114, 115, 116, 117, 118, 119, 120, 121, 122, 123, 124, 125, 126, 127]",337055.0,334714,29,337084.0,29,337084.0,False,337084.0
36246,execution_finished,4,"[127, 126, 125, 124]",337084.0,337017,126,337210.0,126,337210.0,False,337210.0
36211,execution_finished,32,"[33, 34, 35, 36, 37, 38, 39, 40, 41, 42, 43, 44, 45, 46, 47, 48, 49, 50, 51, 52, 53, 54, 55, 56, 57, 58, 59, 60, 61, 62, 63, 64]",337013.0,334612,222,337235.0,222,337235.0,False,337235.0
36220,execution_finished,64,"[32, 65, 98, 99, 100, 101, 102, 103, 104, 105, 106, 107, 108, 109, 110, 111, 112, 113, 114, 115, 116, 117, 118, 119, 120, 121, 122, 123, 124, 125, 126, 127, 33, 34, 35, 36, 37, 38, 39, 40, 41, 42, 43, 44, 45, 46, 47, 48, 49, 50, 51, 52, 53, 54, 55, 56, 57, 58, 59, 60, 61, 62, 63, 64]",337235.0,334889,40,337275.0,40,337275.0,False,337275.0
36223,execution_finished,64,"[32, 33, 34, 35, 36, 37, 38, 39, 40, 41, 42, 43, 44, 45, 46, 47, 48, 49, 50, 51, 52, 53, 54, 55, 56, 57, 58, 59, 60, 61, 62, 63, 64, 65, 98, 99, 100, 101, 102, 103, 104, 105, 106, 107, 108, 109, 110, 111, 112, 113, 114, 115, 116, 117, 118, 119, 120, 121, 122, 123, 124, 125, 126, 127]",337275.0,334958,228,337503.0,228,337503.0,False,337503.0
36226,execution_finished,64,"[32, 33, 34, 35, 36, 37, 38, 39, 40, 41, 42, 43, 44, 45, 46, 47, 48, 49, 50, 51, 52, 53, 54, 55, 56, 57, 58, 59, 60, 61, 62, 63, 64, 65, 98, 99, 100, 101, 102, 103, 104, 105, 106, 107, 108, 109, 110, 111, 112, 113, 114, 115, 116, 117, 118, 119, 120, 121, 122, 123, 124, 125, 126, 127]",337503.0,335231,145,337648.0,145,337648.0,False,337648.0
36229,execution_finished,64,"[32, 33, 34, 35, 36, 37, 38, 39, 40, 41, 42, 43, 44, 45, 46, 47, 48, 49, 50, 51, 52, 53, 54, 55, 56, 57, 58, 59, 60, 61, 62, 63, 64, 65, 98, 99, 100, 101, 102, 103, 104, 105, 106, 107, 108, 109, 110, 111, 112, 113, 114, 115, 116, 117, 118, 119, 120, 121, 122, 123, 124, 125, 126, 127]",337648.0,335540,127,337775.0,127,337775.0,False,337775.0
36253,execution_finished,1,[119],337775.0,337569,16,337791.0,16,337791.0,False,337791.0
36251,execution_finished,4,"[123, 122, 121, 120]",337775.0,337519,42,337817.0,42,337817.0,False,337817.0
36248,execution_finished,4,"[127, 126, 125, 124]",337775.0,337339,53,337828.0,53,337828.0,False,337828.0
36255,execution_finished,4,"[118, 117, 116, 115]",337775.0,337621,96,337871.0,96,337871.0,False,337871.0
36258,execution_finished,4,"[127, 126, 125, 124]",337872.0,337872,146,338018.0,146,338018.0,False,338018.0
36260,execution_finished,1,[127],338038.0,338038,32,338070.0,32,338070.0,False,338070.0
36235,execution_finished,8,"[64, 65, 98, 99, 100, 101, 102, 103]",337775.0,335948,632,338407.0,632,338407.0,False,338407.0
36234,execution_finished,32,"[32, 33, 34, 35, 36, 37, 38, 39, 40, 41, 42, 43, 44, 45, 46, 47, 48, 49, 50, 51, 52, 53, 54, 55, 56, 57, 58, 59, 60, 61, 62, 63]",337775.0,335915,663,338438.0,663,338438.0,False,338438.0
36259,execution_finished,1,[119],338075.0,338000,1255,339330.0,1255,339330.0,False,339330.0
36268,execution_finished,1,[119],339330.0,339179,28,339358.0,28,339358.0,False,339358.0
36276,execution_finished,1,[119],339600.0,339600,20,339620.0,20,339620.0,False,339620.0
36156,execution_finished,32,"[0, 1, 2, 3, 4, 5, 6, 7, 8, 9, 10, 11, 12, 13, 14, 15, 16, 17, 18, 19, 20, 21, 22, 23, 24, 25, 26, 27, 28, 29, 30, 31]",336110.0,329076,3721,339831.0,3721,339831.0,False,339831.0
36183,execution_finished,32,"[66, 67, 68, 69, 70, 71, 72, 73, 74, 75, 76, 77, 78, 79, 80, 81, 82, 83, 84, 85, 86, 87, 88, 89, 90, 91, 92, 93, 94, 95, 96, 97]",336110.0,332799,3728,339838.0,3728,339838.0,False,339838.0
36244,execution_finished,64,"[119, 0, 1, 2, 3, 4, 5, 6, 7, 8, 9, 10, 11, 12, 13, 14, 15, 16, 17, 18, 19, 20, 21, 22, 23, 24, 25, 26, 27, 28, 29, 30, 31, 66, 67, 68, 69, 70, 71, 72, 73, 74, 75, 76, 77, 78, 79, 80, 81, 82, 83, 84, 85, 86, 87, 88, 89, 90, 91, 92, 93, 94, 95, 96]",339838.0,336943,255,340093.0,255,340093.0,False,340093.0
36266,execution_finished,16,"[81, 80, 79, 78, 77, 76, 75, 74, 73, 72, 71, 70, 69, 68, 67, 66]",340093.0,338958,57,340150.0,57,340150.0,False,340150.0
36264,execution_finished,16,"[119, 96, 95, 94, 93, 92, 91, 90, 89, 88, 87, 86, 85, 84, 83, 82]",340093.0,338877,74,340167.0,74,340167.0,False,340167.0
36274,execution_finished,32,"[119, 96, 95, 94, 93, 92, 91, 90, 89, 88, 87, 86, 85, 84, 83, 82, 81, 80, 79, 78, 77, 76, 75, 74, 73, 72, 71, 70, 69, 68, 67, 66]",340167.0,339397,69,340236.0,69,340236.0,False,340236.0
36277,execution_finished,32,"[119, 96, 95, 94, 93, 92, 91, 90, 89, 88, 87, 86, 85, 84, 83, 82, 81, 80, 79, 78, 77, 76, 75, 74, 73, 72, 71, 70, 69, 68, 67, 66]",340236.0,339652,169,340405.0,169,340405.0,False,340405.0
36281,execution_finished,32,"[119, 96, 95, 94, 93, 92, 91, 90, 89, 88, 87, 86, 85, 84, 83, 82, 81, 80, 79, 78, 77, 76, 75, 74, 73, 72, 71, 70, 69, 68, 67, 66]",340405.0,339899,438,340843.0,438,340843.0,False,340843.0
36282,execution_finished,16,"[119, 96, 95, 94, 93, 92, 91, 90, 89, 88, 87, 86, 85, 84, 83, 82]",340843.0,340191,227,341070.0,227,341070.0,False,341070.0
36286,execution_finished,16,"[119, 96, 95, 94, 93, 92, 91, 90, 89, 88, 87, 86, 85, 84, 83, 82]",341070.0,340448,228,341298.0,228,341298.0,False,341298.0
36293,execution_finished,16,"[82, 83, 84, 85, 86, 87, 88, 89, 90, 91, 92, 93, 94, 95, 96, 119]",341298.0,341235,82,341380.0,82,341380.0,False,341380.0
36295,execution_finished,1,[83],341380.0,341328,10,341390.0,10,341390.0,False,341390.0
36294,execution_finished,1,[82],341380.0,341302,16,341396.0,16,341396.0,False,341396.0
36245,execution_finished,32,"[97, 0, 1, 2, 3, 4, 5, 6, 7, 8, 9, 10, 11, 12, 13, 14, 15, 16, 17, 18, 19, 20, 21, 22, 23, 24, 25, 26, 27, 28, 29, 30]",340093.0,336960,2629,342722.0,2629,342722.0,False,342722.0
36284,execution_finished,1,[104],343039.0,340339,17,343056.0,17,343056.0,False,343056.0
36285,execution_finished,1,[105],343072.0,340372,11,343083.0,11,343083.0,False,343083.0
36325,execution_finished,2,"[104, 105]",343235.0,343235,124,343359.0,124,343359.0,False,343359.0
36326,execution_finished,2,"[104, 105]",343359.0,343309,34,343393.0,34,343393.0,False,343393.0
36328,execution_finished,1,[104],343431.0,343431,44,343475.0,44,343475.0,False,343475.0
36287,execution_finished,32,"[97, 30, 29, 28, 27, 26, 25, 24, 23, 22, 21, 20, 19, 18, 17, 16, 15, 14, 13, 12, 11, 10, 9, 8, 7, 6, 5, 4, 3, 2, 1, 0]",342722.0,340512,788,343510.0,788,343510.0,False,343510.0
36302,execution_finished,16,"[3, 4, 5, 6, 7, 8, 9, 10, 11, 12, 13, 14, 15, 16, 17, 18]",343510.0,342170,48,343558.0,48,343558.0,False,343558.0
36307,execution_finished,16,"[97, 3, 4, 5, 6, 7, 8, 9, 10, 11, 12, 13, 14, 15, 16, 17]",343558.0,342243,53,343611.0,53,343611.0,False,343611.0
36324,execution_finished,4,"[23, 24, 25, 26]",343510.0,343213,144,343654.0,144,343654.0,False,343654.0
36332,execution_finished,4,"[105, 104, 27, 28]",343522.0,343522,133,343655.0,133,343655.0,False,343655.0
36333,execution_finished,2,"[29, 30]",343545.0,343545,113,343658.0,113,343658.0,False,343658.0
36316,execution_finished,4,"[19, 20, 21, 22]",343510.0,342471,213,343723.0,213,343723.0,False,343723.0
36252,execution_finished,64,"[32, 33, 34, 35, 36, 37, 38, 39, 40, 41, 42, 43, 44, 45, 46, 47, 48, 49, 50, 51, 52, 53, 54, 55, 56, 57, 58, 59, 60, 61, 62, 63, 64, 65, 98, 99, 100, 101, 102, 103, 106, 107, 108, 109, 110, 111, 112, 113, 114, 115, 116, 117, 118, 120, 121, 122, 123, 124, 125, 126, 127, 66, 67, 68]",343543.0,337536,225,343768.0,225,343768.0,False,343768.0
36336,execution_finished,1,[65],343828.0,343828,46,343874.0,46,343874.0,False,343874.0
36263,execution_finished,64,"[18, 3, 4, 5, 6, 7, 8, 9, 10, 11, 12, 13, 14, 15, 16, 17, 97, 23, 24, 25, 26, 27, 28, 104, 105, 29, 30, 19, 20, 21, 22, 32, 33, 34, 35, 36, 37, 38, 39, 40, 41, 42, 43, 44, 45, 46, 47, 48, 49, 50, 51, 52, 53, 54, 55, 56, 57, 58, 59, 60, 61, 62, 63, 64]",343768.0,338809,127,343895.0,127,343895.0,False,343895.0
36337,execution_finished,2,"[37, 38]",343941.0,343941,47,343988.0,47,343988.0,False,343988.0
36339,execution_finished,1,[40],343957.0,343957,40,343997.0,40,343997.0,False,343997.0
36338,execution_finished,1,[39],343955.0,343955,55,344010.0,55,344010.0,False,344010.0
36265,execution_finished,64,"[66, 67, 68, 98, 99, 100, 101, 102, 103, 106, 107, 108, 109, 110, 111, 112, 113, 114, 115, 116, 117, 118, 120, 121, 122, 123, 124, 125, 126, 127, 65, 3, 4, 5, 6, 7, 8, 9, 10, 11, 12, 13, 14, 15, 16, 17, 18, 19, 20, 21, 22, 23, 24, 25, 26, 27, 28, 29, 30, 32, 33, 34, 35, 36]",343895.0,338945,121,344016.0,121,344016.0,False,344016.0
36273,execution_finished,64,"[41, 42, 43, 44, 45, 46, 47, 48, 49, 50, 51, 52, 53, 54, 55, 56, 57, 58, 59, 60, 61, 62, 63, 64, 97, 104, 105, 37, 38, 40, 39, 3, 4, 5, 6, 7, 8, 9, 10, 11, 12, 13, 14, 15, 16, 17, 18, 19, 20, 21, 22, 23, 24, 25, 26, 27, 28, 29, 30, 32, 33, 34, 35, 36]",344016.0,339389,113,344129.0,113,344129.0,False,344129.0
36275,execution_finished,64,"[100, 101, 102, 103, 106, 107, 108, 109, 110, 111, 112, 113, 114, 115, 116, 117, 118, 120, 121, 122, 123, 124, 125, 126, 127, 3, 4, 5, 6, 7, 8, 9, 10, 11, 12, 13, 14, 15, 16, 17, 18, 19, 20, 21, 22, 23, 24, 25, 26, 27, 28, 29, 30, 32, 33, 34, 35, 36, 37, 38, 39, 40, 41, 42]",344129.0,339508,108,344237.0,108,344237.0,False,344237.0
36278,execution_finished,64,"[43, 44, 45, 46, 47, 48, 49, 50, 51, 52, 53, 54, 55, 56, 57, 58, 59, 60, 61, 62, 63, 64, 97, 104, 105, 3, 4, 5, 6, 7, 8, 9, 10, 11, 12, 13, 14, 15, 16, 17, 18, 19, 20, 21, 22, 23, 24, 25, 26, 27, 28, 29, 30, 32, 33, 34, 35, 36, 37, 38, 39, 40, 41, 42]",344237.0,339803,37,344274.0,37,344274.0,False,344274.0
36344,execution_finished,2,"[100, 101]",344256.0,344256,25,344281.0,25,344281.0,False,344281.0
36280,execution_finished,64,"[102, 103, 106, 107, 108, 109, 110, 111, 112, 113, 114, 115, 116, 117, 118, 120, 121, 122, 123, 124, 125, 126, 127, 3, 4, 5, 6, 7, 8, 9, 10, 11, 12, 13, 14, 15, 16, 17, 18, 19, 20, 21, 22, 23, 24, 25, 26, 27, 28, 29, 30, 32, 33, 34, 35, 36, 37, 38, 39, 40, 41, 42, 43, 44]",344274.0,339863,39,344313.0,39,344313.0,False,344313.0
36345,execution_finished,1,[127],344317.0,344317,40,344357.0,40,344357.0,False,344357.0
36341,execution_finished,4,"[65, 66, 67, 68]",344087.0,344087,460,344547.0,460,344547.0,False,344547.0
36342,execution_finished,2,"[98, 99]",344116.0,344116,433,344549.0,433,344549.0,False,344549.0
36347,execution_finished,4,"[65, 66, 67, 68]",344733.0,344733,136,344869.0,136,344869.0,False,344869.0
36349,execution_finished,2,"[65, 66]",344869.0,344840,38,344907.0,38,344907.0,False,344907.0
36351,execution_finished,1,[68],344890.0,344890,18,344908.0,18,344908.0,False,344908.0
36350,execution_finished,1,[67],344886.0,344886,32,344918.0,32,344918.0,False,344918.0
36352,execution_finished,2,"[65, 66]",344996.0,344996,30,345026.0,30,345026.0,False,345026.0
36297,execution_finished,32,"[45, 46, 47, 48, 49, 50, 51, 52, 53, 54, 55, 56, 57, 58, 59, 60, 61, 62, 63, 64, 97, 104, 105, 100, 101, 3, 4, 5, 6, 7, 8, 9]",344313.0,341382,791,345104.0,791,345104.0,False,345104.0
36354,execution_finished,2,"[68, 67]",345095.0,345095,24,345119.0,24,345119.0,False,345119.0
36355,execution_finished,1,[65],345097.0,345097,31,345128.0,31,345128.0,False,345128.0
36348,execution_finished,2,"[98, 99]",344756.0,344756,374,345130.0,374,345130.0,False,345130.0
36356,execution_finished,4,"[105, 67, 68, 65]",345132.0,345132,123,345255.0,123,345255.0,False,345255.0
36357,execution_finished,2,"[98, 99]",345157.0,345157,98,345255.0,98,345255.0,False,345255.0
36309,execution_finished,32,"[10, 11, 12, 13, 14, 15, 16, 17, 18, 19, 20, 21, 22, 23, 24, 25, 26, 27, 28, 29, 30, 32, 33, 34, 35, 36, 37, 38, 39, 40, 41, 42]",344313.0,342295,949,345262.0,949,345262.0,False,345262.0
36358,execution_finished,4,"[37, 38, 39, 40]",345310.0,345310,197,345507.0,197,345507.0,False,345507.0
36361,execution_finished,2,"[37, 38]",345507.0,345443,44,345551.0,44,345551.0,False,345551.0
36364,execution_finished,2,"[39, 40]",345549.0,345549,45,345594.0,45,345594.0,False,345594.0
36314,execution_finished,1,[74],345756.0,342449,7,345763.0,7,345763.0,False,345763.0
36304,execution_finished,1,[70],345756.0,342180,13,345769.0,13,345769.0,False,345769.0
36315,execution_finished,1,[75],345756.0,342471,17,345773.0,17,345773.0,False,345773.0
36312,execution_finished,1,[73],345756.0,342440,24,345780.0,24,345780.0,False,345780.0
36303,execution_finished,1,[69],345756.0,342178,25,345781.0,25,345781.0,False,345781.0
36300,execution_finished,1,[31],345756.0,342105,40,345796.0,40,345796.0,False,345796.0
36311,execution_finished,1,[72],345756.0,342375,45,345801.0,45,345801.0,False,345801.0
36320,execution_finished,1,[77],345756.0,342898,48,345804.0,48,345804.0,False,345804.0
36319,execution_finished,1,[76],345756.0,342781,60,345816.0,60,345816.0,False,345816.0
36327,execution_finished,32,"[65, 67, 68, 98, 99, 105, 10, 11, 12, 13, 14, 15, 16, 17, 18, 19, 20, 21, 22, 23, 24, 25, 26, 27, 28, 29, 30, 32, 33, 34, 35, 36]",345262.0,343332,594,345856.0,594,345856.0,False,345856.0
36322,execution_finished,1,[80],345833.0,343133,40,345873.0,40,345873.0,False,345873.0
36368,execution_finished,2,"[105, 99]",345866.0,345866,34,345900.0,34,345900.0,False,345900.0
36323,execution_finished,1,[81],345890.0,343190,19,345909.0,19,345909.0,False,345909.0
36306,execution_finished,1,[71],345756.0,342231,160,345916.0,160,345916.0,False,345916.0
36369,execution_finished,2,"[105, 99]",345920.0,345920,18,345938.0,18,345938.0,False,345938.0
36318,execution_finished,2,"[78, 79]",345783.0,342498,186,345969.0,186,345969.0,False,345969.0
36370,execution_finished,2,"[105, 99]",345981.0,345981,37,346018.0,37,346018.0,False,346018.0
36371,execution_finished,2,"[10, 11]",346147.0,346147,17,346164.0,17,346164.0,False,346164.0
36372,execution_finished,2,"[81, 71]",346191.0,346191,20,346211.0,20,346211.0,False,346211.0
36331,execution_finished,2,"[82, 84]",346200.0,343500,17,346217.0,17,346217.0,False,346217.0
36330,execution_finished,1,[83],346192.0,343492,27,346219.0,27,346219.0,False,346219.0
36299,execution_finished,16,"[85, 86, 87, 88, 89, 90, 91, 92, 93, 94, 95, 96, 119, 0, 1, 2]",346210.0,341935,74,346284.0,74,346284.0,False,346284.0
36373,execution_finished,2,"[78, 79]",346263.0,346263,23,346286.0,23,346286.0,False,346286.0
36317,execution_finished,32,"[66, 3, 4, 5, 6, 7, 8, 9, 45, 46, 47, 48, 49, 50, 51, 52, 53, 54, 55, 56, 57, 58, 59, 60, 61, 62, 63, 64, 97, 100, 101, 104]",345104.0,342494,1236,346340.0,1236,346340.0,False,346340.0
36374,execution_finished,2,"[10, 11]",346329.0,346329,101,346430.0,101,346430.0,False,346430.0
36378,execution_finished,1,[2],346453.0,346453,19,346472.0,19,346472.0,False,346472.0
36377,execution_finished,2,"[0, 1]",346447.0,346447,103,346550.0,103,346550.0,False,346550.0
36379,execution_finished,2,"[3, 4]",346611.0,346611,106,346717.0,106,346717.0,False,346717.0
36381,execution_finished,2,"[4, 3]",346753.0,346753,110,346863.0,110,346863.0,False,346863.0
36384,execution_finished,1,[3],346957.0,346957,20,346977.0,20,346977.0,False,346977.0
36385,execution_finished,2,"[4, 3]",346984.0,346984,97,347081.0,97,347081.0,False,347081.0
36387,execution_finished,2,"[4, 3]",347226.0,347226,103,347329.0,103,347329.0,False,347329.0
36394,execution_finished,1,[3],347541.0,347541,34,347575.0,34,347575.0,False,347575.0
36359,execution_finished,2,"[41, 42]",345332.0,345332,2599,347931.0,2599,347931.0,False,347931.0
36398,execution_finished,1,[41],347931.0,347897,31,347962.0,31,347962.0,False,347962.0
36335,execution_finished,32,"[119, 104, 101, 100, 97, 96, 95, 94, 93, 92, 91, 90, 89, 88, 87, 86, 85, 84, 83, 82, 81, 79, 78, 71, 66, 64, 63, 62, 61, 60, 59, 58]",346340.0,343806,1786,348126.0,1786,348126.0,False,348126.0
36343,execution_finished,32,"[42, 41, 58, 59, 60, 61, 62, 63, 64, 66, 71, 78, 79, 81, 82, 83, 84, 85, 86, 87, 88, 89, 90, 91, 92, 93, 94, 95, 96, 97, 100, 101]",348126.0,344127,752,348878.0,752,348878.0,False,348878.0
36365,execution_finished,32,"[41, 42, 58, 59, 60, 61, 62, 63, 64, 66, 71, 78, 79, 81, 82, 83, 84, 85, 86, 87, 88, 89, 90, 91, 92, 93, 94, 95, 96, 97, 100, 101]",348878.0,345595,1801,350679.0,1801,350679.0,False,350679.0
36334,execution_finished,64,"[12, 13, 14, 15, 16, 17, 18, 19, 20, 21, 22, 23, 24, 25, 26, 27, 28, 29, 30, 31, 32, 33, 34, 35, 36, 37, 38, 39, 40, 43, 44, 65, 67, 68, 69, 70, 72, 73, 74, 75, 76, 77, 98, 102, 103, 106, 107, 108, 109, 110, 111, 112, 113, 114, 115, 116, 117, 118, 120, 121, 122, 123, 124, 125]",350656.0,343677,134,350790.0,134,350790.0,False,350790.0
36375,execution_finished,32,"[41, 42, 58, 59, 60, 61, 62, 63, 64, 66, 71, 78, 79, 81, 82, 83, 84, 85, 86, 87, 88, 89, 90, 91, 92, 93, 94, 95, 96, 97, 100, 101]",350679.0,346337,114,350793.0,114,350793.0,False,350793.0
36401,execution_finished,1,[80],350798.0,348098,20,350818.0,20,350818.0,False,350818.0
36383,execution_finished,32,"[67, 68, 69, 70, 72, 73, 74, 75, 76, 77, 98, 102, 103, 106, 107, 108, 109, 110, 111, 112, 113, 114, 115, 116, 117, 118, 120, 121, 122, 123, 124, 125]",350790.0,346858,97,350887.0,97,350887.0,False,350887.0
36380,execution_finished,32,"[12, 13, 14, 15, 16, 17, 18, 19, 20, 21, 22, 23, 24, 25, 26, 27, 28, 29, 30, 31, 32, 33, 34, 35, 36, 37, 38, 39, 40, 43, 44, 65]",350790.0,346641,105,350895.0,105,350895.0,False,350895.0
36391,execution_finished,32,"[41, 42, 58, 59, 60, 61, 62, 63, 64, 66, 71, 78, 79, 81, 82, 83, 84, 85, 86, 87, 88, 89, 90, 91, 92, 93, 94, 95, 96, 97, 100, 101]",350793.0,347409,195,350988.0,195,350988.0,False,350988.0
36423,execution_finished,1,[89],350988.0,350541,2,350990.0,2,350990.0,False,350990.0
36414,execution_finished,1,[87],350988.0,349632,17,351005.0,17,351005.0,False,351005.0
36411,execution_finished,1,[86],350988.0,349309,18,351006.0,18,351006.0,False,351006.0
36417,execution_finished,1,[88],350988.0,350243,19,351007.0,19,351007.0,False,351007.0
36425,execution_finished,1,[90],350988.0,350585,23,351011.0,23,351011.0,False,351011.0
36399,execution_finished,4,"[64, 66, 71, 78]",350988.0,347941,32,351020.0,32,351020.0,False,351020.0
36396,execution_finished,32,"[12, 13, 14, 15, 16, 17, 18, 19, 20, 21, 22, 23, 24, 25, 26, 27, 28, 29, 30, 31, 32, 33, 34, 35, 36, 37, 38, 39, 40, 43, 44, 65]",350895.0,347759,229,351124.0,229,351124.0,False,351124.0
36397,execution_finished,8,"[41, 42, 58, 59, 60, 61, 62, 63]",350988.0,347848,147,351135.0,147,351135.0,False,351135.0
36404,execution_finished,4,"[79, 81, 82, 83]",350988.0,348850,164,351152.0,164,351152.0,False,351152.0
36427,execution_finished,1,[44],351171.0,351171,25,351196.0,25,351196.0,False,351196.0
36410,execution_finished,32,"[71, 78, 12, 13, 14, 15, 16, 17, 18, 19, 20, 21, 22, 23, 24, 25, 26, 27, 28, 29, 30, 31, 32, 33, 34, 35, 36, 37, 38, 39, 40, 43]",351124.0,349203,103,351227.0,103,351227.0,False,351227.0
36413,execution_finished,32,"[61, 62, 63, 79, 81, 82, 83, 44, 12, 13, 14, 15, 16, 17, 18, 19, 20, 21, 22, 23, 24, 25, 26, 27, 28, 29, 30, 31, 32, 33, 34, 35]",351227.0,349530,99,351326.0,99,351326.0,False,351326.0
36428,execution_finished,4,"[65, 41, 42, 58]",351198.0,351198,169,351367.0,169,351367.0,False,351367.0
36424,execution_finished,16,"[91, 92, 93, 94, 95, 96, 97, 100, 101, 89, 87, 86, 88, 90, 64, 66]",351020.0,350579,376,351396.0,376,351396.0,False,351396.0
36430,execution_finished,1,[44],351386.0,351386,41,351427.0,41,351427.0,False,351427.0
36416,execution_finished,32,"[36, 37, 38, 39, 40, 43, 71, 78, 12, 13, 14, 15, 16, 17, 18, 19, 20, 21, 22, 23, 24, 25, 26, 27, 28, 29, 30, 31, 32, 33, 34, 35]",351326.0,350129,112,351438.0,112,351438.0,False,351438.0
36431,execution_finished,16,"[61, 62, 63, 79, 81, 82, 83, 41, 42, 58, 65, 64, 66, 86, 87, 88]",351396.0,351396,59,351455.0,59,351455.0,False,351455.0
36433,execution_finished,1,[89],351592.0,351592,22,351614.0,22,351614.0,False,351614.0
36429,execution_finished,2,"[59, 60]",351222.0,351222,394,351616.0,394,351616.0,False,351616.0
36434,execution_finished,4,"[90, 91, 92, 93]",351617.0,351617,173,351790.0,173,351790.0,False,351790.0
36435,execution_finished,2,"[94, 95]",351640.0,351640,214,351854.0,214,351854.0,False,351854.0
36442,execution_finished,1,[94],352035.0,352035,33,352068.0,33,352068.0,False,352068.0
36441,execution_finished,1,[93],352035.0,351971,34,352069.0,34,352069.0,False,352069.0
36437,execution_finished,4,"[89, 59, 60, 90]",351856.0,351856,228,352084.0,228,352084.0,False,352084.0
36444,execution_finished,1,[95],352115.0,352114,42,352157.0,42,352157.0,False,352157.0
36445,execution_finished,1,[94],352115.0,352115,67,352182.0,67,352182.0,False,352182.0
36439,execution_finished,2,"[91, 92]",351882.0,351882,403,352285.0,403,352285.0,False,352285.0
36447,execution_finished,1,[93],352286.0,352261,22,352308.0,22,352308.0,False,352308.0
36450,execution_finished,1,[91],352322.0,352322,110,352432.0,110,352432.0,False,352432.0
36448,execution_finished,4,"[59, 60, 89, 90]",352286.0,352286,162,352448.0,162,352448.0,False,352448.0
36452,execution_finished,1,[93],352505.0,352505,10,352515.0,10,352515.0,False,352515.0
36454,execution_finished,1,[59],352525.0,352525,8,352533.0,8,352533.0,False,352533.0
36451,execution_finished,1,[92],352505.0,352471,31,352536.0,31,352536.0,False,352536.0
36453,execution_finished,1,[91],352525.0,352506,20,352545.0,20,352545.0,False,352545.0
36406,execution_finished,2,"[84, 85]",350988.0,348871,2326,353314.0,2326,353314.0,False,353314.0
36459,execution_finished,1,[85],353314.0,353148,3,353317.0,3,353317.0,False,353317.0
36457,execution_finished,1,[84],353314.0,352943,10,353324.0,10,353324.0,False,353324.0
36462,execution_finished,1,[84],353462.0,353462,11,353473.0,11,353473.0,False,353473.0
36393,execution_finished,32,"[0, 1, 2, 3, 4, 5, 6, 7, 8, 9, 10, 11, 45, 46, 47, 48, 49, 50, 51, 52, 53, 54, 55, 56, 57, 99, 104, 105, 119, 126, 127, 80]",353518.0,347480,614,354132.0,614,354132.0,False,354132.0
36455,execution_finished,32,"[0, 1, 2, 3, 4, 5, 6, 7, 8, 9, 10, 11, 45, 46, 47, 48, 49, 50, 51, 52, 53, 54, 55, 56, 57, 80, 99, 104, 105, 119, 126, 127]",354132.0,352614,520,354652.0,520,354652.0,False,354652.0
36464,execution_finished,1,[96],356219.0,353519,13,356232.0,13,356232.0,False,356232.0
36395,execution_finished,32,"[67, 68, 69, 70, 72, 73, 74, 75, 76, 77, 98, 102, 103, 106, 107, 108, 109, 110, 111, 112, 113, 114, 115, 116, 117, 118, 120, 121, 122, 123, 124, 125]",350887.0,347610,5442,356329.0,5442,356329.0,False,356329.0
36460,execution_finished,32,"[0, 1, 2, 3, 4, 5, 6, 7, 8, 9, 10, 11, 45, 46, 47, 48, 49, 50, 51, 52, 53, 54, 55, 56, 57, 80, 99, 104, 105, 119, 126, 127]",354652.0,353180,1717,356369.0,1717,356369.0,False,356369.0
36473,execution_finished,4,"[48, 49, 50, 51]",356369.0,354536,68,356437.0,68,356437.0,False,356437.0
36472,execution_finished,16,"[125, 0, 1, 2, 3, 4, 5, 6, 7, 8, 9, 10, 11, 45, 46, 47]",356369.0,354532,91,356460.0,91,356460.0,False,356460.0
36478,execution_finished,16,"[80, 99, 104, 105, 119, 126, 127, 48, 49, 50, 51, 0, 1, 2, 3, 4]",356460.0,354838,82,356542.0,82,356542.0,False,356542.0
36491,execution_finished,1,[0],356595.0,356595,9,356604.0,9,356604.0,False,356604.0
36480,execution_finished,16,"[127, 126, 125, 119, 105, 104, 99, 80, 51, 50, 49, 48, 47, 46, 45, 11]",356542.0,354957,195,356737.0,195,356737.0,False,356737.0
36440,execution_finished,32,"[12, 13, 14, 15, 16, 17, 18, 19, 20, 21, 22, 23, 24, 25, 26, 27, 28, 29, 30, 31, 32, 33, 34, 35, 36, 37, 38, 39, 40, 43, 44, 71]",356238.0,351919,582,356820.0,582,356820.0,False,356820.0
36481,execution_finished,16,"[1, 2, 3, 4, 0, 11, 45, 46, 47, 48, 49, 50, 51, 80, 99, 104]",356760.0,354973,212,356972.0,212,356972.0,False,356972.0
36468,execution_finished,32,"[96, 67, 68, 69, 70, 72, 73, 74, 75, 76, 77, 98, 102, 103, 106, 107, 108, 109, 110, 111, 112, 113, 114, 115, 116, 117, 118, 120, 121, 122, 123, 124]",356329.0,353821,702,357031.0,702,357031.0,False,357031.0
36485,execution_finished,16,"[12, 13, 14, 15, 16, 17, 18, 19, 20, 21, 22, 23, 24, 25, 26, 27]",356820.0,355211,224,357044.0,224,357044.0,False,357044.0
36499,execution_finished,1,[120],357280.0,357280,38,357318.0,38,357318.0,False,357318.0
36479,execution_finished,64,"[105, 119, 125, 126, 127, 28, 29, 30, 31, 32, 33, 34, 35, 36, 37, 38, 39, 40, 43, 44, 71, 0, 1, 2, 3, 4, 11, 45, 46, 47, 48, 49, 50, 51, 80, 99, 104, 67, 68, 69, 70, 72, 73, 74, 75, 76, 77, 96, 98, 102, 103, 106, 107, 108, 109, 110, 111, 112, 113, 114, 115, 116, 117, 118]",357031.0,354930,1655,358686.0,1655,358686.0,False,358686.0
36474,execution_finished,1,[42],358932.0,354601,127,359059.0,127,359059.0,False,359059.0
36471,execution_finished,1,[41],358932.0,354437,148,359080.0,148,359080.0,False,359080.0
36476,execution_finished,1,[58],358932.0,354776,189,359121.0,189,359121.0,False,359121.0
36490,execution_finished,32,"[71, 72, 73, 74, 75, 76, 77, 80, 96, 98, 99, 102, 103, 104, 105, 106, 107, 108, 109, 110, 111, 112, 113, 114, 115, 116, 117, 118, 119, 125, 126, 127]",358686.0,356391,440,359126.0,440,359126.0,False,359126.0
36511,execution_finished,4,"[106, 105, 104, 103]",359126.0,358578,21,359147.0,21,359147.0,False,359147.0
36515,execution_finished,4,"[102, 99, 98, 96]",359126.0,358779,31,359157.0,31,359157.0,False,359157.0
36501,execution_finished,4,"[127, 126, 125, 119]",359126.0,357349,32,359158.0,32,359158.0,False,359158.0
36502,execution_finished,8,"[118, 117, 116, 115, 114, 113, 112, 111]",359126.0,357542,55,359181.0,55,359181.0,False,359181.0
36477,execution_finished,16,"[87, 88, 89, 90, 91, 92, 93, 97, 100, 101, 52, 53, 54, 55, 56, 57]",359069.0,354827,129,359198.0,129,359198.0,False,359198.0
36519,execution_finished,4,"[80, 77, 76, 75]",359126.0,358957,142,359268.0,142,359268.0,False,359268.0
36507,execution_finished,4,"[110, 109, 108, 107]",359126.0,358200,266,359392.0,266,359392.0,False,359392.0
36469,execution_finished,16,"[59, 60, 61, 62, 63, 64, 65, 66, 78, 79, 81, 82, 83, 84, 85, 86]",359029.0,354042,557,359586.0,557,359586.0,False,359586.0
36484,execution_finished,32,"[0, 1, 2, 3, 4, 11, 28, 29, 30, 31, 32, 33, 34, 35, 36, 37, 38, 39, 40, 43, 44, 45, 46, 47, 48, 49, 50, 51, 67, 68, 69, 70]",358686.0,355202,1180,359866.0,1180,359866.0,False,359866.0
36497,execution_finished,32,"[62, 63, 64, 65, 66, 78, 79, 81, 82, 83, 84, 85, 86, 0, 1, 2, 3, 4, 11, 28, 29, 30, 31, 32, 33, 34, 35, 36, 37, 38, 39, 40]",359866.0,357155,599,360465.0,599,360465.0,False,360465.0
36492,execution_finished,64,"[5, 6, 7, 8, 9, 10, 12, 13, 14, 15, 16, 17, 18, 19, 20, 21, 22, 23, 24, 25, 26, 27, 121, 122, 123, 124, 42, 41, 58, 71, 72, 73, 74, 103, 104, 105, 106, 96, 98, 99, 102, 119, 125, 126, 127, 111, 112, 113, 114, 115, 116, 117, 118, 52, 53, 54, 55, 56, 57, 87, 88, 89, 90, 91]",361898.0,356606,174,362072.0,174,362072.0,False,362072.0
36503,execution_finished,64,"[5, 6, 7, 8, 9, 10, 12, 13, 14, 15, 16, 17, 18, 19, 20, 21, 22, 23, 24, 25, 26, 27, 41, 42, 52, 53, 54, 55, 56, 57, 58, 71, 72, 73, 74, 87, 88, 89, 90, 91, 96, 98, 99, 102, 103, 104, 105, 106, 111, 112, 113, 114, 115, 116, 117, 118, 119, 121, 122, 123, 124, 125, 126, 127]",362072.0,357625,99,362171.0,99,362171.0,False,362171.0
36505,execution_finished,64,"[5, 6, 7, 8, 9, 10, 12, 13, 14, 15, 16, 17, 18, 19, 20, 21, 22, 23, 24, 25, 26, 27, 41, 42, 52, 53, 54, 55, 56, 57, 58, 71, 72, 73, 74, 87, 88, 89, 90, 91, 96, 98, 99, 102, 103, 104, 105, 106, 111, 112, 113, 114, 115, 116, 117, 118, 119, 121, 122, 123, 124, 125, 126, 127]",362171.0,357980,175,362346.0,175,362346.0,False,362346.0
36522,execution_finished,4,"[120, 59, 60, 61]",362415.0,359715,69,362484.0,69,362484.0,False,362484.0
36506,execution_finished,32,"[5, 6, 7, 8, 9, 10, 12, 13, 14, 15, 16, 17, 18, 19, 20, 21, 22, 23, 24, 25, 26, 27, 41, 42, 52, 53, 54, 55, 56, 57, 58, 71]",362346.0,358105,1202,363548.0,1202,363548.0,False,363548.0
36508,execution_finished,64,"[0, 1, 2, 3, 4, 11, 28, 29, 30, 31, 32, 33, 34, 35, 36, 37, 38, 39, 40, 43, 44, 45, 46, 47, 48, 49, 50, 51, 62, 63, 64, 65, 66, 67, 68, 69, 70, 75, 76, 77, 78, 79, 80, 81, 82, 83, 84, 85, 86, 92, 93, 97, 100, 101, 107, 108, 109, 110, 72, 73, 74, 87, 88, 89]",365265.0,358236,206,365471.0,206,365471.0,False,365471.0
36510,execution_finished,64,"[0, 1, 2, 3, 4, 11, 28, 29, 30, 31, 32, 33, 34, 35, 36, 37, 38, 39, 40, 43, 44, 45, 46, 47, 48, 49, 50, 51, 62, 63, 64, 65, 66, 67, 68, 69, 70, 72, 73, 74, 75, 76, 77, 78, 79, 80, 81, 82, 83, 84, 85, 86, 87, 88, 89, 92, 93, 97, 100, 101, 107, 108, 109, 110]",365471.0,358455,181,365652.0,181,365652.0,False,365652.0
36512,execution_finished,64,"[0, 1, 2, 3, 4, 11, 28, 29, 30, 31, 32, 33, 34, 35, 36, 37, 38, 39, 40, 43, 44, 45, 46, 47, 48, 49, 50, 51, 62, 63, 64, 65, 66, 67, 68, 69, 70, 72, 73, 74, 75, 76, 77, 78, 79, 80, 81, 82, 83, 84, 85, 86, 87, 88, 89, 92, 93, 97, 100, 101, 107, 108, 109, 110]",365652.0,358647,202,365854.0,202,365854.0,False,365854.0
36532,execution_finished,64,"[0, 1, 2, 3, 4, 11, 28, 29, 30, 31, 32, 33, 34, 35, 36, 37, 38, 39, 40, 43, 44, 45, 46, 47, 48, 49, 50, 51, 62, 63, 64, 65, 66, 67, 68, 69, 70, 72, 73, 74, 75, 76, 77, 78, 79, 80, 81, 82, 83, 84, 85, 86, 87, 88, 89, 92, 93, 97, 100, 101, 107, 108, 109, 110]",365854.0,361185,192,366046.0,192,366046.0,False,366046.0
36534,execution_finished,64,"[0, 1, 2, 3, 4, 11, 28, 29, 30, 31, 32, 33, 34, 35, 36, 37, 38, 39, 40, 43, 44, 45, 46, 47, 48, 49, 50, 51, 62, 63, 64, 65, 66, 67, 68, 69, 70, 72, 73, 74, 75, 76, 77, 78, 79, 80, 81, 82, 83, 84, 85, 86, 87, 88, 89, 92, 93, 97, 100, 101, 107, 108, 109, 110]",366046.0,361392,199,366245.0,199,366245.0,False,366245.0
36539,execution_finished,64,"[0, 1, 2, 3, 4, 11, 28, 29, 30, 31, 32, 33, 34, 35, 36, 37, 38, 39, 40, 43, 44, 45, 46, 47, 48, 49, 50, 51, 62, 63, 64, 65, 66, 67, 68, 69, 70, 72, 73, 74, 75, 76, 77, 78, 79, 80, 81, 82, 83, 84, 85, 86, 87, 88, 89, 92, 93, 97, 100, 101, 107, 108, 109, 110]",366245.0,362044,1166,367411.0,1166,367411.0,False,367411.0
36567,execution_finished,1,[110],367411.0,365883,29,367440.0,29,367440.0,False,367440.0
36573,execution_finished,1,[109],367411.0,366707,109,367520.0,109,367520.0,False,367520.0
36575,execution_finished,1,[108],367411.0,366912,128,367539.0,128,367539.0,False,367539.0
36555,execution_finished,8,"[73, 74, 75, 76, 77, 78, 79, 80]",367411.0,364413,135,367546.0,135,367546.0,False,367546.0
36552,execution_finished,1,[66],367411.0,364073,165,367576.0,165,367576.0,False,367576.0
36580,execution_finished,1,[110],367711.0,367676,158,367869.0,158,367869.0,False,367869.0
36585,execution_finished,1,[110],367915.0,367915,19,367934.0,19,367934.0,False,367934.0
36587,execution_finished,1,[110],367947.0,367947,93,368040.0,93,368040.0,False,368040.0
36550,execution_finished,32,"[0, 1, 2, 3, 4, 11, 28, 29, 30, 31, 32, 33, 34, 35, 36, 37, 38, 39, 40, 43, 44, 45, 46, 47, 48, 49, 50, 51, 62, 63, 64, 65]",367411.0,363603,1119,368530.0,1119,368530.0,False,368530.0
36561,execution_finished,32,"[0, 1, 2, 3, 4, 11, 28, 29, 30, 31, 32, 33, 34, 35, 36, 37, 38, 39, 40, 43, 44, 45, 46, 47, 48, 49, 50, 51, 62, 63, 64, 65]",368530.0,364808,159,368689.0,159,368689.0,False,368689.0
36562,execution_finished,32,"[0, 1, 2, 3, 4, 11, 28, 29, 30, 31, 32, 33, 34, 35, 36, 37, 38, 39, 40, 43, 44, 45, 46, 47, 48, 49, 50, 51, 62, 63, 64, 65]",368689.0,365054,181,368870.0,181,368870.0,False,368870.0
36548,execution_finished,1,[60],368945.0,363229,3,368948.0,3,368948.0,False,368948.0
36547,execution_finished,1,[59],368945.0,363212,10,368955.0,10,368955.0,False,368955.0
36549,execution_finished,1,[61],368945.0,363234,14,368959.0,14,368959.0,False,368959.0
36592,execution_finished,1,[61],368959.0,368510,9,368968.0,9,368968.0,False,368968.0
36591,execution_finished,1,[59],368955.0,368508,21,368976.0,21,368976.0,False,368976.0
36589,execution_finished,1,[60],368948.0,368381,103,369051.0,103,369051.0,False,369051.0
36597,execution_finished,1,[59],368976.0,368858,110,369086.0,110,369086.0,False,369086.0
36594,execution_finished,1,[61],368968.0,368630,149,369117.0,149,369117.0,False,369117.0
36564,execution_finished,32,"[0, 1, 2, 3, 4, 11, 28, 29, 30, 31, 32, 33, 34, 35, 36, 37, 38, 39, 40, 43, 44, 45, 46, 47, 48, 49, 50, 51, 62, 63, 64, 65]",368870.0,365261,389,369259.0,389,369259.0,False,369259.0
36566,execution_finished,32,"[60, 59, 61, 0, 1, 2, 3, 4, 11, 28, 29, 30, 31, 32, 33, 34, 35, 36, 37, 38, 39, 40, 43, 44, 45, 46, 47, 48, 49, 50, 51, 62]",369259.0,365784,256,369515.0,256,369515.0,False,369515.0
36576,execution_finished,32,"[63, 64, 65, 0, 1, 2, 3, 4, 11, 28, 29, 30, 31, 32, 33, 34, 35, 36, 37, 38, 39, 40, 43, 44, 45, 46, 47, 48, 49, 50, 51, 59]",369515.0,366914,202,369717.0,202,369717.0,False,369717.0
36578,execution_finished,32,"[60, 61, 62, 0, 1, 2, 3, 4, 11, 28, 29, 30, 31, 32, 33, 34, 35, 36, 37, 38, 39, 40, 43, 44, 45, 46, 47, 48, 49, 50, 51, 59]",369717.0,367466,203,369920.0,203,369920.0,False,369920.0
36582,execution_finished,32,"[63, 64, 65, 0, 1, 2, 3, 4, 11, 28, 29, 30, 31, 32, 33, 34, 35, 36, 37, 38, 39, 40, 43, 44, 45, 46, 47, 48, 49, 50, 51, 59]",369920.0,367731,182,370102.0,182,370102.0,False,370102.0
36554,execution_finished,32,"[90, 91, 96, 98, 99, 102, 103, 104, 105, 106, 111, 112, 113, 114, 115, 116, 117, 118, 119, 120, 121, 122, 123, 124, 125, 126, 127, 67, 68, 69, 70, 72]",370111.0,364394,150,370261.0,150,370261.0,False,370261.0
36588,execution_finished,32,"[60, 61, 62, 0, 1, 2, 3, 4, 11, 28, 29, 30, 31, 32, 33, 34, 35, 36, 37, 38, 39, 40, 43, 44, 45, 46, 47, 48, 49, 50, 51, 59]",370102.0,368173,333,370435.0,333,370435.0,False,370435.0
36595,execution_finished,32,"[125, 126, 127, 0, 1, 2, 3, 4, 11, 28, 29, 30, 31, 32, 33, 34, 35, 36, 37, 38, 39, 40, 43, 44, 45, 46, 47, 48, 49, 50, 51, 59]",370435.0,368641,154,370589.0,154,370589.0,False,370589.0
36606,execution_finished,1,[66],372756.0,370056,252,373008.0,252,373008.0,False,373008.0
36637,execution_finished,1,[66],373008.0,372623,121,373129.0,121,373129.0,False,373129.0
36610,execution_finished,1,[74],373128.0,370428,21,373149.0,21,373149.0,False,373149.0
36608,execution_finished,1,[73],373036.0,370336,139,373175.0,139,373175.0,False,373175.0
36609,execution_finished,8,"[93, 97, 100, 101, 107, 108, 109, 110]",373135.0,370397,66,373201.0,66,373201.0,False,373201.0
36607,execution_finished,4,"[87, 88, 89, 92]",373135.0,370081,76,373211.0,76,373211.0,False,373211.0
36604,execution_finished,4,"[83, 84, 85, 86]",373135.0,369919,78,373213.0,78,373213.0,False,373213.0
36596,execution_finished,8,"[75, 76, 77, 78, 79, 80, 81, 82]",373135.0,368707,93,373228.0,93,373228.0,False,373228.0
36638,execution_finished,1,[66],373129.0,372868,114,373243.0,114,373243.0,False,373243.0
36640,execution_finished,1,[74],373163.0,373163,114,373277.0,114,373277.0,False,373277.0
36622,execution_finished,8,"[86, 75, 76, 77, 78, 79, 80, 81]",373228.0,371547,58,373286.0,58,373286.0,False,373286.0
36620,execution_finished,16,"[73, 93, 97, 100, 101, 107, 108, 109, 110, 87, 88, 89, 92, 83, 84, 85]",373213.0,371399,129,373342.0,129,373342.0,False,373342.0
36623,execution_finished,4,"[82, 66, 74, 75]",373286.0,371654,70,373356.0,70,373356.0,False,373356.0
36625,execution_finished,4,"[76, 77, 78, 79]",373286.0,371829,78,373364.0,78,373364.0,False,373364.0
36626,execution_finished,8,"[80, 81, 86, 73, 83, 84, 85, 87]",373342.0,371918,67,373409.0,67,373409.0,False,373409.0
36628,execution_finished,16,"[88, 89, 92, 93, 97, 100, 101, 107, 108, 109, 110, 66, 74, 75, 82, 76]",373364.0,372010,96,373460.0,96,373460.0,False,373460.0
36629,execution_finished,8,"[77, 78, 79, 73, 80, 81, 83, 84]",373409.0,372284,57,373466.0,57,373466.0,False,373466.0
36631,execution_finished,16,"[85, 86, 87, 66, 74, 75, 76, 82, 88, 89, 92, 93, 97, 100, 101, 107]",373460.0,372346,64,373524.0,64,373524.0,False,373524.0
36641,execution_finished,4,"[108, 109, 110, 73]",373466.0,373265,69,373535.0,69,373535.0,False,373535.0
36642,execution_finished,8,"[77, 78, 79, 80, 81, 83, 84, 66]",373524.0,373354,62,373586.0,62,373586.0,False,373586.0
36644,execution_finished,16,"[74, 75, 76, 82, 85, 86, 87, 88, 89, 92, 93, 97, 100, 101, 107, 73]",373535.0,373470,60,373595.0,60,373595.0,False,373595.0
36645,execution_finished,1,[108],373539.0,373539,111,373650.0,111,373650.0,False,373650.0
36646,execution_finished,1,[109],373800.0,373800,116,373916.0,116,373916.0,False,373916.0
36650,execution_finished,1,[108],373928.0,373928,129,374057.0,129,374057.0,False,374057.0
36593,execution_finished,32,"[63, 64, 65, 67, 68, 69, 70, 72, 90, 91, 96, 98, 99, 102, 103, 104, 105, 106, 111, 112, 113, 114, 115, 116, 117, 118, 119, 120, 121, 122, 123, 124]",370261.0,368593,4493,374754.0,4493,374754.0,False,374754.0
36653,execution_finished,32,"[63, 64, 65, 67, 68, 69, 70, 72, 90, 91, 96, 98, 99, 102, 103, 104, 105, 106, 111, 112, 113, 114, 115, 116, 117, 118, 119, 120, 121, 122, 123, 124]",374754.0,374356,498,375252.0,498,375252.0,False,375252.0
36615,execution_finished,1,[60],375235.0,370918,126,375361.0,126,375361.0,False,375361.0
36656,execution_finished,1,[64],375252.0,374667,109,375361.0,109,375361.0,False,375361.0
36618,execution_finished,16,"[0, 1, 2, 3, 4, 11, 28, 29, 30, 31, 32, 33, 34, 35, 36, 37]",375389.0,371143,16,375405.0,16,375405.0,False,375405.0
36654,execution_finished,1,[63],375252.0,374394,174,375426.0,174,375426.0,False,375426.0
36619,execution_finished,16,"[38, 39, 40, 43, 44, 45, 46, 47, 48, 49, 50, 51, 59, 61, 62, 125]",375389.0,371172,106,375495.0,106,375495.0,False,375495.0
36661,execution_finished,1,[31],375405.0,375246,154,375559.0,154,375559.0,False,375559.0
36658,execution_finished,1,[0],375405.0,374961,168,375573.0,168,375573.0,False,375573.0
36664,execution_finished,1,[32],375536.0,375536,128,375664.0,128,375664.0,False,375664.0
36624,execution_finished,1,[126],375708.0,371725,124,375832.0,124,375832.0,False,375832.0
36632,execution_finished,1,[127],375708.0,372373,144,375852.0,144,375852.0,False,375852.0
36668,execution_finished,1,[31],375815.0,375815,114,375929.0,114,375929.0,False,375929.0
36669,execution_finished,1,[126],376032.0,376032,127,376159.0,127,376159.0,False,376159.0
36671,execution_finished,1,[31],376206.0,376206,13,376219.0,13,376219.0,False,376219.0
36672,execution_finished,1,[126],376226.0,376226,126,376352.0,126,376352.0,False,376352.0
36657,execution_finished,32,"[65, 67, 68, 69, 70, 72, 90, 91, 96, 98, 99, 102, 103, 104, 105, 106, 111, 112, 113, 114, 115, 116, 117, 118, 119, 120, 121, 122, 123, 124, 60, 64]",375361.0,374937,1267,376628.0,1267,376628.0,False,376628.0
36449,execution_finished,2,"[95, 94]",352322.0,352307,25208,377530.0,25208,377530.0,False,377530.0
36680,execution_finished,1,[94],377530.0,377360,7,377537.0,7,377537.0,False,377537.0
36681,execution_finished,1,[95],377530.0,377371,9,377539.0,9,377539.0,False,377539.0
36660,execution_finished,8,"[1, 2, 3, 4, 11, 28, 29, 30]",375405.0,375141,2379,377784.0,2379,377784.0,False,377784.0
36520,execution_finished,32,"[5, 6, 7, 8, 9, 10, 12, 13, 14, 15, 16, 17, 18, 19, 20, 21, 22, 23, 24, 25, 26, 27, 41, 42, 52, 53, 54, 55, 56, 57, 58, 71]",363548.0,359316,15919,379467.0,15919,379467.0,False,379467.0
36679,execution_finished,64,"[0, 31, 32, 33, 34, 35, 36, 37, 38, 39, 40, 43, 44, 45, 46, 47, 48, 49, 50, 51, 59, 60, 61, 62, 63, 64, 65, 66, 67, 68, 69, 70, 72, 73, 74, 75, 76, 77, 78, 79, 80, 81, 82, 83, 84, 85, 86, 87, 88, 89, 90, 91, 92, 93, 96, 97, 98, 99, 100, 101, 102, 103, 104, 105]",381428.0,377331,6578,388006.0,6578,388006.0,False,388006.0
36687,execution_finished,64,"[105, 104, 103, 102, 101, 100, 99, 98, 97, 96, 93, 92, 91, 90, 89, 88, 87, 86, 85, 84, 83, 82, 81, 80, 79, 78, 77, 76, 75, 74, 73, 72, 70, 69, 68, 67, 66, 65, 64, 63, 62, 61, 60, 59, 51, 50, 49, 48, 47, 46, 45, 44, 43, 40, 39, 38, 37, 36, 35, 34, 33, 32, 31, 0]",388006.0,384718,156,388162.0,156,388162.0,False,388162.0
36682,execution_finished,64,"[1, 2, 3, 4, 5, 6, 7, 8, 9, 10, 11, 12, 13, 14, 15, 16, 17, 18, 19, 20, 21, 22, 23, 24, 25, 26, 27, 28, 29, 30, 41, 42, 52, 53, 54, 55, 56, 57, 58, 71, 94, 95, 106, 107, 108, 109, 110, 111, 112, 113, 114, 115, 116, 117, 118, 119, 120, 121, 122, 123, 124, 125, 126, 127]",384267.0,377527,6868,391135.0,6868,391135.0,False,391135.0
36684,execution_finished,128,"[0, 31, 32, 33, 34, 35, 36, 37, 38, 39, 40, 43, 44, 45, 46, 47, 48, 49, 50, 51, 59, 60, 61, 62, 63, 64, 65, 66, 67, 68, 69, 70, 72, 73, 74, 75, 76, 77, 78, 79, 80, 81, 82, 83, 84, 85, 86, 87, 88, 89, 90, 91, 92, 93, 96, 97, 98, 99, 100, 101, 102, 103, 104, 105, 1, 2, 3, 4, 5, 6, 7, 8, 9, 10, 11, 12, 13, 14, 15, 16, 17, 18, 19, 20, 21, 22, 23, 24, 25, 26, 27, 28, 29, 30, 41, 42, 52, 53, 54, 55, 56, 57, 58, 71, 94, 95, 106, 107, 108, 109, 110, 111, 112, 113, 114, 115, 116, 117, 118, 119, 120, 121, 122, 123, 124, 125, 126, 127]",393835.0,384404,105,393940.0,105,393940.0,False,393940.0
36685,execution_finished,64,"[0, 1, 2, 3, 4, 5, 6, 7, 8, 9, 10, 11, 12, 13, 14, 15, 16, 17, 18, 19, 20, 21, 22, 23, 24, 25, 26, 27, 28, 29, 30, 31, 32, 33, 34, 35, 36, 37, 38, 39, 40, 41, 42, 43, 44, 45, 46, 47, 48, 49, 50, 51, 52, 53, 54, 55, 56, 57, 58, 59, 60, 61, 62, 63]",393940.0,384513,10924,404864.0,10924,404864.0,False,404864.0
36762,execution_finished,128,"[64, 65, 66, 67, 68, 69, 70, 71, 72, 73, 74, 75, 76, 77, 78, 79, 80, 81, 82, 83, 84, 85, 86, 87, 88, 89, 90, 91, 92, 93, 94, 95, 96, 97, 98, 99, 100, 101, 102, 103, 104, 105, 106, 107, 108, 109, 110, 111, 112, 113, 114, 115, 116, 117, 118, 119, 120, 121, 122, 123, 124, 125, 126, 127, 0, 1, 2, 3, 4, 5, 6, 7, 8, 9, 10, 11, 12, 13, 14, 15, 16, 17, 18, 19, 20, 21, 22, 23, 24, 25, 26, 27, 28, 29, 30, 31, 32, 33, 34, 35, 36, 37, 38, 39, 40, 41, 42, 43, 44, 45, 46, 47, 48, 49, 50, 51, 52, 53, 54, 55, 56, 57, 58, 59, 60, 61, 62, 63]",407564.0,395445,89,407653.0,89,407653.0,False,407653.0
36763,execution_finished,128,"[0, 1, 2, 3, 4, 5, 6, 7, 8, 9, 10, 11, 12, 13, 14, 15, 16, 17, 18, 19, 20, 21, 22, 23, 24, 25, 26, 27, 28, 29, 30, 31, 32, 33, 34, 35, 36, 37, 38, 39, 40, 41, 42, 43, 44, 45, 46, 47, 48, 49, 50, 51, 52, 53, 54, 55, 56, 57, 58, 59, 60, 61, 62, 63, 64, 65, 66, 67, 68, 69, 70, 71, 72, 73, 74, 75, 76, 77, 78, 79, 80, 81, 82, 83, 84, 85, 86, 87, 88, 89, 90, 91, 92, 93, 94, 95, 96, 97, 98, 99, 100, 101, 102, 103, 104, 105, 106, 107, 108, 109, 110, 111, 112, 113, 114, 115, 116, 117, 118, 119, 120, 121, 122, 123, 124, 125, 126, 127]",407653.0,395538,10924,418577.0,10924,418577.0,False,418577.0
36806,execution_finished,1,[4],418577.0,410270,3,418580.0,3,418580.0,False,418580.0
36875,execution_finished,1,[92],418577.0,415811,14,418591.0,14,418591.0,False,418591.0
36855,execution_finished,1,[93],418577.0,413938,16,418593.0,16,418593.0,False,418593.0
36807,execution_finished,1,[5],418577.0,410291,17,418594.0,17,418594.0,False,418594.0
36816,execution_finished,2,"[8, 9]",418577.0,410955,17,418594.0,17,418594.0,False,418594.0
36817,execution_finished,2,"[10, 11]",418577.0,410980,17,418594.0,17,418594.0,False,418594.0
36821,execution_finished,2,"[24, 25]",418577.0,411101,18,418595.0,18,418595.0,False,418595.0
36882,execution_finished,1,[91],418577.0,417602,21,418598.0,21,418598.0,False,418598.0
36818,execution_finished,4,"[12, 13, 14, 15]",418577.0,411010,22,418599.0,22,418599.0,False,418599.0
36845,execution_finished,2,"[127, 126]",418577.0,413270,30,418607.0,30,418607.0,False,418607.0
36810,execution_finished,2,"[6, 7]",418577.0,410351,35,418612.0,35,418612.0,False,418612.0
36819,execution_finished,8,"[16, 17, 18, 19, 20, 21, 22, 23]",418577.0,411052,37,418614.0,37,418614.0,False,418614.0
36883,execution_finished,1,[90],418577.0,417650,37,418614.0,37,418614.0,False,418614.0
36889,execution_finished,4,"[91, 25, 24, 15]",418599.0,417847,16,418615.0,16,418615.0,False,418615.0
36884,execution_finished,1,[4],418580.0,417697,39,418619.0,39,418619.0,False,418619.0
36888,execution_finished,1,[92],418591.0,417772,36,418627.0,36,418627.0,False,418627.0
36804,execution_finished,2,"[0, 1]",418577.0,410112,54,418631.0,54,418631.0,False,418631.0
36847,execution_finished,16,"[125, 124, 123, 122, 121, 120, 119, 118, 117, 116, 115, 114, 113, 112, 111, 110]",418577.0,413329,56,418633.0,56,418633.0,False,418633.0
36805,execution_finished,2,"[2, 3]",418577.0,410206,71,418648.0,71,418648.0,False,418648.0
36894,execution_finished,4,"[127, 126, 14, 13]",418607.0,418469,61,418668.0,61,418668.0,False,418668.0
36886,execution_finished,2,"[8, 5]",418594.0,417763,80,418674.0,80,418674.0,False,418674.0
36867,execution_finished,8,"[91, 25, 24, 16, 15, 12, 7, 6]",418615.0,414544,61,418676.0,61,418676.0,False,418676.0
36848,execution_finished,16,"[109, 108, 107, 106, 105, 104, 103, 102, 101, 100, 99, 98, 97, 96, 95, 94]",418577.0,413414,104,418681.0,104,418681.0,False,418681.0
36861,execution_finished,8,"[90, 23, 22, 21, 20, 19, 18, 17]",418614.0,414126,70,418684.0,70,418684.0,False,418684.0
36824,execution_finished,16,"[42, 43, 44, 45, 46, 47, 48, 49, 50, 51, 52, 53, 54, 55, 56, 57]",418577.0,411141,108,418685.0,108,418685.0,False,418685.0
36822,execution_finished,16,"[26, 27, 28, 29, 30, 31, 32, 33, 34, 35, 36, 37, 38, 39, 40, 41]",418577.0,411123,116,418693.0,116,418693.0,False,418693.0
36885,execution_finished,4,"[93, 11, 10, 9]",418594.0,417740,104,418698.0,104,418698.0,False,418698.0
36849,execution_finished,16,"[125, 124, 123, 122, 121, 120, 119, 118, 117, 116, 115, 114, 113, 112, 111, 110]",418633.0,413422,101,418734.0,101,418734.0,False,418734.0
36874,execution_finished,8,"[127, 126, 92, 14, 13, 4, 3, 2]",418668.0,415552,74,418742.0,74,418742.0,False,418742.0
36877,execution_finished,8,"[91, 25, 24, 16, 15, 12, 8, 7]",418676.0,416120,69,418745.0,69,418745.0,False,418745.0
36879,execution_finished,8,"[109, 108, 107, 106, 105, 104, 103, 102]",418681.0,416907,73,418754.0,73,418754.0,False,418754.0
36881,execution_finished,8,"[101, 100, 99, 98, 97, 96, 95, 94]",418681.0,417303,82,418763.0,82,418763.0,False,418763.0
36860,execution_finished,32,"[57, 56, 55, 54, 53, 52, 51, 50, 49, 48, 47, 46, 45, 44, 43, 42, 41, 40, 39, 38, 37, 36, 35, 34, 33, 32, 31, 30, 29, 28, 27, 26]",418693.0,414103,92,418785.0,92,418785.0,False,418785.0
36866,execution_finished,32,"[127, 126, 125, 124, 123, 122, 121, 120, 119, 118, 117, 116, 115, 114, 113, 112, 111, 110, 93, 92, 14, 13, 11, 10, 9, 6, 5, 4, 3, 2, 1, 0]",418742.0,414516,87,418829.0,87,418829.0,False,418829.0
36893,execution_finished,8,"[90, 23, 22, 21, 20, 19, 18, 17]",418684.0,417971,159,418843.0,159,418843.0,False,418843.0
36895,execution_finished,32,"[109, 108, 107, 106, 105, 104, 103, 102, 101, 100, 99, 98, 97, 96, 95, 94, 91, 57, 56, 55, 54, 53, 52, 51, 50, 49, 48, 47, 46, 45, 44, 43]",418785.0,418559,61,418846.0,61,418846.0,False,418846.0
36827,execution_finished,32,"[58, 59, 60, 61, 62, 63, 64, 65, 66, 67, 68, 69, 70, 71, 72, 73, 74, 75, 76, 77, 78, 79, 80, 81, 82, 83, 84, 85, 86, 87, 88, 89]",418577.0,411438,282,418859.0,282,418859.0,False,418859.0
36836,execution_finished,128,"[7, 8, 12, 15, 16, 24, 25, 26, 27, 28, 29, 30, 31, 32, 33, 34, 35, 36, 37, 38, 39, 40, 41, 42, 0, 1, 2, 3, 4, 5, 6, 9, 10, 11, 13, 14, 92, 93, 110, 111, 112, 113, 114, 115, 116, 117, 118, 119, 120, 121, 122, 123, 124, 125, 126, 127, 17, 18, 19, 20, 21, 22, 23, 90, 43, 44, 45, 46, 47, 48, 49, 50, 51, 52, 53, 54, 55, 56, 57, 91, 94, 95, 96, 97, 98, 99, 100, 101, 102, 103, 104, 105, 106, 107, 108, 109, 58, 59, 60, 61, 62, 63, 64, 65, 66, 67, 68, 69, 70, 71, 72, 73, 74, 75, 76, 77, 78, 79, 80, 81, 82, 83, 84, 85, 86, 87, 88, 89]",418859.0,411996,28,418887.0,28,418887.0,False,418887.0
36837,execution_finished,128,"[0, 1, 2, 3, 4, 5, 6, 7, 8, 9, 10, 11, 12, 13, 14, 15, 16, 17, 18, 19, 20, 21, 22, 23, 24, 25, 26, 27, 28, 29, 30, 31, 32, 33, 34, 35, 36, 37, 38, 39, 40, 41, 42, 43, 44, 45, 46, 47, 48, 49, 50, 51, 52, 53, 54, 55, 56, 57, 58, 59, 60, 61, 62, 63, 64, 65, 66, 67, 68, 69, 70, 71, 72, 73, 74, 75, 76, 77, 78, 79, 80, 81, 82, 83, 84, 85, 86, 87, 88, 89, 90, 91, 92, 93, 94, 95, 96, 97, 98, 99, 100, 101, 102, 103, 104, 105, 106, 107, 108, 109, 110, 111, 112, 113, 114, 115, 116, 117, 118, 119, 120, 121, 122, 123, 124, 125, 126, 127]",418887.0,412106,452,419339.0,452,419339.0,False,419339.0
36876,execution_finished,32,"[95, 94, 93, 92, 91, 90, 89, 88, 87, 86, 85, 84, 83, 82, 81, 80, 79, 78, 77, 76, 75, 74, 73, 72, 71, 70, 69, 68, 67, 66, 65, 64]",419339.0,416101,86,419425.0,86,419425.0,False,419425.0
36873,execution_finished,32,"[127, 126, 125, 124, 123, 122, 121, 120, 119, 118, 117, 116, 115, 114, 113, 112, 111, 110, 109, 108, 107, 106, 105, 104, 103, 102, 101, 100, 99, 98, 97, 96]",419339.0,415528,96,419435.0,96,419435.0,False,419435.0
36878,execution_finished,32,"[95, 94, 93, 92, 91, 90, 89, 88, 87, 86, 85, 84, 83, 82, 81, 80, 79, 78, 77, 76, 75, 74, 73, 72, 71, 70, 69, 68, 67, 66, 65, 64]",419425.0,416888,89,419514.0,89,419514.0,False,419514.0
36899,execution_finished,4,"[92, 91, 90, 89]",419514.0,419228,5,419519.0,5,419519.0,False,419519.0
36900,execution_finished,1,[88],419514.0,419272,19,419533.0,19,419533.0,False,419533.0
36904,execution_finished,1,[92],419528.0,419528,9,419537.0,9,419537.0,False,419537.0
36880,execution_finished,32,"[127, 126, 125, 124, 123, 122, 121, 120, 119, 118, 117, 116, 115, 114, 113, 112, 111, 110, 109, 108, 107, 106, 105, 104, 103, 102, 101, 100, 99, 98, 97, 96]",419435.0,417273,110,419545.0,110,419545.0,False,419545.0
36896,execution_finished,1,[95],419514.0,419068,34,419548.0,34,419548.0,False,419548.0
36903,execution_finished,32,"[127, 126, 125, 124, 123, 122, 121, 120, 119, 118, 117, 116, 115, 114, 113, 112, 111, 110, 109, 108, 107, 106, 105, 104, 103, 102, 101, 100, 99, 98, 97, 96]",419545.0,419429,35,419580.0,35,419580.0,False,419580.0
36905,execution_finished,1,[127],419587.0,419587,10,419597.0,10,419597.0,False,419597.0
36898,execution_finished,2,"[94, 93]",419514.0,419132,95,419609.0,95,419609.0,False,419609.0
36853,execution_finished,64,"[0, 1, 2, 3, 4, 5, 6, 7, 8, 9, 10, 11, 12, 13, 14, 15, 16, 17, 18, 19, 20, 21, 22, 23, 24, 25, 26, 27, 28, 29, 30, 31, 32, 33, 34, 35, 36, 37, 38, 39, 40, 41, 42, 43, 44, 45, 46, 47, 48, 49, 50, 51, 52, 53, 54, 55, 56, 57, 58, 59, 60, 61, 62, 63]",419339.0,413661,274,419613.0,274,419613.0,False,419613.0
36868,execution_finished,128,"[64, 65, 66, 67, 68, 69, 70, 71, 72, 73, 74, 75, 76, 77, 78, 79, 80, 81, 82, 83, 84, 85, 86, 87, 89, 90, 91, 88, 92, 95, 96, 97, 98, 99, 100, 101, 102, 103, 104, 105, 106, 107, 108, 109, 110, 111, 112, 113, 114, 115, 116, 117, 118, 119, 120, 121, 122, 123, 124, 125, 126, 127, 93, 94, 0, 1, 2, 3, 4, 5, 6, 7, 8, 9, 10, 11, 12, 13, 14, 15, 16, 17, 18, 19, 20, 21, 22, 23, 24, 25, 26, 27, 28, 29, 30, 31, 32, 33, 34, 35, 36, 37, 38, 39, 40, 41, 42, 43, 44, 45, 46, 47, 48, 49, 50, 51, 52, 53, 54, 55, 56, 57, 58, 59, 60, 61, 62, 63]",419613.0,414711,78,419691.0,78,419691.0,False,419691.0
36869,execution_finished,128,"[0, 1, 2, 3, 4, 5, 6, 7, 8, 9, 10, 11, 12, 13, 14, 15, 16, 17, 18, 19, 20, 21, 22, 23, 24, 25, 26, 27, 28, 29, 30, 31, 32, 33, 34, 35, 36, 37, 38, 39, 40, 41, 42, 43, 44, 45, 46, 47, 48, 49, 50, 51, 52, 53, 54, 55, 56, 57, 58, 59, 60, 61, 62, 63, 64, 65, 66, 67, 68, 69, 70, 71, 72, 73, 74, 75, 76, 77, 78, 79, 80, 81, 82, 83, 84, 85, 86, 87, 88, 89, 90, 91, 92, 93, 94, 95, 96, 97, 98, 99, 100, 101, 102, 103, 104, 105, 106, 107, 108, 109, 110, 111, 112, 113, 114, 115, 116, 117, 118, 119, 120, 121, 122, 123, 124, 125, 126, 127]",419691.0,414857,86,419777.0,86,419777.0,False,419777.0
36907,execution_finished,32,"[127, 126, 125, 124, 123, 122, 121, 120, 119, 118, 117, 116, 115, 114, 113, 112, 111, 110, 109, 108, 107, 106, 105, 104, 103, 102, 101, 100, 99, 98, 97, 96]",419827.0,419673,62,419889.0,62,419889.0,False,419889.0
36897,execution_finished,4,"[70, 71, 72, 73]",419777.0,419111,115,419892.0,115,419892.0,False,419892.0
36909,execution_finished,1,[80],419879.0,419879,25,419904.0,25,419904.0,False,419904.0
36887,execution_finished,32,"[0, 1, 2, 3, 4, 5, 6, 7, 8, 9, 10, 11, 12, 13, 14, 15, 16, 17, 18, 19, 20, 21, 22, 23, 24, 25, 26, 27, 28, 29, 30, 31]",419777.0,417769,139,419916.0,139,419916.0,False,419916.0
36892,execution_finished,32,"[38, 39, 40, 41, 42, 43, 44, 45, 46, 47, 48, 49, 50, 51, 52, 53, 54, 55, 56, 57, 58, 59, 60, 61, 62, 63, 64, 65, 66, 67, 68, 69]",419777.0,417927,198,419975.0,198,419975.0,False,419975.0
36910,execution_finished,1,[50],419985.0,419985,10,419995.0,10,419995.0,False,419995.0
36911,execution_finished,1,[51],419999.0,419999,11,420010.0,11,420010.0,False,420010.0
36906,execution_finished,64,"[81, 82, 83, 84, 85, 86, 87, 88, 89, 90, 91, 92, 93, 94, 95, 96, 97, 98, 99, 100, 101, 102, 103, 104, 105, 106, 107, 108, 109, 110, 111, 112, 113, 114, 115, 116, 117, 118, 119, 120, 121, 122, 123, 124, 125, 126, 127, 70, 71, 72, 73, 80, 0, 1, 2, 3, 4, 5, 6, 7, 8, 9, 10, 11]",419916.0,419651,224,420140.0,224,420140.0,False,420140.0
36908,execution_finished,32,"[12, 13, 14, 15, 16, 17, 18, 19, 20, 21, 22, 23, 24, 25, 26, 27, 28, 29, 30, 31, 38, 39, 40, 41, 42, 43, 44, 45, 46, 47, 48, 49]",419975.0,419827,258,420233.0,258,420233.0,False,420233.0
36914,execution_finished,1,[24],420309.0,420309,21,420330.0,21,420330.0,False,420330.0
36912,execution_finished,64,"[52, 53, 54, 55, 56, 57, 58, 59, 60, 61, 62, 63, 64, 65, 66, 67, 68, 69, 50, 51, 0, 1, 2, 3, 4, 5, 6, 7, 8, 9, 10, 11, 70, 71, 72, 73, 80, 81, 82, 83, 84, 85, 86, 87, 88, 89, 90, 91, 92, 93, 94, 95, 96, 97, 98, 99, 100, 101, 102, 103, 104, 105, 106, 107]",420140.0,420061,243,420383.0,243,420383.0,False,420383.0
36916,execution_finished,8,"[50, 51, 52, 53, 54, 55, 56, 57]",420395.0,420395,158,420553.0,158,420553.0,False,420553.0
36915,execution_finished,32,"[25, 26, 27, 28, 29, 30, 31, 38, 39, 40, 41, 42, 43, 44, 45, 46, 47, 48, 49, 24, 0, 1, 2, 3, 4, 5, 6, 7, 8, 9, 10, 11]",420383.0,420358,193,420576.0,193,420576.0,False,420576.0
36917,execution_finished,1,[58],420572.0,420572,15,420587.0,15,420587.0,False,420587.0
36902,execution_finished,2,"[78, 79]",419777.0,419348,817,420594.0,817,420594.0,False,420594.0
36891,execution_finished,2,"[36, 37]",419777.0,417908,831,420608.0,831,420608.0,False,420608.0
36901,execution_finished,4,"[74, 75, 76, 77]",419777.0,419326,836,420613.0,836,420613.0,False,420613.0
36890,execution_finished,4,"[32, 33, 34, 35]",419777.0,417886,850,420627.0,850,420627.0,False,420627.0
36918,execution_finished,64,"[59, 60, 61, 62, 63, 64, 65, 66, 67, 68, 69, 70, 71, 72, 73, 80, 81, 82, 83, 84, 85, 86, 87, 88, 89, 90, 91, 92, 93, 94, 95, 96, 97, 98, 99, 100, 101, 102, 103, 104, 105, 106, 107, 50, 51, 52, 53, 54, 55, 56, 57, 0, 1, 2, 3, 4, 5, 6, 7, 8, 9, 10, 11, 24]",420667.0,420667,211,420878.0,211,420878.0,False,420878.0
36921,execution_finished,1,[58],420884.0,420884,30,420914.0,30,420914.0,False,420914.0
36923,execution_finished,1,[98],420952.0,420952,10,420962.0,10,420962.0,False,420962.0
36922,execution_finished,64,"[36, 37, 74, 75, 76, 77, 32, 33, 34, 35, 0, 1, 2, 3, 4, 5, 6, 7, 8, 9, 10, 11, 24, 50, 51, 52, 53, 54, 55, 56, 57, 59, 60, 61, 62, 63, 64, 65, 66, 67, 68, 69, 70, 71, 72, 73, 80, 81, 82, 83, 84, 85, 86, 87, 88, 89, 90, 91, 92, 93, 94, 95, 96, 97]",420896.0,420896,114,421010.0,114,421010.0,False,421010.0
36924,execution_finished,64,"[99, 100, 101, 102, 103, 104, 105, 106, 107, 58, 98, 0, 1, 2, 3, 4, 5, 6, 7, 8, 9, 10, 11, 24, 32, 33, 34, 35, 36, 37, 50, 51, 52, 53, 54, 55, 56, 57, 59, 60, 61, 62, 63, 64, 65, 66, 67, 68, 69, 70, 71, 72, 73, 74, 75, 76, 77, 80, 81, 82, 83, 84, 85, 86]",421016.0,421016,206,421222.0,206,421222.0,False,421222.0
36925,execution_finished,1,[87],421224.0,421224,11,421235.0,11,421235.0,False,421235.0
36926,execution_finished,1,[88],421225.0,421225,22,421247.0,22,421247.0,False,421247.0
36927,execution_finished,64,"[89, 90, 91, 92, 93, 94, 95, 96, 97, 0, 1, 2, 3, 4, 5, 6, 7, 8, 9, 10, 11, 24, 32, 33, 34, 35, 36, 37, 50, 51, 52, 53, 54, 55, 56, 57, 58, 59, 60, 61, 62, 63, 64, 65, 66, 67, 68, 69, 70, 71, 72, 73, 74, 75, 76, 77, 80, 81, 82, 83, 84, 85, 86, 98]",421275.0,421275,44,421319.0,44,421319.0,False,421319.0
36928,execution_finished,1,[99],421298.0,421298,29,421327.0,29,421327.0,False,421327.0
36929,execution_finished,64,"[100, 101, 102, 103, 104, 105, 106, 107, 87, 88, 0, 1, 2, 3, 4, 5, 6, 7, 8, 9, 10, 11, 24, 32, 33, 34, 35, 36, 37, 50, 51, 52, 53, 54, 55, 56, 57, 58, 59, 60, 61, 62, 63, 64, 65, 66, 67, 68, 69, 70, 71, 72, 73, 74, 75, 76, 77, 80, 81, 82, 83, 84, 85, 86]",421350.0,421350,103,421453.0,103,421453.0,False,421453.0
36931,execution_finished,1,[86],421505.0,421505,14,421519.0,14,421519.0,False,421519.0
36930,execution_finished,64,"[89, 90, 91, 92, 93, 94, 95, 96, 97, 98, 99, 0, 1, 2, 3, 4, 5, 6, 7, 8, 9, 10, 11, 24, 32, 33, 34, 35, 36, 37, 50, 51, 52, 53, 54, 55, 56, 57, 58, 59, 60, 61, 62, 63, 64, 65, 66, 67, 68, 69, 70, 71, 72, 73, 74, 75, 76, 77, 80, 81, 82, 83, 84, 85]",421480.0,421480,108,421588.0,108,421588.0,False,421588.0
36919,execution_finished,4,"[25, 26, 27, 28]",420767.0,420767,837,421604.0,837,421604.0,False,421604.0
36920,execution_finished,2,"[29, 30]",420792.0,420792,813,421605.0,813,421605.0,False,421605.0
36932,execution_finished,32,"[87, 88, 100, 101, 102, 103, 104, 105, 106, 107, 86, 0, 1, 2, 3, 4, 5, 6, 7, 8, 9, 10, 11, 24, 32, 33, 34, 35, 36, 37, 50, 51]",421621.0,421621,152,421773.0,152,421773.0,False,421773.0
36934,execution_finished,64,"[53, 54, 55, 56, 57, 58, 59, 60, 61, 62, 63, 64, 65, 66, 67, 68, 69, 70, 71, 72, 73, 74, 75, 76, 77, 80, 81, 82, 83, 84, 85, 89, 90, 91, 92, 93, 94, 95, 96, 97, 98, 99, 25, 26, 27, 28, 29, 30, 0, 1, 2, 3, 4, 5, 6, 7, 8, 9, 10, 11, 24, 32, 33, 34]",421801.0,421801,46,421847.0,46,421847.0,False,421847.0
36935,execution_finished,1,[35],421824.0,421824,29,421853.0,29,421853.0,False,421853.0
36936,execution_finished,64,"[36, 37, 50, 51, 86, 87, 88, 100, 101, 102, 103, 104, 105, 106, 107, 0, 1, 2, 3, 4, 5, 6, 7, 8, 9, 10, 11, 24, 25, 26, 27, 28, 29, 30, 32, 33, 34, 53, 54, 55, 56, 57, 58, 59, 60, 61, 62, 63, 64, 65, 66, 67, 68, 69, 70, 71, 72, 73, 74, 75, 76, 77, 80, 81]",421876.0,421876,38,421914.0,38,421914.0,False,421914.0
36938,execution_finished,1,[75],422013.0,422013,19,422032.0,19,422032.0,False,422032.0
36937,execution_finished,64,"[82, 83, 84, 85, 89, 90, 91, 92, 93, 94, 95, 96, 97, 98, 99, 35, 0, 1, 2, 3, 4, 5, 6, 7, 8, 9, 10, 11, 24, 25, 26, 27, 28, 29, 30, 32, 33, 34, 36, 37, 50, 51, 53, 54, 55, 56, 57, 58, 59, 60, 61, 62, 63, 64, 65, 66, 67, 68, 69, 70, 71, 72, 73, 74]",421937.0,421937,107,422044.0,107,422044.0,False,422044.0
36939,execution_finished,64,"[76, 77, 80, 81, 86, 87, 88, 100, 101, 102, 103, 104, 105, 106, 107, 75, 0, 1, 2, 3, 4, 5, 6, 7, 8, 9, 10, 11, 24, 25, 26, 27, 28, 29, 30, 32, 33, 34, 35, 36, 37, 50, 51, 53, 54, 55, 56, 57, 58, 59, 60, 61, 62, 63, 64, 65, 66, 67, 68, 69, 70, 71, 72, 73]",422069.0,422069,106,422175.0,106,422175.0,False,422175.0
36913,execution_finished,32,"[108, 109, 110, 111, 112, 113, 114, 115, 116, 117, 118, 119, 120, 121, 122, 123, 124, 125, 126, 127, 12, 13, 14, 15, 16, 17, 18, 19, 20, 21, 22, 23]",420235.0,420235,2004,422239.0,2004,422239.0,False,422239.0
36940,execution_finished,64,"[74, 82, 83, 84, 85, 89, 90, 91, 92, 93, 94, 95, 96, 97, 98, 99, 0, 1, 2, 3, 4, 5, 6, 7, 8, 9, 10, 11, 24, 25, 26, 27, 28, 29, 30, 32, 33, 34, 35, 36, 37, 50, 51, 53, 54, 55, 56, 57, 58, 59, 60, 61, 62, 63, 64, 65, 66, 67, 68, 69, 70, 71, 72, 73]",422203.0,422203,70,422273.0,70,422273.0,False,422273.0
36933,execution_finished,1,[52],421776.0,421776,631,422407.0,631,422407.0,False,422407.0
36941,execution_finished,32,"[75, 76, 77, 80, 81, 86, 87, 88, 100, 101, 102, 103, 104, 105, 106, 107, 12, 13, 14, 15, 16, 17, 18, 19, 20, 21, 22, 23, 108, 109, 110, 111]",422250.0,422250,180,422430.0,180,422430.0,False,422430.0
36942,execution_finished,64,"[112, 113, 114, 115, 116, 117, 118, 119, 120, 121, 122, 123, 124, 125, 126, 127, 0, 1, 2, 3, 4, 5, 6, 7, 8, 9, 10, 11, 24, 25, 26, 27, 28, 29, 30, 32, 33, 34, 35, 36, 37, 50, 51, 53, 54, 55, 56, 57, 58, 59, 60, 61, 62, 63, 64, 65, 66, 67, 68, 69, 70, 71, 72, 73]",422362.0,422362,127,422489.0,127,422489.0,False,422489.0
36943,execution_finished,1,[74],422444.0,422444,61,422505.0,61,422505.0,False,422505.0
36944,execution_finished,64,"[82, 83, 84, 85, 89, 90, 91, 92, 93, 94, 95, 96, 97, 98, 99, 52, 12, 13, 14, 15, 16, 17, 18, 19, 20, 21, 22, 23, 75, 76, 77, 80, 81, 86, 87, 88, 100, 101, 102, 103, 104, 105, 106, 107, 108, 109, 110, 111, 0, 1, 2, 3, 4, 5, 6, 7, 8, 9, 10, 11, 24, 25, 26, 27]",422491.0,422491,251,422742.0,251,422742.0,False,422742.0
36947,execution_finished,1,[29],422745.0,422745,24,422769.0,24,422769.0,False,422769.0
36945,execution_finished,1,[28],422525.0,422525,355,422880.0,355,422880.0,False,422880.0
36948,execution_finished,64,"[74, 0, 1, 2, 3, 4, 5, 6, 7, 8, 9, 10, 11, 12, 13, 14, 15, 16, 17, 18, 19, 20, 21, 22, 23, 24, 25, 26, 27, 52, 75, 76, 77, 80, 81, 82, 83, 84, 85, 86, 87, 88, 89, 90, 91, 92, 93, 94, 95, 96, 97, 98, 99, 100, 101, 102, 103, 104, 105, 106, 107, 108, 109, 110]",422800.0,422800,421,423221.0,421,423221.0,False,423221.0
36949,execution_finished,64,"[0, 1, 2, 3, 4, 5, 6, 7, 8, 9, 10, 11, 12, 13, 14, 15, 16, 17, 18, 19, 20, 21, 22, 23, 24, 25, 26, 27, 52, 74, 75, 76, 77, 80, 81, 82, 83, 84, 85, 86, 87, 88, 89, 90, 91, 92, 93, 94, 95, 96, 97, 98, 99, 100, 101, 102, 103, 104, 105, 106, 107, 108, 109, 110]",423221.0,422893,59,423280.0,59,423280.0,False,423280.0
36950,execution_finished,64,"[0, 1, 2, 3, 4, 5, 6, 7, 8, 9, 10, 11, 12, 13, 14, 15, 16, 17, 18, 19, 20, 21, 22, 23, 24, 25, 26, 27, 52, 74, 75, 76, 77, 80, 81, 82, 83, 84, 85, 86, 87, 88, 89, 90, 91, 92, 93, 94, 95, 96, 97, 98, 99, 100, 101, 102, 103, 104, 105, 106, 107, 108, 109, 110]",423280.0,422966,52,423332.0,52,423332.0,False,423332.0
36951,execution_finished,64,"[0, 1, 2, 3, 4, 5, 6, 7, 8, 9, 10, 11, 12, 13, 14, 15, 16, 17, 18, 19, 20, 21, 22, 23, 24, 25, 26, 27, 52, 74, 75, 76, 77, 80, 81, 82, 83, 84, 85, 86, 87, 88, 89, 90, 91, 92, 93, 94, 95, 96, 97, 98, 99, 100, 101, 102, 103, 104, 105, 106, 107, 108, 109, 110]",423332.0,423036,46,423378.0,46,423378.0,False,423378.0
36952,execution_finished,64,"[0, 1, 2, 3, 4, 5, 6, 7, 8, 9, 10, 11, 12, 13, 14, 15, 16, 17, 18, 19, 20, 21, 22, 23, 24, 25, 26, 27, 52, 74, 75, 76, 77, 80, 81, 82, 83, 84, 85, 86, 87, 88, 89, 90, 91, 92, 93, 94, 95, 96, 97, 98, 99, 100, 101, 102, 103, 104, 105, 106, 107, 108, 109, 110]",423378.0,423096,36,423414.0,36,423414.0,False,423414.0
36953,execution_finished,64,"[0, 1, 2, 3, 4, 5, 6, 7, 8, 9, 10, 11, 12, 13, 14, 15, 16, 17, 18, 19, 20, 21, 22, 23, 24, 25, 26, 27, 52, 74, 75, 76, 77, 80, 81, 82, 83, 84, 85, 86, 87, 88, 89, 90, 91, 92, 93, 94, 95, 96, 97, 98, 99, 100, 101, 102, 103, 104, 105, 106, 107, 108, 109, 110]",423414.0,423146,33,423447.0,33,423447.0,False,423447.0
36954,execution_finished,64,"[0, 1, 2, 3, 4, 5, 6, 7, 8, 9, 10, 11, 12, 13, 14, 15, 16, 17, 18, 19, 20, 21, 22, 23, 24, 25, 26, 27, 52, 74, 75, 76, 77, 80, 81, 82, 83, 84, 85, 86, 87, 88, 89, 90, 91, 92, 93, 94, 95, 96, 97, 98, 99, 100, 101, 102, 103, 104, 105, 106, 107, 108, 109, 110]",423447.0,423190,38,423485.0,38,423485.0,False,423485.0
36956,execution_finished,64,"[0, 1, 2, 3, 4, 5, 6, 7, 8, 9, 10, 11, 12, 13, 14, 15, 16, 17, 18, 19, 20, 21, 22, 23, 24, 25, 26, 27, 52, 74, 75, 76, 77, 80, 81, 82, 83, 84, 85, 86, 87, 88, 89, 90, 91, 92, 93, 94, 95, 96, 97, 98, 99, 100, 101, 102, 103, 104, 105, 106, 107, 108, 109, 110]",423485.0,423244,34,423519.0,34,423519.0,False,423519.0
36959,execution_finished,64,"[0, 1, 2, 3, 4, 5, 6, 7, 8, 9, 10, 11, 12, 13, 14, 15, 16, 17, 18, 19, 20, 21, 22, 23, 24, 25, 26, 27, 52, 74, 75, 76, 77, 80, 81, 82, 83, 84, 85, 86, 87, 88, 89, 90, 91, 92, 93, 94, 95, 96, 97, 98, 99, 100, 101, 102, 103, 104, 105, 106, 107, 108, 109, 110]",423519.0,423295,38,423557.0,38,423557.0,False,423557.0
36961,execution_finished,64,"[0, 1, 2, 3, 4, 5, 6, 7, 8, 9, 10, 11, 12, 13, 14, 15, 16, 17, 18, 19, 20, 21, 22, 23, 24, 25, 26, 27, 52, 74, 75, 76, 77, 80, 81, 82, 83, 84, 85, 86, 87, 88, 89, 90, 91, 92, 93, 94, 95, 96, 97, 98, 99, 100, 101, 102, 103, 104, 105, 106, 107, 108, 109, 110]",423557.0,423350,46,423603.0,46,423603.0,False,423603.0
36963,execution_finished,64,"[0, 1, 2, 3, 4, 5, 6, 7, 8, 9, 10, 11, 12, 13, 14, 15, 16, 17, 18, 19, 20, 21, 22, 23, 24, 25, 26, 27, 52, 74, 75, 76, 77, 80, 81, 82, 83, 84, 85, 86, 87, 88, 89, 90, 91, 92, 93, 94, 95, 96, 97, 98, 99, 100, 101, 102, 103, 104, 105, 106, 107, 108, 109, 110]",423603.0,423409,41,423644.0,41,423644.0,False,423644.0
36974,execution_finished,1,[110],423833.0,423833,20,423853.0,20,423853.0,False,423853.0
36976,execution_finished,1,[110],423910.0,423910,10,423920.0,10,423920.0,False,423920.0
36964,execution_finished,32,"[0, 1, 2, 3, 4, 5, 6, 7, 8, 9, 10, 11, 12, 13, 14, 15, 16, 17, 18, 19, 20, 21, 22, 23, 24, 25, 26, 27, 52, 74, 75, 76]",423644.0,423457,375,424019.0,375,424019.0,False,424019.0
36955,execution_finished,1,[31],426147.0,423232,11,426158.0,11,426158.0,False,426158.0
36957,execution_finished,1,[38],426185.0,423245,29,426214.0,29,426214.0,False,426214.0
36962,execution_finished,1,[45],426257.0,423374,26,426283.0,26,426283.0,False,426283.0
36973,execution_finished,2,"[4, 5]",424019.0,423824,2580,426599.0,2580,426599.0,False,426599.0
36958,execution_finished,4,"[39, 40, 41, 42]",426185.0,423280,424,426609.0,424,426609.0,False,426609.0
36972,execution_finished,4,"[0, 1, 2, 3]",424019.0,423802,2601,426620.0,2601,426620.0,False,426620.0
36960,execution_finished,2,"[43, 44]",426219.0,423302,402,426621.0,402,426621.0,False,426621.0
36965,execution_finished,64,"[28, 29, 30, 32, 33, 34, 35, 36, 37, 46, 47, 48, 49, 50, 51, 53, 54, 55, 56, 57, 58, 59, 60, 61, 62, 63, 64, 65, 66, 67, 68, 69, 70, 71, 72, 73, 77, 78, 79, 80, 81, 82, 83, 84, 85, 86, 87, 88, 89, 90, 91, 92, 93, 94, 95, 96, 97, 98, 99, 100, 101, 102, 103, 104]",428444.0,423474,46,428490.0,46,428490.0,False,428490.0
36966,execution_finished,64,"[28, 29, 30, 32, 33, 34, 35, 36, 37, 46, 47, 48, 49, 50, 51, 53, 54, 55, 56, 57, 58, 59, 60, 61, 62, 63, 64, 65, 66, 67, 68, 69, 70, 71, 72, 73, 77, 78, 79, 80, 81, 82, 83, 84, 85, 86, 87, 88, 89, 90, 91, 92, 93, 94, 95, 96, 97, 98, 99, 100, 101, 102, 103, 104]",428490.0,423537,49,428539.0,49,428539.0,False,428539.0
36968,execution_finished,64,"[28, 29, 30, 32, 33, 34, 35, 36, 37, 46, 47, 48, 49, 50, 51, 53, 54, 55, 56, 57, 58, 59, 60, 61, 62, 63, 64, 65, 66, 67, 68, 69, 70, 71, 72, 73, 77, 78, 79, 80, 81, 82, 83, 84, 85, 86, 87, 88, 89, 90, 91, 92, 93, 94, 95, 96, 97, 98, 99, 100, 101, 102, 103, 104]",428539.0,423598,37,428576.0,37,428576.0,False,428576.0
36969,execution_finished,64,"[28, 29, 30, 32, 33, 34, 35, 36, 37, 46, 47, 48, 49, 50, 51, 53, 54, 55, 56, 57, 58, 59, 60, 61, 62, 63, 64, 65, 66, 67, 68, 69, 70, 71, 72, 73, 77, 78, 79, 80, 81, 82, 83, 84, 85, 86, 87, 88, 89, 90, 91, 92, 93, 94, 95, 96, 97, 98, 99, 100, 101, 102, 103, 104]",428576.0,423651,31,428607.0,31,428607.0,False,428607.0
36970,execution_finished,64,"[28, 29, 30, 32, 33, 34, 35, 36, 37, 46, 47, 48, 49, 50, 51, 53, 54, 55, 56, 57, 58, 59, 60, 61, 62, 63, 64, 65, 66, 67, 68, 69, 70, 71, 72, 73, 77, 78, 79, 80, 81, 82, 83, 84, 85, 86, 87, 88, 89, 90, 91, 92, 93, 94, 95, 96, 97, 98, 99, 100, 101, 102, 103, 104]",428607.0,423692,33,428640.0,33,428640.0,False,428640.0
36971,execution_finished,64,"[28, 29, 30, 32, 33, 34, 35, 36, 37, 46, 47, 48, 49, 50, 51, 53, 54, 55, 56, 57, 58, 59, 60, 61, 62, 63, 64, 65, 66, 67, 68, 69, 70, 71, 72, 73, 77, 78, 79, 80, 81, 82, 83, 84, 85, 86, 87, 88, 89, 90, 91, 92, 93, 94, 95, 96, 97, 98, 99, 100, 101, 102, 103, 104]",428640.0,423744,33,428673.0,33,428673.0,False,428673.0
36975,execution_finished,64,"[28, 29, 30, 32, 33, 34, 35, 36, 37, 46, 47, 48, 49, 50, 51, 53, 54, 55, 56, 57, 58, 59, 60, 61, 62, 63, 64, 65, 66, 67, 68, 69, 70, 71, 72, 73, 77, 78, 79, 80, 81, 82, 83, 84, 85, 86, 87, 88, 89, 90, 91, 92, 93, 94, 95, 96, 97, 98, 99, 100, 101, 102, 103, 104]",428673.0,423846,114,428787.0,114,428787.0,False,428787.0
37006,execution_finished,1,[10],428858.0,425811,9,428867.0,9,428867.0,False,428867.0
36985,execution_finished,1,[6],428858.0,424424,15,428873.0,15,428873.0,False,428873.0
36988,execution_finished,1,[8],428858.0,424581,15,428873.0,15,428873.0,False,428873.0
37007,execution_finished,1,[11],428858.0,425824,16,428874.0,16,428874.0,False,428874.0
36993,execution_finished,1,[9],428858.0,424700,22,428880.0,22,428880.0,False,428880.0
36987,execution_finished,1,[7],428858.0,424580,44,428902.0,44,428902.0,False,428902.0
36979,execution_finished,64,"[28, 29, 30, 32, 33, 34, 35, 36, 37, 46, 47, 48, 49, 50, 51, 53, 54, 55, 56, 57, 58, 59, 60, 61, 62, 63, 64, 65, 66, 67, 68, 69, 70, 71, 72, 73, 77, 78, 79, 80, 81, 82, 83, 84, 85, 86, 87, 88, 89, 90, 91, 92, 93, 94, 95, 96, 97, 98, 99, 100, 101, 102, 103, 104]",428787.0,423982,117,428904.0,117,428904.0,False,428904.0
36981,execution_finished,64,"[9, 7, 28, 29, 30, 32, 33, 34, 35, 36, 37, 46, 47, 48, 49, 50, 51, 53, 54, 55, 56, 57, 58, 59, 60, 61, 62, 63, 64, 65, 66, 67, 68, 69, 70, 71, 72, 73, 77, 78, 79, 80, 81, 82, 83, 84, 85, 86, 87, 88, 89, 90, 91, 92, 93, 94, 95, 96, 97, 98, 99, 100, 101, 102]",428904.0,424115,111,429015.0,111,429015.0,False,429015.0
36983,execution_finished,64,"[103, 104, 7, 9, 28, 29, 30, 32, 33, 34, 35, 36, 37, 46, 47, 48, 49, 50, 51, 53, 54, 55, 56, 57, 58, 59, 60, 61, 62, 63, 64, 65, 66, 67, 68, 69, 70, 71, 72, 73, 77, 78, 79, 80, 81, 82, 83, 84, 85, 86, 87, 88, 89, 90, 91, 92, 93, 94, 95, 96, 97, 98, 99, 100]",429015.0,424239,111,429126.0,111,429126.0,False,429126.0
36984,execution_finished,64,"[101, 102, 7, 9, 28, 29, 30, 32, 33, 34, 35, 36, 37, 46, 47, 48, 49, 50, 51, 53, 54, 55, 56, 57, 58, 59, 60, 61, 62, 63, 64, 65, 66, 67, 68, 69, 70, 71, 72, 73, 77, 78, 79, 80, 81, 82, 83, 84, 85, 86, 87, 88, 89, 90, 91, 92, 93, 94, 95, 96, 97, 98, 99, 100]",429126.0,424369,106,429232.0,106,429232.0,False,429232.0
36986,execution_finished,64,"[103, 104, 7, 9, 28, 29, 30, 32, 33, 34, 35, 36, 37, 46, 47, 48, 49, 50, 51, 53, 54, 55, 56, 57, 58, 59, 60, 61, 62, 63, 64, 65, 66, 67, 68, 69, 70, 71, 72, 73, 77, 78, 79, 80, 81, 82, 83, 84, 85, 86, 87, 88, 89, 90, 91, 92, 93, 94, 95, 96, 97, 98, 99, 100]",429232.0,424493,133,429365.0,133,429365.0,False,429365.0
37033,execution_finished,4,"[82, 81, 80, 79]",429365.0,427946,45,429410.0,45,429410.0,False,429410.0
37021,execution_finished,8,"[66, 67, 68, 69, 70, 71, 72, 73]",429365.0,427398,67,429432.0,67,429432.0,False,429432.0
36990,execution_finished,8,"[18, 19, 20, 21, 22, 23, 24, 25]",429320.0,424649,115,429435.0,115,429435.0,False,429435.0
37024,execution_finished,16,"[104, 103, 100, 99, 98, 97, 96, 95, 94, 93, 92, 91, 90, 89, 88, 87]",429365.0,427467,82,429447.0,82,429447.0,False,429447.0
37029,execution_finished,4,"[86, 85, 84, 83]",429365.0,427634,84,429449.0,84,429449.0,False,429449.0
37030,execution_finished,8,"[77, 78, 66, 67, 68, 69, 70, 71]",429432.0,427722,67,429499.0,67,429499.0,False,429499.0
37043,execution_finished,8,"[72, 73, 18, 19, 20, 21, 22, 23]",429435.0,428513,76,429511.0,76,429511.0,False,429511.0
37031,execution_finished,16,"[104, 103, 100, 99, 98, 97, 96, 95, 94, 93, 92, 91, 90, 89, 88, 87]",429447.0,427791,68,429515.0,68,429515.0,False,429515.0
36989,execution_finished,32,"[101, 102, 7, 9, 28, 29, 30, 32, 33, 34, 35, 36, 37, 46, 47, 48, 49, 50, 51, 53, 54, 55, 56, 57, 58, 59, 60, 61, 62, 63, 64, 65]",429365.0,424605,157,429522.0,157,429522.0,False,429522.0
37053,execution_finished,1,[58],429605.0,429605,17,429622.0,17,429622.0,False,429622.0
36991,execution_finished,64,"[79, 80, 81, 82, 24, 25, 83, 84, 85, 86, 66, 67, 68, 69, 70, 71, 77, 78, 18, 19, 20, 21, 22, 23, 72, 73, 87, 88, 89, 90, 91, 92, 93, 94, 95, 96, 97, 98, 99, 100, 103, 104, 7, 9, 28, 29, 30, 32, 33, 34, 35, 36, 37, 46, 47, 48, 49, 50, 51, 53, 54, 55, 56, 57]",429522.0,424668,130,429652.0,130,429652.0,False,429652.0
37054,execution_finished,1,[49],429668.0,429668,9,429677.0,9,429677.0,False,429677.0
37056,execution_finished,4,"[50, 51, 53, 54]",429808.0,429808,28,429836.0,28,429836.0,False,429836.0
37057,execution_finished,2,"[55, 56]",429829.0,429829,21,429850.0,21,429850.0,False,429850.0
37027,execution_finished,4,"[10, 6, 8, 11]",428874.0,427544,982,429856.0,982,429856.0,False,429856.0
37009,execution_finished,32,"[104, 103, 100, 99, 98, 97, 96, 95, 94, 93, 92, 91, 90, 89, 88, 87, 86, 85, 84, 83, 82, 81, 80, 79, 78, 77, 73, 72, 71, 70, 69, 68]",429652.0,425936,237,429889.0,237,429889.0,False,429889.0
37034,execution_finished,32,"[104, 103, 100, 99, 98, 97, 96, 95, 94, 93, 92, 91, 90, 89, 88, 87, 86, 85, 84, 83, 82, 81, 80, 79, 78, 77, 73, 72, 71, 70, 69, 68]",429889.0,427991,10,429899.0,10,429899.0,False,429899.0
37036,execution_finished,16,"[104, 103, 100, 99, 98, 97, 96, 95, 94, 93, 92, 91, 90, 89, 88, 87]",429899.0,428109,58,429957.0,58,429957.0,False,429957.0
37035,execution_finished,16,"[57, 66, 67, 49, 50, 51, 53, 54, 55, 56, 6, 8, 10, 11, 68, 69]",429899.0,428033,69,429968.0,69,429968.0,False,429968.0
37044,execution_finished,16,"[89, 90, 91, 92, 6, 8, 10, 11, 49, 50, 51, 53, 54, 55, 56, 57]",429968.0,428713,63,430031.0,63,430031.0,False,430031.0
37037,execution_finished,16,"[70, 71, 72, 73, 77, 78, 79, 80, 81, 82, 83, 84, 85, 86, 87, 88]",429957.0,428215,77,430034.0,77,430034.0,False,430034.0
37046,execution_finished,16,"[66, 67, 68, 69, 6, 8, 10, 11, 49, 50, 51, 53, 54, 55, 56, 57]",430031.0,428849,56,430087.0,56,430087.0,False,430087.0
37042,execution_finished,32,"[104, 103, 100, 99, 98, 97, 96, 95, 94, 93, 92, 91, 90, 89, 88, 87, 86, 85, 84, 83, 82, 81, 80, 79, 78, 77, 73, 72, 71, 70, 69, 68]",430087.0,428479,109,430196.0,109,430196.0,False,430196.0
37012,execution_finished,2,"[12, 13]",429133.0,426433,1108,430241.0,1108,430241.0,False,430241.0
37011,execution_finished,4,"[14, 15, 16, 17]",429309.0,426405,1135,430444.0,1135,430444.0,False,430444.0
37059,execution_finished,32,"[104, 103, 100, 99, 98, 97, 96, 95, 94, 93, 92, 91, 90, 89, 88, 87, 86, 85, 84, 83, 82, 81, 80, 79, 78, 77, 73, 72, 71, 70, 69, 68]",430248.0,430248,230,430478.0,230,430478.0,False,430478.0
37060,execution_finished,8,"[6, 8, 10, 11, 49, 50, 51, 53]",430273.0,430273,208,430481.0,208,430481.0,False,430481.0
37061,execution_finished,16,"[104, 103, 100, 99, 98, 97, 96, 95, 94, 93, 92, 91, 90, 89, 88, 87]",430478.0,430380,153,430631.0,153,430631.0,False,430631.0
36994,execution_finished,32,"[59, 60, 61, 62, 63, 64, 65, 101, 102, 58, 7, 9, 18, 19, 20, 21, 22, 23, 24, 25, 28, 29, 30, 32, 33, 34, 35, 36, 37, 46, 47, 48]",429652.0,424779,1012,430664.0,1012,430664.0,False,430664.0
36995,execution_finished,64,"[14, 15, 16, 17, 68, 69, 70, 71, 72, 73, 77, 78, 79, 80, 81, 82, 83, 84, 85, 86, 6, 8, 10, 11, 49, 50, 51, 53, 87, 88, 89, 90, 91, 92, 93, 94, 95, 96, 97, 98, 99, 100, 103, 104, 7, 9, 18, 19, 20, 21, 22, 23, 24, 25, 28, 29, 30, 32, 33, 34, 35, 36, 37, 46]",430664.0,424813,123,430787.0,123,430787.0,False,430787.0
36996,execution_finished,64,"[47, 48, 58, 59, 60, 61, 62, 63, 64, 65, 101, 102, 6, 7, 8, 9, 10, 11, 14, 15, 16, 17, 18, 19, 20, 21, 22, 23, 24, 25, 28, 29, 30, 32, 33, 34, 35, 36, 37, 46, 49, 50, 51, 53, 68, 69, 70, 71, 72, 73, 77, 78, 79, 80, 81, 82, 83, 84, 85, 86, 87, 88, 89, 90]",430787.0,424956,115,430902.0,115,430902.0,False,430902.0
37066,execution_finished,1,[91],430845.0,430845,160,431005.0,160,431005.0,False,431005.0
36997,execution_finished,64,"[98, 99, 100, 103, 104, 6, 7, 8, 9, 10, 11, 14, 15, 16, 17, 18, 19, 20, 21, 22, 23, 24, 25, 28, 29, 30, 32, 33, 34, 35, 36, 37, 46, 47, 48, 49, 50, 51, 53, 58, 59, 60, 61, 62, 63, 64, 65, 68, 69, 70, 71, 72, 73, 77, 78, 79, 80, 81, 82, 83, 84, 85, 86, 87]",430902.0,425104,111,431013.0,111,431013.0,False,431013.0
36999,execution_finished,64,"[88, 89, 90, 101, 102, 91, 6, 7, 8, 9, 10, 11, 14, 15, 16, 17, 18, 19, 20, 21, 22, 23, 24, 25, 28, 29, 30, 32, 33, 34, 35, 36, 37, 46, 47, 48, 49, 50, 51, 53, 58, 59, 60, 61, 62, 63, 64, 65, 68, 69, 70, 71, 72, 73, 77, 78, 79, 80, 81, 82, 83, 84, 85, 86]",431013.0,425228,105,431118.0,105,431118.0,False,431118.0
37000,execution_finished,64,"[87, 98, 99, 100, 103, 104, 6, 7, 8, 9, 10, 11, 14, 15, 16, 17, 18, 19, 20, 21, 22, 23, 24, 25, 28, 29, 30, 32, 33, 34, 35, 36, 37, 46, 47, 48, 49, 50, 51, 53, 58, 59, 60, 61, 62, 63, 64, 65, 68, 69, 70, 71, 72, 73, 77, 78, 79, 80, 81, 82, 83, 84, 85, 86]",431118.0,425354,107,431225.0,107,431225.0,False,431225.0
37002,execution_finished,64,"[88, 89, 90, 91, 101, 102, 6, 7, 8, 9, 10, 11, 14, 15, 16, 17, 18, 19, 20, 21, 22, 23, 24, 25, 28, 29, 30, 32, 33, 34, 35, 36, 37, 46, 47, 48, 49, 50, 51, 53, 58, 59, 60, 61, 62, 63, 64, 65, 68, 69, 70, 71, 72, 73, 77, 78, 79, 80, 81, 82, 83, 84, 85, 86]",431225.0,425483,106,431331.0,106,431331.0,False,431331.0
37016,execution_finished,1,[117],431567.0,427122,10,431577.0,10,431577.0,False,431577.0
37039,execution_finished,1,[121],431567.0,428260,16,431583.0,16,431583.0,False,431583.0
37014,execution_finished,1,[116],431567.0,426962,17,431584.0,17,431584.0,False,431584.0
37026,execution_finished,1,[119],431567.0,427520,18,431585.0,18,431585.0,False,431585.0
37038,execution_finished,1,[120],431567.0,428258,31,431598.0,31,431598.0,False,431598.0
37023,execution_finished,1,[118],431567.0,427463,43,431610.0,43,431610.0,False,431610.0
37019,execution_finished,4,"[124, 125, 126, 127]",431574.0,427321,76,431650.0,76,431650.0,False,431650.0
37067,execution_finished,4,"[92, 93, 94, 95]",430857.0,430857,1006,431863.0,1006,431863.0,False,431863.0
37068,execution_finished,2,"[96, 97]",430891.0,430891,974,431865.0,974,431865.0,False,431865.0
37078,execution_finished,1,[117],431746.0,431746,146,431892.0,146,431892.0,False,431892.0
36980,execution_finished,32,"[0, 1, 2, 3, 4, 5, 26, 27, 31, 38, 39, 40, 41, 42, 43, 44, 45, 52, 74, 75, 76, 105, 106, 107, 108, 109, 110, 111, 112, 113, 114, 115]",431487.0,423992,585,432072.0,585,432072.0,False,432072.0
37080,execution_finished,1,[109],432163.0,432163,82,432245.0,82,432245.0,False,432245.0
37008,execution_finished,32,"[87, 98, 99, 100, 103, 104, 6, 7, 8, 9, 10, 11, 14, 15, 16, 17, 18, 19, 20, 21, 22, 23, 24, 25, 28, 29, 30, 32, 33, 34, 35, 36]",431331.0,425907,1053,432384.0,1053,432384.0,False,432384.0
37017,execution_finished,32,"[37, 46, 47, 48, 49, 50, 51, 53, 58, 59, 60, 61, 62, 63, 64, 65, 68, 69, 70, 71, 72, 73, 77, 78, 79, 80, 81, 82, 83, 84, 85, 86]",431331.0,427176,1077,432408.0,1077,432408.0,False,432408.0
37065,execution_finished,16,"[86, 85, 84, 83, 82, 81, 80, 79, 78, 77, 73, 72, 71, 70, 69, 68]",432408.0,430796,22,432430.0,22,432430.0,False,432430.0
37069,execution_finished,16,"[86, 85, 84, 83, 82, 81, 80, 79, 78, 77, 73, 72, 71, 70, 69, 68]",432430.0,430965,74,432504.0,74,432504.0,False,432504.0
37028,execution_finished,2,"[122, 123]",431573.0,427565,964,432537.0,964,432537.0,False,432537.0
37071,execution_finished,16,"[86, 85, 84, 83, 82, 81, 80, 79, 78, 77, 73, 72, 71, 70, 69, 68]",432504.0,431212,56,432560.0,56,432560.0,False,432560.0
37072,execution_finished,16,"[123, 122, 86, 85, 84, 83, 82, 81, 80, 79, 78, 77, 73, 72, 71, 70]",432560.0,431347,68,432628.0,68,432628.0,False,432628.0
37063,execution_finished,16,"[104, 37, 46, 47, 48, 49, 50, 51, 53, 58, 59, 60, 61, 62, 63, 64]",432408.0,430553,246,432654.0,246,432654.0,False,432654.0
37041,execution_finished,32,"[92, 93, 94, 95, 96, 97, 117, 0, 1, 2, 3, 4, 5, 26, 27, 31, 38, 39, 40, 41, 42, 43, 44, 45, 52, 74, 75, 76, 105, 106, 107, 108]",432072.0,428367,728,432800.0,728,432800.0,False,432800.0
37083,execution_finished,16,"[63, 64, 104, 0, 1, 2, 3, 4, 5, 26, 27, 31, 38, 39, 40, 41]",432800.0,432508,60,432860.0,60,432860.0,False,432860.0
37047,execution_finished,32,"[109, 6, 7, 8, 9, 10, 11, 14, 15, 16, 17, 18, 19, 20, 21, 22, 23, 24, 25, 28, 29, 30, 32, 33, 34, 35, 36, 87, 98, 99, 100, 103]",432384.0,429125,478,432862.0,478,432862.0,False,432862.0
37086,execution_finished,32,"[43, 44, 45, 52, 74, 75, 76, 92, 93, 94, 95, 96, 97, 105, 106, 107, 108, 117, 0, 1, 2, 3, 4, 5, 26, 27, 31, 38, 39, 40, 41, 63]",432866.0,432866,466,433332.0,466,433332.0,False,433332.0
37095,execution_finished,1,[1],433341.0,433341,14,433355.0,14,433355.0,False,433355.0
37094,execution_finished,1,[0],433337.0,433337,23,433360.0,23,433360.0,False,433360.0
37064,execution_finished,32,"[65, 68, 69, 70, 71, 72, 73, 77, 78, 79, 80, 81, 82, 83, 84, 85, 86, 122, 123, 37, 46, 47, 48, 49, 50, 51, 53, 58, 59, 60, 61, 62]",432654.0,430592,766,433420.0,766,433420.0,False,433420.0
37096,execution_finished,32,"[2, 3, 4, 5, 26, 27, 31, 38, 39, 40, 41, 43, 44, 45, 52, 63, 74, 75, 76, 92, 93, 94, 95, 96, 97, 105, 106, 107, 108, 117, 1, 0]",433447.0,433447,493,433940.0,493,433940.0,False,433940.0
37084,execution_finished,1,[42],432800.0,432723,1260,434060.0,1260,434060.0,False,434060.0
37090,execution_finished,4,"[64, 104, 6, 7]",433124.0,433124,975,434099.0,975,434099.0,False,434099.0
37092,execution_finished,2,"[8, 9]",433147.0,433147,954,434101.0,954,434101.0,False,434101.0
37099,execution_finished,1,[42],434072.0,434072,101,434173.0,101,434173.0,False,434173.0
37098,execution_finished,32,"[0, 1, 2, 3, 4, 5, 26, 27, 31, 38, 39, 40, 41, 43, 44, 45, 52, 63, 74, 75, 76, 92, 93, 94, 95, 96, 97, 105, 106, 107, 108, 117]",433985.0,433985,561,434546.0,561,434546.0,False,434546.0
37104,execution_finished,1,[1],434569.0,434569,24,434593.0,24,434593.0,False,434593.0
37103,execution_finished,1,[0],434564.0,434564,35,434599.0,35,434599.0,False,434599.0
37101,execution_finished,4,"[6, 7, 64, 104]",434301.0,434301,960,435261.0,960,435261.0,False,435261.0
37102,execution_finished,2,"[8, 9]",434324.0,434324,939,435263.0,939,435263.0,False,435263.0
37081,execution_finished,1,[12],435099.0,432399,174,435273.0,174,435273.0,False,435273.0
37106,execution_finished,32,"[2, 3, 4, 5, 26, 27, 31, 38, 39, 40, 41, 43, 44, 45, 52, 63, 74, 75, 76, 92, 93, 94, 95, 96, 97, 105, 106, 107, 108, 117, 1, 0]",434658.0,434658,1404,436062.0,1404,436062.0,False,436062.0
37128,execution_finished,8,"[0, 1, 2, 3, 4, 5, 26, 27]",436062.0,435915,3,436065.0,3,436065.0,False,436065.0
37132,execution_finished,8,"[117, 108, 107, 106, 105, 97, 96, 95]",436062.0,435940,3,436065.0,3,436065.0,False,436065.0
37133,execution_finished,4,"[94, 93, 92, 76]",436062.0,435950,3,436065.0,3,436065.0,False,436065.0
37134,execution_finished,8,"[75, 74, 63, 52, 45, 44, 43, 41]",436062.0,435982,3,436065.0,3,436065.0,False,436065.0
37135,execution_finished,2,"[40, 39]",436062.0,435995,3,436065.0,3,436065.0,False,436065.0
37129,execution_finished,32,"[31, 38, 0, 1, 2, 3, 4, 5, 26, 27, 39, 40, 41, 43, 44, 45, 52, 63, 74, 75, 76, 92, 93, 94, 95, 96, 97, 105, 106, 107, 108, 117]",436065.0,435928,3,436068.0,3,436068.0,False,436068.0
37131,execution_finished,4,"[0, 1, 2, 3]",436068.0,435935,4,436072.0,4,436072.0,False,436072.0
37136,execution_finished,32,"[4, 5, 26, 27, 31, 38, 39, 40, 41, 43, 44, 45, 52, 63, 74, 75, 76, 92, 93, 94, 95, 96, 97, 105, 106, 107, 108, 117, 0, 1, 2, 3]",436072.0,436064,3,436075.0,3,436075.0,False,436075.0
37137,execution_finished,16,"[0, 1, 2, 3, 4, 5, 26, 27, 31, 38, 39, 40, 41, 43, 44, 45]",436075.0,436070,3,436078.0,3,436078.0,False,436078.0
37138,execution_finished,1,[52],436265.0,436265,3,436268.0,3,436268.0,False,436268.0
37093,execution_finished,1,[13],435968.0,433268,716,436684.0,716,436684.0,False,436684.0
37111,execution_finished,1,[91],437664.0,434964,21,437685.0,21,437685.0,False,437685.0
37113,execution_finished,1,[98],437714.0,435014,7,437721.0,7,437721.0,False,437721.0
37114,execution_finished,1,[99],437728.0,435028,124,437852.0,124,437852.0,False,437852.0
37108,execution_finished,32,"[10, 11, 14, 15, 16, 17, 18, 19, 20, 21, 22, 23, 24, 25, 28, 29, 30, 32, 33, 34, 35, 36, 54, 55, 56, 57, 66, 67, 87, 88, 89, 90]",437662.0,434726,263,437925.0,263,437925.0,False,437925.0
37142,execution_finished,2,"[15, 16]",438132.0,438132,25,438157.0,25,438157.0,False,438157.0
37141,execution_finished,4,"[99, 10, 11, 14]",438103.0,438103,55,438158.0,55,438158.0,False,438158.0
37143,execution_finished,4,"[17, 18, 19, 20]",438135.0,438135,59,438194.0,59,438194.0,False,438194.0
37145,execution_finished,4,"[10, 11, 14, 99]",438182.0,438182,29,438211.0,29,438211.0,False,438211.0
37147,execution_finished,4,"[10, 11, 14, 99]",438254.0,438254,56,438310.0,56,438310.0,False,438310.0
37146,execution_finished,4,"[17, 18, 19, 20]",438241.0,438241,112,438353.0,112,438353.0,False,438353.0
37148,execution_finished,2,"[10, 11]",438310.0,438299,43,438353.0,43,438353.0,False,438353.0
37117,execution_finished,1,[58],438331.0,435631,49,438380.0,49,438380.0,False,438380.0
37116,execution_finished,8,"[37, 46, 47, 48, 49, 50, 51, 53]",438283.0,435583,126,438409.0,126,438409.0,False,438409.0
37118,execution_finished,1,[59],438395.0,435695,18,438413.0,18,438413.0,False,438413.0
37119,execution_finished,4,"[60, 61, 62, 65]",438418.0,435718,25,438443.0,25,438443.0,False,438443.0
37120,execution_finished,2,"[68, 69]",438439.0,435739,4,438443.0,4,438443.0,False,438443.0
37122,execution_finished,2,"[77, 78]",438496.0,435796,3,438499.0,3,438499.0,False,438499.0
37121,execution_finished,4,"[70, 71, 72, 73]",438474.0,435774,26,438500.0,26,438500.0,False,438500.0
37123,execution_finished,4,"[79, 80, 81, 82]",438500.0,435800,26,438526.0,26,438526.0,False,438526.0
37125,execution_finished,4,"[118, 119, 120, 121]",438549.0,435849,3,438552.0,3,438552.0,False,438552.0
37126,execution_finished,4,"[122, 123, 124, 125]",438559.0,435859,31,438590.0,31,438590.0,False,438590.0
37127,execution_finished,2,"[126, 127]",438587.0,435887,3,438590.0,3,438590.0,False,438590.0
37124,execution_finished,16,"[83, 84, 85, 86, 100, 101, 102, 103, 109, 110, 111, 112, 113, 114, 115, 116]",438533.0,435833,235,438768.0,235,438768.0,False,438768.0
37149,execution_finished,32,"[14, 99, 10, 11, 17, 18, 19, 20, 58, 37, 46, 47, 48, 49, 50, 51, 53, 59, 60, 61, 62, 65, 68, 69, 77, 78, 70, 71, 72, 73, 79, 80]",438526.0,438390,300,438826.0,300,438826.0,False,438826.0
37150,execution_finished,8,"[82, 118, 119, 120, 121, 122, 123, 124]",438590.0,438450,242,438832.0,242,438832.0,False,438832.0
37151,execution_finished,4,"[125, 126, 127, 83]",438768.0,438490,346,439114.0,346,439114.0,False,439114.0
37156,execution_finished,1,[83],439343.0,439343,15,439358.0,15,439358.0,False,439358.0
37157,execution_finished,1,[83],439444.0,439444,261,439705.0,261,439705.0,False,439705.0
37158,execution_finished,4,"[13, 91, 98, 83]",442521.0,439486,290,442811.0,290,442811.0,False,442811.0
37174,execution_finished,4,"[98, 91, 83, 13]",442811.0,440884,66,442877.0,66,442877.0,False,442877.0
37144,execution_finished,64,"[0, 1, 2, 3, 4, 5, 6, 7, 8, 9, 12, 26, 27, 31, 38, 39, 40, 41, 42, 43, 44, 45, 63, 64, 74, 75, 76, 92, 93, 94, 95, 96, 97, 104, 105, 106, 107, 108, 117, 21, 22, 23, 24, 25, 28, 29, 30, 32, 33, 34, 35, 36, 54, 55, 56, 57, 66, 67, 87, 88, 89, 90, 15, 16]",440878.0,438162,2350,443228.0,2350,443228.0,False,443228.0
37170,execution_finished,1,[82],443632.0,440517,15,443647.0,15,443647.0,False,443647.0
37171,execution_finished,1,[118],443632.0,440579,23,443655.0,23,443655.0,False,443655.0
37160,execution_finished,1,[101],443568.0,439829,130,443698.0,130,443698.0,False,443698.0
37168,execution_finished,1,[115],443626.0,440295,127,443753.0,127,443753.0,False,443753.0
37199,execution_finished,4,"[82, 118, 101, 115]",443753.0,443357,2,443755.0,2,443755.0,False,443755.0
37169,execution_finished,1,[116],443626.0,440516,213,443839.0,213,443839.0,False,443839.0
37208,execution_finished,1,[82],444008.0,444008,40,444048.0,40,444048.0,False,444048.0
37209,execution_finished,1,[82],444297.0,444297,16,444313.0,16,444313.0,False,444313.0
37210,execution_finished,1,[82],444313.0,444307,9,444322.0,9,444322.0,False,444322.0
37172,execution_finished,64,"[0, 1, 2, 3, 4, 5, 6, 7, 8, 9, 12, 15, 16, 21, 22, 23, 24, 25, 26, 27, 28, 29, 30, 31, 32, 33, 34, 35, 36, 38, 39, 40, 41, 42, 43, 44, 45, 54, 55, 56, 57, 63, 64, 66, 67, 74, 75, 76, 87, 88, 89, 90, 92, 93, 94, 95, 96, 97, 104, 105, 106, 107, 108, 117]",443228.0,440718,1989,445217.0,1989,445217.0,False,445217.0
37214,execution_finished,4,"[40, 39, 38, 36]",445217.0,444703,43,445260.0,43,445260.0,False,445260.0
37217,execution_finished,4,"[35, 34, 33, 32]",445217.0,444890,75,445292.0,75,445292.0,False,445292.0
37223,execution_finished,4,"[40, 39, 38, 36]",445260.0,445203,46,445306.0,46,445306.0,False,445306.0
37213,execution_finished,8,"[56, 55, 54, 45, 44, 43, 42, 41]",445217.0,444597,152,445369.0,152,445369.0,False,445369.0
37202,execution_finished,8,"[95, 94, 93, 92, 90, 89, 88, 87]",445217.0,443654,181,445398.0,181,445398.0,False,445398.0
37185,execution_finished,8,"[24, 25, 26, 27, 28, 29, 30, 31]",445217.0,442199,194,445411.0,194,445411.0,False,445411.0
37192,execution_finished,8,"[117, 108, 107, 106, 105, 104, 97, 96]",445217.0,442914,209,445426.0,209,445426.0,False,445426.0
37219,execution_finished,8,"[40, 39, 38, 36, 35, 34, 33, 32]",445306.0,444932,120,445426.0,120,445426.0,False,445426.0
37222,execution_finished,8,"[56, 55, 54, 45, 44, 43, 42, 41]",445369.0,445130,81,445450.0,81,445450.0,False,445450.0
37206,execution_finished,8,"[76, 75, 74, 67, 66, 64, 63, 57]",445217.0,443872,265,445482.0,265,445482.0,False,445482.0
37182,execution_finished,8,"[8, 9, 12, 15, 16, 21, 22, 23]",445217.0,441684,285,445502.0,285,445502.0,False,445502.0
37176,execution_finished,8,"[0, 1, 2, 3, 4, 5, 6, 7]",445217.0,440993,359,445576.0,359,445576.0,False,445576.0
37189,execution_finished,1,[123],445577.0,442711,28,445605.0,28,445605.0,False,445605.0
37188,execution_finished,1,[122],445577.0,442705,31,445608.0,31,445608.0,False,445608.0
37187,execution_finished,1,[121],445577.0,442344,117,445694.0,117,445694.0,False,445694.0
37178,execution_finished,1,[120],445577.0,441187,155,445732.0,155,445732.0,False,445732.0
37175,execution_finished,1,[119],445577.0,440951,159,445736.0,159,445736.0,False,445736.0
37193,execution_finished,1,[124],445702.0,443002,168,445870.0,168,445870.0,False,445870.0
37152,execution_finished,4,"[84, 85, 86, 100]",438768.0,438512,7114,445882.0,7114,445882.0,False,445882.0
37191,execution_finished,64,"[87, 88, 89, 90, 92, 93, 94, 95, 24, 25, 26, 27, 28, 29, 30, 31, 32, 33, 34, 35, 36, 38, 39, 40, 96, 97, 104, 105, 106, 107, 108, 117, 41, 42, 43, 44, 45, 54, 55, 56, 57, 63, 64, 66, 67, 74, 75, 76, 8, 9, 12, 15, 16, 21, 22, 23, 0, 1, 2, 3, 4, 5, 6, 7]",445576.0,442814,416,445992.0,416,445992.0,False,445992.0
37236,execution_finished,1,[117],446196.0,446196,19,446215.0,19,446215.0,False,446215.0
37235,execution_finished,1,[108],446193.0,446193,24,446217.0,24,446217.0,False,446217.0
37233,execution_finished,2,"[106, 107]",446122.0,446122,172,446294.0,172,446294.0,False,446294.0
37237,execution_finished,4,"[117, 108, 106, 107]",446294.0,446224,64,446358.0,64,446358.0,False,446358.0
37198,execution_finished,32,"[120, 119, 124, 84, 85, 86, 100, 0, 1, 2, 3, 4, 5, 6, 7, 8, 9, 12, 15, 16, 21, 22, 23, 24, 25, 26, 27, 28, 29, 30, 31, 32]",445992.0,443311,394,446386.0,394,446386.0,False,446386.0
37196,execution_finished,1,[125],446347.0,443237,71,446418.0,71,446418.0,False,446418.0
37203,execution_finished,1,[126],446409.0,443709,15,446424.0,15,446424.0,False,446424.0
37204,execution_finished,1,[127],446410.0,443710,22,446432.0,22,446432.0,False,446432.0
37205,execution_finished,32,"[33, 34, 35, 36, 38, 39, 40, 41, 42, 43, 44, 45, 54, 55, 56, 57, 63, 64, 66, 67, 74, 75, 76, 87, 88, 89, 90, 92, 93, 94, 95, 96]",445992.0,443787,508,446500.0,508,446500.0,False,446500.0
37226,execution_finished,8,"[0, 1, 2, 3, 4, 5, 6, 7]",446386.0,445465,142,446528.0,142,446528.0,False,446528.0
37239,execution_finished,4,"[106, 107, 108, 117]",446358.0,446343,414,446772.0,414,446772.0,False,446772.0
37246,execution_finished,4,"[6, 7, 106, 107]",446772.0,446760,22,446794.0,22,446794.0,False,446794.0
37248,execution_finished,1,[108],446824.0,446824,61,446885.0,61,446885.0,False,446885.0
37211,execution_finished,64,"[9, 12, 15, 16, 21, 22, 23, 24, 25, 26, 27, 28, 29, 30, 31, 32, 84, 85, 86, 100, 119, 120, 124, 125, 126, 127, 33, 34, 35, 36, 38, 39, 40, 41, 42, 43, 44, 45, 54, 55, 56, 57, 63, 64, 66, 67, 74, 75, 76, 87, 88, 89, 90, 92, 93, 94, 95, 96, 0, 1, 2, 3, 4, 5]",446528.0,444416,872,447400.0,872,447400.0,False,447400.0
37250,execution_finished,4,"[117, 6, 7, 106]",446863.0,446863,572,447435.0,572,447435.0,False,447435.0
37251,execution_finished,2,"[107, 108]",446889.0,446889,546,447435.0,546,447435.0,False,447435.0
37255,execution_finished,1,[117],447435.0,447147,26,447461.0,26,447461.0,False,447461.0
37254,execution_finished,1,[108],447435.0,447145,38,447473.0,38,447473.0,False,447473.0
37252,execution_finished,4,"[6, 7, 106, 107]",447435.0,446911,87,447522.0,87,447522.0,False,447522.0
37224,execution_finished,64,"[0, 1, 2, 3, 4, 5, 9, 12, 15, 16, 21, 22, 23, 24, 25, 26, 27, 28, 29, 30, 31, 32, 33, 34, 35, 36, 38, 39, 40, 41, 42, 43, 44, 45, 54, 55, 56, 57, 63, 64, 66, 67, 74, 75, 76, 84, 85, 86, 87, 88, 89, 90, 92, 93, 94, 95, 96, 100, 119, 120, 124, 125, 126, 127]",447400.0,445386,796,448196.0,796,448196.0,False,448196.0
37153,execution_finished,2,"[52, 81]",441240.0,438540,7086,448326.0,7086,448326.0,False,448326.0
37265,execution_finished,1,[81],448326.0,447717,53,448379.0,53,448379.0,False,448379.0
37269,execution_finished,1,[81],448379.0,447931,15,448394.0,15,448394.0,False,448394.0
37274,execution_finished,1,[81],448394.0,448369,21,448415.0,21,448415.0,False,448415.0
37263,execution_finished,1,[52],448326.0,447612,112,448438.0,112,448438.0,False,448438.0
37266,execution_finished,2,"[81, 52]",448438.0,447751,119,448557.0,119,448557.0,False,448557.0
37260,execution_finished,4,"[117, 108, 6, 7]",447524.0,447524,1050,448574.0,1050,448574.0,False,448574.0
37261,execution_finished,2,"[106, 107]",447548.0,447548,1026,448574.0,1026,448574.0,False,448574.0
37276,execution_finished,1,[108],448574.0,448502,41,448615.0,41,448615.0,False,448615.0
37268,execution_finished,4,"[6, 7, 106, 107]",448574.0,447893,82,448656.0,82,448656.0,False,448656.0
37273,execution_finished,2,"[52, 81]",448557.0,448354,116,448673.0,116,448673.0,False,448673.0
37238,execution_finished,16,"[66, 67, 74, 75, 76, 84, 85, 86, 87, 88, 89, 90, 92, 93, 94, 95]",448196.0,446307,499,448695.0,499,448695.0,False,448695.0
37249,execution_finished,8,"[96, 100, 119, 120, 124, 125, 126, 127]",448196.0,446827,527,448723.0,527,448723.0,False,448723.0
37253,execution_finished,8,"[52, 81, 66, 67, 74, 75, 76, 84]",448695.0,447029,60,448755.0,60,448755.0,False,448755.0
37280,execution_finished,4,"[94, 95, 96, 100]",448723.0,448628,33,448756.0,33,448756.0,False,448756.0
37229,execution_finished,2,"[13, 83]",448406.0,445706,351,448757.0,351,448757.0,False,448757.0
37281,execution_finished,4,"[119, 120, 124, 125]",448723.0,448716,35,448758.0,35,448758.0,False,448758.0
37270,execution_finished,8,"[85, 86, 87, 88, 89, 90, 92, 93]",448695.0,447991,81,448776.0,81,448776.0,False,448776.0
37283,execution_finished,1,[124],448830.0,448830,24,448854.0,24,448854.0,False,448854.0
37256,execution_finished,16,"[127, 126, 100, 96, 95, 94, 84, 83, 81, 76, 75, 74, 67, 66, 52, 13]",448757.0,447186,112,448869.0,112,448869.0,False,448869.0
37259,execution_finished,16,"[127, 126, 125, 124, 100, 96, 95, 94, 93, 92, 84, 83, 81, 76, 75, 74]",448869.0,447485,17,448886.0,17,448886.0,False,448886.0
37282,execution_finished,8,"[119, 120, 85, 86, 87, 88, 89, 90]",448776.0,448757,124,448900.0,124,448900.0,False,448900.0
37262,execution_finished,16,"[127, 126, 125, 124, 100, 96, 95, 94, 93, 92, 84, 83, 81, 76, 75, 74]",448886.0,447553,27,448913.0,27,448913.0,False,448913.0
37228,execution_finished,4,"[101, 115, 118, 121]",448570.0,445683,375,448945.0,375,448945.0,False,448945.0
37271,execution_finished,16,"[13, 52, 66, 67, 85, 86, 87, 88, 89, 90, 74, 75, 76, 81, 83, 84]",448913.0,448086,79,448992.0,79,448992.0,False,448992.0
37231,execution_finished,4,"[116, 97, 104, 105]",448786.0,446086,208,448994.0,208,448994.0,False,448994.0
37285,execution_finished,16,"[127, 126, 125, 124, 121, 120, 119, 118, 115, 101, 100, 96, 95, 94, 93, 92]",448945.0,448918,172,449117.0,172,449117.0,False,449117.0
37288,execution_finished,1,[127],449147.0,449147,22,449169.0,22,449169.0,False,449169.0
37289,execution_finished,1,[127],449175.0,449175,7,449182.0,7,449182.0,False,449182.0
37290,execution_finished,1,[127],449188.0,449188,8,449196.0,8,449196.0,False,449196.0
37225,execution_finished,4,"[91, 98, 123, 122]",448432.0,445433,780,449212.0,780,449212.0,False,449212.0
37162,execution_finished,8,"[102, 103, 109, 110, 111, 112, 113, 114]",443626.0,439923,5949,449575.0,5949,449575.0,False,449575.0
37161,execution_finished,32,"[10, 11, 14, 17, 18, 19, 20, 37, 46, 47, 48, 49, 50, 51, 53, 58, 59, 60, 61, 62, 65, 68, 69, 70, 71, 72, 73, 77, 78, 79, 80, 99]",443626.0,439893,5978,449604.0,5978,449604.0,False,449604.0
37241,execution_finished,2,"[82, 8]",449215.0,446369,485,449700.0,485,449700.0,False,449700.0
37272,execution_finished,32,"[114, 113, 112, 111, 110, 109, 103, 102, 99, 80, 79, 78, 77, 73, 72, 71, 70, 69, 68, 65, 62, 61, 60, 59, 58, 53, 51, 50, 49, 48, 47, 46]",449604.0,448176,407,450011.0,407,450011.0,False,450011.0
37275,execution_finished,32,"[114, 113, 112, 111, 110, 109, 103, 102, 99, 80, 79, 78, 77, 73, 72, 71, 70, 69, 68, 65, 62, 61, 60, 59, 58, 53, 51, 50, 49, 48, 47, 46]",450011.0,448471,169,450180.0,169,450180.0,False,450180.0
37278,execution_finished,32,"[114, 113, 112, 111, 110, 109, 103, 102, 99, 80, 79, 78, 77, 73, 72, 71, 70, 69, 68, 65, 62, 61, 60, 59, 58, 53, 51, 50, 49, 48, 47, 46]",450180.0,448588,431,450611.0,431,450611.0,False,450611.0
37284,execution_finished,32,"[114, 113, 112, 111, 110, 109, 103, 102, 99, 80, 79, 78, 77, 73, 72, 71, 70, 69, 68, 65, 62, 61, 60, 59, 58, 53, 51, 50, 49, 48, 47, 46]",450611.0,448890,251,450862.0,251,450862.0,False,450862.0
37279,execution_finished,2,"[117, 108]",448615.0,448609,2518,451133.0,2518,451133.0,False,451133.0
37277,execution_finished,4,"[6, 7, 106, 107]",448656.0,448586,2529,451185.0,2529,451185.0,False,451185.0
37286,execution_finished,32,"[114, 113, 112, 111, 110, 109, 103, 102, 99, 80, 79, 78, 77, 73, 72, 71, 70, 69, 68, 65, 62, 61, 60, 59, 58, 53, 51, 50, 49, 48, 47, 46]",450862.0,449031,355,451217.0,355,451217.0,False,451217.0
37291,execution_finished,32,"[117, 114, 113, 112, 111, 110, 109, 108, 107, 106, 103, 102, 99, 80, 79, 78, 77, 73, 72, 71, 70, 69, 68, 65, 62, 61, 60, 59, 58, 53, 51, 50]",451217.0,449303,165,451382.0,165,451382.0,False,451382.0
37295,execution_finished,32,"[117, 114, 113, 112, 111, 110, 109, 108, 107, 106, 103, 102, 99, 80, 79, 78, 77, 73, 72, 71, 70, 69, 68, 65, 62, 61, 60, 59, 58, 53, 51, 50]",451382.0,450448,224,451606.0,224,451606.0,False,451606.0
37300,execution_finished,32,"[117, 114, 113, 112, 111, 110, 109, 108, 107, 106, 103, 102, 99, 80, 79, 78, 77, 73, 72, 71, 70, 69, 68, 65, 62, 61, 60, 59, 58, 53, 51, 50]",451606.0,451282,1408,453014.0,1408,453014.0,False,453014.0
37304,execution_finished,1,[114],453014.0,452341,19,453033.0,19,453033.0,False,453033.0
37306,execution_finished,1,[117],453014.0,452695,23,453037.0,23,453037.0,False,453037.0
37307,execution_finished,1,[114],453033.0,452696,11,453044.0,11,453044.0,False,453044.0
37240,execution_finished,64,"[8, 10, 11, 14, 17, 18, 19, 20, 37, 82, 91, 92, 93, 94, 95, 96, 97, 98, 100, 101, 104, 105, 115, 116, 118, 119, 120, 121, 122, 123, 124, 125, 126, 127, 50, 51, 53, 58, 59, 60, 61, 62, 65, 68, 69, 70, 71, 72, 73, 77, 78, 79, 80, 99, 102, 103, 106, 107, 108, 109, 110, 111, 112, 113]",455714.0,446367,766,456480.0,766,456480.0,False,456480.0
37257,execution_finished,64,"[8, 10, 11, 14, 17, 18, 19, 20, 37, 50, 51, 53, 58, 59, 60, 61, 62, 65, 68, 69, 70, 71, 72, 73, 77, 78, 79, 80, 82, 91, 92, 93, 94, 95, 96, 97, 98, 99, 100, 101, 102, 103, 104, 105, 106, 107, 108, 109, 110, 111, 112, 113, 115, 116, 118, 119, 120, 121, 122, 123, 124, 125, 126, 127]",456480.0,447307,260,456740.0,260,456740.0,False,456740.0
37264,execution_finished,64,"[8, 10, 11, 14, 17, 18, 19, 20, 37, 50, 51, 53, 58, 59, 60, 61, 62, 65, 68, 69, 70, 71, 72, 73, 77, 78, 79, 80, 82, 91, 92, 93, 94, 95, 96, 97, 98, 99, 100, 101, 102, 103, 104, 105, 106, 107, 108, 109, 110, 111, 112, 113, 115, 116, 118, 119, 120, 121, 122, 123, 124, 125, 126, 127]",456740.0,447665,509,457249.0,509,457249.0,False,457249.0
37310,execution_finished,32,"[94, 95, 96, 97, 98, 99, 100, 101, 102, 103, 104, 105, 106, 107, 108, 109, 110, 111, 112, 113, 115, 116, 118, 119, 120, 121, 122, 123, 124, 125, 126, 127]",457249.0,452835,327,457576.0,327,457576.0,False,457576.0
37314,execution_finished,32,"[94, 95, 96, 97, 98, 99, 100, 101, 102, 103, 104, 105, 106, 107, 108, 109, 110, 111, 112, 113, 115, 116, 118, 119, 120, 121, 122, 123, 124, 125, 126, 127]",457576.0,453454,1321,458897.0,1321,458897.0,False,458897.0
37326,execution_finished,32,"[94, 95, 96, 97, 98, 99, 100, 101, 102, 103, 104, 105, 106, 107, 108, 109, 110, 111, 112, 113, 115, 116, 118, 119, 120, 121, 122, 123, 124, 125, 126, 127]",458897.0,455961,48,458945.0,48,458945.0,False,458945.0
37329,execution_finished,32,"[94, 95, 96, 97, 98, 99, 100, 101, 102, 103, 104, 105, 106, 107, 108, 109, 110, 111, 112, 113, 115, 116, 118, 119, 120, 121, 122, 123, 124, 125, 126, 127]",458945.0,456038,142,459087.0,142,459087.0,False,459087.0
37344,execution_finished,1,[110],459087.0,456822,20,459107.0,20,459107.0,False,459107.0
37357,execution_finished,2,"[113, 115]",459087.0,458012,91,459178.0,91,459178.0,False,459178.0
37350,execution_finished,1,[111],459087.0,457635,92,459179.0,92,459179.0,False,459179.0
37352,execution_finished,1,[112],459087.0,457751,105,459192.0,105,459192.0,False,459192.0
37232,execution_finished,8,"[44, 45, 54, 55, 56, 57, 63, 64]",448196.0,446093,11022,459218.0,11022,459218.0,False,459218.0
37230,execution_finished,32,"[0, 1, 2, 3, 4, 5, 9, 12, 15, 16, 21, 22, 23, 24, 25, 26, 27, 28, 29, 30, 31, 32, 33, 34, 35, 36, 38, 39, 40, 41, 42, 43]",448196.0,446061,11052,459248.0,11052,459248.0,False,459248.0
37342,execution_finished,16,"[94, 95, 96, 97, 98, 99, 100, 101, 102, 103, 104, 105, 106, 107, 108, 109]",459087.0,456743,186,459273.0,186,459273.0,False,459273.0
37363,execution_finished,32,"[116, 118, 119, 120, 121, 122, 123, 124, 125, 126, 127, 110, 113, 115, 111, 112, 44, 45, 54, 55, 56, 57, 63, 64, 0, 1, 2, 3, 4, 5, 9, 12]",459248.0,458628,216,459464.0,216,459464.0,False,459464.0
37287,execution_finished,16,"[13, 52, 66, 67, 74, 75, 76, 81, 83, 84, 85, 86, 87, 88, 89, 90]",449112.0,449112,11166,460278.0,11166,460278.0,False,460278.0
37322,execution_finished,1,[6],460276.0,454776,18,460294.0,18,460294.0,False,460294.0
37339,execution_finished,1,[7],461645.0,456643,48,461693.0,48,461693.0,False,461693.0
37292,execution_finished,32,"[8, 10, 11, 14, 17, 18, 19, 20, 37, 50, 51, 53, 58, 59, 60, 61, 62, 65, 68, 69, 70, 71, 72, 73, 77, 78, 79, 80, 82, 91, 92, 93]",457249.0,449401,10877,468126.0,10877,468126.0,False,468126.0
37378,execution_finished,4,"[96, 97, 98, 99]",470627.0,467927,2037,472664.0,2037,472664.0,False,472664.0
37379,execution_finished,2,"[100, 101]",470649.0,467949,2017,472666.0,2017,472666.0,False,472666.0
37377,execution_finished,64,"[0, 1, 2, 3, 4, 5, 6, 7, 9, 12, 13, 15, 16, 21, 22, 23, 24, 25, 26, 27, 28, 29, 30, 31, 32, 33, 34, 35, 36, 38, 39, 40, 41, 42, 43, 44, 45, 46, 47, 48, 49, 52, 54, 55, 56, 57, 63, 64, 66, 67, 74, 75, 76, 81, 83, 84, 85, 86, 87, 88, 89, 90, 94, 95]",469742.0,467042,4615,474357.0,4615,474357.0,False,474357.0
37381,execution_finished,2,"[106, 107]",472762.0,470062,1601,474363.0,1601,474363.0,False,474363.0
37380,execution_finished,4,"[102, 103, 104, 105]",472741.0,470041,1625,474366.0,1625,474366.0,False,474366.0
37382,execution_finished,128,"[0, 1, 2, 3, 4, 5, 6, 7, 8, 9, 10, 11, 12, 13, 14, 15, 16, 17, 18, 19, 20, 21, 22, 23, 24, 25, 26, 27, 28, 29, 30, 31, 32, 33, 34, 35, 36, 37, 38, 39, 40, 41, 42, 43, 44, 45, 46, 47, 48, 49, 50, 51, 52, 53, 54, 55, 56, 57, 58, 59, 60, 61, 62, 63, 64, 65, 66, 67, 68, 69, 70, 71, 72, 73, 74, 75, 76, 77, 78, 79, 80, 81, 82, 83, 84, 85, 86, 87, 88, 89, 90, 91, 92, 93, 94, 95, 96, 97, 98, 99, 100, 101, 102, 103, 104, 105, 106, 107, 108, 109, 110, 111, 112, 113, 114, 115, 116, 117, 118, 119, 120, 121, 122, 123, 124, 125, 126, 127]",479166.0,471669,86,479252.0,86,479252.0,False,479252.0
37383,execution_finished,128,"[0, 1, 2, 3, 4, 5, 6, 7, 8, 9, 10, 11, 12, 13, 14, 15, 16, 17, 18, 19, 20, 21, 22, 23, 24, 25, 26, 27, 28, 29, 30, 31, 32, 33, 34, 35, 36, 37, 38, 39, 40, 41, 42, 43, 44, 45, 46, 47, 48, 49, 50, 51, 52, 53, 54, 55, 56, 57, 58, 59, 60, 61, 62, 63, 64, 65, 66, 67, 68, 69, 70, 71, 72, 73, 74, 75, 76, 77, 78, 79, 80, 81, 82, 83, 84, 85, 86, 87, 88, 89, 90, 91, 92, 93, 94, 95, 96, 97, 98, 99, 100, 101, 102, 103, 104, 105, 106, 107, 108, 109, 110, 111, 112, 113, 114, 115, 116, 117, 118, 119, 120, 121, 122, 123, 124, 125, 126, 127]",479252.0,471765,10935,490187.0,10935,490187.0,False,490187.0
37384,execution_finished,64,"[0, 1, 2, 3, 4, 5, 6, 7, 8, 9, 10, 11, 12, 13, 14, 15, 16, 17, 18, 19, 20, 21, 22, 23, 24, 25, 26, 27, 28, 29, 30, 31, 32, 33, 34, 35, 36, 37, 38, 39, 40, 41, 42, 43, 44, 45, 46, 47, 48, 49, 50, 51, 52, 53, 54, 55, 56, 57, 58, 59, 60, 61, 62, 63]",490187.0,482706,10924,501111.0,10924,501111.0,False,501111.0
37605,execution_finished,8,"[48, 49, 50, 51, 52, 53, 54, 55]",501111.0,501071,62,501173.0,62,501173.0,False,501173.0
37602,execution_finished,16,"[0, 1, 2, 3, 4, 5, 6, 7, 8, 9, 10, 11, 12, 13, 14, 15]",501111.0,500720,72,501183.0,72,501183.0,False,501183.0
37604,execution_finished,32,"[16, 17, 18, 19, 20, 21, 22, 23, 24, 25, 26, 27, 28, 29, 30, 31, 32, 33, 34, 35, 36, 37, 38, 39, 40, 41, 42, 43, 44, 45, 46, 47]",501111.0,500947,78,501189.0,78,501189.0,False,501189.0
37608,execution_finished,4,"[56, 57, 58, 59]",501211.0,501211,44,501255.0,44,501255.0,False,501255.0
37610,execution_finished,8,"[60, 61, 62, 63, 48, 49, 50, 51]",501295.0,501295,52,501347.0,52,501347.0,False,501347.0
37613,execution_finished,32,"[52, 53, 54, 55, 0, 1, 2, 3, 4, 5, 6, 7, 8, 9, 10, 11, 12, 13, 14, 15, 16, 17, 18, 19, 20, 21, 22, 23, 24, 25, 26, 27]",501400.0,501400,112,501512.0,112,501512.0,False,501512.0
37615,execution_finished,32,"[48, 49, 50, 51, 60, 61, 62, 63, 0, 1, 2, 3, 4, 5, 6, 7, 8, 9, 10, 11, 12, 13, 14, 15, 16, 17, 18, 19, 20, 21, 22, 23]",501565.0,501565,20,501585.0,20,501585.0,False,501585.0
37616,execution_finished,32,"[24, 25, 26, 27, 52, 53, 54, 55, 0, 1, 2, 3, 4, 5, 6, 7, 8, 9, 10, 11, 12, 13, 14, 15, 16, 17, 18, 19, 20, 21, 22, 23]",501708.0,501708,41,501749.0,41,501749.0,False,501749.0
37622,execution_finished,32,"[0, 1, 2, 3, 4, 5, 6, 7, 8, 9, 10, 11, 12, 13, 14, 15, 16, 17, 18, 19, 20, 21, 22, 23, 24, 25, 26, 27, 52, 53, 54, 55]",501965.0,501965,91,502056.0,91,502056.0,False,502056.0
37587,execution_finished,32,"[64, 65, 66, 67, 68, 69, 70, 71, 72, 73, 74, 75, 76, 77, 78, 79, 80, 81, 82, 83, 84, 85, 86, 87, 88, 89, 90, 91, 92, 93, 94, 95]",502001.0,499301,88,502089.0,88,502089.0,False,502089.0
37623,execution_finished,32,"[0, 1, 2, 3, 4, 5, 6, 7, 8, 9, 10, 11, 12, 13, 14, 15, 16, 17, 18, 19, 20, 21, 22, 23, 24, 25, 26, 27, 52, 53, 54, 55]",502079.0,502079,293,502372.0,293,502372.0,False,502372.0
37630,execution_finished,1,[0],502547.0,502547,40,502587.0,40,502587.0,False,502587.0
37634,execution_finished,1,[0],502773.0,502773,27,502800.0,27,502800.0,False,502800.0
37595,execution_finished,32,"[96, 97, 98, 99, 100, 101, 102, 103, 104, 105, 106, 107, 108, 109, 110, 111, 112, 113, 114, 115, 116, 117, 118, 119, 120, 121, 122, 123, 124, 125, 126, 127]",502868.0,500168,20,502888.0,20,502888.0,False,502888.0
37631,execution_finished,32,"[0, 96, 97, 98, 99, 100, 101, 102, 103, 104, 105, 106, 107, 108, 109, 110, 111, 112, 113, 114, 115, 116, 117, 118, 119, 120, 121, 122, 123, 124, 125, 126]",502888.0,502684,6,502894.0,6,502894.0,False,502894.0
37633,execution_finished,32,"[127, 0, 96, 97, 98, 99, 100, 101, 102, 103, 104, 105, 106, 107, 108, 109, 110, 111, 112, 113, 114, 115, 116, 117, 118, 119, 120, 121, 122, 123, 124, 125]",502894.0,502729,143,503037.0,143,503037.0,False,503037.0
37642,execution_finished,1,[127],503278.0,503274,4,503282.0,4,503282.0,False,503282.0
37643,execution_finished,1,[127],503289.0,503278,21,503310.0,21,503310.0,False,503310.0
37644,execution_finished,1,[127],503337.0,503337,20,503357.0,20,503357.0,False,503357.0
37645,execution_finished,1,[127],503417.0,503417,24,503441.0,24,503441.0,False,503441.0
37640,execution_finished,32,"[126, 0, 96, 97, 98, 99, 100, 101, 102, 103, 104, 105, 106, 107, 108, 109, 110, 111, 112, 113, 114, 115, 116, 117, 118, 119, 120, 121, 122, 123, 124, 125]",503164.0,503164,2481,505645.0,2481,505645.0,False,505645.0
37667,execution_finished,8,"[0, 96, 97, 98, 99, 100, 101, 102]",505645.0,505499,465,506110.0,465,506110.0,False,506110.0
37674,execution_finished,8,"[102, 101, 100, 99, 98, 97, 96, 0]",506112.0,505890,450,506562.0,450,506562.0,False,506562.0
37681,execution_finished,1,[0],506562.0,506333,18,506580.0,18,506580.0,False,506580.0
37682,execution_finished,1,[96],506562.0,506375,18,506580.0,18,506580.0,False,506580.0
37687,execution_finished,8,"[102, 101, 100, 99, 98, 97, 96, 0]",506603.0,506603,570,507173.0,570,507173.0,False,507173.0
37688,execution_finished,1,[0],507173.0,506614,45,507218.0,45,507218.0,False,507218.0
37650,execution_finished,1,[73],507172.0,503789,135,507307.0,135,507307.0,False,507307.0
37661,execution_finished,1,[74],507337.0,504637,23,507360.0,23,507360.0,False,507360.0
37662,execution_finished,4,"[75, 76, 77, 78]",507405.0,504705,72,507477.0,72,507477.0,False,507477.0
37664,execution_finished,16,"[79, 80, 81, 82, 83, 84, 85, 86, 87, 88, 89, 90, 91, 92, 93, 94]",507776.0,505076,406,508182.0,406,508182.0,False,508182.0
37641,execution_finished,8,"[28, 29, 30, 31, 32, 33, 34, 35]",505989.0,503186,2459,508448.0,2459,508448.0,False,508448.0
37699,execution_finished,8,"[94, 93, 92, 91, 90, 89, 88, 87]",508182.0,507794,266,508448.0,266,508448.0,False,508448.0
37676,execution_finished,16,"[28, 29, 30, 31, 32, 33, 34, 35, 87, 88, 89, 90, 91, 92, 93, 94]",508448.0,506112,416,508864.0,416,508864.0,False,508864.0
37695,execution_finished,16,"[28, 29, 30, 31, 32, 33, 34, 35, 87, 88, 89, 90, 91, 92, 93, 94]",508864.0,507554,155,509019.0,155,509019.0,False,509019.0
37700,execution_finished,16,"[28, 29, 30, 31, 32, 33, 34, 35, 87, 88, 89, 90, 91, 92, 93, 94]",509019.0,508012,139,509158.0,139,509158.0,False,509158.0
37707,execution_finished,1,[88],509158.0,508610,7,509165.0,7,509165.0,False,509165.0
37708,execution_finished,1,[89],509158.0,508620,12,509170.0,12,509170.0,False,509170.0
37701,execution_finished,1,[28],509158.0,508159,14,509172.0,14,509172.0,False,509172.0
37680,execution_finished,1,[127],509262.0,506262,29,509291.0,29,509291.0,False,509291.0
37678,execution_finished,1,[95],509262.0,506248,53,509315.0,53,509315.0,False,509315.0
37705,execution_finished,8,"[29, 30, 31, 32, 33, 34, 35, 87]",509158.0,508352,200,509358.0,200,509358.0,False,509358.0
37714,execution_finished,4,"[90, 91, 92, 93]",509269.0,509269,401,509670.0,401,509670.0,False,509670.0
37648,execution_finished,64,"[1, 2, 3, 4, 5, 6, 7, 8, 9, 10, 11, 12, 13, 14, 15, 16, 17, 18, 19, 20, 21, 22, 23, 24, 25, 26, 27, 36, 37, 38, 39, 40, 41, 42, 43, 44, 45, 46, 47, 48, 49, 50, 51, 52, 53, 54, 55, 56, 57, 58, 59, 60, 61, 62, 63, 64, 65, 66, 67, 68, 69, 70, 71, 72]",507172.0,503649,2594,509766.0,2594,509766.0,False,509766.0
37679,execution_finished,32,"[90, 91, 92, 93, 1, 2, 3, 4, 5, 6, 7, 8, 9, 10, 11, 12, 13, 14, 15, 16, 17, 18, 19, 20, 21, 22, 23, 24, 25, 26, 27, 36]",509766.0,506249,245,510011.0,245,510011.0,False,510011.0
37696,execution_finished,32,"[93, 92, 91, 90, 36, 27, 26, 25, 24, 23, 22, 21, 20, 19, 18, 17, 16, 15, 14, 13, 12, 11, 10, 9, 8, 7, 6, 5, 4, 3, 2, 1]",510011.0,507620,32,510043.0,32,510043.0,False,510043.0
37722,execution_finished,4,"[69, 70, 71, 72]",509945.0,509945,389,510334.0,389,510334.0,False,510334.0
37697,execution_finished,32,"[93, 92, 91, 90, 36, 27, 26, 25, 24, 23, 22, 21, 20, 19, 18, 17, 16, 15, 14, 13, 12, 11, 10, 9, 8, 7, 6, 5, 4, 3, 2, 1]",510043.0,507756,302,510345.0,302,510345.0,False,510345.0
37726,execution_finished,1,[70],510334.0,510216,21,510355.0,21,510355.0,False,510355.0
37724,execution_finished,1,[69],510334.0,510148,24,510358.0,24,510358.0,False,510358.0
37685,execution_finished,32,"[37, 38, 39, 40, 41, 42, 43, 44, 45, 46, 47, 48, 49, 50, 51, 52, 53, 54, 55, 56, 57, 58, 59, 60, 61, 62, 63, 64, 65, 66, 67, 68]",509766.0,506573,599,510365.0,599,510365.0,False,510365.0
37731,execution_finished,1,[71],510334.0,510317,58,510392.0,58,510392.0,False,510392.0
37732,execution_finished,1,[9],510349.0,510349,69,510418.0,69,510418.0,False,510418.0
37734,execution_finished,1,[10],510380.0,510380,46,510426.0,46,510426.0,False,510426.0
37721,execution_finished,8,"[1, 2, 3, 4, 5, 6, 7, 8]",510345.0,509823,87,510432.0,87,510432.0,False,510432.0
37673,execution_finished,32,"[103, 104, 105, 106, 107, 108, 109, 110, 111, 112, 113, 114, 115, 116, 117, 118, 119, 120, 121, 122, 123, 124, 125, 126, 79, 80, 81, 82, 83, 84, 85, 86]",510882.0,505868,472,511354.0,472,511354.0,False,511354.0
37748,execution_finished,1,[125],511354.0,510823,25,511379.0,25,511379.0,False,511379.0
37745,execution_finished,1,[126],511354.0,510756,36,511390.0,36,511390.0,False,511390.0
37703,execution_finished,16,"[79, 80, 81, 82, 83, 84, 85, 86, 103, 104, 105, 106, 107, 108, 109, 110]",511354.0,508284,349,511703.0,349,511703.0,False,511703.0
37691,execution_finished,64,"[72, 11, 12, 13, 14, 15, 16, 17, 18, 19, 20, 21, 22, 23, 24, 25, 26, 27, 36, 90, 91, 92, 93, 70, 69, 37, 38, 39, 40, 41, 42, 43, 44, 45, 46, 47, 48, 49, 50, 51, 52, 53, 54, 55, 56, 57, 58, 59, 60, 61, 62, 63, 64, 65, 66, 67, 68, 71, 9, 10, 1, 2, 3, 4]",510432.0,506726,1429,511861.0,1429,511861.0,False,511861.0
37716,execution_finished,32,"[93, 92, 91, 90, 72, 71, 70, 69, 68, 67, 66, 65, 64, 63, 62, 61, 60, 59, 58, 57, 56, 55, 54, 53, 52, 51, 50, 49, 48, 47, 46, 45]",511861.0,509339,142,512003.0,142,512003.0,False,512003.0
37723,execution_finished,32,"[93, 92, 91, 90, 72, 71, 70, 69, 68, 67, 66, 65, 64, 63, 62, 61, 60, 59, 58, 57, 56, 55, 54, 53, 52, 51, 50, 49, 48, 47, 46, 45]",512003.0,510134,21,512024.0,21,512024.0,False,512024.0
37704,execution_finished,32,"[110, 1, 2, 3, 4, 9, 10, 11, 12, 13, 14, 15, 16, 17, 18, 19, 20, 21, 22, 23, 24, 25, 26, 27, 36, 37, 38, 39, 40, 41, 42, 43]",511861.0,508324,226,512087.0,226,512087.0,False,512087.0
37717,execution_finished,8,"[99, 100, 101, 102, 94, 88, 89, 28]",512091.0,509391,92,512183.0,92,512183.0,False,512183.0
37769,execution_finished,2,"[94, 99]",512183.0,512173,29,512212.0,29,512212.0,False,512212.0
37706,execution_finished,64,"[44, 45, 46, 47, 48, 49, 50, 51, 52, 53, 54, 55, 56, 57, 58, 59, 60, 61, 62, 63, 64, 65, 66, 67, 68, 69, 70, 71, 72, 90, 91, 92, 93, 1, 2, 3, 4, 9, 10, 11, 12, 13, 14, 15, 16, 17, 18, 19, 20, 21, 22, 23, 24, 25, 26, 27, 36, 37, 38, 39, 40, 41, 42, 43]",512087.0,508522,126,512213.0,126,512213.0,False,512213.0
37767,execution_finished,4,"[110, 28, 88, 89]",512183.0,512152,37,512220.0,37,512220.0,False,512220.0
37715,execution_finished,4,"[0, 96, 97, 98]",512032.0,509332,685,512717.0,685,512717.0,False,512717.0
37709,execution_finished,64,"[100, 101, 102, 94, 99, 1, 2, 3, 4, 9, 10, 11, 12, 13, 14, 15, 16, 17, 18, 19, 20, 21, 22, 23, 24, 25, 26, 27, 36, 37, 38, 39, 40, 41, 42, 43, 44, 45, 46, 47, 48, 49, 50, 51, 52, 53, 54, 55, 56, 57, 58, 59, 60, 61, 62, 63, 64, 65, 66, 67, 68, 69, 70, 71]",512213.0,508711,1435,513648.0,1435,513648.0,False,513648.0
37710,execution_finished,64,"[1, 2, 3, 4, 9, 10, 11, 12, 13, 14, 15, 16, 17, 18, 19, 20, 21, 22, 23, 24, 25, 26, 27, 36, 37, 38, 39, 40, 41, 42, 43, 44, 45, 46, 47, 48, 49, 50, 51, 52, 53, 54, 55, 56, 57, 58, 59, 60, 61, 62, 63, 64, 65, 66, 67, 68, 69, 70, 71, 94, 99, 100, 101, 102]",513648.0,508716,145,513793.0,145,513793.0,False,513793.0
37711,execution_finished,64,"[1, 2, 3, 4, 9, 10, 11, 12, 13, 14, 15, 16, 17, 18, 19, 20, 21, 22, 23, 24, 25, 26, 27, 36, 37, 38, 39, 40, 41, 42, 43, 44, 45, 46, 47, 48, 49, 50, 51, 52, 53, 54, 55, 56, 57, 58, 59, 60, 61, 62, 63, 64, 65, 66, 67, 68, 69, 70, 71, 94, 99, 100, 101, 102]",513793.0,508885,113,513906.0,113,513906.0,False,513906.0
37712,execution_finished,64,"[1, 2, 3, 4, 9, 10, 11, 12, 13, 14, 15, 16, 17, 18, 19, 20, 21, 22, 23, 24, 25, 26, 27, 36, 37, 38, 39, 40, 41, 42, 43, 44, 45, 46, 47, 48, 49, 50, 51, 52, 53, 54, 55, 56, 57, 58, 59, 60, 61, 62, 63, 64, 65, 66, 67, 68, 69, 70, 71, 94, 99, 100, 101, 102]",513906.0,509027,107,514013.0,107,514013.0,False,514013.0
37713,execution_finished,64,"[1, 2, 3, 4, 9, 10, 11, 12, 13, 14, 15, 16, 17, 18, 19, 20, 21, 22, 23, 24, 25, 26, 27, 36, 37, 38, 39, 40, 41, 42, 43, 44, 45, 46, 47, 48, 49, 50, 51, 52, 53, 54, 55, 56, 57, 58, 59, 60, 61, 62, 63, 64, 65, 66, 67, 68, 69, 70, 71, 94, 99, 100, 101, 102]",514013.0,509154,105,514118.0,105,514118.0,False,514118.0
37725,execution_finished,64,"[1, 2, 3, 4, 9, 10, 11, 12, 13, 14, 15, 16, 17, 18, 19, 20, 21, 22, 23, 24, 25, 26, 27, 36, 37, 38, 39, 40, 41, 42, 43, 44, 45, 46, 47, 48, 49, 50, 51, 52, 53, 54, 55, 56, 57, 58, 59, 60, 61, 62, 63, 64, 65, 66, 67, 68, 69, 70, 71, 94, 99, 100, 101, 102]",514118.0,510162,44,514162.0,44,514162.0,False,514162.0
37727,execution_finished,64,"[1, 2, 3, 4, 9, 10, 11, 12, 13, 14, 15, 16, 17, 18, 19, 20, 21, 22, 23, 24, 25, 26, 27, 36, 37, 38, 39, 40, 41, 42, 43, 44, 45, 46, 47, 48, 49, 50, 51, 52, 53, 54, 55, 56, 57, 58, 59, 60, 61, 62, 63, 64, 65, 66, 67, 68, 69, 70, 71, 94, 99, 100, 101, 102]",514162.0,510218,57,514219.0,57,514219.0,False,514219.0
37793,execution_finished,32,"[102, 101, 100, 99, 94, 71, 70, 69, 68, 67, 66, 65, 64, 63, 62, 61, 60, 59, 58, 57, 56, 55, 54, 53, 52, 51, 50, 49, 48, 47, 46, 45]",514219.0,514051,24,514243.0,24,514243.0,False,514243.0
37794,execution_finished,32,"[102, 101, 100, 99, 94, 71, 70, 69, 68, 67, 66, 65, 64, 63, 62, 61, 60, 59, 58, 57, 56, 55, 54, 53, 52, 51, 50, 49, 48, 47, 46, 45]",514243.0,514138,26,514269.0,26,514269.0,False,514269.0
37728,execution_finished,32,"[1, 2, 3, 4, 9, 10, 11, 12, 13, 14, 15, 16, 17, 18, 19, 20, 21, 22, 23, 24, 25, 26, 27, 36, 37, 38, 39, 40, 41, 42, 43, 44]",514219.0,510257,160,514379.0,160,514379.0,False,514379.0
37730,execution_finished,64,"[45, 46, 47, 48, 49, 50, 51, 52, 53, 54, 55, 56, 57, 58, 59, 60, 61, 62, 63, 64, 65, 66, 67, 68, 69, 70, 71, 94, 99, 100, 101, 102, 1, 2, 3, 4, 9, 10, 11, 12, 13, 14, 15, 16, 17, 18, 19, 20, 21, 22, 23, 24, 25, 26, 27, 36, 37, 38, 39, 40, 41, 42, 43, 44]",514379.0,510291,67,514446.0,67,514446.0,False,514446.0
37718,execution_finished,4,"[73, 74, 75, 76]",512280.0,509580,2195,514475.0,2195,514475.0,False,514475.0
37719,execution_finished,2,"[77, 78]",512303.0,509603,2175,514478.0,2175,514478.0,False,514478.0
37733,execution_finished,64,"[1, 2, 3, 4, 9, 10, 11, 12, 13, 14, 15, 16, 17, 18, 19, 20, 21, 22, 23, 24, 25, 26, 27, 36, 37, 38, 39, 40, 41, 42, 43, 44, 45, 46, 47, 48, 49, 50, 51, 52, 53, 54, 55, 56, 57, 58, 59, 60, 61, 62, 63, 64, 65, 66, 67, 68, 69, 70, 71, 94, 99, 100, 101, 102]",514446.0,510372,67,514513.0,67,514513.0,False,514513.0
37736,execution_finished,64,"[73, 74, 75, 76, 77, 78, 1, 2, 3, 4, 9, 10, 11, 12, 13, 14, 15, 16, 17, 18, 19, 20, 21, 22, 23, 24, 25, 26, 27, 36, 37, 38, 39, 40, 41, 42, 43, 44, 45, 46, 47, 48, 49, 50, 51, 52, 53, 54, 55, 56, 57, 58, 59, 60, 61, 62, 63, 64, 65, 66, 67, 68, 69, 70]",514513.0,510459,36,514549.0,36,514549.0,False,514549.0
37737,execution_finished,64,"[71, 94, 99, 100, 101, 102, 1, 2, 3, 4, 9, 10, 11, 12, 13, 14, 15, 16, 17, 18, 19, 20, 21, 22, 23, 24, 25, 26, 27, 36, 37, 38, 39, 40, 41, 42, 43, 44, 45, 46, 47, 48, 49, 50, 51, 52, 53, 54, 55, 56, 57, 58, 59, 60, 61, 62, 63, 64, 65, 66, 67, 68, 69, 70]",514549.0,510507,31,514580.0,31,514580.0,False,514580.0
37738,execution_finished,64,"[73, 74, 75, 76, 77, 78, 1, 2, 3, 4, 9, 10, 11, 12, 13, 14, 15, 16, 17, 18, 19, 20, 21, 22, 23, 24, 25, 26, 27, 36, 37, 38, 39, 40, 41, 42, 43, 44, 45, 46, 47, 48, 49, 50, 51, 52, 53, 54, 55, 56, 57, 58, 59, 60, 61, 62, 63, 64, 65, 66, 67, 68, 69, 70]",514580.0,510547,30,514610.0,30,514610.0,False,514610.0
37739,execution_finished,64,"[71, 94, 99, 100, 101, 102, 1, 2, 3, 4, 9, 10, 11, 12, 13, 14, 15, 16, 17, 18, 19, 20, 21, 22, 23, 24, 25, 26, 27, 36, 37, 38, 39, 40, 41, 42, 43, 44, 45, 46, 47, 48, 49, 50, 51, 52, 53, 54, 55, 56, 57, 58, 59, 60, 61, 62, 63, 64, 65, 66, 67, 68, 69, 70]",514610.0,510591,39,514649.0,39,514649.0,False,514649.0
37757,execution_finished,1,[29],514354.0,511561,320,514674.0,320,514674.0,False,514674.0
37735,execution_finished,8,"[30, 31, 32, 33, 34, 35, 87, 95]",514403.0,510434,444,514847.0,444,514847.0,False,514847.0
37752,execution_finished,16,"[127, 79, 80, 81, 82, 83, 84, 85, 86, 103, 104, 105, 106, 107, 108, 109]",514403.0,510952,501,514904.0,501,514904.0,False,514904.0
37798,execution_finished,32,"[102, 101, 100, 99, 94, 71, 70, 69, 68, 67, 66, 65, 64, 63, 62, 61, 60, 59, 58, 57, 56, 55, 54, 53, 52, 51, 50, 49, 48, 47, 46, 45]",514649.0,514381,318,514967.0,318,514967.0,False,514967.0
37740,execution_finished,32,"[73, 74, 75, 76, 77, 78, 1, 2, 3, 4, 9, 10, 11, 12, 13, 14, 15, 16, 17, 18, 19, 20, 21, 22, 23, 24, 25, 26, 27, 36, 37, 38]",514649.0,510620,398,515047.0,398,515047.0,False,515047.0
37804,execution_finished,1,[1],515110.0,515110,17,515127.0,17,515127.0,False,515127.0
37805,execution_finished,8,"[2, 3, 4, 9, 10, 11, 12, 13]",515113.0,515113,49,515162.0,49,515162.0,False,515162.0
37781,execution_finished,1,[5],515444.0,512744,15,515459.0,15,515459.0,False,515459.0
37806,execution_finished,8,"[14, 15, 16, 17, 18, 19, 20, 21]",515211.0,515211,463,515674.0,463,515674.0,False,515674.0
37809,execution_finished,8,"[21, 20, 19, 18, 17, 16, 15, 14]",515725.0,515725,477,516202.0,477,516202.0,False,516202.0
37811,execution_finished,8,"[21, 20, 19, 18, 17, 16, 15, 14]",516202.0,515869,109,516311.0,109,516311.0,False,516311.0
37816,execution_finished,1,[21],516311.0,516262,9,516320.0,9,516320.0,False,516320.0
37818,execution_finished,4,"[21, 20, 19, 18]",516545.0,516545,37,516582.0,37,516582.0,False,516582.0
37788,execution_finished,1,[6],516919.0,513660,8,516927.0,8,516927.0,False,516927.0
37800,execution_finished,8,"[0, 28, 72, 88, 89, 90, 91, 92]",517547.0,514725,73,517620.0,73,517620.0,False,517620.0
37824,execution_finished,8,"[92, 91, 90, 89, 88, 72, 28, 0]",517620.0,517428,35,517655.0,35,517655.0,False,517655.0
37741,execution_finished,64,"[93, 96, 97, 98, 110, 115, 116, 117, 118, 119, 120, 121, 122, 123, 124, 125, 126, 29, 30, 31, 32, 33, 34, 35, 87, 95, 79, 80, 81, 82, 83, 84, 85, 86, 103, 104, 105, 106, 107, 108, 109, 127, 45, 46, 47, 48, 49, 50, 51, 52, 53, 54, 55, 56, 57, 58, 59, 60, 61, 62, 63, 64, 65, 66]",517667.0,510652,70,517737.0,70,517737.0,False,517737.0
37743,execution_finished,64,"[0, 28, 72, 88, 89, 90, 91, 92, 29, 30, 31, 32, 33, 34, 35, 45, 46, 47, 48, 49, 50, 51, 52, 53, 54, 55, 56, 57, 58, 59, 60, 61, 62, 63, 64, 65, 66, 79, 80, 81, 82, 83, 84, 85, 86, 87, 93, 95, 96, 97, 98, 103, 104, 105, 106, 107, 108, 109, 110, 115, 116, 117, 118, 119]",517737.0,510734,44,517781.0,44,517781.0,False,517781.0
37747,execution_finished,64,"[120, 121, 122, 123, 124, 125, 126, 127, 0, 28, 29, 30, 31, 32, 33, 34, 35, 45, 46, 47, 48, 49, 50, 51, 52, 53, 54, 55, 56, 57, 58, 59, 60, 61, 62, 63, 64, 65, 66, 72, 79, 80, 81, 82, 83, 84, 85, 86, 87, 88, 89, 90, 91, 92, 93, 95, 96, 97, 98, 103, 104, 105, 106, 107]",517781.0,510795,109,517890.0,109,517890.0,False,517890.0
37750,execution_finished,64,"[108, 109, 110, 115, 116, 117, 118, 119, 0, 28, 29, 30, 31, 32, 33, 34, 35, 45, 46, 47, 48, 49, 50, 51, 52, 53, 54, 55, 56, 57, 58, 59, 60, 61, 62, 63, 64, 65, 66, 72, 79, 80, 81, 82, 83, 84, 85, 86, 87, 88, 89, 90, 91, 92, 93, 95, 96, 97, 98, 103, 104, 105, 106, 107]",517890.0,510915,106,517996.0,106,517996.0,False,517996.0
37753,execution_finished,64,"[120, 121, 122, 123, 124, 125, 126, 127, 0, 28, 29, 30, 31, 32, 33, 34, 35, 45, 46, 47, 48, 49, 50, 51, 52, 53, 54, 55, 56, 57, 58, 59, 60, 61, 62, 63, 64, 65, 66, 72, 79, 80, 81, 82, 83, 84, 85, 86, 87, 88, 89, 90, 91, 92, 93, 95, 96, 97, 98, 103, 104, 105, 106, 107]",517996.0,511034,102,518098.0,102,518098.0,False,518098.0
37755,execution_finished,64,"[108, 109, 110, 115, 116, 117, 118, 119, 0, 28, 29, 30, 31, 32, 33, 34, 35, 45, 46, 47, 48, 49, 50, 51, 52, 53, 54, 55, 56, 57, 58, 59, 60, 61, 62, 63, 64, 65, 66, 72, 79, 80, 81, 82, 83, 84, 85, 86, 87, 88, 89, 90, 91, 92, 93, 95, 96, 97, 98, 103, 104, 105, 106, 107]",518098.0,511154,110,518208.0,110,518208.0,False,518208.0
37758,execution_finished,64,"[120, 121, 122, 123, 124, 125, 126, 127, 0, 28, 29, 30, 31, 32, 33, 34, 35, 45, 46, 47, 48, 49, 50, 51, 52, 53, 54, 55, 56, 57, 58, 59, 60, 61, 62, 63, 64, 65, 66, 72, 79, 80, 81, 82, 83, 84, 85, 86, 87, 88, 89, 90, 91, 92, 93, 95, 96, 97, 98, 103, 104, 105, 106, 107]",518208.0,511797,32,518240.0,32,518240.0,False,518240.0
37759,execution_finished,64,"[108, 109, 110, 115, 116, 117, 118, 119, 0, 28, 29, 30, 31, 32, 33, 34, 35, 45, 46, 47, 48, 49, 50, 51, 52, 53, 54, 55, 56, 57, 58, 59, 60, 61, 62, 63, 64, 65, 66, 72, 79, 80, 81, 82, 83, 84, 85, 86, 87, 88, 89, 90, 91, 92, 93, 95, 96, 97, 98, 103, 104, 105, 106, 107]",518240.0,511860,1,518241.0,1,518241.0,False,518241.0
37760,execution_finished,64,"[120, 121, 122, 123, 124, 125, 126, 127, 0, 28, 29, 30, 31, 32, 33, 34, 35, 45, 46, 47, 48, 49, 50, 51, 52, 53, 54, 55, 56, 57, 58, 59, 60, 61, 62, 63, 64, 65, 66, 72, 79, 80, 81, 82, 83, 84, 85, 86, 87, 88, 89, 90, 91, 92, 93, 95, 96, 97, 98, 103, 104, 105, 106, 107]",518241.0,511867,34,518275.0,34,518275.0,False,518275.0
37762,execution_finished,64,"[108, 109, 110, 115, 116, 117, 118, 119, 0, 28, 29, 30, 31, 32, 33, 34, 35, 45, 46, 47, 48, 49, 50, 51, 52, 53, 54, 55, 56, 57, 58, 59, 60, 61, 62, 63, 64, 65, 66, 72, 79, 80, 81, 82, 83, 84, 85, 86, 87, 88, 89, 90, 91, 92, 93, 95, 96, 97, 98, 103, 104, 105, 106, 107]",518275.0,511943,43,518318.0,43,518318.0,False,518318.0
37764,execution_finished,64,"[120, 121, 122, 123, 124, 125, 126, 127, 0, 28, 29, 30, 31, 32, 33, 34, 35, 45, 46, 47, 48, 49, 50, 51, 52, 53, 54, 55, 56, 57, 58, 59, 60, 61, 62, 63, 64, 65, 66, 72, 79, 80, 81, 82, 83, 84, 85, 86, 87, 88, 89, 90, 91, 92, 93, 95, 96, 97, 98, 103, 104, 105, 106, 107]",518318.0,512007,30,518348.0,30,518348.0,False,518348.0
37765,execution_finished,64,"[108, 109, 110, 115, 116, 117, 118, 119, 0, 28, 29, 30, 31, 32, 33, 34, 35, 45, 46, 47, 48, 49, 50, 51, 52, 53, 54, 55, 56, 57, 58, 59, 60, 61, 62, 63, 64, 65, 66, 72, 79, 80, 81, 82, 83, 84, 85, 86, 87, 88, 89, 90, 91, 92, 93, 95, 96, 97, 98, 103, 104, 105, 106, 107]",518348.0,512065,32,518380.0,32,518380.0,False,518380.0
37766,execution_finished,64,"[120, 121, 122, 123, 124, 125, 126, 127, 0, 28, 29, 30, 31, 32, 33, 34, 35, 45, 46, 47, 48, 49, 50, 51, 52, 53, 54, 55, 56, 57, 58, 59, 60, 61, 62, 63, 64, 65, 66, 72, 79, 80, 81, 82, 83, 84, 85, 86, 87, 88, 89, 90, 91, 92, 93, 95, 96, 97, 98, 103, 104, 105, 106, 107]",518380.0,512113,32,518412.0,32,518412.0,False,518412.0
37768,execution_finished,64,"[108, 109, 110, 115, 116, 117, 118, 119, 0, 28, 29, 30, 31, 32, 33, 34, 35, 45, 46, 47, 48, 49, 50, 51, 52, 53, 54, 55, 56, 57, 58, 59, 60, 61, 62, 63, 64, 65, 66, 72, 79, 80, 81, 82, 83, 84, 85, 86, 87, 88, 89, 90, 91, 92, 93, 95, 96, 97, 98, 103, 104, 105, 106, 107]",518412.0,512160,31,518443.0,31,518443.0,False,518443.0
37770,execution_finished,64,"[120, 121, 122, 123, 124, 125, 126, 127, 0, 28, 29, 30, 31, 32, 33, 34, 35, 45, 46, 47, 48, 49, 50, 51, 52, 53, 54, 55, 56, 57, 58, 59, 60, 61, 62, 63, 64, 65, 66, 72, 79, 80, 81, 82, 83, 84, 85, 86, 87, 88, 89, 90, 91, 92, 93, 95, 96, 97, 98, 103, 104, 105, 106, 107]",518443.0,512206,31,518474.0,31,518474.0,False,518474.0
37771,execution_finished,64,"[108, 109, 110, 115, 116, 117, 118, 119, 0, 28, 29, 30, 31, 32, 33, 34, 35, 45, 46, 47, 48, 49, 50, 51, 52, 53, 54, 55, 56, 57, 58, 59, 60, 61, 62, 63, 64, 65, 66, 72, 79, 80, 81, 82, 83, 84, 85, 86, 87, 88, 89, 90, 91, 92, 93, 95, 96, 97, 98, 103, 104, 105, 106, 107]",518474.0,512252,110,518584.0,110,518584.0,False,518584.0
37774,execution_finished,64,"[124, 125, 126, 127, 0, 28, 29, 30, 31, 32, 33, 34, 35, 45, 46, 47, 48, 49, 50, 51, 52, 53, 54, 55, 56, 57, 58, 59, 60, 61, 62, 63, 64, 65, 66, 72, 79, 80, 81, 82, 83, 84, 85, 86, 87, 88, 89, 90, 91, 92, 93, 95, 96, 97, 98, 103, 104, 105, 106, 107, 108, 109, 110, 115]",518584.0,512372,105,518689.0,105,518689.0,False,518689.0
37777,execution_finished,64,"[116, 117, 118, 119, 0, 28, 29, 30, 31, 32, 33, 34, 35, 45, 46, 47, 48, 49, 50, 51, 52, 53, 54, 55, 56, 57, 58, 59, 60, 61, 62, 63, 64, 65, 66, 72, 79, 80, 81, 82, 83, 84, 85, 86, 87, 88, 89, 90, 91, 92, 93, 95, 96, 97, 98, 103, 104, 105, 106, 107, 108, 109, 110, 115]",518689.0,512491,105,518794.0,105,518794.0,False,518794.0
37779,execution_finished,64,"[124, 125, 126, 127, 0, 28, 29, 30, 31, 32, 33, 34, 35, 45, 46, 47, 48, 49, 50, 51, 52, 53, 54, 55, 56, 57, 58, 59, 60, 61, 62, 63, 64, 65, 66, 72, 79, 80, 81, 82, 83, 84, 85, 86, 87, 88, 89, 90, 91, 92, 93, 95, 96, 97, 98, 103, 104, 105, 106, 107, 108, 109, 110, 115]",518794.0,512611,100,518894.0,100,518894.0,False,518894.0
37791,execution_finished,2,"[113, 114]",516919.0,513831,2048,518967.0,2048,518967.0,False,518967.0
37790,execution_finished,4,"[7, 8, 111, 112]",516919.0,513804,2073,518992.0,2073,518992.0,False,518992.0
37780,execution_finished,64,"[116, 117, 118, 119, 0, 28, 29, 30, 31, 32, 33, 34, 35, 45, 46, 47, 48, 49, 50, 51, 52, 53, 54, 55, 56, 57, 58, 59, 60, 61, 62, 63, 64, 65, 66, 72, 79, 80, 81, 82, 83, 84, 85, 86, 87, 88, 89, 90, 91, 92, 93, 95, 96, 97, 98, 103, 104, 105, 106, 107, 108, 109, 110, 115]",518894.0,512725,100,518994.0,100,518994.0,False,518994.0
37782,execution_finished,64,"[113, 114, 7, 8, 111, 112, 0, 28, 29, 30, 31, 32, 33, 34, 35, 45, 46, 47, 48, 49, 50, 51, 52, 53, 54, 55, 56, 57, 58, 59, 60, 61, 62, 63, 64, 65, 66, 72, 79, 80, 81, 82, 83, 84, 85, 86, 87, 88, 89, 90, 91, 92, 93, 95, 96, 97, 98, 103, 104, 105, 106, 107, 108, 109]",518994.0,512837,101,519095.0,101,519095.0,False,519095.0
37783,execution_finished,64,"[110, 115, 116, 117, 118, 119, 0, 7, 8, 28, 29, 30, 31, 32, 33, 34, 35, 45, 46, 47, 48, 49, 50, 51, 52, 53, 54, 55, 56, 57, 58, 59, 60, 61, 62, 63, 64, 65, 66, 72, 79, 80, 81, 82, 83, 84, 85, 86, 87, 88, 89, 90, 91, 92, 93, 95, 96, 97, 98, 103, 104, 105, 106, 107]",519095.0,512948,42,519137.0,42,519137.0,False,519137.0
37784,execution_finished,64,"[108, 109, 111, 112, 113, 114, 0, 7, 8, 28, 29, 30, 31, 32, 33, 34, 35, 45, 46, 47, 48, 49, 50, 51, 52, 53, 54, 55, 56, 57, 58, 59, 60, 61, 62, 63, 64, 65, 66, 72, 79, 80, 81, 82, 83, 84, 85, 86, 87, 88, 89, 90, 91, 92, 93, 95, 96, 97, 98, 103, 104, 105, 106, 107]",519137.0,512995,101,519238.0,101,519238.0,False,519238.0
37786,execution_finished,64,"[110, 115, 116, 117, 118, 119, 0, 7, 8, 28, 29, 30, 31, 32, 33, 34, 35, 45, 46, 47, 48, 49, 50, 51, 52, 53, 54, 55, 56, 57, 58, 59, 60, 61, 62, 63, 64, 65, 66, 72, 79, 80, 81, 82, 83, 84, 85, 86, 87, 88, 89, 90, 91, 92, 93, 95, 96, 97, 98, 103, 104, 105, 106, 107]",519238.0,513112,101,519339.0,101,519339.0,False,519339.0
37817,execution_finished,32,"[119, 118, 117, 116, 115, 110, 107, 106, 105, 104, 103, 98, 97, 96, 95, 93, 92, 91, 90, 89, 88, 87, 86, 85, 84, 83, 82, 81, 80, 79, 72, 66]",519339.0,516314,415,519754.0,415,519754.0,False,519754.0
37819,execution_finished,32,"[119, 118, 117, 116, 115, 110, 107, 106, 105, 104, 103, 98, 97, 96, 95, 93, 92, 91, 90, 89, 88, 87, 86, 85, 84, 83, 82, 81, 80, 79, 72, 66]",519754.0,516595,27,519781.0,27,519781.0,False,519781.0
37821,execution_finished,8,"[1, 2, 3, 4, 5, 9, 10, 11]",520437.0,516785,486,520923.0,486,520923.0,False,520923.0
37849,execution_finished,1,[2],520923.0,520652,22,520945.0,22,520945.0,False,520945.0
37845,execution_finished,1,[1],520923.0,520041,28,520951.0,28,520951.0,False,520951.0
37834,execution_finished,8,"[14, 15, 16, 17, 120, 121, 122, 123]",521279.0,518579,44,521323.0,44,521323.0,False,521323.0
37829,execution_finished,32,"[119, 118, 117, 116, 115, 110, 107, 106, 105, 104, 103, 98, 97, 96, 95, 93, 92, 91, 90, 89, 88, 87, 86, 85, 84, 83, 82, 81, 80, 79, 72, 66]",519781.0,517747,1633,521414.0,1633,521414.0,False,521414.0
37835,execution_finished,8,"[18, 19, 20, 21, 124, 125, 126, 127]",521692.0,518736,41,521733.0,41,521733.0,False,521733.0
37846,execution_finished,16,"[123, 122, 121, 120, 119, 118, 117, 116, 115, 110, 107, 106, 105, 104, 103, 98]",521414.0,520072,345,521759.0,345,521759.0,False,521759.0
37833,execution_finished,16,"[14, 15, 16, 17, 66, 72, 79, 80, 81, 82, 83, 84, 85, 86, 87, 88]",521414.0,518532,356,521770.0,356,521770.0,False,521770.0
37859,execution_finished,32,"[127, 126, 125, 124, 123, 122, 121, 120, 119, 118, 117, 116, 115, 110, 107, 106, 105, 104, 103, 98, 88, 87, 86, 85, 84, 83, 82, 81, 80, 79, 72, 66]",521770.0,521743,79,521849.0,79,521849.0,False,521849.0
37789,execution_finished,32,"[108, 109, 111, 112, 113, 114, 0, 7, 8, 28, 29, 30, 31, 32, 33, 34, 35, 45, 46, 47, 48, 49, 50, 51, 52, 53, 54, 55, 56, 57, 58, 59]",519339.0,513728,2532,521871.0,2532,521871.0,False,521871.0
37801,execution_finished,64,"[18, 19, 20, 21, 14, 15, 16, 17, 66, 72, 79, 80, 81, 82, 83, 84, 85, 86, 87, 88, 98, 103, 104, 105, 106, 107, 110, 115, 116, 117, 118, 119, 120, 121, 122, 123, 124, 125, 126, 127, 0, 7, 8, 28, 29, 30, 31, 32, 33, 34, 35, 45, 46, 47, 48, 49, 50, 51, 52, 53, 54, 55, 56, 57]",521871.0,514741,42,521913.0,42,521913.0,False,521913.0
37803,execution_finished,64,"[58, 59, 108, 109, 111, 112, 113, 114, 0, 7, 8, 14, 15, 16, 17, 18, 19, 20, 21, 28, 29, 30, 31, 32, 33, 34, 35, 45, 46, 47, 48, 49, 50, 51, 52, 53, 54, 55, 56, 57, 66, 72, 79, 80, 81, 82, 83, 84, 85, 86, 87, 88, 98, 103, 104, 105, 106, 107, 110, 115, 116, 117, 118, 119]",521913.0,515090,102,522015.0,102,522015.0,False,522015.0
37831,execution_finished,1,[12],520520.0,517820,1560,522080.0,1560,522080.0,False,522080.0
37807,execution_finished,64,"[120, 121, 122, 123, 124, 125, 126, 127, 0, 7, 8, 14, 15, 16, 17, 18, 19, 20, 21, 28, 29, 30, 31, 32, 33, 34, 35, 45, 46, 47, 48, 49, 50, 51, 52, 53, 54, 55, 56, 57, 58, 59, 66, 72, 79, 80, 81, 82, 83, 84, 85, 86, 87, 88, 98, 103, 104, 105, 106, 107, 108, 109, 110, 111]",522015.0,515281,86,522101.0,86,522101.0,False,522101.0
37864,execution_finished,8,"[111, 120, 121, 122, 123, 124, 125, 126]",522152.0,522152,113,522265.0,113,522265.0,False,522265.0
37865,execution_finished,1,[127],522254.0,522254,26,522280.0,26,522280.0,False,522280.0
37843,execution_finished,1,[6],522219.0,519519,89,522308.0,89,522308.0,False,522308.0
37754,execution_finished,32,"[13, 22, 23, 24, 25, 26, 27, 36, 37, 38, 39, 40, 41, 42, 43, 44, 67, 68, 69, 70, 71, 73, 74, 75, 76, 77, 78, 94, 99, 100, 101, 102]",520696.0,511144,2535,523231.0,2535,523231.0,False,523231.0
37842,execution_finished,32,"[13, 22, 23, 24, 25, 26, 27, 36, 37, 38, 39, 40, 41, 42, 43, 44, 67, 68, 69, 70, 71, 73, 74, 75, 76, 77, 78, 94, 99, 100, 101, 102]",523231.0,519449,157,523388.0,157,523388.0,False,523388.0
37873,execution_finished,1,[76],523388.0,522935,18,523406.0,18,523406.0,False,523406.0
37877,execution_finished,8,"[77, 78, 94, 99, 100, 101, 102, 76]",523406.0,523330,96,523502.0,96,523502.0,False,523502.0
37858,execution_finished,16,"[37, 38, 39, 40, 41, 42, 43, 44, 67, 68, 69, 70, 71, 73, 74, 75]",523388.0,521548,505,523893.0,505,523893.0,False,523893.0
37822,execution_finished,64,"[112, 113, 114, 115, 116, 117, 118, 119, 12, 0, 7, 8, 14, 15, 16, 17, 18, 19, 20, 21, 28, 29, 30, 31, 32, 33, 34, 35, 45, 46, 47, 48, 49, 50, 51, 52, 53, 54, 55, 56, 57, 58, 59, 66, 72, 79, 80, 81, 82, 83, 84, 85, 86, 87, 88, 98, 103, 104, 105, 106, 107, 108, 109, 110]",522101.0,516786,3326,525427.0,3326,525427.0,False,525427.0
37847,execution_finished,64,"[0, 7, 8, 12, 14, 15, 16, 17, 18, 19, 20, 21, 28, 29, 30, 31, 32, 33, 34, 35, 45, 46, 47, 48, 49, 50, 51, 52, 53, 54, 55, 56, 57, 58, 59, 66, 72, 79, 80, 81, 82, 83, 84, 85, 86, 87, 88, 98, 103, 104, 105, 106, 107, 108, 109, 110, 112, 113, 114, 115, 116, 117, 118, 119]",525427.0,520292,359,525786.0,359,525786.0,False,525786.0
37856,execution_finished,16,"[1, 2, 3, 4, 5, 9, 10, 11, 13, 22, 23, 24, 25, 26, 27, 36]",526088.0,521066,145,526233.0,145,526233.0,False,526233.0
37889,execution_finished,1,[36],526233.0,524326,9,526242.0,9,526242.0,False,526242.0
37897,execution_finished,1,[36],526242.0,525245,42,526284.0,42,526284.0,False,526284.0
37898,execution_finished,1,[36],526284.0,525299,18,526302.0,18,526302.0,False,526302.0
37911,execution_finished,1,[36],526302.0,526147,16,526318.0,16,526318.0,False,526318.0
37881,execution_finished,8,"[11, 13, 22, 23, 24, 25, 26, 27]",526233.0,523850,92,526325.0,92,526325.0,False,526325.0
37912,execution_finished,1,[36],526318.0,526166,11,526329.0,11,526329.0,False,526329.0
37886,execution_finished,8,"[11, 13, 22, 23, 24, 25, 26, 27]",526325.0,524207,28,526353.0,28,526353.0,False,526353.0
37888,execution_finished,8,"[36, 11, 13, 22, 23, 24, 25, 26]",526353.0,524244,82,526435.0,82,526435.0,False,526435.0
37879,execution_finished,1,[89],526440.0,523740,14,526454.0,14,526454.0,False,526454.0
37891,execution_finished,8,"[27, 11, 13, 22, 23, 24, 25, 26]",526435.0,524582,121,526556.0,121,526556.0,False,526556.0
37893,execution_finished,4,"[11, 13, 22, 23]",526556.0,524797,32,526588.0,32,526588.0,False,526588.0
37894,execution_finished,4,"[24, 25, 26, 27]",526556.0,524837,71,526627.0,71,526627.0,False,526627.0
37896,execution_finished,4,"[11, 13, 22, 23]",526588.0,524993,63,526651.0,63,526651.0,False,526651.0
37903,execution_finished,4,"[11, 13, 22, 23]",526651.0,525649,100,526751.0,100,526751.0,False,526751.0
37872,execution_finished,16,"[90, 91, 92, 93, 95, 96, 97, 37, 38, 39, 40, 41, 42, 43, 44, 67]",526593.0,522881,180,526773.0,180,526773.0,False,526773.0
37860,execution_finished,4,"[60, 61, 62, 63]",524685.0,521985,2096,526781.0,2096,526781.0,False,526781.0
37861,execution_finished,2,"[64, 65]",524707.0,522007,2076,526783.0,2076,526783.0,False,526783.0
37874,execution_finished,16,"[11, 13, 22, 23, 37, 38, 39, 40, 41, 42, 43, 44, 67, 90, 91, 92]",526773.0,523083,301,527074.0,301,527074.0,False,527074.0
37852,execution_finished,64,"[0, 7, 8, 12, 14, 15, 16, 17, 18, 19, 20, 21, 28, 29, 30, 31, 32, 33, 34, 35, 45, 46, 47, 48, 49, 50, 51, 52, 53, 54, 55, 56, 57, 58, 59, 66, 72, 79, 80, 81, 82, 83, 84, 85, 86, 87, 88, 98, 103, 104, 105, 106, 107, 108, 109, 110, 112, 113, 114, 115, 116, 117, 118, 119]",525786.0,520813,1437,527223.0,1437,527223.0,False,527223.0
37892,execution_finished,16,"[60, 61, 62, 63, 64, 65, 11, 13, 22, 23, 37, 38, 39, 40, 41, 42]",527074.0,524711,657,527731.0,657,527731.0,False,527731.0
37902,execution_finished,16,"[11, 13, 22, 23, 37, 38, 39, 40, 41, 42, 60, 61, 62, 63, 64, 65]",527731.0,525414,186,527917.0,186,527917.0,False,527917.0
37905,execution_finished,16,"[11, 13, 22, 23, 37, 38, 39, 40, 41, 42, 60, 61, 62, 63, 64, 65]",527917.0,525745,366,528283.0,366,528283.0,False,528283.0
37866,execution_finished,64,"[43, 44, 67, 90, 91, 92, 0, 7, 8, 12, 14, 15, 16, 17, 18, 19, 20, 21, 28, 29, 30, 31, 32, 33, 34, 35, 45, 46, 47, 48, 49, 50, 51, 52, 53, 54, 55, 56, 57, 58, 59, 66, 72, 79, 80, 81, 82, 83, 84, 85, 86, 87, 88, 98, 103, 104, 105, 106, 107, 108, 109, 110, 112, 113]",527223.0,522306,1430,528653.0,1430,528653.0,False,528653.0
37910,execution_finished,16,"[11, 13, 22, 23, 37, 38, 39, 40, 41, 42, 60, 61, 62, 63, 64, 65]",528283.0,526118,399,528682.0,399,528682.0,False,528682.0
37876,execution_finished,32,"[0, 7, 8, 12, 14, 15, 16, 17, 18, 19, 20, 21, 28, 29, 30, 31, 32, 33, 34, 35, 43, 44, 45, 46, 47, 48, 49, 50, 51, 52, 53, 54]",528653.0,523309,115,528768.0,115,528768.0,False,528768.0
37880,execution_finished,32,"[55, 56, 57, 58, 59, 66, 67, 72, 79, 80, 81, 82, 83, 84, 85, 86, 87, 88, 90, 91, 92, 98, 103, 104, 105, 106, 107, 108, 109, 110, 112, 113]",528653.0,523824,116,528769.0,116,528769.0,False,528769.0
37925,execution_finished,1,[7],528768.0,527665,6,528774.0,6,528774.0,False,528774.0
37924,execution_finished,1,[0],528768.0,527633,15,528783.0,15,528783.0,False,528783.0
37927,execution_finished,1,[7],528774.0,527683,14,528788.0,14,528788.0,False,528788.0
37915,execution_finished,16,"[11, 13, 22, 23, 37, 38, 39, 40, 41, 42, 60, 61, 62, 63, 64, 65]",528682.0,526827,107,528789.0,107,528789.0,False,528789.0
37917,execution_finished,16,"[11, 13, 22, 23, 37, 38, 39, 40, 41, 42, 60, 61, 62, 63, 64, 65]",528789.0,527078,136,528925.0,136,528925.0,False,528925.0
37935,execution_finished,1,[62],528959.0,528959,46,529005.0,46,529005.0,False,529005.0
37937,execution_finished,1,[63],529018.0,529018,19,529037.0,19,529037.0,False,529037.0
37863,execution_finished,32,"[6, 68, 69, 70, 71, 73, 74, 75, 76, 77, 78, 94, 99, 100, 101, 102, 111, 120, 121, 122, 123, 124, 125, 126, 127, 1, 2, 3, 4, 5, 9, 10]",528933.0,522131,132,529065.0,132,529065.0,False,529065.0
37928,execution_finished,16,"[1, 2, 3, 4, 5, 6, 9, 10, 68, 69, 70, 71, 73, 74, 75, 76]",529065.0,527821,58,529123.0,58,529123.0,False,529123.0
37931,execution_finished,16,"[1, 2, 3, 4, 5, 6, 9, 10, 68, 69, 70, 71, 73, 74, 75, 76]",529123.0,528300,77,529200.0,77,529200.0,False,529200.0
37929,execution_finished,16,"[77, 78, 94, 99, 100, 101, 102, 111, 120, 121, 122, 123, 124, 125, 126, 127]",529065.0,527884,136,529201.0,136,529201.0,False,529201.0
37942,execution_finished,1,[4],529200.0,529132,26,529226.0,26,529226.0,False,529226.0
37941,execution_finished,1,[3],529200.0,529129,36,529236.0,36,529236.0,False,529236.0
37901,execution_finished,2,"[36, 89]",526454.0,525344,3108,529562.0,3108,529562.0,False,529562.0
37899,execution_finished,4,"[24, 25, 26, 27]",526627.0,525321,3128,529755.0,3128,529755.0,False,529755.0
37890,execution_finished,64,"[8, 12, 14, 15, 16, 17, 18, 19, 20, 21, 28, 29, 30, 31, 32, 33, 34, 35, 43, 44, 45, 46, 47, 48, 49, 50, 51, 52, 53, 54, 55, 56, 57, 58, 59, 66, 67, 72, 79, 80, 81, 82, 83, 84, 85, 86, 87, 88, 90, 91, 92, 98, 103, 104, 105, 106, 107, 108, 109, 110, 112, 113, 0, 7]",528788.0,524521,1619,530407.0,1619,530407.0,False,530407.0
37921,execution_finished,16,"[93, 95, 96, 97, 11, 13, 22, 23, 37, 38, 39, 40, 41, 42, 60, 61]",531625.0,527477,93,531718.0,93,531718.0,False,531718.0
37963,execution_finished,1,[97],531718.0,531361,13,531731.0,13,531731.0,False,531731.0
37964,execution_finished,1,[97],531731.0,531388,9,531740.0,9,531740.0,False,531740.0
37954,execution_finished,4,"[23, 37, 38, 39]",531718.0,530493,51,531769.0,51,531769.0,False,531769.0
37961,execution_finished,8,"[40, 41, 42, 60, 61, 93, 95, 96]",531718.0,531175,94,531812.0,94,531812.0,False,531812.0
37913,execution_finished,64,"[0, 7, 8, 12, 14, 15, 16, 17, 18, 19, 20, 21, 28, 29, 30, 31, 32, 33, 34, 35, 43, 44, 45, 46, 47, 48, 49, 50, 51, 52, 53, 54, 55, 56, 57, 58, 59, 66, 67, 72, 79, 80, 81, 82, 83, 84, 85, 86, 87, 88, 90, 91, 92, 98, 103, 104, 105, 106, 107, 108, 109, 110, 112, 113]",530407.0,526209,1420,531827.0,1420,531827.0,False,531827.0
37945,execution_finished,1,[114],532058.0,529358,24,532082.0,24,532082.0,False,532082.0
37969,execution_finished,8,"[113, 112, 110, 109, 108, 107, 106, 105]",532042.0,532042,90,532132.0,90,532132.0,False,532132.0
37938,execution_finished,4,"[64, 65, 62, 63]",529043.0,529043,3113,532156.0,3113,532156.0,False,532156.0
37947,execution_finished,16,"[115, 116, 117, 118, 119, 5, 6, 9, 10, 68, 69, 70, 71, 73, 74, 75]",532179.0,529479,83,532262.0,83,532262.0,False,532262.0
37940,execution_finished,2,"[1, 2]",529200.0,529066,3092,532292.0,3092,532292.0,False,532292.0
37926,execution_finished,64,"[97, 23, 37, 38, 39, 40, 41, 42, 60, 61, 93, 95, 96, 0, 7, 8, 12, 14, 15, 16, 17, 18, 19, 20, 21, 28, 29, 30, 31, 32, 33, 34, 35, 43, 44, 45, 46, 47, 48, 49, 50, 51, 52, 53, 54, 55, 56, 57, 58, 59, 66, 67, 72, 79, 80, 81, 82, 83, 84, 85, 86, 87, 88, 90]",531827.0,527674,1437,533264.0,1437,533264.0,False,533264.0
37944,execution_finished,64,"[0, 7, 8, 12, 14, 15, 16, 17, 18, 19, 20, 21, 23, 28, 29, 30, 31, 32, 33, 34, 35, 37, 38, 39, 40, 41, 42, 43, 44, 45, 46, 47, 48, 49, 50, 51, 52, 53, 54, 55, 56, 57, 58, 59, 60, 61, 66, 67, 72, 79, 80, 81, 82, 83, 84, 85, 86, 87, 88, 90, 93, 95, 96, 97]",533264.0,529209,717,533981.0,717,533981.0,False,533981.0
37950,execution_finished,32,"[97, 96, 95, 93, 90, 88, 87, 86, 85, 84, 83, 82, 81, 80, 79, 72, 67, 66, 61, 60, 59, 58, 57, 56, 55, 54, 53, 52, 51, 50, 49, 48]",533981.0,530101,122,534103.0,122,534103.0,False,534103.0
37976,execution_finished,1,[60],534103.0,532919,7,534110.0,7,534110.0,False,534110.0
37977,execution_finished,1,[61],534103.0,532928,11,534114.0,11,534114.0,False,534114.0
37975,execution_finished,1,[59],534103.0,532887,14,534117.0,14,534117.0,False,534117.0
37982,execution_finished,1,[66],534103.0,533781,14,534117.0,14,534117.0,False,534117.0
37984,execution_finished,1,[67],534103.0,534088,18,534121.0,18,534121.0,False,534121.0
37946,execution_finished,32,"[0, 7, 8, 12, 14, 15, 16, 17, 18, 19, 20, 21, 23, 28, 29, 30, 31, 32, 33, 34, 35, 37, 38, 39, 40, 41, 42, 43, 44, 45, 46, 47]",533981.0,529475,155,534136.0,155,534136.0,False,534136.0
37985,execution_finished,1,[66],534124.0,534124,16,534140.0,16,534140.0,False,534140.0
37979,execution_finished,4,"[72, 60, 61, 59]",534117.0,533130,46,534163.0,46,534163.0,False,534163.0
37981,execution_finished,8,"[0, 7, 8, 12, 14, 15, 16, 17]",534136.0,533580,90,534226.0,90,534226.0,False,534226.0
37951,execution_finished,8,"[3, 4, 36, 76, 77, 78, 89, 94]",534418.0,530126,99,534517.0,99,534517.0,False,534517.0
37991,execution_finished,1,[3],534741.0,534741,92,534833.0,92,534833.0,False,534833.0
37952,execution_finished,16,"[99, 100, 101, 102, 111, 120, 121, 122, 123, 124, 125, 126, 127, 11, 13, 22]",534418.0,530158,474,534892.0,474,534892.0,False,534892.0
37933,execution_finished,32,"[24, 25, 26, 27, 114, 105, 106, 107, 108, 109, 110, 112, 113, 62, 63, 64, 65, 5, 6, 9, 10, 68, 69, 70, 71, 73, 74, 75, 115, 116, 117, 118]",534962.0,528853,174,535136.0,174,535136.0,False,535136.0
37960,execution_finished,32,"[127, 126, 125, 124, 123, 122, 121, 120, 118, 117, 116, 115, 114, 113, 112, 111, 110, 109, 108, 107, 106, 105, 102, 101, 100, 99, 75, 74, 73, 71, 70, 69]",535136.0,531149,118,535254.0,118,535254.0,False,535254.0
37968,execution_finished,32,"[127, 126, 125, 124, 123, 122, 121, 120, 118, 117, 116, 115, 114, 113, 112, 111, 110, 109, 108, 107, 106, 105, 102, 101, 100, 99, 75, 74, 73, 71, 70, 69]",535254.0,532017,113,535367.0,113,535367.0,False,535367.0
37980,execution_finished,32,"[127, 126, 125, 124, 123, 122, 121, 120, 118, 117, 116, 115, 114, 113, 112, 111, 110, 109, 108, 107, 106, 105, 102, 101, 100, 99, 75, 74, 73, 71, 70, 69]",535367.0,533552,116,535483.0,116,535483.0,False,535483.0
37990,execution_finished,32,"[127, 126, 125, 124, 123, 122, 121, 120, 118, 117, 116, 115, 114, 113, 112, 111, 110, 109, 108, 107, 106, 105, 102, 101, 100, 99, 75, 74, 73, 71, 70, 69]",535483.0,534675,156,535639.0,156,535639.0,False,535639.0
37993,execution_finished,1,[126],535639.0,535600,20,535659.0,20,535659.0,False,535659.0
37992,execution_finished,1,[127],535639.0,535547,40,535679.0,40,535679.0,False,535679.0
37996,execution_finished,1,[127],535894.0,535894,13,535907.0,13,535907.0,False,535907.0
37997,execution_finished,1,[126],535895.0,535895,22,535917.0,22,535917.0,False,535917.0
37995,execution_finished,2,"[121, 120]",535646.0,535646,793,536439.0,793,536439.0,False,536439.0
38000,execution_finished,1,[120],536439.0,536434,6,536445.0,6,536445.0,False,536445.0
37994,execution_finished,4,"[125, 124, 123, 122]",535639.0,535625,811,536450.0,811,536450.0,False,536450.0
37967,execution_finished,16,"[91, 92, 98, 103, 104, 48, 49, 50, 51, 52, 53, 54, 55, 56, 57, 58]",536803.0,531879,53,536856.0,53,536856.0,False,536856.0
38002,execution_finished,8,"[55, 54, 53, 52, 51, 50, 49, 48]",536899.0,536899,147,537046.0,147,537046.0,False,537046.0
38003,execution_finished,1,[55],537046.0,536952,31,537077.0,31,537077.0,False,537077.0
37986,execution_finished,1,[119],537086.0,534386,15,537101.0,15,537101.0,False,537101.0
37987,execution_finished,1,[1],537127.0,534427,9,537136.0,9,537136.0,False,537136.0
37989,execution_finished,1,[2],537291.0,534591,20,537311.0,20,537311.0,False,537311.0
37999,execution_finished,8,"[104, 103, 98, 92, 91, 58, 57, 56]",536856.0,536007,529,537385.0,529,537385.0,False,537385.0
38004,execution_finished,1,[3],540134.0,537434,13,540147.0,13,540147.0,False,540147.0
37949,execution_finished,64,"[0, 4, 7, 8, 12, 14, 15, 16, 17, 18, 19, 20, 21, 23, 28, 29, 30, 31, 32, 33, 34, 35, 36, 37, 38, 39, 40, 41, 42, 43, 44, 45, 46, 47, 59, 60, 61, 66, 67, 72, 76, 77, 78, 79, 80, 81, 82, 83, 84, 85, 86, 87, 88, 89, 90, 93, 94, 95, 96, 97, 121, 120, 122, 123]",539317.0,529947,1410,540727.0,1410,540727.0,False,540727.0
37978,execution_finished,64,"[0, 4, 7, 8, 12, 14, 15, 16, 17, 18, 19, 20, 21, 23, 28, 29, 30, 31, 32, 33, 34, 35, 36, 37, 38, 39, 40, 41, 42, 43, 44, 45, 46, 47, 59, 60, 61, 66, 67, 72, 76, 77, 78, 79, 80, 81, 82, 83, 84, 85, 86, 87, 88, 89, 90, 93, 94, 95, 96, 97, 120, 121, 122, 123]",540727.0,532974,1409,542136.0,1409,542136.0,False,542136.0
37983,execution_finished,64,"[0, 4, 7, 8, 12, 14, 15, 16, 17, 18, 19, 20, 21, 23, 28, 29, 30, 31, 32, 33, 34, 35, 36, 37, 38, 39, 40, 41, 42, 43, 44, 45, 46, 47, 59, 60, 61, 66, 67, 72, 76, 77, 78, 79, 80, 81, 82, 83, 84, 85, 86, 87, 88, 89, 90, 93, 94, 95, 96, 97, 120, 121, 122, 123]",542136.0,533917,165,542301.0,165,542301.0,False,542301.0
37988,execution_finished,64,"[0, 4, 7, 8, 12, 14, 15, 16, 17, 18, 19, 20, 21, 23, 28, 29, 30, 31, 32, 33, 34, 35, 36, 37, 38, 39, 40, 41, 42, 43, 44, 45, 46, 47, 59, 60, 61, 66, 67, 72, 76, 77, 78, 79, 80, 81, 82, 83, 84, 85, 86, 87, 88, 89, 90, 93, 94, 95, 96, 97, 120, 121, 122, 123]",542301.0,534480,1411,543712.0,1411,543712.0,False,543712.0
37965,execution_finished,64,"[1, 2, 5, 6, 9, 10, 11, 13, 22, 24, 25, 26, 27, 48, 49, 50, 51, 52, 53, 54, 55, 56, 57, 58, 62, 63, 64, 65, 68, 69, 70, 71, 73, 74, 75, 91, 92, 98, 99, 100, 101, 102, 103, 104, 105, 106, 107, 108, 109, 110, 111, 112, 113, 114, 115, 116, 117, 118, 119, 124, 125, 126, 127, 3]",542847.0,531443,1441,544288.0,1441,544288.0,False,544288.0
38015,execution_finished,1,[115],544288.0,540256,6,544294.0,6,544294.0,False,544294.0
38017,execution_finished,1,[114],544288.0,540414,20,544308.0,20,544308.0,False,544308.0
38007,execution_finished,1,[127],544288.0,538094,21,544309.0,21,544309.0,False,544309.0
38012,execution_finished,1,[124],544288.0,538993,21,544309.0,21,544309.0,False,544309.0
38011,execution_finished,1,[125],544288.0,538945,22,544310.0,22,544310.0,False,544310.0
38013,execution_finished,4,"[119, 118, 117, 116]",544288.0,539019,22,544310.0,22,544310.0,False,544310.0
38032,execution_finished,1,[125],544310.0,543371,6,544316.0,6,544316.0,False,544316.0
38035,execution_finished,1,[118],544310.0,543950,16,544326.0,16,544326.0,False,544326.0
38018,execution_finished,8,"[113, 112, 111, 110, 109, 108, 107, 106]",544288.0,540719,41,544329.0,41,544329.0,False,544329.0
38019,execution_finished,8,"[105, 104, 103, 102, 101, 100, 99, 98]",544288.0,540769,42,544330.0,42,544330.0,False,544330.0
38029,execution_finished,1,[114],544308.0,543222,24,544332.0,24,544332.0,False,544332.0
38010,execution_finished,1,[126],544288.0,538936,45,544333.0,45,544333.0,False,544333.0
38022,execution_finished,2,"[73, 71]",544288.0,540922,82,544370.0,82,544370.0,False,544370.0
38021,execution_finished,2,"[75, 74]",544288.0,540914,87,544375.0,87,544375.0,False,544375.0
38020,execution_finished,2,"[92, 91]",544288.0,540906,92,544380.0,92,544380.0,False,544380.0
38039,execution_finished,1,[116],544310.0,544234,74,544384.0,74,544384.0,False,544384.0
38023,execution_finished,2,"[127, 124]",544309.0,540930,77,544386.0,77,544386.0,False,544386.0
38031,execution_finished,8,"[107, 106, 105, 104, 103, 102, 101, 100]",544330.0,543296,72,544402.0,72,544402.0,False,544402.0
38034,execution_finished,4,"[126, 114, 99, 98]",544333.0,543392,76,544409.0,76,544409.0,False,544409.0
38033,execution_finished,1,[119],544310.0,543380,112,544422.0,112,544422.0,False,544422.0
38030,execution_finished,8,"[125, 118, 113, 112, 111, 110, 109, 108]",544329.0,543271,106,544435.0,106,544435.0,False,544435.0
38037,execution_finished,1,[117],544310.0,544011,137,544447.0,137,544447.0,False,544447.0
38024,execution_finished,1,[115],544294.0,540940,163,544457.0,163,544457.0,False,544457.0
38027,execution_finished,16,"[127, 124, 116, 107, 106, 105, 104, 103, 102, 101, 100, 92, 91, 75, 74, 73]",544402.0,542535,63,544465.0,63,544465.0,False,544465.0
38001,execution_finished,32,"[1, 2, 3, 5, 6, 9, 10, 11, 13, 22, 24, 25, 26, 27, 48, 49, 50, 51, 52, 53, 54, 55, 56, 57, 58, 62, 63, 64, 65, 68, 69, 70]",544288.0,536833,211,544499.0,211,544499.0,False,544499.0
38005,execution_finished,64,"[71, 98, 99, 114, 126, 119, 108, 109, 110, 111, 112, 113, 118, 125, 117, 115, 73, 74, 75, 91, 92, 100, 101, 102, 103, 104, 105, 106, 107, 116, 124, 127, 1, 2, 3, 5, 6, 9, 10, 11, 13, 22, 24, 25, 26, 27, 48, 49, 50, 51, 52, 53, 54, 55, 56, 57, 58, 62, 63, 64, 65, 68, 69, 70]",544499.0,537624,422,544921.0,422,544921.0,False,544921.0
37998,execution_finished,64,"[0, 4, 7, 8, 12, 14, 15, 16, 17, 18, 19, 20, 21, 23, 28, 29, 30, 31, 32, 33, 34, 35, 36, 37, 38, 39, 40, 41, 42, 43, 44, 45, 46, 47, 59, 60, 61, 66, 67, 72, 76, 77, 78, 79, 80, 81, 82, 83, 84, 85, 86, 87, 88, 89, 90, 93, 94, 95, 96, 97, 120, 121, 122, 123]",543712.0,535951,1479,545191.0,1479,545191.0,False,545191.0
38009,execution_finished,32,"[46, 47, 59, 60, 61, 66, 67, 72, 76, 77, 78, 79, 80, 81, 82, 83, 84, 85, 86, 87, 88, 89, 90, 93, 94, 95, 96, 97, 120, 121, 122, 123]",545191.0,538884,132,545323.0,132,545323.0,False,545323.0
38028,execution_finished,16,"[123, 122, 121, 120, 97, 96, 95, 94, 93, 90, 89, 88, 87, 86, 85, 84]",545323.0,542793,58,545381.0,58,545381.0,False,545381.0
38008,execution_finished,32,"[0, 4, 7, 8, 12, 14, 15, 16, 17, 18, 19, 20, 21, 23, 28, 29, 30, 31, 32, 33, 34, 35, 36, 37, 38, 39, 40, 41, 42, 43, 44, 45]",545191.0,538253,217,545408.0,217,545408.0,False,545408.0
38006,execution_finished,64,"[1, 2, 3, 5, 6, 9, 10, 11, 13, 22, 24, 25, 26, 27, 48, 49, 50, 51, 52, 53, 54, 55, 56, 57, 58, 62, 63, 64, 65, 68, 69, 70, 71, 73, 74, 75, 91, 92, 98, 99, 100, 101, 102, 103, 104, 105, 106, 107, 108, 109, 110, 111, 112, 113, 114, 115, 116, 117, 118, 119, 124, 125, 126, 127]",544921.0,538070,971,545892.0,971,545892.0,False,545892.0
38025,execution_finished,64,"[1, 2, 3, 5, 6, 9, 10, 11, 13, 22, 24, 25, 26, 27, 48, 49, 50, 51, 52, 53, 54, 55, 56, 57, 58, 62, 63, 64, 65, 68, 69, 70, 71, 73, 74, 75, 91, 92, 98, 99, 100, 101, 102, 103, 104, 105, 106, 107, 108, 109, 110, 111, 112, 113, 114, 115, 116, 117, 118, 119, 124, 125, 126, 127]",545892.0,541153,830,546722.0,830,546722.0,False,546722.0
38016,execution_finished,64,"[46, 47, 59, 60, 61, 66, 67, 72, 76, 77, 78, 79, 80, 81, 82, 83, 84, 85, 86, 87, 88, 89, 90, 93, 94, 95, 96, 97, 120, 121, 122, 123, 0, 4, 7, 8, 12, 14, 15, 16, 17, 18, 19, 20, 21, 23, 28, 29, 30, 31, 32, 33, 34, 35, 36, 37, 38, 39, 40, 41, 42, 43, 44, 45]",545408.0,540324,1777,547185.0,1777,547185.0,False,547185.0
38050,execution_finished,1,[20],547185.0,546650,16,547201.0,16,547201.0,False,547201.0
38043,execution_finished,16,"[44, 43, 42, 41, 40, 39, 38, 37, 36, 35, 34, 33, 32, 31, 30, 29]",547185.0,545941,36,547221.0,36,547221.0,False,547221.0
38042,execution_finished,32,"[122, 121, 120, 97, 96, 95, 94, 93, 90, 89, 88, 87, 86, 85, 84, 83, 82, 81, 80, 79, 78, 77, 76, 72, 67, 66, 61, 60, 59, 47, 46, 45]",547185.0,545886,38,547223.0,38,547223.0,False,547223.0
38045,execution_finished,1,[23],547185.0,546257,66,547251.0,66,547251.0,False,547251.0
38046,execution_finished,32,"[122, 121, 120, 97, 96, 95, 94, 93, 90, 89, 88, 87, 86, 85, 84, 83, 82, 81, 80, 79, 78, 77, 76, 72, 67, 66, 61, 60, 59, 47, 46, 45]",547223.0,546319,36,547259.0,36,547259.0,False,547259.0
38048,execution_finished,16,"[44, 43, 42, 41, 40, 39, 38, 37, 36, 35, 34, 33, 32, 31, 30, 29]",547221.0,546428,41,547262.0,41,547262.0,False,547262.0
38041,execution_finished,1,[123],547185.0,545865,108,547293.0,108,547293.0,False,547293.0
38049,execution_finished,16,"[122, 121, 120, 97, 96, 95, 94, 93, 90, 89, 88, 87, 86, 85, 84, 83]",547259.0,546474,35,547294.0,35,547294.0,False,547294.0
38044,execution_finished,1,[28],547185.0,546025,126,547311.0,126,547311.0,False,547311.0
38052,execution_finished,16,"[123, 122, 121, 120, 97, 96, 95, 94, 93, 90, 89, 88, 87, 86, 85, 84]",547387.0,547387,36,547423.0,36,547423.0,False,547423.0
38053,execution_finished,4,"[123, 122, 121, 120]",547426.0,547426,32,547458.0,32,547458.0,False,547458.0
38047,execution_finished,1,[21],547185.0,546338,301,547486.0,301,547486.0,False,547486.0
38036,execution_finished,4,"[0, 4, 7, 8]",547185.0,543975,334,547519.0,334,547519.0,False,547519.0
38054,execution_finished,4,"[23, 45, 46, 47]",547485.0,547461,76,547561.0,76,547561.0,False,547561.0
38056,execution_finished,8,"[90, 93, 94, 95, 96, 97, 120, 121]",547691.0,547691,35,547726.0,35,547726.0,False,547726.0
38057,execution_finished,4,"[122, 123, 21, 0]",547743.0,547743,58,547801.0,58,547801.0,False,547801.0
38059,execution_finished,1,[0],548090.0,548090,14,548104.0,14,548104.0,False,548104.0
38026,execution_finished,64,"[1, 2, 3, 5, 6, 9, 10, 11, 13, 22, 24, 25, 26, 27, 48, 49, 50, 51, 52, 53, 54, 55, 56, 57, 58, 62, 63, 64, 65, 68, 69, 70, 71, 73, 74, 75, 91, 92, 98, 99, 100, 101, 102, 103, 104, 105, 106, 107, 108, 109, 110, 111, 112, 113, 114, 115, 116, 117, 118, 119, 124, 125, 126, 127]",546722.0,542189,1759,548481.0,1759,548481.0,False,548481.0
38055,execution_finished,8,"[83, 28, 84, 85, 86, 87, 88, 89]",547575.0,547575,958,548533.0,958,548533.0,False,548533.0
38058,execution_finished,4,"[4, 7, 8, 23]",547806.0,547806,743,548549.0,743,548549.0,False,548549.0
38061,execution_finished,4,"[23, 8, 7, 4]",548603.0,548446,47,548650.0,47,548650.0,False,548650.0
38060,execution_finished,8,"[89, 88, 87, 86, 85, 84, 83, 28]",548533.0,548258,319,548852.0,319,548852.0,False,548852.0
38065,execution_finished,4,"[85, 84, 83, 28]",548852.0,548783,32,548884.0,32,548884.0,False,548884.0
38064,execution_finished,4,"[89, 88, 87, 86]",548852.0,548744,33,548885.0,33,548885.0,False,548885.0
38066,execution_finished,4,"[85, 84, 83, 28]",548884.0,548819,35,548919.0,35,548919.0,False,548919.0
38040,execution_finished,1,[20],547485.0,544411,1438,548923.0,1438,548923.0,False,548923.0
38067,execution_finished,8,"[89, 88, 87, 86, 85, 84, 83, 28]",548919.0,548856,32,548951.0,32,548951.0,False,548951.0
38062,execution_finished,4,"[23, 8, 7, 4]",548704.0,548603,307,549011.0,307,549011.0,False,549011.0
38038,execution_finished,64,"[1, 2, 3, 5, 6, 9, 10, 11, 13, 22, 24, 25, 26, 27, 48, 49, 50, 51, 52, 53, 54, 55, 56, 57, 58, 62, 63, 64, 65, 68, 69, 70, 71, 73, 74, 75, 91, 92, 98, 99, 100, 101, 102, 103, 104, 105, 106, 107, 108, 109, 110, 111, 112, 113, 114, 115, 116, 117, 118, 119, 124, 125, 126, 127]",548481.0,544053,2585,551066.0,2585,551066.0,False,551066.0
38051,execution_finished,128,"[0, 4, 7, 8, 12, 14, 15, 16, 17, 18, 19, 20, 21, 23, 28, 29, 30, 31, 32, 33, 34, 35, 36, 37, 38, 39, 40, 41, 42, 43, 44, 45, 46, 47, 59, 60, 61, 66, 67, 72, 76, 77, 78, 79, 80, 81, 82, 83, 84, 85, 86, 87, 88, 89, 90, 93, 94, 95, 96, 97, 120, 121, 122, 123, 1, 2, 3, 5, 6, 9, 10, 11, 13, 22, 24, 25, 26, 27, 48, 49, 50, 51, 52, 53, 54, 55, 56, 57, 58, 62, 63, 64, 65, 68, 69, 70, 71, 73, 74, 75, 91, 92, 98, 99, 100, 101, 102, 103, 104, 105, 106, 107, 108, 109, 110, 111, 112, 113, 114, 115, 116, 117, 118, 119, 124, 125, 126, 127]",553811.0,547254,122,553933.0,122,553933.0,False,553933.0
38069,execution_finished,1,[64],553933.0,551668,31,553964.0,31,553964.0,False,553964.0
38063,execution_finished,64,"[0, 1, 2, 3, 4, 5, 6, 7, 8, 9, 10, 11, 12, 13, 14, 15, 16, 17, 18, 19, 20, 21, 22, 23, 24, 25, 26, 27, 28, 29, 30, 31, 32, 33, 34, 35, 36, 37, 38, 39, 40, 41, 42, 43, 44, 45, 46, 47, 48, 49, 50, 51, 52, 53, 54, 55, 56, 57, 58, 59, 60, 61, 62, 63]",553933.0,548704,36,553969.0,36,553969.0,False,553969.0
38070,execution_finished,1,[65],553933.0,551710,54,553987.0,54,553987.0,False,553987.0
38074,execution_finished,128,"[0, 1, 2, 3, 4, 5, 6, 7, 8, 9, 10, 11, 12, 13, 14, 15, 16, 17, 18, 19, 20, 21, 22, 23, 24, 25, 26, 27, 28, 29, 30, 31, 32, 33, 34, 35, 36, 37, 38, 39, 40, 41, 42, 43, 44, 45, 46, 47, 48, 49, 50, 51, 52, 53, 54, 55, 56, 57, 58, 59, 60, 61, 62, 63, 64, 65, 66, 67, 68, 69, 70, 71, 72, 73, 74, 75, 76, 77, 78, 79, 80, 81, 82, 83, 84, 85, 86, 87, 88, 89, 90, 91, 92, 93, 94, 95, 96, 97, 98, 99, 100, 101, 102, 103, 104, 105, 106, 107, 108, 109, 110, 111, 112, 113, 114, 115, 116, 117, 118, 119, 120, 121, 122, 123, 124, 125, 126, 127]",558787.0,554797,171,558958.0,171,558958.0,False,558958.0
38075,execution_finished,128,"[0, 1, 2, 3, 4, 5, 6, 7, 8, 9, 10, 11, 12, 13, 14, 15, 16, 17, 18, 19, 20, 21, 22, 23, 24, 25, 26, 27, 28, 29, 30, 31, 32, 33, 34, 35, 36, 37, 38, 39, 40, 41, 42, 43, 44, 45, 46, 47, 48, 49, 50, 51, 52, 53, 54, 55, 56, 57, 58, 59, 60, 61, 62, 63, 64, 65, 66, 67, 68, 69, 70, 71, 72, 73, 74, 75, 76, 77, 78, 79, 80, 81, 82, 83, 84, 85, 86, 87, 88, 89, 90, 91, 92, 93, 94, 95, 96, 97, 98, 99, 100, 101, 102, 103, 104, 105, 106, 107, 108, 109, 110, 111, 112, 113, 114, 115, 116, 117, 118, 119, 120, 121, 122, 123, 124, 125, 126, 127]",558958.0,554978,10932,569890.0,10932,569890.0,False,569890.0
38076,execution_finished,128,"[0, 1, 2, 3, 4, 5, 6, 7, 8, 9, 10, 11, 12, 13, 14, 15, 16, 17, 18, 19, 20, 21, 22, 23, 24, 25, 26, 27, 28, 29, 30, 31, 32, 33, 34, 35, 36, 37, 38, 39, 40, 41, 42, 43, 44, 45, 46, 47, 48, 49, 50, 51, 52, 53, 54, 55, 56, 57, 58, 59, 60, 61, 62, 63, 64, 65, 66, 67, 68, 69, 70, 71, 72, 73, 74, 75, 76, 77, 78, 79, 80, 81, 82, 83, 84, 85, 86, 87, 88, 89, 90, 91, 92, 93, 94, 95, 96, 97, 98, 99, 100, 101, 102, 103, 104, 105, 106, 107, 108, 109, 110, 111, 112, 113, 114, 115, 116, 117, 118, 119, 120, 121, 122, 123, 124, 125, 126, 127]",569890.0,565931,83,569973.0,83,569973.0,False,569973.0
38077,execution_finished,64,"[0, 1, 2, 3, 4, 5, 6, 7, 8, 9, 10, 11, 12, 13, 14, 15, 16, 17, 18, 19, 20, 21, 22, 23, 24, 25, 26, 27, 28, 29, 30, 31, 32, 33, 34, 35, 36, 37, 38, 39, 40, 41, 42, 43, 44, 45, 46, 47, 48, 49, 50, 51, 52, 53, 54, 55, 56, 57, 58, 59, 60, 61, 62, 63]",569973.0,566017,10927,580900.0,10927,580900.0,False,580900.0
38119,execution_finished,1,[8],587434.0,584734,49,587483.0,49,587483.0,False,587483.0
38118,execution_finished,8,"[0, 1, 2, 3, 4, 5, 6, 7]",587397.0,584697,112,587509.0,112,587509.0,False,587509.0
38120,execution_finished,1,[9],587495.0,584795,43,587538.0,43,587538.0,False,587538.0
38122,execution_finished,1,[10],587873.0,585173,50,587923.0,50,587923.0,False,587923.0
38125,execution_finished,4,"[11, 12, 13, 14]",589490.0,586790,3,589493.0,3,589493.0,False,589493.0
38126,execution_finished,4,"[15, 16, 17, 18]",589807.0,587107,3,589810.0,3,589810.0,False,589810.0
38127,execution_finished,4,"[19, 20, 21, 22]",589822.0,587122,3,589825.0,3,589825.0,False,589825.0
38128,execution_finished,4,"[23, 24, 25, 26]",590664.0,587964,3,590667.0,3,590667.0,False,590667.0
38138,execution_finished,4,"[23, 24, 25, 26]",590822.0,590822,182,591004.0,182,591004.0,False,591004.0
38141,execution_finished,4,"[23, 24, 25, 26]",591129.0,591129,41,591170.0,41,591170.0,False,591170.0
38142,execution_finished,1,[23],591182.0,591182,5,591187.0,5,591187.0,False,591187.0
38129,execution_finished,32,"[27, 28, 29, 30, 31, 32, 33, 34, 35, 36, 37, 38, 39, 40, 41, 42, 43, 44, 45, 46, 47, 48, 49, 50, 51, 52, 53, 54, 55, 56, 57, 58]",591920.0,589220,3,591923.0,3,591923.0,False,591923.0
38130,execution_finished,32,"[59, 60, 61, 62, 63, 64, 65, 66, 67, 68, 69, 70, 71, 72, 73, 74, 75, 76, 77, 78, 79, 80, 81, 82, 83, 84, 85, 86, 87, 88, 89, 90]",591962.0,589262,3,591965.0,3,591965.0,False,591965.0
38131,execution_finished,32,"[91, 92, 93, 94, 95, 96, 97, 98, 99, 100, 101, 102, 103, 104, 105, 106, 107, 108, 109, 110, 111, 112, 113, 114, 115, 116, 117, 118, 119, 120, 121, 122]",591983.0,589283,3,591986.0,3,591986.0,False,591986.0
38143,execution_finished,32,"[27, 28, 29, 30, 31, 32, 33, 34, 35, 36, 37, 38, 39, 40, 41, 42, 43, 44, 45, 46, 47, 48, 49, 50, 51, 52, 53, 54, 55, 56, 57, 58]",591923.0,591634,79,592002.0,79,592002.0,False,592002.0
38145,execution_finished,32,"[59, 60, 61, 62, 63, 64, 65, 66, 67, 68, 69, 70, 71, 72, 73, 74, 75, 76, 77, 78, 79, 80, 81, 82, 83, 84, 85, 86, 87, 88, 89, 90]",591965.0,591775,125,592090.0,125,592090.0,False,592090.0
38147,execution_finished,16,"[91, 92, 93, 94, 95, 96, 97, 98, 99, 100, 101, 102, 103, 104, 105, 106]",591986.0,591883,168,592154.0,168,592154.0,False,592154.0
38150,execution_finished,16,"[51, 52, 53, 54, 55, 56, 57, 58, 59, 60, 61, 62, 63, 64, 65, 66]",592109.0,592109,136,592245.0,136,592245.0,False,592245.0
38148,execution_finished,32,"[107, 108, 109, 110, 111, 112, 113, 114, 115, 116, 117, 118, 119, 120, 121, 122, 27, 28, 29, 30, 31, 32, 33, 34, 35, 36, 37, 38, 39, 40, 41, 42]",592034.0,592034,363,592397.0,363,592397.0,False,592397.0
38149,execution_finished,8,"[43, 44, 45, 46, 47, 48, 49, 50]",592057.0,592057,341,592398.0,341,592398.0,False,592398.0
38151,execution_finished,16,"[27, 28, 29, 30, 31, 32, 33, 34, 35, 36, 37, 38, 39, 40, 41, 42]",592612.0,592612,177,592789.0,177,592789.0,False,592789.0
38153,execution_finished,8,"[42, 41, 40, 39, 38, 37, 36, 35]",592838.0,592659,41,592879.0,41,592879.0,False,592879.0
38139,execution_finished,1,[0],593653.0,590953,4,593657.0,4,593657.0,False,593657.0
38160,execution_finished,1,[0],593657.0,593292,20,593677.0,20,593677.0,False,593677.0
38163,execution_finished,1,[0],593677.0,593488,25,593702.0,25,593702.0,False,593702.0
38140,execution_finished,8,"[1, 2, 3, 4, 5, 6, 7, 8]",593732.0,591032,64,593796.0,64,593796.0,False,593796.0
38158,execution_finished,8,"[8, 7, 6, 5, 4, 3, 2, 1]",593796.0,593184,134,593930.0,134,593930.0,False,593930.0
38144,execution_finished,8,"[9, 10, 11, 12, 13, 14, 15, 16]",594623.0,591656,58,594681.0,58,594681.0,False,594681.0
38169,execution_finished,1,[16],594681.0,594308,6,594687.0,6,594687.0,False,594687.0
38146,execution_finished,8,"[17, 18, 19, 20, 21, 22, 123, 124]",594665.0,591795,105,594770.0,105,594770.0,False,594770.0
38167,execution_finished,4,"[8, 7, 6, 5]",594226.0,594226,589,594815.0,589,594815.0,False,594815.0
38159,execution_finished,16,"[124, 123, 22, 21, 20, 19, 18, 17, 16, 15, 14, 13, 12, 11, 10, 9]",594770.0,593196,188,594958.0,188,594958.0,False,594958.0
38161,execution_finished,16,"[124, 123, 22, 21, 20, 19, 18, 17, 16, 15, 14, 13, 12, 11, 10, 9]",594958.0,593440,140,595098.0,140,595098.0,False,595098.0
38166,execution_finished,16,"[124, 123, 22, 21, 20, 19, 18, 17, 16, 15, 14, 13, 12, 11, 10, 9]",595098.0,594004,173,595271.0,173,595271.0,False,595271.0
38174,execution_finished,16,"[124, 123, 22, 21, 20, 19, 18, 17, 16, 15, 14, 13, 12, 11, 10, 9]",595271.0,594796,375,595646.0,375,595646.0,False,595646.0
38177,execution_finished,1,[20],595646.0,595343,2,595648.0,2,595648.0,False,595648.0
38155,execution_finished,1,[125],595663.0,592963,17,595680.0,17,595680.0,False,595680.0
38152,execution_finished,32,"[23, 24, 25, 26, 67, 68, 69, 70, 71, 72, 73, 74, 75, 76, 77, 78, 79, 80, 81, 82, 83, 84, 85, 86, 87, 88, 89, 90, 126, 127, 1, 2]",596890.0,592614,86,596976.0,86,596976.0,False,596976.0
38157,execution_finished,32,"[127, 126, 90, 89, 88, 87, 86, 85, 84, 83, 82, 81, 80, 79, 78, 77, 76, 75, 74, 73, 72, 71, 70, 69, 68, 67, 26, 25, 24, 23, 2, 1]",596976.0,593111,205,597181.0,205,597181.0,False,597181.0
38185,execution_finished,16,"[127, 126, 90, 89, 88, 87, 86, 85, 84, 83, 82, 81, 80, 79, 78, 77]",597181.0,596169,13,597194.0,13,597194.0,False,597194.0
38186,execution_finished,16,"[76, 75, 74, 73, 72, 71, 70, 69, 68, 67, 26, 25, 24, 23, 2, 1]",597181.0,596209,13,597194.0,13,597194.0,False,597194.0
38187,execution_finished,16,"[127, 126, 90, 89, 88, 87, 86, 85, 84, 83, 82, 81, 80, 79, 78, 77]",597194.0,596455,1,597195.0,1,597195.0,False,597195.0
38188,execution_finished,8,"[76, 75, 74, 73, 72, 71, 70, 69]",597194.0,596461,9,597203.0,9,597203.0,False,597203.0
38190,execution_finished,8,"[68, 67, 26, 25, 24, 23, 2, 1]",597194.0,596509,10,597204.0,10,597204.0,False,597204.0
38191,execution_finished,16,"[127, 126, 90, 89, 88, 87, 86, 85, 84, 83, 82, 81, 80, 79, 78, 77]",597195.0,596630,13,597208.0,13,597208.0,False,597208.0
38192,execution_finished,16,"[76, 75, 74, 73, 72, 71, 70, 69, 68, 67, 26, 25, 24, 23, 2, 1]",597204.0,596713,11,597215.0,11,597215.0,False,597215.0
38196,execution_finished,16,"[76, 75, 74, 73, 72, 71, 70, 69, 68, 67, 26, 25, 24, 23, 2, 1]",597215.0,597176,2,597217.0,2,597217.0,False,597217.0
38195,execution_finished,16,"[127, 126, 90, 89, 88, 87, 86, 85, 84, 83, 82, 81, 80, 79, 78, 77]",597208.0,597149,16,597224.0,16,597224.0,False,597224.0
38197,execution_finished,16,"[76, 75, 74, 73, 72, 71, 70, 69, 68, 67, 26, 25, 24, 23, 2, 1]",597217.0,597184,15,597232.0,15,597232.0,False,597232.0
38198,execution_finished,1,[127],597234.0,597234,19,597253.0,19,597253.0,False,597253.0
38176,execution_finished,4,"[124, 123, 22, 21]",595646.0,595225,3429,599075.0,3429,599075.0,False,599075.0
38203,execution_finished,4,"[124, 123, 22, 21]",599075.0,597582,49,599124.0,49,599124.0,False,599124.0
38205,execution_finished,4,"[124, 123, 22, 21]",599124.0,598003,19,599143.0,19,599143.0,False,599143.0
38208,execution_finished,1,[124],599143.0,598863,17,599160.0,17,599160.0,False,599160.0
38154,execution_finished,128,"[0, 1, 2, 3, 4, 5, 6, 7, 8, 9, 10, 11, 12, 13, 14, 15, 16, 17, 18, 19, 20, 23, 24, 25, 26, 27, 28, 29, 30, 31, 32, 33, 34, 35, 36, 37, 38, 39, 40, 41, 42, 43, 44, 45, 46, 47, 48, 49, 50, 51, 52, 53, 54, 55, 56, 57, 58, 59, 60, 61, 62, 63, 64, 65, 66, 67, 68, 69, 70, 71, 72, 73, 74, 75, 76, 77, 78, 79, 80, 81, 82, 83, 84, 85, 86, 87, 88, 89, 90, 91, 92, 93, 94, 95, 96, 97, 98, 99, 100, 101, 102, 103, 104, 105, 106, 107, 108, 109, 110, 111, 112, 113, 114, 115, 116, 117, 118, 119, 120, 121, 122, 125, 126, 127, 21, 22, 123, 124]",602053.0,592838,100,602153.0,100,602153.0,False,602153.0
38209,execution_finished,32,"[96, 97, 98, 99, 100, 101, 102, 103, 104, 105, 106, 107, 108, 109, 110, 111, 112, 113, 114, 115, 116, 117, 118, 119, 120, 121, 122, 123, 124, 125, 126, 127]",602153.0,598870,495,602648.0,495,602648.0,False,602648.0
38211,execution_finished,16,"[112, 113, 114, 115, 116, 117, 118, 119, 120, 121, 122, 123, 124, 125, 126, 127]",602648.0,598985,7,602655.0,7,602655.0,False,602655.0
38210,execution_finished,16,"[96, 97, 98, 99, 100, 101, 102, 103, 104, 105, 106, 107, 108, 109, 110, 111]",602648.0,598940,21,602669.0,21,602669.0,False,602669.0
38213,execution_finished,16,"[112, 113, 114, 115, 116, 117, 118, 119, 120, 121, 122, 123, 124, 125, 126, 127]",602655.0,598997,15,602670.0,15,602670.0,False,602670.0
38224,execution_finished,4,"[107, 106, 105, 104]",602669.0,600373,12,602681.0,12,602681.0,False,602681.0
38221,execution_finished,4,"[111, 110, 109, 108]",602669.0,599713,13,602682.0,13,602682.0,False,602682.0
38225,execution_finished,4,"[103, 102, 101, 100]",602669.0,600433,15,602684.0,15,602684.0,False,602684.0
38243,execution_finished,1,[98],602669.0,602120,22,602691.0,22,602691.0,False,602691.0
38233,execution_finished,4,"[127, 126, 125, 124]",602670.0,601524,31,602701.0,31,602701.0,False,602701.0
38239,execution_finished,4,"[115, 114, 113, 112]",602670.0,602011,34,602704.0,34,602704.0,False,602704.0
38238,execution_finished,4,"[119, 118, 117, 116]",602670.0,601983,35,602705.0,35,602705.0,False,602705.0
38250,execution_finished,1,[97],602669.0,602260,44,602713.0,44,602713.0,False,602713.0
38255,execution_finished,4,"[119, 118, 117, 116]",602705.0,602598,14,602719.0,14,602719.0,False,602719.0
38236,execution_finished,4,"[123, 122, 121, 120]",602670.0,601847,56,602726.0,56,602726.0,False,602726.0
38242,execution_finished,4,"[107, 106, 105, 104]",602681.0,602070,46,602727.0,46,602727.0,False,602727.0
38244,execution_finished,4,"[111, 110, 109, 108]",602682.0,602135,46,602728.0,46,602728.0,False,602728.0
38240,execution_finished,1,[99],602669.0,602047,62,602731.0,62,602731.0,False,602731.0
38256,execution_finished,4,"[113, 112, 98, 97]",602713.0,602688,46,602759.0,46,602759.0,False,602759.0
38248,execution_finished,4,"[125, 124, 115, 114]",602704.0,602236,81,602785.0,81,602785.0,False,602785.0
38218,execution_finished,1,[96],602669.0,599437,152,602821.0,152,602821.0,False,602821.0
38259,execution_finished,1,[121],602988.0,602988,34,603022.0,34,603022.0,False,603022.0
38257,execution_finished,4,"[125, 124, 123, 122]",602826.0,602826,275,603101.0,275,603101.0,False,603101.0
38266,execution_finished,1,[125],603386.0,603386,20,603406.0,20,603406.0,False,603406.0
38261,execution_finished,4,"[121, 122, 123, 124]",603168.0,603168,309,603477.0,309,603477.0,False,603477.0
38262,execution_finished,4,"[125, 121, 122, 123]",603477.0,603235,59,603536.0,59,603536.0,False,603536.0
38264,execution_finished,4,"[124, 121, 122, 123]",603536.0,603349,44,603580.0,44,603580.0,False,603580.0
38268,execution_finished,1,[125],603617.0,603617,40,603657.0,40,603657.0,False,603657.0
38269,execution_finished,4,"[121, 122, 123, 124]",603696.0,603696,48,603744.0,48,603744.0,False,603744.0
38272,execution_finished,1,[125],603838.0,603838,26,603864.0,26,603864.0,False,603864.0
38276,execution_finished,1,[125],604142.0,604142,99,604241.0,99,604241.0,False,604241.0
38247,execution_finished,2,"[127, 126]",602701.0,602170,1605,604306.0,1605,604306.0,False,604306.0
38245,execution_finished,4,"[103, 102, 101, 100]",602684.0,602147,1625,604309.0,1625,604309.0,False,604309.0
38278,execution_finished,1,[125],604367.0,604367,41,604408.0,41,604408.0,False,604408.0
38280,execution_finished,4,"[127, 100, 101, 102]",604441.0,604441,26,604467.0,26,604467.0,False,604467.0
38279,execution_finished,1,[126],604441.0,604441,168,604609.0,168,604609.0,False,604609.0
38283,execution_finished,1,[125],604692.0,604692,25,604717.0,25,604717.0,False,604717.0
38178,execution_finished,32,"[64, 65, 66, 67, 68, 69, 70, 71, 72, 73, 74, 75, 76, 77, 78, 79, 80, 81, 82, 83, 84, 85, 86, 87, 88, 89, 90, 91, 92, 93, 94, 95]",602153.0,595364,4387,606540.0,4387,606540.0,False,606540.0
38293,execution_finished,4,"[86, 87, 88, 89]",606540.0,605886,18,606558.0,18,606558.0,False,606558.0
38294,execution_finished,4,"[90, 91, 92, 93]",606540.0,605938,26,606566.0,26,606566.0,False,606566.0
38295,execution_finished,4,"[94, 95, 86, 87]",606558.0,605987,24,606582.0,24,606582.0,False,606582.0
38300,execution_finished,4,"[92, 93, 86, 87]",606582.0,606245,12,606594.0,12,606594.0,False,606594.0
38303,execution_finished,4,"[94, 95, 86, 87]",606594.0,606540,16,606610.0,16,606610.0,False,606610.0
38296,execution_finished,4,"[88, 89, 90, 91]",606566.0,606074,52,606618.0,52,606618.0,False,606618.0
38298,execution_finished,8,"[92, 93, 86, 87, 94, 95, 88, 89]",606618.0,606110,267,606885.0,267,606885.0,False,606885.0
38282,execution_finished,8,"[70, 71, 72, 73, 74, 75, 76, 77]",606540.0,604643,609,607149.0,609,607149.0,False,607149.0
38286,execution_finished,8,"[78, 79, 80, 81, 82, 83, 84, 85]",606540.0,605302,672,607212.0,672,607212.0,False,607212.0
38164,execution_finished,64,"[0, 1, 2, 3, 4, 5, 6, 7, 8, 9, 10, 11, 12, 13, 14, 15, 16, 17, 18, 19, 20, 21, 22, 23, 24, 25, 26, 27, 28, 29, 30, 31, 32, 33, 34, 35, 36, 37, 38, 39, 40, 41, 42, 43, 44, 45, 46, 47, 48, 49, 50, 51, 52, 53, 54, 55, 56, 57, 58, 59, 60, 61, 62, 63]",602153.0,593514,5346,607499.0,5346,607499.0,False,607499.0
38310,execution_finished,8,"[92, 93, 94, 95, 70, 71, 72, 73]",607149.0,607111,616,607765.0,616,607765.0,False,607765.0
38304,execution_finished,16,"[95, 94, 93, 92, 73, 72, 71, 70, 63, 62, 61, 60, 59, 58, 57, 56]",607765.0,606833,60,607825.0,60,607825.0,False,607825.0
38309,execution_finished,16,"[95, 94, 93, 92, 73, 72, 71, 70, 63, 62, 61, 60, 59, 58, 57, 56]",607825.0,607061,259,608084.0,259,608084.0,False,608084.0
38222,execution_finished,32,"[96, 97, 98, 99, 103, 104, 105, 106, 107, 108, 109, 110, 111, 112, 113, 114, 115, 116, 117, 118, 119, 120, 121, 122, 123, 124, 64, 65, 66, 67, 68, 69]",609240.0,599762,68,609308.0,68,609308.0,False,609308.0
38299,execution_finished,4,"[100, 101, 102, 127]",609282.0,606167,42,609324.0,42,609324.0,False,609324.0
38328,execution_finished,1,[100],609334.0,609334,16,609350.0,16,609350.0,False,609350.0
38232,execution_finished,32,"[64, 65, 66, 67, 68, 69, 96, 97, 98, 99, 103, 104, 105, 106, 107, 108, 109, 110, 111, 112, 113, 114, 115, 116, 117, 118, 119, 120, 121, 122, 123, 124]",609308.0,601210,124,609432.0,124,609432.0,False,609432.0
38234,execution_finished,32,"[101, 102, 127, 100, 64, 65, 66, 67, 68, 69, 96, 97, 98, 99, 103, 104, 105, 106, 107, 108, 109, 110, 111, 112, 113, 114, 115, 116, 117, 118, 119, 120]",609432.0,601559,145,609577.0,145,609577.0,False,609577.0
38329,execution_finished,4,"[121, 122, 123, 124]",609533.0,609533,297,609830.0,297,609830.0,False,609830.0
38237,execution_finished,32,"[64, 65, 66, 67, 68, 69, 96, 97, 98, 99, 100, 101, 102, 103, 104, 105, 106, 107, 108, 109, 110, 111, 112, 113, 114, 115, 116, 117, 118, 119, 120, 127]",609577.0,601937,458,610035.0,458,610035.0,False,610035.0
38301,execution_finished,8,"[125, 126, 90, 91, 86, 87, 88, 89]",609585.0,606425,603,610188.0,603,610188.0,False,610188.0
38331,execution_finished,4,"[121, 122, 123, 124]",609904.0,609904,306,610210.0,306,610210.0,False,610210.0
38251,execution_finished,32,"[64, 65, 66, 67, 68, 69, 96, 97, 98, 99, 100, 101, 102, 103, 104, 105, 106, 107, 108, 109, 110, 111, 112, 113, 114, 115, 116, 117, 118, 119, 120, 127]",610035.0,602264,220,610255.0,220,610255.0,False,610255.0
38219,execution_finished,64,"[78, 79, 80, 81, 82, 83, 84, 85, 0, 1, 2, 3, 4, 5, 6, 7, 8, 9, 10, 11, 12, 13, 14, 15, 16, 17, 18, 19, 20, 21, 22, 23, 24, 25, 26, 27, 28, 29, 30, 31, 32, 33, 34, 35, 36, 37, 38, 39, 40, 41, 42, 43, 44, 45, 46, 47, 48, 49, 50, 51, 52, 53, 54, 55]",607499.0,599459,2791,610290.0,2791,610290.0,False,610290.0
38260,execution_finished,32,"[20, 21, 22, 23, 24, 25, 26, 27, 28, 29, 30, 31, 32, 33, 34, 35, 36, 37, 38, 39, 40, 41, 42, 43, 44, 45, 46, 47, 48, 49, 50, 51]",610290.0,603143,11,610301.0,11,610301.0,False,610301.0
38263,execution_finished,32,"[52, 53, 54, 55, 78, 79, 80, 81, 82, 83, 84, 85, 20, 21, 22, 23, 24, 25, 26, 27, 28, 29, 30, 31, 32, 33, 34, 35, 36, 37, 38, 39]",610301.0,603298,15,610316.0,15,610316.0,False,610316.0
38254,execution_finished,32,"[110, 111, 112, 113, 114, 115, 116, 117, 118, 119, 120, 127, 0, 1, 2, 3, 4, 5, 6, 7, 8, 9, 10, 11, 12, 13, 14, 15, 16, 17, 18, 19]",610290.0,602549,32,610322.0,32,610322.0,False,610322.0
38277,execution_finished,32,"[52, 53, 54, 55, 78, 79, 80, 81, 82, 83, 84, 85, 0, 1, 2, 3, 4, 5, 6, 7, 8, 9, 10, 11, 12, 13, 14, 15, 16, 17, 18, 19]",610322.0,604180,172,610494.0,172,610494.0,False,610494.0
38326,execution_finished,4,"[74, 75, 76, 77]",612024.0,609215,297,612321.0,297,612321.0,False,612321.0
38252,execution_finished,32,"[86, 87, 88, 89, 90, 91, 125, 126, 121, 122, 123, 124, 64, 65, 66, 67, 68, 69, 96, 97, 98, 99, 100, 101, 102, 103, 104, 105, 106, 107, 108, 109]",610255.0,602397,2241,612496.0,2241,612496.0,False,612496.0
38292,execution_finished,32,"[64, 65, 66, 67, 68, 69, 86, 87, 88, 89, 90, 91, 96, 97, 98, 99, 100, 101, 102, 103, 104, 105, 106, 107, 108, 109, 121, 122, 123, 124, 125, 126]",612496.0,605783,189,612685.0,189,612685.0,False,612685.0
38313,execution_finished,32,"[64, 65, 66, 67, 68, 69, 86, 87, 88, 89, 90, 91, 96, 97, 98, 99, 100, 101, 102, 103, 104, 105, 106, 107, 108, 109, 121, 122, 123, 124, 125, 126]",612685.0,607807,145,612830.0,145,612830.0,False,612830.0
38314,execution_finished,32,"[64, 65, 66, 67, 68, 69, 86, 87, 88, 89, 90, 91, 96, 97, 98, 99, 100, 101, 102, 103, 104, 105, 106, 107, 108, 109, 121, 122, 123, 124, 125, 126]",612830.0,608011,136,612966.0,136,612966.0,False,612966.0
38316,execution_finished,32,"[64, 65, 66, 67, 68, 69, 86, 87, 88, 89, 90, 91, 96, 97, 98, 99, 100, 101, 102, 103, 104, 105, 106, 107, 108, 109, 121, 122, 123, 124, 125, 126]",612966.0,608285,139,613105.0,139,613105.0,False,613105.0
38317,execution_finished,32,"[64, 65, 66, 67, 68, 69, 86, 87, 88, 89, 90, 91, 96, 97, 98, 99, 100, 101, 102, 103, 104, 105, 106, 107, 108, 109, 121, 122, 123, 124, 125, 126]",613105.0,608440,142,613247.0,142,613247.0,False,613247.0
38336,execution_finished,4,"[56, 57, 58, 59]",612986.0,610286,270,613256.0,270,613256.0,False,613256.0
38359,execution_finished,4,"[56, 57, 58, 59]",613256.0,612151,45,613301.0,45,613301.0,False,613301.0
38323,execution_finished,32,"[64, 65, 66, 67, 68, 69, 86, 87, 88, 89, 90, 91, 96, 97, 98, 99, 100, 101, 102, 103, 104, 105, 106, 107, 108, 109, 121, 122, 123, 124, 125, 126]",613247.0,608844,135,613382.0,135,613382.0,False,613382.0
38324,execution_finished,32,"[64, 65, 66, 67, 68, 69, 86, 87, 88, 89, 90, 91, 96, 97, 98, 99, 100, 101, 102, 103, 104, 105, 106, 107, 108, 109, 121, 122, 123, 124, 125, 126]",613382.0,608999,133,613515.0,133,613515.0,False,613515.0
38285,execution_finished,32,"[110, 111, 112, 113, 114, 115, 116, 117, 118, 119, 120, 127, 0, 1, 2, 3, 4, 5, 6, 7, 8, 9, 10, 11, 12, 13, 14, 15, 16, 17, 18, 19]",610494.0,605244,3025,613519.0,3025,613519.0,False,613519.0
38340,execution_finished,32,"[0, 1, 2, 3, 4, 5, 6, 7, 8, 9, 10, 11, 12, 13, 14, 15, 16, 17, 18, 19, 110, 111, 112, 113, 114, 115, 116, 117, 118, 119, 120, 127]",613519.0,610910,39,613558.0,39,613558.0,False,613558.0
38338,execution_finished,2,"[60, 61]",613467.0,610767,97,613564.0,97,613564.0,False,613564.0
38348,execution_finished,2,"[76, 77]",612321.0,611322,1641,613962.0,1641,613962.0,False,613962.0
38371,execution_finished,4,"[56, 57, 58, 59]",613301.0,613277,1658,614959.0,1658,614959.0,False,614959.0
38346,execution_finished,4,"[94, 95, 74, 75]",615021.0,611118,43,615064.0,43,615064.0,False,615064.0
38343,execution_finished,4,"[72, 73, 92, 93]",615021.0,610982,60,615081.0,60,615081.0,False,615081.0
38339,execution_finished,4,"[62, 63, 70, 71]",615021.0,610888,98,615119.0,98,615119.0,False,615119.0
38345,execution_finished,8,"[72, 73, 92, 93, 62, 63, 70, 71]",615119.0,611000,72,615191.0,72,615191.0,False,615191.0
38372,execution_finished,2,"[60, 61]",613564.0,613298,1640,615204.0,1640,615204.0,False,615204.0
38349,execution_finished,8,"[62, 63, 70, 71, 72, 73, 92, 93]",615191.0,611383,90,615281.0,90,615281.0,False,615281.0
38351,execution_finished,8,"[60, 61, 62, 63, 70, 71, 72, 73]",615281.0,611496,70,615351.0,70,615351.0,False,615351.0
38364,execution_finished,8,"[92, 93, 60, 61, 62, 63, 70, 71]",615351.0,612839,577,615928.0,577,615928.0,False,615928.0
38352,execution_finished,4,"[78, 79, 80, 81]",615956.0,611711,18,615974.0,18,615974.0,False,615974.0
38385,execution_finished,8,"[60, 61, 62, 63, 70, 71, 92, 93]",615928.0,614657,53,615981.0,53,615981.0,False,615981.0
38355,execution_finished,4,"[82, 83, 84, 85]",615956.0,611839,48,616004.0,48,616004.0,False,616004.0
38388,execution_finished,4,"[78, 79, 80, 81]",615974.0,615050,58,616032.0,58,616032.0,False,616032.0
38327,execution_finished,32,"[64, 65, 66, 67, 68, 69, 86, 87, 88, 89, 90, 91, 96, 97, 98, 99, 100, 101, 102, 103, 104, 105, 106, 107, 108, 109, 121, 122, 123, 124, 125, 126]",613515.0,609332,3015,616530.0,3015,616530.0,False,616530.0
38360,execution_finished,32,"[64, 65, 66, 67, 68, 69, 86, 87, 88, 89, 90, 91, 96, 97, 98, 99, 100, 101, 102, 103, 104, 105, 106, 107, 108, 109, 121, 122, 123, 124, 125, 126]",616530.0,612355,242,616772.0,242,616772.0,False,616772.0
38362,execution_finished,32,"[64, 65, 66, 67, 68, 69, 86, 87, 88, 89, 90, 91, 96, 97, 98, 99, 100, 101, 102, 103, 104, 105, 106, 107, 108, 109, 121, 122, 123, 124, 125, 126]",616772.0,612599,169,616941.0,169,616941.0,False,616941.0
38387,execution_finished,8,"[60, 61, 62, 63, 70, 71, 92, 93]",615981.0,614858,1143,617124.0,1143,617124.0,False,617124.0
38363,execution_finished,32,"[64, 65, 66, 67, 68, 69, 86, 87, 88, 89, 90, 91, 96, 97, 98, 99, 100, 101, 102, 103, 104, 105, 106, 107, 108, 109, 121, 122, 123, 124, 125, 126]",616941.0,612769,238,617179.0,238,617179.0,False,617179.0
38365,execution_finished,32,"[71, 92, 93, 64, 65, 66, 67, 68, 69, 86, 87, 88, 89, 90, 91, 96, 97, 98, 99, 100, 101, 102, 103, 104, 105, 106, 107, 108, 109, 121, 122, 123]",617179.0,613012,201,617380.0,201,617380.0,False,617380.0
38367,execution_finished,32,"[124, 125, 126, 64, 65, 66, 67, 68, 69, 71, 86, 87, 88, 89, 90, 91, 92, 93, 96, 97, 98, 99, 100, 101, 102, 103, 104, 105, 106, 107, 108, 109]",617380.0,613128,36,617416.0,36,617416.0,False,617416.0
38368,execution_finished,32,"[121, 122, 123, 64, 65, 66, 67, 68, 69, 71, 86, 87, 88, 89, 90, 91, 92, 93, 96, 97, 98, 99, 100, 101, 102, 103, 104, 105, 106, 107, 108, 109]",617416.0,613189,1,617417.0,1,617417.0,False,617417.0
38347,execution_finished,4,"[52, 53, 54, 55]",615956.0,611295,1665,617621.0,1665,617621.0,False,617621.0
38369,execution_finished,32,"[124, 125, 126, 64, 65, 66, 67, 68, 69, 71, 86, 87, 88, 89, 90, 91, 92, 93, 96, 97, 98, 99, 100, 101, 102, 103, 104, 105, 106, 107, 108, 109]",617417.0,613216,293,617710.0,293,617710.0,False,617710.0
38370,execution_finished,32,"[121, 122, 123, 52, 53, 54, 55, 64, 65, 66, 67, 68, 69, 71, 86, 87, 88, 89, 90, 91, 92, 93, 96, 97, 98, 99, 100, 101, 102, 103, 104, 105]",617710.0,613245,37,617747.0,37,617747.0,False,617747.0
38374,execution_finished,32,"[106, 107, 108, 109, 124, 125, 126, 52, 53, 54, 55, 64, 65, 66, 67, 68, 69, 71, 86, 87, 88, 89, 90, 91, 92, 93, 96, 97, 98, 99, 100, 101]",617747.0,613510,208,617955.0,208,617955.0,False,617955.0
38378,execution_finished,32,"[102, 103, 104, 105, 121, 122, 123, 52, 53, 54, 55, 64, 65, 66, 67, 68, 69, 71, 86, 87, 88, 89, 90, 91, 92, 93, 96, 97, 98, 99, 100, 101]",617955.0,613722,170,618125.0,170,618125.0,False,618125.0
38380,execution_finished,32,"[106, 107, 108, 109, 124, 125, 126, 52, 53, 54, 55, 64, 65, 66, 67, 68, 69, 71, 86, 87, 88, 89, 90, 91, 92, 93, 96, 97, 98, 99, 100, 101]",618125.0,613894,152,618277.0,152,618277.0,False,618277.0
38398,execution_finished,2,"[63, 70]",617124.0,616649,1266,618390.0,1266,618390.0,False,618390.0
38381,execution_finished,32,"[102, 103, 104, 105, 121, 122, 123, 52, 53, 54, 55, 64, 65, 66, 67, 68, 69, 71, 86, 87, 88, 89, 90, 91, 92, 93, 96, 97, 98, 99, 100, 101]",618277.0,614047,184,618461.0,184,618461.0,False,618461.0
38382,execution_finished,32,"[126, 63, 70, 52, 53, 54, 55, 64, 65, 66, 67, 68, 69, 71, 86, 87, 88, 89, 90, 91, 92, 93, 96, 97, 98, 99, 100, 101, 102, 103, 104, 105]",618461.0,614233,181,618642.0,181,618642.0,False,618642.0
38384,execution_finished,32,"[121, 122, 123, 52, 53, 54, 55, 63, 64, 65, 66, 67, 68, 69, 70, 71, 86, 87, 88, 89, 90, 91, 92, 93, 96, 97, 98, 99, 100, 101, 102, 103]",618642.0,614417,55,618697.0,55,618697.0,False,618697.0
38267,execution_finished,32,"[40, 41, 42, 43, 44, 45, 46, 47, 48, 49, 50, 51, 20, 21, 22, 23, 24, 25, 26, 27, 28, 29, 30, 31, 32, 33, 34, 35, 36, 37, 38, 39]",610316.0,603467,8881,619197.0,8881,619197.0,False,619197.0
38407,execution_finished,8,"[20, 21, 22, 23, 24, 25, 26, 27]",619197.0,617909,6,619203.0,6,619203.0,False,619203.0
38418,execution_finished,1,[36],619197.0,619106,24,619221.0,24,619221.0,False,619221.0
38420,execution_finished,1,[20],619221.0,619136,13,619234.0,13,619234.0,False,619234.0
38415,execution_finished,4,"[32, 33, 34, 35]",619197.0,618854,56,619253.0,56,619253.0,False,619253.0
38408,execution_finished,4,"[28, 29, 30, 31]",619197.0,618525,73,619270.0,73,619270.0,False,619270.0
38419,execution_finished,4,"[25, 26, 27, 20]",619270.0,619128,74,619344.0,74,619344.0,False,619344.0
38342,execution_finished,32,"[0, 1, 2, 3, 4, 5, 6, 7, 8, 9, 10, 11, 12, 13, 14, 15, 16, 17, 18, 19, 110, 111, 112, 113, 114, 115, 116, 117, 118, 119, 120, 127]",613558.0,610964,5817,619375.0,5817,619375.0,False,619375.0
38416,execution_finished,4,"[21, 22, 23, 24]",619253.0,618862,123,619376.0,123,619376.0,False,619376.0
38410,execution_finished,8,"[4, 5, 6, 7, 8, 9, 10, 11]",619375.0,618546,112,619487.0,112,619487.0,False,619487.0
38394,execution_finished,1,[76],619824.0,616343,87,619911.0,87,619911.0,False,619911.0
38395,execution_finished,32,"[104, 105, 126, 52, 53, 54, 55, 63, 64, 65, 66, 67, 68, 69, 70, 71, 86, 87, 88, 89, 90, 91, 92, 93, 96, 97, 98, 99, 100, 101, 102, 103]",618697.0,616525,1390,620087.0,1390,620087.0,False,620087.0
38425,execution_finished,1,[102],620087.0,619688,34,620121.0,34,620121.0,False,620121.0
38424,execution_finished,4,"[98, 99, 100, 101]",620087.0,619644,68,620155.0,68,620155.0,False,620155.0
38412,execution_finished,8,"[76, 52, 53, 54, 55, 63, 64, 65]",620087.0,618798,133,620220.0,133,620220.0,False,620220.0
38409,execution_finished,32,"[37, 38, 39, 40, 41, 42, 43, 44, 45, 46, 47, 48, 49, 50, 51, 36, 32, 33, 34, 35, 28, 29, 30, 31, 20, 25, 26, 27, 0, 1, 2, 3]",619375.0,618538,902,620277.0,902,620277.0,False,620277.0
38421,execution_finished,32,"[100, 101, 52, 53, 54, 55, 63, 64, 65, 76, 0, 1, 2, 3, 20, 25, 26, 27, 28, 29, 30, 31, 32, 33, 34, 35, 36, 37, 38, 39, 40, 41]",620277.0,619203,235,620512.0,235,620512.0,False,620512.0
38436,execution_finished,4,"[52, 53, 54, 55]",620512.0,620362,44,620556.0,44,620556.0,False,620556.0
38426,execution_finished,32,"[42, 43, 44, 45, 46, 47, 48, 49, 50, 51, 0, 1, 2, 3, 20, 25, 26, 27, 28, 29, 30, 31, 32, 33, 34, 35, 36, 37, 38, 39, 40, 41]",620512.0,619735,311,620823.0,311,620823.0,False,620823.0
38344,execution_finished,8,"[56, 57, 58, 59, 74, 75, 94, 95]",615064.0,610994,5794,620858.0,5794,620858.0,False,620858.0
38428,execution_finished,1,[103],620087.0,619800,862,620949.0,862,620949.0,False,620949.0
38417,execution_finished,8,"[88, 89, 90, 91, 92, 93, 96, 97]",620087.0,618963,1033,621120.0,1033,621120.0,False,621120.0
38397,execution_finished,4,"[77, 60, 61, 62]",619824.0,616611,1304,621128.0,1304,621128.0,False,621128.0
38405,execution_finished,8,"[84, 85, 106, 107, 108, 109, 124, 125]",621090.0,617615,46,621136.0,46,621136.0,False,621136.0
38404,execution_finished,8,"[72, 73, 78, 79, 80, 81, 82, 83]",621090.0,617368,47,621137.0,47,621137.0,False,621137.0
38437,execution_finished,8,"[63, 64, 65, 76, 100, 101, 52, 53]",620556.0,620521,806,621362.0,806,621362.0,False,621362.0
38441,execution_finished,32,"[56, 57, 58, 59, 74, 75, 94, 95, 103, 88, 89, 90, 91, 92, 93, 96, 97, 60, 61, 62, 77, 84, 85, 106, 107, 108, 109, 124, 125, 72, 73, 78]",621137.0,620792,910,622047.0,910,622047.0,False,622047.0
38447,execution_finished,8,"[56, 57, 58, 59, 60, 61, 62, 72]",622047.0,621744,321,622368.0,321,622368.0,False,622368.0
38449,execution_finished,1,[73],622068.0,622068,556,622624.0,556,622624.0,False,622624.0
38439,execution_finished,32,"[54, 55, 0, 1, 2, 3, 20, 25, 26, 27, 28, 29, 30, 31, 32, 33, 34, 35, 36, 37, 38, 39, 40, 41, 42, 43, 44, 45, 46, 47, 48, 49]",620823.0,620642,2281,623104.0,2281,623104.0,False,623104.0
38452,execution_finished,32,"[0, 1, 2, 3, 20, 25, 26, 27, 28, 29, 30, 31, 32, 33, 34, 35, 36, 37, 38, 39, 40, 41, 42, 43, 44, 45, 46, 47, 48, 49, 54, 55]",623104.0,622544,245,623349.0,245,623349.0,False,623349.0
38456,execution_finished,4,"[0, 1, 2, 3]",623349.0,622849,47,623396.0,47,623396.0,False,623396.0
38458,execution_finished,32,"[20, 25, 26, 27, 28, 29, 30, 31, 32, 33, 34, 35, 36, 37, 38, 39, 40, 41, 42, 43, 44, 45, 46, 47, 48, 49, 54, 55, 0, 1, 2, 3]",623396.0,622932,183,623579.0,183,623579.0,False,623579.0
38440,execution_finished,4,"[121, 122, 123, 50]",623523.0,620713,90,623613.0,90,623613.0,False,623613.0
38463,execution_finished,4,"[40, 41, 42, 43]",623579.0,623170,55,623634.0,55,623634.0,False,623634.0
38464,execution_finished,8,"[44, 45, 46, 47, 48, 49, 54, 55]",623579.0,623264,65,623644.0,65,623644.0,False,623644.0
38460,execution_finished,16,"[0, 1, 2, 3, 20, 25, 26, 27, 28, 29, 30, 31, 32, 33, 34, 35]",623579.0,622994,85,623664.0,85,623664.0,False,623664.0
38461,execution_finished,4,"[36, 37, 38, 39]",623579.0,623002,113,623692.0,113,623692.0,False,623692.0
38465,execution_finished,32,"[50, 121, 122, 123, 40, 41, 42, 43, 44, 45, 46, 47, 48, 49, 54, 55, 0, 1, 2, 3, 20, 25, 26, 27, 28, 29, 30, 31, 32, 33, 34, 35]",623664.0,623273,116,623780.0,116,623780.0,False,623780.0
38434,execution_finished,2,"[104, 105]",620087.0,620027,5826,625913.0,5826,625913.0,False,625913.0
38432,execution_finished,4,"[126, 102, 98, 99]",620155.0,620003,5850,626005.0,5850,626005.0,False,626005.0
38453,execution_finished,4,"[51, 79, 80, 81]",625937.0,622641,146,626083.0,146,626083.0,False,626083.0
38466,execution_finished,1,[82],626091.0,623391,19,626110.0,19,626110.0,False,626110.0
38411,execution_finished,32,"[12, 13, 14, 15, 16, 17, 18, 19, 110, 111, 112, 113, 114, 115, 116, 117, 118, 119, 120, 127, 21, 22, 23, 24, 4, 5, 6, 7, 8, 9, 10, 11]",619487.0,618766,6874,626361.0,6874,626361.0,False,626361.0
38467,execution_finished,8,"[52, 53, 63, 64, 65, 76, 83, 100]",626364.0,623450,65,626429.0,65,626429.0,False,626429.0
38479,execution_finished,32,"[51, 79, 80, 81, 82, 4, 5, 6, 7, 8, 9, 10, 11, 12, 13, 14, 15, 16, 17, 18, 19, 21, 22, 23, 24, 110, 111, 112, 113, 114, 115, 116]",626361.0,625147,69,626430.0,69,626430.0,False,626430.0
38480,execution_finished,32,"[120, 127, 52, 53, 63, 64, 65, 76, 83, 100, 4, 5, 6, 7, 8, 9, 10, 11, 12, 13, 14, 15, 16, 17, 18, 19, 21, 22, 23, 24, 51, 79]",626430.0,625242,66,626496.0,66,626496.0,False,626496.0
38482,execution_finished,32,"[80, 81, 82, 110, 111, 112, 113, 114, 115, 116, 4, 5, 6, 7, 8, 9, 10, 11, 12, 13, 14, 15, 16, 17, 18, 19, 21, 22, 23, 24, 51, 52]",626496.0,625481,65,626561.0,65,626561.0,False,626561.0
38496,execution_finished,4,"[53, 63, 64, 65]",626521.0,626521,108,626629.0,108,626629.0,False,626629.0
38483,execution_finished,32,"[76, 79, 83, 100, 120, 127, 4, 5, 6, 7, 8, 9, 10, 11, 12, 13, 14, 15, 16, 17, 18, 19, 21, 22, 23, 24, 51, 52, 80, 81, 82, 110]",626561.0,625594,189,626750.0,189,626750.0,False,626750.0
38491,execution_finished,32,"[111, 112, 113, 114, 115, 116, 53, 63, 64, 65, 4, 5, 6, 7, 8, 9, 10, 11, 12, 13, 14, 15, 16, 17, 18, 19, 21, 22, 23, 24, 51, 52]",626750.0,626329,92,626842.0,92,626842.0,False,626842.0
38413,execution_finished,8,"[66, 67, 68, 69, 70, 71, 86, 87]",620087.0,618799,6842,626929.0,6842,626929.0,False,626929.0
38495,execution_finished,32,"[76, 79, 80, 81, 82, 83, 100, 110, 120, 127, 4, 5, 6, 7, 8, 9, 10, 11, 12, 13, 14, 15, 16, 17, 18, 19, 21, 22, 23, 24, 51, 52]",626842.0,626449,180,627022.0,180,627022.0,False,627022.0
38471,execution_finished,8,"[90, 91, 92, 93, 94, 95, 96, 97]",626968.0,624268,63,627031.0,63,627031.0,False,627031.0
38501,execution_finished,1,[76],627214.0,627214,26,627240.0,26,627240.0,False,627240.0
38472,execution_finished,8,"[56, 57, 58, 59, 60, 61, 62, 72]",627168.0,624347,84,627252.0,84,627252.0,False,627252.0
38499,execution_finished,32,"[53, 63, 64, 65, 111, 112, 113, 114, 115, 116, 66, 67, 68, 69, 70, 71, 86, 87, 4, 5, 6, 7, 8, 9, 10, 11, 12, 13, 14, 15, 16, 17]",627123.0,627123,318,627441.0,318,627441.0,False,627441.0
38500,execution_finished,8,"[18, 19, 21, 22, 23, 24, 51, 52]",627149.0,627149,295,627444.0,295,627444.0,False,627444.0
38503,execution_finished,1,[71],627561.0,627561,40,627601.0,40,627601.0,False,627601.0
38504,execution_finished,8,"[86, 87, 111, 112, 113, 114, 115, 116]",627562.0,627562,64,627626.0,64,627626.0,False,627626.0
38502,execution_finished,32,"[76, 56, 57, 58, 59, 60, 61, 62, 72, 4, 5, 6, 7, 8, 9, 10, 11, 12, 13, 14, 15, 16, 17, 53, 63, 64, 65, 66, 67, 68, 69, 70]",627512.0,627512,115,627627.0,115,627627.0,False,627627.0
38486,execution_finished,1,[55],628670.0,625970,17,628687.0,17,628687.0,False,628687.0
38484,execution_finished,4,"[73, 103, 106, 107]",628705.0,625661,125,628830.0,125,628830.0,False,628830.0
38493,execution_finished,4,"[125, 117, 118, 119]",629125.0,626425,17,629142.0,17,629142.0,False,629142.0
38519,execution_finished,2,"[55, 73]",628917.0,628917,1627,630544.0,1627,630544.0,False,630544.0
38523,execution_finished,1,[73],630544.0,629628,30,630574.0,30,630574.0,False,630574.0
38489,execution_finished,4,"[108, 109, 121, 122]",628992.0,626292,1624,630616.0,1624,630616.0,False,630616.0
38490,execution_finished,2,"[123, 124]",629013.0,626313,1606,630619.0,1606,630619.0,False,630619.0
38532,execution_finished,1,[123],630814.0,630814,48,630862.0,48,630862.0,False,630862.0
38533,execution_finished,1,[124],630888.0,630888,18,630906.0,18,630906.0,False,630906.0
38510,execution_finished,1,[98],630890.0,628190,16,630906.0,16,630906.0,False,630906.0
38450,execution_finished,8,"[74, 75, 77, 78, 84, 85, 88, 89]",622113.0,622113,9128,631241.0,9128,631241.0,False,631241.0
38514,execution_finished,1,[99],631396.0,628696,39,631435.0,39,631435.0,False,631435.0
38474,execution_finished,32,"[0, 1, 2, 3, 20, 25, 26, 27, 28, 29, 30, 31, 32, 33, 34, 35, 36, 37, 38, 39, 40, 41, 42, 43, 44, 45, 46, 47, 48, 49, 50, 54]",628580.0,624498,3050,631630.0,3050,631630.0,False,631630.0
38517,execution_finished,32,"[99, 0, 1, 2, 3, 20, 25, 26, 27, 28, 29, 30, 31, 32, 33, 34, 35, 36, 37, 38, 39, 40, 41, 42, 43, 44, 45, 46, 47, 48, 49, 50]",631630.0,628847,285,631915.0,285,631915.0,False,631915.0
38520,execution_finished,32,"[54, 0, 1, 2, 3, 20, 25, 26, 27, 28, 29, 30, 31, 32, 33, 34, 35, 36, 37, 38, 39, 40, 41, 42, 43, 44, 45, 46, 47, 48, 49, 50]",631915.0,629143,175,632090.0,175,632090.0,False,632090.0
38522,execution_finished,32,"[99, 0, 1, 2, 3, 20, 25, 26, 27, 28, 29, 30, 31, 32, 33, 34, 35, 36, 37, 38, 39, 40, 41, 42, 43, 44, 45, 46, 47, 48, 49, 50]",632090.0,629537,114,632204.0,114,632204.0,False,632204.0
38513,execution_finished,32,"[4, 5, 6, 7, 8, 9, 10, 11, 12, 13, 14, 15, 16, 17, 53, 56, 57, 58, 59, 60, 61, 62, 63, 64, 65, 66, 67, 68, 69, 70, 72, 76]",632427.0,628692,112,632539.0,112,632539.0,False,632539.0
38525,execution_finished,32,"[54, 0, 1, 2, 3, 20, 25, 26, 27, 28, 29, 30, 31, 32, 33, 34, 35, 36, 37, 38, 39, 40, 41, 42, 43, 44, 45, 46, 47, 48, 49, 50]",632204.0,629741,359,632563.0,359,632563.0,False,632563.0
38512,execution_finished,32,"[18, 19, 21, 22, 23, 24, 51, 52, 71, 79, 80, 81, 82, 83, 86, 87, 90, 91, 92, 93, 94, 95, 96, 97, 100, 110, 111, 112, 113, 114, 115, 116]",632426.0,628531,156,632582.0,156,632582.0,False,632582.0
38537,execution_finished,8,"[18, 19, 21, 22, 23, 24, 51, 52]",632582.0,631012,72,632654.0,72,632654.0,False,632654.0
38546,execution_finished,1,[71],632657.0,632657,16,632673.0,16,632673.0,False,632673.0
38536,execution_finished,32,"[0, 1, 2, 3, 20, 25, 26, 27, 28, 29, 30, 31, 32, 33, 34, 35, 36, 37, 38, 39, 40, 41, 42, 43, 44, 45, 46, 47, 48, 49, 50, 54]",632563.0,630955,129,632692.0,129,632692.0,False,632692.0
38547,execution_finished,2,"[79, 80]",632751.0,632751,115,632866.0,115,632866.0,False,632866.0
38548,execution_finished,2,"[81, 82]",632760.0,632760,109,632869.0,109,632869.0,False,632869.0
38549,execution_finished,2,"[83, 86]",632769.0,632769,101,632870.0,101,632870.0,False,632870.0
38550,execution_finished,2,"[87, 90]",632782.0,632782,90,632872.0,90,632872.0,False,632872.0
38551,execution_finished,2,"[91, 92]",632793.0,632793,80,632873.0,80,632873.0,False,632873.0
38518,execution_finished,4,"[102, 104, 105, 126]",631593.0,628893,1646,633239.0,1646,633239.0,False,633239.0
38515,execution_finished,8,"[120, 127, 55, 73, 108, 109, 121, 122]",633316.0,628747,57,633373.0,57,633373.0,False,633373.0
38530,execution_finished,32,"[4, 5, 6, 7, 8, 9, 10, 11, 12, 13, 14, 15, 16, 17, 53, 56, 57, 58, 59, 60, 61, 62, 63, 64, 65, 66, 67, 68, 69, 70, 72, 76]",632539.0,630138,2735,635274.0,2735,635274.0,False,635274.0
38535,execution_finished,2,"[103, 106]",633631.0,630931,1693,635324.0,1693,635324.0,False,635324.0
38469,execution_finished,1,[101],626364.0,623641,9232,635596.0,9232,635596.0,False,635596.0
38534,execution_finished,4,"[107, 74, 75, 77]",633941.0,630910,1712,635653.0,1712,635653.0,False,635653.0
38553,execution_finished,64,"[64, 65, 66, 67, 68, 69, 70, 71, 72, 73, 74, 75, 76, 77, 78, 79, 80, 81, 82, 83, 84, 85, 86, 87, 88, 89, 90, 91, 92, 93, 94, 95, 96, 97, 98, 99, 100, 101, 102, 103, 104, 105, 106, 107, 108, 109, 110, 111, 112, 113, 114, 115, 116, 117, 118, 119, 120, 121, 122, 123, 124, 125, 126, 127]",642869.0,640169,167,643036.0,167,643036.0,False,643036.0
38561,execution_finished,2,"[78, 79]",643036.0,640464,105,643141.0,105,643141.0,False,643141.0
38560,execution_finished,2,"[76, 77]",643036.0,640456,111,643147.0,111,643147.0,False,643147.0
38558,execution_finished,2,"[72, 73]",643036.0,640440,124,643160.0,124,643160.0,False,643160.0
38557,execution_finished,2,"[70, 71]",643036.0,640429,134,643170.0,134,643170.0,False,643170.0
38556,execution_finished,2,"[68, 69]",643036.0,640421,140,643176.0,140,643176.0,False,643176.0
38555,execution_finished,2,"[66, 67]",643036.0,640412,148,643184.0,148,643184.0,False,643184.0
38554,execution_finished,2,"[64, 65]",643036.0,640404,154,643190.0,154,643190.0,False,643190.0
38559,execution_finished,2,"[74, 75]",643036.0,640448,203,643239.0,203,643239.0,False,643239.0
38562,execution_finished,32,"[80, 81, 82, 83, 84, 85, 86, 87, 88, 89, 90, 91, 92, 93, 94, 95, 96, 97, 98, 99, 100, 101, 102, 103, 104, 105, 106, 107, 108, 109, 110, 111]",643036.0,640694,216,643252.0,216,643252.0,False,643252.0
38552,execution_finished,64,"[0, 1, 2, 3, 4, 5, 6, 7, 8, 9, 10, 11, 12, 13, 14, 15, 16, 17, 18, 19, 20, 21, 22, 23, 24, 25, 26, 27, 28, 29, 30, 31, 32, 33, 34, 35, 36, 37, 38, 39, 40, 41, 42, 43, 44, 45, 46, 47, 48, 49, 50, 51, 52, 53, 54, 55, 56, 57, 58, 59, 60, 61, 62, 63]",642842.0,640142,3624,646466.0,3624,646466.0,False,646466.0
38566,execution_finished,32,"[0, 1, 2, 3, 4, 5, 6, 7, 8, 9, 10, 11, 12, 13, 14, 15, 16, 17, 18, 19, 20, 21, 22, 23, 24, 25, 26, 27, 28, 29, 30, 31]",646466.0,644214,530,646996.0,530,646996.0,False,646996.0
38576,execution_finished,1,[0],646996.0,646100,12,647008.0,12,647008.0,False,647008.0
38577,execution_finished,1,[1],646996.0,646163,12,647008.0,12,647008.0,False,647008.0
38569,execution_finished,32,"[32, 33, 34, 35, 36, 37, 38, 39, 40, 41, 42, 43, 44, 45, 46, 47, 48, 49, 50, 51, 52, 53, 54, 55, 56, 57, 58, 59, 60, 61, 62, 63]",646466.0,644820,1278,647744.0,1278,647744.0,False,647744.0
38564,execution_finished,64,"[64, 65, 66, 67, 68, 69, 70, 71, 72, 73, 74, 75, 76, 77, 78, 79, 80, 81, 82, 83, 84, 85, 86, 87, 88, 89, 90, 91, 92, 93, 94, 95, 96, 97, 98, 99, 100, 101, 102, 103, 104, 105, 106, 107, 108, 109, 110, 111, 112, 113, 114, 115, 116, 117, 118, 119, 120, 121, 122, 123, 124, 125, 126, 127]",648052.0,643694,10214,658266.0,10214,658266.0,False,658266.0
38652,execution_finished,128,"[0, 1, 2, 3, 4, 5, 6, 7, 8, 9, 10, 11, 12, 13, 14, 15, 16, 17, 18, 19, 20, 21, 22, 23, 24, 25, 26, 27, 28, 29, 30, 31, 32, 33, 34, 35, 36, 37, 38, 39, 40, 41, 42, 43, 44, 45, 46, 47, 48, 49, 50, 51, 52, 53, 54, 55, 56, 57, 58, 59, 60, 61, 62, 63, 64, 65, 66, 67, 68, 69, 70, 71, 72, 73, 74, 75, 76, 77, 78, 79, 80, 81, 82, 83, 84, 85, 86, 87, 88, 89, 90, 91, 92, 93, 94, 95, 96, 97, 98, 99, 100, 101, 102, 103, 104, 105, 106, 107, 108, 109, 110, 111, 112, 113, 114, 115, 116, 117, 118, 119, 120, 121, 122, 123, 124, 125, 126, 127]",660966.0,653912,98,661064.0,98,661064.0,False,661064.0
38654,execution_finished,1,[0],669183.0,666483,3,669186.0,3,669186.0,False,669186.0
38761,execution_finished,1,[0],680829.0,678129,16,680845.0,16,680845.0,False,680845.0
38807,execution_finished,1,[0],686322.0,683622,23,686345.0,23,686345.0,False,686345.0
38762,execution_finished,64,"[1, 2, 3, 4, 5, 6, 7, 8, 9, 10, 11, 12, 13, 14, 15, 16, 17, 18, 19, 20, 21, 22, 23, 24, 25, 26, 27, 28, 29, 30, 31, 32, 33, 34, 35, 36, 37, 38, 39, 40, 41, 42, 43, 44, 45, 46, 47, 48, 49, 50, 51, 52, 53, 54, 55, 56, 57, 58, 59, 60, 61, 62, 63, 64]",681061.0,678361,10128,691189.0,10128,691189.0,False,691189.0
38845,execution_finished,1,[64],691189.0,690268,16,691205.0,16,691205.0,False,691205.0
38835,execution_finished,1,[0],691192.0,688492,16,691208.0,16,691208.0,False,691208.0
38844,execution_finished,128,"[65, 66, 67, 68, 69, 70, 71, 72, 73, 74, 75, 76, 77, 78, 79, 80, 81, 82, 83, 84, 85, 86, 87, 88, 89, 90, 91, 92, 93, 94, 95, 96, 97, 98, 99, 100, 101, 102, 103, 104, 105, 106, 107, 108, 109, 110, 111, 112, 113, 114, 115, 116, 117, 118, 119, 120, 121, 122, 123, 124, 125, 126, 127, 1, 2, 3, 4, 5, 6, 7, 8, 9, 10, 11, 12, 13, 14, 15, 16, 17, 18, 19, 20, 21, 22, 23, 24, 25, 26, 27, 28, 29, 30, 31, 32, 33, 34, 35, 36, 37, 38, 39, 40, 41, 42, 43, 44, 45, 46, 47, 48, 49, 50, 51, 52, 53, 54, 55, 56, 57, 58, 59, 60, 61, 62, 63, 64, 0]",693908.0,690104,95,694003.0,95,694003.0,False,694003.0
38846,execution_finished,128,"[0, 1, 2, 3, 4, 5, 6, 7, 8, 9, 10, 11, 12, 13, 14, 15, 16, 17, 18, 19, 20, 21, 22, 23, 24, 25, 26, 27, 28, 29, 30, 31, 32, 33, 34, 35, 36, 37, 38, 39, 40, 41, 42, 43, 44, 45, 46, 47, 48, 49, 50, 51, 52, 53, 54, 55, 56, 57, 58, 59, 60, 61, 62, 63, 64, 65, 66, 67, 68, 69, 70, 71, 72, 73, 74, 75, 76, 77, 78, 79, 80, 81, 82, 83, 84, 85, 86, 87, 88, 89, 90, 91, 92, 93, 94, 95, 96, 97, 98, 99, 100, 101, 102, 103, 104, 105, 106, 107, 108, 109, 110, 111, 112, 113, 114, 115, 116, 117, 118, 119, 120, 121, 122, 123, 124, 125, 126, 127]",694003.0,690409,92,694095.0,92,694095.0,False,694095.0
38855,execution_finished,1,[0],694095.0,692176,12,694107.0,12,694107.0,False,694107.0
38858,execution_finished,1,[65],694095.0,692731,22,694117.0,22,694117.0,False,694117.0
38856,execution_finished,64,"[1, 2, 3, 4, 5, 6, 7, 8, 9, 10, 11, 12, 13, 14, 15, 16, 17, 18, 19, 20, 21, 22, 23, 24, 25, 26, 27, 28, 29, 30, 31, 32, 33, 34, 35, 36, 37, 38, 39, 40, 41, 42, 43, 44, 45, 46, 47, 48, 49, 50, 51, 52, 53, 54, 55, 56, 57, 58, 59, 60, 61, 62, 63, 64]",694095.0,692226,497,694592.0,497,694592.0,False,694592.0
38859,execution_finished,64,"[66, 67, 68, 69, 70, 71, 72, 73, 74, 75, 76, 77, 78, 79, 80, 81, 82, 83, 84, 85, 86, 87, 88, 89, 90, 91, 92, 93, 94, 95, 96, 97, 98, 99, 100, 101, 102, 103, 104, 105, 106, 107, 108, 109, 110, 111, 112, 113, 114, 115, 116, 117, 118, 119, 120, 121, 122, 123, 124, 125, 126, 127, 0, 65]",694117.0,692786,1514,695631.0,1514,695631.0,False,695631.0
38895,execution_finished,1,[0],703623.0,700923,3,703626.0,3,703626.0,False,703626.0
38907,execution_finished,1,[0],703692.0,703692,22,703714.0,22,703714.0,False,703714.0
38867,execution_finished,64,"[1, 2, 3, 4, 5, 6, 7, 8, 9, 10, 11, 12, 13, 14, 15, 16, 17, 18, 19, 20, 21, 22, 23, 24, 25, 26, 27, 28, 29, 30, 31, 32, 33, 34, 35, 36, 37, 38, 39, 40, 41, 42, 43, 44, 45, 46, 47, 48, 49, 50, 51, 52, 53, 54, 55, 56, 57, 58, 59, 60, 61, 62, 63, 64]",694592.0,694322,10101,704693.0,10101,704693.0,False,704693.0
38905,execution_finished,32,"[65, 66, 67, 68, 69, 70, 71, 72, 73, 74, 75, 76, 77, 78, 79, 80, 81, 82, 83, 84, 85, 86, 87, 88, 89, 90, 91, 92, 93, 94, 95, 96]",705993.0,703293,97,706090.0,97,706090.0,False,706090.0
38906,execution_finished,8,"[97, 98, 99, 100, 101, 102, 103, 104]",706021.0,703321,70,706091.0,70,706091.0,False,706091.0
38913,execution_finished,1,[105],707125.0,704425,17,707142.0,17,707142.0,False,707142.0
38918,execution_finished,1,[106],708335.0,705635,4,708339.0,4,708339.0,False,708339.0
38920,execution_finished,1,[0],709222.0,706522,4,709226.0,4,709226.0,False,709226.0
38935,execution_finished,16,"[65, 66, 67, 68, 69, 70, 71, 72, 73, 74, 75, 76, 77, 78, 79, 80]",712729.0,710029,13,712742.0,13,712742.0,False,712742.0
38936,execution_finished,4,"[81, 82, 83, 84]",712731.0,710031,11,712742.0,11,712742.0,False,712742.0
38937,execution_finished,4,"[85, 86, 87, 88]",712732.0,710032,10,712742.0,10,712742.0,False,712742.0
38938,execution_finished,4,"[89, 90, 91, 92]",712735.0,710035,8,712743.0,8,712743.0,False,712743.0
38939,execution_finished,16,"[93, 94, 95, 96, 97, 98, 99, 100, 101, 102, 103, 104, 105, 107, 108, 109]",712736.0,710036,7,712743.0,7,712743.0,False,712743.0
38940,execution_finished,8,"[110, 111, 112, 113, 114, 115, 116, 117]",712738.0,710038,6,712744.0,6,712744.0,False,712744.0
38941,execution_finished,1,[118],712756.0,710056,4,712760.0,4,712760.0,False,712760.0
38946,execution_finished,16,"[89, 90, 91, 92, 93, 94, 95, 96, 97, 98, 99, 100, 101, 102, 103, 104]",712743.0,710290,43,712786.0,43,712786.0,False,712786.0
38944,execution_finished,4,"[85, 86, 87, 88]",712742.0,710285,47,712789.0,47,712789.0,False,712789.0
38942,execution_finished,16,"[65, 66, 67, 68, 69, 70, 71, 72, 73, 74, 75, 76, 77, 78, 79, 80]",712742.0,710282,49,712791.0,49,712791.0,False,712791.0
38943,execution_finished,4,"[81, 82, 83, 84]",712742.0,710283,49,712791.0,49,712791.0,False,712791.0
38951,execution_finished,8,"[65, 66, 67, 68, 69, 70, 71, 72]",712791.0,711119,549,713340.0,549,713340.0,False,713340.0
38950,execution_finished,32,"[107, 108, 109, 110, 111, 112, 113, 114, 115, 116, 117, 118, 89, 90, 91, 92, 93, 94, 95, 96, 97, 98, 99, 100, 101, 102, 103, 104, 85, 86, 87, 88]",712789.0,711090,577,713366.0,577,713366.0,False,713366.0
38958,execution_finished,8,"[111, 112, 113, 114, 115, 116, 117, 118]",713366.0,711734,98,713464.0,98,713464.0,False,713464.0
38957,execution_finished,32,"[65, 66, 67, 68, 69, 70, 71, 72, 85, 86, 87, 88, 89, 90, 91, 92, 93, 94, 95, 96, 97, 98, 99, 100, 101, 102, 103, 104, 107, 108, 109, 110]",713366.0,711689,144,713510.0,144,713510.0,False,713510.0
38947,execution_finished,8,"[121, 122, 123, 124, 125, 126, 127, 105]",715443.0,710292,41,715484.0,41,715484.0,False,715484.0
38945,execution_finished,4,"[0, 106, 119, 120]",715442.0,710287,45,715487.0,45,715487.0,False,715487.0
38973,execution_finished,4,"[120, 119, 106, 0]",715487.0,714950,12,715499.0,12,715499.0,False,715499.0
38974,execution_finished,4,"[120, 119, 106, 0]",715499.0,714952,8,715507.0,8,715507.0,False,715507.0
38975,execution_finished,4,"[120, 119, 106, 0]",715507.0,714954,6,715513.0,6,715513.0,False,715513.0
38967,execution_finished,8,"[127, 126, 125, 124, 123, 122, 121, 105]",715484.0,713890,106,715590.0,106,715590.0,False,715590.0
38977,execution_finished,8,"[127, 126, 125, 124, 123, 122, 121, 105]",715590.0,714957,4,715594.0,4,715594.0,False,715594.0
38982,execution_finished,4,"[120, 119, 106, 0]",715513.0,715246,94,715607.0,94,715607.0,False,715607.0
38984,execution_finished,4,"[123, 122, 121, 105]",715594.0,715249,93,715687.0,93,715687.0,False,715687.0
38983,execution_finished,4,"[127, 126, 125, 124]",715594.0,715247,94,715688.0,94,715688.0,False,715688.0
38988,execution_finished,8,"[105, 121, 122, 123, 124, 125, 126, 127]",715688.0,715385,110,715798.0,110,715798.0,False,715798.0
38990,execution_finished,1,[105],716022.0,716022,14,716036.0,14,716036.0,False,716036.0
38972,execution_finished,16,"[97, 98, 99, 100, 101, 102, 103, 104, 107, 108, 109, 110, 111, 112, 113, 114]",718310.0,714949,12,718322.0,12,718322.0,False,718322.0
38976,execution_finished,16,"[97, 98, 99, 100, 101, 102, 103, 104, 107, 108, 109, 110, 111, 112, 113, 114]",718322.0,714955,6,718328.0,6,718328.0,False,718328.0
38981,execution_finished,16,"[97, 98, 99, 100, 101, 102, 103, 104, 107, 108, 109, 110, 111, 112, 113, 114]",718328.0,715244,99,718427.0,99,718427.0,False,718427.0
38966,execution_finished,32,"[65, 66, 67, 68, 69, 70, 71, 72, 73, 74, 75, 76, 77, 78, 79, 80, 81, 82, 83, 84, 85, 86, 87, 88, 89, 90, 91, 92, 93, 94, 95, 96]",718310.0,713833,162,718472.0,162,718472.0,False,718472.0
38986,execution_finished,8,"[115, 116, 117, 118, 0, 106, 119, 120]",718387.0,715252,91,718478.0,91,718478.0,False,718478.0
38985,execution_finished,16,"[97, 98, 99, 100, 101, 102, 103, 104, 107, 108, 109, 110, 111, 112, 113, 114]",718427.0,715251,91,718518.0,91,718518.0,False,718518.0
39003,execution_finished,8,"[0, 106, 115, 116, 117, 118, 119, 120]",718478.0,718305,123,718601.0,123,718601.0,False,718601.0
38987,execution_finished,32,"[65, 66, 67, 68, 69, 70, 71, 72, 73, 74, 75, 76, 77, 78, 79, 80, 81, 82, 83, 84, 85, 86, 87, 88, 89, 90, 91, 92, 93, 94, 95, 96]",718472.0,715360,135,718607.0,135,718607.0,False,718607.0
38997,execution_finished,32,"[97, 98, 99, 100, 101, 102, 103, 104, 107, 108, 109, 110, 111, 112, 113, 114, 0, 106, 115, 116, 117, 118, 119, 120, 65, 66, 67, 68, 69, 70, 71, 72]",718607.0,717272,139,718746.0,139,718746.0,False,718746.0
39002,execution_finished,32,"[81, 82, 83, 84, 85, 86, 87, 88, 89, 90, 91, 92, 93, 94, 95, 96, 0, 65, 66, 67, 68, 69, 70, 71, 72, 97, 98, 99, 100, 101, 102, 103]",718746.0,718276,151,718897.0,151,718897.0,False,718897.0
39009,execution_finished,8,"[73, 74, 75, 76, 77, 78, 79, 80]",718610.0,718610,291,718901.0,291,718901.0,False,718901.0
39007,execution_finished,32,"[104, 106, 107, 108, 109, 110, 111, 112, 113, 114, 115, 116, 117, 118, 119, 120, 0, 65, 66, 67, 68, 69, 70, 71, 72, 81, 82, 83, 84, 85, 86, 87]",718897.0,718577,323,719220.0,323,719220.0,False,719220.0
38915,execution_finished,64,"[1, 2, 3, 4, 5, 6, 7, 8, 9, 10, 11, 12, 13, 14, 15, 16, 17, 18, 19, 20, 21, 22, 23, 24, 25, 26, 27, 28, 29, 30, 31, 32, 33, 34, 35, 36, 37, 38, 39, 40, 41, 42, 43, 44, 45, 46, 47, 48, 49, 50, 51, 52, 53, 54, 55, 56, 57, 58, 59, 60, 61, 62, 63, 64]",704693.0,704507,15059,719752.0,15059,719752.0,False,719752.0
39011,execution_finished,1,[1],719752.0,719569,14,719766.0,14,719766.0,False,719766.0
38998,execution_finished,8,"[105, 121, 122, 123, 124, 125, 126, 127]",721178.0,717302,108,721286.0,108,721286.0,False,721286.0
39043,execution_finished,1,[80],729662.0,726962,15,729677.0,15,729677.0,False,729677.0
39026,execution_finished,16,"[0, 1, 2, 3, 4, 5, 6, 7, 8, 9, 10, 11, 12, 13, 14, 15]",725629.0,722929,4545,730174.0,4545,730174.0,False,730174.0
39027,execution_finished,64,"[16, 17, 18, 19, 20, 21, 22, 23, 24, 25, 26, 27, 28, 29, 30, 31, 32, 33, 34, 35, 36, 37, 38, 39, 40, 41, 42, 43, 44, 45, 46, 47, 48, 49, 50, 51, 52, 53, 54, 55, 56, 57, 58, 59, 60, 61, 62, 63, 64, 65, 66, 67, 68, 69, 70, 71, 72, 73, 74, 75, 76, 77, 78, 79]",725631.0,722931,10198,735829.0,10198,735829.0,False,735829.0
39093,execution_finished,1,[16],740629.0,737849,12,740641.0,12,740641.0,False,740641.0
39070,execution_finished,64,"[0, 1, 2, 3, 4, 5, 6, 7, 8, 9, 10, 11, 12, 13, 14, 15, 80, 81, 82, 83, 84, 85, 86, 87, 88, 89, 90, 91, 92, 93, 94, 95, 96, 97, 98, 99, 100, 101, 102, 103, 104, 105, 106, 107, 108, 109, 110, 111, 112, 113, 114, 115, 116, 117, 118, 119, 120, 121, 122, 123, 124, 125, 126, 127]",735830.0,733130,4835,740665.0,4835,740665.0,False,740665.0
39095,execution_finished,1,[0],740665.0,739281,101,740766.0,101,740766.0,False,740766.0
39096,execution_finished,1,[1],740665.0,739459,139,740804.0,139,740804.0,False,740804.0
39094,execution_finished,64,"[17, 18, 19, 20, 21, 22, 23, 24, 25, 26, 27, 28, 29, 30, 31, 32, 33, 34, 35, 36, 37, 38, 39, 40, 41, 42, 43, 44, 45, 46, 47, 48, 49, 50, 51, 52, 53, 54, 55, 56, 57, 58, 59, 60, 61, 62, 63, 64, 65, 66, 67, 68, 69, 70, 71, 72, 73, 74, 75, 76, 77, 78, 79, 16]",743341.0,737974,10176,753517.0,10176,753517.0,False,753517.0
39098,execution_finished,32,"[64, 65, 66, 67, 68, 69, 70, 71, 72, 73, 74, 75, 76, 77, 78, 79, 80, 81, 82, 83, 84, 85, 86, 87, 88, 89, 90, 91, 92, 93, 94, 95]",762041.0,759341,133,762174.0,133,762174.0,False,762174.0
39099,execution_finished,8,"[96, 97, 98, 99, 100, 101, 102, 103]",762070.0,759370,105,762175.0,105,762175.0,False,762175.0
39100,execution_finished,32,"[64, 65, 66, 67, 68, 69, 70, 71, 72, 73, 74, 75, 76, 77, 78, 79, 80, 81, 82, 83, 84, 85, 86, 87, 88, 89, 90, 91, 92, 93, 94, 95]",762174.0,759584,121,762295.0,121,762295.0,False,762295.0
39102,execution_finished,32,"[96, 97, 98, 99, 100, 101, 102, 103, 64, 65, 66, 67, 68, 69, 70, 71, 72, 73, 74, 75, 76, 77, 78, 79, 80, 81, 82, 83, 84, 85, 86, 87]",762295.0,760407,181,762476.0,181,762476.0,False,762476.0
39104,execution_finished,32,"[88, 89, 90, 91, 92, 93, 94, 95, 64, 65, 66, 67, 68, 69, 70, 71, 72, 73, 74, 75, 76, 77, 78, 79, 80, 81, 82, 83, 84, 85, 86, 87]",762476.0,760955,124,762600.0,124,762600.0,False,762600.0
39101,execution_finished,8,"[104, 105, 106, 107, 108, 109, 110, 111]",764874.0,759607,98,764972.0,98,764972.0,False,764972.0
39105,execution_finished,8,"[120, 121, 122, 123, 124, 125, 126, 127]",764875.0,760981,99,764974.0,99,764974.0,False,764974.0
39103,execution_finished,8,"[112, 113, 114, 115, 116, 117, 118, 119]",764875.0,760439,149,765024.0,149,765024.0,False,765024.0
39124,execution_finished,1,[64],771292.0,768592,16,771308.0,16,771308.0,False,771308.0
39131,execution_finished,1,[65],772721.0,770021,15,772736.0,15,772736.0,False,772736.0
39140,execution_finished,1,[66],774948.0,772248,107,775055.0,107,775055.0,False,775055.0
39144,execution_finished,1,[67],775107.0,772407,21,775128.0,21,775128.0,False,775128.0
39169,execution_finished,1,[67],775128.0,774624,5,775133.0,5,775133.0,False,775133.0
39172,execution_finished,1,[67],775133.0,774951,3,775136.0,3,775136.0,False,775136.0
39173,execution_finished,1,[67],775136.0,774962,4,775140.0,4,775140.0,False,775140.0
39174,execution_finished,1,[67],775140.0,775006,3,775143.0,3,775143.0,False,775143.0
39146,execution_finished,1,[68],775196.0,772496,18,775214.0,18,775214.0,False,775214.0
39148,execution_finished,8,"[69, 70, 71, 72, 73, 74, 75, 76]",775280.0,772580,20,775300.0,20,775300.0,False,775300.0
39170,execution_finished,8,"[67, 68, 69, 70, 71, 72, 73, 74]",775300.0,774647,30,775330.0,30,775330.0,False,775330.0
39175,execution_finished,8,"[75, 76, 67, 68, 69, 70, 71, 72]",775330.0,775055,63,775393.0,63,775393.0,False,775393.0
39176,execution_finished,8,"[73, 74, 67, 68, 69, 70, 71, 72]",775393.0,775140,93,775486.0,93,775486.0,False,775486.0
39178,execution_finished,1,[75],775483.0,775483,7,775490.0,7,775490.0,False,775490.0
39179,execution_finished,1,[76],775562.0,775562,4,775566.0,4,775566.0,False,775566.0
39150,execution_finished,8,"[77, 78, 79, 80, 81, 82, 83, 84]",775813.0,773113,39,775852.0,39,775852.0,False,775852.0
39151,execution_finished,1,[85],775883.0,773183,20,775903.0,20,775903.0,False,775903.0
39152,execution_finished,8,"[86, 87, 88, 89, 90, 91, 92, 93]",776056.0,773356,102,776158.0,102,776158.0,False,776158.0
39153,execution_finished,1,[64],776189.0,773489,34,776223.0,34,776223.0,False,776223.0
39155,execution_finished,8,"[94, 95, 96, 97, 98, 99, 100, 101]",776459.0,773759,46,776505.0,46,776505.0,False,776505.0
39156,execution_finished,8,"[102, 103, 104, 105, 106, 107, 108, 109]",776590.0,773890,140,776730.0,140,776730.0,False,776730.0
39162,execution_finished,1,[110],776884.0,774184,32,776916.0,32,776916.0,False,776916.0
39097,execution_finished,64,"[0, 1, 2, 3, 4, 5, 6, 7, 8, 9, 10, 11, 12, 13, 14, 15, 16, 17, 18, 19, 20, 21, 22, 23, 24, 25, 26, 27, 28, 29, 30, 31, 32, 33, 34, 35, 36, 37, 38, 39, 40, 41, 42, 43, 44, 45, 46, 47, 48, 49, 50, 51, 52, 53, 54, 55, 56, 57, 58, 59, 60, 61, 62, 63]",761905.0,759205,15077,776982.0,15077,776982.0,False,776982.0
39163,execution_finished,1,[111],776966.0,774266,26,776992.0,26,776992.0,False,776992.0
39165,execution_finished,1,[112],776991.0,774291,16,777007.0,16,777007.0,False,777007.0
39166,execution_finished,1,[113],777020.0,774320,42,777062.0,42,777062.0,False,777062.0
39167,execution_finished,8,"[114, 115, 116, 117, 118, 119, 120, 121]",777128.0,774428,21,777149.0,21,777149.0,False,777149.0
39168,execution_finished,8,"[65, 122, 123, 124, 125, 126, 127, 66]",777755.0,774515,24,777779.0,24,777779.0,False,777779.0
39195,execution_finished,1,[65],777936.0,777936,27,777963.0,27,777963.0,False,777963.0
39197,execution_finished,1,[64],781782.0,778064,17,781799.0,17,781799.0,False,781799.0
39207,execution_finished,1,[65],783359.0,780659,14,783373.0,14,783373.0,False,783373.0
39196,execution_finished,64,"[0, 1, 2, 3, 4, 5, 6, 7, 8, 9, 10, 11, 12, 13, 14, 15, 16, 17, 18, 19, 20, 21, 22, 23, 24, 25, 26, 27, 28, 29, 30, 31, 32, 33, 34, 35, 36, 37, 38, 39, 40, 41, 42, 43, 44, 45, 46, 47, 48, 49, 50, 51, 52, 53, 54, 55, 56, 57, 58, 59, 60, 61, 62, 63]",781782.0,777961,2696,784478.0,2696,784478.0,False,784478.0
39220,execution_finished,128,"[0, 1, 2, 3, 4, 5, 6, 7, 8, 9, 10, 11, 12, 13, 14, 15, 16, 17, 18, 19, 20, 21, 22, 23, 24, 25, 26, 27, 28, 29, 30, 31, 32, 33, 34, 35, 36, 37, 38, 39, 40, 41, 42, 43, 44, 45, 46, 47, 48, 49, 50, 51, 52, 53, 54, 55, 56, 57, 58, 59, 60, 61, 62, 63, 64, 65, 66, 67, 68, 69, 70, 71, 72, 73, 74, 75, 76, 77, 78, 79, 80, 81, 82, 83, 84, 85, 86, 87, 88, 89, 90, 91, 92, 93, 94, 95, 96, 97, 98, 99, 100, 101, 102, 103, 104, 105, 106, 107, 108, 109, 110, 111, 112, 113, 114, 115, 116, 117, 118, 119, 120, 121, 122, 123, 124, 125, 126, 127]",789278.0,783368,96,789374.0,96,789374.0,False,789374.0
39222,execution_finished,64,"[0, 1, 2, 3, 4, 5, 6, 7, 8, 9, 10, 11, 12, 13, 14, 15, 16, 17, 18, 19, 20, 21, 22, 23, 24, 25, 26, 27, 28, 29, 30, 31, 32, 33, 34, 35, 36, 37, 38, 39, 40, 41, 42, 43, 44, 45, 46, 47, 48, 49, 50, 51, 52, 53, 54, 55, 56, 57, 58, 59, 60, 61, 62, 63]",789374.0,784048,1328,790702.0,1328,790702.0,False,790702.0
39237,execution_finished,1,[0],790702.0,786808,15,790717.0,15,790717.0,False,790717.0
39251,execution_finished,1,[63],790702.0,789267,60,790762.0,60,790762.0,False,790762.0
39229,execution_finished,64,"[64, 65, 66, 67, 68, 69, 70, 71, 72, 73, 74, 75, 76, 77, 78, 79, 80, 81, 82, 83, 84, 85, 86, 87, 88, 89, 90, 91, 92, 93, 94, 95, 96, 97, 98, 99, 100, 101, 102, 103, 104, 105, 106, 107, 108, 109, 110, 111, 112, 113, 114, 115, 116, 117, 118, 119, 120, 121, 122, 123, 124, 125, 126, 127]",789374.0,785403,1403,790777.0,1403,790777.0,False,790777.0
39240,execution_finished,128,"[1, 2, 3, 4, 5, 6, 7, 8, 9, 10, 11, 12, 13, 14, 15, 16, 17, 18, 19, 20, 21, 22, 23, 24, 25, 26, 27, 28, 29, 30, 31, 32, 33, 34, 35, 36, 37, 38, 39, 40, 41, 42, 43, 44, 45, 46, 47, 48, 49, 50, 51, 52, 53, 54, 55, 56, 57, 58, 59, 60, 61, 62, 0, 63, 64, 65, 66, 67, 68, 69, 70, 71, 72, 73, 74, 75, 76, 77, 78, 79, 80, 81, 82, 83, 84, 85, 86, 87, 88, 89, 90, 91, 92, 93, 94, 95, 96, 97, 98, 99, 100, 101, 102, 103, 104, 105, 106, 107, 108, 109, 110, 111, 112, 113, 114, 115, 116, 117, 118, 119, 120, 121, 122, 123, 124, 125, 126, 127]",790777.0,787724,91,790868.0,91,790868.0,False,790868.0
39260,execution_finished,64,"[64, 65, 66, 67, 68, 69, 70, 71, 72, 73, 74, 75, 76, 77, 78, 79, 80, 81, 82, 83, 84, 85, 86, 87, 88, 89, 90, 91, 92, 93, 94, 95, 96, 97, 98, 99, 100, 101, 102, 103, 104, 105, 106, 107, 108, 109, 110, 111, 112, 113, 114, 115, 116, 117, 118, 119, 120, 121, 122, 123, 124, 125, 126, 127]",790868.0,790592,554,791422.0,554,791422.0,False,791422.0
39243,execution_finished,64,"[0, 1, 2, 3, 4, 5, 6, 7, 8, 9, 10, 11, 12, 13, 14, 15, 16, 17, 18, 19, 20, 21, 22, 23, 24, 25, 26, 27, 28, 29, 30, 31, 32, 33, 34, 35, 36, 37, 38, 39, 40, 41, 42, 43, 44, 45, 46, 47, 48, 49, 50, 51, 52, 53, 54, 55, 56, 57, 58, 59, 60, 61, 62, 63]",790868.0,788165,2400,793268.0,2400,793268.0,False,793268.0
39265,execution_finished,64,"[0, 1, 2, 3, 4, 5, 6, 7, 8, 9, 10, 11, 12, 13, 14, 15, 16, 17, 18, 19, 20, 21, 22, 23, 24, 25, 26, 27, 28, 29, 30, 31, 32, 33, 34, 35, 36, 37, 38, 39, 40, 41, 42, 43, 44, 45, 46, 47, 48, 49, 50, 51, 52, 53, 54, 55, 56, 57, 58, 59, 60, 61, 62, 63]",793268.0,792016,4302,797570.0,4302,797570.0,False,797570.0
39266,execution_finished,1,[64],799019.0,796319,15,799034.0,15,799034.0,False,799034.0
39268,execution_finished,1,[64],805122.0,802422,24,805146.0,24,805146.0,False,805146.0
39267,execution_finished,64,"[0, 1, 2, 3, 4, 5, 6, 7, 8, 9, 10, 11, 12, 13, 14, 15, 16, 17, 18, 19, 20, 21, 22, 23, 24, 25, 26, 27, 28, 29, 30, 31, 32, 33, 34, 35, 36, 37, 38, 39, 40, 41, 42, 43, 44, 45, 46, 47, 48, 49, 50, 51, 52, 53, 54, 55, 56, 57, 58, 59, 60, 61, 62, 63]",797570.0,796400,11899,809469.0,11899,809469.0,False,809469.0
39269,execution_finished,1,[64],810868.0,808168,15,810883.0,15,810883.0,False,810883.0
39273,execution_finished,1,[64],810919.0,810919,5,810924.0,5,810924.0,False,810924.0
39270,execution_finished,1,[65],811002.0,808302,19,811021.0,19,811021.0,False,811021.0
39272,execution_finished,64,"[0, 1, 2, 3, 4, 5, 6, 7, 8, 9, 10, 11, 12, 13, 14, 15, 16, 17, 18, 19, 20, 21, 22, 23, 24, 25, 26, 27, 28, 29, 30, 31, 32, 33, 34, 35, 36, 37, 38, 39, 40, 41, 42, 43, 44, 45, 46, 47, 48, 49, 50, 51, 52, 53, 54, 55, 56, 57, 58, 59, 60, 61, 62, 63]",809469.0,809329,10924,820393.0,10924,820393.0,False,820393.0
39271,execution_finished,16,"[66, 67, 68, 69, 70, 71, 72, 73, 74, 75, 76, 77, 78, 79, 80, 81]",812028.0,809328,10924,822952.0,10924,822952.0,False,822952.0
39279,execution_finished,128,"[0, 1, 2, 3, 4, 5, 6, 7, 8, 9, 10, 11, 12, 13, 14, 15, 16, 17, 18, 19, 20, 21, 22, 23, 24, 25, 26, 27, 28, 29, 30, 31, 32, 33, 34, 35, 36, 37, 38, 39, 40, 41, 42, 43, 44, 45, 46, 47, 48, 49, 50, 51, 52, 53, 54, 55, 56, 57, 58, 59, 60, 61, 62, 63, 64, 65, 82, 83, 84, 85, 86, 87, 88, 89, 90, 91, 92, 93, 94, 95, 96, 97, 98, 99, 100, 101, 102, 103, 104, 105, 106, 107, 108, 109, 110, 111, 112, 113, 114, 115, 116, 117, 118, 119, 120, 121, 122, 123, 124, 125, 126, 127, 66, 67, 68, 69, 70, 71, 72, 73, 74, 75, 76, 77, 78, 79, 80, 81]",825652.0,822566,87,825739.0,87,825739.0,False,825739.0
39514,execution_finished,4,"[0, 1, 2, 3]",854160.0,851460,50,854210.0,50,854210.0,False,854210.0
39516,execution_finished,8,"[4, 5, 6, 7, 8, 9, 10, 11]",854460.0,851760,61,854521.0,61,854521.0,False,854521.0
39519,execution_finished,2,"[12, 13]",854645.0,851945,47,854692.0,47,854692.0,False,854692.0
39523,execution_finished,16,"[14, 15, 16, 17, 18, 19, 20, 21, 22, 23, 24, 25, 26, 27, 28, 29]",855023.0,852323,358,855381.0,358,855381.0,False,855381.0
39539,execution_finished,4,"[24, 25, 26, 27]",855381.0,854877,9,855390.0,9,855390.0,False,855390.0
39538,execution_finished,4,"[20, 21, 22, 23]",855381.0,854874,11,855392.0,11,855392.0,False,855392.0
39540,execution_finished,4,"[28, 29, 24, 25]",855390.0,854879,4,855394.0,4,855394.0,False,855394.0
39545,execution_finished,4,"[26, 27, 20, 21]",855392.0,855246,6,855398.0,6,855398.0,False,855398.0
39546,execution_finished,4,"[22, 23, 24, 25]",855394.0,855247,6,855400.0,6,855400.0,False,855400.0
39547,execution_finished,4,"[28, 29, 20, 21]",855398.0,855249,5,855403.0,5,855403.0,False,855403.0
39550,execution_finished,4,"[26, 27, 22, 23]",855400.0,855360,29,855429.0,29,855429.0,False,855429.0
39551,execution_finished,4,"[24, 25, 20, 21]",855403.0,855362,27,855430.0,27,855430.0,False,855430.0
39552,execution_finished,4,"[28, 29, 22, 23]",855429.0,855363,26,855455.0,26,855455.0,False,855455.0
39554,execution_finished,8,"[26, 27, 20, 21, 24, 25, 22, 23]",855455.0,855366,24,855479.0,24,855479.0,False,855479.0
39556,execution_finished,4,"[28, 29, 20, 21]",855609.0,855609,70,855679.0,70,855679.0,False,855679.0
39557,execution_finished,4,"[22, 23, 24, 25]",855611.0,855611,68,855679.0,68,855679.0,False,855679.0
39561,execution_finished,1,[22],855719.0,855719,25,855744.0,25,855744.0,False,855744.0
39558,execution_finished,4,"[26, 27, 20, 21]",855679.0,855613,67,855746.0,67,855746.0,False,855746.0
39560,execution_finished,8,"[23, 24, 25, 28, 29, 22, 20, 21]",855746.0,855617,64,855810.0,64,855810.0,False,855810.0
39564,execution_finished,8,"[26, 27, 20, 21, 22, 23, 24, 25]",855810.0,855780,7,855817.0,7,855817.0,False,855817.0
39565,execution_finished,8,"[28, 29, 20, 21, 22, 23, 24, 25]",855817.0,855782,6,855823.0,6,855823.0,False,855823.0
39566,execution_finished,8,"[26, 27, 20, 21, 22, 23, 24, 25]",855823.0,855783,6,855829.0,6,855829.0,False,855829.0
39570,execution_finished,8,"[28, 29, 20, 21, 22, 23, 24, 25]",855910.0,855910,8,855918.0,8,855918.0,False,855918.0
39571,execution_finished,8,"[26, 27, 20, 21, 22, 23, 24, 25]",855918.0,855912,7,855925.0,7,855925.0,False,855925.0
39572,execution_finished,8,"[28, 29, 20, 21, 22, 23, 24, 25]",855925.0,855915,5,855930.0,5,855930.0,False,855930.0
39530,execution_finished,4,"[102, 103, 104, 105]",855987.0,853287,374,856361.0,374,856361.0,False,856361.0
39528,execution_finished,32,"[62, 63, 64, 65, 66, 67, 68, 69, 70, 71, 72, 73, 74, 75, 76, 77, 78, 79, 80, 81, 82, 83, 84, 85, 86, 87, 88, 89, 90, 91, 92, 93]",855837.0,853137,608,856445.0,608,856445.0,False,856445.0
39529,execution_finished,8,"[94, 95, 96, 97, 98, 99, 100, 101]",855860.0,853160,586,856446.0,586,856446.0,False,856446.0
39526,execution_finished,32,"[30, 31, 32, 33, 34, 35, 36, 37, 38, 39, 40, 41, 42, 43, 44, 45, 46, 47, 48, 49, 50, 51, 52, 53, 54, 55, 56, 57, 58, 59, 60, 61]",855479.0,852779,1251,856730.0,1251,856730.0,False,856730.0
39533,execution_finished,32,"[102, 103, 104, 105, 62, 63, 64, 65, 66, 67, 68, 69, 70, 71, 72, 73, 74, 75, 76, 77, 78, 79, 80, 81, 82, 83, 84, 85, 86, 87, 88, 89]",856445.0,854199,690,857135.0,690,857135.0,False,857135.0
39542,execution_finished,32,"[62, 63, 64, 65, 66, 67, 68, 69, 70, 71, 72, 73, 74, 75, 76, 77, 78, 79, 80, 81, 82, 83, 84, 85, 86, 87, 88, 89, 102, 103, 104, 105]",857135.0,854967,741,857876.0,741,857876.0,False,857876.0
39548,execution_finished,16,"[78, 79, 80, 81, 82, 83, 84, 85, 86, 87, 88, 89, 102, 103, 104, 105]",857876.0,855250,5,857881.0,5,857881.0,False,857881.0
39544,execution_finished,16,"[62, 63, 64, 65, 66, 67, 68, 69, 70, 71, 72, 73, 74, 75, 76, 77]",857876.0,855244,12,857888.0,12,857888.0,False,857888.0
39549,execution_finished,16,"[78, 79, 80, 81, 82, 83, 84, 85, 86, 87, 88, 89, 102, 103, 104, 105]",857881.0,855359,32,857913.0,32,857913.0,False,857913.0
39553,execution_finished,16,"[62, 63, 64, 65, 66, 67, 68, 69, 70, 71, 72, 73, 74, 75, 76, 77]",857888.0,855365,25,857913.0,25,857913.0,False,857913.0
39559,execution_finished,16,"[78, 79, 80, 81, 82, 83, 84, 85, 86, 87, 88, 89, 102, 103, 104, 105]",857913.0,855615,66,857979.0,66,857979.0,False,857979.0
39583,execution_finished,8,"[85, 84, 83, 82, 81, 80, 79, 78]",857979.0,856818,5,857984.0,5,857984.0,False,857984.0
39582,execution_finished,8,"[105, 104, 103, 102, 89, 88, 87, 86]",857979.0,856816,6,857985.0,6,857985.0,False,857985.0
39555,execution_finished,16,"[62, 63, 64, 65, 66, 67, 68, 69, 70, 71, 72, 73, 74, 75, 76, 77]",857913.0,855607,75,857988.0,75,857988.0,False,857988.0
39589,execution_finished,8,"[85, 84, 83, 82, 81, 80, 79, 78]",857984.0,857135,4,857988.0,4,857988.0,False,857988.0
39593,execution_finished,8,"[105, 104, 103, 102, 89, 88, 87, 86]",857985.0,857456,3,857988.0,3,857988.0,False,857988.0
39563,execution_finished,32,"[62, 63, 64, 65, 66, 67, 68, 69, 70, 71, 72, 73, 74, 75, 76, 77, 78, 79, 80, 81, 82, 83, 84, 85, 86, 87, 88, 89, 102, 103, 104, 105]",857988.0,855779,8,857996.0,8,857996.0,False,857996.0
39567,execution_finished,32,"[62, 63, 64, 65, 66, 67, 68, 69, 70, 71, 72, 73, 74, 75, 76, 77, 78, 79, 80, 81, 82, 83, 84, 85, 86, 87, 88, 89, 102, 103, 104, 105]",857996.0,855785,5,858001.0,5,858001.0,False,858001.0
39532,execution_finished,4,"[106, 107, 108, 109]",856394.0,853694,1615,858009.0,1615,858009.0,False,858009.0
39585,execution_finished,4,"[109, 108, 107, 106]",858009.0,857057,49,858058.0,49,858058.0,False,858058.0
39596,execution_finished,1,[108],858058.0,857812,21,858079.0,21,858079.0,False,858079.0
39537,execution_finished,16,"[118, 119, 120, 121, 122, 123, 124, 125, 126, 127, 14, 15, 16, 17, 18, 19]",858081.0,854873,11,858092.0,11,858092.0,False,858092.0
39587,execution_finished,8,"[127, 126, 125, 124, 123, 122, 121, 120]",858092.0,857132,5,858097.0,5,858097.0,False,858097.0
39588,execution_finished,8,"[119, 118, 108, 107, 106, 19, 18, 17]",858092.0,857133,5,858097.0,5,858097.0,False,858097.0
39592,execution_finished,8,"[119, 118, 108, 107, 106, 19, 18, 17]",858097.0,857454,4,858101.0,4,858101.0,False,858101.0
39595,execution_finished,1,[109],858058.0,857748,44,858102.0,44,858102.0,False,858102.0
39591,execution_finished,8,"[127, 126, 125, 124, 123, 122, 121, 120]",858097.0,857452,8,858105.0,8,858105.0,False,858105.0
39578,execution_finished,1,[0],859127.0,856427,26,859153.0,26,859153.0,False,859153.0
39541,execution_finished,16,"[1, 2, 3, 4, 5, 6, 7, 8, 9, 10, 11, 50, 51, 52, 53, 54]",859430.0,854881,2,859432.0,2,859432.0,False,859432.0
39581,execution_finished,4,"[12, 13, 55, 56]",859514.0,856814,62,859576.0,62,859576.0,False,859576.0
39568,execution_finished,32,"[62, 63, 64, 65, 66, 67, 68, 69, 70, 71, 72, 73, 74, 75, 76, 77, 78, 79, 80, 81, 82, 83, 84, 85, 86, 87, 88, 89, 102, 103, 104, 105]",858001.0,855808,3626,861627.0,3626,861627.0,False,861627.0
39534,execution_finished,32,"[90, 91, 92, 93, 94, 95, 96, 97, 98, 99, 100, 101, 30, 31, 32, 33, 34, 35, 36, 37, 38, 39, 40, 41, 42, 43, 44, 45, 46, 47, 48, 49]",856730.0,854258,5176,861906.0,5176,861906.0,False,861906.0
39580,execution_finished,32,"[30, 31, 32, 33, 34, 35, 36, 37, 38, 39, 40, 41, 42, 43, 44, 45, 46, 47, 48, 49, 90, 91, 92, 93, 94, 95, 96, 97, 98, 99, 100, 101]",861906.0,856812,9,861915.0,9,861915.0,False,861915.0
39586,execution_finished,32,"[30, 31, 32, 33, 34, 35, 36, 37, 38, 39, 40, 41, 42, 43, 44, 45, 46, 47, 48, 49, 90, 91, 92, 93, 94, 95, 96, 97, 98, 99, 100, 101]",861915.0,857130,7,861922.0,7,861922.0,False,861922.0
39590,execution_finished,32,"[30, 31, 32, 33, 34, 35, 36, 37, 38, 39, 40, 41, 42, 43, 44, 45, 46, 47, 48, 49, 90, 91, 92, 93, 94, 95, 96, 97, 98, 99, 100, 101]",861922.0,857451,9,861931.0,9,861931.0,False,861931.0
39535,execution_finished,8,"[110, 111, 112, 113, 114, 115, 116, 117]",857221.0,854334,5100,862321.0,5100,862321.0,False,862321.0
39599,execution_finished,32,"[30, 31, 32, 33, 34, 35, 36, 37, 38, 39, 40, 41, 42, 43, 44, 45, 46, 47, 48, 49, 90, 91, 92, 93, 94, 95, 96, 97, 98, 99, 100, 101]",861931.0,857882,422,862353.0,422,862353.0,False,862353.0
39573,execution_finished,32,"[62, 63, 64, 65, 66, 67, 68, 69, 70, 71, 72, 73, 74, 75, 76, 77, 78, 79, 80, 81, 82, 83, 84, 85, 86, 87, 88, 89, 102, 103, 104, 105]",861627.0,855996,731,862358.0,731,862358.0,False,862358.0
39598,execution_finished,2,"[20, 21]",860792.0,857861,1573,862365.0,1573,862365.0,False,862365.0
39597,execution_finished,4,"[22, 23, 24, 25]",860801.0,857838,1596,862397.0,1596,862397.0,False,862397.0
39569,execution_finished,32,"[0, 1, 2, 3, 4, 5, 6, 7, 8, 9, 10, 11, 14, 15, 16, 17, 18, 19, 26, 27, 28, 29, 50, 51, 52, 53, 54, 57, 58, 59, 60, 61]",864232.0,855907,11,864243.0,11,864243.0,False,864243.0
39608,execution_finished,32,"[0, 1, 2, 3, 4, 5, 6, 7, 8, 9, 10, 11, 14, 15, 16, 17, 18, 19, 26, 27, 28, 29, 50, 51, 52, 53, 54, 57, 58, 59, 60, 61]",864243.0,863202,2,864245.0,2,864245.0,False,864245.0
39607,execution_finished,1,[12],865888.0,863188,32,865920.0,32,865920.0,False,865920.0
39618,execution_finished,8,"[20, 21, 22, 23, 24, 25, 102, 103]",867197.0,863831,192,867389.0,192,867389.0,False,867389.0
39623,execution_finished,8,"[103, 102, 25, 24, 23, 22, 21, 20]",867389.0,864875,41,867430.0,41,867430.0,False,867430.0
39624,execution_finished,8,"[103, 102, 25, 24, 23, 22, 21, 20]",867430.0,864881,36,867466.0,36,867466.0,False,867466.0
39625,execution_finished,8,"[103, 102, 25, 24, 23, 22, 21, 20]",867466.0,864883,34,867500.0,34,867500.0,False,867500.0
39629,execution_finished,8,"[103, 102, 25, 24, 23, 22, 21, 20]",867500.0,865131,86,867586.0,86,867586.0,False,867586.0
39639,execution_finished,1,[103],867586.0,866251,5,867591.0,5,867591.0,False,867591.0
39616,execution_finished,8,"[82, 83, 84, 85, 86, 87, 88, 89]",867158.0,863647,446,867604.0,446,867604.0,False,867604.0
39615,execution_finished,16,"[66, 67, 68, 69, 70, 71, 72, 73, 74, 75, 76, 77, 78, 79, 80, 81]",867158.0,863644,449,867607.0,449,867607.0,False,867607.0
39614,execution_finished,4,"[62, 63, 64, 65]",867158.0,863639,453,867611.0,453,867611.0,False,867611.0
39613,execution_finished,4,"[123, 124, 125, 126]",867153.0,863632,460,867613.0,460,867613.0,False,867613.0
39626,execution_finished,16,"[81, 80, 79, 78, 77, 76, 75, 74, 73, 72, 71, 70, 69, 68, 67, 66]",867607.0,864911,7,867614.0,7,867614.0,False,867614.0
39612,execution_finished,4,"[119, 120, 121, 122]",867153.0,863615,479,867632.0,479,867632.0,False,867632.0
39611,execution_finished,16,"[99, 100, 101, 106, 107, 108, 109, 110, 111, 112, 113, 114, 115, 116, 117, 118]",867153.0,863609,485,867638.0,485,867638.0,False,867638.0
39622,execution_finished,32,"[124, 125, 126, 66, 67, 68, 69, 70, 71, 72, 73, 74, 75, 76, 77, 78, 79, 80, 81, 119, 120, 121, 122, 99, 100, 101, 106, 107, 108, 109, 110, 111]",867638.0,864873,43,867681.0,43,867681.0,False,867681.0
39634,execution_finished,8,"[126, 125, 124, 122, 121, 120, 119, 111]",867681.0,865685,54,867735.0,54,867735.0,False,867735.0
39620,execution_finished,16,"[20, 21, 22, 23, 24, 25, 102, 103, 82, 83, 84, 85, 86, 87, 88, 89]",867604.0,864739,152,867756.0,152,867756.0,False,867756.0
39631,execution_finished,8,"[75, 76, 77, 78, 79, 80, 81, 99]",867681.0,865135,83,867764.0,83,867764.0,False,867764.0
39647,execution_finished,1,[100],867688.0,867688,105,867793.0,105,867793.0,False,867793.0
39628,execution_finished,32,"[101, 106, 107, 108, 109, 110, 111, 119, 120, 121, 122, 124, 125, 126, 20, 21, 22, 23, 24, 25, 82, 83, 84, 85, 86, 87, 88, 89, 102, 103, 75, 76]",867764.0,865129,89,867853.0,89,867853.0,False,867853.0
39633,execution_finished,32,"[77, 78, 79, 80, 81, 99, 100, 20, 21, 22, 23, 24, 25, 75, 76, 82, 83, 84, 85, 86, 87, 88, 89, 101, 102, 103, 106, 107, 108, 109, 110, 111]",867853.0,865656,82,867935.0,82,867935.0,False,867935.0
39609,execution_finished,32,"[0, 1, 2, 3, 4, 5, 6, 7, 8, 9, 10, 11, 14, 15, 16, 17, 18, 19, 26, 27, 28, 29, 50, 51, 52, 53, 54, 57, 58, 59, 60, 61]",864245.0,863218,3721,867966.0,3721,867966.0,False,867966.0
39610,execution_finished,32,"[13, 30, 31, 32, 33, 34, 35, 36, 37, 38, 39, 40, 41, 42, 43, 44, 45, 46, 47, 48, 49, 55, 56, 90, 91, 92, 93, 94, 95, 96, 97, 98]",867153.0,863289,1001,868154.0,1001,868154.0,False,868154.0
39641,execution_finished,32,"[13, 30, 31, 32, 33, 34, 35, 36, 37, 38, 39, 40, 41, 42, 43, 44, 45, 46, 47, 48, 49, 55, 56, 90, 91, 92, 93, 94, 95, 96, 97, 98]",868154.0,866698,44,868198.0,44,868198.0,False,868198.0
39642,execution_finished,16,"[13, 30, 31, 32, 33, 34, 35, 36, 37, 38, 39, 40, 41, 42, 43, 44]",868198.0,866971,400,868598.0,400,868598.0,False,868598.0
39651,execution_finished,1,[13],868598.0,868219,19,868617.0,19,868617.0,False,868617.0
39652,execution_finished,1,[13],868617.0,868233,94,868711.0,94,868711.0,False,868711.0
39654,execution_finished,1,[13],868711.0,868348,26,868737.0,26,868737.0,False,868737.0
39627,execution_finished,16,"[112, 113, 114, 115, 116, 117, 118, 66, 67, 68, 69, 70, 71, 72, 73, 74]",867681.0,864923,2024,869705.0,2024,869705.0,False,869705.0
39630,execution_finished,8,"[104, 105, 127, 62, 63, 64, 65, 123]",870313.0,865133,84,870397.0,84,870397.0,False,870397.0
39638,execution_finished,32,"[12, 1, 2, 3, 4, 5, 6, 7, 8, 9, 10, 11, 14, 15, 16, 17, 18, 19, 26, 27, 28, 29, 50, 51, 52, 53, 54, 57, 58, 59, 60, 61]",870720.0,866171,61,870781.0,61,870781.0,False,870781.0
39643,execution_finished,32,"[1, 2, 3, 4, 5, 6, 7, 8, 9, 10, 11, 12, 14, 15, 16, 17, 18, 19, 26, 27, 28, 29, 50, 51, 52, 53, 54, 57, 58, 59, 60, 61]",870781.0,867000,124,870905.0,124,870905.0,False,870905.0
39648,execution_finished,32,"[1, 2, 3, 4, 5, 6, 7, 8, 9, 10, 11, 12, 14, 15, 16, 17, 18, 19, 26, 27, 28, 29, 50, 51, 52, 53, 54, 57, 58, 59, 60, 61]",870905.0,867857,115,871020.0,115,871020.0,False,871020.0
39650,execution_finished,32,"[1, 2, 3, 4, 5, 6, 7, 8, 9, 10, 11, 12, 14, 15, 16, 17, 18, 19, 26, 27, 28, 29, 50, 51, 52, 53, 54, 57, 58, 59, 60, 61]",871020.0,868213,427,871447.0,427,871447.0,False,871447.0
39658,execution_finished,32,"[1, 2, 3, 4, 5, 6, 7, 8, 9, 10, 11, 12, 14, 15, 16, 17, 18, 19, 26, 27, 28, 29, 50, 51, 52, 53, 54, 57, 58, 59, 60, 61]",871447.0,868649,30,871477.0,30,871477.0,False,871477.0
39659,execution_finished,32,"[1, 2, 3, 4, 5, 6, 7, 8, 9, 10, 11, 12, 14, 15, 16, 17, 18, 19, 26, 27, 28, 29, 50, 51, 52, 53, 54, 57, 58, 59, 60, 61]",871477.0,869037,104,871581.0,104,871581.0,False,871581.0
39664,execution_finished,32,"[1, 2, 3, 4, 5, 6, 7, 8, 9, 10, 11, 12, 14, 15, 16, 17, 18, 19, 26, 27, 28, 29, 50, 51, 52, 53, 54, 57, 58, 59, 60, 61]",871581.0,869613,43,871624.0,43,871624.0,False,871624.0
39667,execution_finished,16,"[1, 2, 3, 4, 5, 6, 7, 8, 9, 10, 11, 12, 14, 15, 16, 17]",871624.0,869826,252,871876.0,252,871876.0,False,871876.0
39680,execution_finished,2,"[1, 2]",871876.0,871728,20,871896.0,20,871896.0,False,871896.0
39668,execution_finished,16,"[18, 19, 26, 27, 28, 29, 50, 51, 52, 53, 54, 57, 58, 59, 60, 61]",871624.0,870199,490,872114.0,490,872114.0,False,872114.0
39682,execution_finished,4,"[3, 4, 5, 6]",872015.0,872015,933,872948.0,933,872948.0,False,872948.0
39683,execution_finished,2,"[7, 8]",872036.0,872036,913,872949.0,913,872949.0,False,872949.0
39645,execution_finished,16,"[30, 31, 32, 33, 34, 35, 36, 37, 38, 39, 40, 41, 42, 43, 44, 45]",873481.0,867380,412,873893.0,412,873893.0,False,873893.0
39653,execution_finished,4,"[13, 46, 47, 48]",873720.0,868284,357,874077.0,357,874077.0,False,874077.0
39699,execution_finished,1,[13],874077.0,874019,31,874108.0,31,874108.0,False,874108.0
39700,execution_finished,4,"[46, 47, 48, 13]",874108.0,874056,114,874222.0,114,874222.0,False,874222.0
39685,execution_finished,16,"[30, 31, 32, 33, 34, 35, 36, 37, 38, 39, 40, 41, 42, 43, 44, 45]",873893.0,872615,381,874274.0,381,874274.0,False,874274.0
39703,execution_finished,1,[13],874303.0,874303,32,874335.0,32,874335.0,False,874335.0
39678,execution_finished,1,[114],874505.0,871682,18,874523.0,18,874523.0,False,874523.0
39679,execution_finished,4,"[115, 116, 117, 118]",874505.0,871706,29,874534.0,29,874534.0,False,874534.0
39677,execution_finished,1,[113],874505.0,871626,44,874549.0,44,874549.0,False,874549.0
39709,execution_finished,1,[30],874538.0,874538,49,874587.0,49,874587.0,False,874587.0
39710,execution_finished,1,[114],874677.0,874677,32,874709.0,32,874709.0,False,874709.0
39671,execution_finished,16,"[66, 67, 68, 69, 70, 71, 72, 73, 74, 93, 94, 95, 96, 97, 98, 112]",874505.0,870903,248,874753.0,248,874753.0,False,874753.0
39713,execution_finished,1,[30],874803.0,874803,34,874837.0,34,874837.0,False,874837.0
39718,execution_finished,4,"[114, 112, 98, 97]",874904.0,874904,19,874923.0,19,874923.0,False,874923.0
39719,execution_finished,1,[30],874929.0,874929,31,874960.0,31,874960.0,False,874960.0
39722,execution_finished,4,"[114, 112, 98, 97]",875013.0,875013,50,875063.0,50,875063.0,False,875063.0
39656,execution_finished,2,"[91, 92]",873720.0,868406,1597,875317.0,1597,875317.0,False,875317.0
39655,execution_finished,4,"[49, 55, 56, 90]",873720.0,868381,1620,875340.0,1620,875340.0,False,875340.0
39725,execution_finished,4,"[114, 112, 98, 97]",875262.0,875262,132,875394.0,132,875394.0,False,875394.0
39714,execution_finished,4,"[66, 67, 68, 69]",874806.0,874806,821,875627.0,821,875627.0,False,875627.0
39716,execution_finished,2,"[70, 71]",874831.0,874831,799,875630.0,799,875630.0,False,875630.0
39688,execution_finished,1,[63],875648.0,872926,21,875669.0,21,875669.0,False,875669.0
39729,execution_finished,4,"[114, 112, 98, 97]",875631.0,875631,66,875697.0,66,875697.0,False,875697.0
39686,execution_finished,1,[62],875648.0,872842,64,875712.0,64,875712.0,False,875712.0
39730,execution_finished,1,[114],875736.0,875736,111,875847.0,111,875847.0,False,875847.0
39735,execution_finished,1,[114],875885.0,875885,25,875910.0,25,875910.0,False,875910.0
39736,execution_finished,1,[112],875899.0,875899,84,875983.0,84,875983.0,False,875983.0
39691,execution_finished,2,"[123, 127]",875678.0,872978,814,876492.0,814,876492.0,False,876492.0
39690,execution_finished,4,"[64, 65, 104, 105]",875678.0,872951,840,876518.0,840,876518.0,False,876518.0
39635,execution_finished,32,"[119, 120, 121, 122, 124, 125, 126, 20, 21, 22, 23, 24, 25, 75, 76, 77, 78, 79, 80, 81, 82, 83, 84, 85, 86, 87, 88, 89, 99, 100, 101, 102]",867935.0,865785,8681,876616.0,8681,876616.0,False,876616.0
39636,execution_finished,8,"[103, 106, 107, 108, 109, 110, 111, 0]",867966.0,865810,8657,876623.0,8657,876623.0,False,876623.0
39698,execution_finished,4,"[1, 2, 16, 17]",876696.0,873871,45,876741.0,45,876741.0,False,876741.0
39726,execution_finished,16,"[88, 87, 86, 85, 84, 83, 82, 81, 80, 79, 78, 77, 76, 75, 65, 64]",876616.0,875301,255,876871.0,255,876871.0,False,876871.0
39701,execution_finished,1,[18],876914.0,874073,29,876943.0,29,876943.0,False,876943.0
39717,execution_finished,16,"[127, 126, 125, 124, 123, 122, 121, 120, 119, 105, 104, 102, 101, 100, 99, 89]",876616.0,874877,345,876961.0,345,876961.0,False,876961.0
39702,execution_finished,1,[19],876914.0,874110,125,877039.0,125,877039.0,False,877039.0
39728,execution_finished,16,"[111, 110, 109, 108, 107, 106, 103, 25, 24, 23, 22, 21, 20, 17, 16, 2]",876741.0,875588,387,877128.0,387,877128.0,False,877128.0
39731,execution_finished,16,"[88, 87, 86, 85, 84, 83, 82, 81, 80, 79, 78, 77, 76, 75, 65, 64]",876871.0,875740,297,877168.0,297,877168.0,False,877168.0
39705,execution_finished,1,[26],877200.0,874378,32,877232.0,32,877232.0,False,877232.0
39697,execution_finished,2,"[14, 15]",876676.0,873814,574,877250.0,574,877250.0,False,877250.0
39695,execution_finished,4,"[9, 10, 11, 12]",876676.0,873793,594,877270.0,594,877270.0,False,877270.0
39737,execution_finished,16,"[127, 126, 125, 124, 123, 122, 121, 120, 119, 105, 104, 102, 101, 100, 99, 89]",876961.0,876022,374,877335.0,374,877335.0,False,877335.0
39739,execution_finished,16,"[111, 110, 109, 108, 107, 106, 103, 25, 24, 23, 22, 21, 20, 19, 18, 17]",877128.0,876263,290,877418.0,290,877418.0,False,877418.0
39743,execution_finished,16,"[88, 87, 86, 85, 84, 83, 82, 81, 80, 79, 78, 77, 76, 75, 65, 64]",877168.0,876404,401,877569.0,401,877569.0,False,877569.0
39707,execution_finished,16,"[27, 28, 29, 50, 51, 52, 53, 54, 57, 58, 59, 60, 61, 46, 47, 48]",877200.0,874500,373,877573.0,373,877573.0,False,877573.0
39760,execution_finished,1,[61],877613.0,877613,38,877651.0,38,877651.0,False,877651.0
39761,execution_finished,1,[61],877670.0,877670,19,877689.0,19,877689.0,False,877689.0
39762,execution_finished,4,"[61, 60, 59, 58]",877693.0,877693,1026,878719.0,1026,878719.0,False,878719.0
39764,execution_finished,1,[61],878719.0,877873,16,878735.0,16,878735.0,False,878735.0
39741,execution_finished,1,[6],879192.0,876350,20,879212.0,20,879212.0,False,879212.0
39746,execution_finished,1,[32],879317.0,876617,10,879327.0,10,879327.0,False,879327.0
39708,execution_finished,32,"[108, 109, 110, 111, 64, 65, 75, 76, 77, 78, 79, 80, 81, 82, 83, 84, 85, 86, 87, 88, 27, 28, 29, 46, 47, 48, 50, 51, 52, 53, 54, 57]",877573.0,874508,1837,879410.0,1837,879410.0,False,879410.0
39748,execution_finished,1,[33],879418.0,876718,8,879426.0,8,879426.0,False,879426.0
39704,execution_finished,64,"[30, 34, 35, 36, 37, 38, 39, 40, 41, 42, 43, 44, 45, 72, 73, 74, 91, 92, 93, 94, 95, 96, 113, 115, 116, 117, 118, 2, 16, 26, 14, 15, 9, 10, 11, 12, 89, 99, 100, 101, 102, 104, 105, 119, 120, 121, 122, 123, 124, 125, 126, 127, 17, 18, 19, 20, 21, 22, 23, 24, 25, 103, 106, 107]",880118.0,874313,181,880299.0,181,880299.0,False,880299.0
39712,execution_finished,64,"[2, 9, 10, 11, 12, 14, 15, 16, 17, 18, 19, 20, 21, 22, 23, 24, 25, 26, 30, 34, 35, 36, 37, 38, 39, 40, 41, 42, 43, 44, 45, 72, 73, 74, 89, 91, 92, 93, 94, 95, 96, 99, 100, 101, 102, 103, 104, 105, 106, 107, 113, 115, 116, 117, 118, 119, 120, 121, 122, 123, 124, 125, 126, 127]",880299.0,874801,144,880443.0,144,880443.0,False,880443.0
39723,execution_finished,64,"[2, 9, 10, 11, 12, 14, 15, 16, 17, 18, 19, 20, 21, 22, 23, 24, 25, 26, 30, 34, 35, 36, 37, 38, 39, 40, 41, 42, 43, 44, 45, 72, 73, 74, 89, 91, 92, 93, 94, 95, 96, 99, 100, 101, 102, 103, 104, 105, 106, 107, 113, 115, 116, 117, 118, 119, 120, 121, 122, 123, 124, 125, 126, 127]",880443.0,875018,130,880573.0,130,880573.0,False,880573.0
39727,execution_finished,64,"[2, 9, 10, 11, 12, 14, 15, 16, 17, 18, 19, 20, 21, 22, 23, 24, 25, 26, 30, 34, 35, 36, 37, 38, 39, 40, 41, 42, 43, 44, 45, 72, 73, 74, 89, 91, 92, 93, 94, 95, 96, 99, 100, 101, 102, 103, 104, 105, 106, 107, 113, 115, 116, 117, 118, 119, 120, 121, 122, 123, 124, 125, 126, 127]",880573.0,875340,136,880709.0,136,880709.0,False,880709.0
39738,execution_finished,64,"[2, 9, 10, 11, 12, 14, 15, 16, 17, 18, 19, 20, 21, 22, 23, 24, 25, 26, 30, 34, 35, 36, 37, 38, 39, 40, 41, 42, 43, 44, 45, 72, 73, 74, 89, 91, 92, 93, 94, 95, 96, 99, 100, 101, 102, 103, 104, 105, 106, 107, 113, 115, 116, 117, 118, 119, 120, 121, 122, 123, 124, 125, 126, 127]",880709.0,876067,146,880855.0,146,880855.0,False,880855.0
39745,execution_finished,32,"[73, 74, 89, 91, 92, 93, 94, 95, 96, 99, 100, 101, 102, 103, 104, 105, 106, 107, 113, 115, 116, 117, 118, 119, 120, 121, 122, 123, 124, 125, 126, 127]",880855.0,876554,58,880913.0,58,880913.0,False,880913.0
39747,execution_finished,32,"[73, 74, 89, 91, 92, 93, 94, 95, 96, 99, 100, 101, 102, 103, 104, 105, 106, 107, 113, 115, 116, 117, 118, 119, 120, 121, 122, 123, 124, 125, 126, 127]",880913.0,876689,163,881076.0,163,881076.0,False,881076.0
39733,execution_finished,2,"[3, 4]",879192.0,875790,1901,881093.0,1901,881093.0,False,881093.0
39788,execution_finished,1,[3],881093.0,879922,21,881114.0,21,881114.0,False,881114.0
39732,execution_finished,4,"[7, 8, 13, 31]",879218.0,875769,1922,881140.0,1922,881140.0,False,881140.0
39795,execution_finished,1,[4],881093.0,880648,53,881146.0,53,881146.0,False,881146.0
39754,execution_finished,16,"[106, 107, 113, 115, 116, 117, 118, 119, 120, 121, 122, 123, 124, 125, 126, 127]",881076.0,877176,312,881388.0,312,881388.0,False,881388.0
39752,execution_finished,16,"[73, 74, 89, 91, 92, 93, 94, 95, 96, 99, 100, 101, 102, 103, 104, 105]",881076.0,876809,333,881409.0,333,881409.0,False,881409.0
39756,execution_finished,32,"[106, 107, 113, 115, 116, 117, 118, 119, 120, 121, 122, 123, 124, 125, 126, 127, 73, 74, 89, 91, 92, 93, 94, 95, 96, 99, 100, 101, 102, 103, 104, 105]",881409.0,877306,279,881688.0,279,881688.0,False,881688.0
39766,execution_finished,16,"[73, 74, 89, 91, 92, 93, 94, 95, 96, 99, 100, 101, 102, 103, 104, 105]",881688.0,878039,318,882006.0,318,882006.0,False,882006.0
39808,execution_finished,1,[105],882010.0,882010,31,882041.0,31,882041.0,False,882041.0
39767,execution_finished,16,"[106, 107, 113, 115, 116, 117, 118, 119, 120, 121, 122, 123, 124, 125, 126, 127]",881688.0,878147,360,882048.0,360,882048.0,False,882048.0
39768,execution_finished,32,"[73, 74, 89, 91, 92, 93, 94, 95, 96, 99, 100, 101, 102, 103, 104, 105, 106, 107, 113, 115, 116, 117, 118, 119, 120, 121, 122, 123, 124, 125, 126, 127]",882048.0,878393,131,882179.0,131,882179.0,False,882179.0
39772,execution_finished,4,"[3, 7, 8, 13]",881140.0,878721,1080,882220.0,1080,882220.0,False,882220.0
39809,execution_finished,1,[7],882289.0,882289,66,882355.0,66,882355.0,False,882355.0
39811,execution_finished,1,[8],882395.0,882395,32,882427.0,32,882427.0,False,882427.0
39801,execution_finished,2,"[31, 4]",881170.0,881170,1258,882428.0,1258,882428.0,False,882428.0
39744,execution_finished,32,"[2, 9, 10, 11, 12, 14, 15, 16, 17, 18, 19, 20, 21, 22, 23, 24, 25, 26, 30, 34, 35, 36, 37, 38, 39, 40, 41, 42, 43, 44, 45, 72]",880855.0,876437,2057,882912.0,2057,882912.0,False,882912.0
39770,execution_finished,16,"[2, 9, 10, 11, 12, 14, 15, 16, 17, 18, 19, 20, 21, 22, 23, 24]",882912.0,878538,230,883142.0,230,883142.0,False,883142.0
39818,execution_finished,1,[2],883142.0,883104,30,883172.0,30,883172.0,False,883172.0
39774,execution_finished,16,"[25, 26, 30, 34, 35, 36, 37, 38, 39, 40, 41, 42, 43, 44, 45, 72]",882912.0,878834,263,883175.0,263,883175.0,False,883175.0
39785,execution_finished,4,"[13, 7, 8, 4]",882428.0,879803,901,883329.0,901,883329.0,False,883329.0
39787,execution_finished,4,"[4, 7, 8, 13]",883329.0,879908,105,883434.0,105,883434.0,False,883434.0
39796,execution_finished,4,"[4, 7, 8, 13]",883434.0,880660,73,883507.0,73,883507.0,False,883507.0
39776,execution_finished,32,"[9, 10, 11, 12, 14, 15, 16, 17, 18, 19, 20, 21, 22, 23, 24, 2, 25, 26, 30, 34, 35, 36, 37, 38, 39, 40, 41, 42, 43, 44, 45, 72]",883175.0,879032,528,883703.0,528,883703.0,False,883703.0
39780,execution_finished,32,"[2, 9, 10, 11, 12, 14, 15, 16, 17, 18, 19, 20, 21, 22, 23, 24, 25, 26, 30, 34, 35, 36, 37, 38, 39, 40, 41, 42, 43, 44, 45, 72]",883703.0,879257,177,883880.0,177,883880.0,False,883880.0
39751,execution_finished,16,"[0, 1, 49, 55, 56, 58, 59, 60, 61, 62, 63, 66, 67, 68, 69, 70]",883613.0,876808,284,883897.0,284,883897.0,False,883897.0
39821,execution_finished,4,"[70, 69, 68, 67]",883897.0,883473,69,883966.0,69,883966.0,False,883966.0
39782,execution_finished,16,"[2, 9, 10, 11, 12, 14, 15, 16, 17, 18, 19, 20, 21, 22, 23, 24]",883880.0,879583,173,884053.0,173,884053.0,False,884053.0
39784,execution_finished,16,"[25, 26, 30, 34, 35, 36, 37, 38, 39, 40, 41, 42, 43, 44, 45, 72]",883880.0,879795,282,884162.0,282,884162.0,False,884162.0
39769,execution_finished,32,"[73, 74, 89, 91, 92, 93, 94, 95, 96, 99, 100, 101, 102, 103, 104, 105, 106, 107, 113, 115, 116, 117, 118, 119, 120, 121, 122, 123, 124, 125, 126, 127]",882179.0,878508,2049,884228.0,2049,884228.0,False,884228.0
39792,execution_finished,32,"[73, 74, 89, 91, 92, 93, 94, 95, 96, 99, 100, 101, 102, 103, 104, 105, 106, 107, 113, 115, 116, 117, 118, 119, 120, 121, 122, 123, 124, 125, 126, 127]",884228.0,880296,83,884311.0,83,884311.0,False,884311.0
39758,execution_finished,16,"[6, 27, 28, 29, 32, 46, 47, 48, 50, 51, 52, 53, 54, 57, 64, 65]",884210.0,877509,168,884378.0,168,884378.0,False,884378.0
39759,execution_finished,16,"[75, 76, 77, 78, 79, 80, 81, 82, 83, 84, 85, 86, 87, 88, 108, 109]",884210.0,877516,292,884502.0,292,884502.0,False,884502.0
39793,execution_finished,16,"[73, 74, 89, 91, 92, 93, 94, 95, 96, 99, 100, 101, 102, 103, 104, 105]",884311.0,880354,287,884598.0,287,884598.0,False,884598.0
39786,execution_finished,2,"[112, 114]",883793.0,879826,884,884677.0,884,884677.0,False,884677.0
39799,execution_finished,4,"[4, 7, 8, 13]",883507.0,881149,1279,884786.0,1279,884786.0,False,884786.0
39800,execution_finished,16,"[75, 76, 77, 78, 79, 80, 81, 82, 83, 84, 85, 86, 87, 88, 108, 109]",884502.0,881159,289,884791.0,289,884791.0,False,884791.0
39763,execution_finished,2,"[71, 90]",883793.0,877714,1005,884798.0,1005,884798.0,False,884798.0
39830,execution_finished,4,"[109, 108, 88, 87]",884791.0,884366,22,884813.0,22,884813.0,False,884813.0
39832,execution_finished,4,"[86, 85, 84, 83]",884791.0,884499,25,884816.0,25,884816.0,False,884816.0
39773,execution_finished,2,"[97, 98]",883793.0,878743,1058,884851.0,1058,884851.0,False,884851.0
39806,execution_finished,16,"[73, 74, 89, 91, 92, 93, 94, 95, 96, 99, 100, 101, 102, 103, 104, 105]",884598.0,881844,290,884888.0,290,884888.0,False,884888.0
39807,execution_finished,32,"[77, 78, 79, 80, 81, 82, 71, 90, 87, 88, 108, 109, 83, 84, 85, 86, 97, 98, 73, 74, 89, 91, 92, 93, 94, 95, 96, 99, 100, 101, 102, 103]",884888.0,881999,74,884962.0,74,884962.0,False,884962.0
39828,execution_finished,2,"[45, 72]",884162.0,884105,913,885075.0,913,885075.0,False,885075.0
39823,execution_finished,4,"[112, 114, 4, 7]",884786.0,883623,316,885102.0,316,885102.0,False,885102.0
39813,execution_finished,2,"[43, 44]",884162.0,882451,944,885106.0,944,885106.0,False,885106.0
39812,execution_finished,4,"[39, 40, 41, 42]",884162.0,882430,963,885125.0,963,885125.0,False,885125.0
39810,execution_finished,16,"[104, 105, 71, 73, 74, 77, 78, 79, 80, 81, 82, 83, 84, 85, 86, 87]",884962.0,882306,340,885302.0,340,885302.0,False,885302.0
39778,execution_finished,4,"[33, 110, 111, 3]",884920.0,879100,460,885380.0,460,885380.0,False,885380.0
39836,execution_finished,1,[71],885561.0,885561,20,885581.0,20,885581.0,False,885581.0
39827,execution_finished,4,"[8, 13, 75, 76]",884791.0,884083,933,885724.0,933,885724.0,False,885724.0
39816,execution_finished,16,"[111, 110, 105, 104, 87, 86, 85, 84, 83, 82, 81, 80, 79, 78, 77, 74]",885402.0,882790,368,885770.0,368,885770.0,False,885770.0
39835,execution_finished,4,"[96, 97, 98, 99]",884962.0,884896,1107,886069.0,1107,886069.0,False,886069.0
39824,execution_finished,16,"[75, 76, 74, 77, 78, 79, 80, 81, 82, 83, 84, 85, 86, 87, 104, 105]",885770.0,883765,352,886122.0,352,886122.0,False,886122.0
39794,execution_finished,32,"[106, 107, 113, 115, 116, 117, 118, 119, 120, 121, 122, 123, 124, 125, 126, 127, 6, 27, 28, 29, 32, 46, 47, 48, 50, 51, 52, 53, 54, 57, 64, 65]",884378.0,880571,1983,886361.0,1983,886361.0,False,886361.0
39839,execution_finished,4,"[110, 111, 96, 97]",886069.0,885956,369,886438.0,369,886438.0,False,886438.0
39842,execution_finished,4,"[76, 77, 78, 79]",886338.0,886338,167,886505.0,167,886505.0,False,886505.0
39837,execution_finished,4,"[73, 3, 33, 71]",885602.0,885602,923,886525.0,923,886525.0,False,886525.0
39814,execution_finished,32,"[80, 81, 82, 83, 84, 85, 86, 87, 104, 105, 6, 27, 28, 29, 32, 46, 47, 48, 50, 51, 52, 53, 54, 57, 64, 65, 106, 107, 113, 115, 116, 117]",886361.0,882553,202,886563.0,202,886563.0,False,886563.0
39838,execution_finished,2,"[8, 13]",885724.0,885623,904,886628.0,904,886628.0,False,886628.0
39815,execution_finished,32,"[118, 119, 120, 121, 122, 123, 124, 125, 126, 127, 96, 97, 110, 111, 76, 77, 78, 79, 3, 33, 71, 73, 6, 27, 28, 29, 32, 46, 47, 48, 50, 51]",886563.0,882631,591,887154.0,591,887154.0,False,887154.0
39817,execution_finished,32,"[3, 6, 27, 28, 29, 32, 33, 46, 47, 48, 50, 51, 71, 73, 76, 77, 78, 79, 96, 97, 110, 111, 118, 119, 120, 121, 122, 123, 124, 125, 126, 127]",887154.0,883005,74,887228.0,74,887228.0,False,887228.0
39833,execution_finished,1,[31],887377.0,884664,19,887396.0,19,887396.0,False,887396.0
39789,execution_finished,32,"[0, 1, 49, 55, 56, 58, 59, 60, 61, 62, 63, 66, 67, 68, 69, 70, 2, 9, 10, 11, 12, 14, 15, 16, 17, 18, 19, 20, 21, 22, 23, 24]",884053.0,880012,3425,887478.0,3425,887478.0,False,887478.0
39790,execution_finished,8,"[25, 26, 30, 34, 35, 36, 37, 38]",884162.0,880051,3387,887549.0,3387,887549.0,False,887549.0
39820,execution_finished,32,"[31, 0, 1, 2, 9, 10, 11, 12, 14, 15, 16, 17, 18, 19, 20, 21, 22, 23, 24, 49, 55, 56, 58, 59, 60, 61, 62, 63, 66, 67, 68, 69]",887478.0,883400,141,887619.0,141,887619.0,False,887619.0
39822,execution_finished,32,"[70, 25, 26, 30, 34, 35, 36, 37, 38, 0, 1, 2, 9, 10, 11, 12, 14, 15, 16, 17, 18, 19, 20, 21, 22, 23, 24, 31, 49, 55, 56, 58]",887619.0,883564,376,887995.0,376,887995.0,False,887995.0
39819,execution_finished,32,"[3, 6, 27, 28, 29, 32, 33, 46, 47, 48, 50, 51, 71, 73, 76, 77, 78, 79, 96, 97, 110, 111, 118, 119, 120, 121, 122, 123, 124, 125, 126, 127]",887228.0,883293,2265,889493.0,2265,889493.0,False,889493.0
39831,execution_finished,32,"[3, 6, 27, 28, 29, 32, 33, 46, 47, 48, 50, 51, 71, 73, 76, 77, 78, 79, 96, 97, 110, 111, 118, 119, 120, 121, 122, 123, 124, 125, 126, 127]",889493.0,884440,83,889576.0,83,889576.0,False,889576.0
39834,execution_finished,32,"[3, 6, 27, 28, 29, 32, 33, 46, 47, 48, 50, 51, 71, 73, 76, 77, 78, 79, 96, 97, 110, 111, 118, 119, 120, 121, 122, 123, 124, 125, 126, 127]",889576.0,884823,1182,890758.0,1182,890758.0,False,890758.0
39740,execution_finished,1,[5],879192.0,876304,12010,891202.0,12010,891202.0,False,891202.0
39829,execution_finished,32,"[4, 7, 39, 40, 41, 42, 43, 44, 45, 52, 53, 54, 57, 64, 65, 72, 80, 81, 82, 83, 84, 85, 86, 87, 100, 101, 102, 103, 104, 105, 106, 107]",891363.0,884300,87,891450.0,87,891450.0,False,891450.0
39841,execution_finished,4,"[98, 99, 74, 75]",886122.0,886091,6066,892188.0,6066,892188.0,False,892188.0
39826,execution_finished,8,"[88, 89, 90, 91, 92, 93, 94, 95]",884962.0,883991,8167,893129.0,8167,893129.0,False,893129.0
39851,execution_finished,8,"[88, 89, 90, 91, 92, 93, 94, 95]",893129.0,890994,34,893163.0,34,893163.0,False,893163.0
39852,execution_finished,8,"[88, 89, 90, 91, 92, 93, 94, 95]",893163.0,891059,46,893209.0,46,893209.0,False,893209.0
39854,execution_finished,4,"[88, 89, 90, 91]",893209.0,892789,43,893252.0,43,893252.0,False,893252.0
39856,execution_finished,4,"[88, 89, 90, 91]",893252.0,892877,36,893288.0,36,893288.0,False,893288.0
39859,execution_finished,1,[88],893288.0,893155,19,893307.0,19,893307.0,False,893307.0
39844,execution_finished,1,[8],893902.0,888823,16,893918.0,16,893918.0,False,893918.0
39845,execution_finished,1,[13],893902.0,888856,17,893919.0,17,893919.0,False,893919.0
39848,execution_finished,1,[61],893902.0,889669,80,893982.0,80,893982.0,False,893982.0
39847,execution_finished,1,[60],893902.0,889222,96,893998.0,96,893998.0,False,893998.0
39846,execution_finished,1,[59],893902.0,888906,224,894126.0,224,894126.0,False,894126.0
39849,execution_finished,8,"[62, 63, 66, 67, 68, 69, 108, 109]",894150.0,890858,79,894229.0,79,894229.0,False,894229.0
39850,execution_finished,8,"[112, 113, 114, 115, 116, 117, 74, 75]",894888.0,890941,34,894922.0,34,894922.0,False,894922.0
39865,execution_finished,1,[116],894922.0,894647,29,894951.0,29,894951.0,False,894951.0
39855,execution_finished,4,"[92, 93, 94, 95]",893209.0,892832,2311,895520.0,2311,895520.0,False,895520.0
39825,execution_finished,32,"[0, 1, 2, 9, 10, 11, 12, 14, 15, 16, 17, 18, 19, 20, 21, 22, 23, 24, 25, 26, 30, 31, 34, 35, 36, 37, 38, 49, 55, 56, 58, 70]",887995.0,883959,8198,896193.0,8198,896193.0,False,896193.0
39840,execution_finished,32,"[3, 6, 27, 28, 29, 32, 33, 46, 47, 48, 50, 51, 71, 73, 76, 77, 78, 79, 96, 97, 110, 111, 118, 119, 120, 121, 122, 123, 124, 125, 126, 127]",890758.0,886028,6128,896886.0,6128,896886.0,False,896886.0
39861,execution_finished,8,"[3, 6, 27, 28, 29, 32, 33, 46]",896886.0,893304,33,896919.0,33,896919.0,False,896919.0
39857,execution_finished,8,"[107, 61, 60, 59, 62, 63, 66, 67]",896929.0,892916,139,897068.0,139,897068.0,False,897068.0
39843,execution_finished,32,"[5, 4, 7, 39, 40, 41, 42, 43, 44, 45, 52, 53, 54, 57, 64, 65, 72, 80, 81, 82, 83, 84, 85, 86, 87, 100, 101, 102, 103, 104, 105, 106]",891450.0,886374,5783,897233.0,5783,897233.0,False,897233.0
39858,execution_finished,8,"[98, 99, 74, 75, 112, 113, 114, 115]",897622.0,893063,34,897656.0,34,897656.0,False,897656.0
39863,execution_finished,32,"[59, 60, 61, 62, 63, 66, 67, 107, 4, 5, 7, 39, 40, 41, 42, 43, 44, 45, 52, 53, 54, 57, 64, 65, 72, 80, 81, 82, 83, 84, 85, 86]",897233.0,893374,1144,898377.0,1144,898377.0,False,898377.0
39864,execution_finished,32,"[4, 5, 7, 39, 40, 41, 42, 43, 44, 45, 52, 53, 54, 57, 59, 60, 61, 62, 63, 64, 65, 66, 67, 72, 80, 81, 82, 83, 84, 85, 86, 107]",898377.0,893403,26,898403.0,26,898403.0,False,898403.0
39853,execution_finished,32,"[0, 1, 2, 9, 10, 11, 12, 14, 15, 16, 17, 18, 19, 20, 21, 22, 23, 24, 25, 26, 30, 31, 34, 35, 36, 37, 38, 49, 55, 56, 58, 70]",896193.0,892759,2384,898577.0,2384,898577.0,False,898577.0
39860,execution_finished,8,"[8, 13, 68, 69, 88, 89, 90, 91]",899029.0,893265,35,899064.0,35,899064.0,False,899064.0
39862,execution_finished,32,"[116, 117, 50, 51, 71, 73, 76, 77, 78, 79, 96, 97, 110, 111, 118, 119, 120, 121, 122, 123, 124, 125, 126, 127, 3, 6, 27, 28, 29, 32, 33, 46]",899751.0,893351,41,899792.0,41,899792.0,False,899792.0
39866,execution_finished,64,"[4, 5, 7, 39, 40, 41, 42, 43, 44, 45, 52, 53, 54, 57, 59, 60, 61, 62, 63, 64, 65, 66, 67, 72, 80, 81, 82, 83, 84, 85, 86, 107, 0, 1, 2, 9, 10, 11, 12, 14, 15, 16, 17, 18, 19, 20, 21, 22, 23, 24, 25, 26, 30, 31, 34, 35, 36, 37, 38, 49, 55, 56, 58, 70]",898577.0,895730,10278,908855.0,10278,908855.0,False,908855.0
39868,execution_finished,4,"[108, 109, 47, 48]",899586.0,895844,10175,909761.0,10175,909761.0,False,909761.0
39867,execution_finished,32,"[3, 6, 27, 28, 29, 32, 33, 46, 50, 51, 71, 73, 76, 77, 78, 79, 96, 97, 110, 111, 116, 117, 118, 119, 120, 121, 122, 123, 124, 125, 126, 127]",899792.0,895745,10270,910062.0,10270,910062.0,False,910062.0
39872,execution_finished,4,"[40, 39, 38, 37]",908855.0,906382,1978,910833.0,1978,910833.0,False,910833.0
39871,execution_finished,32,"[107, 86, 85, 84, 83, 82, 81, 80, 72, 70, 67, 66, 65, 64, 63, 62, 61, 60, 59, 58, 57, 56, 55, 54, 53, 52, 49, 45, 44, 43, 42, 41]",908855.0,906317,2043,910898.0,2043,910898.0,False,910898.0
39869,execution_finished,128,"[0, 1, 2, 3, 4, 5, 6, 7, 8, 9, 10, 11, 12, 13, 14, 15, 16, 17, 18, 19, 20, 21, 22, 23, 24, 25, 26, 27, 28, 29, 30, 31, 32, 33, 34, 35, 36, 37, 38, 39, 40, 41, 42, 43, 44, 45, 46, 47, 48, 49, 50, 51, 52, 53, 54, 55, 56, 57, 58, 59, 60, 61, 62, 63, 64, 65, 66, 67, 68, 69, 70, 71, 72, 73, 74, 75, 76, 77, 78, 79, 80, 81, 82, 83, 84, 85, 86, 87, 88, 89, 90, 91, 92, 93, 94, 95, 96, 97, 98, 99, 100, 101, 102, 103, 104, 105, 106, 107, 108, 109, 110, 111, 112, 113, 114, 115, 116, 117, 118, 119, 120, 121, 122, 123, 124, 125, 126, 127]",915698.0,906024,103,915801.0,103,915801.0,False,915801.0
39915,execution_finished,1,[100],915801.0,913339,104,915905.0,104,915905.0,False,915905.0
39916,execution_finished,1,[101],915801.0,913517,132,915933.0,132,915933.0,False,915933.0
39917,execution_finished,1,[102],915801.0,913673,266,916067.0,266,916067.0,False,916067.0
39882,execution_finished,4,"[96, 97, 98, 99]",915801.0,908878,7438,923239.0,7438,923239.0,False,923239.0
39881,execution_finished,32,"[64, 65, 66, 67, 68, 69, 70, 71, 72, 73, 74, 75, 76, 77, 78, 79, 80, 81, 82, 83, 84, 85, 86, 87, 88, 89, 90, 91, 92, 93, 94, 95]",915801.0,908803,7510,923311.0,7510,923311.0,False,923311.0
39870,execution_finished,64,"[0, 1, 2, 3, 4, 5, 6, 7, 8, 9, 10, 11, 12, 13, 14, 15, 16, 17, 18, 19, 20, 21, 22, 23, 24, 25, 26, 27, 28, 29, 30, 31, 32, 33, 34, 35, 36, 37, 38, 39, 40, 41, 42, 43, 44, 45, 46, 47, 48, 49, 50, 51, 52, 53, 54, 55, 56, 57, 58, 59, 60, 61, 62, 63]",915801.0,906131,10177,925978.0,10177,925978.0,False,925978.0
39938,execution_finished,128,"[64, 65, 66, 67, 68, 69, 70, 71, 72, 73, 74, 75, 76, 77, 78, 79, 80, 81, 82, 83, 84, 85, 86, 87, 88, 89, 90, 91, 92, 93, 94, 95, 96, 97, 98, 99, 100, 101, 102, 103, 104, 105, 106, 107, 108, 109, 110, 111, 112, 113, 114, 115, 116, 117, 118, 119, 120, 121, 122, 123, 124, 125, 126, 127, 0, 1, 2, 3, 4, 5, 6, 7, 8, 9, 10, 11, 12, 13, 14, 15, 16, 17, 18, 19, 20, 21, 22, 23, 24, 25, 26, 27, 28, 29, 30, 31, 32, 33, 34, 35, 36, 37, 38, 39, 40, 41, 42, 43, 44, 45, 46, 47, 48, 49, 50, 51, 52, 53, 54, 55, 56, 57, 58, 59, 60, 61, 62, 63]",928678.0,916319,115,928793.0,115,928793.0,False,928793.0
39939,execution_finished,64,"[0, 1, 2, 3, 4, 5, 6, 7, 8, 9, 10, 11, 12, 13, 14, 15, 16, 17, 18, 19, 20, 21, 22, 23, 24, 25, 26, 27, 28, 29, 30, 31, 32, 33, 34, 35, 36, 37, 38, 39, 40, 41, 42, 43, 44, 45, 46, 47, 48, 49, 50, 51, 52, 53, 54, 55, 56, 57, 58, 59, 60, 61, 62, 63]",928793.0,916439,10166,938959.0,10166,938959.0,False,938959.0
40103,execution_finished,1,[62],938959.0,937040,21,938980.0,21,938980.0,False,938980.0
40046,execution_finished,1,[40],938959.0,929674,23,938982.0,23,938982.0,False,938982.0
40098,execution_finished,1,[57],938959.0,935898,25,938984.0,25,938984.0,False,938984.0
40101,execution_finished,4,"[58, 59, 60, 61]",938959.0,936510,58,939017.0,58,939017.0,False,939017.0
40093,execution_finished,4,"[53, 54, 55, 56]",938959.0,935071,107,939066.0,107,939066.0,False,939066.0
40082,execution_finished,8,"[45, 46, 47, 48, 49, 50, 51, 52]",938959.0,933568,561,939520.0,561,939520.0,False,939520.0
40051,execution_finished,32,"[100, 101, 102, 103, 104, 105, 106, 107, 108, 109, 110, 111, 112, 113, 114, 115, 116, 117, 118, 119, 120, 121, 122, 123, 124, 125, 126, 127, 41, 42, 43, 44]",941659.0,929854,938,942597.0,938,942597.0,False,942597.0
40060,execution_finished,32,"[41, 42, 43, 44, 100, 101, 102, 103, 104, 105, 106, 107, 108, 109, 110, 111, 112, 113, 114, 115, 116, 117, 118, 119, 120, 121, 122, 123, 124, 125, 126, 127]",942597.0,930827,3447,946044.0,3447,946044.0,False,946044.0
40090,execution_finished,32,"[41, 42, 43, 44, 100, 101, 102, 103, 104, 105, 106, 107, 108, 109, 110, 111, 112, 113, 114, 115, 116, 117, 118, 119, 120, 121, 122, 123, 124, 125, 126, 127]",946044.0,934298,3143,949187.0,3143,949187.0,False,949187.0
40105,execution_finished,32,"[41, 42, 43, 44, 100, 101, 102, 103, 104, 105, 106, 107, 108, 109, 110, 111, 112, 113, 114, 115, 116, 117, 118, 119, 120, 121, 122, 123, 124, 125, 126, 127]",949187.0,937478,1367,950554.0,1367,950554.0,False,950554.0
40112,execution_finished,16,"[40, 45, 46, 47, 48, 49, 50, 51, 52, 53, 54, 55, 56, 57, 58, 59]",951887.0,938527,192,952079.0,192,952079.0,False,952079.0
40115,execution_finished,16,"[40, 45, 46, 47, 48, 49, 50, 51, 52, 53, 54, 55, 56, 57, 58, 59]",952079.0,938904,55,952134.0,55,952134.0,False,952134.0
40116,execution_finished,16,"[40, 45, 46, 47, 48, 49, 50, 51, 52, 53, 54, 55, 56, 57, 58, 59]",952134.0,939015,35,952169.0,35,952169.0,False,952169.0
40122,execution_finished,4,"[40, 45, 46, 47]",952169.0,940630,21,952190.0,21,952190.0,False,952190.0
40124,execution_finished,4,"[56, 57, 58, 59]",952169.0,940764,21,952190.0,21,952190.0,False,952190.0
40126,execution_finished,4,"[56, 57, 58, 59]",952190.0,941008,22,952212.0,22,952212.0,False,952212.0
40123,execution_finished,8,"[48, 49, 50, 51, 52, 53, 54, 55]",952169.0,940710,46,952215.0,46,952215.0,False,952215.0
40150,execution_finished,1,[54],952215.0,942652,18,952233.0,18,952233.0,False,952233.0
40231,execution_finished,1,[54],952233.0,949937,1,952234.0,1,952234.0,False,952234.0
40137,execution_finished,1,[55],952215.0,941531,20,952235.0,20,952235.0,False,952235.0
40236,execution_finished,1,[54],952234.0,950621,1,952235.0,1,952235.0,False,952235.0
40155,execution_finished,1,[53],952215.0,942825,21,952236.0,21,952236.0,False,952236.0
40128,execution_finished,1,[48],952215.0,941102,22,952237.0,22,952237.0,False,952237.0
40129,execution_finished,4,"[49, 50, 51, 52]",952215.0,941145,24,952239.0,24,952239.0,False,952239.0
40125,execution_finished,4,"[40, 45, 46, 47]",952190.0,940979,55,952245.0,55,952245.0,False,952245.0
40133,execution_finished,4,"[40, 45, 46, 47]",952245.0,941266,21,952266.0,21,952266.0,False,952266.0
40127,execution_finished,4,"[56, 57, 58, 59]",952212.0,941070,56,952268.0,56,952268.0,False,952268.0
40138,execution_finished,4,"[59, 58, 57, 56]",952268.0,941549,21,952289.0,21,952289.0,False,952289.0
40218,execution_finished,1,[57],952289.0,949347,5,952294.0,5,952294.0,False,952294.0
40219,execution_finished,1,[56],952289.0,949429,10,952299.0,10,952299.0,False,952299.0
40220,execution_finished,1,[57],952294.0,949476,9,952303.0,9,952303.0,False,952303.0
40210,execution_finished,1,[59],952289.0,948138,15,952304.0,15,952304.0,False,952304.0
40216,execution_finished,1,[58],952289.0,949099,17,952306.0,17,952306.0,False,952306.0
40130,execution_finished,4,"[54, 55, 53, 48]",952237.0,941171,70,952307.0,70,952307.0,False,952307.0
40132,execution_finished,4,"[49, 50, 51, 52]",952239.0,941244,79,952318.0,79,952318.0,False,952318.0
40134,execution_finished,4,"[40, 45, 46, 47]",952266.0,941401,52,952318.0,52,952318.0,False,952318.0
40139,execution_finished,4,"[49, 50, 51, 52]",952318.0,941633,44,952362.0,44,952362.0,False,952362.0
40136,execution_finished,4,"[40, 45, 46, 47]",952318.0,941462,55,952373.0,55,952373.0,False,952373.0
40141,execution_finished,4,"[40, 45, 46, 47]",952373.0,941753,22,952395.0,22,952395.0,False,952395.0
40144,execution_finished,4,"[47, 46, 45, 40]",952395.0,942008,22,952417.0,22,952417.0,False,952417.0
40145,execution_finished,4,"[47, 46, 45, 40]",952417.0,942066,61,952478.0,61,952478.0,False,952478.0
40135,execution_finished,8,"[56, 57, 59, 58, 48, 53, 54, 55]",952307.0,941446,178,952485.0,178,952485.0,False,952485.0
40146,execution_finished,4,"[47, 46, 45, 40]",952478.0,942072,47,952525.0,47,952525.0,False,952525.0
40149,execution_finished,4,"[59, 58, 57, 56]",952485.0,942556,45,952530.0,45,952530.0,False,952530.0
40162,execution_finished,1,[59],952530.0,943779,21,952551.0,21,952551.0,False,952551.0
40178,execution_finished,1,[58],952530.0,944967,23,952553.0,23,952553.0,False,952553.0
40212,execution_finished,1,[56],952530.0,948890,40,952570.0,40,952570.0,False,952570.0
40159,execution_finished,4,"[47, 46, 45, 40]",952525.0,942959,46,952571.0,46,952571.0,False,952571.0
40213,execution_finished,1,[59],952551.0,948952,22,952573.0,22,952573.0,False,952573.0
40186,execution_finished,1,[57],952530.0,945754,46,952576.0,46,952576.0,False,952576.0
40226,execution_finished,1,[58],952553.0,949716,36,952589.0,36,952589.0,False,952589.0
40228,execution_finished,1,[56],952570.0,949757,27,952597.0,27,952597.0,False,952597.0
40244,execution_finished,1,[57],952576.0,951305,21,952597.0,21,952597.0,False,952597.0
40232,execution_finished,1,[59],952573.0,950167,28,952601.0,28,952601.0,False,952601.0
40246,execution_finished,1,[58],952589.0,951674,21,952610.0,21,952610.0,False,952610.0
40163,execution_finished,4,"[47, 46, 45, 40]",952571.0,943783,42,952613.0,42,952613.0,False,952613.0
40215,execution_finished,2,"[57, 56]",952597.0,949002,30,952627.0,30,952627.0,False,952627.0
40157,execution_finished,4,"[55, 54, 53, 48]",952485.0,942878,144,952629.0,144,952629.0,False,952629.0
40247,execution_finished,1,[59],952601.0,951767,47,952648.0,47,952648.0,False,952648.0
40164,execution_finished,4,"[58, 47, 46, 45]",952613.0,943849,42,952655.0,42,952655.0,False,952655.0
40151,execution_finished,8,"[59, 58, 53, 48, 47, 46, 45, 40]",952655.0,942712,1,952656.0,1,952656.0,False,952656.0
40165,execution_finished,4,"[57, 56, 55, 54]",952629.0,943896,47,952676.0,47,952676.0,False,952676.0
40140,execution_finished,4,"[49, 50, 51, 52]",952362.0,941678,318,952680.0,318,952680.0,False,952680.0
40143,execution_finished,16,"[40, 45, 46, 47, 48, 53, 58, 59, 54, 55, 56, 57, 49, 50, 51, 52]",952680.0,941965,62,952742.0,62,952742.0,False,952742.0
40152,execution_finished,8,"[48, 49, 50, 51, 52, 53, 54, 55]",952742.0,942724,49,952791.0,49,952791.0,False,952791.0
40182,execution_finished,4,"[52, 53, 54, 55]",952791.0,945413,45,952836.0,45,952836.0,False,952836.0
40172,execution_finished,4,"[48, 49, 50, 51]",952791.0,944513,70,952861.0,70,952861.0,False,952861.0
40169,execution_finished,4,"[56, 57, 58, 59]",952742.0,944184,133,952875.0,133,952875.0,False,952875.0
40185,execution_finished,4,"[48, 49, 50, 51]",952861.0,945659,39,952900.0,39,952900.0,False,952900.0
40188,execution_finished,4,"[56, 57, 58, 59]",952875.0,945870,45,952920.0,45,952920.0,False,952920.0
40147,execution_finished,4,"[40, 45, 46, 47]",952742.0,942218,536,953278.0,536,953278.0,False,953278.0
40214,execution_finished,4,"[40, 45, 46, 47]",953278.0,948980,55,953333.0,55,953333.0,False,953333.0
40224,execution_finished,4,"[40, 45, 46, 47]",953333.0,949621,256,953589.0,256,953589.0,False,953589.0
40197,execution_finished,4,"[48, 49, 50, 51]",952900.0,946790,895,953795.0,895,953795.0,False,953795.0
40198,execution_finished,2,"[56, 57]",952920.0,946812,876,953796.0,876,953796.0,False,953796.0
40249,execution_finished,1,[50],953795.0,951834,89,953884.0,89,953884.0,False,953884.0
40234,execution_finished,1,[48],953795.0,950407,139,953934.0,139,953934.0,False,953934.0
40250,execution_finished,1,[51],953795.0,952106,208,954003.0,208,954003.0,False,954003.0
40237,execution_finished,1,[49],953795.0,950629,375,954170.0,375,954170.0,False,954170.0
40031,execution_finished,8,"[32, 33, 34, 35, 36, 37, 38, 39]",938959.0,927735,15595,954554.0,15595,954554.0,False,954554.0
40030,execution_finished,32,"[0, 1, 2, 3, 4, 5, 6, 7, 8, 9, 10, 11, 12, 13, 14, 15, 16, 17, 18, 19, 20, 21, 22, 23, 24, 25, 26, 27, 28, 29, 30, 31]",938959.0,927712,15617,954576.0,15617,954576.0,False,954576.0
40166,execution_finished,32,"[0, 1, 2, 3, 4, 5, 6, 7, 8, 9, 10, 11, 12, 13, 14, 15, 16, 17, 18, 19, 20, 21, 22, 23, 24, 25, 26, 27, 28, 29, 30, 31]",954576.0,943990,122,954698.0,122,954698.0,False,954698.0
40170,execution_finished,16,"[16, 17, 18, 19, 20, 21, 22, 23, 24, 25, 26, 27, 28, 29, 30, 31]",954698.0,944275,142,954840.0,142,954840.0,False,954840.0
40167,execution_finished,16,"[0, 1, 2, 3, 4, 5, 6, 7, 8, 9, 10, 11, 12, 13, 14, 15]",954698.0,944045,158,954856.0,158,954856.0,False,954856.0
40121,execution_finished,4,"[60, 61, 62, 63]",954834.0,940591,22,954856.0,22,954856.0,False,954856.0
40184,execution_finished,4,"[52, 53, 54, 55]",952836.0,945514,2115,954951.0,2115,954951.0,False,954951.0
40251,execution_finished,16,"[63, 62, 61, 60, 55, 54, 53, 52, 15, 14, 13, 12, 11, 10, 9, 8]",954951.0,952126,45,954996.0,45,954996.0,False,954996.0
40235,execution_finished,8,"[0, 1, 2, 3, 4, 5, 6, 7]",954856.0,950458,164,955020.0,164,955020.0,False,955020.0
40171,execution_finished,16,"[16, 17, 18, 19, 20, 21, 22, 23, 24, 25, 26, 27, 28, 29, 30, 31]",954840.0,944456,381,955221.0,381,955221.0,False,955221.0
40230,execution_finished,2,"[58, 59]",952920.0,949918,2324,955244.0,2324,955244.0,False,955244.0
40265,execution_finished,1,[6],955209.0,955209,43,955252.0,43,955252.0,False,955252.0
40266,execution_finished,1,[31],955389.0,955389,10,955399.0,10,955399.0,False,955399.0
40268,execution_finished,1,[58],955459.0,955459,49,955508.0,49,955508.0,False,955508.0
40180,execution_finished,8,"[32, 33, 34, 35, 36, 37, 38, 39]",954554.0,945013,1138,955692.0,1138,955692.0,False,955692.0
40229,execution_finished,4,"[40, 45, 46, 47]",953589.0,949896,2345,955934.0,2345,955934.0,False,955934.0
40259,execution_finished,4,"[0, 1, 2, 3]",955042.0,955042,1009,956051.0,1009,956051.0,False,956051.0
40261,execution_finished,2,"[4, 5]",955065.0,955065,987,956052.0,987,956052.0,False,956052.0
40179,execution_finished,32,"[8, 9, 10, 11, 12, 13, 14, 15, 52, 53, 54, 55, 60, 61, 62, 63, 7, 16, 17, 18, 19, 20, 21, 22, 23, 24, 25, 26, 27, 28, 29, 30]",955221.0,944968,1181,956402.0,1181,956402.0,False,956402.0
40263,execution_finished,8,"[31, 58, 32, 33, 34, 35, 36, 37]",955692.0,955188,1627,957319.0,1627,957319.0,False,957319.0
39941,execution_finished,4,"[96, 97, 98, 99]",928793.0,916688,28538,957331.0,28538,957331.0,False,957331.0
39940,execution_finished,32,"[64, 65, 66, 67, 68, 69, 70, 71, 72, 73, 74, 75, 76, 77, 78, 79, 80, 81, 82, 83, 84, 85, 86, 87, 88, 89, 90, 91, 92, 93, 94, 95]",928793.0,916619,28606,957399.0,28606,957399.0,False,957399.0
40114,execution_finished,32,"[41, 42, 43, 44, 100, 101, 102, 103, 104, 105, 106, 107, 108, 109, 110, 111, 112, 113, 114, 115, 116, 117, 118, 119, 120, 121, 122, 123, 124, 125, 126, 127]",950554.0,938882,6867,957421.0,6867,957421.0,False,957421.0
40187,execution_finished,32,"[31, 32, 33, 34, 35, 36, 37, 58, 96, 97, 98, 99, 64, 65, 66, 67, 68, 69, 70, 71, 72, 73, 74, 75, 76, 77, 78, 79, 80, 81, 82, 83]",957399.0,945786,66,957465.0,66,957465.0,False,957465.0
40196,execution_finished,32,"[116, 117, 118, 119, 120, 121, 122, 123, 124, 125, 126, 127, 31, 32, 33, 34, 35, 36, 37, 58, 64, 65, 66, 67, 68, 69, 70, 71, 72, 73, 74, 75]",957465.0,946682,57,957522.0,57,957522.0,False,957522.0
40200,execution_finished,32,"[76, 77, 78, 79, 80, 81, 82, 83, 96, 97, 98, 99, 31, 32, 33, 34, 35, 36, 37, 58, 64, 65, 66, 67, 68, 69, 70, 71, 72, 73, 74, 75]",957522.0,947337,64,957586.0,64,957586.0,False,957586.0
40204,execution_finished,32,"[116, 117, 118, 119, 120, 121, 122, 123, 124, 125, 126, 127, 31, 32, 33, 34, 35, 36, 37, 58, 64, 65, 66, 67, 68, 69, 70, 71, 72, 73, 74, 75]",957586.0,947819,55,957641.0,55,957641.0,False,957641.0
40286,execution_finished,2,"[79, 80]",957618.0,957618,895,958513.0,895,958513.0,False,958513.0
40183,execution_finished,32,"[7, 8, 9, 10, 11, 12, 13, 14, 15, 16, 17, 18, 19, 20, 21, 22, 23, 24, 25, 26, 27, 28, 29, 30, 52, 53, 54, 55, 60, 61, 62, 63]",956402.0,945441,2189,958591.0,2189,958591.0,False,958591.0
40271,execution_finished,8,"[48, 50, 40, 45, 46, 47, 0, 1]",958751.0,955790,36,958787.0,36,958787.0,False,958787.0
40292,execution_finished,4,"[62, 63, 0, 1]",958787.0,958204,42,958829.0,42,958829.0,False,958829.0
40298,execution_finished,1,[48],958819.0,958819,18,958837.0,18,958837.0,False,958837.0
40295,execution_finished,4,"[40, 45, 46, 47]",958787.0,958514,992,959779.0,992,959779.0,False,959779.0
40260,execution_finished,32,"[81, 82, 83, 96, 97, 98, 99, 31, 32, 33, 34, 35, 36, 37, 58, 64, 65, 66, 67, 68, 69, 70, 71, 72, 73, 74, 75, 116, 117, 118, 119, 120]",957641.0,955060,2379,960020.0,2379,960020.0,False,960020.0
40264,execution_finished,32,"[40, 45, 46, 47, 31, 32, 33, 34, 35, 36, 37, 58, 64, 65, 66, 67, 68, 69, 70, 71, 72, 73, 74, 75, 81, 82, 83, 96, 97, 98, 99, 116]",960020.0,955189,31,960051.0,31,960051.0,False,960051.0
40280,execution_finished,1,[49],960044.0,957344,28,960072.0,28,960072.0,False,960072.0
40282,execution_finished,1,[6],960218.0,957518,37,960255.0,37,960255.0,False,960255.0
40262,execution_finished,32,"[79, 80, 7, 8, 9, 10, 11, 12, 13, 14, 15, 16, 17, 18, 19, 20, 21, 22, 23, 24, 25, 26, 27, 28, 29, 30, 52, 53, 54, 55, 60, 61]",958591.0,955119,1695,960286.0,1695,960286.0,False,960286.0
40284,execution_finished,1,[51],960270.0,957570,21,960291.0,21,960291.0,False,960291.0
40278,execution_finished,32,"[97, 98, 99, 116, 49, 6, 7, 8, 9, 10, 11, 12, 13, 14, 15, 16, 17, 18, 19, 20, 21, 22, 23, 24, 25, 26, 27, 28, 29, 30, 52, 53]",960286.0,956831,49,960335.0,49,960335.0,False,960335.0
40195,execution_finished,32,"[84, 85, 86, 87, 88, 89, 90, 91, 92, 93, 94, 95, 41, 42, 43, 44, 100, 101, 102, 103, 104, 105, 106, 107, 108, 109, 110, 111, 112, 113, 114, 115]",957421.0,946561,3725,961146.0,3725,961146.0,False,961146.0
40285,execution_finished,4,"[59, 76, 77, 78]",960295.0,957595,917,961212.0,917,961212.0,False,961212.0
40294,execution_finished,1,[3],961213.0,958491,20,961233.0,20,961233.0,False,961233.0
40293,execution_finished,1,[2],961213.0,958435,43,961256.0,43,961256.0,False,961256.0
40322,execution_finished,4,"[59, 76, 77, 78]",961212.0,961188,281,961493.0,281,961493.0,False,961493.0
40325,execution_finished,4,"[3, 2, 59, 76]",961493.0,961370,19,961512.0,19,961512.0,False,961512.0
40326,execution_finished,4,"[77, 78, 2, 3]",961512.0,961396,81,961593.0,81,961593.0,False,961593.0
40283,execution_finished,32,"[54, 55, 60, 61, 79, 80, 51, 6, 7, 8, 9, 10, 11, 12, 13, 14, 15, 16, 17, 18, 19, 20, 21, 22, 23, 24, 25, 26, 27, 28, 29, 30]",960335.0,957559,1299,961634.0,1299,961634.0,False,961634.0
40330,execution_finished,1,[77],961626.0,961626,18,961644.0,18,961644.0,False,961644.0
40327,execution_finished,4,"[59, 76, 2, 3]",961593.0,961490,222,961815.0,222,961815.0,False,961815.0
40331,execution_finished,4,"[80, 77, 2, 3]",961815.0,961646,88,961903.0,88,961903.0,False,961903.0
40301,execution_finished,32,"[78, 6, 7, 8, 9, 10, 11, 12, 13, 14, 15, 16, 17, 18, 19, 20, 21, 22, 23, 24, 25, 26, 27, 28, 29, 30, 51, 54, 55, 60, 61, 79]",961634.0,959324,459,962093.0,459,962093.0,False,962093.0
40296,execution_finished,2,"[4, 5]",961236.0,958536,973,962209.0,973,962209.0,False,962209.0
40320,execution_finished,8,"[22, 23, 24, 25, 26, 27, 28, 29]",962093.0,961103,117,962210.0,117,962210.0,False,962210.0
40299,execution_finished,32,"[41, 42, 43, 44, 84, 85, 86, 87, 88, 89, 90, 91, 92, 93, 94, 95, 100, 101, 102, 103, 104, 105, 106, 107, 108, 109, 110, 111, 112, 113, 114, 115]",961146.0,958912,1124,962270.0,1124,962270.0,False,962270.0
40332,execution_finished,8,"[4, 5, 22, 23, 24, 25, 26, 27]",962210.0,961749,69,962279.0,69,962279.0,False,962279.0
40317,execution_finished,8,"[14, 15, 16, 17, 18, 19, 20, 21]",962093.0,960872,194,962287.0,194,962287.0,False,962287.0
40336,execution_finished,8,"[114, 115, 4, 5, 22, 23, 24, 25]",962279.0,962095,76,962355.0,76,962355.0,False,962355.0
40337,execution_finished,8,"[26, 27, 14, 15, 16, 17, 18, 19]",962287.0,962183,68,962355.0,68,962355.0,False,962355.0
40338,execution_finished,8,"[20, 21, 4, 5, 14, 15, 16, 17]",962355.0,962302,58,962413.0,58,962413.0,False,962413.0
40339,execution_finished,8,"[18, 19, 22, 23, 24, 25, 26, 27]",962367.0,962367,62,962429.0,62,962429.0,False,962429.0
40302,execution_finished,8,"[6, 7, 8, 9, 10, 11, 12, 13]",962093.0,959353,430,962523.0,430,962523.0,False,962523.0
40341,execution_finished,8,"[115, 4, 5, 14, 15, 16, 17, 20]",962509.0,962509,73,962582.0,73,962582.0,False,962582.0
40343,execution_finished,8,"[21, 18, 19, 22, 23, 24, 25, 26]",962627.0,962627,62,962689.0,62,962689.0,False,962689.0
40310,execution_finished,32,"[28, 29, 41, 42, 43, 44, 84, 85, 86, 87, 88, 89, 90, 91, 92, 93, 94, 95, 100, 101, 102, 103, 104, 105, 106, 107, 108, 109, 110, 111, 112, 113]",962270.0,960066,444,962714.0,444,962714.0,False,962714.0
40344,execution_finished,1,[85],962732.0,962732,15,962747.0,15,962747.0,False,962747.0
40308,execution_finished,1,[121],962739.0,960039,21,962760.0,21,962760.0,False,962760.0
40311,execution_finished,2,"[126, 127]",962774.0,960074,4,962778.0,4,962778.0,False,962778.0
40309,execution_finished,4,"[122, 123, 124, 125]",962752.0,960052,38,962790.0,38,962790.0,False,962790.0
40321,execution_finished,8,"[30, 51, 54, 55, 60, 61, 78, 79]",962093.0,961142,703,962796.0,703,962796.0,False,962796.0
40334,execution_finished,2,"[59, 76]",961894.0,961894,926,962820.0,926,962820.0,False,962820.0
40333,execution_finished,4,"[2, 3, 77, 80]",961903.0,961873,945,962848.0,945,962848.0,False,962848.0
40345,execution_finished,8,"[30, 51, 54, 55, 60, 61, 78, 79]",962861.0,962795,60,962921.0,60,962921.0,False,962921.0
40346,execution_finished,8,"[59, 76, 2, 3, 77, 80, 30, 51]",962921.0,962861,69,962990.0,69,962990.0,False,962990.0
40316,execution_finished,32,"[86, 87, 88, 89, 90, 91, 92, 93, 94, 95, 100, 101, 102, 103, 104, 105, 106, 107, 108, 109, 110, 111, 112, 113, 85, 121, 126, 127, 122, 123, 124, 125]",962790.0,960827,238,963028.0,238,963028.0,False,963028.0
40348,execution_finished,8,"[54, 55, 60, 61, 78, 79, 2, 3]",962990.0,962938,607,963597.0,607,963597.0,False,963597.0
40349,execution_finished,8,"[2, 3, 54, 55, 60, 61, 78, 79]",963597.0,962962,57,963654.0,57,963654.0,False,963654.0
40351,execution_finished,8,"[2, 3, 54, 55, 60, 61, 78, 79]",963654.0,963116,88,963742.0,88,963742.0,False,963742.0
40319,execution_finished,32,"[30, 51, 59, 76, 77, 80, 85, 86, 87, 88, 89, 90, 91, 92, 93, 94, 95, 100, 101, 102, 103, 104, 105, 106, 107, 108, 109, 110, 111, 112, 113, 121]",963028.0,961087,756,963784.0,756,963784.0,False,963784.0
40352,execution_finished,8,"[2, 3, 54, 55, 60, 61, 78, 79]",963742.0,963136,407,964149.0,407,964149.0,False,964149.0
40354,execution_finished,8,"[2, 3, 54, 55, 60, 61, 78, 79]",964149.0,963231,70,964219.0,70,964219.0,False,964219.0
40358,execution_finished,8,"[2, 3, 54, 55, 60, 61, 78, 79]",964219.0,963478,128,964347.0,128,964347.0,False,964347.0
40359,execution_finished,1,[2],964347.0,963502,18,964365.0,18,964365.0,False,964365.0
40366,execution_finished,1,[55],964347.0,964050,28,964375.0,28,964375.0,False,964375.0
40362,execution_finished,1,[54],964347.0,963731,39,964386.0,39,964386.0,False,964386.0
40361,execution_finished,1,[3],964347.0,963675,43,964390.0,43,964390.0,False,964390.0
40347,execution_finished,32,"[30, 51, 59, 76, 77, 80, 85, 86, 87, 88, 89, 90, 91, 92, 93, 94, 95, 100, 101, 102, 103, 104, 105, 106, 107, 108, 109, 110, 111, 112, 113, 121]",963784.0,962902,644,964428.0,644,964428.0,False,964428.0
40315,execution_finished,2,"[62, 63]",963912.0,960767,979,964891.0,979,964891.0,False,964891.0
40372,execution_finished,1,[62],964891.0,964807,20,964911.0,20,964911.0,False,964911.0
40314,execution_finished,4,"[0, 1, 48, 50]",963912.0,960743,1001,964913.0,1001,964913.0,False,964913.0
40340,execution_finished,8,"[49, 52, 53, 97, 98, 99, 116, 114]",965138.0,962438,62,965200.0,62,965200.0,False,965200.0
40377,execution_finished,8,"[1, 48, 50, 49, 52, 53, 97, 98]",965200.0,965057,75,965275.0,75,965275.0,False,965275.0
40378,execution_finished,8,"[99, 114, 116, 1, 48, 49, 50, 52]",965376.0,965376,66,965442.0,66,965442.0,False,965442.0
40367,execution_finished,4,"[60, 61, 78, 79]",964347.0,964085,1098,965445.0,1098,965445.0,False,965445.0
40368,execution_finished,2,"[2, 55]",964375.0,964107,1078,965453.0,1078,965453.0,False,965453.0
40379,execution_finished,8,"[53, 97, 98, 1, 48, 49, 50, 52]",965442.0,965388,55,965497.0,55,965497.0,False,965497.0
40381,execution_finished,8,"[99, 114, 116, 60, 61, 78, 79, 2]",965477.0,965477,62,965539.0,62,965539.0,False,965539.0
40383,execution_finished,8,"[55, 1, 48, 49, 50, 52, 53, 97]",965552.0,965552,57,965609.0,57,965609.0,False,965609.0
40313,execution_finished,32,"[27, 6, 7, 8, 9, 10, 11, 12, 13, 4, 5, 14, 15, 16, 17, 20, 115, 18, 19, 21, 22, 23, 24, 25, 26, 28, 29, 41, 42, 43, 44, 84]",962714.0,960557,2942,965656.0,2942,965656.0,False,965656.0
40385,execution_finished,8,"[116, 1, 48, 49, 50, 52, 53, 55]",965609.0,965601,60,965669.0,60,965669.0,False,965669.0
40360,execution_finished,32,"[54, 3, 30, 51, 59, 76, 77, 80, 85, 86, 87, 88, 89, 90, 91, 92, 93, 94, 95, 100, 101, 102, 103, 104, 105, 106, 107, 108, 109, 110, 111, 112]",964428.0,963536,1252,965680.0,1252,965680.0,False,965680.0
40384,execution_finished,8,"[98, 2, 60, 61, 78, 79, 99, 114]",965583.0,965583,137,965720.0,137,965720.0,False,965720.0
40386,execution_finished,8,"[115, 1, 48, 49, 50, 52, 53, 55]",965669.0,965665,54,965723.0,54,965723.0,False,965723.0
40387,execution_finished,8,"[112, 2, 60, 61, 78, 79, 98, 99]",965721.0,965672,52,965773.0,52,965773.0,False,965773.0
40388,execution_finished,8,"[114, 1, 48, 49, 50, 52, 53, 55]",965748.0,965721,94,965842.0,94,965842.0,False,965842.0
40391,execution_finished,8,"[78, 79, 98, 99, 112, 1, 48, 49]",965842.0,965840,102,965944.0,102,965944.0,False,965944.0
40392,execution_finished,8,"[50, 52, 53, 55, 114, 1, 48, 49]",965944.0,965933,71,966015.0,71,966015.0,False,966015.0
40393,execution_finished,8,"[78, 79, 98, 99, 112, 1, 48, 49]",966015.0,965945,90,966105.0,90,966105.0,False,966105.0
40396,execution_finished,8,"[50, 52, 53, 55, 114, 1, 48, 49]",966105.0,966015,66,966171.0,66,966171.0,False,966171.0
40397,execution_finished,8,"[78, 79, 98, 99, 112, 1, 48, 49]",966171.0,966050,80,966251.0,80,966251.0,False,966251.0
40398,execution_finished,8,"[50, 52, 53, 55, 114, 1, 48, 49]",966251.0,966107,58,966309.0,58,966309.0,False,966309.0
40399,execution_finished,8,"[78, 79, 98, 99, 112, 1, 48, 49]",966309.0,966146,8,966317.0,8,966317.0,False,966317.0
40400,execution_finished,8,"[50, 52, 53, 55, 114, 1, 48, 49]",966317.0,966174,6,966323.0,6,966323.0,False,966323.0
40363,execution_finished,32,"[97, 4, 5, 6, 7, 8, 9, 10, 11, 12, 13, 14, 15, 16, 17, 18, 19, 20, 21, 22, 23, 24, 25, 26, 27, 28, 29, 41, 42, 43, 44, 84]",965656.0,963835,696,966352.0,696,966352.0,False,966352.0
40401,execution_finished,8,"[78, 79, 98, 99, 112, 1, 48, 49]",966323.0,966194,54,966377.0,54,966377.0,False,966377.0
40382,execution_finished,32,"[50, 52, 53, 55, 114, 4, 5, 6, 7, 8, 9, 10, 11, 12, 13, 14, 15, 16, 17, 18, 19, 20, 21, 22, 23, 24, 25, 26, 27, 28, 29, 41]",966352.0,965548,173,966525.0,173,966525.0,False,966525.0
40404,execution_finished,8,"[42, 43, 44, 84, 97, 1, 48, 49]",966491.0,966491,653,967144.0,653,967144.0,False,967144.0
40408,execution_finished,2,"[53, 55]",966724.0,966724,1084,967808.0,1084,967808.0,False,967808.0
40419,execution_finished,1,[53],967808.0,967743,20,967828.0,20,967828.0,False,967828.0
40390,execution_finished,4,"[115, 2, 60, 61]",965830.0,965830,2191,968021.0,2191,968021.0,False,968021.0
40417,execution_finished,4,"[55, 53, 2, 60]",968021.0,967713,54,968075.0,54,968075.0,False,968075.0
40374,execution_finished,32,"[116, 3, 30, 51, 54, 59, 76, 77, 80, 85, 86, 87, 88, 89, 90, 91, 92, 93, 94, 95, 100, 101, 102, 103, 104, 105, 106, 107, 108, 109, 110, 111]",965680.0,964876,2862,968542.0,2862,968542.0,False,968542.0
40364,execution_finished,8,"[122, 123, 124, 125, 126, 127, 62, 0]",967900.0,963866,667,968567.0,667,968567.0,False,968567.0
40411,execution_finished,8,"[0, 62, 122, 123, 124, 125, 126, 127]",968567.0,967013,106,968673.0,106,968673.0,False,968673.0
40270,execution_finished,4,"[56, 57, 38, 39]",958634.0,955569,10111,968745.0,10111,968745.0,False,968745.0
40389,execution_finished,32,"[78, 79, 98, 99, 112, 4, 5, 6, 7, 8, 9, 10, 11, 12, 13, 14, 15, 16, 17, 18, 19, 20, 21, 22, 23, 24, 25, 26, 27, 28, 29, 41]",966525.0,965748,2273,968798.0,2273,968798.0,False,968798.0
40420,execution_finished,8,"[38, 39, 56, 57, 4, 5, 6, 7]",968798.0,967874,62,968860.0,62,968860.0,False,968860.0
40422,execution_finished,8,"[8, 9, 10, 11, 12, 13, 14, 15]",968798.0,968050,116,968914.0,116,968914.0,False,968914.0
40415,execution_finished,8,"[0, 62, 122, 123, 124, 125, 126, 127]",968673.0,967228,306,968979.0,306,968979.0,False,968979.0
40403,execution_finished,32,"[3, 30, 51, 54, 59, 76, 77, 80, 85, 86, 87, 88, 89, 90, 91, 92, 93, 94, 95, 100, 101, 102, 103, 104, 105, 106, 107, 108, 109, 110, 111, 116]",968542.0,966451,690,969232.0,690,969232.0,False,969232.0
40435,execution_finished,1,[109],969330.0,969330,21,969351.0,21,969351.0,False,969351.0
40433,execution_finished,4,"[105, 106, 107, 108]",969232.0,968977,190,969422.0,190,969422.0,False,969422.0
40409,execution_finished,8,"[63, 1, 42, 43, 44, 48, 49, 84]",969844.0,966932,63,969907.0,63,969907.0,False,969907.0
40269,execution_finished,32,"[117, 118, 119, 120, 31, 32, 33, 34, 35, 36, 37, 40, 45, 46, 47, 58, 64, 65, 66, 67, 68, 69, 70, 71, 72, 73, 74, 75, 81, 82, 83, 96]",960051.0,955507,10175,970226.0,10175,970226.0,False,970226.0
40407,execution_finished,4,"[113, 121, 50, 52]",969424.0,966699,1107,970531.0,1107,970531.0,False,970531.0
40427,execution_finished,4,"[114, 16, 17, 18]",971498.0,968378,355,971853.0,355,971853.0,False,971853.0
40426,execution_finished,32,"[0, 62, 122, 123, 124, 125, 126, 127, 3, 30, 51, 54, 59, 76, 77, 80, 85, 86, 87, 88, 89, 90, 91, 92, 93, 94, 95, 100, 101, 102, 103, 104]",969232.0,968236,2811,972043.0,2811,972043.0,False,972043.0
40439,execution_finished,32,"[17, 18, 114, 0, 3, 30, 51, 54, 59, 62, 76, 77, 80, 85, 86, 87, 88, 89, 90, 91, 92, 93, 94, 95, 100, 101, 102, 103, 104, 122, 123, 124]",972043.0,970597,547,972590.0,547,972590.0,False,972590.0
40454,execution_finished,32,"[0, 3, 17, 18, 30, 51, 54, 59, 62, 76, 77, 80, 85, 86, 87, 88, 89, 90, 91, 92, 93, 94, 95, 100, 101, 102, 103, 104, 114, 122, 123, 124]",972590.0,971930,518,973108.0,518,973108.0,False,973108.0
40459,execution_finished,8,"[124, 123, 122, 114, 104, 103, 102, 101]",973108.0,972506,246,973354.0,246,973354.0,False,973354.0
40441,execution_finished,1,[55],973432.0,970732,20,973452.0,20,973452.0,False,973452.0
40468,execution_finished,1,[124],973469.0,973469,17,973486.0,17,973486.0,False,973486.0
40455,execution_finished,8,"[0, 3, 17, 18, 30, 51, 54, 59]",973108.0,971962,487,973595.0,487,973595.0,False,973595.0
40467,execution_finished,16,"[124, 123, 122, 114, 104, 103, 102, 101, 59, 55, 54, 51, 30, 18, 17, 3]",973595.0,973426,179,973774.0,179,973774.0,False,973774.0
40471,execution_finished,8,"[124, 123, 122, 114, 104, 103, 102, 101]",973886.0,973886,274,974160.0,274,974160.0,False,974160.0
40472,execution_finished,1,[101],974198.0,974198,23,974221.0,23,974221.0,False,974221.0
40476,execution_finished,8,"[124, 123, 122, 114, 104, 103, 102, 101]",974317.0,974317,125,974442.0,125,974442.0,False,974442.0
40478,execution_finished,1,[101],974442.0,974362,21,974463.0,21,974463.0,False,974463.0
40445,execution_finished,1,[107],974553.0,971240,7,974560.0,7,974560.0,False,974560.0
40443,execution_finished,1,[15],974553.0,971049,17,974570.0,17,974570.0,False,974570.0
40444,execution_finished,4,"[60, 97, 105, 106]",974553.0,971086,40,974593.0,40,974593.0,False,974593.0
40440,execution_finished,8,"[1, 42, 43, 44, 48, 49, 63, 84]",974743.0,970628,516,975259.0,516,975259.0,False,975259.0
40451,execution_finished,2,"[116, 16]",974553.0,971531,1041,975594.0,1041,975594.0,False,975594.0
40450,execution_finished,4,"[108, 109, 110, 111]",974553.0,971509,1060,975613.0,1060,975613.0,False,975613.0
40446,execution_finished,32,"[31, 32, 33, 34, 35, 36, 37, 40, 45, 46, 47, 58, 64, 65, 66, 67, 68, 69, 70, 71, 72, 73, 74, 75, 81, 82, 83, 96, 117, 118, 119, 120]",975026.0,971314,2881,977907.0,2881,977907.0,False,977907.0
40486,execution_finished,1,[87],977959.0,975223,19,977978.0,19,977978.0,False,977978.0
40487,execution_finished,1,[88],977959.0,975226,30,977989.0,30,977989.0,False,977989.0
40488,execution_finished,1,[89],978152.0,975452,23,978175.0,23,978175.0,False,978175.0
40458,execution_finished,32,"[31, 32, 33, 34, 35, 36, 37, 40, 45, 46, 47, 58, 64, 65, 66, 67, 68, 69, 70, 71, 72, 73, 74, 75, 81, 82, 83, 96, 117, 118, 119, 120]",977907.0,972471,280,978187.0,280,978187.0,False,978187.0
40466,execution_finished,32,"[87, 88, 89, 31, 32, 33, 34, 35, 36, 37, 40, 45, 46, 47, 58, 64, 65, 66, 67, 68, 69, 70, 71, 72, 73, 74, 75, 81, 82, 83, 96, 117]",978187.0,973157,226,978413.0,226,978413.0,False,978413.0
40485,execution_finished,8,"[50, 52, 62, 76, 77, 80, 85, 86]",977959.0,975178,597,978556.0,597,978556.0,False,978556.0
40470,execution_finished,32,"[118, 119, 120, 31, 32, 33, 34, 35, 36, 37, 40, 45, 46, 47, 58, 64, 65, 66, 67, 68, 69, 70, 71, 72, 73, 74, 75, 81, 82, 83, 87, 88]",978413.0,973862,297,978710.0,297,978710.0,False,978710.0
40475,execution_finished,32,"[89, 96, 117, 50, 52, 62, 76, 77, 80, 85, 86, 31, 32, 33, 34, 35, 36, 37, 40, 45, 46, 47, 58, 64, 65, 66, 67, 68, 69, 70, 71, 72]",978710.0,974275,169,978879.0,169,978879.0,False,978879.0
40489,execution_finished,4,"[90, 91, 92, 93]",978334.0,975634,1059,979393.0,1059,979393.0,False,979393.0
40490,execution_finished,2,"[94, 95]",978355.0,975655,1040,979395.0,1040,979395.0,False,979395.0
40497,execution_finished,1,[90],979500.0,979500,14,979514.0,14,979514.0,False,979514.0
40424,execution_finished,4,"[61, 115, 2, 53]",968128.0,968128,11499,979627.0,11499,979627.0,False,979627.0
40501,execution_finished,1,[115],979802.0,979802,43,979845.0,43,979845.0,False,979845.0
40502,execution_finished,1,[115],979857.0,979857,19,979876.0,19,979876.0,False,979876.0
40500,execution_finished,4,"[90, 2, 53, 61]",979785.0,979785,176,979961.0,176,979961.0,False,979961.0
40457,execution_finished,32,"[0, 1, 3, 15, 17, 18, 30, 42, 43, 44, 48, 49, 51, 54, 55, 59, 60, 63, 84, 97, 100, 101, 102, 103, 104, 105, 106, 107, 113, 114, 121, 122]",980059.0,972459,6,980065.0,6,980065.0,False,980065.0
40423,execution_finished,32,"[19, 20, 21, 22, 23, 24, 25, 26, 27, 28, 29, 41, 78, 79, 98, 99, 112, 4, 5, 6, 7, 38, 39, 56, 57, 8, 9, 10, 11, 12, 13, 14]",968914.0,968051,11576,980490.0,11576,980490.0,False,980490.0
40495,execution_finished,1,[109],980678.0,977251,17,980695.0,17,980695.0,False,980695.0
40494,execution_finished,1,[108],980678.0,976608,18,980696.0,18,980696.0,False,980696.0
40491,execution_finished,1,[16],980678.0,976141,20,980698.0,20,980698.0,False,980698.0
40484,execution_finished,32,"[90, 0, 1, 3, 15, 17, 18, 30, 42, 43, 44, 48, 49, 51, 54, 55, 59, 60, 63, 84, 97, 100, 101, 102, 103, 104, 105, 106, 107, 113, 114, 121]",980065.0,975131,642,980707.0,642,980707.0,False,980707.0
40499,execution_finished,32,"[16, 0, 1, 3, 15, 17, 18, 30, 42, 43, 44, 48, 49, 51, 54, 55, 59, 60, 63, 84, 90, 97, 100, 101, 102, 103, 104, 105, 106, 107, 113, 114]",980707.0,979721,238,980945.0,238,980945.0,False,980945.0
40505,execution_finished,32,"[121, 0, 1, 3, 15, 16, 17, 18, 30, 42, 43, 44, 48, 49, 51, 54, 55, 59, 60, 63, 84, 90, 97, 100, 101, 102, 103, 104, 105, 106, 107, 113]",980945.0,979988,595,981540.0,595,981540.0,False,981540.0
40477,execution_finished,32,"[73, 74, 75, 81, 82, 83, 87, 88, 118, 119, 120, 31, 32, 33, 34, 35, 36, 37, 40, 45, 46, 47, 50, 52, 58, 62, 64, 65, 66, 67, 68, 69]",978879.0,974352,2896,981775.0,2896,981775.0,False,981775.0
40503,execution_finished,4,"[115, 2, 53, 61]",979961.0,979881,2097,982058.0,2097,982058.0,False,982058.0
40519,execution_finished,2,"[2, 53]",982092.0,982092,52,982144.0,52,982144.0,False,982144.0
40518,execution_finished,4,"[31, 32, 33, 34]",982070.0,982070,80,982150.0,80,982150.0,False,982150.0
40504,execution_finished,2,"[109, 108]",980696.0,979903,2077,982773.0,2077,982773.0,False,982773.0
40510,execution_finished,32,"[0, 1, 3, 15, 16, 17, 18, 30, 42, 43, 44, 48, 49, 51, 54, 55, 59, 60, 63, 84, 90, 97, 100, 101, 102, 103, 104, 105, 106, 107, 113, 121]",981540.0,980611,1561,983101.0,1561,983101.0,False,983101.0
40506,execution_finished,4,"[70, 71, 72, 76]",983679.0,980064,520,984199.0,520,984199.0,False,984199.0
40512,execution_finished,4,"[77, 80, 85, 86]",984240.0,980676,1485,985725.0,1485,985725.0,False,985725.0
40492,execution_finished,32,"[4, 5, 6, 7, 8, 9, 10, 11, 12, 13, 14, 19, 20, 21, 22, 23, 24, 25, 26, 27, 28, 29, 38, 39, 41, 56, 57, 78, 79, 98, 99, 112]",980490.0,976440,5699,986189.0,5699,986189.0,False,986189.0
40493,execution_finished,8,"[110, 111, 116, 123, 124, 125, 126, 127]",981256.0,976466,5673,986929.0,5673,986929.0,False,986929.0
40522,execution_finished,64,"[4, 5, 6, 7, 8, 9, 10, 11, 12, 13, 14, 19, 20, 21, 22, 23, 24, 25, 26, 27, 28, 29, 38, 39, 41, 56, 57, 70, 71, 72, 76, 77, 78, 79, 80, 85, 86, 98, 99, 103, 104, 105, 106, 107, 108, 109, 110, 111, 112, 113, 114, 115, 116, 117, 118, 119, 120, 121, 122, 123, 124, 125, 126, 127]",991729.0,982195,5733,997462.0,5733,997462.0,False,997462.0
40537,execution_finished,1,[106],997462.0,990666,9,997471.0,9,997471.0,False,997471.0
40521,execution_finished,64,"[0, 1, 2, 3, 15, 16, 17, 18, 30, 31, 32, 33, 34, 35, 36, 37, 40, 42, 43, 44, 45, 46, 47, 48, 49, 50, 51, 52, 53, 54, 55, 58, 59, 60, 61, 62, 63, 64, 65, 66, 67, 68, 69, 73, 74, 75, 81, 82, 83, 84, 87, 88, 89, 90, 91, 92, 93, 94, 95, 96, 97, 100, 101, 102]",987901.0,982148,9899,997800.0,9899,997800.0,False,997800.0
40524,execution_finished,2,"[8, 9]",997462.0,987965,1978,999440.0,1978,999440.0,False,999440.0
40523,execution_finished,4,"[4, 5, 6, 7]",997462.0,987941,1999,999461.0,1999,999461.0,False,999461.0
40527,execution_finished,4,"[99, 103, 104, 105]",997462.0,988257,3798,1001260.0,3798,1001260.0,False,1001260.0
40526,execution_finished,32,"[10, 11, 12, 13, 14, 19, 20, 21, 22, 23, 24, 25, 26, 27, 28, 29, 38, 39, 41, 56, 57, 70, 71, 72, 76, 77, 78, 79, 80, 85, 86, 98]",997462.0,988203,3849,1001311.0,3849,1001311.0,False,1001311.0
40545,execution_finished,128,"[0, 1, 2, 3, 4, 5, 6, 7, 8, 9, 10, 11, 12, 13, 14, 15, 16, 17, 18, 19, 20, 21, 22, 23, 24, 25, 26, 27, 28, 29, 30, 31, 32, 33, 34, 35, 36, 37, 38, 39, 40, 41, 42, 43, 44, 45, 46, 47, 48, 49, 50, 51, 52, 53, 54, 55, 56, 57, 58, 59, 60, 61, 62, 63, 64, 65, 66, 67, 68, 69, 70, 71, 72, 73, 74, 75, 76, 77, 78, 79, 80, 81, 82, 83, 84, 85, 86, 87, 88, 89, 90, 91, 92, 93, 94, 95, 96, 97, 98, 99, 100, 101, 102, 103, 104, 105, 106, 107, 108, 109, 110, 111, 112, 113, 114, 115, 116, 117, 118, 119, 120, 121, 122, 123, 124, 125, 126, 127]",1006111.0,992059,106,1006217.0,106,1006217.0,False,1006217.0
40552,execution_finished,4,"[96, 97, 98, 99]",1006217.0,992417,9595,1015812.0,9595,1015812.0,False,1015812.0
40550,execution_finished,32,"[64, 65, 66, 67, 68, 69, 70, 71, 72, 73, 74, 75, 76, 77, 78, 79, 80, 81, 82, 83, 84, 85, 86, 87, 88, 89, 90, 91, 92, 93, 94, 95]",1006217.0,992354,9653,1015870.0,9653,1015870.0,False,1015870.0
40546,execution_finished,64,"[0, 1, 2, 3, 4, 5, 6, 7, 8, 9, 10, 11, 12, 13, 14, 15, 16, 17, 18, 19, 20, 21, 22, 23, 24, 25, 26, 27, 28, 29, 30, 31, 32, 33, 34, 35, 36, 37, 38, 39, 40, 41, 42, 43, 44, 45, 46, 47, 48, 49, 50, 51, 52, 53, 54, 55, 56, 57, 58, 59, 60, 61, 62, 63]",1006217.0,992171,9835,1016052.0,9835,1016052.0,False,1016052.0
40624,execution_finished,64,"[68, 69, 70, 71, 72, 73, 74, 75, 76, 77, 78, 79, 80, 81, 82, 83, 84, 85, 86, 87, 88, 89, 90, 91, 92, 93, 94, 95, 0, 1, 2, 3, 4, 5, 6, 7, 8, 9, 10, 11, 12, 13, 14, 15, 16, 17, 18, 19, 20, 21, 22, 23, 24, 25, 26, 27, 28, 29, 30, 31, 32, 33, 34, 35]",1016052.0,1002023,9827,1025879.0,9827,1025879.0,False,1025879.0
40669,execution_finished,1,[94],1025879.0,1024876,16,1025895.0,16,1025895.0,False,1025895.0
40674,execution_finished,1,[95],1025879.0,1025800,19,1025898.0,19,1025898.0,False,1025898.0
40630,execution_finished,32,"[0, 1, 2, 3, 4, 5, 6, 7, 8, 9, 10, 11, 12, 13, 14, 15, 16, 17, 18, 19, 20, 21, 22, 23, 24, 25, 26, 27, 28, 29, 30, 31]",1025879.0,1014484,30,1025909.0,30,1025909.0,False,1025909.0
40648,execution_finished,1,[33],1025879.0,1016966,30,1025909.0,30,1025909.0,False,1025909.0
40665,execution_finished,16,"[78, 79, 80, 81, 82, 83, 84, 85, 86, 87, 88, 89, 90, 91, 92, 93]",1025879.0,1022962,57,1025936.0,57,1025936.0,False,1025936.0
40666,execution_finished,16,"[94, 95, 0, 1, 2, 3, 4, 5, 6, 7, 8, 9, 10, 11, 12, 13]",1025909.0,1023228,74,1025983.0,74,1025983.0,False,1025983.0
40667,execution_finished,32,"[14, 15, 16, 17, 18, 19, 20, 21, 22, 23, 24, 25, 26, 27, 28, 29, 30, 31, 33, 78, 79, 80, 81, 82, 83, 84, 85, 86, 87, 88, 89, 90]",1025936.0,1023320,83,1026019.0,83,1026019.0,False,1026019.0
40670,execution_finished,4,"[13, 94, 95, 14]",1026019.0,1025042,62,1026081.0,62,1026081.0,False,1026081.0
40671,execution_finished,32,"[15, 16, 17, 18, 19, 20, 21, 22, 23, 24, 25, 26, 27, 28, 29, 30, 31, 33, 78, 79, 80, 81, 82, 83, 84, 85, 86, 87, 88, 89, 90, 13]",1026081.0,1025142,72,1026153.0,72,1026153.0,False,1026153.0
40668,execution_finished,16,"[91, 92, 93, 0, 1, 2, 3, 4, 5, 6, 7, 8, 9, 10, 11, 12]",1025983.0,1024858,191,1026174.0,191,1026174.0,False,1026174.0
40672,execution_finished,32,"[14, 94, 95, 13, 15, 16, 17, 18, 19, 20, 21, 22, 23, 24, 25, 26, 27, 28, 29, 30, 31, 33, 78, 79, 80, 81, 82, 83, 84, 85, 86, 87]",1026153.0,1025339,29,1026182.0,29,1026182.0,False,1026182.0
40638,execution_finished,1,[32],1025879.0,1016070,870,1026749.0,870,1026749.0,False,1026749.0
40692,execution_finished,4,"[79, 80, 81, 82]",1030982.0,1027669,42,1031024.0,42,1031024.0,False,1031024.0
40707,execution_finished,1,[80],1031024.0,1029735,4,1031028.0,4,1031028.0,False,1031028.0
40708,execution_finished,1,[81],1031024.0,1029967,5,1031029.0,5,1031029.0,False,1031029.0
40689,execution_finished,8,"[26, 27, 28, 29, 30, 31, 33, 78]",1030982.0,1027550,52,1031034.0,52,1031034.0,False,1031034.0
40710,execution_finished,1,[82],1031024.0,1030008,16,1031040.0,16,1031040.0,False,1031040.0
40706,execution_finished,1,[79],1031024.0,1029668,21,1031045.0,21,1031045.0,False,1031045.0
40711,execution_finished,1,[80],1031028.0,1030011,21,1031049.0,21,1031049.0,False,1031049.0
40716,execution_finished,1,[82],1031040.0,1030440,9,1031049.0,9,1031049.0,False,1031049.0
40712,execution_finished,1,[81],1031029.0,1030041,22,1031051.0,22,1031051.0,False,1031051.0
40720,execution_finished,4,"[79, 80, 82, 81]",1031051.0,1030645,44,1031095.0,44,1031095.0,False,1031095.0
40694,execution_finished,4,"[83, 84, 85, 86]",1031067.0,1028367,54,1031121.0,54,1031121.0,False,1031121.0
40722,execution_finished,4,"[79, 80, 81, 82]",1031095.0,1030796,26,1031121.0,26,1031121.0,False,1031121.0
40723,execution_finished,4,"[79, 80, 81, 82]",1031121.0,1030919,47,1031168.0,47,1031168.0,False,1031168.0
40714,execution_finished,8,"[26, 27, 28, 29, 30, 31, 33, 78]",1031034.0,1030205,675,1031709.0,675,1031709.0,False,1031709.0
40699,execution_finished,1,[32],1031688.0,1028988,24,1031712.0,24,1031712.0,False,1031712.0
40731,execution_finished,1,[30],1031709.0,1031526,16,1031725.0,16,1031725.0,False,1031725.0
40732,execution_finished,1,[31],1031709.0,1031563,19,1031728.0,19,1031728.0,False,1031728.0
40726,execution_finished,4,"[26, 27, 28, 29]",1031709.0,1031095,29,1031738.0,29,1031738.0,False,1031738.0
40724,execution_finished,8,"[83, 84, 85, 86, 79, 80, 81, 82]",1031168.0,1030930,636,1031804.0,636,1031804.0,False,1031804.0
40734,execution_finished,4,"[29, 79, 80, 81]",1031804.0,1031755,36,1031840.0,36,1031840.0,False,1031840.0
40702,execution_finished,1,[87],1031837.0,1029137,21,1031858.0,21,1031858.0,False,1031858.0
40736,execution_finished,4,"[82, 83, 84, 85]",1031867.0,1031867,26,1031893.0,26,1031893.0,False,1031893.0
40737,execution_finished,4,"[86, 29, 79, 80]",1031901.0,1031901,26,1031927.0,26,1031927.0,False,1031927.0
40703,execution_finished,1,[94],1031902.0,1029202,26,1031928.0,26,1031928.0,False,1031928.0
40704,execution_finished,1,[95],1031922.0,1029222,21,1031943.0,21,1031943.0,False,1031943.0
40738,execution_finished,4,"[81, 87, 82, 83]",1031972.0,1031972,38,1032010.0,38,1032010.0,False,1032010.0
40739,execution_finished,4,"[84, 85, 29, 79]",1032026.0,1032026,38,1032064.0,38,1032064.0,False,1032064.0
40733,execution_finished,8,"[33, 78, 32, 30, 31, 26, 27, 28]",1031738.0,1031624,653,1032391.0,653,1032391.0,False,1032391.0
40744,execution_finished,8,"[26, 27, 28, 30, 31, 32, 33, 78]",1032499.0,1032499,637,1033136.0,637,1033136.0,False,1033136.0
40746,execution_finished,8,"[26, 27, 28, 30, 31, 32, 33, 78]",1033136.0,1032661,88,1033224.0,88,1033224.0,False,1033224.0
40750,execution_finished,1,[32],1033224.0,1033091,6,1033230.0,6,1033230.0,False,1033230.0
40747,execution_finished,1,[26],1033224.0,1032696,17,1033241.0,17,1033241.0,False,1033241.0
40748,execution_finished,4,"[27, 28, 30, 31]",1033224.0,1032746,41,1033265.0,41,1033265.0,False,1033265.0
40676,execution_finished,32,"[88, 89, 90, 0, 1, 2, 3, 4, 5, 6, 7, 8, 9, 10, 11, 12, 91, 92, 93, 13, 14, 15, 16, 17, 18, 19, 20, 21, 22, 23, 24, 25]",1026182.0,1026026,9238,1035420.0,9238,1035420.0,False,1035420.0
40772,execution_finished,4,"[21, 20, 19, 18]",1035420.0,1034966,3,1035423.0,3,1035423.0,False,1035423.0
40769,execution_finished,4,"[88, 25, 24, 23]",1035420.0,1034586,4,1035424.0,4,1035424.0,False,1035424.0
40771,execution_finished,1,[22],1035420.0,1034808,7,1035427.0,7,1035427.0,False,1035427.0
40776,execution_finished,1,[16],1035420.0,1035276,18,1035438.0,18,1035438.0,False,1035438.0
40767,execution_finished,4,"[93, 92, 91, 90]",1035420.0,1034485,20,1035440.0,20,1035440.0,False,1035440.0
40768,execution_finished,1,[89],1035420.0,1034576,21,1035441.0,21,1035441.0,False,1035441.0
40775,execution_finished,1,[17],1035420.0,1035267,25,1035445.0,25,1035445.0,False,1035445.0
40760,execution_finished,1,[8],1035420.0,1034217,27,1035447.0,27,1035447.0,False,1035447.0
40759,execution_finished,4,"[4, 5, 6, 7]",1035420.0,1034213,52,1035472.0,52,1035472.0,False,1035472.0
40757,execution_finished,4,"[0, 1, 2, 3]",1035420.0,1034151,53,1035473.0,53,1035473.0,False,1035473.0
40751,execution_finished,4,"[80, 86, 94, 95]",1036743.0,1033575,19,1036762.0,19,1036762.0,False,1036762.0
40754,execution_finished,4,"[29, 79, 84, 85]",1036864.0,1033724,43,1036907.0,43,1036907.0,False,1036907.0
40752,execution_finished,4,"[81, 82, 83, 87]",1036810.0,1033580,346,1037156.0,346,1037156.0,False,1037156.0
40770,execution_finished,4,"[29, 79, 84, 85]",1036907.0,1034618,312,1037219.0,312,1037219.0,False,1037219.0
40798,execution_finished,1,[85],1037219.0,1037101,6,1037225.0,6,1037225.0,False,1037225.0
40780,execution_finished,1,[29],1037219.0,1035862,9,1037228.0,9,1037228.0,False,1037228.0
40795,execution_finished,1,[79],1037219.0,1036928,16,1037235.0,16,1037235.0,False,1037235.0
40764,execution_finished,32,"[9, 10, 11, 12, 13, 14, 15, 18, 19, 20, 21, 23, 24, 25, 88, 22, 16, 90, 91, 92, 93, 89, 17, 8, 4, 5, 6, 7, 0, 1, 2, 3]",1035473.0,1034393,1764,1037237.0,1764,1037237.0,False,1037237.0
40797,execution_finished,1,[84],1037219.0,1037079,41,1037260.0,41,1037260.0,False,1037260.0
40784,execution_finished,4,"[91, 92, 93, 84]",1037260.0,1036118,148,1037408.0,148,1037408.0,False,1037408.0
40774,execution_finished,4,"[81, 82, 83, 87]",1037156.0,1035144,343,1037499.0,343,1037499.0,False,1037499.0
40788,execution_finished,4,"[81, 82, 83, 87]",1037499.0,1036311,41,1037540.0,41,1037540.0,False,1037540.0
40789,execution_finished,4,"[81, 82, 83, 87]",1037540.0,1036390,45,1037585.0,45,1037585.0,False,1037585.0
40790,execution_finished,4,"[81, 82, 83, 87]",1037585.0,1036508,62,1037647.0,62,1037647.0,False,1037647.0
40791,execution_finished,4,"[81, 82, 83, 87]",1037647.0,1036519,87,1037734.0,87,1037734.0,False,1037734.0
40801,execution_finished,4,"[81, 82, 83, 87]",1037734.0,1037242,45,1037779.0,45,1037779.0,False,1037779.0
40804,execution_finished,4,"[81, 82, 83, 87]",1037779.0,1037412,59,1037838.0,59,1037838.0,False,1037838.0
40811,execution_finished,4,"[81, 82, 83, 87]",1037838.0,1037718,62,1037900.0,62,1037900.0,False,1037900.0
40814,execution_finished,1,[81],1037966.0,1037966,6,1037972.0,6,1037972.0,False,1037972.0
40755,execution_finished,4,"[26, 32, 33, 78]",1038041.0,1033827,51,1038092.0,51,1038092.0,False,1038092.0
40815,execution_finished,2,"[82, 83]",1038007.0,1038007,142,1038149.0,142,1038149.0,False,1038149.0
40793,execution_finished,8,"[87, 81, 26, 32, 33, 78, 82, 83]",1038149.0,1036734,68,1038217.0,68,1038217.0,False,1038217.0
40802,execution_finished,8,"[26, 32, 33, 78, 81, 82, 83, 87]",1038217.0,1037281,59,1038276.0,59,1038276.0,False,1038276.0
40803,execution_finished,8,"[26, 32, 33, 78, 81, 82, 83, 87]",1038276.0,1037391,66,1038342.0,66,1038342.0,False,1038342.0
40805,execution_finished,8,"[26, 32, 33, 78, 81, 82, 83, 87]",1038342.0,1037510,55,1038397.0,55,1038397.0,False,1038397.0
40756,execution_finished,4,"[27, 28, 30, 31]",1038065.0,1033977,362,1038427.0,362,1038427.0,False,1038427.0
40766,execution_finished,4,"[80, 86, 94, 95]",1036762.0,1034479,1673,1038435.0,1673,1038435.0,False,1038435.0
40819,execution_finished,1,[27],1038427.0,1038351,17,1038444.0,17,1038444.0,False,1038444.0
40808,execution_finished,8,"[26, 32, 33, 78, 81, 82, 83, 87]",1038397.0,1037652,72,1038469.0,72,1038469.0,False,1038469.0
40810,execution_finished,8,"[28, 30, 31, 80, 86, 94, 95, 27]",1038444.0,1037715,72,1038516.0,72,1038516.0,False,1038516.0
40821,execution_finished,1,[27],1038535.0,1038535,22,1038557.0,22,1038557.0,False,1038557.0
40822,execution_finished,8,"[28, 30, 31, 80, 86, 94, 95, 27]",1038583.0,1038583,72,1038655.0,72,1038655.0,False,1038655.0
40777,execution_finished,32,"[85, 29, 79, 0, 1, 2, 3, 4, 5, 6, 7, 8, 9, 10, 11, 12, 13, 14, 15, 16, 17, 18, 19, 20, 21, 22, 23, 24, 25, 88, 89, 90]",1037237.0,1035508,1567,1038804.0,1567,1038804.0,False,1038804.0
40823,execution_finished,2,"[27, 28]",1038698.0,1038698,193,1038891.0,193,1038891.0,False,1038891.0
40826,execution_finished,4,"[29, 79, 85, 88]",1039027.0,1039027,30,1039057.0,30,1039057.0,False,1039057.0
40827,execution_finished,4,"[89, 90, 27, 28]",1039038.0,1039038,23,1039061.0,23,1039061.0,False,1039061.0
40828,execution_finished,4,"[29, 79, 85, 88]",1039057.0,1039046,218,1039275.0,218,1039275.0,False,1039275.0
40787,execution_finished,4,"[84, 91, 92, 93]",1037408.0,1036272,2632,1040040.0,2632,1040040.0,False,1040040.0
40836,execution_finished,4,"[84, 91, 92, 93]",1040040.0,1039425,39,1040079.0,39,1040079.0,False,1040079.0
40839,execution_finished,4,"[84, 91, 92, 93]",1040079.0,1039571,43,1040122.0,43,1040122.0,False,1040122.0
40842,execution_finished,4,"[84, 91, 92, 93]",1040122.0,1039851,27,1040149.0,27,1040149.0,False,1040149.0
40830,execution_finished,8,"[27, 28, 89, 90, 29, 79, 85, 88]",1039275.0,1039226,906,1040181.0,906,1040181.0,False,1040181.0
40843,execution_finished,4,"[84, 91, 92, 93]",1040149.0,1040003,48,1040197.0,48,1040197.0,False,1040197.0
40832,execution_finished,8,"[27, 28, 29, 79, 85, 88, 89, 90]",1040181.0,1039284,214,1040395.0,214,1040395.0,False,1040395.0
40846,execution_finished,8,"[84, 91, 92, 93, 27, 28, 29, 79]",1040395.0,1040395,205,1040600.0,205,1040600.0,False,1040600.0
40849,execution_finished,1,[29],1040616.0,1040616,45,1040661.0,45,1040661.0,False,1040661.0
40785,execution_finished,32,"[30, 31, 80, 86, 94, 95, 0, 1, 2, 3, 4, 5, 6, 7, 8, 9, 10, 11, 12, 13, 14, 15, 16, 17, 18, 19, 20, 21, 22, 23, 24, 25]",1038804.0,1036178,2425,1041229.0,2425,1041229.0,False,1041229.0
40794,execution_finished,16,"[0, 1, 2, 3, 4, 5, 6, 7, 8, 9, 10, 11, 12, 13, 14, 15]",1041229.0,1036854,72,1041301.0,72,1041301.0,False,1041301.0
40850,execution_finished,8,"[15, 14, 13, 12, 11, 10, 9, 8]",1041301.0,1040635,37,1041338.0,37,1041338.0,False,1041338.0
40853,execution_finished,8,"[7, 6, 5, 4, 3, 2, 1, 0]",1041301.0,1041000,48,1041349.0,48,1041349.0,False,1041349.0
40860,execution_finished,1,[15],1041343.0,1041343,26,1041369.0,26,1041369.0,False,1041369.0
40796,execution_finished,16,"[16, 17, 18, 19, 20, 21, 22, 23, 24, 25, 30, 31, 80, 86, 94, 95]",1041229.0,1037006,152,1041381.0,152,1041381.0,False,1041381.0
40847,execution_finished,4,"[85, 88, 89, 90]",1040398.0,1040398,2204,1042602.0,2204,1042602.0,False,1042602.0
40848,execution_finished,2,"[27, 28]",1040600.0,1040427,2180,1042780.0,2180,1042780.0,False,1042780.0
40799,execution_finished,32,"[8, 9, 10, 11, 12, 13, 14, 0, 1, 2, 3, 4, 5, 6, 7, 15, 16, 17, 18, 19, 20, 21, 22, 23, 24, 25, 30, 31, 80, 86, 94, 95]",1041381.0,1037162,2192,1043573.0,2192,1043573.0,False,1043573.0
40816,execution_finished,32,"[0, 1, 2, 3, 4, 5, 6, 7, 8, 9, 10, 11, 12, 13, 14, 15, 16, 17, 18, 19, 20, 21, 22, 23, 24, 25, 30, 31, 80, 86, 94, 95]",1043573.0,1038198,119,1043692.0,119,1043692.0,False,1043692.0
40653,execution_finished,8,"[70, 71, 72, 73, 74, 75, 76, 77]",1025879.0,1019485,17952,1043831.0,17952,1043831.0,False,1043831.0
40852,execution_finished,8,"[77, 76, 75, 74, 73, 72, 71, 70]",1043831.0,1040713,130,1043961.0,130,1043961.0,False,1043961.0
40884,execution_finished,1,[77],1043961.0,1043527,31,1043992.0,31,1043992.0,False,1043992.0
40881,execution_finished,1,[76],1043961.0,1043404,74,1044035.0,74,1044035.0,False,1044035.0
40885,execution_finished,1,[77],1043992.0,1043602,111,1044103.0,111,1044103.0,False,1044103.0
40878,execution_finished,1,[75],1043961.0,1043230,147,1044108.0,147,1044108.0,False,1044108.0
40820,execution_finished,8,"[26, 32, 33, 78, 81, 82, 83, 87]",1038469.0,1038391,6431,1044900.0,6431,1044900.0,False,1044900.0
40891,execution_finished,1,[83],1044900.0,1044466,9,1044909.0,9,1044909.0,False,1044909.0
40900,execution_finished,1,[83],1044921.0,1044921,26,1044947.0,26,1044947.0,False,1044947.0
40872,execution_finished,4,"[33, 78, 81, 82]",1044900.0,1043013,58,1044958.0,58,1044958.0,False,1044958.0
40875,execution_finished,4,"[83, 33, 78, 81]",1044958.0,1043093,45,1045003.0,45,1045003.0,False,1045003.0
40902,execution_finished,1,[83],1045067.0,1045067,7,1045074.0,7,1045074.0,False,1045074.0
40905,execution_finished,1,[83],1045295.0,1045295,35,1045330.0,35,1045330.0,False,1045330.0
40907,execution_finished,1,[83],1045379.0,1045379,8,1045387.0,8,1045387.0,False,1045387.0
40898,execution_finished,1,[87],1044900.0,1044849,494,1045394.0,494,1045394.0,False,1045394.0
40899,execution_finished,2,"[83, 87]",1045394.0,1044870,142,1045536.0,142,1045536.0,False,1045536.0
40909,execution_finished,1,[83],1045536.0,1045422,74,1045610.0,74,1045610.0,False,1045610.0
40870,execution_finished,1,[29],1045633.0,1042933,7,1045640.0,7,1045640.0,False,1045640.0
40873,execution_finished,1,[79],1045718.0,1043018,42,1045760.0,42,1045760.0,False,1045760.0
40874,execution_finished,1,[84],1045749.0,1043049,76,1045825.0,76,1045825.0,False,1045825.0
40879,execution_finished,4,"[87, 83, 29, 79]",1045760.0,1043351,84,1045844.0,84,1045844.0,False,1045844.0
40917,execution_finished,1,[87],1045948.0,1045948,99,1046047.0,99,1046047.0,False,1046047.0
40920,execution_finished,1,[87],1046138.0,1046138,4,1046142.0,4,1046142.0,False,1046142.0
40921,execution_finished,1,[87],1046176.0,1046176,166,1046342.0,166,1046342.0,False,1046342.0
40882,execution_finished,2,"[76, 77]",1044103.0,1043429,2345,1046448.0,2345,1046448.0,False,1046448.0
40652,execution_finished,32,"[36, 37, 38, 39, 40, 41, 42, 43, 44, 45, 46, 47, 48, 49, 50, 51, 52, 53, 54, 55, 56, 57, 58, 59, 60, 61, 62, 63, 34, 35, 68, 69]",1028579.0,1019461,17972,1046551.0,17972,1046551.0,False,1046551.0
40927,execution_finished,1,[76],1046546.0,1046546,71,1046617.0,71,1046617.0,False,1046617.0
40825,execution_finished,32,"[77, 34, 35, 36, 37, 38, 39, 40, 41, 42, 43, 44, 45, 46, 47, 48, 49, 50, 51, 52, 53, 54, 55, 56, 57, 58, 59, 60, 61, 62, 63, 68]",1046551.0,1038909,120,1046671.0,120,1046671.0,False,1046671.0
40929,execution_finished,1,[69],1046669.0,1046669,28,1046697.0,28,1046697.0,False,1046697.0
40855,execution_finished,8,"[91, 92, 93, 70, 71, 72, 73, 74]",1046661.0,1041061,126,1046787.0,126,1046787.0,False,1046787.0
40833,execution_finished,32,"[76, 34, 35, 36, 37, 38, 39, 40, 41, 42, 43, 44, 45, 46, 47, 48, 49, 50, 51, 52, 53, 54, 55, 56, 57, 58, 59, 60, 61, 62, 63, 68]",1046671.0,1039329,125,1046796.0,125,1046796.0,False,1046796.0
40931,execution_finished,1,[77],1046751.0,1046751,51,1046802.0,51,1046802.0,False,1046802.0
40933,execution_finished,1,[76],1046957.0,1046957,8,1046965.0,8,1046965.0,False,1046965.0
40935,execution_finished,2,"[77, 76]",1046992.0,1046992,88,1047080.0,88,1047080.0,False,1047080.0
40937,execution_finished,1,[76],1047295.0,1047295,52,1047347.0,52,1047347.0,False,1047347.0
40939,execution_finished,1,[76],1047427.0,1047427,65,1047492.0,65,1047492.0,False,1047492.0
40627,execution_finished,4,"[100, 101, 102, 103]",1018512.0,1002374,29040,1047552.0,29040,1047552.0,False,1047552.0
40887,execution_finished,4,"[103, 102, 101, 100]",1047552.0,1043933,50,1047602.0,50,1047602.0,False,1047602.0
40888,execution_finished,4,"[103, 102, 101, 100]",1047602.0,1044005,60,1047662.0,60,1047662.0,False,1047662.0
40626,execution_finished,32,"[104, 105, 106, 107, 108, 109, 110, 111, 112, 113, 114, 115, 116, 117, 118, 119, 120, 121, 122, 123, 124, 125, 126, 127, 96, 97, 98, 99, 64, 65, 66, 67]",1018570.0,1002309,29104,1047674.0,29104,1047674.0,False,1047674.0
40932,execution_finished,4,"[103, 102, 101, 100]",1047662.0,1046753,12,1047674.0,12,1047674.0,False,1047674.0
40865,execution_finished,8,"[69, 70, 71, 72, 73, 74, 91, 92]",1046787.0,1042511,914,1047701.0,914,1047701.0,False,1047701.0
40886,execution_finished,8,"[127, 69, 70, 71, 72, 73, 74, 91]",1047701.0,1043718,68,1047769.0,68,1047769.0,False,1047769.0
40858,execution_finished,8,"[27, 28, 85, 88, 89, 90, 26, 32]",1047600.0,1041242,216,1047816.0,216,1047816.0,False,1047816.0
40889,execution_finished,8,"[92, 69, 70, 71, 72, 73, 74, 91]",1047769.0,1044075,78,1047847.0,78,1047847.0,False,1047847.0
40890,execution_finished,4,"[123, 124, 125, 126]",1047674.0,1044157,188,1047862.0,188,1047862.0,False,1047862.0
40942,execution_finished,1,[90],1047837.0,1047837,33,1047870.0,33,1047870.0,False,1047870.0
40893,execution_finished,4,"[127, 26, 27, 28]",1047816.0,1044496,62,1047878.0,62,1047878.0,False,1047878.0
40894,execution_finished,4,"[32, 85, 88, 89]",1047816.0,1044597,85,1047901.0,85,1047901.0,False,1047901.0
40895,execution_finished,4,"[69, 70, 71, 72]",1047847.0,1044688,63,1047910.0,63,1047910.0,False,1047910.0
40934,execution_finished,4,"[73, 74, 91, 92]",1047847.0,1046969,109,1047956.0,109,1047956.0,False,1047956.0
40840,execution_finished,32,"[76, 64, 65, 66, 67, 96, 97, 98, 99, 100, 101, 102, 103, 104, 105, 106, 107, 108, 109, 110, 111, 112, 113, 114, 115, 116, 117, 118, 119, 120, 121, 122]",1047674.0,1039751,380,1048054.0,380,1048054.0,False,1048054.0
40880,execution_finished,4,"[84, 29, 79, 83]",1045844.0,1043397,2374,1048218.0,2374,1048218.0,False,1048218.0
40911,execution_finished,8,"[116, 117, 118, 119, 120, 121, 122, 29]",1048218.0,1045650,38,1048256.0,38,1048256.0,False,1048256.0
40913,execution_finished,8,"[79, 83, 84, 29, 116, 117, 118, 119]",1048256.0,1045743,354,1048610.0,354,1048610.0,False,1048610.0
40922,execution_finished,8,"[29, 79, 83, 84, 116, 117, 118, 119]",1048610.0,1046235,72,1048682.0,72,1048682.0,False,1048682.0
40835,execution_finished,32,"[93, 34, 35, 36, 37, 38, 39, 40, 41, 42, 43, 44, 45, 46, 47, 48, 49, 50, 51, 52, 53, 54, 55, 56, 57, 58, 59, 60, 61, 62, 63, 68]",1046796.0,1039370,1968,1048764.0,1968,1048764.0,False,1048764.0
40918,execution_finished,2,"[75, 87]",1049148.0,1046051,299,1049447.0,299,1049447.0,False,1049447.0
40877,execution_finished,4,"[82, 33, 78, 81]",1045003.0,1043220,4577,1049580.0,4577,1049580.0,False,1049580.0
40941,execution_finished,2,"[90, 26]",1047878.0,1047549,2131,1050009.0,2131,1050009.0,False,1050009.0
40940,execution_finished,4,"[123, 124, 125, 126]",1047862.0,1047528,2149,1050011.0,2149,1050011.0,False,1050011.0
40861,execution_finished,32,"[70, 71, 72, 73, 74, 91, 92, 64, 65, 66, 67, 76, 96, 97, 98, 99, 100, 101, 102, 103, 104, 105, 106, 107, 108, 109, 110, 111, 112, 113, 114, 115]",1048054.0,1041375,2024,1050078.0,2024,1050078.0,False,1050078.0
40818,execution_finished,32,"[0, 1, 2, 3, 4, 5, 6, 7, 8, 9, 10, 11, 12, 13, 14, 15, 16, 17, 18, 19, 20, 21, 22, 23, 24, 25, 30, 31, 80, 86, 94, 95]",1043692.0,1038343,6477,1050169.0,6477,1050169.0,False,1050169.0
40943,execution_finished,8,"[23, 22, 21, 20, 19, 18, 17, 16]",1050169.0,1047866,78,1050247.0,78,1050247.0,False,1050247.0
40938,execution_finished,8,"[95, 94, 86, 80, 31, 30, 25, 24]",1050169.0,1047416,93,1050262.0,93,1050262.0,False,1050262.0
40903,execution_finished,16,"[110, 111, 112, 113, 114, 115, 0, 1, 2, 3, 4, 5, 6, 7, 8, 9]",1050169.0,1045106,94,1050263.0,94,1050263.0,False,1050263.0
40964,execution_finished,1,[10],1050262.0,1050262,36,1050298.0,36,1050298.0,False,1050298.0
40904,execution_finished,32,"[11, 12, 13, 14, 15, 16, 17, 18, 19, 20, 21, 22, 23, 24, 25, 30, 31, 80, 86, 94, 95, 0, 1, 2, 3, 4, 5, 6, 7, 8, 9, 110]",1050263.0,1045263,143,1050406.0,143,1050406.0,False,1050406.0
40968,execution_finished,1,[31],1050617.0,1050617,46,1050663.0,46,1050663.0,False,1050663.0
40971,execution_finished,1,[31],1050743.0,1050743,42,1050785.0,42,1050785.0,False,1050785.0
40908,execution_finished,8,"[27, 28, 127, 32, 85, 88, 89, 69]",1047910.0,1045413,2983,1050893.0,2983,1050893.0,False,1050893.0
40924,execution_finished,8,"[29, 79, 83, 84, 116, 117, 118, 119]",1048682.0,1046491,2250,1050932.0,2250,1050932.0,False,1050932.0
40972,execution_finished,1,[127],1050914.0,1050914,38,1050952.0,38,1050952.0,False,1050952.0
40926,execution_finished,8,"[31, 27, 28, 32, 69, 85, 88, 89]",1050893.0,1046495,120,1051013.0,120,1051013.0,False,1051013.0
40973,execution_finished,1,[89],1051040.0,1051040,39,1051079.0,39,1051079.0,False,1051079.0
40975,execution_finished,1,[89],1051241.0,1051241,40,1051281.0,40,1051281.0,False,1051281.0
40976,execution_finished,1,[89],1051325.0,1051325,94,1051419.0,94,1051419.0,False,1051419.0
40883,execution_finished,32,"[26, 90, 123, 124, 125, 126, 64, 65, 66, 67, 70, 71, 72, 73, 74, 76, 91, 92, 96, 97, 98, 99, 100, 101, 102, 103, 104, 105, 106, 107, 108, 109]",1050078.0,1043437,1475,1051553.0,1475,1051553.0,False,1051553.0
40912,execution_finished,32,"[89, 26, 64, 65, 66, 67, 70, 71, 72, 73, 74, 76, 90, 91, 92, 96, 97, 98, 99, 100, 101, 102, 103, 104, 105, 106, 107, 108, 109, 123, 124, 125]",1051553.0,1045708,41,1051594.0,41,1051594.0,False,1051594.0
40914,execution_finished,32,"[126, 26, 64, 65, 66, 67, 70, 71, 72, 73, 74, 76, 89, 90, 91, 92, 96, 97, 98, 99, 100, 101, 102, 103, 104, 105, 106, 107, 108, 109, 123, 124]",1051594.0,1045768,32,1051626.0,32,1051626.0,False,1051626.0
40915,execution_finished,32,"[125, 26, 64, 65, 66, 67, 70, 71, 72, 73, 74, 76, 89, 90, 91, 92, 96, 97, 98, 99, 100, 101, 102, 103, 104, 105, 106, 107, 108, 109, 123, 124]",1051626.0,1045844,49,1051675.0,49,1051675.0,False,1051675.0
40980,execution_finished,1,[126],1051654.0,1051654,47,1051701.0,47,1051701.0,False,1051701.0
40965,execution_finished,1,[120],1053070.0,1050370,37,1053107.0,37,1053107.0,False,1053107.0
40958,execution_finished,8,"[127, 27, 28, 31, 32, 69, 85, 88]",1051013.0,1048856,2259,1053272.0,2259,1053272.0,False,1053272.0
40966,execution_finished,1,[121],1053237.0,1050537,47,1053284.0,47,1053284.0,False,1053284.0
40967,execution_finished,1,[122],1053294.0,1050594,18,1053312.0,18,1053312.0,False,1053312.0
40993,execution_finished,2,"[127, 121]",1053284.0,1052890,76,1053360.0,76,1053360.0,False,1053360.0
40992,execution_finished,4,"[32, 69, 85, 88]",1053272.0,1052869,96,1053368.0,96,1053368.0,False,1053368.0
40876,execution_finished,32,"[34, 35, 36, 37, 38, 39, 40, 41, 42, 43, 44, 45, 46, 47, 48, 49, 50, 51, 52, 53, 54, 55, 56, 57, 58, 59, 60, 61, 62, 63, 68, 93]",1048764.0,1043154,4642,1053406.0,4642,1053406.0,False,1053406.0
40906,execution_finished,32,"[111, 112, 113, 114, 115, 10, 0, 1, 2, 3, 4, 5, 6, 7, 8, 9, 11, 12, 13, 14, 15, 16, 17, 18, 19, 20, 21, 22, 23, 24, 25, 30]",1050406.0,1045363,3032,1053438.0,3032,1053438.0,False,1053438.0
40944,execution_finished,32,"[88, 34, 35, 36, 37, 38, 39, 40, 41, 42, 43, 44, 45, 46, 47, 48, 49, 50, 51, 52, 53, 54, 55, 56, 57, 58, 59, 60, 61, 62, 63, 68]",1053406.0,1048033,44,1053450.0,44,1053450.0,False,1053450.0
40947,execution_finished,32,"[115, 34, 35, 36, 37, 38, 39, 40, 41, 42, 43, 44, 45, 46, 47, 48, 49, 50, 51, 52, 53, 54, 55, 56, 57, 58, 59, 60, 61, 62, 63, 68]",1053450.0,1048099,4,1053454.0,4,1053454.0,False,1053454.0
40950,execution_finished,32,"[88, 34, 35, 36, 37, 38, 39, 40, 41, 42, 43, 44, 45, 46, 47, 48, 49, 50, 51, 52, 53, 54, 55, 56, 57, 58, 59, 60, 61, 62, 63, 68]",1053454.0,1048200,72,1053526.0,72,1053526.0,False,1053526.0
40916,execution_finished,32,"[26, 64, 65, 66, 67, 70, 71, 72, 73, 74, 76, 89, 90, 91, 92, 96, 97, 98, 99, 100, 101, 102, 103, 104, 105, 106, 107, 108, 109, 123, 124, 125]",1051675.0,1045897,1938,1053613.0,1938,1053613.0,False,1053613.0
40955,execution_finished,32,"[88, 26, 64, 65, 66, 67, 70, 71, 72, 73, 74, 76, 89, 90, 91, 92, 96, 97, 98, 99, 100, 101, 102, 103, 104, 105, 106, 107, 108, 109, 123, 124]",1053613.0,1048546,37,1053650.0,37,1053650.0,False,1053650.0
40984,execution_finished,1,[78],1054636.0,1051936,38,1054674.0,38,1054674.0,False,1054674.0
40987,execution_finished,4,"[120, 27, 28, 31]",1053272.0,1052128,2514,1055786.0,2514,1055786.0,False,1055786.0
40995,execution_finished,1,[80],1055856.0,1053156,22,1055878.0,22,1055878.0,False,1055878.0
41000,execution_finished,2,"[122, 121]",1053360.0,1053334,2551,1055911.0,2551,1055911.0,False,1055911.0
40946,execution_finished,32,"[93, 0, 1, 2, 3, 4, 5, 6, 7, 8, 9, 10, 11, 12, 13, 14, 15, 16, 17, 18, 19, 20, 21, 22, 23, 24, 25, 30, 111, 112, 113, 114]",1053438.0,1048055,2478,1055916.0,2478,1055916.0,False,1055916.0
40954,execution_finished,4,"[77, 75, 87, 33]",1052280.0,1048385,3642,1055922.0,3642,1055922.0,False,1055922.0
40999,execution_finished,4,"[127, 32, 69, 85]",1053368.0,1053308,2573,1055941.0,2573,1055941.0,False,1055941.0
40989,execution_finished,8,"[93, 111, 112, 113, 114, 33, 75, 77]",1055922.0,1052674,31,1055953.0,31,1055953.0,False,1055953.0
40990,execution_finished,8,"[87, 32, 69, 85, 127, 33, 75, 77]",1055953.0,1052709,37,1055990.0,37,1055990.0,False,1055990.0
40977,execution_finished,2,"[81, 82]",1055972.0,1051462,144,1056116.0,144,1056116.0,False,1056116.0
40952,execution_finished,32,"[115, 34, 35, 36, 37, 38, 39, 40, 41, 42, 43, 44, 45, 46, 47, 48, 49, 50, 51, 52, 53, 54, 55, 56, 57, 58, 59, 60, 61, 62, 63, 68]",1053526.0,1048313,3714,1057240.0,3714,1057240.0,False,1057240.0
41011,execution_finished,2,"[81, 82]",1056326.0,1056326,2039,1058365.0,2039,1058365.0,False,1058365.0
40969,execution_finished,32,"[31, 120, 80, 121, 122, 0, 1, 2, 3, 4, 5, 6, 7, 8, 9, 10, 11, 12, 13, 14, 15, 16, 17, 18, 19, 20, 21, 22, 23, 24, 25, 30]",1055916.0,1050687,2466,1058382.0,2466,1058382.0,False,1058382.0
41003,execution_finished,32,"[81, 82, 0, 1, 2, 3, 4, 5, 6, 7, 8, 9, 10, 11, 12, 13, 14, 15, 16, 17, 18, 19, 20, 21, 22, 23, 24, 25, 30, 31, 80, 120]",1058382.0,1054147,450,1058832.0,450,1058832.0,False,1058832.0
41006,execution_finished,4,"[124, 126, 27, 28]",1058486.0,1054869,1277,1059763.0,1277,1059763.0,False,1059763.0
41016,execution_finished,1,[27],1059763.0,1059019,5,1059768.0,5,1059768.0,False,1059768.0
40986,execution_finished,32,"[34, 35, 36, 37, 38, 39, 40, 41, 42, 43, 44, 45, 46, 47, 48, 49, 50, 51, 52, 53, 54, 55, 56, 57, 58, 59, 60, 61, 62, 63, 68, 115]",1057240.0,1052053,2588,1059828.0,2588,1059828.0,False,1059828.0
41004,execution_finished,32,"[0, 1, 2, 3, 4, 5, 6, 7, 8, 9, 10, 11, 12, 13, 14, 15, 16, 17, 18, 19, 20, 21, 22, 23, 24, 25, 30, 31, 80, 81, 82, 120]",1058832.0,1054627,1348,1060180.0,1348,1060180.0,False,1060180.0
41017,execution_finished,4,"[28, 124, 126, 27]",1059768.0,1059077,721,1060489.0,721,1060489.0,False,1060489.0
41023,execution_finished,1,[28],1060489.0,1060134,38,1060527.0,38,1060527.0,False,1060527.0
41022,execution_finished,1,[27],1060489.0,1060064,43,1060532.0,43,1060532.0,False,1060532.0
41012,execution_finished,1,[32],1061111.0,1058411,22,1061133.0,22,1061133.0,False,1061133.0
41005,execution_finished,32,"[34, 35, 36, 37, 38, 39, 40, 41, 42, 43, 44, 45, 46, 47, 48, 49, 50, 51, 52, 53, 54, 55, 56, 57, 58, 59, 60, 61, 62, 63, 68, 115]",1059828.0,1054804,1342,1061170.0,1342,1061170.0,False,1061170.0
41009,execution_finished,4,"[93, 111, 112, 113]",1056214.0,1056214,5025,1061239.0,5025,1061239.0,False,1061239.0
41025,execution_finished,4,"[115, 93, 111, 112]",1061387.0,1061387,827,1062214.0,827,1062214.0,False,1062214.0
41028,execution_finished,1,[93],1062214.0,1061626,19,1062233.0,19,1062233.0,False,1062233.0
40985,execution_finished,4,"[86, 94, 95, 110]",1055972.0,1052046,6352,1062324.0,6352,1062324.0,False,1062324.0
41015,execution_finished,1,[127],1062463.0,1058783,9,1062472.0,9,1062472.0,False,1062472.0
41007,execution_finished,32,"[0, 1, 2, 3, 4, 5, 6, 7, 8, 9, 10, 11, 12, 13, 14, 15, 16, 17, 18, 19, 20, 21, 22, 23, 24, 25, 30, 31, 80, 81, 82, 120]",1060180.0,1056018,2388,1062568.0,2388,1062568.0,False,1062568.0
41013,execution_finished,4,"[78, 85, 87, 114]",1062463.0,1058427,326,1062789.0,326,1062789.0,False,1062789.0
41020,execution_finished,1,[122],1063189.0,1059981,34,1063223.0,34,1063223.0,False,1063223.0
41019,execution_finished,1,[121],1063189.0,1059896,53,1063242.0,53,1063242.0,False,1063242.0
41014,execution_finished,32,"[86, 94, 95, 110, 127, 0, 1, 2, 3, 4, 5, 6, 7, 8, 9, 10, 11, 12, 13, 14, 15, 16, 17, 18, 19, 20, 21, 22, 23, 24, 25, 30]",1062568.0,1058626,739,1063307.0,739,1063307.0,False,1063307.0
40957,execution_finished,8,"[29, 79, 83, 84, 116, 117, 118, 119]",1050932.0,1048795,12506,1063438.0,12506,1063438.0,False,1063438.0
41018,execution_finished,32,"[122, 121, 0, 1, 2, 3, 4, 5, 6, 7, 8, 9, 10, 11, 12, 13, 14, 15, 16, 17, 18, 19, 20, 21, 22, 23, 24, 25, 30, 86, 94, 95]",1063307.0,1059390,646,1063953.0,646,1063953.0,False,1063953.0
41010,execution_finished,4,"[33, 69, 75, 77]",1062463.0,1056304,2058,1064521.0,2058,1064521.0,False,1064521.0
41027,execution_finished,8,"[27, 28, 124, 126, 31, 80, 81, 82]",1065489.0,1061558,228,1065717.0,228,1065717.0,False,1065717.0
40956,execution_finished,32,"[125, 26, 64, 65, 66, 67, 70, 71, 72, 73, 74, 76, 88, 89, 90, 91, 92, 96, 97, 98, 99, 100, 101, 102, 103, 104, 105, 106, 107, 108, 109, 123]",1053650.0,1048754,12546,1066196.0,12546,1066196.0,False,1066196.0
41008,execution_finished,32,"[32, 34, 35, 36, 37, 38, 39, 40, 41, 42, 43, 44, 45, 46, 47, 48, 49, 50, 51, 52, 53, 54, 55, 56, 57, 58, 59, 60, 61, 62, 63, 68]",1061170.0,1056151,5088,1066258.0,5088,1066258.0,False,1066258.0
41026,execution_finished,32,"[32, 34, 35, 36, 37, 38, 39, 40, 41, 42, 43, 44, 45, 46, 47, 48, 49, 50, 51, 52, 53, 54, 55, 56, 57, 58, 59, 60, 61, 62, 63, 68]",1066258.0,1061532,252,1066510.0,252,1066510.0,False,1066510.0
41024,execution_finished,32,"[26, 64, 65, 66, 67, 70, 71, 72, 73, 74, 76, 88, 89, 90, 91, 92, 96, 97, 98, 99, 100, 101, 102, 103, 104, 105, 106, 107, 108, 109, 123, 125]",1066196.0,1061327,886,1067082.0,886,1067082.0,False,1067082.0
41031,execution_finished,32,"[26, 64, 65, 66, 67, 70, 71, 72, 73, 74, 76, 88, 89, 90, 91, 92, 96, 97, 98, 99, 100, 101, 102, 103, 104, 105, 106, 107, 108, 109, 123, 125]",1067082.0,1062512,370,1067452.0,370,1067452.0,False,1067452.0
41030,execution_finished,4,"[111, 112, 115, 93]",1062294.0,1062294,6542,1068836.0,6542,1068836.0,False,1068836.0
41034,execution_finished,1,[27],1071239.0,1068539,41,1071280.0,41,1071280.0,False,1071280.0
41021,execution_finished,32,"[0, 1, 2, 3, 4, 5, 6, 7, 8, 9, 10, 11, 12, 13, 14, 15, 16, 17, 18, 19, 20, 21, 22, 23, 24, 25, 30, 86, 94, 95, 121, 122]",1063953.0,1060063,8467,1072420.0,8467,1072420.0,False,1072420.0
41029,execution_finished,32,"[32, 34, 35, 36, 37, 38, 39, 40, 41, 42, 43, 44, 45, 46, 47, 48, 49, 50, 51, 52, 53, 54, 55, 56, 57, 58, 59, 60, 61, 62, 63, 68]",1066510.0,1062222,6314,1072824.0,6314,1072824.0,False,1072824.0
41033,execution_finished,8,"[113, 110, 127, 29, 79, 83, 84, 116]",1066138.0,1062920,9593,1075731.0,9593,1075731.0,False,1075731.0
41032,execution_finished,32,"[26, 64, 65, 66, 67, 70, 71, 72, 73, 74, 76, 88, 89, 90, 91, 92, 96, 97, 98, 99, 100, 101, 102, 103, 104, 105, 106, 107, 108, 109, 123, 125]",1067452.0,1062896,9617,1077069.0,9617,1077069.0,False,1077069.0
41037,execution_finished,8,"[26, 64, 65, 66, 67, 70, 71, 72]",1077069.0,1072573,7580,1084649.0,7580,1084649.0,False,1084649.0
41036,execution_finished,32,"[75, 77, 78, 80, 81, 82, 85, 86, 87, 93, 94, 95, 111, 112, 114, 115, 117, 118, 119, 120, 121, 122, 124, 126, 29, 79, 83, 84, 110, 113, 116, 127]",1078431.0,1072544,7609,1086040.0,7609,1086040.0,False,1086040.0
41042,execution_finished,1,[80],1086040.0,1080707,5,1086045.0,5,1086045.0,False,1086045.0
41041,execution_finished,1,[79],1086040.0,1080492,10,1086050.0,10,1086050.0,False,1086050.0
41035,execution_finished,64,"[0, 1, 2, 3, 4, 5, 6, 7, 8, 9, 10, 11, 12, 13, 14, 15, 16, 17, 18, 19, 20, 21, 22, 23, 24, 25, 27, 28, 30, 31, 32, 33, 34, 35, 36, 37, 38, 39, 40, 41, 42, 43, 44, 45, 46, 47, 48, 49, 50, 51, 52, 53, 54, 55, 56, 57, 58, 59, 60, 61, 62, 63, 68, 69]",1077624.0,1068541,10935,1088559.0,10935,1088559.0,False,1088559.0
41087,execution_finished,1,[81],1090840.0,1086546,9,1090849.0,9,1090849.0,False,1090849.0
41039,execution_finished,4,"[29, 75, 77, 78]",1086040.0,1079754,6809,1092849.0,6809,1092849.0,False,1092849.0
41038,execution_finished,32,"[73, 74, 76, 88, 89, 90, 91, 92, 96, 97, 98, 99, 100, 101, 102, 103, 104, 105, 106, 107, 108, 109, 123, 125, 26, 64, 65, 66, 67, 70, 71, 72]",1087349.0,1079691,6869,1094218.0,6869,1094218.0,False,1094218.0
41088,execution_finished,64,"[0, 1, 2, 3, 4, 5, 6, 7, 8, 9, 10, 11, 12, 13, 14, 15, 16, 17, 18, 19, 20, 21, 22, 23, 24, 25, 27, 28, 30, 31, 32, 33, 34, 35, 36, 37, 38, 39, 40, 41, 42, 43, 44, 45, 46, 47, 48, 49, 50, 51, 52, 53, 54, 55, 56, 57, 58, 59, 60, 61, 62, 63, 68, 69]",1088559.0,1086575,10939,1099498.0,10939,1099498.0,False,1099498.0
41249,execution_finished,8,"[67, 70, 71, 72, 73, 74, 76, 88]",1104206.0,1101506,69,1104275.0,69,1104275.0,False,1104275.0
41250,execution_finished,32,"[0, 1, 2, 3, 4, 5, 6, 7, 8, 9, 10, 11, 12, 13, 14, 15, 16, 17, 18, 19, 20, 21, 22, 23, 24, 25, 27, 28, 30, 31, 32, 33]",1104298.0,1101582,291,1104589.0,291,1104589.0,False,1104589.0
41259,execution_finished,32,"[34, 35, 36, 37, 38, 39, 40, 41, 42, 43, 44, 45, 46, 47, 48, 49, 50, 51, 52, 53, 54, 55, 56, 57, 58, 59, 60, 61, 62, 63, 68, 69]",1104732.0,1102032,454,1105186.0,454,1105186.0,False,1105186.0
41318,execution_finished,16,"[34, 35, 36, 37, 38, 39, 40, 41, 42, 43, 44, 45, 46, 47, 48, 49]",1105186.0,1105152,92,1105278.0,92,1105278.0,False,1105278.0
41321,execution_finished,16,"[50, 51, 52, 53, 54, 55, 56, 57, 58, 59, 60, 61, 34, 35, 36, 37]",1105294.0,1105294,70,1105364.0,70,1105364.0,False,1105364.0
41325,execution_finished,16,"[38, 39, 40, 41, 42, 43, 44, 45, 46, 47, 48, 49, 34, 35, 36, 37]",1105390.0,1105390,56,1105446.0,56,1105446.0,False,1105446.0
41328,execution_finished,16,"[50, 51, 52, 53, 54, 55, 56, 57, 34, 35, 36, 37, 38, 39, 40, 41]",1105555.0,1105555,62,1105617.0,62,1105617.0,False,1105617.0
41330,execution_finished,16,"[42, 43, 44, 45, 46, 47, 48, 49, 34, 35, 36, 37, 38, 39, 40, 41]",1105627.0,1105627,70,1105697.0,70,1105697.0,False,1105697.0
41337,execution_finished,16,"[50, 51, 52, 53, 34, 35, 36, 37, 38, 39, 40, 41, 42, 43, 44, 45]",1105758.0,1105758,81,1105839.0,81,1105839.0,False,1105839.0
41340,execution_finished,1,[46],1105855.0,1105855,24,1105879.0,24,1105879.0,False,1105879.0
41341,execution_finished,16,"[54, 47, 48, 49, 34, 35, 36, 37, 38, 39, 40, 41, 42, 43, 44, 45]",1105864.0,1105864,73,1105937.0,73,1105937.0,False,1105937.0
41345,execution_finished,16,"[50, 46, 34, 35, 36, 37, 38, 39, 40, 41, 42, 43, 44, 45, 47, 48]",1106049.0,1106049,72,1106121.0,72,1106121.0,False,1106121.0
41348,execution_finished,16,"[54, 50, 49, 48, 47, 46, 45, 44, 43, 42, 41, 40, 39, 38, 37, 36]",1106148.0,1106148,73,1106221.0,73,1106221.0,False,1106221.0
41351,execution_finished,16,"[54, 50, 49, 48, 47, 46, 45, 44, 43, 42, 41, 40, 39, 38, 37, 36]",1106303.0,1106303,12,1106315.0,12,1106315.0,False,1106315.0
41352,execution_finished,16,"[54, 50, 49, 48, 47, 46, 45, 44, 43, 42, 41, 40, 39, 38, 37, 36]",1106413.0,1106413,35,1106448.0,35,1106448.0,False,1106448.0
41354,execution_finished,16,"[54, 50, 49, 48, 47, 46, 45, 44, 43, 42, 41, 40, 39, 38, 37, 36]",1106511.0,1106511,60,1106571.0,60,1106571.0,False,1106571.0
41355,execution_finished,16,"[54, 50, 49, 48, 47, 46, 45, 44, 43, 42, 41, 40, 39, 38, 37, 36]",1106572.0,1106572,661,1107233.0,661,1107233.0,False,1107233.0
41361,execution_finished,1,[40],1107268.0,1107268,4,1107272.0,4,1107272.0,False,1107272.0
41301,execution_finished,64,"[0, 1, 2, 3, 4, 5, 6, 7, 8, 9, 10, 11, 12, 13, 14, 15, 16, 17, 18, 19, 20, 21, 22, 23, 24, 25, 27, 28, 30, 31, 32, 33, 67, 70, 71, 72, 73, 74, 76, 88, 89, 90, 91, 92, 96, 97, 98, 99, 100, 101, 102, 103, 104, 105, 106, 107, 108, 109, 123, 125, 36, 37, 38, 39]",1109933.0,1104211,47,1109980.0,47,1109980.0,False,1109980.0
41305,execution_finished,64,"[0, 1, 2, 3, 4, 5, 6, 7, 8, 9, 10, 11, 12, 13, 14, 15, 16, 17, 18, 19, 20, 21, 22, 23, 24, 25, 27, 28, 30, 31, 32, 33, 36, 37, 38, 39, 67, 70, 71, 72, 73, 74, 76, 88, 89, 90, 91, 92, 96, 97, 98, 99, 100, 101, 102, 103, 104, 105, 106, 107, 108, 109, 123, 125]",1109980.0,1104325,185,1110165.0,185,1110165.0,False,1110165.0
41366,execution_finished,8,"[62, 63, 68, 69, 41, 42, 43, 44]",1110112.0,1107412,1908,1112020.0,1908,1112020.0,False,1112020.0
41365,execution_finished,32,"[36, 37, 38, 39, 67, 70, 71, 72, 73, 74, 76, 88, 89, 90, 91, 92, 96, 97, 98, 99, 100, 101, 102, 103, 104, 105, 106, 107, 108, 109, 123, 125]",1110165.0,1107372,1946,1112111.0,1946,1112111.0,False,1112111.0
41374,execution_finished,16,"[41, 42, 43, 44, 62, 63, 68, 69, 36, 37, 38, 39, 67, 70, 71, 72]",1112111.0,1108492,20,1112131.0,20,1112131.0,False,1112131.0
41405,execution_finished,16,"[125, 123, 109, 108, 107, 106, 105, 104, 72, 71, 70, 69, 68, 67, 63, 62]",1112131.0,1111945,63,1112194.0,63,1112194.0,False,1112194.0
41375,execution_finished,16,"[73, 74, 76, 88, 89, 90, 91, 92, 96, 97, 98, 99, 100, 101, 102, 103]",1112111.0,1108527,351,1112462.0,351,1112462.0,False,1112462.0
41384,execution_finished,32,"[62, 63, 67, 68, 69, 70, 71, 72, 104, 105, 106, 107, 108, 109, 123, 125, 73, 74, 76, 88, 89, 90, 91, 92, 96, 97, 98, 99, 100, 101, 102, 103]",1112462.0,1109491,136,1112598.0,136,1112598.0,False,1112598.0
41392,execution_finished,32,"[62, 63, 67, 68, 69, 70, 71, 72, 73, 74, 76, 88, 89, 90, 91, 92, 96, 97, 98, 99, 100, 101, 102, 103, 104, 105, 106, 107, 108, 109, 123, 125]",1112598.0,1110410,32,1112630.0,32,1112630.0,False,1112630.0
41395,execution_finished,32,"[62, 63, 67, 68, 69, 70, 71, 72, 73, 74, 76, 88, 89, 90, 91, 92, 96, 97, 98, 99, 100, 101, 102, 103, 104, 105, 106, 107, 108, 109, 123, 125]",1112630.0,1110496,190,1112820.0,190,1112820.0,False,1112820.0
41371,execution_finished,16,"[34, 35, 40, 45, 46, 47, 48, 49, 50, 51, 52, 53, 54, 55, 56, 57]",1112865.0,1108017,64,1112929.0,64,1112929.0,False,1112929.0
41410,execution_finished,16,"[34, 35, 40, 45, 46, 47, 48, 49, 50, 51, 52, 53, 54, 55, 56, 57]",1112929.0,1112231,262,1113191.0,262,1113191.0,False,1113191.0
41421,execution_finished,1,[54],1113228.0,1113228,22,1113250.0,22,1113250.0,False,1113250.0
41400,execution_finished,32,"[62, 63, 67, 68, 69, 70, 71, 72, 73, 74, 76, 88, 89, 90, 91, 92, 96, 97, 98, 99, 100, 101, 102, 103, 104, 105, 106, 107, 108, 109, 123, 125]",1112820.0,1111112,466,1113286.0,466,1113286.0,False,1113286.0
41422,execution_finished,1,[108],1113311.0,1113295,15,1113326.0,15,1113326.0,False,1113326.0
41411,execution_finished,32,"[55, 56, 57, 54, 62, 63, 67, 68, 69, 70, 71, 72, 73, 74, 76, 88, 89, 90, 91, 92, 96, 97, 98, 99, 100, 101, 102, 103, 104, 105, 106, 107]",1113286.0,1112252,302,1113588.0,302,1113588.0,False,1113588.0
41414,execution_finished,32,"[108, 54, 55, 56, 57, 62, 63, 67, 68, 69, 70, 71, 72, 73, 74, 76, 88, 89, 90, 91, 92, 96, 97, 98, 99, 100, 101, 102, 103, 104, 105, 106]",1113588.0,1112738,312,1113900.0,312,1113900.0,False,1113900.0
41423,execution_finished,32,"[54, 55, 56, 57, 62, 63, 67, 68, 69, 70, 71, 72, 73, 74, 76, 88, 89, 90, 91, 92, 96, 97, 98, 99, 100, 101, 102, 103, 104, 105, 106, 108]",1113900.0,1113311,749,1114649.0,749,1114649.0,False,1114649.0
41433,execution_finished,16,"[108, 106, 105, 104, 103, 102, 101, 100, 99, 98, 97, 96, 92, 91, 90, 89]",1114649.0,1114047,77,1114726.0,77,1114726.0,False,1114726.0
41438,execution_finished,1,[106],1114726.0,1114304,6,1114732.0,6,1114732.0,False,1114732.0
41425,execution_finished,16,"[54, 55, 56, 57, 62, 63, 67, 68, 69, 70, 71, 72, 73, 74, 76, 88]",1114649.0,1113389,96,1114745.0,96,1114745.0,False,1114745.0
41434,execution_finished,1,[108],1114726.0,1114133,19,1114745.0,19,1114745.0,False,1114745.0
41428,execution_finished,32,"[89, 90, 91, 92, 96, 97, 98, 99, 100, 101, 102, 103, 104, 105, 106, 54, 55, 56, 57, 62, 63, 67, 68, 69, 70, 71, 72, 73, 74, 76, 88, 108]",1114745.0,1113568,331,1115076.0,331,1115076.0,False,1115076.0
41431,execution_finished,16,"[54, 55, 56, 57, 62, 63, 67, 68, 69, 70, 71, 72, 73, 74, 76, 88]",1115076.0,1113801,165,1115241.0,165,1115241.0,False,1115241.0
41432,execution_finished,16,"[89, 90, 91, 92, 96, 97, 98, 99, 100, 101, 102, 103, 104, 105, 106, 108]",1115076.0,1113909,194,1115270.0,194,1115270.0,False,1115270.0
41415,execution_finished,16,"[58, 59, 60, 61, 34, 35, 40, 45, 46, 47, 48, 49, 50, 51, 52, 53]",1115891.0,1112796,249,1116140.0,249,1116140.0,False,1116140.0
41436,execution_finished,16,"[34, 35, 40, 45, 46, 47, 48, 49, 50, 51, 52, 53, 58, 59, 60, 61]",1116140.0,1114220,29,1116169.0,29,1116169.0,False,1116169.0
41444,execution_finished,16,"[34, 35, 40, 45, 46, 47, 48, 49, 50, 51, 52, 53, 58, 59, 60, 61]",1116169.0,1115466,29,1116198.0,29,1116198.0,False,1116198.0
41445,execution_finished,16,"[34, 35, 40, 45, 46, 47, 48, 49, 50, 51, 52, 53, 58, 59, 60, 61]",1116198.0,1115544,128,1116326.0,128,1116326.0,False,1116326.0
41342,execution_finished,32,"[0, 1, 2, 3, 4, 5, 6, 7, 8, 9, 10, 11, 12, 13, 14, 15, 16, 17, 18, 19, 20, 21, 22, 23, 24, 25, 27, 28, 30, 31, 32, 33]",1110165.0,1105881,7234,1117399.0,7234,1117399.0,False,1117399.0
41454,execution_finished,32,"[0, 1, 2, 3, 4, 5, 6, 7, 8, 9, 10, 11, 12, 13, 14, 15, 16, 17, 18, 19, 20, 21, 22, 23, 24, 25, 27, 28, 30, 31, 32, 33]",1117399.0,1116915,25,1117424.0,25,1117424.0,False,1117424.0
41456,execution_finished,32,"[0, 1, 2, 3, 4, 5, 6, 7, 8, 9, 10, 11, 12, 13, 14, 15, 16, 17, 18, 19, 20, 21, 22, 23, 24, 25, 27, 28, 30, 31, 32, 33]",1117424.0,1117095,326,1117750.0,326,1117750.0,False,1117750.0
41435,execution_finished,32,"[54, 55, 56, 57, 62, 63, 67, 68, 69, 70, 71, 72, 73, 74, 76, 88, 89, 90, 91, 92, 96, 97, 98, 99, 100, 101, 102, 103, 104, 105, 106, 108]",1115270.0,1114155,2996,1118266.0,2996,1118266.0,False,1118266.0
41467,execution_finished,1,[69],1118266.0,1118148,18,1118284.0,18,1118284.0,False,1118284.0
41466,execution_finished,8,"[54, 55, 56, 57, 62, 63, 67, 68]",1118266.0,1118067,53,1118319.0,53,1118319.0,False,1118319.0
41446,execution_finished,1,[36],1118898.0,1115636,19,1118917.0,19,1118917.0,False,1118917.0
41460,execution_finished,32,"[0, 1, 2, 3, 4, 5, 6, 7, 8, 9, 10, 11, 12, 13, 14, 15, 16, 17, 18, 19, 20, 21, 22, 23, 24, 25, 27, 28, 30, 31, 32, 33]",1117750.0,1117319,1734,1119484.0,1734,1119484.0,False,1119484.0
41472,execution_finished,32,"[0, 1, 2, 3, 4, 5, 6, 7, 8, 9, 10, 11, 12, 13, 14, 15, 16, 17, 18, 19, 20, 21, 22, 23, 24, 25, 27, 28, 30, 31, 32, 33]",1119484.0,1118411,124,1119608.0,124,1119608.0,False,1119608.0
41476,execution_finished,8,"[2, 3, 4, 5, 6, 7, 8, 9]",1119608.0,1118976,66,1119674.0,66,1119674.0,False,1119674.0
41474,execution_finished,2,"[0, 1]",1119608.0,1118831,130,1119738.0,130,1119738.0,False,1119738.0
41459,execution_finished,1,[43],1120124.0,1117298,20,1120144.0,20,1120144.0,False,1120144.0
41457,execution_finished,1,[42],1120124.0,1117184,44,1120168.0,44,1120168.0,False,1120168.0
41455,execution_finished,4,"[37, 38, 39, 41]",1120099.0,1116944,72,1120171.0,72,1120171.0,False,1120171.0
41479,execution_finished,2,"[43, 42]",1120168.0,1119132,193,1120361.0,193,1120361.0,False,1120361.0
41484,execution_finished,4,"[37, 38, 39, 41]",1120171.0,1119391,223,1120394.0,223,1120394.0,False,1120394.0
41491,execution_finished,1,[42],1120361.0,1119901,37,1120398.0,37,1120398.0,False,1120398.0
41478,execution_finished,32,"[10, 11, 12, 13, 14, 15, 16, 17, 18, 19, 20, 21, 22, 23, 24, 25, 27, 28, 30, 31, 32, 33, 2, 3, 4, 5, 6, 7, 8, 9, 0, 1]",1119738.0,1119098,755,1120493.0,755,1120493.0,False,1120493.0
41482,execution_finished,32,"[41, 42, 0, 1, 2, 3, 4, 5, 6, 7, 8, 9, 10, 11, 12, 13, 14, 15, 16, 17, 18, 19, 20, 21, 22, 23, 24, 25, 27, 28, 30, 31]",1120493.0,1119354,138,1120631.0,138,1120631.0,False,1120631.0
41489,execution_finished,4,"[43, 37, 38, 39]",1120394.0,1119696,288,1120682.0,288,1120682.0,False,1120682.0
41487,execution_finished,32,"[32, 33, 0, 1, 2, 3, 4, 5, 6, 7, 8, 9, 10, 11, 12, 13, 14, 15, 16, 17, 18, 19, 20, 21, 22, 23, 24, 25, 27, 28, 30, 31]",1120631.0,1119559,551,1121182.0,551,1121182.0,False,1121182.0
41469,execution_finished,8,"[34, 35, 40, 44, 45, 46, 47, 48]",1121126.0,1118286,63,1121189.0,63,1121189.0,False,1121189.0
41492,execution_finished,8,"[16, 17, 18, 19, 20, 21, 22, 23]",1121182.0,1119906,50,1121232.0,50,1121232.0,False,1121232.0
41488,execution_finished,8,"[0, 1, 2, 3, 4, 5, 6, 7]",1121182.0,1119689,56,1121238.0,56,1121238.0,False,1121238.0
41493,execution_finished,8,"[24, 25, 27, 28, 30, 31, 32, 33]",1121182.0,1120009,58,1121240.0,58,1121240.0,False,1121240.0
41490,execution_finished,8,"[8, 9, 10, 11, 12, 13, 14, 15]",1121182.0,1119769,61,1121243.0,61,1121243.0,False,1121243.0
41496,execution_finished,8,"[8, 9, 10, 11, 12, 13, 14, 15]",1121243.0,1120238,82,1121325.0,82,1121325.0,False,1121325.0
41501,execution_finished,4,"[41, 42, 37, 38]",1120891.0,1120891,446,1121337.0,446,1121337.0,False,1121337.0
41497,execution_finished,8,"[8, 9, 10, 11, 12, 13, 14, 15]",1121325.0,1120494,86,1121411.0,86,1121411.0,False,1121411.0
41499,execution_finished,8,"[37, 38, 41, 42, 8, 9, 10, 11]",1121411.0,1120615,58,1121469.0,58,1121469.0,False,1121469.0
41500,execution_finished,8,"[12, 13, 14, 15, 8, 9, 10, 11]",1121469.0,1120813,63,1121532.0,63,1121532.0,False,1121532.0
41477,execution_finished,1,[53],1121783.0,1119083,13,1121796.0,13,1121796.0,False,1121796.0
41512,execution_finished,4,"[11, 12, 13, 14]",1121706.0,1121706,283,1121989.0,283,1121989.0,False,1121989.0
41473,execution_finished,8,"[58, 59, 60, 61, 107, 109, 123, 125]",1122184.0,1118565,53,1122237.0,53,1122237.0,False,1122237.0
41517,execution_finished,4,"[11, 12, 13, 14]",1122218.0,1122218,165,1122383.0,165,1122383.0,False,1122383.0
41092,execution_finished,4,"[26, 64, 65, 66]",1094218.0,1086930,29779,1123997.0,29779,1123997.0,False,1123997.0
41528,execution_finished,4,"[26, 64, 65, 66]",1123997.0,1123455,20,1124017.0,20,1124017.0,False,1124017.0
41529,execution_finished,1,[26],1124017.0,1123464,7,1124024.0,7,1124024.0,False,1124024.0
41530,execution_finished,1,[64],1124017.0,1123479,21,1124038.0,21,1124038.0,False,1124038.0
41532,execution_finished,4,"[65, 66, 26, 64]",1124038.0,1123560,24,1124062.0,24,1124062.0,False,1124062.0
41533,execution_finished,4,"[26, 64, 65, 66]",1124062.0,1123615,43,1124105.0,43,1124105.0,False,1124105.0
41468,execution_finished,32,"[70, 71, 72, 73, 74, 76, 88, 89, 90, 91, 92, 96, 97, 98, 99, 100, 101, 102, 103, 104, 105, 106, 108, 69, 54, 55, 56, 57, 62, 63, 67, 68]",1118319.0,1118215,5869,1124188.0,5869,1124188.0,False,1124188.0
41535,execution_finished,4,"[26, 64, 65, 66]",1124105.0,1123863,94,1124199.0,94,1124199.0,False,1124199.0
41507,execution_finished,32,"[54, 55, 56, 57, 62, 63, 67, 68, 69, 70, 71, 72, 73, 74, 76, 88, 89, 90, 91, 92, 96, 97, 98, 99, 100, 101, 102, 103, 104, 105, 106, 108]",1124188.0,1121170,165,1124353.0,165,1124353.0,False,1124353.0
41539,execution_finished,2,"[26, 64]",1124199.0,1124098,169,1124368.0,169,1124368.0,False,1124368.0
41508,execution_finished,8,"[36, 37, 38, 41, 42, 8, 9, 10]",1124232.0,1121194,142,1124374.0,142,1124374.0,False,1124374.0
41509,execution_finished,32,"[65, 66, 54, 55, 56, 57, 62, 63, 67, 68, 69, 70, 71, 72, 73, 74, 76, 88, 89, 90, 91, 92, 96, 97, 98, 99, 100, 101, 102, 103, 104, 105]",1124353.0,1121405,340,1124693.0,340,1124693.0,False,1124693.0
41513,execution_finished,32,"[54, 55, 56, 57, 62, 63, 65, 66, 67, 68, 69, 70, 71, 72, 73, 74, 76, 88, 89, 90, 91, 92, 96, 97, 98, 99, 100, 101, 102, 103, 104, 105]",1124693.0,1121756,11,1124704.0,11,1124704.0,False,1124704.0
41091,execution_finished,32,"[79, 80, 81, 82, 83, 84, 85, 86, 87, 93, 94, 95, 110, 111, 112, 113, 114, 115, 116, 117, 118, 119, 120, 121, 122, 124, 126, 127, 29, 75, 77, 78]",1095649.0,1086862,29848,1125497.0,29848,1125497.0,False,1125497.0
41522,execution_finished,8,"[29, 75, 77, 78, 79, 80, 81, 82]",1125497.0,1122625,40,1125537.0,40,1125537.0,False,1125537.0
41524,execution_finished,8,"[83, 84, 85, 86, 87, 93, 94, 95]",1125497.0,1122891,40,1125537.0,40,1125537.0,False,1125537.0
41525,execution_finished,8,"[110, 111, 112, 113, 114, 115, 116, 117]",1125497.0,1123047,59,1125556.0,59,1125556.0,False,1125556.0
41531,execution_finished,8,"[118, 119, 120, 121, 122, 124, 126, 127]",1125497.0,1123507,75,1125572.0,75,1125572.0,False,1125572.0
41536,execution_finished,8,"[29, 75, 77, 78, 79, 80, 81, 82]",1125537.0,1123940,41,1125578.0,41,1125578.0,False,1125578.0
41537,execution_finished,8,"[83, 84, 85, 86, 87, 93, 94, 95]",1125537.0,1123996,62,1125599.0,62,1125599.0,False,1125599.0
41527,execution_finished,4,"[15, 39, 43, 53]",1126697.0,1123420,23,1126720.0,23,1126720.0,False,1126720.0
41470,execution_finished,4,"[49, 50, 51, 52]",1121126.0,1118302,5782,1126908.0,5782,1126908.0,False,1126908.0
41510,execution_finished,16,"[11, 12, 13, 14, 106, 108, 26, 64, 8, 9, 10, 36, 37, 38, 41, 42]",1127183.0,1121503,190,1127373.0,190,1127373.0,False,1127373.0
41548,execution_finished,4,"[36, 37, 38, 41]",1127373.0,1125648,508,1127881.0,508,1127881.0,False,1127881.0
41545,execution_finished,8,"[8, 9, 10, 11, 12, 13, 14, 26]",1127373.0,1124433,698,1128071.0,698,1128071.0,False,1128071.0
41557,execution_finished,4,"[8, 9, 10, 11]",1128071.0,1127063,22,1128093.0,22,1128093.0,False,1128093.0
41559,execution_finished,1,[8],1128093.0,1127250,56,1128149.0,56,1128149.0,False,1128149.0
41555,execution_finished,4,"[36, 37, 38, 41]",1127881.0,1126732,446,1128327.0,446,1128327.0,False,1128327.0
41549,execution_finished,4,"[42, 64, 106, 108]",1127373.0,1125656,1029,1128402.0,1029,1128402.0,False,1128402.0
41494,execution_finished,32,"[34, 35, 40, 44, 45, 46, 47, 48, 16, 17, 18, 19, 20, 21, 22, 23, 0, 1, 2, 3, 4, 5, 6, 7, 24, 25, 27, 28, 30, 31, 32, 33]",1121240.0,1120025,7223,1128463.0,7223,1128463.0,False,1128463.0
41566,execution_finished,1,[34],1128463.0,1127894,26,1128489.0,26,1128489.0,False,1128489.0
41558,execution_finished,4,"[12, 13, 14, 26]",1128071.0,1127211,1081,1129152.0,1081,1129152.0,False,1129152.0
41515,execution_finished,8,"[58, 59, 60, 61, 107, 109, 123, 125]",1122237.0,1121821,7263,1129500.0,7263,1129500.0,False,1129500.0
41562,execution_finished,32,"[36, 37, 38, 41, 42, 64, 106, 108, 0, 1, 2, 3, 4, 5, 6, 7, 16, 17, 18, 19, 20, 21, 22, 23, 24, 25, 27, 28, 30, 31, 32, 33]",1128463.0,1127375,1091,1129554.0,1091,1129554.0,False,1129554.0
41568,execution_finished,32,"[58, 59, 60, 61, 107, 109, 123, 125, 0, 1, 2, 3, 4, 5, 6, 7, 16, 17, 18, 19, 20, 21, 22, 23, 24, 25, 27, 28, 30, 31, 32, 33]",1129554.0,1128506,578,1130132.0,578,1130132.0,False,1130132.0
41574,execution_finished,8,"[36, 37, 38, 41, 42, 64, 106, 108]",1129854.0,1129854,432,1130286.0,432,1130286.0,False,1130286.0
41577,execution_finished,4,"[42, 64, 106, 108]",1130286.0,1129907,36,1130322.0,36,1130322.0,False,1130322.0
41579,execution_finished,4,"[42, 64, 106, 108]",1130322.0,1130041,117,1130439.0,117,1130439.0,False,1130439.0
41581,execution_finished,4,"[42, 64, 106, 108]",1130439.0,1130173,21,1130460.0,21,1130460.0,False,1130460.0
41541,execution_finished,32,"[110, 111, 112, 113, 114, 115, 116, 117, 118, 119, 120, 121, 122, 124, 126, 127, 29, 75, 77, 78, 79, 80, 81, 82, 83, 84, 85, 86, 87, 93, 94, 95]",1125599.0,1124118,4966,1130565.0,4966,1130565.0,False,1130565.0
41582,execution_finished,4,"[42, 64, 106, 108]",1130460.0,1130226,176,1130636.0,176,1130636.0,False,1130636.0
41573,execution_finished,32,"[29, 75, 77, 78, 79, 80, 81, 82, 83, 84, 85, 86, 87, 93, 94, 95, 110, 111, 112, 113, 114, 115, 116, 117, 118, 119, 120, 121, 122, 124, 126, 127]",1130565.0,1129789,497,1131062.0,497,1131062.0,False,1131062.0
41542,execution_finished,4,"[15, 39, 43, 53]",1126720.0,1124189,4895,1131615.0,4895,1131615.0,False,1131615.0
41571,execution_finished,4,"[50, 51, 52, 12]",1131852.0,1129076,8,1131860.0,8,1131860.0,False,1131860.0
41569,execution_finished,1,[49],1131852.0,1128873,21,1131873.0,21,1131873.0,False,1131873.0
41514,execution_finished,32,"[54, 55, 56, 57, 62, 63, 65, 66, 67, 68, 69, 70, 71, 72, 73, 74, 76, 88, 89, 90, 91, 92, 96, 97, 98, 99, 100, 101, 102, 103, 104, 105]",1124704.0,1121791,7293,1131997.0,7293,1131997.0,False,1131997.0
41575,execution_finished,4,"[8, 9, 10, 11]",1132986.0,1129864,23,1133009.0,23,1133009.0,False,1133009.0
41595,execution_finished,1,[11],1133009.0,1132369,19,1133028.0,19,1133028.0,False,1133028.0
41583,execution_finished,1,[34],1133336.0,1130244,29,1133365.0,29,1133365.0,False,1133365.0
41584,execution_finished,4,"[35, 40, 44, 45]",1133336.0,1130247,77,1133413.0,77,1133413.0,False,1133413.0
41578,execution_finished,32,"[29, 75, 77, 78, 79, 80, 81, 82, 83, 84, 85, 86, 87, 93, 94, 95, 110, 111, 112, 113, 114, 115, 116, 117, 118, 119, 120, 121, 122, 124, 126, 127]",1131062.0,1129910,2457,1133519.0,2457,1133519.0,False,1133519.0
41588,execution_finished,4,"[46, 47, 48, 42]",1133603.0,1130903,75,1133678.0,75,1133678.0,False,1133678.0
41597,execution_finished,32,"[34, 35, 40, 44, 45, 29, 75, 77, 78, 79, 80, 81, 82, 83, 84, 85, 86, 87, 93, 94, 95, 110, 111, 112, 113, 114, 115, 116, 117, 118, 119, 120]",1133519.0,1132446,776,1134295.0,776,1134295.0,False,1134295.0
41593,execution_finished,1,[13],1134315.0,1131566,22,1134337.0,22,1134337.0,False,1134337.0
41572,execution_finished,32,"[0, 1, 2, 3, 4, 5, 6, 7, 16, 17, 18, 19, 20, 21, 22, 23, 24, 25, 27, 28, 30, 31, 32, 33, 58, 59, 60, 61, 107, 109, 123, 125]",1130132.0,1129766,5259,1135391.0,5259,1135391.0,False,1135391.0
41576,execution_finished,4,"[36, 37, 38, 41]",1130286.0,1129885,5141,1135427.0,5141,1135427.0,False,1135427.0
41609,execution_finished,32,"[0, 1, 2, 3, 4, 5, 6, 7, 16, 17, 18, 19, 20, 21, 22, 23, 24, 25, 27, 28, 30, 31, 32, 33, 58, 59, 60, 61, 107, 109, 123, 125]",1135391.0,1135066,595,1135986.0,595,1135986.0,False,1135986.0
41605,execution_finished,1,[15],1136995.0,1134260,114,1137109.0,114,1137109.0,False,1137109.0
41607,execution_finished,1,[39],1137431.0,1134731,22,1137453.0,22,1137453.0,False,1137453.0
41608,execution_finished,1,[43],1137709.0,1135009,25,1137734.0,25,1137734.0,False,1137734.0
41599,execution_finished,32,"[29, 34, 35, 40, 44, 45, 75, 77, 78, 79, 80, 81, 82, 83, 84, 85, 86, 87, 93, 94, 95, 110, 111, 112, 113, 114, 115, 116, 117, 118, 119, 120]",1134295.0,1133346,3612,1137907.0,3612,1137907.0,False,1137907.0
41610,execution_finished,1,[11],1138091.0,1135075,115,1138206.0,115,1138206.0,False,1138206.0
41611,execution_finished,4,"[53, 101, 102, 103]",1138091.0,1135135,527,1138618.0,527,1138618.0,False,1138618.0
41630,execution_finished,1,[53],1138683.0,1138683,17,1138700.0,17,1138700.0,False,1138700.0
41619,execution_finished,1,[104],1138686.0,1135927,20,1138706.0,20,1138706.0,False,1138706.0
41585,execution_finished,32,"[12, 50, 51, 52, 49, 54, 55, 56, 57, 62, 63, 65, 66, 67, 68, 69, 70, 71, 72, 73, 74, 76, 88, 89, 90, 91, 92, 96, 97, 98, 99, 100]",1131997.0,1130316,6881,1138878.0,6881,1138878.0,False,1138878.0
41626,execution_finished,32,"[43, 29, 34, 35, 40, 44, 45, 75, 77, 78, 79, 80, 81, 82, 83, 84, 85, 86, 87, 93, 94, 95, 110, 111, 112, 113, 114, 115, 116, 117, 118, 119]",1137907.0,1137079,1603,1139510.0,1603,1139510.0,False,1139510.0
41622,execution_finished,1,[13],1139639.0,1136939,5,1139644.0,5,1139644.0,False,1139644.0
41623,execution_finished,1,[105],1139660.0,1136960,28,1139688.0,28,1139688.0,False,1139688.0
41624,execution_finished,1,[121],1139716.0,1137016,17,1139733.0,17,1139733.0,False,1139733.0
41631,execution_finished,32,"[101, 102, 103, 53, 104, 12, 49, 50, 51, 52, 54, 55, 56, 57, 62, 63, 65, 66, 67, 68, 69, 70, 71, 72, 73, 74, 76, 88, 89, 90, 91, 92]",1138878.0,1138729,875,1139753.0,875,1139753.0,False,1139753.0
41625,execution_finished,1,[122],1139750.0,1137050,99,1139849.0,99,1139849.0,False,1139849.0
41633,execution_finished,32,"[121, 12, 49, 50, 51, 52, 53, 54, 55, 56, 57, 62, 63, 65, 66, 67, 68, 69, 70, 71, 72, 73, 74, 76, 88, 89, 90, 91, 92, 101, 102, 103]",1139994.0,1139994,12,1140006.0,12,1140006.0,False,1140006.0
41613,execution_finished,32,"[0, 1, 2, 3, 4, 5, 6, 7, 16, 17, 18, 19, 20, 21, 22, 23, 24, 25, 27, 28, 30, 31, 32, 33, 58, 59, 60, 61, 107, 109, 123, 125]",1135986.0,1135682,4664,1140650.0,4664,1140650.0,False,1140650.0
41629,execution_finished,1,[36],1141306.0,1138606,17,1141323.0,17,1141323.0,False,1141323.0
41632,execution_finished,32,"[29, 34, 35, 40, 43, 44, 45, 75, 77, 78, 79, 80, 81, 82, 83, 84, 85, 86, 87, 93, 94, 95, 110, 111, 112, 113, 114, 115, 116, 117, 118, 119]",1139648.0,1139648,2376,1142024.0,2376,1142024.0,False,1142024.0
41586,execution_finished,8,"[14, 26, 64, 106, 108, 8, 9, 10]",1135709.0,1130353,6847,1142556.0,6847,1142556.0,False,1142556.0
41615,execution_finished,4,"[42, 46, 47, 48]",1138686.0,1135748,4599,1143285.0,4599,1143285.0,False,1143285.0
41639,execution_finished,1,[105],1144735.0,1142035,10,1144745.0,10,1144745.0,False,1144745.0
41638,execution_finished,1,[104],1144729.0,1142029,21,1144750.0,21,1144750.0,False,1144750.0
41642,execution_finished,1,[121],1147165.0,1144465,8,1147173.0,8,1147173.0,False,1147173.0
41641,execution_finished,1,[36],1147161.0,1144461,20,1147181.0,20,1147181.0,False,1147181.0
41640,execution_finished,32,"[12, 49, 50, 51, 52, 53, 54, 55, 56, 57, 62, 63, 65, 66, 67, 68, 69, 70, 71, 72, 73, 74, 76, 88, 89, 90, 91, 92, 101, 102, 103, 120]",1144806.0,1142079,2380,1147186.0,2380,1147186.0,False,1147186.0
41644,execution_finished,1,[103],1147186.0,1146905,26,1147212.0,26,1147212.0,False,1147212.0
41643,execution_finished,32,"[121, 36, 12, 49, 50, 51, 52, 53, 54, 55, 56, 57, 62, 63, 65, 66, 67, 68, 69, 70, 71, 72, 73, 74, 76, 88, 89, 90, 91, 92, 101, 102]",1147186.0,1144510,2393,1149579.0,2393,1149579.0,False,1149579.0
41645,execution_finished,32,"[12, 36, 49, 50, 51, 52, 53, 54, 55, 56, 57, 62, 63, 65, 66, 67, 68, 69, 70, 71, 72, 73, 74, 76, 88, 89, 90, 91, 92, 101, 102, 121]",1149579.0,1147227,2331,1151910.0,2331,1151910.0,False,1151910.0
41646,execution_finished,1,[8],1152279.0,1148023,17,1152296.0,17,1152296.0,False,1152296.0
41647,execution_finished,1,[9],1152279.0,1149560,25,1152304.0,25,1152304.0,False,1152304.0
41649,execution_finished,32,"[12, 36, 49, 50, 51, 52, 53, 54, 55, 56, 57, 62, 63, 65, 66, 67, 68, 69, 70, 71, 72, 73, 74, 76, 88, 89, 90, 91, 92, 101, 102, 121]",1151910.0,1150790,834,1152744.0,834,1152744.0,False,1152744.0
41648,execution_finished,1,[10],1153379.0,1150679,9,1153388.0,9,1153388.0,False,1153388.0
41634,execution_finished,32,"[0, 1, 2, 3, 4, 5, 6, 7, 16, 17, 18, 19, 20, 21, 22, 23, 24, 25, 27, 28, 30, 31, 32, 33, 58, 59, 60, 61, 107, 109, 123, 125]",1140650.0,1140363,14562,1155212.0,14562,1155212.0,False,1155212.0
41651,execution_finished,4,"[10, 21, 22, 23]",1163840.0,1161140,175,1164015.0,175,1164015.0,False,1164015.0
41656,execution_finished,2,"[10, 21]",1164015.0,1163198,22,1164037.0,22,1164037.0,False,1164037.0
41652,execution_finished,4,"[24, 25, 27, 28]",1164701.0,1162001,438,1165139.0,438,1165139.0,False,1165139.0
41653,execution_finished,4,"[30, 31, 32, 33]",1165457.0,1162757,138,1165595.0,138,1165595.0,False,1165595.0
41654,execution_finished,4,"[58, 59, 60, 61]",1165635.0,1162935,25,1165660.0,25,1165660.0,False,1165660.0
41655,execution_finished,4,"[107, 109, 123, 125]",1165721.0,1163021,23,1165744.0,23,1165744.0,False,1165744.0
41636,execution_finished,32,"[29, 34, 35, 40, 43, 44, 45, 75, 77, 78, 79, 80, 81, 82, 83, 84, 85, 86, 87, 93, 94, 95, 110, 111, 112, 113, 114, 115, 116, 117, 118, 119]",1142024.0,1140707,23822,1165846.0,23822,1165846.0,False,1165846.0
41635,execution_finished,4,"[11, 15, 37, 38]",1143350.0,1140428,24106,1167456.0,24106,1167456.0,False,1167456.0
41650,execution_finished,64,"[8, 9, 12, 14, 26, 36, 42, 46, 47, 48, 49, 50, 51, 52, 53, 54, 55, 56, 57, 62, 63, 64, 65, 66, 67, 68, 69, 70, 71, 72, 73, 74, 76, 88, 89, 90, 91, 92, 101, 102, 103, 104, 105, 106, 108, 120, 121, 122, 124, 126, 127, 0, 1, 2, 3, 4, 5, 6, 7, 16, 17, 18, 19, 20]",1157912.0,1154931,9596,1167508.0,9596,1167508.0,False,1167508.0
41637,execution_finished,8,"[13, 39, 41, 96, 97, 98, 99, 100]",1144724.0,1140739,23790,1168514.0,23790,1168514.0,False,1168514.0
41657,execution_finished,64,"[11, 15, 37, 38, 0, 1, 2, 3, 4, 5, 6, 7, 8, 9, 12, 14, 16, 17, 18, 19, 20, 26, 36, 42, 46, 47, 48, 49, 50, 51, 52, 53, 54, 55, 56, 57, 62, 63, 64, 65, 66, 67, 68, 69, 70, 71, 72, 73, 74, 76, 88, 89, 90, 91, 92, 101, 102, 103, 104, 105, 106, 108, 120, 121]",1167508.0,1164538,5137,1172645.0,5137,1172645.0,False,1172645.0
41679,execution_finished,64,"[0, 1, 2, 3, 4, 5, 6, 7, 8, 9, 10, 11, 12, 13, 14, 15, 16, 17, 18, 19, 20, 21, 22, 23, 24, 25, 26, 27, 28, 29, 30, 31, 32, 33, 34, 35, 36, 37, 38, 39, 40, 41, 42, 43, 44, 45, 46, 47, 48, 49, 50, 51, 52, 53, 54, 55, 56, 57, 58, 59, 60, 61, 62, 63]",1685486.0,1682786,306,1685792.0,306,1685792.0,False,1685792.0
41702,execution_finished,8,"[0, 1, 2, 3, 4, 5, 6, 7]",1693417.0,1690717,1301,1694718.0,1301,1694718.0,False,1694718.0
41680,execution_finished,64,"[64, 65, 66, 67, 68, 69, 70, 71, 72, 73, 74, 75, 76, 77, 78, 79, 80, 81, 82, 83, 84, 85, 86, 87, 88, 89, 90, 91, 92, 93, 94, 95, 96, 97, 98, 99, 100, 101, 102, 103, 104, 105, 106, 107, 108, 109, 110, 111, 112, 113, 114, 115, 116, 117, 118, 119, 120, 121, 122, 123, 124, 125, 126, 127]",1685807.0,1683107,9569,1695376.0,9569,1695376.0,False,1695376.0
41709,execution_finished,64,"[8, 9, 10, 11, 12, 13, 14, 15, 16, 17, 18, 19, 20, 21, 22, 23, 24, 25, 26, 27, 28, 29, 30, 31, 32, 33, 34, 35, 36, 37, 38, 39, 40, 41, 42, 43, 44, 45, 46, 47, 48, 49, 50, 51, 52, 53, 54, 55, 56, 57, 58, 59, 60, 61, 62, 63, 0, 1, 2, 3, 4, 5, 6, 7]",1697418.0,1692675,9653,1707071.0,9653,1707071.0,False,1707071.0
41780,execution_finished,1,[32],1714972.0,1712272,3,1714975.0,3,1714975.0,False,1714975.0
41786,execution_finished,1,[33],1715587.0,1712887,17,1715604.0,17,1715604.0,False,1715604.0
41787,execution_finished,8,"[34, 35, 36, 37, 38, 39, 40, 41]",1715750.0,1713050,68,1715818.0,68,1715818.0,False,1715818.0
41790,execution_finished,8,"[42, 43, 44, 45, 46, 47, 48, 49]",1716767.0,1714067,70,1716837.0,70,1716837.0,False,1716837.0
41796,execution_finished,8,"[50, 51, 52, 53, 54, 55, 56, 57]",1717730.0,1715030,52,1717782.0,52,1717782.0,False,1717782.0
41804,execution_finished,8,"[50, 51, 52, 53, 54, 55, 56, 57]",1717936.0,1717936,21,1717957.0,21,1717957.0,False,1717957.0
41799,execution_finished,8,"[58, 59, 60, 61, 62, 63, 64, 65]",1718848.0,1716148,83,1718931.0,83,1718931.0,False,1718931.0
41803,execution_finished,32,"[32, 33, 66, 67, 68, 69, 70, 71, 72, 73, 74, 75, 76, 77, 78, 79, 80, 81, 82, 83, 84, 85, 86, 87, 88, 89, 90, 91, 92, 93, 94, 95]",1720609.0,1717909,47,1720656.0,47,1720656.0,False,1720656.0
41823,execution_finished,1,[95],1720656.0,1720423,22,1720678.0,22,1720678.0,False,1720678.0
41770,execution_finished,32,"[0, 1, 2, 3, 4, 5, 6, 7, 8, 9, 10, 11, 12, 13, 14, 15, 16, 17, 18, 19, 20, 21, 22, 23, 24, 25, 26, 27, 28, 29, 30, 31]",1711937.0,1709237,8850,1720787.0,8850,1720787.0,False,1720787.0
41806,execution_finished,32,"[88, 89, 90, 91, 92, 93, 94, 95, 0, 1, 2, 3, 4, 5, 6, 7, 8, 9, 10, 11, 12, 13, 14, 15, 16, 17, 18, 19, 20, 21, 22, 23]",1720787.0,1718013,34,1720821.0,34,1720821.0,False,1720821.0
41815,execution_finished,8,"[96, 97, 98, 99, 100, 101, 102, 103]",1721631.0,1718745,61,1721692.0,61,1721692.0,False,1721692.0
41825,execution_finished,1,[103],1721692.0,1721049,13,1721705.0,13,1721705.0,False,1721705.0
41805,execution_finished,64,"[42, 43, 44, 45, 46, 47, 48, 49, 50, 51, 52, 53, 54, 55, 56, 57, 104, 105, 106, 107, 108, 109, 110, 111, 112, 113, 114, 115, 116, 117, 118, 119, 120, 121, 122, 123, 124, 125, 126, 127, 32, 33, 66, 67, 68, 69, 70, 71, 72, 73, 74, 75, 76, 77, 78, 79, 80, 81, 82, 83, 84, 85, 86, 87]",1723356.0,1718002,101,1723457.0,101,1723457.0,False,1723457.0
41814,execution_finished,64,"[32, 33, 42, 43, 44, 45, 46, 47, 48, 49, 50, 51, 52, 53, 54, 55, 56, 57, 66, 67, 68, 69, 70, 71, 72, 73, 74, 75, 76, 77, 78, 79, 80, 81, 82, 83, 84, 85, 86, 87, 104, 105, 106, 107, 108, 109, 110, 111, 112, 113, 114, 115, 116, 117, 118, 119, 120, 121, 122, 123, 124, 125, 126, 127]",1723457.0,1718682,24,1723481.0,24,1723481.0,False,1723481.0
41826,execution_finished,32,"[32, 33, 42, 43, 44, 45, 46, 47, 48, 49, 50, 51, 52, 53, 54, 55, 56, 57, 66, 67, 68, 69, 70, 71, 72, 73, 74, 75, 76, 77, 78, 79]",1723481.0,1721169,189,1723670.0,189,1723670.0,False,1723670.0
41835,execution_finished,32,"[32, 33, 42, 43, 44, 45, 46, 47, 48, 49, 50, 51, 52, 53, 54, 55, 56, 57, 66, 67, 68, 69, 70, 71, 72, 73, 74, 75, 76, 77, 78, 79]",1723670.0,1722662,225,1723895.0,225,1723895.0,False,1723895.0
41832,execution_finished,8,"[58, 59, 60, 61, 62, 63, 64, 65]",1726181.0,1722162,59,1726240.0,59,1726240.0,False,1726240.0
41837,execution_finished,8,"[88, 89, 90, 91, 92, 93, 94, 95]",1726370.0,1722831,38,1726408.0,38,1726408.0,False,1726408.0
41838,execution_finished,8,"[96, 97, 98, 99, 100, 101, 102, 103]",1726505.0,1723331,24,1726529.0,24,1726529.0,False,1726529.0
41854,execution_finished,1,[59],1726463.0,1726463,80,1726543.0,80,1726543.0,False,1726543.0
41856,execution_finished,2,"[88, 89]",1726571.0,1726571,63,1726634.0,63,1726634.0,False,1726634.0
41857,execution_finished,4,"[90, 91, 92, 93]",1726646.0,1726646,105,1726751.0,105,1726751.0,False,1726751.0
41827,execution_finished,32,"[80, 81, 82, 83, 84, 85, 86, 87, 104, 105, 106, 107, 108, 109, 110, 111, 112, 113, 114, 115, 116, 117, 118, 119, 120, 121, 122, 123, 124, 125, 126, 127]",1723481.0,1721463,4764,1728245.0,4764,1728245.0,False,1728245.0
41852,execution_finished,1,[32],1728887.0,1726187,16,1728903.0,16,1728903.0,False,1728903.0
41858,execution_finished,32,"[80, 81, 82, 83, 84, 85, 86, 87, 104, 105, 106, 107, 108, 109, 110, 111, 112, 113, 114, 115, 116, 117, 118, 119, 120, 121, 122, 123, 124, 125, 126, 127]",1728245.0,1726738,1017,1729262.0,1017,1729262.0,False,1729262.0
41853,execution_finished,32,"[33, 42, 43, 44, 45, 46, 47, 48, 49, 50, 51, 52, 53, 54, 55, 56, 57, 66, 67, 68, 69, 70, 71, 72, 73, 74, 75, 76, 77, 78, 79, 58]",1729091.0,1726391,264,1729355.0,264,1729355.0,False,1729355.0
41862,execution_finished,1,[33],1729355.0,1727285,9,1729364.0,9,1729364.0,False,1729364.0
41869,execution_finished,1,[72],1729355.0,1727546,12,1729367.0,12,1729367.0,False,1729367.0
41861,execution_finished,32,"[80, 81, 82, 83, 84, 85, 86, 87, 104, 105, 106, 107, 108, 109, 110, 111, 112, 113, 114, 115, 116, 117, 118, 119, 120, 121, 122, 123, 124, 125, 126, 127]",1729262.0,1726990,110,1729372.0,110,1729372.0,False,1729372.0
41865,execution_finished,1,[50],1729355.0,1727420,27,1729382.0,27,1729382.0,False,1729382.0
41866,execution_finished,2,"[51, 52]",1729355.0,1727463,29,1729384.0,29,1729384.0,False,1729384.0
41864,execution_finished,4,"[46, 47, 48, 49]",1729355.0,1727366,34,1729389.0,34,1729389.0,False,1729389.0
41873,execution_finished,1,[72],1729367.0,1728714,26,1729393.0,26,1729393.0,False,1729393.0
41874,execution_finished,2,"[127, 126]",1729372.0,1728753,32,1729404.0,32,1729404.0,False,1729404.0
41870,execution_finished,8,"[73, 74, 75, 76, 77, 78, 79, 33]",1729364.0,1727616,80,1729444.0,80,1729444.0,False,1729444.0
41867,execution_finished,4,"[53, 54, 55, 56]",1729355.0,1727505,96,1729451.0,96,1729451.0,False,1729451.0
41871,execution_finished,16,"[80, 81, 82, 83, 84, 85, 86, 87, 104, 105, 106, 107, 108, 109, 110, 111]",1729372.0,1727714,87,1729459.0,87,1729459.0,False,1729459.0
41868,execution_finished,8,"[57, 58, 66, 67, 68, 69, 70, 71]",1729355.0,1727536,118,1729473.0,118,1729473.0,False,1729473.0
41863,execution_finished,4,"[42, 43, 44, 45]",1729355.0,1727303,119,1729474.0,119,1729474.0,False,1729474.0
41876,execution_finished,8,"[80, 81, 82, 83, 84, 85, 86, 87]",1729459.0,1728896,76,1729535.0,76,1729535.0,False,1729535.0
41875,execution_finished,4,"[53, 54, 55, 56]",1729451.0,1728795,89,1729540.0,89,1729540.0,False,1729540.0
41872,execution_finished,32,"[112, 113, 114, 115, 116, 117, 118, 119, 120, 121, 122, 123, 124, 125, 50, 51, 52, 46, 47, 48, 49, 72, 126, 127, 33, 73, 74, 75, 76, 77, 78, 79]",1729444.0,1727812,115,1729559.0,115,1729559.0,False,1729559.0
41877,execution_finished,16,"[104, 105, 106, 107, 108, 109, 110, 111, 57, 58, 66, 67, 68, 69, 70, 71]",1729473.0,1728991,108,1729581.0,108,1729581.0,False,1729581.0
41878,execution_finished,32,"[42, 43, 44, 45, 80, 81, 82, 83, 84, 85, 86, 87, 53, 54, 55, 56, 33, 46, 47, 48, 49, 50, 51, 52, 72, 73, 74, 75, 76, 77, 78, 79]",1729559.0,1729113,132,1729691.0,132,1729691.0,False,1729691.0
41879,execution_finished,32,"[112, 113, 114, 115, 116, 117, 118, 119, 120, 121, 122, 123, 124, 125, 126, 127, 57, 58, 66, 67, 68, 69, 70, 71, 104, 105, 106, 107, 108, 109, 110, 111]",1729581.0,1729234,369,1729950.0,369,1729950.0,False,1729950.0
41882,execution_finished,8,"[68, 69, 70, 71, 104, 105, 106, 107]",1729950.0,1729859,91,1730041.0,91,1730041.0,False,1730041.0
41881,execution_finished,4,"[57, 58, 66, 67]",1729950.0,1729746,107,1730057.0,107,1730057.0,False,1730057.0
41880,execution_finished,32,"[33, 42, 43, 44, 45, 46, 47, 48, 49, 50, 51, 52, 53, 54, 55, 56, 72, 73, 74, 75, 76, 77, 78, 79, 80, 81, 82, 83, 84, 85, 86, 87]",1729691.0,1729645,403,1730094.0,403,1730094.0,False,1730094.0
41883,execution_finished,32,"[108, 109, 110, 111, 112, 113, 114, 115, 116, 117, 118, 119, 120, 121, 122, 123, 124, 125, 126, 127, 68, 69, 70, 71, 104, 105, 106, 107, 57, 58, 66, 67]",1730057.0,1730030,219,1730276.0,219,1730276.0,False,1730276.0
41884,execution_finished,64,"[33, 42, 43, 44, 45, 46, 47, 48, 49, 50, 51, 52, 53, 54, 55, 56, 72, 73, 74, 75, 76, 77, 78, 79, 80, 81, 82, 83, 84, 85, 86, 87, 57, 58, 66, 67, 68, 69, 70, 71, 104, 105, 106, 107, 108, 109, 110, 111, 112, 113, 114, 115, 116, 117, 118, 119, 120, 121, 122, 123, 124, 125, 126, 127]",1730276.0,1730255,162,1730438.0,162,1730438.0,False,1730438.0
41885,execution_finished,16,"[33, 42, 43, 44, 45, 46, 47, 48, 49, 50, 51, 52, 53, 54, 55, 56]",1730488.0,1730488,178,1730666.0,178,1730666.0,False,1730666.0
41886,execution_finished,8,"[57, 58, 66, 67, 68, 69, 70, 71]",1730505.0,1730505,346,1730851.0,346,1730851.0,False,1730851.0
41887,execution_finished,1,[33],1730839.0,1730839,54,1730893.0,54,1730893.0,False,1730893.0
41889,execution_finished,2,"[71, 70]",1730998.0,1730908,63,1731061.0,63,1731061.0,False,1731061.0
41890,execution_finished,4,"[69, 68, 67, 66]",1730998.0,1730998,132,1731130.0,132,1731130.0,False,1731130.0
41859,execution_finished,8,"[60, 61, 62, 63, 64, 65, 94, 95]",1731208.0,1726763,110,1731318.0,110,1731318.0,False,1731318.0
41891,execution_finished,8,"[70, 71, 66, 67, 68, 69, 60, 61]",1731318.0,1731152,83,1731401.0,83,1731401.0,False,1731401.0
41860,execution_finished,16,"[59, 88, 89, 90, 91, 92, 93, 96, 97, 98, 99, 100, 101, 102, 103, 32]",1731603.0,1726884,90,1731693.0,90,1731693.0,False,1731693.0
41892,execution_finished,16,"[60, 61, 66, 67, 68, 69, 70, 71, 32, 59, 88, 89, 90, 91, 92, 93]",1731693.0,1731244,92,1731785.0,92,1731785.0,False,1731785.0
41895,execution_finished,4,"[96, 97, 98, 99]",1731771.0,1731771,28,1731799.0,28,1731799.0,False,1731799.0
41897,execution_finished,4,"[32, 59, 60, 61]",1732025.0,1732025,135,1732160.0,135,1732160.0,False,1732160.0
41899,execution_finished,1,[32],1732387.0,1732387,28,1732415.0,28,1732415.0,False,1732415.0
41900,execution_finished,2,"[59, 60]",1732435.0,1732435,27,1732462.0,27,1732462.0,False,1732462.0
41902,execution_finished,1,[120],1735252.0,1732552,16,1735268.0,16,1735268.0,False,1735268.0
41903,execution_finished,1,[121],1735271.0,1732571,13,1735284.0,13,1735284.0,False,1735284.0
41888,execution_finished,32,"[72, 73, 74, 75, 76, 77, 78, 79, 80, 81, 82, 83, 84, 85, 86, 87, 104, 105, 106, 107, 108, 109, 110, 111, 112, 113, 114, 115, 116, 117, 118, 119]",1735238.0,1730848,355,1735593.0,355,1735593.0,False,1735593.0
41894,execution_finished,32,"[72, 73, 74, 75, 76, 77, 78, 79, 80, 81, 82, 83, 84, 85, 86, 87, 104, 105, 106, 107, 108, 109, 110, 111, 112, 113, 114, 115, 116, 117, 118, 119]",1735593.0,1731353,105,1735698.0,105,1735698.0,False,1735698.0
41896,execution_finished,32,"[72, 73, 74, 75, 76, 77, 78, 79, 80, 81, 82, 83, 84, 85, 86, 87, 104, 105, 106, 107, 108, 109, 110, 111, 112, 113, 114, 115, 116, 117, 118, 119]",1735698.0,1731982,568,1736266.0,568,1736266.0,False,1736266.0
41926,execution_finished,1,[87],1736266.0,1735796,20,1736286.0,20,1736286.0,False,1736286.0
41925,execution_finished,4,"[107, 106, 105, 104]",1736266.0,1735582,31,1736297.0,31,1736297.0,False,1736297.0
41916,execution_finished,8,"[115, 114, 113, 112, 111, 110, 109, 108]",1736266.0,1733721,38,1736304.0,38,1736304.0,False,1736304.0
41915,execution_finished,4,"[119, 118, 117, 116]",1736266.0,1733668,43,1736309.0,43,1736309.0,False,1736309.0
41904,execution_finished,8,"[76, 77, 78, 79, 80, 81, 82, 83]",1736266.0,1732582,89,1736355.0,89,1736355.0,False,1736355.0
41917,execution_finished,16,"[115, 114, 113, 112, 111, 110, 109, 108, 107, 106, 105, 104, 87, 86, 85, 84]",1736304.0,1733770,52,1736356.0,52,1736356.0,False,1736356.0
41901,execution_finished,4,"[72, 73, 74, 75]",1736266.0,1732473,94,1736360.0,94,1736360.0,False,1736360.0
41893,execution_finished,32,"[33, 42, 43, 44, 45, 46, 47, 48, 49, 50, 51, 52, 53, 54, 55, 56, 57, 58, 62, 63, 64, 65, 94, 95, 100, 101, 102, 103, 122, 123, 124, 125]",1736493.0,1731251,426,1736919.0,426,1736919.0,False,1736919.0
41929,execution_finished,2,"[62, 58]",1736919.0,1736406,80,1736999.0,80,1736999.0,False,1736999.0
41927,execution_finished,1,[95],1736919.0,1736301,88,1737007.0,88,1737007.0,False,1737007.0
41928,execution_finished,4,"[94, 65, 64, 63]",1736919.0,1736370,113,1737032.0,113,1737032.0,False,1737032.0
41910,execution_finished,8,"[125, 124, 123, 122, 103, 102, 101, 100]",1736919.0,1733391,118,1737037.0,118,1737037.0,False,1737037.0
41906,execution_finished,16,"[33, 42, 43, 44, 45, 46, 47, 48, 49, 50, 51, 52, 53, 54, 55, 56]",1736919.0,1732684,124,1737043.0,124,1737043.0,False,1737043.0
41907,execution_finished,32,"[57, 58, 62, 95, 63, 64, 65, 94, 100, 101, 102, 103, 122, 123, 124, 125, 33, 42, 43, 44, 45, 46, 47, 48, 49, 50, 51, 52, 53, 54, 55, 56]",1737043.0,1732824,29,1737072.0,29,1737072.0,False,1737072.0
41908,execution_finished,32,"[33, 42, 43, 44, 45, 46, 47, 48, 49, 50, 51, 52, 53, 54, 55, 56, 57, 58, 62, 63, 64, 65, 94, 95, 100, 101, 102, 103, 122, 123, 124, 125]",1737072.0,1732912,32,1737104.0,32,1737104.0,False,1737104.0
41909,execution_finished,32,"[33, 42, 43, 44, 45, 46, 47, 48, 49, 50, 51, 52, 53, 54, 55, 56, 57, 58, 62, 63, 64, 65, 94, 95, 100, 101, 102, 103, 122, 123, 124, 125]",1737104.0,1733033,103,1737207.0,103,1737207.0,False,1737207.0
41918,execution_finished,32,"[33, 42, 43, 44, 45, 46, 47, 48, 49, 50, 51, 52, 53, 54, 55, 56, 57, 58, 62, 63, 64, 65, 94, 95, 100, 101, 102, 103, 122, 123, 124, 125]",1737207.0,1733837,90,1737297.0,90,1737297.0,False,1737297.0
41920,execution_finished,32,"[33, 42, 43, 44, 45, 46, 47, 48, 49, 50, 51, 52, 53, 54, 55, 56, 57, 58, 62, 63, 64, 65, 94, 95, 100, 101, 102, 103, 122, 123, 124, 125]",1737297.0,1734192,43,1737340.0,43,1737340.0,False,1737340.0
41922,execution_finished,32,"[33, 42, 43, 44, 45, 46, 47, 48, 49, 50, 51, 52, 53, 54, 55, 56, 57, 58, 62, 63, 64, 65, 94, 95, 100, 101, 102, 103, 122, 123, 124, 125]",1737340.0,1734911,36,1737376.0,36,1737376.0,False,1737376.0
41936,execution_finished,1,[125],1737408.0,1737408,21,1737429.0,21,1737429.0,False,1737429.0
41931,execution_finished,4,"[33, 42, 43, 44]",1737376.0,1736495,56,1737432.0,56,1737432.0,False,1737432.0
41937,execution_finished,1,[124],1737409.0,1737409,27,1737436.0,27,1737436.0,False,1737436.0
41933,execution_finished,16,"[53, 54, 55, 56, 57, 58, 62, 63, 64, 65, 94, 95, 100, 101, 102, 103]",1737376.0,1736650,65,1737441.0,65,1737441.0,False,1737441.0
41932,execution_finished,8,"[45, 46, 47, 48, 49, 50, 51, 52]",1737376.0,1736567,66,1737442.0,66,1737442.0,False,1737442.0
41934,execution_finished,32,"[122, 123, 125, 33, 42, 43, 44, 124, 53, 54, 55, 56, 57, 58, 62, 63, 64, 65, 94, 95, 100, 101, 102, 103, 45, 46, 47, 48, 49, 50, 51, 52]",1737442.0,1736731,100,1737542.0,100,1737542.0,False,1737542.0
41938,execution_finished,2,"[33, 42]",1737542.0,1737446,53,1737595.0,53,1737595.0,False,1737595.0
41939,execution_finished,4,"[43, 44, 45, 46]",1737542.0,1737510,59,1737601.0,59,1737601.0,False,1737601.0
41940,execution_finished,8,"[47, 48, 49, 50, 51, 52, 53, 54]",1737579.0,1737579,62,1737641.0,62,1737641.0,False,1737641.0
41941,execution_finished,16,"[55, 56, 57, 58, 62, 63, 64, 65, 94, 95, 100, 101, 102, 103, 122, 123]",1737655.0,1737655,68,1737723.0,68,1737723.0,False,1737723.0
41942,execution_finished,32,"[124, 125, 33, 42, 43, 44, 45, 46, 47, 48, 49, 50, 51, 52, 53, 54, 55, 56, 57, 58, 62, 63, 64, 65, 94, 95, 100, 101, 102, 103, 122, 123]",1737742.0,1737742,36,1737778.0,36,1737778.0,False,1737778.0
41912,execution_finished,2,"[66, 67]",1737984.0,1733466,6,1737990.0,6,1737990.0,False,1737990.0
41911,execution_finished,1,[32],1737968.0,1733395,54,1738022.0,54,1738022.0,False,1738022.0
41919,execution_finished,1,[60],1737968.0,1734187,55,1738023.0,55,1738023.0,False,1738023.0
41914,execution_finished,2,"[68, 69]",1737984.0,1733617,40,1738024.0,40,1738024.0,False,1738024.0
41913,execution_finished,1,[59],1737968.0,1733549,57,1738025.0,57,1738025.0,False,1738025.0
41923,execution_finished,1,[70],1738036.0,1735336,70,1738106.0,70,1738106.0,False,1738106.0
41924,execution_finished,2,"[71, 88]",1738115.0,1735415,157,1738272.0,157,1738272.0,False,1738272.0
41921,execution_finished,1,[61],1737968.0,1734756,509,1738477.0,509,1738477.0,False,1738477.0
41943,execution_finished,1,[71],1738480.0,1738480,20,1738500.0,20,1738500.0,False,1738500.0
41944,execution_finished,1,[61],1738591.0,1738591,21,1738612.0,21,1738612.0,False,1738612.0
41898,execution_finished,8,"[89, 90, 91, 92, 93, 96, 97, 98]",1738398.0,1732172,226,1738624.0,226,1738624.0,False,1738624.0
41945,execution_finished,1,[71],1738733.0,1738733,32,1738765.0,32,1738765.0,False,1738765.0
41946,execution_finished,1,[71],1738927.0,1738927,29,1738956.0,29,1738956.0,False,1738956.0
41935,execution_finished,1,[121],1740142.0,1737072,82,1740224.0,82,1740224.0,False,1740224.0
41930,execution_finished,4,"[99, 120, 126, 127]",1740068.0,1736473,349,1740417.0,349,1740417.0,False,1740417.0
41956,execution_finished,4,"[127, 126, 121, 120]",1740417.0,1740116,36,1740453.0,36,1740453.0,False,1740453.0
41947,execution_finished,2,"[33, 42]",1742578.0,1738972,46,1742624.0,46,1742624.0,False,1742624.0
41948,execution_finished,4,"[43, 44, 45, 46]",1742578.0,1739034,51,1742629.0,51,1742629.0,False,1742629.0
41949,execution_finished,8,"[47, 48, 49, 50, 51, 52, 53, 54]",1742578.0,1739096,51,1742629.0,51,1742629.0,False,1742629.0
41968,execution_finished,1,[33],1742624.0,1741270,18,1742642.0,18,1742642.0,False,1742642.0
41950,execution_finished,16,"[55, 56, 57, 58, 62, 63, 64, 65, 94, 95, 100, 101, 102, 103, 122, 123]",1742578.0,1739157,68,1742646.0,68,1742646.0,False,1742646.0
41963,execution_finished,2,"[65, 64]",1742646.0,1741026,2,1742648.0,2,1742648.0,False,1742648.0
41961,execution_finished,1,[42],1742624.0,1740960,41,1742665.0,41,1742665.0,False,1742665.0
41971,execution_finished,1,[54],1742629.0,1741421,36,1742665.0,36,1742665.0,False,1742665.0
41964,execution_finished,4,"[63, 62, 58, 57]",1742646.0,1741087,23,1742669.0,23,1742669.0,False,1742669.0
41965,execution_finished,4,"[65, 64, 54, 42]",1742665.0,1741094,5,1742670.0,5,1742670.0,False,1742670.0
41969,execution_finished,2,"[56, 55]",1742646.0,1741410,26,1742672.0,26,1742672.0,False,1742672.0
41957,execution_finished,8,"[123, 122, 103, 102, 101, 100, 95, 94]",1742646.0,1740167,43,1742689.0,43,1742689.0,False,1742689.0
41977,execution_finished,4,"[65, 64, 54, 42]",1742670.0,1741745,21,1742691.0,21,1742691.0,False,1742691.0
41972,execution_finished,4,"[63, 62, 58, 57]",1742669.0,1741488,32,1742701.0,32,1742701.0,False,1742701.0
41981,execution_finished,4,"[65, 64, 56, 55]",1742691.0,1742137,22,1742713.0,22,1742713.0,False,1742713.0
41974,execution_finished,8,"[123, 122, 103, 102, 101, 100, 95, 94]",1742689.0,1741532,26,1742715.0,26,1742715.0,False,1742715.0
41982,execution_finished,4,"[63, 62, 58, 57]",1742701.0,1742274,21,1742722.0,21,1742722.0,False,1742722.0
41975,execution_finished,8,"[123, 122, 103, 102, 101, 100, 95, 94]",1742715.0,1741612,21,1742736.0,21,1742736.0,False,1742736.0
41958,execution_finished,16,"[123, 122, 103, 102, 101, 100, 95, 94, 65, 64, 63, 62, 58, 57, 56, 55]",1742736.0,1740222,60,1742796.0,60,1742796.0,False,1742796.0
41966,execution_finished,16,"[123, 122, 103, 102, 101, 100, 95, 94, 65, 64, 63, 62, 58, 57, 56, 55]",1742796.0,1741120,86,1742882.0,86,1742882.0,False,1742882.0
41983,execution_finished,16,"[123, 122, 103, 102, 101, 100, 95, 94, 65, 64, 63, 62, 58, 57, 56, 55]",1742882.0,1742313,22,1742904.0,22,1742904.0,False,1742904.0
41952,execution_finished,1,[32],1742924.0,1739510,14,1742938.0,14,1742938.0,False,1742938.0
41953,execution_finished,1,[59],1742924.0,1739966,54,1742978.0,54,1742978.0,False,1742978.0
41960,execution_finished,1,[60],1743073.0,1740373,11,1743084.0,11,1743084.0,False,1743084.0
41955,execution_finished,2,"[66, 67]",1743117.0,1740034,63,1743180.0,63,1743180.0,False,1743180.0
41905,execution_finished,32,"[116, 117, 118, 119, 76, 77, 78, 79, 80, 81, 82, 83, 84, 85, 86, 87, 104, 105, 106, 107, 108, 109, 110, 111, 112, 113, 114, 115, 72, 73, 74, 75]",1736360.0,1732643,6865,1743225.0,6865,1743225.0,False,1743225.0
41988,execution_finished,1,[119],1743315.0,1743315,15,1743330.0,15,1743330.0,False,1743330.0
41989,execution_finished,1,[119],1743411.0,1743411,15,1743426.0,15,1743426.0,False,1743426.0
41954,execution_finished,32,"[67, 72, 73, 74, 75, 76, 77, 78, 79, 80, 81, 82, 83, 84, 85, 86, 87, 104, 105, 106, 107, 108, 109, 110, 111, 112, 113, 114, 115, 116, 117, 118]",1743225.0,1739976,1292,1744517.0,1292,1744517.0,False,1744517.0
41959,execution_finished,32,"[67, 72, 73, 74, 75, 76, 77, 78, 79, 80, 81, 82, 83, 84, 85, 86, 87, 104, 105, 106, 107, 108, 109, 110, 111, 112, 113, 114, 115, 116, 117, 118]",1744517.0,1740295,88,1744605.0,88,1744605.0,False,1744605.0
41962,execution_finished,32,"[67, 72, 73, 74, 75, 76, 77, 78, 79, 80, 81, 82, 83, 84, 85, 86, 87, 104, 105, 106, 107, 108, 109, 110, 111, 112, 113, 114, 115, 116, 117, 118]",1744605.0,1741024,87,1744692.0,87,1744692.0,False,1744692.0
41808,execution_finished,8,"[34, 35, 36, 37, 38, 39, 40, 41]",1720827.0,1718127,23959,1744786.0,23959,1744786.0,False,1744786.0
41807,execution_finished,32,"[24, 25, 26, 27, 28, 29, 30, 31, 0, 1, 2, 3, 4, 5, 6, 7, 8, 9, 10, 11, 12, 13, 14, 15, 16, 17, 18, 19, 20, 21, 22, 23]",1720821.0,1718095,23991,1744812.0,23991,1744812.0,False,1744812.0
41967,execution_finished,32,"[67, 72, 73, 74, 75, 76, 77, 78, 79, 80, 81, 82, 83, 84, 85, 86, 87, 104, 105, 106, 107, 108, 109, 110, 111, 112, 113, 114, 115, 116, 117, 118]",1744692.0,1741223,136,1744828.0,136,1744828.0,False,1744828.0
41987,execution_finished,2,"[39, 40]",1744786.0,1743221,65,1744851.0,65,1744851.0,False,1744851.0
41986,execution_finished,2,"[37, 38]",1744786.0,1743186,97,1744883.0,97,1744883.0,False,1744883.0
41976,execution_finished,32,"[31, 67, 72, 73, 74, 75, 76, 77, 78, 79, 80, 81, 82, 83, 84, 85, 86, 87, 104, 105, 106, 107, 108, 109, 110, 111, 112, 113, 114, 115, 116, 117]",1744828.0,1741654,187,1745015.0,187,1745015.0,False,1745015.0
41978,execution_finished,32,"[118, 39, 40, 37, 38, 31, 67, 72, 73, 74, 75, 76, 77, 78, 79, 80, 81, 82, 83, 84, 85, 86, 87, 104, 105, 106, 107, 108, 109, 110, 111, 112]",1745015.0,1741876,130,1745145.0,130,1745145.0,False,1745145.0
41979,execution_finished,32,"[113, 114, 115, 116, 117, 31, 37, 38, 39, 40, 67, 72, 73, 74, 75, 76, 77, 78, 79, 80, 81, 82, 83, 84, 85, 86, 87, 104, 105, 106, 107, 108]",1745145.0,1742027,88,1745233.0,88,1745233.0,False,1745233.0
41951,execution_finished,32,"[61, 68, 69, 70, 71, 88, 89, 90, 91, 92, 93, 96, 97, 98, 99, 120, 121, 124, 125, 126, 127, 43, 44, 45, 46, 47, 48, 49, 50, 51, 52, 53]",1745329.0,1739236,95,1745424.0,95,1745424.0,False,1745424.0
41985,execution_finished,32,"[113, 114, 115, 116, 117, 43, 44, 45, 46, 47, 48, 49, 50, 51, 52, 53, 61, 68, 69, 70, 71, 88, 89, 90, 91, 92, 93, 96, 97, 98, 99, 120]",1745424.0,1742937,30,1745454.0,30,1745454.0,False,1745454.0
41992,execution_finished,8,"[121, 124, 125, 126, 127, 43, 44, 45]",1745454.0,1744496,1143,1746597.0,1143,1746597.0,False,1746597.0
41994,execution_finished,1,[43],1746597.0,1745742,24,1746621.0,24,1746621.0,False,1746621.0
41995,execution_finished,8,"[44, 45, 121, 124, 125, 126, 127, 43]",1746621.0,1745935,743,1747364.0,743,1747364.0,False,1747364.0
41991,execution_finished,8,"[64, 65, 94, 95, 100, 101, 102, 103]",1748124.0,1744441,37,1748161.0,37,1748161.0,False,1748161.0
41993,execution_finished,32,"[119, 122, 123, 46, 47, 48, 49, 50, 51, 52, 53, 61, 68, 69, 70, 71, 88, 89, 90, 91, 92, 93, 96, 97, 98, 99, 113, 114, 115, 116, 117, 120]",1748226.0,1745397,31,1748257.0,31,1748257.0,False,1748257.0
41996,execution_finished,32,"[64, 65, 94, 95, 100, 101, 102, 103, 46, 47, 48, 49, 50, 51, 52, 53, 61, 68, 69, 70, 71, 88, 89, 90, 91, 92, 93, 96, 97, 98, 99, 113]",1748257.0,1746558,36,1748293.0,36,1748293.0,False,1748293.0
41998,execution_finished,32,"[46, 47, 48, 49, 50, 51, 52, 53, 61, 64, 65, 68, 69, 70, 71, 88, 89, 90, 91, 92, 93, 94, 95, 96, 97, 98, 99, 100, 101, 102, 103, 113]",1748293.0,1746966,44,1748337.0,44,1748337.0,False,1748337.0
41999,execution_finished,8,"[46, 47, 48, 49, 50, 51, 52, 53]",1748337.0,1746968,45,1748382.0,45,1748382.0,False,1748382.0
41997,execution_finished,8,"[114, 115, 116, 117, 119, 120, 122, 123]",1748257.0,1746775,175,1748432.0,175,1748432.0,False,1748432.0
41990,execution_finished,8,"[42, 54, 55, 56, 57, 58, 62, 63]",1748124.0,1743878,511,1748635.0,511,1748635.0,False,1748635.0
42001,execution_finished,32,"[89, 90, 91, 92, 93, 94, 95, 96, 97, 98, 99, 100, 101, 102, 103, 113, 46, 47, 48, 49, 50, 51, 52, 53, 114, 115, 116, 117, 119, 120, 122, 123]",1748432.0,1747715,222,1748654.0,222,1748654.0,False,1748654.0
42000,execution_finished,8,"[61, 64, 65, 68, 69, 70, 71, 88]",1748337.0,1747035,390,1748727.0,390,1748727.0,False,1748727.0
42002,execution_finished,8,"[42, 54, 55, 56, 57, 58, 62, 63]",1748635.0,1747895,129,1748764.0,129,1748764.0,False,1748764.0
42003,execution_finished,16,"[46, 47, 48, 49, 50, 51, 52, 53, 89, 90, 91, 92, 93, 94, 95, 96]",1748654.0,1747947,182,1748836.0,182,1748836.0,False,1748836.0
41984,execution_finished,4,"[33, 34, 35, 36]",1747486.0,1742879,2881,1750367.0,2881,1750367.0,False,1750367.0
42007,execution_finished,1,[36],1750547.0,1750547,5,1750552.0,5,1750552.0,False,1750552.0
42004,execution_finished,8,"[97, 98, 99, 100, 101, 102, 103, 113]",1748654.0,1748165,3879,1752533.0,3879,1752533.0,False,1752533.0
41973,execution_finished,4,"[32, 59, 60, 66]",1743204.0,1741506,9390,1752594.0,9390,1752594.0,False,1752594.0
41970,execution_finished,32,"[41, 0, 1, 2, 3, 4, 5, 6, 7, 8, 9, 10, 11, 12, 13, 14, 15, 16, 17, 18, 19, 20, 21, 22, 23, 24, 25, 26, 27, 28, 29, 30]",1744812.0,1741413,9182,1753994.0,9182,1753994.0,False,1753994.0
42008,execution_finished,32,"[0, 1, 2, 3, 4, 5, 6, 7, 8, 9, 10, 11, 12, 13, 14, 15, 16, 17, 18, 19, 20, 21, 22, 23, 24, 25, 26, 27, 28, 29, 30, 41]",1753994.0,1750616,31,1754025.0,31,1754025.0,False,1754025.0
42009,execution_finished,32,"[0, 1, 2, 3, 4, 5, 6, 7, 8, 9, 10, 11, 12, 13, 14, 15, 16, 17, 18, 19, 20, 21, 22, 23, 24, 25, 26, 27, 28, 29, 30, 41]",1754025.0,1750883,417,1754442.0,417,1754442.0,False,1754442.0
42012,execution_finished,1,[90],1755233.0,1752175,14,1755247.0,14,1755247.0,False,1755247.0
41980,execution_finished,32,"[109, 110, 111, 112, 118, 31, 37, 38, 39, 40, 67, 72, 73, 74, 75, 76, 77, 78, 79, 80, 81, 82, 83, 84, 85, 86, 87, 104, 105, 106, 107, 108]",1745233.0,1742097,10074,1755307.0,10074,1755307.0,False,1755307.0
42014,execution_finished,1,[36],1755523.0,1752823,17,1755540.0,17,1755540.0,False,1755540.0
42010,execution_finished,32,"[0, 1, 2, 3, 4, 5, 6, 7, 8, 9, 10, 11, 12, 13, 14, 15, 16, 17, 18, 19, 20, 21, 22, 23, 24, 25, 26, 27, 28, 29, 30, 41]",1754442.0,1751501,8233,1762675.0,8233,1762675.0,False,1762675.0
42016,execution_finished,32,"[41, 30, 29, 28, 27, 26, 25, 24, 23, 22, 21, 20, 19, 18, 17, 16, 15, 14, 13, 12, 11, 10, 9, 8, 7, 6, 5, 4, 3, 2, 1, 0]",1762675.0,1760036,62,1762737.0,62,1762737.0,False,1762737.0
42017,execution_finished,32,"[41, 30, 29, 28, 27, 26, 25, 24, 23, 22, 21, 20, 19, 18, 17, 16, 15, 14, 13, 12, 11, 10, 9, 8, 7, 6, 5, 4, 3, 2, 1, 0]",1762737.0,1760400,63,1762800.0,63,1762800.0,False,1762800.0
42018,execution_finished,32,"[41, 30, 29, 28, 27, 26, 25, 24, 23, 22, 21, 20, 19, 18, 17, 16, 15, 14, 13, 12, 11, 10, 9, 8, 7, 6, 5, 4, 3, 2, 1, 0]",1762800.0,1760764,59,1762859.0,59,1762859.0,False,1762859.0
42019,execution_finished,32,"[41, 30, 29, 28, 27, 26, 25, 24, 23, 22, 21, 20, 19, 18, 17, 16, 15, 14, 13, 12, 11, 10, 9, 8, 7, 6, 5, 4, 3, 2, 1, 0]",1762859.0,1761126,61,1762920.0,61,1762920.0,False,1762920.0
42020,execution_finished,32,"[41, 30, 29, 28, 27, 26, 25, 24, 23, 22, 21, 20, 19, 18, 17, 16, 15, 14, 13, 12, 11, 10, 9, 8, 7, 6, 5, 4, 3, 2, 1, 0]",1762920.0,1761488,66,1762986.0,66,1762986.0,False,1762986.0
42021,execution_finished,32,"[41, 30, 29, 28, 27, 26, 25, 24, 23, 22, 21, 20, 19, 18, 17, 16, 15, 14, 13, 12, 11, 10, 9, 8, 7, 6, 5, 4, 3, 2, 1, 0]",1762986.0,1761855,58,1763044.0,58,1763044.0,False,1763044.0
42022,execution_finished,32,"[41, 30, 29, 28, 27, 26, 25, 24, 23, 22, 21, 20, 19, 18, 17, 16, 15, 14, 13, 12, 11, 10, 9, 8, 7, 6, 5, 4, 3, 2, 1, 0]",1763044.0,1762214,57,1763101.0,57,1763101.0,False,1763101.0
42023,execution_finished,1,[41],1763101.0,1762489,13,1763114.0,13,1763114.0,False,1763114.0
42005,execution_finished,32,"[42, 43, 44, 45, 54, 55, 56, 57, 58, 61, 62, 63, 64, 65, 68, 69, 70, 71, 88, 114, 115, 116, 117, 119, 120, 121, 122, 123, 124, 125, 126, 127]",1753564.0,1749875,9855,1763419.0,9855,1763419.0,False,1763419.0
42006,execution_finished,8,"[46, 47, 48, 49, 50, 51, 52, 53]",1753636.0,1749903,9827,1763463.0,9827,1763463.0,False,1763463.0
42011,execution_finished,4,"[33, 34, 35, 89]",1755233.0,1751557,8477,1763710.0,8477,1763710.0,False,1763710.0
42013,execution_finished,32,"[90, 31, 37, 38, 39, 40, 67, 72, 73, 74, 75, 76, 77, 78, 79, 80, 81, 82, 83, 84, 85, 86, 87, 104, 105, 106, 107, 108, 109, 110, 111, 112]",1755307.0,1752438,10049,1765356.0,10049,1765356.0,False,1765356.0
42025,execution_finished,4,"[32, 36, 59, 60]",1766119.0,1762635,8043,1774162.0,8043,1774162.0,False,1774162.0
42024,execution_finished,32,"[42, 43, 44, 45, 54, 55, 56, 57, 58, 61, 62, 63, 64, 65, 68, 69, 70, 71, 88, 114, 115, 116, 117, 119, 120, 121, 122, 123, 124, 125, 126, 127]",1768219.0,1762572,8103,1776322.0,8103,1776322.0,False,1776322.0
42015,execution_finished,64,"[0, 1, 2, 3, 4, 5, 6, 7, 8, 9, 10, 11, 12, 13, 14, 15, 16, 17, 18, 19, 20, 21, 22, 23, 24, 25, 26, 27, 28, 29, 30, 41, 66, 91, 92, 93, 94, 95, 96, 97, 98, 99, 100, 101, 102, 103, 113, 118, 31, 37, 38, 39, 40, 67, 72, 73, 74, 75, 76, 77, 78, 79, 80, 81]",1768056.0,1759737,10933,1778989.0,10933,1778989.0,False,1778989.0
42026,execution_finished,128,"[32, 33, 34, 35, 36, 42, 43, 44, 45, 46, 47, 48, 49, 50, 51, 52, 53, 54, 55, 56, 57, 58, 59, 60, 61, 62, 63, 64, 65, 68, 69, 70, 71, 82, 83, 84, 85, 86, 87, 88, 89, 90, 104, 105, 106, 107, 108, 109, 110, 111, 112, 114, 115, 116, 117, 119, 120, 121, 122, 123, 124, 125, 126, 127, 0, 1, 2, 3, 4, 5, 6, 7, 8, 9, 10, 11, 12, 13, 14, 15, 16, 17, 18, 19, 20, 21, 22, 23, 24, 25, 26, 27, 28, 29, 30, 31, 37, 38, 39, 40, 41, 66, 67, 72, 73, 74, 75, 76, 77, 78, 79, 80, 81, 91, 92, 93, 94, 95, 96, 97, 98, 99, 100, 101, 102, 103, 113, 118]",1781689.0,1770683,104,1781793.0,104,1781793.0,False,1781793.0
42154,execution_finished,2,"[108, 109]",1807705.0,1805005,20,1807725.0,20,1807725.0,False,1807725.0
42155,execution_finished,2,"[110, 111]",1807765.0,1805065,28,1807793.0,28,1807793.0,False,1807793.0
42122,execution_finished,32,"[76, 77, 78, 79, 80, 81, 82, 83, 84, 85, 86, 87, 88, 89, 90, 91, 92, 93, 94, 95, 96, 97, 98, 99, 100, 101, 102, 103, 104, 105, 106, 107]",1798349.0,1795649,10103,1808452.0,10103,1808452.0,False,1808452.0
42160,execution_finished,1,[112],1808454.0,1805754,17,1808471.0,17,1808471.0,False,1808471.0
42165,execution_finished,1,[113],1811152.0,1806823,26,1811178.0,26,1811178.0,False,1811178.0
42045,execution_finished,8,"[68, 69, 70, 71, 72, 73, 74, 75]",1781793.0,1778106,32666,1814459.0,32666,1814459.0,False,1814459.0
42044,execution_finished,32,"[36, 37, 38, 39, 40, 41, 42, 43, 44, 45, 46, 47, 48, 49, 50, 51, 52, 53, 54, 55, 56, 57, 58, 59, 60, 61, 62, 63, 64, 65, 66, 67]",1781793.0,1778076,32694,1814487.0,32694,1814487.0,False,1814487.0
42163,execution_finished,32,"[76, 77, 78, 79, 80, 81, 82, 83, 84, 85, 86, 87, 88, 89, 90, 91, 92, 93, 94, 95, 96, 97, 98, 99, 100, 101, 102, 103, 104, 105, 106, 107]",1808452.0,1806441,10080,1818532.0,10080,1818532.0,False,1818532.0
42212,execution_finished,4,"[76, 77, 78, 79]",1818705.0,1818705,114,1818819.0,114,1818819.0,False,1818819.0
42214,execution_finished,8,"[80, 81, 82, 83, 84, 85, 86, 87]",1818829.0,1818829,158,1818987.0,158,1818987.0,False,1818987.0
42215,execution_finished,4,"[76, 77, 78, 79]",1819037.0,1819037,58,1819095.0,58,1819095.0,False,1819095.0
42201,execution_finished,1,[108],1819223.0,1816523,13,1819236.0,13,1819236.0,False,1819236.0
42206,execution_finished,32,"[36, 37, 38, 39, 40, 41, 42, 43, 44, 45, 46, 47, 48, 49, 50, 51, 52, 53, 54, 55, 56, 57, 58, 59, 60, 61, 62, 63, 64, 65, 66, 67]",1819934.0,1817234,10071,1830005.0,10071,1830005.0,False,1830005.0
42248,execution_finished,1,[68],1830006.0,1827306,14,1830020.0,14,1830020.0,False,1830020.0
42253,execution_finished,32,"[69, 70, 71, 72, 73, 74, 75, 76, 77, 78, 79, 80, 81, 82, 83, 84, 85, 86, 87, 88, 89, 90, 91, 92, 93, 94, 95, 96, 97, 98, 99, 100]",1830733.0,1828033,10069,1840802.0,10069,1840802.0,False,1840802.0
42256,execution_finished,1,[36],1840804.0,1838104,13,1840817.0,13,1840817.0,False,1840817.0
42260,execution_finished,32,"[100, 99, 98, 97, 96, 95, 94, 93, 92, 91, 90, 89, 88, 87, 86, 85, 84, 83, 82, 81, 80, 79, 78, 77, 76, 75, 74, 73, 72, 71, 70, 69]",1840802.0,1840162,217,1841019.0,217,1841019.0,False,1841019.0
42258,execution_finished,1,[101],1841923.0,1839223,14,1841937.0,14,1841937.0,False,1841937.0
42028,execution_finished,4,"[32, 33, 34, 35]",1781793.0,1771039,62581,1844374.0,62581,1844374.0,False,1844374.0
42027,execution_finished,32,"[0, 1, 2, 3, 4, 5, 6, 7, 8, 9, 10, 11, 12, 13, 14, 15, 16, 17, 18, 19, 20, 21, 22, 23, 24, 25, 26, 27, 28, 29, 30, 31]",1781793.0,1770977,62643,1844436.0,62643,1844436.0,False,1844436.0
42261,execution_finished,1,[0],1844436.0,1840332,17,1844453.0,17,1844453.0,False,1844453.0
42259,execution_finished,64,"[36, 69, 70, 71, 72, 73, 74, 75, 76, 77, 78, 79, 80, 81, 82, 83, 84, 85, 86, 87, 88, 89, 90, 91, 92, 93, 94, 95, 96, 97, 98, 99, 100, 101, 102, 103, 104, 105, 106, 107, 108, 109, 110, 111, 112, 113, 114, 115, 116, 117, 118, 119, 120, 121, 122, 123, 124, 125, 126, 127, 32, 33, 34, 35]",1847074.0,1840146,160,1847234.0,160,1847234.0,False,1847234.0
42257,execution_finished,32,"[37, 38, 39, 40, 41, 42, 43, 44, 45, 46, 47, 48, 49, 50, 51, 52, 53, 54, 55, 56, 57, 58, 59, 60, 61, 62, 63, 64, 65, 66, 67, 68]",1841534.0,1838834,6717,1848251.0,6717,1848251.0,False,1848251.0
42262,execution_finished,1,[1],1849236.0,1845553,13,1849249.0,13,1849249.0,False,1849249.0
42263,execution_finished,64,"[32, 33, 34, 35, 36, 69, 70, 71, 72, 73, 74, 75, 76, 77, 78, 79, 80, 81, 82, 83, 84, 85, 86, 87, 88, 89, 90, 91, 92, 93, 94, 95, 96, 97, 98, 99, 100, 101, 102, 103, 104, 105, 106, 107, 108, 109, 110, 111, 112, 113, 114, 115, 116, 117, 118, 119, 120, 121, 122, 123, 124, 125, 126, 127]",1847234.0,1846128,10923,1858157.0,10923,1858157.0,False,1858157.0
42264,execution_finished,128,"[0, 1, 2, 3, 4, 5, 6, 7, 8, 9, 10, 11, 12, 13, 14, 15, 16, 17, 18, 19, 20, 21, 22, 23, 24, 25, 26, 27, 28, 29, 30, 31, 37, 38, 39, 40, 41, 42, 43, 44, 45, 46, 47, 48, 49, 50, 51, 52, 53, 54, 55, 56, 57, 58, 59, 60, 61, 62, 63, 64, 65, 66, 67, 68, 32, 33, 34, 35, 36, 69, 70, 71, 72, 73, 74, 75, 76, 77, 78, 79, 80, 81, 82, 83, 84, 85, 86, 87, 88, 89, 90, 91, 92, 93, 94, 95, 96, 97, 98, 99, 100, 101, 102, 103, 104, 105, 106, 107, 108, 109, 110, 111, 112, 113, 114, 115, 116, 117, 118, 119, 120, 121, 122, 123, 124, 125, 126, 127]",1860857.0,1857058,86,1860943.0,86,1860943.0,False,1860943.0
