time,nb_sleeping,nb_switching_on,nb_switching_off,nb_idle,nb_computing
0.0,0,0,0,128,0
0.0,0,0,0,124,4
132.0,0,0,0,128,0
256.0,0,0,0,128,0
256.0,0,0,0,127,1
297.0,0,0,0,127,1
297.0,0,0,0,123,5
321.0,0,0,0,127,1
328.0,0,0,0,127,1
328.0,0,0,0,126,2
337.0,0,0,0,127,1
367.0,0,0,0,128,0
455.0,0,0,0,128,0
455.0,0,0,0,127,1
490.0,0,0,0,127,1
490.0,0,0,0,111,17
494.0,0,0,0,111,17
494.0,0,0,0,79,49
571.0,0,0,0,80,48
576.0,0,0,0,80,48
576.0,0,0,0,72,56
729.0,0,0,0,80,48
871.0,0,0,0,80,48
871.0,0,0,0,72,56
900.0,0,0,0,72,56
900.0,0,0,53,19,56
1016.0,0,0,53,27,48
1032.0,0,0,53,27,48
1032.0,0,0,57,23,48
1221.0,0,0,57,23,48
1221.0,0,0,61,19,48
1237.0,0,0,61,19,48
1237.0,0,0,62,18,48
1249.0,0,0,62,50,16
1267.0,0,0,62,50,16
1267.0,0,0,63,49,16
1300.0,0,0,63,49,16
1300.0,0,0,63,45,20
1307.0,0,0,63,45,20
1307.0,0,0,63,44,21
1316.0,0,0,63,44,21
1316.0,0,0,63,28,37
1326.0,0,0,63,28,37
1326.0,0,0,63,27,38
1343.0,0,0,63,27,38
1343.0,0,0,63,25,40
1360.0,0,0,63,26,39
1375.0,0,0,63,27,38
1471.0,0,0,63,27,38
1500.0,0,0,63,31,34
1506.0,0,0,63,47,18
1535.0,0,0,63,47,18
1535.0,0,0,63,15,50
1611.0,0,0,63,31,34
1629.0,0,0,63,31,34
1651.0,0,0,63,31,34
1681.0,0,0,63,33,32
1681.0,0,0,63,1,64
1795.0,0,0,63,1,64
1817.0,0,0,63,1,64
1875.0,0,0,63,33,32
1875.0,0,0,63,27,38
1903.0,0,0,63,29,36
1906.0,0,0,63,29,36
1906.0,0,0,63,25,40
1913.0,0,0,63,29,36
1924.0,0,0,63,29,36
1927.0,0,0,63,29,36
2030.0,0,0,63,29,36
2030.0,0,0,63,28,37
2149.0,0,0,63,28,37
2184.0,0,0,63,29,36
2349.0,0,0,63,29,36
2349.0,0,0,63,28,37
2406.0,0,0,63,28,37
2426.0,0,0,63,29,36
2581.0,0,0,63,29,36
2700.0,53,0,10,29,36
2700.0,21,32,10,27,38
2775.0,21,32,10,27,38
2775.0,21,32,31,6,38
2800.0,21,32,31,6,38
2803.0,21,32,31,6,38
2803.0,21,32,33,4,38
2813.0,21,32,33,4,38
2813.0,21,32,36,1,38
2832.0,25,32,32,1,38
2846.0,25,32,32,1,38
2889.0,25,32,32,1,38
2934.0,25,32,32,5,34
2953.0,25,32,32,5,34
2953.0,24,33,32,5,34
3021.0,28,33,28,5,34
3021.0,0,61,28,5,34
3037.0,1,61,27,5,34
3067.0,2,61,26,5,34
3239.0,2,61,26,5,34
3252.0,2,61,26,5,34
3267.0,2,61,26,5,34
3326.0,2,61,26,5,34
3711.0,2,61,26,7,32
3834.0,2,61,26,7,32
3834.0,2,61,27,6,32
3968.0,2,61,27,6,32
4150.0,2,61,27,6,32
4150.0,0,63,27,6,32
4161.0,0,63,27,6,32
4297.0,0,63,27,6,32
4575.0,21,63,6,6,32
4575.0,13,71,6,6,32
4603.0,15,71,4,6,32
4611.0,15,71,4,6,32
4611.0,15,71,6,4,32
4613.0,18,71,3,4,32
5044.0,18,71,3,4,32
5114.0,18,71,3,4,32
5134.0,18,71,3,36,0
5134.0,18,71,3,4,32
5175.0,18,71,3,4,32
5274.0,18,71,3,4,32
5400.0,18,39,3,36,32
5400.0,18,39,3,4,64
5413.0,18,39,3,36,32
5413.0,2,55,3,4,64
5450.0,2,55,3,4,64
5587.0,2,55,3,4,64
5634.0,3,55,2,4,64
5653.0,3,54,2,5,64
5653.0,3,54,2,4,65
5672.0,3,54,2,5,64
5721.0,3,26,2,33,64
5721.0,3,26,2,1,96
5731.0,3,26,2,1,96
5792.0,3,26,2,33,64
5792.0,3,26,2,1,96
5815.0,3,26,2,1,96
5878.0,3,26,2,17,80
5878.0,0,29,2,1,96
5954.0,0,29,2,9,88
5954.0,0,29,2,1,96
5956.0,0,29,2,9,88
5956.0,0,29,2,1,96
5998.0,0,29,2,9,88
5998.0,0,29,2,1,96
6023.0,0,29,2,9,88
6085.0,0,29,2,17,80
6121.0,0,29,2,49,48
6121.0,0,29,2,17,80
6193.0,0,29,2,17,80
6193.0,0,29,2,13,84
6238.0,0,29,2,17,80
6411.0,2,29,0,17,80
6572.0,2,29,0,17,80
6675.0,2,29,0,17,80
6692.0,2,29,0,17,80
6850.0,2,27,0,19,80
6850.0,2,27,0,17,82
6875.0,2,27,0,19,80
6918.0,2,27,0,35,64
6918.0,2,27,0,3,96
6923.0,2,27,0,3,96
6928.0,2,27,0,3,96
6935.0,2,27,0,3,96
6997.0,2,27,0,35,64
6997.0,2,27,0,3,96
7007.0,2,27,0,3,96
7021.0,2,27,0,3,96
7067.0,2,27,0,3,96
7125.0,2,27,0,3,96
7144.0,2,27,0,35,64
7144.0,2,27,0,3,96
7161.0,2,27,0,3,96
7168.0,2,27,0,3,96
7224.0,2,27,0,3,96
7267.0,2,27,0,3,96
7275.0,2,19,0,11,96
7275.0,2,19,0,3,104
7370.0,2,19,0,35,72
7370.0,2,19,0,3,104
7385.0,2,19,0,3,104
7388.0,2,19,0,3,104
7451.0,2,19,0,3,104
7486.0,2,19,0,35,72
7486.0,2,19,0,3,104
7502.0,2,19,0,11,96
7502.0,2,19,0,3,104
7545.0,2,19,0,11,96
7554.0,2,19,0,19,88
7556.0,2,19,0,19,88
7558.0,2,19,0,19,88
7559.0,2,19,0,27,80
7572.0,2,19,0,35,72
7572.0,2,19,0,3,104
7698.0,2,19,0,3,104
7818.0,2,19,0,3,104
7822.0,2,19,0,3,104
7822.0,1,20,0,3,104
7854.0,1,20,0,35,72
7854.0,1,20,0,3,104
7892.0,1,20,0,3,104
7892.0,0,21,0,3,104
7897.0,0,21,0,3,104
7923.0,0,21,0,3,104
7944.0,0,21,0,11,96
7945.0,0,21,0,11,96
7945.0,0,21,0,9,98
7946.0,0,21,0,17,90
7946.0,0,21,0,13,94
7951.0,0,21,0,21,86
7983.0,0,21,0,29,78
8010.0,0,21,0,29,78
8028.0,0,21,0,61,46
8028.0,0,21,0,5,102
8044.0,0,21,0,5,102
8047.0,0,21,0,7,100
8068.0,0,21,0,11,96
8068.0,0,21,0,2,105
8071.0,0,21,0,3,104
8089.0,0,21,0,11,96
8113.0,0,5,0,27,96
8113.0,0,5,0,11,112
8121.0,0,5,0,27,96
8136.0,0,5,0,35,88
8167.0,0,5,0,43,80
8270.0,0,5,0,43,80
8386.0,0,5,0,43,80
8466.0,0,5,0,43,80
8466.0,0,5,0,35,88
8472.0,0,5,0,35,88
8549.0,0,5,0,43,80
8578.0,0,2,0,46,80
8578.0,0,2,0,42,84
8619.0,0,2,0,46,80
8754.0,0,2,0,46,80
8772.0,0,2,0,46,80
8772.0,0,2,0,42,84
8795.0,0,2,0,42,84
8795.0,0,2,0,40,86
8811.0,0,2,0,46,80
8831.0,0,2,0,46,80
8831.0,0,2,0,42,84
8844.0,0,2,0,42,84
8852.0,0,2,0,42,84
8852.0,0,2,0,40,86
8928.0,0,2,0,46,80
8968.0,0,2,0,46,80
8989.0,0,2,0,46,80
9003.0,0,2,0,46,80
9003.0,0,2,0,44,82
9021.0,0,2,0,44,82
9021.0,0,2,4,40,82
9023.0,0,2,4,42,80
9036.0,0,2,4,42,80
9036.0,0,2,12,34,80
9047.0,0,2,12,34,80
9047.0,0,2,12,30,84
9067.0,0,2,12,30,84
9067.0,0,2,16,26,84
9085.0,0,2,16,30,80
9098.0,0,2,16,30,80
9098.0,0,2,16,26,84
9121.0,0,2,16,26,84
9121.0,0,2,16,24,86
9137.0,0,2,16,24,86
9137.0,0,2,16,16,94
9144.0,0,2,16,22,88
9182.0,0,2,16,30,80
9196.0,0,2,16,30,80
9196.0,0,2,16,28,82
9208.0,0,2,16,28,82
9208.0,0,2,16,24,86
9233.0,0,2,16,24,86
9233.0,0,2,16,22,88
9240.0,0,2,16,22,88
9240.0,0,2,16,14,96
9265.0,0,2,16,16,94
9327.0,0,2,16,24,86
9381.0,0,2,16,24,86
9381.0,0,2,16,16,94
9421.0,0,2,16,24,86
9449.0,0,2,16,24,86
9451.0,0,2,16,24,86
9451.0,0,2,16,16,94
9530.0,0,2,16,24,86
9541.0,0,2,16,24,86
9541.0,0,2,16,23,87
9542.0,0,2,16,31,79
9545.0,0,2,16,32,78
9565.0,0,2,16,32,78
9565.0,0,2,16,24,86
9569.0,0,2,16,24,86
9569.0,0,2,16,8,102
9572.0,0,2,16,8,102
9572.0,0,2,16,7,103
9581.0,0,2,16,11,99
9588.0,0,2,16,13,97
9594.0,0,2,16,13,97
9594.0,0,2,16,9,101
9614.0,0,2,16,10,100
9632.0,0,2,16,10,100
9632.0,0,2,16,8,102
9636.0,0,2,16,12,98
9661.0,0,2,16,14,96
9668.0,0,2,16,22,88
9711.0,0,2,16,22,88
9750.0,0,2,16,22,88
9750.0,0,2,16,18,92
9758.0,0,2,16,18,92
9758.0,0,2,16,17,93
9775.0,0,2,16,18,92
9780.0,0,2,16,18,92
9780.0,0,2,16,16,94
9819.0,0,2,16,32,78
9828.0,0,2,16,32,78
9887.0,0,2,16,36,74
9892.0,0,2,16,36,74
9892.0,0,2,16,28,82
9897.0,0,2,16,38,72
9899.0,0,2,16,38,72
9899.0,0,2,16,22,88
9995.0,0,2,16,38,72
10044.0,0,2,16,38,72
10082.0,0,2,16,38,72
10146.0,0,2,16,38,72
10146.0,0,2,16,30,80
10175.0,0,2,16,30,80
10175.0,0,2,16,29,81
10216.0,0,2,16,30,80
10227.0,0,2,16,38,72
10231.0,0,2,16,38,72
10231.0,0,2,16,37,73
10255.0,0,2,16,38,72
10265.0,0,2,16,38,72
10265.0,0,2,16,34,76
10290.0,0,2,16,34,76
10290.0,0,2,16,32,78
10321.0,0,2,16,32,78
10367.0,0,2,16,34,76
10368.0,0,2,16,38,72
10369.0,0,2,16,38,72
10369.0,0,2,16,30,80
10442.0,0,2,16,30,80
10445.0,0,2,16,30,80
10462.0,0,2,16,38,72
10481.0,0,2,16,38,72
10488.0,0,2,16,38,72
10509.0,0,2,16,38,72
10509.0,0,2,16,30,80
10514.0,0,2,16,30,80
10522.0,0,1,16,31,80
10522.0,0,1,16,30,81
10534.0,0,1,16,62,49
10568.0,0,1,16,62,49
10577.0,0,1,16,63,48
10592.0,0,0,16,64,48
10592.0,0,0,16,63,49
10593.0,0,0,16,71,41
10617.0,0,0,16,72,40
10719.0,0,0,16,72,40
10787.0,0,0,16,72,40
10797.0,0,0,16,72,40
10821.0,4,0,12,72,40
10826.0,4,0,12,72,40
10826.0,4,0,12,68,44
10836.0,12,0,4,68,44
10847.0,12,0,4,68,44
10847.0,12,0,4,66,46
10867.0,16,0,0,66,46
10895.0,16,0,0,66,46
10951.0,16,0,0,72,40
11028.0,16,0,0,72,40
11028.0,16,0,0,68,44
11050.0,16,0,0,68,44
11050.0,16,0,0,66,46
11116.0,16,0,0,66,46
11127.0,16,0,0,66,46
11127.0,16,0,3,63,46
11136.0,16,0,3,63,46
11136.0,16,0,3,55,54
11155.0,16,0,3,55,54
11327.0,16,0,3,55,54
11327.0,16,0,3,51,58
11362.0,16,0,3,51,58
11362.0,16,0,6,48,58
11376.0,16,0,6,52,54
11434.0,16,0,6,52,54
11434.0,16,0,38,20,54
11441.0,16,0,38,20,54
11441.0,16,0,38,18,56
11458.0,16,0,38,20,54
11477.0,16,0,38,20,54
11479.0,16,0,38,20,54
11479.0,16,0,38,16,58
11493.0,16,0,38,16,58
11493.0,16,0,41,13,58
11516.0,16,0,41,17,54
11517.0,16,0,41,17,54
11517.0,16,0,42,16,54
11536.0,16,0,42,16,54
11536.0,16,0,42,8,62
11555.0,16,0,42,16,54
11579.0,16,0,42,24,46
11598.0,16,0,42,24,46
11598.0,16,0,42,8,62
11660.0,16,0,42,24,46
11692.0,16,0,42,24,46
11692.0,0,16,42,24,46
11739.0,0,16,42,24,46
11851.0,0,16,42,24,46
11883.0,0,16,42,24,46
12010.0,0,16,42,30,40
12110.0,0,16,42,30,40
12110.0,0,16,42,22,48
12135.0,0,16,42,22,48
12165.0,0,16,42,26,44
12208.0,0,16,42,26,44
12208.0,0,16,42,24,46
12276.0,0,16,42,24,46
12277.0,0,16,42,24,46
12479.0,0,16,42,24,46
12554.0,0,16,42,24,46
12554.0,0,16,42,23,47
12557.0,0,16,42,24,46
12560.0,0,16,42,24,46
12560.0,0,16,44,22,46
12673.0,0,16,44,26,42
12747.0,0,16,44,28,40
12908.0,0,16,44,28,40
12908.0,0,16,44,27,41
12910.0,0,16,44,27,41
12910.0,0,16,46,25,41
12927.0,3,16,43,25,41
12965.0,3,16,43,26,40
12983.0,3,16,43,26,40
12983.0,2,17,43,26,40
13009.0,2,17,43,26,40
13009.0,2,17,43,22,44
13032.0,2,17,43,22,44
13032.0,2,17,43,20,46
13065.0,2,17,43,20,46
13065.0,2,17,44,19,46
13162.0,5,17,41,19,46
13234.0,37,17,9,19,46
13234.0,5,49,9,19,46
13293.0,8,49,6,19,46
13317.0,9,49,5,19,46
13548.0,9,49,5,19,46
13647.0,9,49,5,19,46
13647.0,9,49,7,17,46
13865.0,9,49,7,17,46
13865.0,9,49,8,16,46
13947.0,9,49,8,16,46
13972.0,9,49,8,20,42
13975.0,9,49,8,22,40
14129.0,9,49,8,22,40
14129.0,9,49,8,20,42
14307.0,9,49,8,22,40
14360.0,11,49,6,22,40
14392.0,11,33,6,38,40
14392.0,11,33,6,4,74
14491.0,11,33,6,6,72
14542.0,11,33,6,38,40
14542.0,11,33,6,6,72
14592.0,11,33,6,38,40
14592.0,11,33,6,14,64
14639.0,11,33,6,14,64
14687.0,11,33,6,14,64
14687.0,7,37,6,14,64
14710.0,9,37,4,14,64
14865.0,10,37,3,14,64
14872.0,10,37,3,14,64
14976.0,10,37,3,22,56
15235.0,10,37,3,22,56
15273.0,10,37,3,22,56
15273.0,8,39,3,22,56
15281.0,8,39,3,22,56
15356.0,8,39,3,22,56
15442.0,8,39,3,22,56
15445.0,8,39,3,22,56
15445.0,6,41,3,22,56
15447.0,8,41,1,22,56
15492.0,8,41,1,22,56
15492.0,8,41,15,8,56
15500.0,8,41,15,8,56
15528.0,8,41,15,8,56
15572.0,8,41,15,8,56
15596.0,8,41,15,8,56
15665.0,9,41,14,8,56
15683.0,9,40,14,9,56
15683.0,9,40,14,8,57
15701.0,9,40,14,9,56
15805.0,9,40,14,25,40
15805.0,9,40,14,9,56
15876.0,9,40,14,9,56
15894.0,9,40,14,9,56
15894.0,9,40,14,7,58
15920.0,9,40,14,7,58
15934.0,9,8,14,39,58
15934.0,9,8,14,7,90
15948.0,9,8,14,7,90
15955.0,9,8,14,9,88
15962.0,9,8,14,9,88
15962.0,8,9,14,9,88
16057.0,8,9,14,41,56
16057.0,8,9,14,9,88
16064.0,8,9,14,41,56
16064.0,8,9,14,9,88
16074.0,8,9,14,41,56
16074.0,8,9,14,9,88
16085.0,8,9,14,25,72
16087.0,8,9,14,41,56
16626.0,8,9,14,41,56
16626.0,8,9,14,9,88
16684.0,8,9,14,9,88
16684.0,8,9,14,7,90
16705.0,8,9,14,7,90
16751.0,8,9,14,23,74
16769.0,8,9,14,25,72
16798.0,8,9,14,25,72
16798.0,7,10,14,25,72
16878.0,7,10,14,57,40
16878.0,0,17,14,57,40
16957.0,0,17,14,57,40
16961.0,0,17,14,57,40
16985.0,0,17,14,57,40
17070.0,0,17,14,57,40
17083.0,0,17,14,57,40
17256.0,0,17,14,57,40
17276.0,0,17,14,57,40
17292.0,14,17,0,57,40
17387.0,14,13,0,61,40
17387.0,14,13,0,57,44
17392.0,14,13,0,59,42
17392.0,14,13,0,57,44
17447.0,14,13,0,59,42
17538.0,14,13,0,59,42
17567.0,14,13,0,61,40
17575.0,14,13,0,61,40
17575.0,14,13,0,59,42
17773.0,14,13,0,61,40
17834.0,14,13,0,61,40
17834.0,14,13,0,59,42
17893.0,14,13,0,61,40
17972.0,14,13,0,61,40
17973.0,14,11,0,63,40
17973.0,14,11,0,61,42
18034.0,14,11,0,63,40
18115.0,14,11,0,63,40
18145.0,14,9,0,65,40
18145.0,14,9,0,63,42
18206.0,14,9,0,65,40
18347.0,14,9,0,65,40
18394.0,14,9,0,65,40
18467.0,14,9,0,65,40
18467.0,14,9,2,63,40
18542.0,14,9,2,63,40
18547.0,14,9,2,63,40
18662.0,14,8,2,64,40
18662.0,14,8,2,63,41
18680.0,14,8,2,64,40
18681.0,14,8,2,64,40
18736.0,14,8,2,64,40
18742.0,14,8,2,64,40
18793.0,14,8,2,64,40
18793.0,14,8,4,62,40
18846.0,14,8,4,62,40
18872.0,14,8,4,62,40
18934.0,14,8,4,62,40
18934.0,14,8,6,60,40
18944.0,14,8,6,60,40
18944.0,13,9,6,60,40
18950.0,13,9,6,60,40
18950.0,12,10,6,60,40
18995.0,12,10,6,68,32
19035.0,12,10,6,100,0
19035.0,0,22,6,92,8
19106.0,0,22,6,92,8
19106.0,0,22,7,91,8
19116.0,0,22,7,99,0
19241.0,0,22,7,99,0
19241.0,0,22,7,98,1
19249.0,0,22,7,99,0
19252.0,0,22,7,99,0
19293.0,0,22,7,99,0
19293.0,0,22,7,91,8
19419.0,0,22,7,91,8
19419.0,0,22,7,90,9
19438.0,0,22,7,91,8
19498.0,0,21,7,92,8
19498.0,0,21,7,91,9
19528.0,0,21,7,92,8
19530.0,0,21,7,92,8
19578.0,0,14,7,99,8
19578.0,0,14,7,35,72
19636.0,0,14,7,99,8
19636.0,0,14,7,19,88
19657.0,0,14,7,19,88
19657.0,0,14,7,18,89
19661.0,0,14,7,82,25
19661.0,0,14,7,18,89
19678.0,0,14,7,82,25
19678.0,0,14,7,18,89
19684.0,0,14,7,18,89
19684.0,0,14,7,17,90
19690.0,0,14,7,81,26
19690.0,0,14,7,17,90
19709.0,0,14,7,81,26
19709.0,0,14,7,17,90
19743.0,0,14,7,18,89
19761.0,0,14,7,19,88
19766.0,0,14,7,19,88
19788.0,0,14,7,19,88
19793.0,0,14,7,35,72
19793.0,0,14,7,19,88
19802.0,0,14,7,19,88
19895.0,0,14,7,19,88
19952.0,0,14,7,51,56
19952.0,0,14,7,19,88
19961.0,0,14,7,19,88
19996.0,0,14,7,19,88
20066.0,0,14,7,35,72
20066.0,0,14,7,8,99
20087.0,0,14,7,9,98
20089.0,0,14,7,11,96
20108.0,0,14,7,11,96
20110.0,0,14,7,19,88
20110.0,0,14,7,11,96
20128.0,0,14,7,11,96
20153.0,0,14,7,19,88
20174.0,0,14,7,19,88
20252.0,0,14,7,35,72
20253.0,0,14,7,51,56
20253.0,0,14,7,19,88
20267.0,2,14,5,19,88
20267.0,0,16,5,19,88
20386.0,0,16,5,19,88
20447.0,0,16,5,51,56
20447.0,0,16,5,35,72
20467.0,0,16,5,35,72
20481.0,0,16,5,35,72
20536.0,0,16,5,35,72
20556.0,0,16,5,35,72
20561.0,0,16,5,35,72
20578.0,0,16,5,35,72
20590.0,0,16,5,35,72
20593.0,2,16,3,35,72
20609.0,2,16,3,35,72
20693.0,2,16,3,35,72
20734.0,4,16,1,35,72
20852.0,4,16,1,35,72
20880.0,4,16,1,51,56
20880.0,4,16,1,19,88
20883.0,4,16,1,19,88
20895.0,4,16,1,19,88
20906.0,5,16,0,19,88
20966.0,5,16,0,19,88
21008.0,5,16,0,27,80
21008.0,0,21,0,21,86
21058.0,0,21,0,25,82
21087.0,0,21,0,27,80
21135.0,0,21,0,59,48
21135.0,0,21,0,27,80
21153.0,0,21,0,27,80
21155.0,0,21,0,43,64
21155.0,0,21,0,27,80
21247.0,0,21,0,43,64
21347.0,0,21,0,43,64
21352.0,0,21,0,59,48
21352.0,0,21,0,27,80
21503.0,0,21,0,43,64
21503.0,0,21,0,27,80
21644.0,0,20,0,28,80
21644.0,0,20,0,27,81
21650.0,0,19,0,28,81
21650.0,0,19,0,27,82
21664.0,0,19,0,28,81
21680.0,0,19,0,29,80
21721.0,0,19,0,45,64
21721.0,0,19,0,29,80
21735.0,0,7,0,41,80
21735.0,0,7,0,25,96
21780.0,0,7,0,25,96
21789.0,0,7,0,41,80
21789.0,0,7,0,17,104
21914.0,0,7,0,25,96
21998.0,0,7,0,41,80
22035.0,0,7,0,41,80
22044.0,0,7,0,57,64
22044.0,0,7,0,25,96
22055.0,0,7,0,25,96
22088.0,0,7,0,25,96
22088.0,0,7,0,24,97
22101.0,0,7,0,24,97
22136.0,0,7,0,25,96
22151.0,0,7,0,25,96
22151.0,0,7,0,24,97
22211.0,0,7,0,25,96
22216.0,0,7,0,25,96
22216.0,0,7,0,21,100
22238.0,0,7,0,21,100
22251.0,0,7,0,53,68
22251.0,0,7,0,19,102
22252.0,0,7,0,19,102
22317.0,0,7,0,51,70
22317.0,0,7,0,19,102
22327.0,0,7,0,19,102
22348.0,0,7,0,23,98
22348.0,0,7,0,22,99
22370.0,0,7,0,24,97
22374.0,0,7,0,24,97
22403.0,0,7,0,24,97
22413.0,0,7,0,24,97
22413.0,0,7,0,22,99
22417.0,0,7,0,23,98
22495.0,0,7,0,25,96
22503.0,0,7,0,25,96
22503.0,0,7,0,24,97
22509.0,0,7,0,25,96
22515.0,0,7,0,25,96
22554.0,0,7,0,25,96
22554.0,0,7,0,24,97
22557.0,0,7,0,24,97
22557.0,0,7,0,23,98
22568.0,0,7,0,24,97
22587.0,0,7,0,25,96
22621.0,0,7,0,25,96
22623.0,0,7,0,57,64
22623.0,0,7,0,33,88
22626.0,0,7,0,33,88
22644.0,0,7,0,49,72
22644.0,0,7,0,17,104
22689.0,0,7,0,17,104
22701.0,0,7,0,25,96
22703.0,0,7,0,25,96
22703.0,0,7,0,16,105
22724.0,0,7,0,16,105
22763.0,0,7,0,16,105
22763.0,0,7,0,15,106
22766.0,0,7,0,16,105
22835.0,0,7,0,17,104
22840.0,0,7,0,17,104
22840.0,0,7,0,15,106
22857.0,0,7,0,15,106
22867.0,0,7,0,47,74
22867.0,0,7,0,15,106
22886.0,0,7,0,15,106
22908.0,0,7,0,15,106
22937.0,0,7,0,17,104
22937.0,0,7,0,16,105
22944.0,0,7,0,16,105
22961.0,0,7,0,17,104
22961.0,0,7,0,15,106
22967.0,0,5,0,17,106
22967.0,0,5,0,1,122
23042.0,0,5,0,33,90
23042.0,0,5,0,1,122
23067.0,0,5,0,1,122
23108.0,0,5,0,33,90
23108.0,0,5,0,29,94
23139.0,0,5,0,45,78
23139.0,0,5,0,13,110
23151.0,0,5,0,13,110
23172.0,0,5,0,45,78
23193.0,0,5,0,77,46
23194.0,0,5,0,77,46
23194.0,0,5,0,45,78
23210.0,0,5,0,77,46
23217.0,0,5,0,77,46
23295.0,0,5,0,77,46
23295.0,0,5,0,76,47
23356.0,0,5,0,77,46
23429.0,0,5,0,77,46
23429.0,0,5,0,76,47
23499.0,0,5,0,84,39
23513.0,0,5,0,116,7
23517.0,0,5,0,117,6
23521.0,0,5,0,117,6
23521.0,0,5,0,109,14
23523.0,0,5,0,109,14
23544.0,0,5,0,109,14
23573.0,0,5,0,109,14
23573.0,0,5,0,108,15
23601.0,0,5,0,108,15
23666.0,0,5,0,108,15
23693.0,0,5,0,109,14
23708.0,0,0,0,114,14
23708.0,0,0,0,108,20
23837.0,0,0,0,108,20
23857.0,0,0,0,116,12
23865.0,0,0,0,116,12
23865.0,0,0,0,108,20
23946.0,0,0,0,116,12
24008.0,0,0,0,116,12
24039.0,0,0,0,116,12
24072.0,0,0,0,116,12
24089.0,0,0,0,116,12
24089.0,0,0,0,52,76
24093.0,0,0,0,52,76
24117.0,0,0,0,116,12
24194.0,0,0,0,116,12
24194.0,0,0,0,52,76
24389.0,0,0,0,116,12
24399.0,0,0,0,116,12
24535.0,0,0,0,116,12
24535.0,0,0,0,84,44
24747.0,0,0,0,116,12
24822.0,0,0,0,116,12
24822.0,0,0,0,115,13
24835.0,0,0,0,116,12
24928.0,0,0,0,118,10
24950.0,0,0,0,122,6
24954.0,0,0,0,122,6
24954.0,0,0,0,90,38
24995.0,0,0,0,122,6
25017.0,0,0,0,122,6
25095.0,0,0,0,122,6
25095.0,0,0,0,90,38
25135.0,0,0,0,122,6
25250.0,0,0,0,122,6
25250.0,0,0,0,90,38
25289.0,0,0,0,90,38
25346.0,0,0,0,122,6
25424.0,0,0,0,122,6
25424.0,0,0,0,90,38
25647.0,0,0,0,90,38
25702.0,0,0,0,122,6
25808.0,0,0,0,122,6
25808.0,0,0,0,121,7
25826.0,0,0,0,122,6
25895.0,0,0,0,122,6
25895.0,0,0,25,97,6
26020.0,0,0,25,99,4
26035.0,0,0,25,99,4
26035.0,0,0,57,67,4
26092.0,0,0,57,67,4
26185.0,0,0,57,71,0
26246.0,0,0,57,71,0
26246.0,0,0,89,39,0
26602.0,0,0,89,39,0
26602.0,0,0,121,7,0
26726.0,0,0,121,7,0
26726.0,0,0,122,6,0
26920.0,0,0,122,6,0
26920.0,0,0,124,4,0
27085.0,0,0,124,4,0
27085.0,0,0,128,0,0
27102.0,0,0,128,0,0
27374.0,0,0,128,0,0
27447.0,0,0,128,0,0
27527.0,0,0,128,0,0
27555.0,0,0,128,0,0
27599.0,0,0,128,0,0
27695.0,25,0,103,0,0
27750.0,25,0,103,0,0
27835.0,57,0,71,0,0
28046.0,89,0,39,0,0
28356.0,89,0,39,0,0
28402.0,121,0,7,0,0
28526.0,122,0,6,0,0
28720.0,124,0,4,0,0
28885.0,128,0,0,0,0
28885.0,0,128,0,0,0
30568.0,0,128,0,0,0
31585.0,0,0,0,128,0
31585.0,0,0,0,0,128
31727.0,0,0,0,0,128
32031.0,0,0,0,128,0
32031.0,0,0,0,84,44
32050.0,0,0,0,88,40
32052.0,0,0,0,90,38
32054.0,0,0,0,96,32
32135.0,0,0,0,128,0
32135.0,0,0,0,0,128
32595.0,0,0,0,128,0
32595.0,0,0,0,0,128
32931.0,0,0,0,0,128
33064.0,0,0,0,128,0
33064.0,0,0,0,96,32
33283.0,0,0,0,128,0
33283.0,0,0,0,0,128
33964.0,0,0,0,0,128
42658.0,0,0,0,0,128
44124.0,0,0,0,0,128
44209.0,0,0,0,128,0
44209.0,0,0,0,0,128
44294.0,0,0,0,128,0
44294.0,0,0,0,127,1
44318.0,0,0,0,128,0
45194.0,0,0,0,128,0
45194.0,0,0,127,1,0
45218.0,0,0,127,1,0
45218.0,0,0,128,0,0
46994.0,127,0,1,0,0
47018.0,128,0,0,0,0
47990.0,128,0,0,0,0
47990.0,127,1,0,0,0
48084.0,127,1,0,0,0
48441.0,127,1,0,0,0
48659.0,127,1,0,0,0
48784.0,127,1,0,0,0
48923.0,127,1,0,0,0
50690.0,127,0,0,1,0
50690.0,127,0,0,0,1
50773.0,127,0,0,1,0
50773.0,0,127,0,1,0
51180.0,0,127,0,1,0
52303.0,0,127,0,1,0
53039.0,0,127,0,1,0
53376.0,0,127,0,1,0
53473.0,0,0,0,128,0
53473.0,0,0,0,0,128
53829.0,0,0,0,128,0
53829.0,0,0,0,122,6
53846.0,0,0,0,126,2
53877.0,0,0,0,127,1
53946.0,0,0,0,128,0
53946.0,0,0,0,0,128
54036.0,0,0,0,128,0
54036.0,0,0,0,124,4
54157.0,0,0,0,125,3
54176.0,0,0,0,126,2
54207.0,0,0,0,127,1
54322.0,0,0,0,128,0
54553.0,0,0,0,128,0
54553.0,0,0,0,127,1
54729.0,0,0,0,127,1
54837.0,0,0,0,128,0
54927.0,0,0,0,128,0
54927.0,0,0,0,127,1
54936.0,0,0,0,127,1
54936.0,0,0,122,5,1
55057.0,0,0,122,5,1
55057.0,0,0,123,4,1
55076.0,0,0,123,4,1
55076.0,0,0,124,3,1
55107.0,0,0,124,3,1
55107.0,0,0,125,2,1
55179.0,0,0,125,3,0
55222.0,0,0,125,3,0
55222.0,0,0,126,2,0
55737.0,0,0,126,2,0
55737.0,0,0,127,1,0
55952.0,0,0,127,1,0
55952.0,0,0,127,0,1
56079.0,0,0,127,0,1
56736.0,122,0,5,0,1
56857.0,123,0,4,0,1
56876.0,124,0,3,0,1
56907.0,125,0,2,0,1
57022.0,126,0,1,0,1
57537.0,127,0,0,0,1
57869.0,127,0,0,1,0
57895.0,127,0,0,1,0
57895.0,127,0,0,0,1
58769.0,127,0,0,0,1
58838.0,127,0,0,1,0
58847.0,127,0,0,1,0
58847.0,127,0,0,0,1
59575.0,127,0,0,1,0
59631.0,127,0,0,1,0
59631.0,127,0,0,0,1
59738.0,127,0,0,0,1
59758.0,127,0,0,1,0
60245.0,127,0,0,1,0
60245.0,127,0,0,0,1
60475.0,127,0,0,0,1
60655.0,127,0,0,1,0
60658.0,127,0,0,1,0
60663.0,127,0,0,1,0
60663.0,127,0,0,0,1
60766.0,127,0,0,1,0
60778.0,127,0,0,1,0
60778.0,127,0,0,0,1
60892.0,127,0,0,1,0
61128.0,127,0,0,1,0
61128.0,127,0,0,0,1
61251.0,127,0,0,1,0
61376.0,127,0,0,1,0
61376.0,127,0,0,0,1
61464.0,127,0,0,1,0
61555.0,127,0,0,1,0
61592.0,127,0,0,1,0
61592.0,127,0,0,0,1
61666.0,127,0,0,0,1
61718.0,127,0,0,1,0
61792.0,127,0,0,1,0
62151.0,127,0,0,1,0
62364.0,127,0,0,1,0
62489.0,127,0,0,1,0
62489.0,127,0,0,0,1
62605.0,127,0,0,1,0
62618.0,127,0,0,1,0
62765.0,127,0,0,1,0
62765.0,127,0,0,0,1
62877.0,127,0,0,1,0
63505.0,127,0,0,1,0
63777.0,127,0,0,1,0
63777.0,127,0,1,0,0
63954.0,127,0,1,0,0
63954.0,126,1,1,0,0
64245.0,126,1,1,0,0
64245.0,125,2,1,0,0
64403.0,125,2,1,0,0
64403.0,124,3,1,0,0
64559.0,124,3,1,0,0
64559.0,123,4,1,0,0
65577.0,124,4,0,0,0
66654.0,124,3,0,1,0
66654.0,124,3,0,0,1
66870.0,124,3,0,1,0
66945.0,124,2,0,2,0
66945.0,124,2,0,1,1
67068.0,124,2,0,2,0
67103.0,124,1,0,3,0
67103.0,124,1,0,2,1
67210.0,124,1,0,3,0
67259.0,124,0,0,4,0
67259.0,124,0,0,3,1
67379.0,124,0,0,4,0
67770.0,124,0,0,4,0
67770.0,124,0,1,3,0
67968.0,124,0,1,3,0
67968.0,124,0,2,2,0
68110.0,124,0,2,2,0
68110.0,124,0,3,1,0
68279.0,124,0,3,1,0
68279.0,124,0,4,0,0
69570.0,125,0,3,0,0
69768.0,126,0,2,0,0
69910.0,127,0,1,0,0
70008.0,127,0,1,0,0
70008.0,125,2,1,0,0
70079.0,126,2,0,0,0
70141.0,126,2,0,0,0
70141.0,124,4,0,0,0
70340.0,124,4,0,0,0
70340.0,122,6,0,0,0
70430.0,122,6,0,0,0
70430.0,120,8,0,0,0
70831.0,120,8,0,0,0
70831.0,118,10,0,0,0
71099.0,118,10,0,0,0
71099.0,116,12,0,0,0
71444.0,116,12,0,0,0
71444.0,114,14,0,0,0
71846.0,114,14,0,0,0
71846.0,112,16,0,0,0
71941.0,112,16,0,0,0
71941.0,111,17,0,0,0
71964.0,111,17,0,0,0
71964.0,109,19,0,0,0
71972.0,109,19,0,0,0
71972.0,107,21,0,0,0
72033.0,107,21,0,0,0
72033.0,106,22,0,0,0
72062.0,106,22,0,0,0
72062.0,104,24,0,0,0
72106.0,104,24,0,0,0
72106.0,102,26,0,0,0
72143.0,102,26,0,0,0
72143.0,94,34,0,0,0
72201.0,94,34,0,0,0
72201.0,62,66,0,0,0
72369.0,62,66,0,0,0
72369.0,60,68,0,0,0
72437.0,60,68,0,0,0
72437.0,28,100,0,0,0
72708.0,28,98,0,2,0
72708.0,28,98,0,0,2
72729.0,28,98,0,2,0
72841.0,28,96,0,4,0
72841.0,28,96,0,2,2
72852.0,28,96,0,2,2
72852.0,24,100,0,2,2
72861.0,24,100,0,4,0
72949.0,24,100,0,4,0
72949.0,24,100,0,2,2
73034.0,24,100,0,4,0
73040.0,24,98,0,6,0
73040.0,24,98,0,4,2
73080.0,24,98,0,6,0
73129.0,24,98,0,6,0
73129.0,24,98,0,2,4
73130.0,24,96,0,4,4
73130.0,24,96,0,2,6
73170.0,24,96,0,6,2
73184.0,24,96,0,8,0
73234.0,24,96,0,8,0
73234.0,24,96,0,4,4
73275.0,24,96,0,8,0
73308.0,24,96,0,8,0
73308.0,24,96,0,4,4
73328.0,24,96,0,4,4
73328.0,24,96,0,2,6
73377.0,24,96,0,6,2
73448.0,24,96,0,8,0
73531.0,24,94,0,10,0
73531.0,24,94,0,8,2
73593.0,24,94,0,10,0
73629.0,24,94,0,10,0
73706.0,24,94,0,10,0
73706.0,0,118,0,10,0
73761.0,0,118,0,10,0
73799.0,0,116,0,12,0
73799.0,0,116,0,10,2
73858.0,0,116,0,10,2
73921.0,0,116,0,10,2
73945.0,0,116,0,12,0
73980.0,0,116,0,12,0
74031.0,0,116,0,12,0
74031.0,0,116,0,10,2
74070.0,0,116,0,10,2
74132.0,0,116,0,12,0
74144.0,0,114,0,14,0
74144.0,0,114,0,12,2
74175.0,0,114,0,12,2
74209.0,0,114,0,14,0
74239.0,0,114,0,14,0
74239.0,0,114,0,12,2
74322.0,0,114,0,14,0
74493.0,0,114,0,14,0
74493.0,0,114,2,12,0
74546.0,0,112,2,14,0
74546.0,0,112,2,12,2
74616.0,0,112,2,14,0
74641.0,0,111,2,15,0
74641.0,0,111,2,14,1
74658.0,0,111,2,15,0
74664.0,0,109,2,17,0
74664.0,0,109,2,15,2
74672.0,0,107,2,17,2
74672.0,0,107,2,15,4
74690.0,0,107,2,15,4
74690.0,0,107,2,13,6
74717.0,0,107,2,15,4
74733.0,0,106,2,16,4
74733.0,0,106,2,15,5
74747.0,0,106,2,17,3
74753.0,0,106,2,18,2
74762.0,0,104,2,20,2
74762.0,0,104,2,18,4
74778.0,0,104,2,20,2
74806.0,0,102,2,22,2
74806.0,0,102,2,20,4
74829.0,0,102,2,22,2
74830.0,0,102,2,24,0
74843.0,0,94,2,32,0
74843.0,0,94,2,24,8
74881.0,0,94,2,32,0
74901.0,0,62,2,64,0
74901.0,0,62,2,32,32
74929.0,0,62,2,32,32
74998.0,0,62,2,64,0
74998.0,0,62,2,32,32
75032.0,0,62,2,32,32
75069.0,0,60,2,34,32
75069.0,0,60,2,32,34
75135.0,0,60,2,64,2
75135.0,0,60,2,30,36
75137.0,0,28,2,62,36
75137.0,0,28,2,30,68
75212.0,0,28,2,32,66
75227.0,0,28,2,64,34
75235.0,0,28,2,66,32
75254.0,0,28,2,98,0
75254.0,0,28,2,96,2
75332.0,0,28,2,98,0
75540.0,0,28,2,98,0
75540.0,0,28,2,96,2
75552.0,0,24,2,100,2
75552.0,0,24,2,96,6
75587.0,0,24,2,100,2
75683.0,0,24,2,102,0
75898.0,0,24,2,102,0
76035.0,0,24,2,102,0
76035.0,0,24,20,84,0
76112.0,0,24,20,84,0
76112.0,0,24,22,82,0
76127.0,0,24,22,82,0
76127.0,0,24,54,50,0
76135.0,0,24,54,50,0
76135.0,0,24,56,48,0
76154.0,0,24,56,48,0
76154.0,0,24,88,16,0
76232.0,0,24,88,16,0
76232.0,0,24,90,14,0
76254.0,0,24,90,14,0
76254.0,0,24,90,12,2
76293.0,2,24,88,12,2
76323.0,2,24,88,12,2
76323.0,2,24,88,11,3
76340.0,2,24,88,12,2
76387.0,2,24,88,14,0
76406.0,2,0,88,38,0
76406.0,2,0,88,6,32
76444.0,2,0,88,6,32
76487.0,2,0,88,6,32
76487.0,2,0,89,5,32
76509.0,2,0,89,37,0
76546.0,2,0,89,37,0
76559.0,2,0,89,37,0
76559.0,2,0,89,3,34
76583.0,2,0,89,3,34
76639.0,2,0,89,5,32
76771.0,2,0,89,5,32
76780.0,2,0,89,37,0
76892.0,2,0,89,37,0
76892.0,2,0,89,35,2
76961.0,2,0,89,37,0
77147.0,2,0,89,37,0
77147.0,2,0,89,35,2
77288.0,2,0,89,37,0
77409.0,2,0,89,37,0
77409.0,2,0,92,34,0
77539.0,2,0,92,34,0
77539.0,2,0,94,32,0
77680.0,2,0,94,32,0
77680.0,2,0,124,2,0
77835.0,20,0,106,2,0
77912.0,22,0,104,2,0
77927.0,54,0,72,2,0
77935.0,56,0,70,2,0
77954.0,88,0,38,2,0
78032.0,90,0,36,2,0
78188.0,90,0,36,2,0
78188.0,90,0,38,0,0
78287.0,91,0,37,0,0
78558.0,91,0,37,0,0
78824.0,91,0,37,0,0
78949.0,91,0,37,0,0
79209.0,94,0,34,0,0
79279.0,94,0,34,0,0
79339.0,96,0,32,0,0
79476.0,96,0,32,0,0
79480.0,126,0,2,0,0
79988.0,128,0,0,0,0
79988.0,0,128,0,0,0
80027.0,0,128,0,0,0
80531.0,0,128,0,0,0
80827.0,0,128,0,0,0
81836.0,0,128,0,0,0
81884.0,0,128,0,0,0
81907.0,0,128,0,0,0
81929.0,0,128,0,0,0
82688.0,0,0,0,128,0
82688.0,0,0,0,0,128
82785.0,0,0,0,128,0
82785.0,0,0,0,0,128
82879.0,0,0,0,128,0
82879.0,0,0,0,105,23
82892.0,0,0,0,106,22
82897.0,0,0,0,107,21
82914.0,0,0,0,108,20
82973.0,0,0,0,110,18
82988.0,0,0,0,112,16
83022.0,0,0,0,114,14
83029.0,0,0,0,116,12
83037.0,0,0,0,118,10
83056.0,0,0,0,120,8
83357.0,0,0,0,122,6
83779.0,0,0,0,122,6
83779.0,0,0,105,17,6
83792.0,0,0,105,17,6
83792.0,0,0,106,16,6
83797.0,0,0,106,16,6
83797.0,0,0,107,15,6
83814.0,0,0,107,15,6
83814.0,0,0,108,14,6
83873.0,0,0,108,14,6
83873.0,0,0,110,12,6
83888.0,0,0,110,12,6
83888.0,0,0,112,10,6
83922.0,0,0,112,10,6
83922.0,0,0,114,8,6
83929.0,0,0,114,8,6
83929.0,0,0,116,6,6
83937.0,0,0,116,6,6
83937.0,0,0,118,4,6
83956.0,0,0,118,4,6
83956.0,0,0,120,2,6
84257.0,0,0,120,2,6
84257.0,0,0,122,0,6
84877.0,0,0,122,2,4
84896.0,0,0,122,6,0
85579.0,105,0,17,6,0
85592.0,106,0,16,6,0
85597.0,107,0,15,6,0
85614.0,108,0,14,6,0
85673.0,110,0,12,6,0
85688.0,112,0,10,6,0
85722.0,114,0,8,6,0
85729.0,116,0,6,6,0
85737.0,118,0,4,6,0
85756.0,120,0,2,6,0
85777.0,120,0,2,6,0
85777.0,120,0,4,4,0
85796.0,120,0,4,4,0
85796.0,120,0,8,0,0
86057.0,122,0,6,0,0
87577.0,124,0,4,0,0
87596.0,128,0,0,0,0
88999.0,128,0,0,0,0
88999.0,126,2,0,0,0
89123.0,126,2,0,0,0
89123.0,94,34,0,0,0
89458.0,94,34,0,0,0
89458.0,62,66,0,0,0
89766.0,62,66,0,0,0
89766.0,30,98,0,0,0
90544.0,30,98,0,0,0
90780.0,30,98,0,0,0
91111.0,30,98,0,0,0
91393.0,30,98,0,0,0
91682.0,30,98,0,0,0
91699.0,30,96,0,2,0
91699.0,30,96,0,0,2
91713.0,30,96,0,0,2
91793.0,30,96,0,2,0
91793.0,0,126,0,2,0
91823.0,0,94,0,34,0
91823.0,0,94,0,2,32
91906.0,0,94,0,34,0
91906.0,0,94,0,2,32
91973.0,0,94,0,34,0
91973.0,0,94,0,32,2
92013.0,0,94,0,34,0
92013.0,0,94,0,2,32
92158.0,0,62,0,34,32
92158.0,0,62,0,2,64
92177.0,0,62,0,34,32
92177.0,0,62,0,2,64
92227.0,0,62,0,2,64
92358.0,0,62,0,34,32
92358.0,0,62,0,30,36
92393.0,0,62,0,30,36
92423.0,0,62,0,32,34
92435.0,0,62,0,34,32
92435.0,0,62,0,2,64
92446.0,0,62,0,2,64
92466.0,0,30,0,34,64
92466.0,0,30,0,2,96
92638.0,0,30,0,34,64
92638.0,0,30,0,32,66
92672.0,0,30,0,64,34
92762.0,0,30,0,66,32
92776.0,0,30,0,66,32
92776.0,0,30,0,64,34
92873.0,0,30,0,64,34
92879.0,0,30,0,66,32
93088.0,0,30,0,98,0
93231.0,0,30,0,98,0
93231.0,0,30,0,96,2
93258.0,0,30,0,96,2
93272.0,0,30,0,98,0
93363.0,0,30,0,98,0
93363.0,0,30,0,96,2
93403.0,0,30,0,98,0
93446.0,0,30,0,98,0
93446.0,0,30,0,96,2
93487.0,0,30,0,98,0
93491.0,0,30,0,98,0
93491.0,0,30,0,66,32
93538.0,0,30,0,66,32
93572.0,0,30,0,66,32
93572.0,0,30,22,44,32
93630.0,0,30,22,44,32
93630.0,0,30,22,42,34
93662.0,0,30,22,42,34
93679.0,0,30,22,44,32
93687.0,0,30,22,44,32
93687.0,0,30,22,42,34
93718.0,0,30,22,44,32
93768.0,0,30,22,44,32
93768.0,0,30,22,42,34
93779.0,0,30,22,42,34
93793.0,0,30,22,44,32
93808.0,0,30,22,44,32
93808.0,0,30,22,42,34
93842.0,0,30,22,44,32
93848.0,0,30,22,44,32
93848.0,0,30,22,42,34
93877.0,0,30,22,44,32
93961.0,0,30,22,44,32
93961.0,0,30,22,42,34
93988.0,0,30,22,42,34
93988.0,0,30,46,18,34
93997.0,0,30,46,20,32
94049.0,0,30,46,20,32
94049.0,0,30,46,18,34
94077.0,0,30,46,50,2
94107.0,0,30,46,52,0
94172.0,0,30,46,52,0
94215.0,0,30,46,52,0
94215.0,0,30,46,50,2
94288.0,0,30,46,50,2
94288.0,0,30,46,49,3
94290.0,0,30,46,50,2
94299.0,0,30,46,52,0
94303.0,0,30,46,52,0
94315.0,0,30,46,52,0
94315.0,0,30,46,50,2
94335.0,0,30,46,52,0
94343.0,0,30,46,52,0
94343.0,0,30,46,50,2
94378.0,0,30,46,52,0
94387.0,0,30,46,52,0
94493.0,0,0,46,82,0
94493.0,0,0,46,50,32
94579.0,0,0,46,50,32
94618.0,0,0,46,50,32
94618.0,0,0,47,49,32
94651.0,0,0,47,81,0
94693.0,0,0,47,81,0
94693.0,0,0,49,79,0
94742.0,0,0,49,79,0
94742.0,0,0,51,77,0
94777.0,0,0,51,77,0
94777.0,0,0,53,75,0
94897.0,0,0,53,75,0
94897.0,0,0,55,73,0
94977.0,0,0,55,73,0
94977.0,0,0,87,41,0
95007.0,0,0,87,41,0
95007.0,0,0,89,39,0
95070.0,0,0,89,39,0
95070.0,0,0,89,38,1
95074.0,0,0,89,39,0
95079.0,0,0,89,39,0
95079.0,0,0,89,23,16
95089.0,0,0,89,39,0
95142.0,0,0,89,39,0
95142.0,0,0,89,7,32
95190.0,0,0,89,7,32
95199.0,0,0,89,7,32
95304.0,0,0,89,39,0
95335.0,0,0,89,39,0
95335.0,0,0,89,37,2
95366.0,0,0,89,39,0
95372.0,22,0,67,39,0
95427.0,22,0,67,39,0
95427.0,22,0,67,37,2
95457.0,22,0,67,39,0
95462.0,22,0,67,39,0
95462.0,22,0,67,37,2
95494.0,22,0,67,39,0
95509.0,22,0,67,39,0
95509.0,22,0,67,37,2
95551.0,22,0,67,37,2
95570.0,22,0,67,37,2
95570.0,22,0,67,35,4
95595.0,22,0,67,37,2
95601.0,22,0,67,37,2
95601.0,22,0,67,35,4
95633.0,22,0,67,37,2
95788.0,46,0,43,37,2
95855.0,46,0,43,39,0
95936.0,46,0,43,39,0
95936.0,46,0,43,37,2
95951.0,46,0,43,39,0
95989.0,46,0,43,39,0
95995.0,46,0,43,39,0
95995.0,46,0,43,37,2
96016.0,46,0,43,39,0
96101.0,46,0,43,39,0
96101.0,46,0,43,38,1
96107.0,46,0,43,39,0
96116.0,46,0,43,39,0
96187.0,46,0,43,39,0
96204.0,46,0,43,39,0
96204.0,46,0,65,17,0
96242.0,46,0,65,17,0
96242.0,46,0,65,12,5
96245.0,46,0,65,16,1
96256.0,46,0,65,17,0
96266.0,46,0,65,17,0
96266.0,46,0,67,15,0
96302.0,46,0,67,15,0
96333.0,46,0,67,15,0
96333.0,46,0,67,9,6
96336.0,46,0,67,15,0
96418.0,47,0,66,15,0
96451.0,47,0,66,15,0
96493.0,49,0,64,15,0
96495.0,49,0,64,15,0
96495.0,49,0,66,13,0
96533.0,49,0,66,13,0
96533.0,49,0,68,11,0
96542.0,51,0,66,11,0
96548.0,51,0,66,11,0
96548.0,51,0,66,9,2
96551.0,51,0,66,11,0
96577.0,53,0,64,11,0
96610.0,53,0,64,11,0
96610.0,53,0,64,9,2
96613.0,53,0,64,11,0
96697.0,55,0,62,11,0
96755.0,55,0,62,11,0
96755.0,55,0,63,10,0
96777.0,87,0,31,10,0
96805.0,87,0,31,10,0
96805.0,87,0,31,9,1
96807.0,89,0,29,9,1
96808.0,89,0,29,10,0
96851.0,89,0,29,10,0
96851.0,89,0,31,8,0
96865.0,89,0,31,8,0
96865.0,89,0,31,7,1
96868.0,89,0,31,8,0
96916.0,89,0,31,8,0
96916.0,89,0,33,6,0
97236.0,89,0,33,6,0
97236.0,89,0,37,2,0
97513.0,89,0,37,2,0
97513.0,89,0,38,1,0
97533.0,89,0,38,1,0
97533.0,89,0,38,0,1
97537.0,89,0,38,1,0
97626.0,89,0,38,1,0
97768.0,89,0,38,1,0
97978.0,89,0,38,1,0
97978.0,89,0,38,0,1
97983.0,89,0,38,1,0
98004.0,111,0,16,1,0
98012.0,111,0,16,1,0
98066.0,113,0,14,1,0
98239.0,113,0,14,1,0
98295.0,115,0,12,1,0
98333.0,117,0,10,1,0
98437.0,117,0,10,1,0
98516.0,117,0,10,1,0
98555.0,118,0,9,1,0
98651.0,120,0,7,1,0
98716.0,122,0,5,1,0
98749.0,122,0,5,1,0
98883.0,122,0,5,1,0
98883.0,122,0,6,0,0
98992.0,122,0,6,0,0
99036.0,126,0,2,0,0
99313.0,127,0,1,0,0
99324.0,127,0,1,0,0
99345.0,127,0,1,0,0
99464.0,127,0,1,0,0
99717.0,127,0,1,0,0
99744.0,127,0,1,0,0
100102.0,127,0,1,0,0
100231.0,127,0,1,0,0
100461.0,127,0,1,0,0
100683.0,128,0,0,0,0
100683.0,0,128,0,0,0
101060.0,0,128,0,0,0
101644.0,0,128,0,0,0
101690.0,0,128,0,0,0
102047.0,0,128,0,0,0
102189.0,0,128,0,0,0
102192.0,0,128,0,0,0
102678.0,0,128,0,0,0
102958.0,0,128,0,0,0
103229.0,0,128,0,0,0
103383.0,0,0,0,128,0
103383.0,0,0,0,0,128
103388.0,0,0,0,128,0
103388.0,0,0,0,112,16
103391.0,0,0,0,128,0
103391.0,0,0,0,0,128
103428.0,0,0,0,0,128
103715.0,0,0,0,128,0
103715.0,0,0,0,0,128
103909.0,0,0,0,128,0
103909.0,0,0,0,38,90
103916.0,0,0,0,54,74
103918.0,0,0,0,55,73
103923.0,0,0,0,56,72
103926.0,0,0,0,57,71
103932.0,0,0,0,58,70
103933.0,0,0,0,60,68
103956.0,0,0,0,60,68
103989.0,0,0,0,61,67
103995.0,0,0,0,62,66
104033.0,0,0,0,62,66
104035.0,0,0,0,63,65
104038.0,0,0,0,95,33
104159.0,0,0,0,96,32
104174.0,0,0,0,128,0
104174.0,0,0,0,0,128
104250.0,0,0,0,0,128
104288.0,0,0,0,0,128
104412.0,0,0,0,128,0
104412.0,0,0,0,0,128
104688.0,0,0,0,0,128
104692.0,0,0,0,0,128
104693.0,0,0,0,32,96
104693.0,0,0,0,30,98
104700.0,0,0,0,31,97
104712.0,0,0,0,32,96
104723.0,0,0,0,64,64
104769.0,0,0,0,96,32
104781.0,0,0,0,128,0
104781.0,0,0,0,0,128
104794.0,0,0,0,0,128
104809.0,0,0,0,0,128
104948.0,0,0,0,128,0
104948.0,0,0,0,31,97
105062.0,0,0,0,31,97
105062.0,0,0,0,30,98
105443.0,0,0,0,62,66
105443.0,0,0,0,30,98
105449.0,0,0,0,31,97
105494.0,0,0,0,63,65
105494.0,0,0,0,31,97
105531.0,0,0,0,63,65
105531.0,0,0,0,31,97
105593.0,0,0,0,31,97
105621.0,0,0,0,64,64
105678.0,0,0,0,64,64
105678.0,0,0,0,63,65
105812.0,0,0,0,63,65
105812.0,0,0,0,31,97
105848.0,0,0,0,31,97
105851.0,0,0,0,32,96
105930.0,0,0,0,64,64
105983.0,0,0,0,96,32
106054.0,0,0,0,96,32
106054.0,0,0,0,95,33
106197.0,0,0,0,96,32
106310.0,0,0,0,96,32
106310.0,0,0,0,64,64
106343.0,0,0,0,64,64
106394.0,0,0,0,64,64
106431.0,0,0,0,64,64
106498.0,0,0,0,96,32
106499.0,0,0,0,96,32
106499.0,0,0,0,95,33
106521.0,0,0,0,95,33
106644.0,0,0,0,96,32
106820.0,0,0,0,96,32
106820.0,0,0,0,95,33
106830.0,0,0,0,95,33
106830.0,0,0,29,66,33
106883.0,0,0,29,66,33
106883.0,0,0,61,34,33
106982.0,0,0,61,66,1
106987.0,0,0,61,66,1
106987.0,0,0,61,65,2
107009.0,0,0,61,66,1
107013.0,0,0,61,66,1
107013.0,0,0,61,65,2
107015.0,0,0,61,66,1
107018.0,0,0,61,67,0
107024.0,0,0,61,67,0
107024.0,0,0,61,66,1
107031.0,0,0,61,67,0
107097.0,0,0,61,67,0
107398.0,0,0,61,67,0
107398.0,0,0,91,37,0
107503.0,0,0,91,37,0
107503.0,0,0,91,5,32
107544.0,0,0,91,5,32
107701.0,0,0,91,37,0
107882.0,0,0,91,37,0
107882.0,0,0,92,36,0
107909.0,0,0,92,36,0
107909.0,0,0,93,35,0
107915.0,0,0,93,35,0
107915.0,0,0,94,34,0
107918.0,0,0,94,34,0
107918.0,0,0,95,33,0
107931.0,0,0,95,33,0
107931.0,0,0,96,32,0
107979.0,0,0,96,32,0
107979.0,0,0,96,31,1
108061.0,0,0,96,31,1
108218.0,0,0,96,32,0
108218.0,0,0,96,0,32
108580.0,0,0,96,0,32
108588.0,0,0,96,0,32
108597.0,0,0,96,0,32
108601.0,0,0,96,0,32
108628.0,0,0,96,0,32
108630.0,29,0,67,0,32
108630.0,25,4,67,0,32
108683.0,57,4,35,0,32
108716.0,57,4,35,0,32
108735.0,57,4,35,32,0
108735.0,0,61,35,32,0
108870.0,0,61,35,32,0
109198.0,30,61,5,32,0
109198.0,0,91,5,32,0
109337.0,0,91,5,32,0
109566.0,0,91,5,32,0
109635.0,0,91,5,32,0
109635.0,0,91,28,9,0
109682.0,1,91,27,9,0
109709.0,2,91,26,9,0
109715.0,3,91,25,9,0
109718.0,4,91,24,9,0
109731.0,5,91,23,9,0
109815.0,5,91,23,9,0
110725.0,5,91,23,9,0
111224.0,5,91,23,9,0
111235.0,5,91,23,9,0
111330.0,5,87,23,13,0
111330.0,5,87,23,9,4
111336.0,5,87,23,10,3
111336.0,3,89,23,10,3
111339.0,3,89,23,11,2
111352.0,3,89,23,12,1
111435.0,26,32,0,69,1
111435.0,26,32,0,5,65
111550.0,26,32,0,5,65
111550.0,25,33,0,5,65
111591.0,25,33,0,6,64
111890.0,25,33,0,70,0
111890.0,25,33,0,6,64
111898.0,25,3,0,36,64
111898.0,25,3,0,4,96
112130.0,25,3,0,36,64
112173.0,25,3,0,100,0
112173.0,25,3,0,36,64
112236.0,25,3,0,36,64
112418.0,25,3,0,36,64
112418.0,24,4,0,36,64
112633.0,24,4,0,100,0
112633.0,24,4,0,36,64
112766.0,24,4,0,36,64
112790.0,24,4,0,36,64
113036.0,24,4,0,36,64
113036.0,0,28,0,36,64
113051.0,0,28,0,100,0
113051.0,0,28,0,36,64
113073.0,0,28,0,36,64
113252.0,0,28,0,100,0
113447.0,0,28,0,100,0
113447.0,0,28,0,68,32
113533.0,0,28,0,68,32
113855.0,0,28,0,100,0
113951.0,0,28,0,100,0
114036.0,0,26,0,102,0
114036.0,0,26,0,100,2
114054.0,0,26,0,101,1
114138.0,0,26,0,102,0
114152.0,0,26,0,102,0
114152.0,0,26,58,44,0
114250.0,0,25,58,45,0
114250.0,0,25,58,44,1
114387.0,0,25,58,45,0
114755.0,0,25,58,45,0
114755.0,0,25,90,13,0
114954.0,0,25,90,13,0
114954.0,0,25,91,12,0
115038.0,0,25,91,12,0
115038.0,0,25,92,11,0
115118.0,0,24,92,12,0
115118.0,0,24,92,11,1
115178.0,0,24,92,12,0
115287.0,0,24,92,12,0
115287.0,0,24,93,11,0
115330.0,0,24,93,11,0
115454.0,0,24,93,11,0
115736.0,0,0,93,35,0
115736.0,0,0,93,1,34
115829.0,0,0,93,3,32
115952.0,58,0,35,3,32
115953.0,58,0,35,35,0
116078.0,58,0,35,35,0
116078.0,58,0,36,34,0
116555.0,90,0,4,34,0
116729.0,90,0,4,34,0
116729.0,90,0,6,32,0
116754.0,91,0,5,32,0
116838.0,92,0,4,32,0
116853.0,92,0,4,32,0
116853.0,92,0,36,0,0
116876.0,92,0,36,0,0
117087.0,93,0,35,0,0
117269.0,93,0,35,0,0
117474.0,93,0,35,0,0
117663.0,93,0,35,0,0
117878.0,94,0,34,0,0
117950.0,94,0,34,0,0
118066.0,94,0,34,0,0
118127.0,94,0,34,0,0
118130.0,94,0,34,0,0
118529.0,96,0,32,0,0
118653.0,128,0,0,0,0
118653.0,0,128,0,0,0
119151.0,0,128,0,0,0
121353.0,0,0,0,128,0
121353.0,0,0,0,0,128
121409.0,0,0,0,128,0
121409.0,0,0,0,0,128
122176.0,0,0,0,128,0
122176.0,0,0,0,0,128
122448.0,0,0,0,64,64
122448.0,0,0,0,29,99
122456.0,0,0,0,30,98
122464.0,0,0,0,31,97
122467.0,0,0,0,32,96
122467.0,0,0,0,0,128
122471.0,0,0,0,32,96
122471.0,0,0,0,0,128
122537.0,0,0,0,32,96
122567.0,0,0,0,96,32
122567.0,0,0,0,0,128
122960.0,0,0,0,32,96
122985.0,0,0,0,64,64
123348.0,0,0,0,64,64
123437.0,0,0,0,64,64
123860.0,0,0,0,64,64
123860.0,0,0,32,32,64
123885.0,0,0,32,32,64
123885.0,0,0,64,0,64
125660.0,32,0,32,0,64
125685.0,64,0,0,0,64
126975.0,64,0,0,0,64
126975.0,63,1,0,0,64
127058.0,63,1,0,0,64
127058.0,55,9,0,0,64
127339.0,55,9,0,0,64
129675.0,55,8,0,1,64
129675.0,55,8,0,0,65
129725.0,55,8,0,1,64
129758.0,55,0,0,9,64
129758.0,55,0,0,1,72
130032.0,55,0,0,9,64
130625.0,55,0,0,9,64
130625.0,55,0,1,8,64
130932.0,55,0,1,8,64
130932.0,55,0,9,0,64
131763.0,55,0,9,64,0
132425.0,56,0,8,64,0
132663.0,56,0,8,64,0
132663.0,56,0,72,0,0
132732.0,64,0,64,0,0
134463.0,128,0,0,0,0
134463.0,0,128,0,0,0
137163.0,0,0,0,128,0
137163.0,0,0,0,0,128
138273.0,0,0,0,0,128
148093.0,0,0,0,128,0
148093.0,0,0,0,64,64
148993.0,0,0,0,64,64
148993.0,0,0,64,0,64
150793.0,64,0,0,0,64
150853.0,64,0,0,0,64
150853.0,48,16,0,0,64
151501.0,48,16,0,0,64
151501.0,32,32,0,0,64
152781.0,32,32,0,0,64
152781.0,16,48,0,0,64
153105.0,16,48,0,0,64
153105.0,0,64,0,0,64
153425.0,0,64,0,0,64
153553.0,0,48,0,16,64
153553.0,0,48,0,0,80
153739.0,0,48,0,16,64
153739.0,0,48,0,0,80
153864.0,0,48,0,16,64
154165.0,0,48,0,16,64
154165.0,0,48,0,0,80
154201.0,0,32,0,16,80
154201.0,0,32,0,0,96
154268.0,0,32,0,16,80
154371.0,0,32,0,32,64
154608.0,0,32,0,32,64
154608.0,0,32,0,16,80
154764.0,0,32,0,16,80
154781.0,0,32,0,32,64
155047.0,0,32,0,32,64
155047.0,0,32,0,0,96
155168.0,0,32,0,0,96
155271.0,0,32,0,0,96
155443.0,0,32,0,32,64
155481.0,0,16,0,48,64
155481.0,0,16,0,32,80
155678.0,0,16,0,48,64
155805.0,0,0,0,64,64
155805.0,0,0,0,48,80
156027.0,0,0,0,64,64
156343.0,0,0,0,64,64
156343.0,0,0,32,32,64
156578.0,0,0,32,32,64
156578.0,0,0,48,16,64
156927.0,0,0,48,16,64
156927.0,0,0,64,0,64
157831.0,0,0,64,0,64
158143.0,32,0,32,0,64
158143.0,0,32,32,0,64
158378.0,16,32,16,0,64
158727.0,32,32,0,0,64
158950.0,32,32,0,0,64
159017.0,32,32,0,64,0
159017.0,32,32,0,0,64
160843.0,32,0,0,32,64
160843.0,32,0,0,0,96
161263.0,32,0,0,32,64
161478.0,32,0,0,32,64
161478.0,32,0,0,0,96
161575.0,32,0,0,32,64
161850.0,32,0,0,32,64
161850.0,32,0,0,16,80
161927.0,32,0,0,32,64
162011.0,32,0,0,32,64
162011.0,32,0,0,16,80
162089.0,32,0,0,16,80
162089.0,32,0,0,15,81
162107.0,32,0,0,16,80
162163.0,32,0,0,16,80
162475.0,32,0,0,16,80
162482.0,32,0,0,32,64
162665.0,32,0,0,32,64
162665.0,32,0,0,16,80
162773.0,32,0,0,16,80
162773.0,0,32,0,16,80
162827.0,0,32,0,16,80
163118.0,0,32,0,32,64
163265.0,0,32,0,32,64
163265.0,0,32,0,16,80
163382.0,0,32,0,16,80
163448.0,0,32,0,16,80
163448.0,0,32,0,15,81
163469.0,0,32,0,16,80
163503.0,0,32,0,32,64
163648.0,0,32,0,32,64
163648.0,0,32,0,0,96
163931.0,0,32,0,0,96
163980.0,0,32,0,0,96
163995.0,0,32,0,64,32
163995.0,0,32,0,62,34
164002.0,0,32,0,94,2
164003.0,0,32,0,95,1
164008.0,0,32,0,96,0
164018.0,0,32,0,96,0
164169.0,0,32,0,96,0
164169.0,0,32,0,64,32
164460.0,0,32,0,64,32
164460.0,0,32,0,0,96
164562.0,0,32,0,32,64
164743.0,0,32,0,32,64
164743.0,0,32,0,31,65
164746.0,0,32,0,95,1
164750.0,0,32,0,95,1
164750.0,0,32,0,94,2
164758.0,0,32,0,95,1
164773.0,0,32,0,96,0
164895.0,0,32,0,96,0
164903.0,0,32,0,96,0
164903.0,0,32,0,32,64
165178.0,0,32,0,96,0
165180.0,0,32,0,96,0
165180.0,0,32,0,95,1
165200.0,0,32,0,96,0
165208.0,0,32,0,96,0
165208.0,0,32,0,95,1
165220.0,0,32,0,96,0
165226.0,0,32,0,96,0
165226.0,0,32,0,95,1
165243.0,0,32,0,96,0
165285.0,0,32,0,96,0
165285.0,0,32,0,32,64
165462.0,0,32,0,32,64
165473.0,0,0,0,64,64
165473.0,0,0,0,32,96
165492.0,0,0,0,96,32
165646.0,0,0,0,96,32
165692.0,0,0,0,128,0
166078.0,0,0,0,128,0
166078.0,0,0,29,99,0
166100.0,0,0,29,99,0
166100.0,0,0,30,98,0
166120.0,0,0,30,98,0
166120.0,0,0,31,97,0
166143.0,0,0,31,97,0
166143.0,0,0,32,96,0
166392.0,0,0,32,96,0
166392.0,0,0,96,32,0
166592.0,0,0,96,32,0
166592.0,0,0,128,0,0
167845.0,0,0,128,0,0
167878.0,29,0,99,0,0
167900.0,30,0,98,0,0
167920.0,31,0,97,0,0
167943.0,32,0,96,0,0
168077.0,32,0,96,0,0
168192.0,96,0,32,0,0
168192.0,32,64,32,0,0
168372.0,32,64,32,0,0
168377.0,32,64,32,0,0
168392.0,64,64,0,0,0
168392.0,0,128,0,0,0
168432.0,0,128,0,0,0
168856.0,0,128,0,0,0
169536.0,0,128,0,0,0
169884.0,0,128,0,0,0
169941.0,0,128,0,0,0
169945.0,0,128,0,0,0
170027.0,0,128,0,0,0
170207.0,0,128,0,0,0
170355.0,0,128,0,0,0
170892.0,0,64,0,64,0
170892.0,0,64,0,0,64
170933.0,0,64,0,0,64
170978.0,0,64,0,0,64
171092.0,0,0,0,64,64
171092.0,0,0,0,0,128
171101.0,0,0,0,64,64
171101.0,0,0,0,61,67
171112.0,0,0,0,62,66
171113.0,0,0,0,63,65
171116.0,0,0,0,64,64
171116.0,0,0,0,0,128
171390.0,0,0,0,64,64
171390.0,0,0,0,0,128
171403.0,0,0,0,64,64
171403.0,0,0,0,0,128
171592.0,0,0,0,0,128
171811.0,0,0,0,64,64
171811.0,0,0,0,31,97
171833.0,0,0,0,32,96
171833.0,0,0,0,0,128
171852.0,0,0,0,0,128
171862.0,0,0,0,0,128
171935.0,0,0,0,64,64
171935.0,0,0,0,0,128
172001.0,0,0,0,0,128
172045.0,0,0,0,32,96
172045.0,0,0,0,0,128
172093.0,0,0,0,64,64
172093.0,0,0,0,0,128
172308.0,0,0,0,32,96
172308.0,0,0,0,31,97
172331.0,0,0,0,32,96
172331.0,0,0,0,0,128
172416.0,0,0,0,64,64
172416.0,0,0,0,0,128
172450.0,0,0,0,32,96
172454.0,0,0,0,64,64
172454.0,0,0,0,0,128
172711.0,0,0,0,0,128
172712.0,0,0,0,64,64
172876.0,0,0,0,128,0
173208.0,0,0,0,128,0
173350.0,0,0,0,128,0
173612.0,0,0,0,128,0
173612.0,0,0,64,64,0
173776.0,0,0,64,64,0
173776.0,0,0,128,0,0
175412.0,64,0,64,0,0
175576.0,128,0,0,0,0
179095.0,128,0,0,0,0
179095.0,96,32,0,0,0
179420.0,96,32,0,0,0
179420.0,32,96,0,0,0
179794.0,32,96,0,0,0
180315.0,32,96,0,0,0
180697.0,32,96,0,0,0
180709.0,32,96,0,0,0
180766.0,32,96,0,0,0
181795.0,32,64,0,32,0
181795.0,32,64,0,0,32
181987.0,32,64,0,0,32
182010.0,32,64,0,32,0
182010.0,0,96,0,32,0
182120.0,0,32,0,96,0
182120.0,0,32,0,32,64
182369.0,0,32,0,32,64
182430.0,0,32,0,96,0
182430.0,0,32,0,32,64
182517.0,0,32,0,32,64
182573.0,0,32,0,32,64
182732.0,0,32,0,32,64
182810.0,0,32,0,96,0
182810.0,0,32,0,94,2
182822.0,0,32,0,95,1
182833.0,0,32,0,96,0
182833.0,0,32,0,32,64
182869.0,0,32,0,32,64
183112.0,0,32,0,96,0
183112.0,0,32,0,32,64
183135.0,0,32,0,32,64
183212.0,0,32,0,32,64
183493.0,0,32,0,96,0
183493.0,0,32,0,94,2
183508.0,0,32,0,95,1
183593.0,0,32,0,96,0
183593.0,0,32,0,32,64
183710.0,0,32,0,32,64
183887.0,0,32,0,96,0
183887.0,0,32,0,93,3
183895.0,0,32,0,94,2
183911.0,0,32,0,95,1
184031.0,0,32,0,96,0
184031.0,0,32,0,32,64
184034.0,0,32,0,32,64
184151.0,0,32,0,32,64
184393.0,0,32,0,32,64
184710.0,0,0,0,64,64
184710.0,0,0,0,0,128
184787.0,0,0,0,0,128
185004.0,0,0,0,64,64
185004.0,0,0,0,0,128
185090.0,0,0,0,32,96
185951.0,0,0,0,64,64
185990.0,0,0,0,64,64
185990.0,0,0,32,32,64
186851.0,0,0,32,32,64
186851.0,0,0,64,0,64
187067.0,0,0,64,0,64
187348.0,0,0,64,0,64
187790.0,32,0,32,0,64
187790.0,30,2,32,0,64
188651.0,62,2,0,0,64
190490.0,62,0,0,2,64
190490.0,62,0,0,0,66
190589.0,62,0,0,1,65
190614.0,62,0,0,2,64
191489.0,62,0,0,2,64
191489.0,62,0,1,1,64
191514.0,62,0,1,1,64
191514.0,62,0,2,0,64
193289.0,63,0,1,0,64
193314.0,64,0,0,0,64
194565.0,64,0,0,0,64
194565.0,32,32,0,0,64
195022.0,32,32,0,0,64
195553.0,32,32,0,0,64
196201.0,32,32,0,0,64
196702.0,32,32,0,0,64
197118.0,32,32,0,0,64
197265.0,32,0,0,32,64
197265.0,32,0,0,0,96
197623.0,32,0,0,0,96
197686.0,32,0,0,32,64
197686.0,0,32,0,32,64
199014.0,0,32,0,96,0
199014.0,0,32,0,80,16
199464.0,0,32,0,96,0
199464.0,0,32,0,32,64
199914.0,0,32,0,32,64
199917.0,0,32,0,96,0
199917.0,0,32,0,47,49
199933.0,0,32,0,48,48
200289.0,0,32,0,80,16
200386.0,0,0,0,112,16
200386.0,0,0,0,48,80
200504.0,0,0,0,64,64
200817.0,0,0,0,64,64
200817.0,0,0,15,49,64
200833.0,0,0,15,49,64
200833.0,0,0,16,48,64
200862.0,0,0,16,112,0
201189.0,0,0,16,112,0
201189.0,0,0,48,80,0
201404.0,0,0,48,80,0
201404.0,0,0,64,64,0
201762.0,0,0,64,64,0
201762.0,0,0,128,0,0
202617.0,15,0,113,0,0
202633.0,16,0,112,0,0
202989.0,48,0,80,0,0
203204.0,64,0,64,0,0
203562.0,128,0,0,0,0
204527.0,128,0,0,0,0
204527.0,0,128,0,0,0
207227.0,0,0,0,128,0
207227.0,0,0,0,0,128
215458.0,0,0,0,0,128
218152.0,0,0,0,128,0
218152.0,0,0,0,0,128
218239.0,0,0,0,128,0
218476.0,0,0,0,128,0
218476.0,0,0,0,64,64
218871.0,0,0,0,128,0
218873.0,0,0,0,128,0
218873.0,0,0,0,127,1
218899.0,0,0,0,128,0
218948.0,0,0,0,128,0
218948.0,0,0,0,64,64
218950.0,0,0,0,64,64
218950.0,0,0,0,63,65
218966.0,0,0,0,64,64
219139.0,0,0,0,64,64
219771.0,0,0,0,64,64
219771.0,0,0,62,2,64
219799.0,0,0,62,2,64
219799.0,0,0,63,1,64
219866.0,0,0,63,1,64
219866.0,0,0,64,0,64
221165.0,0,0,64,0,64
221312.0,0,0,64,0,64
221545.0,0,0,64,0,64
221571.0,62,0,2,0,64
221571.0,59,3,2,0,64
221599.0,60,3,1,0,64
221666.0,61,3,0,0,64
224271.0,61,0,0,3,64
224271.0,61,0,0,0,67
224367.0,61,0,0,1,66
224398.0,61,0,0,2,65
224417.0,61,0,0,3,64
224822.0,61,0,0,3,64
224822.0,61,0,0,2,65
224944.0,61,0,0,3,64
224974.0,61,0,0,3,64
224974.0,61,0,0,2,65
225079.0,61,0,0,3,64
225267.0,61,0,0,3,64
225298.0,61,0,0,3,64
225317.0,61,0,0,3,64
225317.0,61,0,1,2,64
225844.0,61,0,1,2,64
225844.0,61,0,2,1,64
225979.0,61,0,2,1,64
225979.0,61,0,3,0,64
227117.0,62,0,2,0,64
227644.0,63,0,1,0,64
227779.0,64,0,0,0,64
229875.0,64,0,0,64,0
230770.0,64,0,0,64,0
230770.0,64,0,0,63,1
230775.0,64,0,0,63,1
230775.0,64,0,63,0,1
230897.0,64,0,63,1,0
230968.0,64,0,63,1,0
230968.0,64,0,63,0,1
231086.0,64,0,63,1,0
231339.0,64,0,63,1,0
231339.0,64,0,63,0,1
231437.0,64,0,63,1,0
231472.0,64,0,63,1,0
231472.0,64,0,63,0,1
231583.0,64,0,63,1,0
231797.0,64,0,63,1,0
231986.0,64,0,63,1,0
232337.0,64,0,63,1,0
232483.0,64,0,63,1,0
232483.0,64,0,64,0,0
232575.0,127,0,1,0,0
234283.0,128,0,0,0,0
236883.0,128,0,0,0,0
236883.0,127,1,0,0,0
237128.0,127,1,0,0,0
237128.0,126,2,0,0,0
237403.0,126,2,0,0,0
237403.0,125,3,0,0,0
238040.0,125,3,0,0,0
238040.0,124,4,0,0,0
239583.0,124,3,0,1,0
239583.0,124,3,0,0,1
239742.0,124,3,0,1,0
239828.0,124,2,0,2,0
239828.0,124,2,0,1,1
239924.0,124,2,0,2,0
240103.0,124,1,0,3,0
240103.0,124,1,0,2,1
240220.0,124,1,0,3,0
240642.0,124,1,0,3,0
240642.0,124,1,1,2,0
240740.0,124,0,1,3,0
240740.0,124,0,1,2,1
240824.0,124,0,1,2,1
240824.0,124,0,2,1,1
240850.0,124,0,2,2,0
241120.0,124,0,2,2,0
241120.0,124,0,3,1,0
241750.0,124,0,3,1,0
241750.0,124,0,4,0,0
242442.0,125,0,3,0,0
242624.0,126,0,2,0,0
242920.0,127,0,1,0,0
243550.0,128,0,0,0,0
244640.0,128,0,0,0,0
244640.0,64,64,0,0,0
246356.0,64,64,0,0,0
246356.0,0,128,0,0,0
246573.0,0,128,0,0,0
246773.0,0,128,0,0,0
246963.0,0,128,0,0,0
247147.0,0,128,0,0,0
247340.0,0,64,0,64,0
247340.0,0,64,0,0,64
247351.0,0,64,0,0,64
247363.0,0,64,0,0,64
247488.0,0,64,0,0,64
247578.0,0,64,0,0,64
247747.0,0,64,0,0,64
247844.0,0,64,0,0,64
248045.0,0,64,0,0,64
248268.0,0,64,0,0,64
248445.0,0,64,0,0,64
248530.0,0,64,0,0,64
248681.0,0,64,0,0,64
248824.0,0,64,0,0,64
248964.0,0,64,0,0,64
249018.0,0,64,0,0,64
249056.0,0,0,0,64,64
249056.0,0,0,0,0,128
249167.0,0,0,0,64,64
249167.0,0,0,0,0,128
249194.0,0,0,0,0,128
249273.0,0,0,0,64,64
249273.0,0,0,0,0,128
249379.0,0,0,0,64,64
249379.0,0,0,0,0,128
249486.0,0,0,0,64,64
249486.0,0,0,0,0,128
249597.0,0,0,0,64,64
249597.0,0,0,0,0,128
249598.0,0,0,0,64,64
249598.0,0,0,0,0,128
249705.0,0,0,0,64,64
249705.0,0,0,0,40,88
249724.0,0,0,0,40,88
249726.0,0,0,0,48,80
249761.0,0,0,0,64,64
249761.0,0,0,0,0,128
249866.0,0,0,0,64,64
249866.0,0,0,0,0,128
249888.0,0,0,0,0,128
249989.0,0,0,0,64,64
249989.0,0,0,0,0,128
249992.0,0,0,0,0,128
250074.0,0,0,0,0,128
250096.0,0,0,0,64,64
250096.0,0,0,0,0,128
250203.0,0,0,0,64,64
250203.0,0,0,0,0,128
250247.0,0,0,0,0,128
250255.0,0,0,0,0,128
250309.0,0,0,0,64,64
250309.0,0,0,0,0,128
250344.0,0,0,0,0,128
250413.0,0,0,0,0,128
250417.0,0,0,0,64,64
250417.0,0,0,0,4,124
250528.0,0,0,0,4,124
250528.0,0,0,0,3,125
250551.0,0,0,0,4,124
250553.0,0,0,0,4,124
250568.0,0,0,0,8,120
250581.0,0,0,0,8,120
250605.0,0,0,0,8,120
250640.0,0,0,0,40,88
250640.0,0,0,0,8,120
250668.0,0,0,0,8,120
250674.0,0,0,0,8,120
250691.0,0,0,0,24,104
250691.0,0,0,0,8,120
250760.0,0,0,0,8,120
250786.0,0,0,0,8,120
250817.0,0,0,0,40,88
250885.0,0,0,0,40,88
250885.0,0,0,0,36,92
250944.0,0,0,0,36,92
251017.0,0,0,0,52,76
251057.0,0,0,0,56,72
251060.0,0,0,0,56,72
251065.0,0,0,0,56,72
251082.0,0,0,0,64,64
251082.0,0,0,0,0,128
251141.0,0,0,0,0,128
251173.0,0,0,0,0,128
251200.0,0,0,0,64,64
251200.0,0,0,0,0,128
251225.0,0,0,0,0,128
251287.0,0,0,0,0,128
251317.0,0,0,0,0,128
251321.0,0,0,0,64,64
251321.0,0,0,0,0,128
251353.0,0,0,0,0,128
251420.0,0,0,0,0,128
251471.0,0,0,0,0,128
251511.0,0,0,0,0,128
251514.0,0,0,0,64,64
251514.0,0,0,0,0,128
251540.0,0,0,0,0,128
251598.0,0,0,0,0,128
251624.0,0,0,0,0,128
251636.0,0,0,0,64,64
251636.0,0,0,0,0,128
251661.0,0,0,0,0,128
251726.0,0,0,0,0,128
251757.0,0,0,0,64,64
251757.0,0,0,0,0,128
251809.0,0,0,0,0,128
251810.0,0,0,0,0,128
251887.0,0,0,0,64,64
251887.0,0,0,0,0,128
251912.0,0,0,0,0,128
251980.0,0,0,0,0,128
252014.0,0,0,0,64,64
252014.0,0,0,0,15,113
252041.0,0,0,0,16,112
252041.0,0,0,0,0,128
252070.0,0,0,0,0,128
252088.0,0,0,0,0,128
252097.0,0,0,0,4,124
252097.0,0,0,0,0,128
252132.0,0,0,0,0,128
252171.0,0,0,0,0,128
252173.0,0,0,0,0,128
252216.0,0,0,0,0,128
252222.0,0,0,0,4,124
252222.0,0,0,0,3,125
252250.0,0,0,0,4,124
252250.0,0,0,0,0,128
252273.0,0,0,0,0,128
252280.0,0,0,0,16,112
252287.0,0,0,0,20,108
252293.0,0,0,0,36,92
252314.0,0,0,0,52,76
252326.0,0,0,0,56,72
252350.0,0,0,0,56,72
252410.0,0,0,0,56,72
252418.0,0,0,0,56,72
252476.0,0,0,0,64,64
252476.0,0,0,0,0,128
252489.0,0,0,0,0,128
252502.0,0,0,0,64,64
252502.0,0,0,0,0,128
252565.0,0,0,0,0,128
252598.0,0,0,0,64,64
252598.0,0,0,0,0,128
252607.0,0,0,0,0,128
252633.0,0,0,0,0,128
252673.0,0,0,0,64,64
252673.0,0,0,0,0,128
252713.0,0,0,0,64,64
252713.0,0,0,0,0,128
252720.0,0,0,0,0,128
252721.0,0,0,0,0,128
252752.0,0,0,0,64,64
252752.0,0,0,0,0,128
252783.0,0,0,0,64,64
252783.0,0,0,0,0,128
252806.0,0,0,0,0,128
252815.0,0,0,0,64,64
252815.0,0,0,0,0,128
252851.0,0,0,0,64,64
252851.0,0,0,0,0,128
252858.0,0,0,0,0,128
252888.0,0,0,0,64,64
252888.0,0,0,0,0,128
252897.0,0,0,0,0,128
252914.0,0,0,0,0,128
252929.0,0,0,0,64,64
252929.0,0,0,0,0,128
252936.0,0,0,0,32,96
252936.0,0,0,0,0,128
252952.0,0,0,0,64,64
252952.0,0,0,0,0,128
252989.0,0,0,0,64,64
252989.0,0,0,0,0,128
253038.0,0,0,0,64,64
253038.0,0,0,0,0,128
253053.0,0,0,0,0,128
253079.0,0,0,0,64,64
253079.0,0,0,0,0,128
253118.0,0,0,0,64,64
253118.0,0,0,0,0,128
253122.0,0,0,0,0,128
253178.0,0,0,0,64,64
253178.0,0,0,0,0,128
253180.0,0,0,0,0,128
253210.0,0,0,0,16,112
253210.0,0,0,0,11,117
253212.0,0,0,0,27,101
253212.0,0,0,0,11,117
253214.0,0,0,0,75,53
253214.0,0,0,0,11,117
253220.0,0,0,0,12,116
253251.0,0,0,0,76,52
253251.0,0,0,0,12,116
253252.0,0,0,0,76,52
253252.0,0,0,0,12,116
253258.0,0,0,0,44,84
253258.0,0,0,0,12,116
253282.0,0,0,0,16,112
253283.0,0,0,0,80,48
253283.0,0,0,0,16,112
253329.0,0,0,0,80,48
253329.0,0,0,0,16,112
253363.0,0,0,0,80,48
253363.0,0,0,0,16,112
253404.0,0,0,0,80,48
253404.0,0,0,0,16,112
253457.0,0,0,0,80,48
253457.0,0,0,0,16,112
253462.0,0,0,0,48,80
253462.0,0,0,0,16,112
253465.0,0,0,0,16,112
253465.0,0,0,0,15,113
253479.0,0,0,0,16,112
253497.0,0,0,0,32,96
253518.0,0,0,0,96,32
253567.0,0,0,0,96,32
253567.0,0,0,0,92,36
253633.0,0,0,0,92,36
253633.0,0,0,0,91,37
253641.0,0,0,0,92,36
253694.0,0,0,0,92,36
253694.0,0,0,0,60,68
253756.0,0,0,0,64,64
253765.0,0,0,0,64,64
253765.0,0,0,0,48,80
253853.0,0,0,0,64,64
253873.0,0,0,0,96,32
253950.0,0,0,0,128,0
254076.0,0,0,0,128,0
254076.0,0,0,0,96,32
254110.0,0,0,0,96,32
254112.0,0,0,0,96,32
254114.0,0,0,0,96,32
254151.0,0,0,0,96,32
254152.0,0,0,0,96,32
254158.0,0,0,0,96,32
254183.0,0,0,0,96,32
254229.0,0,0,0,96,32
254263.0,0,0,0,96,32
254279.0,0,0,0,96,32
254279.0,0,0,0,32,96
254304.0,0,0,0,32,96
254357.0,0,0,0,32,96
254362.0,0,0,0,32,96
254364.0,0,0,0,32,96
254364.0,0,0,0,28,100
254395.0,0,0,0,92,36
254418.0,0,0,0,92,36
254450.0,0,0,0,96,32
254467.0,0,0,0,96,32
254467.0,0,0,0,95,33
254488.0,0,0,0,96,32
254513.0,0,0,0,96,32
254513.0,0,0,0,92,36
254532.0,0,0,0,124,4
254534.0,0,0,0,124,4
254534.0,0,0,0,123,5
254541.0,0,0,0,127,1
254552.0,0,0,0,128,0
254554.0,0,0,0,128,0
254554.0,0,0,0,120,8
254589.0,0,0,0,128,0
254711.0,0,0,0,128,0
254711.0,0,0,0,124,4
254734.0,0,0,0,128,0
254850.0,0,0,0,128,0
254850.0,0,0,10,118,0
254906.0,0,0,10,118,0
254906.0,0,0,10,114,4
255060.0,0,0,10,114,4
255060.0,0,0,10,113,5
255068.0,0,0,10,114,4
255136.0,0,0,10,114,4
255136.0,0,0,10,113,5
255137.0,0,0,10,117,1
255143.0,0,0,10,118,0
255295.0,0,0,10,118,0
255295.0,0,0,68,60,0
255350.0,0,0,68,60,0
255350.0,0,0,72,56,0
255388.0,0,0,72,56,0
255388.0,0,0,73,55,0
255391.0,0,0,73,55,0
255391.0,0,0,73,47,8
255393.0,0,0,73,55,0
255419.0,0,0,73,55,0
255419.0,0,0,73,47,8
255432.0,0,0,73,47,8
255432.0,0,0,89,31,8
255441.0,0,0,89,31,8
255441.0,0,0,93,27,8
255447.0,0,0,93,35,0
255447.0,0,0,93,27,8
255452.0,0,0,93,27,8
255489.0,0,0,93,27,8
255489.0,0,0,94,26,8
255517.0,0,0,94,34,0
255634.0,0,0,94,34,0
255634.0,0,0,98,30,0
255724.0,0,0,98,30,0
255773.0,0,0,98,30,0
255806.0,0,0,98,30,0
255884.0,0,0,98,30,0
255940.0,0,0,98,30,0
255940.0,0,0,98,26,4
255967.0,0,0,98,30,0
255968.0,0,0,98,30,0
256037.0,0,0,98,30,0
256037.0,0,0,99,29,0
256043.0,0,0,99,29,0
256043.0,0,0,100,28,0
256293.0,0,0,100,28,0
256293.0,0,0,108,20,0
256347.0,0,0,108,20,0
256347.0,0,0,116,12,0
256372.0,0,0,116,12,0
256417.0,0,0,116,12,0
256417.0,0,0,124,4,0
256576.0,0,0,124,4,0
256614.0,0,0,124,4,0
256617.0,0,0,124,4,0
256650.0,10,0,114,4,0
256677.0,10,0,114,4,0
256744.0,10,0,114,4,0
256867.0,10,0,114,4,0
256867.0,10,0,118,0,0
256918.0,10,0,118,0,0
257095.0,68,0,60,0,0
257095.0,4,64,60,0,0
257115.0,4,64,60,0,0
257150.0,8,64,56,0,0
257188.0,9,64,55,0,0
257215.0,9,64,55,0,0
257232.0,25,64,39,0,0
257241.0,29,64,35,0,0
257289.0,30,64,34,0,0
257432.0,30,64,34,0,0
257434.0,34,64,30,0,0
257434.0,2,96,30,0,0
257568.0,2,96,30,0,0
257648.0,2,96,30,0,0
257664.0,2,96,30,0,0
257704.0,2,96,30,0,0
257798.0,2,96,30,0,0
257818.0,2,96,30,0,0
257837.0,3,96,29,0,0
257843.0,4,96,28,0,0
258013.0,4,96,28,0,0
258066.0,4,96,28,0,0
258069.0,4,96,28,0,0
258093.0,12,96,20,0,0
258147.0,20,96,12,0,0
258217.0,28,96,4,0,0
258229.0,28,96,4,0,0
258278.0,28,96,4,0,0
258330.0,28,96,4,0,0
258378.0,28,96,4,0,0
258383.0,28,96,4,0,0
258423.0,28,96,4,0,0
258430.0,28,96,4,0,0
258457.0,28,96,4,0,0
258540.0,28,96,4,0,0
258667.0,32,96,0,0,0
258667.0,0,128,0,0,0
258710.0,0,128,0,0,0
258733.0,0,128,0,0,0
258742.0,0,128,0,0,0
258750.0,0,128,0,0,0
258805.0,0,128,0,0,0
258924.0,0,128,0,0,0
258974.0,0,128,0,0,0
259309.0,0,128,0,0,0
259795.0,0,64,0,64,0
259795.0,0,64,0,0,64
259820.0,0,64,0,32,32
259820.0,0,64,0,0,64
259824.0,0,64,0,32,32
259824.0,0,64,0,0,64
259846.0,0,64,0,32,32
259846.0,0,64,0,0,64
259855.0,0,64,0,0,64
259871.0,0,64,0,16,48
259871.0,0,64,0,0,64
259897.0,0,64,0,16,48
259897.0,0,64,0,0,64
259905.0,0,64,0,8,56
259905.0,0,64,0,0,64
259924.0,0,64,0,16,48
259924.0,0,64,0,0,64
259950.0,0,64,0,16,48
259950.0,0,64,0,0,64
259976.0,0,64,0,8,56
259976.0,0,64,0,0,64
259980.0,0,64,0,8,56
259980.0,0,64,0,0,64
259990.0,0,64,0,4,60
260003.0,0,64,0,4,60
260011.0,0,64,0,12,52
260011.0,0,64,0,4,60
260019.0,0,64,0,12,52
260019.0,0,64,0,4,60
260046.0,0,64,0,12,52
260046.0,0,64,0,4,60
260054.0,0,64,0,8,56
260054.0,0,64,0,0,64
260065.0,0,64,0,8,56
260095.0,0,64,0,8,56
260095.0,0,64,0,7,57
260119.0,0,64,0,8,56
260134.0,0,32,0,40,56
260134.0,0,32,0,8,88
260141.0,0,32,0,16,80
260141.0,0,32,0,0,96
260160.0,0,32,0,32,64
260160.0,0,32,0,0,96
260162.0,0,32,0,16,80
260162.0,0,32,0,0,96
260179.0,0,32,0,16,80
260179.0,0,32,0,0,96
260188.0,0,32,0,32,64
260188.0,0,32,0,0,96
260189.0,0,32,0,0,96
260193.0,0,32,0,16,80
260193.0,0,32,0,0,96
260214.0,0,32,0,32,64
260214.0,0,32,0,0,96
260225.0,0,32,0,16,80
260240.0,0,32,0,48,48
260240.0,0,32,0,16,80
260271.0,0,32,0,48,48
260271.0,0,32,0,16,80
260272.0,0,32,0,16,80
260272.0,0,32,0,0,96
260359.0,0,32,0,16,80
260370.0,0,32,0,24,72
260398.0,0,32,0,56,40
260398.0,0,32,0,24,72
260474.0,0,32,0,24,72
260474.0,0,32,0,16,80
260563.0,0,32,0,24,72
260637.0,0,32,0,56,40
260637.0,0,32,0,24,72
260660.0,0,32,0,24,72
260660.0,0,32,0,23,73
260675.0,0,32,0,24,72
260678.0,0,32,0,56,40
260678.0,0,32,0,24,72
260688.0,0,32,0,56,40
260688.0,0,32,0,24,72
260710.0,0,32,0,56,40
260710.0,0,32,0,24,72
260738.0,0,32,0,24,72
260738.0,0,32,0,23,73
260755.0,0,32,0,55,41
260755.0,0,32,0,23,73
260760.0,0,32,0,24,72
260763.0,0,32,0,24,72
260763.0,0,32,0,23,73
260772.0,0,32,0,24,72
260809.0,0,32,0,24,72
260873.0,0,32,0,56,40
260873.0,0,32,0,24,72
260890.0,0,32,0,24,72
260911.0,0,32,0,24,72
260916.0,0,32,0,24,72
260916.0,0,32,0,23,73
260919.0,0,32,0,23,73
260937.0,0,32,0,24,72
260946.0,0,32,0,24,72
260965.0,0,32,0,24,72
260967.0,0,32,0,24,72
261043.0,0,32,0,24,72
261043.0,0,32,0,23,73
261072.0,0,32,0,24,72
261110.0,0,32,0,24,72
261110.0,0,32,0,23,73
261125.0,0,32,0,23,73
261140.0,0,32,0,23,73
261142.0,0,32,0,24,72
261171.0,0,32,0,24,72
261173.0,0,32,0,24,72
261188.0,0,32,0,24,72
261188.0,0,32,0,23,73
261259.0,0,32,0,23,73
261259.0,0,32,1,22,73
261298.0,0,32,1,22,73
261298.0,0,32,9,14,73
261316.0,0,32,9,14,73
261316.0,0,32,9,13,74
261342.0,0,32,9,45,42
261367.0,0,0,9,77,42
261367.0,0,0,9,45,74
261391.0,0,0,9,46,73
261393.0,0,0,9,78,41
261393.0,0,0,9,14,105
261415.0,0,0,9,14,105
261415.0,0,0,9,13,106
261443.0,0,0,9,14,105
261451.0,0,0,9,14,105
261451.0,0,0,9,10,109
261463.0,0,0,9,10,109
261473.0,0,0,9,10,109
261473.0,0,0,9,8,111
261571.0,0,0,9,72,47
261571.0,0,0,9,8,111
261572.0,0,0,9,9,110
261588.0,0,0,9,13,106
261600.0,0,0,9,77,42
261600.0,0,0,9,13,106
261612.0,0,0,9,77,42
261612.0,0,0,9,13,106
261721.0,0,0,9,13,106
261721.0,0,0,9,9,110
261735.0,0,0,9,9,110
261735.0,0,0,9,1,118
261757.0,0,0,9,9,110
262095.0,0,0,9,13,106
262125.0,0,0,9,13,106
262125.0,0,0,9,9,110
262193.0,0,0,9,13,106
262207.0,0,0,9,13,106
262293.0,0,0,9,13,106
262471.0,0,0,9,13,106
262500.0,0,0,9,13,106
262512.0,0,0,9,13,106
262655.0,0,0,9,15,104
262657.0,0,0,9,15,104
262657.0,0,0,14,10,104
262658.0,0,0,14,42,72
262658.0,0,0,14,10,104
262711.0,0,0,14,42,72
262711.0,0,0,14,10,104
262757.0,0,0,14,10,104
262757.0,0,0,14,6,108
262778.0,0,0,14,6,108
262778.0,0,0,14,4,110
262789.0,0,0,14,36,78
262789.0,0,0,14,4,110
262882.0,0,0,14,4,110
262907.0,0,0,14,8,106
262910.0,0,0,14,10,104
262995.0,0,0,14,10,104
263059.0,1,0,13,10,104
263098.0,9,0,5,10,104
263379.0,9,0,5,42,72
263379.0,9,0,5,10,104
263558.0,9,0,5,10,104
263611.0,9,0,5,10,104
263689.0,9,0,5,10,104
263767.0,9,0,5,10,104
263788.0,9,0,5,10,104
263788.0,3,6,5,10,104
263864.0,3,6,5,10,104
264023.0,3,6,5,10,104
264023.0,0,9,5,6,108
264051.0,0,9,5,38,76
264051.0,0,9,5,6,108
264068.0,0,9,5,6,108
264068.0,0,9,5,5,109
264098.0,0,9,5,6,108
264106.0,0,9,5,6,108
264106.0,0,9,5,5,109
264133.0,0,9,5,5,109
264133.0,0,9,5,4,110
264150.0,0,9,5,5,109
264164.0,0,9,5,6,108
264178.0,0,9,5,6,108
264178.0,0,9,5,5,109
264208.0,0,9,5,5,109
264214.0,0,9,5,6,108
264218.0,0,9,5,6,108
264221.0,0,9,5,10,104
264248.0,0,9,5,10,104
264248.0,0,9,5,4,110
264267.0,0,9,5,4,110
264279.0,0,9,5,4,110
264322.0,0,9,5,4,110
264322.0,0,9,5,3,111
264349.0,0,9,5,4,110
264387.0,0,9,5,6,108
264418.0,0,9,5,10,104
264457.0,5,9,0,10,104
264604.0,5,9,0,10,104
264604.0,0,14,0,10,104
264625.0,0,14,0,10,104
264683.0,0,14,0,42,72
264683.0,0,14,0,8,106
264781.0,0,14,0,10,104
264801.0,0,14,0,10,104
264951.0,0,14,0,10,104
264956.0,0,14,0,10,104
264983.0,0,14,0,10,104
264983.0,0,14,0,8,106
264991.0,0,14,0,9,105
265005.0,0,14,0,10,104
265031.0,0,14,0,10,104
265106.0,0,14,0,10,104
265121.0,0,14,0,10,104
265165.0,0,14,0,10,104
265211.0,0,14,0,10,104
265211.0,0,14,0,9,105
265228.0,0,14,0,10,104
265230.0,0,14,0,10,104
265230.0,0,14,0,9,105
265252.0,0,14,0,10,104
265284.0,0,14,0,10,104
265287.0,0,14,0,10,104
265355.0,0,14,0,10,104
265355.0,0,14,0,9,105
265362.0,0,14,0,10,104
265583.0,0,14,0,10,104
265583.0,0,14,4,6,104
265832.0,0,14,4,6,104
266128.0,0,14,4,6,104
266152.0,0,14,4,6,104
266152.0,0,14,5,5,104
266262.0,0,14,5,5,104
266262.0,0,14,6,4,104
266277.0,0,14,6,4,104
266458.0,0,14,6,4,104
266459.0,0,14,6,4,104
266488.0,0,8,6,10,104
266488.0,0,8,6,4,110
266514.0,0,8,6,4,110
266529.0,0,8,6,4,110
266581.0,0,8,6,36,78
266581.0,0,8,6,5,109
266593.0,0,8,6,6,108
266601.0,0,8,6,14,100
266602.0,0,8,6,18,96
266603.0,0,8,6,26,88
266609.0,0,8,6,27,87
266643.0,0,8,6,28,86
266648.0,0,8,6,28,86
266663.0,0,8,6,32,82
266666.0,0,8,6,40,74
266666.0,0,8,6,8,106
266693.0,0,8,6,8,106
266723.0,0,5,6,11,106
266723.0,0,5,6,7,110
266726.0,0,5,6,7,110
266767.0,0,5,6,11,106
266767.0,0,5,6,3,114
266776.0,0,5,6,3,114
266855.0,0,5,6,11,106
266855.0,0,5,6,3,114
266872.0,0,5,6,35,82
266872.0,0,5,6,3,114
266916.0,0,5,6,5,112
266916.0,0,5,6,3,114
266931.0,0,5,6,4,113
266931.0,0,5,6,3,114
266937.0,0,5,6,4,113
266937.0,0,5,6,3,114
266946.0,0,5,6,4,113
266952.0,0,5,6,5,112
266960.0,0,5,6,13,104
267304.0,0,0,6,18,104
267304.0,0,0,6,10,112
267371.0,0,0,6,14,108
267383.0,4,0,2,14,108
267420.0,4,0,2,18,104
267481.0,4,0,2,18,104
267566.0,4,0,2,18,104
267846.0,4,0,2,18,104
267846.0,4,0,3,17,104
267852.0,4,0,3,17,104
267852.0,4,0,4,16,104
267860.0,4,0,4,16,104
267860.0,4,0,12,8,104
267952.0,5,0,11,8,104
267968.0,5,0,11,8,104
268001.0,5,0,11,8,104
268054.0,5,0,11,8,104
268055.0,5,0,11,8,104
268062.0,6,0,10,8,104
268271.0,6,0,10,8,104
268271.0,6,0,14,4,104
268320.0,6,0,14,4,104
268320.0,6,0,18,0,104
268439.0,6,0,18,32,72
268439.0,6,0,18,0,104
268490.0,6,0,18,32,72
268635.0,6,0,18,32,72
268635.0,6,0,18,0,104
268719.0,6,0,18,32,72
268808.0,6,0,18,32,72
268890.0,6,0,18,32,72
268890.0,6,0,18,24,80
268905.0,6,0,18,24,80
269035.0,6,0,18,32,72
269035.0,6,0,18,0,104
269103.0,6,0,18,0,104
269119.0,6,0,18,32,72
269390.0,6,0,18,32,72
269450.0,6,0,18,32,72
269450.0,6,0,18,16,88
269540.0,6,0,18,32,72
269619.0,6,0,18,32,72
269626.0,6,0,18,64,40
269626.0,6,0,18,0,104
269627.0,6,0,18,0,104
269646.0,7,0,17,0,104
269647.0,7,0,17,64,40
269647.0,7,0,17,0,104
269652.0,8,0,16,0,104
269660.0,16,0,8,0,104
269661.0,16,0,8,0,104
269694.0,16,0,8,64,40
269694.0,16,0,8,0,104
269711.0,16,0,8,0,104
269832.0,16,0,8,0,104
270019.0,16,0,8,0,104
270054.0,16,0,8,0,104
270071.0,20,0,4,0,104
270120.0,24,0,0,0,104
270192.0,24,0,0,0,104
270391.0,24,0,0,0,104
270419.0,24,0,0,0,104
270449.0,24,0,0,0,104
270674.0,24,0,0,0,104
270742.0,24,0,0,0,104
270751.0,24,0,0,0,104
270782.0,24,0,0,8,96
270782.0,0,24,0,7,97
270796.0,0,24,0,39,65
270796.0,0,24,0,7,97
270802.0,0,24,0,8,96
270846.0,0,24,0,24,80
270846.0,0,24,0,8,96
270847.0,0,24,0,16,88
270940.0,0,24,0,32,72
270940.0,0,24,0,16,88
271040.0,0,24,0,32,72
271346.0,0,24,0,32,72
271346.0,0,24,0,16,88
271387.0,0,24,0,16,88
271457.0,0,24,0,32,72
271457.0,0,24,0,16,88
271478.0,0,24,0,16,88
271528.0,0,24,0,32,72
271528.0,0,24,0,16,88
271581.0,0,24,0,16,88
271608.0,0,24,0,16,88
271702.0,0,24,0,16,88
271735.0,0,24,0,32,72
271741.0,0,24,0,32,72
271741.0,0,24,0,16,88
271746.0,0,24,0,16,88
271746.0,0,24,1,15,88
271747.0,0,24,1,15,88
271747.0,0,24,9,7,88
271980.0,0,24,9,23,72
272018.0,0,24,9,23,72
272018.0,0,24,9,7,88
272246.0,0,24,9,7,88
272310.0,0,24,9,23,72
272310.0,0,24,9,22,73
272373.0,0,24,9,54,41
272378.0,0,24,9,86,9
272378.0,0,24,9,22,73
272412.0,0,24,9,86,9
272412.0,0,24,9,54,41
272470.0,0,24,9,62,33
272578.0,0,24,9,62,33
272578.0,0,24,9,14,81
272586.0,0,24,9,46,49
272637.0,0,24,9,46,49
272670.0,0,24,9,46,49
272670.0,0,24,9,14,81
272688.0,0,24,9,46,49
272706.0,0,24,9,62,33
272849.0,0,24,9,62,33
272849.0,0,24,9,30,65
272870.0,0,24,9,62,33
272880.0,0,24,9,62,33
273009.0,0,24,9,62,33
273009.0,0,24,9,30,65
273165.0,0,24,9,62,33
273210.0,0,24,9,62,33
273278.0,0,24,9,62,33
273312.0,0,24,9,62,33
273370.0,0,24,9,62,33
273370.0,0,24,16,55,33
273482.0,0,0,16,79,33
273482.0,0,0,16,48,64
273508.0,0,0,16,48,64
273508.0,0,0,16,44,68
273546.0,1,0,15,44,68
273547.0,9,0,7,44,68
273552.0,9,0,7,48,64
273555.0,9,0,7,50,62
273561.0,9,0,7,58,54
273561.0,0,9,7,58,54
273563.0,0,9,7,62,50
273579.0,0,9,7,63,49
273594.0,0,9,7,71,41
273606.0,0,9,7,71,41
273798.0,0,9,7,71,41
273818.0,0,9,7,71,41
273818.0,0,9,7,70,42
273856.0,0,9,7,71,41
273952.0,0,9,7,72,40
274015.0,0,9,7,72,40
274015.0,0,9,7,71,41
274047.0,0,9,7,71,41
274135.0,0,9,7,72,40
274188.0,0,9,7,72,40
274188.0,0,9,7,64,48
274192.0,0,9,7,64,48
274192.0,0,9,7,63,49
274205.0,0,9,7,63,49
274209.0,0,9,7,64,48
274225.0,0,9,7,64,48
274225.0,0,9,7,63,49
274237.0,0,9,7,63,49
274325.0,0,9,7,63,49
274329.0,0,9,7,71,41
274362.0,0,9,7,72,40
274369.0,0,9,7,72,40
274378.0,0,9,7,72,40
274451.0,0,9,7,72,40
274451.0,0,9,7,68,44
274461.0,0,9,7,68,44
274461.0,0,9,10,65,44
274479.0,0,9,10,65,44
274479.0,0,9,11,64,44
274494.0,0,9,11,64,44
274494.0,0,9,14,61,44
274497.0,0,9,14,65,40
274536.0,0,9,14,65,40
274671.0,0,9,14,65,40
274682.0,0,9,14,65,40
274682.0,0,9,14,61,44
274721.0,0,9,14,65,40
274797.0,0,9,14,65,40
274797.0,0,9,14,64,41
274826.0,0,9,14,64,41
274826.0,0,9,14,60,45
274868.0,0,9,14,64,41
275018.0,0,9,14,64,41
275069.0,0,9,14,65,40
275170.0,7,9,7,65,40
275229.0,7,9,7,65,40
275229.0,7,9,9,63,40
275234.0,7,9,9,63,40
275234.0,6,10,9,63,40
275485.0,6,10,9,63,40
275485.0,2,14,9,63,40
275544.0,2,14,9,63,40
275544.0,1,15,9,63,40
275621.0,1,15,9,63,40
275621.0,1,15,12,60,40
275634.0,1,15,12,60,40
275634.0,0,16,12,60,40
275689.0,0,16,12,60,40
275689.0,0,16,12,59,41
275725.0,0,16,12,59,41
275725.0,0,16,12,55,45
275734.0,0,16,12,56,44
275741.0,0,16,12,56,44
275763.0,0,16,12,60,40
275763.0,0,16,12,56,44
275764.0,0,16,12,56,44
275768.0,0,16,12,56,44
275914.0,0,16,12,60,40
275914.0,0,16,12,58,42
275966.0,0,16,12,58,42
276042.0,0,16,12,60,40
276042.0,0,16,12,56,44
276083.0,0,16,12,60,40
276232.0,0,16,12,60,40
276232.0,0,16,12,56,44
276261.0,3,7,9,65,44
276261.0,3,7,9,1,108
276269.0,3,7,9,5,104
276272.0,3,7,9,69,40
276272.0,3,7,9,5,104
276279.0,4,7,8,5,104
276294.0,7,7,5,5,104
276295.0,7,7,5,5,104
276295.0,3,11,5,5,104
276314.0,3,11,5,37,72
276314.0,3,11,5,5,104
276461.0,3,11,5,37,72
276461.0,3,11,5,5,104
276471.0,3,11,5,37,72
276471.0,3,11,5,5,104
276514.0,3,11,5,37,72
276514.0,3,11,5,5,104
276537.0,3,11,5,37,72
276537.0,3,11,5,5,104
276538.0,3,11,5,37,72
276538.0,3,11,5,5,104
276558.0,3,11,5,37,72
276558.0,2,12,5,5,104
276582.0,2,12,5,37,72
276582.0,2,12,5,21,88
276612.0,2,12,5,21,88
276612.0,1,13,5,21,88
276634.0,1,13,5,21,88
276649.0,1,13,5,37,72
276649.0,0,14,5,37,72
276663.0,0,14,5,37,72
276671.0,0,14,5,37,72
276671.0,0,14,5,35,74
276761.0,0,14,5,67,42
276761.0,0,14,5,3,106
276787.0,0,14,5,3,106
276814.0,0,14,5,3,106
276942.0,0,14,5,3,106
276958.0,0,14,5,5,104
276966.0,0,14,5,69,40
276966.0,0,14,5,5,104
276983.0,0,14,5,5,104
277029.0,2,14,3,5,104
277030.0,2,14,3,69,40
277030.0,2,14,3,53,56
277068.0,2,14,3,53,56
277068.0,2,14,3,49,60
277089.0,2,14,3,53,56
277098.0,2,14,3,53,56
277098.0,2,14,3,49,60
277111.0,2,14,3,65,44
277130.0,2,14,3,65,44
277130.0,2,14,3,61,48
277152.0,2,14,3,61,48
277152.0,2,14,3,59,50
277159.0,2,14,3,59,50
277159.0,2,14,3,27,82
277161.0,2,14,3,31,78
277172.0,2,14,3,31,78
277218.0,2,14,3,31,78
277218.0,2,14,3,27,82
277236.0,2,14,3,33,76
277259.0,2,14,3,37,72
277295.0,2,14,3,69,40
277421.0,5,14,0,69,40
277429.0,5,14,0,69,40
277429.0,5,14,0,5,104
277482.0,5,14,0,5,104
277562.0,5,14,0,5,104
277562.0,1,18,0,5,104
277584.0,1,18,0,5,104
277584.0,1,18,0,3,106
277652.0,1,18,0,67,42
277658.0,1,18,0,67,42
277658.0,1,18,0,63,46
277696.0,1,18,0,67,42
277710.0,1,18,0,67,42
277710.0,1,18,0,63,46
277748.0,1,18,0,67,42
277791.0,1,18,0,67,42
277791.0,1,18,0,63,46
277843.0,1,18,0,67,42
277858.0,1,18,0,67,42
277866.0,1,18,0,67,42
277891.0,1,18,0,67,42
277891.0,1,18,0,63,46
277928.0,1,18,0,67,42
277930.0,1,18,0,67,42
277934.0,1,17,0,68,42
277934.0,1,17,0,67,43
277946.0,1,17,0,69,41
277966.0,1,17,0,70,40
277982.0,1,17,0,70,40
277982.0,1,17,0,62,48
277989.0,1,17,0,62,48
278030.0,1,17,0,70,40
278115.0,1,17,0,70,40
278115.0,1,17,0,54,56
278185.0,1,13,0,58,56
278185.0,1,13,0,54,60
278195.0,1,13,0,54,60
278223.0,1,13,0,58,56
278244.0,1,12,0,59,56
278244.0,1,12,0,58,57
278315.0,1,12,0,58,57
278315.0,1,12,0,26,89
278334.0,1,11,0,27,89
278334.0,1,11,0,26,90
278375.0,1,11,0,27,89
278536.0,1,11,0,43,73
278541.0,1,11,0,43,73
278541.0,1,11,0,39,77
278546.0,1,11,0,71,45
278552.0,1,11,0,71,45
278579.0,1,11,0,75,41
278594.0,1,11,0,75,41
278594.0,1,11,0,59,57
278653.0,1,11,0,75,41
278686.0,1,11,0,75,41
278686.0,1,11,0,59,57
278692.0,1,11,0,75,41
278693.0,1,11,0,75,41
278693.0,1,11,0,59,57
278743.0,1,11,0,59,57
278768.0,1,11,0,59,57
278768.0,1,11,0,43,73
278781.0,1,11,0,59,57
278828.0,1,11,0,59,57
278995.0,1,7,0,63,57
278995.0,1,7,0,59,61
279035.0,1,7,0,63,57
279123.0,1,7,0,63,57
279208.0,1,7,0,79,41
279222.0,1,7,0,79,41
279222.0,1,7,0,63,57
279258.0,1,6,0,64,57
279258.0,1,6,0,63,58
279266.0,1,6,0,63,58
279266.0,1,6,0,55,66
279290.0,1,6,0,71,50
279295.0,1,6,0,79,42
279295.0,1,6,0,63,58
279296.0,1,6,0,64,57
279312.0,1,5,0,65,57
279312.0,1,5,0,64,58
279343.0,1,5,0,80,42
279345.0,1,5,0,81,41
279345.0,1,5,0,77,45
279349.0,1,4,0,78,45
279349.0,1,4,0,58,65
279355.0,1,4,0,74,49
279357.0,1,4,0,74,49
279357.0,1,4,0,58,65
279363.0,1,4,0,74,49
279364.0,1,4,0,74,49
279364.0,1,4,0,58,65
279372.0,1,4,0,58,65
279372.0,1,4,0,57,66
279375.0,1,4,0,58,65
279383.0,1,4,0,62,61
279436.0,1,4,0,62,61
279438.0,1,4,0,78,45
279446.0,1,4,0,78,45
279553.0,1,4,0,78,45
279592.0,1,4,0,78,45
279601.0,1,4,0,78,45
279601.0,1,4,0,46,77
279611.0,1,4,0,46,77
279611.0,1,4,0,38,85
279658.0,1,4,0,42,81
279681.0,1,4,0,42,81
279695.0,1,4,0,42,81
279695.0,1,4,0,38,85
279762.0,1,4,0,42,81
279856.0,1,4,0,42,81
279856.0,1,4,0,38,85
279929.0,1,4,0,42,81
279934.0,1,4,0,42,81
279934.0,1,4,0,38,85
280107.0,1,4,0,46,77
280108.0,1,4,0,46,77
280157.0,1,4,0,50,73
280161.0,1,4,0,50,73
280161.0,1,4,0,18,105
280190.0,1,4,0,18,105
280195.0,1,4,0,18,105
280228.0,1,4,0,18,105
280228.0,1,4,0,14,109
280247.0,1,4,0,46,77
280255.0,1,4,0,46,77
280262.0,1,0,0,50,77
280262.0,1,0,0,46,81
280263.0,1,0,0,46,81
280271.0,1,0,0,50,77
280272.0,1,0,0,50,77
280272.0,1,0,0,18,109
280337.0,1,0,0,18,109
280337.0,1,0,0,14,113
280436.0,1,0,0,14,113
280488.0,1,0,0,14,113
280584.0,1,0,0,14,113
280647.0,1,0,0,18,109
280647.0,1,0,0,2,125
280662.0,1,0,0,2,125
280666.0,1,0,0,2,125
280694.0,1,0,0,18,109
280694.0,1,0,0,2,125
280786.0,1,0,0,18,109
280786.0,1,0,0,2,125
280829.0,1,0,0,2,125
280898.0,1,0,0,18,109
280898.0,1,0,0,10,117
281105.0,1,0,0,11,116
281146.0,1,0,0,11,116
281146.0,1,0,0,3,124
281147.0,1,0,0,3,124
281259.0,1,0,0,11,116
281265.0,1,0,0,11,116
281547.0,1,0,0,11,116
281594.0,1,0,0,11,116
281686.0,1,0,0,11,116
281798.0,1,0,0,11,116
281798.0,1,0,2,9,116
282005.0,1,0,2,9,116
282005.0,1,0,3,8,116
282006.0,1,0,3,16,108
282159.0,1,0,3,16,108
282159.0,1,0,11,8,108
282764.0,1,0,11,8,108
282795.0,1,0,11,40,76
282795.0,1,0,11,7,109
282805.0,1,0,11,7,109
282892.0,1,0,11,7,109
282906.0,1,0,11,7,109
282919.0,1,0,11,39,77
282919.0,1,0,11,7,109
283001.0,1,0,11,39,77
283001.0,1,0,11,7,109
283117.0,1,0,11,39,77
283325.0,1,0,11,39,77
283325.0,1,0,11,23,93
283331.0,1,0,11,39,77
283401.0,1,0,11,71,45
283446.0,1,0,11,71,45
283446.0,1,0,11,39,77
283598.0,3,0,9,39,77
283695.0,3,0,9,39,77
283805.0,4,0,8,39,77
283819.0,4,0,8,39,77
283835.0,4,0,8,39,77
283835.0,4,0,8,38,78
283839.0,4,0,8,39,77
283901.0,4,0,8,39,77
283943.0,4,0,8,40,76
283959.0,12,0,0,40,76
284017.0,12,0,0,40,76
284026.0,12,0,0,40,76
284026.0,12,0,0,39,77
284039.0,12,0,0,40,76
284231.0,12,0,0,40,76
284231.0,12,0,5,35,76
284301.0,12,0,5,35,76
284301.0,12,0,37,3,76
284421.0,12,0,37,11,68
284591.0,12,0,37,43,36
284617.0,12,0,37,43,36
284617.0,12,0,37,11,68
284739.0,12,0,37,11,68
285002.0,12,0,37,11,68
285002.0,12,0,37,10,69
285097.0,12,0,37,11,68
285120.0,12,0,37,11,68
285120.0,12,0,37,10,69
285246.0,12,0,37,11,68
285440.0,12,0,37,11,68
285440.0,12,0,37,10,69
285491.0,12,0,37,10,69
285491.0,12,0,45,2,69
285549.0,12,0,45,3,68
285681.0,12,0,45,3,68
285681.0,12,0,45,2,69
285786.0,12,0,45,3,68
285997.0,12,0,45,3,68
286031.0,17,0,40,3,68
286101.0,49,0,8,3,68
286146.0,49,0,8,3,68
286146.0,49,0,9,2,68
286184.0,49,0,9,2,68
286184.0,49,0,9,1,69
286290.0,49,0,9,2,68
286449.0,49,0,9,2,68
286686.0,49,0,9,2,68
286686.0,49,0,10,1,68
286842.0,49,0,10,1,68
286842.0,49,0,10,0,69
286982.0,49,0,10,1,68
287174.0,49,0,10,1,68
287174.0,49,0,10,0,69
287190.0,49,0,10,0,69
287291.0,57,0,2,0,69
287421.0,57,0,2,1,68
287447.0,57,0,2,1,68
287447.0,57,0,2,0,69
287538.0,57,0,2,32,37
287539.0,57,0,2,65,4
287540.0,57,0,2,69,0
287546.0,57,0,2,69,0
287546.0,57,0,2,68,1
287566.0,57,0,2,69,0
287882.0,57,0,2,69,0
287946.0,58,0,1,69,0
288321.0,58,0,1,69,0
288438.0,58,0,1,69,0
288438.0,58,0,32,38,0
288439.0,58,0,32,38,0
288439.0,58,0,65,5,0
288440.0,58,0,65,5,0
288440.0,58,0,69,1,0
288449.0,58,0,69,1,0
288449.0,26,32,69,1,0
288466.0,26,32,69,1,0
288466.0,26,32,70,0,0
288486.0,27,32,69,0,0
288504.0,27,32,69,0,0
288504.0,23,36,69,0,0
288510.0,23,36,69,0,0
288510.0,19,40,69,0,0
288529.0,19,40,69,0,0
288529.0,18,41,69,0,0
288588.0,18,41,69,0,0
288588.0,17,42,69,0,0
288651.0,17,42,69,0,0
288651.0,13,46,69,0,0
288688.0,13,46,69,0,0
288688.0,12,47,69,0,0
288709.0,12,47,69,0,0
288709.0,8,51,69,0,0
288928.0,8,51,69,0,0
288985.0,8,51,69,0,0
289046.0,8,51,69,0,0
289062.0,8,51,69,0,0
290238.0,39,51,38,0,0
290238.0,1,89,38,0,0
290239.0,34,89,5,0,0
290240.0,38,89,1,0,0
290266.0,39,89,0,0,0
291149.0,39,57,0,32,0
291149.0,39,57,0,0,32
291204.0,39,53,0,4,32
291204.0,39,53,0,0,36
291210.0,39,49,0,4,36
291210.0,39,49,0,0,40
291229.0,39,48,0,1,40
291229.0,39,48,0,0,41
291236.0,39,48,0,1,40
291283.0,39,48,0,5,36
291288.0,39,47,0,6,36
291288.0,39,47,0,5,37
291327.0,39,47,0,37,5
291336.0,39,47,0,41,1
291351.0,39,43,0,45,1
291351.0,39,43,0,41,5
291371.0,39,43,0,42,4
291379.0,39,43,0,46,0
291388.0,39,42,0,47,0
291388.0,39,42,0,46,1
291409.0,39,38,0,50,1
291409.0,39,38,0,46,5
291422.0,39,38,0,47,4
291433.0,39,38,0,51,0
292136.0,39,38,0,51,0
292136.0,39,38,1,50,0
292183.0,39,38,1,50,0
292183.0,39,38,5,46,0
292227.0,39,38,5,46,0
292227.0,39,38,37,14,0
292236.0,39,38,37,14,0
292236.0,39,38,41,10,0
292271.0,39,38,41,10,0
292271.0,39,38,42,9,0
292279.0,39,38,42,9,0
292279.0,39,38,46,5,0
292322.0,39,38,46,5,0
292322.0,39,38,47,4,0
292333.0,39,38,47,4,0
292333.0,39,38,51,0,0
292412.0,39,38,51,0,0
292412.0,35,42,51,0,0
292742.0,35,42,51,0,0
292742.0,31,46,51,0,0
292774.0,31,46,51,0,0
292774.0,23,54,51,0,0
292783.0,23,54,51,0,0
292783.0,15,62,51,0,0
292938.0,15,24,51,38,0
292938.0,15,24,51,0,38
292943.0,15,24,51,1,37
292944.0,15,24,51,2,36
292945.0,15,24,51,2,36
292950.0,15,24,51,2,36
292968.0,15,24,51,2,36
292968.0,14,25,51,2,36
293002.0,14,25,51,2,36
293028.0,14,25,51,2,36
293028.0,13,26,51,2,36
293041.0,13,26,51,2,36
293041.0,12,27,51,2,36
293058.0,12,27,51,2,36
293058.0,11,28,51,2,36
293105.0,11,28,51,6,32
293105.0,7,32,51,6,32
293157.0,7,32,51,38,0
293157.0,0,39,51,6,32
293257.0,0,39,51,38,0
293304.0,0,39,51,38,0
293304.0,0,39,51,37,1
293307.0,0,39,51,38,0
293843.0,0,39,51,38,0
293936.0,1,39,50,38,0
293983.0,5,39,46,38,0
294027.0,37,39,14,38,0
294036.0,41,39,10,38,0
294057.0,41,39,10,38,0
294057.0,41,39,14,34,0
294071.0,42,39,13,34,0
294079.0,46,39,9,34,0
294122.0,47,39,8,34,0
294133.0,51,39,4,34,0
294157.0,51,39,4,34,0
294157.0,51,39,36,2,0
294207.0,51,39,36,2,0
294207.0,51,39,37,1,0
295112.0,51,35,37,5,0
295112.0,51,35,37,1,4
295147.0,51,35,37,5,0
295442.0,51,31,37,9,0
295442.0,51,31,37,5,4
295467.0,51,31,37,9,0
295474.0,51,23,37,17,0
295474.0,51,23,37,9,8
295483.0,51,15,37,17,8
295483.0,51,15,37,9,16
295575.0,51,15,37,9,16
295580.0,51,15,37,17,8
295581.0,51,15,37,25,0
295668.0,51,14,37,26,0
295668.0,51,14,37,25,1
295672.0,51,14,37,26,0
295728.0,51,13,37,27,0
295728.0,51,13,37,26,1
295732.0,51,13,37,27,0
295741.0,51,12,37,28,0
295741.0,51,12,37,27,1
295747.0,51,12,37,28,0
295758.0,51,11,37,29,0
295758.0,51,11,37,28,1
295761.0,51,11,37,29,0
295805.0,51,7,37,33,0
295805.0,51,7,37,29,4
295856.0,51,7,37,33,0
295857.0,55,0,33,40,0
295857.0,55,0,33,32,8
295899.0,55,0,33,40,0
295957.0,87,0,1,40,0
296007.0,88,0,0,40,0
296007.0,0,88,0,40,0
296047.0,0,88,0,40,0
296608.0,0,88,0,40,0
297112.0,0,88,0,40,0
297505.0,0,88,0,40,0
298131.0,0,88,0,40,0
298176.0,0,88,0,40,0
298320.0,0,88,0,40,0
298490.0,0,88,0,40,0
298627.0,0,88,0,40,0
298649.0,0,88,0,40,0
298707.0,0,0,0,128,0
298707.0,0,0,0,0,128
298762.0,0,0,0,0,128
299106.0,0,0,0,0,128
299450.0,0,0,0,128,0
299450.0,0,0,0,0,128
299950.0,0,0,0,128,0
299950.0,0,0,0,0,128
300422.0,0,0,0,64,64
300422.0,0,0,0,23,105
300486.0,0,0,0,24,104
300545.0,0,0,0,32,96
300545.0,0,0,0,0,128
300617.0,0,0,0,32,96
300617.0,0,0,0,16,112
300795.0,0,0,0,48,80
300795.0,0,0,0,16,112
300847.0,0,0,0,48,80
300847.0,0,0,0,16,112
301128.0,0,0,0,48,80
301128.0,0,0,0,16,112
301133.0,0,0,0,48,80
301322.0,0,0,0,48,80
301477.0,0,0,0,64,64
301517.0,0,0,0,64,64
301695.0,0,0,0,64,64
301747.0,0,0,0,64,64
302028.0,0,0,0,64,64
302028.0,0,0,16,48,64
302033.0,0,0,16,48,64
302033.0,0,0,48,16,64
302377.0,0,0,48,16,64
302377.0,0,0,64,0,64
303302.0,0,0,64,0,64
303397.0,0,0,64,0,64
303828.0,16,0,48,0,64
303833.0,48,0,16,0,64
304177.0,64,0,0,0,64
304596.0,64,0,0,0,64
304653.0,64,0,0,0,64
304822.0,64,0,0,0,64
304857.0,64,0,0,0,64
305026.0,64,0,0,0,64
305178.0,64,0,0,0,64
305442.0,64,0,0,0,64
306135.0,64,0,0,64,0
306135.0,0,64,0,64,0
306437.0,0,64,0,64,0
306649.0,0,64,0,64,0
306808.0,0,64,0,64,0
307013.0,0,64,0,64,0
308835.0,0,0,0,128,0
308835.0,0,0,0,0,128
308926.0,0,0,0,128,0
308926.0,0,0,0,53,75
308936.0,0,0,0,54,74
308954.0,0,0,0,55,73
309014.0,0,0,0,57,71
309016.0,0,0,0,58,70
309021.0,0,0,0,59,69
309022.0,0,0,0,60,68
309024.0,0,0,0,61,67
309025.0,0,0,0,62,66
309033.0,0,0,0,63,65
309038.0,0,0,0,64,64
309826.0,0,0,0,64,64
309826.0,0,0,53,11,64
309836.0,0,0,53,11,64
309836.0,0,0,54,10,64
309854.0,0,0,54,10,64
309854.0,0,0,55,9,64
309914.0,0,0,55,9,64
309914.0,0,0,57,7,64
309916.0,0,0,57,7,64
309916.0,0,0,58,6,64
309921.0,0,0,58,6,64
309921.0,0,0,59,5,64
309922.0,0,0,59,5,64
309922.0,0,0,60,4,64
309924.0,0,0,60,4,64
309924.0,0,0,61,3,64
309925.0,0,0,61,3,64
309925.0,0,0,62,2,64
309933.0,0,0,62,2,64
309933.0,0,0,63,1,64
309938.0,0,0,63,1,64
309938.0,0,0,64,0,64
310240.0,0,0,64,0,64
310504.0,0,0,64,0,64
310785.0,0,0,64,0,64
311000.0,0,0,64,0,64
311626.0,53,0,11,0,64
311626.0,49,4,11,0,64
311636.0,50,4,10,0,64
311654.0,51,4,9,0,64
311714.0,53,4,7,0,64
311716.0,54,4,6,0,64
311721.0,55,4,5,0,64
311722.0,56,4,4,0,64
311724.0,57,4,3,0,64
311725.0,58,4,2,0,64
311733.0,59,4,1,0,64
311738.0,60,4,0,0,64
314076.0,60,4,0,0,64
314076.0,59,5,0,0,64
314326.0,59,1,0,4,64
314326.0,59,1,0,0,68
314407.0,59,1,0,1,67
314447.0,59,1,0,2,66
314561.0,59,1,0,3,65
314574.0,59,1,0,4,64
315307.0,59,1,0,4,64
315307.0,59,1,1,3,64
315347.0,59,1,1,3,64
315347.0,59,1,2,2,64
315461.0,59,1,2,2,64
315461.0,59,1,3,1,64
315474.0,59,1,3,1,64
315474.0,59,1,4,0,64
316776.0,59,0,4,1,64
316776.0,59,0,4,0,65
316888.0,59,0,4,1,64
317107.0,60,0,3,1,64
317147.0,61,0,2,1,64
317261.0,62,0,1,1,64
317274.0,63,0,0,1,64
317788.0,63,0,0,1,64
317788.0,63,0,1,0,64
319096.0,63,0,1,0,64
319096.0,62,1,1,0,64
319266.0,62,1,1,0,64
319266.0,61,2,1,0,64
319490.0,61,2,1,0,64
319490.0,60,3,1,0,64
319526.0,60,3,1,0,64
319526.0,59,4,1,0,64
319588.0,60,4,0,0,64
319851.0,60,4,0,64,0
320751.0,60,4,0,64,0
320751.0,60,4,64,0,0
321523.0,60,4,64,0,0
321523.0,59,5,64,0,0
321796.0,59,4,64,1,0
321796.0,59,4,64,0,1
321820.0,59,4,64,0,1
321820.0,58,5,64,0,1
321901.0,58,5,64,1,0
321966.0,58,4,64,2,0
321966.0,58,4,64,1,1
322050.0,58,4,64,2,0
322190.0,58,3,64,3,0
322190.0,58,3,64,2,1
322217.0,58,3,64,3,0
322226.0,58,2,64,4,0
322226.0,58,2,64,3,1
322246.0,58,2,64,3,1
322246.0,58,2,64,2,2
322323.0,58,2,64,3,1
322363.0,58,2,64,4,0
322449.0,58,2,64,4,0
322449.0,58,2,64,3,1
322551.0,122,2,0,3,1
322559.0,122,2,0,4,0
322628.0,122,2,0,4,0
322628.0,122,2,0,3,1
322729.0,122,2,0,4,0
322801.0,122,2,0,4,0
322817.0,122,2,0,4,0
322817.0,122,2,0,3,1
322920.0,122,2,0,4,0
322950.0,122,2,0,4,0
323017.0,122,2,0,4,0
323017.0,122,2,0,3,1
323113.0,122,2,0,4,0
323117.0,122,2,0,4,0
323223.0,122,2,0,4,0
323236.0,122,2,0,4,0
323236.0,122,2,0,3,1
323263.0,122,2,0,3,1
323354.0,122,2,0,4,0
323459.0,122,2,0,4,0
323629.0,122,2,0,4,0
323629.0,122,2,1,3,0
323820.0,122,2,1,3,0
323820.0,122,2,2,2,0
324013.0,122,2,2,2,0
324013.0,122,2,3,1,0
324223.0,122,1,3,2,0
324223.0,122,1,3,1,1
324254.0,122,1,3,1,1
324254.0,122,1,4,0,1
324362.0,122,1,4,1,0
324520.0,122,0,4,2,0
324520.0,122,0,4,1,1
324524.0,122,0,4,1,1
324524.0,122,0,4,0,2
324624.0,122,0,4,1,1
324628.0,122,0,4,2,0
324685.0,122,0,4,2,0
325262.0,122,0,4,2,0
325429.0,123,0,3,2,0
325524.0,123,0,3,2,0
325524.0,123,0,4,1,0
325528.0,123,0,4,1,0
325528.0,123,0,5,0,0
325620.0,124,0,4,0,0
325813.0,125,0,3,0,0
325894.0,125,0,3,0,0
325915.0,125,0,3,0,0
326054.0,126,0,2,0,0
326279.0,126,0,2,0,0
326599.0,126,0,2,0,0
326658.0,126,0,2,0,0
326988.0,126,0,2,0,0
327007.0,126,0,2,0,0
327324.0,127,0,1,0,0
327328.0,128,0,0,0,0
327328.0,0,128,0,0,0
327355.0,0,128,0,0,0
327409.0,0,128,0,0,0
327437.0,0,128,0,0,0
327512.0,0,128,0,0,0
328184.0,0,128,0,0,0
329076.0,0,128,0,0,0
330028.0,0,0,0,128,0
330028.0,0,0,0,0,128
330775.0,0,0,0,128,0
330775.0,0,0,0,98,30
330779.0,0,0,0,99,29
330781.0,0,0,0,100,28
330782.0,0,0,0,101,27
330783.0,0,0,0,102,26
330786.0,0,0,0,110,18
330788.0,0,0,0,111,17
330790.0,0,0,0,119,9
330797.0,0,0,0,127,1
331014.0,0,0,0,127,1
331014.0,0,0,0,126,2
331019.0,0,0,0,127,1
331068.0,0,0,0,127,1
331068.0,0,0,0,126,2
331073.0,0,0,0,127,1
331435.0,0,0,0,127,1
331435.0,0,0,0,126,2
331446.0,0,0,0,127,1
331521.0,0,0,0,127,1
331521.0,0,0,0,126,2
331526.0,0,0,0,127,1
331551.0,0,0,0,127,1
331551.0,0,0,0,126,2
331567.0,0,0,0,127,1
331623.0,0,0,0,127,1
331623.0,0,0,0,126,2
331627.0,0,0,0,127,1
331675.0,0,0,0,127,1
331675.0,0,0,98,29,1
331679.0,0,0,98,29,1
331679.0,0,0,99,28,1
331682.0,0,0,99,28,1
331682.0,0,0,100,27,1
331683.0,0,0,100,27,1
331683.0,0,0,101,26,1
331686.0,0,0,101,26,1
331686.0,0,0,109,18,1
331688.0,0,0,109,18,1
331688.0,0,0,110,17,1
331690.0,0,0,110,17,1
331690.0,0,0,118,9,1
331697.0,0,0,118,9,1
331697.0,0,0,126,1,1
331809.0,0,0,126,1,1
331809.0,0,0,126,0,2
331828.0,0,0,126,1,1
331876.0,0,0,126,2,0
332041.0,0,0,126,2,0
332041.0,0,0,126,1,1
332046.0,0,0,126,2,0
332299.0,0,0,126,2,0
332299.0,0,0,126,1,1
332307.0,0,0,126,2,0
332527.0,0,0,126,2,0
332543.0,0,0,126,2,0
332680.0,0,0,126,2,0
332680.0,0,0,126,1,1
332728.0,0,0,126,1,1
332729.0,0,0,126,2,0
332776.0,0,0,126,2,0
332776.0,0,0,127,1,0
332799.0,0,0,127,1,0
333056.0,0,0,127,1,0
333125.0,0,0,127,1,0
333217.0,0,0,127,1,0
333334.0,0,0,127,1,0
333380.0,0,0,127,1,0
333380.0,0,0,127,0,1
333392.0,0,0,127,1,0
333457.0,0,0,127,1,0
333457.0,0,0,127,0,1
333469.0,0,0,127,0,1
333474.0,0,0,127,0,1
333475.0,98,0,29,0,1
333479.0,99,0,28,0,1
333482.0,100,0,27,0,1
333483.0,101,0,26,0,1
333486.0,109,0,18,0,1
333488.0,110,0,17,0,1
333490.0,118,0,9,0,1
333497.0,126,0,1,0,1
333629.0,126,0,1,0,1
333637.0,126,0,1,1,0
333637.0,126,0,1,0,1
333706.0,126,0,1,1,0
333896.0,126,0,1,1,0
333896.0,126,0,1,0,1
333909.0,126,0,1,1,0
333961.0,126,0,1,1,0
333961.0,126,0,1,0,1
333973.0,126,0,1,1,0
334105.0,126,0,1,1,0
334130.0,126,0,1,1,0
334130.0,126,0,1,0,1
334143.0,126,0,1,0,1
334149.0,126,0,1,1,0
334203.0,126,0,1,1,0
334266.0,126,0,1,1,0
334266.0,126,0,1,0,1
334270.0,126,0,1,0,1
334280.0,126,0,1,1,0
334292.0,126,0,1,1,0
334378.0,126,0,1,1,0
334471.0,126,0,1,1,0
334471.0,126,0,1,0,1
334484.0,126,0,1,1,0
334576.0,127,0,0,1,0
334576.0,0,127,0,1,0
334606.0,0,127,0,1,0
334612.0,0,127,0,1,0
334657.0,0,127,0,1,0
334672.0,0,127,0,1,0
334714.0,0,127,0,1,0
334774.0,0,127,0,1,0
334809.0,0,127,0,1,0
334817.0,0,127,0,1,0
334873.0,0,127,0,1,0
334889.0,0,127,0,1,0
334958.0,0,127,0,1,0
335049.0,0,127,0,1,0
335180.0,0,127,0,1,0
335219.0,0,127,0,1,0
335231.0,0,127,0,1,0
335384.0,0,127,0,1,0
335400.0,0,127,0,1,0
335504.0,0,127,0,1,0
335540.0,0,127,0,1,0
335690.0,0,127,0,1,0
335717.0,0,127,0,1,0
335836.0,0,127,0,1,0
335899.0,0,127,0,1,0
335915.0,0,127,0,1,0
335948.0,0,127,0,1,0
336089.0,0,127,0,1,0
336153.0,0,127,0,1,0
336236.0,0,127,0,1,0
336572.0,0,127,0,1,0
336689.0,0,127,0,1,0
336917.0,0,127,0,1,0
336943.0,0,127,0,1,0
336960.0,0,127,0,1,0
337017.0,0,127,0,1,0
337276.0,0,0,0,128,0
337276.0,0,0,0,0,128
337304.0,0,0,0,128,0
337304.0,0,0,0,0,128
337339.0,0,0,0,0,128
337519.0,0,0,0,0,128
337536.0,0,0,0,0,128
337569.0,0,0,0,0,128
337621.0,0,0,0,0,128
337648.0,0,0,0,128,0
337648.0,0,0,0,0,128
337872.0,0,0,0,0,128
338000.0,0,0,0,0,128
338038.0,0,0,0,0,128
338389.0,0,0,0,128,0
338389.0,0,0,0,0,128
338420.0,0,0,0,32,96
338420.0,0,0,0,0,128
338442.0,0,0,0,32,96
338442.0,0,0,0,0,128
338447.0,0,0,0,1,127
338447.0,0,0,0,0,128
338452.0,0,0,0,1,127
338452.0,0,0,0,0,128
338454.0,0,0,0,1,127
338454.0,0,0,0,0,128
338457.0,0,0,0,1,127
338457.0,0,0,0,0,128
338463.0,0,0,0,2,126
338463.0,0,0,0,0,128
338468.0,0,0,0,1,127
338479.0,0,0,0,3,125
338488.0,0,0,0,11,117
338488.0,0,0,0,3,125
338489.0,0,0,0,7,121
338489.0,0,0,0,3,125
338492.0,0,0,0,7,121
338492.0,0,0,0,3,125
338495.0,0,0,0,4,124
338495.0,0,0,0,0,128
338496.0,0,0,0,4,124
338496.0,0,0,0,0,128
338515.0,0,0,0,4,124
338515.0,0,0,0,0,128
338537.0,0,0,0,4,124
338538.0,0,0,0,8,120
338548.0,0,0,0,12,116
338549.0,0,0,0,16,112
338576.0,0,0,0,20,108
338611.0,0,0,0,24,104
338618.0,0,0,0,28,100
338627.0,0,0,0,32,96
338627.0,0,0,0,0,128
338662.0,0,0,0,32,96
338662.0,0,0,0,0,128
338809.0,0,0,0,0,128
338877.0,0,0,0,0,128
338945.0,0,0,0,0,128
338949.0,0,0,0,32,96
338949.0,0,0,0,0,128
338958.0,0,0,0,0,128
339023.0,0,0,0,16,112
339023.0,0,0,0,0,128
339080.0,0,0,0,16,112
339089.0,0,0,0,20,108
339095.0,0,0,0,24,104
339179.0,0,0,0,24,104
339198.0,0,0,0,32,96
339198.0,0,0,0,0,128
339224.0,0,0,0,32,96
339224.0,0,0,0,0,128
339250.0,0,0,0,32,96
339250.0,0,0,0,0,128
339292.0,0,0,0,32,96
339292.0,0,0,0,0,128
339327.0,0,0,0,32,96
339327.0,0,0,0,0,128
339356.0,0,0,0,32,96
339356.0,0,0,0,31,97
339368.0,0,0,0,31,97
339384.0,0,0,0,32,96
339388.0,0,0,0,32,96
339389.0,0,0,0,32,96
339397.0,0,0,0,32,96
339397.0,0,0,0,0,128
339437.0,0,0,0,0,128
339466.0,0,0,0,32,96
339472.0,0,0,0,64,64
339472.0,0,0,0,0,128
339508.0,0,0,0,0,128
339512.0,0,0,0,64,64
339512.0,0,0,0,0,128
339600.0,0,0,0,0,128
339652.0,0,0,0,0,128
339740.0,0,0,0,64,64
339740.0,0,0,0,0,128
339803.0,0,0,0,0,128
339863.0,0,0,0,0,128
339885.0,0,0,0,64,64
339885.0,0,0,0,0,128
339899.0,0,0,0,0,128
339980.0,0,0,0,0,128
340012.0,0,0,0,64,64
340012.0,0,0,0,23,105
340032.0,0,0,0,24,104
340191.0,0,0,0,24,104
340191.0,0,0,0,8,120
340256.0,0,0,0,8,120
340339.0,0,0,0,8,120
340339.0,0,0,0,7,121
340356.0,0,0,0,8,120
340366.0,0,0,0,8,120
340372.0,0,0,0,8,120
340372.0,0,0,0,7,121
340383.0,0,0,0,8,120
340418.0,0,0,0,24,104
340448.0,0,0,0,24,104
340512.0,0,0,0,24,104
340644.0,0,0,0,32,96
340675.0,0,0,0,64,64
340675.0,0,0,0,0,128
340912.0,0,0,0,0,128
340930.0,0,0,0,64,64
340930.0,0,0,0,0,128
341099.0,0,0,0,32,96
341099.0,0,0,0,0,128
341235.0,0,0,0,0,128
341302.0,0,0,0,0,128
341328.0,0,0,0,0,128
341382.0,0,0,0,0,128
341537.0,0,0,0,32,96
341537.0,0,0,0,0,128
341619.0,0,0,0,16,112
341619.0,0,0,0,14,114
341629.0,0,0,0,15,113
341635.0,0,0,0,16,112
341765.0,0,0,0,32,96
341935.0,0,0,0,32,96
341935.0,0,0,0,16,112
342009.0,0,0,0,32,96
342105.0,0,0,0,32,96
342110.0,0,0,0,64,64
342110.0,0,0,0,0,128
342117.0,0,0,0,32,96
342117.0,0,0,0,30,98
342157.0,0,0,0,31,97
342170.0,0,0,0,31,97
342170.0,0,0,0,15,113
342178.0,0,0,0,15,113
342178.0,0,0,0,14,114
342180.0,0,0,0,14,114
342180.0,0,0,0,13,115
342193.0,0,0,0,14,114
342203.0,0,0,0,15,113
342218.0,0,0,0,31,97
342231.0,0,0,0,31,97
342231.0,0,0,0,30,98
342243.0,0,0,0,30,98
342243.0,0,0,0,14,114
342295.0,0,0,0,14,114
342296.0,0,0,0,30,98
342335.0,0,0,0,94,34
342335.0,0,0,0,30,98
342375.0,0,0,0,30,98
342375.0,0,0,0,29,99
342391.0,0,0,0,30,98
342420.0,0,0,0,31,97
342440.0,0,0,0,31,97
342440.0,0,0,0,30,98
342449.0,0,0,0,30,98
342449.0,0,0,0,29,99
342456.0,0,0,0,30,98
342462.0,0,0,0,94,34
342462.0,0,0,0,30,98
342464.0,0,0,0,31,97
342471.0,0,0,0,31,97
342471.0,0,0,0,26,102
342488.0,0,0,0,27,101
342494.0,0,0,0,27,101
342498.0,0,0,0,27,101
342498.0,0,0,0,25,103
342519.0,0,0,0,25,103
342583.0,0,0,0,89,39
342583.0,0,0,0,25,103
342684.0,0,0,0,31,97
342696.0,0,0,0,95,33
342696.0,0,0,0,31,97
342781.0,0,0,0,31,97
342781.0,0,0,0,30,98
342804.0,0,0,0,94,34
342804.0,0,0,0,30,98
342841.0,0,0,0,95,33
342841.0,0,0,0,31,97
342880.0,0,0,0,95,33
342880.0,0,0,0,31,97
342898.0,0,0,0,31,97
342898.0,0,0,0,30,98
342946.0,0,0,0,31,97
343017.0,0,0,0,31,97
343118.0,0,0,0,31,97
343133.0,0,0,0,31,97
343133.0,0,0,0,30,98
343173.0,0,0,0,31,97
343190.0,0,0,0,31,97
343190.0,0,0,0,30,98
343209.0,0,0,0,31,97
343213.0,0,0,0,31,97
343213.0,0,0,0,27,101
343235.0,0,0,0,27,101
343235.0,0,0,0,25,103
343309.0,0,0,0,25,103
343309.0,0,0,0,23,105
343332.0,0,0,0,23,105
343343.0,0,0,0,25,103
343357.0,0,0,0,29,99
343359.0,0,0,0,31,97
343362.0,0,0,0,31,97
343372.0,0,0,0,32,96
343372.0,0,0,0,0,128
343431.0,0,0,0,0,128
343483.0,0,0,0,0,128
343492.0,0,0,0,0,128
343500.0,0,0,0,0,128
343522.0,0,0,0,0,128
343545.0,0,0,0,0,128
343559.0,0,0,0,32,96
343559.0,0,0,0,0,128
343596.0,0,0,0,0,128
343668.0,0,0,0,32,96
343668.0,0,0,0,0,128
343671.0,0,0,0,32,96
343671.0,0,0,0,22,106
343677.0,0,0,0,22,106
343688.0,0,0,0,24,104
343698.0,0,0,0,25,103
343704.0,0,0,0,25,103
343715.0,0,0,0,26,102
343741.0,0,0,0,26,102
343780.0,0,0,0,26,102
343784.0,0,0,0,28,100
343804.0,0,0,0,32,96
343806.0,0,0,0,32,96
343828.0,0,0,0,32,96
343828.0,0,0,0,31,97
343874.0,0,0,0,32,96
343941.0,0,0,0,32,96
343941.0,0,0,0,30,98
343955.0,0,0,0,30,98
343955.0,0,0,0,29,99
343957.0,0,0,0,29,99
343957.0,0,0,0,28,100
343988.0,0,0,0,30,98
343997.0,0,0,0,31,97
344010.0,0,0,0,32,96
344087.0,0,0,0,32,96
344116.0,0,0,0,32,96
344127.0,0,0,0,32,96
344256.0,0,0,0,32,96
344262.0,0,0,0,64,64
344262.0,0,0,0,0,128
344317.0,0,0,0,0,128
344321.0,0,0,0,32,96
344321.0,0,0,0,0,128
344396.0,0,0,0,64,64
344396.0,0,0,0,23,105
344421.0,0,0,0,25,103
344436.0,0,0,0,26,102
344571.0,0,0,0,26,102
344733.0,0,0,0,26,102
344733.0,0,0,0,22,106
344756.0,0,0,0,22,106
344756.0,0,0,0,20,108
344795.0,0,0,0,52,76
344829.0,0,0,0,54,74
344840.0,0,0,0,54,74
344840.0,0,0,0,52,76
344856.0,0,0,0,56,72
344869.0,0,0,0,60,68
344878.0,0,0,0,62,66
344886.0,0,0,0,62,66
344886.0,0,0,0,61,67
344890.0,0,0,0,61,67
344890.0,0,0,0,60,68
344908.0,0,0,0,61,67
344918.0,0,0,0,62,66
344996.0,0,0,0,62,66
344996.0,0,0,0,60,68
345026.0,0,0,0,62,66
345095.0,0,0,0,62,66
345095.0,0,0,0,60,68
345097.0,0,0,0,60,68
345097.0,0,0,0,59,69
345119.0,0,0,0,61,67
345128.0,0,0,0,62,66
345130.0,0,0,0,64,64
345132.0,0,0,0,64,64
345132.0,0,0,0,60,68
345148.0,0,0,0,92,36
345157.0,0,0,0,92,36
345157.0,0,0,0,90,38
345255.0,0,0,0,96,32
345296.0,0,0,0,96,32
345296.0,0,0,2,94,32
345310.0,0,0,2,94,32
345310.0,0,0,2,90,36
345321.0,0,0,2,90,36
345332.0,0,0,2,90,36
345332.0,0,0,2,88,38
345443.0,0,0,2,88,38
345443.0,0,0,2,86,40
345487.0,0,0,2,88,38
345507.0,0,0,2,92,34
345549.0,0,0,2,92,34
345549.0,0,0,2,90,36
345594.0,0,0,2,92,34
345595.0,0,0,2,92,34
345595.0,0,0,2,60,66
345695.0,0,0,2,60,66
345769.0,0,0,2,60,66
345769.0,0,0,5,57,66
345778.0,0,0,5,57,66
345778.0,0,0,7,55,66
345808.0,0,0,7,55,66
345808.0,0,0,8,54,66
345818.0,0,0,8,54,66
345818.0,0,0,9,53,66
345866.0,0,0,9,53,66
345866.0,0,0,9,51,68
345900.0,0,0,9,53,66
345920.0,0,0,9,53,66
345920.0,0,0,9,51,68
345926.0,0,0,9,51,68
345938.0,0,0,9,53,66
345981.0,0,0,9,53,66
345981.0,0,0,9,51,68
346018.0,0,0,9,53,66
346019.0,0,0,9,53,66
346028.0,0,0,9,53,66
346030.0,0,0,9,53,66
346030.0,0,0,10,52,66
346048.0,0,0,10,52,66
346048.0,0,0,42,20,66
346107.0,0,0,42,52,34
346147.0,0,0,42,52,34
346147.0,0,0,42,50,36
346155.0,0,0,42,50,36
346155.0,0,0,46,46,36
346164.0,0,0,46,48,34
346191.0,0,0,46,48,34
346191.0,0,0,46,46,36
346211.0,0,0,46,48,34
346263.0,0,0,46,48,34
346263.0,0,0,46,46,36
346286.0,0,0,46,48,34
346329.0,0,0,46,48,34
346329.0,0,0,46,46,36
346337.0,0,0,46,46,36
346337.0,0,0,46,14,68
346387.0,0,0,46,14,68
346407.0,0,0,46,14,68
346430.0,0,0,46,16,66
346447.0,0,0,46,16,66
346447.0,0,0,46,14,68
346451.0,0,0,46,46,36
346453.0,0,0,46,46,36
346453.0,0,0,46,45,37
346472.0,0,0,46,46,36
346494.0,0,0,46,46,36
346550.0,0,0,46,48,34
346611.0,0,0,46,48,34
346611.0,0,0,46,46,36
346641.0,0,0,46,46,36
346641.0,0,0,46,14,68
346717.0,0,0,46,16,66
346746.0,0,0,46,48,34
346753.0,0,0,46,48,34
346753.0,0,0,46,46,36
346858.0,0,0,46,46,36
346858.0,0,0,46,14,68
346863.0,0,0,46,16,66
346955.0,0,0,46,48,34
346957.0,0,0,46,48,34
346957.0,0,0,46,47,35
346977.0,0,0,46,48,34
346984.0,0,0,46,48,34
346984.0,0,0,46,46,36
347007.0,0,0,46,46,36
347081.0,0,0,46,48,34
347096.0,2,0,44,48,34
347226.0,2,0,44,48,34
347226.0,2,0,44,46,36
347329.0,2,0,44,48,34
347351.0,2,0,44,48,34
347396.0,2,0,44,80,2
347409.0,2,0,44,80,2
347409.0,2,0,44,48,34
347480.0,2,0,44,48,34
347480.0,2,0,44,16,66
347541.0,2,0,44,16,66
347541.0,2,0,44,15,67
347569.0,5,0,41,15,67
347575.0,5,0,41,16,66
347578.0,7,0,39,16,66
347604.0,7,0,39,48,34
347608.0,8,0,38,48,34
347610.0,8,0,38,48,34
347610.0,8,0,38,16,66
347618.0,9,0,37,16,66
347646.0,9,0,37,16,66
347759.0,9,0,37,16,66
347830.0,10,0,36,16,66
347848.0,42,0,4,16,66
347848.0,10,32,4,8,74
347855.0,10,32,4,8,74
347897.0,10,32,4,8,74
347897.0,10,32,4,7,75
347928.0,10,32,4,8,74
347931.0,10,32,4,10,72
347941.0,10,32,4,10,72
347941.0,10,32,4,6,76
347955.0,14,32,0,6,76
347973.0,14,32,0,10,72
347995.0,14,32,0,18,64
348094.0,14,32,0,50,32
348098.0,14,32,0,50,32
348098.0,14,32,0,49,33
348118.0,14,32,0,50,32
348296.0,14,32,0,50,32
348504.0,14,32,0,50,32
348504.0,14,32,2,48,32
348828.0,14,32,2,48,32
348828.0,14,32,3,47,32
348831.0,14,32,3,47,32
348831.0,14,32,5,45,32
348850.0,14,32,5,45,32
348850.0,14,32,5,41,36
348871.0,14,32,5,41,36
348871.0,14,32,5,39,38
348873.0,14,32,5,39,38
348895.0,14,32,5,39,38
348895.0,14,32,11,33,38
348994.0,14,32,11,33,38
348994.0,14,32,43,1,38
349014.0,14,32,43,5,34
349018.0,14,32,43,5,34
349018.0,14,32,44,4,34
349203.0,14,32,44,4,34
349309.0,14,32,44,4,34
349530.0,14,32,44,4,34
349530.0,13,33,44,4,34
349632.0,13,33,44,4,34
349632.0,12,34,44,4,34
349914.0,12,34,44,4,34
349914.0,12,34,48,0,34
350129.0,12,34,48,0,34
350243.0,12,34,48,0,34
350304.0,14,34,46,0,34
350541.0,14,34,46,0,34
350548.0,14,2,46,32,34
350548.0,14,2,46,0,66
350579.0,14,2,46,0,66
350585.0,14,2,46,0,66
350628.0,15,2,45,0,66
350631.0,17,2,43,0,66
350695.0,23,2,37,0,66
350777.0,23,2,37,32,34
350777.0,23,2,37,0,66
350794.0,55,2,5,0,66
350794.0,23,34,5,0,66
350818.0,24,34,4,0,66
350880.0,24,34,4,32,34
350880.0,5,53,4,0,66
350992.0,5,53,4,32,34
351171.0,5,53,4,32,34
351171.0,5,53,4,31,35
351196.0,5,53,4,32,34
351197.0,5,53,4,34,32
351198.0,5,53,4,34,32
351198.0,5,53,4,30,36
351222.0,5,53,4,30,36
351222.0,5,53,4,28,38
351367.0,5,53,4,32,34
351386.0,5,53,4,32,34
351386.0,5,53,4,31,35
351396.0,5,53,4,31,35
351396.0,5,53,4,15,51
351427.0,5,53,4,16,50
351455.0,5,53,4,32,34
351592.0,5,53,4,32,34
351592.0,5,53,4,31,35
351614.0,5,53,4,32,34
351616.0,5,53,4,34,32
351617.0,5,53,4,34,32
351617.0,5,53,4,30,36
351640.0,5,53,4,30,36
351640.0,5,53,4,28,38
351714.0,9,53,0,28,38
351790.0,9,53,0,32,34
351854.0,9,53,0,34,32
351856.0,9,53,0,34,32
351856.0,9,53,0,30,36
351882.0,9,53,0,30,36
351882.0,9,53,0,28,38
351892.0,9,53,0,28,38
351919.0,9,53,0,28,38
351919.0,0,62,0,28,38
351971.0,0,62,0,28,38
351971.0,0,62,0,27,39
352005.0,0,62,0,28,38
352035.0,0,62,0,28,38
352035.0,0,62,0,27,39
352068.0,0,62,0,28,38
352084.0,0,62,0,32,34
352114.0,0,62,0,32,34
352114.0,0,62,0,31,35
352115.0,0,62,0,31,35
352115.0,0,62,0,30,36
352156.0,0,62,0,31,35
352182.0,0,62,0,32,34
352230.0,0,61,0,33,34
352230.0,0,61,0,32,35
352248.0,0,61,0,33,34
352261.0,0,61,0,33,34
352261.0,0,61,0,32,35
352267.0,0,61,0,32,35
352283.0,0,61,0,33,34
352285.0,0,61,0,35,32
352286.0,0,61,0,35,32
352286.0,0,61,0,31,36
352307.0,0,61,0,31,36
352307.0,0,61,0,29,38
352322.0,0,61,0,29,38
352322.0,0,61,0,28,39
352332.0,0,60,0,29,39
352332.0,0,60,0,28,40
352349.0,0,60,0,29,39
352432.0,0,60,0,30,38
352448.0,0,60,0,34,34
352471.0,0,60,0,34,34
352471.0,0,60,0,33,35
352502.0,0,60,0,34,34
352505.0,0,60,0,34,34
352505.0,0,60,0,33,35
352506.0,0,60,0,33,35
352506.0,0,60,0,32,36
352515.0,0,60,0,33,35
352525.0,0,60,0,33,35
352525.0,0,60,0,32,36
352526.0,0,60,0,33,35
352533.0,0,60,0,34,34
352614.0,0,60,0,34,34
352690.0,0,60,0,34,34
352754.0,0,60,0,34,34
352905.0,0,60,0,34,34
352943.0,0,60,0,34,34
352984.0,0,60,0,34,34
353052.0,0,60,0,66,2
353052.0,0,60,0,33,35
353056.0,0,60,0,33,35
353062.0,0,60,0,34,34
353082.0,0,60,0,34,34
353148.0,0,60,0,34,34
353148.0,0,60,0,33,35
353151.0,0,60,0,34,34
353180.0,0,60,0,34,34
353183.0,0,60,0,34,34
353185.0,0,60,0,34,34
353462.0,0,60,0,34,34
353494.0,0,28,0,66,34
353494.0,0,28,0,34,66
353519.0,0,28,0,34,66
353572.0,0,28,0,66,34
353572.0,0,28,0,32,68
353580.0,0,9,0,51,68
353580.0,0,9,0,32,87
353582.0,0,9,0,33,86
353583.0,0,9,0,34,85
353585.0,0,9,0,35,84
353593.0,0,9,0,67,52
353599.0,0,9,0,68,51
353603.0,0,9,0,69,50
353821.0,0,9,0,69,50
353821.0,0,9,0,37,82
353952.0,0,9,0,37,82
353956.0,0,9,0,53,66
354042.0,0,9,0,53,66
354042.0,0,9,0,37,82
354437.0,0,9,0,37,82
354437.0,0,9,0,36,83
354472.0,0,9,0,36,83
354493.0,0,9,0,36,83
354523.0,0,9,0,68,51
354532.0,0,9,0,68,51
354532.0,0,9,0,52,67
354536.0,0,9,0,52,67
354536.0,0,9,0,48,71
354585.0,0,9,0,49,70
354599.0,0,9,0,65,54
354601.0,0,9,0,65,54
354601.0,0,9,0,64,55
354604.0,0,9,0,68,51
354619.0,0,0,0,77,51
354619.0,0,0,0,45,83
354623.0,0,0,0,61,67
354728.0,0,0,0,62,66
354776.0,0,0,0,62,66
354776.0,0,0,0,61,67
354827.0,0,0,0,61,67
354827.0,0,0,0,45,83
354838.0,0,0,0,45,83
354838.0,0,0,0,29,99
354856.0,0,0,0,29,99
354920.0,0,0,0,45,83
354930.0,0,0,0,45,83
354956.0,0,0,0,61,67
354957.0,0,0,0,61,67
354965.0,0,0,0,62,66
354973.0,0,0,0,62,66
355201.0,0,0,0,94,34
355201.0,0,0,0,14,114
355202.0,0,0,0,14,114
355211.0,0,0,0,14,114
355289.0,0,0,0,46,82
355289.0,0,0,0,30,98
355396.0,0,0,0,46,82
355396.0,0,0,0,14,114
355423.0,0,0,0,14,114
355499.0,0,0,0,14,114
355501.0,0,0,0,30,98
355501.0,0,0,0,14,114
355725.0,0,0,0,30,98
356101.0,0,0,0,30,98
356189.0,0,0,0,30,98
356296.0,0,0,0,30,98
356391.0,0,0,0,30,98
356401.0,0,0,0,30,98
356401.0,0,0,14,16,98
356576.0,0,0,14,48,66
356576.0,0,0,14,16,98
356595.0,0,0,14,16,98
356595.0,0,0,14,15,99
356604.0,0,0,14,16,98
356606.0,0,0,14,16,98
356625.0,0,0,14,16,98
356856.0,0,0,14,80,34
356856.0,0,0,14,16,98
357016.0,0,0,14,48,66
357030.0,0,0,14,112,2
357155.0,0,0,14,112,2
357155.0,0,0,14,80,34
357280.0,0,0,14,80,34
357280.0,0,0,14,79,35
357318.0,0,0,14,80,34
357349.0,0,0,14,80,34
357349.0,0,0,14,76,38
357381.0,0,0,14,80,34
357476.0,0,0,14,80,34
357542.0,0,0,14,80,34
357542.0,0,0,14,72,42
357597.0,0,0,14,80,34
357625.0,0,0,14,80,34
357625.0,0,0,14,16,98
357724.0,0,0,14,80,34
357754.0,0,0,14,112,2
357756.0,0,0,14,112,2
357916.0,0,0,14,112,2
357930.0,0,0,14,112,2
357930.0,0,0,17,109,2
357980.0,0,0,17,109,2
357980.0,0,0,17,45,66
358105.0,0,0,17,45,66
358105.0,0,0,17,13,98
358155.0,0,0,17,77,34
358200.0,0,0,17,77,34
358200.0,0,0,17,73,38
358201.0,14,0,3,73,38
358218.0,14,0,3,73,38
358236.0,14,0,3,73,38
358236.0,14,0,3,9,102
358442.0,14,0,3,73,38
358455.0,14,0,3,73,38
358455.0,14,0,3,9,102
358466.0,14,0,3,13,98
358578.0,14,0,3,13,98
358578.0,14,0,3,9,102
358599.0,14,0,3,13,98
358624.0,14,0,3,13,98
358636.0,14,0,3,77,34
358647.0,14,0,3,77,34
358647.0,14,0,3,13,98
358654.0,14,0,3,13,98
358779.0,14,0,3,13,98
358779.0,14,0,3,9,102
358810.0,14,0,3,13,98
358849.0,14,0,3,77,34
358957.0,14,0,3,77,34
358957.0,14,0,3,73,38
359055.0,14,0,3,73,38
359099.0,14,0,3,77,34
359307.0,14,0,3,109,2
359316.0,14,0,3,109,2
359316.0,14,0,3,77,34
359342.0,14,0,3,77,34
359536.0,14,0,3,77,34
359715.0,14,0,3,77,34
359715.0,14,0,3,73,38
359730.0,17,0,0,73,38
359749.0,17,0,0,73,38
359749.0,17,0,37,36,38
359784.0,17,0,37,40,34
359999.0,17,0,37,40,34
359999.0,17,0,41,36,34
360207.0,17,0,41,36,34
360207.0,17,0,73,4,34
360684.0,17,0,73,4,34
360684.0,17,0,77,0,34
361185.0,17,0,77,0,34
361392.0,17,0,77,0,34
361549.0,54,0,40,0,34
361799.0,58,0,36,0,34
362007.0,90,0,4,0,34
362007.0,26,64,4,0,34
362044.0,26,64,4,0,34
362484.0,30,64,0,0,34
363212.0,30,64,0,0,34
363229.0,30,64,0,0,34
363234.0,30,64,0,0,34
363603.0,30,64,0,0,34
364073.0,30,64,0,0,34
364394.0,30,64,0,0,34
364413.0,30,64,0,0,34
364707.0,30,0,0,64,34
364707.0,30,0,0,0,98
364808.0,30,0,0,0,98
364899.0,30,0,0,64,34
364899.0,30,0,0,0,98
365054.0,30,0,0,0,98
365098.0,30,0,0,64,34
365098.0,27,3,0,0,98
365261.0,27,3,0,0,98
365784.0,27,3,0,0,98
365883.0,27,3,0,0,98
366264.0,27,3,0,64,34
366264.0,0,30,0,22,76
366293.0,0,30,0,23,75
366399.0,0,30,0,31,67
366429.0,0,30,0,32,66
366707.0,0,30,0,32,66
366912.0,0,30,0,32,66
366914.0,0,30,0,32,66
367164.0,0,30,0,32,66
367164.0,0,30,17,15,66
367164.0,0,30,17,13,68
367193.0,0,30,17,13,68
367273.0,0,30,17,14,67
367292.0,0,30,17,15,66
367299.0,0,30,17,15,66
367299.0,0,30,24,8,66
367329.0,0,30,24,8,66
367329.0,0,30,25,7,66
367383.0,0,30,25,39,34
367383.0,0,30,25,7,66
367466.0,0,30,25,7,66
367542.0,0,30,25,39,34
367542.0,0,30,25,7,66
367676.0,0,30,25,7,66
367676.0,0,30,25,6,67
367723.0,0,30,25,38,35
367723.0,0,30,25,6,67
367731.0,0,30,25,6,67
367798.0,0,27,25,9,67
367798.0,0,27,25,6,70
367801.0,0,27,25,7,69
367808.0,0,27,25,8,68
367812.0,0,27,25,9,67
367834.0,0,27,25,10,66
367915.0,0,27,25,10,66
367915.0,0,27,25,9,67
367934.0,0,27,25,10,66
367947.0,0,27,25,10,66
367947.0,0,27,25,9,67
368040.0,0,27,25,10,66
368112.0,0,27,25,42,34
368112.0,0,27,25,10,66
368173.0,0,27,25,10,66
368283.0,0,27,25,10,66
368368.0,0,27,25,42,34
368368.0,0,27,25,10,66
368381.0,0,27,25,10,66
368381.0,0,27,25,9,67
368442.0,0,27,25,9,67
368484.0,0,27,25,10,66
368508.0,0,27,25,10,66
368508.0,0,27,25,9,67
368510.0,0,27,25,9,67
368510.0,0,27,25,8,68
368519.0,0,27,25,9,67
368529.0,0,27,25,10,66
368570.0,0,27,25,42,34
368570.0,0,27,25,10,66
368593.0,0,27,25,10,66
368623.0,0,27,25,10,66
368630.0,0,27,25,10,66
368630.0,0,27,25,9,67
368641.0,0,27,25,9,67
368701.0,0,27,25,9,67
368707.0,0,27,25,9,67
368708.0,0,27,25,9,67
368773.0,0,27,25,41,35
368773.0,0,27,25,9,67
368779.0,0,27,25,10,66
368858.0,0,27,25,10,66
368858.0,0,27,25,9,67
368955.0,0,27,25,41,35
368955.0,0,27,25,9,67
368964.0,17,0,8,36,67
368964.0,17,0,8,4,99
368968.0,17,0,8,5,98
369012.0,17,0,8,5,98
369099.0,24,0,1,5,98
369114.0,24,0,1,37,66
369114.0,24,0,1,5,98
369129.0,25,0,0,5,98
369268.0,25,0,0,5,98
369288.0,25,0,0,37,66
369288.0,17,8,0,5,98
369442.0,17,8,0,37,66
369470.0,17,8,0,37,66
369673.0,17,8,0,37,66
369855.0,17,8,0,37,66
369919.0,17,8,0,37,66
369919.0,17,8,0,33,70
369997.0,17,8,0,37,66
370014.0,17,8,0,37,66
370056.0,17,8,0,37,66
370056.0,17,8,0,36,67
370081.0,17,8,0,36,67
370081.0,17,8,0,32,71
370157.0,17,8,0,36,67
370188.0,17,8,0,36,67
370308.0,17,8,0,37,66
370336.0,17,8,0,37,66
370336.0,17,8,0,36,67
370342.0,17,8,0,36,67
370342.0,17,8,27,9,67
370397.0,17,8,27,9,67
370397.0,17,8,27,1,75
370428.0,17,8,27,1,75
370428.0,17,8,27,0,76
370449.0,17,8,27,1,75
370463.0,17,8,27,9,67
370475.0,17,8,27,10,66
370897.0,17,8,27,10,66
370918.0,17,8,27,10,66
370918.0,17,8,27,9,67
371044.0,17,8,27,10,66
371143.0,17,8,27,10,66
371143.0,1,24,27,10,66
371172.0,1,24,27,10,66
371208.0,1,24,27,10,66
371349.0,1,24,27,10,66
371363.0,1,24,27,10,66
371363.0,1,24,35,2,66
371375.0,1,24,35,2,66
371375.0,1,24,36,1,66
371399.0,1,24,36,1,66
371547.0,1,24,36,1,66
371654.0,1,24,36,1,66
371725.0,1,24,36,1,66
371725.0,0,25,36,1,66
371829.0,0,25,36,1,66
371918.0,0,25,36,1,66
371944.0,0,25,36,1,66
371944.0,0,25,37,0,66
371988.0,0,17,37,8,66
371988.0,0,17,37,0,74
372010.0,0,17,37,0,74
372081.0,0,17,37,8,66
372081.0,0,17,37,0,74
372139.0,0,17,37,8,66
372139.0,0,17,37,0,74
372142.0,27,17,10,0,74
372142.0,11,33,10,0,74
372209.0,11,33,10,4,70
372217.0,11,33,10,8,66
372217.0,0,44,10,8,66
372284.0,0,44,10,8,66
372346.0,0,44,10,8,66
372373.0,0,44,10,8,66
372623.0,0,44,10,8,66
372868.0,0,44,10,8,66
373109.0,0,44,10,8,66
373117.0,0,44,10,8,66
373117.0,0,44,13,5,66
373163.0,8,44,5,5,66
373163.0,0,52,5,5,66
373175.0,1,52,4,5,66
373265.0,1,52,4,5,66
373354.0,1,52,4,5,66
373470.0,1,52,4,5,66
373539.0,1,52,4,5,66
373607.0,1,52,4,37,34
373607.0,1,52,4,13,58
373664.0,1,52,4,21,50
373664.0,0,53,4,5,66
373703.0,0,53,4,21,50
373703.0,0,53,4,6,65
373728.0,0,53,4,22,49
373728.0,0,53,4,5,66
373744.0,1,53,3,5,66
373765.0,1,53,3,13,58
373772.0,1,53,3,17,54
373788.0,1,53,3,33,38
373800.0,1,53,3,33,38
373800.0,1,53,3,32,39
373817.0,1,53,3,34,37
373824.0,1,53,3,35,36
373839.0,1,53,3,36,35
373843.0,1,37,3,52,35
373843.0,1,37,3,36,51
373859.0,1,37,3,52,35
373916.0,1,37,3,53,34
373928.0,1,37,3,53,34
373928.0,1,37,3,52,35
374057.0,1,37,3,53,34
374356.0,1,37,3,53,34
374356.0,1,37,3,21,66
374394.0,1,37,3,21,66
374394.0,1,37,3,20,67
374425.0,1,36,3,21,67
374425.0,1,36,3,20,68
374507.0,1,36,3,20,68
374549.0,1,36,3,21,67
374568.0,1,36,3,22,66
374603.0,1,36,3,22,66
374665.0,1,36,3,22,66
374667.0,1,36,3,22,66
374667.0,1,36,3,21,67
374759.0,1,36,3,21,67
374759.0,1,36,15,9,67
374776.0,1,36,15,10,66
374816.0,1,36,15,10,66
374816.0,1,36,16,9,66
374842.0,1,20,16,25,66
374842.0,1,20,16,9,82
374854.0,1,20,16,41,50
374917.0,4,9,13,52,50
374917.0,4,9,13,36,66
374937.0,4,9,13,36,66
374937.0,4,9,13,4,98
374948.0,4,9,13,20,82
374957.0,4,9,13,20,82
374961.0,4,9,13,20,82
374961.0,4,9,13,19,83
375046.0,4,9,13,35,67
375129.0,4,9,13,36,66
375141.0,4,9,13,36,66
375141.0,4,9,13,28,74
375235.0,4,9,13,60,42
375246.0,4,9,13,60,42
375246.0,4,9,13,59,43
375400.0,4,9,13,60,42
375536.0,4,9,13,60,42
375536.0,4,9,13,59,43
375664.0,4,9,13,60,42
375754.0,4,9,13,60,42
375815.0,4,9,13,60,42
375815.0,4,9,13,59,43
375848.0,4,9,13,59,43
375848.0,4,9,21,51,43
375863.0,4,1,21,59,43
375863.0,4,1,21,51,51
375929.0,4,1,21,52,50
375930.0,4,1,21,60,42
375946.0,4,1,21,60,42
375946.0,4,1,37,44,42
376029.0,4,1,37,44,42
376029.0,4,1,38,43,42
376032.0,4,1,38,43,42
376032.0,4,1,38,42,43
376135.0,4,1,38,42,43
376135.0,4,1,69,11,43
376159.0,4,1,69,12,42
376204.0,4,1,69,44,10
376206.0,4,1,69,44,10
376206.0,4,1,69,43,11
376219.0,4,1,69,44,10
376226.0,4,1,69,44,10
376226.0,4,1,69,43,11
376300.0,4,1,69,43,11
376352.0,4,1,69,44,10
376364.0,4,0,69,45,10
376364.0,4,0,69,44,11
376508.0,4,0,69,45,10
376559.0,16,0,57,45,10
376564.0,16,0,57,45,10
376616.0,17,0,56,45,10
376829.0,17,0,56,45,10
376829.0,17,0,57,44,10
376830.0,17,0,57,44,10
376830.0,17,0,65,36,10
377059.0,17,0,65,36,10
377059.0,17,0,66,35,10
377104.0,17,0,66,35,10
377104.0,17,0,98,3,10
377119.0,17,0,98,3,10
377119.0,17,0,99,2,10
377252.0,17,0,99,2,10
377252.0,17,0,100,1,10
377331.0,17,0,100,1,10
377360.0,17,0,100,1,10
377371.0,17,0,100,1,10
377371.0,15,2,100,1,10
377408.0,15,2,100,1,10
377408.0,15,2,101,0,10
377515.0,15,2,101,2,8
377520.0,15,2,101,10,0
377527.0,15,2,101,10,0
377648.0,23,2,93,10,0
377746.0,39,2,77,10,0
377829.0,40,2,76,10,0
377935.0,71,2,45,10,0
377935.0,7,66,45,10,0
378415.0,7,66,45,10,0
378415.0,7,66,47,8,0
378420.0,7,66,47,8,0
378420.0,7,66,55,0,0
378629.0,8,66,54,0,0
378630.0,16,66,46,0,0
378859.0,17,66,45,0,0
378904.0,49,66,13,0,0
378919.0,50,66,12,0,0
379052.0,51,66,11,0,0
379208.0,52,66,10,0,0
380071.0,52,64,10,2,0
380071.0,52,64,10,0,2
380078.0,52,64,10,1,1
380080.0,52,64,10,2,0
380215.0,54,64,8,2,0
380220.0,62,64,0,2,0
380220.0,0,126,0,2,0
380635.0,0,62,0,66,0
380635.0,0,62,0,2,64
380978.0,0,62,0,2,64
382920.0,0,0,0,64,64
382920.0,0,0,0,0,128
384404.0,0,0,0,0,128
384513.0,0,0,0,0,128
384718.0,0,0,0,0,128
387213.0,0,0,0,64,64
387213.0,0,0,0,0,128
387369.0,0,0,0,64,64
388269.0,0,0,0,64,64
388269.0,0,0,64,0,64
389788.0,0,0,64,64,0
390069.0,64,0,0,64,0
390069.0,0,64,0,64,0
390688.0,0,64,0,64,0
392769.0,0,0,0,128,0
392769.0,0,0,0,0,128
392874.0,0,0,0,128,0
392874.0,0,0,0,64,64
393774.0,0,0,0,64,64
393774.0,0,0,64,0,64
395445.0,0,0,64,0,64
395538.0,0,0,64,0,64
395574.0,64,0,0,0,64
403798.0,64,0,0,64,0
403798.0,0,64,0,64,0
406498.0,0,0,0,128,0
406498.0,0,0,0,0,128
406587.0,0,0,0,128,0
406587.0,0,0,0,0,128
410112.0,0,0,0,0,128
410206.0,0,0,0,0,128
410270.0,0,0,0,0,128
410291.0,0,0,0,0,128
410351.0,0,0,0,0,128
410955.0,0,0,0,0,128
410980.0,0,0,0,0,128
411010.0,0,0,0,0,128
411052.0,0,0,0,0,128
411101.0,0,0,0,0,128
411123.0,0,0,0,0,128
411141.0,0,0,0,0,128
411438.0,0,0,0,0,128
411996.0,0,0,0,0,128
412106.0,0,0,0,0,128
413270.0,0,0,0,0,128
413329.0,0,0,0,0,128
413414.0,0,0,0,0,128
413422.0,0,0,0,0,128
413661.0,0,0,0,0,128
413938.0,0,0,0,0,128
414103.0,0,0,0,0,128
414126.0,0,0,0,0,128
414516.0,0,0,0,0,128
414544.0,0,0,0,0,128
414711.0,0,0,0,0,128
414857.0,0,0,0,0,128
415528.0,0,0,0,0,128
415552.0,0,0,0,0,128
415811.0,0,0,0,0,128
416101.0,0,0,0,0,128
416120.0,0,0,0,0,128
416888.0,0,0,0,0,128
416907.0,0,0,0,0,128
417273.0,0,0,0,0,128
417303.0,0,0,0,0,128
417511.0,0,0,0,128,0
417511.0,0,0,0,2,126
417514.0,0,0,0,3,125
417525.0,0,0,0,4,124
417527.0,0,0,0,5,123
417528.0,0,0,0,10,118
417528.0,0,0,0,2,126
417529.0,0,0,0,4,124
417533.0,0,0,0,8,120
417533.0,0,0,0,0,128
417541.0,0,0,0,2,126
417546.0,0,0,0,4,124
417548.0,0,0,0,12,116
417548.0,0,0,0,4,124
417565.0,0,0,0,6,122
417567.0,0,0,0,22,106
417567.0,0,0,0,6,122
417582.0,0,0,0,8,120
417582.0,0,0,0,0,128
417594.0,0,0,0,8,120
417594.0,0,0,0,0,128
417598.0,0,0,0,8,120
417598.0,0,0,0,0,128
417602.0,0,0,0,0,128
417615.0,0,0,0,16,112
417615.0,0,0,0,15,113
417619.0,0,0,0,31,97
417622.0,0,0,0,39,89
417622.0,0,0,0,7,121
417627.0,0,0,0,23,105
417636.0,0,0,0,24,104
417650.0,0,0,0,24,104
417650.0,0,0,0,23,105
417651.0,0,0,0,31,97
417667.0,0,0,0,39,89
417667.0,0,0,0,7,121
417668.0,0,0,0,23,105
417680.0,0,0,0,31,97
417687.0,0,0,0,32,96
417687.0,0,0,0,0,128
417697.0,0,0,0,0,128
417714.0,0,0,0,32,96
417714.0,0,0,0,31,97
417740.0,0,0,0,31,97
417753.0,0,0,0,32,96
417754.0,0,0,0,64,64
417763.0,0,0,0,64,64
417769.0,0,0,0,64,64
417772.0,0,0,0,64,64
417783.0,0,0,0,96,32
417793.0,0,0,0,128,0
417793.0,0,0,0,0,128
417821.0,0,0,0,128,0
417821.0,0,0,0,0,128
417847.0,0,0,0,0,128
417886.0,0,0,0,0,128
417908.0,0,0,0,0,128
417927.0,0,0,0,0,128
417971.0,0,0,0,0,128
418273.0,0,0,0,128,0
418273.0,0,0,0,0,128
418359.0,0,0,0,32,96
418359.0,0,0,0,0,128
418362.0,0,0,0,32,96
418362.0,0,0,0,13,115
418378.0,0,0,0,17,111
418398.0,0,0,0,18,110
418411.0,0,0,0,18,110
418414.0,0,0,0,18,110
418441.0,0,0,0,18,110
418442.0,0,0,0,20,108
418446.0,0,0,0,20,108
418466.0,0,0,0,24,104
418469.0,0,0,0,56,72
418469.0,0,0,0,52,76
418515.0,0,0,0,52,76
418519.0,0,0,0,52,76
418521.0,0,0,0,60,68
418530.0,0,0,0,64,64
418547.0,0,0,0,128,0
418547.0,0,0,0,0,128
418551.0,0,0,0,0,128
418559.0,0,0,0,0,128
418614.0,0,0,0,0,128
418625.0,0,0,0,128,0
418625.0,0,0,0,0,128
418711.0,0,0,0,128,0
418711.0,0,0,0,26,102
418772.0,0,0,0,58,70
418850.0,0,0,0,90,38
418909.0,0,0,0,122,6
419068.0,0,0,0,122,6
419068.0,0,0,0,121,7
419102.0,0,0,0,122,6
419111.0,0,0,0,122,6
419111.0,0,0,0,118,10
419132.0,0,0,0,118,10
419132.0,0,0,0,116,12
419226.0,0,0,0,120,8
419227.0,0,0,0,122,6
419228.0,0,0,0,122,6
419228.0,0,0,0,118,10
419233.0,0,0,0,122,6
419262.0,0,0,0,122,6
419272.0,0,0,0,122,6
419272.0,0,0,0,121,7
419291.0,0,0,0,122,6
419326.0,0,0,0,122,6
419326.0,0,0,0,118,10
419348.0,0,0,0,118,10
419348.0,0,0,0,116,12
419429.0,0,0,0,116,12
419429.0,0,0,0,84,44
419464.0,0,0,0,116,12
419528.0,0,0,0,116,12
419528.0,0,0,0,115,13
419537.0,0,0,0,116,12
419542.0,0,0,0,118,10
419561.0,0,0,0,122,6
419587.0,0,0,0,122,6
419587.0,0,0,0,121,7
419597.0,0,0,0,122,6
419611.0,0,0,0,122,6
419651.0,0,0,0,122,6
419651.0,0,0,0,58,70
419672.0,0,0,0,58,70
419673.0,0,0,0,58,70
419673.0,0,0,0,26,102
419735.0,0,0,0,58,70
419809.0,0,0,0,58,70
419827.0,0,0,0,58,70
419827.0,0,0,0,26,102
419875.0,0,0,0,90,38
419879.0,0,0,0,90,38
419879.0,0,0,0,89,39
419904.0,0,0,0,90,38
419985.0,0,0,0,90,38
419985.0,0,0,0,89,39
419995.0,0,0,0,90,38
419999.0,0,0,0,90,38
419999.0,0,0,0,89,39
420010.0,0,0,0,90,38
420061.0,0,0,0,90,38
420061.0,0,0,0,26,102
420085.0,0,0,0,58,70
420162.0,0,0,0,62,66
420165.0,0,0,0,64,64
420235.0,0,0,0,64,64
420235.0,0,0,0,32,96
420304.0,0,0,0,96,32
420309.0,0,0,0,96,32
420309.0,0,0,0,95,33
420330.0,0,0,0,96,32
420358.0,0,0,0,96,32
420358.0,0,0,0,64,64
420364.0,0,0,0,64,64
420395.0,0,0,0,64,64
420395.0,0,0,0,56,72
420551.0,0,0,0,88,40
420553.0,0,0,0,96,32
420572.0,0,0,0,96,32
420572.0,0,0,0,95,33
420587.0,0,0,0,96,32
420635.0,0,0,0,96,32
420667.0,0,0,0,96,32
420667.0,0,0,0,32,96
420767.0,0,0,0,32,96
420767.0,0,0,0,28,100
420775.0,0,0,0,28,100
420792.0,0,0,0,28,100
420792.0,0,0,0,26,102
420878.0,0,0,0,90,38
420884.0,0,0,0,90,38
420884.0,0,0,0,89,39
420896.0,0,0,0,89,39
420896.0,0,0,0,25,103
420914.0,0,0,0,26,102
420952.0,0,0,0,26,102
420952.0,0,0,0,25,103
420962.0,0,0,0,26,102
420985.0,0,0,0,26,102
421010.0,0,0,0,90,38
421016.0,0,0,0,90,38
421016.0,0,0,0,26,102
421204.0,0,0,0,26,102
421222.0,0,0,0,90,38
421224.0,0,0,0,90,38
421224.0,0,0,0,89,39
421225.0,0,0,0,89,39
421225.0,0,0,0,88,40
421235.0,0,0,0,89,39
421247.0,0,0,0,90,38
421275.0,0,0,0,90,38
421275.0,0,0,0,26,102
421298.0,0,0,0,26,102
421298.0,0,0,0,25,103
421319.0,0,0,0,89,39
421327.0,0,0,0,90,38
421350.0,0,0,0,90,38
421350.0,0,0,0,26,102
421451.0,0,0,0,26,102
421453.0,0,0,0,90,38
421480.0,0,0,0,90,38
421480.0,0,0,0,26,102
421505.0,0,0,0,26,102
421505.0,0,0,0,25,103
421519.0,0,0,0,26,102
421588.0,0,0,0,90,38
421604.0,0,0,0,94,34
421605.0,0,0,0,96,32
421621.0,0,0,0,96,32
421621.0,0,0,0,64,64
421773.0,0,0,0,96,32
421776.0,0,0,0,96,32
421776.0,0,0,0,95,33
421778.0,0,0,0,95,33
421801.0,0,0,0,95,33
421801.0,0,0,0,31,97
421824.0,0,0,0,31,97
421824.0,0,0,0,30,98
421847.0,0,0,0,94,34
421853.0,0,0,0,95,33
421876.0,0,0,0,95,33
421876.0,0,0,0,31,97
421910.0,0,0,0,31,97
421914.0,0,0,0,95,33
421937.0,0,0,0,95,33
421937.0,0,0,0,31,97
422013.0,0,0,0,31,97
422013.0,0,0,0,30,98
422032.0,0,0,0,31,97
422044.0,0,0,0,95,33
422069.0,0,0,0,95,33
422069.0,0,0,0,31,97
422122.0,0,0,0,31,97
422175.0,0,0,0,95,33
422203.0,0,0,0,95,33
422203.0,0,0,0,31,97
422219.0,0,0,0,31,97
422239.0,0,0,0,63,65
422250.0,0,0,0,63,65
422250.0,0,0,0,31,97
422273.0,0,0,0,95,33
422353.0,0,0,0,95,33
422362.0,0,0,0,95,33
422362.0,0,0,0,31,97
422407.0,0,0,0,32,96
422430.0,0,0,0,64,64
422444.0,0,0,0,64,64
422444.0,0,0,0,63,65
422488.0,0,0,0,63,65
422489.0,0,0,0,127,1
422491.0,0,0,0,127,1
422491.0,0,0,0,63,65
422505.0,0,0,0,64,64
422525.0,0,0,0,64,64
422525.0,0,0,0,63,65
422673.0,0,0,0,63,65
422742.0,0,0,0,127,1
422745.0,0,0,0,127,1
422745.0,0,0,0,126,2
422747.0,0,0,0,126,2
422769.0,0,0,0,127,1
422800.0,0,0,0,127,1
422800.0,0,0,0,63,65
422814.0,0,0,0,63,65
422880.0,0,0,0,64,64
422893.0,0,0,0,64,64
422893.0,0,0,0,0,128
422944.0,0,0,0,0,128
422952.0,0,0,0,64,64
422966.0,0,0,0,64,64
422966.0,0,0,0,0,128
423018.0,0,0,0,64,64
423036.0,0,0,0,64,64
423036.0,0,0,0,0,128
423075.0,0,0,0,0,128
423082.0,0,0,0,64,64
423096.0,0,0,0,64,64
423096.0,0,0,0,0,128
423132.0,0,0,0,64,64
423139.0,0,0,0,64,64
423146.0,0,0,0,64,64
423146.0,0,0,0,0,128
423173.0,0,0,0,0,128
423179.0,0,0,0,64,64
423190.0,0,0,0,64,64
423190.0,0,0,0,0,128
423221.0,0,0,0,64,64
423228.0,0,0,0,128,0
423232.0,0,0,0,128,0
423232.0,0,0,0,127,1
423243.0,0,0,0,128,0
423244.0,0,0,0,128,0
423244.0,0,0,0,64,64
423245.0,0,0,0,64,64
423245.0,0,0,0,63,65
423274.0,0,0,0,64,64
423278.0,0,0,0,128,0
423280.0,0,0,0,128,0
423280.0,0,0,0,124,4
423295.0,0,0,0,124,4
423295.0,0,0,0,60,68
423302.0,0,0,0,60,68
423302.0,0,0,0,58,70
423333.0,0,0,0,122,6
423350.0,0,0,0,122,6
423350.0,0,0,0,58,70
423374.0,0,0,0,58,70
423374.0,0,0,0,57,71
423389.0,0,0,0,57,71
423396.0,0,0,0,121,7
423400.0,0,0,0,122,6
423409.0,0,0,0,122,6
423409.0,0,0,0,58,70
423450.0,0,0,0,122,6
423457.0,0,0,0,122,6
423457.0,0,0,0,90,38
423474.0,0,0,0,90,38
423474.0,0,0,0,26,102
423520.0,0,0,0,90,38
423537.0,0,0,0,90,38
423537.0,0,0,0,26,102
423586.0,0,0,0,90,38
423598.0,0,0,0,90,38
423598.0,0,0,0,26,102
423635.0,0,0,0,90,38
423642.0,0,0,0,90,38
423651.0,0,0,0,90,38
423651.0,0,0,0,26,102
423682.0,0,0,0,90,38
423692.0,0,0,0,90,38
423692.0,0,0,0,26,102
423704.0,0,0,0,32,96
423725.0,0,0,0,96,32
423744.0,0,0,0,96,32
423744.0,0,0,0,32,96
423777.0,0,0,0,96,32
423802.0,0,0,0,96,32
423802.0,0,0,0,92,36
423824.0,0,0,0,92,36
423824.0,0,0,0,90,38
423832.0,0,0,0,122,6
423833.0,0,0,0,122,6
423833.0,0,0,0,121,7
423846.0,0,0,0,121,7
423846.0,0,0,0,57,71
423852.0,0,0,0,57,71
423853.0,0,0,0,58,70
423910.0,0,0,0,58,70
423910.0,0,0,0,57,71
423918.0,0,0,0,57,71
423920.0,0,0,0,58,70
423960.0,0,0,0,122,6
423982.0,0,0,0,122,6
423982.0,0,0,0,58,70
423992.0,0,0,0,58,70
423992.0,0,0,0,26,102
424032.0,0,0,0,26,102
424079.0,0,0,0,26,102
424099.0,0,0,0,90,38
424115.0,0,0,0,90,38
424115.0,0,0,0,26,102
424121.0,0,0,0,26,102
424128.0,0,0,0,26,102
424178.0,0,0,0,26,102
424226.0,0,0,0,90,38
424233.0,0,0,0,90,38
424239.0,0,0,0,90,38
424239.0,0,0,0,26,102
424296.0,0,0,0,26,102
424350.0,0,0,0,90,38
424369.0,0,0,0,90,38
424369.0,0,0,0,26,102
424420.0,0,0,0,26,102
424424.0,0,0,0,26,102
424424.0,0,0,0,25,103
424439.0,0,0,0,26,102
424475.0,0,0,0,90,38
424486.0,0,0,0,90,38
424493.0,0,0,0,90,38
424493.0,0,0,0,26,102
424535.0,0,0,0,26,102
424577.0,0,0,0,58,70
424580.0,0,0,0,58,70
424580.0,0,0,0,57,71
424581.0,0,0,0,57,71
424581.0,0,0,0,56,72
424582.0,0,0,0,56,72
424596.0,0,0,0,57,71
424605.0,0,0,0,57,71
424605.0,0,0,0,25,103
424624.0,0,0,0,26,102
424625.0,0,0,0,26,102
424626.0,0,0,0,90,38
424649.0,0,0,0,90,38
424649.0,0,0,0,82,46
424668.0,0,0,0,82,46
424668.0,0,0,0,18,110
424677.0,0,0,0,18,110
424700.0,0,0,0,18,110
424700.0,0,0,0,17,111
424722.0,0,0,0,18,110
424762.0,0,0,0,50,78
424764.0,0,0,0,58,70
424779.0,0,0,0,58,70
424779.0,0,0,0,26,102
424798.0,0,0,0,90,38
424813.0,0,0,0,90,38
424813.0,0,0,0,26,102
424860.0,0,0,0,26,102
424936.0,0,0,0,90,38
424956.0,0,0,0,90,38
424956.0,0,0,0,26,102
424999.0,0,0,0,26,102
425071.0,0,0,0,90,38
425104.0,0,0,0,90,38
425104.0,0,0,0,26,102
425126.0,0,0,0,26,102
425215.0,0,0,0,90,38
425228.0,0,0,0,90,38
425228.0,0,0,0,26,102
425250.0,0,0,0,26,102
425333.0,0,0,0,90,38
425354.0,0,0,0,90,38
425354.0,0,0,0,26,102
425375.0,0,0,0,26,102
425461.0,0,0,0,90,38
425477.0,0,0,0,90,38
425483.0,0,0,0,90,38
425483.0,0,0,0,26,102
425526.0,0,0,0,26,102
425589.0,0,0,0,90,38
425662.0,0,0,0,90,38
425698.0,0,0,0,90,38
425791.0,0,0,0,122,6
425811.0,0,0,0,122,6
425811.0,0,0,0,121,7
425820.0,0,0,0,122,6
425824.0,0,0,0,122,6
425824.0,0,0,0,121,7
425836.0,0,0,0,121,7
425840.0,0,0,0,122,6
425907.0,0,0,0,122,6
425907.0,0,0,0,90,38
425936.0,0,0,0,90,38
425936.0,0,0,0,58,70
425971.0,0,0,0,58,70
426115.0,0,0,0,58,70
426173.0,0,0,0,90,38
426233.0,0,0,0,90,38
426361.0,0,0,0,90,38
426403.0,0,0,0,94,34
426404.0,0,0,0,96,32
426405.0,0,0,0,96,32
426405.0,0,0,0,92,36
426433.0,0,0,0,92,36
426433.0,0,0,0,90,38
426489.0,0,0,0,90,38
426489.0,0,0,18,72,38
426691.0,0,0,18,72,38
426691.0,0,0,50,40,38
426720.0,0,0,50,40,38
426720.0,0,0,51,39,38
426740.0,0,0,51,39,38
426740.0,0,0,52,38,38
426960.0,0,0,52,70,6
426962.0,0,0,52,70,6
426962.0,0,0,52,69,7
426979.0,0,0,52,70,6
427073.0,0,0,52,70,6
427073.0,0,0,83,39,6
427122.0,0,0,83,39,6
427122.0,0,0,83,38,7
427132.0,0,0,83,39,6
427176.0,0,0,83,39,6
427176.0,0,0,83,7,38
427303.0,0,0,83,7,38
427321.0,0,0,83,7,38
427321.0,0,0,83,3,42
427397.0,0,0,83,7,38
427398.0,0,0,83,7,38
427463.0,0,0,83,7,38
427467.0,0,0,83,7,38
427467.0,0,0,83,6,39
427510.0,0,0,83,7,38
427520.0,0,0,83,7,38
427520.0,0,0,83,6,39
427538.0,0,0,83,7,38
427540.0,0,0,83,11,34
427540.0,0,0,83,3,42
427541.0,0,0,83,5,40
427544.0,0,0,83,5,40
427565.0,0,0,83,5,40
427565.0,0,0,83,1,44
427607.0,0,0,83,9,36
427634.0,0,0,83,9,36
427634.0,0,0,83,3,42
427718.0,0,0,83,7,38
427722.0,0,0,83,7,38
427791.0,0,0,83,7,38
427860.0,0,0,83,7,38
427946.0,0,0,83,7,38
427946.0,0,0,83,3,42
427991.0,0,0,83,7,38
428033.0,0,0,83,7,38
428109.0,0,0,83,7,38
428215.0,0,0,83,7,38
428253.0,0,0,83,39,6
428253.0,0,0,83,15,30
428258.0,0,0,83,15,30
428258.0,0,0,83,14,31
428260.0,0,0,83,14,31
428260.0,0,0,83,13,32
428276.0,0,0,83,14,31
428289.0,18,0,65,15,30
428289.0,2,16,65,15,30
428320.0,2,16,65,23,22
428335.0,2,16,65,39,6
428335.0,2,16,65,7,38
428345.0,2,16,65,39,6
428345.0,2,16,65,7,38
428367.0,2,16,65,7,38
428403.0,2,16,65,23,22
428403.0,2,16,65,7,38
428414.0,2,16,65,23,22
428440.0,2,16,65,23,22
428441.0,2,16,65,23,22
428479.0,2,16,65,23,22
428480.0,2,16,65,39,6
428480.0,2,16,65,7,38
428491.0,34,16,33,7,38
428491.0,2,48,33,7,38
428507.0,2,48,33,7,38
428513.0,2,48,33,7,38
428513.0,0,50,33,7,38
428520.0,1,50,32,7,38
428540.0,2,50,31,7,38
428547.0,2,50,31,11,34
428598.0,2,50,31,13,32
428618.0,2,50,31,13,32
428713.0,2,50,31,13,32
428849.0,2,50,31,13,32
428873.0,33,50,0,13,32
428873.0,1,82,0,13,32
429125.0,1,82,0,13,32
429153.0,1,82,0,13,32
429208.0,1,82,0,45,0
429208.0,1,82,0,13,32
429235.0,1,82,0,13,32
429245.0,1,82,0,13,32
429303.0,1,82,0,13,32
429380.0,1,82,0,13,32
429605.0,1,82,0,13,32
429605.0,1,82,0,12,33
429622.0,1,82,0,13,32
429668.0,1,82,0,13,32
429668.0,1,82,0,12,33
429677.0,1,82,0,13,32
429686.0,1,82,0,45,0
429808.0,1,82,0,45,0
429808.0,1,82,0,41,4
429829.0,1,82,0,41,4
429829.0,1,82,0,39,6
429836.0,1,82,0,43,2
429850.0,1,82,0,45,0
430108.0,1,82,0,45,0
430248.0,1,82,0,45,0
430248.0,1,82,0,13,32
430273.0,1,82,0,13,32
430273.0,0,83,0,13,32
430380.0,0,83,0,13,32
430478.0,0,83,0,45,0
430478.0,0,83,0,29,16
430553.0,0,83,0,29,16
430553.0,0,83,0,13,32
430577.0,0,83,0,13,32
430586.0,0,83,0,13,32
430592.0,0,83,0,13,32
430631.0,0,83,0,29,16
430796.0,0,83,0,29,16
430799.0,0,83,0,45,0
430799.0,0,83,0,13,32
430845.0,0,83,0,13,32
430857.0,0,83,0,13,32
430891.0,0,83,0,13,32
430965.0,0,83,0,13,32
430989.0,0,67,0,29,32
430989.0,0,67,0,13,48
431057.0,0,67,0,29,32
431057.0,0,67,0,13,48
431079.0,0,67,0,29,32
431079.0,0,67,0,22,39
431191.0,0,35,0,54,39
431191.0,0,35,0,22,71
431212.0,0,35,0,22,71
431213.0,0,33,0,24,71
431213.0,0,33,0,16,79
431239.0,0,33,0,17,78
431289.0,0,33,0,25,70
431289.0,0,33,0,9,86
431300.0,0,33,0,41,54
431300.0,0,33,0,25,70
431347.0,0,33,0,25,70
431347.0,0,33,0,9,86
431356.0,0,33,0,25,70
431363.0,0,33,0,41,54
431378.0,0,33,0,41,54
431415.0,0,33,0,57,38
431531.0,0,33,0,57,38
431565.0,0,33,0,89,6
431573.0,0,1,0,121,6
431573.0,0,1,0,89,38
431629.0,0,1,0,105,22
431636.0,0,1,0,121,6
431746.0,0,1,0,121,6
431746.0,0,1,0,120,7
431892.0,0,1,0,121,6
431979.0,0,1,0,121,6
432053.0,0,1,0,123,4
432085.0,0,1,0,127,0
432163.0,0,1,0,127,0
432163.0,0,1,0,126,1
432189.0,0,1,0,126,1
432200.0,0,1,0,126,1
432245.0,0,1,0,127,0
432256.0,0,1,0,127,0
432256.0,0,1,16,111,0
432263.0,0,1,16,111,0
432263.0,0,1,32,95,0
432315.0,0,1,32,95,0
432315.0,0,1,48,79,0
432399.0,0,1,48,79,0
432399.0,0,1,48,78,1
432465.0,0,1,48,78,1
432465.0,0,1,79,47,1
432508.0,0,1,79,47,1
432508.0,0,1,79,31,17
432529.0,0,1,79,31,17
432536.0,0,1,79,31,17
432536.0,0,1,95,15,17
432568.0,0,1,95,31,1
432573.0,0,1,95,32,0
432723.0,0,1,95,32,0
432723.0,0,1,95,31,1
432792.0,0,1,95,31,1
432866.0,0,1,95,31,1
432953.0,0,1,95,31,1
432953.0,0,1,97,29,1
432973.0,0,0,97,30,1
432973.0,0,0,97,22,9
432985.0,0,0,97,22,9
432985.0,0,0,101,18,9
433124.0,0,0,101,18,9
433145.0,0,0,101,18,9
433145.0,0,0,102,17,9
433147.0,0,0,102,17,9
433147.0,0,0,102,11,15
433181.0,0,0,102,19,7
433268.0,0,0,102,19,7
433337.0,0,0,102,19,7
433337.0,0,0,102,17,9
433341.0,0,0,102,17,9
433360.0,0,0,102,18,8
433447.0,0,0,102,18,8
433447.0,0,0,102,17,9
433461.0,0,0,102,18,8
433468.0,0,0,102,18,8
433468.0,0,0,109,11,8
433473.0,0,0,109,11,8
433473.0,0,0,110,10,8
433983.0,0,0,110,11,7
433985.0,0,0,110,11,7
434053.0,0,0,110,12,6
434056.0,16,0,94,12,6
434063.0,32,0,78,12,6
434063.0,0,32,78,12,6
434072.0,0,32,78,12,6
434072.0,0,32,78,11,7
434081.0,0,32,78,11,7
434081.0,0,32,86,3,7
434101.0,0,32,86,5,5
434115.0,16,32,70,5,5
434122.0,16,32,70,9,1
434173.0,16,32,70,10,0
434265.0,47,32,39,10,0
434265.0,15,64,39,10,0
434301.0,15,64,39,10,0
434324.0,15,64,39,10,0
434324.0,15,64,39,4,6
434336.0,31,64,23,4,6
434336.0,0,95,23,4,6
434361.0,0,95,23,4,6
434564.0,0,95,23,4,6
434564.0,0,95,23,3,7
434569.0,0,95,23,3,7
434569.0,0,95,23,2,8
434593.0,0,95,23,3,7
434599.0,0,95,23,4,6
434658.0,0,95,23,4,6
434726.0,0,95,23,4,6
434753.0,2,95,21,4,6
434785.0,6,95,17,4,6
434883.0,6,95,17,4,6
434945.0,7,95,16,4,6
434964.0,7,95,16,4,6
434964.0,6,96,16,4,6
435014.0,6,96,16,4,6
435014.0,5,97,16,4,6
435022.0,5,97,16,4,6
435028.0,5,97,16,4,6
435028.0,4,98,16,4,6
435073.0,4,98,16,4,6
435073.0,4,98,17,3,6
435263.0,4,98,17,5,4
435268.0,11,98,10,5,4
435273.0,12,98,9,5,4
435284.0,12,98,9,9,0
435493.0,12,98,9,9,0
435493.0,12,98,10,8,0
435499.0,12,98,10,8,0
435499.0,12,98,11,7,0
435583.0,12,98,11,7,0
435631.0,12,98,11,7,0
435631.0,11,99,11,7,0
435695.0,11,99,11,7,0
435695.0,10,100,11,7,0
435718.0,10,100,11,7,0
435718.0,6,104,11,7,0
435739.0,6,104,11,7,0
435739.0,4,106,11,7,0
435774.0,4,106,11,7,0
435774.0,0,110,11,7,0
435796.0,0,110,11,7,0
435796.0,0,110,11,5,2
435799.0,0,110,11,7,0
435800.0,0,110,11,7,0
435800.0,0,110,11,3,4
435826.0,0,110,11,7,0
435833.0,0,110,11,7,0
435849.0,0,110,11,7,0
435849.0,0,110,11,3,4
435852.0,0,110,11,7,0
435859.0,0,110,11,7,0
435859.0,0,110,11,3,4
435881.0,8,110,3,3,4
435887.0,8,110,3,3,4
435887.0,6,112,3,3,4
435890.0,6,112,3,7,0
435915.0,6,112,3,7,0
435928.0,6,112,3,7,0
435935.0,6,112,3,7,0
435935.0,2,116,3,7,0
435940.0,2,116,3,7,0
435950.0,2,116,3,7,0
435950.0,0,118,3,7,0
435982.0,0,118,3,7,0
435995.0,0,118,3,7,0
435995.0,0,118,3,5,2
435998.0,0,118,3,7,0
436064.0,0,118,3,7,0
436070.0,0,118,3,7,0
436163.0,0,118,3,7,0
436184.0,0,118,3,7,0
436265.0,0,118,3,7,0
436265.0,0,118,3,6,1
436268.0,0,118,3,7,0
436699.0,0,118,3,7,0
436726.0,0,118,3,7,0
436752.0,0,118,3,7,0
436763.0,0,86,3,39,0
436763.0,0,86,3,7,32
436790.0,0,86,3,7,32
436790.0,0,86,4,6,32
436873.0,1,86,3,6,32
436898.0,1,86,3,6,32
436898.0,1,86,5,4,32
436965.0,1,54,5,36,32
436965.0,1,54,5,4,64
437036.0,1,23,5,35,64
437036.0,1,23,5,3,96
437168.0,1,23,5,3,96
437168.0,1,23,6,2,96
437229.0,1,23,6,34,64
437229.0,1,23,6,2,96
437293.0,2,23,5,2,96
437299.0,3,23,4,2,96
437458.0,3,23,4,34,64
437458.0,3,23,4,2,96
437597.0,3,23,4,34,64
437597.0,3,23,4,2,96
437600.0,3,23,4,10,88
437600.0,0,26,4,10,88
437664.0,0,25,4,11,88
437664.0,0,25,4,10,89
437685.0,0,25,4,11,88
437714.0,0,24,4,12,88
437714.0,0,24,4,11,89
437721.0,0,24,4,44,56
437721.0,0,24,4,12,88
437723.0,0,24,4,20,80
437723.0,0,24,4,12,88
437724.0,0,24,4,44,56
437724.0,0,24,4,12,88
437726.0,0,24,4,20,80
437727.0,0,24,4,52,48
437727.0,0,24,4,36,64
437728.0,0,23,4,37,64
437728.0,0,23,4,36,65
437730.0,0,23,4,52,49
437832.0,0,23,4,68,33
437852.0,0,23,4,69,32
438103.0,0,23,4,69,32
438103.0,0,23,4,65,36
438132.0,0,23,4,65,36
438132.0,0,23,4,63,38
438135.0,0,23,4,63,38
438135.0,0,23,4,59,42
438157.0,0,23,4,61,40
438158.0,0,23,4,65,36
438162.0,0,23,4,65,36
438182.0,0,23,4,65,36
438194.0,0,23,4,69,32
438241.0,0,23,4,69,32
438241.0,0,23,4,65,36
438254.0,0,23,4,65,36
438270.0,0,23,4,69,32
438270.0,0,23,4,65,36
438299.0,0,23,4,65,36
438331.0,0,22,4,66,36
438331.0,0,22,4,65,37
438380.0,0,22,4,66,36
438380.0,0,22,4,64,38
438382.0,0,22,4,68,34
438390.0,0,22,4,68,34
438390.0,0,22,4,64,38
438395.0,0,21,4,65,38
438395.0,0,21,4,64,39
438413.0,0,21,4,65,38
438418.0,0,17,4,69,38
438418.0,0,17,4,65,42
438423.0,0,17,4,67,40
438439.0,0,15,4,69,40
438439.0,0,15,4,67,42
438443.0,0,15,4,73,36
438443.0,0,15,4,9,100
438446.0,0,15,4,13,96
438450.0,0,15,4,13,96
438474.0,0,11,4,17,96
438474.0,0,11,4,13,100
438490.0,0,11,4,13,100
438490.0,0,11,4,9,104
438500.0,0,11,4,13,100
438512.0,0,11,4,13,100
438512.0,0,11,4,9,104
438540.0,0,11,4,9,104
438540.0,0,11,4,7,106
438587.0,0,9,4,9,106
438587.0,0,9,4,7,108
438590.0,1,9,3,9,106
438621.0,1,9,3,9,106
438623.0,1,9,3,9,106
438624.0,1,9,3,9,106
438627.0,1,9,3,9,106
438633.0,1,9,3,41,74
438633.0,1,9,3,9,106
438635.0,1,5,3,13,106
438635.0,1,5,3,9,110
438639.0,1,5,3,13,106
438650.0,1,3,3,15,106
438650.0,1,3,3,11,110
438653.0,1,3,3,15,106
438653.0,1,3,3,7,114
438698.0,3,3,1,7,114
438836.0,3,3,1,11,110
438895.0,3,3,1,19,102
438933.0,3,3,1,51,70
438968.0,4,3,0,51,70
439343.0,4,3,0,51,70
439343.0,4,3,0,50,71
439346.0,4,3,0,50,71
439358.0,4,3,0,51,70
439400.0,4,3,0,51,70
439444.0,4,3,0,51,70
439444.0,4,3,0,50,71
439486.0,4,3,0,50,71
439486.0,4,3,0,46,75
439490.0,4,3,0,46,75
439533.0,4,3,0,46,75
439553.0,4,3,0,46,75
439705.0,4,3,0,47,74
439736.0,4,3,0,47,74
439776.0,4,3,0,51,70
439795.0,4,3,0,51,70
439795.0,4,3,8,43,70
439829.0,4,3,8,43,70
439829.0,4,3,8,42,71
439833.0,4,3,8,42,71
439833.0,4,3,39,11,71
439893.0,4,3,39,11,71
439923.0,4,3,39,11,71
439959.0,4,3,39,12,70
440258.0,4,3,39,12,70
440258.0,4,3,40,11,70
440295.0,4,3,40,11,70
440295.0,3,4,40,11,70
440300.0,3,1,40,14,70
440300.0,3,1,40,6,78
440303.0,3,1,40,14,70
440516.0,3,1,40,14,70
440516.0,0,4,40,13,71
440517.0,0,4,40,13,71
440579.0,0,4,40,13,71
440579.0,0,4,40,11,73
440594.0,0,4,40,12,72
440602.0,0,4,40,13,71
440605.0,0,4,40,13,71
440718.0,0,4,40,13,71
440729.0,0,4,40,14,70
440793.0,0,4,40,78,6
440793.0,0,4,40,46,38
440884.0,0,4,40,46,38
440951.0,0,4,40,46,38
440951.0,0,4,40,41,43
440993.0,0,4,40,41,43
441017.0,0,4,40,45,39
441110.0,0,4,40,46,38
441187.0,0,4,40,46,38
441187.0,0,4,40,37,47
441203.0,0,4,40,37,47
441342.0,0,4,40,38,46
441546.0,0,4,40,46,38
441595.0,8,4,32,46,38
441633.0,39,4,1,46,38
441633.0,0,43,1,46,38
441684.0,0,43,1,46,38
441684.0,0,43,1,38,46
441693.0,0,43,1,38,46
441969.0,0,43,1,46,38
442058.0,1,43,0,46,38
442199.0,1,43,0,46,38
442199.0,1,43,0,38,46
442344.0,1,43,0,38,46
442344.0,1,43,0,37,47
442393.0,1,43,0,45,39
442446.0,1,43,0,45,39
442461.0,1,43,0,46,38
442705.0,1,43,0,46,38
442705.0,1,43,0,45,39
442711.0,1,43,0,45,39
442711.0,1,43,0,44,40
442736.0,1,43,0,45,39
442739.0,1,43,0,46,38
442814.0,1,43,0,46,38
442869.0,1,43,0,46,38
442869.0,1,43,5,41,38
442914.0,1,43,5,41,38
442995.0,1,42,5,42,38
442995.0,1,42,5,41,39
443002.0,1,42,5,41,39
443002.0,1,42,5,32,48
443122.0,1,42,5,33,47
443170.0,1,42,5,34,46
443211.0,1,42,5,42,38
443216.0,1,39,5,45,38
443216.0,1,39,5,37,46
443237.0,1,39,5,37,46
443293.0,1,39,5,37,46
443311.0,1,39,5,37,46
443311.0,1,39,5,36,47
443357.0,1,39,5,36,47
443357.0,1,39,5,32,51
443359.0,1,39,5,36,47
443382.0,1,39,5,37,46
443636.0,1,39,5,37,46
443639.0,1,39,5,37,46
443654.0,1,39,5,37,46
443654.0,0,40,5,37,46
443709.0,0,40,5,37,46
443709.0,0,40,5,36,47
443710.0,0,40,5,36,47
443710.0,0,40,5,35,48
443724.0,0,40,5,36,47
443732.0,0,40,5,37,46
443787.0,0,40,5,37,46
443872.0,0,40,5,37,46
444008.0,0,40,5,37,46
444008.0,0,40,5,36,47
444048.0,0,40,5,37,46
444111.0,0,40,5,37,46
444259.0,0,40,5,37,46
444259.0,0,40,6,36,46
444282.0,0,40,6,36,46
444282.0,0,40,7,35,46
444297.0,0,40,7,35,46
444297.0,0,40,7,34,47
444307.0,0,40,7,34,47
444307.0,0,40,7,33,48
444313.0,0,40,7,34,47
444316.0,0,40,7,35,46
444333.0,0,1,7,74,46
444333.0,0,1,7,10,110
444416.0,0,1,7,10,110
444597.0,0,1,7,10,110
444624.0,0,1,7,10,110
444632.0,0,1,7,10,110
444669.0,5,1,2,10,110
444703.0,5,1,2,10,110
444890.0,5,1,2,10,110
444932.0,5,1,2,10,110
444948.0,5,1,2,10,110
444948.0,5,1,3,9,110
445130.0,5,1,3,9,110
445203.0,5,1,3,9,110
445213.0,5,1,3,9,110
445213.0,5,1,4,8,110
445216.0,5,1,4,8,110
445216.0,5,1,5,7,110
445386.0,5,1,5,7,110
445433.0,5,1,5,7,110
445465.0,5,1,5,7,110
445626.0,5,1,5,13,104
445626.0,5,1,5,9,108
445669.0,5,1,5,13,104
445669.0,5,1,5,9,108
445683.0,5,1,5,9,108
445706.0,5,1,5,9,108
445706.0,3,3,5,9,108
445744.0,3,3,5,13,104
445744.0,3,3,5,9,108
445790.0,3,3,5,13,104
445790.0,3,3,5,9,108
446059.0,4,3,4,9,108
446061.0,4,3,4,9,108
446082.0,5,3,3,9,108
446086.0,5,3,3,9,108
446093.0,5,3,3,9,108
446122.0,5,3,3,9,108
446122.0,3,5,3,9,108
446165.0,3,5,3,13,104
446193.0,3,5,3,13,104
446193.0,2,6,3,13,104
446196.0,2,6,3,13,104
446196.0,1,7,3,13,104
446224.0,1,7,3,13,104
446224.0,1,7,3,9,108
446288.0,1,7,3,13,104
446307.0,1,7,3,13,104
446322.0,1,7,3,77,40
446322.0,0,8,3,13,104
446343.0,0,8,3,13,104
446354.0,0,7,3,14,104
446354.0,0,7,3,6,112
446367.0,0,7,3,6,112
446369.0,0,7,3,6,112
446369.0,0,7,3,4,114
446526.0,0,7,3,4,114
446535.0,0,7,3,12,106
446535.0,0,7,3,4,114
446738.0,0,7,3,68,50
446738.0,0,7,3,4,114
446748.0,1,7,2,4,114
446760.0,1,7,2,4,114
446771.0,1,7,2,36,82
446771.0,0,8,2,12,106
446800.0,0,8,2,20,98
446800.0,0,8,2,12,106
446824.0,0,8,2,12,106
446824.0,0,8,2,11,107
446827.0,0,8,2,11,107
446852.0,0,8,2,19,99
446852.0,0,8,2,11,107
446854.0,0,8,2,13,105
446863.0,0,8,2,13,105
446885.0,0,8,2,14,104
446885.0,0,8,2,10,108
446889.0,0,8,2,10,108
446891.0,0,8,2,18,100
446891.0,0,8,2,14,104
446907.0,0,8,2,18,100
446911.0,0,8,2,18,100
446911.0,0,8,2,14,104
446913.0,0,8,2,22,96
446998.0,0,8,2,26,92
447008.0,0,8,2,30,88
447013.0,1,8,1,30,88
447016.0,2,8,0,30,88
447029.0,2,8,0,30,88
447029.0,2,8,0,22,96
447089.0,2,8,0,30,88
447132.0,2,8,0,62,56
447145.0,2,8,0,62,56
447147.0,2,8,0,62,56
447186.0,2,8,0,62,56
447214.0,2,8,0,66,52
447214.0,0,10,0,64,54
447222.0,0,10,0,64,54
447240.0,0,10,0,65,53
447246.0,0,10,0,97,21
447246.0,0,10,0,17,101
447252.0,0,10,0,18,100
447252.0,0,10,0,10,108
447307.0,0,10,0,10,108
447435.0,0,10,0,10,108
447463.0,0,10,0,14,104
447485.0,0,10,0,14,104
447524.0,0,10,0,14,104
447524.0,0,10,0,10,108
447548.0,0,10,0,10,108
447553.0,0,10,0,10,108
447612.0,0,10,0,10,108
447638.0,0,10,0,10,108
447665.0,0,10,0,10,108
447671.0,0,10,0,10,108
447700.0,0,10,0,10,108
447717.0,0,10,0,10,108
447745.0,0,10,0,26,92
447745.0,0,10,0,10,108
447751.0,0,10,0,10,108
447752.0,0,10,0,10,108
447779.0,0,10,0,18,100
447779.0,0,10,0,12,106
447791.0,0,10,0,12,106
447832.0,0,10,0,13,105
447857.0,0,10,0,29,89
447857.0,0,10,0,13,105
447874.0,0,10,0,29,89
447874.0,0,10,0,13,105
447891.0,0,10,0,14,104
447893.0,0,10,0,14,104
447893.0,0,10,0,10,108
447898.0,0,10,0,12,106
447901.0,0,10,0,28,90
447931.0,0,10,0,28,90
447931.0,0,10,0,27,91
447946.0,0,10,0,28,90
447975.0,0,10,0,32,86
447991.0,0,10,0,32,86
447991.0,0,10,0,24,94
448072.0,0,10,0,32,86
448086.0,0,10,0,32,86
448086.0,0,10,0,16,102
448118.0,0,10,0,80,38
448118.0,0,10,0,16,102
448146.0,0,10,0,16,102
448165.0,0,10,0,32,86
448176.0,0,10,0,32,86
448354.0,0,10,0,32,86
448363.0,0,10,0,32,86
448369.0,0,10,0,32,86
448406.0,0,8,0,34,86
448406.0,0,8,0,32,88
448471.0,0,8,0,32,88
448502.0,0,8,0,32,88
448574.0,0,8,0,36,84
448586.0,0,8,0,36,84
448588.0,0,8,0,36,84
448609.0,0,8,0,36,84
448628.0,0,8,0,36,84
448679.0,0,8,0,36,84
448716.0,0,8,0,36,84
448757.0,0,8,0,38,82
448757.0,0,8,0,36,84
448774.0,0,8,0,36,84
448798.0,0,8,0,36,84
448801.0,0,8,0,36,84
448805.0,0,8,0,38,82
448805.0,0,8,0,36,84
448822.0,0,6,0,38,84
448822.0,0,6,0,36,86
448826.0,0,6,0,37,85
448830.0,0,6,0,37,85
448830.0,0,6,0,36,86
448846.0,0,6,0,37,85
448854.0,0,6,0,38,84
448854.0,0,6,0,36,86
448873.0,0,6,0,38,84
448890.0,0,6,0,38,84
448893.0,0,5,0,39,84
448893.0,0,5,0,38,85
448896.0,0,4,0,39,85
448896.0,0,4,0,38,86
448914.0,0,4,0,102,22
448914.0,0,4,0,70,54
448915.0,0,4,0,71,53
448917.0,0,4,0,72,52
448917.0,0,4,0,68,56
448918.0,0,4,0,68,56
448972.0,0,4,0,68,56
448994.0,0,4,0,70,54
449018.0,0,4,0,70,54
449022.0,0,3,0,71,54
449022.0,0,3,0,67,58
449031.0,0,3,0,67,58
449112.0,0,3,0,67,58
449147.0,0,3,0,67,58
449147.0,0,3,0,66,59
449165.0,0,3,0,74,51
449165.0,0,3,0,10,115
449169.0,0,3,0,11,114
449169.0,0,3,0,7,118
449175.0,0,3,0,7,118
449188.0,0,3,0,7,118
449202.0,0,3,0,11,114
449202.0,0,3,0,7,118
449237.0,0,3,0,11,114
449237.0,0,3,0,9,116
449244.0,0,3,0,10,115
449245.0,0,3,0,11,114
449303.0,0,3,0,11,114
449401.0,0,3,0,11,114
449471.0,0,2,0,12,114
449471.0,0,2,0,4,122
449623.0,0,2,0,12,114
449623.0,0,2,0,4,122
449747.0,0,2,0,12,114
449802.0,0,2,0,16,110
449802.0,0,2,0,0,126
449814.0,0,2,0,0,126
449914.0,0,0,0,2,126
449914.0,0,0,0,0,128
449931.0,0,0,0,64,64
449931.0,0,0,0,0,128
449974.0,0,0,0,16,112
449974.0,0,0,0,0,128
450065.0,0,0,0,0,128
450137.0,0,0,0,0,128
450191.0,0,0,0,64,64
450191.0,0,0,0,0,128
450448.0,0,0,0,0,128
450460.0,0,0,0,2,126
450523.0,0,0,0,2,126
450700.0,0,0,0,66,62
450700.0,0,0,0,2,126
450869.0,0,0,0,34,94
450869.0,0,0,0,2,126
451107.0,0,0,0,34,94
451107.0,0,0,0,2,126
451282.0,0,0,0,2,126
451300.0,0,0,0,34,94
451300.0,0,0,0,2,126
451358.0,0,0,0,34,94
451358.0,0,0,0,2,126
451360.0,0,0,0,2,126
451372.0,0,0,0,4,124
451446.0,0,0,0,8,120
451523.0,0,0,0,40,88
451523.0,0,0,0,8,120
451600.0,0,0,0,8,120
451655.0,0,0,0,40,88
451655.0,0,0,0,8,120
451769.0,0,0,0,8,120
451879.0,0,0,0,40,88
451879.0,0,0,0,8,120
452007.0,0,0,0,8,120
452200.0,0,0,0,8,120
452258.0,0,0,0,8,120
452341.0,0,0,0,8,120
452341.0,0,0,0,7,121
452360.0,0,0,0,8,120
452423.0,0,0,0,8,120
452555.0,0,0,0,8,120
452695.0,0,0,0,8,120
452695.0,0,0,0,7,121
452696.0,0,0,0,7,121
452696.0,0,0,0,6,122
452707.0,0,0,0,7,121
452718.0,0,0,0,8,120
452779.0,0,0,0,8,120
452779.0,0,0,5,3,120
452835.0,0,0,5,3,120
453260.0,0,0,5,3,120
453260.0,0,0,6,2,120
453287.0,0,0,6,34,88
453287.0,0,0,6,2,120
453454.0,0,0,6,2,120
453607.0,0,0,6,2,120
453614.0,0,0,6,34,88
453614.0,0,0,6,2,120
454187.0,0,0,6,2,120
454514.0,0,0,6,2,120
454514.0,0,0,8,0,120
454579.0,5,0,3,0,120
454776.0,5,0,3,0,120
454776.0,4,1,3,0,120
454935.0,4,1,3,32,88
455060.0,5,1,2,32,88
455835.0,5,1,2,32,88
455835.0,5,1,34,0,88
455961.0,5,1,34,0,88
456038.0,5,1,34,0,88
456314.0,7,1,32,0,88
456643.0,7,1,32,0,88
456743.0,7,1,32,0,88
456822.0,7,1,32,0,88
457476.0,7,0,32,1,88
457476.0,7,0,32,0,89
457494.0,7,0,32,1,88
457494.0,5,2,32,1,88
457635.0,37,2,0,1,88
457635.0,4,35,0,1,88
457751.0,4,35,0,1,88
457751.0,3,36,0,1,88
457874.0,3,36,0,9,80
458012.0,3,36,0,9,80
458012.0,1,38,0,9,80
458394.0,1,38,0,9,80
458394.0,1,38,1,8,80
458628.0,1,38,1,8,80
458774.0,1,38,1,8,80
458774.0,1,38,9,0,80
459966.0,1,38,9,32,48
459966.0,1,38,9,0,80
460108.0,1,38,9,32,48
460108.0,1,38,9,16,64
460194.0,2,36,8,18,64
460194.0,2,36,8,16,66
460214.0,2,36,8,17,65
460242.0,2,36,8,18,64
460294.0,2,36,8,34,48
460294.0,2,36,8,2,80
460335.0,2,3,8,35,80
460335.0,2,3,8,2,113
460383.0,2,3,8,34,81
460427.0,2,3,8,35,80
460451.0,2,2,8,36,80
460451.0,2,2,8,35,81
460510.0,2,2,8,67,49
460556.0,2,2,8,68,48
460574.0,10,2,0,68,48
460712.0,10,0,0,70,48
460712.0,10,0,0,68,50
460803.0,10,0,0,70,48
461008.0,10,0,0,70,48
461140.0,10,0,0,86,32
461194.0,10,0,0,86,32
461194.0,10,0,2,84,32
461283.0,10,0,2,84,32
461283.0,10,0,34,52,32
461327.0,10,0,34,52,32
461327.0,10,0,35,51,32
461410.0,10,0,35,51,32
461410.0,10,0,67,19,32
461456.0,10,0,67,19,32
461456.0,10,0,68,18,32
461703.0,10,0,68,18,32
461703.0,10,0,70,16,32
462040.0,10,0,70,16,32
462040.0,10,0,86,0,32
462400.0,10,0,86,32,0
462994.0,12,0,84,32,0
463083.0,44,0,52,32,0
463127.0,45,0,51,32,0
463210.0,77,0,19,32,0
463256.0,78,0,18,32,0
463300.0,78,0,18,32,0
463300.0,78,0,50,0,0
463503.0,80,0,48,0,0
463840.0,96,0,32,0,0
465100.0,128,0,0,0,0
467042.0,128,0,0,0,0
467042.0,64,64,0,0,0
467927.0,64,64,0,0,0
467927.0,60,68,0,0,0
467949.0,60,68,0,0,0
467949.0,58,70,0,0,0
469742.0,58,6,0,64,0
469742.0,58,6,0,0,64
470041.0,58,6,0,0,64
470041.0,54,10,0,0,64
470062.0,54,10,0,0,64
470062.0,52,12,0,0,64
470627.0,52,8,0,4,64
470627.0,52,8,0,0,68
470649.0,52,6,0,2,68
470649.0,52,6,0,0,70
471669.0,52,6,0,0,70
471765.0,52,6,0,0,70
472664.0,52,6,0,4,66
472666.0,52,6,0,6,64
472741.0,52,2,0,10,64
472741.0,52,2,0,6,68
472762.0,52,0,0,8,68
472762.0,52,0,0,6,70
473564.0,52,0,0,6,70
473564.0,52,0,4,2,70
473566.0,52,0,4,2,70
473566.0,52,0,6,0,70
474357.0,52,0,6,64,6
474363.0,52,0,6,66,4
474366.0,52,0,6,70,0
475257.0,52,0,6,70,0
475257.0,52,0,70,6,0
475263.0,52,0,70,6,0
475263.0,52,0,72,4,0
475266.0,52,0,72,4,0
475266.0,52,0,76,0,0
475364.0,56,0,72,0,0
475366.0,58,0,70,0,0
477057.0,122,0,6,0,0
477063.0,124,0,4,0,0
477066.0,128,0,0,0,0
477066.0,0,128,0,0,0
479766.0,0,0,0,128,0
479766.0,0,0,0,0,128
479852.0,0,0,0,128,0
479852.0,0,0,0,0,128
482706.0,0,0,0,0,128
490787.0,0,0,0,128,0
490787.0,0,0,0,64,64
491687.0,0,0,0,64,64
491687.0,0,0,64,0,64
493487.0,64,0,0,0,64
499301.0,64,0,0,0,64
499301.0,32,32,0,0,64
500168.0,32,32,0,0,64
500168.0,0,64,0,0,64
500720.0,0,64,0,0,64
500947.0,0,64,0,0,64
501071.0,0,64,0,0,64
501211.0,0,64,0,0,64
501295.0,0,64,0,0,64
501400.0,0,64,0,0,64
501565.0,0,64,0,0,64
501708.0,0,64,0,0,64
501711.0,0,64,0,64,0
501711.0,0,64,0,4,60
501755.0,0,64,0,8,56
501755.0,0,64,0,0,64
501773.0,0,64,0,8,56
501783.0,0,64,0,24,40
501789.0,0,64,0,56,8
501789.0,0,64,0,24,40
501807.0,0,64,0,32,32
501807.0,0,64,0,0,64
501827.0,0,64,0,32,32
501827.0,0,64,0,0,64
501868.0,0,64,0,32,32
501901.0,0,64,0,64,0
501965.0,0,64,0,64,0
501965.0,0,64,0,32,32
502001.0,0,32,0,64,32
502001.0,0,32,0,32,64
502056.0,0,32,0,64,32
502079.0,0,32,0,64,32
502079.0,0,32,0,32,64
502089.0,0,32,0,64,32
502372.0,0,32,0,96,0
502547.0,0,32,0,96,0
502547.0,0,32,0,95,1
502587.0,0,32,0,96,0
502611.0,0,32,0,96,0
502673.0,0,32,0,96,0
502684.0,0,32,0,96,0
502684.0,0,32,0,64,32
502689.0,0,32,0,64,32
502690.0,0,32,0,96,0
502729.0,0,32,0,96,0
502729.0,0,32,0,64,32
502768.0,0,32,0,64,32
502773.0,0,32,0,64,32
502773.0,0,32,0,63,33
502800.0,0,32,0,64,32
502801.0,0,32,0,64,32
502868.0,0,0,0,96,32
502868.0,0,0,0,64,64
502872.0,0,0,0,96,32
502888.0,0,0,0,128,0
502956.0,0,0,0,128,0
502989.0,0,0,0,128,0
503164.0,0,0,0,128,0
503164.0,0,0,0,96,32
503186.0,0,0,0,96,32
503186.0,0,0,0,88,40
503272.0,0,0,0,88,40
503274.0,0,0,0,88,40
503274.0,0,0,0,87,41
503278.0,0,0,0,88,40
503278.0,0,0,0,87,41
503299.0,0,0,0,88,40
503337.0,0,0,0,88,40
503337.0,0,0,0,87,41
503357.0,0,0,0,88,40
503417.0,0,0,0,88,40
503417.0,0,0,0,87,41
503441.0,0,0,0,88,40
503590.0,0,0,0,88,40
503590.0,0,0,19,69,40
503649.0,0,0,19,69,40
503649.0,0,0,19,5,104
503700.0,0,0,19,5,104
503788.0,0,0,19,5,104
503788.0,0,0,20,4,104
503789.0,0,0,20,4,104
503789.0,0,0,20,3,105
503924.0,0,0,20,4,104
504178.0,0,0,20,4,104
504199.0,0,0,20,4,104
504199.0,0,0,21,3,104
504257.0,0,0,21,3,104
504257.0,0,0,22,2,104
504341.0,0,0,22,2,104
504341.0,0,0,23,1,104
504637.0,0,0,23,1,104
504637.0,0,0,23,0,105
504660.0,0,0,23,1,104
504705.0,0,0,23,1,104
504824.0,0,0,23,1,104
505076.0,0,0,23,1,104
505390.0,19,0,4,1,104
505390.0,0,19,4,1,104
505499.0,0,19,4,1,104
505560.0,0,19,4,1,104
505588.0,1,19,3,1,104
505645.0,1,19,3,41,64
505645.0,1,19,3,33,72
505868.0,1,19,3,33,72
505868.0,1,19,3,1,104
505890.0,1,19,3,1,104
505999.0,2,19,2,1,104
506057.0,3,19,1,1,104
506110.0,3,19,1,9,96
506110.0,3,19,1,1,104
506112.0,3,19,1,1,104
506141.0,4,19,0,1,104
506243.0,4,19,0,65,40
506243.0,4,19,0,49,56
506248.0,4,19,0,49,56
506248.0,4,19,0,48,57
506249.0,4,19,0,48,57
506249.0,4,19,0,16,89
506262.0,4,19,0,16,89
506262.0,4,19,0,15,90
506291.0,4,19,0,16,89
506301.0,4,19,0,17,88
506333.0,4,19,0,17,88
506333.0,4,19,0,16,89
506340.0,4,19,0,48,57
506351.0,4,19,0,49,56
506375.0,4,19,0,49,56
506375.0,4,19,0,48,57
506393.0,4,19,0,49,56
506494.0,4,19,0,81,24
506545.0,4,19,0,81,24
506560.0,4,19,0,89,16
506573.0,4,19,0,89,16
506573.0,4,19,0,57,48
506603.0,4,19,0,57,48
506603.0,4,19,0,49,56
506614.0,4,19,0,49,56
506614.0,4,19,0,48,57
506659.0,4,19,0,65,40
506726.0,4,19,0,65,40
506726.0,4,19,0,1,104
507143.0,4,19,0,1,104
507172.0,4,19,0,33,72
507173.0,4,19,0,41,64
507240.0,4,19,0,41,64
507554.0,4,19,0,41,64
507554.0,4,19,0,25,80
507620.0,4,19,0,25,80
507709.0,4,19,0,41,64
507709.0,4,19,0,9,96
507741.0,4,19,0,41,64
507756.0,4,19,0,41,64
507756.0,4,19,0,9,96
507794.0,4,19,0,9,96
507794.0,4,19,0,1,104
508012.0,4,19,0,1,104
508058.0,4,19,0,33,72
508058.0,4,19,0,17,88
508060.0,4,19,0,25,80
508072.0,4,19,0,25,80
508090.0,4,0,0,44,80
508090.0,4,0,0,24,100
508155.0,4,0,0,88,36
508159.0,4,0,0,88,36
508159.0,4,0,0,87,37
508162.0,4,0,0,91,33
508173.0,4,0,0,92,32
508197.0,4,0,0,108,16
508284.0,4,0,0,108,16
508284.0,4,0,0,92,32
508324.0,4,0,0,92,32
508324.0,4,0,0,60,64
508352.0,4,0,0,60,64
508352.0,4,0,0,52,72
508496.0,4,0,0,68,56
508522.0,4,0,0,68,56
508522.0,4,0,0,4,120
508550.0,4,0,0,36,88
508552.0,4,0,0,44,80
508609.0,4,0,0,44,80
508610.0,4,0,0,44,80
508610.0,4,0,0,43,81
508617.0,4,0,0,44,80
508620.0,4,0,0,44,80
508620.0,4,0,0,43,81
508632.0,4,0,0,44,80
508633.0,4,0,0,60,64
508641.0,4,0,0,60,64
508648.0,4,0,0,124,0
508711.0,4,0,0,124,0
508711.0,4,0,0,60,64
508716.0,4,0,0,60,64
508716.0,0,4,0,60,64
508885.0,0,4,0,60,64
508958.0,0,4,0,60,64
508960.0,0,4,0,60,64
509027.0,0,4,0,60,64
509055.0,0,4,0,60,64
509154.0,0,4,0,60,64
509269.0,0,4,0,60,64
509332.0,0,4,0,60,64
509339.0,0,4,0,60,64
509391.0,0,4,0,60,64
509396.0,0,4,0,60,64
509548.0,0,4,0,60,64
509580.0,0,4,0,60,64
509603.0,0,4,0,60,64
509823.0,0,4,0,60,64
509945.0,0,4,0,60,64
510134.0,0,4,0,60,64
510146.0,0,4,0,124,0
510146.0,0,4,0,60,64
510148.0,0,4,0,60,64
510162.0,0,4,0,60,64
510216.0,0,4,0,60,64
510218.0,0,4,0,60,64
510257.0,0,4,0,60,64
510259.0,0,4,0,124,0
510259.0,0,4,0,60,64
510291.0,0,4,0,60,64
510317.0,0,4,0,60,64
510349.0,0,4,0,60,64
510366.0,0,4,0,124,0
510366.0,0,4,0,60,64
510372.0,0,4,0,60,64
510380.0,0,4,0,60,64
510434.0,0,4,0,60,64
510459.0,0,4,0,60,64
510471.0,0,4,0,124,0
510471.0,0,4,0,62,62
510507.0,0,4,0,62,62
510547.0,0,4,0,62,62
510558.0,0,4,0,70,54
510558.0,0,4,0,66,58
510563.0,0,4,0,74,50
510563.0,0,4,0,69,55
510584.0,0,4,0,70,54
510587.0,0,4,0,71,53
510591.0,0,4,0,71,53
510609.0,0,4,0,72,52
510613.0,0,4,0,104,20
510613.0,0,4,0,72,52
510620.0,0,4,0,72,52
510621.0,0,4,0,73,51
510632.0,0,4,0,74,50
510634.0,0,4,0,106,18
510634.0,0,4,0,98,26
510652.0,0,4,0,98,26
510734.0,0,4,0,98,26
510756.0,0,4,0,98,26
510756.0,0,4,0,97,27
510792.0,0,4,0,98,26
510795.0,0,4,0,98,26
510823.0,0,4,0,98,26
510823.0,0,4,0,97,27
510848.0,0,4,0,98,26
510872.0,0,4,0,102,22
510915.0,0,4,0,102,22
510947.0,0,4,0,106,18
510952.0,0,4,0,106,18
510952.0,0,4,0,90,34
511034.0,0,4,0,90,34
511078.0,0,4,0,98,26
511144.0,0,4,0,98,26
511154.0,0,4,0,98,26
511156.0,0,4,0,102,22
511371.0,0,4,0,102,22
511416.0,0,0,0,106,22
511416.0,0,0,0,42,86
511453.0,0,0,0,58,70
511458.0,0,0,0,58,70
511513.0,0,0,0,58,70
511513.0,0,0,11,47,70
511521.0,0,0,11,47,70
511521.0,0,0,12,46,70
511532.0,0,0,12,46,70
511532.0,0,0,13,45,70
511534.0,0,0,13,45,70
511534.0,0,0,25,33,70
511561.0,0,0,25,97,6
511561.0,0,0,25,0,103
511605.0,0,0,25,64,39
511605.0,0,0,25,0,103
511662.0,0,0,25,64,39
511662.0,0,0,25,0,103
511721.0,0,0,25,32,71
511721.0,0,0,25,0,103
511729.0,0,0,25,64,39
511729.0,0,0,25,0,103
511772.0,0,0,25,0,103
511796.0,0,0,25,64,39
511796.0,0,0,25,0,103
511797.0,0,0,25,0,103
511832.0,0,0,25,64,39
511832.0,0,0,25,0,103
511860.0,0,0,25,0,103
511863.0,0,0,25,64,39
511863.0,0,0,25,0,103
511867.0,0,0,25,0,103
511881.0,0,0,25,1,102
511893.0,0,0,25,65,38
511893.0,0,0,25,1,102
511932.0,0,0,25,65,38
511932.0,0,0,25,1,102
511943.0,0,0,25,1,102
512002.0,0,0,25,65,38
512002.0,0,0,25,1,102
512007.0,0,0,25,1,102
512046.0,0,0,25,65,38
512046.0,0,0,25,1,102
512065.0,0,0,25,1,102
512113.0,0,0,25,1,102
512119.0,0,0,25,33,70
512119.0,0,0,25,1,102
512152.0,0,0,25,1,102
512155.0,0,0,25,65,38
512155.0,0,0,25,1,102
512160.0,0,0,25,1,102
512173.0,0,0,25,1,102
512206.0,0,0,25,1,102
512252.0,0,0,25,1,102
512261.0,0,0,25,65,38
512261.0,0,0,25,1,102
512363.0,0,0,25,65,38
512363.0,0,0,25,1,102
512372.0,0,0,25,1,102
512473.0,0,0,25,65,38
512473.0,0,0,25,1,102
512491.0,0,0,25,1,102
512505.0,0,0,25,65,38
512505.0,0,0,25,1,102
512506.0,0,0,25,65,38
512506.0,0,0,25,1,102
512540.0,0,0,25,65,38
512540.0,0,0,25,1,102
512583.0,0,0,25,65,38
512583.0,0,0,25,1,102
512611.0,0,0,25,1,102
512613.0,0,0,25,65,38
512613.0,0,0,25,1,102
512645.0,0,0,25,65,38
512645.0,0,0,25,1,102
512646.0,0,0,25,3,100
512646.0,0,0,25,1,102
512666.0,0,0,25,5,98
512666.0,0,0,25,1,102
512675.0,0,0,25,3,100
512677.0,0,0,25,67,36
512677.0,0,0,25,3,100
512703.0,0,0,25,7,96
512708.0,0,0,25,71,32
512708.0,0,0,25,7,96
512725.0,0,0,25,7,96
512739.0,0,0,25,71,32
512739.0,0,0,25,7,96
512744.0,0,0,25,7,96
512744.0,0,0,25,6,97
512759.0,0,0,25,7,96
512781.0,0,0,25,7,96
512793.0,0,0,25,7,96
512832.0,0,0,25,7,96
512837.0,0,0,25,7,96
512849.0,0,0,25,71,32
512849.0,0,0,25,7,96
512902.0,0,0,25,7,96
512946.0,0,0,25,7,96
512948.0,0,0,25,7,96
512954.0,0,0,25,71,32
512954.0,0,0,25,7,96
512995.0,0,0,25,7,96
513019.0,0,0,25,7,96
513055.0,0,0,25,7,96
513059.0,0,0,25,71,32
513059.0,0,0,25,7,96
513112.0,0,0,25,7,96
513159.0,0,0,25,71,32
513159.0,0,0,25,7,96
513161.0,0,0,25,7,96
513259.0,0,0,25,71,32
513259.0,0,0,25,7,96
513263.0,0,0,25,7,96
513313.0,11,0,14,7,96
513321.0,12,0,13,7,96
513332.0,13,0,12,7,96
513334.0,25,0,0,7,96
513360.0,25,0,0,71,32
513360.0,25,0,0,7,96
513373.0,25,0,0,7,96
513402.0,25,0,0,71,32
513402.0,25,0,0,7,96
513405.0,25,0,0,7,96
513406.0,25,0,0,7,96
513440.0,25,0,0,7,96
513483.0,25,0,0,7,96
513503.0,25,0,0,71,32
513503.0,25,0,0,7,96
513513.0,25,0,0,7,96
513545.0,25,0,0,7,96
513546.0,25,0,0,7,96
513566.0,25,0,0,7,96
513577.0,25,0,0,7,96
513604.0,25,0,0,71,32
513608.0,25,0,0,71,32
513639.0,25,0,0,71,32
513660.0,25,0,0,71,32
513660.0,25,0,0,70,33
513668.0,25,0,0,71,32
513728.0,25,0,0,71,32
513728.0,25,0,0,39,64
513749.0,25,0,0,39,64
513804.0,25,0,0,39,64
513804.0,25,0,0,35,68
513831.0,25,0,0,35,68
513831.0,25,0,0,33,70
513854.0,25,0,0,33,70
513959.0,25,0,0,33,70
514051.0,25,0,0,33,70
514051.0,25,0,0,1,102
514059.0,25,0,0,1,102
514075.0,25,0,0,33,70
514138.0,25,0,0,33,70
514138.0,25,0,0,1,102
514159.0,25,0,0,1,102
514164.0,25,0,0,33,70
514260.0,25,0,0,33,70
514302.0,25,0,0,33,70
514381.0,25,0,0,33,70
514381.0,25,0,0,1,102
514403.0,25,0,0,1,102
514504.0,25,0,0,1,102
514568.0,25,0,0,1,102
514654.0,25,0,0,33,70
514699.0,25,0,0,65,38
514725.0,25,0,0,65,38
514725.0,25,0,0,57,46
514741.0,25,0,0,57,46
514741.0,0,25,0,57,46
514798.0,0,25,0,65,38
514975.0,0,25,0,65,38
515064.0,0,25,0,65,38
515090.0,0,25,0,65,38
515110.0,0,25,0,65,38
515113.0,0,25,0,65,38
515211.0,0,25,0,65,38
515281.0,0,25,0,65,38
515554.0,0,25,0,65,38
515599.0,0,25,0,65,38
515599.0,0,25,18,47,38
515599.0,0,25,18,46,39
515616.0,0,25,18,47,38
515616.0,0,25,18,39,46
515665.0,0,25,18,47,38
515665.0,0,25,18,39,46
515698.0,0,25,18,39,46
515725.0,0,25,18,39,46
515869.0,0,25,18,39,46
515877.0,0,25,18,43,42
515879.0,0,25,18,45,40
516128.0,0,25,18,53,32
516128.0,0,25,18,45,40
516237.0,0,25,18,53,32
516260.0,0,25,18,85,0
516260.0,0,25,18,77,8
516262.0,0,25,18,77,8
516262.0,0,25,18,76,9
516271.0,0,25,18,77,8
516314.0,0,25,18,77,8
516545.0,0,25,18,77,8
516545.0,0,25,18,73,12
516582.0,0,25,18,77,8
516595.0,0,25,18,77,8
516737.0,0,25,18,85,0
516777.0,0,25,18,85,0
516777.0,0,25,22,81,0
516779.0,0,25,22,81,0
516779.0,0,25,24,79,0
516785.0,0,25,24,79,0
516785.0,0,25,24,71,8
516786.0,0,25,24,71,8
517137.0,0,25,24,71,8
517137.0,0,25,32,63,8
517160.0,0,25,32,63,8
517160.0,0,25,49,46,8
517271.0,0,25,49,54,0
517399.0,18,25,31,54,0
517428.0,18,25,31,54,0
517428.0,10,33,31,54,0
517441.0,10,8,31,79,0
517441.0,10,8,31,15,64
517483.0,10,8,31,79,0
517483.0,10,8,31,15,64
517585.0,10,8,31,79,0
517585.0,10,8,31,15,64
517637.0,10,8,31,15,64
517671.0,10,8,31,79,0
517671.0,10,8,31,15,64
517698.0,10,8,31,47,32
517747.0,10,8,31,47,32
517820.0,10,8,31,47,32
517820.0,9,9,31,47,32
518086.0,9,9,31,79,0
518086.0,9,9,31,15,64
518383.0,9,9,31,15,64
518485.0,9,9,31,15,64
518532.0,9,9,31,15,64
518571.0,9,9,31,15,64
518577.0,13,9,27,15,64
518579.0,15,9,25,15,64
518579.0,15,9,25,7,72
518623.0,15,9,25,15,64
518736.0,15,9,25,15,64
518736.0,7,17,25,15,64
518937.0,15,17,17,15,64
518960.0,32,17,0,15,64
518960.0,0,49,0,15,64
518986.0,0,49,0,15,64
518986.0,0,49,7,8,64
519449.0,0,49,7,8,64
519519.0,0,49,7,8,64
519519.0,0,49,7,7,65
519523.0,0,49,7,7,65
519523.0,0,49,14,0,65
519608.0,0,49,14,1,64
520041.0,0,49,14,1,64
520041.0,0,49,14,0,65
520069.0,0,49,14,1,64
520072.0,0,49,14,1,64
520128.0,0,41,14,9,64
520128.0,0,41,14,1,72
520163.0,0,41,14,9,64
520292.0,0,41,14,9,64
520508.0,0,41,14,9,64
520520.0,0,40,14,10,64
520520.0,0,40,14,9,65
520652.0,0,40,14,9,65
520652.0,0,40,14,8,66
520674.0,0,40,14,9,65
520786.0,7,40,7,9,65
520786.0,0,47,7,9,65
520813.0,0,47,7,9,65
520969.0,0,47,7,9,65
521063.0,0,47,7,9,65
521066.0,0,47,7,9,65
521323.0,7,47,0,9,65
521412.0,7,47,0,73,1
521412.0,7,47,0,9,65
521436.0,7,39,0,17,65
521436.0,7,39,0,9,73
521477.0,7,39,0,17,65
521548.0,7,39,0,17,65
521557.0,7,39,0,33,49
521569.0,7,39,0,65,17
521660.0,7,7,0,97,17
521660.0,7,7,0,65,49
521743.0,7,7,0,65,49
521757.0,7,7,0,81,33
521757.0,7,7,0,17,97
521985.0,7,7,0,17,97
521985.0,3,11,0,17,97
522007.0,3,11,0,17,97
522007.0,1,13,0,17,97
522080.0,1,13,0,18,96
522116.0,1,13,0,82,32
522116.0,1,13,0,18,96
522131.0,1,13,0,18,96
522152.0,1,13,0,18,96
522254.0,1,13,0,18,96
522306.0,1,13,0,18,96
522377.0,1,13,0,18,96
522657.0,1,13,0,18,96
522881.0,1,13,0,18,96
522935.0,1,13,0,18,96
523016.0,1,13,0,18,96
523016.0,1,13,9,9,96
523083.0,1,13,9,9,96
523293.0,1,13,9,41,64
523293.0,0,14,9,23,82
523309.0,0,14,9,23,82
523311.0,0,14,9,24,81
523319.0,0,14,9,25,80
523330.0,0,14,9,25,80
523330.0,0,14,9,17,88
523426.0,0,14,9,25,80
523486.0,0,7,9,32,80
523486.0,0,7,9,16,96
523553.0,0,7,9,80,32
523553.0,0,7,9,16,96
523632.0,0,7,9,48,64
523632.0,0,7,9,32,80
523685.0,0,7,9,64,48
523740.0,0,7,9,64,48
523740.0,0,7,9,63,49
523754.0,0,7,9,64,48
523798.0,0,7,9,80,32
523798.0,0,7,9,16,96
523812.0,0,7,9,32,80
523812.0,0,7,9,16,96
523824.0,0,7,9,16,96
523842.0,0,7,9,32,80
523850.0,0,7,9,32,80
524113.0,0,7,9,48,64
524113.0,0,7,9,16,96
524193.0,0,7,9,16,96
524207.0,0,7,9,16,96
524207.0,0,7,9,8,104
524219.0,0,7,9,8,104
524228.0,0,7,9,40,72
524228.0,0,7,9,8,104
524244.0,0,7,9,8,104
524299.0,0,7,9,16,96
524299.0,0,7,9,8,104
524326.0,0,7,9,8,104
524327.0,0,7,9,16,96
524327.0,0,7,9,7,105
524336.0,0,7,9,8,104
524344.0,0,7,9,40,72
524409.0,0,7,9,48,64
524453.0,0,7,9,48,64
524521.0,0,7,9,48,64
524582.0,0,7,9,48,64
524685.0,0,3,9,52,64
524685.0,0,3,9,48,68
524698.0,0,3,9,48,68
524707.0,0,1,9,50,68
524707.0,0,1,9,48,70
524711.0,0,1,9,48,70
524711.0,0,1,9,24,94
524712.0,0,1,9,24,94
524797.0,0,1,9,24,94
524816.0,9,1,0,24,94
524832.0,9,1,0,32,86
524837.0,9,1,0,32,86
524837.0,1,9,0,32,86
524993.0,1,9,0,32,86
525013.0,1,9,0,32,86
525128.0,1,9,0,32,86
525199.0,1,9,0,32,86
525228.0,1,9,0,96,22
525228.0,1,9,0,28,90
525236.0,1,9,0,28,90
525244.0,1,9,0,28,90
525245.0,1,9,0,28,90
525245.0,1,9,0,27,91
525287.0,1,9,0,28,90
525291.0,1,9,0,32,86
525299.0,1,9,0,32,86
525299.0,1,9,0,31,87
525317.0,1,9,0,32,86
525321.0,1,9,0,32,86
525321.0,1,9,0,28,90
525344.0,1,9,0,28,90
525344.0,1,9,0,26,92
525368.0,1,9,0,42,76
525414.0,1,9,0,42,76
525414.0,1,9,0,26,92
525600.0,1,9,0,42,76
525649.0,1,9,0,42,76
525649.0,1,9,0,38,80
525745.0,1,9,0,38,80
525745.0,1,9,0,22,96
525749.0,1,9,0,26,92
525993.0,1,8,0,27,92
525993.0,1,8,0,19,100
526106.0,1,8,0,27,92
526111.0,1,8,0,43,76
526118.0,1,8,0,43,76
526118.0,1,8,0,27,92
526128.0,1,8,0,27,92
526147.0,1,8,0,27,92
526147.0,1,8,0,26,93
526163.0,1,8,0,27,92
526166.0,1,8,0,27,92
526166.0,1,8,0,26,93
526177.0,1,8,0,27,92
526191.0,1,8,0,27,92
526209.0,1,8,0,27,92
526268.0,1,8,0,27,92
526500.0,1,8,0,27,92
526517.0,1,8,0,43,76
526649.0,1,8,0,43,76
526649.0,1,8,1,42,76
526781.0,1,8,1,46,72
526783.0,1,8,1,48,70
526827.0,1,8,1,48,70
526847.0,1,8,1,112,6
526847.0,1,8,1,32,86
526954.0,1,8,1,48,70
527006.0,1,8,1,48,70
527078.0,1,8,1,48,70
527078.0,1,8,1,32,86
527214.0,1,8,1,48,70
527477.0,1,8,1,48,70
527477.0,1,8,1,32,86
527537.0,1,0,1,40,86
527537.0,1,0,1,32,94
527569.0,1,0,1,36,90
527570.0,1,0,1,52,74
527608.0,1,0,1,56,70
527633.0,1,0,1,56,70
527633.0,1,0,1,55,71
527648.0,1,0,1,56,70
527665.0,1,0,1,56,70
527665.0,1,0,1,55,71
527671.0,1,0,1,56,70
527674.0,1,0,1,56,70
527683.0,1,0,1,56,70
527747.0,1,0,1,56,70
527821.0,1,0,1,56,70
527821.0,0,1,1,40,86
527854.0,0,1,1,40,86
527879.0,0,1,1,56,70
527884.0,0,1,1,56,70
528114.0,0,1,1,56,70
528114.0,0,1,15,42,70
528267.0,0,1,15,106,6
528267.0,0,1,15,26,86
528300.0,0,1,15,26,86
528300.0,0,1,15,10,102
528377.0,0,1,15,26,86
528403.0,0,1,15,42,70
528449.0,1,1,14,46,66
528452.0,1,1,14,48,64
528469.0,1,1,14,48,64
528853.0,1,1,14,48,64
528853.0,1,1,14,16,96
528959.0,1,1,14,16,96
528959.0,1,1,14,15,97
529005.0,1,1,14,16,96
529018.0,1,1,14,16,96
529018.0,1,1,14,15,97
529027.0,1,1,14,47,65
529037.0,1,1,14,48,64
529043.0,1,1,14,48,64
529043.0,1,1,14,44,68
529066.0,1,1,14,44,68
529066.0,1,1,14,42,70
529129.0,1,1,14,42,70
529129.0,1,1,14,41,71
529132.0,1,1,14,41,71
529132.0,1,1,14,40,72
529158.0,1,1,14,41,71
529165.0,1,1,14,42,70
529167.0,1,1,14,42,70
529209.0,1,1,14,42,70
529303.0,1,1,14,42,70
529349.0,1,1,14,42,70
529349.0,1,1,18,38,70
529352.0,1,1,18,38,70
529352.0,1,1,20,36,70
529358.0,1,1,20,36,70
529475.0,1,1,20,36,70
529475.0,0,2,20,4,102
529479.0,0,2,20,4,102
529630.0,0,2,20,36,70
529704.0,0,2,20,100,6
529704.0,0,2,20,20,86
529787.0,0,2,20,36,70
529905.0,0,2,20,36,70
529914.0,14,2,6,36,70
529927.0,14,2,6,36,70
529947.0,14,2,6,36,70
530101.0,14,2,6,36,70
530126.0,14,2,6,36,70
530126.0,0,16,6,28,78
530158.0,0,16,6,28,78
530225.0,0,16,6,36,70
530421.0,0,16,6,100,6
530421.0,0,16,6,20,86
530493.0,0,16,6,20,86
530521.0,0,15,6,21,86
530521.0,0,15,6,20,87
530535.0,0,15,6,21,86
530604.0,0,15,6,21,86
530687.0,0,15,6,21,86
530895.0,0,15,6,37,70
530895.0,0,15,6,33,74
530946.0,0,15,6,37,70
531149.0,4,15,2,37,70
531152.0,6,15,0,37,70
531175.0,6,15,0,37,70
531321.0,6,15,0,37,70
531361.0,6,15,0,37,70
531388.0,6,15,0,37,70
531443.0,6,15,0,37,70
531795.0,6,15,0,37,70
531795.0,6,15,15,22,70
531795.0,4,17,15,22,70
531831.0,4,17,15,86,6
531831.0,4,17,15,46,46
531846.0,4,17,15,46,46
531879.0,4,17,15,46,46
531925.0,4,17,15,54,38
531949.0,4,17,15,86,6
531949.0,4,17,15,22,70
532017.0,4,17,15,22,70
532042.0,4,17,15,22,70
532156.0,4,17,15,26,66
532158.0,4,17,15,28,64
532175.0,4,16,15,29,64
532175.0,4,16,15,28,65
532199.0,4,16,15,29,64
532731.0,4,16,15,29,64
532826.0,4,2,15,43,64
532826.0,4,2,15,11,96
532849.0,4,2,15,11,96
532849.0,4,2,19,7,96
532887.0,4,2,19,7,96
532887.0,3,3,19,7,96
532919.0,3,3,19,7,96
532919.0,2,4,19,7,96
532928.0,2,4,19,7,96
532928.0,1,5,19,7,96
532948.0,1,5,19,39,64
532948.0,1,5,19,23,80
532974.0,1,5,19,23,80
533001.0,1,5,19,39,64
533001.0,0,6,19,7,96
533056.0,0,6,19,7,96
533114.0,0,6,19,39,64
533130.0,0,6,19,39,64
533390.0,0,6,19,103,0
533390.0,0,6,19,35,68
533436.0,0,6,19,39,64
533552.0,0,6,19,39,64
533552.0,0,6,19,7,96
533580.0,0,6,19,7,96
533595.0,15,6,4,7,96
533595.0,7,14,4,7,96
533668.0,7,14,4,39,64
533781.0,7,14,4,39,64
533781.0,7,14,4,38,65
533795.0,7,14,4,39,64
533848.0,7,14,4,39,64
533917.0,7,14,4,39,64
534014.0,7,14,4,39,64
534088.0,7,14,4,39,64
534124.0,7,14,4,39,64
534124.0,5,16,4,39,64
534290.0,5,16,4,39,64
534386.0,5,16,4,39,64
534427.0,5,16,4,39,64
534427.0,3,18,4,39,64
534480.0,3,18,4,39,64
534495.0,3,16,4,41,64
534495.0,3,16,4,39,66
534504.0,3,16,4,40,65
534508.0,3,16,4,41,64
534568.0,3,16,4,41,64
534568.0,3,16,35,10,64
534591.0,3,16,35,10,64
534591.0,2,17,35,10,64
534649.0,6,17,31,10,64
534675.0,6,17,31,10,64
534695.0,6,17,31,10,64
534695.0,6,17,32,9,64
534741.0,6,17,32,9,64
534741.0,5,18,32,9,64
534799.0,5,18,32,73,0
534799.0,5,18,32,9,64
534964.0,5,18,32,73,0
534964.0,5,18,32,9,64
535404.0,5,18,32,9,64
535547.0,5,18,32,9,64
535587.0,5,17,32,10,64
535587.0,5,17,32,9,65
535600.0,5,17,32,9,65
535600.0,3,19,32,9,65
535601.0,3,19,32,10,64
535619.0,3,18,32,11,64
535619.0,3,18,32,10,65
535625.0,3,18,32,10,65
535626.0,3,18,32,11,64
535628.0,3,17,32,12,64
535628.0,3,17,32,11,65
535639.0,3,17,32,12,64
535646.0,3,17,32,12,64
535646.0,0,20,32,10,66
535699.0,0,20,32,10,66
535701.0,0,19,32,11,66
535701.0,0,19,32,3,74
535791.0,0,19,32,11,66
535864.0,0,19,32,11,66
535894.0,0,19,32,11,66
535895.0,0,19,32,11,66
535895.0,0,19,32,9,68
535908.0,0,19,32,10,67
535917.0,0,19,32,11,66
535951.0,0,19,32,11,66
536007.0,0,19,32,11,66
536007.0,0,19,32,3,74
536295.0,0,11,32,11,74
536295.0,0,11,32,3,82
536368.0,31,11,1,3,82
536368.0,0,42,1,3,82
536375.0,0,42,1,67,18
536375.0,0,42,1,3,82
536385.0,0,42,1,11,74
536434.0,0,42,1,11,74
536434.0,0,42,1,10,75
536439.0,0,42,1,12,73
536440.0,0,42,1,13,72
536495.0,1,42,0,13,72
536526.0,1,42,0,13,72
536536.0,1,42,0,21,64
536691.0,1,42,0,21,64
536808.0,1,42,0,21,64
536817.0,1,42,0,21,64
536824.0,1,40,0,23,64
536824.0,1,40,0,21,66
536833.0,1,40,0,21,66
536840.0,1,40,0,22,65
536842.0,1,40,0,23,64
536899.0,1,40,0,23,64
536952.0,1,40,0,23,64
536952.0,0,41,0,22,65
536983.0,0,41,0,23,64
537127.0,0,39,0,25,64
537127.0,0,39,0,23,66
537136.0,0,39,0,24,65
537142.0,0,39,0,25,64
537275.0,0,39,0,25,64
537285.0,0,39,0,25,64
537291.0,0,38,0,26,64
537291.0,0,38,0,25,65
537311.0,0,38,0,26,64
537339.0,0,38,0,26,64
537339.0,0,38,2,24,64
537340.0,0,38,2,24,64
537340.0,0,38,3,23,64
537434.0,0,38,3,23,64
537436.0,0,38,3,23,64
537436.0,0,38,11,15,64
537441.0,0,37,11,16,64
537441.0,0,37,11,15,65
537533.0,0,37,11,16,64
537624.0,0,37,11,16,64
537624.0,0,37,11,15,65
537637.0,0,37,11,16,64
537740.0,0,37,11,16,64
537742.0,0,37,11,16,64
537742.0,0,37,12,15,64
537854.0,0,37,12,79,0
537854.0,0,37,12,47,32
537883.0,0,37,12,47,32
538065.0,0,37,12,79,0
538065.0,0,37,12,15,64
538070.0,0,37,12,15,64
538094.0,0,37,12,15,64
538253.0,0,37,12,15,64
538253.0,0,37,12,14,65
538274.0,0,37,12,15,64
538300.0,0,35,12,17,64
538300.0,0,35,12,15,66
538320.0,0,35,12,16,65
538340.0,0,35,12,17,64
538346.0,0,32,12,20,64
538346.0,0,32,12,16,68
538487.0,0,32,12,80,4
538487.0,0,32,12,16,68
538754.0,0,32,12,16,68
538884.0,0,32,12,16,68
538936.0,0,32,12,16,68
538936.0,0,32,12,15,69
538945.0,0,32,12,15,69
538945.0,0,32,12,14,70
538965.0,0,32,12,14,70
538967.0,0,32,12,15,69
538981.0,0,32,12,16,68
538993.0,0,32,12,16,68
538993.0,0,32,12,15,69
539014.0,0,32,12,16,68
539019.0,0,32,12,16,68
539019.0,0,32,12,12,72
539041.0,0,32,12,16,68
539068.0,0,1,12,47,68
539068.0,0,1,12,15,100
539139.0,2,1,10,15,100
539140.0,3,1,9,15,100
539157.0,3,1,9,19,96
539224.0,3,1,9,51,64
539224.0,3,1,9,19,96
539236.0,11,1,1,19,96
539387.0,11,1,1,19,96
539441.0,11,1,1,51,64
539441.0,11,1,1,19,96
539458.0,11,1,1,83,32
539542.0,12,1,0,83,32
539573.0,12,1,0,115,0
539652.0,12,0,0,116,0
539652.0,12,0,0,108,8
539799.0,12,0,0,116,0
540124.0,12,0,0,116,0
540256.0,12,0,0,116,0
540256.0,12,0,0,115,1
540262.0,12,0,0,116,0
540324.0,12,0,0,116,0
540324.0,12,0,0,52,64
540341.0,12,0,0,52,64
540358.0,12,0,0,52,64
540358.0,12,0,11,41,64
540414.0,12,0,11,41,64
540414.0,12,0,11,40,65
540434.0,12,0,11,41,64
540473.0,12,0,11,41,64
540473.0,12,0,42,10,64
540699.0,12,0,42,10,64
540699.0,12,0,50,2,64
540719.0,12,0,50,2,64
540719.0,4,8,50,2,64
540769.0,4,8,50,2,64
540906.0,4,8,50,2,64
540914.0,4,8,50,2,64
540914.0,0,12,50,2,64
540922.0,0,12,50,2,64
540930.0,0,12,50,2,64
540930.0,0,12,50,0,66
540940.0,0,12,50,0,66
541012.0,0,12,50,2,64
541012.0,0,12,50,0,66
541089.0,0,12,50,2,64
541153.0,0,12,50,2,64
541153.0,0,12,50,1,65
541162.0,0,12,50,1,65
541316.0,0,12,50,2,64
541989.0,0,12,50,2,64
541989.0,0,12,51,1,64
542101.0,0,12,51,65,0
542101.0,0,12,51,57,8
542143.0,0,12,51,65,0
542143.0,0,12,51,1,64
542158.0,11,12,40,1,64
542189.0,11,12,40,1,64
542216.0,11,12,40,1,64
542273.0,42,12,9,1,64
542499.0,50,12,1,1,64
542535.0,50,12,1,1,64
542793.0,50,12,1,1,64
542973.0,50,12,1,65,0
542973.0,18,44,1,1,64
543001.0,18,44,1,1,64
543043.0,18,44,1,1,64
543222.0,18,44,1,1,64
543222.0,18,44,1,0,65
543246.0,18,44,1,1,64
543271.0,18,44,1,1,64
543271.0,10,52,1,1,64
543296.0,10,52,1,1,64
543296.0,2,60,1,1,64
543371.0,2,60,1,1,64
543371.0,2,60,1,0,65
543377.0,2,60,1,1,64
543380.0,2,60,1,1,64
543380.0,2,60,1,0,65
543392.0,2,60,1,0,65
543419.0,2,52,1,8,65
543419.0,2,52,1,0,73
543460.0,2,52,1,8,65
543460.0,2,52,1,4,69
543492.0,2,52,1,5,68
543536.0,2,52,1,9,64
543614.0,2,48,1,13,64
543614.0,2,48,1,9,68
543701.0,2,48,1,11,66
543706.0,2,48,1,13,64
543789.0,3,48,0,13,64
543873.0,3,48,0,13,64
543950.0,3,48,0,13,64
543950.0,3,48,0,12,65
543966.0,3,48,0,13,64
543975.0,3,48,0,13,64
543975.0,3,48,0,9,68
544011.0,3,48,0,9,68
544011.0,3,48,0,8,69
544053.0,3,48,0,8,69
544146.0,3,48,0,8,69
544148.0,3,48,0,9,68
544234.0,3,48,0,9,68
544277.0,3,48,0,9,68
544309.0,3,48,0,13,64
544360.0,3,48,0,13,64
544411.0,3,48,0,13,64
544411.0,1,50,0,13,64
544436.0,1,50,0,13,64
544436.0,1,50,3,10,64
544601.0,1,50,3,10,64
544601.0,1,50,5,8,64
544606.0,1,50,5,8,64
544606.0,1,50,7,6,64
544732.0,1,50,7,70,0
544732.0,1,50,7,6,64
544866.0,1,50,7,6,64
545632.0,1,50,7,6,64
545632.0,1,50,13,0,64
545673.0,1,18,13,32,64
545673.0,1,18,13,0,96
545731.0,1,18,13,16,80
545736.0,1,18,13,32,64
545865.0,1,18,13,32,64
545865.0,1,18,13,31,65
545886.0,1,18,13,31,65
545886.0,0,19,13,31,65
545941.0,0,19,13,31,65
545971.0,0,11,13,39,65
545971.0,0,11,13,31,73
545973.0,0,11,13,32,72
545996.0,0,3,13,40,72
545996.0,0,3,13,32,80
546025.0,0,3,13,32,80
546068.0,0,3,13,40,72
546077.0,0,3,13,48,64
546077.0,0,3,13,31,81
546113.0,0,3,13,47,65
546203.0,0,3,13,48,64
546236.0,3,3,10,48,64
546257.0,3,3,10,48,64
546257.0,3,3,10,47,65
546319.0,3,3,10,47,65
546323.0,3,3,10,48,64
546338.0,3,3,10,48,64
546401.0,5,3,8,48,64
546406.0,7,3,6,48,64
546428.0,7,3,6,48,64
546474.0,7,3,6,48,64
546631.0,7,3,6,48,64
546650.0,7,3,6,48,64
546873.0,7,3,6,48,64
547013.0,7,3,6,48,64
547013.0,7,3,21,33,64
547103.0,7,3,21,33,64
547103.0,7,3,22,32,64
547111.0,7,1,22,34,64
547111.0,7,1,22,32,66
547185.0,7,1,22,33,65
547223.0,7,1,22,33,65
547223.0,7,1,23,32,65
547254.0,7,1,23,32,65
547317.0,7,1,23,96,1
547317.0,6,2,23,31,66
547352.0,6,2,23,47,50
547353.0,6,2,23,79,18
547358.0,6,2,23,95,2
547387.0,6,2,23,95,2
547426.0,6,2,23,95,2
547426.0,6,2,23,75,22
547432.0,12,2,17,75,22
547458.0,12,2,17,79,18
547461.0,12,2,17,79,18
547462.0,12,2,17,95,2
547575.0,12,2,17,95,2
547575.0,12,2,17,83,14
547618.0,12,2,17,84,13
547651.0,12,2,17,88,9
547691.0,12,2,17,88,9
547743.0,12,2,17,88,9
547743.0,12,2,17,76,21
547778.0,12,2,17,84,13
547801.0,12,2,17,88,9
547806.0,12,2,17,88,9
548085.0,12,2,17,88,9
548090.0,12,2,17,88,9
548090.0,12,2,17,83,14
548104.0,12,2,17,84,13
548252.0,12,2,17,84,13
548253.0,12,2,17,84,13
548253.0,12,2,48,53,13
548258.0,12,2,48,53,13
548258.0,12,2,61,40,13
548446.0,12,2,61,40,13
548446.0,12,2,61,32,21
548518.0,12,2,61,32,21
548518.0,12,2,62,31,21
548533.0,12,2,62,39,13
548549.0,12,2,62,40,12
548586.0,12,1,62,41,12
548586.0,12,1,62,9,44
548603.0,12,1,62,9,44
548603.0,12,1,62,1,52
548624.0,12,1,62,33,20
548650.0,12,1,62,37,16
548704.0,12,1,62,37,16
548744.0,12,1,62,37,16
548744.0,12,1,62,33,20
548765.0,12,1,62,41,12
548777.0,12,1,62,45,8
548783.0,12,1,62,45,8
548783.0,12,1,62,41,12
548813.0,27,1,47,41,12
548815.0,27,1,47,45,8
548819.0,27,1,47,45,8
548819.0,27,1,47,41,12
548833.0,27,1,47,45,8
548854.0,27,1,47,49,4
548856.0,27,1,47,49,4
548856.0,27,1,47,41,12
548888.0,27,1,47,49,4
548903.0,28,1,46,49,4
548910.0,28,1,46,53,0
549023.0,29,1,45,53,0
549433.0,29,1,45,53,0
549433.0,29,1,46,52,0
549524.0,29,1,46,52,0
549524.0,29,1,76,22,0
549550.0,29,1,76,22,0
549550.0,29,1,78,20,0
549665.0,29,1,78,20,0
549665.0,29,1,86,12,0
549788.0,29,1,86,12,0
549788.0,29,1,94,4,0
549810.0,29,1,94,4,0
549810.0,29,1,98,0,0
550017.0,29,0,98,1,0
550017.0,29,0,98,0,1
550033.0,29,0,98,1,0
550053.0,60,0,67,1,0
550058.0,73,0,54,1,0
550318.0,74,0,53,1,0
550933.0,74,0,53,1,0
550933.0,74,0,54,0,0
551233.0,75,0,53,0,0
551324.0,105,0,23,0,0
551350.0,107,0,21,0,0
551465.0,115,0,13,0,0
551588.0,123,0,5,0,0
551610.0,127,0,1,0,0
551668.0,127,0,1,0,0
551710.0,127,0,1,0,0
552733.0,128,0,0,0,0
552733.0,0,128,0,0,0
554797.0,0,128,0,0,0
554978.0,0,128,0,0,0
555433.0,0,0,0,128,0
555433.0,0,0,0,0,128
555555.0,0,0,0,128,0
555555.0,0,0,0,62,66
555586.0,0,0,0,63,65
555591.0,0,0,0,127,1
555609.0,0,0,0,128,0
555609.0,0,0,0,0,128
555780.0,0,0,0,128,0
555780.0,0,0,0,0,128
556455.0,0,0,0,0,128
565931.0,0,0,0,0,128
566017.0,0,0,0,0,128
566712.0,0,0,0,128,0
566712.0,0,0,0,0,128
566795.0,0,0,0,128,0
566795.0,0,0,0,64,64
567695.0,0,0,0,64,64
567695.0,0,0,64,0,64
569495.0,64,0,0,0,64
577722.0,64,0,0,64,0
578622.0,64,0,0,64,0
578622.0,64,0,64,0,0
580422.0,128,0,0,0,0
584697.0,128,0,0,0,0
584697.0,120,8,0,0,0
584734.0,120,8,0,0,0
584734.0,119,9,0,0,0
584795.0,119,9,0,0,0
584795.0,118,10,0,0,0
585173.0,118,10,0,0,0
585173.0,117,11,0,0,0
586790.0,117,11,0,0,0
586790.0,113,15,0,0,0
587107.0,113,15,0,0,0
587107.0,109,19,0,0,0
587122.0,109,19,0,0,0
587122.0,105,23,0,0,0
587397.0,105,15,0,8,0
587397.0,105,15,0,0,8
587434.0,105,14,0,1,8
587434.0,105,14,0,0,9
587483.0,105,14,0,1,8
587495.0,105,13,0,2,8
587495.0,105,13,0,1,9
587509.0,105,13,0,9,1
587538.0,105,13,0,10,0
587873.0,105,12,0,11,0
587873.0,105,12,0,10,1
587923.0,105,12,0,11,0
587964.0,105,12,0,11,0
587964.0,105,12,0,7,4
587967.0,105,12,0,11,0
588383.0,105,12,0,11,0
588409.0,105,12,0,11,0
588409.0,105,12,5,6,0
588438.0,105,12,5,6,0
588438.0,105,12,6,5,0
588823.0,105,12,6,5,0
588823.0,105,12,7,4,0
588867.0,105,12,7,4,0
588867.0,105,12,11,0,0
589220.0,105,12,11,0,0
589220.0,73,44,11,0,0
589262.0,73,44,11,0,0
589262.0,41,76,11,0,0
589283.0,41,76,11,0,0
589283.0,9,108,11,0,0
589490.0,9,104,11,4,0
589490.0,9,104,11,0,4
589493.0,9,104,11,4,0
589807.0,9,100,11,8,0
589807.0,9,100,11,4,4
589810.0,9,100,11,8,0
589822.0,9,96,11,12,0
589822.0,9,96,11,8,4
589825.0,9,96,11,12,0
590209.0,14,96,6,12,0
590238.0,15,96,5,12,0
590393.0,15,96,5,12,0
590393.0,15,96,9,8,0
590623.0,16,96,8,8,0
590667.0,20,96,4,8,0
590710.0,20,96,4,8,0
590710.0,20,96,8,4,0
590725.0,20,96,8,4,0
590725.0,20,96,12,0,0
590822.0,20,96,12,0,0
590822.0,16,100,12,0,0
590953.0,16,100,12,0,0
590953.0,15,101,12,0,0
591032.0,15,101,12,0,0
591032.0,7,109,12,0,0
591129.0,7,109,12,0,0
591129.0,3,113,12,0,0
591182.0,3,113,12,0,0
591182.0,2,114,12,0,0
591634.0,2,114,12,0,0
591656.0,2,114,12,0,0
591775.0,2,114,12,0,0
591795.0,2,114,12,0,0
591883.0,2,114,12,0,0
591920.0,2,82,12,32,0
591920.0,2,82,12,0,32
591923.0,2,82,12,32,0
591923.0,2,82,12,0,32
591962.0,2,50,12,32,32
591962.0,2,50,12,0,64
591965.0,2,50,12,32,32
591965.0,0,52,12,8,56
591983.0,0,20,12,40,56
591983.0,0,20,12,8,88
591986.0,0,20,12,40,56
591986.0,0,20,12,8,88
592002.0,0,20,12,40,56
592023.0,0,20,12,48,48
592034.0,0,20,12,48,48
592034.0,0,20,12,16,80
592057.0,0,20,12,16,80
592057.0,0,20,12,8,88
592109.0,0,20,12,8,88
592111.0,0,20,12,40,56
592111.0,0,20,12,24,72
592133.0,0,20,12,40,56
592193.0,4,20,8,40,56
592247.0,4,20,8,56,40
592397.0,4,20,8,88,8
592398.0,4,20,8,96,0
592510.0,8,20,4,96,0
592525.0,12,20,0,96,0
592612.0,12,20,0,96,0
592612.0,12,20,0,80,16
592614.0,12,20,0,80,16
592614.0,12,20,0,48,48
592659.0,12,20,0,48,48
592659.0,12,20,0,40,56
592700.0,12,20,0,80,16
592789.0,12,20,0,96,0
592838.0,12,20,0,96,0
592865.0,12,20,0,96,0
592886.0,12,20,0,96,0
592902.0,12,20,0,96,0
592923.0,12,20,0,96,0
592963.0,12,20,0,96,0
593011.0,12,20,0,96,0
593111.0,12,20,0,96,0
593111.0,12,20,0,63,33
593128.0,12,20,0,64,32
593147.0,12,20,0,64,32
593184.0,12,20,0,64,32
593196.0,12,20,0,64,32
593196.0,12,20,0,40,56
593292.0,12,20,0,40,56
593297.0,12,20,0,40,56
593297.0,12,20,24,16,56
593298.0,12,20,24,16,56
593298.0,12,20,28,12,56
593316.0,12,20,28,44,24
593330.0,12,20,28,52,16
593384.0,12,20,28,68,0
593440.0,12,20,28,68,0
593440.0,12,20,28,51,17
593460.0,12,20,28,52,16
593488.0,12,20,28,52,16
593514.0,12,20,28,52,16
593514.0,12,20,28,51,17
593522.0,12,16,28,55,17
593522.0,12,16,28,51,21
593539.0,12,16,28,52,20
593580.0,12,16,28,68,4
593600.0,12,16,28,68,4
593600.0,12,16,34,62,4
593653.0,12,15,34,63,4
593653.0,12,15,34,62,5
593657.0,12,15,34,63,4
593704.0,12,15,34,67,0
593732.0,12,7,34,75,0
593732.0,12,7,34,67,8
593796.0,12,7,34,75,0
593829.0,12,3,34,79,0
593829.0,12,3,34,75,4
593870.0,12,3,34,79,0
593882.0,12,2,34,80,0
593882.0,12,2,34,79,1
593887.0,12,2,34,80,0
594004.0,12,2,34,80,0
594004.0,12,2,34,64,16
594177.0,12,2,34,80,0
594216.0,12,2,34,80,0
594216.0,12,2,50,64,0
594226.0,12,2,50,64,0
594226.0,12,2,50,60,4
594230.0,12,2,50,60,4
594230.0,12,2,57,53,4
594284.0,12,2,57,53,4
594284.0,12,2,73,37,4
594308.0,12,2,73,37,4
594308.0,12,2,73,36,5
594314.0,12,2,73,37,4
594480.0,12,2,73,37,4
594480.0,12,2,81,29,4
594557.0,12,2,81,29,4
594557.0,12,2,82,28,4
594604.0,12,2,82,28,4
594604.0,12,2,86,24,4
594665.0,12,0,86,26,4
594665.0,12,0,86,18,12
594696.0,12,0,86,18,12
594696.0,12,0,92,12,12
594770.0,12,0,92,20,4
594796.0,12,0,92,20,4
594796.0,12,0,92,4,20
594815.0,12,0,92,8,16
595077.0,12,0,92,8,16
595097.0,36,0,68,8,16
595098.0,40,0,64,8,16
595171.0,40,0,64,24,0
595225.0,40,0,64,24,0
595225.0,40,0,64,20,4
595343.0,40,0,64,20,4
595343.0,40,0,64,19,5
595345.0,40,0,64,20,4
595364.0,40,0,64,20,4
595400.0,46,0,58,20,4
595670.0,46,0,58,20,4
595670.0,46,0,62,16,4
595715.0,46,0,62,16,4
595715.0,46,0,63,15,4
596016.0,62,0,47,15,4
596030.0,69,0,40,15,4
596071.0,69,0,40,15,4
596071.0,69,0,54,1,4
596084.0,85,0,38,1,4
596169.0,85,0,38,1,4
596209.0,85,0,38,1,4
596245.0,85,0,38,1,4
596245.0,85,0,39,0,4
596280.0,93,0,31,0,4
596357.0,94,0,30,0,4
596404.0,98,0,26,0,4
596455.0,98,0,26,0,4
596461.0,98,0,26,0,4
596496.0,104,0,20,0,4
596509.0,104,0,20,0,4
596630.0,104,0,20,0,4
596713.0,104,0,20,0,4
597149.0,104,0,20,0,4
597176.0,104,0,20,0,4
597184.0,104,0,20,0,4
597234.0,104,0,20,0,4
597470.0,108,0,16,0,4
597515.0,109,0,15,0,4
597582.0,109,0,15,0,4
597871.0,123,0,1,0,4
598003.0,123,0,1,0,4
598045.0,124,0,0,0,4
598654.0,124,0,0,4,0
598654.0,0,124,0,4,0
598863.0,0,124,0,4,0
598870.0,0,124,0,4,0
598940.0,0,124,0,4,0
598985.0,0,124,0,4,0
598997.0,0,124,0,4,0
599437.0,0,124,0,4,0
599459.0,0,124,0,4,0
599713.0,0,124,0,4,0
599762.0,0,124,0,4,0
600373.0,0,124,0,4,0
600433.0,0,124,0,4,0
601210.0,0,124,0,4,0
601354.0,0,0,0,128,0
601354.0,0,0,0,0,128
601454.0,0,0,0,128,0
601454.0,0,0,0,0,128
601467.0,0,0,0,32,96
601467.0,0,0,0,0,128
601468.0,0,0,0,16,112
601468.0,0,0,0,0,128
601476.0,0,0,0,8,120
601477.0,0,0,0,16,112
601477.0,0,0,0,0,128
601481.0,0,0,0,16,112
601481.0,0,0,0,0,128
601488.0,0,0,0,16,112
601488.0,0,0,0,0,128
601490.0,0,0,0,16,112
601490.0,0,0,0,0,128
601497.0,0,0,0,16,112
601497.0,0,0,0,2,126
601505.0,0,0,0,18,110
601505.0,0,0,0,2,126
601510.0,0,0,0,6,122
601510.0,0,0,0,2,126
601514.0,0,0,0,3,125
601516.0,0,0,0,8,120
601516.0,0,0,0,4,124
601522.0,0,0,0,8,120
601524.0,0,0,0,8,120
601526.0,0,0,0,24,104
601526.0,0,0,0,8,120
601531.0,0,0,0,12,116
601533.0,0,0,0,28,100
601546.0,0,0,0,32,96
601546.0,0,0,0,0,128
601559.0,0,0,0,0,128
601847.0,0,0,0,0,128
601937.0,0,0,0,0,128
601983.0,0,0,0,0,128
602011.0,0,0,0,0,128
602041.0,0,0,0,32,96
602041.0,0,0,0,3,125
602047.0,0,0,0,3,125
602047.0,0,0,0,2,126
602056.0,0,0,0,18,110
602056.0,0,0,0,14,114
602070.0,0,0,0,14,114
602070.0,0,0,0,10,118
602072.0,0,0,0,14,114
602076.0,0,0,0,18,110
602090.0,0,0,0,22,106
602097.0,0,0,0,26,102
602109.0,0,0,0,27,101
602116.0,0,0,0,31,97
602120.0,0,0,0,31,97
602120.0,0,0,0,30,98
602135.0,0,0,0,30,98
602135.0,0,0,0,26,102
602142.0,0,0,0,27,101
602147.0,0,0,0,27,101
602147.0,0,0,0,23,105
602170.0,0,0,0,23,105
602170.0,0,0,0,21,107
602181.0,0,0,0,25,103
602193.0,0,0,0,26,102
602236.0,0,0,0,26,102
602236.0,0,0,0,22,106
602260.0,0,0,0,22,106
602260.0,0,0,0,21,107
602264.0,0,0,0,21,107
602304.0,0,0,0,22,106
602317.0,0,0,0,26,102
602376.0,0,0,0,26,102
602397.0,0,0,0,26,102
602416.0,0,0,0,26,102
602549.0,0,0,0,26,102
602598.0,0,0,0,26,102
602598.0,0,0,0,22,106
602612.0,0,0,0,26,102
602688.0,0,0,0,26,102
602688.0,0,0,0,22,106
602734.0,0,0,0,26,102
602826.0,0,0,0,26,102
602826.0,0,0,0,22,106
602941.0,0,0,0,22,106
602956.0,0,0,0,22,106
602956.0,0,0,10,12,106
602976.0,0,0,10,12,106
602976.0,0,0,11,11,106
602988.0,0,0,11,11,106
602988.0,0,0,11,10,107
602990.0,0,0,11,10,107
602990.0,0,0,14,7,107
603009.0,0,0,14,7,107
603009.0,0,0,15,6,107
603016.0,0,0,15,6,107
603016.0,0,0,19,2,107
603022.0,0,0,19,3,106
603093.0,0,0,19,3,106
603093.0,0,0,20,2,106
603101.0,0,0,20,6,102
603143.0,0,0,20,6,102
603168.0,0,0,20,6,102
603168.0,0,0,20,2,106
603204.0,0,0,20,2,106
603235.0,0,0,20,2,106
603298.0,0,0,20,2,106
603349.0,0,0,20,2,106
603386.0,0,0,20,2,106
603386.0,0,0,20,1,107
603406.0,0,0,20,2,106
603467.0,0,0,20,2,106
603477.0,0,0,20,6,102
603477.0,0,0,20,2,106
603536.0,0,0,20,6,102
603536.0,0,0,20,2,106
603580.0,0,0,20,6,102
603617.0,0,0,20,6,102
603617.0,0,0,20,5,103
603657.0,0,0,20,6,102
603696.0,0,0,20,6,102
603696.0,0,0,20,2,106
603744.0,0,0,20,6,102
603772.0,0,0,20,10,98
603775.0,0,0,20,12,96
603838.0,0,0,20,12,96
603838.0,0,0,20,11,97
603864.0,0,0,20,12,96
604001.0,0,0,20,12,96
604142.0,0,0,20,12,96
604142.0,0,0,20,11,97
604180.0,0,0,20,11,97
604241.0,0,0,20,12,96
604367.0,0,0,20,12,96
604367.0,0,0,20,11,97
604377.0,0,0,20,11,97
604408.0,0,0,20,12,96
604436.0,0,0,20,12,96
604441.0,0,0,20,12,96
604441.0,0,0,20,7,101
604467.0,0,0,20,11,97
604480.0,0,0,20,11,97
604557.0,0,0,20,11,97
604609.0,0,0,20,12,96
604643.0,0,0,20,12,96
604643.0,0,0,20,4,104
604644.0,0,0,20,4,104
604672.0,0,0,20,4,104
604692.0,0,0,20,4,104
604692.0,0,0,20,3,105
604717.0,0,0,20,4,104
604756.0,10,0,10,4,104
604776.0,11,0,9,4,104
604790.0,14,0,6,4,104
604809.0,15,0,5,4,104
604816.0,19,0,1,4,104
604893.0,20,0,0,4,104
605244.0,20,0,0,4,104
605252.0,20,0,0,12,96
605302.0,20,0,0,12,96
605302.0,12,8,0,12,96
605367.0,12,8,0,12,96
605367.0,12,8,2,10,96
605509.0,12,8,2,10,96
605509.0,12,8,3,9,96
605617.0,12,8,3,9,96
605617.0,12,8,4,8,96
605783.0,12,8,4,8,96
605841.0,12,8,4,40,64
605841.0,0,20,4,40,64
605886.0,0,20,4,40,64
605886.0,0,20,4,36,68
605904.0,0,20,4,40,64
605938.0,0,20,4,40,64
605938.0,0,20,4,36,68
605964.0,0,20,4,40,64
605987.0,0,20,4,40,64
605987.0,0,20,4,36,68
606011.0,0,20,4,40,64
606074.0,0,20,4,40,64
606074.0,0,20,4,36,68
606110.0,0,20,4,36,68
606110.0,0,20,4,28,76
606126.0,0,20,4,32,72
606152.0,0,20,4,32,72
606167.0,0,20,4,32,72
606167.0,0,20,4,28,76
606209.0,0,20,4,32,72
606245.0,0,20,4,32,72
606245.0,0,20,4,28,76
606257.0,0,20,4,32,72
606377.0,0,20,4,40,64
606425.0,0,20,4,40,64
606425.0,0,20,4,32,72
606540.0,0,20,4,32,72
606540.0,0,20,4,28,76
606556.0,0,20,4,32,72
606741.0,0,20,4,32,72
606800.0,0,20,4,96,8
606800.0,0,20,4,32,72
606833.0,0,20,4,32,72
606864.0,0,20,4,32,72
606911.0,0,20,4,32,72
607026.0,0,20,4,32,72
607028.0,0,20,4,40,64
607061.0,0,20,4,40,64
607111.0,0,20,4,40,64
607111.0,0,20,4,32,72
607157.0,0,20,4,32,72
607167.0,2,20,2,32,72
607277.0,2,20,2,32,72
607309.0,3,20,1,32,72
607417.0,4,20,0,32,72
607700.0,4,20,0,32,72
607700.0,4,20,4,28,72
607727.0,4,20,4,36,64
607807.0,4,20,4,36,64
607928.0,4,20,4,36,64
607928.0,4,20,12,28,64
608002.0,4,12,12,36,64
608002.0,4,12,12,28,72
608011.0,4,12,12,28,72
608285.0,4,12,12,28,72
608440.0,4,12,12,28,72
608541.0,4,0,12,40,72
608541.0,4,0,12,8,104
608609.0,4,0,12,40,72
608609.0,4,0,12,8,104
608627.0,4,0,12,8,104
608674.0,4,0,12,16,96
608674.0,0,4,12,16,96
608733.0,0,4,12,48,64
608733.0,0,4,12,16,96
608844.0,0,4,12,16,96
608878.0,0,4,12,48,64
608878.0,0,4,12,16,96
608999.0,0,4,12,16,96
609215.0,0,4,12,16,96
609215.0,0,4,12,12,100
609332.0,0,4,12,12,100
609334.0,0,4,12,12,100
609336.0,0,4,12,44,68
609336.0,0,4,12,12,100
609500.0,4,4,8,12,100
609509.0,4,4,8,12,100
609512.0,4,4,8,16,96
609512.0,3,5,8,16,96
609533.0,3,5,8,16,96
609533.0,0,8,8,16,96
609556.0,0,8,8,48,64
609556.0,0,8,8,16,96
609574.0,0,8,8,16,96
609591.0,0,8,8,80,32
609591.0,0,8,8,16,96
609602.0,0,8,8,48,64
609602.0,0,8,8,16,96
609617.0,0,8,8,48,64
609617.0,0,8,8,16,96
609623.0,0,8,8,48,64
609623.0,0,8,8,16,96
609633.0,0,8,8,16,96
609728.0,8,8,0,16,96
609778.0,8,8,0,16,96
609795.0,8,8,0,48,64
609795.0,8,8,0,16,96
609904.0,8,8,0,16,96
610286.0,8,8,0,16,96
610412.0,8,8,0,16,96
610456.0,8,8,0,16,96
610491.0,8,8,0,16,96
610502.0,8,8,0,16,96
610517.0,8,8,0,16,96
610523.0,8,8,0,16,96
610695.0,8,8,0,16,96
610695.0,8,8,3,13,96
610767.0,8,8,3,13,96
610888.0,8,8,3,13,96
610910.0,8,8,3,13,96
610964.0,8,8,3,13,96
610982.0,8,8,3,13,96
610994.0,8,8,3,13,96
611000.0,8,8,3,13,96
611118.0,8,8,3,13,96
611295.0,8,8,3,13,96
611322.0,8,8,3,13,96
611374.0,8,4,3,17,96
611374.0,8,4,3,1,112
611383.0,8,4,3,1,112
611434.0,8,4,3,17,96
611434.0,0,12,3,9,104
611496.0,0,12,3,9,104
611704.0,0,12,3,13,100
611704.0,0,12,3,9,104
611711.0,0,12,3,9,104
611740.0,0,12,3,13,100
611740.0,0,12,3,9,104
611797.0,0,12,3,41,72
611797.0,0,12,3,9,104
611801.0,0,12,3,11,102
611838.0,0,12,3,15,98
611838.0,0,12,3,11,102
611839.0,0,12,3,11,102
611898.0,0,12,3,15,98
611898.0,0,12,3,11,102
611941.0,0,12,3,15,98
611941.0,0,12,3,11,102
611986.0,0,12,3,43,70
611986.0,0,12,3,11,102
612131.0,0,12,3,43,70
612131.0,0,12,3,11,102
612151.0,0,12,3,11,102
612212.0,0,11,3,12,102
612212.0,0,11,3,11,103
612228.0,0,11,3,12,102
612233.0,0,8,3,15,102
612233.0,0,8,3,11,106
612267.0,0,8,3,43,74
612267.0,0,8,3,11,106
612355.0,0,8,3,11,106
612406.0,0,8,3,43,74
612406.0,0,8,3,11,106
612495.0,3,8,0,11,106
612530.0,3,8,0,15,102
612530.0,0,11,0,11,106
612548.0,0,11,0,43,74
612548.0,0,11,0,11,106
612578.0,0,11,0,15,102
612578.0,0,11,0,11,106
612599.0,0,11,0,11,106
612623.0,0,11,0,15,102
612683.0,0,11,0,47,70
612683.0,0,11,0,15,102
612701.0,0,11,0,15,102
612738.0,0,11,0,15,102
612769.0,0,11,0,15,102
612798.0,0,11,0,15,102
612816.0,0,11,0,47,70
612816.0,0,11,0,15,102
612820.0,0,11,0,47,70
612820.0,0,11,0,15,102
612839.0,0,11,0,15,102
612841.0,0,11,0,15,102
612859.0,0,11,0,47,70
612859.0,0,11,0,15,102
612886.0,0,11,0,15,102
613012.0,0,11,0,15,102
613031.0,0,11,0,15,102
613128.0,0,11,0,15,102
613167.0,0,11,0,15,102
613189.0,0,11,0,15,102
613216.0,0,11,0,15,102
613245.0,0,11,0,15,102
613277.0,0,11,0,15,102
613298.0,0,11,0,15,102
613298.0,0,11,0,13,104
613306.0,0,11,0,13,104
613345.0,0,11,0,15,102
613430.0,0,11,0,15,102
613448.0,0,11,0,15,102
613478.0,0,11,0,15,102
613510.0,0,11,0,15,102
613583.0,0,11,0,15,102
613606.0,0,11,0,19,98
613606.0,0,11,0,11,106
613716.0,0,11,0,11,106
613720.0,0,11,0,11,106
613722.0,0,11,0,11,106
613759.0,0,11,0,11,106
613894.0,0,11,0,11,106
614047.0,0,11,0,11,106
614134.0,0,3,0,19,106
614134.0,0,3,0,3,122
614233.0,0,3,0,3,122
614393.0,0,3,0,19,106
614393.0,0,3,0,3,122
614417.0,0,3,0,3,122
614465.0,0,3,0,11,114
614465.0,0,3,0,3,122
614483.0,0,3,0,11,114
614483.0,0,3,0,3,122
614506.0,0,3,0,3,122
614535.0,0,3,0,11,114
614535.0,0,3,0,7,118
614657.0,0,3,0,7,118
614858.0,0,3,0,7,118
614938.0,0,3,0,9,116
614938.0,0,3,0,1,124
614991.0,0,3,0,9,116
614991.0,0,3,0,1,124
615050.0,0,3,0,1,124
615060.0,0,3,0,9,116
615060.0,0,3,0,5,120
615118.0,0,3,0,9,116
615230.0,0,0,0,12,116
615230.0,0,0,0,8,120
615248.0,0,0,0,12,116
615293.0,0,0,0,12,116
615365.0,0,0,0,12,116
615383.0,0,0,0,12,116
615435.0,0,0,0,12,116
615831.0,0,0,0,44,84
615831.0,0,0,0,12,116
615960.0,0,0,0,12,116
616073.0,0,0,0,44,84
616073.0,0,0,0,12,116
616134.0,0,0,0,20,108
616193.0,0,0,0,24,104
616242.0,0,0,0,56,72
616242.0,0,0,0,24,104
616343.0,0,0,0,24,104
616343.0,0,0,0,23,105
616430.0,0,0,0,24,104
616480.0,0,0,0,56,72
616480.0,0,0,0,24,104
616525.0,0,0,0,24,104
616611.0,0,0,0,24,104
616611.0,0,0,0,20,108
616649.0,0,0,0,20,108
616649.0,0,0,0,18,110
616681.0,0,0,0,50,78
616681.0,0,0,0,18,110
616717.0,0,0,0,50,78
616717.0,0,0,0,18,110
616718.0,0,0,0,50,78
616718.0,0,0,0,18,110
616731.0,0,0,0,18,110
616973.0,0,0,0,18,110
617011.0,0,0,0,50,78
617011.0,0,0,0,18,110
617048.0,0,0,0,50,78
617048.0,0,0,0,18,110
617142.0,0,0,0,18,110
617256.0,0,0,0,50,78
617256.0,0,0,0,18,110
617368.0,0,0,0,18,110
617368.0,0,0,0,10,118
617380.0,0,0,0,10,118
617415.0,0,0,0,18,110
617426.0,0,0,0,50,78
617426.0,0,0,0,18,110
617578.0,0,0,0,50,78
617578.0,0,0,0,18,110
617581.0,0,0,0,18,110
617615.0,0,0,0,18,110
617615.0,0,0,0,10,118
617617.0,0,0,0,10,118
617618.0,0,0,0,10,118
617661.0,0,0,0,18,110
617762.0,0,0,0,50,78
617762.0,0,0,0,18,110
617909.0,0,0,0,18,110
617909.0,0,0,0,10,118
617911.0,0,0,0,10,118
617915.0,0,0,0,24,104
617943.0,0,0,0,56,72
617943.0,0,0,0,24,104
617948.0,0,0,0,24,104
617998.0,0,0,0,56,72
617998.0,0,0,0,24,104
618156.0,0,0,0,24,104
618326.0,0,0,0,24,104
618478.0,0,0,0,24,104
618498.0,0,0,0,56,72
618525.0,0,0,0,56,72
618525.0,0,0,0,52,76
618538.0,0,0,0,52,76
618538.0,0,0,0,20,108
618546.0,0,0,0,20,108
618546.0,0,0,0,12,116
618598.0,0,0,0,16,112
618658.0,0,0,0,24,104
618662.0,0,0,0,24,104
618676.0,0,0,0,56,72
618766.0,0,0,0,56,72
618766.0,0,0,0,24,104
618798.0,0,0,0,24,104
618798.0,0,0,0,16,112
618799.0,0,0,0,16,112
618799.0,0,0,0,8,120
618843.0,0,0,0,8,120
618854.0,0,0,0,8,120
618854.0,0,0,0,4,124
618862.0,0,0,0,4,124
618862.0,0,0,0,0,128
618898.0,0,0,0,0,128
618910.0,0,0,0,4,124
618931.0,0,0,0,12,116
618963.0,0,0,0,12,116
618963.0,0,0,0,4,124
618985.0,0,0,0,8,120
619106.0,0,0,0,8,120
619106.0,0,0,0,7,121
619128.0,0,0,0,7,121
619128.0,0,0,0,3,125
619130.0,0,0,0,4,124
619136.0,0,0,0,4,124
619136.0,0,0,0,3,125
619149.0,0,0,0,4,124
619202.0,0,0,0,8,120
619203.0,0,0,0,8,120
619388.0,0,0,0,40,88
619388.0,0,0,0,8,120
619398.0,0,0,0,8,120
619400.0,0,0,0,16,112
619440.0,0,0,0,48,80
619576.0,0,0,0,48,80
619623.0,0,0,0,80,48
619644.0,0,0,0,80,48
619644.0,0,0,0,76,52
619688.0,0,0,0,76,52
619688.0,0,0,0,75,53
619712.0,0,0,0,79,49
619722.0,0,0,0,80,48
619735.0,0,0,0,80,48
619735.0,0,0,0,48,80
619800.0,0,0,0,48,80
619800.0,0,0,0,47,81
619810.0,0,0,0,47,81
619831.0,0,0,0,47,81
619885.0,0,0,0,47,81
619996.0,0,0,0,55,73
620003.0,0,0,0,55,73
620003.0,0,0,0,51,77
620027.0,0,0,0,51,77
620027.0,0,0,0,49,79
620046.0,0,0,0,81,47
620288.0,0,0,0,81,47
620340.0,0,0,0,81,47
620340.0,0,0,4,77,47
620362.0,0,0,4,77,47
620362.0,0,0,4,73,51
620406.0,0,0,4,77,47
620521.0,0,0,4,77,47
620521.0,0,0,4,69,55
620523.0,0,0,4,69,55
620523.0,0,0,24,49,55
620612.0,0,0,24,49,55
620612.0,0,0,28,45,55
620622.0,0,0,28,45,55
620622.0,0,0,29,44,55
620642.0,0,0,29,44,55
620642.0,0,0,29,12,87
620662.0,0,0,29,13,86
620713.0,0,0,29,13,86
620713.0,0,0,29,9,90
620792.0,0,0,29,9,90
620803.0,0,0,29,13,86
620896.0,0,0,29,13,86
620946.0,0,0,29,13,86
620946.0,0,0,33,9,86
621306.0,0,0,33,9,86
621306.0,0,0,37,5,86
621327.0,0,0,37,13,78
621562.0,0,0,37,13,78
621562.0,0,0,38,12,78
621703.0,0,0,38,12,78
621703.0,0,0,42,8,78
621744.0,0,0,42,8,78
622068.0,0,0,42,8,78
622068.0,0,0,42,0,86
622113.0,0,0,42,0,86
622140.0,4,0,38,0,86
622227.0,4,0,38,0,86
622323.0,24,0,18,0,86
622389.0,24,0,18,8,78
622389.0,0,24,18,8,78
622412.0,4,24,14,8,78
622412.0,3,25,14,8,78
622422.0,4,25,13,8,78
622544.0,4,25,13,8,78
622641.0,4,25,13,8,78
622746.0,8,25,9,8,78
622746.0,0,33,9,8,78
622849.0,0,33,9,8,78
622923.0,0,33,9,40,46
622923.0,0,33,9,8,78
622932.0,0,33,9,8,78
622994.0,0,33,9,8,78
623002.0,0,33,9,8,78
623106.0,4,33,5,8,78
623106.0,0,37,5,8,78
623168.0,0,37,5,40,46
623168.0,0,37,5,36,50
623170.0,0,37,5,36,50
623215.0,0,37,5,40,46
623215.0,0,37,5,8,78
623264.0,0,37,5,8,78
623273.0,0,37,5,8,78
623362.0,1,37,4,8,78
623391.0,1,37,4,8,78
623398.0,1,37,4,40,46
623398.0,1,37,4,8,78
623450.0,1,37,4,8,78
623453.0,1,37,4,12,74
623453.0,1,37,4,11,75
623463.0,1,37,4,19,67
623472.0,1,37,4,20,66
623483.0,1,37,4,36,50
623503.0,5,37,0,36,50
623503.0,0,42,0,36,50
623511.0,0,42,0,40,46
623641.0,0,42,0,40,46
624068.0,0,42,0,40,46
624268.0,0,42,0,40,46
624268.0,0,42,0,39,47
624347.0,0,42,0,39,47
624353.0,0,42,0,39,47
624383.0,0,42,0,39,47
624411.0,0,42,0,39,47
624411.0,0,42,4,35,47
624498.0,0,42,4,35,47
625089.0,0,18,4,59,47
625089.0,0,18,4,27,79
625112.0,0,17,4,28,79
625112.0,0,17,4,27,80
625147.0,0,17,4,27,80
625242.0,0,17,4,27,80
625446.0,0,9,4,35,80
625446.0,0,9,4,27,88
625481.0,0,9,4,27,88
625594.0,0,9,4,27,88
625640.0,0,9,4,59,56
625640.0,0,9,4,35,80
625641.0,0,9,4,43,72
625661.0,0,9,4,43,72
625661.0,0,9,4,39,76
625668.0,0,9,4,40,75
625703.0,0,9,4,48,67
625705.0,0,9,4,56,59
625724.0,0,9,4,64,51
625724.0,0,9,4,32,83
625786.0,0,9,4,36,79
625806.0,0,5,4,40,79
625806.0,0,5,4,36,83
625853.0,0,5,4,42,77
625952.0,0,5,4,46,73
625970.0,0,5,4,46,73
625970.0,0,5,4,45,74
625987.0,0,5,4,46,73
625999.0,0,5,4,78,41
625999.0,0,5,4,46,73
626068.0,0,5,4,78,41
626068.0,0,5,4,46,73
626134.0,0,5,4,78,41
626134.0,0,5,4,46,73
626199.0,0,5,4,78,41
626199.0,0,5,4,46,73
626203.0,0,0,4,51,73
626203.0,0,0,4,19,105
626211.0,4,0,0,19,105
626292.0,4,0,0,19,105
626292.0,4,0,0,15,109
626313.0,4,0,0,15,109
626313.0,4,0,0,13,111
626319.0,4,0,0,45,79
626329.0,4,0,0,45,79
626329.0,4,0,0,13,111
626388.0,4,0,0,45,79
626421.0,4,0,0,77,47
626425.0,4,0,0,77,47
626425.0,4,0,0,73,51
626442.0,4,0,0,77,47
626449.0,4,0,0,77,47
626449.0,4,0,0,45,79
626521.0,4,0,0,45,79
626521.0,4,0,0,41,83
626540.0,4,0,0,41,83
626624.0,4,0,0,41,83
626629.0,4,0,0,77,47
626899.0,4,0,0,77,47
626968.0,4,0,0,77,47
627034.0,4,0,0,77,47
627099.0,4,0,0,77,47
627123.0,4,0,0,77,47
627123.0,4,0,0,45,79
627149.0,4,0,0,45,79
627149.0,4,0,0,37,87
627214.0,4,0,0,37,87
627214.0,4,0,0,36,88
627219.0,4,0,0,36,88
627240.0,4,0,0,37,87
627288.0,4,0,0,37,87
627321.0,4,0,0,37,87
627342.0,4,0,0,37,87
627441.0,4,0,0,69,55
627444.0,4,0,0,77,47
627512.0,4,0,0,77,47
627512.0,4,0,0,45,79
627529.0,4,0,0,45,79
627529.0,4,0,4,41,79
627561.0,4,0,4,41,79
627561.0,4,0,4,40,80
627562.0,4,0,4,40,80
627562.0,4,0,4,32,88
627601.0,4,0,4,33,87
627626.0,4,0,4,41,79
627627.0,4,0,4,73,47
627916.0,4,0,4,77,43
627919.0,4,0,4,79,41
628140.0,4,0,4,79,41
628190.0,4,0,4,79,41
628190.0,4,0,4,78,42
628206.0,4,0,4,79,41
628341.0,4,0,4,79,41
628341.0,4,0,27,56,41
628344.0,4,0,27,56,41
628344.0,4,0,35,48,41
628501.0,4,0,35,48,41
628501.0,4,0,36,47,41
628526.0,4,0,36,47,41
628526.0,4,0,44,39,41
628527.0,4,0,44,39,41
628527.0,4,0,76,7,41
628531.0,4,0,76,7,41
628692.0,4,0,76,7,41
628696.0,4,0,76,7,41
628696.0,3,1,76,7,41
628747.0,3,1,76,7,41
628774.0,3,1,76,39,9
628774.0,3,1,76,7,41
628816.0,3,1,76,7,41
628847.0,3,1,76,7,41
628893.0,3,1,76,7,41
628893.0,0,4,76,7,41
628917.0,0,4,76,7,41
628917.0,0,4,76,5,43
628930.0,0,4,76,37,11
628930.0,0,4,76,5,43
629042.0,0,4,76,37,11
629042.0,0,4,76,29,19
629099.0,0,4,76,37,11
629099.0,0,4,76,5,43
629143.0,0,4,76,5,43
629329.0,4,4,72,5,43
629384.0,4,4,72,37,11
629384.0,4,4,72,5,43
629537.0,4,4,72,5,43
629559.0,4,4,72,37,11
629559.0,4,4,72,5,43
629628.0,4,4,72,5,43
629628.0,4,4,72,4,44
629658.0,4,4,72,5,43
629673.0,4,4,72,37,11
629674.0,4,4,72,37,11
629741.0,4,4,72,37,11
629741.0,4,4,72,5,43
629830.0,4,4,72,5,43
629942.0,4,4,72,5,43
629999.0,4,4,72,5,43
630100.0,4,4,72,37,11
630138.0,4,4,72,37,11
630138.0,4,4,72,5,43
630141.0,27,4,49,5,43
630144.0,35,4,41,5,43
630284.0,35,4,41,5,43
630301.0,36,4,40,5,43
630326.0,44,4,32,5,43
630327.0,76,4,0,5,43
630459.0,76,4,0,5,43
630544.0,76,4,0,7,41
630573.0,76,4,0,7,41
630814.0,76,4,0,7,41
630814.0,76,4,0,6,42
630862.0,76,4,0,7,41
630888.0,76,4,0,7,41
630888.0,76,4,0,6,42
630906.0,76,4,0,7,41
630910.0,76,4,0,7,41
630910.0,76,4,0,3,45
630931.0,76,4,0,3,45
630931.0,76,4,0,1,47
630955.0,76,4,0,1,47
630955.0,44,36,0,1,47
631000.0,44,36,0,1,47
631012.0,44,36,0,1,47
631012.0,36,44,0,1,47
631396.0,36,43,0,2,47
631396.0,36,43,0,1,48
631435.0,36,43,0,2,47
631593.0,36,40,0,5,47
631593.0,36,40,0,1,51
631762.0,36,40,0,1,51
632335.0,36,40,0,1,51
632335.0,36,40,1,0,51
632622.0,36,40,1,4,47
632624.0,36,40,1,6,45
632657.0,36,40,1,6,45
632657.0,36,40,1,5,46
632673.0,36,40,1,6,45
632751.0,36,40,1,6,45
632751.0,36,40,1,4,47
632760.0,36,40,1,4,47
632760.0,36,40,1,2,49
632769.0,36,40,1,2,49
632769.0,36,40,1,0,51
632782.0,36,40,1,0,51
632782.0,34,42,1,0,51
632793.0,34,42,1,0,51
632793.0,32,44,1,0,51
632866.0,32,44,1,2,49
632869.0,32,44,1,4,47
632870.0,32,44,1,6,45
632873.0,32,44,1,38,13
633239.0,32,44,1,42,9
633500.0,32,44,1,43,8
633522.0,32,44,1,43,8
633524.0,32,44,1,43,8
633655.0,32,12,1,75,8
633655.0,32,12,1,43,40
633712.0,32,4,1,51,40
633712.0,32,4,1,43,48
633766.0,32,4,1,43,48
633766.0,32,4,3,41,48
633769.0,32,4,3,41,48
633769.0,32,4,5,39,48
633770.0,32,4,5,39,48
633770.0,32,4,7,37,48
633773.0,32,4,7,37,48
633773.0,32,4,39,5,48
633784.0,32,4,39,45,8
634135.0,33,4,38,45,8
634139.0,33,4,38,45,8
634139.0,33,4,42,41,8
634400.0,33,4,42,41,8
634400.0,33,4,43,40,8
634574.0,33,4,43,48,0
634684.0,33,4,43,48,0
634684.0,33,4,83,8,0
635474.0,33,4,83,8,0
635474.0,33,4,91,0,0
635482.0,33,2,91,2,0
635482.0,33,2,91,0,2
635493.0,33,0,91,2,2
635493.0,33,0,91,0,4
635566.0,35,0,89,0,4
635569.0,37,0,87,0,4
635570.0,39,0,85,0,4
635572.0,39,0,85,2,2
635573.0,71,0,53,4,0
635939.0,75,0,49,4,0
636200.0,76,0,48,4,0
636472.0,76,0,48,4,0
636472.0,76,0,50,2,0
636473.0,76,0,50,2,0
636473.0,76,0,52,0,0
636484.0,116,0,12,0,0
637274.0,124,0,4,0,0
638272.0,126,0,2,0,0
638273.0,128,0,0,0,0
640142.0,128,0,0,0,0
640142.0,64,64,0,0,0
640169.0,64,64,0,0,0
640169.0,0,128,0,0,0
640404.0,0,128,0,0,0
640412.0,0,128,0,0,0
640421.0,0,128,0,0,0
640429.0,0,128,0,0,0
640440.0,0,128,0,0,0
640448.0,0,128,0,0,0
640456.0,0,128,0,0,0
640464.0,0,128,0,0,0
640694.0,0,128,0,0,0
642842.0,0,64,0,64,0
642842.0,0,64,0,0,64
642869.0,0,0,0,64,64
642869.0,0,0,0,0,128
643036.0,0,0,0,64,64
643036.0,0,0,0,16,112
643141.0,0,0,0,18,110
643147.0,0,0,0,20,108
643160.0,0,0,0,22,106
643170.0,0,0,0,24,104
643176.0,0,0,0,26,102
643184.0,0,0,0,28,100
643190.0,0,0,0,30,98
643239.0,0,0,0,32,96
643252.0,0,0,0,64,64
643694.0,0,0,0,64,64
643694.0,0,0,0,0,128
643936.0,0,0,0,0,128
644214.0,0,0,0,0,128
644820.0,0,0,0,0,128
646100.0,0,0,0,0,128
646163.0,0,0,0,0,128
646466.0,0,0,0,64,64
646466.0,0,0,0,0,128
646996.0,0,0,0,32,96
646996.0,0,0,0,30,98
647008.0,0,0,0,32,96
647744.0,0,0,0,64,64
647896.0,0,0,0,64,64
647896.0,0,0,30,34,64
647908.0,0,0,30,34,64
647908.0,0,0,32,32,64
648644.0,0,0,32,32,64
648644.0,0,0,64,0,64
649696.0,30,0,34,0,64
649708.0,32,0,32,0,64
650444.0,64,0,0,0,64
653908.0,64,0,0,64,0
653912.0,64,0,0,64,0
653912.0,0,64,0,64,0
654808.0,0,64,0,64,0
656612.0,0,0,0,128,0
656612.0,0,0,0,0,128
656710.0,0,0,0,128,0
657610.0,0,0,0,128,0
657610.0,0,0,128,0,0
659410.0,128,0,0,0,0
666483.0,128,0,0,0,0
666483.0,127,1,0,0,0
669183.0,127,0,0,1,0
669183.0,127,0,0,0,1
669186.0,127,0,0,1,0
670086.0,127,0,0,1,0
670086.0,127,0,1,0,0
671886.0,128,0,0,0,0
678129.0,128,0,0,0,0
678129.0,127,1,0,0,0
678361.0,127,1,0,0,0
678361.0,63,65,0,0,0
680829.0,63,64,0,1,0
680829.0,63,64,0,0,1
680845.0,63,64,0,1,0
681061.0,63,0,0,65,0
681061.0,63,0,0,1,64
681745.0,63,0,0,1,64
681745.0,63,0,1,0,64
683545.0,64,0,0,0,64
683622.0,64,0,0,0,64
683622.0,63,1,0,0,64
686322.0,63,0,0,1,64
686322.0,63,0,0,0,65
686345.0,63,0,0,1,64
687245.0,63,0,0,1,64
687245.0,63,0,1,0,64
688492.0,63,0,1,0,64
688492.0,62,1,1,0,64
689045.0,63,1,0,0,64
690104.0,63,1,0,0,64
690268.0,63,1,0,0,64
690409.0,63,1,0,0,64
691189.0,63,1,0,64,0
691189.0,63,1,0,63,1
691192.0,63,0,0,64,1
691192.0,63,0,0,63,2
691205.0,63,0,0,64,1
691208.0,63,0,0,65,0
691208.0,0,63,0,65,0
692089.0,0,63,0,65,0
692176.0,0,63,0,65,0
692226.0,0,63,0,65,0
692731.0,0,63,0,65,0
692786.0,0,63,0,65,0
693908.0,0,0,0,128,0
693908.0,0,0,0,0,128
694003.0,0,0,0,128,0
694003.0,0,0,0,0,128
694095.0,0,0,0,128,0
694095.0,0,0,0,62,66
694107.0,0,0,0,63,65
694117.0,0,0,0,64,64
694117.0,0,0,0,0,128
694322.0,0,0,0,0,128
694592.0,0,0,0,64,64
694592.0,0,0,0,0,128
694995.0,0,0,0,0,128
695631.0,0,0,0,64,64
696531.0,0,0,0,64,64
696531.0,0,0,64,0,64
698331.0,64,0,0,0,64
700923.0,64,0,0,0,64
700923.0,63,1,0,0,64
703293.0,63,1,0,0,64
703293.0,31,33,0,0,64
703321.0,31,33,0,0,64
703321.0,23,41,0,0,64
703623.0,23,40,0,1,64
703623.0,23,40,0,0,65
703626.0,23,40,0,1,64
703692.0,23,40,0,1,64
703692.0,23,40,0,0,65
703714.0,23,40,0,1,64
704425.0,23,40,0,1,64
704425.0,23,40,0,0,65
704442.0,23,40,0,1,64
704507.0,23,40,0,1,64
704526.0,23,40,0,1,64
704614.0,23,40,0,1,64
704693.0,23,40,0,65,0
704693.0,23,40,0,1,64
705342.0,23,40,0,1,64
705593.0,23,40,0,1,64
705593.0,23,40,1,0,64
705635.0,23,40,1,0,64
705635.0,22,41,1,0,64
705993.0,22,9,1,32,64
705993.0,22,9,1,0,96
706021.0,22,1,1,8,96
706021.0,22,1,1,0,104
706090.0,22,1,1,32,72
706091.0,22,1,1,40,64
706522.0,22,1,1,40,64
706522.0,22,1,1,39,65
706526.0,22,1,1,40,64
706990.0,22,1,1,40,64
706990.0,22,1,32,9,64
706991.0,22,1,32,9,64
706991.0,22,1,40,1,64
707393.0,23,1,39,1,64
707426.0,23,1,39,1,64
707426.0,23,1,40,0,64
708335.0,23,0,40,1,64
708335.0,23,0,40,0,65
708339.0,23,0,40,1,64
708790.0,54,0,9,1,64
708791.0,62,0,1,1,64
709226.0,63,0,0,1,64
709239.0,63,0,0,1,64
709239.0,63,0,1,0,64
710029.0,63,0,1,0,64
710029.0,47,16,1,0,64
710031.0,47,16,1,0,64
710031.0,43,20,1,0,64
710032.0,43,20,1,0,64
710032.0,39,24,1,0,64
710035.0,39,24,1,0,64
710035.0,35,28,1,0,64
710036.0,35,28,1,0,64
710036.0,19,44,1,0,64
710038.0,19,44,1,0,64
710038.0,11,52,1,0,64
710056.0,11,52,1,0,64
710056.0,10,53,1,0,64
710282.0,10,53,1,0,64
710283.0,10,53,1,0,64
710285.0,10,53,1,0,64
710287.0,10,53,1,0,64
710290.0,10,53,1,0,64
710292.0,10,53,1,0,64
711039.0,11,53,0,0,64
711090.0,11,53,0,0,64
711119.0,11,53,0,0,64
711689.0,11,53,0,0,64
711734.0,11,53,0,0,64
712729.0,11,37,0,16,64
712729.0,11,37,0,0,80
712731.0,11,33,0,4,80
712731.0,11,33,0,0,84
712732.0,11,29,0,4,84
712732.0,11,29,0,0,88
712735.0,11,25,0,4,88
712735.0,11,25,0,0,92
712736.0,11,9,0,16,92
712736.0,11,9,0,0,108
712738.0,11,1,0,8,108
712738.0,11,1,0,0,116
712742.0,11,1,0,24,92
712742.0,7,5,0,0,116
712743.0,7,5,0,20,96
712743.0,0,12,0,4,112
712744.0,0,12,0,12,104
712756.0,0,11,0,13,104
712756.0,0,11,0,12,105
712760.0,0,11,0,13,104
712786.0,0,11,0,29,88
712789.0,0,11,0,33,84
712789.0,0,11,0,1,116
712791.0,0,11,0,21,96
712791.0,0,11,0,13,104
713340.0,0,11,0,21,96
713366.0,0,11,0,53,64
713366.0,0,11,0,13,104
713464.0,0,11,0,21,96
713510.0,0,11,0,53,64
713643.0,0,11,0,53,64
713691.0,0,11,0,53,64
713833.0,0,11,0,53,64
713833.0,0,11,0,21,96
713890.0,0,11,0,21,96
713890.0,0,11,0,13,104
713995.0,0,11,0,45,72
713996.0,0,11,0,53,64
714266.0,0,11,0,53,64
714410.0,0,11,0,53,64
714410.0,0,11,12,41,64
714895.0,0,11,12,41,64
714895.0,0,11,44,9,64
714896.0,0,11,44,9,64
714896.0,0,11,52,1,64
714949.0,0,11,52,1,64
714950.0,0,11,52,1,64
714952.0,0,11,52,1,64
714954.0,0,11,52,1,64
714955.0,0,11,52,1,64
714957.0,0,11,52,1,64
715244.0,0,11,52,1,64
715246.0,0,11,52,1,64
715247.0,0,11,52,1,64
715249.0,0,11,52,1,64
715251.0,0,11,52,1,64
715252.0,0,11,52,1,64
715360.0,0,11,52,1,64
715385.0,0,11,52,1,64
715442.0,0,7,52,5,64
715442.0,0,7,52,1,68
715443.0,0,0,52,8,68
715443.0,0,0,52,0,76
715484.0,0,0,52,8,68
715484.0,0,0,52,0,76
715487.0,0,0,52,4,72
715487.0,0,0,52,0,76
715492.0,0,0,52,4,72
715492.0,0,0,52,0,76
715493.0,0,0,52,4,72
715493.0,0,0,52,0,76
715496.0,0,0,52,4,72
715496.0,0,0,52,0,76
715586.0,0,0,52,4,72
715587.0,0,0,52,8,68
715587.0,0,0,52,0,76
715589.0,0,0,52,4,72
715591.0,0,0,52,12,64
715591.0,0,0,52,4,72
715682.0,0,0,52,12,64
715682.0,0,0,52,4,72
715792.0,0,0,52,12,64
716022.0,0,0,52,12,64
716022.0,0,0,52,11,65
716036.0,0,0,52,12,64
716210.0,12,0,40,12,64
716210.0,0,12,40,12,64
716486.0,0,12,40,12,64
716489.0,0,12,40,12,64
716491.0,0,12,40,12,64
716692.0,0,12,40,12,64
716692.0,0,12,47,5,64
716695.0,32,12,15,5,64
716695.0,0,44,15,5,64
716696.0,8,44,7,5,64
716936.0,8,44,7,5,64
716936.0,8,44,8,4,64
717272.0,8,44,8,4,64
717302.0,8,44,8,4,64
718276.0,8,44,8,4,64
718305.0,8,44,8,4,64
718492.0,15,44,1,4,64
718577.0,15,44,1,4,64
718610.0,15,44,1,4,64
718736.0,16,44,0,4,64
718736.0,0,60,0,4,64
718910.0,0,48,0,16,64
718910.0,0,48,0,0,80
718922.0,0,48,0,16,64
718922.0,0,48,0,0,80
719030.0,0,48,0,8,72
719030.0,0,48,0,0,80
719045.0,0,48,0,8,72
719321.0,0,48,0,16,64
719395.0,0,16,0,48,64
719395.0,0,16,0,16,96
719401.0,0,16,0,32,80
719401.0,0,16,0,0,112
719494.0,0,16,0,16,96
719536.0,0,16,0,48,64
719536.0,0,16,0,16,96
719569.0,0,16,0,16,96
719569.0,0,16,0,15,97
719583.0,0,16,0,16,96
719675.0,0,16,0,48,64
719675.0,0,16,0,16,96
719752.0,0,16,0,80,32
719752.0,0,16,0,48,64
719826.0,0,16,0,80,32
719945.0,0,16,0,80,32
720075.0,0,16,0,112,0
720394.0,0,16,0,112,0
720436.0,0,16,0,112,0
720575.0,0,16,0,112,0
720652.0,0,16,0,112,0
720652.0,0,16,48,64,0
720726.0,0,16,48,64,0
720726.0,0,16,80,32,0
720975.0,0,16,80,32,0
720975.0,0,16,112,0,0
721436.0,0,0,112,16,0
721436.0,0,0,112,0,16
721527.0,0,0,112,16,0
722427.0,0,0,112,16,0
722427.0,0,0,128,0,0
722452.0,48,0,80,0,0
722526.0,80,0,48,0,0
722775.0,112,0,16,0,0
722929.0,112,0,16,0,0
722929.0,96,16,16,0,0
722931.0,96,16,16,0,0
722931.0,32,80,16,0,0
724227.0,48,80,0,0,0
725629.0,48,64,0,16,0
725629.0,48,64,0,0,16
725631.0,48,0,0,64,16
725631.0,48,0,0,0,80
726962.0,48,0,0,0,80
726962.0,47,1,0,0,80
729662.0,47,0,0,1,80
729662.0,47,0,0,0,81
729677.0,47,0,0,1,80
730174.0,47,0,0,17,64
730577.0,47,0,0,17,64
730577.0,47,0,1,16,64
731074.0,47,0,1,16,64
731074.0,47,0,17,0,64
732377.0,48,0,16,0,64
732874.0,64,0,0,0,64
733130.0,64,0,0,0,64
733130.0,0,64,0,0,64
735829.0,0,64,0,64,0
735830.0,0,0,0,128,0
735830.0,0,0,0,64,64
736729.0,0,0,0,64,64
736729.0,0,0,64,0,64
737849.0,0,0,64,0,64
737974.0,0,0,64,0,64
738529.0,64,0,0,0,64
738529.0,63,1,0,0,64
739281.0,63,1,0,0,64
739459.0,63,1,0,0,64
740665.0,63,1,0,64,0
740665.0,61,3,0,0,64
741229.0,61,2,0,1,64
741229.0,61,2,0,0,65
741241.0,61,2,0,1,64
742141.0,61,2,0,1,64
742141.0,61,2,1,0,64
743365.0,61,0,1,2,64
743365.0,61,0,1,0,66
743466.0,61,0,1,1,65
743504.0,61,0,1,2,64
743941.0,62,0,0,2,64
744366.0,62,0,0,2,64
744366.0,62,0,1,1,64
744404.0,62,0,1,1,64
744404.0,62,0,2,0,64
746166.0,63,0,1,0,64
746204.0,64,0,0,0,64
750841.0,64,0,0,64,0
751741.0,64,0,0,64,0
751741.0,64,0,64,0,0
753541.0,128,0,0,0,0
759205.0,128,0,0,0,0
759205.0,64,64,0,0,0
759341.0,64,64,0,0,0
759341.0,32,96,0,0,0
759370.0,32,96,0,0,0
759370.0,24,104,0,0,0
759584.0,24,104,0,0,0
759607.0,24,104,0,0,0
760407.0,24,104,0,0,0
760439.0,24,104,0,0,0
760955.0,24,104,0,0,0
760981.0,24,104,0,0,0
761905.0,24,40,0,64,0
761905.0,24,40,0,0,64
762041.0,24,8,0,32,64
762041.0,24,8,0,0,96
762070.0,24,0,0,8,96
762070.0,24,0,0,0,104
762174.0,24,0,0,32,72
762174.0,16,8,0,0,104
762175.0,16,8,0,8,96
762175.0,0,24,0,8,96
762295.0,0,24,0,40,64
762295.0,0,24,0,8,96
762476.0,0,24,0,40,64
762476.0,0,24,0,8,96
762600.0,0,24,0,40,64
763075.0,0,24,0,40,64
763195.0,0,24,0,40,64
763376.0,0,24,0,40,64
763376.0,0,24,8,32,64
763500.0,0,24,8,32,64
763500.0,0,24,40,0,64
764874.0,0,16,40,8,64
764874.0,0,16,40,0,72
764875.0,0,0,40,16,72
764875.0,0,0,40,0,88
764972.0,0,0,40,8,80
764974.0,0,0,40,16,72
765024.0,0,0,40,24,64
765176.0,8,0,32,24,64
765300.0,40,0,0,24,64
765872.0,40,0,0,24,64
765872.0,40,0,8,16,64
765874.0,40,0,8,16,64
765874.0,40,0,16,8,64
765924.0,40,0,16,8,64
765924.0,40,0,24,0,64
767672.0,48,0,16,0,64
767674.0,56,0,8,0,64
767724.0,64,0,0,0,64
768592.0,64,0,0,0,64
768592.0,63,1,0,0,64
770021.0,63,1,0,0,64
770021.0,62,2,0,0,64
771292.0,62,1,0,1,64
771292.0,62,1,0,0,65
771308.0,62,1,0,1,64
772208.0,62,1,0,1,64
772208.0,62,1,1,0,64
772248.0,62,1,1,0,64
772248.0,61,2,1,0,64
772407.0,61,2,1,0,64
772407.0,60,3,1,0,64
772496.0,60,3,1,0,64
772496.0,59,4,1,0,64
772580.0,59,4,1,0,64
772580.0,51,12,1,0,64
772721.0,51,11,1,1,64
772721.0,51,11,1,0,65
772736.0,51,11,1,1,64
773113.0,51,11,1,1,64
773113.0,43,19,1,1,64
773183.0,43,19,1,1,64
773183.0,43,19,1,0,65
773203.0,43,19,1,1,64
773356.0,43,19,1,1,64
773356.0,35,27,1,1,64
773489.0,35,27,1,1,64
773489.0,35,27,1,0,65
773523.0,35,27,1,1,64
773636.0,35,27,1,1,64
773759.0,35,27,1,1,64
773759.0,27,35,1,1,64
773890.0,27,35,1,1,64
773890.0,19,43,1,1,64
774008.0,20,43,0,1,64
774103.0,20,43,0,1,64
774184.0,20,43,0,1,64
774184.0,20,43,0,0,65
774216.0,20,43,0,1,64
774266.0,20,43,0,1,64
774266.0,20,43,0,0,65
774291.0,20,43,0,0,65
774291.0,19,44,0,0,65
774292.0,19,44,0,1,64
774320.0,19,44,0,1,64
774320.0,19,44,0,0,65
774362.0,19,44,0,1,64
774423.0,19,44,0,1,64
774428.0,19,44,0,1,64
774428.0,11,52,0,1,64
774515.0,11,52,0,1,64
774515.0,3,60,0,1,64
774624.0,3,60,0,1,64
774624.0,3,60,0,0,65
774629.0,3,60,0,1,64
774647.0,3,60,0,1,64
774948.0,3,59,0,2,64
774948.0,3,59,0,1,65
774951.0,3,59,0,1,65
774962.0,3,59,0,1,65
774962.0,1,61,0,1,65
775006.0,1,61,0,1,65
775055.0,1,61,0,2,64
775055.0,0,62,0,2,64
775107.0,0,61,0,3,64
775107.0,0,61,0,2,65
775116.0,0,61,0,2,65
775128.0,0,61,0,3,64
775140.0,0,61,0,3,64
775192.0,0,61,0,3,64
775196.0,0,60,0,4,64
775196.0,0,60,0,3,65
775214.0,0,60,0,4,64
775262.0,0,60,0,4,64
775280.0,0,52,0,12,64
775280.0,0,52,0,4,72
775300.0,0,52,0,12,64
775300.0,0,52,0,4,72
775330.0,0,52,0,12,64
775330.0,0,52,0,4,72
775393.0,0,52,0,12,64
775393.0,0,52,0,4,72
775483.0,0,52,0,4,72
775483.0,0,52,0,3,73
775486.0,0,52,0,11,65
775490.0,0,52,0,12,64
775529.0,0,52,0,12,64
775562.0,0,52,0,12,64
775562.0,0,52,0,11,65
775566.0,0,52,0,12,64
775813.0,0,44,0,20,64
775813.0,0,44,0,12,72
775852.0,0,44,0,20,64
776056.0,0,36,0,28,64
776056.0,0,36,0,20,72
776158.0,0,36,0,28,64
776200.0,0,36,0,28,64
776230.0,0,36,0,28,64
776293.0,0,36,0,28,64
776293.0,0,36,2,26,64
776386.0,0,36,2,26,64
776386.0,0,36,10,18,64
776390.0,0,36,10,18,64
776390.0,0,36,11,17,64
776459.0,0,28,11,25,64
776459.0,0,28,11,17,72
776466.0,0,28,11,17,72
776466.0,0,28,12,16,72
776505.0,0,28,12,24,64
776590.0,0,20,12,32,64
776590.0,0,20,12,24,72
776730.0,0,20,12,32,64
776752.0,0,20,12,32,64
776752.0,0,20,20,24,64
776982.0,0,20,20,88,0
776991.0,0,19,20,89,0
776991.0,0,19,20,88,1
777007.0,0,19,20,89,0
777058.0,0,19,20,89,0
777058.0,0,19,28,81,0
777128.0,0,11,28,89,0
777128.0,0,11,28,81,8
777149.0,0,11,28,89,0
777215.0,0,3,28,97,0
777215.0,0,3,28,89,8
777239.0,0,3,28,97,0
777405.0,0,3,28,97,0
777405.0,0,3,36,89,0
777630.0,0,3,36,89,0
777630.0,0,3,44,81,0
777662.0,0,1,44,83,0
777662.0,0,1,44,81,2
777665.0,0,1,44,82,1
777666.0,0,1,44,83,0
777755.0,0,0,44,84,0
777755.0,0,0,44,83,1
777758.0,0,0,44,84,0
777882.0,0,0,44,84,0
777882.0,0,0,108,20,0
777907.0,0,0,108,20,0
777907.0,0,0,109,19,0
777936.0,0,0,109,19,0
777936.0,0,0,109,18,1
777961.0,0,0,109,18,1
777963.0,0,0,109,19,0
778049.0,0,0,109,19,0
778049.0,0,0,116,12,0
778064.0,0,0,116,12,0
778093.0,2,0,114,12,0
778139.0,2,0,114,12,0
778139.0,2,0,122,4,0
778186.0,10,0,114,4,0
778190.0,11,0,113,4,0
778266.0,12,0,112,4,0
778552.0,20,0,104,4,0
778565.0,20,0,104,4,0
778565.0,20,0,105,3,0
778566.0,20,0,105,3,0
778566.0,20,0,106,2,0
778658.0,20,0,106,2,0
778658.0,20,0,107,1,0
778858.0,28,0,99,1,0
778863.0,28,0,99,1,0
778863.0,28,0,100,0,0
779205.0,36,0,92,0,0
779430.0,44,0,84,0,0
779682.0,108,0,20,0,0
779682.0,43,65,20,0,0
779707.0,44,65,19,0,0
779849.0,51,65,12,0,0
779939.0,59,65,4,0,0
780365.0,60,65,3,0,0
780366.0,61,65,2,0,0
780458.0,62,65,1,0,0
780659.0,62,65,1,0,0
780659.0,61,66,1,0,0
780663.0,62,66,0,0,0
782382.0,62,1,0,65,0
782382.0,62,1,0,0,65
782399.0,62,1,0,1,64
783299.0,62,1,0,1,64
783299.0,62,1,1,0,64
783359.0,62,0,1,1,64
783359.0,62,0,1,0,65
783368.0,62,0,1,0,65
783373.0,62,0,1,1,64
784048.0,62,0,1,1,64
784273.0,62,0,1,1,64
784273.0,62,0,2,0,64
785078.0,62,0,2,64,0
785099.0,63,0,1,64,0
785403.0,63,0,1,64,0
785403.0,63,0,1,0,64
785978.0,63,0,1,0,64
786073.0,64,0,0,0,64
786731.0,64,0,0,64,0
786731.0,0,64,0,64,0
786808.0,0,64,0,64,0
787724.0,0,64,0,64,0
788165.0,0,64,0,64,0
789267.0,0,64,0,64,0
789431.0,0,0,0,128,0
789431.0,0,0,0,0,128
789527.0,0,0,0,128,0
789527.0,0,0,0,62,66
789542.0,0,0,0,63,65
789587.0,0,0,0,64,64
790427.0,0,0,0,64,64
790427.0,0,0,62,2,64
790442.0,0,0,62,2,64
790442.0,0,0,63,1,64
790487.0,0,0,63,1,64
790487.0,0,0,64,0,64
790592.0,0,0,64,0,64
790930.0,0,0,64,64,0
790930.0,0,0,64,0,64
792016.0,0,0,64,0,64
792227.0,62,0,2,0,64
792242.0,63,0,1,0,64
792287.0,64,0,0,0,64
793330.0,64,0,0,64,0
793330.0,0,64,0,64,0
796030.0,0,0,0,128,0
796030.0,0,0,0,0,128
796121.0,0,0,0,128,0
796121.0,0,0,0,0,128
796319.0,0,0,0,0,128
796400.0,0,0,0,0,128
796675.0,0,0,0,64,64
796675.0,0,0,0,63,65
796690.0,0,0,0,64,64
796690.0,0,0,0,0,128
797575.0,0,0,0,0,128
800423.0,0,0,0,64,64
801323.0,0,0,0,64,64
801323.0,0,0,64,0,64
802422.0,0,0,64,0,64
803123.0,64,0,0,0,64
803123.0,63,1,0,0,64
805823.0,63,0,0,1,64
805823.0,63,0,0,0,65
805847.0,63,0,0,1,64
806747.0,63,0,0,1,64
806747.0,63,0,1,0,64
808168.0,63,0,1,0,64
808168.0,62,1,1,0,64
808302.0,62,1,1,0,64
808302.0,61,2,1,0,64
808547.0,62,2,0,0,64
808589.0,62,2,0,64,0
809328.0,62,2,0,64,0
809328.0,62,2,0,48,16
809329.0,62,2,0,48,16
809329.0,0,64,0,48,16
809489.0,0,64,0,48,16
809489.0,0,64,46,2,16
810868.0,0,63,46,3,16
810868.0,0,63,46,2,17
810883.0,0,63,46,3,16
810919.0,0,63,46,3,16
810919.0,0,63,46,2,17
810924.0,0,63,46,3,16
811002.0,0,62,46,4,16
811002.0,0,62,46,3,17
811021.0,0,62,46,4,16
811289.0,46,62,0,4,16
811783.0,46,62,0,4,16
811824.0,46,62,0,4,16
811824.0,46,62,1,3,16
811921.0,46,62,1,3,16
811921.0,46,62,2,2,16
812029.0,46,0,2,64,16
812029.0,46,0,2,0,80
813624.0,47,0,1,0,80
813721.0,48,0,0,0,80
820252.0,48,0,0,16,64
821152.0,48,0,0,16,64
821152.0,48,0,16,0,64
822566.0,48,0,16,0,64
822952.0,64,0,0,0,64
822953.0,64,0,0,64,0
822953.0,0,64,0,64,0
825653.0,0,0,0,128,0
825653.0,0,0,0,0,128
825740.0,0,0,0,128,0
826640.0,0,0,0,128,0
826640.0,0,0,128,0,0
828440.0,128,0,0,0,0
851460.0,128,0,0,0,0
851460.0,124,4,0,0,0
851760.0,124,4,0,0,0
851760.0,116,12,0,0,0
851945.0,116,12,0,0,0
851945.0,114,14,0,0,0
852323.0,114,14,0,0,0
852323.0,98,30,0,0,0
852779.0,98,30,0,0,0
852779.0,66,62,0,0,0
853137.0,66,62,0,0,0
853137.0,34,94,0,0,0
853160.0,34,94,0,0,0
853160.0,26,102,0,0,0
853287.0,26,102,0,0,0
853287.0,22,106,0,0,0
853694.0,22,106,0,0,0
853694.0,18,110,0,0,0
854160.0,18,106,0,4,0
854160.0,18,106,0,0,4
854199.0,18,106,0,0,4
854210.0,18,106,0,4,0
854258.0,18,106,0,4,0
854334.0,18,106,0,4,0
854460.0,18,98,0,12,0
854460.0,18,98,0,4,8
854521.0,18,98,0,12,0
854645.0,18,96,0,14,0
854645.0,18,96,0,12,2
854692.0,18,96,0,14,0
854692.0,0,114,0,14,0
854873.0,0,114,0,14,0
854874.0,0,114,0,14,0
854877.0,0,114,0,14,0
854879.0,0,114,0,14,0
854881.0,0,114,0,14,0
854967.0,0,114,0,14,0
855023.0,0,98,0,30,0
855023.0,0,98,0,14,16
855110.0,0,98,0,14,16
855244.0,0,98,0,14,16
855246.0,0,98,0,14,16
855247.0,0,98,0,14,16
855249.0,0,98,0,14,16
855250.0,0,98,0,14,16
855359.0,0,98,0,14,16
855360.0,0,98,0,14,16
855362.0,0,98,0,14,16
855363.0,0,98,0,14,16
855365.0,0,98,0,14,16
855366.0,0,98,0,14,16
855381.0,0,98,0,30,0
855381.0,0,98,0,14,16
855392.0,0,98,0,30,0
855392.0,0,98,0,14,16
855396.0,0,98,0,18,12
855396.0,0,98,0,14,16
855398.0,0,98,0,18,12
855398.0,0,98,0,14,16
855401.0,0,98,0,18,12
855401.0,0,98,0,14,16
855402.0,0,98,0,18,12
855402.0,0,98,0,14,16
855403.0,0,98,0,22,8
855403.0,0,98,0,18,12
855429.0,0,98,0,26,4
855429.0,0,98,0,18,12
855430.0,0,98,0,22,8
855453.0,0,98,0,30,0
855453.0,0,98,0,14,16
855455.0,0,98,0,30,0
855455.0,0,98,0,14,16
855467.0,0,98,0,30,0
855467.0,0,98,0,14,16
855472.0,0,98,0,30,0
855472.0,0,98,0,14,16
855479.0,0,66,0,46,16
855479.0,0,66,0,14,48
855504.0,0,66,0,30,32
855504.0,0,66,0,14,48
855529.0,0,66,0,30,32
855607.0,0,66,0,30,32
855607.0,0,66,0,14,48
855609.0,0,66,0,14,48
855611.0,0,66,0,14,48
855613.0,0,66,0,14,48
855615.0,0,66,0,14,48
855617.0,0,66,0,14,48
855682.0,0,66,0,30,32
855682.0,0,66,0,18,44
855719.0,0,66,0,18,44
855719.0,0,66,0,17,45
855744.0,0,66,0,18,44
855749.0,0,66,0,22,40
855749.0,0,66,0,14,48
855750.0,0,66,0,18,44
855752.0,0,66,0,22,40
855779.0,0,66,0,22,40
855780.0,0,66,0,22,40
855780.0,0,66,0,14,48
855782.0,0,66,0,14,48
855783.0,0,66,0,14,48
855785.0,0,66,0,14,48
855787.0,0,66,0,22,40
855787.0,0,66,0,14,48
855793.0,0,66,0,22,40
855793.0,0,66,0,14,48
855799.0,0,66,0,22,40
855808.0,0,66,0,22,40
855813.0,0,66,0,30,32
855813.0,0,66,0,14,48
855837.0,0,34,0,46,48
855837.0,0,34,0,14,80
855860.0,0,26,0,22,80
855860.0,0,26,0,14,88
855879.0,0,26,0,30,72
855907.0,0,26,0,30,72
855910.0,0,26,0,30,72
855910.0,0,26,0,22,80
855912.0,0,26,0,22,80
855912.0,0,26,0,14,88
855915.0,0,26,0,14,88
855918.0,0,26,0,22,80
855918.0,0,26,0,14,88
855919.0,0,26,0,22,80
855923.0,0,26,0,30,72
855987.0,0,22,0,34,72
855987.0,0,22,0,30,76
855996.0,0,22,0,30,76
856303.0,0,22,0,30,76
856361.0,0,22,0,34,72
856394.0,0,18,0,38,72
856394.0,0,18,0,34,76
856427.0,0,18,0,34,76
856429.0,0,18,0,34,76
856445.0,0,18,0,66,44
856445.0,0,18,0,26,84
856446.0,0,18,0,34,76
856582.0,0,18,0,34,76
856650.0,0,18,0,34,76
856699.0,0,18,0,34,76
856730.0,0,18,0,66,44
856730.0,0,18,0,34,76
856779.0,0,18,0,34,76
856812.0,0,18,0,34,76
856814.0,0,18,0,34,76
856816.0,0,18,0,34,76
856818.0,0,18,0,34,76
856819.0,0,18,0,34,76
857057.0,0,18,0,34,76
857130.0,0,18,0,34,76
857132.0,0,18,0,34,76
857133.0,0,18,0,34,76
857135.0,0,18,0,34,76
857345.0,0,18,0,34,76
857392.0,0,0,0,52,76
857392.0,0,0,0,20,108
857451.0,0,0,0,20,108
857452.0,0,0,0,20,108
857454.0,0,0,0,20,108
857456.0,0,0,0,20,108
857471.0,0,0,0,52,76
857471.0,0,0,0,20,108
857479.0,0,0,0,52,76
857479.0,0,0,0,20,108
857484.0,0,0,0,52,76
857484.0,0,0,0,20,108
857630.0,0,0,0,20,108
857748.0,0,0,0,20,108
857812.0,0,0,0,20,108
857838.0,0,0,0,20,108
857861.0,0,0,0,20,108
857882.0,0,0,0,20,108
858009.0,0,0,0,24,104
858082.0,0,0,0,56,72
858082.0,0,0,0,1,127
858087.0,0,0,0,9,119
858087.0,0,0,0,1,127
858088.0,0,0,0,9,119
858088.0,0,0,0,1,127
858093.0,0,0,0,41,87
858093.0,0,0,0,1,127
858098.0,0,0,0,9,119
858098.0,0,0,0,1,127
858102.0,0,0,0,9,119
858102.0,0,0,0,1,127
858103.0,0,0,0,2,126
858103.0,0,0,0,0,128
858108.0,0,0,0,1,127
858110.0,0,0,0,9,119
858110.0,0,0,0,1,127
858114.0,0,0,0,9,119
858114.0,0,0,0,1,127
858117.0,0,0,0,9,119
858126.0,0,0,0,10,118
858136.0,0,0,0,14,114
858144.0,0,0,0,18,110
858371.0,0,0,0,18,110
858379.0,0,0,0,18,110
858384.0,0,0,0,18,110
858824.0,0,0,0,50,78
858824.0,0,0,0,18,110
858833.0,0,0,0,50,78
858833.0,0,0,0,18,110
858840.0,0,0,0,50,78
858840.0,0,0,0,18,110
858849.0,0,0,0,50,78
858849.0,0,0,0,18,110
858982.0,0,0,0,18,110
858987.0,0,0,0,18,110
858988.0,0,0,0,18,110
858993.0,0,0,0,18,110
858998.0,0,0,0,18,110
859002.0,0,0,0,18,110
859008.0,0,0,0,18,110
859010.0,0,0,0,18,110
859014.0,0,0,0,18,110
859271.0,0,0,0,50,78
859676.0,0,0,0,52,76
859683.0,0,0,0,56,72
859724.0,0,0,0,56,72
859733.0,0,0,0,56,72
859740.0,0,0,0,56,72
859749.0,0,0,0,56,72
859749.0,0,0,18,38,72
860171.0,0,0,18,38,72
860171.0,0,0,50,6,72
860576.0,0,0,50,6,72
860576.0,0,0,52,4,72
860583.0,0,0,52,4,72
860583.0,0,0,56,0,72
861110.0,0,0,56,32,40
861545.0,0,0,56,40,32
861549.0,18,0,38,40,32
861621.0,18,0,38,72,0
861971.0,50,0,6,72,0
862010.0,50,0,6,72,0
862010.0,50,0,38,40,0
862376.0,52,0,36,40,0
862383.0,56,0,32,40,0
862445.0,56,0,32,40,0
862445.0,56,0,40,32,0
862521.0,56,0,40,32,0
862521.0,56,0,72,0,0
863188.0,56,0,72,0,0
863188.0,55,1,72,0,0
863202.0,55,1,72,0,0
863202.0,23,33,72,0,0
863218.0,23,33,72,0,0
863289.0,23,33,72,0,0
863609.0,23,33,72,0,0
863615.0,23,33,72,0,0
863632.0,23,33,72,0,0
863639.0,23,33,72,0,0
863644.0,23,33,72,0,0
863647.0,23,33,72,0,0
863810.0,55,33,40,0,0
863810.0,23,65,40,0,0
863831.0,23,65,40,0,0
864245.0,31,65,32,0,0
864321.0,63,65,0,0,0
864321.0,3,125,0,0,0
864739.0,3,125,0,0,0
864873.0,3,125,0,0,0
864875.0,3,125,0,0,0
864881.0,3,125,0,0,0
864883.0,3,125,0,0,0
864911.0,3,125,0,0,0
864923.0,3,125,0,0,0
865129.0,3,125,0,0,0
865131.0,3,125,0,0,0
865133.0,3,125,0,0,0
865135.0,3,125,0,0,0
865656.0,3,125,0,0,0
865685.0,3,125,0,0,0
865785.0,3,125,0,0,0
865810.0,3,125,0,0,0
865888.0,3,124,0,1,0
865888.0,3,124,0,0,1
865902.0,3,92,0,32,1
865902.0,3,92,0,0,33
865904.0,3,92,0,32,1
865904.0,3,92,0,0,33
865920.0,3,92,0,1,32
866096.0,3,92,0,9,24
866096.0,3,92,0,1,32
866137.0,3,92,0,9,24
866137.0,3,92,0,1,32
866171.0,3,92,0,1,32
866173.0,3,92,0,9,24
866173.0,3,92,0,1,32
866207.0,3,92,0,9,24
866207.0,3,92,0,1,32
866251.0,3,92,0,1,32
866251.0,2,93,0,1,32
866293.0,2,93,0,9,24
866293.0,2,93,0,1,32
866347.0,2,93,0,9,24
866350.0,2,93,0,17,16
866350.0,2,93,0,1,32
866353.0,2,93,0,17,16
866353.0,2,93,0,1,32
866360.0,2,93,0,17,16
866360.0,2,93,0,1,32
866443.0,2,93,0,9,24
866444.0,2,93,0,17,16
866502.0,2,93,0,33,0
866502.0,2,93,0,1,32
866510.0,2,61,0,33,32
866510.0,2,61,0,1,64
866545.0,2,61,0,33,32
866545.0,0,63,0,17,48
866698.0,0,63,0,17,48
866820.0,0,63,0,17,48
866971.0,0,63,0,17,48
867000.0,0,63,0,17,48
867021.0,0,3,0,77,48
867021.0,0,3,0,17,108
867250.0,0,3,0,17,108
867253.0,0,3,0,17,108
867380.0,0,3,0,17,108
867402.0,0,3,0,17,108
867445.0,0,3,0,17,108
867445.0,0,3,11,6,108
867474.0,0,3,11,10,104
867481.0,0,3,11,14,100
867500.0,0,3,11,18,96
867506.0,0,3,11,34,80
867506.0,0,3,11,18,96
867688.0,0,3,11,18,96
867688.0,0,3,11,17,97
867793.0,0,3,11,18,96
867857.0,0,3,11,18,96
867906.0,0,3,11,34,80
867906.0,0,3,11,18,96
868022.0,0,3,11,50,64
868022.0,0,3,11,18,96
868111.0,0,3,11,50,64
868111.0,0,3,11,18,96
868193.0,0,3,11,50,64
868193.0,0,3,11,18,96
868213.0,0,3,11,18,96
868219.0,0,3,11,18,96
868219.0,0,3,11,17,97
868233.0,0,3,11,17,97
868233.0,0,3,11,16,98
868238.0,0,3,11,17,97
868284.0,0,3,11,17,97
868284.0,0,3,11,13,101
868318.0,0,3,11,29,85
868327.0,0,3,11,30,84
868348.0,0,3,11,30,84
868348.0,0,3,11,29,85
868374.0,0,3,11,30,84
868381.0,0,3,11,30,84
868381.0,0,3,11,26,88
868406.0,0,3,11,26,88
868406.0,0,3,11,24,90
868569.0,0,3,11,40,74
868569.0,0,3,11,8,106
868630.0,0,3,11,40,74
868630.0,0,3,11,8,106
868641.0,0,3,11,12,102
868649.0,0,3,11,12,102
868674.0,0,3,11,44,70
868674.0,0,3,11,12,102
868798.0,0,3,11,44,70
868798.0,0,3,11,12,102
868806.0,0,3,11,12,102
868913.0,0,3,11,44,70
868913.0,0,3,11,12,102
868922.0,0,3,11,12,102
868951.0,0,2,11,13,102
868951.0,0,2,11,12,103
868956.0,0,2,11,13,102
869011.0,0,2,11,13,102
869037.0,0,2,11,13,102
869093.0,0,2,11,13,102
869218.0,0,2,11,13,102
869245.0,11,0,0,15,102
869245.0,11,0,0,7,110
869340.0,11,0,0,39,78
869340.0,11,0,0,7,110
869370.0,11,0,0,39,78
869370.0,11,0,0,7,110
869469.0,11,0,0,7,110
869474.0,11,0,0,39,78
869530.0,11,0,0,39,78
869574.0,11,0,0,39,78
869613.0,11,0,0,39,78
869613.0,11,0,0,7,110
869656.0,11,0,0,39,78
869698.0,11,0,0,39,78
869813.0,11,0,0,39,78
869826.0,11,0,0,39,78
869826.0,11,0,0,23,94
870001.0,11,0,0,27,90
870003.0,11,0,0,29,88
870078.0,11,0,0,45,72
870199.0,11,0,0,45,72
870199.0,11,0,0,29,88
870231.0,11,0,0,61,56
870240.0,11,0,0,61,56
870270.0,11,0,0,61,56
870374.0,11,0,0,61,56
870556.0,11,0,0,61,56
870556.0,11,0,7,54,56
870689.0,11,0,7,70,40
870901.0,11,0,7,70,40
870901.0,11,0,11,66,40
870903.0,11,0,11,66,40
870903.0,11,0,11,50,56
870978.0,11,0,11,50,56
870978.0,11,0,13,48,56
871131.0,11,0,13,48,56
871131.0,11,0,45,16,56
871151.0,11,0,45,32,40
871589.0,11,0,45,32,40
871589.0,11,0,61,16,40
871626.0,11,0,61,16,40
871626.0,11,0,61,15,41
871670.0,11,0,61,16,40
871682.0,11,0,61,16,40
871682.0,11,0,61,15,41
871700.0,11,0,61,16,40
871706.0,11,0,61,16,40
871706.0,11,0,61,12,44
871728.0,11,0,61,12,44
871728.0,11,0,61,10,46
871735.0,11,0,61,14,42
871748.0,11,0,61,16,40
872015.0,11,0,61,16,40
872015.0,11,0,61,12,44
872036.0,11,0,61,12,44
872036.0,11,0,61,10,46
872051.0,11,0,61,10,46
872051.0,11,0,63,8,46
872356.0,18,0,56,8,46
872570.0,18,0,56,8,46
872570.0,18,0,57,7,46
872600.0,18,0,57,7,46
872600.0,18,0,58,6,46
872615.0,18,0,58,6,46
872615.0,2,16,58,6,46
872635.0,2,16,58,6,46
872635.0,2,16,62,2,46
872648.0,2,16,62,2,46
872648.0,2,16,64,0,46
872701.0,6,16,60,0,46
872778.0,8,16,58,0,46
872842.0,8,16,58,0,46
872842.0,7,17,58,0,46
872926.0,7,17,58,0,46
872926.0,6,18,58,0,46
872931.0,38,18,26,0,46
872948.0,38,18,26,4,42
872949.0,38,18,26,6,40
872951.0,38,18,26,6,40
872951.0,38,18,26,2,44
872978.0,38,18,26,2,44
872978.0,38,18,26,0,46
873389.0,54,18,10,0,46
873791.0,54,18,10,4,42
873792.0,54,18,10,6,40
873793.0,54,18,10,6,40
873793.0,54,18,10,2,44
873814.0,54,18,10,2,44
873814.0,54,18,10,0,46
873848.0,54,18,10,0,46
873849.0,54,18,10,0,46
873851.0,56,18,8,0,46
873871.0,56,18,8,0,46
873871.0,52,22,8,0,46
874019.0,52,22,8,0,46
874019.0,51,23,8,0,46
874056.0,51,23,8,0,46
874056.0,47,27,8,0,46
874073.0,47,27,8,0,46
874073.0,46,28,8,0,46
874110.0,46,28,8,0,46
874110.0,45,29,8,0,46
874303.0,45,29,8,0,46
874303.0,44,30,8,0,46
874313.0,44,30,8,0,46
874370.0,45,30,7,0,46
874378.0,45,30,7,0,46
874387.0,45,30,7,4,42
874388.0,45,30,7,6,40
874400.0,46,30,6,6,40
874435.0,50,30,2,6,40
874448.0,52,30,0,6,40
874500.0,52,30,0,6,40
874500.0,51,31,0,6,40
874508.0,51,31,0,6,40
874538.0,51,31,0,6,40
874538.0,50,32,0,6,40
874677.0,50,32,0,6,40
874677.0,49,33,0,6,40
874691.0,49,33,0,6,40
874692.0,49,33,0,6,40
874801.0,49,33,0,6,40
874803.0,49,33,0,6,40
874803.0,48,34,0,6,40
874806.0,48,34,0,6,40
874806.0,44,38,0,6,40
874831.0,44,38,0,6,40
874831.0,42,40,0,6,40
874877.0,42,40,0,6,40
874904.0,42,40,0,6,40
874904.0,38,44,0,6,40
874929.0,38,44,0,6,40
874929.0,37,45,0,6,40
875013.0,37,45,0,6,40
875013.0,33,49,0,6,40
875018.0,33,49,0,6,40
875262.0,33,49,0,6,40
875262.0,33,49,0,2,44
875287.0,33,49,0,2,44
875287.0,33,49,2,0,44
875301.0,33,49,2,0,44
875315.0,33,33,2,16,44
875315.0,33,33,2,0,60
875340.0,33,33,2,0,60
875394.0,33,33,2,4,56
875542.0,33,32,2,5,56
875542.0,33,32,2,4,57
875588.0,33,32,2,4,57
875606.0,33,32,2,5,56
875626.0,33,31,2,6,56
875626.0,33,31,2,5,57
875631.0,33,31,2,5,57
875631.0,33,31,2,1,61
875647.0,33,31,2,2,60
875696.0,33,31,2,18,44
875696.0,33,31,2,2,60
875697.0,33,31,2,6,56
875736.0,33,31,2,6,56
875736.0,32,32,2,6,56
875740.0,32,32,2,6,56
875769.0,32,32,2,6,56
875790.0,32,32,2,6,56
875790.0,30,34,2,6,56
875885.0,30,34,2,6,56
875885.0,29,35,2,6,56
875899.0,29,35,2,6,56
875899.0,28,36,2,6,56
876022.0,28,36,2,6,56
876067.0,28,36,2,6,56
876069.0,28,36,2,22,40
876069.0,28,36,2,6,56
876263.0,28,36,2,6,56
876294.0,28,36,2,6,56
876304.0,28,36,2,6,56
876304.0,27,37,2,6,56
876350.0,27,37,2,6,56
876350.0,26,38,2,6,56
876404.0,26,38,2,6,56
876414.0,26,38,2,22,40
876414.0,26,38,2,6,56
876437.0,26,38,2,6,56
876506.0,26,38,2,6,56
876506.0,26,38,3,5,56
876547.0,26,38,3,5,56
876547.0,26,38,4,4,56
876554.0,26,38,4,4,56
876571.0,26,34,4,8,56
876571.0,26,34,4,4,60
876597.0,26,34,4,4,60
876597.0,26,34,5,3,60
876616.0,26,34,5,7,56
876617.0,26,34,5,7,56
876617.0,25,35,5,7,56
876669.0,25,35,5,23,40
876689.0,25,35,5,23,40
876718.0,25,35,5,23,40
876718.0,24,36,5,23,40
876719.0,24,35,5,24,40
876719.0,24,35,5,23,41
876750.0,24,35,5,24,40
876756.0,24,31,5,28,40
876756.0,24,31,5,24,44
876773.0,24,30,5,25,44
876773.0,24,30,5,24,45
876802.0,24,30,5,25,44
876808.0,24,30,5,25,44
876809.0,24,30,5,25,44
876810.0,24,29,5,26,44
876810.0,24,29,5,25,45
876870.0,24,29,5,29,41
876874.0,24,29,5,61,9
876874.0,0,53,5,41,29
876935.0,0,53,5,42,28
876969.0,0,53,5,42,28
877003.0,0,52,5,43,28
877003.0,0,52,5,42,29
877035.0,0,52,5,43,28
877087.0,2,52,3,43,28
877176.0,2,52,3,43,28
877200.0,2,51,3,44,28
877200.0,2,51,3,43,29
877232.0,2,51,3,44,28
877238.0,2,50,3,45,28
877238.0,2,50,3,44,29
877261.0,2,50,3,60,13
877287.0,2,50,3,61,12
877306.0,2,50,3,61,12
877377.0,2,49,3,62,12
877377.0,2,49,3,61,13
877409.0,2,49,3,62,12
877503.0,2,48,3,63,12
877503.0,2,48,3,62,13
877506.0,2,44,3,66,13
877506.0,2,44,3,62,17
877509.0,2,44,3,62,17
877516.0,2,44,3,62,17
877531.0,2,42,3,64,17
877531.0,2,42,3,62,19
877537.0,2,42,3,63,18
877604.0,2,38,3,67,18
877604.0,2,38,3,63,22
877613.0,2,38,3,63,22
877613.0,1,39,3,63,22
877623.0,1,39,3,67,18
877623.0,0,40,3,67,18
877629.0,0,39,3,68,18
877629.0,0,39,3,67,19
877660.0,0,39,3,68,18
877670.0,0,39,3,68,18
877670.0,0,39,3,67,19
877689.0,0,39,3,68,18
877693.0,0,39,3,68,18
877693.0,0,39,3,64,22
877713.0,0,35,3,68,22
877713.0,0,35,3,64,26
877714.0,0,35,3,64,26
877763.0,0,35,3,68,22
877763.0,0,35,3,66,24
877774.0,0,35,3,66,24
877774.0,0,35,4,65,24
877873.0,0,35,4,65,24
877873.0,0,35,4,64,25
877889.0,0,35,4,65,24
877902.0,0,35,4,73,16
878039.0,0,35,4,73,16
878147.0,0,35,4,73,16
878161.0,0,35,4,73,16
878161.0,0,35,11,66,16
878306.0,1,35,10,66,16
878327.0,1,35,10,70,12
878330.0,1,35,10,72,10
878347.0,2,35,9,72,10
878393.0,2,35,9,72,10
878397.0,3,35,8,72,10
878436.0,3,34,8,73,10
878436.0,3,34,8,72,11
878490.0,3,32,8,74,11
878490.0,3,32,8,72,13
878508.0,3,32,8,72,13
878538.0,3,32,8,72,13
878547.0,3,32,8,73,12
878585.0,3,31,8,74,12
878585.0,3,31,8,73,13
878599.0,3,30,8,74,13
878599.0,3,30,8,73,14
878610.0,3,30,8,74,13
878663.0,3,30,8,74,13
878663.0,3,30,10,72,13
878683.0,3,30,10,73,12
878719.0,3,30,10,77,8
878721.0,3,30,10,77,8
878721.0,0,33,10,77,8
878743.0,0,33,10,77,8
878743.0,0,33,10,75,10
878768.0,0,33,10,77,8
878789.0,0,33,10,77,8
878796.0,0,33,10,81,4
878802.0,0,33,10,81,4
878802.0,0,33,18,73,4
878834.0,0,33,18,73,4
879004.0,0,32,18,74,4
879004.0,0,32,18,73,5
879032.0,0,32,18,73,5
879050.0,0,31,18,74,5
879050.0,0,31,18,73,6
879070.0,0,31,18,74,5
879100.0,0,31,18,74,5
879100.0,0,31,18,70,9
879227.0,0,31,18,70,9
879257.0,0,31,18,70,9
879317.0,0,30,18,71,9
879317.0,0,30,18,70,10
879327.0,0,30,18,71,9
879418.0,0,29,18,72,9
879418.0,0,29,18,71,10
879426.0,0,29,18,72,9
879447.0,0,29,18,72,9
879447.0,0,29,19,71,9
879510.0,0,29,19,71,9
879510.0,0,29,20,70,9
879560.0,0,29,20,74,5
879574.0,1,5,19,98,5
879574.0,1,5,19,34,69
879583.0,1,5,19,34,69
879583.0,1,5,20,33,69
879619.0,1,5,20,33,69
879619.0,1,5,24,29,69
879668.0,1,5,24,29,69
879668.0,1,5,26,27,69
879696.0,1,5,26,27,69
879696.0,1,5,30,23,69
879755.0,1,5,30,87,5
879755.0,1,5,30,23,69
879795.0,1,5,30,23,69
879801.0,1,5,30,25,67
879803.0,1,5,30,25,67
879803.0,0,6,30,25,67
879826.0,0,6,30,25,67
879826.0,0,6,30,23,69
879908.0,0,6,30,23,69
879908.0,0,6,30,19,73
879922.0,0,6,30,19,73
879961.0,7,6,23,19,73
879970.0,7,6,23,19,73
880012.0,7,6,23,19,73
880013.0,7,6,23,23,69
880013.0,6,7,23,23,69
880045.0,6,7,23,39,53
880045.0,6,7,23,23,69
880051.0,6,7,23,23,69
880129.0,6,7,23,39,53
880129.0,6,7,23,23,69
880296.0,6,7,23,23,69
880313.0,6,6,23,24,69
880313.0,6,6,23,23,70
880323.0,6,5,23,24,70
880323.0,6,5,23,8,86
880351.0,6,5,23,9,85
880354.0,6,5,23,9,85
880391.0,6,5,23,11,83
880413.0,6,5,23,27,67
880413.0,6,5,23,11,83
880446.0,6,5,23,27,67
880446.0,6,5,23,11,83
880463.0,8,5,21,11,83
880571.0,8,5,21,11,83
880602.0,16,5,13,11,83
880620.0,16,5,13,27,67
880620.0,0,21,13,11,83
880648.0,0,21,13,11,83
880648.0,0,21,13,10,84
880655.0,0,21,13,10,84
880660.0,0,21,13,10,84
880660.0,0,21,13,6,88
880701.0,0,21,13,7,87
880710.0,0,21,13,9,85
880733.0,0,21,13,13,81
880733.0,0,21,13,5,89
880746.0,0,21,13,21,73
880746.0,0,21,13,5,89
880758.0,0,21,13,21,73
880758.0,0,21,13,5,89
880912.0,0,21,13,21,73
880912.0,0,21,13,5,89
880913.0,0,21,13,5,89
881064.0,0,21,13,21,73
881064.0,0,21,13,5,89
881118.0,0,21,13,21,73
881118.0,0,21,13,5,89
881142.0,0,21,13,21,73
881142.0,0,21,13,5,89
881149.0,0,21,13,5,89
881159.0,0,21,13,5,89
881170.0,0,21,13,5,89
881247.0,1,21,12,5,89
881291.0,1,21,12,21,73
881291.0,0,22,12,19,75
881310.0,1,22,11,19,75
881327.0,1,22,11,35,59
881327.0,0,23,11,35,59
881383.0,1,23,10,35,59
881419.0,5,23,6,35,59
881421.0,5,20,6,38,59
881421.0,5,20,6,34,63
881424.0,5,20,6,50,47
881468.0,7,20,4,50,47
881496.0,11,20,0,50,47
881520.0,11,20,0,50,47
881592.0,11,20,0,82,15
881592.0,0,31,0,82,15
881633.0,0,31,0,82,15
881646.0,0,31,0,82,15
881658.0,0,31,0,82,15
881812.0,0,31,0,82,15
881844.0,0,31,0,82,15
881964.0,0,31,0,82,15
881999.0,0,31,0,82,15
882010.0,0,31,0,82,15
882018.0,0,31,0,82,15
882042.0,0,31,0,82,15
882227.0,0,31,0,82,15
882289.0,0,31,0,82,15
882306.0,0,31,0,82,15
882395.0,0,31,0,82,15
882430.0,0,31,0,82,15
882451.0,0,31,0,82,15
882492.0,0,31,0,82,15
882492.0,0,31,8,74,15
882501.0,0,31,8,78,11
882503.0,0,30,8,79,11
882503.0,0,30,8,75,15
882549.0,0,30,8,77,13
882553.0,0,30,8,77,13
882631.0,0,30,8,77,13
882713.0,0,29,8,78,13
882713.0,0,29,8,77,14
882734.0,0,29,8,78,13
882790.0,0,29,8,78,13
883005.0,0,29,8,78,13
883104.0,0,29,8,78,13
883293.0,0,29,8,78,13
883320.0,0,13,8,94,13
883320.0,0,13,8,78,29
883400.0,0,13,8,78,29
883401.0,0,13,8,78,29
883401.0,0,13,12,74,29
883404.0,0,13,12,78,25
883449.0,0,13,12,78,25
883449.0,0,13,14,76,25
883473.0,0,13,14,76,25
883488.0,0,13,14,92,9
883564.0,0,13,14,92,9
883623.0,0,13,14,92,9
883634.0,0,13,14,92,9
883634.0,0,13,15,91,9
883765.0,0,13,15,91,9
883959.0,0,13,15,91,9
883991.0,0,12,15,92,9
883991.0,0,12,15,76,25
884027.0,0,11,15,77,25
884027.0,0,11,15,73,29
884083.0,0,11,15,73,29
884105.0,0,11,15,73,29
884120.0,0,11,15,81,21
884278.0,0,11,15,97,5
884278.0,0,11,15,96,6
884292.0,8,0,7,107,6
884292.0,8,0,7,43,70
884300.0,8,0,7,43,70
884304.0,8,0,7,43,70
884304.0,8,0,11,39,70
884309.0,8,0,11,40,69
884366.0,8,0,11,40,69
884388.0,8,0,11,40,69
884388.0,8,0,27,24,69
884436.0,8,0,27,88,5
884436.0,0,8,27,8,85
884440.0,0,8,27,8,85
884499.0,0,8,27,8,85
884566.0,0,8,27,72,21
884566.0,0,8,27,8,85
884664.0,0,8,27,8,85
884702.0,0,8,27,72,21
884702.0,0,8,27,8,85
884726.0,0,8,27,24,69
884726.0,0,8,27,8,85
884745.0,0,8,27,9,84
884756.0,0,8,27,10,83
884758.0,0,8,27,11,82
884792.0,0,8,27,12,81
884792.0,0,8,27,8,85
884795.0,0,8,27,12,81
884795.0,0,8,27,8,85
884823.0,0,8,27,8,85
884848.0,0,8,27,72,21
884848.0,0,8,27,8,85
884896.0,0,8,27,8,85
884906.0,0,8,27,40,53
884906.0,0,8,27,8,85
885020.0,0,8,27,8,85
885069.0,0,8,27,40,53
885069.0,0,8,27,8,85
885108.0,0,8,27,12,81
885108.0,0,8,27,8,85
885130.0,0,8,27,12,81
885130.0,0,8,27,8,85
885155.0,0,8,27,12,81
885155.0,0,8,27,8,85
885201.0,4,8,23,8,85
885249.0,6,8,21,8,85
885306.0,6,8,21,12,81
885348.0,6,8,21,44,49
885348.0,6,8,21,12,81
885434.0,7,8,20,12,81
885479.0,7,8,20,44,49
885479.0,7,8,20,12,81
885561.0,7,8,20,12,81
885561.0,6,9,20,12,81
885602.0,6,9,20,12,81
885602.0,2,13,20,12,81
885623.0,2,13,20,12,81
885623.0,0,15,20,12,81
885639.0,0,15,20,14,79
885645.0,0,15,20,14,79
885670.0,0,15,20,16,77
885670.0,0,15,20,8,85
885689.0,0,15,20,12,81
885728.0,0,15,20,16,77
885956.0,0,15,20,16,77
885956.0,0,15,20,12,81
886028.0,0,15,20,12,81
886091.0,0,15,20,12,81
886091.0,0,15,20,8,85
886104.0,4,15,16,8,85
886188.0,20,15,0,8,85
886206.0,20,15,0,8,85
886248.0,20,15,0,8,85
886262.0,20,15,0,12,81
886325.0,20,15,0,16,77
886338.0,20,15,0,16,77
886338.0,16,19,0,16,77
886374.0,16,19,0,16,77
886379.0,16,19,0,16,77
886589.0,16,19,0,16,77
886628.0,16,19,0,16,77
886905.0,16,19,0,48,45
886905.0,16,19,0,16,77
887136.0,16,11,0,24,77
887136.0,16,11,0,8,93
887162.0,16,11,0,8,93
887425.0,16,11,0,24,77
887425.0,0,27,0,24,77
887433.0,0,27,0,56,45
887433.0,0,27,0,24,77
887528.0,0,27,0,56,45
887528.0,0,27,0,24,77
887611.0,0,27,0,56,45
887611.0,0,27,0,24,77
887805.0,0,27,0,24,77
888261.0,0,26,0,25,77
888261.0,0,26,0,24,78
888281.0,0,26,0,25,77
888302.0,0,22,0,29,77
888302.0,0,22,0,25,81
888323.0,0,20,0,27,81
888323.0,0,20,0,25,83
888325.0,0,20,0,25,83
888333.0,0,20,0,25,83
888428.0,0,20,0,25,83
888511.0,0,20,0,25,83
888511.0,0,20,8,17,83
888823.0,0,20,8,17,83
888823.0,0,20,8,16,84
888839.0,0,20,8,17,83
888856.0,0,20,8,17,83
888856.0,0,20,8,16,84
888873.0,0,20,8,17,83
888906.0,0,20,8,17,83
888906.0,0,20,8,16,84
889038.0,0,16,8,20,84
889038.0,0,16,8,16,88
889130.0,0,16,8,17,87
889181.0,0,16,8,17,87
889205.0,0,16,8,21,83
889222.0,0,16,8,21,83
889222.0,0,16,8,20,84
889225.0,0,16,8,24,80
889227.0,0,16,8,26,78
889318.0,0,16,8,27,77
889594.0,0,16,8,59,45
889594.0,0,16,8,27,77
889668.0,0,16,8,59,45
889668.0,0,16,8,43,61
889669.0,0,16,8,43,61
889669.0,0,16,8,42,62
889739.0,0,16,8,42,62
889749.0,0,16,8,43,61
889773.0,0,16,8,43,61
890008.0,0,16,8,59,45
890008.0,0,16,8,27,77
890030.0,0,16,8,27,77
890105.0,0,16,8,27,77
890125.0,0,0,8,43,77
890125.0,0,0,8,11,109
890210.0,0,0,8,43,77
890210.0,0,0,8,11,109
890302.0,0,0,8,43,77
890302.0,0,0,8,11,109
890311.0,8,0,0,11,109
890494.0,8,0,0,11,109
890568.0,8,0,0,11,109
890654.0,8,0,0,27,93
890654.0,0,8,0,27,93
890670.0,0,8,0,43,77
890801.0,0,8,0,75,45
890801.0,0,8,0,43,77
890858.0,0,8,0,75,45
890858.0,0,8,0,35,85
890908.0,0,8,0,35,85
890937.0,0,8,0,43,77
890941.0,0,8,0,43,77
890941.0,0,8,0,35,85
890975.0,0,8,0,43,77
890994.0,0,8,0,43,77
890994.0,0,8,0,35,85
890999.0,0,8,0,67,53
890999.0,0,8,0,35,85
891014.0,0,8,0,36,84
891028.0,0,8,0,44,76
891059.0,0,8,0,44,76
891059.0,0,8,0,36,84
891105.0,0,8,0,44,76
891110.0,0,8,0,44,76
891202.0,0,8,0,44,76
891375.0,0,8,0,76,44
891375.0,0,8,0,44,76
891554.0,0,8,0,44,76
891701.0,0,8,0,44,76
891758.0,0,8,0,44,76
891899.0,0,8,0,44,76
892157.0,0,8,0,48,72
892275.0,0,8,0,48,72
892275.0,0,8,20,28,72
892759.0,0,8,20,28,72
892789.0,0,8,20,28,72
892789.0,0,8,20,24,76
892832.0,0,8,20,28,72
892832.0,0,8,20,24,76
892877.0,0,8,20,24,76
892916.0,0,8,20,24,76
893057.0,0,8,20,24,76
893063.0,0,8,20,24,76
893066.0,0,8,20,56,44
893066.0,0,8,20,24,76
893153.0,0,8,20,56,44
893153.0,0,8,20,24,76
893155.0,0,8,20,24,76
893236.0,0,8,20,56,44
893236.0,0,8,20,24,76
893265.0,0,8,20,24,76
893304.0,0,8,20,24,76
893351.0,0,8,20,24,76
893354.0,0,0,20,32,76
893354.0,0,0,20,0,108
893374.0,0,0,20,0,108
893403.0,0,0,20,0,108
893428.0,0,0,20,32,76
893428.0,0,0,20,0,108
893837.0,0,0,20,8,100
893837.0,0,0,20,3,105
893856.0,0,0,20,4,104
893873.0,0,0,20,8,100
893873.0,0,0,20,0,108
894012.0,0,0,20,8,100
894012.0,0,0,20,0,108
894046.0,0,0,20,8,100
894046.0,0,0,20,0,108
894075.0,20,0,0,0,108
894081.0,20,0,0,8,100
894081.0,12,8,0,8,100
894418.0,12,8,0,40,68
894418.0,12,8,0,8,100
894647.0,12,8,0,8,100
894647.0,12,8,0,7,101
894676.0,12,8,0,8,100
894737.0,12,8,0,8,100
894981.0,12,8,0,8,100
895143.0,12,8,0,12,96
895318.0,12,8,0,12,96
895318.0,12,8,7,5,96
895576.0,12,8,7,5,96
895576.0,12,8,8,4,96
895730.0,12,8,8,4,96
895745.0,12,8,8,4,96
895844.0,12,8,8,4,96
895844.0,8,12,8,4,96
896043.0,8,12,8,4,96
896043.0,8,12,12,0,96
896781.0,8,4,12,8,96
896781.0,8,4,12,0,104
896814.0,8,4,12,8,96
897118.0,15,4,5,8,96
897376.0,16,4,4,8,96
897714.0,16,4,4,8,96
897714.0,16,4,12,0,96
897843.0,20,4,8,0,96
898544.0,20,0,8,4,96
898544.0,20,0,8,0,100
899514.0,28,0,0,0,100
899556.0,28,0,0,32,68
899556.0,28,0,0,0,100
899573.0,28,0,0,32,68
899573.0,28,0,0,0,100
899614.0,28,0,0,32,68
899614.0,28,0,0,0,100
900201.0,28,0,0,32,68
900201.0,28,0,0,0,100
900227.0,28,0,0,32,68
900758.0,28,0,0,64,36
900758.0,28,0,0,0,100
901127.0,28,0,0,0,100
901940.0,28,0,0,32,68
901940.0,28,0,0,0,100
906024.0,28,0,0,0,100
906131.0,28,0,0,0,100
906317.0,28,0,0,0,100
906382.0,28,0,0,0,100
908719.0,28,0,0,4,96
908719.0,28,0,0,0,100
908803.0,28,0,0,0,100
908878.0,28,0,0,0,100
910697.0,28,0,0,4,96
911036.0,28,0,0,68,32
911036.0,28,0,0,36,64
911597.0,28,0,0,36,64
911936.0,28,0,0,36,64
911936.0,28,0,36,0,64
912210.0,28,0,36,32,32
913079.0,28,0,36,64,0
913110.0,28,0,36,64,0
913110.0,28,0,68,32,0
913339.0,28,0,68,32,0
913339.0,28,0,68,31,1
913443.0,28,0,68,32,0
913517.0,28,0,68,32,0
913517.0,28,0,68,31,1
913649.0,28,0,68,32,0
913673.0,28,0,68,32,0
913673.0,28,0,68,31,1
913736.0,64,0,32,31,1
913939.0,64,0,32,32,0
913979.0,64,0,32,32,0
913979.0,64,0,63,1,0
914839.0,64,0,63,1,0
914839.0,64,0,64,0,0
914910.0,96,0,32,0,0
915779.0,127,0,1,0,0
916319.0,127,0,1,0,0
916439.0,127,0,1,0,0
916619.0,127,0,1,0,0
916639.0,128,0,0,0,0
916639.0,0,128,0,0,0
916688.0,0,128,0,0,0
919339.0,0,0,0,128,0
919339.0,0,0,0,0,128
919442.0,0,0,0,128,0
919442.0,0,0,0,28,100
920342.0,0,0,0,28,100
920342.0,0,0,28,0,100
922142.0,28,0,0,0,100
926880.0,28,0,0,4,96
926952.0,28,0,0,36,64
927712.0,28,0,0,36,64
927735.0,28,0,0,36,64
927780.0,28,0,0,36,64
927780.0,28,0,4,32,64
927852.0,28,0,4,32,64
927852.0,28,0,36,0,64
929580.0,32,0,32,0,64
929619.0,32,0,32,64,0
929652.0,64,0,0,64,0
929652.0,0,64,0,64,0
929674.0,0,64,0,64,0
929854.0,0,64,0,64,0
930519.0,0,64,0,64,0
930827.0,0,64,0,64,0
932352.0,0,0,0,128,0
932352.0,0,0,0,0,128
932467.0,0,0,0,128,0
932467.0,0,0,0,19,109
932490.0,0,0,0,20,108
933367.0,0,0,0,20,108
933367.0,0,0,19,1,108
933390.0,0,0,19,1,108
933390.0,0,0,20,0,108
933568.0,0,0,20,0,108
934298.0,0,0,20,0,108
935071.0,0,0,20,0,108
935167.0,19,0,1,0,108
935190.0,20,0,0,0,108
935898.0,20,0,0,0,108
936510.0,20,0,0,0,108
937040.0,20,0,0,0,108
937478.0,20,0,0,0,108
938527.0,20,0,0,0,108
938882.0,20,0,0,0,108
938904.0,20,0,0,0,108
939015.0,20,0,0,0,108
940591.0,20,0,0,0,108
940630.0,20,0,0,0,108
940710.0,20,0,0,0,108
940764.0,20,0,0,0,108
940979.0,20,0,0,0,108
941008.0,20,0,0,0,108
941070.0,20,0,0,0,108
941102.0,20,0,0,0,108
941145.0,20,0,0,0,108
941171.0,20,0,0,0,108
941244.0,20,0,0,0,108
941266.0,20,0,0,0,108
941401.0,20,0,0,0,108
941446.0,20,0,0,0,108
941462.0,20,0,0,0,108
941531.0,20,0,0,0,108
941549.0,20,0,0,0,108
941633.0,20,0,0,0,108
941678.0,20,0,0,0,108
941753.0,20,0,0,0,108
941965.0,20,0,0,0,108
942008.0,20,0,0,0,108
942066.0,20,0,0,0,108
942072.0,20,0,0,0,108
942218.0,20,0,0,0,108
942556.0,20,0,0,0,108
942633.0,20,0,0,64,44
942633.0,20,0,0,0,108
942652.0,20,0,0,0,108
942712.0,20,0,0,0,108
942724.0,20,0,0,0,108
942825.0,20,0,0,0,108
942878.0,20,0,0,0,108
942959.0,20,0,0,0,108
943571.0,20,0,0,32,76
943571.0,12,8,0,0,108
943779.0,12,8,0,0,108
943783.0,12,8,0,0,108
943849.0,12,8,0,0,108
943896.0,12,8,0,0,108
943990.0,12,8,0,0,108
944045.0,12,8,0,0,108
944184.0,12,8,0,0,108
944275.0,12,8,0,0,108
944456.0,12,8,0,0,108
944513.0,12,8,0,0,108
944967.0,12,8,0,0,108
944968.0,12,8,0,0,108
945013.0,12,8,0,0,108
945413.0,12,8,0,0,108
945441.0,12,8,0,0,108
945514.0,12,8,0,0,108
945659.0,12,8,0,0,108
945754.0,12,8,0,0,108
945786.0,12,8,0,0,108
945870.0,12,8,0,0,108
946271.0,12,0,0,8,108
946271.0,12,0,0,0,116
946561.0,12,0,0,0,116
946682.0,12,0,0,0,116
946790.0,12,0,0,0,116
946812.0,12,0,0,0,116
946832.0,12,0,0,8,108
946832.0,0,12,0,2,114
946852.0,0,12,0,3,113
946852.0,0,12,0,2,114
946853.0,0,12,0,6,110
946853.0,0,12,0,2,114
946854.0,0,12,0,3,113
946854.0,0,12,0,2,114
946870.0,0,12,0,3,113
946870.0,0,12,0,2,114
946874.0,0,12,0,6,110
946874.0,0,12,0,2,114
946875.0,0,12,0,3,113
946875.0,0,12,0,2,114
946891.0,0,12,0,3,113
946891.0,0,12,0,2,114
946898.0,0,12,0,3,113
946929.0,0,12,0,7,109
946929.0,0,12,0,3,113
946937.0,0,12,0,4,112
946937.0,0,12,0,2,114
946951.0,0,12,0,6,110
946951.0,0,12,0,2,114
947007.0,0,12,0,6,110
947007.0,0,12,0,2,114
947018.0,0,12,0,34,82
947018.0,0,12,0,2,114
947031.0,0,12,0,6,110
947031.0,0,12,0,2,114
947101.0,0,12,0,6,110
947101.0,0,12,0,2,114
947180.0,0,12,0,6,110
947180.0,0,12,0,2,114
947201.0,0,12,0,6,110
947201.0,0,12,0,2,114
947253.0,0,12,0,6,110
947253.0,0,12,0,2,114
947308.0,0,12,0,6,110
947308.0,0,12,0,2,114
947329.0,0,12,0,6,110
947329.0,0,12,0,2,114
947337.0,0,12,0,2,114
947373.0,0,12,0,6,110
947373.0,0,12,0,2,114
947691.0,0,12,0,6,110
947691.0,0,12,0,2,114
947713.0,0,12,0,6,110
947713.0,0,12,0,2,114
947735.0,0,12,0,6,110
947735.0,0,12,0,2,114
947796.0,0,12,0,6,110
947796.0,0,12,0,2,114
947798.0,0,12,0,2,114
947813.0,0,12,0,4,112
947819.0,0,12,0,4,112
947829.0,0,12,0,4,112
947843.0,0,12,0,8,108
947843.0,0,12,0,4,112
948062.0,0,12,0,12,104
948062.0,0,12,0,4,112
948108.0,0,12,0,12,104
948108.0,0,12,0,4,112
948138.0,0,12,0,4,112
948138.0,0,12,0,3,113
948153.0,0,12,0,4,112
948286.0,0,12,0,12,104
948286.0,0,12,0,4,112
948331.0,0,12,0,8,108
948331.0,0,12,0,4,112
948377.0,0,12,0,8,108
948377.0,0,12,0,4,112
948379.0,0,12,0,8,108
948379.0,0,12,0,4,112
948419.0,0,12,0,8,108
948419.0,0,12,0,4,112
948421.0,0,12,0,8,108
948421.0,0,12,0,4,112
948430.0,0,12,0,8,108
948430.0,0,12,0,4,112
948466.0,0,12,0,8,108
948466.0,0,12,0,4,112
948500.0,0,12,0,8,108
948500.0,0,12,0,4,112
948511.0,0,12,0,8,108
948511.0,0,12,0,4,112
948550.0,0,12,0,8,108
948550.0,0,12,0,4,112
948554.0,0,12,0,8,108
948554.0,0,12,0,4,112
948595.0,0,12,0,8,108
948713.0,0,12,0,8,108
948743.0,0,12,0,8,108
948890.0,0,12,0,8,108
948890.0,0,12,0,7,109
948930.0,0,12,0,8,108
948952.0,0,12,0,8,108
948952.0,0,12,0,7,109
948962.0,0,12,0,7,109
948974.0,0,12,0,8,108
948980.0,0,12,0,8,108
948980.0,0,12,0,4,112
949002.0,0,12,0,4,112
949002.0,0,12,0,2,114
949008.0,0,12,0,2,114
949032.0,0,12,0,4,112
949035.0,0,12,0,8,108
949099.0,0,12,0,8,108
949099.0,0,12,0,7,109
949116.0,0,12,0,8,108
949186.0,0,12,0,8,108
949231.0,0,12,0,8,108
949277.0,0,12,0,8,108
949279.0,0,12,0,8,108
949319.0,0,12,0,8,108
949321.0,0,12,0,8,108
949330.0,0,12,0,8,108
949347.0,0,12,0,8,108
949347.0,0,12,0,7,109
949352.0,0,12,0,8,108
949366.0,0,12,0,8,108
949400.0,0,12,0,8,108
949411.0,0,12,0,8,108
949429.0,0,12,0,8,108
949429.0,0,12,0,7,109
949439.0,0,12,0,8,108
949449.0,0,12,0,12,104
949449.0,0,12,0,4,112
949450.0,0,12,0,12,104
949450.0,0,12,0,4,112
949454.0,0,12,0,4,112
949476.0,0,12,0,4,112
949476.0,0,12,0,3,113
949485.0,0,12,0,4,112
949495.0,0,12,0,4,112
949499.0,0,12,0,12,104
949499.0,0,12,0,4,112
949532.0,0,0,0,16,112
949532.0,0,0,0,2,126
949553.0,0,0,0,3,125
949554.0,0,0,0,7,121
949557.0,0,0,0,8,120
949590.0,0,0,0,12,116
949621.0,0,0,0,12,116
949621.0,0,0,0,8,120
949639.0,0,0,0,12,116
949716.0,0,0,0,12,116
949716.0,0,0,0,11,117
949752.0,0,0,0,12,116
949757.0,0,0,0,12,116
949757.0,0,0,0,11,117
949784.0,0,0,0,12,116
949830.0,0,0,0,12,116
949877.0,0,0,0,16,112
949877.0,0,0,0,0,128
949896.0,0,0,0,0,128
949918.0,0,0,0,0,128
949932.0,0,0,0,0,128
949935.0,0,0,0,0,128
949937.0,0,0,0,0,128
950069.0,0,0,0,16,112
950069.0,0,0,0,0,128
950124.0,0,0,0,16,112
950124.0,0,0,0,0,128
950159.0,0,0,0,16,112
950159.0,0,0,0,0,128
950161.0,0,0,0,32,96
950161.0,0,0,0,0,128
950167.0,0,0,0,0,128
950221.0,0,0,0,16,112
950221.0,0,0,0,0,128
950349.0,0,0,0,0,128
950350.0,0,0,0,0,128
950379.0,0,0,0,16,112
950379.0,0,0,0,0,128
950399.0,0,0,0,0,128
950407.0,0,0,0,0,128
950454.0,0,0,0,0,128
950458.0,0,0,0,0,128
950521.0,0,0,0,16,112
950521.0,0,0,0,0,128
950615.0,0,0,0,4,124
950615.0,0,0,0,0,128
950621.0,0,0,0,0,128
950629.0,0,0,0,0,128
950637.0,0,0,0,8,120
950637.0,0,0,0,1,127
950638.0,0,0,0,3,125
950665.0,0,0,0,4,124
950776.0,0,0,0,5,123
950902.0,0,0,0,21,107
950902.0,0,0,0,13,115
951012.0,0,0,0,14,114
951066.0,0,0,0,22,106
951305.0,0,0,0,22,106
951305.0,0,0,0,21,107
951326.0,0,0,0,22,106
951528.0,0,0,0,54,74
951528.0,0,0,0,22,106
951537.0,0,0,0,22,106
951674.0,0,0,0,22,106
951674.0,0,0,0,21,107
951695.0,0,0,0,22,106
951767.0,0,0,0,22,106
951767.0,0,0,0,21,107
951802.0,0,0,0,21,107
951814.0,0,0,0,22,106
951834.0,0,0,0,22,106
951834.0,0,0,0,21,107
951923.0,0,0,0,22,106
952106.0,0,0,0,22,106
952106.0,0,0,0,21,107
952126.0,0,0,0,21,107
952126.0,0,0,0,5,123
952171.0,0,0,0,21,107
952314.0,0,0,0,22,106
952428.0,0,0,0,22,106
952428.0,0,0,2,20,106
952595.0,0,0,2,20,106
952595.0,0,0,3,19,106
952714.0,0,0,3,19,106
952714.0,0,0,4,18,106
952823.0,0,0,4,18,106
952823.0,0,0,5,17,106
952960.0,0,0,5,21,102
952961.0,0,0,5,23,100
953071.0,0,0,5,23,100
953071.0,0,0,21,7,100
953214.0,0,0,21,7,100
953214.0,0,0,22,6,100
953860.0,0,0,22,6,100
953860.0,0,0,26,2,100
953861.0,0,0,26,2,100
953861.0,0,0,28,0,100
954228.0,2,0,26,0,100
954395.0,3,0,25,0,100
954514.0,4,0,24,0,100
954623.0,5,0,23,0,100
954871.0,21,0,7,0,100
955014.0,22,0,6,0,100
955042.0,22,0,6,0,100
955060.0,22,0,6,0,100
955065.0,22,0,6,0,100
955119.0,22,0,6,0,100
955188.0,22,0,6,0,100
955189.0,22,0,6,0,100
955209.0,22,0,6,0,100
955389.0,22,0,6,0,100
955459.0,22,0,6,0,100
955507.0,22,0,6,0,100
955569.0,22,0,6,0,100
955660.0,26,0,2,0,100
955661.0,28,0,0,0,100
955790.0,28,0,0,0,100
956831.0,28,0,0,0,100
957344.0,28,0,0,0,100
957518.0,28,0,0,0,100
957559.0,28,0,0,0,100
957570.0,28,0,0,0,100
957595.0,28,0,0,0,100
957618.0,28,0,0,0,100
958204.0,28,0,0,0,100
958250.0,28,0,0,32,68
958250.0,28,0,0,0,100
958372.0,28,0,0,32,68
958372.0,28,0,0,0,100
958395.0,28,0,0,32,68
958395.0,28,0,0,0,100
958435.0,28,0,0,0,100
958491.0,28,0,0,0,100
958514.0,28,0,0,0,100
958536.0,28,0,0,0,100
958819.0,28,0,0,0,100
958912.0,28,0,0,0,100
959324.0,28,0,0,0,100
959353.0,28,0,0,0,100
959553.0,28,0,0,32,68
959553.0,28,0,0,0,100
959619.0,28,0,0,32,68
959619.0,28,0,0,0,100
960039.0,28,0,0,0,100
960052.0,28,0,0,0,100
960066.0,28,0,0,0,100
960074.0,28,0,0,0,100
960557.0,28,0,0,0,100
960584.0,28,0,0,32,68
960584.0,28,0,0,0,100
960641.0,28,0,0,32,68
960641.0,28,0,0,0,100
960705.0,28,0,0,32,68
960705.0,24,4,0,0,100
960743.0,24,4,0,0,100
960760.0,24,4,0,32,68
960760.0,22,6,0,0,100
960767.0,22,6,0,0,100
960827.0,22,6,0,0,100
960872.0,22,6,0,0,100
961005.0,22,6,0,4,96
961005.0,0,28,0,0,100
961073.0,0,28,0,32,68
961073.0,0,28,0,0,100
961087.0,0,28,0,0,100
961103.0,0,28,0,0,100
961142.0,0,28,0,0,100
961188.0,0,28,0,0,100
961370.0,0,28,0,0,100
961396.0,0,28,0,0,100
961490.0,0,28,0,0,100
961626.0,0,28,0,0,100
961646.0,0,28,0,0,100
961749.0,0,28,0,0,100
961873.0,0,28,0,0,100
961894.0,0,28,0,0,100
961997.0,0,28,0,4,96
961997.0,0,28,0,0,100
962015.0,0,28,0,1,99
962015.0,0,28,0,0,100
962018.0,0,28,0,1,99
962033.0,0,28,0,2,98
962033.0,0,28,0,0,100
962037.0,0,28,0,2,98
962037.0,0,28,0,0,100
962095.0,0,28,0,0,100
962183.0,0,28,0,0,100
962302.0,0,28,0,0,100
962367.0,0,28,0,0,100
962438.0,0,28,0,0,100
962509.0,0,28,0,0,100
962627.0,0,28,0,0,100
962732.0,0,28,0,0,100
962768.0,0,28,0,32,68
962768.0,0,28,0,0,100
962795.0,0,28,0,0,100
962804.0,0,28,0,8,92
962804.0,0,28,0,0,100
962806.0,0,28,0,4,96
962806.0,0,28,0,0,100
962861.0,0,28,0,0,100
962902.0,0,28,0,0,100
962918.0,0,28,0,0,100
962938.0,0,28,0,0,100
962962.0,0,28,0,0,100
962970.0,0,28,0,2,98
962970.0,0,28,0,0,100
962998.0,0,28,0,8,92
962998.0,0,28,0,0,100
963016.0,0,28,0,2,98
963016.0,0,28,0,1,99
963031.0,0,28,0,2,98
963087.0,0,28,0,6,94
963087.0,0,28,0,2,98
963106.0,0,28,0,6,94
963106.0,0,28,0,2,98
963115.0,0,28,0,10,90
963115.0,0,28,0,2,98
963116.0,0,28,0,2,98
963136.0,0,28,0,2,98
963139.0,0,28,0,34,66
963139.0,0,28,0,2,98
963170.0,0,28,0,34,66
963170.0,0,28,0,2,98
963187.0,0,28,0,6,94
963187.0,0,28,0,2,98
963198.0,0,28,0,10,90
963198.0,0,28,0,2,98
963231.0,0,28,0,2,98
963286.0,0,28,0,6,94
963344.0,0,28,0,38,62
963344.0,0,28,0,6,94
963393.0,0,28,0,38,62
963393.0,0,28,0,6,94
963405.0,0,24,0,10,94
963405.0,0,24,0,6,98
963409.0,0,24,0,10,94
963409.0,0,24,0,2,102
963460.0,0,22,0,4,102
963460.0,0,22,0,2,104
963478.0,0,22,0,10,96
963478.0,0,22,0,2,104
963502.0,0,22,0,2,104
963502.0,0,22,0,1,105
963520.0,0,22,0,2,104
963536.0,0,22,0,2,104
963554.0,0,22,0,10,96
963554.0,0,22,0,2,104
963622.0,0,22,0,10,96
963622.0,0,22,0,2,104
963675.0,0,22,0,2,104
963675.0,0,22,0,1,105
963680.0,0,22,0,9,97
963680.0,0,22,0,1,105
963705.0,0,0,0,23,105
963705.0,0,0,0,1,127
963715.0,0,0,0,2,126
963718.0,0,0,0,3,125
963725.0,0,0,0,4,124
963726.0,0,0,0,5,123
963731.0,0,0,0,5,123
963731.0,0,0,0,4,124
963733.0,0,0,0,5,123
963742.0,0,0,0,14,114
963742.0,0,0,0,6,122
963747.0,0,0,0,10,118
963747.0,0,0,0,2,126
963748.0,0,0,0,4,124
963754.0,0,0,0,5,123
963769.0,0,0,0,9,119
963770.0,0,0,0,10,118
963804.0,0,0,0,18,110
963809.0,0,0,0,26,102
963818.0,0,0,0,34,94
963818.0,0,0,0,2,126
963835.0,0,0,0,2,126
963866.0,0,0,0,2,126
963896.0,0,0,0,4,124
963916.0,0,0,0,4,124
963987.0,0,0,0,4,124
964006.0,0,0,0,4,124
964015.0,0,0,0,4,124
964039.0,0,0,0,4,124
964050.0,0,0,0,4,124
964050.0,0,0,0,3,125
964070.0,0,0,0,3,125
964078.0,0,0,0,4,124
964085.0,0,0,0,4,124
964085.0,0,0,0,0,128
964087.0,0,0,0,0,128
964098.0,0,0,0,0,128
964107.0,0,0,0,0,128
964143.0,0,0,0,4,124
964143.0,0,0,0,2,126
964244.0,0,0,0,2,126
964293.0,0,0,0,2,126
964395.0,0,0,0,10,118
964395.0,0,0,0,2,126
964414.0,0,0,0,6,122
964420.0,0,0,0,6,122
964447.0,0,0,0,8,120
964447.0,0,0,0,0,128
964468.0,0,0,0,8,120
964468.0,0,0,0,0,128
964507.0,0,0,0,8,120
964507.0,0,0,0,0,128
964537.0,0,0,0,8,120
964537.0,0,0,0,0,128
964594.0,0,0,0,8,120
964594.0,0,0,0,0,128
964600.0,0,0,0,2,126
964622.0,0,0,0,6,122
964633.0,0,0,0,6,122
964682.0,0,0,0,14,114
964682.0,0,0,0,6,122
964692.0,0,0,0,38,90
964692.0,0,0,0,6,122
964718.0,0,0,0,6,122
964807.0,0,0,0,6,122
964807.0,0,0,0,5,123
964827.0,0,0,0,6,122
964876.0,0,0,0,6,122
964942.0,0,0,0,38,90
964942.0,0,0,0,6,122
965043.0,0,0,0,6,122
965057.0,0,0,0,6,122
965089.0,0,0,0,14,114
965089.0,0,0,0,6,122
965114.0,0,0,0,14,114
965114.0,0,0,0,6,122
965151.0,0,0,0,38,90
965151.0,0,0,0,6,122
965159.0,0,0,0,14,114
965159.0,0,0,0,6,122
965183.0,0,0,0,10,118
965183.0,0,0,0,2,126
965221.0,0,0,0,4,124
965242.0,0,0,0,12,116
965258.0,0,0,0,20,108
965295.0,0,0,0,20,108
965376.0,0,0,0,20,108
965376.0,0,0,0,12,116
965386.0,0,0,0,44,84
965386.0,0,0,0,12,116
965388.0,0,0,0,12,116
965388.0,0,0,0,4,124
965442.0,0,0,0,12,116
965443.0,0,0,0,20,108
965477.0,0,0,0,20,108
965477.0,0,0,0,12,116
965500.0,0,0,0,12,116
965539.0,0,0,0,20,108
965548.0,0,0,0,20,108
965552.0,0,0,0,20,108
965552.0,0,0,0,12,116
965582.0,0,0,0,12,116
965583.0,0,0,0,12,116
965583.0,0,0,0,4,124
965592.0,0,0,0,4,124
965601.0,0,0,0,4,124
965609.0,0,0,0,12,116
965609.0,0,0,0,4,124
965624.0,0,0,0,36,92
965624.0,0,0,0,4,124
965665.0,0,0,0,4,124
965669.0,0,0,0,12,116
965669.0,0,0,0,4,124
965672.0,0,0,0,4,124
965720.0,0,0,0,12,116
965720.0,0,0,0,4,124
965721.0,0,0,0,4,124
965723.0,0,0,0,12,116
965723.0,0,0,0,4,124
965748.0,0,0,0,4,124
965772.0,0,0,0,12,116
965817.0,0,0,0,20,108
965826.0,0,0,0,28,100
965830.0,0,0,0,28,100
965830.0,0,0,0,24,104
965840.0,0,0,0,24,104
965840.0,0,0,0,16,112
965842.0,0,0,0,16,112
965933.0,0,0,0,16,112
965933.0,0,0,0,8,120
965942.0,0,0,0,16,112
965945.0,0,0,0,16,112
965945.0,0,0,0,8,120
965989.0,0,0,0,8,120
966004.0,0,0,0,16,112
966014.0,0,0,0,16,112
966015.0,0,0,0,16,112
966015.0,0,0,0,8,120
966035.0,0,0,0,16,112
966050.0,0,0,0,16,112
966050.0,0,0,0,8,120
966051.0,0,0,0,8,120
966059.0,0,0,0,8,120
966081.0,0,0,0,16,112
966083.0,0,0,0,16,112
966107.0,0,0,0,16,112
966107.0,0,0,0,8,120
966130.0,0,0,0,16,112
966142.0,0,0,0,16,112
966146.0,0,0,0,16,112
966146.0,0,0,0,8,120
966154.0,0,0,0,16,112
966165.0,0,0,0,24,104
966174.0,0,0,0,24,104
966174.0,0,0,0,16,112
966180.0,0,0,0,24,104
966194.0,0,0,0,24,104
966194.0,0,0,0,16,112
966248.0,0,0,0,24,104
966286.0,0,0,0,24,104
966342.0,0,0,0,24,104
966343.0,0,0,0,24,104
966380.0,0,0,0,56,72
966380.0,0,0,0,24,104
966439.0,0,0,0,24,104
966451.0,0,0,0,24,104
966491.0,0,0,0,24,104
966491.0,0,0,0,16,112
966509.0,0,0,0,16,112
966524.0,0,0,0,16,112
966569.0,0,0,0,16,112
966620.0,0,0,0,16,112
966623.0,0,0,0,16,112
966672.0,0,0,0,16,112
966699.0,0,0,0,16,112
966699.0,0,0,0,12,116
966717.0,0,0,0,12,116
966724.0,0,0,0,12,116
966724.0,0,0,0,10,118
966726.0,0,0,0,10,118
966842.0,0,0,0,10,118
966904.0,0,0,0,10,118
966932.0,0,0,0,10,118
966932.0,0,0,0,2,126
966935.0,0,0,0,2,126
966981.0,0,0,0,2,126
966995.0,0,0,0,10,118
967013.0,0,0,0,10,118
967013.0,0,0,0,2,126
967024.0,0,0,0,34,94
967024.0,0,0,0,2,126
967030.0,0,0,0,2,126
967054.0,0,0,0,2,126
967065.0,0,0,0,2,126
967119.0,0,0,0,10,118
967144.0,0,0,0,18,110
967228.0,0,0,0,18,110
967228.0,0,0,0,10,118
967280.0,0,0,0,10,118
967534.0,0,0,0,18,110
967713.0,0,0,0,18,110
967713.0,0,0,0,14,114
967743.0,0,0,0,14,114
967743.0,0,0,0,13,115
967763.0,0,0,0,14,114
967767.0,0,0,0,18,110
967806.0,0,0,0,22,106
967808.0,0,0,0,24,104
967874.0,0,0,0,24,104
967874.0,0,0,0,16,112
967895.0,0,0,0,16,112
967924.0,0,0,0,16,112
967936.0,0,0,0,24,104
968019.0,0,0,0,24,104
968021.0,0,0,0,28,100
968044.0,0,0,0,28,100
968050.0,0,0,0,28,100
968050.0,0,0,0,20,108
968051.0,0,0,0,20,108
968093.0,0,0,0,52,76
968093.0,0,0,0,20,108
968128.0,0,0,0,20,108
968128.0,0,0,0,16,112
968166.0,0,0,0,24,104
968236.0,0,0,0,24,104
968276.0,0,0,0,56,72
968276.0,0,0,0,24,104
968378.0,0,0,0,24,104
968378.0,0,0,0,20,108
968434.0,0,0,0,20,108
968667.0,0,0,0,20,108
968733.0,0,0,0,24,104
968789.0,0,0,0,56,72
968789.0,0,0,0,24,104
968962.0,0,0,0,56,72
968962.0,0,0,0,24,104
968977.0,0,0,0,24,104
968977.0,0,0,0,20,108
968993.0,0,0,0,20,108
969167.0,0,0,0,24,104
969176.0,0,0,0,24,104
969330.0,0,0,0,24,104
969330.0,0,0,0,23,105
969351.0,0,0,0,24,104
969689.0,0,0,0,24,104
969862.0,0,0,0,24,104
969862.0,0,0,19,5,104
970067.0,0,0,19,5,104
970067.0,0,0,23,1,104
970251.0,0,0,23,1,104
970251.0,0,0,24,0,104
970597.0,0,0,24,0,104
970628.0,0,0,24,0,104
970732.0,0,0,24,0,104
971049.0,0,0,24,0,104
971086.0,0,0,24,0,104
971138.0,0,0,24,32,72
971138.0,0,0,24,0,104
971235.0,0,0,24,32,72
971235.0,0,0,24,0,104
971240.0,0,0,24,0,104
971314.0,0,0,24,0,104
971509.0,0,0,24,0,104
971531.0,0,0,24,0,104
971662.0,19,0,5,0,104
971828.0,19,0,5,32,72
971828.0,19,0,5,0,104
971867.0,23,0,1,0,104
971930.0,23,0,1,0,104
971962.0,23,0,1,0,104
972051.0,24,0,0,0,104
972459.0,24,0,0,0,104
972471.0,24,0,0,0,104
972506.0,24,0,0,0,104
973157.0,24,0,0,0,104
973345.0,24,0,0,32,72
973345.0,9,15,0,0,104
973426.0,9,15,0,0,104
973469.0,9,15,0,0,104
973816.0,9,15,0,4,100
973816.0,2,22,0,4,100
973862.0,2,22,0,4,100
973886.0,2,22,0,4,100
973892.0,2,22,0,36,68
973892.0,2,22,0,4,100
974198.0,2,22,0,4,100
974198.0,1,23,0,4,100
974275.0,1,23,0,4,100
974317.0,1,23,0,4,100
974352.0,1,23,0,4,100
974362.0,1,23,0,4,100
974362.0,0,24,0,4,100
974639.0,0,24,0,36,68
974639.0,0,24,0,4,100
974716.0,0,24,0,4,100
974792.0,0,24,0,4,100
975131.0,0,24,0,4,100
975157.0,0,24,0,36,68
975157.0,0,24,0,4,100
975178.0,0,24,0,4,100
975223.0,0,24,0,4,100
975223.0,0,24,0,3,101
975226.0,0,24,0,3,101
975226.0,0,24,0,2,102
975242.0,0,24,0,3,101
975256.0,0,24,0,4,100
975336.0,0,24,0,20,84
975336.0,0,24,0,4,100
975403.0,0,24,0,12,92
975452.0,0,24,0,12,92
975452.0,0,24,0,11,93
975461.0,0,24,0,19,85
975475.0,0,24,0,20,84
975539.0,0,24,0,20,84
975610.0,0,24,0,28,76
975634.0,0,24,0,28,76
975634.0,0,24,0,24,80
975644.0,0,24,0,32,72
975644.0,0,24,0,0,104
975650.0,0,24,0,32,72
975650.0,0,24,0,0,104
975655.0,0,24,0,0,104
975930.0,0,24,0,32,72
975930.0,0,24,0,0,104
976045.0,0,9,0,15,104
976045.0,0,9,0,0,119
976052.0,0,9,0,1,118
976057.0,0,9,0,1,118
976062.0,0,9,0,2,117
976062.0,0,9,0,0,119
976065.0,0,9,0,1,118
976085.0,0,9,0,5,114
976141.0,0,9,0,5,114
976141.0,0,9,0,4,115
976156.0,0,9,0,36,83
976156.0,0,9,0,4,115
976161.0,0,9,0,5,114
976303.0,0,9,0,5,114
976440.0,0,9,0,5,114
976453.0,0,9,0,37,82
976453.0,0,9,0,5,114
976466.0,0,9,0,5,114
976516.0,0,2,0,12,114
976516.0,0,2,0,5,121
976533.0,0,2,0,6,120
976561.0,0,2,0,14,112
976561.0,0,2,0,6,120
976608.0,0,2,0,6,120
976608.0,0,2,0,5,121
976622.0,0,2,0,37,89
976622.0,0,2,0,5,121
976626.0,0,2,0,6,120
976693.0,0,2,0,10,116
976693.0,0,2,0,2,124
976773.0,0,2,0,34,92
976773.0,0,2,0,2,124
976898.0,0,1,0,3,124
976898.0,0,1,0,2,125
976921.0,0,1,0,3,124
976952.0,0,1,0,3,124
976965.0,0,1,0,3,124
976985.0,0,1,0,3,124
977056.0,0,1,0,3,124
977062.0,0,0,0,4,124
977062.0,0,0,0,3,125
977083.0,0,0,0,4,124
977102.0,0,0,0,6,122
977158.0,0,0,0,14,114
977251.0,0,0,0,14,114
977353.0,0,0,0,14,114
977415.0,0,0,0,46,82
977415.0,0,0,0,13,115
977432.0,0,0,0,14,114
977461.0,0,0,0,14,114
977522.0,0,0,0,14,114
977557.0,0,0,0,16,112
977576.0,0,0,0,20,108
977593.0,0,0,0,20,108
977673.0,0,0,0,20,108
978315.0,0,0,0,20,108
978315.0,0,0,13,7,108
978332.0,0,0,13,7,108
978332.0,0,0,14,6,108
978457.0,0,0,14,6,108
978457.0,0,0,16,4,108
978476.0,0,0,16,4,108
978476.0,0,0,20,0,108
979500.0,0,0,20,0,108
979518.0,0,0,20,32,76
979518.0,0,0,20,31,77
979532.0,0,0,20,32,76
979627.0,0,0,20,36,72
979721.0,0,0,20,36,72
979721.0,0,0,20,4,104
979785.0,0,0,20,4,104
979785.0,0,0,20,0,108
979802.0,0,0,20,0,108
979857.0,0,0,20,0,108
979881.0,0,0,20,0,108
979903.0,0,0,20,0,108
979959.0,0,0,20,32,76
979959.0,0,0,20,24,84
979961.0,0,0,20,28,80
979978.0,0,0,20,29,79
979988.0,0,0,20,29,79
980002.0,0,0,20,30,78
980064.0,0,0,20,30,78
980115.0,13,0,7,30,78
980115.0,0,13,7,26,82
980132.0,1,13,6,26,82
980257.0,3,13,4,26,82
980276.0,7,13,0,26,82
980418.0,7,13,0,26,82
980527.0,7,13,0,26,82
980611.0,7,13,0,26,82
980635.0,7,13,0,30,78
980676.0,7,13,0,30,78
980859.0,7,13,0,30,78
980859.0,7,13,1,29,78
980861.0,7,13,1,29,78
980861.0,7,13,5,25,78
980878.0,7,13,5,25,78
980878.0,7,13,6,24,78
980902.0,7,13,6,24,78
980902.0,7,13,7,23,78
981535.0,7,13,7,23,78
981535.0,7,13,11,19,78
982036.0,7,13,11,21,76
982056.0,7,13,11,25,72
982070.0,7,13,11,25,72
982070.0,7,13,11,21,76
982092.0,7,13,11,21,76
982092.0,7,13,11,19,78
982144.0,7,13,11,21,76
982148.0,7,13,11,21,76
982150.0,7,13,11,25,72
982195.0,7,13,11,25,72
982366.0,7,13,11,33,64
982659.0,8,13,10,33,64
982661.0,12,13,6,33,64
982678.0,13,13,5,33,64
982702.0,14,13,4,33,64
982811.0,14,13,4,65,32
982811.0,14,13,4,29,68
982815.0,14,0,4,42,68
982815.0,14,0,4,10,100
982936.0,14,0,4,10,100
982956.0,14,0,4,10,100
983044.0,14,0,4,10,100
983114.0,14,0,4,42,68
983335.0,18,0,0,42,68
983410.0,18,0,0,74,36
983410.0,18,0,0,10,100
983711.0,18,0,0,10,100
984296.0,18,0,0,14,96
984310.0,18,0,0,14,96
984310.0,18,0,10,4,96
984372.0,18,0,10,36,64
985196.0,18,0,10,36,64
985196.0,18,0,14,32,64
985272.0,18,0,14,32,64
985272.0,18,0,46,0,64
986110.0,28,0,36,0,64
986996.0,32,0,32,0,64
987072.0,64,0,0,0,64
987072.0,0,64,0,0,64
987941.0,0,64,0,0,64
987965.0,0,64,0,0,64
988203.0,0,64,0,0,64
988257.0,0,64,0,0,64
989772.0,0,0,0,64,64
989772.0,0,0,0,0,128
990666.0,0,0,0,0,128
992059.0,0,0,0,0,128
992171.0,0,0,0,0,128
992354.0,0,0,0,0,128
992417.0,0,0,0,0,128
993309.0,0,0,0,64,64
993309.0,0,0,0,21,107
993318.0,0,0,0,22,106
994209.0,0,0,0,22,106
994209.0,0,0,21,1,106
994218.0,0,0,21,1,106
994218.0,0,0,22,0,106
995287.0,0,0,22,2,104
995308.0,0,0,22,6,100
995505.0,0,0,22,70,36
996009.0,21,0,1,70,36
996018.0,22,0,0,70,36
996187.0,22,0,0,70,36
996187.0,22,0,2,68,36
996208.0,22,0,2,68,36
996208.0,22,0,6,64,36
996405.0,22,0,6,64,36
996405.0,22,0,70,0,36
997107.0,22,0,70,4,32
997158.0,22,0,70,36,0
997987.0,24,0,68,36,0
998007.0,24,0,68,36,0
998007.0,24,0,72,32,0
998008.0,28,0,68,32,0
998058.0,28,0,68,32,0
998058.0,28,0,100,0,0
998205.0,92,0,36,0,0
999807.0,96,0,32,0,0
999858.0,128,0,0,0,0
999858.0,0,128,0,0,0
1002023.0,0,128,0,0,0
1002309.0,0,128,0,0,0
1002374.0,0,128,0,0,0
1002558.0,0,0,0,128,0
1002558.0,0,0,0,0,128
1002664.0,0,0,0,128,0
1002664.0,0,0,0,28,100
1003564.0,0,0,0,28,100
1003564.0,0,0,28,0,100
1005364.0,28,0,0,0,100
1012259.0,28,0,0,4,96
1012259.0,24,4,0,4,96
1012317.0,24,4,0,36,64
1012499.0,24,4,0,100,0
1012499.0,24,4,0,4,96
1013159.0,24,4,0,4,96
1013399.0,24,4,0,4,96
1013399.0,24,4,4,0,96
1014484.0,24,4,4,0,96
1014959.0,24,0,4,4,96
1014959.0,24,0,4,0,100
1015199.0,28,0,0,0,100
1016070.0,28,0,0,0,100
1016966.0,28,0,0,0,100
1019461.0,28,0,0,0,100
1019485.0,28,0,0,0,100
1022326.0,28,0,0,64,36
1022326.0,0,28,0,22,78
1022356.0,0,28,0,55,45
1022962.0,0,28,0,55,45
1022962.0,0,28,0,39,61
1023019.0,0,28,0,55,45
1023196.0,0,28,0,56,44
1023226.0,0,28,0,56,44
1023226.0,0,28,2,54,44
1023228.0,0,28,2,54,44
1023228.0,0,28,2,38,60
1023256.0,0,28,2,38,60
1023256.0,0,28,19,21,60
1023302.0,0,28,19,37,44
1023320.0,0,28,19,37,44
1023320.0,0,28,19,5,76
1023403.0,0,28,19,37,44
1023919.0,0,28,19,37,44
1024202.0,0,28,19,37,44
1024202.0,0,28,20,36,44
1024303.0,0,28,20,36,44
1024303.0,0,28,52,4,44
1024858.0,0,28,52,4,44
1024876.0,0,28,52,4,44
1025026.0,2,0,50,32,44
1025026.0,2,0,50,0,76
1025042.0,2,0,50,0,76
1025056.0,19,0,33,0,76
1025056.0,2,17,33,0,76
1025142.0,2,17,33,0,76
1025339.0,2,17,33,0,76
1025800.0,2,17,33,0,76
1026002.0,3,17,32,0,76
1026026.0,3,17,32,0,76
1026103.0,35,17,0,0,76
1026103.0,31,21,0,0,76
1027550.0,31,21,0,0,76
1027669.0,31,21,0,0,76
1027756.0,31,4,0,17,76
1027756.0,31,4,0,0,93
1027772.0,31,4,0,1,92
1027772.0,0,35,0,1,92
1027947.0,0,35,0,17,76
1027947.0,0,35,0,4,89
1027966.0,0,35,0,5,88
1027989.0,0,35,0,9,84
1027999.0,0,35,0,17,76
1028367.0,0,35,0,17,76
1028367.0,0,35,0,13,80
1028421.0,0,35,0,17,76
1028803.0,0,31,0,21,76
1028803.0,0,31,0,17,80
1028847.0,0,31,0,17,80
1028865.0,0,31,0,21,76
1028889.0,0,31,0,21,76
1028889.0,0,31,4,17,76
1028899.0,0,31,4,17,76
1028899.0,0,31,12,9,76
1028988.0,0,31,12,9,76
1028988.0,0,31,12,8,77
1029012.0,0,31,12,9,76
1029137.0,0,31,12,9,76
1029137.0,0,31,12,8,77
1029158.0,0,31,12,9,76
1029202.0,0,31,12,9,76
1029202.0,0,31,12,8,77
1029222.0,0,31,12,8,77
1029222.0,0,31,12,7,78
1029228.0,0,31,12,8,77
1029243.0,0,31,12,9,76
1029321.0,0,31,12,9,76
1029668.0,0,31,12,9,76
1029668.0,0,31,12,8,77
1029689.0,0,31,12,9,76
1029735.0,0,31,12,9,76
1029735.0,0,31,12,8,77
1029739.0,0,31,12,9,76
1029765.0,0,31,12,9,76
1029765.0,0,31,14,7,76
1029912.0,0,31,14,7,76
1029912.0,0,31,15,6,76
1029967.0,0,31,15,6,76
1029967.0,0,31,15,5,77
1029972.0,0,31,15,6,76
1030008.0,0,31,15,6,76
1030008.0,0,31,15,5,77
1030011.0,0,31,15,5,77
1030011.0,0,31,15,4,78
1030024.0,0,31,15,5,77
1030032.0,0,31,15,6,76
1030041.0,0,31,15,6,76
1030041.0,0,31,15,5,77
1030058.0,0,31,15,5,77
1030063.0,0,31,15,6,76
1030128.0,0,31,15,6,76
1030143.0,0,31,15,6,76
1030205.0,0,31,15,6,76
1030440.0,0,31,15,6,76
1030440.0,0,31,15,5,77
1030449.0,0,31,15,6,76
1030472.0,0,0,15,37,76
1030472.0,0,0,15,5,108
1030544.0,0,0,15,37,76
1030544.0,0,0,15,5,108
1030573.0,0,0,15,37,76
1030573.0,0,0,15,5,108
1030589.0,0,0,15,5,108
1030639.0,0,0,15,5,108
1030645.0,0,0,15,5,108
1030689.0,4,0,11,5,108
1030689.0,0,4,11,5,108
1030699.0,8,4,3,5,108
1030699.0,4,8,3,5,108
1030796.0,4,8,3,5,108
1030796.0,0,12,3,5,108
1030872.0,0,12,3,5,108
1030919.0,0,12,3,5,108
1030930.0,0,12,3,5,108
1031095.0,0,12,3,5,108
1031444.0,0,12,3,5,108
1031473.0,0,12,3,5,108
1031473.0,0,12,4,4,108
1031526.0,0,12,4,4,108
1031563.0,0,12,4,4,108
1031565.0,2,12,2,4,108
1031624.0,2,12,2,4,108
1031712.0,3,12,1,4,108
1031755.0,3,12,1,4,108
1031867.0,3,12,1,4,108
1031901.0,3,12,1,4,108
1031972.0,3,12,1,4,108
1032026.0,3,12,1,4,108
1032499.0,3,12,1,4,108
1032661.0,3,12,1,4,108
1032696.0,3,12,1,4,108
1032746.0,3,12,1,4,108
1033091.0,3,12,1,4,108
1033273.0,4,12,0,4,108
1033273.0,0,16,0,4,108
1033389.0,0,12,0,8,108
1033389.0,0,12,0,0,116
1033399.0,0,8,0,4,116
1033399.0,0,8,0,0,120
1033443.0,0,8,0,4,116
1033496.0,0,4,0,8,116
1033496.0,0,4,0,4,120
1033522.0,0,4,0,8,116
1033522.0,0,4,0,0,124
1033575.0,0,4,0,0,124
1033580.0,0,4,0,0,124
1033724.0,0,4,0,0,124
1033827.0,0,4,0,0,124
1033977.0,0,4,0,0,124
1034064.0,0,4,0,8,116
1034064.0,0,4,0,0,124
1034070.0,0,4,0,1,123
1034080.0,0,4,0,2,122
1034081.0,0,4,0,3,121
1034083.0,0,4,0,4,120
1034093.0,0,4,0,8,116
1034093.0,0,4,0,0,124
1034151.0,0,4,0,0,124
1034158.0,0,4,0,8,116
1034158.0,0,4,0,0,124
1034184.0,0,4,0,4,120
1034184.0,0,4,0,0,124
1034194.0,0,4,0,4,120
1034194.0,0,4,0,0,124
1034210.0,0,4,0,4,120
1034210.0,0,4,0,0,124
1034213.0,0,4,0,0,124
1034217.0,0,4,0,0,124
1034232.0,0,4,0,4,120
1034248.0,0,4,0,8,116
1034248.0,0,4,0,0,124
1034343.0,0,4,0,0,124
1034393.0,0,4,0,0,124
1034479.0,0,4,0,0,124
1034485.0,0,4,0,0,124
1034576.0,0,4,0,0,124
1034586.0,0,4,0,0,124
1034618.0,0,4,0,0,124
1034746.0,0,4,0,8,116
1034746.0,0,4,0,0,124
1034808.0,0,4,0,0,124
1034834.0,0,4,0,8,116
1034834.0,0,4,0,0,124
1034853.0,0,4,0,4,120
1034853.0,0,4,0,0,124
1034875.0,0,4,0,4,120
1034875.0,0,4,0,0,124
1034885.0,0,4,0,8,116
1034885.0,0,4,0,0,124
1034918.0,0,4,0,4,120
1034918.0,0,4,0,0,124
1034936.0,0,4,0,4,120
1034936.0,0,4,0,0,124
1034966.0,0,4,0,0,124
1034970.0,0,4,0,0,124
1034971.0,0,4,0,4,120
1034971.0,0,4,0,1,123
1034978.0,0,4,0,2,122
1034988.0,0,4,0,6,118
1034988.0,0,4,0,2,122
1034992.0,0,4,0,3,121
1034998.0,0,4,0,4,120
1034998.0,0,4,0,0,124
1035018.0,0,4,0,4,120
1035018.0,0,4,0,0,124
1035022.0,0,4,0,4,120
1035022.0,0,4,0,0,124
1035132.0,0,4,0,0,124
1035144.0,0,4,0,0,124
1035199.0,0,4,0,4,120
1035199.0,0,4,0,0,124
1035202.0,0,4,0,4,120
1035247.0,0,4,0,8,116
1035267.0,0,4,0,8,116
1035267.0,0,4,0,3,121
1035276.0,0,4,0,3,121
1035292.0,0,4,0,4,120
1035334.0,0,4,0,8,116
1035508.0,0,4,0,8,116
1035508.0,0,4,0,7,117
1035526.0,0,4,0,8,116
1035610.0,0,4,0,12,112
1035862.0,0,4,0,12,112
1035862.0,0,4,0,11,113
1035871.0,0,4,0,12,112
1035888.0,0,4,0,12,112
1035973.0,0,0,0,16,112
1035973.0,0,0,0,12,116
1036020.0,0,0,0,16,112
1036102.0,0,0,0,16,112
1036118.0,0,0,0,16,112
1036118.0,0,0,0,12,116
1036147.0,0,0,0,12,116
1036178.0,0,0,0,12,116
1036234.0,0,0,0,12,116
1036234.0,0,0,2,10,116
1036266.0,0,0,2,14,112
1036272.0,0,0,2,14,112
1036272.0,0,0,2,10,116
1036311.0,0,0,2,10,116
1036311.0,0,0,2,6,120
1036352.0,0,0,2,10,116
1036390.0,0,0,2,10,116
1036390.0,0,0,2,6,120
1036426.0,0,0,2,6,120
1036435.0,0,0,2,10,116
1036508.0,0,0,2,10,116
1036508.0,0,0,2,6,120
1036510.0,0,0,2,6,120
1036519.0,0,0,2,6,120
1036519.0,0,0,2,2,124
1036570.0,0,0,2,6,120
1036606.0,0,0,2,10,116
1036661.0,0,0,2,14,112
1036734.0,0,0,2,14,112
1036734.0,0,0,2,6,120
1036802.0,0,0,2,14,112
1036854.0,0,0,2,14,112
1036920.0,0,0,2,14,112
1036928.0,0,0,2,14,112
1036928.0,0,0,2,13,113
1036944.0,0,0,2,14,112
1037006.0,0,0,2,14,112
1037079.0,0,0,2,14,112
1037079.0,0,0,2,13,113
1037101.0,0,0,2,13,113
1037101.0,0,0,2,12,114
1037107.0,0,0,2,13,113
1037120.0,0,0,2,14,112
1037162.0,0,0,2,14,112
1037166.0,0,0,2,14,112
1037242.0,0,0,2,14,112
1037242.0,0,0,2,10,116
1037252.0,0,0,2,10,116
1037281.0,0,0,2,10,116
1037281.0,0,0,2,2,124
1037287.0,0,0,2,6,120
1037335.0,0,0,2,6,120
1037340.0,0,0,2,14,112
1037391.0,0,0,2,14,112
1037391.0,0,0,2,6,120
1037412.0,0,0,2,6,120
1037412.0,0,0,2,2,124
1037457.0,0,0,2,10,116
1037471.0,0,0,2,14,112
1037506.0,0,0,2,14,112
1037510.0,0,0,2,14,112
1037510.0,0,0,2,6,120
1037561.0,0,0,2,6,120
1037565.0,0,0,2,14,112
1037652.0,0,0,2,14,112
1037652.0,0,0,2,6,120
1037702.0,0,0,2,6,120
1037715.0,0,0,2,6,120
1037718.0,0,0,2,6,120
1037718.0,0,0,2,2,124
1037724.0,0,0,2,10,116
1037724.0,0,0,2,2,124
1037780.0,0,0,2,6,120
1037796.0,0,0,2,14,112
1037966.0,0,0,2,14,112
1037966.0,0,0,2,13,113
1037972.0,0,0,2,14,112
1038007.0,0,0,2,14,112
1038007.0,0,0,2,12,114
1038034.0,2,0,0,12,114
1038149.0,2,0,0,14,112
1038198.0,2,0,0,14,112
1038240.0,2,0,0,14,112
1038343.0,2,0,0,14,112
1038351.0,2,0,0,14,112
1038351.0,1,1,0,14,112
1038357.0,1,1,0,14,112
1038391.0,1,1,0,14,112
1038391.0,0,2,0,14,112
1038465.0,0,2,0,14,112
1038535.0,0,2,0,14,112
1038535.0,0,2,0,13,113
1038557.0,0,2,0,14,112
1038583.0,0,2,0,14,112
1038624.0,0,2,0,14,112
1038680.0,0,2,0,14,112
1038696.0,0,2,0,14,112
1038696.0,0,2,3,11,112
1038698.0,0,2,3,11,112
1038698.0,0,2,3,9,114
1038872.0,0,2,3,9,114
1038891.0,0,2,3,11,112
1038904.0,0,2,3,15,108
1038904.0,0,2,3,7,116
1038909.0,0,2,3,7,116
1038976.0,0,2,3,15,108
1039027.0,0,2,3,15,108
1039027.0,0,2,3,11,112
1039038.0,0,2,3,11,112
1039038.0,0,2,3,7,116
1039046.0,0,2,3,7,116
1039049.0,0,2,3,7,116
1039057.0,0,2,3,11,112
1039057.0,0,2,3,7,116
1039061.0,0,2,3,11,112
1039226.0,0,2,3,11,112
1039275.0,0,2,3,15,108
1039275.0,0,2,3,7,116
1039284.0,0,2,3,7,116
1039329.0,0,2,3,7,116
1039370.0,0,2,3,7,116
1039425.0,0,2,3,7,116
1039571.0,0,2,3,7,116
1039751.0,0,2,3,7,116
1039811.0,0,2,3,39,84
1039811.0,0,2,3,7,116
1039851.0,0,2,3,7,116
1039876.0,0,2,3,7,116
1039961.0,0,2,3,7,116
1040003.0,0,2,3,7,116
1040181.0,0,2,3,15,108
1040181.0,0,2,3,7,116
1040278.0,0,2,3,15,108
1040278.0,0,2,3,7,116
1040317.0,0,2,3,11,112
1040317.0,0,2,3,7,116
1040321.0,0,2,3,11,112
1040321.0,0,2,3,7,116
1040344.0,0,2,3,11,112
1040369.0,0,2,3,15,108
1040395.0,0,2,3,23,100
1040395.0,0,2,3,7,116
1040398.0,0,2,3,7,116
1040427.0,0,2,3,7,116
1040467.0,0,2,3,23,100
1040467.0,0,2,3,7,116
1040496.0,3,2,0,7,116
1040616.0,3,2,0,7,116
1040619.0,3,2,0,23,100
1040619.0,0,5,0,16,107
1040635.0,0,5,0,16,107
1040664.0,0,5,0,17,106
1040713.0,0,5,0,17,106
1041000.0,0,5,0,17,106
1041051.0,0,4,0,18,106
1041051.0,0,4,0,17,107
1041061.0,0,4,0,17,107
1041068.0,0,4,0,18,106
1041091.0,0,3,0,19,106
1041091.0,0,3,0,11,114
1041242.0,0,3,0,11,114
1041244.0,0,3,0,11,114
1041343.0,0,3,0,11,114
1041343.0,0,3,0,10,115
1041369.0,0,3,0,11,114
1041375.0,0,3,0,11,114
1041519.0,0,3,0,11,114
1041519.0,0,3,3,8,114
1041564.0,0,3,3,8,114
1041564.0,0,3,4,7,114
1041575.0,0,3,4,39,82
1041575.0,0,3,4,7,114
1041603.0,0,3,4,39,82
1041603.0,0,3,4,7,114
1041968.0,0,3,4,7,114
1042475.0,0,3,4,7,114
1042503.0,0,3,4,7,114
1042503.0,0,3,6,5,114
1042511.0,0,3,6,5,114
1042799.0,0,3,6,7,112
1042823.0,0,3,6,11,108
1042933.0,0,3,6,11,108
1042933.0,0,3,6,10,109
1042940.0,0,3,6,11,108
1042998.0,0,3,6,43,76
1042998.0,0,3,6,11,108
1043013.0,0,3,6,11,108
1043013.0,0,3,6,7,112
1043018.0,0,3,6,7,112
1043018.0,0,3,6,6,113
1043049.0,0,3,6,6,113
1043049.0,0,3,6,5,114
1043060.0,0,3,6,6,113
1043071.0,0,3,6,10,109
1043093.0,0,3,6,10,109
1043093.0,0,3,6,6,113
1043125.0,0,3,6,7,112
1043138.0,0,3,6,11,108
1043142.0,0,3,6,43,76
1043142.0,0,3,6,11,108
1043154.0,0,3,6,11,108
1043220.0,0,3,6,11,108
1043220.0,0,3,6,7,112
1043230.0,0,3,6,7,112
1043230.0,0,3,6,6,113
1043261.0,0,3,6,38,81
1043261.0,0,3,6,6,113
1043319.0,3,0,3,9,113
1043319.0,3,0,3,1,121
1043351.0,3,0,3,1,121
1043364.0,4,0,2,1,121
1043377.0,4,0,2,2,120
1043397.0,4,0,2,2,120
1043404.0,4,0,2,2,120
1043404.0,3,1,2,2,120
1043429.0,3,1,2,2,120
1043429.0,1,3,2,2,120
1043437.0,1,3,2,2,120
1043524.0,1,3,2,10,112
1043524.0,0,4,2,10,112
1043527.0,0,4,2,10,112
1043527.0,0,4,2,9,113
1043558.0,0,4,2,10,112
1043602.0,0,4,2,10,112
1043602.0,0,4,2,9,113
1043699.0,0,4,2,9,113
1043713.0,0,4,2,10,112
1043718.0,0,4,2,10,112
1043898.0,0,4,2,10,112
1043933.0,0,4,2,10,112
1043960.0,0,4,2,10,112
1043971.0,0,4,2,10,112
1043999.0,0,4,2,14,108
1043999.0,0,4,2,10,112
1044005.0,0,4,2,10,112
1044028.0,0,4,2,42,80
1044028.0,0,4,2,10,112
1044042.0,0,4,2,10,112
1044075.0,0,4,2,10,112
1044083.0,0,4,2,14,108
1044083.0,0,4,2,10,112
1044148.0,0,4,2,42,80
1044148.0,0,4,2,10,112
1044157.0,0,4,2,10,112
1044161.0,0,4,2,10,112
1044273.0,0,4,2,42,80
1044273.0,0,4,2,10,112
1044303.0,2,4,0,10,112
1044424.0,2,4,0,10,112
1044466.0,2,4,0,10,112
1044466.0,1,5,0,10,112
1044496.0,1,5,0,10,112
1044597.0,1,5,0,10,112
1044688.0,1,5,0,10,112
1044849.0,1,5,0,10,112
1044849.0,0,6,0,10,112
1044870.0,0,6,0,10,112
1044870.0,0,6,0,8,114
1044899.0,0,6,0,8,114
1044921.0,0,6,0,8,114
1044921.0,0,6,0,7,115
1044928.0,0,6,0,7,115
1044947.0,0,6,0,8,114
1044983.0,0,6,0,8,114
1045012.0,0,6,0,10,112
1045048.0,0,6,0,10,112
1045067.0,0,6,0,10,112
1045067.0,0,6,0,9,113
1045074.0,0,6,0,10,112
1045106.0,0,6,0,10,112
1045173.0,0,6,0,10,112
1045190.0,0,6,0,42,80
1045190.0,0,6,0,10,112
1045263.0,0,6,0,10,112
1045295.0,0,6,0,10,112
1045363.0,0,6,0,10,112
1045379.0,0,6,0,10,112
1045413.0,0,6,0,10,112
1045422.0,0,6,0,10,112
1045570.0,0,6,0,42,80
1045570.0,0,6,0,7,115
1045578.0,0,6,0,8,114
1045605.0,0,6,0,9,113
1045618.0,0,6,0,17,105
1045618.0,0,6,0,9,113
1045644.0,0,6,0,10,112
1045650.0,0,6,0,10,112
1045686.0,0,6,0,18,104
1045696.0,0,6,0,26,96
1045700.0,0,6,0,34,88
1045708.0,0,6,0,34,88
1045743.0,0,6,0,34,88
1045768.0,0,6,0,34,88
1045786.0,0,6,0,42,80
1045786.0,0,6,0,10,112
1045844.0,0,6,0,10,112
1045847.0,0,6,0,10,112
1045897.0,0,6,0,10,112
1045912.0,0,6,0,10,112
1045948.0,0,6,0,10,112
1046051.0,0,6,0,10,112
1046090.0,0,6,0,10,112
1046104.0,0,5,0,11,112
1046104.0,0,5,0,10,113
1046129.0,0,3,0,12,113
1046129.0,0,3,0,10,115
1046138.0,0,3,0,10,115
1046176.0,0,3,0,10,115
1046178.0,0,3,0,11,114
1046224.0,0,2,0,12,114
1046224.0,0,2,0,4,122
1046235.0,0,2,0,4,122
1046241.0,0,2,0,36,90
1046241.0,0,2,0,28,98
1046261.0,0,2,0,36,90
1046261.0,0,2,0,0,126
1046311.0,0,2,0,4,122
1046311.0,0,2,0,0,126
1046371.0,0,2,0,4,122
1046371.0,0,2,0,0,126
1046457.0,0,2,0,4,122
1046457.0,0,2,0,0,126
1046478.0,0,2,0,0,126
1046491.0,0,2,0,0,126
1046495.0,0,2,0,0,126
1046518.0,0,2,0,0,126
1046519.0,0,2,0,4,122
1046519.0,0,2,0,0,126
1046546.0,0,2,0,0,126
1046559.0,0,2,0,4,122
1046559.0,0,2,0,0,126
1046604.0,0,2,0,4,122
1046604.0,0,2,0,0,126
1046608.0,0,2,0,1,125
1046608.0,0,2,0,0,126
1046622.0,0,2,0,4,122
1046622.0,0,2,0,3,123
1046669.0,0,2,0,3,123
1046669.0,0,2,0,2,124
1046686.0,0,2,0,2,124
1046693.0,0,2,0,3,123
1046697.0,0,2,0,4,122
1046703.0,0,2,0,5,121
1046751.0,0,2,0,5,121
1046751.0,0,2,0,4,122
1046753.0,0,2,0,4,122
1046753.0,0,2,0,0,126
1046765.0,0,2,0,4,122
1046774.0,0,2,0,5,121
1046802.0,0,2,0,6,120
1046903.0,0,2,0,8,118
1046903.0,0,2,0,0,126
1046957.0,0,2,0,0,126
1046969.0,0,2,0,0,126
1046981.0,0,2,0,8,118
1046981.0,0,2,0,0,126
1046992.0,0,2,0,0,126
1047141.0,0,2,0,0,126
1047155.0,0,2,0,8,118
1047155.0,0,2,0,0,126
1047166.0,0,1,0,1,126
1047166.0,0,1,0,0,127
1047175.0,0,1,0,1,126
1047175.0,0,1,0,0,127
1047183.0,0,1,0,1,126
1047193.0,0,1,0,9,118
1047193.0,0,1,0,1,126
1047295.0,0,1,0,1,126
1047295.0,0,1,0,0,127
1047347.0,0,1,0,1,126
1047416.0,0,1,0,1,126
1047427.0,0,1,0,1,126
1047427.0,0,1,0,0,127
1047492.0,0,1,0,1,126
1047522.0,0,1,0,9,118
1047522.0,0,1,0,1,126
1047528.0,0,1,0,1,126
1047547.0,0,1,0,9,118
1047547.0,0,1,0,1,126
1047549.0,0,0,0,2,126
1047549.0,0,0,0,1,127
1047594.0,0,0,0,9,119
1047594.0,0,0,0,1,127
1047665.0,0,0,0,1,127
1047714.0,0,0,0,9,119
1047714.0,0,0,0,1,127
1047797.0,0,0,0,5,123
1047797.0,0,0,0,1,127
1047802.0,0,0,0,3,125
1047810.0,0,0,0,35,93
1047810.0,0,0,0,3,125
1047823.0,0,0,0,7,121
1047837.0,0,0,0,7,121
1047837.0,0,0,0,6,122
1047866.0,0,0,0,6,122
1047870.0,0,0,0,7,121
1048033.0,0,0,0,7,121
1048043.0,0,0,0,8,120
1048043.0,0,0,0,0,128
1048055.0,0,0,0,0,128
1048083.0,0,0,0,0,128
1048093.0,0,0,0,0,128
1048099.0,0,0,0,0,128
1048136.0,0,0,0,8,120
1048136.0,0,0,0,0,128
1048200.0,0,0,0,0,128
1048214.0,0,0,0,8,120
1048247.0,0,0,0,8,120
1048313.0,0,0,0,8,120
1048385.0,0,0,0,8,120
1048385.0,0,0,0,4,124
1048392.0,0,0,0,4,124
1048422.0,0,0,0,4,124
1048447.0,0,0,0,4,124
1048474.0,0,0,0,6,122
1048494.0,0,0,0,6,122
1048546.0,0,0,0,6,122
1048614.0,0,0,0,6,122
1048697.0,0,0,0,6,122
1048710.0,0,0,0,6,122
1048754.0,0,0,0,6,122
1048795.0,0,0,0,6,122
1048856.0,0,0,0,6,122
1049114.0,0,0,0,6,122
1049114.0,0,0,4,2,122
1049285.0,0,0,4,34,90
1049285.0,0,0,4,18,106
1049374.0,0,0,4,18,106
1049379.0,0,0,4,34,90
1049379.0,0,0,4,2,122
1049522.0,0,0,4,34,90
1049522.0,0,0,4,2,122
1049738.0,0,0,4,34,90
1049738.0,0,0,4,2,122
1049779.0,0,0,4,34,90
1049779.0,0,0,4,2,122
1049797.0,0,0,4,10,114
1049797.0,0,0,4,2,122
1049811.0,0,0,4,34,90
1049811.0,0,0,4,2,122
1049845.0,0,0,4,4,120
1049860.0,0,0,4,36,88
1049860.0,0,0,4,4,120
1049946.0,0,0,4,8,116
1049946.0,0,0,4,0,124
1049964.0,0,0,4,8,116
1050185.0,0,0,4,8,116
1050262.0,0,0,4,8,116
1050262.0,0,0,4,7,117
1050279.0,0,0,4,7,117
1050298.0,0,0,4,8,116
1050370.0,0,0,4,8,116
1050370.0,0,0,4,7,117
1050407.0,0,0,4,8,116
1050422.0,0,0,4,8,116
1050537.0,0,0,4,8,116
1050537.0,0,0,4,7,117
1050584.0,0,0,4,8,116
1050594.0,0,0,4,8,116
1050594.0,0,0,4,7,117
1050612.0,0,0,4,8,116
1050617.0,0,0,4,8,116
1050617.0,0,0,4,7,117
1050638.0,0,0,4,7,117
1050663.0,0,0,4,8,116
1050679.0,0,0,4,8,116
1050687.0,0,0,4,8,116
1050697.0,0,0,4,8,116
1050711.0,0,0,4,8,116
1050743.0,0,0,4,8,116
1050743.0,0,0,4,7,117
1050760.0,0,0,4,7,117
1050785.0,0,0,4,8,116
1050864.0,0,0,4,8,116
1050864.0,0,0,6,6,116
1050903.0,0,0,6,38,84
1050903.0,0,0,6,6,116
1050914.0,4,0,2,6,116
1050914.0,3,1,2,6,116
1050947.0,3,1,2,38,84
1050947.0,3,1,2,6,116
1051040.0,3,1,2,6,116
1051040.0,2,2,2,6,116
1051198.0,2,2,2,6,116
1051241.0,2,2,2,6,116
1051241.0,1,3,2,6,116
1051325.0,1,3,2,6,116
1051325.0,0,4,2,6,116
1051462.0,0,4,2,6,116
1051462.0,0,4,2,4,118
1051606.0,0,4,2,6,116
1051654.0,0,4,2,6,116
1051654.0,0,4,2,5,117
1051701.0,0,4,2,6,116
1051798.0,0,4,2,38,84
1051798.0,0,4,2,6,116
1051802.0,0,4,2,38,84
1051802.0,0,4,2,6,116
1051803.0,0,4,2,6,116
1051847.0,0,4,2,6,116
1051874.0,0,4,2,38,84
1051874.0,0,4,2,6,116
1051936.0,0,4,2,6,116
1051936.0,0,4,2,5,117
1051974.0,0,4,2,6,116
1052027.0,0,4,2,10,112
1052046.0,0,4,2,10,112
1052046.0,0,4,2,6,116
1052053.0,0,4,2,6,116
1052128.0,0,4,2,6,116
1052128.0,0,4,2,2,120
1052205.0,0,4,2,10,112
1052554.0,0,4,2,42,80
1052554.0,0,4,2,10,112
1052591.0,0,4,2,42,80
1052591.0,0,4,2,10,112
1052664.0,2,4,0,10,112
1052674.0,2,4,0,10,112
1052674.0,0,6,0,10,112
1052698.0,0,6,0,10,112
1052702.0,0,6,0,10,112
1052709.0,0,6,0,10,112
1052774.0,0,6,0,10,112
1052869.0,0,6,0,10,112
1052869.0,0,6,0,6,116
1052890.0,0,6,0,6,116
1052927.0,0,6,0,6,116
1052965.0,0,6,0,10,112
1052965.0,0,6,0,8,114
1053041.0,0,6,0,10,112
1053156.0,0,6,0,10,112
1053156.0,0,6,0,9,113
1053178.0,0,6,0,10,112
1053308.0,0,6,0,10,112
1053308.0,0,6,0,6,116
1053334.0,0,6,0,6,116
1053425.0,0,6,0,38,84
1053425.0,0,6,0,6,116
1053454.0,0,6,0,6,116
1053491.0,0,6,0,6,116
1053614.0,0,5,0,7,116
1053614.0,0,5,0,6,117
1053652.0,0,5,0,7,116
1053740.0,0,4,0,8,116
1053740.0,0,4,0,7,117
1053779.0,0,4,0,8,116
1053779.0,0,4,0,6,118
1053865.0,0,4,0,6,118
1053941.0,0,3,0,7,118
1053941.0,0,3,0,6,119
1053981.0,0,3,0,7,118
1054025.0,0,2,0,8,118
1054025.0,0,2,0,7,119
1054119.0,0,2,0,8,118
1054147.0,0,2,0,8,118
1054552.0,0,2,0,8,118
1054627.0,0,2,0,8,118
1054642.0,0,2,0,12,114
1054804.0,0,2,0,12,114
1054869.0,0,2,0,12,114
1054869.0,0,2,0,8,118
1054881.0,0,2,0,8,118
1055374.0,0,0,0,10,118
1055374.0,0,0,0,2,126
1055405.0,0,0,0,10,118
1055405.0,0,0,0,2,126
1055442.0,0,0,0,10,118
1055542.0,0,0,0,10,118
1055588.0,0,0,0,42,86
1055588.0,0,0,0,10,118
1055881.0,0,0,0,14,114
1055891.0,0,0,0,46,82
1055891.0,0,0,0,14,114
1056018.0,0,0,0,14,114
1056146.0,0,0,0,18,110
1056151.0,0,0,0,18,110
1056214.0,0,0,0,18,110
1056214.0,0,0,0,14,114
1056304.0,0,0,0,14,114
1056304.0,0,0,0,10,118
1056305.0,0,0,0,10,118
1056326.0,0,0,0,10,118
1056326.0,0,0,0,8,120
1056330.0,0,0,0,10,118
1056341.0,0,0,0,42,86
1056341.0,0,0,0,10,118
1056488.0,0,0,0,10,118
1056791.0,0,0,0,10,118
1057241.0,0,0,0,10,118
1057241.0,0,0,10,0,118
1057689.0,0,0,10,32,86
1057689.0,0,0,10,0,118
1058176.0,0,0,10,32,86
1058176.0,0,0,10,0,118
1058362.0,0,0,10,4,114
1058365.0,0,0,10,6,112
1058398.0,0,0,10,10,108
1058411.0,0,0,10,10,108
1058427.0,0,0,10,10,108
1058427.0,0,0,10,5,113
1058449.0,0,0,10,6,112
1058626.0,0,0,10,6,112
1058753.0,0,0,10,10,108
1058783.0,0,0,10,10,108
1058783.0,0,0,10,9,109
1058792.0,0,0,10,10,108
1059019.0,0,0,10,10,108
1059019.0,0,0,10,9,109
1059024.0,0,0,10,10,108
1059031.0,0,0,10,42,76
1059031.0,0,0,10,10,108
1059041.0,10,0,0,10,108
1059077.0,10,0,0,10,108
1059262.0,10,0,0,10,108
1059265.0,10,0,0,10,108
1059298.0,10,0,0,10,108
1059390.0,10,0,0,10,108
1059390.0,6,4,0,10,108
1059896.0,6,4,0,10,108
1059896.0,5,5,0,10,108
1059931.0,5,5,0,10,108
1059931.0,5,5,10,0,108
1059981.0,5,5,10,0,108
1060063.0,5,5,10,0,108
1060064.0,5,5,10,0,108
1060134.0,5,5,10,0,108
1060564.0,5,5,10,32,76
1060564.0,5,5,10,0,108
1061239.0,5,5,10,4,104
1061239.0,2,8,10,4,104
1061303.0,2,8,10,36,72
1061303.0,2,8,10,4,104
1061327.0,2,8,10,4,104
1061387.0,2,8,10,4,104
1061387.0,0,10,10,4,104
1061532.0,0,10,10,4,104
1061558.0,0,10,10,4,104
1061626.0,0,10,10,4,104
1061626.0,0,10,10,3,105
1061645.0,0,10,10,4,104
1061731.0,10,10,0,4,104
1061949.0,10,10,0,36,72
1061949.0,10,10,0,4,104
1062090.0,10,6,0,8,104
1062090.0,10,6,0,4,108
1062139.0,10,6,0,4,108
1062203.0,10,6,0,4,108
1062222.0,10,6,0,4,108
1062294.0,10,6,0,4,108
1062303.0,10,6,0,12,100
1062303.0,0,16,0,12,100
1062512.0,0,16,0,12,100
1062596.0,0,15,0,13,100
1062596.0,0,15,0,12,101
1062649.0,0,15,0,13,100
1062811.0,0,15,0,17,96
1062849.0,0,15,0,17,96
1062896.0,0,15,0,17,96
1062920.0,0,15,0,17,96
1062920.0,0,15,0,9,104
1063203.0,0,15,0,9,104
1063549.0,0,15,0,9,104
1063549.0,0,15,1,8,104
1063711.0,0,15,1,8,104
1063711.0,0,15,5,4,104
1063939.0,0,12,5,7,104
1063939.0,0,12,5,4,107
1063973.0,0,12,5,5,106
1063977.0,0,12,5,6,105
1063982.0,0,12,5,7,104
1064087.0,0,10,5,9,104
1064087.0,0,10,5,5,108
1064119.0,0,10,5,37,76
1064119.0,0,10,5,5,108
1064873.0,0,10,5,5,108
1064914.0,0,10,5,9,104
1065003.0,0,0,5,19,104
1065003.0,0,0,5,7,116
1065005.0,0,0,5,39,84
1065005.0,0,0,5,7,116
1065019.0,0,0,5,7,116
1065137.0,0,0,5,39,84
1065137.0,0,0,5,7,116
1065231.0,0,0,5,15,108
1065257.0,0,0,5,47,76
1065257.0,0,0,5,15,108
1065349.0,1,0,4,15,108
1065511.0,5,0,0,15,108
1065627.0,5,0,0,47,76
1065627.0,5,0,0,15,108
1065905.0,5,0,0,15,108
1066037.0,5,0,0,15,108
1066157.0,5,0,0,15,108
1066527.0,5,0,0,15,108
1066527.0,5,0,15,0,108
1068327.0,20,0,0,0,108
1068539.0,20,0,0,0,108
1068539.0,19,1,0,0,108
1068541.0,19,1,0,0,108
1070416.0,19,1,0,32,76
1071239.0,19,0,0,33,76
1071239.0,19,0,0,32,77
1071280.0,19,0,0,33,76
1071316.0,19,0,0,33,76
1071316.0,19,0,32,1,76
1071451.0,19,0,32,33,44
1071545.0,19,0,32,37,40
1072180.0,19,0,32,37,40
1072180.0,19,0,33,36,40
1072351.0,19,0,33,36,40
1072351.0,19,0,65,4,40
1072445.0,19,0,65,4,40
1072445.0,19,0,69,0,40
1072513.0,19,0,69,8,32
1072544.0,19,0,69,8,32
1072573.0,19,0,69,8,32
1072573.0,19,0,69,0,40
1073116.0,51,0,37,0,40
1073413.0,51,0,37,0,40
1073980.0,52,0,36,0,40
1074151.0,84,0,4,0,40
1074151.0,20,64,4,0,40
1074245.0,24,64,0,0,40
1075244.0,24,64,0,32,8
1075244.0,24,64,0,0,40
1076851.0,24,0,0,64,40
1076851.0,24,0,0,0,104
1079691.0,24,0,0,0,104
1079754.0,24,0,0,0,104
1080153.0,24,0,0,8,96
1080153.0,0,24,0,8,96
1080492.0,0,24,0,8,96
1080707.0,0,24,0,8,96
1082853.0,0,0,0,64,64
1082853.0,0,0,0,26,102
1082858.0,0,0,0,27,101
1082863.0,0,0,0,28,100
1083753.0,0,0,0,28,100
1083753.0,0,0,26,2,100
1083758.0,0,0,26,2,100
1083758.0,0,0,27,1,100
1083763.0,0,0,27,1,100
1083763.0,0,0,28,0,100
1085553.0,26,0,2,0,100
1085558.0,27,0,1,0,100
1085563.0,28,0,0,0,100
1086546.0,28,0,0,0,100
1086546.0,27,1,0,0,100
1086575.0,27,1,0,0,100
1086862.0,27,1,0,0,100
1086930.0,27,1,0,0,100
1087786.0,27,1,0,64,36
1087786.0,27,1,0,0,100
1089246.0,27,0,0,1,100
1089246.0,27,0,0,0,101
1089255.0,27,0,0,1,100
1089662.0,27,0,0,5,96
1089662.0,0,27,0,5,96
1089722.0,0,27,0,37,64
1089722.0,0,27,0,33,68
1090155.0,0,27,0,33,68
1090622.0,0,27,0,33,68
1090622.0,0,27,28,5,68
1092362.0,0,0,28,32,68
1092362.0,0,0,28,0,100
1092422.0,28,0,0,0,100
1098725.0,28,0,0,64,36
1099625.0,28,0,0,64,36
1099625.0,28,0,64,0,36
1101425.0,92,0,0,0,36
1101506.0,92,0,0,0,36
1101506.0,84,8,0,0,36
1101582.0,84,8,0,0,36
1101582.0,52,40,0,0,36
1102032.0,52,40,0,0,36
1102032.0,20,72,0,0,36
1104206.0,20,64,0,8,36
1104206.0,20,64,0,0,44
1104211.0,20,64,0,0,44
1104275.0,20,64,0,8,36
1104282.0,20,32,0,40,36
1104282.0,20,32,0,8,68
1104325.0,20,32,0,8,68
1104573.0,20,32,0,40,36
1104732.0,20,0,0,72,36
1104732.0,20,0,0,40,68
1105152.0,20,0,0,40,68
1105175.0,20,0,0,40,68
1105175.0,20,0,8,32,68
1105186.0,20,0,8,64,36
1105186.0,20,0,8,0,100
1105233.0,20,0,8,64,36
1105233.0,4,16,8,0,100
1105294.0,4,16,8,0,100
1105390.0,4,16,8,0,100
1105418.0,4,16,8,64,36
1105418.0,4,16,8,32,68
1105473.0,4,16,8,32,68
1105474.0,4,16,8,48,52
1105488.0,4,16,8,64,36
1105555.0,4,16,8,64,36
1105555.0,4,16,8,48,52
1105617.0,4,16,8,64,36
1105627.0,4,16,8,64,36
1105627.0,4,16,8,48,52
1105697.0,4,16,8,64,36
1105758.0,4,16,8,64,36
1105758.0,4,16,8,48,52
1105839.0,4,16,8,64,36
1105855.0,4,16,8,64,36
1105855.0,4,16,8,63,37
1105864.0,4,16,8,63,37
1105864.0,4,16,8,47,53
1105879.0,4,16,8,48,52
1105881.0,4,16,8,48,52
1105881.0,4,16,8,16,84
1105937.0,4,16,8,32,68
1106049.0,4,16,8,32,68
1106049.0,4,16,8,16,84
1106121.0,4,16,8,32,68
1106148.0,4,16,8,32,68
1106148.0,4,16,8,16,84
1106221.0,4,16,8,32,68
1106303.0,4,16,8,32,68
1106303.0,4,16,8,16,84
1106315.0,4,16,8,32,68
1106318.0,4,16,8,32,68
1106374.0,4,16,8,32,68
1106388.0,4,16,8,32,68
1106413.0,4,16,8,32,68
1106413.0,4,16,8,16,84
1106448.0,4,16,8,32,68
1106511.0,4,16,8,32,68
1106511.0,4,16,8,16,84
1106517.0,4,16,8,16,84
1106571.0,4,16,8,32,68
1106572.0,4,16,8,32,68
1106572.0,4,16,8,16,84
1106739.0,4,16,8,16,84
1106837.0,4,16,8,16,84
1106975.0,12,16,0,16,84
1107021.0,12,16,0,16,84
1107121.0,12,16,0,16,84
1107215.0,12,16,0,16,84
1107233.0,12,16,0,32,68
1107268.0,12,16,0,32,68
1107268.0,12,16,0,31,69
1107272.0,12,16,0,32,68
1107348.0,12,16,0,32,68
1107372.0,12,16,0,32,68
1107372.0,12,16,0,0,100
1107412.0,12,16,0,0,100
1107412.0,4,24,0,0,100
1107471.0,4,24,0,0,100
1107933.0,4,8,0,16,100
1107933.0,4,8,0,0,116
1108017.0,4,8,0,0,116
1108025.0,4,8,0,16,100
1108025.0,4,8,0,0,116
1108089.0,4,8,0,16,100
1108492.0,4,8,0,16,100
1108492.0,4,8,0,0,116
1108512.0,4,8,0,16,100
1108527.0,4,8,0,16,100
1108527.0,4,8,0,0,116
1108878.0,4,8,0,16,100
1108989.0,4,8,0,16,100
1109318.0,4,8,0,48,68
1109412.0,4,8,0,48,68
1109491.0,4,8,0,48,68
1109491.0,4,8,0,16,100
1109627.0,4,8,0,48,68
1109778.0,4,8,0,48,68
1110112.0,4,0,0,56,68
1110112.0,4,0,0,48,76
1110218.0,4,0,0,48,76
1110218.0,4,0,16,32,76
1110410.0,4,0,16,32,76
1110410.0,4,0,16,0,108
1110442.0,4,0,16,32,76
1110496.0,4,0,16,32,76
1110496.0,4,0,16,0,108
1110527.0,4,0,16,0,108
1110686.0,4,0,16,32,76
1111112.0,4,0,16,32,76
1111112.0,4,0,16,0,108
1111342.0,4,0,16,0,108
1111578.0,4,0,16,32,76
1111586.0,4,0,16,32,76
1111945.0,4,0,16,32,76
1111945.0,4,0,16,16,92
1112008.0,4,0,16,32,76
1112018.0,20,0,0,32,76
1112020.0,20,0,0,40,68
1112231.0,20,0,0,40,68
1112231.0,20,0,0,24,84
1112252.0,20,0,0,24,84
1112252.0,0,20,0,24,84
1112478.0,0,20,0,24,84
1112493.0,0,20,0,40,68
1112738.0,0,20,0,40,68
1112796.0,0,20,0,40,68
1112908.0,0,20,0,40,68
1112908.0,0,20,4,36,68
1112920.0,0,20,4,36,68
1112920.0,0,20,12,28,68
1113115.0,0,20,12,60,36
1113115.0,0,20,12,12,84
1113228.0,0,20,12,12,84
1113295.0,0,20,12,12,84
1113311.0,0,20,12,12,84
1113364.0,0,20,12,28,68
1113364.0,0,20,12,26,70
1113379.0,0,20,12,27,69
1113386.0,0,20,12,28,68
1113389.0,0,20,12,28,68
1113393.0,0,20,12,28,68
1113427.0,0,20,12,60,36
1113427.0,0,20,12,12,84
1113523.0,0,20,12,28,68
1113568.0,0,20,12,28,68
1113801.0,0,20,12,28,68
1113909.0,0,20,12,28,68
1113909.0,0,20,12,12,84
1114047.0,0,20,12,12,84
1114074.0,0,20,12,28,68
1114074.0,0,20,12,12,84
1114133.0,0,20,12,12,84
1114155.0,0,20,12,12,84
1114176.0,0,20,12,44,52
1114176.0,0,20,12,12,84
1114220.0,0,20,12,12,84
1114264.0,0,20,12,12,84
1114268.0,0,20,12,28,68
1114268.0,0,20,12,12,84
1114304.0,0,20,12,12,84
1114345.0,0,20,12,28,68
1114345.0,0,20,12,26,70
1114351.0,0,20,12,27,69
1114364.0,0,20,12,28,68
1114423.0,0,20,12,28,68
1114507.0,0,20,12,60,36
1114507.0,0,20,12,12,84
1114536.0,0,20,12,28,68
1114708.0,4,20,8,28,68
1114720.0,12,20,0,28,68
1114952.0,12,0,0,48,68
1114952.0,12,0,0,16,100
1115245.0,12,0,0,16,100
1115254.0,12,0,0,48,68
1115436.0,12,0,0,48,68
1115436.0,12,0,16,32,68
1115466.0,12,0,16,32,68
1115466.0,12,0,16,16,84
1115495.0,12,0,16,32,68
1115544.0,12,0,16,32,68
1115544.0,12,0,16,16,84
1115636.0,12,0,16,16,84
1115636.0,12,0,16,15,85
1115655.0,12,0,16,16,84
1115672.0,12,0,16,32,68
1116154.0,12,0,16,32,68
1116395.0,12,0,16,32,68
1116395.0,12,0,31,17,68
1116555.0,12,0,31,17,68
1116555.0,12,0,32,16,68
1116572.0,12,0,32,16,68
1116572.0,12,0,48,0,68
1116915.0,12,0,48,0,68
1116944.0,12,0,48,0,68
1117095.0,12,0,48,0,68
1117184.0,12,0,48,0,68
1117236.0,28,0,32,0,68
1117298.0,28,0,32,0,68
1117319.0,28,0,32,0,68
1117503.0,28,0,32,32,36
1117503.0,24,4,32,0,68
1117528.0,24,4,32,32,36
1117528.0,22,6,32,0,68
1117854.0,22,6,32,32,36
1117854.0,22,6,32,0,68
1118067.0,22,6,32,0,68
1118067.0,14,14,32,0,68
1118148.0,14,14,32,0,68
1118148.0,13,15,32,0,68
1118195.0,28,15,17,0,68
1118215.0,28,15,17,0,68
1118286.0,28,15,17,0,68
1118302.0,28,15,17,0,68
1118355.0,29,15,16,0,68
1118372.0,45,15,0,0,68
1118372.0,1,59,0,0,68
1118411.0,1,59,0,0,68
1118565.0,1,59,0,0,68
1118831.0,1,59,0,0,68
1118976.0,1,59,0,0,68
1119083.0,1,59,0,0,68
1119098.0,1,59,0,0,68
1119132.0,1,59,0,0,68
1119354.0,1,59,0,0,68
1119391.0,1,59,0,0,68
1119501.0,1,59,0,4,64
1119501.0,0,60,0,1,67
1119514.0,0,60,0,2,66
1119559.0,0,60,0,2,66
1119588.0,0,60,0,34,34
1119588.0,0,60,0,2,66
1119689.0,0,60,0,2,66
1119694.0,0,60,0,4,64
1119696.0,0,60,0,4,64
1119712.0,0,60,0,36,32
1119712.0,0,60,0,20,48
1119765.0,0,60,0,28,40
1119769.0,0,60,0,28,40
1119778.0,0,60,0,36,32
1119778.0,0,60,0,4,64
1119901.0,0,60,0,4,64
1119901.0,0,60,0,3,65
1119906.0,0,60,0,3,65
1119938.0,0,60,0,4,64
1120009.0,0,60,0,4,64
1120025.0,0,60,0,4,64
1120203.0,0,56,0,8,64
1120203.0,0,56,0,4,68
1120228.0,0,54,0,6,68
1120228.0,0,54,0,4,70
1120238.0,0,54,0,4,70
1120248.0,0,54,0,5,69
1120248.0,0,54,0,1,73
1120272.0,0,54,0,2,72
1120275.0,0,54,0,6,68
1120275.0,0,54,0,2,72
1120414.0,0,54,0,2,72
1120471.0,0,54,0,6,68
1120488.0,0,54,0,6,68
1120494.0,0,54,0,6,68
1120533.0,0,54,0,38,36
1120533.0,0,54,0,6,68
1120563.0,0,54,0,10,64
1120563.0,0,54,0,2,72
1120612.0,0,54,0,2,72
1120615.0,0,54,0,2,72
1120619.0,0,54,0,10,64
1120619.0,0,54,0,2,72
1120671.0,0,54,0,34,40
1120671.0,0,54,0,2,72
1120678.0,0,54,0,2,72
1120680.0,0,54,0,10,64
1120680.0,0,54,0,2,72
1120730.0,0,54,0,10,64
1120730.0,0,54,0,2,72
1120767.0,0,46,0,10,72
1120767.0,0,46,0,2,80
1120788.0,0,46,0,10,72
1120788.0,0,46,0,2,80
1120813.0,0,46,0,2,80
1120820.0,0,46,0,10,72
1120820.0,0,46,0,2,80
1120848.0,0,45,0,3,80
1120848.0,0,45,0,2,81
1120866.0,0,45,0,3,80
1120870.0,0,45,0,11,72
1120870.0,0,45,0,3,80
1120891.0,0,45,0,3,80
1120906.0,0,45,0,11,72
1120906.0,0,45,0,3,80
1120928.0,0,45,0,11,72
1120969.0,0,45,0,19,64
1121072.0,0,1,0,63,64
1121072.0,0,1,0,19,108
1121135.0,0,1,0,27,100
1121170.0,0,1,0,27,100
1121172.0,0,1,0,27,100
1121175.0,0,1,0,27,100
1121194.0,0,1,0,27,100
1121222.0,0,1,0,59,68
1121222.0,0,1,0,23,104
1121405.0,0,1,0,23,104
1121405.0,0,1,0,15,112
1121433.0,0,1,0,15,112
1121463.0,0,1,0,15,112
1121503.0,0,1,0,15,112
1121519.0,0,1,0,15,112
1121547.0,0,1,0,23,104
1121571.0,0,1,0,23,104
1121580.0,0,1,0,23,104
1121630.0,0,1,0,23,104
1121668.0,0,1,0,27,100
1121688.0,0,1,0,27,100
1121706.0,0,1,0,27,100
1121756.0,0,1,0,27,100
1121791.0,0,1,0,27,100
1121821.0,0,1,0,27,100
1122122.0,0,1,0,27,100
1122122.0,0,1,14,13,100
1122122.0,0,1,14,9,104
1122201.0,0,0,14,10,104
1122201.0,0,0,14,8,106
1122210.0,0,0,14,40,74
1122210.0,0,0,14,0,114
1122218.0,0,0,14,0,114
1122331.0,0,0,14,2,112
1122375.0,0,0,14,34,80
1122375.0,0,0,14,2,112
1122405.0,0,0,14,6,108
1122405.0,0,0,14,2,112
1122447.0,0,0,14,2,112
1122570.0,0,0,14,6,108
1122625.0,0,0,14,6,108
1122715.0,0,0,14,38,76
1122715.0,0,0,14,14,100
1122755.0,0,0,14,22,92
1122891.0,0,0,14,22,92
1122905.0,0,0,14,38,76
1122905.0,0,0,14,6,108
1122916.0,0,0,14,38,76
1122916.0,0,0,14,6,108
1123047.0,0,0,14,6,108
1123231.0,0,0,14,6,108
1123275.0,0,0,14,6,108
1123305.0,0,0,14,6,108
1123420.0,0,0,14,6,108
1123420.0,0,0,14,2,112
1123443.0,0,0,14,6,108
1123455.0,0,0,14,6,108
1123455.0,0,0,14,2,112
1123464.0,0,0,14,2,112
1123464.0,0,0,14,1,113
1123471.0,0,0,14,2,112
1123475.0,0,0,14,6,108
1123479.0,0,0,14,6,108
1123479.0,0,0,14,5,109
1123500.0,0,0,14,6,108
1123507.0,0,0,14,6,108
1123560.0,0,0,14,6,108
1123560.0,0,0,14,2,112
1123584.0,0,0,14,6,108
1123615.0,0,0,14,6,108
1123615.0,0,0,14,2,112
1123658.0,0,0,14,6,108
1123805.0,0,0,14,6,108
1123816.0,0,0,14,6,108
1123863.0,0,0,14,6,108
1123863.0,0,0,14,2,112
1123922.0,14,0,0,2,112
1123922.0,0,14,0,2,112
1123940.0,0,14,0,2,112
1123957.0,0,14,0,6,108
1123996.0,0,14,0,6,108
1124098.0,0,14,0,6,108
1124098.0,0,14,0,4,110
1124118.0,0,14,0,4,110
1124189.0,0,14,0,4,110
1124267.0,0,14,0,6,108
1124267.0,0,14,0,2,112
1124343.0,0,14,0,2,112
1124371.0,0,14,0,2,112
1124375.0,0,14,0,2,112
1124433.0,0,14,0,2,112
1124484.0,0,14,0,2,112
1124558.0,0,14,0,2,112
1124857.0,0,14,0,2,112
1125648.0,0,14,0,2,112
1125656.0,0,14,0,2,112
1126622.0,0,0,0,16,112
1126622.0,0,0,0,0,128
1126662.0,0,0,0,8,120
1126662.0,0,0,0,0,128
1126681.0,0,0,0,8,120
1126681.0,0,0,0,0,128
1126722.0,0,0,0,8,120
1126722.0,0,0,0,0,128
1126732.0,0,0,0,0,128
1126737.0,0,0,0,8,120
1126737.0,0,0,0,0,128
1126784.0,0,0,0,8,120
1126784.0,0,0,0,0,128
1126854.0,0,0,0,4,124
1126941.0,0,0,0,36,92
1126941.0,0,0,0,0,128
1127063.0,0,0,0,0,128
1127211.0,0,0,0,0,128
1127250.0,0,0,0,0,128
1127292.0,0,0,0,4,124
1127292.0,0,0,0,0,128
1127314.0,0,0,0,4,124
1127314.0,0,0,0,0,128
1127375.0,0,0,0,0,128
1127387.0,0,0,0,4,124
1127387.0,0,0,0,3,125
1127435.0,0,0,0,11,117
1127443.0,0,0,0,12,116
1127754.0,0,0,0,12,116
1127813.0,0,0,0,16,112
1127894.0,0,0,0,16,112
1128287.0,0,0,0,16,112
1128287.0,0,0,3,13,112
1128335.0,0,0,3,13,112
1128335.0,0,0,11,5,112
1128343.0,0,0,11,5,112
1128343.0,0,0,12,4,112
1128395.0,0,0,12,8,108
1128445.0,0,0,12,40,76
1128445.0,0,0,12,7,109
1128471.0,0,0,12,8,108
1128506.0,0,0,12,8,108
1128713.0,0,0,12,8,108
1128873.0,0,0,12,8,108
1129076.0,0,0,12,8,108
1129076.0,0,0,12,3,113
1129084.0,0,0,12,7,109
1129097.0,0,0,12,8,108
1129162.0,0,0,12,12,104
1129345.0,0,0,12,12,104
1129345.0,0,0,14,10,104
1129371.0,0,0,14,10,104
1129371.0,0,0,15,9,104
1129473.0,0,0,15,17,96
1129536.0,0,0,15,49,64
1129536.0,0,0,15,17,96
1129766.0,0,0,15,17,96
1129789.0,0,0,15,17,96
1129854.0,0,0,15,17,96
1129854.0,0,0,15,9,104
1129864.0,0,0,15,9,104
1129864.0,0,0,15,5,108
1129885.0,0,0,15,5,108
1129885.0,0,0,15,1,112
1129887.0,0,0,15,5,108
1129907.0,0,0,15,5,108
1129907.0,0,0,15,1,112
1129910.0,0,0,15,1,112
1129943.0,0,0,15,5,108
1129984.0,0,0,15,5,108
1130041.0,0,0,15,5,108
1130041.0,0,0,15,1,112
1130087.0,3,0,12,1,112
1130114.0,3,0,12,33,80
1130114.0,3,0,12,1,112
1130135.0,11,0,4,1,112
1130143.0,12,0,3,1,112
1130158.0,12,0,3,5,108
1130173.0,12,0,3,5,108
1130173.0,8,4,3,5,108
1130209.0,8,4,3,37,76
1130209.0,8,4,3,5,108
1130226.0,8,4,3,5,108
1130244.0,8,4,3,5,108
1130244.0,3,9,3,5,108
1130247.0,3,9,3,5,108
1130286.0,3,9,3,13,100
1130316.0,3,9,3,13,100
1130316.0,0,12,3,13,100
1130353.0,0,12,3,13,100
1130353.0,0,12,3,5,108
1130436.0,0,12,3,5,108
1130706.0,0,12,3,37,76
1130706.0,0,12,3,5,108
1130787.0,0,12,3,5,108
1130843.0,0,12,3,5,108
1130903.0,0,12,3,5,108
1131014.0,0,12,3,5,108
1131109.0,0,12,3,5,108
1131145.0,2,12,1,5,108
1131171.0,3,12,0,5,108
1131186.0,3,12,0,5,108
1131566.0,3,12,0,5,108
1131566.0,0,15,0,4,109
1131588.0,0,15,0,5,108
1131606.0,0,15,0,5,108
1131606.0,0,15,2,3,108
1131907.0,0,15,2,35,76
1131907.0,0,15,2,3,108
1132369.0,0,15,2,3,108
1132369.0,0,15,2,2,109
1132388.0,0,15,2,3,108
1132446.0,0,15,2,3,108
1132488.0,0,15,2,3,108
1132807.0,0,15,2,3,108
1132873.0,0,11,2,7,108
1132873.0,0,11,2,3,112
1132894.0,0,11,2,7,108
1132944.0,0,6,2,12,108
1132944.0,0,6,2,7,113
1132973.0,0,6,2,8,112
1133016.0,0,3,2,11,112
1133016.0,0,3,2,7,116
1133093.0,0,3,2,11,112
1133120.0,0,3,2,15,108
1133163.0,0,3,2,47,76
1133163.0,0,3,2,15,108
1133288.0,0,3,2,15,108
1133346.0,0,3,2,15,108
1133406.0,2,3,0,15,108
1133939.0,2,3,0,47,76
1133939.0,2,3,0,15,108
1134063.0,2,3,0,15,108
1134260.0,2,3,0,15,108
1134260.0,2,3,0,14,109
1134266.0,2,0,0,17,109
1134266.0,2,0,0,13,113
1134341.0,2,0,0,17,109
1134374.0,2,0,0,18,108
1134731.0,2,0,0,18,108
1134731.0,2,0,0,17,109
1134753.0,2,0,0,18,108
1134839.0,2,0,0,18,108
1134839.0,2,0,12,6,108
1135009.0,2,0,12,6,108
1135009.0,2,0,12,5,109
1135026.0,2,0,12,9,105
1135034.0,2,0,12,10,104
1135066.0,2,0,12,10,104
1135075.0,2,0,12,10,104
1135135.0,2,0,12,10,104
1135135.0,0,2,12,10,104
1135241.0,0,2,12,10,104
1135274.0,0,2,12,10,104
1135274.0,0,2,13,9,104
1135373.0,0,2,13,41,72
1135373.0,0,2,13,9,104
1135653.0,0,2,13,9,104
1135682.0,0,2,13,9,104
1135748.0,0,2,13,9,104
1135927.0,0,2,13,9,104
1135927.0,0,2,13,4,109
1135947.0,0,2,13,5,108
1135968.0,0,2,13,37,76
1135968.0,0,2,13,5,108
1136273.0,0,2,13,5,108
1136639.0,12,2,1,5,108
1136868.0,12,2,1,5,108
1136868.0,12,2,3,3,108
1136939.0,12,2,3,3,108
1136939.0,11,3,3,3,108
1136960.0,11,3,3,3,108
1136960.0,10,4,3,3,108
1137016.0,10,4,3,3,108
1137016.0,9,5,3,3,108
1137050.0,9,5,3,3,108
1137050.0,8,6,3,3,108
1137074.0,9,6,2,3,108
1137079.0,9,6,2,3,108
1137200.0,9,6,2,11,100
1137551.0,9,6,2,43,68
1137551.0,9,6,2,11,100
1137835.0,9,4,2,13,100
1137835.0,9,4,2,8,105
1137950.0,9,4,2,9,104
1138100.0,9,4,2,9,104
1138362.0,9,4,2,13,100
1138451.0,9,4,2,13,100
1138451.0,9,4,10,5,100
1138606.0,9,4,10,5,100
1138606.0,9,4,10,4,101
1138623.0,9,4,10,5,100
1138668.0,11,4,8,5,100
1138683.0,11,4,8,5,100
1138683.0,11,4,8,4,101
1138700.0,11,4,8,5,100
1138729.0,11,4,8,5,100
1138788.0,11,4,8,37,68
1138788.0,11,4,8,5,100
1138850.0,11,4,8,5,100
1139154.0,11,4,8,37,68
1139262.0,11,4,8,37,68
1139639.0,11,3,8,38,68
1139639.0,11,3,8,37,69
1139644.0,11,3,8,38,68
1139648.0,11,3,8,38,68
1139648.0,11,3,8,6,100
1139660.0,11,2,8,7,100
1139660.0,11,2,8,6,101
1139663.0,11,2,8,38,69
1139688.0,11,2,8,39,68
1139716.0,11,1,8,40,68
1139716.0,11,1,8,39,69
1139733.0,11,1,8,40,68
1139750.0,11,0,8,41,68
1139750.0,11,0,8,40,69
1139849.0,11,0,8,41,68
1139994.0,11,0,8,41,68
1139994.0,11,0,8,9,100
1140006.0,11,0,8,41,68
1140054.0,11,0,8,41,68
1140251.0,19,0,0,41,68
1140363.0,19,0,0,41,68
1140363.0,19,0,0,9,100
1140428.0,19,0,0,9,100
1140428.0,19,0,0,5,104
1140526.0,19,0,0,9,100
1140563.0,19,0,0,9,100
1140632.0,19,0,0,41,68
1140707.0,19,0,0,41,68
1140707.0,19,0,0,9,100
1140739.0,19,0,0,9,100
1140739.0,19,0,0,1,108
1140906.0,19,0,0,1,108
1141532.0,19,0,0,1,108
1141532.0,19,0,1,0,108
1142024.0,19,0,1,32,76
1142029.0,19,0,1,32,76
1142029.0,19,0,1,31,77
1142035.0,19,0,1,31,77
1142035.0,19,0,1,30,78
1142045.0,19,0,1,31,77
1142050.0,19,0,1,32,76
1142079.0,19,0,1,32,76
1142079.0,19,0,1,0,108
1142924.0,19,0,1,0,108
1143332.0,20,0,0,0,108
1144459.0,20,0,0,32,76
1144461.0,20,0,0,32,76
1144461.0,20,0,0,31,77
1144465.0,20,0,0,31,77
1144465.0,20,0,0,30,78
1144473.0,20,0,0,31,77
1144481.0,20,0,0,32,76
1144510.0,20,0,0,32,76
1144510.0,20,0,0,0,108
1145359.0,20,0,0,0,108
1146903.0,20,0,0,32,76
1146905.0,20,0,0,32,76
1146905.0,20,0,0,31,77
1146931.0,20,0,0,32,76
1147227.0,20,0,0,32,76
1147227.0,20,0,0,0,108
1147803.0,20,0,0,0,108
1148023.0,20,0,0,0,108
1148023.0,19,1,0,0,108
1149558.0,19,1,0,32,76
1149560.0,19,1,0,32,76
1149560.0,19,1,0,31,77
1149585.0,19,1,0,32,76
1150458.0,19,1,0,32,76
1150458.0,19,1,31,1,76
1150485.0,19,1,31,1,76
1150485.0,19,1,32,0,76
1150679.0,19,1,32,0,76
1150679.0,18,2,32,0,76
1150723.0,18,1,32,1,76
1150723.0,18,1,32,0,77
1150740.0,18,1,32,1,76
1150790.0,18,1,32,1,76
1151640.0,18,1,32,1,76
1151640.0,18,1,33,0,76
1152258.0,49,1,2,0,76
1152258.0,17,33,2,0,76
1152285.0,18,33,1,0,76
1153379.0,18,32,1,1,76
1153379.0,18,32,1,0,77
1153388.0,18,32,1,1,76
1153440.0,19,32,0,1,76
1154288.0,19,32,0,1,76
1154288.0,19,32,1,0,76
1154925.0,19,32,1,32,44
1154931.0,19,32,1,32,44
1154958.0,19,0,1,64,44
1154958.0,19,0,1,32,76
1155792.0,19,0,1,64,44
1155792.0,19,0,1,0,108
1155825.0,19,0,1,0,108
1156088.0,20,0,0,0,108
1161140.0,20,0,0,0,108
1161140.0,16,4,0,0,108
1162001.0,16,4,0,0,108
1162001.0,12,8,0,0,108
1162757.0,12,8,0,0,108
1162757.0,8,12,0,0,108
1162935.0,8,12,0,0,108
1162935.0,4,16,0,0,108
1163021.0,4,16,0,0,108
1163021.0,0,20,0,0,108
1163198.0,0,20,0,0,108
1163840.0,0,16,0,4,108
1163840.0,0,16,0,0,112
1164015.0,0,16,0,4,108
1164015.0,0,16,0,2,110
1164037.0,0,16,0,4,108
1164529.0,0,16,0,44,68
1164534.0,0,16,0,48,64
1164538.0,0,16,0,48,64
1164701.0,0,12,0,52,64
1164701.0,0,12,0,48,68
1164915.0,0,12,0,48,68
1164915.0,0,12,2,46,68
1164937.0,0,12,2,46,68
1164937.0,0,12,4,44,68
1165139.0,0,12,4,48,64
1165388.0,0,12,4,112,0
1165388.0,0,12,4,48,64
1165429.0,0,12,4,48,64
1165457.0,0,8,4,52,64
1165457.0,0,8,4,48,68
1165595.0,0,8,4,52,64
1165635.0,0,4,4,56,64
1165635.0,0,4,4,52,68
1165660.0,0,4,4,56,64
1165721.0,0,0,4,60,64
1165721.0,0,0,4,56,68
1165744.0,0,0,4,60,64
1166288.0,0,0,4,60,64
1166288.0,0,0,52,12,64
1166495.0,0,0,52,12,64
1166495.0,0,0,56,8,64
1166560.0,0,0,56,8,64
1166560.0,0,0,60,4,64
1166644.0,0,0,60,4,64
1166644.0,0,0,64,0,64
1166715.0,2,0,62,0,64
1166737.0,4,0,60,0,64
1168088.0,52,0,12,0,64
1168295.0,56,0,8,0,64
1168360.0,60,0,4,0,64
1168444.0,64,0,0,0,64
1170525.0,64,0,0,64,0
1171425.0,64,0,0,64,0
1171425.0,64,0,64,0,0
1173225.0,128,0,0,0,0
1682786.0,128,0,0,0,0
1682786.0,64,64,0,0,0
1683107.0,64,64,0,0,0
1683107.0,0,128,0,0,0
1685486.0,0,64,0,64,0
1685486.0,0,64,0,0,64
1685792.0,0,64,0,64,0
1685807.0,0,0,0,128,0
1685807.0,0,0,0,64,64
1686692.0,0,0,0,64,64
1686692.0,0,0,64,0,64
1688492.0,64,0,0,0,64
1690717.0,64,0,0,0,64
1690717.0,56,8,0,0,64
1692675.0,56,8,0,0,64
1693417.0,56,0,0,8,64
1693417.0,56,0,0,0,72
1694718.0,56,0,0,8,64
1694718.0,0,56,0,8,64
1695376.0,0,56,0,72,0
1696276.0,0,56,0,72,0
1696276.0,0,56,64,8,0
1697418.0,0,0,64,64,0
1697418.0,0,0,64,0,64
1698076.0,64,0,0,0,64
1707071.0,64,0,0,64,0
1707971.0,64,0,0,64,0
1707971.0,64,0,64,0,0
1709237.0,64,0,64,0,0
1709237.0,32,32,64,0,0
1709771.0,96,32,0,0,0
1711937.0,96,0,0,32,0
1711937.0,96,0,0,0,32
1712272.0,96,0,0,0,32
1712272.0,95,1,0,0,32
1712887.0,95,1,0,0,32
1712887.0,94,2,0,0,32
1713050.0,94,2,0,0,32
1713050.0,86,10,0,0,32
1714067.0,86,10,0,0,32
1714067.0,78,18,0,0,32
1714972.0,78,17,0,1,32
1714972.0,78,17,0,0,33
1714975.0,78,17,0,1,32
1715030.0,78,17,0,1,32
1715030.0,70,25,0,1,32
1715587.0,70,24,0,2,32
1715587.0,70,24,0,1,33
1715604.0,70,24,0,2,32
1715750.0,70,16,0,10,32
1715750.0,70,16,0,2,40
1715818.0,70,16,0,10,32
1715875.0,70,16,0,10,32
1715875.0,70,16,1,9,32
1716148.0,70,16,1,9,32
1716148.0,70,16,1,1,40
1716231.0,70,16,1,9,32
1716504.0,70,16,1,9,32
1716718.0,70,16,1,9,32
1716718.0,70,16,2,8,32
1716767.0,70,8,2,16,32
1716767.0,70,8,2,8,40
1716837.0,70,8,2,16,32
1717131.0,70,8,2,16,32
1717131.0,70,8,10,8,32
1717675.0,71,8,9,8,32
1717730.0,71,0,9,16,32
1717730.0,71,0,9,8,40
1717737.0,71,0,9,8,40
1717737.0,71,0,17,0,40
1717782.0,71,0,17,8,32
1717909.0,71,0,17,8,32
1717909.0,39,32,17,8,32
1717936.0,39,32,17,8,32
1717936.0,39,32,17,0,40
1717957.0,39,32,17,8,32
1718002.0,39,32,17,8,32
1718013.0,39,32,17,8,32
1718095.0,39,32,17,8,32
1718127.0,39,32,17,8,32
1718127.0,31,40,17,8,32
1718518.0,32,40,16,8,32
1718682.0,32,40,16,8,32
1718745.0,32,40,16,8,32
1718745.0,24,48,16,8,32
1718857.0,24,48,16,8,32
1718857.0,24,48,24,0,32
1718931.0,32,48,16,0,32
1719537.0,40,48,8,0,32
1720423.0,40,48,8,0,32
1720609.0,40,16,8,32,32
1720609.0,40,16,8,0,64
1720656.0,40,16,8,32,32
1720656.0,0,56,8,31,33
1720657.0,8,56,0,31,33
1720678.0,8,56,0,32,32
1720787.0,8,56,0,64,0
1720787.0,8,56,0,32,32
1720821.0,8,56,0,64,0
1720821.0,8,56,0,32,32
1720827.0,8,48,0,40,32
1720827.0,8,48,0,32,40
1721049.0,8,48,0,32,40
1721169.0,8,48,0,32,40
1721169.0,8,48,0,31,41
1721182.0,8,48,0,32,40
1721445.0,8,40,0,40,40
1721445.0,8,40,0,32,48
1721463.0,8,40,0,32,48
1721506.0,8,40,0,40,40
1721556.0,8,40,0,40,40
1721687.0,8,40,0,40,40
1721721.0,8,40,0,40,40
1721721.0,8,40,7,33,40
1722082.0,8,40,7,33,40
1722082.0,8,40,8,32,40
1722162.0,8,40,8,32,40
1722162.0,8,40,8,24,48
1722221.0,8,40,8,32,40
1722406.0,8,40,8,32,40
1722662.0,8,40,8,32,40
1722831.0,8,40,8,32,40
1722831.0,8,40,8,24,48
1722869.0,8,40,8,32,40
1723121.0,8,40,8,32,40
1723331.0,8,40,8,32,40
1723331.0,8,40,8,24,48
1723355.0,8,40,8,32,40
1723356.0,8,0,8,72,40
1723356.0,8,0,8,8,104
1723457.0,8,0,8,72,40
1723457.0,8,0,8,8,104
1723481.0,8,0,8,72,40
1723481.0,8,0,8,8,104
1723521.0,15,0,1,8,104
1723670.0,15,0,1,40,72
1723670.0,15,0,1,8,104
1723769.0,15,0,1,8,104
1723882.0,16,0,0,8,104
1723895.0,16,0,0,40,72
1724255.0,16,0,0,40,72
1724357.0,16,0,0,40,72
1724381.0,16,0,0,40,72
1724570.0,16,0,0,40,72
1724570.0,16,0,8,32,72
1724795.0,16,0,8,32,72
1724795.0,16,0,40,0,72
1726187.0,16,0,40,0,72
1726187.0,15,1,40,0,72
1726370.0,23,1,32,0,72
1726391.0,23,1,32,0,72
1726463.0,23,1,32,0,72
1726571.0,23,1,32,0,72
1726595.0,55,1,0,0,72
1726595.0,20,36,0,0,72
1726646.0,20,36,0,0,72
1726646.0,16,40,0,0,72
1726738.0,16,40,0,0,72
1726763.0,16,40,0,0,72
1726884.0,16,40,0,0,72
1726990.0,16,40,0,0,72
1727285.0,16,40,0,0,72
1727303.0,16,40,0,0,72
1727366.0,16,40,0,0,72
1727420.0,16,40,0,0,72
1727463.0,16,40,0,0,72
1727505.0,16,40,0,0,72
1727536.0,16,40,0,0,72
1727546.0,16,40,0,0,72
1727616.0,16,40,0,0,72
1727714.0,16,40,0,0,72
1727812.0,16,40,0,0,72
1728245.0,16,40,0,32,40
1728245.0,8,48,0,0,72
1728714.0,8,48,0,0,72
1728753.0,8,48,0,0,72
1728795.0,8,48,0,0,72
1728887.0,8,47,0,1,72
1728887.0,8,47,0,0,73
1728896.0,8,47,0,0,73
1728903.0,8,47,0,1,72
1728903.0,4,51,0,1,72
1728991.0,4,51,0,1,72
1729113.0,4,51,0,1,72
1729234.0,4,51,0,1,72
1729262.0,4,51,0,33,40
1729262.0,4,51,0,1,72
1729291.0,4,51,0,3,70
1729294.0,4,51,0,5,68
1729295.0,4,16,0,40,68
1729295.0,4,16,0,5,103
1729296.0,4,16,0,9,99
1729342.0,4,16,0,17,91
1729346.0,4,12,0,21,91
1729346.0,4,12,0,17,95
1729352.0,4,12,0,33,79
1729352.0,0,16,0,1,111
1729358.0,0,16,0,3,109
1729375.0,0,16,0,4,108
1729375.0,0,16,0,0,112
1729451.0,0,16,0,4,108
1729451.0,0,16,0,0,112
1729462.0,0,16,0,32,80
1729462.0,0,16,0,0,112
1729471.0,0,16,0,4,108
1729538.0,0,16,0,12,100
1729540.0,0,16,0,16,96
1729549.0,0,16,0,32,80
1729549.0,0,16,0,0,112
1729559.0,0,16,0,32,80
1729559.0,0,16,0,16,96
1729580.0,0,16,0,24,88
1729645.0,0,16,0,24,88
1729664.0,0,16,0,56,56
1729664.0,0,16,0,24,88
1729667.0,0,16,0,40,72
1729667.0,0,16,0,8,104
1729746.0,0,16,0,8,104
1729796.0,0,16,0,40,72
1729796.0,0,16,0,4,108
1729803.0,0,16,0,4,108
1729859.0,0,16,0,4,108
1729903.0,0,16,0,8,104
1729903.0,0,16,0,0,112
1729994.0,0,16,0,8,104
1730030.0,0,16,0,8,104
1730036.0,0,16,0,40,72
1730036.0,0,16,0,8,104
1730162.0,0,16,0,8,104
1730199.0,0,16,0,40,72
1730252.0,0,16,0,40,72
1730255.0,0,16,0,72,40
1730255.0,0,16,0,8,104
1730371.0,0,16,0,8,104
1730417.0,0,16,0,72,40
1730459.0,0,16,0,72,40
1730488.0,0,16,0,72,40
1730488.0,0,16,0,56,56
1730505.0,0,16,0,56,56
1730505.0,0,16,0,48,64
1730564.0,0,16,0,48,64
1730567.0,0,16,0,48,64
1730666.0,0,16,0,64,48
1730696.0,0,16,0,64,48
1730839.0,0,16,0,64,48
1730839.0,0,16,0,63,49
1730848.0,0,16,0,63,49
1730848.0,0,16,0,31,81
1730851.0,0,16,0,39,73
1730893.0,0,16,0,40,72
1730894.0,0,16,0,40,72
1730908.0,0,16,0,40,72
1730908.0,0,16,0,38,74
1730936.0,0,16,0,38,74
1730945.0,0,8,0,46,74
1730945.0,0,8,0,38,82
1730971.0,0,8,0,40,80
1730998.0,0,8,0,40,80
1730998.0,0,8,0,36,84
1731055.0,0,8,0,44,76
1731130.0,0,8,0,48,72
1731152.0,0,8,0,48,72
1731152.0,0,8,0,40,80
1731155.0,0,8,0,40,80
1731203.0,0,8,0,72,48
1731235.0,0,8,0,80,40
1731244.0,0,8,0,80,40
1731244.0,0,8,0,64,56
1731251.0,0,8,0,64,56
1731251.0,0,8,0,32,88
1731317.0,0,8,0,32,88
1731336.0,0,8,0,48,72
1731353.0,0,8,0,48,72
1731353.0,0,8,0,16,104
1731458.0,0,8,0,48,72
1731566.0,0,8,0,48,72
1731603.0,0,4,0,52,72
1731603.0,0,4,0,48,76
1731612.0,0,4,0,49,75
1731615.0,0,4,0,50,74
1731629.0,0,4,0,51,73
1731630.0,0,4,0,52,72
1731677.0,0,4,0,84,40
1731771.0,0,4,0,84,40
1731771.0,0,4,0,80,44
1731799.0,0,4,0,84,40
1731982.0,0,4,0,84,40
1731982.0,0,4,0,52,72
1732025.0,0,4,0,52,72
1732025.0,0,4,0,48,76
1732052.0,0,0,0,52,76
1732052.0,0,0,0,48,80
1732103.0,0,0,0,48,80
1732160.0,0,0,0,52,76
1732171.0,0,0,0,56,72
1732172.0,0,0,0,56,72
1732172.0,0,0,0,48,80
1732236.0,0,0,0,48,80
1732358.0,0,0,0,48,80
1732387.0,0,0,0,48,80
1732387.0,0,0,0,47,81
1732398.0,0,0,0,55,73
1732415.0,0,0,0,56,72
1732435.0,0,0,0,56,72
1732435.0,0,0,0,54,74
1732462.0,0,0,0,56,72
1732473.0,0,0,0,56,72
1732473.0,0,0,0,52,76
1732512.0,0,0,0,52,76
1732515.0,0,0,0,52,76
1732530.0,0,0,0,52,76
1732550.0,0,0,0,84,44
1732552.0,0,0,0,84,44
1732552.0,0,0,0,83,45
1732567.0,0,0,0,87,41
1732568.0,0,0,0,88,40
1732571.0,0,0,0,88,40
1732571.0,0,0,0,87,41
1732577.0,0,0,0,87,41
1732577.0,0,0,27,60,41
1732582.0,0,0,27,60,41
1732582.0,0,0,27,52,49
1732584.0,0,0,27,53,48
1732643.0,0,0,27,53,48
1732643.0,0,0,27,21,80
1732671.0,0,0,27,29,72
1732684.0,0,0,27,29,72
1732684.0,0,0,27,13,88
1732699.0,0,0,27,13,88
1732808.0,0,0,27,29,72
1732824.0,0,0,27,29,72
1732912.0,0,0,27,29,72
1733033.0,0,0,27,29,72
1733071.0,0,0,27,29,72
1733391.0,0,0,27,29,72
1733391.0,0,0,27,21,80
1733395.0,0,0,27,21,80
1733395.0,0,0,27,20,81
1733449.0,0,0,27,21,80
1733450.0,0,0,27,21,80
1733466.0,0,0,27,21,80
1733466.0,0,0,27,19,82
1733467.0,0,0,27,19,82
1733472.0,0,0,27,21,80
1733509.0,0,0,27,29,72
1733549.0,0,0,27,29,72
1733549.0,0,0,27,28,73
1733571.0,0,0,27,28,73
1733571.0,0,0,28,27,73
1733606.0,0,0,28,28,72
1733617.0,0,0,28,28,72
1733617.0,0,0,28,26,74
1733657.0,0,0,28,28,72
1733668.0,0,0,28,28,72
1733668.0,0,0,28,24,76
1733708.0,0,0,28,24,76
1733708.0,0,0,38,14,76
1733711.0,0,0,38,18,72
1733721.0,0,0,38,18,72
1733721.0,0,0,38,10,80
1733759.0,0,0,38,18,72
1733770.0,0,0,38,18,72
1733770.0,0,0,38,2,88
1733822.0,0,0,38,18,72
1733837.0,0,0,38,18,72
1734187.0,0,0,38,18,72
1734187.0,0,0,38,17,73
1734192.0,0,0,38,17,73
1734242.0,0,0,38,18,72
1734349.0,0,0,38,18,72
1734377.0,27,0,11,18,72
1734377.0,0,27,11,18,72
1734659.0,0,27,11,18,72
1734722.0,0,27,11,18,72
1734722.0,0,27,23,6,72
1734756.0,0,27,23,6,72
1734756.0,0,27,23,5,73
1734911.0,0,27,23,5,73
1735142.0,0,27,23,5,73
1735265.0,0,27,23,6,72
1735336.0,0,27,23,6,72
1735336.0,0,27,23,5,73
1735371.0,1,27,22,5,73
1735406.0,1,27,22,6,72
1735415.0,1,27,22,6,72
1735508.0,11,27,12,6,72
1735582.0,11,27,12,6,72
1735796.0,11,27,12,6,72
1735796.0,10,28,12,6,72
1736165.0,10,28,12,6,72
1736301.0,10,28,12,6,72
1736301.0,9,29,12,6,72
1736306.0,9,29,12,6,72
1736306.0,9,29,13,5,72
1736370.0,9,29,13,5,72
1736406.0,9,29,13,5,72
1736473.0,9,29,13,5,72
1736495.0,9,29,13,5,72
1736522.0,21,29,1,5,72
1736567.0,21,29,1,5,72
1736650.0,21,29,1,5,72
1736731.0,21,29,1,5,72
1737072.0,21,29,1,5,72
1737077.0,21,2,1,32,72
1737077.0,21,2,1,0,104
1737106.0,21,2,1,32,72
1737106.0,21,2,1,0,104
1737138.0,21,2,1,32,72
1737138.0,21,2,1,0,104
1737241.0,21,2,1,32,72
1737241.0,21,2,1,0,104
1737331.0,21,2,1,32,72
1737331.0,21,2,1,0,104
1737374.0,21,2,1,32,72
1737374.0,1,22,1,0,104
1737408.0,1,22,1,0,104
1737409.0,1,22,1,0,104
1737410.0,1,22,1,32,72
1737410.0,1,22,1,6,98
1737431.0,1,22,1,7,97
1737437.0,1,22,1,8,96
1737446.0,1,22,1,8,96
1737475.0,1,22,1,24,80
1737476.0,1,22,1,32,72
1737476.0,0,23,1,0,104
1737510.0,0,23,1,0,104
1737576.0,0,23,1,32,72
1737576.0,0,23,1,26,78
1737579.0,0,23,1,26,78
1737579.0,0,23,1,18,86
1737629.0,0,23,1,20,84
1737635.0,0,23,1,24,80
1737641.0,0,23,1,32,72
1737655.0,0,23,1,32,72
1737655.0,0,23,1,16,88
1737723.0,0,23,1,32,72
1737742.0,0,23,1,32,72
1737742.0,0,23,1,0,104
1737778.0,0,23,1,32,72
1738106.0,1,23,0,32,72
1738310.0,1,23,0,32,72
1738476.0,1,23,0,32,72
1738480.0,1,23,0,32,72
1738480.0,1,23,0,31,73
1738496.0,1,22,0,32,73
1738496.0,1,22,0,31,74
1738500.0,1,22,0,32,73
1738516.0,1,22,0,33,72
1738591.0,1,22,0,33,72
1738591.0,1,22,0,32,73
1738612.0,1,22,0,33,72
1738678.0,1,22,0,33,72
1738678.0,1,22,30,3,72
1738733.0,1,22,30,3,72
1738733.0,1,22,30,2,73
1738765.0,1,22,30,3,72
1738927.0,1,22,30,3,72
1738927.0,1,22,30,2,73
1738956.0,1,22,30,3,72
1738972.0,1,22,30,3,72
1738972.0,1,22,30,1,74
1739001.0,1,21,30,2,74
1739001.0,1,21,30,1,75
1739018.0,1,21,30,3,73
1739034.0,1,21,30,3,73
1739034.0,0,22,30,3,73
1739089.0,0,22,30,4,72
1739096.0,0,22,30,4,72
1739157.0,0,22,30,4,72
1739236.0,0,22,30,4,72
1739400.0,0,22,30,4,72
1739416.0,0,22,30,4,72
1739508.0,0,22,30,36,40
1739508.0,0,22,30,12,64
1739510.0,0,22,30,12,64
1739512.0,0,22,30,12,64
1739559.0,0,22,30,20,56
1739576.0,0,22,30,36,40
1739576.0,0,22,30,3,73
1739590.0,0,22,30,4,72
1739671.0,0,22,30,36,40
1739856.0,0,22,30,36,40
1739966.0,0,22,30,36,40
1739966.0,0,22,30,35,41
1739976.0,0,22,30,35,41
1739976.0,0,22,30,3,73
1739989.0,0,22,30,3,73
1740020.0,0,22,30,4,72
1740034.0,0,22,30,4,72
1740074.0,0,2,30,24,72
1740074.0,0,2,30,4,92
1740105.0,0,2,30,8,88
1740105.0,0,2,30,6,90
1740116.0,0,2,30,6,90
1740130.0,0,2,30,10,86
1740130.0,0,2,30,6,90
1740154.0,0,2,30,8,88
1740166.0,0,2,30,12,84
1740167.0,0,2,30,12,84
1740167.0,0,2,30,4,92
1740168.0,0,2,30,6,90
1740176.0,0,1,30,7,90
1740176.0,0,1,30,6,91
1740187.0,0,1,30,10,87
1740210.0,0,1,30,18,79
1740222.0,0,1,30,18,79
1740231.0,0,1,30,20,77
1740231.0,0,1,30,4,93
1740258.0,0,1,30,5,92
1740291.0,0,1,30,21,76
1740295.0,0,1,30,21,76
1740373.0,0,1,30,21,76
1740408.0,0,1,30,21,76
1740423.0,0,1,30,25,72
1740478.0,30,1,0,25,72
1740478.0,0,31,0,24,73
1740489.0,0,31,0,25,72
1740490.0,0,31,0,25,72
1740571.0,0,31,0,25,72
1740920.0,0,31,0,25,72
1740960.0,0,31,0,25,72
1740960.0,0,31,0,24,73
1741001.0,0,31,0,25,72
1741005.0,0,31,0,25,72
1741024.0,0,31,0,25,72
1741026.0,0,31,0,25,72
1741030.0,0,31,0,25,72
1741066.0,0,31,0,25,72
1741087.0,0,31,0,25,72
1741087.0,0,31,0,19,78
1741089.0,0,31,0,21,76
1741094.0,0,31,0,21,76
1741110.0,0,31,0,25,72
1741120.0,0,31,0,25,72
1741120.0,0,31,0,5,92
1741125.0,0,31,0,9,88
1741131.0,0,31,0,9,88
1741191.0,0,31,0,9,88
1741206.0,0,31,0,25,72
1741223.0,0,31,0,25,72
1741268.0,0,31,0,57,40
1741268.0,0,31,0,25,72
1741270.0,0,31,0,25,72
1741355.0,0,31,0,57,40
1741355.0,0,31,0,24,73
1741373.0,0,31,0,25,72
1741410.0,0,31,0,25,72
1741410.0,0,31,0,23,74
1741413.0,0,31,0,23,74
1741421.0,0,31,0,23,74
1741436.0,0,31,0,25,72
1741488.0,0,31,0,25,72
1741488.0,0,31,0,20,77
1741491.0,0,31,0,52,45
1741491.0,0,31,0,20,77
1741506.0,0,31,0,20,77
1741506.0,0,31,0,16,81
1741520.0,0,31,0,20,77
1741524.0,0,31,0,21,76
1741532.0,0,31,0,21,76
1741532.0,0,31,0,13,84
1741558.0,0,31,0,21,76
1741612.0,0,31,0,21,76
1741612.0,0,31,0,13,84
1741633.0,0,31,0,21,76
1741654.0,0,31,0,21,76
1741734.0,0,30,0,22,76
1741734.0,0,30,0,18,80
1741745.0,0,30,0,18,80
1741785.0,0,30,0,22,76
1741876.0,0,30,0,22,76
1741876.0,0,30,0,18,80
1741897.0,0,30,0,22,76
1742025.0,0,30,0,22,76
1742027.0,0,30,0,22,76
1742097.0,0,30,0,22,76
1742137.0,0,30,0,22,76
1742137.0,0,30,0,18,80
1742159.0,0,30,0,22,76
1742168.0,0,30,0,22,76
1742255.0,0,30,0,22,76
1742274.0,0,30,0,22,76
1742274.0,0,30,0,18,80
1742295.0,0,30,0,22,76
1742313.0,0,30,0,22,76
1742313.0,0,30,0,6,92
1742335.0,0,30,0,22,76
1742391.0,0,30,0,22,76
1742458.0,0,30,0,22,76
1742533.0,0,30,0,22,76
1742533.0,0,30,2,20,76
1742879.0,0,30,2,20,76
1742879.0,0,30,2,16,80
1742937.0,0,30,2,16,80
1743178.0,0,0,2,46,80
1743178.0,0,0,2,14,112
1743186.0,0,0,2,14,112
1743186.0,0,0,2,12,114
1743195.0,0,0,2,12,114
1743221.0,0,0,2,12,114
1743221.0,0,0,2,10,116
1743235.0,0,0,2,10,116
1743235.0,0,0,12,0,116
1743266.0,0,0,12,32,84
1743266.0,0,0,12,0,116
1743283.0,0,0,12,2,114
1743286.0,0,0,12,4,112
1743315.0,0,0,12,4,112
1743315.0,0,0,12,3,113
1743330.0,0,0,12,4,112
1743411.0,0,0,12,4,112
1743411.0,0,0,12,3,113
1743426.0,0,0,12,4,112
1743453.0,0,0,12,36,80
1743453.0,0,0,12,4,112
1743583.0,0,0,12,36,80
1743583.0,0,0,12,4,112
1743671.0,0,0,12,36,80
1743671.0,0,0,12,4,112
1743878.0,0,0,12,4,112
1744183.0,0,0,12,4,112
1744186.0,0,0,12,4,112
1744333.0,2,0,10,4,112
1744353.0,2,0,10,4,112
1744441.0,2,0,10,4,112
1744483.0,2,0,10,4,112
1744496.0,2,0,10,4,112
1744571.0,2,0,10,4,112
1744571.0,2,0,14,0,112
1744786.0,2,0,14,8,104
1744786.0,0,2,14,8,104
1744812.0,0,2,14,40,72
1744812.0,0,2,14,8,104
1744842.0,0,2,14,40,72
1744842.0,0,2,14,24,88
1744879.0,0,2,14,32,80
1745035.0,10,2,4,32,80
1745397.0,10,2,4,32,80
1745397.0,0,12,4,32,80
1745686.0,0,12,4,32,80
1745712.0,0,12,4,32,80
1745742.0,0,12,4,32,80
1745742.0,0,12,4,31,81
1745760.0,0,12,4,35,77
1745766.0,0,12,4,36,76
1745779.0,0,12,4,36,76
1745779.0,0,12,7,33,76
1745935.0,0,12,7,33,76
1745985.0,0,12,7,41,68
1745985.0,0,12,7,33,76
1746371.0,4,12,3,33,76
1746558.0,4,12,3,33,76
1746660.0,4,12,3,33,76
1746728.0,4,12,3,41,68
1746775.0,4,12,3,41,68
1746885.0,4,12,3,41,68
1746885.0,4,12,8,36,68
1746966.0,4,12,8,36,68
1746968.0,4,12,8,36,68
1747035.0,4,12,8,36,68
1747486.0,4,10,8,38,68
1747486.0,4,10,8,30,76
1747579.0,7,10,5,30,76
1747628.0,7,10,5,30,76
1747628.0,7,10,13,22,76
1747715.0,7,10,13,22,76
1747895.0,7,10,13,22,76
1747947.0,7,10,13,22,76
1747997.0,7,10,13,30,68
1747997.0,7,10,13,22,76
1748042.0,7,10,13,30,68
1748097.0,7,0,13,40,68
1748097.0,7,0,13,8,100
1748128.0,7,0,13,40,68
1748128.0,7,0,13,0,108
1748164.0,7,0,13,32,76
1748164.0,7,0,13,0,108
1748165.0,7,0,13,0,108
1748208.0,7,0,13,32,76
1748208.0,7,0,13,24,84
1748303.0,7,0,13,32,76
1748303.0,7,0,13,0,108
1748525.0,7,0,13,32,76
1748525.0,7,0,13,0,108
1748598.0,7,0,13,8,100
1748654.0,7,0,13,16,92
1748685.0,12,0,8,16,92
1748707.0,12,0,8,32,76
1748942.0,12,0,8,32,76
1749108.0,12,0,8,32,76
1749428.0,20,0,0,32,76
1749498.0,20,0,0,32,76
1749498.0,20,0,8,24,76
1749554.0,20,0,8,24,76
1749554.0,20,0,16,16,76
1749607.0,20,0,16,16,76
1749607.0,20,0,32,0,76
1749875.0,20,0,32,0,76
1749903.0,20,0,32,0,76
1750547.0,20,0,32,0,76
1750616.0,20,0,32,0,76
1750673.0,20,0,32,32,44
1750673.0,11,9,32,0,76
1750883.0,11,9,32,0,76
1750896.0,11,9,32,4,72
1751298.0,19,9,24,4,72
1751354.0,27,9,16,4,72
1751407.0,43,9,0,4,72
1751407.0,11,41,0,4,72
1751501.0,11,41,0,4,72
1751557.0,11,41,0,4,72
1751557.0,7,45,0,4,72
1751796.0,7,45,0,4,72
1751796.0,7,45,4,0,72
1752175.0,7,45,4,0,72
1752404.0,7,45,4,8,64
1752404.0,6,46,4,8,64
1752438.0,6,46,4,8,64
1752823.0,6,46,4,8,64
1752823.0,5,47,4,8,64
1753304.0,5,47,4,8,64
1753304.0,5,47,12,0,64
1753373.0,5,38,12,9,64
1753373.0,5,38,12,0,73
1753378.0,5,38,12,1,72
1753596.0,9,38,8,1,72
1753745.0,9,38,8,33,40
1753745.0,9,38,8,1,72
1754107.0,9,6,8,33,72
1754107.0,9,6,8,1,104
1754138.0,9,6,8,33,72
1754138.0,9,6,8,1,104
1754162.0,9,6,8,33,72
1754162.0,9,6,8,1,104
1754257.0,9,2,8,5,104
1754257.0,9,2,8,1,108
1754278.0,9,2,8,1,108
1754645.0,9,2,8,1,108
1755038.0,9,2,8,1,108
1755062.0,9,2,8,1,108
1755062.0,9,2,9,0,108
1755104.0,17,1,1,1,108
1755104.0,17,1,1,0,109
1755118.0,17,1,1,1,108
1755523.0,17,0,1,2,108
1755523.0,17,0,1,1,109
1755540.0,17,0,1,2,108
1756018.0,17,0,1,2,108
1756018.0,17,0,2,1,108
1756440.0,17,0,2,1,108
1756440.0,17,0,3,0,108
1756862.0,18,0,2,0,108
1757818.0,19,0,1,0,108
1758240.0,20,0,0,0,108
1759737.0,20,0,0,0,108
1760036.0,20,0,0,0,108
1760400.0,20,0,0,0,108
1760528.0,20,0,0,32,76
1760528.0,20,0,0,0,108
1760590.0,20,0,0,32,76
1760764.0,20,0,0,32,76
1760764.0,20,0,0,0,108
1760827.0,20,0,0,32,76
1761126.0,20,0,0,32,76
1761126.0,20,0,0,0,108
1761185.0,20,0,0,32,76
1761488.0,20,0,0,32,76
1761488.0,20,0,0,0,108
1761490.0,20,0,0,0,108
1761549.0,20,0,0,32,76
1761727.0,20,0,0,32,76
1761855.0,20,0,0,32,76
1761855.0,20,0,0,0,108
1761921.0,20,0,0,32,76
1762085.0,20,0,0,32,76
1762214.0,20,0,0,32,76
1762214.0,20,0,0,0,108
1762272.0,20,0,0,32,76
1762371.0,20,0,0,64,44
1762371.0,20,0,0,0,108
1762449.0,20,0,0,0,108
1762489.0,20,0,0,0,108
1762572.0,20,0,0,0,108
1762635.0,20,0,0,0,108
1762734.0,20,0,0,4,104
1762734.0,15,5,0,4,104
1762821.0,15,5,0,4,104
1763172.0,15,5,0,4,104
1763200.0,15,5,0,12,96
1763634.0,15,5,0,12,96
1763634.0,15,5,4,8,96
1764100.0,15,5,4,8,96
1764100.0,15,5,12,0,96
1764211.0,15,5,12,32,64
1764211.0,15,5,12,0,96
1764268.0,15,5,12,32,64
1764268.0,15,5,12,0,96
1765434.0,19,0,8,5,96
1765434.0,19,0,8,0,101
1765447.0,19,0,8,1,100
1765900.0,27,0,0,1,100
1766347.0,27,0,0,1,100
1766347.0,27,0,1,0,100
1768147.0,28,0,0,0,100
1770683.0,28,0,0,0,100
1770977.0,28,0,0,0,100
1771039.0,28,0,0,0,100
1772371.0,28,0,0,32,68
1773271.0,28,0,0,32,68
1773271.0,28,0,32,0,68
1773304.0,28,0,32,64,4
1773477.0,28,0,32,68,0
1774204.0,28,0,32,68,0
1774204.0,28,0,96,4,0
1774377.0,28,0,96,4,0
1774377.0,28,0,100,0,0
1775071.0,60,0,68,0,0
1776004.0,124,0,4,0,0
1776177.0,128,0,0,0,0
1776177.0,0,128,0,0,0
1778076.0,0,128,0,0,0
1778106.0,0,128,0,0,0
1778877.0,0,0,0,128,0
1778877.0,0,0,0,0,128
1778981.0,0,0,0,128,0
1778981.0,0,0,0,52,76
1779881.0,0,0,0,52,76
1779881.0,0,0,52,0,76
1781681.0,52,0,0,0,76
1795649.0,52,0,0,0,76
1795649.0,20,32,0,0,76
1798349.0,20,0,0,32,76
1798349.0,20,0,0,0,108
1805005.0,20,0,0,0,108
1805005.0,18,2,0,0,108
1805065.0,18,2,0,0,108
1805065.0,16,4,0,0,108
1805754.0,16,4,0,0,108
1805754.0,15,5,0,0,108
1806441.0,15,5,0,0,108
1806823.0,15,5,0,0,108
1807705.0,15,3,0,2,108
1807705.0,15,3,0,0,110
1807725.0,15,3,0,2,108
1807765.0,15,1,0,4,108
1807765.0,15,1,0,2,110
1807793.0,15,1,0,4,108
1808452.0,15,1,0,36,76
1808452.0,15,1,0,3,109
1808454.0,15,0,0,4,109
1808454.0,15,0,0,3,110
1808471.0,15,0,0,4,109
1808478.0,15,0,0,5,108
1808625.0,15,0,0,5,108
1809352.0,15,0,0,5,108
1809352.0,15,0,3,2,108
1809371.0,15,0,3,2,108
1809371.0,15,0,4,1,108
1809378.0,15,0,4,1,108
1809378.0,15,0,5,0,108
1811152.0,18,0,2,0,108
1811171.0,19,0,1,0,108
1811178.0,20,0,0,0,108
1811647.0,20,0,0,8,100
1811675.0,20,0,0,40,68
1812547.0,20,0,0,40,68
1812547.0,20,0,8,32,68
1812575.0,20,0,8,32,68
1812575.0,20,0,40,0,68
1814347.0,28,0,32,0,68
1814375.0,60,0,0,0,68
1816523.0,60,0,0,0,68
1816523.0,59,1,0,0,68
1817234.0,59,1,0,0,68
1817234.0,27,33,0,0,68
1818532.0,27,33,0,32,36
1818705.0,27,33,0,32,36
1818705.0,27,33,0,28,40
1818819.0,27,33,0,32,36
1818829.0,27,33,0,32,36
1818829.0,27,33,0,24,44
1818987.0,27,33,0,32,36
1819037.0,27,33,0,32,36
1819037.0,27,33,0,28,40
1819095.0,27,33,0,32,36
1819223.0,27,32,0,33,36
1819223.0,27,32,0,32,37
1819236.0,27,32,0,33,36
1819432.0,27,32,0,33,36
1819432.0,27,32,16,17,36
1819719.0,27,32,16,17,36
1819719.0,27,32,20,13,36
1819887.0,27,32,20,13,36
1819887.0,27,32,28,5,36
1819934.0,27,0,28,37,36
1819934.0,27,0,28,5,68
1819995.0,27,0,28,5,68
1819995.0,27,0,32,1,68
1820136.0,27,0,32,1,68
1820136.0,27,0,33,0,68
1821232.0,43,0,17,0,68
1821519.0,47,0,13,0,68
1821687.0,55,0,5,0,68
1821795.0,59,0,1,0,68
1821936.0,60,0,0,0,68
1827306.0,60,0,0,0,68
1827306.0,59,1,0,0,68
1828033.0,59,1,0,0,68
1828033.0,27,33,0,0,68
1830005.0,27,33,0,32,36
1830006.0,27,32,0,33,36
1830006.0,27,32,0,32,37
1830020.0,27,32,0,33,36
1830733.0,27,0,0,65,36
1830733.0,27,0,0,33,68
1830905.0,27,0,0,33,68
1830905.0,27,0,32,1,68
1830920.0,27,0,32,1,68
1830920.0,27,0,33,0,68
1832705.0,59,0,1,0,68
1832720.0,60,0,0,0,68
1838104.0,60,0,0,0,68
1838104.0,59,1,0,0,68
1838834.0,59,1,0,0,68
1838834.0,27,33,0,0,68
1839223.0,27,33,0,0,68
1839223.0,26,34,0,0,68
1840146.0,26,34,0,0,68
1840162.0,26,34,0,0,68
1840332.0,26,34,0,0,68
1840802.0,26,34,0,32,36
1840802.0,26,34,0,0,68
1840804.0,26,33,0,1,68
1840804.0,26,33,0,0,69
1840817.0,26,33,0,1,68
1841019.0,26,33,0,33,36
1841534.0,26,1,0,65,36
1841534.0,26,1,0,33,68
1841562.0,26,1,0,37,64
1841624.0,26,1,0,69,32
1841624.0,26,1,0,4,97
1841641.0,26,1,0,5,96
1841717.0,26,1,0,5,96
1841784.0,26,1,0,69,32
1841923.0,26,0,0,70,32
1841923.0,26,0,0,69,33
1841937.0,26,0,0,70,32
1842524.0,26,0,0,70,32
1842524.0,26,0,4,66,32
1842541.0,26,0,4,66,32
1842541.0,26,0,5,65,32
1842684.0,26,0,5,65,32
1842684.0,26,0,69,1,32
1842837.0,26,0,69,1,32
1842837.0,26,0,70,0,32
1844324.0,30,0,66,0,32
1844341.0,31,0,65,0,32
1844484.0,95,0,1,0,32
1844637.0,96,0,0,0,32
1845553.0,96,0,0,0,32
1845553.0,95,1,0,0,32
1846128.0,95,1,0,0,32
1846128.0,31,65,0,0,32
1848251.0,31,65,0,32,0
1848253.0,31,64,0,33,0
1848253.0,31,64,0,32,1
1848266.0,31,64,0,33,0
1848828.0,31,0,0,97,0
1848828.0,31,0,0,33,64
1849151.0,31,0,0,33,64
1849151.0,31,0,32,1,64
1849166.0,31,0,32,1,64
1849166.0,31,0,33,0,64
1850951.0,63,0,1,0,64
1850966.0,64,0,0,0,64
1857058.0,64,0,0,0,64
1859751.0,64,0,0,64,0
1859751.0,0,64,0,64,0
1862451.0,0,0,0,128,0
1862451.0,0,0,0,0,128
1862537.0,0,0,0,128,0
1863437.0,0,0,0,128,0
1863437.0,0,0,128,0,0
1865237.0,128,0,0,0,0
